0.0;27.0;11.404856361684056;-0.5735293345849929;-0.174214408282824;1.0;1.0;0.1689479259408296;1.732314097827598e-06;10.846651209057992;46.14903180315709;26.650963475111883;1.1745953573196988;0.3335847165653857;293.21984382331215;20.163900683979183;72.86079388915587
0.0;27.0;11.426023524732797;-0.5735948675514893;-0.1734265864234844;1.0;1.0;0.1622907035565365;1.41098065964369e-06;10.888917410141849;46.44001879514227;26.70342569500032;1.22554461675198;0.3363932799598654;290.37308831158225;20.061491589342424;73.18648586676439
0.0;27.0;11.022735264677925;-0.5737259224710528;-0.1718506102301661;1.0;0.0;0.1497528856617684;9.360733977613426e-07;10.93970836969438;46.81401226648848;26.79342043139652;1.1911585067696175;0.3415961479103258;284.70496493202427;19.89879285533481;73.82462446676345
0.0;27.0;10.84263605117772;-0.5738405834775252;-0.1704712700368405;1.0;0.0;0.1395794754744118;6.536949655379453e-07;10.93543781780652;46.61602985166808;26.85445151315872;0.7707097864218174;0.3416752385255678;279.7777294053545;19.79754056028284;74.32702075888729
0.0;27.0;10.671742601834127;-0.5739060990030143;-0.1696829254524995;1.0;0.0;0.1340794872186129;5.32438635024191e-07;10.924856664831026;46.5043965048517;26.881827989347165;0.4130470628909471;0.3406905066249;276.9775074866481;19.75195730870698;74.55168181891621
0.0;27.0;10.381864811580128;-0.5740371190345527;-0.168105910997228;1.0;0.0;0.1237211354625912;3.5323066888270853e-07;10.85919163921009;46.284351227797096;26.92107292562;-0.270067184482758;0.3381131413214437;271.4140412473544;19.684736534945653;74.79206356569453
0.0;27.0;10.14482198472097;-0.5742663687270526;-0.1653451025976474;1.0;1.0;0.1074822183841496;1.722617590703395e-07;10.71486646409436;46.406355616363136;26.94730146731368;-0.4957446751517966;0.3351889836227332;261.810197393876;19.63109049755335;74.48376367695262
0.0;27.0;10.047308920150348;-0.5743973483383084;-0.1637669143948419;1.0;0.0;0.0991786467593171;1.1428197049705722e-07;10.6217420215359;46.68147436869906;26.944133828000457;0.2636643485807513;0.3385000993509686;256.40567913255705;19.63580674049972;74.11172997516564
0.0;27.0;10.274954203598094;-0.5748229305040962;-0.1586349282710927;1.0;0.0;0.9278296082421184;0.4401266987673613;10.456820323739732;45.97046426544565;26.892331396100985;0.2098752821174891;0.3316982380596911;260.9149616896976;19.697604746815845;73.61977761193708
0.0;27.0;10.194364132991804;-0.574872026138866;-0.1580424973676589;1.0;1.0;0.9002721410477194;0.3773536283556664;10.444748558153998;46.09078400949409;26.885355681328907;0.0474139781963892;0.3310334459772745;261.48260033725626;19.70170671340076;73.58921285045396
0.0;27.0;10.414378839099667;-0.5748883908905749;-0.1578450077458407;1.0;1.0;0.8912694196372422;0.3584859469378831;10.444147169380395;46.16390610405104;26.88307126164692;0.0137024148008838;0.3311071016635479;261.63549176432565;19.70299442896483;73.57780289668645
0.0;27.0;10.688925356108198;-0.5751011117343996;-0.1552770709830682;0.0;1.0;1.742703662887769;0.998532172827519;10.291126377673663;46.99852540450871;26.85658458642148;0.4168051139228282;0.3375600700931688;274.17117991735034;19.71807183055248;73.47528569292112
0.0;27.0;10.684838183906312;-0.5752156376253162;-0.1538938999210496;0.0;1.0;1.624313695848274;0.6973122576349867;8.946675548890783;46.79718090046455;26.84565131422687;0.9472447461304584;0.3381114599497971;283.983667216178;19.89512016489364;73.54692097697118
0.0;27.0;10.353349781109651;-0.5753137937013895;-0.152708084547775;0.0;1.0;1.5292591010413237;0.5125885858208894;7.934989432567725;46.62729908448188;26.83843449575782;1.3231250044426823;0.3366493940823494;289.467260404957;20.192352416527257;73.69142055757975
0.0;27.0;10.711570978514269;-0.5753955841030646;-0.1517197370187534;0.0;1.0;1.4543101888093175;0.396631276488287;7.179875376035379;46.487606517514;26.833949152955487;1.5003223696677372;0.3350554101900303;292.9578723425581;20.512444996468204;73.85841247124625
0.0;27.0;10.75352651438264;-0.5754282986526704;-0.1513243554702469;0.0;1.0;1.425369416052012;0.357959727030679;6.898348442894776;46.43220189618256;26.832533132181588;1.5307824324688717;0.3343823065944291;294.162782946784;20.65445565024972;73.93317209908345
0.0;27.0;10.35171239349342;-0.575493724989774;-0.1505335198008092;0.0;1.0;1.369204173835593;0.291560434914782;6.36797821924329;46.32219528006315;26.830320856343487;1.5251132729056809;0.3330102491685844;296.3099541080101;20.95701269626229;74.08889498363347
0.0;27.0;11.160677123525009;-0.5756736284242625;-0.1483582264719015;0.0;0.0;1.225900874725708;0.1658396022836928;5.110422215504236;45.92524131201425;26.828072583907066;1.185866194229958;0.329191024996584;300.76823029609403;21.8703119230571;74.47075186375766
0.0;27.0;10.695989546137731;-0.5758044497857349;-0.146775743349906;0.0;0.0;1.131193528047693;0.1100213804718541;4.3548145161430725;44.92379075476531;26.829329887778;0.5516428051982144;0.3264246252097381;302.9209945282766;22.56483684300104;74.57094714139365
0.0;27.0;10.844919916786;-0.5758208014195324;-0.1465779064568672;0.0;0.0;1.119881592767216;0.1045203114482613;4.2685834052502125;44.79997596641744;26.829622391609725;0.4539410919952826;0.3260802662818398;303.1332549691316;22.651685417617774;74.56317450062167
0.0;27.0;10.699089861857573;-0.5758862056514085;-0.145786500332913;0.0;0.0;1.0757537896846323;0.0851324469265554;3.940399091069451;44.30772159706135;26.831040425661545;0.0666339607239368;0.3247062912242269;303.86400009508674;22.997236899733227;74.47460908229512
0.0;27.0;11.214524245748104;-0.5759516061976012;-0.144995000905716;0.0;0.0;1.0333647981134373;0.0693409100994727;3.6374467815204623;43.820239854136105;26.83279837163376;-0.273129135703465;0.3233379558243519;304.41321007387893;23.33811881268149;74.28586881062851
0.0;27.0;11.749676946120976;-0.5760660482835378;-0.143609653920452;0.0;0.0;0.9631635200684376;0.0484233436675455;3.162244253243886;42.978491821743326;26.836475854292186;-0.6362844674441649;0.3209570946954291;304.96594455551104;23.91779530674904;73.70593723908911
0.0;27.0;11.560350631781173;-0.5762295173909232;-0.1416300991988224;0.0;0.0;0.8710678228522778;0.0289928445751943;2.589026513789201;41.80061858047149;26.842457175030944;-0.5639540528578277;0.3175861634028015;304.9331487025664;24.696345740037923;72.40844080238689
0.0;27.0;11.32995677415768;-0.5763275877921779;-0.1404420939293968;0.0;0.0;0.8200930639973661;0.0213124049333764;2.296260451082575;41.10754227284247;26.84614648107384;-0.2937627942904813;0.3155806131321792;304.4938035627424;25.13055934690905;71.46521620537582
0.0;27.0;11.321645093147422;-0.5763929634491397;-0.1396499779570973;0.0;0.0;0.7877781251045446;0.0173590870207659;2.119715503096088;40.65108609023076;26.848558883092903;-0.0880264463442009;0.3142506198286808;304.04100554584323;25.405297471638768;70.8101617234799
0.0;27.0;11.22519660440968;-0.5764093067869978;-0.1394519349791649;0.0;0.0;0.7799003438534992;0.0164911326697276;2.077742309338694;40.53766514812413;26.84915124715093;-0.038216783077863;0.3139189981875571;303.9087873579457;25.47210191086727;70.6457920786829
0.0;27.0;11.276277075320085;-0.5764256498943037;-0.1392538864232677;0.0;0.0;0.7721013404149641;0.0156665760362412;2.0366002403203;40.42452009752137;26.84973841510758;0.0100141274068501;0.3135877264870937;303.7691661815164;25.538149385742603;70.4816881835049
0.0;27.0;11.134812994358988;-0.5766054088555354;-0.1370749864205631;0.0;1.0;0.6912918662379489;0.0089111498950701;1.6344098192475982;39.99018861542631;26.855755242662745;0.6202407373233394;0.3099667289579997;301.7726530047637;26.21456158927877;68.77367332963983
0.0;27.0;10.95349409781718;-0.5767361251172103;-0.1354899145630159;0.0;1.0;1.5699512497792327;0.7042491350004191;1.3927520475598725;39.89548330372725;26.85950612019014;1.1651703951662642;0.3073595656164261;312.5067922332912;26.64949866490652;67.8112062902462
0.0;27.0;10.991256620231102;-0.576752463611869;-0.1352917561094734;0.0;1.0;1.5542517372814404;0.6690366782503981;1.36517369145584;39.88377271266678;26.859934281842467;1.2209615028815035;0.3070352158867238;313.4229911528361;26.700579049100465;67.71486641451872
0.0;27.0;11.010962562236168;-0.5767688018758268;-0.1350935922442607;0.0;1.0;1.538709219908626;0.6355848443378782;1.3381414232604003;39.87209024128386;26.86035329965853;1.2724008189013003;0.3067112084359325;314.27818739765246;26.750942962734147;67.62422449240766
0.0;27.0;11.178377671342146;-0.5768178152834057;-0.1344990682576426;0.0;1.0;1.4930080173681202;0.5449345559141884;1.2602140798637662;39.83721086108129;26.861555683984143;1.3975712201075894;0.3057412361472131;316.5377399877512;26.89778345408844;67.38669339008027
0.0;27.0;11.604550561801002;-0.5769485075511702;-0.1329134348232717;0.0;1.0;1.3776652267647809;0.3615207181089045;1.0738834603185026;39.745419483915896;26.864371678811835;1.4973825746380962;0.30316961386005;320.9980157162028;27.25909886437569;66.99469213229244
0.0;27.0;12.890989458185434;-0.5773731553995559;-0.1277577972836852;0.0;0.0;2.0311606650843244;0.9526429737873816;0.6384453657201244;38.96203046621398;26.870360776285604;0.646632911520868;0.2949602850415447;335.6204606499777;28.162053034497475;67.0965707629786
0.0;27.0;12.71257061640222;-0.5774384719836858;-0.126964312168315;0.0;0.0;1.9511248305489484;0.7759336561684086;0.5893592711444953;38.52630030318446;26.870992259050883;0.3973242193878078;0.2937171943024804;341.8754941602251;28.268968868752456;67.11906727735577
0.0;27.0;12.759272049199604;-0.5774711288899246;-0.1265675391075679;0.0;0.0;1.9122974464210245;0.7002801246919887;0.5662501214667426;38.31002174165232;26.87129133516938;0.2619297170330394;0.2930976149116655;344.40818338788785;28.319633970548587;67.11229720159189
0.0;27.0;12.733882135793618;-0.5775037848722095;-0.1261707457959021;0.0;0.0;1.874242727237246;0.6320028125345198;0.5440470944133763;38.09479400048816;26.87158120590212;0.1269092957792282;0.2924793424876505;346.6525604957358;28.368502892377936;67.09066401950382
0.0;27.0;12.54681747817484;-0.5775201125168589;-0.1259723415658;0.0;0.0;1.855500299964873;0.6004026719077938;0.533274218815727;37.98757258862407;26.871723117860945;0.0611689936765204;0.2921706955264123;347.68453829179964;28.39227896845431;67.07372928703117
0.0;27.0;12.4474420553947;-0.5775690940647207;-0.1253770986741033;0.0;0.0;1.800390085555617;0.5147702408269448;0.5022186831101886;37.66747055043022;26.872138733202668;-0.1220387960650042;0.2912467075179528;350.4836908733258;28.461045535438373;66.99642417646756
0.0;27.0;12.551295904119607;-0.577585420785287;-0.1251786743361586;0.0;0.0;1.7823861847000608;0.4890317287855975;0.4922740655077914;37.5612884910145;26.87227442449629;-0.1767709523864848;0.290939361329051;351.33157891693963;28.48313354783871;66.96140701159023
0.0;27.0;12.835002760294156;-0.5776180735333222;-0.1247818106466525;0.0;0.0;1.7469166996245296;0.4413511352290017;0.4729716809567815;37.34969851587987;26.87254244280492;-0.2742568436053476;0.2903256416158266;352.9188796168272;28.52609330502601;66.8770231268396
0.0;27.0;13.184946899891612;-0.577879262242426;-0.1216061877220132;0.0;0.0;1.4874257993507187;0.1942504048540155;0.3434476371415008;35.69356974845001;26.874641894364096;-0.3704617893742812;0.2854622610604249;361.9162541735208;28.816465568636826;65.55795641530797
0.0;27.0;12.964302166393114;-0.5779119066708803;-0.1212091466330182;0.0;0.0;1.4578260259436393;0.175310990380749;0.329980821281122;35.49105376248898;26.87491139015996;-0.3120840805619759;0.284860094972639;362.6856272483279;28.84673242352388;65.32982744771736
0.0;27.0;13.338493600061105;-0.5779608715798156;-0.1206135486565787;1.0;1.0;1.4145271351470872;0.1503072603776946;0.5748840823772304;35.38887946515596;26.875322819783644;-0.2065527176317941;0.2840603168855027;363.7168330015775;28.882865352005894;64.97235377483308
0.0;27.0;13.643473152648976;-0.5781240729149408;-0.1186279096780792;1.0;1.0;1.2792729856405824;0.0899945090238469;2.968414259000862;36.36922015746015;26.876772654953967;0.5941019463430699;0.28794665167174;366.1747621065905;28.616604507627457;63.83527934409582
0.0;27.0;13.721961312130569;-0.5781730288064134;-0.1180321250933771;1.0;1.0;1.2412772986940714;0.0771590421743207;3.5939370054793893;36.658682096995776;26.877234609847672;0.8844113131631444;0.2899502590118304;366.6409048700449;28.442247203495345;63.57350770248146
0.0;27.0;14.129128209633256;-0.5783362000778258;-0.1160458707989225;0.0;1.0;1.1225889390542676;0.0461979687460178;3.6479318664576;36.914315395510855;26.87887110820056;1.584669146504178;0.2936987634762265;367.3810130969677;27.840774646461607;63.14488448132755
0.0;27.0;14.0096011580207;-0.578368831556301;-0.1156485639837588;0.0;1.0;1.1002494191670875;0.041693666793281;3.5048943947997167;36.90534940878285;26.87921607828452;1.6457046968458438;0.293479150961602;367.38846858782335;27.758370942259248;63.14018072765066
0.0;27.0;13.68754952317416;-0.5784177770388853;-0.1150525690863671;0.0;1.0;1.0675709111684062;0.0357471075668893;3.300785207435924;36.89197911945837;26.879744121838737;1.68236055883927;0.2929134573165912;367.3174540572893;27.656006740456508;63.1763547616479
0.0;27.0;13.980422180648956;-0.5784340917370289;-0.1148538949058064;0.0;1.0;1.0568952020567222;0.0339597521885449;3.235425271329747;36.88754323844449;26.8799228840334;1.6805314786447607;0.2926835468944936;367.27243606175983;27.62708364084164;63.19879297076128
0.0;27.0;13.921438649627811;-0.5784667204391771;-0.1144565327700519;0.0;1.0;1.0358629875357934;0.0306486763501617;3.108562411586889;36.87870264713797;26.880284399502337;1.6574331516505565;0.2921831866338511;367.1512194237056;27.57639376995929;63.25733537230298
0.0;27.0;14.163694104855496;-0.5785319750667811;-0.1136617536229886;0.0;1.0;0.9950458527335628;0.0249635384414339;2.8695647333188705;36.86114544043868;26.88102270378816;1.544579705432361;0.2910809086555936;366.7878672969777;27.50093318055372;63.41950031889053
0.0;27.0;14.48483344500712;-0.5785646009921325;-0.1132643367388446;0.0;1.0;0.9752444402641648;0.0225295934433941;2.757047467668292;36.852428423272585;26.88139906257581;1.4624733265872891;0.2905011156880974;366.5478504658596;27.474744250109502;63.517482661484905
0.0;27.0;14.733957578925496;-0.5786298500656845;-0.1124694486672652;0.0;1.0;0.93681591809244;0.0183504946696035;2.545075537386228;36.83511656419527;26.882165025401147;1.2685008728235578;0.2893145950081167;365.9562567774896;27.442279566890008;63.733285102915744
0.0;27.0;14.22087364780032;-0.5787114061998867;-0.1114757374149701;0.0;1.0;0.890902616693844;0.0141992629690345;2.302879514327341;36.81370378112579;26.88314474126925;1.015101312947627;0.2878103291522899;365.01772330888485;27.43333223928932;64.01386921243433
0.0;27.0;14.20324731167775;-0.5787603371026547;-0.1108794570916639;0.0;1.0;0.86444191807542;0.012174093088076;2.1687702105067066;36.80097602413044;26.883742898481245;0.8804582685885269;0.2869050325275721;364.3541213830825;27.44191111765209;64.17493270887216
0.0;27.0;14.610913111569612;-0.5788745011061565;-0.1094879814770181;0.0;1.0;0.8057163571163521;0.0085016232495206;1.8854381447334807;36.77162343369751;26.885163045511646;0.6751125548980255;0.284796761684292;362.5322825969198;27.49362864738313;64.49646952804869
0.0;27.0;14.699233049945532;-0.5788908093233602;-0.1092891816646001;0.0;1.0;0.7976591935451887;0.0080765420870445;1.8481039524757743;36.767469341644365;26.88536825076382;0.6607421925693103;0.2844964762021426;362.2423454695114;27.50399094866088;64.53455003277773
0.0;27.0;14.824440313947331;-0.5789234250631154;-0.1088915689331274;0.0;1.0;0.7817857755936395;0.0072890792335577;1.7756387286378266;36.75919027105697;26.88578009816468;0.64361071550655;0.28389672245019;361.6412517448177;27.526554609568063;64.60429330259326
0.0;27.0;15.089064671952356;-0.5790049603598906;-0.1078974610195764;0.0;1.0;0.7434704937429055;0.005640150562854;1.6066642838324916;36.738661323614906;26.886816734116653;0.6638209989419723;0.2824024032046976;360.0193785281601;27.59210764170954;64.74154718891127
0.0;27.0;14.69336606736814;-0.5790701844285304;-0.1071020969548041;0.0;1.0;0.714174789842165;0.0045939378843856;1.4831379973743892;36.72241017136973;26.887651436623614;0.7325582368287061;0.2812123841046525;358.60568922920515;27.651957417138583;64.81607566595362
0.0;27.0;14.932875242846976;-0.5791191000479238;-0.1065055288955637;0.0;1.0;0.6929630844090628;0.0039387274936251;1.3967667127885182;36.710321169561645;26.888279536570483;0.8040593298790653;0.2803231047827413;357.48153402697045;27.70005734161624;64.85452054699286
0.0;27.0;14.77026517283751;-0.5791354047911094;-0.1063066643448065;0.0;1.0;0.6860334535649723;0.0037417911189439;1.369108861005474;36.70631030571766;26.88848917297855;0.8301508609857141;0.2800272976019457;357.09512293084333;27.716579199900785;64.86449872432337
0.0;27.0;15.082690521714058;-0.579184317630692;-0.1057100452105285;0.0;1.0;0.6656575739606391;0.0032081181606045;1.2893781148390342;36.69433380441995;26.88911858932968;0.911128643288495;0.2791417363078402;355.90202487778674;27.767321185387665;64.88726521405499
0.0;27.0;15.083462106469543;-0.5792006214472218;-0.1055111636984342;0.0;1.0;0.6590009982210326;0.0030477122525743;1.2638466992676802;36.69036025823595;26.88932849654921;0.938094231915244;0.2788471693036137;355.49331982968323;27.78456397284104;64.89277934760922
0.0;27.0;14.803537787944071;-0.5792169250320713;-0.1053122779657804;0.0;1.0;0.6524109882388223;0.0028953266399455;1.2388208394787326;36.68639598473328;26.88953842278729;0.9646088258511905;0.2785529122043369;355.0792508827043;27.80194143085898;64.89740774482323
0.0;27.0;14.69441586201184;-0.579705924813738;-0.0993437829453726;0.0;0.0;0.4825886516028738;0.0006214493312089;0.6798788356539864;35.77942323159751;26.89578015282835;0.7740123481978685;0.2698680257589157;340.5388989633566;28.32413906493193;64.8354885445115
0.0;27.0;14.199265134727334;-0.5797548133166363;-0.0987467331968495;0.0;0.0;0.4682552860616168;0.0005328151203452;0.6402857126810532;35.47525609615951;26.896394107518663;0.530020818188192;0.2690145698221968;338.89795618538625;28.37179687197971;64.77763915397287
0.0;27.0;14.238680706226871;-0.5797711090204661;-0.09854770870358;0.0;0.0;0.4635727332010007;0.000506174364328;0.6276071849875421;35.374359814723235;26.896598282518497;0.4436779699968017;0.2687306847187241;338.3448350501608;28.3873829241345;64.75176885323185
0.0;27.0;14.453345215756976;-0.5798036997324056;-0.0981496478993903;0.0;0.0;0.4543476358103007;0.000456822363806;0.6029983133430532;35.17330279990885;26.897005924607672;0.2690048821318891;0.2681638129266284;337.2297189742432;28.41808944375222;64.6887704350772
0.0;27.0;14.636362768365489;-0.5798362895166709;-0.0977515713913703;0.0;0.0;0.4453061178576757;0.0004122821833349;0.5793543692284427;34.97322253806298;26.897412634856533;0.0974546431323545;0.267598136915838;336.1031365928516;28.4481603344445;64.60949287681082
0.0;27.0;15.33786248771907;-0.5800155167453556;-0.0955618727350779;0.0;1.0;0.3986996021734177;0.0002345061439248;0.4649425590065235;34.58408813610554;26.899633913466705;-0.3394906040988701;0.26450818101294;329.7206971243744;28.601637118390062;63.86752855485403
0.0;27.0;15.02763216700565;-0.5800643920268604;-0.0949646014744839;0.0;1.0;0.3868578252892651;0.0002010597051475;0.4378663493696247;34.58751766362392;26.90023555661036;-0.2001056932376805;0.2636716755350225;327.9309032985145;28.63989654152389;63.60003111863927
0.0;27.0;15.140201538670812;-0.580080683323327;-0.0947655034465749;0.0;0.0;0.3829892470363724;0.0001910067198902;0.4291959933916565;34.488776231360994;26.900435753369315;-0.1382811953609877;0.2633934286656731;327.3300998356623;28.652303468769286;63.508371352797965
0.0;27.0;15.323191768161266;-0.5801295558204953;-0.0941681866508706;0.0;0.0;0.371614083410145;0.0001637643864658;0.4042015018590842;34.19399039242882;26.901035361110683;0.0385988254155121;0.2625604485849314;325.51570156395985;28.68848714393813;63.22904938559015
0.0;27.0;15.591496294482631;-0.5803413125058903;-0.0915794248908301;0.0;0.0;0.3260991706348943;8.406715131537612e-05;0.3116599661892874;32.94117695511837;26.90361971756625;0.4341241234407181;0.2589812022010269;317.4704904193724;28.8275981867158;62.01523004156182
0.0;27.0;15.647273512408187;-0.5803901738625267;-0.0909819297773468;0.0;0.0;0.3164136991678673;7.207707385902059e-05;0.2935102422498571;32.65765421924897;26.90421368658869;0.4190753504272929;0.2581621757589075;315.5777878594518;28.85574123882845;61.742514606675726
0.0;27.0;15.492799587295911;-0.5805855983933016;-0.0885916239394085;1.0;0.0;0.280464316146136;3.894757394892672e-05;2.8305244908062464;32.43424131797812;26.90658459567525;0.107467153304501;0.2549118898663391;307.90216833306346;28.621059310035346;60.68594186736256
0.0;27.0;16.216480495752563;-0.5807647081691506;-0.0864000616452631;1.0;1.0;0.2511104312001461;2.2153383656093768e-05;5.449363462681714;32.802339407697005;26.908755395841943;-0.1370676493412709;0.2527686289918944;300.7544146777255;27.7116500023255;59.86577381370206
0.0;27.0;16.504774959079988;-0.5807809894823462;-0.0862008078140744;1.0;1.0;0.2485993268881446;2.104571447328908e-05;5.668275191823123;32.90768574049684;26.908952780814875;-0.1193468346964004;0.2530410205185148;300.10075076058047;27.60657425155599;59.8035358815483
1.0;27.0;16.428442650338962;-0.5807972705632178;-0.0860015505348534;1.0;1.0;1.2461133336192631;1.0000199934287497;5.881340699609488;33.0127750373687;26.909150183685007;-0.0913574445593646;0.2534087193405352;301.44662182340346;27.498722265939723;59.74445984959167
0.0;27.0;16.627919497160885;-0.5808298320280094;-0.0856030256640826;1.0;1.0;1.22131567828024;0.9025180440694468;6.300876432193869;33.222185026440314;26.909545051839057;-0.0073474604002124;0.2543621147235164;303.6819121638967;27.27529363589865;59.63709391577872
0.0;27.0;16.82068480782481;-0.5808786724826968;-0.0850052126968892;1.0;1.0;1.1850413813196383;0.7737964080340419;6.910472528303997;33.53438784507433;26.910137539878736;0.1767811498790904;0.2561569860788445;306.1658883011916;26.923066413637635;59.50776646888034
0.0;27.0;17.170803421746857;-0.5809275108462209;-0.0844073691279334;1.0;0.0;1.149844467253064;0.6634336953381867;7.498820980169863;33.54540558224845;26.910730292632763;0.366451744813551;0.2574045290931441;307.9190601833532;26.55320625725004;59.42177390221389
0.0;27.0;17.05503082999487;-0.580960068593389;-0.0840087898538327;1.0;0.0;1.126962562354728;0.5987489100427136;7.879988029254278;33.55270405089605;26.9111256278644;0.4643124673891815;0.2576769709490946;308.8004703073927;26.297769296239085;59.38876772099141
0.0;27.0;16.248223942225383;-0.5811391195859645;-0.081816365291212;1.0;0.0;1.009012693193612;0.3405684352827252;9.61935243123493;33.592186586099764;26.91330274104421;0.5515755252567635;0.2561333976346076;311.2941886289975;24.82397943258067;59.51076648424416
0.0;27.0;16.504576831637873;-0.5811716712902167;-0.0814176997880032;1.0;0.0;0.9889333405990592;0.3073630128426595;9.886658172554911;33.59924685576755;26.9136991230214;0.4961130582701678;0.2556499857531757;311.4768874535334;24.551759862030707;59.57533938490091
0.0;27.0;16.60779723729821;-0.5811879467936374;-0.0812183621474068;1.0;0.0;0.9790440071930686;0.2919948622005265;10.019745712647644;33.60276348710113;26.91389737872761;0.4626188175404876;0.2554010216692223;311.5463965721809;24.415671835518005;59.6108145157398
0.0;27.0;16.418869866123664;-0.5812530464825376;-0.0804209791771869;1.0;0.0;0.940465766924073;0.2378316402302176;10.520736569647235;33.61674049990154;26.91469083245504;0.3013549407086413;0.2543757712535223;311.69502040313364;23.87296585625151;59.76786812083485
0.0;27.0;16.526060427384987;-0.5813181424514068;-0.079623544737543;1.0;0.0;0.9034076632488546;0.1937153574152637;10.986254617382173;33.63057533641878;26.91548496673357;0.119968405873485;0.2533262544809764;311.66059868695453;23.336094534136123;59.93712601063544
0.0;27.0;15.731762254402812;-0.5814483232274202;-0.0780285234915615;1.0;1.0;0.8336146281684057;0.1285147259637491;11.769292337804774;34.154787972131224;26.91707517583521;-0.076448139450123;0.2531815478792476;311.1256675460023;22.29348466109177;60.265398243077165
0.0;27.0;15.44866447511295;-0.5815296786538178;-0.0770315335165377;1.0;1.0;0.792759216839242;0.0994422451387853;12.124214021622624;34.662477474032514;26.918070260226845;0.1091540251209297;0.2559332124235942;310.51374841650795;21.684338476570083;60.472553639604506
0.0;27.0;15.56124926338235;-0.5816598352399004;-0.0754361897456092;1.0;1.0;0.7315143612972436;0.0659720171583256;12.630827567705444;35.46199099042229;26.9196640446522;0.7026789808441193;0.2616597705397269;309.1423382001542;20.79080135000476;60.88120181449607
0.0;27.0;15.39190317898312;-0.5818387762316928;-0.0732422775710856;1.0;1.0;0.6549527912090539;0.0375248894473198;13.197955805074692;36.53611577830517;26.921858098233788;1.4363665205453071;0.270070957374832;306.55834339570407;19.717287701562224;61.74675661529083
0.0;27.0;15.093618146990128;-0.5820339524685695;-0.0708485149051117;1.0;1.0;0.5805402458159583;0.0202769525512845;13.671794411189468;37.67542928436963;26.9242538439469;1.49897946129448;0.2792485761688125;302.946681510868;18.74228168569052;63.12139752698752
0.0;27.0;15.540140489170309;-0.5821640513354397;-0.0692524455613685;1.0;1.0;0.535690431728556;0.013452144606801;13.92056791452874;38.416623420715645;26.92585169175621;1.2025596047563678;0.2853099753127432;300.14497485469747;18.196240680162653;64.16526179269033
0.0;27.0;15.298088377932396;-0.5822778756186155;-0.067855739315878;1.0;1.0;0.4992984886195222;0.0093941342913755;14.111237543990004;39.053388984010176;26.92724998207775;0.9165478331144008;0.2905724994982717;297.46849210934414;17.778449318486043;65.06503049409355
0.0;27.0;15.326847565471777;-0.5823429129422392;-0.0670575615727555;1.0;1.0;0.4796241359669435;0.0076515810936647;14.201879547501134;39.41239465459181;26.928049016650565;0.7948127646495493;0.2935623059416508;295.8538439982521;17.563748105251648;65.55152474178712
0.0;27.0;15.395862919155402;-0.5823754302064539;-0.0666584565753954;1.0;1.0;0.4700796156612013;0.0069055519370323;14.247174632512529;39.590585886036415;26.928448528203287;0.7514866133328785;0.2950524875957052;295.024867357676;17.46249389674543;65.78485002635371
0.0;27.0;15.518941277041684;-0.5823916884891335;-0.0664589000731602;1.0;1.0;0.4653788195045893;0.0065602743401807;14.27235737861706;39.67935546275389;26.92864828157022;0.734619519910203;0.2957964002521899;294.60517185744334;17.413210196525398;65.89888197672539
0.0;27.0;15.077942572884298;-0.5825217463636416;-0.0648623530255619;1.0;1.0;0.4294258365969884;0.0043522200321373;14.46060399754514;40.38175672382199;26.930246222167128;0.7136744356174708;0.3017195222784635;291.13008293512024;17.046318353512074;66.74855724914912
0.0;27.0;15.526383186615083;-0.5825705142221074;-0.0642636048539306;1.0;1.0;0.4166714598242213;0.0037314846500537;14.513242403547524;40.64163715624455;26.93084539966787;0.7509436057630493;0.3039278288586702;289.77663871949574;16.92343670405645;67.04112996833672
0.0;27.0;15.985030797771708;-0.5826192799833309;-0.0636648335475157;1.0;1.0;0.4042959007959821;0.0031992816518398;14.58087310429081;40.89961931883848;26.931444545260977;0.80496284142869;0.3061291521854853;288.3979491201746;16.80711691267567;67.3223057930491
0.0;27.0;15.556489197947355;-0.5827168052133024;-0.0624672223921201;1.0;1.0;0.3806365650836131;0.0023517659980927;14.720260511935562;41.4099440906661;26.93264273600141;0.9373474628497404;0.3105109365281937;285.5701370488964;16.58905137717414;67.85953335068474
0.0;27.0;15.27089774148708;-0.582863077324473;-0.0606706375365637;1.0;1.0;0.3477180672268101;0.0014821991321083;14.82458004475276;42.16153694243735;26.93443977535875;1.1072211153153035;0.317031785301209;281.1710718865553;16.309740201271403;68.63363431929542
0.0;27.0;15.376354693608246;-0.5829930811251249;-0.0590735080154835;1.0;1.0;0.3208550016902698;0.0009833211874796;14.88277164998782;42.81588145392894;26.93603692789;1.1586234883029534;0.3227763040900386;277.1246668537236;16.11068307890535;69.31505350040402
0.0;27.0;14.761234063871104;-0.5830905741815035;-0.0578755614075032;1.0;0.0;0.3020786149274134;0.000722831430796;14.89647147498868;42.70268029689012;26.937234692225697;0.9701076523996082;0.3243706145332225;274.0184993574189;15.986251235914056;69.81326497897653
0.0;27.0;14.868009489859908;-0.5831230700011424;-0.0574762272661415;1.0;0.0;0.2960672504903578;0.0006523553662934;14.893103669727594;42.6653099819754;26.9376339332436;0.8398998528803189;0.3241927648568534;272.97108243415124;15.949439899287366;69.96731058326206
0.0;27.0;14.80730219099294;-0.5831393175610972;-0.0572765567429504;1.0;0.0;0.2931065779854543;0.0006197375979787;14.891404608414485;42.64669246555581;26.937833551764488;0.7660142779818455;0.3240360109960115;272.44527576507227;15.931770140207345;70.04072416126806
0.0;27.0;15.105607144062322;-0.5833342700846902;-0.0548803340455556;1.0;0.0;0.2598052365267906;0.0003348814627716;14.84088036366459;42.42675705688779;26.94022892242455;-0.220314942042351;0.3206959936155523;266.03927970692064;15.75856773169999;70.63676275476664
0.0;27.0;15.328203163679731;-0.583350514611802;-0.0546806343614466;1.0;0.0;0.2572071841615227;0.000318137389633;14.850530133652052;42.40871539487196;26.94042853628857;-0.2863241350609883;0.3203705027006951;265.4983690519936;15.746169405745285;70.65745335046073
0.0;27.0;15.12836562480534;-0.5834154903868053;-0.0538818138328655;1.0;0.0;1.217371194848894;0.8576341248922148;14.8745573494973;42.3369831359534;26.9412269981968;-0.4929698127790802;0.3190520754485365;270.45738115274105;15.697352342322498;70.69199496454786
0.0;27.0;15.462615278288991;-0.5834967048547769;-0.0528832397384797;1.0;0.0;1.1577078933361722;0.66362093719109;14.918321245443671;42.24828728078865;26.942225098517497;-0.606806674441316;0.3173881929080248;274.31700122541145;15.63729505856782;70.63228355375793
0.0;27.0;15.570665781755554;-0.5835779134877815;-0.0518846127608585;1.0;0.0;1.10096868725339;0.5134972309243503;14.97692503375231;42.16065642480487;26.943223236274072;-0.5653528842342933;0.3157228037125688;276.7465228969139;15.576006038793665;70.47624931029254
0.0;27.0;15.41334580786536;-0.5836103953070084;-0.0514851473861721;1.0;0.0;1.0790594103770477;0.4634312509092261;14.996745066875864;42.12589938546593;26.94362250440957;-0.5128290837364214;0.31505788808318;277.469552608824;15.551124630919128;70.39296836878447
0.0;27.0;15.44031280924036;-0.583659116285007;-0.0508859338986288;1.0;1.0;1.0470102668294388;0.3973343687482978;15.026943725916908;42.17395588982925;26.944221422572696;-0.4010269718185131;0.3141635879309968;278.36360048682604;15.513709603253034;70.25210637874994
0.0;27.0;15.50057499232243;-0.5836753561440803;-0.0506861919878446;1.0;1.0;1.0365401641611445;0.3774676503108829;15.036322384328312;42.25640018409194;26.9444210665019;-0.3453487705210829;0.314110085886409;278.6188321299882;15.501323385534729;70.202378381509
0.0;27.0;15.5168274919994;-0.5837240743204761;-0.0500869541229921;1.0;1.0;1.0057538847453942;0.3236313266852932;15.063819038628957;42.50252756098918;26.94502001281596;-0.1167423042879749;0.3147113535331703;279.27657182889465;15.4649874638555;70.05204667522476
0.0;27.0;15.515262751953982;-0.583805266611253;-0.049088184385172;1.0;1.0;0.9564619370411412;0.2504197513669149;15.112179486135227;42.90875077477277;26.946018308408235;0.3995770462048885;0.3171371665827688;280.07150910860656;15.407567626021804;69.82822813823768
0.0;27.0;15.262553243547895;-0.5838377418929521;-0.048688662689398;1.0;1.0;0.9374283444940223;0.2260038256086407;15.120907265774944;43.06985518937218;26.946417645848456;0.6252619890439816;0.3183544778474917;280.3000531137672;15.386506162348052;69.75901990408244
0.0;27.0;15.165521285360784;-0.5840325739643802;-0.0462913711583714;1.0;1.0;0.8309223028773977;0.1221234470179764;15.151860725192172;44.020117605551;26.948813917608387;1.667064186208728;0.3265364809881462;280.79940401396635;15.288635839605806;69.75806804974485
0.0;27.0;14.86066225819848;-0.5841462104715057;-0.0448928270778781;1.0;1.0;0.774473885315099;0.085283357780182;15.112083198878915;44.56170154302954;26.95021194530656;1.7777751997831628;0.3314669784405689;280.5002452284248;15.258886976678411;70.12956578998617
0.0;27.0;15.085805270137218;-0.584162443323661;-0.0446930278195274;1.0;1.0;0.766729146461948;0.0810191898911729;15.11156283252354;44.63831699665767;26.950411675795525;1.7620460731328211;0.3321708021970607;280.4260054580056;15.2562649027958;70.20261531347695
0.0;27.0;14.504578843924827;-0.5842922977283715;-0.0430945700666701;1.0;1.0;0.7074952519610102;0.0537497859002923;15.069075002432175;45.24454515094112;26.952009627916063;1.4353964673760409;0.3377821162121184;279.57029100323734;15.247581544351762;70.91755209312612
0.0;27.0;14.351223480702908;-0.5843734491357326;-0.0420954776883162;1.0;1.0;0.6728209449664141;0.0415905597243525;14.999064817314558;45.61746157649061;26.95300844297437;1.141970988169007;0.3412679658908434;278.8143356380742;15.25731841725533;71.436795011283
0.0;27.0;14.254367983673816;-0.5843896787159757;-0.041895654129285;1.0;1.0;0.66609273551675;0.0395110317381348;14.98431867379195;45.691499467286114;26.95320821444528;1.0837384911366843;0.3419630176310496;278.644047048203;15.260817016616608;71.54325739742136
0.0;27.0;14.277326430348086;-0.5844059080624745;-0.041695828894314;1.0;1.0;0.6594318081615824;0.0375354801512281;14.970319133963992;45.76535659251303;26.9534079886765;1.0269691436512265;0.3426573533143722;278.4675995994185;15.264786103317444;71.649990184639
0.0;27.0;14.281604458019752;-0.5845844154441594;-0.0394976429919497;1.0;0.0;0.5904145239220598;0.0213501845736598;14.803119145613664;45.77373333702003;26.955605679326723;0.3373334330167718;0.3459676533190456;276.1441369300376;15.335169297304814;72.7611591793536
0.0;27.0;13.945638005752237;-0.5847304458936168;-0.0376989845824779;1.0;0.0;0.5393538507676444;0.0134559412250605;14.679048907932708;45.53996916014216;26.957404008315816;-0.2799097908866994;0.3435334078515928;273.77089963065055;15.407748154094238;73.37616239425418
0.0;27.0;13.474976792126402;-0.5849737878731137;-0.0347009520120703;1.0;0.0;0.4638757854606633;0.0062340195631156;14.467128371088547;46.14461162425851;26.96040159634886;0.069768910218686;0.3458235683587429;269.01991111978134;15.54382187246571;73.60065373695643
0.0;27.0;13.824224732809933;-0.5851197677913481;-0.032901980834863;1.0;0.0;1.365238680109337;0.7390208777748652;14.35831835038115;45.902708266814656;26.962200339956;0.5730309818546581;0.3450528091027263;277.1458378580225;15.646256390582463;73.55890650066641
0.0;27.0;13.60516714072369;-0.5851846416700525;-0.0321024035248802;1.0;0.0;1.3114428288106954;0.6019371238281139;14.303603229046198;45.79687792808746;26.96299982167912;0.6286578527705972;0.3438625217381613;280.2462753329602;15.69087071052699;73.5388921986745
0.0;27.0;13.703523228176037;-0.5853143781914777;-0.0305031877801595;1.0;0.0;1.210126912330612;0.3993373862989452;14.2231843337638;45.58827038669404;26.96459885262892;0.4613237509315706;0.341137322212353;284.4309745682414;15.776167602738845;73.4901178265922
0.0;27.0;13.761299523637168;-0.5853305942031638;-0.0303032802374647;1.0;0.0;1.1980256432073058;0.3793705169839979;14.214038275733987;45.56247766453741;26.96479873749813;0.4216357476630426;0.3407848222330898;284.8303070471758;15.786365591486367;73.4815794677617
0.0;27.0;13.586629514874597;-0.5854278853562421;-0.0291038098068692;1.0;0.0;1.1279173615530431;0.2788721905771507;14.15531910999827;45.409027001094266;26.965998073183272;0.1473783877936758;0.3386560030400249;286.82603354829547;15.845144884726787;73.40842695340862
0.0;27.0;12.853073726692676;-0.5855738062788747;-0.0273045261203636;1.0;0.0;1.0303719635149469;0.175759033499858;13.97096156870612;45.18299365145674;26.9677971574562;-0.2139097732867407;0.3354612184306262;288.8102948568852;15.938984797552749;73.20132401924698
0.0;27.0;12.776464692900008;-0.5856062305742111;-0.0269046730818819;1.0;0.0;1.0098675614409995;0.1586225277336218;13.92483775952419;45.13342984245092;26.96819696647449;-0.2643816487758538;0.3347540921482812;289.11554017805963;15.962248781859024;73.13738071342594
0.0;27.0;13.226456456383657;-0.5856548652603869;-0.0263048854726936;1.0;0.0;0.9798734849986404;0.135998989715614;13.8675980298048;45.05953295612672;26.96879668822953;-0.3136978950128863;0.3336958950228708;289.490595090364;15.998371176050531;73.03000982033574
0.0;27.0;13.747279075846816;-0.5857034978381935;-0.0257050883938604;1.0;0.0;0.9507702626206956;0.1166021338074246;13.84633228129386;44.98617117159472;26.969396419677967;-0.3310317991425676;0.3326408321288527;289.7710868928183;16.033441266238714;72.9104849433113
0.0;27.0;13.62344583806624;-0.5861248918364301;-0.020506482526754;1.0;1.0;0.7321341239664342;0.0307270053158396;13.7432358961217;46.60889009170947;26.97459447468657;1.436805150712036;0.3426148569067432;288.8224290583633;16.287007474601175;72.33029448527243
0.0;27.0;13.696030694512276;-0.5861573001962229;-0.0201065650088952;1.0;1.0;0.7175646548995022;0.0277311222975452;13.742666655180807;46.75187328657999;26.974994352076003;1.545897766663797;0.3439860041440434;288.53234300937817;16.307067974559185;72.40141559461668
0.0;27.0;13.885965916374277;-0.5862221141022016;-0.0193067203860139;1.0;1.0;0.6892897444134887;0.022587172430865;13.753269069034358;47.0357508772144;26.97579411787052;1.675370153677583;0.3467335688405041;287.8721027881908;16.34562155350126;72.60673985337874
0.0;27.0;14.346583172352714;-0.5864327333834721;-0.0167071426775449;1.0;1.0;0.6048662416604218;0.0115949461510536;13.787528840546813;47.93941287254008;26.97839345502493;1.3845110758208934;0.3556264760083104;285.0506866963808;16.460717146293334;73.72371062139571
0.0;27.0;14.635383132766236;-0.5864975313413447;-0.015907249075907;1.0;1.0;1.5513310983226969;0.8668191561084467;13.853987664076223;48.21173362575947;26.979193280193044;1.1775155172467031;0.3583416231824641;291.23041999451897;16.487684915387938;74.14339807793615
0.0;27.0;13.853391267684447;-0.5867080987791095;-0.013307527211925;1.0;0.0;1.361325652410245;0.4449747514232925;13.889670408876992;48.18841061686329;26.981792800707947;0.3342255162845267;0.3619432458723025;301.8476485875631;16.553180863365014;75.44198537124872
0.0;27.0;13.699270706019307;-0.5867404902496399;-0.0129075615775996;1.0;0.0;1.3342352719272812;0.4015897131595215;13.882040170742922;48.124165349356;26.98219273841445;0.1690539084948339;0.3614536772726647;302.8572633245292;16.5616456485274;75.59982615966898
0.0;27.0;13.565931748073742;-0.5868538530032318;-0.0115076660139569;1.0;0.0;1.2435944629186786;0.2804450744268849;13.85892835480634;47.9017462275434;26.983592542974883;-0.3254296232851401;0.3592027646136598;305.70020477219737;16.588650661227867;75.99701518589893
0.0;27.0;13.69338678513534;-0.5871453044045604;-0.0079078375952067;1.0;0.0;1.037796692968768;0.1113967991034394;13.779338083605642;47.3468579400805;26.98719218707877;-0.3876705976735876;0.3525646260600096;309.5730362135234;16.64481351813604;75.86438085813792
0.0;27.0;13.615500839440196;-0.5873071889720174;-0.0059078856476349;1.0;0.0;0.9385647266243696;0.0666973785361459;13.718635755644442;47.04889606664554;26.9891920679014;0.0318861818426149;0.3488644918589219;310.1066222348952;16.66941099915687;75.34385714695658
0.0;27.0;13.69309960937888;-0.587404308436608;-0.004707902624077;1.0;1.0;0.8836400590448202;0.0490287020878668;13.719784829521991;47.073070147564486;26.99039201884897;0.2414822425916759;0.347040505841249;309.9639140395968;16.680988756960488;75.00288966292717
0.0;27.0;14.006954228486087;-0.5874366797118468;-0.004307906690992;1.0;1.0;0.8660556218698283;0.0442484036342997;13.726126955825103;47.21373074759882;26.99079200583344;0.3369737754298623;0.347268980207896;309.8453424783529;16.684052053838325;74.89524389397492
0.0;27.0;13.620890680842663;-0.5874690500471984;-0.003907910068642;1.0;1.0;0.8488211149946187;0.0399341842799555;13.724366157935318;47.35370525403059;26.99119199437139;0.4505266663422073;0.3478831380774065;309.69284076736983;16.6871446252149;74.79518924042321
0.0;27.0;13.643853322211628;-0.5875176037877795;-0.0033079139828007;1.0;1.0;0.8236102790581635;0.0342385712470268;13.725738700640363;47.562387887130754;26.991791979940764;0.6421516935857288;0.3492542602704639;309.4024421652626;16.692266232893495;74.66510917732904
0.0;29.0;13.017842848414542;-0.5877117975977568;-0.0009079198907099;1.0;1.0;0.7300356915470558;0.0185011573604868;13.63851943343916;48.38197916789422;27.00801577616279;1.3301500489658566;0.356707609521846;307.5553830383556;16.73459954364295;74.52751757907271
1.0;29.0;13.079014597172156;-0.5877603407612848;-0.0003079200106168;1.0;1.0;1.7083529014724168;1.0158624297919474;13.601194997899457;48.58314715991732;27.0477955309948;1.4183640731332157;0.3587100029701436;308.9841562373785;16.75540143746233;74.65402535809535
0.0;29.0;13.246326062147112;-0.5877927016947897;9.207998440039792e-05;1.0;1.0;1.6743566787331157;0.9168158428872324;13.58912070322239;48.71644170392441;27.08672068501305;1.4520543117442464;0.3600500837356331;312.1603444261404;16.772545425980173;74.78000815989938
0.0;29.0;13.200377905582108;-0.587808881808864;0.0002920799803273;1.0;1.0;1.6576131119457844;0.8709750507428708;13.581422966908942;48.78284493458434;27.109532956034823;1.4613868304312283;0.3607207695551999;313.5421960348461;16.782218950427648;74.85447006103229
0.0;29.0;13.22037745494111;-0.5878250616878262;0.0004920799646848;1.0;1.0;1.6410369808263263;0.8274262982057273;13.574273677742354;48.84908599935823;27.13441600595181;1.4658343693547855;0.3613916072803843;314.8090908346345;16.792667556481156;74.93608977615871
0.0;29.0;13.054503518172536;-0.587873599913884;0.0010920797674307;1.0;1.0;1.592296541458804;0.7094146224241354;13.547872463933729;49.046840144062;27.220299110225824;1.4515464092181598;0.3634035807287302;318.0500206860479;16.829195311462968;75.2200309806822
0.0;29.0;12.946418231991665;-0.5879221360236083;0.0016920791770279;1.0;1.0;1.545003741880936;0.6082343619008931;13.51289737334364;49.2431489600043;27.32060750102323;1.4008648429347552;0.3654126920958551;320.6549578568173;16.874414753454424;75.55417599319735
0.0;29.0;13.17297916933388;-0.5879868475441722;0.0024920774050023;1.0;1.0;1.484124429885897;0.4954106892330394;13.480513741318166;49.502663960018886;27.4716621460636;1.291386167641086;0.3680844056272575;323.442725130575;16.948150126560186;76.05874137022126
0.0;29.0;13.478251808457228;-0.5880030248363483;0.002692076732845;1.0;1.0;1.469283185587038;0.4706401547713874;13.480468949593122;49.56714706283401;27.51182540104889;1.2589541499291643;0.3687508561879113;324.04592794941505;16.96870145548649;76.19273551986551
0.0;29.0;13.552166239732747;-0.5881162592955499;0.004092068564165;1.0;1.0;2.330063953548073;1.1431718231161947;13.502952727516206;50.01414053014236;27.809274443077896;1.0171592561303096;0.3733978059038532;342.46074668706285;17.13026011329316;77.17669882453048
0.0;29.0;13.74562284238389;-0.588180959525524;0.0048920604712453;1.0;1.0;2.2382501368231043;0.931120594752035;13.510748017707456;50.26615091080226;27.98469213122665;0.8966991876529904;0.3760383503035325;351.5250649031971;17.236412587843102;77.74663224943856
0.0;29.0;13.743951530439404;-0.5882133082289026;0.0052920552827474;1.0;0.0;2.1937089591003245;0.8403363367637116;13.51971510750056;50.191721534451;28.07196148296517;0.8287212644596401;0.3769757013623681;355.10547857690136;17.292424693341133;78.02607925751877
0.0;29.0;13.652309979165604;-0.58824565599114;0.0056920492475208;1.0;0.0;2.150054150814228;0.7584035439292497;13.526222576729868;50.11765273096441;28.15825950551769;0.7342182297434096;0.3773293986445277;358.2368217376758;17.349904797434277;78.2974825638715
0.0;29.0;13.428658560107412;-0.5883103486919837;0.0064920343808849;1.0;0.0;2.065333438556085;0.6177244265525235;13.527957887178744;49.97058983286925;28.326171695140328;0.488641595657223;0.3770066745206171;363.5058486265756;17.468640622290952;78.80254228834963
0.0;29.0;12.57613670708807;-0.5885852506602244;0.0098919186565572;1.0;0.0;1.740958764099073;0.2582831443032152;13.366580592376362;49.36126355786418;28.91667746237044;-0.4525187955177479;0.3712577829600034;378.0060249030521;18.0197262588036;79.9954371255212
0.0;29.0;12.646654776268475;-0.5886822586409868;0.0110918525349614;1.0;1.0;1.6390781173249755;0.1898618448624201;13.28275795227686;49.25201926489226;29.06375830349703;-0.479712173325579;0.3690360589807887;381.324587551132;18.225097031029875;79.99327932728178
0.0;29.0;12.917363116668293;-0.58871459275086;0.0114918270303651;1.0;1.0;1.6064604627902086;0.1713503149883341;13.26322242114732;49.3820129778896;29.10517111191048;-0.414447013588814;0.3689599437085191;382.27523300121146;18.293126604105137;79.95189493002495
0.0;29.0;12.923608467383046;-0.589021719807938;0.0152914839884537;1.0;1.0;1.3272072297896669;0.0646596586564076;13.1182893793491;50.58575543431526;29.323757463220453;1.392817281030161;0.3788087794545343;387.9793086804992;18.90110233443295;79.4232698391774
0.0;29.0;12.972135629732954;-0.5891025285829742;0.0162913592545786;1.0;1.0;1.262160869685316;0.050032411293585;13.09714356769417;50.89334309900902;29.336708959631306;1.6934537971517245;0.38204323364123;388.59598007208587;19.04453856915166;79.45404293361914
0.0;29.0;12.817586550560144;-0.5891348504435606;0.0166913048553044;1.0;1.0;1.2370438683785785;0.0451542511924605;13.083874741179256;51.0153288820612;29.337846096477243;1.755471407385988;0.3833399375684626;388.7509351906334;19.09909623445003;79.49824510299774
0.0;29.0;12.909091281748536;-0.589231810369384;0.0178911253782074;1.0;1.0;1.1646522460166548;0.0331925238788219;13.055233148149002;51.37772650568873;29.329556455408497;1.746393162788862;0.3872246107860795;388.9186288794049;19.252644649830888;79.73334599487764
0.0;29.0;12.36038719297748;-0.589361077071448;0.0194908457006786;1.0;1.0;1.0746766808654291;0.0220205985072605;13.003428250577407;51.85272452892372;29.29729497405668;1.3973407774841904;0.3923755669868541;388.4953703426148;19.43348417756903;80.23070001299584
0.0;29.0;12.124360984600678;-0.5894418610987598;0.0204906458240216;1.0;1.0;1.0220068303625809;0.0170391193572591;12.937094539654463;52.14491300883387;29.26879452829728;1.103377490250457;0.3955743844041479;387.88564386908257;19.537669958199377;80.5989438897984
0.0;29.0;12.03929604087654;-0.5894741730592903;0.0208905601919893;1.0;1.0;1.0016688944383656;0.0153778052199264;12.901491628853398;52.26079150945015;29.25621822013751;0.9907497074240064;0.3968492938752837;387.5722491380748;19.578552691040667;80.75026414943535
0.0;29.0;12.201837640727144;-0.5895387941508234;0.0216903788364702;1.0;1.0;0.9621991433386052;0.0125253184629126;12.847810027973546;52.49085477265808;29.22974839633996;0.7958119415035823;0.399391132470453;386.8320891239124;19.65848199576164;81.05132428035706
0.0;29.0;12.302135808216796;-0.5895872574934388;0.0222902337378087;1.0;1.0;0.9336208665823053;0.0107388949171397;12.813052299145816;52.66193100177238;29.20919639988095;0.6872494017774542;0.4012905180761004;386.1817520520013;19.71614733210561;81.27128927254772
0.0;29.0;12.464192581901742;-0.5896357187135399;0.0228900806146633;1.0;1.0;0.9058913932239442;0.0092072600295827;12.793205667125966;52.83175639971804;29.188436570870333;0.6172890813634225;0.403183913574431;385.453470855222;19.77113398459403;81.48347818783272
0.0;29.0;12.543655748412238;-0.5899102921937319;0.0262890509196847;1.0;1.0;0.7636149838632063;0.0038497426500192;12.684107552980782;53.77090998408555;29.07993214810697;0.8503013627875117;0.4138006935674519;380.0025138260353;20.0351318041068;82.54006695006717
0.0;29.0;12.590657289037706;-0.5899425904734023;0.0266889105591811;1.0;1.0;0.7484190456843285;0.0034743927416423;12.682070629817678;53.87885273578296;29.06920340118593;0.9127774588588669;0.4150372467823446;379.22804879962206;20.06149579702948;82.65575038951562
0.0;29.0;12.780658255998365;-0.5900556270186385;0.0280883852494884;1.0;1.0;0.6975754581959811;0.0024262980327662;12.694529901851112;54.25251998810839;29.036223652357755;1.1061116348643725;0.4193446781358427;376.3234136367199;20.14361244709067;83.06510536337194
0.0;29.0;12.800301864177191;-0.5900717741524969;0.0282883057750316;1.0;1.0;0.6905997036140213;0.0023049831311279;12.696624397391124;54.30538052753422;29.03211899201124;1.127424173392492;0.4199574307946099;375.88504311167;20.154050865429355;83.12474649701717
0.0;29.0;12.830132769474403;-0.5900879210503153;0.0284882251691563;1.0;1.0;0.6836937065778811;0.0021897339745715;12.699268111918746;54.35811189262999;29.028169411268813;1.146652982469451;0.4205695368328307;375.4410816994125;20.164198348577145;83.18475641947354
0.0;29.0;12.7475162369289;-0.5901686519987844;0.0294878048865696;1.0;1.0;0.6501859121348151;0.0016943744077195;12.706294394139372;54.61984209022202;29.010753711990738;1.2087000322476824;0.4236203915530191;373.140382500336;20.21147872196861;83.49038480639383
0.0;29.0;13.001729268813476;-0.5902332325083796;0.0302874474771932;1.0;1.0;0.624565992954914;0.0013800785449276;12.733123473789489;54.826933003989126;28.999590714515115;1.216605349319156;0.4260495055238277;371.2076930675747;20.24429004015591;83.74058692663112
0.0;29.0;13.066226190424135;-0.590249377045567;0.0304873551161805;1.0;1.0;0.6183203330253648;0.0013110746176812;12.73971945109116;54.878389807399664;28.99717566090016;1.213187610990884;0.4266551827450114;370.712390323651;20.25174891918621;83.80366125708801
0.0;29.0;13.285885945352458;-0.5902978092404821;0.031087070683965;1.0;0.0;0.5999556008141784;0.0011240826003344;12.763627111032491;54.93212868412697;28.99080519677626;1.186809940376119;0.4283672911017622;369.19860116912326;20.272399399455104;83.99327376253925
0.0;29.0;12.87750397148194;-0.5903623821946902;0.0318866739950127;1.0;0.0;0.5763149563192526;0.0009155723034886;12.785411528641289;54.73811942145195;28.98427186248167;1.027895482875388;0.4289052521885579;367.11793984557227;20.29516522406333;84.2383560242419
0.0;29.0;12.924123085641911;-0.5904269513705674;0.0326862568985901;1.0;0.0;0.5536058475435982;0.0007457393635184;12.789083128807851;54.54598730485923;28.9798309040047;0.7425116786075153;0.428130455857538;364.970329923716;20.314049600613945;84.45549571074277
0.0;29.0;12.758479107224186;-0.5904915167677123;0.0334858188829642;1.0;0.0;0.5317915682630486;0.0006074093724567;12.788034225419471;54.3557141101345;28.977296750571742;0.3909940635860179;0.4267813683481775;362.7601886392675;20.32912026527172;84.624383098274
0.0;29.0;12.80707175512064;-0.5905076575265288;0.033685706050408;1.0;0.0;0.5264736525804181;0.0005770389038339;12.788411214414433;54.30843414921631;28.97693761410402;0.300059133963144;0.4263975706197874;362.1983817261223;20.33241037273952;84.65697704118416
0.0;29.0;12.857606898372392;-0.5905883577774022;0.0346851215165226;1.0;0.0;0.5006712051384871;0.0004465017039826;12.795325527898331;54.073750366078826;28.97662329727961;-0.1287760835091543;0.4243396900641267;359.3369144244825;20.34545506659656;84.75177868889006
0.0;29.0;12.926320641379313;-0.5906367750931628;0.0352847542113865;1.0;1.0;0.4858007696746689;0.000382819398452;12.804456365949031;54.13381606054938;28.977498181342742;-0.3199924120578004;0.4234247091952383;357.5803060508475;20.350649010861734;84.75024042655816
0.0;29.0;13.179524684935114;-0.5908465588887124;0.0378830129992652;1.0;1.0;0.4263003883786014;0.0001965173075212;12.879545467406682;54.81453577938071;28.98806801759904;0.1801390824794335;0.4281839174646683;349.66617563116137;20.36015750808738;84.41011726214371
0.0;29.0;13.26387405179483;-0.5908949648622331;0.0384825754530442;1.0;1.0;0.4136388405433686;0.0001684890265359;12.904897237762462;54.96857378201795;28.99158811287957;0.4829451676595549;0.4298846871344801;347.77832295493863;20.36221806938104;84.31626912441325
0.0;29.0;13.323376960006074;-0.5909272343294639;0.0388822760722206;1.0;1.0;0.4054074276165555;0.0001520613464487;12.92138063152602;55.07063938006819;28.99407201562829;0.6917371049354558;0.431044689389042;346.50846439452124;20.36334618184665;84.26292108924642
0.0;29.0;13.509485069632738;-0.5910401700187553;0.0402811788284486;1.0;1.0;0.3778662150655028;0.0001061901095193;12.979800815685907;55.42396091340158;29.003308355372543;1.34238530401637;0.4351703431718662;341.998787078685;20.366468537287147;84.17330273245852
0.0;29.0;13.101469162624406;-0.5911530941236595;0.0416800026334655;1.0;1.0;0.3521960052073253;7.415651395366393e-05;13.022209767837252;55.77128173172544;29.01280996160348;1.6936773172127009;0.4393143069722309;337.3994165628756;20.36833106011004;84.27917035538745
0.0;29.0;13.196532133036644;-0.591169225192846;0.041879828000707;1.0;1.0;0.348674045155252;7.044868825598073e-05;13.025661659450789;55.82041508206984;29.014150908532457;1.712889571083817;0.4399051008828881;336.73589235834254;20.36884332435508;84.31100476729567
0.0;29.0;12.924874228616105;-0.5912821360557401;0.0432785582187307;1.0;1.0;0.3249869952037675;4.91969464700331e-05;13.0443458657455;56.16100222794753;29.02321269675125;1.6458178715154863;0.4440264667461847;332.0515017583608;20.374671224126743;84.63491791273673
0.0;29.0;12.96592171263686;-0.5912982652330159;0.0434783699607421;1.0;1.0;0.3217371252517298;4.673709914653144e-05;13.042792893855104;56.20918297589311;29.02444629299277;1.6118299727923835;0.4446130025042094;331.37708437833754;20.376087571613493;84.69330494136663
0.0;29.0;13.125069571618818;-0.5914917969099046;0.0458759729257942;1.0;0.0;0.2851829204925708;2.525486299191709e-05;13.035878566039216;56.28128318246425;29.0376120151522;0.8914140742519818;0.4496328863149686;323.2008597439823;20.403658340939952;85.50069069374466
0.0;29.0;13.066891596149206;-0.5915079230119262;0.0460757614355528;1.0;0.0;0.2823310912876451;2.399211984232124e-05;13.036492698132983;56.22928745436551;29.03855630904862;0.7946195783086719;0.44950104720209;322.513588256038;20.406149391034354;85.56635578718154
0.0;29.0;13.470750329607156;-0.5915562998983345;0.0466751158749071;1.0;0.0;0.2739455755453108;2.057024374981017e-05;13.05686303175981;56.07405661111623;29.041238219820183;0.4848678496571318;0.4487707000690239;320.44732651002084;20.411944147184908;85.74804847938148
0.0;29.0;13.34272166341914;-0.5915724250538932;0.0468748969645953;1.0;0.0;0.2712061197898577;1.954173156231966e-05;13.062523507111242;56.02256408762912;29.04208153204547;0.3789057614191479;0.4484481522861313;319.7571906502806;20.41333338086481;85.80218997234256
0.0;29.0;13.4568509313136;-0.5915885499728344;0.0470746761794012;1.0;0.0;0.2684940585919591;1.856464498420368e-05;13.070331825178153;55.97119660009787;29.04289945615457;0.2733873219437081;0.4480979767101244;319.0664131369217;20.41440574555503;85.85252117183661
0.0;29.0;13.36395040216619;-0.5916207991007926;0.0474742289518338;1.0;0.0;0.2631510268259791;1.6754592098243816e-05;13.082630357364655;55.868835515291;29.0444592832751;0.0676916249899567;0.4473346109781034;317.6830489732964;20.41572771801805;85.94051368645754
0.0;29.0;13.010766486520884;-0.5918787580427777;0.050670372310916;1.0;0.0;0.224061986762576;7.374142804819248e-06;13.1212662485615;55.06761930922725;29.05347348246064;-0.7318253414424702;0.4401828537657848;306.55412816262134;20.3978285382782;85.90442437542424
0.0;29.0;12.665697106029182;-0.5919271185977706;0.0512695924132348;1.0;0.0;0.2174071216937407;6.322405687281902e-06;13.103378280877973;54.920829751525005;29.05454710734406;-0.6736825431807215;0.4387969858930978;304.4602535942026;20.392978791792224;85.75746157448478
0.0;29.0;12.805632075150283;-0.5919915960229583;0.0520685238014808;1.0;0.0;0.2088404136445917;5.149638947326655e-06;13.074864230526556;54.72676805353556;29.05572542991626;-0.5206768753278919;0.4369517912353765;301.667401936281;20.388460499505168;85.51302388014582
0.0;29.0;12.878123271340575;-0.5920721874764501;0.0530671411151449;1.0;0.0;0.1986051553930069;3.984692452448932e-06;13.047442462751484;54.48682925684403;29.056839821142347;-0.2588934234925031;0.4346531830029679;298.17662785502085;20.38418582604953;85.15488361795205
0.0;29.0;13.008721626949097;-0.5921044224000921;0.0534665732377557;1.0;0.0;0.1946529128006861;3.5961849383351614e-06;13.046849477572906;54.39166723995554;29.05718817523029;-0.1474960880944766;0.4337366941212584;296.7809338368697;20.38236069279194;85.0024341302588
0.0;29.0;13.333228307089684;-0.5921688894052347;0.0542654117550013;1.0;0.0;0.186982811371217;2.9291151084298533e-06;13.046696359692616;54.20272536220134;29.057742201026343;0.0626258017734432;0.4319091646902895;293.9914580814014;20.37797542701758;84.69279923725217
0.0;29.0;13.11918236086735;-0.5924106069174878;0.0572607427085418;1.0;1.0;0.1608161290941313;1.3570333418639863e-06;13.109761013636785;54.69293937517121;29.05864852071685;0.9281564367014687;0.433040422643617;283.57145774462185;20.34324097651952;83.71929668244525
0.0;29.0;13.187598062341992;-0.5924267195228253;0.0574604134135901;1.0;1.0;0.15920796780319;1.2891816747707872e-06;13.111302360247382;54.74466822707141;29.05866896503668;0.9928249786809072;0.4335570187563516;282.8799513391912;20.34163285283182;83.6805196323901
0.0;29.0;13.089131480462104;-0.5926039425401342;0.0596566377157998;1.0;1.0;0.1425449839569861;7.332866555707449e-07;13.102598141293983;55.30540948344236;29.058804924020524;1.4545879504856154;0.4397784294974658;275.30830747485777;20.33593352966485;83.57437368926317
0.0;29.0;13.248420476896069;-0.5926522711127867;0.0602555583157844;1.0;1.0;0.1383112553884796;6.287016463199675e-07;13.108443399117691;55.455737513934224;29.058847190718467;1.4781775228228162;0.4415328175314639;273.2558331546985;20.337978400557954;83.64672589386345
0.0;29.0;13.171607702557727;-0.5927167058907815;0.0610540853353116;1.0;1.0;0.1328612400642645;5.120814203129031e-07;13.116816807234374;55.65446585010809;29.058928994589337;1.443911536890746;0.4438750518456141;270.52859759655377;20.341669134328583;83.80160362082684
0.0;29.0;12.771681030255133;-0.5928294576241929;0.0624514132887223;1.0;1.0;0.1238353579438528;3.5760555444115975e-07;13.089062061717527;55.99759373353776;29.05917604626665;1.2537356981738226;0.4479633174641206;265.78382547641536;20.35468812800961;84.19743259872695
0.0;29.0;12.620638890150168;-0.5928455640662096;0.0626510216393828;1.0;1.0;0.1225970043644143;3.3972527671910175e-07;13.079786539641644;56.046133918096494;29.059224493296977;1.218819848691472;0.4485454736461777;265.10907100435054;20.357626857813205;84.2633913288411
0.0;29.0;12.757443691054547;-0.5928938819693815;0.0632498316232955;1.0;1.0;0.1189557507377868;2.912719591270399e-07;13.053892754288595;56.19104373506369;29.059391957494505;1.1109359490070891;0.4502886483000875;263.0896366554812;20.36834670392624;84.47048034886217
0.0;29.0;12.637213880817216;-0.5929099874628067;0.0634494299020009;1.0;1.0;0.1177661932304089;2.767083611706879e-07;13.045641844755671;56.239111056273046;29.05945541928459;1.0751556183305622;0.4508685728114077;262.41813393874514;20.372457327859703;84.54188093698217
0.0;29.0;12.312441136962589;-0.593054926230434;0.0652456992427711;1.0;1.0;0.1075814486864698;1.7439528129369005e-07;12.92727732892742;56.66646379553164;29.06020815450976;0.8161871807025851;0.4560613513154669;256.41334933242285;20.42644193025296;85.20290172843232
0.0;29.0;12.258074913972914;-0.5930710293519292;0.0654452717823312;1.0;1.0;0.1065056341996051;1.656755172290056e-07;12.914026094235451;56.713368946470375;29.06031237155862;0.7983766438182136;0.4566353355609659;255.7506149186252;20.43407359381951;85.27579389734771
0.0;29.0;12.40644219723989;-0.5931515414008163;0.0664430950535412;1.0;1.0;0.1012857983821136;1.281965570422573e-07;12.84882123962575;56.946180294004975;29.060894788370867;0.7498715200161008;0.4594962322630242;252.4509457320653;20.47693297572232;85.63144718376057
0.0;29.0;12.372181502561244;-0.5931676430988444;0.0666426517666096;1.0;1.0;0.1002729403982924;1.2178672919014444e-07;12.83938301877644;56.99240162793682;29.06102333261431;0.7482011720199392;0.4600666074630769;251.79386583526733;20.48614257946585;85.70046732249536
0.0;29.0;12.054608720593604;-0.5933769435794957;0.0692366435510551;1.0;1.0;0.0879916132374241;6.251825327826567e-08;12.660812247598145;57.58309552733444;29.06303040946704;0.9023536959170368;0.4674269994657024;243.34243487096333;20.627657496726;86.52978158622982
0.0;29.0;11.29377941549552;-0.5936988659882476;0.073226480074406;1.0;1.0;0.0719689509172615;2.2411913693829934e-08;12.37580629297019;58.45592942098015;29.067046298521085;1.1322167665658331;0.4785552722610464;230.6909013415428;20.911434269477105;87.65350431106549
0.0;29.0;11.4570863717543;-0.5938115163921317;0.0746226493291073;1.0;1.0;0.0670797652751984;1.565107520923568e-08;12.242978441597694;58.75146298062503;29.06860830530981;1.0980761149163456;0.4823949826084439;226.3694125404484;21.026958237698302;88.02014581198108
0.0;29.0;10.823377534186308;-0.5938919738407269;0.0756198236947546;1.0;0.0;0.0637921893263412;1.2110503648285392e-08;12.122804759264827;58.56142301061835;29.069747533995;0.977154297289564;0.483781812257453;223.3176870825787;21.115929522353504;88.265478410428
0.0;29.0;10.729500806417327;-0.5939241551573101;0.0760186723233265;1.0;0.0;0.062522724758747;1.0929729542577566e-08;12.067310973176054;58.44634254400663;29.070206428471234;0.8704682364476779;0.4835240690753227;222.10527834865647;21.153267717372447;88.35344038386364
0.0;29.0;10.418355937432183;-0.5941172230991677;0.0784115064384937;1.0;0.0;0.0554191973646249;5.905989613756128e-09;11.737250877300085;57.76749143021375;29.072967499040686;-0.0535530360919774;0.4788037675866828;214.93162043824464;21.388887477009582;88.6142800326361
0.0;29.0;10.02716551364594;-0.5942459160493339;0.0800064791158794;1.0;0.0;0.0511377703376614;3.918154176746814e-09;11.511823724397653;57.32580568050685;29.074789386824182;-0.492075080517175;0.4748799793709649;210.24647140708333;21.552234564864406;88.43411164313575
0.0;29.0;10.186539489862328;-0.594310256819862;0.0808038889036006;1.0;0.0;0.0491227381466538;3.191361065423885e-09;11.403942157051857;57.10816412284226;29.075688500081927;-0.5710558663931399;0.4728926064569556;207.9334291585137;21.635986836599752;88.2335016055064
0.0;29.0;10.240238373099007;-0.5943424257788072;0.081202574436424;1.0;0.0;0.0481451956575354;2.880203361545056e-09;11.36045022550976;57.00013460468126;29.076134523073023;-0.574168909680977;0.4718987721573811;206.7843307963155;21.677549015660148;88.10914835464226
0.0;29.0;10.280050425213314;-0.5943906774341874;0.0818005783548967;1.0;0.0;0.046715235201311;2.469414357104692e-09;11.298004873432724;56.83907219121666;29.076798831807466;-0.5378813740450553;0.4704097519826042;205.0699883832621;21.73903854203758;87.89713460036111
0.0;29.0;10.105514580590253;-0.5944550096460688;0.0825978710674058;1.0;0.0;0.0448744685405909;2.011353427701504e-09;11.212475773025174;56.62614176275164;29.07767537744329;-0.4273344222524569;0.4684294496556716;202.80161080042308;21.81956738972988;87.57688981839236
0.0;29.0;10.033403943294724;-0.594680142424431;0.0853879759195031;1.0;1.0;0.0389845066448716;9.808867408482804e-10;11.004423973468064;56.19588914150644;29.08065878268682;0.1761101221635739;0.4623580211560157;195.01965137799309;22.075543480092488;86.33521428645052
0.0;29.0;10.213412302312053;-0.5947605356901273;0.0863842808369697;1.0;1.0;0.0370738779195333;7.58991461914902e-10;10.916550809830383;56.43477299045414;29.08169406200391;0.5317487631776293;0.463407389320983;192.29986517515027;22.16209756238046;85.94213788402627
0.0;29.0;10.063145217916793;-0.5947926913311191;0.086782778672014;1.0;1.0;0.0363361077489346;6.849897943781991e-10;10.884067807645309;56.529511003625394;29.082104170672704;0.6908374720268723;0.464203110494666;191.22072582035776;22.197228421747543;85.80879203557714
0.0;29.0;10.00399137336115;-0.5948891525438788;0.0879781886109928;1.0;0.0;0.0342097241521178;5.035304430083003e-10;10.785937922554702;56.21532676304174;29.08332208598329;0.9807247986692312;0.4644358555379266;188.0133855635732;22.3031119034068;85.50702010291477
0.0;29.0;10.27548259378469;-0.5949534552600244;0.0887750582940207;1.0;0.0;0.0328617245237249;4.1012869289552936e-10;10.735141455624197;56.008402469251806;29.084124795891974;0.96597132108414;0.4632115380695775;185.9002049845677;22.37137429709157;85.37915384726266
0.0;29.0;10.204403462147274;-0.5949695303441291;0.0889742668571367;1.0;0.0;0.0325331072784877;3.8962225825075287e-10;10.724632024227787;55.95698505860936;29.08432445139411;0.9391411272004884;0.4628299195121733;185.37503747689243;22.387816445887413;85.35452622619223
0.0;29.0;10.160145104425004;-0.5949856051902346;0.0891734718613952;1.0;0.0;0.0322077762057028;3.701411453382152e-10;10.713454317164585;55.905692502194114;29.08452372752353;0.9041645587679538;0.4624288522490434;184.85112014066743;22.40401682222837;85.33231406503484
0.0;29.0;10.142155147800622;-0.5950177541684794;0.0895718711610143;1.0;0.0;0.0315668414592093;3.340523836677392e-10;10.68996958311274;55.80348073620308;29.084921200670628;0.8124676499969092;0.4615824717292109;183.80703396271227;22.4357635533772;85.29399563054308
0.0;29.0;10.224148501763771;-0.5950338283005828;0.089771065440439;1.0;0.0;0.0312511730446172;3.1734976448435224e-10;10.68074559831698;55.752560920556746;29.085119427138352;0.7572046022930944;0.461142623479009;183.2868640338688;22.45123050775957;85.27730085243677
0.0;29.0;10.160160151829274;-0.5951141953908029;0.0907669828157994;1.0;0.0;0.0297195546131341;2.455591982781063e-10;10.644533491998438;55.49981046069948;29.08610604162629;0.4182510070264205;0.4588474287756663;180.70472154443684;22.52367357764436;85.20655304091922
0.0;29.0;10.032615164575558;-0.5951624127884406;0.0913644897366929;1.0;0.0;0.0288368541215694;2.1053631762369136e-10;10.611469203857322;55.34962830237629;29.08669490991287;0.1937069325095471;0.4574305527118496;179.17037689389645;22.564121390290847;85.16401944210686
0.0;29.0;10.0;-0.5952427703564365;0.0923602614068903;1.0;0.0;0.0274235613400303;1.6290898922865768e-10;10.559154630997956;55.10174584333697;29.08767237664131;-0.1517320465213288;0.4550478531214162;176.63796887623928;22.627647221501668;85.07183576463724
0.0;29.0;10.0;-0.5952588411557769;0.0925594046895171;1.0;0.0;0.02714932572663;1.5476353976722478e-10;10.548082511821391;55.05252987358636;29.08786738961054;-0.2110146572037718;0.4545703327714321;176.13520429533722;22.639855815056983;85.04853815826823
0.0;29.0;10.40366997811687;-0.5953873989781873;0.0941524169963519;1.0;0.0;0.0250518962715432;1.0267329430019423e-10;10.488321547733635;54.66307944799272;29.08942372296185;-0.5041908824339075;0.4507563483209089;172.15752584471065;22.72979573314642;84.78750669795356
0.0;29.0;10.237183089514296;-0.5955641410961423;0.0963424145289313;1.0;1.0;0.022429921073634;5.840057927227861e-11;10.47816623843633;54.93204769470981;29.09155971482637;-0.0952992301485129;0.4498332250972887;166.81642263735685;22.82433986939548;84.25627579139632
0.0;29.0;10.241720970356493;-0.5956123384895735;0.0969396061015439;1.0;1.0;0.021763729987826;5.0071196653569865e-11;10.467032768942836;55.08487647422213;29.09214272390358;0.2145011548079046;0.4511143208728679;165.38532830590592;22.84793965308691;84.12066619313497
0.0;29.0;10.444332817396509;-0.5957729809807746;0.0989299914264665;1.0;1.0;0.0196827272863214;2.9979475028361383e-11;10.447989930511245;55.586278544898086;29.09409048326564;1.2980129623955876;0.4564107010055718;160.69342598607855;22.926751526637627;83.89281611656908
0.0;29.0;10.260227102374603;-0.5958372313049528;0.0997260352007206;1.0;1.0;0.0189071492971585;2.441846978231928e-11;10.4403358089595;55.78342895899056;29.094872054442;1.5978266065299116;0.4586626615132268;158.8501994837767;22.957658354453383;83.93512791892049
0.0;29.0;10.047775621948226;-0.5958693550370583;0.1001240331854406;1.0;1.0;0.018530897026145;2.2037668978543142e-11;10.430088084369007;55.88128282328749;29.095263444149143;1.6992530312446288;0.4597942547996057;157.9357207592663;22.973379312500903;83.98747422439318
0.0;29.0;10.1407993224454;-0.5960299593956933;0.1021137815377477;1.0;1.0;0.0167590111042795;1.3194766472161495e-11;10.35695067724473;56.363431832005965;29.09722671081023;1.7082639148567746;0.4654502847595144;153.43412839069498;23.06052426703024;84.52229282317172
0.0;29.0;10.006436369211633;-0.5961584257172582;0.103705286514068;1.0;1.0;0.0154642885803325;8.753677663719841e-12;10.309625476611442;56.74074430910763;29.098804794730885;1.2985742514930052;0.4699443404963865;149.91696319095436;23.13615312285866;85.1612950194667
0.0;29.0;10.11658009736657;-0.5962387094183841;0.1046998425659593;0.0;1.0;0.0147063845686784;6.77342890920595e-12;9.698614340765069;56.673934917316295;29.09979418958916;1.0019331214017082;0.4719346928579319;147.7562399995663;23.21552844987673;85.58336682248726
0.0;29.0;10.213496228396616;-0.5962708212294088;0.1050976357264765;0.0;1.0;0.0144137275157617;6.1130195905583685e-12;9.318326256746726;56.56792224843311;29.100190551032217;0.8950908152948722;0.4718752638208802;146.89996173600548;23.27827849934241;85.74460037758786
0.0;29.0;10.258657660042374;-0.5963189871571115;0.1056942939180166;0.0;1.0;0.0139856253948161;5.241150171454983e-12;8.775669211640025;56.40986672727109;29.100785687115817;0.7586348128368534;0.4712312379868491;145.62407865322484;23.401813896655657;85.96878006980124
0.0;29.0;10.386849283663478;-0.5963832050546513;0.1064897789475526;0.0;1.0;0.013434535951615;4.268949571838655e-12;8.100963732199986;56.200911426245845;29.10158021523864;0.6331816143089203;0.4698039343900987;143.93874847922714;23.612796647969187;86.22310569836937
0.0;29.0;10.310369819747285;-0.596447419135327;0.1072851958236337;0.0;1.0;0.0129051616313229;3.477086107197409e-12;7.478132066623548;55.993978412780365;29.10237576302925;0.5797948091442586;0.4680702296273214;142.2714113797303;23.866296964591264;86.41600925846852
0.0;29.0;10.439709995101298;-0.5965276813681025;0.1082793703023554;0.0;1.0;0.0122726803037393;2.690502947795436e-12;6.766493729483827;55.73812609583718;29.1033713970584;0.6090732554999264;0.4657299779401868;140.21234360459212;24.228483703486244;86.56390839451429
0.0;29.0;10.66433113051928;-0.5965918868593576;0.1090746319719545;0.0;1.0;0.0117890877317776;2.1914314666228064e-12;6.246260976263065;55.53567173518947;29.10416867740772;0.6929214798357111;0.4638061570548037;138.5850106721032;24.544785294503924;86.60944299696712
0.0;29.0;10.697842920256292;-0.5966079376355898;0.1092734365017158;0.0;1.0;0.0116711968544598;2.081859893291666e-12;6.122576722727941;55.48536501202246;29.10436808545014;0.7197943444077596;0.4633224087867786;138.18092683694135;24.626653561799124;86.61138941156155
0.0;29.0;10.580248454172796;-0.5966560885324246;0.1098698238337929;0.0;1.0;0.0113245506366855;1.784934626010942e-12;5.766025611090358;55.33517654785666;29.104966484745106;0.8091736852293533;0.4618686356742795;136.97524008536905;24.877462270111085;86.59643935094205
0.0;29.0;11.041253609576884;-0.5967363352538111;0.1108637147185632;1.0;1.0;0.0107695349750766;1.3811483882909584e-12;6.25363485510069;55.584247674184965;29.10596427286307;0.967035593535089;0.461417229339333;134.98751688824953;25.228336933385943;86.51664548515782
0.0;29.0;10.686778221403385;-0.5967844804223509;0.1114599960984285;1.0;1.0;0.0104496690167819;1.1841620994109604e-12;6.517160358316088;55.732234080393255;29.10656313087293;1.053545129696981;0.462274388413695;133.80784144367462;25.38908288206793;86.45054113578374
0.0;29.0;10.518581655475264;-0.5969930846576053;0.1140434156486128;1.0;1.0;0.009169804245607;6.07880239052255e-13;7.426575428274768;56.36110081636246;29.109158528916872;1.2215019474551672;0.468684466616977;128.80664137917051;25.78131831733577;86.19275771238027
0.0;29.0;10.509420301272188;-0.5970412183658803;0.1146394805451155;1.0;1.0;0.0088974518897083;5.211813199574267e-13;7.604410996538728;56.503404486824834;29.109757330714714;1.2063757233032542;0.4703328211919877;127.6777374426202;25.818655567407298;86.16386348106515
0.0;29.0;10.177698779801714;-0.5970733063106624;0.1150368342281715;1.0;0.0;0.0087203925971031;4.703661412615776e-13;7.709728034540513;56.39818162188144;29.11015646907165;1.1679228258125005;0.4710586912105485;126.93032256213723;25.8352571274842;86.15270565181167
0.0;29.0;10.285292820145962;-0.5971053933001272;0.1154341695053343;1.0;0.0;0.0085468567844207;4.245054424885738e-13;7.81074754265228;56.29346918929596;29.11055554883044;1.0876786473137134;0.4712055795872761;126.18703714555704;25.84583866518605;86.146086137417
0.0;29.0;10.196072318172348;-0.597169564412911;0.1162287845876885;1.0;0.0;0.008210076525156;3.4576233606595894e-13;7.989596310448269;56.08556569806446;29.11135350832916;0.8278436324729503;0.4704780147323401;124.7127834389648;25.850768814374767;86.1374816466469
0.0;29.0;10.2309679352027;-0.5972176902393949;0.1168246971111205;1.0;0.0;0.0079662290422823;2.964479828845516e-13;8.11533405486729;55.930959579031175;29.11195178316321;0.5754823044094342;0.4694456950691353;123.61780033193553;25.84183941701292;86.12583645908106
0.0;29.0;10.439113606012764;-0.5973460152652099;0.1184135909796737;1.0;0.0;0.0073507955833636;1.966696486600418e-13;8.449441515052342;55.52414723914057;29.11354626917365;-0.1278738611372661;0.4659281352164827;120.7422210355186;25.770653158170013;86.01465025495125
0.0;29.0;10.341401448703854;-0.5975545108155947;0.1209948951707803;0.0;0.0;0.0064504776601695;1.009588071609942e-13;8.056523676524396;54.48166590604888;29.116134278505992;-0.6355543100647504;0.4596727637929606;116.20461766752835;25.61178832801187;85.43386515669485
0.0;29.0;10.107152274333712;-0.5976186551665474;0.12178897887127;0.0;0.0;0.006196303102953;8.223157942517455e-14;7.437108724215467;53.89325248503771;29.11692984353161;-0.5744484673963178;0.4577395598332007;114.84147409138728;25.65574726055101;85.14500773450436
0.0;29.0;10.557439557757002;-0.5978751943186709;0.1249645291423074;0.0;1.0;0.0052758904290686;3.6192311110375154e-14;5.400449353912902;51.79562391400949;29.12010902428485;0.1241871032124234;0.4500747826948379;109.54043445514728;26.276290842592488;83.53806858518935
0.0;29.0;10.5432364454377;-0.5979232885947123;0.1255598033389991;0.0;1.0;0.0051191912074348;3.103038273825789e-14;5.085951659164021;51.672240349799;29.12070464812262;0.3230279707269693;0.4486514783440829;108.57299159764968;26.44357067914905;83.188656879454
0.0;29.0;10.78922410870821;-0.5980355002009097;0.1269486003103432;0.0;0.0;0.0047714207337601;2.1669673578189188e-14;4.421513930486673;51.18830506122866;29.122093971443665;0.8612684916405005;0.4453478367363303;106.34749361252555;26.867004099925204;82.40131527749533
0.0;29.0;10.712888554538464;-0.5980515294735544;0.1271469796293388;0.0;0.0;0.0047237065264225;2.0586189899279728e-14;4.333962082945471;51.04867448385392;29.12229239850781;0.9157955377442794;0.4448778738463245;106.0331748382144;26.930203539110856;82.29559737076796
0.0;29.0;10.676702365225715;-0.5985963823654691;0.1338887984551729;0.0;0.0;0.0033564449170367;3.598972717772506e-15;2.195658564957149;46.4980716873127;29.129034432668217;-0.5212523203524556;0.4291907423465563;95.86490679146104;29.091278479860392;78.6300338924701
0.0;29.0;10.48255080414198;-0.5986764844515349;0.1348797277076659;1.0;0.0;0.0031919457191393;2.784816483594933e-15;2.793474775416391;46.2581444237487;29.13002546364268;-0.5244148645876464;0.4269309394868101;94.4517222096646;29.322787207707485;77.90736912777871
0.0;29.0;10.215880105236122;-0.598884721855238;0.1374555100541932;1.0;1.0;0.0028009994728163;1.4295634952397284e-15;4.520397609396753;46.39944829311317;29.132601848545274;0.0102918087219167;0.4230827928122354;90.8716847910854;29.39187352916559;76.07138201265637
0.0;29.0;10.271245488160254;-0.5989808177724557;0.1386440203311631;1.0;0.0;0.0026370854021392;1.0508605324842553e-15;5.178251507303077;46.72757359376186;29.133790813043948;0.5861855423249818;0.4253203782089225;89.26431803598744;29.251961730512875;75.4297994636512
0.0;29.0;10.298258491059276;-0.5991569712178132;0.1408224360757798;1.0;0.0;0.9251057778682028;0.663420431289063;6.17081279068611;46.41339392134036;29.13597033556349;0.9808475808931356;0.4236577452537364;100.1107909157084;28.83393700302227;74.84937361482432
0.0;29.0;10.250049894960895;-0.599237031379707;0.1418124003683676;1.0;0.0;0.8797663898576604;0.5133420832795055;6.565109937219584;46.27333194348938;29.136960907231536;0.7801227653861167;0.4216727221755447;104.01516258205886;28.595248469133207;74.79805224901588
0.0;29.0;10.305169057138636;-0.5993811245698001;0.1435939780626861;1.0;0.0;0.8036817708913896;0.3235335449737097;7.179795990281407;46.02545977101499;29.138743712155254;0.1413934953937662;0.4178002188913032;109.28189535230597;28.12206052421505;74.86941602483923
0.0;29.0;10.406114210604102;-0.5994451597543304;0.1443856413766643;1.0;0.0;0.772013502428003;0.2635200944657426;7.422786792187257;45.91701852811726;29.13953596631215;-0.1359642407394952;0.4160516017335704;111.19046214743427;27.90175791683896;74.91563745539396
0.0;29.0;10.919214041730386;-0.5995412053376675;0.1455729629264422;1.0;0.0;0.7268353876055055;0.1937114844585013;7.794810085715079;45.75631557515351;29.140724214539787;-0.4302452718202315;0.4134310147082401;113.70854343036892;27.563348363191725;74.95386878313658
0.0;29.0;11.997014304211056;-0.5998932986025465;0.149924668818012;1.0;1.0;0.5826534802640423;0.0626721632689785;9.129791821425773;45.97891459061239;29.14507955145008;0.1967483623406035;0.4082208172968344;120.29223602053808;26.26599829414012;74.65531078458847
0.0;29.0;11.978745649894062;-0.5999253013232193;0.1503201357825909;1.0;1.0;0.5710586760067878;0.0565616273502531;9.241694383130117;46.12427662677737;29.145475355786463;0.4042105518482066;0.4091329515162222;120.7181117495902;26.147812533358373;74.63112940157203
0.0;29.0;11.93857920972054;-0.6000693016869927;0.152099438575837;1.0;0.0;0.521671949857373;0.0356479322505603;9.687879133250826;45.87948759062;29.14725617418001;0.9666928542422236;0.4090198325278403;122.32841714978852;25.628267159683315;74.66009023812524
0.0;29.0;12.058070345156304;-0.6001172974879743;0.1526924302799579;1.0;0.0;0.5061777712746591;0.0305636459133241;9.82382126991749;45.79907092337498;29.147849668454874;0.9692474793144766;0.4080520232408995;122.76015704178604;25.458755883951977;74.71379896855582
0.0;29.0;12.458849869758398;-0.6002132826085206;0.1538782485670351;1.0;0.0;0.4765563237231312;0.0224670882588185;10.103494410028071;45.63998138462604;29.1490364856655;0.7446642851755775;0.4057461214815442;123.47744407759689;25.124717025605936;74.8559760509654
0.0;29.0;12.450803102715234;-0.6002772678872563;0.1546686710944498;1.0;1.0;0.4577781031087082;0.0182995838061093;10.274768181511932;45.734712966979885;29.149827568848423;0.5021215853868726;0.4044776534137286;123.85302539146883;24.90569381064188;74.95419068735382
0.0;29.0;12.62516175666509;-0.6003092590859844;0.1550638452693486;1.0;1.0;0.4486683188568449;0.0165153743850136;10.362768393364888;45.8812441795401;29.15022307166029;0.4116259214791966;0.4046015599843636;124.0115406993014;24.79780445089101;75.00067973823224
0.0;29.0;12.123194269682598;-0.6004532075934038;0.1568418211171686;1.0;0.0;0.4098662476752174;0.0104088049575357;10.680325544033751;46.23293563971808;29.152002512449865;0.317610509769988;0.4075591917853842;124.49801430932384;24.33550802557881;75.20063047200831
0.0;29.0;11.949069702040749;-0.600485193508777;0.1572368580535472;1.0;0.0;0.4017099093464806;0.009393946474176;10.732540989917656;46.17752048720974;29.152397871979428;0.3032730777452488;0.4075166393964207;124.55840869034763;24.23931167631268;75.24387564371406
0.0;29.0;11.683563269155432;-0.6006291182376162;0.1590142120257794;1.0;0.0;0.3669689306730999;0.005920529220334;10.92048761567124;45.93145082316722;29.15417666632879;0.13558763479637;0.405014423503611;124.63309925215582;23.836394566410664;75.39936750416207
0.0;29.0;11.887241140377649;-0.6007890117788892;0.1609884452688341;1.0;1.0;0.3318801229859002;0.0035448395440541;11.0259844381362;46.06231903177558;29.156152484108176;-0.0104331152401531;0.4023203275902368;124.37059731977564;23.4509526999386;75.43727956410511
0.0;29.0;12.020930065356056;-0.600820987603559;0.1613832148956737;1.0;1.0;0.3252757085384808;0.0031992176885088;11.061643300099917;46.20723053174931;29.1565475694644;0.0454293914278259;0.4028293970741053;124.27834448838249;23.38150869750641;75.43005151348228
0.0;29.0;11.532942516566552;-0.6009328954192285;0.1627647048322373;1.0;1.0;0.3031782164446118;0.0022341330302086;11.16603707435528;46.70887757960804;29.1579301634329;0.4553814137351254;0.4060997650606668;123.85967005970724;23.155544275991826;75.41697343763178
0.0;29.0;11.592142461319373;-0.6011406929695797;0.1653294805717082;1.0;1.0;0.2660452586454783;0.0011468745040508;11.232004056650808;47.618035752033;29.16049699473822;1.3525045992454403;0.4138693415006585;122.72433168270068;22.831600210965554;75.68813012723882
0.0;29.0;11.396073738995728;-0.6013484498828204;0.1678931386846321;1.0;1.0;0.2334603075306051;0.0005887389471696;11.260277450160464;48.4987526879375;29.1630627310488;1.4829045470633055;0.4218367799138067;121.19043342987604;22.613344527300747;76.53182841640904
0.0;29.0;11.434996349992089;-0.601492257779434;0.1696673151011145;1.0;1.0;0.2132700175320427;0.0003710523739355;11.253961245707874;49.0922867433092;29.164838366823943;1.168476224757854;0.4273033330980333;119.93190608261796;22.51515140664493;77.33577366558266
0.0;29.0;11.555726616720811;-0.6015242124433895;0.1700615020757662;1.0;1.0;0.209025944183155;0.0003348747674768;11.26466505255752;49.222418815993606;29.165232880768745;1.0869750608113165;0.4285113133392145;119.63292388294605;22.49780537362124;77.5216762811221
0.0;29.0;11.48154478443951;-0.601667996520277;0.1718350058294036;1.0;0.0;0.1909488051828649;0.0002110546245339;11.30259651632341;48.91000691451642;29.167007868741614;0.4553019301910839;0.4287708845771175;118.2092807611232;22.427810345033787;78.29724105207502
0.0;29.0;11.58742692899962;-0.6016839713255744;0.1720320275400674;1.0;0.0;0.1890393171310363;0.0002005018933072;11.308236625256608;48.87571392491461;29.167205056695472;0.3673199650396321;0.4284694418332808;118.04369223597892;22.420233342380936;78.36961208891006
0.0;29.0;11.53962896655398;-0.6018277337421265;0.1738049123332283;1.0;0.0;0.1726906766517313;0.0001263661999055;11.350126055530117;48.57079415024454;29.16897944985411;-0.3370155567283842;0.424973368243196;116.49339886991292;22.35170449455444;78.81496026385247
0.0;29.0;11.648804449399224;-0.6019714766594603;0.1755772339986253;1.0;0.0;0.1577559116009771;7.964222289961526e-05;11.37821020330563;48.272462821048784;29.17075330170334;-0.6141967008437417;0.4210421757268071;114.84618677838152;22.282256538690405;78.83967606910777
0.0;29.0;11.723969479328586;-0.6022269714628999;0.1787266197781255;1.0;1.0;0.1343224968688082;3.505266624882904e-05;11.48880770599967;48.15597633107044;29.17390545945949;-0.0290074291128967;0.4153433899362163;111.72286313386358;22.14878136507405;78.11450147552206
0.0;29.0;11.776599227221478;-0.6023068009434437;0.1797104290238633;1.0;1.0;0.1277393579999605;2.7123084951893543e-05;11.518597157291024;48.491374964508296;29.17489014771456;0.444156720843094;0.4169705844756664;110.70483807966386;22.108472554528905;77.84196593052816
0.0;29.0;11.538852796918876;-0.6023866244009193;0.1806940585590753;1.0;1.0;0.1214788584385764;2.098732610196833e-05;11.530324980350168;48.82269828907104;29.17587466197357;0.9548970508063256;0.4195191965810187;109.67024375307334;22.073625317907343;77.6405889027519
0.0;29.0;11.515447251181865;-0.602562214802226;0.1828574061088925;1.0;1.0;0.1087646690437367;1.1937593023435745e-05;11.548772716033808;49.53750706377127;29.178039975029883;1.6787167108351468;0.4259619108702235;107.34454558030365;22.01985896644824;77.61907735113726
0.0;29.0;11.392411015564308;-0.6025941371966608;0.1832506472479721;1.0;1.0;0.1066002521297664;1.077367770365076e-05;11.543009081156384;49.66541925030378;29.178433576240952;1.7155276440367824;0.42716248298484;106.91539865114804;22.01368285235814;77.68422071748516
0.0;29.0;11.219285992781826;-0.602769693130496;0.1854129477291301;1.0;1.0;0.095443283645404;6.128068871993391e-06;11.51145207330048;50.35786272288343;29.18059787128216;1.4523321605754365;0.4337589214441577;104.52743168006332;22.000344668501565;78.34993681584993
0.0;29.0;10.4862371016912;-0.6028813953536787;0.1867884905461458;1.0;1.0;0.088959377376339;4.279459046344141e-06;11.423722013014125;50.7889086650249;29.18197469542815;1.0792183341796937;0.4379268772535452;102.98809434640889;22.013202754168464;78.93809722279441
0.0;29.0;10.466377771446917;-0.602897351849579;0.1869849668396455;1.0;1.0;0.0880697836025756;4.065486094026934e-06;11.404765281037584;50.84988650102347;29.1821713555143;1.0270231788279245;0.4385199269415036;102.76719984697222;22.017186722474296;79.0258721221278
0.0;29.0;10.53414513928298;-0.6029133081043091;0.187181435653635;1.0;1.0;0.0871890857665499;3.862211789325587e-06;11.387525824170613;50.91071539327627;29.18236800830564;0.9766099483919224;0.4391123682219309;102.54608733319786;22.021687375657624;79.1138918745355
0.0;29.0;10.0;-0.603056903543731;0.188949317110452;1.0;0.0;0.0796487336400737;2.4341567004538788e-06;11.17726631466742;50.85590095224774;29.18413755378772;0.4980063022804521;0.4417343396924532;100.5477872656718;22.087539965397102;79.87742976841261
1.0;29.0;10.650940729486818;-0.6033440358007921;0.1924832377112689;1.0;1.0;1.952852836020844;1.540361054544532;10.928772864808098;50.56504651646165;29.18767484631074;-0.399998822201846;0.436206517175063;118.96627163945412;22.27150709538428;80.60146363038817
0.0;29.0;10.5684247059113;-0.6034397291786827;0.1936606591545669;1.0;1.0;1.8385721798150696;1.1323069198302589;10.879639288612728;50.93186991232616;29.188853404691294;-0.0739732596519513;0.4381923943344728;141.1963471724349;22.33024993006368;80.55357677287161
0.0;29.0;10.516061766096916;-0.6034556772302119;0.1938568689950212;1.0;1.0;1.8201864580169191;1.0756915738387458;10.87243987255847;50.99248554581279;29.1890498046548;0.0125108927585162;0.4386642364310958;143.83764060675233;22.340196278303686;80.53988999626064
0.0;29.0;10.272627151823327;-0.6035354138670298;0.1948378017265492;1.0;1.0;1.7309792105368145;0.8323496344657951;10.83273417891404;51.29334999605327;29.19003169072843;0.5160420655941417;0.441279446964306;154.45931045838316;22.3909010683293;80.4732726462724
0.0;29.0;10.209375623576824;-0.6035832529522039;0.1954262679060113;1.0;1.0;1.6795673970046603;0.7136357678501111;10.797339923635692;51.47211059848326;29.190620731103465;0.8342749767723311;0.4429587393196765;159.425266895689;22.4231799610471;80.44915109947549
0.0;29.0;10.147382448557574;-0.6036789246036696;0.1966029889928616;1.0;1.0;1.5812793638609963;0.5245878658065617;10.732877013237651;51.82572091118246;29.191798605541408;1.382193304267601;0.4464035389081198;167.53939698579836;22.49186678127329;80.4764421216949
0.0;29.0;10.110748780140458;-0.6037108132224536;0.1969951665257508;1.0;1.0;1.5498119045201626;0.4734405488904219;10.706333227690502;51.94244255171164;29.19219116900223;1.5170355260676642;0.4475611633777779;169.87577188987316;22.51610967195565;80.5138549837005
0.0;29.0;10.267284591141932;-0.6037267571696279;0.1971912434765186;1.0;1.0;1.534313785474961;0.4497685214459008;10.697639375362057;52.00058960653644;29.192387439195087;1.5732783756419229;0.4481404234157441;170.99144280878062;22.52837697195484;80.53835340403315
0.0;29.0;10.137834460780043;-0.6037586443394868;0.1975833737071509;1.0;1.0;1.5037809411440093;0.4059160906049255;10.677293990297878;52.11645791974097;29.192779956467845;1.6621356047119948;0.4492990483163939;173.12988345111532;22.553201551773142;80.59903641242704
0.0;29.0;10.027548638673558;-0.6037745875621586;0.1977794269713302;1.0;1.0;1.4887431317325692;0.3856202860746792;10.66442804969775;52.17417986936061;29.1929762035326;1.6944995294320344;0.449878181512477;174.1565798278353;22.565844452659707;80.63517245179816
0.0;29.0;10.0;-0.6039021246486999;0.1993475676241638;1.0;1.0;1.3737298261722342;0.2558283765014753;10.57122612396771;52.63090778837452;29.19454590133096;1.6783163381875668;0.4544982305358157;181.5270768669517;22.67146871854177;81.04993530175786
0.0;29.0;10.085040792255723;-0.6040137069175748;0.200719272202715;1.0;1.0;1.2804059683614326;0.1786544967100941;10.504571028964062;53.02327854219041;29.19591897831232;1.3694582802811166;0.4585137931828646;186.9700248640944;22.768438193028345;81.54480504116694
0.0;29.0;10.356634237661432;-0.6041571524388121;0.202482313927594;1.0;0.0;1.1696729358791615;0.112596891096184;10.441997720143352;53.02101872325008;29.19768379825873;0.772254774192331;0.4616627538461667;192.8370610725693;22.892349401063893;82.22625589200666
0.0;29.0;10.326627588836647;-0.6041730896218365;0.2026781670605353;1.0;0.0;1.15797620652037;0.1069670465413748;10.43971317829279;52.97664893309731;29.197879849928785;0.6808718661511143;0.461518219861364;193.41775000736808;22.905175522406008;82.29600181112323
0.0;29.0;10.325619216420716;-0.6042049632628597;0.2030698489973155;1.0;0.0;1.1349324800106149;0.0965377595035907;10.434632500979111;52.888232158312135;29.19827192951568;0.4898954778145834;0.4610510505516773;194.5388198926876;22.92985806328178;82.42704872504787
0.0;29.0;11.1090924513043;-0.6044121183632438;0.2056149868138989;1.0;0.0;0.9959271108936704;0.0495568945787091;10.519229423055815;52.32387904584878;29.20081967084051;-0.5469954677017927;0.4556885956175908;200.60226335473067;23.04405160263805;82.85855275806689
0.0;29.0;11.255320989053804;-0.6046510927075722;0.2085499560336579;1.0;1.0;0.8565554323378622;0.0229592746522673;10.330133461878493;52.09348829075538;29.20375768472119;-0.2938982097176092;0.4512766221588478;205.2670918386809;23.135980873181524;82.34280493964643
0.0;29.0;10.927343171438585;-0.6049218645106038;0.2118739840425212;1.0;1.0;0.7220275714452278;0.0095997396139951;10.607744059980476;53.056376870962815;29.207085216030936;1.5848799716326134;0.4595983750673112;208.04000013772293;23.17978914197062;81.65151694569794
0.0;29.0;11.095625524720548;-0.6050651859803264;0.2136327744464026;1.0;1.0;0.6595846396739423;0.0060502302252304;10.711495106902094;53.55016030727622;29.20884588374604;1.8711680219129017;0.4646705450155051;208.59681489270724;23.17598703715132;81.81849478109076
0.0;29.0;11.300181107490529;-0.6052880915208796;0.2163672927387108;1.0;1.0;0.5730113938834728;0.0029505458987333;10.830300569971351;54.2969808729898;29.211583353327427;1.1929002299279003;0.4725186101000703;208.406045454888;23.15931041532948;82.71170841098974
0.0;29.0;11.475330547664369;-0.6053358508205041;0.2169530409799361;0.0;1.0;0.5559923824737397;0.0025297242899265;10.199593010039862;54.154807557704345;29.21216973889029;1.0012241605323984;0.4733863702623405;208.21581116097752;23.18902036996637;82.94271635794784
0.0;29.0;11.365512132152997;-0.6054313628819766;0.2181243029423793;0.0;1.0;1.4840518013171944;0.8163658298110421;9.046227557103084;53.87355218071468;29.21334228067625;0.6944661705292963;0.4723617893761845;216.3268827984702;23.376573712195807;83.37074385862942
0.0;29.0;11.067764948473313;-0.6056223608488889;0.2204658828841143;1.0;1.0;1.315441065530632;0.4411315113614761;8.184152746572709;53.82016148868229;29.215686440952645;0.5732483360312287;0.4691260632220657;227.77566246723032;24.020176537046574;83.90582574533107
0.0;29.0;11.294639242783315;-0.6057655864321552;0.2222212352171291;1.0;1.0;1.201678101410491;0.2780228746464951;8.711642966301971;54.297205703073175;29.217443746605827;0.8265494240569908;0.4726565197571168;233.2061877354585;24.32525990604701;84.06452124825928
0.0;29.0;11.24329776089538;-0.6057814991744102;0.2224162300250668;1.0;1.0;1.189661320396386;0.2641217309141704;8.761773240699062;54.34956512078448;29.21763895940417;0.8613804261928281;0.4731608143981775;233.71465570086;24.34825103132709;84.07725919944373
0.0;29.0;11.439420408049775;-0.6060042521201932;0.2251452196388882;1.0;1.0;1.033513290707574;0.1288055596075256;9.404135129983215;55.0693032480986;29.22037102091812;1.2220950885840536;0.4806767352348503;239.33649562797896;24.50833419197233;84.30610416366841
0.0;29.0;12.01339585263412;-0.6061156107776398;0.226509053855951;1.0;1.0;0.963301924869853;0.0899497262181618;9.738266785776078;55.42003147227449;29.221736405099907;1.2329379943950989;0.4844909421714093;241.2516653881505;24.49846416311911;84.50528804544328
0.0;29.0;11.709368870768536;-0.6062587687379348;0.2282619022722417;1.0;0.0;0.8799929229028013;0.0566907618538866;10.086940776287868;55.16817062604076;29.2234912600486;0.8958154526812367;0.4859081883100097;242.9663917937307;24.418614516709933;84.82963202682008
0.0;29.0;11.972242493124124;-0.6064973216855126;0.2311816700107046;0.0;1.0;1.6612273403765658;0.6250012720363597;8.801726530191196;53.84317095667389;29.226414406298705;-0.3368091404658075;0.4794315389887865;260.8821736471928;24.375989501004096;85.02160310307903
0.0;29.0;12.078588114896345;-0.6065132232747904;0.2313762475057106;0.0;1.0;1.6446150669728;0.5937512084345417;8.627440677029016;53.79673992686092;29.226609210551707;-0.371986717150263;0.4789361367613499;261.9534635396471;24.402989161709225;84.99805890631669
0.0;29.0;12.210279062343718;-0.6065291246214742;0.2315708157457774;0.0;1.0;1.628168916303072;0.5640636480128146;8.45660591439412;53.7504216085124;29.226804005740124;-0.3923470625099061;0.4784393058416214;262.97523895472074;24.433696960160987;84.96930725656327
0.0;29.0;12.640709304672002;-0.6065927275820068;0.2323489959995649;0.0;1.0;1.564012564606755;0.4594333667042375;7.806431182967471;53.56626996848211;29.227583095692268;-0.3350836680453665;0.4764440134866019;266.649794353959;24.589924372257432;84.80636509962068
0.0;29.0;12.847828425775624;-0.6066245276064759;0.2327380303938814;0.0;1.0;1.5328887145710806;0.4146386134505744;7.500336649390821;53.47486331025276;29.22797258607845;-0.2329891472330236;0.475444563275582;268.2830942900044;24.68568091833584;84.69995238655451
0.0;29.0;12.545529935126494;-0.6066404272547445;0.2329325336307034;0.0;1.0;1.5175598274253697;0.3939066827780457;7.351820038036925;53.42932632167202;29.22816731759685;-0.1666593098129559;0.4749448793811446;269.0569243702751;24.73741460860526;84.6416452875869
0.0;29.0;12.399893288865073;-0.6066722258232957;0.2333215121445532;0.0;1.0;1.4873603868596048;0.3555007812071862;7.063551059399087;53.33858367599042;29.228556753245293;-0.0086038654123949;0.4739460280568559;270.52741542960734;24.847864775402805;84.51664538106651
0.0;29.0;12.38096745163246;-0.6067040234211714;0.2337104533268509;0.0;1.0;1.4577619151610983;0.3208394550394856;6.786585267163705;53.2482810138283;29.2289461523241;0.1759432194692073;0.472948269268315;271.9039484689021;24.96671739343953;84.38298145839818
0.0;29.0;12.526711586670174;-0.6067517179978625;0.2342937949679382;0.0;1.0;1.4144649285188988;0.275079727764479;6.391365314853059;53.11364730912282;29.22953018223805;0.4825126848674679;0.4714543873697444;273.8107824943903;25.15854383390134;84.17286060554065
0.0;29.0;12.41468566200955;-0.6067676157046925;0.2344882234484268;0.0;1.0;1.40032027923371;0.261325741376255;6.264807803417837;53.06898708652846;29.22972484052379;0.5881165064887651;0.4709572676370738;274.40751665974244;25.225632103266804;84.10171686557224
0.0;29.0;12.144227353208338;-0.6069106841436384;0.2362376567613334;0.0;1.0;1.279216727081102;0.1647003942482306;5.232807330414927;52.67189143109224;29.23147635065273;1.4227882310006967;0.4665046357351362;279.0100291425836;25.88056796923563;83.49611182910898
0.0;29.0;12.403568543971051;-0.6070378395815479;0.2377920662050079;0.0;1.0;1.1803904479375351;0.1092656065856398;4.459104234689501;52.32613464720944;29.23303261910284;1.7327847927808586;0.4625810330346317;282.0826019953939;26.50669900481252;83.082994612974
0.0;29.0;12.72947880670977;-0.6071967620251771;0.2397342214920603;0.0;1.0;1.0675239626263202;0.0654213548511108;3.6508057038878254;51.9032834047852;29.23497711528117;1.4871022196605506;0.4577226792160975;284.7609029964497;27.298176583882583;82.73379794901963
0.0;29.0;12.853626290585368;-0.6072126529338177;0.2399283844074697;0.0;1.0;1.056848723000057;0.0621502871085552;3.578514898898902;51.86156058211213;29.235171513332475;1.437229456892443;0.4572396558653598;284.9637090757758;27.37632903684867;82.70451322803646
0.0;29.0;12.68335200042334;-0.6074033248905842;0.2422575885942142;0.0;1.0;0.9367747197597605;0.0335835345902369;2.8149594100522104;51.36871350082591;29.237503553992514;0.818229554927526;0.4514829708282994;286.5627194556392;28.28213253700193;82.33344179128683
0.0;29.0;12.56919503951492;-0.6074192126412232;0.2424516261411055;0.0;1.0;0.9274069725621628;0.0319043578607251;2.759219467394695;51.32828776181023;29.23769782914881;0.7796854315958579;0.4510065309507575;286.63047074489907;28.35429962482452;82.2970417288861
0.0;29.0;12.638390469179928;-0.6074351001488832;0.2426456539900421;0.0;1.0;0.9181329028365413;0.0303091399676888;2.704583249327579;51.28796010538957;29.23789209479725;0.7448105171956132;0.4505305938338145;286.6887400788095;28.42587752330068;82.25942549612779
0.0;29.0;12.792488922791664;-0.6074509874135806;0.2428396721330424;0.0;1.0;0.9089515738081756;0.0287936829693044;2.6510289006511467;51.24773029263544;29.23808635093005;0.7138025073975679;0.4500551589498658;286.73764930453785;28.4968532287462;82.22056564005047
0.0;29.0;12.6989408464615;-0.6074827612140163;0.2432276792706321;0.0;1.0;0.890863437489393;0.0259862988797972;2.5470805458673538;51.16756324532172;29.23847483461769;0.6639502592574437;0.4491057937706745;286.80786791115656;28.636950598946072;82.13907602686986
0.0;29.0;12.417210548297383;-0.6075304200922115;0.2438096169892602;0.0;1.0;0.8644039025325204;0.0222800030020661;2.398750083963824;51.04804056203016;29.23905748858769;0.620520838067584;0.4476854995646482;286.84596280821535;28.84230600621392;82.00762399710229
0.0;29.0;12.534453519781554;-0.6076733836034421;0.2455549026786657;0.0;1.0;0.7896478737556254;0.0140419587407147;2.003604371606073;50.69465407565206;29.240804933297618;0.694511058857951;0.443451510050671;286.5046451010558;29.42197763374036;81.56091709856089
0.0;29.0;12.034143062583938;-0.6081180330409429;0.2509795670501843;0.0;0.0;0.5959624804227096;0.003339555310188;1.1444766031228992;49.24529619937701;29.24623641303346;1.1211655672961398;0.4305334756387622;281.7699528964238;30.86303277819644;80.25699629173482
0.0;29.0;12.022843281577677;-0.6081497864192843;0.2513667439154047;0.0;0.0;0.5841028270622977;0.0030139486674447;1.0996009959696091;48.97532692403106;29.246624082405727;1.0201969916808786;0.4296252902354834;281.2542048419505;30.945720693471262;80.17902944975847
0.0;29.0;12.249845561128318;-0.6082767902017565;0.2529150485700046;0.0;0.0;0.5389777846720841;0.0019995151248392;0.93701801322295;47.908507465759214;29.248174364676807;0.3792134308822972;0.426011665897488;278.9946078217406;31.251750150773365;79.793461490746
0.0;29.0;12.22743466336289;-0.608292664579727;0.2531085412084672;0.0;0.0;0.5335880068253633;0.0018995393685973;0.918463793492367;47.77661093710678;29.248368105370755;0.2883250056080725;0.4255621052378781;278.69121201195475;31.28731563316732;79.73204492485665
0.0;29.0;12.326407043784643;-0.6083085387143916;0.2533020237224783;0.0;0.0;0.5282521267571098;0.0018045624001674;0.9002769718417424;47.64503531920204;29.24856183612999;0.1981763733034881;0.4251130189896582;278.38339050855245;31.32230312027161;79.66684863235322
0.0;29.0;12.117879592075893;-0.6086101010342313;0.2569762575738237;0.0;1.0;0.4364253326011433;0.0006809581227029;0.6156643477613909;45.70200717965893;29.25224082265457;-0.4960577652693793;0.4166698557425973;271.778285335864;31.885246586547776;77.61539838515645
0.0;29.0;12.12273407625915;-0.6086735766414524;0.2577493094322989;0.0;1.0;0.4192284331595812;0.0005546446469298;0.5683297408495197;45.59578785475021;29.253014883791263;-0.1690935520452437;0.4149138280155146;270.22637577671566;31.98132874303885;77.04300444846923
0.0;29.0;12.014553371937524;-0.6087846495802465;0.2591017529530947;0.0;1.0;0.3907482954053874;0.0003873290430298;0.4940819997685645;45.41236428897839;29.254369100839387;0.6467535065517058;0.411858568572135;267.3963869359908;32.132973311673915;76.08683180499077
0.0;29.0;12.575938003625836;-0.6088481144738351;0.2598743499826274;0.0;1.0;0.3753512534807166;0.0003154819263543;0.4560950874058037;45.30893964174594;29.25514271547788;1.1122805920739052;0.4101228176986758;265.71944504243487;32.210819167651;75.61565599002405
0.0;29.0;12.182973684838377;-0.6090702109127459;0.2625771265752818;1.0;1.0;0.3260848297789598;0.0001538526418461;2.164682220314696;45.74699399944016;29.257849077544005;1.85053190556463;0.4083848344715527;259.5553154705364;32.23202372494641;74.65339123584883
0.0;29.0;11.988163132984788;-0.6091971017254088;0.2641206474301401;1.0;1.0;1.2711920466119668;0.8574770689860086;3.621410886998173;46.326866158688674;29.25939466388456;1.56444758550597;0.4125583564047152;262.98867121191626;31.862772822157027;74.63331240100781
0.0;29.0;11.72146461778891;-0.609244681759621;0.2646992936432459;1.0;1.0;1.2334363716355448;0.7351794020218791;4.094161808529338;46.54141122418197;29.259974087774147;1.383162323532166;0.4143269955300636;265.75213853056664;31.67529252992604;74.70977937579795
0.0;29.0;11.679469694562226;-0.6092922596005638;0.2652778445646089;1.0;1.0;1.196802077961597;0.6303244398085086;4.534284175959544;46.75438862041823;29.260553418073;1.1901237719935425;0.4161309790382398;267.8636829805288;31.46873255188056;74.82184988075821
0.0;29.0;10.232693689772626;-0.6098630225535865;0.2722129470867152;1.0;0.0;0.8334687864816529;0.0994520951748156;7.767075025872215;45.929072761353865;29.26749800570221;-0.4897213598666838;0.4075846246445023;275.8102046786994;28.506793995222484;75.77382824489074
0.0;29.0;10.222049117936256;-0.6099105718662944;0.2727902402747922;1.0;0.0;0.8087139300543614;0.0852677401005075;7.909149158960137;45.84756277299651;29.268076100355465;-0.3575890935738063;0.4062978530120559;275.780868184098;28.270414774825003;75.69346365017869
0.0;29.0;10.166375541845763;-0.6100849005596614;0.274906140190119;1.0;1.0;1.7140725183295775;0.9985002984373738;8.345966751704735;46.34596009260008;29.27019495349404;0.4281236161842001;0.4058883767814724;279.21070072856105;27.468967164742672;75.34727579102764
0.0;29.0;10.094620085024054;-0.6101007471586116;0.2750984289042124;1.0;1.0;1.696931793146282;0.948575283515505;8.380592551870762;46.41758132738442;29.27038751181393;0.5272025081305911;0.4063300190489217;280.9235237817266;27.40188082730935;75.32307750445092
0.0;29.0;10.295912391123313;-0.6101799764926653;0.2760597072620256;1.0;1.0;1.6137652506410791;0.7339894721679557;8.561934484363663;46.773072972180536;29.27135014102684;1.014322112179705;0.4089346560428383;287.6534207061384;27.08035419076107;75.25182104024786
0.0;29.0;10.22911278183942;-0.6101958216272899;0.2762519298372478;1.0;1.0;1.5976275981346686;0.697289998559558;8.594946970440278;46.84365136279169;29.271542634338207;1.1037246495601267;0.4095041635371488;288.72711974276103;27.01879166652009;75.2494218850311
0.0;29.0;10.031492050368463;-0.6103067307350803;0.2775971780306825;1.0;1.0;1.4890933230811985;0.4869436121872966;8.797714084075588;47.33289833857277;29.272889782958977;1.571781959884562;0.413671405501536;294.6950526850615;26.614625036652868;75.36331235149272
0.0;29.0;10.176861631995113;-0.610354259548126;0.2781735465661201;1.0;1.0;1.4448657622923635;0.4174932794990834;8.8723393280221;47.5400261367088;29.27346696878798;1.667171587628656;0.4154995888324739;296.67185398013044;26.455791906819115;75.48427529115926
0.0;29.0;10.3559651369892;-0.6103701019975405;0.278365647167592;1.0;1.0;1.43041710466944;0.3966186155241292;8.901717224180802;47.60873183599201;29.273659342197213;1.6839438229665826;0.4161107031964496;297.2746461401623;26.404521437037804;75.53384361338296
0.0;29.0;10.41844060477682;-0.6104176278808476;0.2789418821337372;1.0;1.0;1.387932286243653;0.3400508854850003;8.989184903371092;47.813843969262976;29.27423639671592;1.6909687215303202;0.4179457684415104;298.9387185321396;26.255188799234748;75.70829450070505
0.0;29.0;10.480083840860852;-0.610433469353632;0.279133938150606;1.0;1.0;1.3740529633812164;0.3230483412107502;9.018706818073388;47.88188105115801;29.274428726293504;1.6797369967160745;0.4185574896597575;299.4496687393595;26.206820854964345;75.77441155950191
0.0;29.0;10.176316985857616;-0.6105443528258783;0.2804780172088566;1.0;1.0;1.280707153356544;0.2255967051086865;9.180922121632086;48.35351136795761;29.275774725545684;1.4527529271489303;0.4228306348997243;302.5071199494859;25.88994381446799;76.32533414359281
0.0;29.0;10.059556977945808;-0.6105918706508476;0.28105388295783;1.0;1.0;1.242668870194701;0.1934209750425601;9.236872782030163;48.55318075876111;29.27635141705705;1.3044617092986497;0.4246547265604201;303.5725795752501;25.76591706945688;76.59457799597581
0.0;29.0;10.000645682949164;-0.6107977558228781;0.2835481293578252;1.0;0.0;1.090468058222226;0.0992911262783009;9.446502039919876;49.10278339683634;29.278849261319746;0.6822829088850306;0.4316963739458149;306.77411721822034;25.302969085291824;77.79950845602194
0.0;29.0;10.0;-0.6108135914337411;0.283739915286956;1.0;0.0;1.0795633776400038;0.0943265699643859;9.457462140772174;49.067792830663954;29.27904132532348;0.6254383878498148;0.4317569412934375;306.9341975150319;25.271935480338588;77.88596302352568
0.0;29.0;10.00531479796304;-0.611177743037097;0.288147843645665;1.0;0.0;0.8567569165936969;0.0289919190874989;9.680009681468295;48.28601360359954;29.28345570124948;-0.4810912236707542;0.4236067003210331;307.7614934497066;24.66933367036069;78.78255152746941
0.0;29.0;10.32575972999225;-0.6112252315395945;0.2887223433046981;1.0;0.0;0.8313103794139475;0.0248569466276444;9.714919636140428;48.187222392500935;29.28403104921827;-0.4657510669342276;0.4222764021254842;307.51160180108866;24.602281616840344;78.72046234004779
0.0;29.0;10.600861556482732;-0.6113360294879656;0.2900624379405162;1.0;0.0;0.774835598007153;0.0173585328970958;9.79496812472796;47.959487616676746;29.28537312981076;-0.299473809031592;0.4191752942194133;306.6520143394578;24.4521230632185;78.4565321714249
0.0;29.0;10.46915505300435;-0.6113993372216995;0.2908279512173913;0.0;0.0;0.744303983851635;0.0141386335355151;9.440419933787991;47.63156675253055;29.286139782046817;-0.1590917331428644;0.4174101716237108;305.9976722383237;24.384659206417066;78.25303410968317
0.0;29.0;10.329100188251536;-0.6114468154541393;0.2914019640541576;0.0;0.0;0.7221974112272576;0.0121221109275123;8.890652707613093;47.2386247892736;29.28671465107199;-0.0509504416489344;0.416090642407059;305.43390080365754;24.3845730113814;78.08106916337074
0.0;29.0;10.18705094844417;-0.6114626410424777;0.2915932783643877;0.0;0.0;0.714975437114985;0.0115160053811367;8.714605998440575;47.10828097834716;29.28690625115343;-0.0162550625384033;0.4156516662345051;305.23257606559554;24.39375251604505;78.02005020919452
0.0;29.0;10.342238820413035;-0.611478466386231;0.2917845810108866;0.0;0.0;0.7078256827438352;0.0109402051120798;8.542045247103736;46.97825429688185;29.28709783975862;0.0172391032153793;0.4152131318877011;305.0247053295548;24.407176800099283;77.95718794335713
0.0;29.0;10.144298458845144;-0.6115417653152448;0.292549674806754;0.0;0.0;0.6799345266192539;0.008910865440071;7.885301628661108;46.461303443063365;29.287864079263603;0.1339761511801938;0.4134634727834967;304.1295709084706;24.49934488873556;77.68744462275275
0.0;29.0;10.020267374515164;-0.611731638617462;0.2948438308455153;0.0;1.0;0.6026836781527745;0.0048150760303467;6.202797990702103;46.12294239298201;29.290161690419552;0.7947315640967133;0.4082580921688327;300.8799604592578;25.052980509729057;76.79250919417662
0.0;29.0;10.077857784129325;-0.6117632807424297;0.2952260254295868;0.0;1.0;0.5906902729575343;0.0043456061173879;5.959582803275554;46.06749995083463;29.290544463479005;0.9286192354774172;0.4073969005133407;300.26294593744274;25.17372091116528;76.65222435014024
0.0;29.0;10.0;-0.6118265620558619;0.2959902728280959;0.0;1.0;0.5674147193488183;0.0035395233426507;5.501388299721869;45.95741840453707;29.29130987007533;1.1694589097901458;0.4056799586748912;298.96981729574736;25.431318139014177;76.39473509370308
0.0;29.0;10.027456957164338;-0.6118740204712727;0.2965633340877596;0.0;1.0;0.550561934769439;0.0030346988259051;5.181012379408118;45.87555504223738;29.291883802699207;1.3116891265150767;0.4043970003563875;297.95054506729747;25.635684617313924;76.22583580902959
0.0;29.0;10.134344379262236;-0.6119847482073849;0.297900061482001;0.0;1.0;1.4737557112752229;0.8166254933725415;4.50415575258674;45.68684021392789;29.29322256982724;1.4733422311617437;0.4014191844313731;304.0566062325754;26.136817580417752;75.9202722828992
0.0;29.0;10.244738634654754;-0.6120480158141193;0.2986636437231296;0.0;1.0;1.415683855965691;0.6651465682612686;4.15785977887957;45.5804323288609;29.29398732174713;1.45689717074791;0.3997274299711873;307.6445146599147;26.43169522239477;75.79769437277851
0.0;29.0;10.929096426241427;-0.6122694215878236;0.3013346730967264;1.0;1.0;1.2298694220748354;0.3243753387855805;3.779395172210198;45.51493082611679;29.29666246855981;1.0397890277913624;0.3946624471377181;314.52773590306015;27.428242785373826;75.54560984894486
0.0;29.0;10.643400740690565;-0.6123484834462163;0.3022880407102379;1.0;0.0;1.1695935830694315;0.2509954537473866;4.444343455487091;45.78121590749149;29.297617315566047;0.8802724283232721;0.3959670972478627;315.8786546763995;27.634136786280227;75.49165757535256
0.0;29.0;10.681963886248568;-0.6123642950830952;0.3024786779888158;1.0;0.0;1.1578976472387374;0.2384456810600173;4.567856581425151;45.75427814000288;29.29780824928377;0.8406239022023776;0.396141346902334;316.1024735089944;27.66232804242244;75.48350713325866
0.0;29.0;10.732582830654309;-0.612395917622032;0.3028599162410137;1.0;0.0;1.1348554840586864;0.2151972271566656;4.809909943214363;45.70059812732506;29.298190080974592;0.7420060236261324;0.3961807314463838;316.5079932298594;27.70688619406302;75.46874832824669
0.0;29.0;10.73345741224464;-0.6124275391811242;0.3032411060356256;1.0;0.0;1.1122718599259185;0.1942154975088907;5.042736341078053;45.64717775371043;29.29857186495499;0.6225411656529506;0.3959259253451784;316.8600466054475;27.736647709379668;75.454720611
0.0;29.0;10.773912935020457;-0.6124433495932113;0.3034316827422229;1.0;0.0;1.1011491413266592;0.1845047226334462;5.156221227829756;45.62056453649877;29.298762739034697;0.5569159506517181;0.3957207501963571;317.016896515374;27.74633006852226;75.44747535575837
0.0;29.0;10.967630772046464;-0.6125065887917455;0.3041938681199325;1.0;0.0;1.057759471573315;0.1502802497394584;5.595577119717702;45.51475446463449;29.299526115772093;0.2733816726853512;0.3945752355536885;317.5231696650389;27.753283934762727;75.4123655574643
0.0;29.0;10.959906501169076;-0.6125223979788939;0.3043843840640807;1.0;0.0;1.0471818768575818;0.1427662372524854;5.701797965240024;45.48846186395447;29.29971693002291;0.2010512894613255;0.3942352207359406;317.6206919226881;27.74760375198829;75.40114221374812
0.0;29.0;10.963540143505796;-0.6126014402393524;0.3053367810014716;1.0;0.0;0.9958595453271676;0.1104697929045756;6.199756008587909;45.35795059691961;29.300670821294208;-0.1349211250465717;0.3923742445039565;317.944417128855;27.681092429015568;75.32280592447515
0.0;29.0;11.221060881971908;-0.6126488626551823;0.3059080726631826;1.0;0.0;0.9662815209714052;0.0947140386915605;6.490578778598112;45.28039967745109;29.301243011796043;-0.2961395659482095;0.3911886672892336;318.01386964714624;27.614091215151937;75.25437912944989
0.0;29.0;10.683149211445242;-0.6127753116476711;0.3074309781378937;1.0;0.0;0.8916311468001052;0.062835228397884;7.137800213232803;45.07633284720732;29.30276832238724;-0.5034318186926869;0.387950649085115;317.7768598999645;27.36117134166416;74.98712464464208
0.0;29.0;11.083421480376956;-0.6128227259757125;0.3080018649957893;1.0;0.0;0.8651488101089954;0.0538733539476358;7.359205935069321;45.00082203424265;29.30334011424155;-0.4940432323284406;0.3867295599607754;317.53983049356884;27.24643806085552;74.85922575937951
0.0;29.0;11.113558553298018;-0.6129807578014825;0.3099040192298609;1.0;1.0;0.7824250760777713;0.0322559670491133;8.070007435893011;44.85292547090736;29.30524529724898;-0.2174900310777457;0.3827748209779562;316.2198982376385;26.801632874760784;74.37992068590758
0.0;29.0;11.325271493098898;-0.6130281625682569;0.3104744241211769;1.0;1.0;0.7591862688931854;0.0276554597487335;8.260503674429096;45.07793338604557;29.305816614406577;-0.0333930176997657;0.3828024237868717;315.67622361547325;26.65615485102604;74.23952785000293
0.0;29.0;11.743849142299576;-0.6131071656085562;0.3114248504589739;1.0;1.0;0.7219785877381252;0.0213992675713685;8.578222394092416;45.44929931286752;29.306768564914407;0.4064047051927393;0.3846008610375865;314.63077794909964;26.40754223114983;74.04902028053338
0.0;29.0;13.365251121127946;-0.6135178825674623;0.3163620258108677;1.0;0.0;0.555954662905829;0.0056391370119047;10.194188722856405;44.88359596367916;29.31171374097515;0.195356294245702;0.3794361596281484;306.79590817513014;25.01133253452124;74.23787528248786
0.0;29.0;13.635627685118472;-0.6136915975007612;0.3184482633068772;1.0;0.0;0.4977674773330981;0.003207541652731;10.841114968898372;44.614286958130975;29.313803401236004;-0.4315696107694362;0.375078591145291;302.49533273352904;24.36966948805693;74.31813448163507
0.0;29.0;13.621492409607498;-0.6137073882946963;0.3186378449852342;1.0;0.0;0.4927898025597671;0.0030471645700944;10.89617031732161;44.590158356590365;29.313993295189764;-0.460293295755462;0.3746832993086672;302.0806365661818;24.310872261409425;74.31074191092814
0.0;29.0;13.581202965545568;-0.6138968586723736;0.3209118288063867;1.0;0.0;0.4368014259249558;0.0016465661142187;11.454850921547482;44.305128685085805;29.316271040803866;-0.3995730686736601;0.3699680673703621;296.8337267893968;23.618431960243505;74.04420721464632
0.0;29.0;13.601772019094282;-0.6139126462745377;0.3211012442016481;1.0;0.0;0.4324334116657063;0.0015642378085077;11.497362994182474;44.28174808471287;29.31646077088882;-0.3681422692301746;0.3695776840340748;296.3756590245218;23.56234008117889;74.01075853204001
0.0;29.0;13.482233281939887;-0.6139915806017222;0.3220481283660181;1.0;1.0;0.4112398717383973;0.0012103773979401;11.688595568214089;44.662654747476005;29.317409231285367;-0.0692013899023332;0.3696036711984482;294.04210131149176;23.288199568884792;73.83852279056127
0.0;29.0;13.844711643051811;-0.6140389382509329;0.3226161043420524;1.0;1.0;0.3990256363078952;0.0010377473215588;11.815019494322572;44.88897427471512;29.31797815522757;0.207026601445728;0.370748991629677;292.6092146395493;23.129225848365035;73.74661678024586
0.0;29.0;13.899611124181716;-0.6140547236427841;0.3228054038681698;1.0;1.0;0.3950353799448163;0.0009858599554809;11.856297360787824;44.96404607715565;29.318167771113504;0.3085245135552268;0.3712276715574231;292.12642237653364;23.077093171368592;73.72038696483284
0.0;29.0;13.562993454286824;-0.6141652145079425;0.3241301385852981;1.0;0.0;0.3681987888438352;0.0006884627756376;12.088633065151022;44.88881039173722;29.31949472554244;0.8747906077195376;0.3725568149159763;288.6794164917535;22.72701136611197;73.62264647901715
0.0;29.0;12.939628560159498;-0.614433499346002;0.3273447014235245;1.0;0.0;0.3103706628681166;0.0002878602865355;12.299300832186995;44.47512146242044;29.32271471692553;0.4032686320735945;0.3671859506924917;279.890441157093;22.01892949750128;73.85091794274405
0.0;29.0;13.212925801034302;-0.6144808363568753;0.3279115854634361;1.0;0.0;0.3011523438102707;0.0002468042131684;12.34608293148743;44.40386979919123;29.32328256450177;0.182367910437831;0.3660432340375777;278.2888368391332;21.91289988500876;73.89948929701501
0.0;29.0;13.369690956420207;-0.6145439489302434;0.3286672471843074;1.0;0.0;0.2892857398662942;0.000201023574152;12.413779500634387;44.309669463749564;29.324039513529865;-0.0941929036978739;0.3645127435112009;276.13384200297145;21.776959428841423;73.94110415680402
0.0;29.0;13.432543669777822;-0.6145597264590517;0.3288561297666372;1.0;0.0;0.2863928824676313;0.0001909723954444;12.433952428544355;44.28626164448694;29.32422871840186;-0.155998756392502;0.3641298607851855;275.59183335943715;21.743750882099693;73.94626552504447
0.0;29.0;12.867292454331258;-0.6148594527927986;0.3324423909154008;1.0;0.0;0.2366088135845899;7.206412140574427e-05;12.678872777051472;43.85211690326282;29.327821138206875;-0.3908216129064118;0.3569054253540644;265.09355286627374;21.17590214615295;73.59736767850958
0.0;29.0;13.286253859335345;-0.6149067698883589;0.3330082051801055;1.0;1.0;0.229581295212314;6.178597609024999e-05;12.711008727710068;44.08428070408074;29.32838793099337;-0.2470432289832584;0.3565769939094708;263.40848652867214;21.09948436422846;73.48697126255756
0.0;29.0;13.431493514082996;-0.6149856267949395;0.3339509624475234;1.0;1.0;0.2183295273900651;4.7808810503466215e-05;12.778215779830866;44.46745737820013;29.32933232282645;0.1752069252738781;0.3581833207151703;260.5881895992044;20.979661826272185;73.31670653028159
0.0;29.0;13.506625202465072;-0.6150013974383048;0.3341394738571215;1.0;1.0;0.2161462321161645;4.541836997829291e-05;12.79263939371668;44.54353238070154;29.3295211617034;0.2770486753351833;0.3586752611061095;260.02257126252306;20.956835629985783;73.28854033340743
1.0;29.0;14.275613985495848;-0.6150802469649745;0.3350818302703163;0.0;1.0;1.2055529160658482;1.0000351438689017;12.629545591369176;44.82125244574073;29.33046515822442;0.8100462344404695;0.3614296165908884;259.1880718141619;20.852532123786183;73.19789377816333
0.0;29.0;14.559582845826531;-0.6154586390599021;0.3396004601095456;0.0;1.0;0.9471765737393368;0.2919992859627647;7.814953310224909;44.24541945816486;29.33499172481612;1.537267175485495;0.3561863982137301;271.39766207328955;21.997120469917355;73.93936038048979
0.0;29.0;14.843293024864884;-0.61550592810313;0.3401647408208143;0.0;1.0;0.9190444823227047;0.2503528878023253;7.359845875317894;44.17576580603446;29.33555700509139;1.3841946147378903;0.3550730760885178;271.79423377026166;22.260811887157125;74.08743744298924
0.0;29.0;14.719133310042428;-0.6156004995419403;0.3412929346624527;0.0;1.0;0.8652621365233446;0.1840323776180398;6.527597736388636;44.0379676283976;29.33668720303693;1.0488077620541578;0.3528416923225073;272.27905500258805;22.82328037850108;74.34243336420583
0.0;29.0;14.938391330491914;-0.6156162605865992;0.3414809192321977;0.0;1.0;0.8566095151581111;0.1748307587371378;6.3983426427238;44.0151953083944;29.336875522268933;0.9957203285590968;0.3524701835385064;272.3241711937299;22.92034031033951;74.37712091176758
0.0;29.0;14.983683076675712;-0.6156477819371935;0.3418568473865656;0.0;1.0;0.8395629858064647;0.1577847597602669;6.147460041135962;43.969815777423584;29.33725212030033;0.8963318823505095;0.3517279051232156;272.386235504482;23.116463565342293;74.43834684334674
0.0;29.0;15.580285153944764;-0.6157738574886573;0.3433600124316283;0.0;1.0;0.7747022907909785;0.1046776333709973;5.238519883523658;43.79047953594157;29.33875797222012;0.6359541090615881;0.3487714371300244;272.28688418486803;23.91627972004648;74.56289305568463
0.0;29.0;15.757156465946126;-0.6158211317565276;0.3439234729126738;0.0;1.0;0.7516928580521957;0.0897479859114588;4.933452225366684;43.72411901185789;29.339322443316806;0.6063589674211847;0.3476686649778646;272.1172488007214;24.217772336661795;74.55900836683672
0.0;29.0;16.17845431599661;-0.6160417156907273;0.3465513148046289;0.0;1.0;0.6530300229211908;0.0437678471550315;3.72862290577944;43.420730372492365;29.34195502331045;0.8544448186263929;0.3425675662389546;270.4869977992328;25.587485674326512;74.26161257818326
0.0;29.0;15.54515132765274;-0.6161992460747444;0.3484266824826565;0.0;1.0;0.5905886471725137;0.0262054268426567;3.052738152695452;43.21023329830666;29.34383379741123;1.1199734801196397;0.338969657640351;268.5788408318624;26.49447352426216;73.91953602694814
0.0;29.0;15.42602891243261;-0.6162622513272681;0.3491764397360511;0.0;1.0;0.5673170980252145;0.0213444839472617;2.8180324466010527;43.12745058588417;29.34458492237847;1.1813390354600024;0.3375410932997451;267.66386852945027;26.83547909466565;73.78427148331058
0.0;29.0;15.59473023947205;-0.6162937524745257;0.349551234590392;0.0;1.0;0.5560274877745127;0.0192633967624037;2.707535790416664;43.08635875541858;29.34496040219176;1.1987326032960086;0.3368290702012265;267.1762962366936;27.000962823414408;73.71915375488916
0.0;29.0;15.559238952226508;-0.6163252526357132;0.3499259735165362;0.0;1.0;0.5449625407677999;0.0173852155780693;2.6013717692376286;43.04546531378094;29.34533582681138;1.2071746996982549;0.3361185489842712;266.6694327629012;27.16302656563225;73.65602598790034
0.0;29.0;15.843640650345272;-0.6164512434187669;0.3514243687400082;0.0;0.0;0.5028612931554466;0.011533707216856;2.216742696437564;42.78397796889259;29.34683697215201;1.1580098630399267;0.3332914201415863;264.46005456072584;27.776428705846584;73.42343960564907
0.0;29.0;16.346560713725303;-0.6166402000026632;0.3536702735406795;0.0;0.0;1.4258286428245972;0.9087323550427756;1.743751402241032;41.36762482205449;29.349087024145543;0.3626366659043934;0.3290952501093172;266.2557040291125;28.59134035165596;73.00420205607375
0.0;29.0;16.200693604389436;-0.6167189214303667;0.3546054667103861;0.0;0.0;1.3559488521886132;0.7031597736215816;1.5778114371069631;40.78958696257912;29.35002395310523;-0.0662863432162111;0.327362476508326;271.56652427290464;28.894403688007827;72.70982146951762
0.0;29.0;15.67895394195356;-0.6168133790028564;0.3557272303526488;1.0;0.0;1.2765989279386498;0.5168870474029353;2.327040554013854;40.40407499634119;29.35114780574285;-0.4530776744177148;0.3252951869878712;275.7598391095132;29.181799570264737;72.21894086005945
0.0;29.0;15.38475849642334;-0.616876345783419;0.3564747882986495;1.0;0.0;1.2262958365481444;0.4210077306537371;3.3424212647634275;40.348475234222114;29.35189676001626;-0.5888486111283623;0.323924251798228;277.80267922961195;29.22625209187687;71.81810224770732
0.0;29.0;15.26368301720141;-0.616939308615973;0.3572221181009041;1.0;0.0;1.1779748876677596;0.3429134279157855;4.260370061485814;40.29340900597898;29.352645489075744;-0.6186342523679483;0.3225590943246723;279.4512727237769;29.167556184913032;71.37907851282814
0.0;29.0;15.192674758787083;-0.617096698422176;0.3590894413387617;1.0;1.0;1.0653393732172318;0.2053149362540378;6.2407568606919845;40.35755693043671;29.35451632326928;-0.3129109729684801;0.3195501175481415;282.3659795480359;28.684188207991404;70.24798538664032
0.0;29.0;15.105038156896866;-0.6171911204580552;0.3602091463076686;1.0;1.0;1.0029958722593273;0.150925344664532;7.238026409998444;40.87062287784708;29.355638143592977;0.2187760163339968;0.3214354959520703;283.4778070705038;28.24008666337405;69.66692150347636
0.0;29.0;15.811905161867967;-0.6173170026805632;0.361701279119387;1.0;1.0;0.9255091196603982;0.1001269572497942;8.414858145062412;41.54311321955237;29.35713310711613;1.0865187021521248;0.3263403635473111;284.3497133085483;27.546235359724573;69.20622519578876
0.0;29.0;15.116504113904671;-0.6174743332349198;0.3635651425621878;1.0;1.0;0.8370138580780431;0.0599497079189938;9.664496108280607;42.36544704273497;29.3590005253929;1.7395395751424274;0.3332474354747826;284.5796709805436;26.588102480966768;69.30970857963662
0.0;29.0;14.705824546140578;-0.6175687197124227;0.3646827630599981;1.0;1.0;0.7880319321540236;0.0440685441365897;10.236931677142824;42.84928693697902;29.360120287556008;1.7479273266487363;0.3374403114784008;284.30883857532456;26.00642324856124;69.7216498100809
0.0;29.0;14.92222868527852;-0.617631639090292;0.365427551745009;1.0;1.0;0.7569803297797458;0.0358941046276531;10.594782723403704;43.16792769385842;29.36086650766805;1.6167458032567497;0.3402285360995806;283.97287706621;25.62541363120439;70.10858636417841
0.0;29.0;14.7726707575029;-0.617647368317149;0.3656137123920721;1.0;1.0;0.7494105264819484;0.0340993993962705;10.67751060730144;43.24710235263168;29.361053026628063;1.5713990987886255;0.3409241808665257;283.87040861121915;25.531215457913863;70.21613220353491
0.0;29.0;14.588620886108853;-0.6177260107454017;0.3665442961104642;1.0;1.0;0.7126819539746533;0.0263854652330331;11.060487730754984;43.64008604777684;29.361985404647115;1.300071988858695;0.3443927143805509;283.2521103209343;25.069197979758904;70.80000197470629
0.0;29.0;14.592661981307236;-0.6178990023424881;0.3685902887454557;1.0;0.0;0.6380914165133567;0.0150080550593065;11.778514792028847;44.18902473074103;29.36403536078828;0.6920623885334668;0.3511619746290472;281.31632563895494;24.116086925829507;72.18485285877036
0.0;29.0;15.02177040743196;-0.6179304521473097;0.3689620960295211;1.0;0.0;0.6253933973247409;0.0135447696910241;11.901621388814238;44.14268545890875;29.364407891078944;0.5578015181453441;0.3513573367845994;280.8861736747619;23.952494725694667;72.42570640044981
0.0;29.0;15.418662296836969;-0.6180405186779369;0.3702629562411501;1.0;0.0;0.582907514456219;0.0094588178422424;12.352466364235092;43.98225428997373;29.365711287551257;0.0421581339524697;0.3501734860147559;279.20832937848894;23.39258740440127;73.16160277135079
0.0;29.0;15.423462861280228;-0.6180562414792056;0.3704487342316871;1.0;0.0;0.5770784393116568;0.0089858769501302;12.41327637958811;43.95955676545001;29.36589742859308;-0.0273528084109058;0.349885658763258;278.94778355523863;23.314162158264534;73.24898722782113
0.0;29.0;15.069594003511012;-0.6181191302120148;0.3711916979397228;1.0;0.0;0.5543392462598047;0.007319052937612;12.627090511031582;43.86931432984619;29.366641846326928;-0.2704005983855946;0.348611739079478;277.85643068389123;23.005853902398545;73.54561255969914
0.0;29.0;14.948922497136072;-0.6181505730949699;0.3715630907375034;1.0;0.0;0.5433078952592346;0.0066054452761948;12.717425069986009;43.82451984524673;29.367013967229585;-0.3648515460800418;0.3479295698595742;277.28225079251064;22.85572399346356;73.66063843708844
0.0;29.0;14.508564953647603;-0.6181977355649126;0.3721200684467341;1.0;0.0;0.5271711074621401;0.0056633436436775;12.83893585990722;43.75773355687617;29.36757203846077;-0.4662979263587957;0.3468774484665092;276.3869124037011;22.636170385561503;73.7907492256954
0.0;29.0;14.327528163977313;-0.6182448958093548;0.3726769121926387;1.0;0.0;0.5115135983994071;0.004855609256498;12.9351627694999;43.69143064139466;29.36812997736603;-0.5170219035783079;0.345806533318551;275.45230223538294;22.424952516271137;73.87104896390679
0.0;29.0;14.328025212690672;-0.6183077726730695;0.3734191617868762;1.0;0.0;0.4913579216832129;0.0039549240869755;13.041705230643217;43.60377258064885;29.368873689718885;-0.5088756602944439;0.3443663187018188;274.1480952306306;22.15756007663857;73.90606728635876
0.0;29.0;14.442282949138392;-0.6185120951488599;0.3758298199958658;1.0;0.0;0.4311769060940997;0.0020302289700203;13.37963156282624;44.30777274987044;29.371289121979675;0.4282752142862383;0.3472230127927751;269.4960465713005;21.39599507082005;73.68734472534265
0.0;29.0;14.367638997624972;-0.6185278105307295;0.3760151502180597;1.0;0.0;0.4268651370331587;0.0019287175215192;13.399195441335744;44.28427046980255;29.371474820708364;0.5183512909762941;0.3474085460765883;269.11442357579455;21.34400770269901;73.66864590463732
0.0;29.0;14.42626266584221;-0.6185435256651768;0.3762004653995422;1.0;0.0;0.4225964856628271;0.0018322816454433;13.419532766365805;44.26082505016728;29.37166050457806;0.5998184646731022;0.3474916574288347;268.72967679688145;21.29289139905647;73.65125689569555
0.0;29.0;14.654720764660082;-0.6185749551918241;0.376571050611145;1.0;0.0;0.4141868155981368;0.0016536341850126;13.465837395098209;44.21410423849624;29.37203182771077;0.7351914769299178;0.3474232525172498;267.9510195378133;21.192894751979743;73.62081267867705
0.0;29.0;16.548075128005813;-0.6188734863256039;0.3800885967092603;1.0;0.0;0.3421881514535566;0.00062400481699;14.23758315659608;43.78136365880249;29.375556420265823;0.3431307722247462;0.3417909617688561;260.015628788785;20.294208968689933;73.5499719468332
0.0;29.0;16.48588835246441;-0.6189520322990799;0.3810133565953135;1.0;0.0;0.3254175272260065;0.000482843032295;14.458216036982618;43.6707552247922;29.37648304536393;0.006793795282606;0.3400084639054267;257.7889858897331;20.05592549956232;73.51992285047213
0.0;29.0;16.285870512444035;-0.6190148646214394;0.3817528902187907;1.0;1.0;0.3125947782373682;0.0003932786675732;14.596109326291362;43.981282964463226;29.37722407441912;-0.1474650429161681;0.3399193713884264;255.97311417695505;19.86870548745712;73.4699369689095
0.0;29.0;16.201945497932527;-0.6190305720830357;0.3819377354679367;1.0;1.0;0.3094688304549945;0.0003736147341946;14.627907151326072;44.05844170757205;29.37740929397903;-0.1554021808220971;0.340196172518848;255.5146636649313;19.82291480226673;73.454940843155
0.0;29.0;15.98361578096736;-0.6190776929821037;0.3824921795205363;1.0;1.0;1.280377296721651;0.90282032793273;14.706707299531866;44.28878964059567;29.37796486205092;-0.1115049933403657;0.3414360481202693;259.6769351980479;19.68918535237064;73.40796703337163
0.0;29.0;14.83600060173856;-0.619438879154137;0.3867383279240167;1.0;1.0;1.0161257111313533;0.2774880281118827;14.930481666366465;45.99977912473107;29.382219682052025;1.4837512040785474;0.3562645716087743;271.70590791389344;18.90983006793875;73.6909788659049
0.0;29.0;15.071010665073056;-0.6194859807323573;0.3872915719753255;1.0;1.0;0.9859457613850412;0.2379112981024254;14.93793065993013;46.2159434705328;29.38277406423423;1.5754705080370892;0.3582962675717681;272.294018773398;18.840795870228625;73.87933087201685
0.0;29.0;15.103939050415567;-0.619501680762843;0.3874759556855344;1.0;1.0;0.9760863037711908;0.2260157331973041;14.94121793062476;46.28764669572799;29.38295882768289;1.592879960205384;0.3589725446754162;272.4647686077831;18.81921487817616;73.95018291680384
0.0;29.0;15.760248426548374;-0.6195958757417561;0.3885819322092068;1.0;1.0;0.9189658791027704;0.1661423326270019;14.999663211366355;46.71420457274204;29.384067086430843;1.5680990032347497;0.3630178398854284;273.2506925087834;18.700410863496103;74.44828314583894
0.0;29.0;16.252689753281885;-0.6197214551678029;0.3900556968754257;1.0;1.0;0.847970889302371;0.1102222179667764;15.189697917030465;47.2733026613877;29.385543904175563;1.2852320833505826;0.3683746454650505;273.73443635978424;18.55202833614633;75.24480935094562
0.0;29.0;15.695023652259271;-0.6197842389316955;0.390792204990901;1.0;0.0;0.8145574528600091;0.0897766854228017;15.22805376795178;47.24987253812903;29.386281943162047;1.0595194658135176;0.370236257640116;273.7610064761042;18.48191111669876;75.6633220810459
0.0;29.0;15.71229881158744;-0.6197999342529058;0.3909762929590128;1.0;0.0;0.806411878331409;0.0852878511516616;15.237642595495176;47.21917137858647;29.38646641429892;0.9827088454487928;0.370361682573568;273.74675572033374;18.465126161394977;75.76615377187413
1.0;29.0;15.533092658985227;-0.6200824076342019;0.3942871949738269;1.0;0.0;1.6729618098643746;1.0338775556679731;15.367058520080658;46.679098615893615;29.3897842441853;-0.5551914703316171;0.3655728978845096;274.3133937556223;18.190837484778665;76.98432323272611
0.0;29.0;15.514718955559688;-0.6201137886054661;0.3946547583302492;1.0;0.0;1.6396698698480734;0.933074493990346;15.373878309195332;46.62053330827295;29.39015258090921;-0.6336147160496576;0.3648208526423213;277.71793151924845;18.163308006538617;77.01409774397351
0.0;29.0;15.593398018094048;-0.6201294787190273;0.3948385163329026;1.0;0.0;1.623273171149593;0.8864207692908287;15.378225183378914;46.59135702474527;29.39033672586569;-0.6614587049729339;0.3644428586551254;279.20454872913587;18.14979500097437;77.02053567062617
1.0;29.0;15.121011989681376;-0.6202706785780517;0.3964916267651041;1.0;1.0;2.482888039222617;1.558666166613179;15.347698743405822;46.729986081730125;29.391993326984263;-0.5216464614705062;0.362360352390398;293.1900197681361;18.042746768431023;76.85901781521696
0.0;29.0;15.535757678657946;-0.6203334276204058;0.3972259304798176;1.0;1.0;2.3850523437539697;1.2695433343699756;15.358372959574616;47.01068154264477;29.39272918679402;-0.1560966507710912;0.3637828022184998;309.7393468869113;18.00464311915954;76.70870199442255
0.0;29.0;15.793617750703309;-0.6206627949484388;0.4010768431939546;1.0;1.0;1.9312433499040185;0.4323577425962752;15.4052101869685;48.44013181127584;29.396588316199896;1.8665082394048167;0.3767653190952916;345.65659819004253;17.88981179857165;76.5445054431214
0.0;29.0;15.656544213620826;-0.620678476376465;0.4012600440536701;1.0;1.0;1.9119309164049785;0.4107398554664614;15.41018703178258;48.50638740863122;29.3967719103068;1.8837110059664075;0.3774205017808576;346.600854094679;17.886371304830476;76.58796279865835
0.0;29.0;15.40920700078576;-0.6207568797923666;0.4021758074498924;1.0;1.0;1.818227277597323;0.317822670431453;15.430239744962227;48.83524635704838;29.397689642631285;1.8366673475545527;0.3806915109249963;350.8755817301016;17.871195240193682;76.87329165059818
0.0;29.0;14.93269164374338;-0.6209293454556221;0.4041890699741194;1.0;1.0;2.559993784476556;0.8791148603627112;15.359630021169073;49.54473875834916;29.399707252586165;1.2256038032859062;0.3878391643432782;375.5127269671648;17.86634123506617;77.771300603655
0.0;29.0;15.115379337352987;-0.621086106343411;0.406017611295198;1.0;1.0;2.3152124908145497;0.5263585407325446;15.32132691678672;50.17337952879074;29.401539764941056;0.667124179100863;0.3942682168776846;391.4541088364597;17.89316791193544;78.65978444189237
1.0;29.0;15.002192041409057;-0.6211017810659084;0.4062003762240367;1.0;1.0;3.292060365906404;1.5000406136959177;15.315007514385124;50.23540227070224;29.40172292795872;0.632534615370306;0.3949074224936088;396.9470810257269;17.89697105129244;78.74387961595646
0.0;29.0;14.640828480648754;-0.6211331297655636;0.4065658573304631;1.0;1.0;3.226548364624867;1.3537866538605656;15.292784841534148;50.35899367707784;29.40208920577996;0.5783176668840367;0.3961838158955409;406.4112124743151;17.90562392154644;78.90805337359298
0.0;29.0;15.291528902728722;-0.6212898583556414;0.4083922859353753;1.0;1.0;2.9180325051157023;0.8105620775142416;15.2469055329967;50.96796446655158;29.40391962870037;0.5961924339415251;0.4025255560325492;436.0231474654482;17.96363703694189;79.64653277322843
0.0;29.0;15.687120961382696;-0.6213212010916662;0.40875737586169;1.0;1.0;2.8599636582639;0.7315322749566031;15.259971015638277;51.0879817167578;29.40428551963728;0.6465408667791285;0.4037858925208116;439.9977775154517;17.975192267728797;79.7801462661586
0.0;29.0;15.392335642285982;-0.6214152233348678;0.4098522530002647;1.0;1.0;2.692599012263728;0.5377434430510567;15.292801198496342;51.44453132305738;29.405382804099773;0.843421899185591;0.4075509747057223;449.98692223816033;18.006150221450554;80.16493016338609
0.0;29.0;15.12115882214349;-0.6214622311008998;0.4103994703478159;1.0;1.0;2.6126261290004824;0.4610477844858996;15.287966715204846;51.62085370573124;29.40593122752306;0.948995491231238;0.4094245907483081;454.1870925316324;18.021497359099023;80.35304231029633
0.0;29.0;15.080331052722238;-0.6216032409747573;0.4120402351400168;1.0;1.0;3.3094237244962805;0.9539955253161396;15.270396233517385;52.1421245612698;29.407575620192024;1.192431201773264;0.415009962614318;488.1083624196576;18.07207982877413;80.92460477587026
0.0;29.0;15.141471946240388;-0.6216502397907291;0.4125868603309949;1.0;1.0;3.211130530455016;0.8179319135179252;15.25902375954518;52.31334717853216;29.408123457890287;1.231755961769286;0.4168599899444447;495.353693233068;18.09053771343236;81.12097773181999
0.0;29.0;14.718491857054875;-0.62169723636876;0.413133336990604;1.0;1.0;3.115756742569972;0.701274374352431;15.237384372810146;52.483318006845934;29.40867114866412;1.2471257265852849;0.4187041665869871;501.53465689469874;18.11020908891816;81.3203818178599
0.0;29.0;15.113713280216786;-0.6217912228103113;0.4142258439292574;1.0;0.0;2.9334231234919503;0.5155011056895925;15.201835271968903;52.71966250476962;29.40976608864983;1.2084676512800123;0.4222739507120802;511.7277837674872;18.15448318257694;81.7245189495501
0.0;29.0;15.227949767452792;-0.6218068863467598;0.4144078704698438;1.0;0.0;2.9040888922570307;0.4897260504051128;15.202352401951671;52.67558652665475;29.40994852132277;1.1815622447140717;0.4226057966741733;513.2141410928491;18.16192746324883;81.79151684238104
0.0;29.0;15.606706037884605;-0.6219165241373559;0.4156815917097901;1.0;0.0;2.7068006237143747;0.341993965866578;15.226387875987522;52.37003558088102;29.411225090482457;0.7462788851889626;0.4220883670306799;522.3480409754404;18.20779324977628;82.22017236980429
0.0;29.0;15.180608768805769;-0.6220887874652824;0.4176815065992713;1.0;0.0;2.4235021450628325;0.1945261993429021;15.238937205135352;51.90026248235044;29.41322949831993;-0.2184812079427102;0.4179390422730973;533.1805130335463;18.250959348595043;82.56250504284533
0.0;29.0;15.3408711539168;-0.6223392985551801;0.4205868623286694;1.0;0.0;2.0635097346788487;0.0856161680822808;15.297231459659008;52.21253603689929;29.41614142770589;0.1085190248494498;0.4201893220267091;543.0210602218749;18.281373550528784;82.2255545291202
0.0;29.0;15.613556176268869;-0.6224175702028555;0.4214939041594355;1.0;0.0;1.9623772255513736;0.0662481588038648;15.325585442778015;51.99930217378375;29.41705053314293;0.3171016101315744;0.4188184135180798;544.8781052943568;18.283389176804352;82.04934235620453
0.0;29.0;15.567094123069886;-0.622448877119198;0.4218566029242594;1.0;0.0;1.9233259187629013;0.059788963320488;15.338878757407942;51.91473135655483;29.417414058594503;0.3710412957371857;0.4180937545800227;545.4744539409653;18.282341666974617;81.97785244363467
0.0;29.0;15.395895527154432;-0.6225114879640785;0.4225817979047196;1.0;0.0;1.8475392034932272;0.0486984843055582;15.350017773520507;51.74681765168599;29.41814090908075;0.4238801304299896;0.4165069326674497;546.4276521948095;18.278096897014063;81.83534643413418
0.0;29.0;15.460047154230196;-0.6225427918925162;0.4229442940043246;1.0;0.0;1.810773173343712;0.0439503820857663;15.356599751542452;51.66347078383496;29.418504233999133;0.4235746784459402;0.415674789349391;546.7885375416498;18.275126858760565;81.76446959428
0.0;29.0;15.501713236265452;-0.622558443483218;0.4231255166810428;1.0;0.0;1.792665441610275;0.0417528629814779;15.35947327563794;51.62194898015057;29.4186858713517;0.417238380543566;0.4152531340581761;546.9409101584666;18.273436650961628;81.72907033743857
0.0;29.0;15.303154592130497;-0.6226053967611471;0.4236690831322877;1.0;1.0;1.7394214853290082;0.0357978608987446;15.35712001278648;51.7968924957132;29.419230682895734;0.4191582291556187;0.414774388383444;547.2886040940887;18.26843928501481;81.62440457810384
0.0;29.0;15.171949434849658;-0.622683647243421;0.4245746881856929;1.0;1.0;1.6541725251301655;0.0276997023667252;15.341020957797776;52.08562760155098;29.420138366654427;0.5258080221013408;0.4161000883326157;547.5171846976756;18.263065973105952;81.468253565287
0.0;29.0;15.397228546481015;-0.6227305945439626;0.4251178474798232;1.0;1.0;1.605041946961275;0.023749032316671;15.33907299462568;52.25718137057367;29.42068277530132;0.6347096724868997;0.4174944159303991;547.453597729445;18.262202761586416;81.3949652803917
0.0;29.0;15.484350989408732;-0.6227462431459708;0.425298866578163;1.0;1.0;1.588991527491662;0.0225615807008375;15.341949776249953;52.31408679636787;29.420864211205338;0.6757477059218644;0.4180103000430115;547.4002399481552;18.262117816193285;81.37512495002017
0.0;29.0;15.90532927158512;-0.6228088350629336;0.4260227727792701;1.0;1.0;1.5263789212322958;0.0183765484907115;15.37461408882588;52.54032172752746;29.421589786403167;0.8508250150559445;0.420220362139141;547.0315461170239;18.2613781875656;81.32317355473532
0.0;29.0;15.49987737368162;-0.6228870693538162;0.4269272720560826;1.0;1.0;1.4515711664690092;0.0142194229191569;15.40448771302581;52.82002039940582;29.422496375915262;1.0608686874619755;0.4231505871900188;546.2363986295044;18.259628091496594;81.32927711231956
0.0;29.0;15.64954722881363;-0.6229183613261271;0.4272889522776957;1.0;1.0;1.4226849002562758;0.0128330291845391;15.415681070491626;52.930945558154896;29.422858893471886;1.132380388578376;0.4243443049993193;545.8193301250435;18.259116871649585;81.35586341769864
0.0;29.0;15.336560056404664;-0.6232468668519114;0.4310824559371835;1.0;1.0;1.151987611435088;0.0043704372892895;15.442006390032793;54.06347468410608;29.426661231916576;1.1721627649952688;0.4369233303479819;538.4263473140156;18.26312764406793;82.37857896022622
0.0;29.0;14.965126230203806;-0.6234658094611594;0.4336072379001063;1.0;1.0;1.878305436794937;0.515473436193285;15.387136851278472;54.78680786730057;29.429191947073992;0.8853195558992123;0.4451847723599246;549.8997237045633;18.313785746044267;83.4236021276506
0.0;29.0;14.984745633427313;-0.6234814463487734;0.433787449621037;1.0;1.0;1.8595223824269875;0.4896997643836207;15.379168849310185;54.83753262766094;29.42937258391971;0.8731831182501942;0.4457702502205611;550.226979788643;18.31896212499071;83.49725279221249
0.0;29.0;14.450667057302514;-0.6236690695456655;0.4359486347950549;1.0;1.0;1.6482525084008166;0.264614207610706;15.268348107554514;55.43664681377688;29.43153888436008;0.8591921040499519;0.4527480293354605;551.8908245112731;18.396313105738447;84.32656051097312
0.0;29.0;14.5835695409177;-0.6238253947687729;0.4377477047947503;1.0;1.0;1.490650023685998;0.158434300743823;15.116210849168503;55.92264414671165;29.433342236485995;0.9693301382351188;0.4584957088034861;551.0316763379652;18.49562179076364;84.93963499269759
0.0;29.0;14.914763699177488;-0.6239035480233365;0.4386465836227539;1.0;1.0;1.417593340408583;0.1225934417617123;15.085612193679834;56.161219150198754;29.434243262986385;1.025859906961419;0.4613468720435097;550.0172998975045;18.55210680793692;85.22677469372864
0.0;29.0;15.051221654872869;-0.6239348075782735;0.439006012383265;1.0;1.0;1.3893832329344522;0.1106405811899453;15.083677776783835;56.25583475404816;29.434603552048888;1.0444755354389752;0.4624831295483235;549.5136659836355;18.57423022886861;85.3390199672624
0.0;29.0;15.026245404051334;-0.6240442081586519;0.4402634595201359;1.0;1.0;1.2949959663811883;0.0772644443064274;15.07461429451093;56.58336603933849;29.435864015788944;1.0830238744889278;0.4664411886952291;547.342071755884;18.648680893325302;85.7224207271976
0.0;29.0;15.009576172391576;-0.6242004734840074;0.4420583150669628;1.0;0.0;1.1711711392038513;0.0462610768959845;15.064612770809097;56.54467629027421;29.437663195725445;0.9506580086788436;0.4700732407198158;543.2353303631749;18.74704600968774;86.23897461242288
0.0;29.0;15.41056884719506;-0.6242473482131403;0.4425964272520679;1.0;0.0;1.136386185198358;0.0396630908036947;15.081035263320931;56.38470322456456;29.43820260865649;0.7748231619919789;0.4694349685626426;541.7944049352285;18.77142528257512;86.36989684499775
0.0;29.0;15.148250706759129;-0.6243410909293549;0.4436721734245899;1.0;0.0;1.0698850354177825;0.029156016406919;15.108894481187242;56.06823689905535;29.439280961065634;0.3108839232980438;0.4671762160549446;538.6490384237026;18.808522474056687;86.55268270827291
0.0;29.0;15.683232299703016;-0.6244348246550577;0.444747280709157;1.0;0.0;1.007275522987028;0.0214323512236556;15.15395058334108;55.7563541113406;29.440358680910283;-0.1506180739086591;0.4644324893383854;535.1773700749989;18.83151486397416;86.59097431844135
0.0;29.0;16.259054720711987;-0.6244816881460511;0.4452845942847632;1.0;0.0;0.9773584326787904;0.0183755621303817;15.20494789637873;55.602110697934094;29.440897303135905;-0.333078633287458;0.4630030149087302;533.3280869000877;18.8360303066618;86.54738047836187
0.0;29.0;16.129041296559155;-0.6245129292244233;0.4456427142900534;1.0;0.0;0.9579089998684824;0.0165839448226695;15.240499494455314;55.499905033815566;29.44125629645216;-0.4281465737399829;0.4620419034685585;532.05551928999;18.83583473617177;86.49462468746225
0.0;29.0;16.440857347303808;-0.6245754083834556;0.4463587403350495;1.0;0.0;0.9201635632167549;0.0135077267077194;15.317499178389674;55.29697867013917;29.441974071224223;-0.5462323449150659;0.4601118185367768;529.4194150105002;18.82831952112751;86.33463170879057
0.0;29.0;16.743110066849933;-0.6246535017110261;0.4472533711147144;1.0;1.0;0.8750663928996635;0.0104520214353929;15.444571754279009;55.44413568707071;29.44287089185884;-0.4833673022865147;0.459036349484061;525.9632810838821;18.80424145889998;86.04797798072784
0.0;29.0;16.612851162264658;-0.6246847372930661;0.4476110982457515;1.0;1.0;0.8576525716809602;0.0094329493454421;15.49133164213006;55.54220333861753;29.443229496159056;-0.3638897614713838;0.4594163445966658;524.5336062357603;18.791179917778862;85.91668012825393
0.0;29.0;15.93491335154428;-0.6248721297941603;0.4497559550562348;1.0;0.0;0.7602102647264365;0.0050971893352203;15.627401097455696;55.3283898946919;29.445379630701886;0.6393772534764638;0.4605782928022324;515.4446626999278;18.70472585848502;85.16942075181775
0.0;29.0;16.269366009400173;-0.6249345859633577;0.4504703322486113;1.0;0.0;0.7302549470572587;0.0041516925709703;15.665685085337769;55.12709297075883;29.446095772741685;0.7738548177696912;0.459124033155348;512.2392520924756;18.6728452121935;84.97738987276561
0.0;29.0;16.594640065353122;-0.6249501993807437;0.4506488815176061;1.0;0.0;0.7229523975866861;0.0039441079424217;15.68407979856949;55.07707387395045;29.44627476365996;0.7862627802997663;0.4587107230361707;511.4254867951393;18.66421773246736;84.93442660665676
0.0;29.0;16.890003175710543;-0.6250750977199794;0.4520766261348959;1.0;1.0;0.6671004891970588;0.002616601792212;15.84661656240746;54.7811471044936;29.447706047769223;0.6267933867109453;0.4552046582244785;504.7501448355446;18.58145459350141;84.64671214175637
0.0;29.0;17.408780529711624;-0.6252155892241679;0.4536814552933074;1.0;1.0;0.6094078026862874;0.001649111735026;16.0819765841523;55.23299749818228;29.44931487222956;0.5255812348176403;0.4568942531185456;496.9266692125199;18.461162412123805;84.41531671503554
0.0;29.0;17.792934453671158;-0.6252468068076423;0.4540378845583777;1.0;1.0;0.5972805874128302;0.0014883233408609;16.14386925541989;55.33206454969402;29.449672191261243;0.5553590129962777;0.4578199222111446;495.1483659152964;18.431529687884737;84.3817709737979
0.0;29.0;17.815606701788088;-0.625278023390722;0.4543942411773875;1.0;1.0;0.5853947037233149;0.001343211815127;16.209468494219855;55.43064796661154;29.45002943834538;0.5998833093539969;0.4588175695498514;493.3568606222568;18.400517291808203;84.35657631151476
0.0;29.0;17.59197752462437;-0.6252936313071037;0.4545723922268521;1.0;1.0;0.5795407566860817;0.0012760512243706;16.236844084462117;55.47975904801428;29.45020803488925;0.6267988734390311;0.4593352075423323;492.45633079915393;18.38468347860081;84.34737326364365
0.0;29.0;17.456661833363665;-0.6253092389733569;0.4547505250933197;1.0;1.0;0.5737453491192209;0.0012122486631521;16.26099812890295;55.528750102435005;29.4503866134248;0.6563143702709653;0.4598622015320003;491.5527071576571;18.36877308905368;84.34056624910043
0.0;29.0;17.149090873899873;-0.6253248463894974;0.4549286397697664;1.0;1.0;0.5680078956280287;0.0011516362299945;16.278583718964878;55.57762142227222;29.450565173944884;0.688038766652013;0.4603967089424926;490.6460569333395;18.35296532046566;84.33624905079465
0.0;29.0;17.384223331013242;-0.6253716671371032;0.455462874587941;1.0;1.0;0.5511374931199806;0.0009873841126915;16.335614233729352;55.72351988759368;29.45110074734093;0.7924851746873636;0.4620316352665787;487.9086074491484;18.30605172096353;84.33907781987709
0.0;29.0;17.44466439480634;-0.62543409129846;0.4561749325863382;1.0;1.0;0.5294204768524559;0.0008042305309379;16.423081560173742;55.91639250512196;29.45181459255262;0.938797977921802;0.4642517277005255;484.220246803104;18.24351489878455;84.38213813217703
1.0;29.0;17.79194313001043;-0.6255745310257517;0.4577759949393408;1.0;1.0;1.483634736775732;1.000506865817406;16.581658096928248;56.34351449268016;29.45341968633711;1.1953744971166655;0.4692874507137975;477.78148799361736;18.108630580565247;84.65050213365687
0.0;29.0;18.287250673020264;-0.6257461520555924;0.4597308341912065;1.0;1.0;1.3283549351823745;0.5690883976001722;16.872220930439326;56.85293653367928;29.455379472060425;1.234784350929156;0.4754103736188163;482.20691305534206;17.93500298903926;85.25785500262873
0.0;29.0;18.286807883812745;-0.625761752465724;0.459908436657252;1.0;1.0;1.3150713858305507;0.5406339777201635;16.900231704057283;56.898571153994624;29.455557525250327;1.2240602863883163;0.4759638480624082;482.233382957094;17.91846953049329;85.32387448135836
0.0;29.0;18.085960247264094;-0.6258865467353396;0.461328593520375;1.0;1.0;2.1740711540691127;1.1731738766686322;17.119885912294578;57.25965477570461;29.456981294168585;1.091249161507812;0.4803711739819818;497.1154658701032;17.780036038415176;85.88350207902585
0.0;29.0;18.47753386550943;-0.6260581126933417;0.4632793801126365;1.0;1.0;1.946529071718473;0.6673014093054502;17.331278739421247;57.744739562380246;29.45893706550637;0.9081815596964588;0.4863712435955033;510.90770512863577;17.594225477758584;86.65672972280731
0.0;29.0;18.61896016725022;-0.626323200479277;0.4662898183277722;1.0;1.0;1.6408134317290202;0.2790122889510244;17.5539257324527;58.469188495916654;29.46195524874928;0.9123320920490392;0.4955082109320435;516.5967237566138;17.352055763676752;87.66505086868477
0.0;29.0;18.1305910288082;-0.6264946892905903;0.4682348787741339;1.0;1.0;1.4690830335285148;0.158702215701609;17.773102808884314;58.92213532989475;29.46390534739077;1.0190085029639462;0.501333577774063;516.6504701507027;17.199204115913368;88.19878487289881
0.0;29.0;18.880822107687933;-0.6265414537042008;0.4687649568836067;1.0;1.0;1.4254497983496843;0.136067312187167;17.820681717153796;59.043563620884285;29.464436803191344;1.0417121651943857;0.5029106072203698;516.3300641607052;17.159275264932116;88.33473414027844
0.0;29.0;19.296927602402423;-0.6266973187918718;0.4705306640549181;1.0;0.0;1.2891512464523696;0.0814685260293373;18.072965208217504;58.94497815209839;29.466207113916635;0.956022787207726;0.5061596276209634;514.3688304220879;17.017614750868454;88.76276888858209
0.0;29.0;19.269901622971386;-0.6267129039220011;0.4707071313718694;1.0;0.0;1.276259733987846;0.0773950997278704;18.09666633666813;58.8856144653769;29.46638404254041;0.908006183464548;0.5059681487849547;514.10244726157;17.001929863305584;88.80023422387832
0.0;29.0;18.993365280466826;-0.6267284888014563;0.4708835798604352;1.0;0.0;1.2634971366479677;0.0735253447414769;18.11442235474;58.82639500267759;29.46656095250882;0.8529789363273262;0.5057134098814793;513.8240345327057;16.986126537255945;88.83571584271623
0.0;29.0;18.050976536236984;-0.6268219928134163;0.4719418750029497;1.0;0.0;2.1795574729790643;1.0040478846748673;18.129518457253308;58.47408731618795;29.467622020160483;0.4226620220796157;0.5033859553316911;516.0863063629877;16.895414466375815;88.9920101634391
0.0;29.0;17.7741842893361;-0.626884323806897;0.4726470276385351;1.0;0.0;2.0936742121093723;0.8178032773669586;18.11642823431335;58.24205582602216;29.46832902459163;0.1032113214524785;0.5014651239531931;521.1676302258171;16.84105232289362;89.02521549810871
0.0;29.0;17.47630064440971;-0.6269466507883178;0.4733518777799388;1.0;0.0;2.0111750943921565;0.6661058806858713;18.07983295671872;58.01227085028793;29.46903572929221;-0.1840648303953725;0.4994401429919388;524.5757415018555;16.793393095973673;88.98906854315932
0.0;29.0;18.58893706518911;-0.6270712927133961;0.4747606687764794;1.0;0.0;1.855801147915934;0.4419082506488015;18.04921769007866;57.55935341279815;29.47044823769272;-0.5290807865993852;0.4952952645596306;528.5782113006505;16.715817540269654;88.69726195487338
0.0;29.0;19.31085578770536;-0.6271959185854383;0.4761682443858672;1.0;1.0;1.7124306631526718;0.293170962235623;18.194308300720312;57.80922187019512;29.471859541746;-0.2901043684124819;0.4945957236558692;530.4306471669992;16.63201398814077;88.17015935673957
0.0;29.0;19.22073908616982;-0.627429548816508;0.4788041602630525;1.0;1.0;1.472790298588377;0.1358235357412604;18.37453799005763;58.44726275508511;29.474502478177875;1.3054790906756308;0.5013807266081827;530.4081048979014;16.476566509488176;87.30415504170492
0.0;29.0;19.504544515696978;-0.6274606952479198;0.4791552906441258;1.0;1.0;1.4434817716464683;0.1225807410064875;18.416705082708702;58.53057820536979;29.474854547559424;1.4733907721422943;0.5024134683152864;530.1315836843474;16.45625096983434;87.25754941257152
0.0;29.0;19.47101974966566;-0.6274918406753944;0.4795063443603536;1.0;1.0;1.4147564843907037;0.1106291187583549;18.46054639402388;58.61348667464832;29.475206540964248;1.6102553588421948;0.5034504463818181;529.7980100957019;16.435220666026122;87.23252438295013
0.0;29.0;20.45787803246671;-0.6276008417648369;0.4807344278206197;1.0;1.0;1.3186454948272914;0.0772564396629439;18.669210310462685;58.90048984819754;29.476437918751405;1.817054832125711;0.5070878867527887;528.2058352796263;16.352993905760652;87.3127530818914
0.0;29.0;20.19231630192341;-0.6276631225789077;0.4814357669060272;1.0;1.0;1.2666856009355718;0.0629258529582157;18.789227265946508;59.06229649051171;29.47714114409063;1.7537062810729032;0.5091619098846165;527.0178333385297;16.297923502123634;87.4630955616438
0.0;29.0;19.76766410374516;-0.6277565362679318;0.4824871976709355;1.0;1.0;2.1435493987129184;0.8200372217202457;18.933434130281366;59.30205413601988;29.47819540938954;1.4819769327789831;0.5122597023346208;535.6794914860744;16.20918752447431;87.7909708846316
0.0;29.0;20.37764385805137;-0.6278032397226482;0.4830126526050234;1.0;1.0;2.079883838021746;0.7030794129723956;19.00236344659796;59.42061838644956;29.47872228390835;1.3028770106176677;0.5138018292387043;538.3783521396948;16.16442733378613;87.98404748498568
0.0;29.0;20.39086289101844;-0.6278499409172729;0.483537933654462;1.0;1.0;2.0181092081486622;0.6028027116972077;19.08470275360956;59.53831476922025;29.479248986087143;1.118534693280348;0.5153392399289564;540.4146515960664;16.118038432793483;88.18624894540807
0.0;29.0;20.5552069108852;-0.6278655074798687;0.4837129886638781;1.0;1.0;1.997928116067176;0.5726625761123473;19.11382074094743;59.57735513226135;29.47942451514952;1.058776035154364;0.5158506506996207;540.9791361118807;16.102201203499153;88.25446541251233
0.0;29.0;20.806717640338853;-0.6278810737913294;0.4838880243248742;1.0;0.0;1.977948834906504;0.5440294473067299;19.147342453529472;59.516421772135786;29.47960002503491;0.9958550293828456;0.5162604381219894;541.4951628674213;16.08600635916103;88.3225712603897
0.0;29.0;21.050343620303195;-0.6278966398516267;0.4840630406302498;1.0;0.0;1.9581693465574388;0.5168279749413933;19.185024551002908;59.45563646031208;29.4797755157363;0.925647316009271;0.5164930749817324;541.9668972430518;16.069305258516277;88.39009510844613
0.0;29.0;21.077218007680298;-0.6279433365255637;0.4845879733434477;1.0;0.0;1.900009758795336;0.4431153850153771;19.30108969319657;59.27416521256832;29.48030187266628;0.6811452166738015;0.5164278973067886;543.1500747408071;16.01574130667468;88.58460303004765
0.0;29.0;20.74338971854604;-0.6280211592918253;0.4854624734349849;1.0;0.0;1.806890375327264;0.342874238037872;19.431389800615023;58.97464061085476;29.48117874988122;0.2208154664156431;0.5148914728135434;544.4934586187948;15.919366869445934;88.85684981526663
0.0;29.0;20.912323530343013;-0.6280678499371217;0.4859869405238673;1.0;0.0;1.7532239242896688;0.2939717998377204;19.50672730574233;58.79666669842763;29.481704645300503;-0.0453702592805182;0.5135678067694273;544.9939531899118;15.85874022213772;88.97361590581106
0.0;29.0;21.10652991427907;-0.6280989757778643;0.4863364880640891;1.0;0.0;1.7183347681963044;0.2653095493535427;19.569032689081418;58.67873690031508;29.482055145917453;-0.2050715668555419;0.5126052114959578;545.2181048678294;15.816537821161925;89.02770879672303
0.0;29.0;21.715849374030064;-0.628254589906217;0.4880830574394267;1.0;0.0;1.5540311632211463;0.1588506275306538;19.892484997309857;58.09761713151094;29.48380649094868;-0.6436887996294444;0.5074279046421337;545.2115000951862;15.583717268231243;88.98246160071403
0.0;29.0;21.412205734697608;-0.6283323875469635;0.4889556104391901;1.0;0.0;1.4778681734578332;0.1229155874931326;20.04892351861838;57.81231488610878;29.484681438192336;-0.6117356426601056;0.5047758104110107;544.5896710323166;15.45334585546138;88.77263427153943
0.0;29.0;21.91871357585404;-0.6283946211356005;0.4896533008327179;1.0;1.0;1.4196342707295826;0.1001155142355783;20.16155222649969;57.984613463146346;29.48538104705864;-0.4150236067310399;0.5039931106703197;543.8280976045115;15.34655449094251;88.53837889493538
0.0;29.0;22.674735044833653;-0.628503520238204;0.4908735046870738;1.0;0.0;2.3131919104482543;1.0199143975083091;20.425159732570503;58.18222750279643;29.48660461481865;0.3026690213980547;0.5058256513420296;546.2559815154849;15.152985874732684;88.08711428963292
0.0;29.0;23.332236989853133;-0.6286279612712499;0.4922668451420263;1.0;0.0;2.1344855625597114;0.6766320494728869;20.81379000595895;57.72571764572816;29.48800180998228;0.9043218481441198;0.504504132935855;555.2449733153542;14.90795378572451;87.65731349590084
0.0;29.0;23.08140886362836;-0.6286435152689211;0.4924409241639603;1.0;0.0;2.1131407069341144;0.6428004469992425;20.858692064728395;57.66927593740605;29.488176371610745;0.9341174380381104;0.5041033435683067;555.9579793711839;14.874957227504318;87.61328607443471
0.0;29.0;23.485942751061604;-0.6286746225098742;0.4927890231080541;1.0;0.0;2.0710892068661253;0.5801274034168163;20.959420316840404;57.55680350687244;29.488525436279524;0.9629699130031149;0.5032344602213081;557.2063340727825;14.807276575325597;87.53136369800033
0.0;29.0;23.68610918959217;-0.6286901757531435;0.49296304301629;1.0;0.0;2.050378314797464;0.5511210332459755;21.013412629755567;57.50077211748837;29.48869993930588;0.96254491338172;0.5027746015572291;557.7524877980218;14.772498597443036;87.49324273261014
0.0;29.0;23.7294742586954;-0.6287990414143946;0.494180629865234;1.0;0.0;1.9110865773226453;0.3848683721773882;21.35198467286053;57.112344881474094;29.48992091275564;0.7265254499806354;0.4993099094995504;560.4657571896814;14.514773114963772;87.26387435556762
0.0;29.0;23.311177438233337;-0.628830143625453;0.4945283340214088;1.0;0.0;1.8730559544339247;0.3473437058900929;21.436788583213893;57.00257481740963;29.490269586045827;0.6035812559041956;0.4982817279124007;560.9579994783109;14.438088536787538;87.20424365723225
0.0;29.0;23.312124391568908;-0.6288456943536926;0.4947021564312236;1.0;0.0;1.854325394889586;0.3299765205955882;21.4739228377144;56.94788967602755;29.49044389327823;0.5365869409427696;0.4977650823735188;561.1653802045898;14.399586163420215;87.17430716575814
0.0;29.0;23.551526658770506;-0.6289856395878372;0.4962656668219878;1.0;0.0;1.69395823067855;0.2079675073283498;21.781961538070195;56.46166198639315;29.49201177473444;-0.0948023170023165;0.4930912404597516;562.0379765260859;14.052597075446643;86.86475951129329
0.0;29.0;24.13937718744976;-0.6290322834707497;0.4967864798911364;1.0;0.0;1.6436459772691665;0.1783061415956439;21.907536128625875;56.30193655961603;29.49253404788885;-0.2651864560015806;0.4915347675939011;561.9806065297902;13.935361080390471;86.73334537876477
0.0;29.0;23.977821350215965;-0.6290633781346334;0.4971335892580485;1.0;0.0;1.61093742232151;0.1609212927900687;21.99464745851924;56.19609845036612;29.49288213149659;-0.3561486358972163;0.4904990620461693;561.856058984074;13.855910635202914;86.6356989575087
0.0;29.0;23.93707812077696;-0.6291100182432479;0.4976541041511872;0.0;0.0;1.563090969941139;0.1379698934058851;21.64571593163745;55.93842504226967;29.49340410902616;-0.4535113078631678;0.4889489090655005;561.5462487558941;13.747792384231138;86.47374752628846
0.0;29.0;23.385923551980667;-0.6293742694076967;0.5006002989951502;0.0;1.0;1.3175968937517633;0.0576880180810228;15.406778808131008;55.06972862443086;29.49635862102813;0.712081497663788;0.4802521378478422;557.3107580425476;14.725525033294383;85.34438172145597
0.0;29.0;23.422326839465025;-0.6293898113283853;0.5007734246907415;0.0;1.0;1.3044209248142455;0.0548036171769717;15.101704178777192;55.0197384151444;29.4965322374962;0.82141109018974;0.479745345303883;556.9434112924159;14.844631449611343;85.28198561446428
0.0;29.0;23.57210770605572;-0.6294985977237357;0.5019847433055523;0.0;1.0;1.2158055431041472;0.0382714098355234;13.12879107585626;54.67318938320823;29.497746996267765;1.4679438250633934;0.4762127153854841;554.0462927563792;15.793986597940536;84.91078539207503
0.0;29.0;23.88501944509321;-0.6295296772848754;0.5023306537276706;0.0;1.0;1.1916110127963748;0.0345399473765599;12.6140038604827;54.57525378341542;29.49809389111768;1.593815344392276;0.4752081746759683;553.1187380978855;16.09490936660626;84.82882215968091
0.0;29.0;24.09835419585443;-0.6295452166877361;0.5025035788023003;0.0;1.0;1.1796949026684111;0.0328129500077319;12.36422987109794;54.52646426133365;29.49826730866048;1.6446913273055448;0.4747066989095352;552.6391121156252;16.249198645380826;84.7919970572496
0.0;29.0;23.74516964368449;-0.6295607558387676;0.5026764837768852;0.0;1.0;1.167897953641727;0.0311723025073453;12.11940173725515;54.47779320517565;29.49844070627257;1.6872580222497786;0.474205752176025;552.1491230234343;16.405773192617204;84.75788479377937
0.0;29.0;24.61673407044834;-0.6296073717809136;0.5031950780304271;0.0;1.0;1.1332102165206142;0.0267263528622351;11.413622781859845;54.33248794992622;29.49896077945538;1.7646172332553791;0.4727060808698366;550.6184662361146;16.88734566838036;84.67096934909361
0.0;29.0;24.03509465998409;-0.6297782775089179;0.5050950390336578;0.0;1.0;1.014606456967709;0.0152019519742525;9.15964697819805;53.80867700641996;29.50086617623668;1.4968181217702798;0.4672477448587562;544.2819958774716;18.74416536522329;84.48920436512356
0.0;29.0;23.26269098042637;-0.6299802177068384;0.5073372949823645;0.0;0.0;0.890338496059662;0.0078038016963778;7.062560408570296;52.61178524010864;29.50311488267285;0.6337870446442702;0.460878183990211;535.5113243213455;20.95697419525478;84.25258362813783
0.0;29.0;23.52798871068192;-0.6300423445852646;0.5080265306144746;0.0;0.0;0.8552556068643121;0.0063562452554603;6.519564971143722;52.03829919030667;29.503806108814807;0.2570364564693548;0.4589358431754419;532.5715268903086;21.61562701904128;84.08984043210994
0.0;29.0;23.62333158519616;-0.6300734065123954;0.50837102653173;0.0;0.0;0.8382360202877123;0.0057365113430529;6.263929174891031;51.75364515400332;29.504151600999965;0.0720312331202823;0.4579677446264573;531.0632902429312;21.938927397187808;83.98072937116915
0.0;29.0;23.35731718929321;-0.6302597569029743;0.5104362919802732;0.0;0.0;0.7429997273105625;0.0030997817722098;4.927381191692902;50.07454259253804;29.506222858227687;-0.6356167082421251;0.4522018879729019;521.5283645906595;23.776767107613605;82.86976578483832
0.0;29.0;23.602184626778723;-0.6302752844636674;0.5106082648849555;0.0;0.0;0.7355697300374568;0.0029447926835993;4.829812503041191;49.93682058821241;29.506395331543214;-0.6513412813234767;0.4517246893530406;520.6993492524617;23.921213648036645;82.74216243008617
0.0;29.0;23.31905710695897;-0.6303373921852545;0.5112959521914073;0.0;0.0;0.7065853477507582;0.0023985520457459;4.458478852948119;49.38927552326881;29.50708502217821;-0.6464582455756024;0.4498209253333419;517.3354779946592;24.484642263922726;82.1857247012331
0.0;29.0;23.664589408770407;-0.6303529184853349;0.5114678229055666;0.0;0.0;0.6995194942732507;0.0022786244434586;4.370195051022139;49.25322092830916;29.507257394145697;-0.6296590977779104;0.4493462392904954;516.4829910667794;24.62185780450424;82.03628802930733
0.0;29.0;23.231488755154967;-0.6304771198083305;0.5128420515282548;0.0;0.0;0.6454779019895438;0.0015116860110251;3.7240345169516926;48.17663442780466;29.50863563885596;-0.3368340411265031;0.4455667399375185;509.510213061056;25.66614843023824;80.73493236361618
0.0;29.0;22.61934877874305;-0.6306013049911229;0.5142149672754736;0.0;1.0;0.5956113094313166;0.0010028833854079;3.1734128145346974;47.71645787762438;29.51001258145925;0.2122407490820124;0.4418190303584072;502.2940888840659;26.614963808264694;79.36034475725776
0.0;29.0;21.40666467268105;-0.6307720332576694;0.5161005762931118;0.0;1.0;0.5332735900029831;0.0005704401621625;2.5467233220751795;47.36752066247398;29.51190374496777;1.2653714550088413;0.4367173456477628;492.04265073091807;27.767167819768325;77.74789277135932
0.0;29.0;20.9839526355371;-0.6308496269233266;0.5169568460886088;0.0;1.0;0.5071378779672892;0.0004413957234657;2.3043704916118943;47.21196594237498;29.51276254624842;1.5781289193828845;0.4344179132221735;487.27796422108815;28.23505984315329;77.22418636372217
0.0;29.0;20.273132769956025;-0.6309582474568125;0.5181547551231891;0.0;1.0;0.472685642664394;0.0003082430960324;2.003323369403728;46.99733566034865;29.513964006408067;1.7049048141579728;0.4312190334979342;480.5165825526117;28.834822342716155;76.73441402792923
0.0;29.0;20.362313405959;-0.6310047953283985;0.5186678339535383;0.0;1.0;0.4586464063916188;0.0002642799244608;1.8866588537499185;46.90646131634316;29.514478609663936;1.6538671489383523;0.4298553059849689;477.5905852958055;29.072997012975865;76.6019411233064
0.0;29.0;20.38006649067901;-0.6310358259807862;0.5190097827849074;0.0;1.0;0.4495193429044257;0.0002385126318258;1.812681870942584;46.84624484527841;29.514821575616896;1.5916485181263091;0.4289485511412379;475.6315572047328;29.22573630071844;76.53501932316745
0.0;29.0;20.51535898759667;-0.6311599384932676;0.5203767471477264;0.0;1.0;1.385090588707784;0.8575332341530737;1.5446654747646698;46.60827957359356;29.51619261516568;1.2090440898776664;0.4253406189282344;474.8678988662111;29.79052628570156;76.3908374247916
0.0;29.0;20.926838035651407;-0.6311909640968834;0.5207182802244225;0.0;1.0;1.357527285992499;0.773923743823149;1.484098241155407;46.54950636881177;29.516535168712903;1.1026397905959262;0.424443387555075;475.7502036674892;29.920690255011387;76.37455692657404
0.0;29.0;20.92405845368959;-0.6312219886905824;0.5210597299861949;0.0;1.0;1.3305124930012482;0.698466178800392;1.4259058822013972;46.491017617229566;29.516877639614503;1.0004836554019192;0.4235480488394733;476.3074090487975;30.046644305578525;76.36207022589444
0.0;29.0;20.83474443611795;-0.6312685236874442;0.5215717482938192;0.0;1.0;1.2909949414466182;0.598847440048986;1.3428675357761497;46.40381481362321;29.517391190886496;0.8629069160882454;0.4222085807678074;476.6888132603381;30.22790311399219;76.34668851257982
0.0;29.0;20.470877373531675;-0.6314081150419814;0.5231066758848784;0.0;1.0;1.179346145425619;0.3774232456059668;1.121657096340143;46.14598158226539;29.518930726398352;0.6341902586971683;0.4182155393658317;475.8443174149637;30.71958170987916;76.2858469837443
0.0;29.0;20.62565822141717;-0.6314391325649519;0.5234475409132373;0.0;1.0;1.1558771571316493;0.3406244791593851;1.0776762546349363;46.08944562182506;29.51927261724704;0.6266494604885366;0.4173333379348767;475.3989392849792;30.81885901791435;76.26468761325245
0.0;29.0;21.36943330947857;-0.6315786989151135;0.5249803963276034;0.0;1.0;1.0559137190121202;0.214678376927955;0.9001507093797351;45.83840002831575;29.52081009711693;0.7529367330839115;0.4133864041852874;472.6680597780726;31.22456860517711;76.13126648542423
0.0;29.0;21.03651469648696;-0.6316562269345046;0.5258312480142403;0.0;1.0;1.0041634403334307;0.1661140357602913;0.8144899463724881;45.70127967459921;29.52166352378492;0.8881136335537883;0.4112098153422873;470.7444752180705;31.42304306622753;76.03836035223095
0.0;29.0;20.096477285613528;-0.6318577702214663;0.5280409993873217;0.0;1.0;0.8811745294195554;0.0852733251791541;0.6280135238425397;45.35245015337183;29.52387998960793;1.1703368120479234;0.4056041681376557;464.6896313145413;31.86014770118315;75.79134408300452
0.0;29.0;20.002280382443608;-0.6318732717822095;0.5282108326009521;0.0;1.0;0.8723627841253598;0.0810096589201964;0.615578001734547;45.32606975206567;29.524050340483424;1.1798139437490929;0.405176143057674;464.1684568358623;31.88948173162668;75.77348406126418
0.0;29.0;20.26678800369826;-0.6319042741454308;0.5285504356362173;0.0;1.0;0.8550027647212652;0.0731112171754773;0.5914408010490457;45.27350042494666;29.52439097934154;1.1923815613171005;0.4043214474771694;463.1045198520606;31.94645863867861;75.73833470560547
0.0;29.0;20.2956153381938;-0.6319197749479075;0.5287202054442679;0.0;1.0;0.8464527370740526;0.0694556563167034;0.5797294672765914;45.24731118830964;29.52456126731055;1.1955157506999503;0.4038947760238425;462.5619940897902;31.97411899477721;75.72101021993909
0.0;29.0;20.11960628535743;-0.6320282734873517;0.5299080015534301;0.0;1.0;0.7889492648677506;0.0485034752306234;0.5039924459189936;45.06575342614055;29.525752695203643;1.165342153758148;0.4009206564711618;458.5776767535242;32.1530720451442;75.60175909281142
0.0;29.0;20.360215638262204;-0.6320902670910502;0.5305862760175385;0.0;0.0;0.7578615159243944;0.039506383722063;0.465243582243823;44.7638677867477;29.52643304862996;1.0982515607136063;0.3992310027095072;456.1635216216711;32.244516606271645;75.53127453571078
0.0;29.0;20.381580242276527;-0.6321367596390528;0.531094759043079;0.0;0.0;0.735352271039924;0.0338717857437037;0.4381498423794487;44.39028631474061;29.52694309262162;0.960027430816563;0.3979684371450715;454.292182583694;32.30831577372719;75.46949861659411
0.0;29.0;20.45131723308032;-0.6322452334008735;0.5322804755871702;0.0;0.0;1.636386420241022;0.7974348687701248;0.3809090334177626;43.52914002829792;29.528132457231305;0.4264951156467232;0.3950379567810643;460.1312955796992;32.44240148624946;75.24570675179882
0.0;29.0;20.860464152294902;-0.6322917183625951;0.5327883205875296;0.0;0.0;1.587784107173443;0.6837007206117858;0.3587265560728903;43.16454860442633;29.528641868177605;0.1670608765454735;0.3937886516983134;461.923032864681;32.493971901500245;75.09774477336454
0.0;29.0;20.835664437275373;-0.6323227070724995;0.5331267773747562;0.0;0.0;1.5561872034406918;0.6170399003521366;0.3446606450074275;42.922963594071255;29.52898136975808;0.0013341550338326;0.392957977370552;462.7871499630805;32.526515257279044;74.9774815171023
0.0;29.0;22.834382653603225;-0.6327099805667201;0.5373502725044311;0.0;1.0;1.2104356460597954;0.1711604345578181;0.2090468552662143;40.199900078081;29.533217980712376;-0.2976898688456719;0.3827212062293176;463.58003919971407;32.82821701683522;72.03890377954589
0.0;29.0;22.286106681932303;-0.6327719296494367;0.5380247878140452;0.0;1.0;1.1627396519668114;0.1394112437000588;0.192974500020075;40.14470071390374;29.53389460414936;0.0254881089968194;0.3811082528547964;462.7563666630776;32.86138241795617;71.43495151461583
0.0;29.0;22.763369738286915;-0.6329577525975697;0.5400462660020593;0.0;0.0;1.962700185154849;0.773669567960671;0.1517989464582475;39.19001430235488;29.535922422574068;0.9963940923125694;0.376310064374411;473.5442604001056;32.94133841574815;69.8807748237544
0.0;29.0;22.671767211534537;-0.632988719544649;0.5403828769218374;0.0;0.0;1.923642451470268;0.6982367850845056;0.14584679661102;38.96773684932381;29.53626009251029;1.0259428374524209;0.3755162601131507;475.3044094512463;32.95210770596678;69.67246396921114
0.0;29.0;22.03280673459778;-0.6331280582726193;0.5418965553254625;0.0;0.0;1.7572805574098018;0.4400633216475187;0.1218213810470458;37.98077885117912;29.53777854464861;0.7069973675092385;0.3719648117484111;480.4056725036064;32.99271339921341;68.86703132678429
0.0;29.0;22.101601582626525;-0.6332673764872406;0.5434084779847224;0.0;1.0;1.6053060978615206;0.2773496487097995;0.1017536918354782;37.80746502454279;29.53929525438492;0.308786850591953;0.368446951238119;482.8308142780108;33.021935886039174;68.16410299172493
0.0;29.0;22.13498119410714;-0.6333138113328048;0.5439120611921887;0.0;1.0;1.5576269014489357;0.2377926550625644;0.0958279964138549;37.78341573238453;29.53980043624704;0.3066405456097449;0.3672817400451069;483.2516234431114;33.02945863461951;67.94687781141046
0.0;29.0;22.427689521057435;-0.6333292891080241;0.5440798787573948;0.0;1.0;1.5420506324344465;0.2259030223094362;0.0939304683014923;37.77543755450763;29.53996878702603;0.3194392693935541;0.3668941557732774;483.3554475278944;33.031739234437794;67.87709454070914
0.0;29.0;23.25502235395267;-0.6337316223260544;0.5484354769530436;0.0;1.0;2.1480415299906506;0.8740362357790794;0.0558434565479882;37.57455731004368;29.54433830643869;1.3432122421312698;0.3569592723656134;490.3493215992689;33.05787462066848;66.90240059903992
0.0;29.0;23.27312559748908;-0.6338553826924291;0.5497726829882569;0.0;1.0;1.9820939252097047;0.5798534965028256;0.0475865756574453;37.51521570513637;29.54567981823135;1.336318885861274;0.3539568496879476;497.7640819590381;33.05562820492811;66.96930352583412
0.0;29.0;23.15479175855829;-0.6338708515973444;0.5499397348537133;0.0;1.0;1.962272985957608;0.5508608216776844;0.0466442880455806;37.50787735453783;29.54584740905348;1.3207058953409387;0.3535833268772886;498.400220118102;33.055079068129345;66.98561357276908
0.0;29.0;22.599384462591203;-0.6339172567907974;0.5504407584380127;0.0;1.0;1.903991516001681;0.4722942969859046;0.0439279063844888;37.48596707469615;29.546350050489668;1.259811836526725;0.3524651218039251;500.0508352048742;33.05310148718605;67.0412452712649
0.0;30.0;21.842548112540577;-0.634257491801083;0.5541088649167093;0.0;1.0;2.4038188644487373;0.6661451314542206;0.0282910094124086;37.32999373366444;29.585581994400588;0.8087265489649823;0.3443722870077865;530.7407838232955;33.028483648362005;67.47681318254439
0.0;30.0;19.9803065275697;-0.6345048583229806;0.5567698448133607;0.0;1.0;3.0170492524393366;1.1505632375455386;0.0205433858213571;37.2215865361892;29.85077163602241;0.9457951607455592;0.3386035458276007;553.4921511094864;33.05667297259588;67.85080478619008
0.0;30.0;19.900566634309893;-0.6345203165735394;0.5569359670377859;0.0;1.0;2.986878759914944;1.0930350756682616;0.020136592650782;37.21494726536393;29.87192542583793;0.960425068060302;0.3382462250178802;556.1244304864431;33.061408293402856;67.87289550439125
0.0;30.0;20.4477200265413;-0.6346130607467485;0.5579322323253345;0.0;1.0;2.8120870611273943;0.8034812202924224;0.01785951761893;37.17544183837902;30.002538143961;1.0399136849481656;0.3361102047743521;568.0529322007596;33.09719140843232;67.99788811552924
0.0;30.0;20.158614410351305;-0.6346748851187252;0.5585959629263829;0.0;1.0;2.7012796106916013;0.6544404756858049;0.0164863880446077;37.1494165636395;30.090310606315267;1.0774824839251698;0.3346936904025903;573.6131580221983;33.12753986904836;68.07278371391565
0.0;30.0;20.07362430173964;-0.6350148465471936;0.5622400795169942;0.0;0.0;2.165428366828512;0.211733447072909;0.0106177317715883;34.96349273365188;30.500209502769486;-0.1674816398602424;0.3270088995504481;589.8252448954144;33.35218301307849;67.87896888770211
0.0;30.0;20.18448015127925;-0.6350302964188309;0.5624054630826943;0.0;0.0;2.1437740831602268;0.2011467747192636;0.010407481240292;34.86246333814443;30.51419587107829;-0.2321694559286582;0.3266638143137074;590.2076816474181;33.363335784868504;67.82202124132654
0.0;30.0;20.348989444076896;-0.6351229903141513;0.5633972918251163;0.0;0.0;2.018320744095682;0.1478613629215044;0.0092305776104728;34.26142633908597;30.58813290694104;-0.5076927355394841;0.3246009368339503;592.0185520354819;33.4293478054531;67.37268063742592
0.0;30.0;20.0189799214528;-0.6352156750637006;0.5643883092755354;0.0;0.0;1.90020891569034;0.1086916888203579;0.0081867581720792;33.66910716279714;30.64503876196637;-0.566747836129825;0.3225510863970125;593.0581335197418;33.49210853738688;66.7557138284781
0.0;30.0;20.37932645006773;-0.6352620140083994;0.5648835133201934;0.0;0.0;1.8437708106854207;0.0931895367023544;0.0077099832468401;33.376177108606846;30.667321820853644;-0.521339346197629;0.3215310205912703;593.3099664741716;33.52162578790784;66.3969443829693
0.0;30.0;22.132519134118585;-0.6356172032614141;0.5686733085078258;0.0;1.0;1.4632428511251925;0.0286424441055818;0.0048670925866749;32.18798181796949;30.72540713323816;0.6714451879113436;0.3138169395430902;590.1055167884374;33.68745878139936;63.37039530938029
0.0;30.0;21.99773899486581;-0.6356326432219895;0.5688378098280461;0.0;0.0;1.4486104226139402;0.0272103219003027;0.0047707128679872;32.09369867768255;30.724438450121006;0.750727272546046;0.3134857754890711;589.7838308072523;33.69191381399575;63.26104934579264
0.0;30.0;21.71192316704561;-0.6356635223803859;0.569166744201277;0.0;0.0;1.4197830752039229;0.0245573155150231;0.0045836410515662;31.9058197185498;30.721893574664872;0.8776425680837013;0.3128244954224818;589.1000729284431;33.70011756376555;63.05518847874082
0.0;30.0;21.94303814058618;-0.6357098392109801;0.5696599749946128;0.0;0.0;1.3776140980872909;0.021054828389693;0.0043166966679235;31.62571122537368;30.71670862415264;0.986647103910954;0.3118351899002359;587.9762281622855;33.710677630868254;62.77755263644447
0.0;30.0;21.977010539561828;-0.6357252776459554;0.5698243396949968;0.0;0.0;1.363837957106418;0.0200020869702083;0.004231215668952;31.532795493792246;30.71465514682252;1.0014574401937113;0.311506117142648;587.5761454374097;33.71373915675353;62.6928430670637
0.0;30.0;21.43934541599456;-0.6357715914250943;0.5703172970122007;0.0;0.0;1.3233306059424002;0.0171492893160823;0.0039847956221229;31.25540187233681;30.707653524150984;0.9850917814623577;0.3105209809835167;586.3019551752119;33.72157925792386;62.45968221179314
0.0;30.0;20.451325461849567;-0.6358950836461241;0.5716308456176785;0.0;0.0;1.2210962956074345;0.0113771889143762;0.0033955887788732;30.5255155197882;30.68439553457296;0.5938854944348646;0.3079091557491774;582.3915662343794;33.73313282561563;61.94707359147534
0.0;30.0;20.61690914043958;-0.6359568236522383;0.5722870713649909;0.0;1.0;1.172980229386282;0.0092667914781902;0.0031345096326605;30.36538232053928;30.671252683782065;0.3168889984362796;0.3066114928454029;580.1761764834363;33.73422144223521;61.71652560506988
0.0;30.0;19.80435248135053;-0.6360802914537006;0.5735984236486539;0.0;1.0;1.0823612833350365;0.0061477787991267;0.0026710292685629;30.44490348737141;30.64418689464993;0.1540875559517258;0.3040325507345813;575.2735152155587;33.728310044376855;61.27160819494984
0.0;30.0;19.763793970827365;-0.6361883124224075;0.5747446524552055;0.0;1.0;1.008831446112727;0.0042932232235646;0.00232206330425;30.51320292580435;30.621484334778703;0.4176522305294163;0.3017937766590837;570.5143511130264;33.71574707276357;60.93458610802026
0.0;30.0;20.51944878730436;-0.6362963209218234;0.575889754762329;0.0;1.0;0.9402968328005707;0.002998117897471;0.002018689219323;30.58032743133205;30.60115776215235;0.8557477342096956;0.2995714880202573;565.3641944379561;33.69787404776261;60.70282109600576
0.0;30.0;20.796692242754503;-0.6363426064610647;0.5763801674909209;0.0;1.0;0.9123690765695612;0.0025705113323442;0.0019011235996811;30.608740344644183;30.59340761942808;1.0399906983125435;0.2986240950515396;563.0476724430841;33.688950329875574;60.64739517624886
0.0;30.0;21.15502066765377;-0.6363734622145469;0.5767069940448782;0.0;1.0;0.8942129319458268;0.0023198864774406;0.0018265754344864;30.627565192161143;30.588598017055418;1.1501199262622577;0.2979941648381103;561.4692024460738;33.68266017464671;60.626677878068165
0.0;30.0;21.48479639104133;-0.6364043169498316;0.5770337283257176;0.0;1.0;0.8764180946001049;0.0020936975458902;0.0017549505031807;30.646296895692576;30.584085565771847;1.246030362843971;0.2973655634259411;559.8644735588883;33.676132546342934;60.61915842926829
0.0;30.0;21.29941636887579;-0.6365123005043151;0.5781765709031834;0.0;1.0;0.8168789362554281;0.001462107083035;0.0015256688543901;30.71113087389182;30.57071045108787;1.440070065267071;0.2951758823778584;554.0534927890228;33.65182244797489;60.69236329685559
0.0;30.0;21.62977996871033;-0.6365431506571;0.5785028893082721;1.0;1.0;0.800623045423945;0.0013195516424391;0.4297641987235657;30.829327237429496;30.56758734351963;1.452138334264068;0.2946543162306014;552.3410653805694;33.6331722672406;60.73885321316072
0.0;30.0;22.84812694329072;-0.6367590732067078;0.5807845235289449;1.0;1.0;0.6955379183183998;0.0006435123196683;5.836408750049984;32.32805527343619;30.553998351382013;1.146231455004577;0.3010838664712783;539.787695062392;32.47283755034557;61.36909893537803
0.0;30.0;23.35090423520637;-0.6367899152103583;0.5811100999896839;1.0;1.0;0.6816967137438636;0.0005807698685007;6.51838738425951;32.53800601375835;30.553139818802016;1.0781134112639432;0.3024780265135057;537.9220404869586;32.196647294551894;61.49908325086117
0.0;30.0;22.853399837150985;-0.6368824351079295;0.5820862712978249;1.0;1.0;0.6418039239017436;0.0004269192206542;8.380299228408951;33.161738955502244;30.55194432012196;0.8962737240374273;0.3067711893641917;532.2313122170389;31.26206097713628;61.934874869250656
1.0;30.0;23.35670665089843;-0.6370828634222364;0.5841984317527935;1.0;1.0;2.467578510875814;1.5989560948405015;11.73328881615537;34.48220341403744;30.55503024770892;0.7697440593874169;0.316178642521556;540.282157724887;28.91487495085768;63.05228342313944
0.0;30.0;23.050705527570614;-0.6372524229738338;0.5859825604506177;1.0;1.0;2.2093174361738748;0.9094863742912852;13.971221952807593;35.56722839879524;30.56152349389537;0.9218439433845128;0.3240718739543565;567.5649836226451;26.806683902841428;64.13297858418862
0.0;30.0;22.94799675368827;-0.637267835949247;0.5861446134624491;1.0;1.0;2.187224261812136;0.864012055576721;14.148974106862717;35.664428860066366;30.56221317672967;0.9398462632397764;0.3247851039489475;568.6945124762854;26.61614601446729;64.2366553975326
0.0;30.0;23.39976649476096;-0.6373294853017446;0.5867925909873073;1.0;1.0;2.1010388988719333;0.7037432193425865;14.860840473652262;36.050864771189;30.565065688498294;1.0090311656909705;0.32763060098805;572.1676987404607;25.859003577738125;64.65974713695466
0.0;30.0;23.37907504833217;-0.637375719639361;0.587278327700792;1.0;1.0;2.038635942536538;0.60337184268385;15.346719630124214;36.33822357269693;30.567270311913287;1.053769359081159;0.3297569103158751;573.9650049958764;25.2990690249019;64.98522598529574
0.0;30.0;23.39930358085964;-0.6374373618535096;0.5879256477458854;1.0;1.0;1.958305552243188;0.4914501369400126;15.986331747214;36.71810709837577;30.570241058344685;1.0981518713805076;0.3325815698807616;575.6289217808504;24.56418321155005;65.42842146386722
0.0;30.0;23.1683909214324;-0.637576041918714;0.5893807414708169;1.0;0.0;1.7889458978171284;0.3097361587155214;17.20168509763422;36.86533354416131;30.57677592879233;0.90661911367405;0.3354380637196423;577.3625709650714;22.978251353782817;66.43082396899088
0.0;30.0;23.37251589454725;-0.6377301066519725;0.5909952724255524;0.0;0.0;1.6178906031463434;0.185450479640784;16.07043999247523;36.31050825934017;30.58331244217037;0.1284264678647837;0.3329781319079463;577.1150831947936;21.51999131327238;67.3366140371048
0.0;30.0;24.08788677503257;-0.6378071294530243;0.5918016518135246;0.0;0.0;1.5385978654188823;0.1434980459962705;14.54113557947277;35.79114797337414;30.58616716676452;-0.2413572745493603;0.3313261603930207;576.3331286626121;21.17372184016233;67.59690178049836
0.0;30.0;24.106192966260853;-0.6378225332478973;0.5919628567006838;0.0;0.0;1.5232118867646935;0.136323143696457;14.253201831677528;35.688032643767585;30.586701272536608;-0.302522573165835;0.3309870559409336;576.1298745926242;21.13291458056831;67.62849541095727
0.0;30.0;24.16008805038182;-0.6378841458760157;0.5926074393998945;0.0;0.0;1.4631912608107362;0.1110360525604123;13.157363699886115;35.278073322296045;30.58871146916242;-0.4905514402106103;0.3296180014613106;575.1694625060795;21.05134723839927;67.68213376083791
0.0;30.0;23.90398133456332;-0.6378995483951821;0.5927685258301113;0.0;0.0;1.4485593482026289;0.1054842499323917;12.89683046660602;35.17620594741205;30.58918226456695;-0.5222352234847913;0.3292739439670893;574.8936871823108;21.04958040549136;67.67719249752768
0.0;30.0;24.02654337637931;-0.6379149506591777;0.5929295885494956;0.0;0.0;1.4340737547206026;0.1002100374357721;12.641456136138162;35.074586342406235;30.589640353898474;-0.5475616566729236;0.3289295468832437;574.6040861898516;21.05459090283324;67.66496547333715
0.0;30.0;24.002394302056885;-0.6379303526680182;0.5930906275516966;0.0;0.0;1.4197330171733966;0.0951995355639835;12.39113855537811;34.97321390370407;30.59008576979523;-0.5665319558060964;0.3285849426642245;574.300869737236;21.066062585654663;67.64553644950367
0.0;30.0;23.011239152160258;-0.6380227593621981;0.594056363143663;0.0;0.0;1.336650453117942;0.0699804065843505;10.989954128653196;34.37013614850647;30.59249617041317;-0.5543586279061375;0.3265177091581453;572.2067864795158;21.254241439789208;67.38587359707782
0.0;30.0;22.92500475606704;-0.6380535595519843;0.5943780849782774;0.0;0.0;1.3100511091008948;0.0631573169423763;10.559031895726031;34.17106043563633;30.59320248953321;-0.5085389574789313;0.325830022273645;571.4086057036651;21.356035960587537;67.24967304650922
0.0;30.0;22.600706704080988;-0.6382537358993089;0.5964669565298596;0.0;1.0;1.1495973894391498;0.0324213086535434;8.141558416213124;33.0003128794098;30.596733088143072;0.0182013198225676;0.3213902428795982;565.1172161579045;22.34449339205303;65.9447066132892
0.0;30.0;22.48211893248715;-0.6382999243142603;0.5969484317166338;0.0;1.0;1.1154531973754178;0.0277972195068318;7.6674309838131425;33.01093692679483;30.597320523464823;0.1998625164228508;0.3203739155409638;563.4165561052578;22.627915689398964;65.58483625377457
1.0;30.0;21.48108125968969;-0.6386077883489585;0.6001527660110633;0.0;1.0;3.658603744466313;2.0109819742703343;5.139632703970231;33.079724584954974;30.599796599211984;1.5433098140981183;0.3136796815460698;631.8734140528592;24.71206399281308;63.71122401169061
0.0;30.0;20.95056361574144;-0.6388693924435365;0.6028689022607648;0.0;1.0;3.083995123686826;0.8408324572016352;3.6582379416300266;33.13549454180088;30.6009801584954;1.216361221145721;0.3080996136246692;699.7119546985369;26.45646178666181;63.43412967869127
0.0;30.0;21.549288748687733;-0.63905400969382;0.60478198079434;0.0;0.0;2.733606622082315;0.454352300283066;2.877671779560104;32.87452110209865;30.6018442346116;0.725584280210133;0.304220610762715;711.9884829705427;27.56568200620052;63.61690402392121
0.0;30.0;21.67608119465924;-0.6391463045160598;0.6057372144205104;0.0;0.0;2.573636370961621;0.3339906914248967;2.552265842536361;32.30176500379866;30.602355042969545;0.3536115232226065;0.3022994618059952;715.3226773940339;28.07266808143147;63.68262070465829
0.0;30.0;21.657003654455817;-0.6392539701761223;0.6068505511129901;0.0;0.0;2.3987972794864256;0.2332381563701443;2.2188332406311693;31.6440402174846;30.60303779209888;-0.1088681660116462;0.3000734495047668;717.7335189649502;28.62204298650123;63.62365752403487
0.0;30.0;21.8404415598062;-0.6392693499619502;0.6070095021667614;0.0;0.0;2.374809306691561;0.2215762485516371;2.174897384586393;31.550991341563943;30.60314340460524;-0.1654980175605466;0.2997567886509165;717.9660062297622;28.69680618399503;63.599239762083386
0.0;30.0;21.59061082277578;-0.6392847294920594;0.6071684289400623;0.0;0.0;2.3510612136246456;0.2104974361240553;2.1318315165953265;31.458168753746;30.603251063403803;-0.2182864149013938;0.299440461962232;718.1724963915088;28.77064269377388;63.57043669588619
0.0;30.0;21.280286348105804;-0.6393462450553287;0.6078038931025197;0.0;0.0;2.258420021073592;0.1714514773320188;1.967928463234612;31.089130278749764;30.603702116753063;-0.3845356100839679;0.2981784898120165;718.748715180974;29.05676993877032;63.41043792855329
0.0;30.0;20.181147437837367;-0.6394692639060039;0.6090736540375737;0.0;0.0;2.083945092235448;0.1137444130367548;1.676957898932238;30.36174885689776;30.60469964577791;-0.4744300946957718;0.2956704785931118;718.7899905496711;29.585525994755027;62.88279375172301
0.0;30.0;20.948765875162948;-0.6395307671926334;0.6097079499974334;0.0;0.0;2.001829340660453;0.0926455353210183;1.5480271837171908;30.0033367970049;30.605243200176083;-0.408901001061417;0.2944243947899982;718.2999378027074;29.828772861563195;62.53026141743245
0.0;30.0;21.15782496134473;-0.6395922663862769;0.610341855744316;0.0;0.0;1.9229492773393624;0.0754603675535651;1.429009130741374;29.64839832106032;30.60581384624713;-0.2934037641354284;0.2931835625251873;717.4949972941628;30.05844013768514;62.1343837931412
0.0;30.0;21.711918776738635;-0.6396998801251708;0.611450250630995;0.0;0.0;1.7923143871908078;0.0526967890395972;1.2423207373081555;29.03551305039541;30.606869984124884;-0.0441555502136085;0.2910246760587318;715.3797086876003;30.42900326741614;61.37808884862325
0.0;30.0;21.074268048756984;-0.640099478509043;0.6155566362578422;0.0;0.0;1.3801594089842482;0.0138866628257559;0.7385847994649593;27.810126682784183;30.61120192366085;0.8507706258646245;0.2831442119523943;700.866679023512;31.496297576841524;58.98436589934812
0.0;30.0;21.186075781057152;-0.6401455748791856;0.6160293810202307;0.0;0.0;1.339167294378007;0.0119060775402325;0.6955729079057302;27.55954585409682;30.61172163473518;0.7278209475939176;0.2822487701421287;698.6237647354144;31.592185954973584;58.81876315547076
0.0;30.0;21.359887743124645;-0.6401609398237987;0.6161869133337168;0.0;0.0;1.3257756214342271;0.0113107736632208;0.6817996205786803;27.476424766001127;30.61189507586327;0.6753626917979312;0.281950919276913;697.8536705096703;31.6230487973034;58.76622428954754
0.0;30.0;21.44766573070987;-0.6402838501618269;0.6174462840037097;0.0;1.0;1.223352420680312;0.0075037983418669;0.5809911542119951;27.11759595103453;30.6132823964267;0.1966028655813313;0.2795793998920385;691.3124703265144;31.85120039571934;58.35845445075681
0.0;30.0;21.060305026759305;-0.6404835445002428;0.6194893886555073;0.0;1.0;1.0735174676836512;0.0038520154733232;0.4479739038379312;27.346002344210508;30.615515126698355;0.3968412137870571;0.2757681497151115;679.3947017712237;32.15777141532386;57.73634420109392
0.0;30.0;20.058206397826154;-0.6405449802021086;0.6201171943760583;0.0;1.0;1.0312165961222193;0.0031374906781185;0.4135319505287308;27.414823675541555;30.61619254234521;0.6487518166381591;0.2746059429692383;675.4474010555607;32.23795961304077;57.59669517970092
0.0;30.0;19.9258090691098;-0.64056033848704;0.6202740838101248;0.0;1.0;1.020904430160997;0.0029806161442126;0.4053434479865762;27.43192339577091;30.61636105553823;0.7156410675945083;0.274316157409976;674.441963309035;32.25705799230263;57.568291052682135
0.0;30.0;19.344353757215707;-0.6406217690644954;0.620901393374196;0.0;1.0;0.9806767222039774;0.002427730478312;0.3741790803563947;27.4999029062891;30.617031599927827;0.978350507353844;0.2731600699902605;670.3495147208586;32.329828196889025;57.48485444224649
0.0;30.0;19.21551646472896;-0.6406985515206536;0.6216849714709921;0.0;1.0;0.9326138049845288;0.0018785315655056;0.3385711318511826;27.583941345646235;30.61786169737088;1.2530074075271298;0.2717218099152451;665.0839021043992;32.41304940872805;57.454716270298256
0.0;30.0;19.14182860486147;-0.640713907243078;0.6218416125131889;0.0;1.0;0.9232876669346836;0.0017846049872303;0.3318669533735388;27.60062525148883;30.61802663043908;1.2962936931514502;0.2714350679176079;664.0119380707043;32.42871441367256;57.45891615630808
0.0;30.0;18.850991755723594;-0.6408060361953805;0.6227809362004564;0.0;1.0;0.8692570106057667;0.0013118486540819;0.2943394652294313;27.69987062349433;30.61900872853964;1.454373735219722;0.2697209592092408;657.4576168364448;32.51627278091369;57.55238821716775
0.0;30.0;18.944395300038227;-0.640821390123677;0.6229374029954795;0.0;1.0;0.860564440499709;0.0012462562213778;0.2885111329081816;27.7162694355106;30.61917118694732;1.463175775138797;0.2694363286649632;656.3458084283708;32.52983895130987;57.5784598039546
0.0;30.0;18.20792733326744;-0.6409595639427804;0.6243444821130109;0.0;1.0;0.7861404589675937;0.000785452247889;0.2409845892331935;27.86205555459463;30.62061859278913;1.3486283335208509;0.2668881321939227;646.1143550660277;32.63982641495238;57.91221691191024
0.0;30.0;18.474204175751925;-0.6409749153075042;0.6245006994516868;0.0;1.0;0.7782790543779177;0.0007461796354945;0.2362127553171855;27.87805544184142;30.620777881165232;1.3195601831166293;0.2666064910691458;644.954291055623;32.65078079563708;57.95694990836057
0.0;30.0;18.745686023644065;-0.6410056172677866;0.6248130591826186;0.0;1.0;0.7627913011957971;0.0006734271210338;0.2269506828592164;27.90993723250636;30.62109561192764;1.25583568307084;0.2660441001348451;642.6213459748078;32.67197902645522;58.048699521413184
0.0;30.0;19.07294606503921;-0.6410977169947941;0.6257495383549663;0.0;0.0;0.7181528682116022;0.0004950308155989;0.2012870935752763;27.409014027713173;30.62204253433634;0.8855417530617249;0.2643640353136362;635.5263762304781;32.73016702801961;58.31713498706962
0.0;30.0;19.371679593779497;-0.641297234731296;0.6277754835622418;0.0;0.0;0.6301942395826879;0.0002541201501671;0.1552025440447383;26.34845756214513;30.624068201428354;-0.3012537057625496;0.2607602022817629;619.7313751216725;32.83149660786873;58.5238542928114
0.0;30.0;20.184611563328485;-0.6414353370004696;0.6291755758455903;0.0;0.0;0.5756933071236232;0.0001601590746419;0.1296359503018736;25.63364124840675;30.625456341838625;-0.6798235568016793;0.2582940603530388;608.5282450821918;32.88475377221835;58.15635679886613
0.0;30.0;20.396626970446565;-0.6415580771261615;0.6304183911035107;0.0;0.0;0.5312179447659865;0.0001062528023738;0.1104683898110684;25.0112629404905;30.62668480471388;-0.5510072306271288;0.2561215213427173;598.4324141229575;32.9223730583646;57.50226884066328
0.0;30.0;20.73450533059498;-0.6416961401357367;0.6318146290304637;0.0;0.0;0.4852767547165408;6.696576597768381e-05;0.0922708909421455;24.325421834617583;30.62806407211115;-0.1199258042139157;0.2536992497801673;586.9603553956143;32.95533054398283;56.556739512549306
0.0;30.0;20.32922340864105;-0.6417574947999602;0.6324345224017796;0.0;0.0;0.4661549143264577;5.454403492486081e-05;0.0851767469433619;24.025392881107155;30.62867685390876;0.0730953459635368;0.2526300509628925;581.832952958539;32.96717713886949;56.11471341006248
0.0;30.0;20.33744605260214;-0.6421561999856391;0.6364539456334651;0.0;1.0;1.339059396660478;0.902514373449236;0.0506391663437442;24.57011820794987;30.632667348089207;1.5072690698581506;0.2457892494344551;553.8633041908251;33.010925736450645;54.30893815538484
0.0;30.0;21.17132191774852;-0.6422481842197666;0.6373790648113012;0.0;1.0;1.2606978408247198;0.6634309970950361;0.0449128526007407;24.7131748164834;30.6335908799944;1.486596462859358;0.2442370937159225;554.3077834800699;33.01448139285253;54.34172897865546
0.0;30.0;19.31272596972275;-0.6424474516648878;0.6393803392688595;0.0;1.0;1.1062888589730984;0.340567050160965;0.0346300158437643;25.01599472012872;30.63559458959904;1.049998592967459;0.2409076328651;549.5644653441506;33.01591105540917;54.80641638455519
0.0;30.0;18.58779960814168;-0.6425087559882744;0.6399952470956103;0.0;1.0;1.062696663837011;0.2773939909001695;0.0319674993652282;25.10724189688961;30.63621159933132;0.909701268023713;0.2398923434767591;547.4039842735135;33.01486464416939;54.99862253466895
0.0;30.0;19.297167877526707;-0.6426619988056101;0.6415307238155779;0.0;0.0;0.96108381394585;0.1660860290746862;0.0261726994675537;24.539230023556065;30.637754379498244;0.4544187477324291;0.2373728006375179;541.2233312785607;33.009690893687754;55.44421063807657
0.0;30.0;19.340897709717623;-0.6426926442844959;0.6418375114213045;0.0;0.0;0.9419582460483276;0.1498926412399043;0.0251464379013483;24.38776182307782;30.638062903013218;0.3212710081721504;0.2368720764781292;539.8787230660214;33.008262351062655;55.50731198565887
0.0;30.0;20.758782607189705;-0.6428458562533312;0.6433699080587856;0.0;0.0;0.8518901531328404;0.0897462612303367;0.0205880954700991;23.64138262958961;30.63960486399368;-0.2776060860036365;0.2343842549184366;532.7100333967179;32.99942363667961;55.57784892472906
0.0;30.0;21.65252894932549;-0.6431522030433611;0.6464269747780467;0.0;0.0;0.6967668663181177;0.0321727712398752;0.0138005086590063;22.202030843302023;30.64268259020965;-0.2414901318597368;0.229486724694649;516.5584815181917;32.974907293641046;54.40889499961528
0.0;30.0;21.699294196299995;-0.6431981461875667;0.6468846439110114;0.0;0.0;0.6760721936216032;0.027584129741788;0.0129968127425357;21.99210702248901;30.64314327360368;-0.135811698141002;0.2287609743542992;513.966053398363;32.97060897850308;54.133978933090695
0.0;30.0;22.092650377197955;-0.6432134600544109;0.6470371485460014;0.0;0.0;0.6693114716853872;0.0262049232546986;0.0127394529524861;21.92247229812672;30.643296770576253;-0.100235628508026;0.2285195679733089;513.0934847047218;32.96914615345441;54.03994346812081
0.0;30.0;22.18079997866727;-0.643244087016248;0.6473420801655112;0.0;0.0;0.655992173398848;0.0236499432373655;0.0122399207654901;21.783710191908465;30.643603666388486;-0.0306512360715296;0.2280375191948896;511.3361929230995;32.966177389212234;53.849473195208034
0.0;30.0;22.528006963018345;-0.6432747129488946;0.6476469082102897;0.0;0.0;0.6429379291482109;0.0213440737717223;0.0117599756481687;21.645621798720217;30.643910429552893;0.0347576242378864;0.2275564872704178;509.5632207062954;32.96315324108329;53.65701705355213
0.0;30.0;21.739875543344088;-0.6435503000210658;0.6503856917083087;0.0;1.0;0.5365405496324034;0.0084781717163566;0.0082045757101839;22.00179157823897;30.646665123731346;1.068324079180107;0.2232726059424904;492.9980766007685;32.93381804712646;52.19200660742417
0.0;30.0;21.08076900334136;-0.6435809156591122;0.6506894813260242;0.0;1.0;0.5258633926947186;0.0076515499740118;0.0078828594280363;22.06213984125964;30.64697050728127;1.1875292069165524;0.2228016253262411;491.09997110414287;32.930360427031395;52.10176138693787
0.0;30.0;21.99214949897713;-0.6436421438459785;0.6512967481819185;0.0;1.0;0.5051422768276099;0.00623223527602;0.0072767763027623;22.18195222723619;30.647580862134927;1.3742060504503075;0.2218626425169023;487.2753396642584;32.92334777891303;51.98125639662803
0.0;30.0;21.922408444941382;-0.6437645878613684;0.652510031015547;0.0;1.0;0.4661173558739168;0.0041345922147121;0.0062008214659353;22.41808041720845;30.648799950524246;1.4978800073814702;0.2199965320645668;479.5253291728232;32.90897543751869;51.974313294059854
0.0;30.0;21.879086055540974;-0.6439482229827844;0.6543268222491814;0.0;1.0;0.4131593726909631;0.002234168611591;0.0048776854484341;22.763699893350964;30.650624684568594;1.185407010801734;0.2172267551889159;467.6997640615793;32.88671278914131;52.40660778125044
0.0;30.0;21.85989309518613;-0.6439635242354432;0.654478051537894;0.0;1.0;0.4090277789640535;0.0021224601810115;0.0047810959747087;22.792045028051174;30.650776542861585;1.1475897405471238;0.216997520613515;466.70569255792;32.884826281101795;52.45689291397199
0.0;30.0;22.618533196386267;-0.644208309242305;0.6568941556870775;1.0;0.0;0.3482698809926203;0.0009341513288146;6.084735161345923;23.91522780101809;30.653202274901336;0.4042426612194971;0.2200696605796956;450.678671525936;31.60621260276395;53.41361909617817
0.0;30.0;22.39623082849136;-0.6442389027303755;0.6571956962489798;1.0;0.0;0.3413393103608672;0.0008430715742552;6.723942258526432;23.96623213009053;30.65350498149719;0.2604229819359815;0.2198140703395243;448.6637477371172;31.32618661529549;53.53602476292313
0.0;30.0;22.37174158099419;-0.644254199087876;0.6573464271011615;1.0;0.0;0.3379259172572585;0.0008009179955424;7.0337893325111045;23.99164057283257;30.65365629378985;0.1885676433713778;0.2196584757996163;447.6556824116768;31.17926878856432;53.59533463894056
0.0;30.0;22.2895144338626;-0.6442847910297548;0.6576478099180115;1.0;0.0;0.3312011915038391;0.000722828490977;7.629005074186559;24.042270775180285;30.65395883705176;0.0484248563630965;0.219307983975447;445.6385214287796;30.873322833974854;53.70921079406653
0.0;30.0;22.68418849375841;-0.6443000866141209;0.6577984618706245;1.0;0.0;0.3278891795888007;0.0006866870664282;7.9271175632190545;24.06749283785583;30.654110068283646;-0.0185918068457052;0.219117865462241;444.6294950444058;30.71452798100113;53.76344290224465
0.0;30.0;22.88977261429149;-0.6443153819407779;0.6579490875112134;1.0;0.0;0.3246102877929127;0.0006523527131067;8.223397868007158;24.092653076297296;30.654261272751047;-0.082798614618544;0.2189202948692147;443.6202168473431;30.55201843258473;53.81567803803362
0.0;30.0;22.66840125915322;-0.6443306770096979;0.6580996868339245;1.0;0.0;0.3213641849149836;0.0006197350774514;8.509427987970504;24.11775164111833;30.65441245057488;-0.1436768688072177;0.2187166964388571;442.6107203819541;30.38616495432975;53.865795066632586
0.0;30.0;22.75635868152618;-0.6443459718208965;0.6582502598325626;1.0;0.0;0.3181505430658337;0.0005887483235788;8.791536008901643;24.14278868256565;30.654563601871832;-0.2007608132963818;0.2185082308060247;441.6010387640781;30.21715999639514;53.91369247112488
0.0;30.0;23.14689550094551;-0.6444683210313457;0.6594538954359349;1.0;0.0;0.2935717256433595;0.0003905876667494;10.903450986389764;24.340888081926128;30.65577186987141;-0.4838023308756918;0.216749142863607;433.5207563921732;28.773550345855128;54.21135454616495
0.0;30.0;22.808849795078785;-0.6445141977319468;0.6599048237130408;1.0;0.0;0.2848523518200261;0.0003348801007792;11.595167754546832;24.414178201789376;30.65622454445704;-0.5023884177426069;0.2160724216578686;430.4913765593766;28.20292773716187;54.284767656525815
0.0;30.0;23.06651467813942;-0.6446518139115723;0.6612561825011584;1.0;1.0;0.2602175363738719;0.0002110579858446;13.474933028000349;25.42308405668593;30.65758119919869;-0.0491890437026872;0.2183172697323712;421.4159161176932;26.4588131999355;54.44100701571813
0.0;30.0;23.27938712449693;-0.6446823924485103;0.6615561936554604;1.0;1.0;0.2550392074000319;0.0001904798322248;13.85736717736121;25.66624192478676;30.65788240158489;0.152693415025426;0.2196305369700752;419.4030950865742;26.070930880307124;54.48291603527819
0.0;30.0;23.92874944541057;-0.6448046962808652;0.6627551793029237;1.0;1.0;0.2353360754994813;0.0001263682124464;15.309390661126484;26.62708317307872;30.65908621287313;1.0354298716445802;0.2256623167157058;411.3724237422208;24.53559904797636;54.776787305643474
0.0;30.0;24.81556018195297;-0.6449116985933802;0.6638029000637111;1.0;1.0;0.2193486010854897;8.824763579205264e-05;16.535793934621818;27.452556789956944;30.660138239759828;1.606499296227488;0.2312664971071094;404.3793613466407;23.22117566444877;55.27557346325436
0.0;30.0;24.72668876268436;-0.6450186882656149;0.6648493197710269;1.0;1.0;0.2044472301836585;6.162661536568808e-05;17.65173482037288;28.26403800638843;30.66118904313641;1.7892987923028898;0.2369038579964464;397.4252896772216;21.942241750510043;56.02276318517772
0.0;30.0;24.566744559357826;-0.6450645371123049;0.6652973865699109;1.0;1.0;0.1983749429999737;5.2837119349156815e-05;18.04950283487077;28.607591124770824;30.66163901118854;1.7474487267943957;0.2393137893326306;394.4585245225369;21.41141422588835;56.40802346961581
0.0;30.0;24.282042392407607;-0.64524790927508;0.6670872570829255;1.0;1.0;0.1758365484027262;2.855107044335159e-05;19.4085927098879;29.95690521213148;30.663436606179392;1.156251664184755;0.248887328546917;382.6840594204903;19.43031680521452;58.16467520925151
0.0;30.0;23.980803936018965;-0.6453395814197675;0.6679807520751808;1.0;0.0;0.1655466198603548;2.098766035157088e-05;19.93395341604232;30.31797060795249;30.66433402398105;0.7910892757272331;0.252830153055307;376.8582066179744;18.534446924176503;59.06397156879572
0.0;30.0;24.355625673850057;-0.6453701367363085;0.6682783700489483;1.0;0.0;0.1622522421251337;1.8941363467292715e-05;20.108457534270617;30.3377616492616;30.66463295685125;0.6355665483163557;0.253232940719154;374.926100824452;18.25006926134781;59.350196315258806
0.0;30.0;24.881702127159347;-0.6454006910202573;0.6685758810981781;1.0;0.0;0.1590234225068435;1.7094580529231677e-05;20.28669979584494;30.35745485990349;30.66493178601835;0.4676499530348219;0.2533202343952863;372.9990898074643;17.971557125471424;59.62425132425742
0.0;30.0;24.53449013823516;-0.6455381725183928;0.6699133563525097;1.0;0.0;0.1452706392138797;1.0773849288038064e-05;20.99138215374119;30.444876364830964;30.666275226059447;-0.2548102145292784;0.2519526008622444;364.39315424595736;16.787700929841055;60.639549497498685
0.0;30.0;24.37495322333647;-0.645736719978638;0.6718414320181854;1.0;0.0;0.1274780399346777;5.530670238460873e-06;21.810098976001555;30.567757879002944;30.668211981634656;-0.5853382800302829;0.2486971601923656;352.1642083449666;15.27891494131252;61.33037206773139
0.0;30.0;24.172779931914896;-0.6457825324247303;0.6722857280630387;1.0;1.0;0.1236918146705779;4.741858395700392e-06;21.94012058300236;30.795070157452404;30.66865828668038;-0.5010223322540511;0.2482956563790902;349.3779347887908;14.965579161663197;61.37250783113512
0.0;30.0;24.750344283438388;-0.6458436120697688;0.6728777462817406;1.0;1.0;0.1188178636422166;3.862273299912942e-06;22.127988145044178;31.227933766549075;30.669252985234085;-0.2177564249630818;0.2495584559629795;345.6845642908571;14.56980641128364;61.390178032786274
0.0;30.0;25.202288830515982;-0.6458894190910314;0.6733214773579441;1.0;1.0;0.1152888542741791;3.311416570512859e-06;22.300612643828256;31.54981733327335;30.66969872727624;0.0882162011107467;0.2512419853169085;342.93104520982035;14.286547071246645;61.39340243572043
0.0;30.0;26.293313328682352;-0.6461489482861682;0.6758313701813856;1.0;0.0;0.0971819549834507;1.3845706065131757e-06;23.35715048272338;31.760750047018217;30.67222001245523;0.8824705052079955;0.2519308071957341;327.6040109962433;12.81327703384292;61.65570243889979
0.0;30.0;27.11381280357817;-0.6462557915399799;0.6768625863208949;1.0;0.0;0.0905799326819314;9.668972936032944e-07;23.757975591419843;31.80502754467045;30.67325591337525;0.5147418563107269;0.2502041679340668;321.4336041652235;12.259829615328554;61.87200998391517
0.0;30.0;29.230789239365084;-0.6463473613903138;0.6777454300401538;1.0;0.0;0.0852792085541173;7.107583595950414e-07;24.294105716284065;31.842367862224247;30.674142768975653;0.0934339795967164;0.248652598064854;316.2118253825874;11.786779936380071;62.041284174732304
0.0;30.0;28.484168123335767;-0.6464236624891458;0.6784803876735199;1.0;0.0;0.0810996787983125;5.499712698234132e-07;24.718848831011822;31.87305965065644;30.67488106751672;-0.2161926029313371;0.2473509162582369;311.908295220892;11.382897318869816;62.14166780034252
0.0;30.0;27.95790348530009;-0.6464389219332347;0.6786272978061103;1.0;0.0;0.0802886820103294;5.224727063322426e-07;24.78298671475841;31.87915207993464;30.675028645611047;-0.266997413161643;0.2470906765451827;311.05285901723965;11.302370107648596;62.15593490032152
0.0;30.0;27.71028371111884;-0.6467288022345112;0.6814134260643631;1.0;1.0;0.0663319899260469;1.971569579608437e-07;25.61246334780914;33.36842623686231;30.677827457933013;0.3913095836118362;0.25204852042976;295.1373306288151;9.918123178152475;62.2225109191802
0.0;30.0;28.09794419302771;-0.6467593105186387;0.6817061310332527;1.0;1.0;0.0650119833265185;1.779341545596613e-07;25.704294161851;33.57281709008905;30.678121498025067;0.6121552109035286;0.2535279175337195;293.49964652836115;9.792420701190387;62.25704082507704
0.0;30.0;26.77930251369604;-0.6469118364160874;0.6831680188468804;1.0;1.0;0.0587956723812746;1.0653575108702025e-07;26.04431607098317;34.579926102245295;30.67959006449593;1.5367782399206793;0.2611997604905316;285.41960010273425;9.207170736756646;62.70297503569234
0.0;30.0;26.818515349192925;-0.6469728395299916;0.6837520091515343;1.0;1.0;0.0564788882947196;8.677403510882228e-08;26.12033643363901;34.975931420415364;30.68017672840007;1.7197697603974642;0.2642994079836219;282.23826969952734;9.003381222299716;63.02438748494515
0.0;30.0;27.43288230110793;-0.647094833335542;0.684918676583581;1.0;1.0;0.0521155945211397;5.756766779658711e-08;26.304775914192664;35.75642717778888;30.681348748212542;1.7016459525187977;0.2704786168955972;275.96263991963355;8.640493958673632;63.88394571141985
0.0;30.0;25.910361046000403;-0.647232056565522;0.6862290814453131;1.0;1.0;0.047608494457925;3.628198864802144e-08;26.35785809644493;36.61644342154396;30.6826651846492;1.266258849603214;0.2773762912926728;269.04123450876085;8.301569232107036;65.06371511622733
0.0;30.0;25.42175901461852;-0.6472930379367838;0.6868107701800794;1.0;0.0;0.0457325298183899;2.95519065162425e-08;26.3018127821536;36.89276677174073;30.68324955804728;1.0318354874282565;0.2803204650308626;266.0121183356026;8.18363045358904;65.60793649827932
0.0;30.0;25.37158596571541;-0.6474302308748767;0.6881179621296406;1.0;0.0;0.0417774547601591;1.862507163809867e-08;26.1721487148231;36.8378720729504;30.684562800260064;0.2569603883746257;0.2811828938529141;259.3021871336744;7.985922223874484;66.72728696021508
0.0;30.0;27.627406264191464;-0.647628361417948;0.6900021911392472;1.0;0.0;0.0366605948394279;9.561033075931596e-09;26.19419262228584;36.76062339689915;30.68645579378697;-0.6091807970555575;0.2779623113652055;249.86678476059143;7.799253320280499;67.67748218363336
0.0;30.0;26.817969156498147;-0.6477197915188626;0.6908702628633469;1.0;0.0;0.0345152223065541;7.028237880114713e-09;26.264732302552293;36.72576642813914;30.687327920958428;-0.6432379932455883;0.2762396516735337;245.61356676047475;7.7116305741698685;67.79596468484196
0.0;30.0;27.992503299864595;-0.6478112122926231;0.6917373397343052;1.0;0.0;0.0324953966537833;5.166400671055767e-09;26.4228004645906;36.6914022336101;30.688199059725594;-0.4702513570828814;0.2745047465687105;241.4239995832969;7.6182376880778815;67.75332296457762
0.0;30.0;27.41121278337508;-0.6478873891448748;0.6924591429354272;1.0;0.0;0.0309027988853016;3.99766235475016e-09;26.53581732150772;36.66313666272153;30.688924252685;-0.2378872561636915;0.2730619356225116;237.9810172080812;7.531150931932571;67.63526436661243
0.0;30.0;27.57697375020137;-0.6479940258533615;0.6934685039242809;1.0;1.0;0.0288034279943284;2.791716719512e-09;26.68341584320827;37.31818246140798;30.689938366555914;0.3070659355897507;0.2745078830301922;233.2341216677086;7.405035935798935;67.42983759274033
0.0;30.0;27.578344289509264;-0.6480854186377287;0.6943325887502582;1.0;1.0;0.0271178556913612;2.0521683214354995e-09;26.780534094377927;37.87080263159643;30.690806531793307;0.9079301155504224;0.2782234910700302;229.23287895037484;7.301485651952064;67.32444027351066
0.0;30.0;25.98302784521545;-0.6482072611661965;0.6954831463320044;0.0;1.0;0.0250228574634656;1.36145039288449e-09;24.26028345599499;38.09817623627144;30.691962538933343;1.5280095103090785;0.2820345044383441;223.9939187971137;7.382340842468318;67.41548975357483
0.0;30.0;24.30779187146695;-0.6484356711783262;0.6976356406529443;0.0;1.0;0.0215211176184517;6.307480273209344e-10;17.972460669632106;37.96369182369954;30.694125277533924;1.5117636337590517;0.2792825344008435;214.4624342096212;9.24103468883831;68.18248910710528
0.0;30.0;23.04580623803378;-0.6486944653078452;0.7000675429082236;0.0;1.0;0.0181410796104887;2.6372857662226423e-10;12.792264576706035;37.81700570594983;30.69656882903494;0.7236998724232968;0.2743932230480108;204.1099309673179;12.677889432215164;69.05294845869454
0.0;30.0;22.51126514809843;-0.6487096861569205;0.7002103442321446;0.0;1.0;0.0179596688143838;2.5054214779115103e-10;12.5389607892463;37.8085616593617;30.69671231685024;0.6979055909452146;0.2741041301720203;203.5155608432303;12.897100217234762;69.0828836885461
0.0;30.0;21.62412301239686;-0.6488162248346006;0.7012091689445178;0.0;1.0;0.016739584961773;1.7496292604599308e-10;10.900848952619407;37.75001591061319;30.69771595078687;0.6289359332593377;0.2720872937055281;199.3996989289907;14.443298226967263;69.2126617648101
0.0;30.0;21.557307600668143;-0.6488618803751196;0.7016368160670734;0.0;1.0;0.0162424025488234;1.5000883871868328e-10;10.266032975401016;37.725223574352896;30.698145661021226;0.6549654325126967;0.271227042217224;197.6595526022044;15.10518950194858;69.22878173553147
0.0;30.0;21.42299340493914;-0.648892316104415;0.7019217738308906;0.0;1.0;0.0159191787381018;1.353829769436117e-10;9.863496092193769;37.70879394897989;30.69843199486152;0.6872485249710919;0.2706549925643601;196.5073251398904;15.543998610441642;69.22830452864181
0.0;30.0;21.652290850792443;-0.6489531844482741;0.7024913523904218;0.0;1.0;0.0152918995782974;1.1027028086417759e-10;9.105154521368808;37.67616961076349;30.699004327174706;0.7779853196705265;0.2695144317285549;194.2216468359368;16.4124945460753;69.20501566642001
0.0;30.0;21.777878020804188;-0.6491966162868221;0.7047651670433891;0.0;1.0;0.0130204067307438;4.8532891368045045e-11;6.611699270552618;37.5487490642895;30.701289178137014;1.158285507892674;0.2649997416481405;185.3256061428796;19.688300064416715;68.96596287454258
0.0;30.0;22.41152744861841;-0.6492878860888217;0.7056159882080715;1.0;1.0;0.0122584544741224;3.567613487323399e-11;7.5835600727331505;37.90026444661589;30.70214414671481;1.1963613490700362;0.2646647692057617;182.08952752655404;20.69820799248808;68.87457357589132
0.0;30.0;22.551188185235457;-0.6493183072784986;0.7058993695263371;1.0;1.0;0.0120145112300874;3.219771172309368e-11;8.167417773941356;38.08247494520443;30.702428911574824;1.1928125671805836;0.2654531493283136;181.0227431406921;20.94196383231673;68.8521473820206
0.0;30.0;22.594694150788875;-0.6493335174837545;0.7060410178343012;1.0;1.0;0.0118943661177865;3.0587826136938994e-11;8.45309687551105;38.17324685435271;30.7025712518549;1.18831493931508;0.2659491037626705;180.4915692773878;21.04774443491776;68.84332355158851
0.0;30.0;22.358211780355926;-0.6493791465410865;0.7064657932858527;1.0;1.0;0.0115410915497221;2.6225237434158068e-11;9.265046147454116;38.44423570834195;30.702998104028623;1.1653268290804255;0.2677073310761951;178.9068822156672;21.306533733997803;68.82815310151203
0.0;30.0;22.48019909998014;-0.6493943557073615;0.70660732859327;1.0;1.0;0.0114256806342249;2.4913975562450164e-11;9.526723619904743;38.53412482949117;30.703140331845844;1.1549505527734154;0.2683570398017544;178.38158724965442;21.37462207182652;68.827256593134
0.0;30.0;22.52794338678201;-0.6494551897748447;0.7071731871235726;1.0;0.0;0.0109754632287707;2.029258880796292e-11;10.523038647708608;38.59258774934914;30.70370896176328;1.0609806634641137;0.270338093582568;176.29499123498388;21.565433967520985;68.84496331889405
0.0;30.0;22.07133572941086;-0.6495312265140618;0.7078798737881643;1.0;0.0;0.0104375563236043;1.5702018392127557e-11;11.629108809693228;38.54107353160635;30.704419115703303;0.7568727555972822;0.2705436910723013;173.7193164147504;21.64581129953233;68.89963347080847
0.0;30.0;22.09843578970287;-0.649713688185859;0.7095730322895077;1.0;0.0;0.0092516920229279;8.484744034850384e-12;13.897311106161055;38.419934277024936;30.70612060953089;-0.2216853312610689;0.2679675560375716;167.68302649311835;21.311554129101903;69.00097510522171
0.0;30.0;21.87488320870825;-0.6497440948263771;0.709854828275407;1.0;0.0;0.0090675833516716;7.657481491452469e-12;14.205087288155264;38.40008158257392;30.70640379664974;-0.346881543803;0.2674286059463174;166.69663676232713;21.203249483973288;68.99566673393997
0.0;30.0;22.18187563903153;-0.6498353085101939;0.71069953459222;1.0;0.0;0.0085369497286378;5.628952546977741e-12;15.105908169092176;38.34109219127004;30.7072526796568;-0.5774735514649636;0.2657764688969991;163.7706472465857;20.816803835010152;68.92701564003738
0.0;30.0;22.34488565310896;-0.649865710992058;0.7109808760006928;1.0;0.0;0.0083670644290379;5.080129673647412e-12;15.38417472433803;38.32161709010213;30.7075354143944;-0.6025234847123265;0.2652209337753459;162.8062905888511;20.671018030141724;68.88722079424929
0.0;30.0;22.25314013649753;-0.649896112434137;0.711262103652227;1.0;1.0;0.0082005598469;4.5848170304667896e-12;15.654428160352492;38.50174839305686;30.707818035925413;-0.5831497570252465;0.2650436463198136;161.8473772053836;20.518342628585472;68.84070437630142
0.0;30.0;21.28661849837656;-0.650169678614502;0.7137880260353175;0.0;0.0;0.0068434800438331;1.8211549720125e-12;14.719124784301124;38.40196247614042;30.710356528045214;0.760350805727158;0.2695531159601489;153.4578294128908;19.29267786976278;68.59340982708409
0.0;30.0;21.27068553893305;-0.6501848742653207;0.713928084119015;0.0;0.0;0.0067750452433948;1.7300972234118745e-12;14.427666614672304;38.29217837821512;30.71049728575932;0.7902722179566837;0.2693758887346117;153.0042309698955;19.28424916853916;68.59757966748337
0.0;30.0;21.00373043014588;-0.6502000696560546;0.7140681136456687;0.0;0.0;0.0067072947909608;1.6435923622412805e-12;14.14197970251722;38.18266134090147;30.71063801505442;0.811280097779782;0.269178992118835;152.5519255717768;19.28361446489445;68.60261969549136
0.0;30.0;22.17093917350484;-0.6503520092580541;0.7154668370382544;0.0;0.0;0.0060659571807449;9.840794603239213e-13;11.57847390156773;37.10203695795118;30.712043743727207;0.5978137298960711;0.2666845017615466;148.09928614710174;19.63234192059135;68.63646812271772
0.0;30.0;22.40059748105796;-0.6504431605328777;0.7163046977355814;1.0;0.0;0.0057109782727878;7.23388831014741e-13;12.78566110161711;37.0618145213025;30.71288581421597;0.2450582809405698;0.2650353295860562;145.48828992641134;19.84626558331476;68.5738037704956
0.0;30.0;22.437572954555385;-0.6504735422097989;0.716583755476753;1.0;0.0;0.0055973298051593;6.528584199908036e-13;13.15868879969354;37.04853429057027;30.71316627632352;0.1208793228373829;0.2644811162604395;144.627903818152;19.869774823432422;68.5340909948711
0.0;30.0;22.5779979905663;-0.6505191127737503;0.7170021270993993;1.0;0.0;0.0054310835126162;5.59744487839616e-13;13.702265283869464;37.0287321770343;30.713586755528443;-0.0548368447486628;0.2636491016948994;143.34656245910443;19.866436607345104;68.45670252495295
0.0;30.0;22.23948064879376;-0.6505494918486863;0.7172808981233953;1.0;0.0;0.0053230049507152;5.051694002752527e-13;14.047519401166634;37.01560914248919;30.71386693229525;-0.1590729920140975;0.2630946945529365;142.49845685072214;19.84085204041165;68.39349261346405
0.0;30.0;22.2685304705537;-0.6507924869724512;0.719506931034542;1.0;1.0;0.0045323139308629;2.2233852524795738e-13;16.34208145505211;37.01272217732978;30.716104230917768;-0.3808359244761447;0.2587918309902255;135.8867880158325;19.170270783068275;67.63957483354137
0.0;30.0;23.2425358406484;-0.6512782772716548;0.7239368709036637;1.0;1.0;0.9833858384762636;0.902500000000043;19.41840703154846;39.88937022325564;30.72055680701253;1.7281267489213357;0.279341018649165;129.093017820697;16.853425078328634;67.94061560147593
0.0;30.0;23.89031646926525;-0.6513238064384351;0.7243506603045399;1.0;1.0;0.95417829568768;0.7737809375000368;19.656347817339743;40.14770257531837;30.720972725680777;1.6559613146805232;0.281617360855627;132.44598924612717;16.62761956928639;68.24938592325812
0.0;30.0;23.74466159152704;-0.6513541579136656;0.7246263750442138;1.0;1.0;0.9351901476034952;0.6983372960937833;19.82284845525248;40.31887510235983;30.721249860607507;1.5807952828480405;0.2831316655574577;134.26608237714078;16.476990370734754;68.47333053302057
0.0;30.0;23.8169687355536;-0.6513693332604606;0.7247641889392644;1.0;1.0;0.9258382461274604;0.6634204312890941;19.90193765928691;40.40414818566601;30.721388384798583;1.5367403938771125;0.2838877655302534;135.08111140047563;16.401830345438334;68.58976433683752
0.0;30.0;23.2958395685224;-0.6514300320421241;0.7253151545584493;1.0;1.0;0.8893565251354363;0.5403600876626627;20.17770835205767;40.743164494584775;30.72194219295144;1.3312873611946516;0.2869048052693721;137.86545606664365;16.1044082646073;69.07763189325014
0.0;30.0;23.92295221325342;-0.6517031249607544;0.7277887502653881;1.0;1.0;1.7027762690609525;1.029145013942948;21.265410353085507;42.22839150582414;30.72442860672293;0.6163364226774569;0.3003285016519091;157.99944602547495;14.859071763372343;71.30313950649222
0.0;30.0;24.29396415464787;-0.6517334634054011;0.7280630125876177;1.0;1.0;1.6688910213066397;0.9288033750835104;21.37667831578292;42.38942011834289;30.72470429596258;0.608394562784105;0.3018044118303706;162.1354517897049;14.729226394242769;71.52570593898949
0.0;30.0;24.36548515396536;-0.6517486322366928;0.7282001000677332;1.0;1.0;1.6522021110935734;0.882363206329335;21.43586093776348;42.46963977044341;30.724842097102645;0.6103613138512826;0.3025411998505543;163.98822450329612;14.664834503171;71.63444069437948
0.0;30.0;24.70671072236722;-0.6518851399860713;0.7294325759705717;1.0;1.0;1.5093151248128618;0.556108889951777;21.928139465725145;43.18286271536427;30.72608100197887;0.7672645557672336;0.3091374142352544;176.63755924640677;14.10289874729316;72.54364064678835
0.0;30.0;24.24154490856355;-0.6519003062100847;0.7295693719240052;1.0;1.0;1.494221973564733;0.5283034454541882;21.97394815853948;43.26114571091024;30.726218512932583;0.7950154462618365;0.3098664659022115;177.7493204273261;14.04284978619909;72.63813288938165
0.0;30.0;23.684836001319468;-0.6520519541074752;0.7309357255037623;1.0;1.0;1.3513475689762242;0.3163147879203304;22.31385951984769;44.03354268131784;30.72759202387384;1.0741589010893755;0.3171148036891935;187.12421009782835;13.485183308945286;73.5398467347348
0.0;30.0;23.87691423515741;-0.6521580921171709;0.731890433707961;1.0;1.0;1.2595442420210894;0.2208944137107515;22.523540118168963;44.56309773817223;30.728551750182863;1.188570537641268;0.3221432969628832;192.3599561969177;13.141780691882431;74.14631468853742
0.0;30.0;24.13214513434623;-0.6521884149151185;0.7321629440817495;1.0;1.0;1.2344793116048698;0.1993572083739532;22.57976019500237;44.71274257054503;30.728825695502348;1.2017704080191358;0.323573196360853;193.702351482028;13.049954306136366;74.31779631198555
0.0;30.0;24.02396881029769;-0.6522035759227877;0.7322991553416696;1.0;1.0;1.222134518488821;0.1893893479552555;22.60835768790701;44.78729112304145;30.72896262443514;1.205066503516058;0.3242870145549085;194.35017202477724;13.00498401857477;74.40325774351598
0.0;30.0;23.942863623528304;-0.6522187366695646;0.732435337309546;1.0;1.0;1.2099131733039328;0.1799198805574927;22.634782920373503;44.86165769265208;30.729099524209342;1.2062248296301157;0.3250000794733452;194.98285889786283;12.96070202558458;74.48851826524223
0.0;30.0;24.03522628699304;-0.6527643497555681;0.7373183338382734;1.0;1.0;0.8425995265811635;0.0283876174791528;23.242319527104183;44.53548737079701;30.73400845037386;-0.6195960829623001;0.323081056599512;209.4316712916276;11.732297584732205;76.01288371127035
0.0;30.0;24.017248221802344;-0.6529007001642037;0.7385331205623396;1.0;1.0;0.7697292002534434;0.017891279159724;23.42502234751931;45.20363047659718;30.73522974636783;-0.0213273744093913;0.3259768471904258;210.97126165972423;11.492191256847658;75.64097671366459
0.0;30.0;23.16045695669726;-0.6529612935559125;0.7390722579324921;1.0;0.0;1.7293987985439487;0.96457255869609;23.43142945968184;45.09784237726403;30.735771780184105;0.375127589282175;0.3271088804728814;215.36812346222507;11.39769868322037;75.48038744024443
0.0;30.0;21.96176241840524;-0.6532793402924516;0.741894960860474;1.0;0.0;1.4003424024493971;0.3284963992624288;23.13177049762351;44.55897758514581;30.73860972407315;0.4417295053969183;0.3218551482510363;238.73812398087145;11.092629663140336;75.12089355169252
0.0;30.0;22.03843380864658;-0.6534307506194911;0.743234508416876;1.0;0.0;2.25644456765;1.146682928645215;22.944872107420228;44.31185822084132;30.739956549619016;-0.1470212259778898;0.3184979401015447;250.1430939132566;11.051050373332108;75.03055528749418
0.0;30.0;22.20878974138074;-0.6535367222971326;0.7441704231271138;1.0;1.0;2.103153790979535;0.8007714558669619;22.82981927847076;44.341916985190245;30.74089756672647;-0.3736187983601998;0.3165340576751744;265.8878821062439;11.049846957566851;74.8880532076684
0.0;30.0;22.15380022000091;-0.6536124085102727;0.7448380407369024;1.0;1.0;2.0000783286310027;0.6196216878439775;22.76747210565752;44.71717164420188;30.74156883283422;-0.2175129596567857;0.317946736051565;273.71150322505616;11.058773694622309;74.75664068646697
0.0;30.0;22.172844066390205;-0.6536729527748075;0.7453715985734396;1.0;1.0;1.9212672621704097;0.5046857373844686;22.728908349938447;45.01409102770576;30.742105311823344;0.087644439487254;0.3201356916159488;278.8626644604127;11.072385357417884;74.66410229635572
0.0;30.0;22.13094260734793;-0.6537183582278088;0.7457714539134129;1.0;1.0;1.8642037032166865;0.4327049340900088;22.6887595216637;45.23488330649154;30.742507359399863;0.3781634915565857;0.3220375596000266;282.27745076635654;11.08667300976885;74.61727362140287
0.0;30.0;23.308232401254987;-0.6537940287529798;0.7464372827918736;1.0;1.0;1.7728391727458015;0.3348188295610427;22.69114671302984;45.59929169031647;30.74317684461696;0.891559926903597;0.3254200357801804;287.3186442988493;11.114349144042304;74.60796472354828
0.0;30.0;23.62711567361613;-0.6538394279299109;0.7468364218717266;1.0;1.0;1.7201840764760783;0.2870652939948989;22.746532184233665;45.81580858983515;30.743578179065256;1.1730427396952476;0.3275051959380677;290.0208061087656;11.127428416540084;74.65436881254288
0.0;30.0;23.82850381834588;-0.6539604808937344;0.7478994779291326;1.0;1.0;1.5872907300076926;0.1904449811502174;22.85652075791345;46.38548462999949;30.744647095171263;1.6604076519452782;0.3331160322941566;296.24941259190985;11.151713350842526;74.99471422580523
0.0;30.0;24.00943340059372;-0.6539756113371403;0.7480322253702352;1.0;1.0;1.5714178227076157;0.1809227320927065;22.87935019643688;46.45591404491665;30.744780575704144;1.6877208644413382;0.3338177371249451;296.9380043269614;11.15309718235568;75.05910266665059
0.0;30.0;22.727625483442555;-0.6541571562523165;0.7496228592849713;1.0;1.0;1.3928809851931288;0.0977634233737787;22.98182062369144;47.28777417832359;30.746380016857504;1.483489021202467;0.3421968902257488;303.8323548067965;11.156028404234432;76.11905989296321
0.0;30.0;22.311888904195115;-0.6541722832945772;0.7497552173355065;1.0;1.0;1.3789521753411975;0.0928752522050897;22.96855489629112;47.3560006560128;30.74651310968845;1.4347715813850883;0.342890913995765;304.30061104222614;11.157384091944278;76.22355778494124
0.0;30.0;22.333471246491527;-0.6543386634880407;0.7512091753741107;1.0;1.0;1.234628633376247;0.0528274520244545;22.822161818624487;48.095586346846645;30.747975158863724;0.8671835548100774;0.3504780036504092;308.48320468987725;11.204706957251751;77.39518949463894
0.0;30.0;22.62626097164213;-0.654595734218363;0.7534490474142357;1.0;1.0;1.0407218028614074;0.0220882319492399;22.79841368046929;49.20016972001283;30.7502275661606;0.6777381747086337;0.362032333176166;311.85265238566006;11.315811245403236;78.92383892429001
0.0;30.0;22.84211915422963;-0.654610853669769;0.7535805336041034;1.0;1.0;1.0303145848327933;0.0209838203517779;22.79927915424062;49.26372654723701;30.750359790879653;0.697679859146443;0.3627055659414805;311.9474182529467;11.322806284926962;78.99949802201812
0.0;30.0;22.66233723539556;-0.6546259728593414;0.7537119896508246;1.0;1.0;1.0200114389844652;0.019934629334189;22.79656740411522;49.32712816905367;30.75049198558431;0.7198006464590279;0.3633780883261425;312.0315953589837;11.32986996407849;79.07391745448034
0.0;30.0;21.910734915013283;-0.654792266661128;0.7551560152086384;1.0;1.0;0.9132552611042724;0.0113388190047837;22.66818496889024;50.014409931731706;30.751944144874024;1.019885965394966;0.3707291609305193;312.2962685486118;11.42376866146376;79.83664880876493
1.0;30.0;22.165942066813177;-0.6549131877026635;0.7562039203394298;1.0;1.0;1.8427014468423524;1.0075224041944622;22.58336797493485;50.50276735577616;30.752997975212185;1.1720006849236435;0.3760220252592729;313.8129591665207;11.51061311772466;80.36613047873195
0.0;30.0;20.77466692097784;-0.6552758502202028;0.7593360097362307;1.0;0.0;2.334155118534001;0.8345455714628325;21.92167434440672;50.246564684622;30.756147889412816;0.0676115808139069;0.3787760047964699;368.26561041491726;11.918018293437353;81.69029913472662
0.0;30.0;20.47430489005266;-0.655306065282947;0.7595962284703779;1.0;0.0;2.287705431675174;0.7531773782452063;21.86559585313453;50.16888411984333;30.756409596868632;-0.0976570567896104;0.378030206828774;371.57501680743735;11.95701051436112;81.72365193357791
0.0;30.0;20.237221392494405;-0.6553211724211438;0.7597262922643538;1.0;0.0;2.2648283773584224;0.7155185093329459;21.83335182943623;50.13018513972026;30.756540405214583;-0.1744266363539764;0.3776507499730465;373.0914418110015;11.976814443477176;81.73307164056426
0.0;30.0;20.258310227665675;-0.655366492262918;0.7601163012910199;1.0;0.0;2.1975607097225;0.6134676819393345;21.73490824454338;50.01465065864589;30.75693264866181;-0.3744128142425903;0.3764957139914793;377.19462884822144;12.03782629300392;81.7316516651931
0.0;30.0;19.84986255972688;-0.6554118097453835;0.7605060366758996;0.0;0.0;2.132290959083032;0.5259718538027369;20.469165873462902;49.60104972433009;30.75732461961328;-0.5202682015693785;0.3753262987074153;380.763733570097;12.162322662295404;81.68418334278977
0.0;30.0;18.939671531874552;-0.6560007222450998;0.7655476315654216;0.0;1.0;1.4408509421010167;0.0711513444470895;9.383189375519146;46.91579579292405;30.7623953807994;1.7180001193134022;0.3602092929274452;403.899468966702;18.099370919850283;78.33137016813741
0.0;30.0;19.064460101263645;-0.6560158173191344;0.7656762920980571;0.0;1.0;1.4264424326800065;0.067593777224735;9.19738978852048;46.88500416792868;30.762524791715222;1.749439851545071;0.3598291735742224;404.114521822956;18.287734405781794;78.26750098793316
0.0;30.0;19.54528852973072;-0.6561365684642335;0.7667044733535346;0.0;1.0;1.3162421866623315;0.0448430928388905;7.837498646690869;46.64134274595692;30.76355898057164;1.7109713864838996;0.3568026171982912;405.3125437631903;19.77817227203296;77.89094714736687
0.0;30.0;19.716607625768688;-0.6564081971216261;0.769010700824174;0.0;1.0;1.0984222181708707;0.0178123185595585;5.468037288766678;46.11009406800277;30.765878754562905;0.7738938889596334;0.3500856046117482;404.9813575884717;22.896197747638222;77.5099348860844
0.0;30.0;19.4643848664855;-0.6565138075160407;0.7699048771682154;1.0;1.0;1.0238012869282;0.0124390063800426;6.270854769671802;46.30773751200727;30.76677820996982;0.5939209759037074;0.3488462105793921;403.87336333446194;23.885635081436675;77.35881908372188
0.0;30.0;19.16726349746678;-0.6565288936648735;0.770032493501984;1.0;1.0;1.013563274058918;0.0118170560610404;6.5262206728099885;46.3782925688027;30.76690658095597;0.5860532282345835;0.3491128084174839;403.6753081686844;23.98819401610263;77.33597715967738
0.0;30.0;19.207659350501288;-0.6565741505356573;0.7704151576752244;1.0;1.0;0.983459431256094;0.0101316484403345;7.26322968071539;46.588925900797314;30.767291509836305;0.588044371849413;0.3503229056503749;403.024411107377;24.24158039913824;77.2700257994841
0.0;30.0;19.072442869504528;-0.6566043204697224;0.7706701130494275;1.0;1.0;0.9638885885740976;0.0091438127174019;7.732360547481445;46.72849244027142;30.76754797564012;0.6089014476492238;0.3513571637242673;402.5444860649567;24.368786598981835;77.23026520681346
0.0;30.0;18.95122157086508;-0.6566344893532099;0.7709249451164865;1.0;1.0;0.944707205661473;0.0082522909774552;8.173120181768708;46.86737831983576;30.76780431863625;0.6431394789733365;0.3525022279724917;402.0289374236703;24.466415406359;77.19573186085444
0.0;30.0;19.02455188293408;-0.6566948239682912;0.7714342391658823;1.0;1.0;0.9074819723766604;0.0067215425779559;9.008827242481662;47.143121332166025;30.76831663604145;0.7421529427662507;0.3549847962744222;400.89486681895767;24.58270817012495;77.14824139959225
0.0;30.0;19.8017419180882;-0.6567702363268494;0.7720701623986458;1.0;1.0;0.8630063261938308;0.0052010015174169;10.003563276055516;47.484030044297725;30.76895634127464;0.8957080029093942;0.3582567066745414;399.2939025152983;24.60004754791448;77.14230156754921
0.0;30.0;19.60238564283452;-0.6569813559882139;0.7738466380105817;1.0;1.0;0.7497331322740295;0.0025363983063861;12.3574661389838;48.416701254689926;30.770743423041143;1.2068631371355367;0.3676078227466084;393.8392697004944;24.09725077880237;77.52798802885357
0.0;30.0;19.68825657208681;-0.6570265892150087;0.7742265225066689;1.0;1.0;0.7274653085123586;0.0021746444979378;12.784651895731704;48.612440014211046;30.771125583452697;1.2197885326745628;0.3696059434454701;392.503202713354;23.91940351768028;77.68810284529528
0.0;30.0;19.93946872273927;-0.6571321242122024;0.775111835510802;1.0;1.0;0.6780452058688372;0.001518635358655;13.690907172267774;49.06361917623056;30.77201621126628;1.1774110603400203;0.3742462954956516;389.1826395607902;23.445488552525344;78.14596931845176
0.0;30.0;19.31854440625393;-0.657282866150895;0.7763739325646418;1.0;0.0;0.613211930233431;0.0009092630864602;14.759934671275577;48.707008004699375;30.773285911427585;0.618168002508387;0.3747740746908081;383.9944819993499;22.677496394470865;78.87979624247845
0.0;30.0;19.129858959571507;-0.6573732986946763;0.7771297004821154;1.0;0.0;0.5773268596906462;0.0006683919213016;15.250493300062448;48.497161199343054;30.77404624714043;0.089232056976868;0.3728758742191602;380.6599868227752;22.19526371099421;79.23072526846646
0.0;30.0;19.19263183155111;-0.6574185114168218;0.7775071648587846;1.0;0.0;0.5601796746309744;0.0005730625235259;15.473698037856312;48.39337873189476;30.774425997080296;-0.152775812094606;0.3717857906102793;378.936764113034;21.953750852709216;79.35396521765726
0.0;30.0;19.260466678167308;-0.6575390671048936;0.7785123677486718;1.0;0.0;0.5169028226920901;0.0003801813865132;16.06111274901698;48.12029306941215;30.7754373002259;-0.5703342931559457;0.3687429646943986;374.1762219722265;21.310789884683988;79.47507805372025
0.0;30.0;19.1430645972395;-0.6575842711483191;0.7788888051523435;1.0;0.0;0.5015502919553123;0.0003259580162617;16.238473430953402;48.019245724952;30.77581602725588;-0.6198732293215702;0.3675861712134601;372.3340435262423;21.074286479374496;79.44220869337731
0.0;30.0;19.028759102274275;-0.6575993386367419;0.779014221982535;1.0;1.0;0.4965347890357592;0.0003096601154486;16.293725039409967;48.08560472611264;30.77594220754065;-0.6183434268920018;0.3673013958882092;371.713576184729;20.996449362562057;79.42263373230732
0.0;30.0;17.806394604345215;-0.657689738043202;0.7797660684159584;1.0;1.0;0.4674776473641806;0.0002276286397163;16.52583619228647;48.48036987719716;30.77669863728129;-0.3089408676332881;0.368343365000987;367.92762963460353;20.54882316068477;79.2439844970812
0.0;30.0;17.970361643797094;-0.6577048036902201;0.779891267016888;1.0;1.0;0.4628028708905388;0.0002162472077305;16.5544397998374;48.54560292142616;30.776824600196328;-0.217022188555862;0.368782934681669;367.2866496166004;20.47846416091277;79.20865231243916
0.0;30.0;17.521406501265012;-0.6577198690741457;0.780016434422096;1.0;1.0;0.4581748421816334;0.0002054348473439;16.573587204431654;48.61067667823536;30.77695053203838;-0.1167875994620927;0.3692640798970714;366.6429645099409;20.40960237626295;79.17310079536206
0.0;30.0;17.80401601829682;-0.6577499990527483;0.7802666756256058;1.0;0.0;0.4490571628222189;0.0001854049497279;16.621300834813592;48.64046965077169;30.77720230248339;0.0984508153871022;0.3702201460749654;365.3476959868764;20.275846463101377;79.10323580176895
0.0;30.0;17.447371455484028;-0.6578253193948675;0.7808917323601439;1.0;0.0;1.4170488936802543;0.9501434628158176;16.714413095062916;48.46613382380847;30.777831184466223;0.5457606084052867;0.3706089857162749;365.9081326807802;19.963228088241223;78.9469856085754
0.0;30.0;17.49882251548827;-0.6578403826739315;0.7810166500200821;1.0;0.0;1.4028784047434515;0.9026362896750268;16.72994561464215;48.43151993245571;30.77795686754317;0.612369117664989;0.3704611598898406;366.94871165477673;19.90428183238405;78.92007559854211
0.0;30.0;17.84759618863793;-0.6579307568222131;0.7817654997506464;0.0;0.0;1.3207821700893014;0.6635206167239506;16.448387383342954;48.12571406392543;30.7787103123452;0.8264419945027048;0.3688763678763751;371.1005299731476;19.58452181393661;78.79305614937549
0.0;30.0;17.525462826483146;-0.6580211214963027;0.7825132237390969;0.0;0.0;1.2434901948218526;0.4877486246162748;14.588411103385123;47.32858401319797;30.77946263580451;0.738161150984922;0.3667677387361308;373.1139177320192;19.51713874808718;78.70000671408953
0.0;30.0;17.5815049408617;-0.658036181354116;0.7826377348810196;0.0;0.0;1.231055292873634;0.4633611933854611;14.2995412376217;47.1968581360159;30.77958791395221;0.6995432762492106;0.366397658438486;373.3251165859483;19.53385473096709;78.68307602541306
0.0;30.0;17.803612934890577;-0.6581566507404493;0.7836326966002547;0.0;1.0;1.1359497400465552;0.3074032827583973;12.185265431956203;46.94677060983682;30.78058901610652;0.5276278661549652;0.3633757064812185;374.1925429293906;19.89305347249716;78.50202683186832
0.0;30.0;17.677764704583655;-0.6582469917233281;0.7843776015261332;0.0;1.0;1.0694741309710578;0.2259696603072018;10.807361044470197;46.76236572298021;30.781338531472937;0.5966815748632729;0.3610912020403738;374.143075377811;20.36578556393093;78.31590388230669
0.0;30.0;16.68813556395711;-0.6583373232274503;0.7851213769483305;0.0;1.0;1.0068886646071362;0.16610846481911;9.58526945862033;46.58062634481111;30.78208692171201;0.776263716337822;0.3588138988636566;373.6493864289848;20.956580583561745;78.10453418284396
0.0;30.0;18.17034843781783;-0.6585781608879735;0.7870992479166484;0.0;1.0;0.8573231781070878;0.0731087652556939;6.960334289097228;46.10872667924864;30.78407712020305;1.224088992482525;0.3528044068127395;370.6057459712864;22.83554381834399;77.57617577216097
0.0;30.0;17.953122471606694;-0.658593211002851;0.7872225974483993;0.0;1.0;0.848749946326017;0.0694533269929092;6.822510439054721;46.07983676213173;30.784201241233774;1.234243619702592;0.3524321086090465;370.3430137062008;22.959549096935703;77.54879301352746
0.0;30.0;17.636616615302035;-0.6588941579704691;0.7896829688598724;0.0;0.0;0.6941984693853264;0.0248980399913951;4.5732654855281325;44.822455612876446;30.786677067963627;0.8110468925380291;0.3450679684295693;363.6036677944248;25.398221632916204;77.07533798214803
0.0;30.0;17.92080232813568;-0.6589392909240421;0.7900509357698765;0.0;0.0;0.6735800806461127;0.0213469570376224;4.306939220705161;44.44644412482007;30.7870473573256;0.5691037129847485;0.3439766934011322;362.3761384392563;25.74394396036887;76.97380685256287
0.0;30.0;17.938801999339695;-0.6590295497145028;0.7907860162026038;0.0;0.0;1.61426227496024;0.9181919750078764;3.819912375008215;43.7026148648649;30.78778708590524;0.0479982423741492;0.3418044855579898;365.4571661933207;26.41137858125088;76.67703933070612
0.0;30.0;17.699994704863304;-0.6591348396422598;0.7916421707361404;0.0;0.0;1.5045979289239453;0.6412077011219807;3.3208722238871884;42.848443684110336;30.788648668734453;-0.4291653160090141;0.3392875741367149;371.64521281938966;27.145461857431123;76.12933446527438
0.0;30.0;17.81966156071393;-0.6591498800059494;0.7917643519029898;0.0;0.0;1.4895519496347058;0.6091473160658817;3.255114538269101;42.72760386388708;30.78877162585136;-0.475249615063778;0.3389295314912414;372.24585960940846;27.24618928841628;76.03205886229696
0.0;30.0;18.16929656653829;-0.6591649201059789;0.7918865013992651;0.0;0.0;1.474656430138359;0.5786899502625876;3.190658941829852;42.60705804049385;30.78889455141739;-0.5148720961441949;0.3385718666794564;372.797571342516;27.345857439057475;75.93011554071529
0.0;30.0;19.04885991121253;-0.6592401166509849;0.7924967736512758;0.0;0.0;1.4023835920826335;0.4477792522360134;2.887027546961649;42.00871387045336;30.789508705812544;-0.613740484623553;0.3367891961895799;374.97177710337;27.8281380892736;75.3544695831733
0.0;30.0;18.92855810263464;-0.6592701934231592;0.7927406606871367;0.0;0.0;1.3744761586001897;0.4041207751430021;2.7738255547154305;41.77140924767801;30.78975414654254;-0.6084771073001228;0.3360787589099996;375.626736816768;28.013496564128577;75.09649582016988
0.0;30.0;19.514132988724768;-0.6593754538186543;0.7935932662034976;0.0;0.0;1.281101598955549;0.2822126094086745;2.4114480066319035;40.94988827297109;30.790612193749805;-0.4296053470637124;0.3336040093802251;377.2282220494373;28.6281593571578;74.10127333440894
0.0;30.0;19.60386757849133;-0.6593904899630627;0.7937149400555558;0.0;0.0;1.2682905829659934;0.2681019789382408;2.363698123469156;40.83366742906969;30.790734645463527;-0.3893257489503691;0.3332519644705525;377.3840987802232;28.711658713696167;73.95076574748798
0.0;30.0;19.011953904196325;-0.659435596813716;0.7940797711007532;0.0;1.0;1.2306210843613203;0.2298639341921742;2.2260470203071425;40.78560396950292;30.791101810808787;-0.2141649754931757;0.3321980572047289;377.7585420036524;28.95575884042524;73.49429576882812
0.0;30.0;19.032976860476623;-0.6594807012903905;0.7944443162773108;0.0;1.0;1.1940704075347048;0.1970795905780153;2.096412091690377;40.73788754000695;30.79146869135741;0.0433917791882123;0.3311474829139397;378.0034107447465;29.19035546319876;73.0412706522471
0.0;30.0;18.68131960659831;-0.6594957355883793;0.7945657677870517;0.0;1.0;1.182129703459358;0.1872256110491146;2.054900336294736;40.722058743519526;30.791590921562648;0.1422486127339948;0.3307980303220295;378.0580931157165;29.26646644212224;72.8933951228891
0.0;30.0;18.85681877543241;-0.6595258033929452;0.794808575453854;0.0;1.0;1.1586053223605166;0.1689711139718259;1.974326512021688;40.69051561077999;30.79183528697732;0.3523472537049477;0.330100231057738;378.128984203378;29.41559159669724;72.60521788009888
0.0;30.0;18.814163935819312;-0.6595408368995104;0.7949299316012031;0.0;1.0;1.1470192691369114;0.1605225582732346;1.9352322125482624;40.67480108872899;30.791957422176985;0.4612230625096298;0.3297518836074609;378.1457527835951;29.48861841940513;72.46580777978973
0.0;30.0;19.18850368625831;-0.6596009682875794;0.7954150381698972;0.0;1.0;1.1018221333260332;0.1307466269795388;1.7864444287775303;40.61232113887311;30.79244564614384;0.8958808794161153;0.328362165962491;378.0940070005226;29.770646190844364;71.94855851196198
0.0;30.0;18.53258036271228;-0.6597212183989729;0.7963837238004892;0.0;1.0;1.016700527729849;0.0867399836603558;1.5223074005664723;40.48915724898491;30.793420572269834;1.568969335752068;0.3256002766101603;377.4616143440639;30.287890365773496;71.1650672368823
0.0;30.0;18.592955119670805;-0.6597362484754674;0.7965046662060382;0.0;1.0;1.006533522452551;0.082402984477338;1.4921636771905;40.473928367514766;30.79354229527104;1.621805056384032;0.3252566778619583;377.3363225605021;30.348315343187945;71.09360225781782
0.0;30.0;19.05154982771655;-0.6599616679521032;0.7983149763612948;0.0;1.0;0.8656775652118415;0.038176580047341;1.1054218010626586;40.24985221764438;30.79536432856252;1.506992476178916;0.3201459941524197;374.35909946619984;31.150324273784182;70.65083701138131
0.0;30.0;20.62439348158495;-0.6601720058751552;0.7999981171857945;0.0;1.0;0.7520537599858315;0.0186177628772893;0.835459580617485;40.04790806990386;30.797058434942223;0.770862283489657;0.3154484992486575;369.96586208406507;31.740871181599896;70.7947273924611
0.0;30.0;20.57065598128217;-0.6602020499251592;0.8002380541837183;0.0;1.0;0.7370878901621135;0.0168025309967536;0.8027007014629471;40.01961174161328;30.797299940331424;0.7022856714871427;0.3147830789301016;369.2287943772831;31.8142828405403;70.81748180448437
0.0;30.0;20.54091666098352;-0.6602170715540376;0.800357974670762;0.0;1.0;0.7297170112604924;0.0159624044469159;0.786806142115727;40.005514692598666;30.79742064519045;0.6741904981408507;0.3144508953306218;368.8508290726061;31.850036720846536;70.82767572132322
0.0;30.0;20.32649495168729;-0.6602320929188399;0.800477863143555;0.0;1.0;0.7224198411478875;0.0151642842245701;0.7712263160618589;39.99145160968538;30.797541318152643;0.6503880898413691;0.3141190622771247;368.466699913647;31.88516738317656;70.83696527724977
0.0;30.0;20.55354633920852;-0.6604874157092863;0.8025110643476553;0.0;1.0;0.6089588878611095;0.0063404956033361;0.548935697410116;39.75749661735822;30.79958787362329;0.8165739092818338;0.3085311769555704;361.0783358530864;32.39499646596093;70.84598478467282
0.0;30.0;20.68953656757893;-0.6605024323194982;0.8026303757439129;0.0;1.0;0.6028692989824984;0.0060234708231693;0.5380660209987567;39.74403096971098;30.799707971618457;0.8467099749883594;0.3082055908495409;360.5979703630544;32.42029371083992;70.84002602279993
0.0;30.0;19.930411426084024;-0.6605775114074021;0.8032264510513697;0.0;1.0;0.5733227047225441;0.0046608469005558;0.4868621664639249;39.67718757603654;30.80030798167347;0.9961659093758292;0.3065828068305178;358.1287972492067;32.5398113610723;70.80716149219825
0.0;30.0;20.34714762119703;-0.6606075411929865;0.8034646563043315;0.0;1.0;0.5619135828985654;0.0042064143277516;0.4677719855076572;39.650675012942806;30.800547761642832;1.050186268062028;0.3059360881760599;357.1110480780042;32.58449615483907;70.79374836371754
0.0;30.0;21.183450608951272;-0.6606525838895202;0.8038217231324423;0.0;1.0;0.545224187572895;0.0036064744842561;0.4405310028908879;39.61114506859118;30.80090719142056;1.119380967621033;0.3049685671989119;355.5539463491889;32.648345282004136;70.7745534317139
0.0;30.0;21.49321735607433;-0.6607276497651231;0.8044161913918587;0.0;1.0;0.5185027773466345;0.0027906212074975;0.3986088327920447;39.54589374059548;30.801505600260533;1.1937692465824477;0.303362826966262;352.88197714572766;32.74671363197861;70.74671667985344
0.0;30.0;22.14942896570784;-0.6608177200941692;0.8051284914216583;0.0;1.0;0.4881600722811429;0.0020513630194375;0.3535341992894647;39.468623010587805;30.80222263282859;1.208820499923983;0.3014470949000736;349.5587762669108;32.85241936837986;70.72018356794135
0.0;30.0;22.126223018133786;-0.6608627516903629;0.805484206731233;0.0;1.0;0.4736612299743207;0.0017587873687902;0.3329459086867435;39.430404588173936;30.802580715976912;1.1891625499869931;0.3004937703362572;347.8532306784964;32.90059018565364;70.70829380202638
0.0;30.0;22.09024322141349;-0.6608777616937489;0.8056027140687224;0.0;1.0;0.4689246176745775;0.0016708480003507;0.3263531171385672;39.4177263826923;30.80270001282626;1.179361246195514;0.3001766659271168;347.27859560880006;32.91599020534681;70.70428543840254
0.0;30.0;22.76288411796925;-0.6609227901177547;0.8059580427174503;0.0;0.0;0.4549970876050248;0.0014325433043007;0.307347730231852;39.18036137796058;30.80305771070724;1.1229685147505892;0.2992273590870306;345.53712086793564;32.96029329558013;70.69086290486065
0.0;30.0;23.442689152887247;-0.6609828243152513;0.8064313628905476;0.0;0.0;0.4370683869150072;0.0011668154747486;0.2837176343607559;38.73419749469167;30.80353419148065;0.9201729113270858;0.2979662850447959;343.176200542233;33.01512728887509;70.65901017363826
0.0;30.0;23.1421586781915;-0.6610728676795663;0.8071403753380361;0.0;0.0;0.4114912102111951;0.0008577165933434;0.2516348538760997;38.07304918670321;30.804247948304592;0.4392905442836116;0.2960846320663749;339.55817673230484;33.08892770998808;70.54065061325115
0.0;30.0;22.7365719253241;-0.6611478965447543;0.8077303312332147;0.0;0.0;0.3913240465321558;0.0006636847497066;0.2276885384925543;37.52942503496872;30.8048418610288;0.0048298725925219;0.2945256681038094;336.4797587203689;33.14330485154402;70.34009195540303
0.0;30.0;22.80697116037792;-0.6612979344399323;0.8089078192436323;0.0;1.0;0.3539064532035931;0.0003973725756585;0.1864154434965861;37.15589575590227;30.806027271358737;-0.3511192464735519;0.2914323220332809;330.1743766202184;33.23480377889291;69.6051170958179
0.0;30.0;22.86655974659909;-0.6613579421918028;0.8093779087346931;0.0;1.0;0.3399611268606233;0.0003236624464524;0.1720830787638956;37.127404845971625;30.80650053300556;-0.1425360119318799;0.2902040996624869;327.60441309136456;33.265628923858145;69.22464136070089
0.0;30.0;22.61971761329488;-0.661387944480503;0.8096127592483263;0.0;1.0;0.3331959004360969;0.0002921053579233;0.1653355733586502;37.11326104485629;30.80673697028777;0.0169817275650696;0.2895919309411155;326.31048278406945;33.27991518993004;69.02880629006668
0.0;30.0;22.380801824153856;-0.6614329459293797;0.8099647921231815;0.0;1.0;0.3232996489972444;0.0002504438312495;0.1557071344553971;37.09217148408796;30.8070913841782;0.3010585566503543;0.2886760982596275;324.3592629933874;33.30000916459471;68.73801459562797
0.0;30.0;22.105778216520307;-0.6614479458832039;0.8100820716239182;0.0;1.0;0.320066652507272;0.000237921639687;0.1526239119664942;37.08517510438003;30.80720945758065;0.4031763548978185;0.2883714647776448;323.706251856928;33.30636342312675;68.64357180147495
0.0;30.0;21.52573948056729;-0.6615079430526272;0.8105508655469453;0.0;1.0;0.3074547493325419;0.0001937886625353;0.1408895738896816;37.05735587030117;30.807681428259507;0.8193439366899214;0.2871561421886215;321.08214616373834;33.33014110333166;68.28847028961205
0.0;30.0;21.50441871629096;-0.6615229416834848;0.8106679829843824;0.0;1.0;0.3043802018392165;0.0001840992294085;0.138099760205283;37.05044243071013;30.80779934017287;0.9201627936135532;0.2868531126825593;320.4232799270925;33.33569002744229;68.20702930103496
0.0;30.0;21.95479213812988;-0.6616129279116701;0.8113700064837613;0.0;1.0;0.2865679179022921;0.0001353298506085;0.1224834305463574;37.00930620005943;30.80850613293664;1.4319635140777105;0.2850416392342554;316.4488345284629;33.365871854779435;67.79916075367066
0.0;30.0;22.120827803085824;-0.6618228587248584;0.8130035159002016;0.0;1.0;0.2489546787515406;6.599698206923934e-05;0.0925708791951878;36.9155789478799;30.81015078666231;1.6393202548382733;0.280859229733215;307.06424187737827;33.41797255878416;67.44103665589867
0.0;30.0;21.464871140868578;-0.661867837149073;0.8133527248046566;0.0;1.0;0.2415604758379411;5.658416250161408e-05;0.0871799543666028;36.89589806523836;30.810502386545828;1.5205864017242423;0.2799710141650141;305.0387636586775;33.42623697832355;67.4520853961667
0.0;30.0;21.558857543309514;-0.6619577868491784;0.8140502640671065;0.0;1.0;0.2274243928812815;4.159455899274372e-05;0.077321661248142;36.856955638760674;30.811204710843835;1.2079257520822668;0.2782030010738822;300.97797753190946;33.440105046084895;67.52130322343517
0.0;30.0;21.44456313208106;-0.6620177480203436;0.8145146390638079;0.0;1.0;0.2184629643784314;3.3879028265583456e-05;0.0713768822085932;36.83130137797555;30.81167227814117;0.9938397328723946;0.2770305328069546;298.2656258797078;33.44753208826052;67.58185090024746
0.0;30.0;21.61219315664317;-0.6620777049545847;0.8149784927712341;0.0;1.0;0.2098546519146933;2.7594680266244387e-05;0.0658891543127273;36.80589021921796;30.81213932596829;0.812306414260682;0.275863005830494;295.5508760975378;33.45362680528682;67.63917611593658
0.0;30.0;21.7722001212684;-0.6622125925634295;0.816020256111622;0.0;1.0;0.1917058439887483;1.7391530949339853e-05;0.0550351564276569;36.74959176796771;30.81318828271853;0.6171299734626076;0.2732540290030892;289.44105775363664;33.462960915774175;67.7179906746209
0.0;30.0;21.70190773705638;-0.6623025057164322;0.8167132963771715;0.0;1.0;0.1804872466395715;1.2784373366413434e-05;0.0488117444276669;36.71272348716377;30.813886123689617;0.6622256472885684;0.2715284335805671;285.3722848051211;33.46619753755052;67.72345002816748
0.0;30.0;21.0401009552868;-0.6623774260586671;0.8172899315895465;0.0;1.0;0.1716415756880797;9.89230440881342e-06;0.0441666436690088;36.6823991609056;30.81446676260014;0.7752321287472895;0.2700987645031492;281.98773737097144;33.46729118477659;67.70658358365341
0.0;30.0;21.20320890056441;-0.6623924093322895;0.8174051605756497;0.0;1.0;0.1699251599311989;9.397689188372748e-06;0.0432920755324739;36.67637742603049;30.814582792664808;0.8026051024035613;0.2698137352693269;281.3116993187897;33.46734817063271;67.70178585063955
0.0;30.0;20.960658381722936;-0.6624073923409443;0.8175203568656121;0.0;1.0;0.1682259083318869;8.92780472895411e-06;0.0424348250848652;36.67036998630999;30.814698790146164;0.8308381454012814;0.2695290068205314;280.63599012916524;33.467353660520175;67.69670625862568
0.0;29.0;21.135529831167062;-0.6624972848284726;0.8182108477269089;0.0;1.0;1.1286803533094238;0.8573815627568573;0.0376362586350456;36.63462360239804;30.812280458331102;1.0015444317494289;0.2678269348616908;283.71855198979216;33.46625644017214;67.6597991944382
0.0;29.0;21.740171411130284;-0.6625272468710652;0.8184407495688887;0.0;1.0;1.1062196142785663;0.7737868603880637;0.0361605014287183;36.62282093381163;30.80350951818452;1.0524972253821785;0.2672619694719744;285.2411083760134;33.46505950199295;67.63627511938411
0.0;29.0;20.92734492434889;-0.6626171266383581;0.8191296692448825;0.0;1.0;1.0414838077213011;0.5688044461434447;0.0320714366602794;36.58774747731384;30.74691137637617;1.165079254816954;0.2655742138227071;288.16958968987944;33.45561017797682;67.5296128119098
0.0;29.0;21.92169777615416;-0.6627069968639644;0.819817409374294;0.0;0.0;0.9805363308921728;0.4181235357114907;0.0284447645035402;36.45329194093553;30.65511007458717;1.1974392197507688;0.2638971163270753;289.6704719811359;33.43385895956927;67.39032716411937
0.0;29.0;21.70057215648597;-0.6627519283982359;0.8201608367994496;0.0;0.0;0.9514134213283444;0.3584886664306393;0.0267882467097602;36.13800988124041;30.599881077991853;1.1183222886193125;0.2630625433370842;290.1076628989351;33.417542115286814;67.31101728087084
0.0;29.0;23.11121063082271;-0.663111294766141;0.8228976165538504;1.0;0.0;2.5342693618438754;1.296534608482898;7.104614846099757;35.55363849272118;30.097965659839083;-0.5740328880767904;0.2564802775436847;339.743411847995;31.47287009540992;65.99753525691513
0.0;29.0;23.191787324490427;-0.6631562048214279;0.8232383822199197;1.0;0.0;2.4589990275277502;1.1116163599480249;8.03991147783779;35.54379038940827;30.04144793374766;-0.6280324389378351;0.2556691602602429;348.95252396759486;30.95949178911325;65.75689631188607
0.0;29.0;23.10478205440793;-0.6631711743093328;0.8233519049222411;1.0;0.0;2.4344090372524727;1.0560355419506235;8.338215784832046;35.54052292201385;30.02335336185678;-0.6326643520003171;0.2553993582676458;351.5177779552725;30.780292641340665;65.67531717126498
0.0;29.0;23.771330728645065;-0.6635602878682754;0.826291922067498;1.0;1.0;1.874599993222393;0.2782865857740098;14.289257633263366;36.250424471326674;29.71066612616535;0.5376339443941291;0.2527633082244356;384.9605998930908;25.499002890328413;64.05789423548816
0.0;29.0;22.90599460495384;-0.6636201355699115;0.8267422512834306;1.0;1.0;1.8007332738354576;0.226666163404092;14.969990017031568;36.62855479374684;29.689777579974432;0.8733943451610624;0.2553537945626551;387.7007544953548;24.68043163435003;64.0291056609532
0.0;29.0;22.763236813874165;-0.6636799790243789;0.8271920513842868;1.0;1.0;1.729777197920578;0.1846210067561542;15.587464247265698;37.003008018545145;29.67521178393797;1.1779819036817742;0.2582457896692099;390.0940939050828;23.88154749589132;64.09834997108338
0.0;29.0;22.790960489941902;-0.6638146112662409;0.8282021655440214;1.0;1.0;1.5801813046043711;0.1163572805308293;16.733178418279028;37.832267741013325;29.662472100023464;1.5694378511416702;0.2650982137990513;394.3455665168087;22.184960551451987;64.62088852372676
0.0;29.0;22.19260831006134;-0.6638744409147644;0.8286502440347894;1.0;1.0;1.5179158562795538;0.0947737322253638;17.17801131942203;38.19501516284118;29.664225661822123;1.5832607962200065;0.2681782451736952;395.77536657868114;21.48078313992097;64.99919172354193
0.0;29.0;23.197048334463563;-0.6639791325757893;0.829433105099975;1.0;1.0;1.4147967706767388;0.0661840319029736;17.910137014321176;38.82135512276265;29.675620400546112;1.4116899830869103;0.2735568109353249;397.65799728369007;20.32587924815432;65.81686311065427
0.0;29.0;23.222194990254103;-0.6639940874650501;0.8295448097215108;1.0;1.0;1.4006488029699715;0.0628748303078249;18.015323098093425;38.90996101166468;29.677951326386403;1.373069292383995;0.2743228135155047;397.8659206543726;20.16802135609692;65.94510276990793
0.0;29.0;23.35878686716008;-0.6640239964467621;0.8297681194146751;1.0;1.0;1.372775891790869;0.056744534352812;18.221823371292583;39.086524649679134;29.683042978936705;1.2898920012294484;0.2758527069686747;398.23795938706775;19.85745533387804;66.2071102881585
0.0;29.0;23.29312311145901;-0.6640389505392015;0.8298797244773713;1.0;1.0;1.3590481328729602;0.0539073076351714;18.322242131849823;39.17448345097964;29.685784960434727;1.246298928606026;0.2766165618257758;398.4024502962978;19.704724491764964;66.34028733195244
0.0;29.0;23.32785672365161;-0.6640539043660358;0.8299912963448788;1.0;1.0;1.3454576515442307;0.0512119422534128;18.421360241941223;39.262227606465565;29.688645483260608;1.2020027950288004;0.2773796704891899;398.5528349086208;19.55370299530647;66.47453298237463
0.0;29.0;24.23631197061304;-0.6641286695157432;0.8305486575986187;1.0;1.0;1.2795168391803848;0.0396268246880416;18.959212120959176;39.69774695350146;29.70441908491838;0.9854991231254548;0.2811837236486909;399.0994320859585;18.81990127488172;67.15260282386308
0.0;29.0;23.938470142101608;-0.6643080787771554;0.8318829349097384;1.0;0.0;1.1341443693555326;0.0214127544622221;20.09402049783203;39.92929293953575;29.74748956581785;0.4201367644936028;0.2859535764329284;399.1185459873966;17.190846657280133;68.67934722069083
0.0;29.0;22.914216315917947;-0.6645322865437715;0.8335440424021374;1.0;0.0;0.9754303402336012;0.0099203413559116;21.03840578562428;39.72309918654039;29.79867950260528;-0.4061833309630805;0.2824045813354579;396.9088758374792;15.44172369946962;69.79109822041116
0.0;29.0;23.037806064645466;-0.6645771209207831;0.8338753641509126;1.0;0.0;0.946459083698323;0.0085054526700247;21.14924103342429;39.68274797137138;29.807462190311828;-0.4627255306120462;0.2815327275490978;396.2069049149294;15.13559085453815;69.86775146911812
0.0;29.0;23.69368856579399;-0.6646667824972335;0.8345371069439917;1.0;0.0;0.8910724395222307;0.0062522892838299;21.41837820168625;39.60291589683416;29.82309051660938;-0.4439627498592026;0.2797725103148518;394.57029533764825;14.563046953577087;69.89013819414127
0.0;29.0;23.52809831756049;-0.6646966675625102;0.8347574208701207;1.0;0.0;0.8733400979757383;0.0056426910786565;21.501449226118787;39.57656079226158;29.82769472057808;-0.4045710545698934;0.2791848054824085;393.9592804148224;14.382856426251236;69.86442105409614
0.0;29.0;23.1382646622117;-0.6649805226330932;0.8368437368321677;1.0;1.0;0.7215261868850521;0.0021292898065248;22.03221264174842;39.63132834092525;29.85627260625829;0.2222860332880431;0.2744448054465993;386.7170737810028;12.9293569845806;69.20567319137338
0.0;29.0;23.486369351471083;-0.6652493493883833;0.8388091004312136;1.0;0.0;0.6021235322021836;0.0008457843992988;22.416903293572968;40.07297104760899;29.86230634820436;0.8499532762453852;0.2784542691466194;377.8732764756352;11.949046166407417;68.93025779791688
0.0;29.0;23.72985892197031;-0.6652642816805003;0.8389179687851336;1.0;0.0;0.5961022968801618;0.0008034951793338;22.44290179907112;40.0586179858192;29.8622206797418;0.8156845117509832;0.2782477675978069;377.3357589436072;11.902455458424823;68.94116289975224
0.0;29.0;24.103640681140806;-0.6652941454664009;0.8391356048185262;1.0;0.0;0.5842398611722466;0.0007251543993488;22.503965298214133;40.030015553957625;29.8619517167701;0.7278718036191766;0.2777899048547537;376.2477511238626;11.810403482495593;68.96774462223236
0.0;29.0;24.242725151200432;-0.6653090769601723;0.8392443724892933;1.0;0.0;0.5783974625605242;0.0006888966793813;22.538395118216144;40.01576601556847;29.86177171511364;0.6756831642022667;0.2775440092377749;375.69740533337847;11.76476372690499;68.98290800585502
0.0;29.0;24.74904207370241;-0.6653688002739938;0.8396791074309414;1.0;0.0;1.525905294729764;0.8579361106509603;22.70171803106023;39.95911042480394;29.86078554393012;0.4286004860853118;0.2764903383513132;380.5906467197565;11.58283819281581;69.04997757794258
0.0;29.0;25.15953951083372;-0.6653837304370873;0.8397877072093544;1.0;0.0;1.5106462417824664;0.8150393051184123;22.75038637019725;39.94503175110171;29.86048037488809;0.3609553147107286;0.2762155221073933;381.5009427224838;11.537225049153632;69.06707617927017
0.0;29.0;25.05594672898636;-0.665398660334038;0.8398962733961974;1.0;1.0;1.4955397793646417;0.7742873398624917;22.79603971167162;40.030865231056126;29.86015480847804;0.2973570313184425;0.2760389413703938;382.31618110466513;11.49155506809926;69.08395066812965
0.0;29.0;25.316842110203737;-0.6654733058262587;0.8404386003059676;1.0;1.0;1.4222434494054157;0.5991287837331798;23.03162661922979;40.4569008006526;29.8582718132511;0.1217937847480088;0.2772061591759391;385.315600109915;11.263352378657263;69.16692000116903
0.0;29.0;26.20951430392466;-0.6655927247716482;0.841304575024213;1.0;0.0;1.312367597123711;0.3974742761019575;23.42048976874193;40.72976796706293;29.854698041019592;0.217208535853369;0.2807557967920439;387.830644010348;10.9016798261258;69.32032983696443
0.0;29.0;26.043772457576768;-0.6656225768457441;0.8415207322684924;1.0;0.0;1.286251481940949;0.3587205341820167;23.52525765082237;40.69788322058913;29.85375656400995;0.2367693171845118;0.2808293808981493;388.1885861987597;10.810144729198774;69.36464809845775
0.0;29.0;25.889323007914754;-0.6656673529600106;0.8418447156678626;1.0;0.0;1.2480485266758208;0.3075580179943066;23.668877882149747;40.65034399421172;29.85234196132603;0.246413683416938;0.2805446299157492;388.5783036387864;10.671938458006904;69.43303221356517
0.0;29.0;26.01203256722262;-0.665712126677864;0.8421683960031443;1.0;0.0;1.2109802373850225;0.2636925556778686;23.801537984751565;40.60314800076466;29.850945796378493;0.2342253878085926;0.2799838141534137;388.8147195430125;10.533639815279074;69.50133274168203
0.0;29.0;26.18852415061743;-0.6657867442151906;0.842707189436505;1.0;0.0;1.1516301563786966;0.204040272944192;24.030687340411912;40.52524396391807;29.84871613459234;0.1754221100507273;0.2787558004898383;388.9162937085852;10.301862210369046;69.60763143615483
0.0;29.0;26.49877860304548;-0.6658165893659579;0.8429224708819878;1.0;0.0;1.1287127162667605;0.1841463463321333;24.12525284108722;40.49434478981832;29.847873494407363;0.14259796879434;0.2782142246480872;388.8652080904135;10.208626313454856;69.64527640441437
0.0;29.0;27.965911498597688;-0.6658762764715254;0.8433526291356882;1.0;0.0;1.0842369316821123;0.1499883500021872;24.39425126691564;40.43299233379042;29.84629585612897;0.0697264438569043;0.2770929462309827;388.6201115670977;10.016510889484506;69.70849852052346
0.0;29.0;26.78060369924128;-0.6660702301309255;0.8447469144183347;1.0;0.0;0.9514407014629496;0.0769953320577783;25.10352261293801;40.23763998195707;29.84239605997083;-0.1139657728359926;0.2733528554759533;386.65819387216607;9.347485878718322;69.76728953406256
0.0;29.0;27.112762394361685;-0.6661000651593529;0.8449609132340115;1.0;0.0;0.9325070315038368;0.0694882871821449;25.18084216702717;40.2081261995845;29.84198070334176;-0.1244461727763703;0.2727771786646956;386.2140578871749;9.245519988581222;69.75492166193817
0.0;29.0;26.658237216133976;-0.6661448157036737;0.8452816579585317;1.0;1.0;0.9048106401611412;0.0595775202227915;25.276854750906743;40.26400003568301;29.841452397506064;-0.1248536351377503;0.2720164658093021;385.4829621578778;9.095191326521997;69.72669013071801
0.0;29.0;26.9707532131701;-0.6662193946149845;0.8458155562171412;1.0;1.0;0.8604659158368946;0.0460999494519168;25.42866858771551;40.68711706324119;29.840820290820343;0.0476370211255972;0.2731666562141119;384.099587158897;8.855534543071018;69.66850524381557
0.0;29.0;28.19366178572582;-0.6662939668641013;0.8463486086603256;0.0;1.0;0.8182945242389776;0.0356712621056068;23.503730058908545;40.70704075652898;29.84048540758509;0.4001975748361017;0.2746916785180555;382.5226150616192;8.764746948650723;69.62879387162789
0.0;29.0;28.11316849310988;-0.6663536198661096;0.8467744412693988;0.0;1.0;0.7860504549888101;0.0290544659304049;21.69667763287756;40.64357580216901;29.840416594441944;0.7374372622869173;0.274499436291189;381.130790287328;8.915793282832862;69.62350234561059
0.0;29.0;27.971763407639173;-0.6664281801213982;0.8473059699019855;0.0;1.0;0.7475261614137263;0.0224817918861905;19.63196600399969;40.56510204152573;29.84055598223972;1.1370633928342233;0.2735414504232574;379.2389672800958;9.325963799297623;69.6590514640262
0.0;29.0;27.635794160930065;-0.6664430913727596;0.8474121739687526;0.0;1.0;0.740050899799589;0.021357702291881;19.243227076449127;40.549520687510814;29.84061141906308;1.2067640098577923;0.2733034951963241;378.84131102040186;9.432742843648043;69.67227324196595
0.0;29.0;28.732588773055703;-0.666636913379843;0.8487897407123052;0.0;1.0;1.5447484769221589;0.5797638996650377;14.837521173946246;40.35035019082264;29.842012480027467;1.5849725859789805;0.2697833985342817;390.4304071165199;11.350221970648525;70.00675765384914
0.0;29.0;28.12275164067656;-0.6666816351360775;0.8491068262306388;0.0;1.0;1.4988679024090936;0.4970750734753117;13.9734512911049;40.30526881545397;29.84247786893805;1.530645885030956;0.2689373332109063;391.8872558422656;11.890073560527403;70.1104012595401
0.0;29.0;29.3249728951128;-0.6668008814186935;0.8499508928752821;1.0;1.0;1.3830724045962968;0.3297697596280338;13.61660726384742;40.4855411827774;29.84388617939004;1.2309120568445082;0.2674822077852682;394.4384878528904;13.332821850944017;70.37540735702349
0.0;29.0;29.281891028994373;-0.6668306903222606;0.8501615696404426;1.0;1.0;1.3555492637448303;0.2976172080643005;14.23121955186036;40.65429777853343;29.844265749561657;1.141126163372701;0.2680918060955332;394.85310663189233;13.601667459736532;70.43517274340005
0.0;29.0;30.07287957874933;-0.6669946202192485;0.85131785948397;1.0;0.0;1.213675111362985;0.1692846954100365;17.30972582997858;40.77561414630869;29.84644341323701;0.4769761232970097;0.2706206319113294;395.9760475368286;14.349825489710764;70.71149862501517
0.0;29.0;29.03342467647532;-0.6670989224368425;0.8520515353257981;1.0;0.0;1.131224514918595;0.1182178164626989;18.880035145154324;40.66366886739743;29.847835899455283;-0.0870666727606987;0.2692397201094295;395.8425759891573;14.338245768617272;70.77171083367942
0.0;29.0;28.24632042692105;-0.6672181089607365;0.85288797699503;1.0;0.0;1.0438314193479312;0.0784281147837349;20.278975295004063;40.53802784348504;29.84936551868807;-0.5104428607557928;0.2671292982023168;395.0087094164967;14.041785910336566;70.6630623985691
0.0;29.0;27.37810275165235;-0.6672776958175803;0.8533053791910049;1.0;0.0;1.0027002965382596;0.0638801896670695;20.84867559138653;40.47611181875896;29.850092290446323;-0.5789596926856703;0.266024342524017;394.3447597903125;13.818830931282031;70.53870872868502
0.0;37.0;28.3178354570034;-0.6674415376526058;0.8544504185200541;1.0;0.0;0.8977559330472626;0.0363350577772669;22.30416688294699;40.30889436557394;30.063949766461377;-0.3381026970082919;0.2629671573485199;391.7580452183951;13.058211004997226;70.36664091358101
0.0;37.0;28.42516698103517;-0.6675308923109464;0.8550732427017225;1.0;0.0;0.8452193899709709;0.0267096063174597;22.95852757874969;40.21953937942003;30.62853582484965;-0.0794415659367194;0.2613077344035965;389.92105941343823;12.645899760785642;70.9030889610711
0.0;37.0;27.64567271364591;-0.6675904567430058;0.8554877748196512;1.0;0.0;0.8119143735807486;0.0217551412806104;23.32776847764028;40.16068432895017;31.14866065816912;0.0808474875568845;0.2602067489521193;388.5453377407453;12.411739162281568;71.46088071652147
0.0;37.0;27.3437885283012;-0.6677095727890172;0.8563151962541183;1.0;1.0;0.7491896805514039;0.014432805211137;23.92437857897729;40.64029675021828;32.40694974357068;0.4435524289959123;0.2607006438695295;385.46157906716746;12.092995330318926;72.87125160933066
0.0;37.0;26.39474362657537;-0.6677988986061637;0.8569343238363153;1.0;1.0;0.7053472123752234;0.0106094380696771;24.24439400075152;41.14171895372628;33.444554525281085;0.848311767721196;0.2643063883938708;382.8827129269916;12.007833359105646;74.08772163597143
0.0;37.0;26.278614001029187;-0.667828671741653;0.8571404255220921;1.0;1.0;0.6913108028489564;0.0095750178578835;24.326273002867005;41.30723269594768;33.794147064583065;0.9809448779742094;0.2657101020433968;381.97637415437833;12.010302970928665;74.51144720206175
0.0;37.0;26.68098470032228;-0.6678584438086164;0.8573463900654026;1.0;1.0;0.6775537178722622;0.0086414536167399;24.41498868603578;41.4719395344373;34.141838862202576;1.1041107509051902;0.2671606601659128;381.0478533121119;12.027223569710891;74.94097666641827
0.0;37.0;27.60767687238776;-0.6679179847367749;0.8577579075928295;1.0;1.0;0.6508553979487607;0.0070385179799197;24.65128404069899;41.79894818746414;34.82373711576262;1.3068989386215404;0.2701406418332028;379.1269803349795;12.096807181173446;75.80971393840265
0.0;37.0;26.857335622326875;-0.6680370537686963;0.8585792954895104;1.0;1.0;0.6005733652969917;0.0046694966338742;25.03195119933708;42.44345414358537;36.08885622360836;1.4805732454814426;0.2762108734710606;375.0480878708855;12.354841442638968;77.53168644185853
0.0;37.0;28.076910801361134;-0.6682602621065816;0.8601134719512344;1.0;1.0;0.5165281403987121;0.0021633368397344;25.92300750656245;43.61846191764708;37.9090938985604;1.118222319980483;0.2875679335244679;366.66418672154094;13.053866984013476;80.35014396283796
0.0;37.0;27.92802757886357;-0.668304896557595;0.8604193787623201;1.0;1.0;0.50118673810073;0.0018547909229672;26.05240443821764;43.848338837590056;38.17251492129943;1.0121959701992678;0.2898206464408791;364.8883156015058;13.202867511123742;80.80770642239389
0.0;37.0;27.99314192125187;-0.6683197741732896;0.8605212788712742;1.0;1.0;0.4961748707197227;0.0017620513768189;26.09083367707672;43.924590710256766;38.25273425504523;0.9789125492427416;0.2905700068748609;364.2898255308919;13.252590945461442;80.9510844122981
0.0;37.0;28.10249044961262;-0.6684982847084215;0.8617413941875778;1.0;1.0;0.4398018991316684;0.0009521422364439;26.538020580968546;44.82522430861224;38.9330850307623;0.7491294277342011;0.2995014946356552;356.8774094884833;13.814594465321427;82.32123951759354
0.0;37.0;28.899660839446867;-0.6685875255370619;0.8623495909233655;1.0;1.0;0.4140647577013267;0.0006999120367314;26.783883316866824;45.26573212244582;39.09628584450438;0.7722393601057846;0.3039251131684348;353.0303230200163;14.04863318722258;82.79414806057918
0.0;37.0;29.034715876987534;-0.6686767567380418;0.8629565458758336;1.0;1.0;0.3898337499423339;0.0005144996623521;27.03945081851068;45.699827127343184;39.16178206165984;0.8611562097325557;0.3083208107017552;349.10398646289144;14.23123496579962;83.16787729530668
0.0;37.0;29.49324134932966;-0.6686916276687644;0.8630575842442924;1.0;1.0;0.3859354124429106;0.0004887746792345;27.08803929695292;45.77155938881439;39.16441969393293;0.8795084411277414;0.309050723963223;348.44260991606245;14.25618441609585;83.22316410496899
0.0;37.0;29.337194275388647;-0.668721368727763;0.8632595574102023;1.0;1.0;0.3782552977352966;0.0004411191480091;27.17569760889164;45.91449899333988;39.16334601949313;0.9173922329959948;0.3105082407463693;347.11427536811976;14.301188043086867;83.32927615781819
0.0;37.0;29.582826861661925;-0.668795716694111;0.8637638859726304;1.0;1.0;0.3597170244682292;0.0003413295878957;27.41071771958996;46.26880581578165;39.12751103506605;1.0100102900741683;0.3141385965499095;343.7629080785823;14.383171518766895;83.57584889962177
0.0;37.0;29.54398086378696;-0.6688849254255534;0.8643679400350238;1.0;1.0;0.3386664379384315;0.0002509086120925;27.65738298553181;46.68829756840956;39.033687382155;1.0947590773630491;0.3184698015256577;339.68965673913635;14.427218132026663;83.85570078906683
0.0;37.0;29.4905122220908;-0.6689443925621816;0.8647699513025798;1.0;1.0;0.3253216290045699;0.0002043666327281;27.80519418928123;46.96456018236227;38.94817374552562;1.1253276232284868;0.3213420656885196;336.94684065316727;14.427545014121804;84.04282116245757
0.0;37.0;29.40793928151626;-0.6689741245250636;0.8649707494076758;1.0;1.0;0.318847728587379;0.0001844408860371;27.86972229619132;47.10168182980208;38.900293279883215;1.131994555828575;0.3227736552307732;335.5681420668915;14.419891414520464;84.13820826528831
0.0;37.0;29.991120403296584;-0.669018720462428;0.8652716870640931;1.0;1.0;0.3093776322006052;0.0001581350046661;27.9942515276542;47.30611142955208;38.823604984888696;1.131665258457985;0.3249153793186946;333.49179098753905;14.397930955308306;84.28450204642347
0.0;37.0;29.67873287439663;-0.6690484497493138;0.8654721391206458;1.0;1.0;0.3032210173198132;0.0001427168417111;28.06561762124393;47.44156732180106;38.76998060335769;1.1251858322447033;0.3263394311756649;332.10242768936973;14.376657810652636;84.38444696882058
0.0;37.0;29.76292710745858;-0.669167356191616;0.86627256227129;1.0;0.0;1.2697955849708942;0.95009468126868;28.3463670427254;47.57876117604583;38.54546915794676;0.9891747203907144;0.3306671660780969;330.3516373412352;14.243424477958962;84.80042781601594
0.0;37.0;29.45765087538126;-0.6691970801256385;0.8664723216299176;1.0;0.0;1.2445266528299734;0.8574604498449838;28.39537875235072;47.5133697423082;38.48887325207749;0.8825740312049244;0.3307324097673618;332.2338973050706;14.200378824110366;84.90196437209974
0.0;37.0;28.398647225999724;-0.6692862455032236;0.867070767764591;1.0;0.0;1.1716971390398898;0.6303122232127121;28.45994345793404;47.31908962537989;38.32343137788532;0.4373714020987418;0.3297067941398017;335.71835662160623;14.057697996192944;85.16474447652682
0.0;37.0;28.483905506254622;-0.669301105462527;0.8671703874204281;1.0;0.0;1.159980167649491;0.5987966120520765;28.46041796427259;47.28698382690673;38.296859771178106;0.3542422740610063;0.3294405676067145;336.08588466532103;14.032983258117197;85.19957915184423
0.0;37.0;27.572541072984187;-0.6693902595959783;0.8677673767927868;1.0;0.0;2.08209830154084;1.3901705336532055;28.432881125272825;47.09597706468184;38.14604089353653;-0.1215542014851632;0.3276135986870614;345.1354806039204;13.88289641481358;85.33505335613738
0.0;37.0;27.02395333416559;-0.669434833048082;0.8680654029382695;1.0;0.0;2.020257899886776;1.191897461290917;28.3687775186304;47.00151180276135;38.077153745429946;-0.3139022435774721;0.3266257286677513;354.0941411878675;13.812232632852975;85.3494819373915
0.0;37.0;28.175454420491928;-0.6695685389439486;0.8689576059249647;1.0;0.0;1.845540435911648;0.7511926714308609;28.321473777447626;46.72220820682636;37.90136444629962;-0.5805252987572684;0.3235842600581153;369.25207777219646;13.6128767540565;85.1731352595093
0.0;37.0;29.281617047951325;-0.6696873704170292;0.8697483117720669;1.0;0.0;1.7029626455896645;0.4983565660618447;28.422601416285108;46.47900844538764;37.78679135689893;-0.4336440460801766;0.3208697618193228;376.229268055578;13.432060916581593;84.79390630707297
0.0;37.0;29.79577798828753;-0.6697319277996664;0.8700442525395563;1.0;1.0;1.6523829520530056;0.4272784608272741;28.498433565144285;46.58853206585148;37.75392883903514;-0.2989671029024586;0.3202346070547212;378.1198348499745;13.359179912406152;84.62031217707172
0.0;37.0;28.358117328066044;-0.6698655854807163;0.8709301951207922;1.0;1.0;1.5094803261483545;0.2692919977244292;28.561391664609538;47.20832355962533;37.68615715940942;0.5374992603132711;0.3238013440973494;382.3545279566657;13.146645999506964;84.13984462935196
0.0;37.0;27.45894687659588;-0.6699695264501;0.8716173108364238;1.0;1.0;1.4069343053502226;0.1880566455505621;28.47608674763671;47.68104437931796;37.6618186429156;1.2530318680372128;0.3283700104213411;384.5334972374693;13.020453465592388;83.95871623299932
0.0;37.0;26.84852741216077;-0.6701179907697434;0.8725959408844782;1.0;1.0;1.2724061664737056;0.1125964603603803;28.30575723986979;48.34248066580242;37.66095068830538;1.757245563849667;0.3353123627185682;386.3195006141931;12.91887303119534;84.16060131189128
0.0;37.0;26.81653127804501;-0.6701328357275514;0.8726936119827428;1.0;1.0;1.2596821048089686;0.1069666373423613;28.276268292985744;48.40773929318966;37.66261401562308;1.7634905560660987;0.3360107145319541;386.4214481146096;12.914275321544784;84.21067817751717
0.0;37.0;26.84279415649901;-0.6701773689926118;0.8729864158153384;1.0;1.0;1.2222682866140373;0.091710520691407;28.18490457569884;48.60256066173052;37.66913697049664;1.7372175687416618;0.3381043689507182;386.649582288559;12.907676184655948;84.3891146254819
0.0;37.0;26.516540345664367;-0.6702070564956442;0.8731814437796448;1.0;1.0;1.197945147710418;0.0827687449239948;28.114471515618707;48.73165001604637;37.674632417550406;1.6860831058043808;0.3394981403093974;386.7387516379679;12.90908120583131;84.52911461752464
0.0;37.0;26.45780573789844;-0.6702218998450443;0.8732789053728338;1.0;1.0;1.1859656962333138;0.0786303076777951;28.08166703360424;48.795958381837465;37.677685768120966;1.6518596620724326;0.3401942515601248;386.7649872288788;12.91145128116256;84.60461354615073
0.0;37.0;27.31208174962403;-0.6702515857395618;0.8734737237619019;1.0;1.0;1.162364978878271;0.07096385267921;28.0439082637918;48.92410440805212;37.68434144180212;1.568867024244006;0.3415847431861642;386.78159981711286;12.91841955429022;84.76515523518658
0.0;37.0;28.33499432252557;-0.6703703185931422;0.8742515994488606;1.0;1.0;1.072566117248746;0.047078869750375;28.06098807409436;49.430468240531845;37.71655794280981;1.1322110024475167;0.3471206458111439;386.3931342449396;12.956368178673548;85.490968616287
0.0;37.0;28.49726471944016;-0.6703851589932289;0.8743486765852245;1.0;1.0;1.0618404560762584;0.0447249262628562;28.06962710210954;49.49307017060991;37.72103198860405;1.075850897192292;0.3478095213491722;386.29588476240207;12.960984867810428;85.5864058759769
0.0;37.0;28.701767295196653;-0.6704445179119969;0.8747366353525114;1.0;1.0;1.0199997053634342;0.0364287319718855;28.12682391933839;49.74195288792481;37.739485304167694;0.8696893287106532;0.350557906093436;385.8048742550701;12.977294773488582;85.96789972169994
0.0;37.0;27.814075801494266;-0.6705038725399305;0.8751240342883816;1.0;1.0;0.9798076471732904;0.0296714298706756;28.118095559201304;49.988413378502585;37.75840440185282;0.713021859935944;0.3532948365796151;385.1571349640296;12.994857020021078;86.34013003180998
0.0;37.0;29.21355384890556;-0.6706819106748315;0.8762828696298758;1.0;1.0;0.8684866756461794;0.016033256445994;28.195850516946955;50.71349552068608;37.81327105342289;0.6376423951568759;0.3614368434574029;382.3549583684397;13.062571217070127;87.34073164524514
0.0;37.0;29.528027043992;-0.6708747417263342;0.8775325785387428;1.0;1.0;0.7621153160740085;0.0082305452657411;28.429798220264114;51.47535957350941;37.86172428347739;0.9871486996135478;0.3701417846254812;378.0475280596515;13.098925987720412;88.25266843258669
0.0;37.0;28.876624302193264;-0.6709637253780347;0.878107367002644;1.0;1.0;0.7175164416381479;0.0060502070802683;28.505879586030986;51.81890303455025;37.87865240636335;1.1323058553709535;0.374119330241056;375.6754274236752;13.10151781062;88.65156666932937
0.0;37.0;28.97981632226801;-0.6710082135807505;0.8783942871083876;1.0;1.0;0.6962054858050533;0.005187296295445;28.530820617958;51.98879365468144;37.88574898621575;1.1790290365400429;0.3760986739075426;374.4079014200916;13.102642450703447;88.85087576564614
0.0;37.0;28.69881985360429;-0.6710823552171458;0.8788717845181894;1.0;1.0;0.6620844896864012;0.0040138309905797;28.58313122786885;52.269189405251495;37.89558399434641;1.2116386936031862;0.3793836794925853;372.1829478021752;13.102399403170368;89.18390155706541
0.0;37.0;28.849758386258795;-0.671097182739154;0.8789671785507872;1.0;1.0;0.6554636447895372;0.0038131394410507;28.588410952342457;52.324858277253306;37.8972599324659;1.2114973336571824;0.3800386021219882;371.7218626590013;13.102581693001136;89.2505294632499
0.0;37.0;29.055814699004685;-0.6711268369778373;0.8791578611361615;1.0;1.0;0.6424199182582254;0.0034413583455483;28.604770606964102;52.435788404634586;37.900330244288014;1.2051193279434578;0.3813463747366518;370.7842592675349;13.10294891739956;89.38360559381412
0.0;37.0;28.76442032168794;-0.6712009678765591;0.8796339521223921;1.0;0.0;0.6109349501211436;0.0026628574868918;28.659606928652565;52.61087313220669;37.90643352073788;1.1544427146669416;0.384502658987938;368.3539448197524;13.101820260254485;89.71341006851817
0.0;37.0;28.35601981990265;-0.6712157932508798;0.8797290647788247;1.0;0.0;0.6048256006199322;0.0025297146125472;28.653595344648203;52.56582845237817;37.90739803105743;1.1268904364455925;0.384874364247159;367.85370860210185;13.101839622850656;89.77807770775182
0.0;37.0;28.155812785502704;-0.6712306183567246;0.8798241422460407;1.0;0.0;0.5987773446137329;0.0024032288819198;28.643738406011263;52.52089313366341;37.90828143643801;1.0893811903993962;0.385101684074324;367.3489248347891;13.10220550774534;89.84172033164512
0.0;37.0;28.252602709629627;-0.6712454431940666;0.8799191845203452;1.0;0.0;0.5927895711675956;0.0022830674378238;28.635993233441965;52.47606690965949;37.90908567953526;1.0426727782211227;0.385211439796875;366.8396676433526;13.102818875863456;89.90402029417075
0.0;37.0;27.847318085166;-0.6713343865794917;0.8804886989008828;1.0;0.0;0.5580996140262227;0.0016782643592943;28.602190289150336;52.20938571757184;37.912362790728125;0.6179745587937089;0.3843799102461215;363.6942304532325;13.107527654839634;90.23191853782096
0.0;37.0;27.75921160909529;-0.6713492095372221;0.8805834947180597;1.0;0.0;0.5525186178859605;0.0015943511413296;28.58549795539106;52.16531575157708;37.91267064579462;0.5318532450597163;0.3840973477955962;363.15566638381154;13.10914412571979;90.27609751542968
0.0;37.0;27.669199646693148;-0.67148260407185;0.8814350715675421;1.0;0.0;0.5047352869946482;0.0010048388657167;28.46425363128834;51.773469318627605;37.91290299358477;-0.2213520592232049;0.3809179248378204;358.1405438725645;13.132022904981458;90.48190799704078
0.0;37.0;27.76581132822044;-0.6714974243439272;0.8815295149808685;1.0;0.0;0.4996879341247017;0.0009545969224309;28.45042333163297;51.73045756783248;37.9126872303094;-0.2885936719856595;0.380531809983518;357.5658101759414;13.135637699579512;90.48079334424722
0.0;37.0;28.137096926233458;-0.6715715216751784;0.8820012030543956;1.0;0.0;0.4751982534076779;0.0007386489015732;28.41017112297612;51.5169598700918;37.91104583184266;-0.53612708241628;0.3785728414054412;354.6442371104892;13.154117848048609;90.40019860845378
0.0;37.0;27.652233278357805;-0.6716011587273223;0.8821896313498857;1.0;0.0;1.4557418081648652;0.95066663063367;28.39155742691181;51.43228456219712;37.910165401947765;-0.5895078578542714;0.3777826795817269;357.29962170250496;13.161333386219328;90.33427423064336
0.0;37.0;28.78560644013502;-0.671645612290725;0.8824720091268465;1.0;1.0;1.4125048207205606;0.8150778024395429;28.390301845833665;51.40591901808407;37.90865457521653;-0.6148893753002005;0.3766966523398964;360.26451789913136;13.171698310703858;90.20280172451425
0.0;37.0;29.039363203161635;-0.6717048799473452;0.8828480186275078;1.0;1.0;1.356846494889936;0.663885964323273;28.437908554863256;51.636105091841614;37.90636328876567;-0.4604176597476215;0.3769852450123878;362.9346071424544;13.18005205303342;89.9818589574521
0.0;37.0;28.603719749785785;-0.6717196961898154;0.8829419327273084;1.0;1.0;1.3432780299410365;0.6306916661071094;28.44119198265884;51.69330064777964;37.905752758124805;-0.3892265197107376;0.3773007707390079;363.4399528223125;13.181585806224229;89.92183299004286
0.0;37.0;28.23997234645333;-0.6717641433050646;0.8832234631055208;1.0;1.0;1.3033813291737577;0.5407392672285829;28.43080043862699;51.86405046747163;37.90385671925739;-0.1157163236569798;0.3785803122516417;364.672427203587;13.186974730786677;89.73883892956606
0.0;37.0;27.01349764790216;-0.6720900149124882;0.8852782972342254;1.0;1.0;1.0448303432997446;0.1749472920329493;28.21699978628924;53.07865916789557;37.890074762237575;1.8423571063290305;0.3920579532632079;366.99920402192856;13.267032379115935;89.26636092471465
0.0;37.0;26.957420674845807;-0.672119633152955;0.8854642510662105;1.0;1.0;1.0240382194680795;0.1578899310597367;28.17408695645993;53.18587164924244;37.88903901107506;1.8507299662295624;0.3933373590071025;366.8643420492905;13.28630519792142;89.34360485042883
0.0;37.0;27.365822527023177;-0.6721344418699142;0.8855571748561809;1.0;1.0;1.013797837273399;0.1499954345067499;28.158082017658696;53.23928153353702;37.88854267767645;1.8422557139939653;0.3939764540406574;366.7809215522546;13.296542459765853;89.38926407638083
0.0;37.0;27.409764197635912;-0.6721640584972761;0.8857429161655984;1.0;1.0;0.9936232603116584;0.1353708796423418;28.12505908680785;53.34571018255653;37.887594875118616;1.8020266453647733;0.39525319624273;366.58317459576045;13.318036378504656;89.49347480895524
0.0;37.0;27.9478112299548;-0.6725045724011675;0.8878687477235924;1.0;1.0;0.78855361194391;0.0416071695480513;27.95868271941034;54.53293790470337;37.88131187420058;0.6238299578020352;0.4097589929724329;361.7398733001535;13.601320647565226;91.22819382268952
0.0;37.0;28.00625579032773;-0.6725489767686682;0.8881446459846777;1.0;1.0;0.7651327811155639;0.0356729469912605;27.954294094183044;54.68292705642097;37.88109583930113;0.5663373843859849;0.4116256135614461;360.8057979055892;13.635219354005692;91.44317196101484
0.0;37.0;28.00303685535168;-0.6725785783352437;0.8883284005358673;1.0;1.0;0.7499066387713642;0.0321948346596126;27.95368236415136;54.78230999879641;37.88101932702703;0.5520581438456754;0.4128667501064321;360.14939819281204;13.65722646129031;91.57947325679186
0.0;37.0;28.50060766174601;-0.6727117720670994;0.8891535367022806;1.0;1.0;0.6850526485201255;0.0202907755404022;28.00744124894344;55.22356421383508;37.881268314785416;0.6869310261924612;0.4184195596233073;356.8841463705461;13.74560643157706;92.13005112089108
0.0;37.0;27.799587913405016;-0.6729485071040292;0.8906133305104937;1.0;1.0;0.5832934011915873;0.0089305114429579;28.13584697254276;55.98442105197435;37.88347366790353;1.164030035312157;0.4281618839853634;349.9781651922025;13.838647361922254;92.99309902904903
0.0;37.0;28.21056293309614;-0.6729928872525641;0.8908860270003495;1.0;1.0;0.565969003882796;0.007656797248406;28.134555165769108;56.12379517549248;37.88404538980866;1.2100210055528375;0.4299703184459084;348.54774395473424;13.854701095735113;93.15693558300237
0.0;37.0;28.94817185777501;-0.6731408035823296;0.8917926984457142;0.0;0.0;0.5118522221221894;0.0045844073488795;26.5116888588632;56.08263635068456;37.88611641191412;1.1855961764200302;0.4351570209135332;343.51584558189217;13.991736676777428;93.71382002544637
0.0;37.0;31.50912686892732;-0.6733182676356914;0.8928759951981915;0.0;0.0;0.4536980662433926;0.0024772307569217;20.854833726565825;54.26593617191176;37.888671016336176;0.3122916492409678;0.4322059768237427;337.0124702771728;15.39039598897007;94.10864125890352
0.0;37.0;31.443003686358413;-0.6733921995454251;0.893325851313631;0.0;0.0;0.4314623466563374;0.0019168339374947;18.87023412473549;53.52451556048327;37.88968735739351;-0.1254298395553783;0.4300828250644465;334.17555918187327;16.298106025954276;94.0270770316754
0.0;37.0;31.192599659944605;-0.6734365554590385;0.8935953362152652;0.0;0.0;0.4186474834982975;0.0016434454971595;17.771317360242765;53.08397944925142;37.89027345681368;-0.3410949967023626;0.4287619726766831;332.4418366640954;16.90228604589324;93.88821679734204
0.0;36.0;31.92031920289728;-0.6735843909941622;0.8944912953289024;0.0;0.0;0.3786172798234045;0.0009839915267744;14.549924354489043;51.63856615660587;37.888956385237;-0.6444905440325449;0.4242988568593148;326.51109080270663;19.122580059705776;92.93413251791092
0.0;36.0;31.90840524918168;-0.6735991730658802;0.8945806945112306;0.0;0.0;0.3748311070251705;0.0009347919504356;14.261816577294969;51.49595232748129;37.885324680304656;-0.6379181564092219;0.4238522086160889;325.9063886381405;19.355617976999564;92.79611183342152
0.0;36.0;31.862938392167777;-0.6738060937761605;0.8958285242007675;1.0;0.0;1.248377649151598;0.6638763059339685;13.21194380696303;49.93347211305495;37.71440250964957;-0.1190538094884301;0.4176375628836249;330.9886650915984;22.486511629956613;90.24167849371251
0.0;36.0;30.55825178511109;-0.6739243104650949;0.8965384170485398;1.0;1.0;1.1519338523970364;0.440429105205303;15.902344586078089;50.12434559587122;37.55491110067114;0.3242820798011637;0.4160967983753617;333.8040262676198;23.35739864910565;88.61807260014304
0.0;36.0;32.27823579259269;-0.6745003697070604;0.8999662441616313;1.0;1.0;1.6384535213018865;0.5228706976586717;24.49427610024553;52.38960734577181;36.85909495935471;1.0632463845679987;0.4378671887511969;355.61221108199663;21.12125309460381;86.75688301328174
0.0;36.0;32.26250550557228;-0.6745299001478281;0.9001405559935123;1.0;1.0;1.6058482962279783;0.4718908046369511;24.796207123123715;52.500052652385975;36.839666798113214;0.982046959185028;0.4390527667660248;356.9320642047137;20.87861983921674;86.91618456070309
0.0;36.0;32.695670740469815;-0.674736583011627;0.9013567046280622;1.0;1.0;1.395073983290254;0.2301293382961357;26.751079127719592;53.25822603801532;36.75342883744223;0.6990986573168396;0.4472831501452468;363.2281678006453;19.117234151834072;88.189063162982
0.0;36.0;33.26685560402783;-0.6748399046072837;0.901962129552106;1.0;1.0;1.3003001175914208;0.1607078998575672;27.5257214717654;53.62768738384018;36.73877851294216;0.771756652384041;0.4513531185011747;365.0139449977907;18.241267995470192;88.83692569554071
0.0;36.0;32.59894452488433;-0.6749432129760782;0.9025657866306648;1.0;1.0;1.2119646814863476;0.1122283202474386;28.20286810951018;53.99087646400017;36.73879519301988;0.9203030058522907;0.4553931305325366;366.09941952018;17.39651346290537;89.45895704081524
0.0;36.0;32.70957433350087;-0.6750022403903017;0.9029099393506952;1.0;1.0;1.1642084372967063;0.0914106682685403;28.528047950533395;54.195637899038;36.74402517506743;1.008140921043774;0.4576883396795423;366.436299925253;16.936131922693946;89.80101326469166
0.0;36.0;32.597816513782035;-0.6750169965688648;0.902995887248285;1.0;1.0;1.1525663529237395;0.0868401348551133;28.608635149588764;54.24651596171047;36.74582304495234;1.028298701970212;0.4582606290384689;366.4902122580094;16.823702868826814;89.88498526957004
0.0;36.0;31.831014212656985;-0.6751055279699363;0.9035108159972012;1.0;1.0;1.085118342145208;0.0638354789127752;29.00501771709119;54.54918439741488;36.75996664109311;1.1223725478256397;0.4616817053672807;366.5719084492706;16.176262054927523;90.37556231386432
0.0;36.0;31.784781178786965;-0.6751202822583279;0.9035965109838282;1.0;1.0;1.074267158723756;0.0606437049671364;29.06006093444319;54.599198622589576;36.76279446743418;1.132640172403797;0.4622497806958476;366.546682909511;16.073573929114577;90.4550324968428
0.0;36.0;31.649060453646047;-0.6751792967113751;0.9039389294575736;1.0;1.0;1.0319367463440767;0.0493946767188886;29.27182756095516;54.79803643898886;36.77511877373355;1.1566084651902675;0.4645160935982154;366.3402226498509;15.677789596046756;90.76581232536284
0.0;36.0;31.68286684174873;-0.6752973126536599;0.9046220306236352;1.0;1.0;0.9522141576742073;0.0327694377322289;29.645143384036963;55.18992190213197;36.80293515602364;1.1296236033213165;0.4690201060583465;365.449251632488;14.957076353807766;91.34851715400228
0.0;36.0;32.392502205337564;-0.6753120634309657;0.904707255473236;1.0;1.0;0.9426920160974652;0.0311309658456174;29.69954493331217;55.23837046720374;36.80656453522922;1.1207904601926937;0.4695804373585081;365.2956260638599;14.872967847737788;91.41721041737728
0.0;36.0;32.589512394751566;-0.6753268139381573;0.9047924441345953;1.0;1.0;0.9332650959364904;0.0295744175533366;29.756770349480163;55.28670064062217;36.81020558842631;1.1111206395461777;0.4701401773537966;365.133030148756;14.789822524440346;91.48489747941132
0.0;36.0;32.65104931439901;-0.6753563141421317;0.9049627128787664;1.0;0.0;0.9146931205273544;0.0266909118418863;29.87394000047296;55.18349381418847;36.81749880687132;1.0703700990066318;0.4708790857128035;364.7814130593525;14.626019720356252;91.61651703178111
0.0;36.0;30.95933713523376;-0.6754448082704456;0.905472650238182;1.0;0.0;0.8611654157701606;0.0196202728483574;30.05442698875172;54.876868106230624;36.83907797316758;0.7453239229868003;0.4703171458367167;363.5236587489688;14.164335446772142;91.960618945851
0.0;36.0;31.147939007523448;-0.6754595563462482;0.9055575130517644;1.0;0.0;0.852553761612459;0.0186392592059395;30.076080253222568;54.82619737450875;36.8425798325569;0.6701565398828697;0.4700061924287328;363.2856480100228;14.092398955083562;92.0075611687112
0.0;36.0;31.76943255073003;-0.6755037989525189;0.905811884145042;1.0;0.0;0.8272320623388074;0.0159808348616924;30.17929622792397;54.67492239136908;36.852839639005815;0.4265999867816563;0.4688937306769684;362.5251753189676;13.882473634645493;92.12526138107172
0.0;36.0;32.21159066943586;-0.6755627853113575;0.9061505383323272;1.0;0.0;0.7946358184267296;0.0130164898750663;30.337237119193432;54.47493143052604;36.86581830108509;0.092762038064856;0.4671638778219741;361.4068359592626;13.613395055513314;92.22030449800236
0.0;36.0;30.0063833108152;-0.6758429114652147;0.9077512222774732;1.0;0.0;0.6565031805600764;0.0049118193467206;30.74630226124644;53.5510911379594;36.912528118079216;-0.5465999561518055;0.4580731473581064;354.6535761658986;12.505190617396607;91.59778632195136
0.0;36.0;29.73121440951017;-0.6758576522439838;0.9078351059022196;1.0;0.0;0.6499381487544756;0.0046662283793846;30.726201905544507;53.5036401307643;36.91422581373079;-0.5238693448509484;0.4575904862428362;354.2395536877564;12.458759561421004;91.52384451831244
0.0;36.0;29.429190442938364;-0.6758723927523993;0.9079189532135148;1.0;0.0;0.6434387672669308;0.0044329169604153;30.70051905798981;53.456304348739664;36.91584699829058;-0.49689898241896;0.4571081985116887;353.8202738810702;12.414166051638782;91.44728132544908
0.0;36.0;29.91218056996765;-0.6759903070867185;0.908588424019307;1.0;0.0;0.5937297086848017;0.0029408876817473;30.55037264891151;53.08173265928865;36.92615175248351;-0.1831477053652856;0.4532655121982529;350.28627861409086;12.112386771891275;90.77265122371271
0.0;36.0;29.215152756457005;-0.6760639947579842;0.9090056622168224;1.0;0.0;0.5646310452892721;0.0022756028274646;30.41940220097496;52.85129788824349;36.93034484730451;0.0309038764382559;0.4508792717984664;347.9267777657397;11.968591428067654;90.3331056804389
0.0;36.0;29.174202504916536;-0.6761671461397035;0.9095882684706134;1.0;1.0;0.5262730316666328;0.0015891383255149;30.277304654589432;53.22741751263652;36.93368997590102;0.4614496446668956;0.4510149123331617;344.44872804952297;11.818898926426154;89.76870201133303
0.0;36.0;26.505501768772408;-0.676741604029897;0.9128015499081596;0.0;1.0;0.355617975234166;0.0002149722034654;27.673399055767348;55.00951427418881;36.92281575127882;0.9983633143067372;0.4715978332901549;322.2682887085929;12.086102079807617;90.49464159284597
0.0;36.0;25.86970955371184;-0.6768299456315472;0.9132909766437542;0.0;1.0;0.3348072644531438;0.0001580243234772;24.54410355633897;54.70520980398907;36.91996666618624;0.8045815131174452;0.4710310653353172;318.5554820986031;12.65090891917639;90.94702113718182
0.0;36.0;25.67483368892754;-0.6768446682842999;0.9133724199246144;0.0;1.0;0.3314591918086123;0.0001501231073033;24.05809780429352;54.65492265559597;36.919514890451175;0.7815063095587603;0.4707193363288197;317.93127484411923;12.782039741973772;91.01637114497724
0.0;36.0;25.935075923033747;-0.6768741127775753;0.9135351968784348;0.0;1.0;0.3248631538916209;0.0001354861043413;23.114766412331765;54.55471446514183;36.91863626913924;0.7445671853693673;0.4700002907694657;316.678571896516;13.071106372469462;91.14752684128293
0.0;36.0;26.244441243068056;-0.6768888346180967;0.9136165305448376;0.0;1.0;0.3216145223527047;0.0001287117991242;22.65706342738304;54.50479282876596;36.91821039890102;0.7308232599405752;0.4696045744557654;316.0501507031813;13.228059196166685;91.20893515941144
0.0;36.0;25.58857017612252;-0.677021318998042;0.914346888642979;0.0;1.0;0.2938004132104088;8.112053542264457e-05;18.92477056647528;54.06091880031073;36.91484973231125;0.7416489040647871;0.4655324830441926;310.33871959079846;14.935277767975345;91.614182739533
0.0;36.0;25.53725005631166;-0.6770801939039154;0.9146705414619688;0.0;1.0;0.2822235046662699;6.607318310509039e-05;17.46976521982052;53.86673798987826;36.91366094141239;0.8072709351638901;0.4636094923327409;307.77230343087643;15.819365914992764;91.70354160942188
0.0;36.0;25.53674924500101;-0.6771390644764755;0.914993608891843;0.0;1.0;0.2711027725106353;5.381702059649053e-05;16.126625982394543;53.67443655809786;36.912672722502144;0.891308682806131;0.4616727988345405;305.19158901025526;16.75253427195576;91.7389763435542
0.0;36.0;24.501928840245856;-0.6771979307153457;0.9153160907258387;0.0;1.0;0.2604202415736539;4.383429963222027e-05;14.886752180282375;53.483996259135154;36.9118863781315;0.9787787170297416;0.4597346654736706;302.598518620516;17.718869854132716;91.72507993373118
0.0;36.0;24.71360549673596;-0.6772567926201492;0.9156379867575222;0.0;1.0;0.250158644978888;3.5703311014816115e-05;13.74220439082014;53.29539902429859;36.91129824107865;1.0564119380081232;0.457800472879298;299.9949415469158;18.70493570353388;91.66752092485793
0.0;36.0;24.95811855221304;-0.6772862219471582;0.9157987150331428;0.0;1.0;0.2451804879438082;3.2222238190871545e-05;13.203364899273865;53.20178595747541;36.91107619744415;1.0882909936766338;0.4568356508391507;298.68976642740563;19.20176514167125;91.62421507871773
0.0;36.0;24.662719967523085;-0.6773450773501656;0.9161197319753136;0.0;1.0;0.2355193984486752;2.6245214395453563e-05;12.188242053617916;53.01591982330303;36.9107696361794;1.1339984494956172;0.4549113163964057;296.0737027515427;20.196863845691727;91.51208815389164
0.0;36.0;25.330706155243163;-0.6773892160575793;0.9163601099228734;0.0;1.0;0.2285242367953511;2.2501990692302e-05;11.478454150926646;52.877701548643394;36.91065377302171;1.15102466843008;0.4534730116737523;294.1074570420061;20.940283604957912;91.40820597039432
0.0;36.0;25.046527836397377;-0.677403928418154;0.9164401626008872;0.0;1.0;0.2262389944273976;2.1376891157686897e-05;11.251165548557836;52.83185234528241;36.91063569284766;1.153397980002646;0.4529945478391896;293.4513736653076;21.186912228059192;91.37020041848368
0.0;36.0;24.66634762504651;-0.6774480638740746;0.9166801006763976;0.0;1.0;0.2195194700539095;1.8328012056321803e-05;10.595948724303474;52.69497159391666;36.910639683243936;1.1511774983126202;0.451562108725735;291.4814524248442;21.921835183464164;91.24695979554018
0.0;36.0;24.494533815089795;-0.6779039874168915;0.9191401215053197;0.0;1.0;0.1607548476252256;3.73720676063516e-06;5.700031809762538;49.4091319757365;36.91415495814335;-0.3541213107352716;0.4370215196958649;271.10880975517694;28.69147962460877;88.78549365574504
0.0;36.0;23.626379622281515;-0.6779774990722213;0.9195335926212111;0.0;1.0;0.1528762605647801;2.8917793508756125e-06;5.157602055831666;49.22297532029164;36.915016265347255;-0.1784237450461934;0.434720485907571;267.8417717483925;29.603461791517788;88.09153162440585
0.0;36.0;24.39870790164265;-0.6780216028111825;0.9197692339397934;0.0;1.0;0.1483356827497456;2.4793393209569787e-06;4.85724668430336;49.11236177487727;36.9155385492136;0.0453339893659434;0.4333456851228967;265.8865812775255;30.12492430103889;87.66573431001451
0.0;36.0;23.734701054306843;-0.6782420848896262;0.920942472086635;0.0;1.0;0.1275773432403384;1.1486561639896058e-06;3.5983367607347776;48.57122436794523;36.91806505726069;1.4274234196917428;0.4265366236449868;256.18105200525315;32.449302152479824;85.85089948873095
0.0;36.0;24.388742239996304;-0.6783596503734238;0.9215648107011494;0.0;1.0;0.1177213166042319;7.620419677168243e-07;3.066300248961856;48.29057816438432;36.91927753169935;1.7117021599798237;0.4229489784146539;251.06228797645983;33.50535003859372;85.28460219912255
0.0;36.0;25.09827253045972;-0.6784331199823117;0.9219525744020788;0.0;1.0;0.1119518007517522;5.896535481942691e-07;2.774503146168504;48.11792297216356;36.91997075502083;1.6525430257123237;0.4207220400874139;247.88661253352595;34.10506314750927;85.07483829846403
0.0;36.0;25.46883682665926;-0.678477198491204;0.9221847901102076;0.0;1.0;0.1086267203176244;5.055542108830615e-07;2.6129286257094853;48.01533162663607;36.92036156192179;1.54864644101269;0.4193915092509437;245.9905090612171;34.44371737409988;84.9902981914176
0.0;36.0;25.235103771402777;-0.6785653481812973;0.9226482254834872;0.0;1.0;0.1022699008735777;3.716288006914596e-07;2.317459723151172;47.81237741398192;36.92108666012981;1.253089043035774;0.4167430576572771;242.22032509668023;35.075639099807184;84.88273561583438
0.0;36.0;25.14402325127589;-0.6787709927896374;0.9237244067084632;0.0;0.0;0.0888465481562191;1.812340676159369e-07;1.7514981954698434;45.973790646318406;36.92250626866068;-0.0301741080343809;0.4106281962338262;233.5457561943736;36.3342814250374;84.57054134821935
0.0;36.0;26.935705508751305;-0.6789472172420977;0.9246410840401472;0.0;0.0;0.0787522361898711;9.793165666440396e-08;1.377777095769831;44.447007128098114;36.923477441027465;-0.7150186205615252;0.4054583489105757;226.2581152094626;37.20232074783302;83.67403203684836
0.0;36.0;26.634770323430093;-0.6789619008480177;0.924717233483851;0.0;0.0;0.0779647138279724;9.303507383118377e-08;1.3504952635042606;44.321778422983925;36.92355063566724;-0.7236198928093543;0.4050304777103892;225.65730557766216;37.26687846101482;83.56639505216124
0.0;36.0;27.051938870939395;-0.678991267245087;0.924869421402103;0.0;0.0;0.0764132160227958;8.396415413264333e-08;1.29754155102204;44.07223436240501;36.92369412865079;-0.7188277991740527;0.4041760894024887;224.45875938745883;37.39264847704099;83.33757930539828
0.0;36.0;26.43978381014108;-0.6790940410792364;0.9254009136209244;0.0;0.0;0.0712221107769791;5.8635300365789e-08;1.1280283103680937;43.2083427638018;36.924170531877394;-0.5113905375582327;0.401199898370627;220.2965923581994;37.79935088282795;82.41873564844448
0.0;36.0;26.15571129254216;-0.6792995488147812;0.9264584556639144;0.0;1.0;0.0618739105140689;2.8594968881318964e-08;0.8525452139187377;42.51203559683064;36.92504805422616;0.596666012040407;0.3953131013704785;212.12960581220443;38.47298783462922;80.38094744169014
0.0;36.0;26.40318506524859;-0.6793582555294422;0.9267592767952108;0.0;1.0;0.0594358315629116;2.3290780872389804e-08;0.786998343726136;42.4297523679542;36.92529078488168;1.0154450288642705;0.3936470802813155;209.83575940169945;38.63531750596507;79.8757661431571
0.0;36.0;26.08774487003715;-0.6794316328085053;0.92713446910348;0.0;1.0;0.0565228844238613;1.8021962258544848e-08;0.7121054497963282;42.32801261068706;36.92559402310878;1.4432577793442536;0.3915744242037447;206.99369100660635;38.82154665852355;79.35455585821865
0.0;36.0;25.80791536595052;-0.679505003293252;0.9275087342773572;0.0;1.0;0.0537527006787398;1.3945050852006446e-08;0.6443395557485496;42.22749693245874;36.92589952854755;1.695158665611589;0.3895126812090625;204.1799504373349;38.99057198564485;78.97227616716592
0.0;36.0;25.56533347365702;-0.6796957347509202;0.9284774820574544;0.0;1.0;0.0471691248885651;7.158581455807626e-09;0.4968187901809218;41.97177890906734;36.92671769728272;1.4895747502274772;0.3842028111837794;196.99860141493164;39.3588958759075;78.56054487430795
0.0;36.0;25.111905693378365;-0.6797837491581851;0.9289224798848612;0.0;1.0;0.0444087947472007;5.262215176542693e-09;0.4406386162552198;41.85644157215218;36.927110857865664;1.159308230267993;0.3817765757327687;193.7503226930515;39.4985395559223;78.55098754214602
0.0;36.0;25.466494505959844;-0.6797984172743925;0.9289965161576028;0.0;1.0;0.0439647067997287;4.9991044177155584e-09;0.4319133657067376;41.83738096822514;36.92717743127746;1.1032514468850874;0.3813736953824175;193.21303643177205;39.52015096813916;78.55415404150969
0.0;36.0;24.47937737248848;-0.6798717537765535;0.9293661400640996;0.0;1.0;0.0418099987133128;3.868211703000336e-09;0.3908112723158685;41.74276670469073;36.92751478735287;0.8500331676014884;0.3793656619251514;190.5442052022306;39.62155411924754;78.57623427842661
0.0;36.0;25.166423929894734;-0.6799304180832367;0.9296611700634596;0.0;0.0;0.0401625179421134;3.150682608416917e-09;0.3607641916996075;41.36898975690872;36.92778994257255;0.6599597338512256;0.3777668502716028;188.4303055455921;39.69513536782506;78.58883069648948
0.0;36.0;25.91219753544326;-0.6799597486047687;0.929808461956257;0.0;0.0;0.0393632838350654;2.8434910540962683e-09;0.3466183837742171;41.13376617436898;36.92792920637639;0.5386444979707505;0.376969973004961;187.380424478988;39.729567484264415;78.58667826721098
0.0;36.0;25.54055874243564;-0.679974413457567;0.9298820521155996;0.0;0.0;0.0389696509967147;2.7013165013914547e-09;0.3397548589678449;41.01658342243702;36.92799924472849;0.473370164872578;0.3765721649558303;186.8572528565477;39.74621748279398;78.58224395475284
0.0;36.0;25.36035576519492;-0.6801210470250932;0.9306159074837704;1.0;0.0;0.0352434538307778;1.617377973957245e-09;0.7803362913401531;39.96020045249352;36.9287132188548;-0.1793561509475187;0.3726171004134559;181.69047265008385;39.88007266468089;78.34832510546052
0.0;36.0;26.03444415051708;-0.680165031790679;0.930835338347207;1.0;0.0;0.0341966880085499;1.3866994404215935e-09;2.218142438539896;39.91695583164794;36.928931653199015;-0.3218517153698819;0.3714387011495986;180.1634762913285;39.80369856281185;78.19731245115351
0.0;36.0;25.9010489169859;-0.68023833429192;0.9312003117457448;1.0;0.0;0.0325207100356656;1.073001593040146e-09;4.4603314092568125;39.84557363485997;36.92929922397702;-0.4614349081005153;0.3694829780667993;177.6421095991885;39.45278523311772;77.8734312360979
0.0;36.0;25.84553377735717;-0.6802529939758994;0.931273194693112;1.0;0.0;0.0321955029353089;1.0193515133881387e-09;4.883786867628314;39.83140026402239;36.92937319919167;-0.4737544434604367;0.3690930708773219;177.14137877332624;39.3536900660117;77.79979389021743
0.0;36.0;26.48923500895578;-0.6803116299907673;0.9315643539440488;1.0;0.0;0.030926871659601;8.30268178601597e-10;6.523783111016024;39.77504756020332;36.92967039128269;-0.4733197352383622;0.3675375523837182;175.1502544769946;38.87495776773599;77.48393792096527
0.0;36.0;26.59928178320144;-0.6804435451043614;0.9322172821149944;1.0;0.0;0.0282522306717586;5.23276029476783e-10;9.825232509841392;39.65022501285921;36.93034466300894;-0.251514547618848;0.3640615627181835;170.73913229754646;37.41482310351119;76.72032489398879
0.0;36.0;26.50124320463268;-0.6804582009784009;0.9322896432847584;1.0;0.0;0.027969708365041;4.97112228002944e-10;10.15543951767314;39.63652239796199;36.93041989839472;-0.216103952572747;0.3636773766280448;170.25488460901886;37.22808538500573;76.63689731195862
0.0;36.0;26.740345814399145;-0.6805168217526466;0.9325787150189534;1.0;1.0;0.026867590256322;4.0490101665982304e-10;11.425418754390575;39.88094663529996;36.93072117110723;-0.0280119193077943;0.3629448903470766;168.32961696439773;36.44602973840028;76.31825873371753
0.0;36.0;26.75532367234113;-0.6805461305065525;0.9327230270786782;1.0;1.0;0.0263329252102212;3.6542316753549025e-10;12.025623509650895;40.05196118467592;36.93087192277802;0.1134154995670679;0.3633525704957689;167.37400627198494;36.03761195172708;76.17389645977364
0.0;36.0;25.577532023731404;-0.6806047447477066;0.9330112034680966;1.0;1.0;0.0252953028885669;2.9763945385245365e-10;13.116639569436185;40.39149339479437;36.931173434243526;0.4574762876883156;0.3650028845614901;165.4767977433269;35.19799646314956;75.9316859526952
0.0;36.0;24.907433549705708;-0.6806487025700396;0.9332269439055272;1.0;0.0;1.0145440070974736;0.9500000002551886;13.81443895826027;40.4444605483898;36.93139941521268;0.7180413583666815;0.3662583556339788;167.907498849618;34.559286588939386;75.80132169602251
0.0;36.0;24.611587638353765;-0.6807073091881639;0.9335140752016494;1.0;0.0;0.9745669251872446;0.7737809377078527;14.650033551252186;40.382116468418246;36.931700285657904;0.9304326681876852;0.3663778459839213;172.19846566641226;33.707394814754686;75.70025860891303
0.0;36.0;24.331794318552355;-0.6807952109467558;0.9339436518716804;1.0;0.0;0.9175354143265602;0.5688000924292509;15.75511053696279;40.289722489216985;36.93215014984469;0.9404379398851546;0.3649900646566856;176.38951549065985;32.443560262182444;75.68754290551462
0.0;36.0;24.128911667449486;-0.6808977506078777;0.934443124832793;1.0;0.0;0.8552029651712694;0.3972143185649182;16.829253278286053;40.183608082257656;36.93267201013591;0.59034871965491;0.36259389499024;179.5550810410008;31.01663253026828;75.81741771432071
0.0;36.0;23.31240450284225;-0.6809563387081731;0.9347277157062676;1.0;0.0;1.8115045560836904;1.273533545060617;17.349608625126216;40.12377175000864;36.93296848957964;0.3028178775447467;0.3611168939876357;187.2846079864196;30.234286989062685;75.92196501975165
0.0;36.0;23.267260111113675;-0.6809709850523;0.934798769958956;1.0;0.0;1.7933895105228534;1.209856867807586;17.46678624131922;40.10890274551157;36.93304239681726;0.2288479362436989;0.3607432916291073;190.28707606781865;30.043348933925618;75.94839402830645
0.0;36.0;23.418173477980453;-0.6810735018340273;0.935295102594303;1.0;1.0;1.6715562180582295;0.8448881737252033;18.23545724203148;40.10569703580877;36.93355725059661;-0.2298750555111205;0.3582129387849365;205.223620596182;28.760704257768392;76.10806416607514
0.0;36.0;23.693701206986923;-0.6811320768588361;0.9355778982457764;1.0;1.0;1.6056902335574257;0.6881666980502639;18.639071480150964;40.44465506401103;36.93384944041088;-0.2975606188665882;0.3585787826051553;210.921207057814;28.070522504874702;76.17059158807385
0.0;36.0;24.25379876629841;-0.6811613627365575;0.9357190715441264;1.0;1.0;1.5737369979096327;0.6210704449903631;18.855272655898126;40.61289582283507;36.933994980863545;-0.2540989126342934;0.3593114845234409;213.3343221788756;27.736554254379143;76.19724451040277
0.0;36.0;23.586793605939352;-0.6812784953483507;0.9362822673614736;1.0;0.0;1.4521574652460365;0.4120308224763965;19.59928995908025;40.78073319382989;36.93457349084241;0.1797204155444957;0.3617454304822129;221.18318595522427;26.473558249123275;76.31632074463158
0.0;36.0;23.235244820800013;-0.6815566153966841;0.9376102485376347;1.0;0.0;2.051184705749768;0.5956079838688195;20.72624403906753;40.47437023719784;36.93592584309302;0.3205743578611497;0.3561168082923674;264.21272827945734;23.978319789429204;76.72851000843829
0.0;36.0;23.3551967346263;-0.6815712505680946;0.9376797674069494;1.0;0.0;2.0306728586922698;0.5658275846753785;20.77830103569444;40.45863216735224;36.93599627185791;0.2912181088272278;0.3557470984789951;265.6319187969314;23.86464222334408;76.74815458568105
0.0;36.0;23.28365481714507;-0.6818200067650521;0.9388558473221764;0.0;1.0;2.6344865586520503;0.9000044506697894;18.02870559212831;39.60408697765477;36.937184326202;-0.1769965415864801;0.349444303120454;305.4226062161708;22.57247180401907;76.8370273423687
0.0;36.0;22.808258519151376;-0.6818638967364399;0.9390622645961504;0.0;1.0;2.556239673373525;0.7716413158930107;16.97879562633333;39.56331160510647;36.93739240538122;-0.1140701817364139;0.3483395617500068;312.02014297269875;22.61406111646117;76.77976855581612
0.0;36.0;22.686781952866763;-0.6819809246589036;0.9396110577091524;0.0;1.0;2.35875659629158;0.5119226145902008;14.4683754794089;39.45600873989256;36.93794537065135;0.4152196814897748;0.3454099923878785;325.88404820624135;23.061328650605923;76.55131347912322
0.0;36.0;23.19534387391849;-0.6820540582448699;0.9399528319995674;0.0;1.0;2.243154053209284;0.3961159606450567;13.091527637725966;39.3899881206045;36.93828969711761;0.8558606632377227;0.3435913714126793;332.8303881468028;23.52943324393952;76.39828995160626
0.0;36.0;23.60357963818822;-0.6821564338065631;0.9404297368091512;1.0;1.0;2.0907661630134866;0.2766225488964472;12.728060240111738;39.59779159868509;36.93877028171892;1.3733621110563732;0.3418615327822036;341.096773086127;24.27997694837075;76.2365392838517
0.0;36.0;23.37253682920188;-0.6822441736464457;0.9408370453254192;1.0;1.0;2.9584148395164926;1.153342992457796;13.954874047803813;40.11220778591846;36.93918095332961;1.597274603636631;0.344052673724924;352.3871734340573;24.671107800234925;76.2002453950426
0.0;36.0;22.56442306601153;-0.6823172826750542;0.9411754341931634;1.0;1.0;2.8134230758566905;0.8924348219630489;14.79804646858413;40.53516460786676;36.93952234655435;1.60420098414754;0.3469850804922759;366.3161475014747;24.82877508685177;76.26859203014685
0.0;36.0;22.199224802019856;-0.6823757649852874;0.9414454676573292;1.0;1.0;2.702562981109864;0.7268937402065406;15.378229947177402;40.86982930982657;36.9397949342785;1.509987093803702;0.3495736791071289;374.8195143500511;24.87237152516289;76.38817472808364
0.0;36.0;22.54437497271181;-0.6824780985193889;0.9419165762899114;1.0;1.0;2.518965305228717;0.5076170090833084;16.275582404363902;41.447679292571365;36.94027085619453;1.218520378509797;0.3542652712309893;386.53616345662346;24.81667538468804;76.7149818509552
0.0;36.0;23.168167208453244;-0.6829895655012299;0.9442444087692324;0.0;0.0;2.519132432078625;0.3102422916307897;11.533173024045553;38.9728791176716;36.94262858141501;-0.5696496280335747;0.3494422931100701;460.0575920968261;25.294147495042907;77.62024148666661
0.0;36.0;22.74483276046752;-0.6830041739272297;0.9443102389527148;0.0;0.0;2.4939411077578386;0.2947301770492502;11.304800915593605;38.86088475236448;36.942695368816224;-0.5436039696465251;0.349074886091783;461.1969624236789;25.39639493176385;77.56006520733852
0.0;36.0;21.047496364279795;-0.6832086632024756;0.9452278942228188;0.0;0.0;3.089345589084969;0.8071529642262719;8.54398489223738;37.32127209953574;36.94362670233846;0.0503206332408796;0.3439584609350135;491.915239022546;27.07613578690086;76.29047128337719
0.0;36.0;21.199468367729832;-0.6832378715839191;0.945358383054456;0.0;0.0;3.0278676118621783;0.7284555502142104;8.20897046892969;37.10558190844182;36.94375917237574;0.1277284998870888;0.3432330125930986;495.8813762723484;27.339807760139216;76.06527334693746
0.0;36.0;20.773517657286643;-0.6833692957716357;0.9459437106863696;0.0;1.0;2.766009286533203;0.4591086805331216;6.856708542079852;36.94011952081593;36.944353440860965;0.596287584011147;0.3399870678443242;509.9781202358015;28.550462750732294;75.02390466951225
0.0;36.0;21.30500223329476;-0.6834130989141627;0.946138138911074;0.0;0.0;2.68385604471388;0.3936283049720852;6.457404928811715;36.81877147040744;36.944550849096906;0.7964966663861185;0.338911876722798;513.7250900250551;28.95546886487711;74.69827212729265
0.0;36.0;20.881959718206417;-0.6834714992770512;0.9463968466946155;0.0;0.0;2.578101407966535;0.3206127145766694;5.960936047888397;36.39329748662919;36.94481352298778;0.947318740282298;0.3374835652974513;518.1780378000145;29.49132962936477;74.29811775987356
0.0;36.0;20.77717090907779;-0.6835736893864253;0.9468481277653448;0.0;0.0;2.402958985755829;0.2238958161907485;5.182188833743107;35.658619629814496;36.94527171222038;0.8394768208470219;0.3349984775312414;524.7047368893423;30.408141116918635;73.677906834642
0.0;36.0;21.14225536379259;-0.6837488412589882;0.9476174343431696;0.0;0.0;3.0620118402352903;0.8193216589578806;4.076454064164845;34.4279486733753;36.94605272527779;0.0547714208082358;0.330780817177193;548.2894448594132;31.8848862497064;72.68803642915958
0.0;36.0;20.95035793781371;-0.6838072164650325;0.9478726571373092;0.0;0.0;2.941356356302778;0.6673426119815622;3.7630413530806632;34.02565298777271;36.94631180642264;-0.1974888363938657;0.3293867632504578;555.1423202720586;32.344392888225;72.32921907206071
0.0;36.0;21.03589967237374;-0.6838655872947003;0.9481272732929804;0.0;0.0;2.825455179852587;0.5435547283503072;3.47372495194368;33.62725724902824;36.946570258615786;-0.3836380125975301;0.3279985844212034;560.7498096358518;32.78595199740648;71.94213603989202
0.0;36.0;20.41689561485533;-0.6839239537476283;0.9483812826471928;0.0;0.0;2.714120972200227;0.4427287234583774;3.2066522486777567;33.2327235942835;36.946828082313175;-0.4862925829694524;0.3266162559579481;565.4646916760472;33.209060870367345;71.52524524261264
0.0;36.0;20.63849883770208;-0.6840406735217813;0.948887480301547;0.0;1.0;2.504440727133308;0.2937152806608128;2.73252871433798;32.85314835652301;36.947341848174375;-0.3686426628263916;0.3238690516527063;572.9382348758071;33.99903936362497;70.62147298473542
0.0;36.0;20.421986752657723;-0.684069850729271;0.9490136502107076;0.0;1.0;2.454602356663355;0.2650780407963836;2.625384706788298;32.858672488082185;36.94746989864294;-0.2298584914615724;0.3231858686679949;574.472607828262;34.18480677519615;70.39274735255704
0.0;36.0;20.26513055970756;-0.6841136144882761;0.9492026203640372;0.0;1.0;2.3816982120680965;0.2272712852277993;2.4724941664693554;32.866905597325456;36.94766168191653;0.0437049214418045;0.3221637953680735;576.5548479103431;34.4547367214361;70.06092054127274
0.0;36.0;21.54389459990898;-0.6843469796050577;0.9502046883760216;0.0;0.0;3.017915451068151;1.0500281536475164;1.7953990562621585;31.436864013219424;36.94867862984874;0.8319813981561118;0.3167670790151309;588.2710303856135;35.723348697414174;68.72616286170947
0.0;36.0;22.444264672176697;-0.6844927972185242;0.9508260404705652;0.0;0.0;2.729348637838146;0.6286906428290403;1.469948268627059;30.510348500542484;36.94930921553565;0.3622312507406424;0.3134401357118737;604.4104908067864;36.37946408390786;68.1549807412533
0.0;36.0;21.87887509209721;-0.6846094315961764;0.9513203838868696;0.0;0.0;2.518491974809221;0.4170862174130399;1.2526071534185037;29.78520984160296;36.9498109321525;-0.1286751248422186;0.3108037571544154;611.7537967402285;36.83604713775343;67.67053804845152
0.0;36.0;21.874992641123985;-0.6846240096611523;0.951382005602182;0.0;0.0;2.4933070550611287;0.3962319065423879;1.2278038514922196;29.695556691798124;36.94987347533636;-0.1798215340016395;0.3104757728449212;612.4740507049419;36.88913188111551;67.60288323927503
0.0;36.0;21.68530803701068;-0.6846531649695392;0.9515051348644332;0.0;0.0;2.443690244665412;0.3575992956545051;1.1796609369629167;29.516903968892663;36.94999844763636;-0.2704977852975565;0.3098208422043815;613.8082824247373;36.992752579065794;67.46163910831794
0.0;36.0;21.62602869752169;-0.684798925078865;0.9521184971704104;0.0;0.0;2.2100296541492788;0.2141079077539785;0.965824510720162;28.636574712981737;36.95062103143029;-0.4465563030833024;0.3065668538814933;618.6697785461888;37.46246501494945;66.6332104077967
0.0;36.0;21.238092866519903;-0.6850757938169402;0.9532733911938742;1.0;1.0;1.8258571580043472;0.0807943903222611;1.4842280776793346;28.694273223155143;36.95179350696188;0.8407655284757422;0.3008569329965345;621.3853507732554;38.127564044610615;64.91038197421717
0.0;36.0;21.09414320829496;-0.6851195008914961;0.9534544849876204;1.0;1.0;1.7716273745544602;0.0692710904025486;2.619023618103504;29.03169655159535;36.95197738617471;1.1349955846047286;0.3014996846871446;621.1633623118878;38.09524214093794;64.73599836754293
0.0;36.0;20.78128025746428;-0.6853088697116182;0.9542352575553132;1.0;1.0;1.554640266092006;0.0355597658582872;6.842240056481972;30.46563015862651;36.95277025922758;1.7408822003067788;0.3093160523870253;618.4613320156376;37.14583837271866;64.68907428307422
0.0;36.0;20.79761621247728;-0.6853525636300616;0.9544145199661676;1.0;1.0;1.5084658955488073;0.030488054252749;7.666172236995032;30.79012221529968;36.95295232065772;1.6999913912931002;0.311441172999862;617.469432263463;36.796381563294936;64.84738050612513
0.0;36.0;20.67044760505999;-0.6854399440650042;0.9547720139557474;1.0;1.0;1.420190696707604;0.0224115214421308;9.154309151145284;31.43201679846156;36.95331541932444;1.4694674306526272;0.315740188882031;615.1113080230707;36.00689426961318;65.32073578588881
0.0;36.0;20.35409174048265;-0.6854836305811681;0.9549502454058424;1.0;1.0;1.3780096128246917;0.0192150781964469;9.817998507972698;31.74945374023627;36.95349645617096;1.30991855528666;0.3178948002396758;613.7552508250122;35.57950296981808;65.62003491637475
0.0;36.0;20.535846580662778;-0.6855127535543233;0.9550688753864736;1.0;1.0;1.3505872215294803;0.0173416080722933;10.236275659854975;31.9597898233754;36.95361695745488;1.198118318930943;0.3193299554669256;612.7889784466253;35.28642394218426;65.83706588071655
0.0;36.0;20.81521538010599;-0.6858330338586541;0.9563637154878688;1.0;1.0;1.0826720306185798;0.0056105919351737;13.796108532267146;34.206923148801614;36.95493242448094;0.6442672885336541;0.3349514940549086;599.2671810487348;31.959000165513427;68.56653879530064
0.0;36.0;20.784794973046456;-0.6858475888999361;0.9564221321176664;1.0;1.0;1.071845310312394;0.005330062338415;13.93449395261946;34.30622437271506;36.95499178008674;0.6608913613460671;0.3356532903349967;598.5412249673257;31.81015619012457;68.69138871457471
0.0;36.0;20.56035649360168;-0.6858621436668896;0.9564805104905456;1.0;1.0;1.06112685720927;0.0050635592214943;14.065694992021248;34.405283330019884;36.9550510975213;0.6801849927175798;0.3363543487527201;597.8067282794607;31.66197118603684;68.81584337761883
0.0;36.0;20.265270545378414;-0.6859203599911755;0.956713641366598;1.0;1.0;1.0193142251390643;0.0041243006331522;14.55138525383856;34.79910827523779;36.95528798542595;0.778026282844406;0.3391512105286835;594.7859696823597;31.077441842284177;69.30992514676045
0.0;36.0;20.24463426942664;-0.6860222279952836;0.9571201469712094;1.0;1.0;0.950067467880786;0.0028801529524332;15.286379264430748;35.47911003263516;36.95570106832513;0.9805160948566712;0.3440174192460303;589.2005359051411;30.09604643651884;70.1633580867835
0.0;36.0;20.286797439354395;-0.6860658815953055;0.9572937894332236;1.0;1.0;0.9218495140172586;0.0024693711375924;15.574693070255018;35.76699863860316;36.95587753039474;1.0590786698777086;0.3460919575893017;586.6987726544342;29.693664782941948;70.5262395713618
0.0;36.0;20.49016463296467;-0.6861386321067512;0.9575824276708028;1.0;1.0;0.8766697153355635;0.0019107523138817;16.037501775911277;36.24214927063677;36.95617086876213;1.1572280864339568;0.3495349546541909;582.3967109972681;29.04704803609639;71.12815335170484
0.0;36.0;20.455906274611195;-0.6861822791202018;0.95775515099223;1.0;1.0;0.8506317481203819;0.0016382312651143;16.28922186046673;36.52446633664131;36.9563464125486;1.191171898908685;0.3515920458373699;579.7408310755901;28.674153133643973;71.4871541583315
0.0;36.0;19.8923766631818;-0.6862695657361669;0.9580995631974962;1.0;1.0;0.8008529053056112;0.0012042505179539;16.701636838232744;37.08293112180914;36.95669646637245;1.2003425658029596;0.3556867327235913;574.2743101937759;27.96743681174349;72.19680149680669
0.0;36.0;20.38813213329504;-0.6862986590788215;0.95821406069854;1.0;1.0;0.7849159324900294;0.0010868360924534;16.843900121926158;37.267274373748016;36.95681284458595;1.1878432828957382;0.3570458741467329;572.4092145797956;27.74369283258255;72.42965019659687
0.0;36.0;20.674182578718824;-0.6864004771304488;0.9586135944824756;1.0;0.0;0.7315929416940588;0.000758978178101;17.363106592901957;37.30979714776313;36.95721896143991;0.9415076155625346;0.3590979827532063;565.7273374194489;26.992838636376465;73.21031187403922
0.0;36.0;20.548516726159946;-0.6864295655313865;0.9587274019254924;1.0;0.0;0.717034242154347;0.0006849778057361;17.497363098925348;37.29351674933;36.957334649913854;0.7987686305497772;0.3588468782832511;563.7772033650587;26.78692468679399;73.41369088794708
0.0;36.0;20.54219969929723;-0.6864586528340367;0.9588410559721268;1.0;0.0;0.7027652607354755;0.0006181924696768;17.61412777686858;37.27731412331676;36.95745018505824;0.6364000218308773;0.3584261098374138;561.8101137089787;26.58544158497937;73.60372858548503
0.0;36.0;20.19942591074729;-0.6865022817286269;0.9590112493841052;1.0;0.0;0.6818924297263712;0.0005300227686892;17.766394496483333;37.25315518033927;36.95762320024402;0.3729213468067612;0.357597270172417;558.8291521555133;26.29196849915683;73.85888876719122
0.0;36.0;19.97891974165933;-0.6866331535833095;0.9595197579112832;1.0;0.0;0.6229204954835666;0.0003340465371069;18.15799465598196;37.181710526084416;36.95814017508663;-0.3414245749730226;0.3545161372449227;549.6880539368067;25.476909678971747;74.35909927106722
0.0;36.0;20.427599322182907;-0.6867203891272927;0.9598570365622364;1.0;0.0;0.5864672811528132;0.0002455549005187;18.41104298402059;37.13492841572433;36.95848309891325;-0.5887935635808461;0.3523174748586717;543.4491749770564;24.983316230505764;74.45224319685586
0.0;36.0;21.55841615525841;-0.6868366878031936;0.9603045912670548;1.0;1.0;0.5411595721393258;0.0001629061380072;18.81599106967194;37.66921917122931;36.958938182013696;-0.3967592078445822;0.352049756443441;534.9804691476476;24.371641929178004;74.3301769268297
0.0;36.0;21.763490911799448;-0.6868802952736852;0.9604717905417888;1.0;1.0;1.5051865916872156;0.902639671650074;18.976616888121203;37.94108020197928;36.95910820495061;-0.1248030588990637;0.353409154989518;537.3127417932333;24.15302345155372;74.25073771557064
0.0;36.0;21.95014239600008;-0.6868948305476927;0.960527446798584;1.0;1.0;1.4901347257703434;0.8575076880675704;19.035496913116106;38.03125866704602;36.95916480249691;-0.018191205566211;0.3539407770588664;537.8214803624033;24.081295431708057;74.22450732699717
0.0;36.0;21.98421029780454;-0.6869384347211344;0.9606941850335496;1.0;1.0;1.4458762342802385;0.7352056540569332;19.20276944563884;38.30047594964079;36.95933436481803;0.3310944807360704;0.3556799058022143;538.7608516038566;23.869593440304897;74.15391327764127
0.0;36.0;21.97395869909496;-0.6869675027962248;0.9608051517217184;1.0;1.0;1.4171032972180615;0.6635231027863822;19.30812540334628;38.47886105498783;36.959447214419725;0.5753920156945767;0.3569185697128704;539.0091840776079;23.731434155404745;74.1184357260944
0.0;36.0;22.83436364581297;-0.6871273575607099;0.961412720129123;1.0;1.0;1.26878679223549;0.3774120020924572;19.979660544632363;39.44454973811522;36.96006514185151;1.6599968542158727;0.364132707735026;537.3523759140661;22.995942570373884;74.225192067567
0.0;36.0;23.022389139110885;-0.687156418490507;0.9615226872636506;1.0;1.0;1.2435379350700038;0.3406143318884426;20.096898473429768;39.61735815797656;36.96017699303668;1.760682070544186;0.3654656369199022;536.7144367461809;22.866910705796013;74.31214758358874
0.0;36.0;23.53740463220671;-0.6872435946830108;0.9618516655353038;1.0;1.0;1.1707662808955184;0.2503828332018465;20.446694095696973;40.13074560193568;36.96051162464853;1.8443574350483136;0.3694610189553272;534.4176270284022;22.48786776479454;74.69760576170724
0.0;36.0;23.58385678740989;-0.6872581230863262;0.9619063606008088;1.0;1.0;1.1590586180865632;0.2378636915417541;20.50881437047859;40.21558085173599;36.96056726211643;1.8284994859342047;0.3701255143922302;533.9868908874982;22.42560821243335;74.77829950058266
0.0;36.0;23.7446021273653;-0.6873017066468088;0.9620702149309928;1.0;1.0;1.124633418070774;0.2039383825356114;20.68058384002563;40.46884646098026;36.960733943970666;1.7381058967340122;0.3721156768068692;532.6230392188337;22.240797427258485;75.04391424584519
0.0;36.0;23.668976240926987;-0.6874469673110527;0.9626138943187272;1.0;1.0;1.017098304259091;0.1221054429525976;21.27675088083741;41.29978208273664;36.96128705199184;1.1635329152587903;0.3787083841797603;527.3984902278476;21.634152652492865;76.0959042913234
0.0;36.0;23.592428867340463;-0.6876212438104323;0.9632612267940864;1.0;1.0;0.9015405499433872;0.0659809078579508;21.773590066506625;42.27047172768349;36.96194570635448;0.6007999886582374;0.3865302578788088;519.9806081094345;20.96569947983319;77.40351811767525
0.0;36.0;23.16304817179738;-0.6876648067470704;0.9634221931231708;1.0;1.0;0.8747638940695186;0.0565703808747105;21.864656425759424;42.50872927913554;36.96210950446948;0.5567272558199684;0.3884703416046258;517.9583354458229;20.812863702620778;77.70548912063327
0.0;36.0;22.78623937556067;-0.6877083672081254;0.963582812620276;1.0;1.0;0.8487825316517599;0.0485020303024549;21.92007288643149;42.74524658862357;36.96227295628142;0.5549510471462061;0.3904042946768697;515.8754768894069;20.668365216765647;77.99465022355199
0.0;36.0;22.89816992145672;-0.6877519251934304;0.9637430852276092;1.0;1.0;0.823572841679171;0.0415844282305673;21.96784826282386;42.98003634334835;36.9624360617323;0.5908380359664253;0.3923321342485613;513.7349945038653;20.53290524400281;78.27178447969365
0.0;36.0;22.333811710233554;-0.6877954807028182;0.963903010887412;1.0;1.0;0.7991119047084578;0.0356534491541826;22.004649710120184;43.21311113801614;36.96259882076342;0.6571084287950886;0.3942538784487208;511.53972236021474;20.40601234718629;78.53853790594366
0.0;36.0;21.85850059385617;-0.6878680677160368;0.964168782503;1.0;1.0;0.7599474701343805;0.027587959311632;22.00970415403359;43.59779202395479;36.96286931583207;0.8102138786626679;0.3974432908844873;507.7665246976079;20.217238562542;78.96614130173691
0.0;36.0;22.23555970342261;-0.6878971005953324;0.9642748211968554;1.0;1.0;0.7448245154787063;0.0248981332787479;22.020190552392325;43.75035309813549;36.9629772443135;0.8779178967386208;0.3987143490919014;506.2194442982043;20.14944764322057;79.1333408619737
0.0;36.0;22.78859603609501;-0.6879987070050634;0.9646447415279578;1.0;1.0;0.6942251211493158;0.0173872950716626;22.08454146881585;44.27848285336983;36.96335378071141;1.0948844016134964;0.4031419757340387;500.6479761816774;19.93761718437825;79.71314730921901
0.0;36.0;22.41476940712264;-0.6880422484813606;0.9648027000681024;1.0;1.0;0.67360594082606;0.0149074321120667;22.114855617608608;44.50207304624908;36.96351457556198;1.1628844686744402;0.4050295354760009;498.1908001292087;19.856747601565075;79.96255079495508
0.0;36.0;22.198311692331345;-0.6881293240029318;0.9651175751047968;1.0;1.0;0.6341866218063201;0.0109583324556229;22.12160087610222;44.94436541016502;36.96383512473194;1.2331809775689362;0.4087867657083315;493.1633844080136;19.71625689065464;80.46666347239385
0.0;36.0;22.13342519485997;-0.6881438356265183;0.965169919173336;1.0;1.0;0.6278447555882569;0.0104104158328418;22.121835026126647;45.01745230444437;36.963888414683424;1.2360375949941131;0.4094106599147922;492.31174013862494;19.695455408952423;80.55129981457954
0.0;36.0;22.50104054184277;-0.6881583469748369;0.9652222246351082;1.0;1.0;0.6215663080323743;0.0098898950411997;22.12934394012421;45.09036079273204;36.96394166608307;1.2364703273757436;0.4100338957401244;491.4563721935723;19.67517598959877;80.63604851936192
0.0;36.0;22.22507484367268;-0.6882018793682102;0.965378909358671;1.0;1.0;0.6031051671175048;0.0084793487609486;22.127483534398223;45.3080201624895;36.96410118894842;1.2242278728953246;0.4118996598724415;488.8686618330002;19.61872531141812;80.89058365196713
0.0;36.0;22.172638623646247;-0.6882163896154407;0.9654310603723498;1.0;0.0;0.5970741154463298;0.0080553813229012;22.128377714051787;45.28034113233677;36.96415428611811;1.2111268643048403;0.4124191781323106;487.9991304856546;19.601159429642752;80.975248295329
0.0;36.0;22.84244721402134;-0.6884049977763301;0.9661055086236796;1.0;0.0;0.5239450885926674;0.0041351662299089;22.24510055108082;44.92655761457781;36.96484103925722;0.3135298364616458;0.4106668624168512;476.413877806607;19.392643913191385;81.91273118457937
0.0;36.0;23.16245517250816;-0.68855004931104;0.9666198711251056;1.0;0.0;0.4738465464121084;0.0024758767717375;22.367130278317045;44.6619069972437;36.96536487304862;-0.4556825639764159;0.4066071509224769;467.2049869999561;19.2357231024259;82.18116296521673
0.0;36.0;23.297521267621683;-0.6886370670120763;0.9669266328474314;1.0;0.0;0.4461171173092197;0.001819996937091;22.49491101554789;44.50617016617921;36.96567731997881;-0.6387611538931672;0.4040660429357814;461.5825848375144;19.136481915169384;82.10138138965486
0.0;36.0;22.9934345740291;-0.6887095741879904;0.9671812040155928;1.0;0.0;0.424252939651139;0.0014082789362294;22.531331782368;44.37810925394425;36.96593663019132;-0.6077759750652474;0.4019455798480498;456.851739313044;19.052857465037672;81.91692299416098
0.0;36.0;23.94509510999028;-0.6887675749700435;0.9673841645918596;1.0;0.0;0.4075356810596549;0.0011470519953022;22.59821289123723;44.27677254926825;36.96614338289148;-0.4872714372832445;0.4002538159392289;453.0416528995576;18.98669725362123;81.7124603026687
0.0;36.0;24.31425324557376;-0.6887965737080511;0.967485412715923;1.0;1.0;0.3994257210065677;0.0010352144257602;22.660958236561708;44.326349799946215;36.966246527371645;-0.4000470179990813;0.3995111774614778;451.1291560237187;18.95153342458544;81.59727069701681
0.0;36.0;24.417724398175807;-0.6889125576388825;0.967888857073912;1.0;1.0;0.368567964876857;0.0006867824008145;22.930948550945203;44.91788367075628;36.96665755910092;0.3121577045856414;0.4011966664239833;443.4376150628354;18.79547298113337;81.13642591099575
0.0;36.0;25.85049576858391;-0.6892748937385892;0.9691336458517028;1.0;1.0;0.2866800354714939;0.0001905062769895;23.89246916706772;44.76055899124776;36.967926078235465;0.4373537449553586;0.3973328884272344;419.1593825643582;18.14791091565848;80.8012218387939
0.0;36.0;24.81538153932898;-0.6895356690358593;0.9700148933888024;1.0;1.0;0.2392384347339609;7.56718209764113e-05;24.33086037410005;46.056569119559626;36.96882443001552;0.6981380155150319;0.4065264897920216;401.66795471687936;17.627111832747858;81.13039071502553
0.0;36.0;24.98657919673784;-0.689637057519576;0.970354206338823;1.0;1.0;1.183581864903033;0.8145590944548512;24.3808378545605;46.54537434731151;36.96917039874469;1.0495837362488782;0.410854077678667;403.5121211443538;17.466988151824342;81.4370456605738
0.0;36.0;24.89737405534295;-0.6896660231751729;0.9704508035975092;1.0;1.0;1.1600285857914625;0.7351395827455032;24.40286964599442;46.68350374011924;36.96926889807799;1.1355765057986378;0.4120923635189844;404.2822223222876;17.42605987644881;81.54989007226858
0.0;36.0;24.868248454331027;-0.6897094695895505;0.9705954083454644;1.0;1.0;1.1255745767648702;0.6302902997564258;24.436969740707745;46.8894358422476;36.96941635629022;1.2417987268090214;0.4139475564530693;404.93539260981817;17.367640077986138;81.7403730088001
0.0;36.0;25.77000802058805;-0.6897963549693075;0.970883569546461;1.0;1.0;1.0597061206945573;0.463321288090549;24.52300346247541;47.29679730968846;36.96971022568628;1.3545906000094168;0.4176450944433442;405.0720431653011;17.260648413977837;82.1922072619072
0.0;36.0;24.25913384818448;-0.6901582704522763;0.9720691878443484;0.0;0.0;0.824262055362237;0.1285204943216957;18.92576079942044;46.17876713873568;36.97091964620823;0.1158899008481445;0.421961803034044;398.7676620655468;17.939065455839042;84.2706474367494
0.0;36.0;24.35427836178297;-0.6902016887173614;0.9722098295451804;0.0;0.0;0.7997806480559232;0.1101902588190638;17.823610413703005;45.79053146447318;36.971063146122425;-0.1484443122670981;0.4207367619513623;397.6105589247724;18.333442359483588;84.35745155719601
0.0;36.0;24.94660324894884;-0.6902740469708092;0.9724434545871228;0.0;0.0;0.7605834384037568;0.0852631217723828;16.12746980321358;45.14974435440508;36.97130153577321;-0.4876927347777841;0.4186039578340053;395.5434425829654;19.099180043103107;84.34283591604292
0.0;36.0;24.77415859567336;-0.6903608677632593;0.9727225209917256;0.0;0.0;0.7160742092202952;0.0626762293842505;14.30378273733466;44.39103213702997;36.97158632122071;-0.6693709221174933;0.4159931456283854;392.8521845181612;20.150133040194245;84.05655381881212
0.0;36.0;24.593297780994128;-0.690404274431619;0.9728615289489532;1.0;0.0;0.6948060891322432;0.0537370321683217;14.909005805051075;44.31471993815636;36.97172818931576;-0.6645807614326803;0.4146837786926138;391.4268480255994;20.63746312925565;83.8123972687116
0.0;36.0;24.235219366142594;-0.6905055469918546;0.97318451875681;1.0;0.0;0.6476046791949395;0.0375265737445286;16.162905227160714;44.13880212430367;36.97205785436927;-0.4579218769354975;0.411635765537228;387.9116370977741;21.46433154002382;83.06037470361062
0.0;36.0;25.10032760435523;-0.6905923412716696;0.973459849019847;1.0;0.0;0.6097069501212383;0.027585480042544;17.12213199930317;43.99037358174909;36.97233890803563;-0.1644657162364091;0.4090375153978404;384.705096986536;21.89448131779113;82.31352111752234
0.0;36.0;25.790292024171364;-0.6906646622417245;0.9736882201167576;0.0;0.0;0.5798252429201733;0.0213451186087073;15.492745875384816;43.371357784031154;36.97257204987263;0.0754165965534488;0.4068841472096788;381.9095224034437;22.2788937968926;81.68369895632442
0.0;36.0;26.09977198645625;-0.690765899996471;0.9740063038053944;0.0;1.0;0.5404350167676463;0.014906092414005;13.468746403110016;43.21136427602286;36.97289681447664;0.5175764498913865;0.403888151709543;377.825525554989;23.04817720591621;80.84467225369603
0.0;36.0;25.84642481166464;-0.6907948225825837;0.9740968342442532;0.0;1.0;0.5296803599339701;0.0134527484036395;12.940629350883793;43.16614808897249;36.97298925414941;0.6725106811004358;0.4030361874061866;376.625084031668;23.305362971264625;80.62643417142004
0.0;36.0;25.764278365522724;-0.6908382043893488;0.974232337668988;0.0;1.0;0.5139483235635712;0.0115340501625704;12.187025830182472;43.09873332697009;36.973127621757854;0.904201575990412;0.4017616009221725;374.798394977014;23.714948524629936;80.3250277059365
0.0;36.0;25.63115636202936;-0.6908671242122058;0.974322478441988;0.0;1.0;0.5037207519246562;0.0104094802717198;11.70916575220702;43.05406161544712;36.97321967220812;1.0496593220097137;0.4009141132384054;373.56398339801177;24.00138844387049;80.14373039321762
0.0;36.0;25.49080496913989;-0.6909683348869348;0.9746367434068608;0.0;1.0;0.4695006578906252;0.007269328306694;10.179459786483775;42.899404253277815;36.97354062243304;1.431427265425006;0.3979619497336952;369.146441517145;25.064845054993263;79.64755271194049
0.0;36.0;24.9928994551987;-0.6910695320186946;0.9749490980840032;0.0;1.0;0.4376052940393863;0.0050764430741144;8.849597275932174;42.74734741155521;36.97385966452109;1.5429759328569947;0.3950315189471708;364.5927746128529;26.18305407523289;79.36629554813099
0.0;36.0;25.32259299447563;-0.6912429813021296;0.9754801171404526;0.0;1.0;1.3293668618204006;0.7378349978495429;6.961339844605846;42.4926023161488;36.97440215267377;1.216112995801543;0.3900580357572095;367.8789215086032;28.11467760107717;79.24906467572718
0.0;36.0;24.957204548780087;-0.6914308397614047;0.9760490470721396;0.0;1.0;1.166547368525566;0.3787617549126135;5.3675521305899325;42.22485586701815;36.97498351446424;0.7740273368723399;0.3847407314560965;371.6509188535873;30.101796056118683;79.28802728981994
0.0;36.0;24.68712474672984;-0.6914452884762785;0.9760925376681684;0.0;1.0;1.1548818948403103;0.3598236671669829;5.261267474936842;42.204606968610086;36.97502796165642;0.7562216195265571;0.3843347230985798;371.7374354672367;30.24726265855225;79.28819368512123
0.0;36.0;24.772740194614165;-0.6914597369145637;0.9761359892205204;0.0;1.0;1.1433330758919071;0.3418324838086337;5.157087396091471;42.18440703684878;36.97507236984747;0.7415017530193146;0.3839291431925621;371.805499173422;30.391521395694344;79.28751026424017
0.0;36.0;25.27477245373365;-0.6916186514799555;0.9766113789159608;0.0;1.0;1.0236698402053084;0.1944343483334423;4.138659529266101;41.96540567935669;36.97555828536657;0.7695142525037659;0.3794959130590405;371.5775038052796;31.893289047825185;79.22058038794566
0.0;36.0;25.598351315693627;-0.6916908743078819;0.9768259027010652;0.0;1.0;0.9734998324179712;0.1504495923356526;3.744813967229321;41.86777114447416;36.97577759530389;0.8635183116194587;0.3774977666229067;370.9975560433372;32.52153009009314;79.15993678238397
0.0;36.0;26.214911232636712;-0.6917630902188997;0.977039449660324;0.0;1.0;0.9257886542088082;0.116415026603974;3.3884477590412128;41.77131107237068;36.97599592946301;0.9707688788832703;0.3755101409565838;370.17166150018136;33.114722198606955;79.08923809711419
0.0;36.0;25.76030365715293;-0.6917775325710045;0.9770820418142584;0.0;1.0;0.91653076766672;0.1105942752737753;3.3213519884382223;41.752158737763125;36.97603947918222;0.9913946142500218;0.3751138734358314;369.9790299722937;33.22914526598562;79.07449872274223
0.0;36.0;24.760245426479724;-0.6918208579670503;0.9772095837696132;0.0;1.0;0.8893088873362509;0.0948207667628531;3.127931476710922;41.69497905622879;36.976169894083256;1.0482742529225315;0.3739275781428217;369.3490301103336;33.56401533382165;79.02991936301308
0.0;36.0;25.835935686812142;-0.6919219408720552;0.977505813492902;0.0;1.0;0.8288939974718409;0.066216877874707;2.7192929148199005;41.56316312815306;36.97647282879944;1.1356854761603523;0.3711741250469798;367.592299572224;34.29692214356331;78.92768087569236
0.0;36.0;26.07757075033413;-0.6919796964432691;0.9776742274525888;0.0;1.0;0.7962322666844005;0.0539340608844355;2.510223691925378;41.48883614446069;36.97664507509303;1.150850493503453;0.3696098360873288;366.42066858938097;34.6858896797651;78.8717231606544
0.0;36.0;26.499817038669445;-0.6920085725681479;0.9777581997973632;0.0;1.0;0.7803872445773808;0.048675489948203;2.41179638723157;41.45194153939413;36.97673096385176;1.1490964114487632;0.3688301655691421;365.7919841778261;34.87243685054789;78.84430667707156
0.0;36.0;26.50468208710213;-0.6920374475858129;0.9778420157008274;0.0;1.0;0.7648575384102909;0.0439296296782532;2.317228471562839;41.4152250296608;36.97681669633346;1.1417646963165735;0.3680521397207058;365.1358309188359;35.053788656329246;78.8170779758435
0.0;36.0;27.49649733575768;-0.6922828405256993;0.9785481326739314;1.0;0.0;0.64473145591134;0.0183678714871255;5.65871831426269;40.71984016697822;36.977539110811776;0.4260965934115214;0.3615048352234787;358.5575424643016;35.93916519025928;78.49940797709945
0.0;36.0;27.989005082405;-0.6923117050225301;0.9786304617196387;1.0;0.0;0.6319012999387043;0.0165770040171308;6.521806727961452;40.68667251059468;36.977623357981344;0.2587717058069498;0.3607422617346625;357.67770466872923;35.85180815004516;78.43426516243508
0.0;36.0;27.82939176713956;-0.6923549996908319;0.9787536616949442;1.0;0.0;0.6131331994292247;0.0142127088191875;7.757768520621373;40.63722070751104;36.977749435444416;0.0152426347138793;0.3596014165743127;356.32069916672594;35.64676921835843;78.3206024515629
0.0;36.0;27.8418003410218;-0.6925714356420333;0.979364375419303;1.0;1.0;0.527330330677048;0.0065846233527437;13.065021927677916;41.577879254847566;36.97837454200912;-0.0326391611242912;0.3618685195849608;348.9323793809656;33.657621203126986;77.56312658411709
0.0;36.0;27.49801371270931;-0.6927156916487949;0.9797666214200104;1.0;1.0;0.4769080986727878;0.0039424572322593;15.66245338261742;42.38079112190976;36.9787863881939;0.9326789050773464;0.3681889111165031;343.5283236458869;31.852599351677064;77.28029156903015
0.0;35.0;26.477189197266814;-0.6928887622810228;0.98024414331434;0.0;1.0;0.4227241238624621;0.0021303465356298;13.640570024137268;42.42854790466688;36.909868305588304;1.6860412843174042;0.3709467818623768;336.638018320126;30.125344530705213;77.50812266435862
0.0;35.0;27.18351379367991;-0.6932780252659722;0.9812979195072404;0.0;0.0;0.3222606560053107;0.0005333196642982;7.9490186505417935;40.799361350246514;36.38040801849065;0.2678133970643226;0.3613104117860102;319.95768632403394;30.15171626764023;78.43706358179507
0.0;35.0;25.65464759402717;-0.6933789123036489;0.981566450995209;0.0;0.0;0.3003679904563248;0.0003724370123196;6.91054485939418;39.988395034634415;36.23917196445047;-0.3680664826166563;0.3586522937117384;315.446450811172;30.567870506883764;78.24510064313938
0.0;35.0;25.08807791108982;-0.6934797857510988;0.981833058613248;0.0;0.0;0.2799625955247978;0.0002600866561485;6.007739094840794;39.19113946679384;36.11492834599896;-0.6976615829501758;0.356011895834958;310.8831992546951;31.05003787871284;77.72858849000802
0.0;35.0;22.80765716129609;-0.6936814918674005;0.9823605001531264;0.0;0.0;0.2432163325941032;0.0001268377546054;4.540551496613426;37.63683611623041;35.932154241710826;-0.361537728293131;0.3507883082668011;301.6437236983975;32.102790827598824;75.92806338440785
0.0;35.0;22.79836945465675;-0.6936958973662842;0.9823978798894702;0.0;0.0;0.2407841692681622;0.0001204958668751;4.45064254775374;37.52782945674035;35.92264565593119;-0.308095684263934;0.3504181310066688;300.97957669657217;32.17941057370539;75.7763445731263
0.0;35.0;21.818465087159154;-0.6937679206983919;0.9825841891026574;0.0;0.0;0.2289833491474596;9.323740483556672e-05;4.027107881376152;36.9867610597308;35.88201159207049;-0.0381158119260583;0.3485730920025942;297.65311243825846;32.56137733707525;75.00362233678258
0.0;35.0;21.35678636147992;-0.693854339539115;0.9828064631311472;0.0;1.0;0.2155832777656916;6.853806019754526e-05;3.571724235758747;36.445995394286456;35.84769351063567;0.2330648903649611;0.3463718597887184;293.651960480423;33.0135278941212;74.0799299666863
0.0;35.0;21.28730882847472;-0.6939119465488393;0.9829538595914044;0.0;1.0;0.2070884364444451;5.582467839377685e-05;3.297116990888153;36.42115700810861;35.83282582275146;0.4514928170447098;0.3449120988186919;290.98114327237465;33.308915081699844;73.49272970461307
0.0;35.0;21.07352768860033;-0.6939695491175373;0.9831006269612044;0.0;1.0;0.1989283257656725;4.546954945597121e-05;3.043622550395124;36.39655403718602;35.82370054201288;0.7176498680083446;0.3434584896501551;288.30924367095633;33.59815147515598;72.95473109036713
0.0;35.0;21.152187963708627;-0.694012748129396;0.9832102895914608;0.0;0.0;0.1930199555621063;3.898445496481332e-05;2.8663757389515085;36.178741773504925;35.82024723909952;0.9013805168325534;0.3423723043863191;286.3054009225406;33.81051022338117;72.59465249935043
0.0;35.0;20.677748510224376;-0.6940703429253828;0.983355955827238;0.0;0.0;0.1854141991633366;3.175308222168398e-05;2.645998253367399;35.75842686448926;35.81963769734179;1.0022054101184816;0.3409293988562582;283.6347257035152;34.08699307363588;72.17395864582492
0.0;35.0;21.603700497417456;-0.6941423301736953;0.9835371535907496;0.0;0.0;0.17632705851451;2.456992973000921e-05;2.3941981659791374;35.238759006200816;35.82436012349819;0.9051029275382682;0.3391343153505833;280.2998468057016;34.42110223509428;71.7289631412392
0.0;35.0;21.76412884875561;-0.6941567267904142;0.983573275124776;0.0;0.0;0.1745637879293649;2.3341433243508752e-05;2.3467898524867974;35.135582686278;35.82593250469241;0.860879149371236;0.3387764344341123;279.63351105321385;34.4863203026034;71.64837461779776
0.0;35.0;21.905619609297943;-0.6942431006595783;0.9837891780769884;0.0;0.0;0.164348341139743;1.7158098292868074e-05;2.081415800231804;34.52177407648933;35.83891909578081;0.48233624241676;0.3366370659333255;275.64139385249985;34.86594534114889;71.19963381969569
0.0;35.0;22.260268040918323;-0.6942718897277832;0.9838608309305212;0.0;0.0;0.1610778091510621;1.548518370931344e-05;1.9998022899716144;34.31915636791217;35.84437036089003;0.3323894231535312;0.3359269495630164;274.3133208142357;34.98793545536972;71.05625659475808
0.0;35.0;22.88371671450001;-0.6943726427183774;0.9841103761782364;0.0;1.0;0.1501350442264804;1.0813881321076932e-05;1.7385444869846562;34.3117750555281;35.86645459724223;0.0499282484336063;0.3334533178955218;269.67783050880325;35.396504156822324;70.55661476560313
0.0;35.0;23.209665133059826;-0.6944733820992678;0.9843579925699292;0.0;1.0;0.1399356722299858;7.551736642039574e-06;1.5114178572000487;34.30450121517524;35.891140296342506;0.2261986008421375;0.3309979010608043;265.06588572954865;35.776021767260175;70.08603164515408
0.0;35.0;23.16274243853687;-0.69457410786848;0.984603679620272;0.0;1.0;0.1304291910216402;5.273659347414012e-06;1.3139634446931423;34.297333029900365;35.91613206585911;0.6768588283601807;0.3285605649330745;260.4819507886877;36.12631237672912;69.70351323751886
0.0;35.0;22.953168663768263;-0.6946604334068047;0.9848127325572336;0.0;1.0;0.1227964942493054;3.876624220202769e-06;1.1653809266758923;34.29127160912166;35.9364517281271;1.089758236794819;0.3264857094993496;256.57822666673457;36.40345784645788;69.49017987912436
0.0;35.0;22.05024859984498;-0.6949049681055028;0.9853973469864324;0.0;1.0;0.1035104689988605;1.6208954184699636e-06;0.8294832716706758;34.27450237435921;35.98227347464998;1.45554518879259;0.3206778330509071;245.66495017946275;37.07647197142471;69.53815790299706
0.0;35.0;21.72966734075068;-0.695005635516583;0.9856347600236652;0.0;0.0;0.0964785212994386;1.1319317237850618e-06;0.7211179773706395;34.16788890662588;35.99486927470993;1.2423510819300798;0.3183164897753713;241.24203070976088;37.30774849836525;69.74481799182595
0.0;35.0;21.680583462326176;-0.6950343951321019;0.9857022375118196;0.0;0.0;0.0945585987255798;1.0215683807160185e-06;0.6928424957099785;33.96695523217954;35.9977780510252;1.1296520455062216;0.3176450195970937;239.98653549738245;37.36919151840436;69.80764071148054
0.0;35.0;22.019523172915136;-0.6950487745228486;0.9857359171144467;0.0;0.0;0.093613012738324;9.704899616802174e-07;0.6791232741568585;33.866854821387875;35.99912037399206;1.0598152512448074;0.3173098158551226;239.36018890362865;37.39916057786144;69.83774465311566
0.0;35.0;21.103630586242986;-0.6951350450286878;0.9859371666649244;0.0;0.0;0.0881347932187549;7.133993007640948e-07;0.6023281903996206;33.27134495798214;36.005664906290995;0.5179257920612843;0.3153060087465559;235.6221351481913;37.568710320944525;69.9726551160533
0.0;35.0;21.340423397386072;-0.6951494224731772;0.9859705702332928;0.0;0.0;0.0872534452865674;6.777293357258901e-07;0.5904012718975631;33.17293657851863;36.006514616557745;0.417233453489222;0.3149732733108425;235.0025221880333;37.595299411902914;69.98379193177176
0.0;35.0;20.708045859076307;-0.6952644320184173;0.986236378870626;0.0;0.0;0.0805126537087369;4.4961948820452004e-07;0.5031066175880328;32.39423803041172;36.01107682078911;-0.3166978421718134;0.3123239993688045;230.0815968211756;37.79166440383251;69.90113411753596
0.0;35.0;20.601159772137365;-0.6953937964815793;0.9865323956713226;0.0;0.0;0.0735496978036089;2.833724170415797e-07;0.4202297930528734;31.536146111112345;36.01218157486865;-0.6976925191378224;0.3093701923712245;224.62440185844216;37.98002840643424;69.38730654574015
0.0;35.0;20.796511670697445;-0.6955087682009258;0.9867928383785912;0.0;1.0;0.0678675934250569;1.8799505112914884e-07;0.3580960497808645;31.384658580298662;36.01052975335064;-0.3990199731187758;0.3067680465431767;219.8462520602029;38.12130417646389;68.61141671154019
0.0;35.0;20.04748409343268;-0.6955375083488397;0.9868575543642594;0.0;1.0;0.0665170283158983;1.6966553364405689e-07;0.3440548612320882;31.396756646673992;36.00983450980446;-0.2022651276389969;0.3061209371362856;218.6626575431644;38.15308833787744;68.3955098814946
0.0;35.0;18.479179071769096;-0.6958104842436369;0.9874644796519372;0.0;1.0;0.0549542817453784;6.402390034666029e-08;0.2352855198588923;31.508721677337025;36.00041309904262;1.7906266438777498;0.3000410738290437;207.6430703181124;38.39379666387732;66.859664660677
0.0;35.0;18.58390133719414;-0.6958535765170274;0.9875590067310004;0.0;1.0;0.053322084623259;5.4892491559717857e-08;0.2215835019940986;31.52591913252773;35.99877935049334;1.882249394701056;0.2990921957981249;205.94098343600933;38.42288863805437;66.77622811720755
0.0;35.0;18.645578612954832;-0.6959110289847344;0.9876844897975398;0.0;1.0;0.0512209817339849;4.4710277453462463e-08;0.2045472813614807;31.54864919699589;35.99665556513596;1.874156072898016;0.2978316913926896;203.6878574224777;38.45842456807005;66.73522074804396
0.0;35.0;19.04691781934267;-0.6959684769986109;0.9878093407460392;0.0;1.0;0.0492026706819488;3.6416800425079246e-08;0.1888208706656312;31.57115286574804;35.994634379704095;1.7397232369398945;0.2965764993002416;201.4534882215989;38.490479488286994;66.76192025750467
0.0;35.0;19.06186548842376;-0.6959971993352579;0.987871529151038;0.0;1.0;0.048223537535378;3.286616238363401e-08;0.1814170648415156;31.58232048958067;35.99367369112368;1.6367219788061418;0.2959508883713244;200.34336842324188;38.50527936517801;66.79522097568339
0.0;35.0;19.106311771682005;-0.6961407943135903;0.9881801000862585;1.0;1.0;0.9571297504241508;0.6302494294027947;0.5268619409980978;31.73720560567362;35.989499282870185;0.9895432113294184;0.2929436637386769;209.70801968748745;38.55810778912829;67.06624630571599
0.0;35.0;19.04673393366992;-0.6961551522800137;0.98821073980047;1.0;0.0;0.9475584529199094;0.598736957932655;0.8935799987240917;31.742387590521883;35.98914610339002;0.924000874621385;0.2928112532932291;210.2410928653928;38.54385686102943;67.09671728956569
0.0;35.0;17.352001498512966;-0.6964566052412228;0.9888450408580972;1.0;1.0;0.7672644860978722;0.2039068321123437;6.685506231352327;32.047771712634706;35.984591829751935;-0.563661748952791;0.287523335848439;215.8756691418084;36.77231068162518;67.39894139839184
0.0;35.0;19.0821415865896;-0.6967292425366649;0.9894039021686232;1.0;1.0;0.6338898445973976;0.076944977679155;10.465109837500364;33.98647891451003;35.984433662437866;1.055299904467128;0.2983825349861339;216.7857153171168;34.05890564969663;67.39306414154368
0.0;35.0;19.49346451380792;-0.6969587538060196;0.989863441232678;1.0;1.0;0.5397304342005771;0.0338655366954109;12.822686569085883;35.55071757838621;35.98593830776445;1.7986281001272388;0.3100694955436522;215.72241522312163;31.64245894655769;68.59660839088994
0.0;35.0;19.61213505947048;-0.6971165014057693;0.9901734948355212;1.0;1.0;0.4832413047274437;0.0192627203973416;14.191598283442032;36.59121102776038;35.98727937612133;1.2767122708263368;0.3180338086905795;214.21721446286955;30.0650841178283;70.01202655135648
0.0;35.0;19.60023632987353;-0.6971308404236851;0.9902014439075216;1.0;1.0;0.4784088916801693;0.0182995843774745;14.298696701056883;36.68442225891905;35.98740273267633;1.2144246770406355;0.3187534222302706;214.0529778392305;29.926722879392592;70.14886373162803
0.0;35.0;19.57418794745697;-0.6971451791627589;0.9902293533714486;1.0;1.0;0.4736248027633676;0.0173846051586008;14.403158640829403;36.77740606441679;35.98752566428129;1.1524791738710949;0.319472285731872;213.88444896252977;29.78946053187529;70.28576996479404
0.0;35.0;18.907163041217945;-0.6972025313303954;0.9903405951243084;1.0;1.0;0.4549620957715279;0.0141598695554625;14.76646007771514;37.14707809013838;35.98801058377928;0.9194736782006514;0.3223402248871287;213.1686176461804;29.25365709298769;70.82911401389576
0.0;35.0;19.027957666710773;-0.6972742152650804;0.9904787560005824;1.0;1.0;0.4326644261603738;0.0109566371395035;15.168596091401;37.60411712994789;35.98859304587576;0.6958576918363706;0.325908232671554;212.1843568255512;28.61722412697624;71.48362739786563
0.0;35.0;18.71956469595665;-0.6972885512153051;0.9905062693227936;1.0;1.0;0.4283377818987701;0.0104088052825283;15.238910236015643;37.69485692877993;35.988705422428055;0.66346967401168;0.3266195815442781;211.9761426646969;28.494531562444514;71.609758507996
0.0;35.0;18.78527822397417;-0.6973315573924843;0.9905885715635614;1.0;1.0;0.4156157214385947;0.0089242494291077;15.446129659824347;37.96575005116435;35.98903292210902;0.5940267230234899;0.3287491324366483;211.3297615455832;28.13602744107409;71.9770760518457
0.0;35.0;18.69521824718093;-0.6973602267826134;0.9906432416081832;1.0;1.0;0.4073449685819667;0.0080541351097697;15.57667882903488;38.14524561487301;35.9892425990442;0.5711600529424293;0.3301650930738811;210.8812562282902;27.90480357554311;72.21238334070351
0.0;35.0;18.97091467880713;-0.6974605608610308;0.9908333384967092;1.0;1.0;0.3796721298595127;0.0056245029349303;16.02798464649088;38.766618243685066;35.98991599343128;0.6250189591004488;0.3350974831713964;209.20715931135248;27.14168808845657;72.97776478594511
0.0;35.0;18.87395055540482;-0.6974892252298052;0.9908872952096884;1.0;1.0;0.3721166544753084;0.0050761138987746;16.145121306376115;38.9422102087964;35.99009008437955;0.6710233667932315;0.3365000558280908;208.7006639396208;26.936050391619982;73.18179203726997
0.0;35.0;19.15402633780735;-0.6975178884825968;0.9909410933807024;1.0;1.0;0.3647115330512497;0.0045811927936441;16.2593834863858;39.1169462830907;35.99025578001565;0.726095115904999;0.3378996700584208;208.18234030442824;26.736053403470592;73.38057890300013
0.0;35.0;19.275021465594847;-0.6975608812692212;0.9910214933522088;1.0;1.0;0.3538792358080946;0.0039278001714506;16.443003044846115;39.3774547045767;35.990488503563995;0.8195537871318813;0.3399935578473988;207.38347668578007;26.4449432338325;73.6707024502477
0.0;35.0;19.524866536917312;-0.6975895417318552;0.991074895130707;1.0;1.0;0.3468370390155135;0.0035448396547341;16.563670311116432;39.55006922926256;35.99063314102288;0.8849906294552495;0.3413858030144211;206.837168834433;26.256666913801848;73.85993062673305
0.0;35.0;20.350002180704333;-0.6976755164227143;0.9912341490002492;1.0;1.0;0.3265401873101261;0.002605782883761;16.950694697302932;40.06288074998501;35.99101770219425;1.068117724137336;0.3455449423669339;205.13611394940983;25.71504365265795;74.41561710080602
0.0;35.0;20.21602128474144;-0.6978044596213823;0.9914703534015942;1.0;1.0;0.2983000931043389;0.0016422931243608;17.46194381303715;40.81813936969591;35.9914650780777;1.2206513662301062;0.3517344568128028;202.42533777512745;24.96252157118588;75.23939234108488
0.0;35.0;20.059717236625943;-0.6979333802111858;0.9917033454398616;0.0;0.0;0.2725022799767895;0.0010350542722232;17.492326334148476;40.960128861652265;35.991779937093774;1.0721365459571706;0.3558936223089837;199.5480237964436;24.29507589657735;76.05485662406909
0.0;35.0;20.42076147394339;-0.6980765987893222;0.9919584569782538;0.0;0.0;0.2464461774100391;0.0006197252268965;14.321505814049049;39.80079297779162;35.99201237803965;0.2527217783775456;0.3537570389094487;196.1861303280095;24.205018899396297;76.73086836172916
0.0;35.0;20.65687765928221;-0.6981338784024356;0.9920593906571068;0.0;0.0;0.2367352146998357;0.0005047700705899;13.220416223448924;39.34490838201302;35.9920803235166;-0.0973302385154113;0.3523993549745059;194.7995012403904;24.37910002814486;76.84104028568773
0.0;35.0;20.82817600927287;-0.698448836398226;0.992603175020446;0.0;1.0;0.1897741897244819;0.0001633100503345;8.514429826579939;38.96254334297937;35.9923337737127;0.7689431783289008;0.3444101478524848;186.83984802279525;26.499181780356928;75.84952829366432
0.0;35.0;20.200071271878635;-0.698849496455554;0.9932674700219346;0.0;1.0;0.1432262411985079;3.8839520601964856e-05;4.8635195169091485;38.62430641619279;35.99268580795743;1.342374349222626;0.334378369635889;176.18237936640497;30.02765186292655;74.77940223016996
0.0;35.0;19.97042720616903;-0.69887810664637;0.9933137279877844;0.0;1.0;0.1403760389986576;3.505266734327328e-05;4.672818180387188;38.60100846850869;35.992718980540985;1.2340644583826004;0.333673019064003;175.40861536746976;30.26886649370298;74.76348741317112
0.0;35.0;19.630531641603184;-0.698906715718981;0.9933598270234528;0.0;1.0;0.1375825558225843;3.163503227730413e-05;4.489594348895298;38.57782246571618;35.99275333113339;1.1251138519856794;0.3329691559794905;174.63388027039875;30.506757016588985;74.74944280131834
0.0;35.0;19.975859750115184;-0.6990640456283873;0.9936105305140696;1.0;1.0;0.123182925346645;1.799400927849938e-05;5.147681971361763;38.85033169411059;35.992962174078514;0.6765714704240746;0.3304628583315252;170.3605799650489;31.647045085217048;74.66046250105774
0.0;35.0;19.67098926206798;-0.699235639668237;0.9938785404618696;1.0;1.0;0.1091874814810035;9.723244431132227e-06;8.28235783179738;39.88823946143297;35.99322239623577;0.6931694060311104;0.3368328937104887;165.69021232624505;31.838017133220323;74.61502315012301
0.0;35.0;20.23737512657097;-0.6992928287317887;0.9939666050225036;1.0;1.0;0.1048850590526008;7.919643359434894e-06;9.192254194275025;40.22750141516615;35.993314735614575;0.7903180269158114;0.339519246913156;164.13487008600433;31.70256856787556;74.65818282018309
0.0;35.0;19.23354123210336;-0.6993928988236795;0.9941191872614412;1.0;1.0;0.0977597290561076;5.5305823296545885e-06;10.554372775705904;40.81328975966318;35.993480911243;0.9878828328922736;0.3443177788836929;161.41791088037118;31.30520120301136;74.84188920006868
0.0;35.0;19.67565645454073;-0.6996501589670325;0.9945025938100994;1.0;0.0;0.0815818392129538;2.1968264907508143e-06;13.369876532979662;41.77742803724061;35.99392013750234;1.0738858223917478;0.3546699568788557;154.48024751600116;29.75652473409201;75.98809401539464
0.0;35.0;18.88501286029893;-0.699878758529104;0.9948325796053408;1.0;0.0;0.0694634909780821;9.668819249801049e-07;14.995307952804673;41.47315582453148;35.99430470920638;-0.2088660388390121;0.3504876507251634;148.40206598513555;28.14197762760852;77.11220506492214
0.0;35.0;18.41935522711024;-0.7000215968631992;0.9950336478125196;1.0;0.0;0.0628215361081133;5.789079243675e-07;15.668108375627869;41.288882258098845;35.99453555678292;-0.6258850577258305;0.3468669368855034;144.65821416063616;27.180442292063336;77.32537650031969
0.0;35.0;17.99935668785059;-0.700235801860927;0.9953277871264178;1.0;0.0;0.0540301869811822;2.6820296442944855e-07;16.302417804739747;41.02069771616603;35.994864533537104;-0.2045510163312143;0.3414251617534959;139.1353569667929;25.90756443184385;76.95813220930098
0.0;35.0;18.198189836081102;-0.7002643577661074;0.9953663289360624;1.0;0.0;0.0529549862602567;2.420531753975773e-07;16.37471336072239;40.98566936592639;35.994906802555604;-0.1094664289251379;0.3407050833068815;138.40808144492115;25.7570526607686;76.87773884038518
0.0;35.0;17.85864402136848;-0.7005070377184669;0.9956875036359382;1.0;1.0;1.0247380452238228;0.9025001012073548;16.81644275044379;42.167564351758855;35.99525210591301;1.1066257449279484;0.3454971270693692;137.8645369496195;24.662125766487307;76.40372166536896
0.0;35.0;17.77415629104905;-0.7007068309941067;0.9959433580482282;1.0;1.0;2.77557514023198;1.9589268102845203;17.106688369581686;43.26366172236762;35.99552025755301;1.5852610636237654;0.3548778489729325;205.81025296974195;23.983047809868303;76.9052156935599
0.0;35.0;17.979385144625013;-0.7007496366922034;0.9959971681993496;1.0;1.0;2.69313778299195;1.6795348739676907;17.150136952374044;43.49370074649136;35.99557615084577;1.537325032681425;0.3569118347569089;228.7535437449891;23.861549705977065;77.12798284271496
0.0;35.0;17.528991548466607;-0.7009493632585159;0.9962435409819724;1.0;1.0;2.3396521721841856;0.8190671345859977;17.324168779259164;44.545196305112114;35.995830984715546;0.9859601754623044;0.3663410243107248;278.15456205223376;23.38760920750471;78.45747448091994
0.0;35.0;17.558538363236924;-0.7009636273391656;0.9962608401875148;1.0;1.0;2.316255650462344;0.7781137778566978;17.328809710185695;44.618935492516194;35.99584884972297;0.9463085333151292;0.3670096343777568;280.10747160250406;23.35959803007524;78.56007607671663
0.0;35.0;17.594763746116552;-0.7009921546592929;0.9962953190465984;1.0;1.0;2.2701621630181434;0.7022476845156698;17.33979078870667;44.76587433929778;35.99588445810824;0.8735335728884962;0.3683447784412283;283.7347511017465;23.30588320333291;78.76491003642684
0.0;35.0;17.348114193652002;-0.7010206808578326;0.9963296384984328;1.0;0.0;3.214985935974082;1.583778535275392;17.33811205178855;44.81221850313494;35.995919908730194;0.8062693651927247;0.3695760534610186;297.0799136384937;23.255631097604667;78.96815164851522
0.0;35.0;16.728507908652315;-0.7011347744352047;0.9964653221238332;1.0;0.0;2.966611215080465;1.0507110389387602;17.337864773470326;44.599696694459766;35.9960602257953;0.3519296866032156;0.369833598658966;331.04519119335544;23.07900171546993;79.71289175222174
0.0;35.0;16.972719426855534;-0.7011918144931794;0.9965322073514872;1.0;0.0;2.849714896427546;0.8558107081596135;17.302758880100505;44.49497225082524;35.996129546125346;0.0815824066984896;0.3687301807387709;341.7997001887131;23.006846530787826;80.00871317174226
0.0;35.0;17.04339572740229;-0.701334395003957;0.9966966300379464;1.0;0.0;2.577231071214644;0.5124054839709165;17.229731118386717;44.2375630792654;35.99630057097306;-0.4068285222606382;0.365168533343158;361.199914027894;22.863596250980915;80.42321124159884
0.0;35.0;16.636311748567124;-0.7014056747396864;0.9967773463772212;1.0;0.0;2.4509211050182445;0.396489595767157;17.191063388977724;44.11118053604411;35.996384907334075;-0.4752887908356434;0.3632754441439251;368.6745325171824;22.80828455165387;80.44791194681693
0.0;35.0;16.703124085125157;-0.7014484392144142;0.9968252977328168;1.0;0.0;2.3781262972780977;0.3399402671708662;17.160937101108278;44.03608325418604;35.9964351384813;-0.4581435459219151;0.3621342084828943;372.68943261069074;22.78050800232553;80.41072173689429
0.0;35.0;16.599382635505613;-0.7014626934781791;0.9968412017728396;1.0;0.0;2.3543450343053167;0.3229432538123229;17.149817425943528;44.0111719771779;35.996451820429016;-0.4439007772765849;0.3617537207548101;373.95938985646507;22.77207266865193;80.39069549875573
0.0;35.0;16.492386441430018;-0.7015054545859305;0.9968886746485016;1.0;0.0;2.2844186324414144;0.2768834722373403;17.124016362879807;43.936799534538125;35.996501680415925;-0.3797585511767103;0.3606130337078309;377.5802845670632;22.74867360909856;80.31061711600333
0.0;35.0;16.265297213477133;-0.701548213168252;0.9969357886442428;1.0;0.0;2.216569114639272;0.2373929670094896;17.08159700408962;43.86296609960601;35.99655126016034;-0.290903151049279;0.3594744123450769;380.93610879539295;22.729118878769107;80.20518827854339
0.0;35.0;16.541979727438502;-0.7015767174867161;0.99696699858863;1.0;0.0;2.1724593892579502;0.2142471527260644;17.054508784419973;43.81404131676232;35.9965841563877;-0.2229977960871579;0.3587168397155614;383.0354703872849;22.71843042652611;80.12383293276896
0.0;35.0;16.22842281244831;-0.701619471859673;0.9970135144135568;1.0;1.0;2.1079351729376;0.1836901525685094;17.012049570831103;44.040002866626025;35.99663326294415;-0.0729169734981397;0.3583832540431336;385.98889419462336;22.70554930896153;79.99145128712118
0.0;35.0;16.55442806898228;-0.7016622237067998;0.9970596713136382;1.0;1.0;2.04532739036618;0.1574913445584258;16.987630176020993;44.26431387740626;35.996682080784105;0.1505062211280336;0.3591348892568484;388.7186066673341;22.69644095666046;79.85784842821415
0.0;35.0;15.889551729701436;-0.7017477198229373;0.9971509082728832;1.0;1.0;1.9256351370559088;0.1157706102285265;16.875415671613553;44.708032326937;35.996778832810136;0.7081505923407692;0.3621192767601295;393.54795038970434;22.694422397134662;79.63564523614461
0.0;35.0;16.032451922181476;-0.7019186817384899;0.9973290743706704;1.0;1.0;1.706853853931373;0.0625578170918435;16.657661798939767;45.57618637740918;35.99696866262272;1.580067455580924;0.3697502791354252;400.9172105755712;22.756393510869167;79.61628986228479
0.0;35.0;15.756768250750891;-0.7022889605099104;0.9976953923796864;1.0;1.0;1.314351111110967;0.0164852418696132;16.566212026240116;47.372072746812535;35.997361794712674;0.8775057591953824;0.3867796830568835;408.16354566063336;22.97844757337229;81.53144336913398
0.0;35.0;15.91490177956512;-0.7024313248626646;0.9978291010482472;1.0;0.0;1.1886755851566644;0.0098703232596166;16.37028247144877;47.04506825194373;35.99750593281512;0.2435243975324028;0.3871761069296322;408.3548419166335;23.08592459842878;82.3780641960968
0.0;35.0;15.6526078194838;-0.7024597943617252;0.9978553638409858;1.0;0.0;1.165020941012047;0.0089079667418039;16.341820516753856;46.98061475820453;35.99753427290887;0.0982126675899836;0.3865825846016285;408.2466689913818;23.108564935838785;82.51061059600937
0.0;35.0;15.495438638148256;-0.7025451961151109;0.9979331942613844;1.0;0.0;1.0968440895993157;0.0065481741138573;16.258794235322682;46.78912153914654;35.997618309115744;-0.275238638061223;0.384452369519221;407.6516238820851;23.175970710843742;82.7999907884703
0.0;35.0;15.598783143080189;-0.7026732797760901;0.99804724543822;1.0;0.0;1.0019859936494666;0.0041269828700325;16.121595031607853;46.50706140496985;35.997741581324185;-0.5136819350884247;0.3809244160099351;406.0533677853242;23.2781159141594;82.9034453549541
0.0;35.0;15.310824885479375;-0.702787112806594;0.9981459095855492;1.0;0.0;0.924577259531133;0.0027379247555595;16.010239020404665;46.26146272388206;35.99784834457727;-0.3853535520739357;0.3777367756983056;403.9920783026025;23.365349261278165;82.70380138513369
0.0;35.0;15.501524670226043;-0.702801340670455;0.998158062942853;1.0;0.0;0.9153314869358216;0.0026010285177815;16.000165661503857;46.23109687601687;35.99786150384556;-0.353526401355609;0.3773388918107788;403.6954335722274;23.3761684538899;82.66449363669282
0.0;35.0;15.812428085419873;-0.7029578286176681;0.9982891146300672;1.0;0.0;1.799631295581154;0.903979465260928;15.941186825300733;45.901892074060704;35.998003531521825;0.052839842350358;0.3729846161834139;405.46970468746906;23.483272519263988;82.12040259772616
0.0;35.0;15.84478830156542;-0.7030573941427463;0.9983699955097968;1.0;1.0;1.6773739696201555;0.6312825754945904;15.924418974694255;46.09498357159253;35.998091321314874;0.3034127069089839;0.3715768562398724;411.9216090547813;23.53568443974114;81.74740678177832
0.0;35.0;15.951164132999276;-0.7031285039383715;0.9984265695320382;1.0;1.0;1.5951659550700328;0.4884744230936187;15.925673067940828;46.442837027131446;35.9981528006753;0.6078124620641545;0.3734341481920652;414.6752533231602;23.568977013507222;81.5269219647007
0.0;35.0;16.258140679800206;-0.7033560080306167;0.9986008967048268;1.0;1.0;1.3582164486303592;0.2149906205577875;15.994935254106794;47.527826268424405;35.99834270853477;1.437758156998787;0.3831545882068476;418.75637831699487;23.65720399123487;81.48121202724079
0.0;35.0;15.826403012772442;-0.7033986570303615;0.9986324446977688;1.0;1.0;1.3178760618895886;0.184327583300733;15.986996119195162;47.72657998038987;35.998377165121255;1.4726611404131649;0.3850912590535664;419.0025293885089;23.67240523617898;81.60512735402075
0.0;35.0;15.667925957023932;-0.703455518424289;0.9986739494522656;1.0;1.0;1.265946486725652;0.1501359686458427;15.963380558752691;47.98932782151629;35.99842254470043;1.4520690127237097;0.3876734733320503;419.1320434207136;23.69508051876149;81.82792196412736
0.0;35.0;15.494968671788191;-0.7034697330693347;0.998684225774532;1.0;1.0;1.2532870218583956;0.1426291702135506;15.9541052479078;48.05461434086522;35.9984337893026;1.436340739298546;0.3883182917457454;419.1308358289578;23.701278482331613;81.89271270230614
0.0;35.0;15.503057324804496;-0.7036402868599497;0.9988044256309492;1.0;1.0;1.1108946560934436;0.0770711109198433;15.845877059020042;48.825730032813;35.99856560455933;1.0662645756636122;0.3960140190832215;418.1645599724875;23.79599013622391;82.85895093919754
0.0;35.0;15.458158295201727;-0.7036829189752171;0.9988335766978176;1.0;1.0;1.0778999739128123;0.0660788437249007;15.821060086644932;49.01500029793613;35.9985976604558;0.9657996154133116;0.3979238893875435;417.6699906378181;23.82299627735846;83.12915203119829
0.0;35.0;15.093776677994184;-0.703725548557236;0.9988623681846144;1.0;0.0;1.045885266787628;0.0566543486386367;15.79389547365393;49.10300929628546;35.9986293579407;0.8746441462665069;0.3997267357464958;417.0827592656778;23.8511723364552;83.40058511118161
0.0;35.0;15.88392898698269;-0.7039244531068284;0.9989919737075694;1.0;0.0;1.812990521167322;0.6263658475275302;15.72087779538127;48.588808317353;35.998772547475525;-0.0051555683687262;0.3977813959618694;429.95707718314304;23.98133040801813;84.43772232843796
0.0;35.0;15.185100461784634;-0.7041659058647635;0.999138822381225;1.0;0.0;1.5282480194875725;0.2618962981380551;15.66123459463582;47.9874800508243;35.99893595326988;-0.478222329343662;0.3909335206493574;437.3743551848381;24.07393594361244;84.56078669344551
0.0;35.0;14.731632599040733;-0.7043930811598769;0.9992664820304564;1.0;1.0;1.3012386523530466;0.1152675452317317;15.474311934864945;48.236006965156776;35.999079254377136;0.3083303898264606;0.3886714986008694;438.9031072191448;24.16034021738257;83.78720038990616
0.0;35.0;14.970285651950023;-0.7044214730006116;0.9992817200410248;1.0;1.0;1.2753440031712209;0.1040289595716379;15.451123675741412;48.36517346104413;35.999096450693656;0.5026539491238018;0.3896249532923773;438.8357792409988;24.174897769119333;83.69139788602307
0.0;35.0;15.365208219772848;-0.7044640586484402;0.9993042772716124;1.0;1.0;1.2374650109330323;0.089191829212733;15.43309479043804;48.557742983211696;35.99912194641603;0.799353325331322;0.3912506619811366;438.63929418018233;24.197898541648424;83.57033230882254
0.0;35.0;15.113673395215198;-0.704492447671404;0.9993191155649784;1.0;1.0;1.2128394572154653;0.0804956258644915;15.42155364116782;48.68534031538746;35.999138744331084;0.9893423626184475;0.3924140662017754;438.4467888052969;24.21357191638322;83.50862386518585
0.0;35.0;14.936472774062336;-0.7047053294113852;0.9994253060780646;1.0;1.0;1.0431127080167668;0.0372929175292395;15.273374640403905;49.62269139513399;35.999259643694664;1.6893685143401127;0.4017359244579037;435.57378293216016;24.35478096209525;83.66799290772809
0.0;35.0;14.67930748757111;-0.704747898149181;0.9994454648313174;1.0;1.0;1.012131217475961;0.0319740151666317;15.245992063371272;49.80607192985556;35.999282745848454;1.64262491034885;0.4036228739062775;434.7233962229522;24.38738906405372;83.82846314749354
0.0;35.0;14.20922380143309;-0.7048330280133319;0.9994847029296294;1.0;1.0;0.9529014498426835;0.0235038392597117;15.154629762911444;50.16882248828664;35.99932787148987;1.4162770383354997;0.4073847833946516;432.7763778094471;24.458466033203973;84.24029747401336
0.0;35.0;14.256948382701834;-0.7048614023793105;0.9994974624633974;1.0;1.0;0.9339387109908142;0.0212122149318898;15.117737818047154;50.28856162357268;35.99934259365717;1.316888564261736;0.4086342868235576;432.05811620258976;24.484661413479184;84.39687194560207
0.0;35.0;14.991350991421497;-0.7049748885649981;0.9995469013825158;1.0;1.0;0.8617869904876244;0.0140726167787106;15.05883327699335;50.76170565147071;35.99939988308864;0.9158408347445351;0.413607405904272;428.864335876527;24.593050924359943;85.06545865906861
0.0;35.0;15.11489917956377;-0.7049890730693076;0.999552901331528;1.0;1.0;0.8531691205827482;0.0133689859397751;15.059943497307426;50.82020057038573;35.999406864309435;0.873133166416822;0.4142261719272915;428.43091437891616;24.606081705025908;85.15017841026352
0.0;35.0;15.218941805466825;-0.7050599913608371;0.9995823013400964;1.0;0.0;0.8113553445561269;0.0103446664739035;15.075841400332454;50.61357536550048;35.99944117039818;0.5935441141297918;0.4153384991249652;426.1574539535326;24.66625655654313;85.55876562524685
0.0;35.0;15.471065452184076;-0.7051167209176588;0.9996051016491329;1.0;0.0;0.7793847066727907;0.0084257954971598;15.106273312643143;50.45007356915762;35.99946789514717;0.3068064357794636;0.414620842519108;424.21729383034926;24.70591967445855;85.84537087272808
0.0;35.0;15.454153780091444;-0.7051450840038122;0.9996162618993354;1.0;0.0;0.7638749510100021;0.0076042804361867;15.118669196921504;50.36891678666481;35.9994810174496;0.159656447358739;0.4140201551474961;423.208960012094;24.72275731051302;85.96813968693282
0.0;35.0;15.61420389928874;-0.7051592651238097;0.9996217820475708;1.0;0.0;0.7562362014999021;0.0072240664143774;15.128481575727776;50.3284860809635;35.99948751857881;0.0876983263783911;0.4136835213582662;422.69556971056096;24.73035929063231;86.02347634311207
0.0;35.0;15.779285165244245;-0.7053152388262797;0.999679864629247;1.0;0.0;0.6770872004581652;0.0041090496431091;15.226614843041403;49.89017307441623;35.99955638979864;-0.4669085141820759;0.4092986144611159;416.67091623987614;24.78112875340799;86.32128561312948
1.0;35.0;15.352871694236494;-0.7053435940138553;0.9996899052731858;1.0;0.0;1.6636131651690478;1.003708417302906;15.235574502432431;49.81173096395156;35.9995683915744;-0.5018900111858086;0.4084507914502022;417.51772594461;24.78484563641969;86.31183589336437
0.0;35.0;15.512722607944465;-0.7054144770452948;0.999714307096656;1.0;0.0;1.5820795669584098;0.7766504401172839;15.252056117844226;49.6172854491133;35.99959769564305;-0.496235933575399;0.4063198429406783;422.55539145283217;24.790447559712444;86.21057248439931
0.0;35.0;16.153016923382907;-0.7056695975450646;0.9997938758623138;1.0;1.0;1.3202671703357882;0.3084966752514623;15.522875155260351;49.72876675799476;35.9996949063912;0.3637103170592562;0.4029609713969202;428.1033777269712;24.7222018498676;85.30144777273496
0.0;35.0;16.349189026051953;-0.7057262785708348;0.9998097982079396;1.0;1.0;1.2682433759585483;0.2512724700965364;15.564454830917375;49.97185005122033;35.99971474814655;0.7440381506505633;0.4049186039005134;428.1969527999977;24.69904594251893;85.11419613168266
0.0;35.0;16.19110848052295;-0.7057404481215601;0.9998136788137594;1.0;1.0;1.255560942198963;0.2387088465917096;15.576863556269087;50.0322503398361;35.9997196085612;0.838376807768734;0.4054648960398473;428.1815249706308;24.69313836259387;85.07583204922771
0.0;35.0;16.128973495283372;-0.7057971235014735;0.9998288013100448;1.0;1.0;1.2060868313881643;0.1944298474792386;15.614770647270255;50.2723801610986;35.999738650142746;1.186677549250974;0.4077699228725855;427.97957186907024;24.67014838364802;84.96474676083399
0.0;35.0;15.921401627669502;-0.7059529575038165;0.9998670887123126;1.0;1.0;1.0798556780995063;0.1105917151874889;15.675392002599969;50.92075523406273;35.999787714136545;1.6663522060097893;0.4144677377388051;426.40895238135977;24.61798819924051;85.06542525757233
0.0;35.0;15.716455045964366;-0.7059954517565797;0.9998766908503331;1.0;1.0;1.047782884604273;0.0948185718088733;15.682373790284135;51.09457917024673;35.99980025521044;1.6519134448654775;0.4163118601877275;425.7513965782467;24.60692023600712;85.19413114113668
0.0;35.0;15.54373772582291;-0.7060662698631595;0.9998918945107244;1.0;1.0;0.9964310977141834;0.0733688033866811;15.68524686006779;51.38146715847125;35.99982035705247;1.515213566227556;0.4193793892321669;424.4591700495954;24.592897889944407;85.48480130203546
0.0;35.0;15.28437884707522;-0.7060804326372225;0.9998948152562552;1.0;1.0;0.9864667867370416;0.069700363217347;15.67730901873444;51.43842505388024;35.99982425743279;1.4750260454433464;0.4199915079453091;424.1725979403503;24.59101873807789;85.55219767282738
0.0;35.0;15.300489147106658;-0.706151242270912;0.9999088190447368;1.0;1.0;0.9381200987437518;0.0539328123944093;15.638305422223109;51.72113470366348;35.99984315941579;1.2388426551329224;0.4230437305688832;422.6065580053064;24.587586806411828;85.92127356480229
0.0;35.0;15.108232729212167;-0.706222044843099;0.9999218229244824;1.0;1.0;0.8921428795165135;0.0417321821365576;15.586275636355218;52.00040881228702;35.9998610615646;0.992470652027393;0.4260809597585511;420.8301257595889;24.59462655074429;86.32102533662504
0.0;35.0;15.287273133419042;-0.7063069986075342;0.999936107682408;1.0;1.0;0.8399348114942455;0.030676988666669;15.564927309568324;52.33106142649694;35.999881224407325;0.7615797414804764;0.4297050150398243;418.4415670511829;24.61181515587268;86.80437031989419
0.0;35.0;15.264992245069744;-0.7063777856418918;0.9999469117185692;1.0;1.0;0.7987696482956596;0.023737269050172;15.523197980295526;52.60292321878857;35.99989692702149;0.6624637861679255;0.432707707017138;416.2533106394364;24.63274160121835;87.18975319652436
0.0;35.0;15.197074625462102;-0.7065051845025536;0.9999638391110308;1.0;1.0;0.7296898504845268;0.0149603998073451;15.480607128619983;53.083975166828125;35.99992267232091;0.708259536182842;0.4380728499301111;411.9045018814128;24.680679144137542;87.822611512953
0.0;35.0;15.297607461686653;-0.7065334922519998;0.9999671607715556;1.0;1.0;0.7151690224598848;0.013501760826129;15.471744686357532;53.18944525890642;35.99992795360242;0.7484410201951018;0.439258200844066;410.87218212973374;24.693067504770355;87.95346781666231
0.0;35.0;15.531513126558403;-0.7067599135474465;0.9999879742057148;1.0;1.0;0.6089362218197945;0.005942485013337;15.51200296702978;54.01488751938176;35.9999644451083;1.124576619986158;0.448651445466506;401.86501989727503;24.78334492751674;88.94128101792002
0.0;35.0;15.03474196577989;-0.7068448028760288;0.9999931392856288;1.0;1.0;0.5733013650945806;0.0043682725434646;15.465072908924824;54.31619450638024;35.999975489921454;1.181984298636673;0.452133203886382;398.18667472330526;24.81898659077295;89.30664501856938
0.0;35.0;14.432823296562464;-0.7069438275613635;0.9999973452244932;1.0;1.0;0.5343543363124326;0.0030505276366036;15.358077529340868;54.6621754615508;35.99998649522047;1.1630824707072844;0.4561674757696904;393.7204025438659;24.874472036975007;89.73177943928954
0.0;35.0;14.554770020303796;-0.7069862624706786;0.999998547771756;1.0;0.0;0.5184834781696169;0.002615446132433;15.308406510959244;54.70877077177165;35.99999057700637;1.1282802628360835;0.4577862515420559;391.7540132947007;24.903604325197687;89.9111486436327
0.0;35.0;14.173708853273087;-0.7070852673610022;0.9999999537169396;1.0;0.0;0.4832604834641903;0.0018264635802021;15.206283486142574;54.35402272903184;35.999998753173465;0.7663425791458285;0.4575995041039181;387.0562833632956;24.97675841136859;90.28900759223583
0.0;35.0;14.011448304061084;-0.7071418353618155;0.99999987711439;1.0;0.0;0.4642180922063721;0.001487666001472;15.121451671897365;54.15400463364761;36.00000254386546;0.4378725068249909;0.4562296859102929;384.30912671621417;25.02159424589305;90.44818302193217
0.0;35.0;14.002928136684314;-0.7071842583924546;0.9999993996625338;1.0;0.0;0.4504303506497507;0.001275487638012;15.046081761582354;54.00526277735098;36.000005013667256;0.178417831321155;0.454989147059559;382.2215787075016;25.057734095347342;90.52721154662169
0.0;35.0;13.740594597134152;-0.7073115122085709;0.9999958073096624;1.0;0.0;0.4114758941086514;0.0008038753309681;14.852323414580114;53.56549301998498;36.000010201626175;-0.4429193567760769;0.4508857980449728;375.8343417394624;25.173014472353906;90.5105849556718
0.0;35.0;13.835776184812984;-0.7073397877223478;0.9999945690103726;1.0;0.0;0.4032875238158892;0.0007254974861987;14.80929001685893;53.46906659389485;36.00001093694942;-0.5217691566086637;0.4499473621487357;374.39214477450514;25.199839986805348;90.45279945200107
0.0;35.0;13.890065563064796;-0.7073680621043812;0.999993170711954;1.0;0.0;0.395262102091953;0.0006547614812943;14.771425590759105;53.37310798532101;36.00001151298127;-0.5745657058054057;0.4490066366090702;372.94248042249217;25.22679994816474;90.37632320376017
0.0;35.0;13.588213411563006;-0.7076648747753437;0.9999688287027276;1.0;0.0;1.224436814324375;0.5989599258732793;14.344309575326587;52.39322097857861;36.000007912890354;-0.0090975993178093;0.4391766854681101;373.2820612953655;25.519834296055578;88.85967570812096
0.0;35.0;13.547052632061371;-0.7077072663963209;0.999963911305938;1.0;1.0;1.1880698165021266;0.5135332664456028;14.299194604763237;52.45678996263764;36.0000059565657;0.1290692962611987;0.4381666931762695;373.9980983239125;25.562681741749746;88.61220211582892
0.0;35.0;13.267835560149535;-0.7077355260615705;0.999960433048521;1.0;1.0;1.1644272271537344;0.4634637729671566;14.261111565859249;52.56525209132672;36.000004451696505;0.2515432726712807;0.4382029423709496;374.3098784157037;25.591515691246745;88.45456518678655
0.0;35.0;13.275936772921442;-0.7077496554695619;0.999958633922152;1.0;1.0;1.152782954882197;0.4402905843187987;14.241603795691203;52.61928454249641;36.000003639049844;0.3204328725065315;0.4383752588175116;374.4250846181956;25.60619872380256;88.37914076373734
0.0;35.0;13.066946493156102;-0.7078061702704522;0.9999510374339656;1.0;1.0;1.1073587068558484;0.3586194327438136;14.15813630239282;52.83409777052737;35.99999998694791;0.6268813228714705;0.4397094282620541;374.66344029689753;25.66734297869658;88.10852728532683
0.0;35.0;12.642902954587278;-0.7078768074012721;0.999940641868456;1.0;0.0;1.053087111890043;0.2774928808742262;14.04258508959975;52.70162053857328;35.999994518173715;0.9420774896292704;0.4407997415435205;374.565310737302;25.74904421227084;87.85892179284296
0.0;35.0;12.794317372843569;-0.7079191862820026;0.9999339245569756;1.0;0.0;1.0218093715797965;0.2379154587395397;13.969893498437877;52.5634121867468;35.99999075486906;1.0049326682245237;0.4403126111677773;374.33881724833566;25.80066152977687;87.75680523741738
0.0;35.0;12.665645470535395;-0.7080321841708119;0.9999142518496836;1.0;0.0;0.9428691763419844;0.1578379762473206;13.776467537403004;52.19974723508604;35.99997895181868;0.7614143456269034;0.4374671174428244;373.2373253495834;25.9419055482347;87.61537685073382
0.0;35.0;12.564581591877314;-0.7081310424549481;0.9998949384094408;1.0;0.0;0.8788156868779687;0.1102241455534634;13.630329427504282;51.88729113668487;35.99996651546432;0.2649569316503121;0.4344034244131135;371.76870119619;26.06709804357228;87.56051918358197
0.0;35.0;12.418376037652918;-0.708173406042336;0.9998860612815572;1.0;0.0;0.8527139821620062;0.0945034267939007;13.56361025210381;51.75500055391021;35.999960583312394;0.0419855015712356;0.4330523432595609;371.01204977834624;26.12025015856655;87.53114761639301
0.0;35.0;12.334139086086674;-0.7082863631444244;0.999860629150208;1.0;1.0;0.7868373029044953;0.0626955041619039;13.384619350899918;51.705811614808376;35.99994299835713;-0.3664312423909365;0.4302315605350766;368.6569418373285;26.26248349486124;87.38315468705434
0.0;35.0;12.840944767418756;-0.708427534023397;0.9998252394967798;1.0;1.0;0.7116015526950986;0.0375381142659054;13.243042552133687;52.26080788199816;35.999917407434324;0.1234267510089699;0.4338082561640014;365.093251771055;26.44403142092207;87.11666694469059
0.0;35.0;12.43296376943612;-0.7084981088368132;0.999806044923234;1.0;1.0;0.6767259961064295;0.0290462772486544;13.182003044214056;52.53325778102678;35.99990310902312;0.623314630355475;0.4365600507853738;363.0816012630614;26.532799983337835;87.03575297255934
0.0;35.0;12.522887986070984;-0.7085122229493273;0.9998020860311764;1.0;1.0;0.6699587361453652;0.0275939633862217;13.16895155138966;52.58734913110402;35.999900129165674;0.7264414392951161;0.4371307809670008;362.6623362062012;26.55065136710468;87.02879023373342
0.0;35.0;12.64030343516979;-0.7085263367784265;0.9997980871470376;1.0;1.0;0.6632591487839115;0.0262142652169106;13.158483488321096;52.64130835929432;35.99989710925837;0.8282039987832064;0.4377053315819958;362.2376263604871;26.5684589978866;87.02549128205521
0.0;35.0;12.633375491193036;-0.7085686765652582;0.9997858505437246;1.0;1.0;0.6435596888058805;0.0224754556403487;13.12550179839726;52.80239652725689;35.99988780927266;1.1161779759131965;0.4394443761105176;360.931660774007;26.621724462448054;87.03950363807598
0.0;35.0;13.11129001264925;-0.7086392372080167;0.99976465637845;1.0;1.0;0.6120188605711329;0.0173910791361287;13.102675214866858;53.068264256292686;35.9998715086205;1.4939195832625998;0.4423662853216617;358.65378420935235;26.70800118018807;87.14990561040531
0.0;35.0;13.362471939312403;-0.7087097907643827;0.9997424624486024;1.0;1.0;0.582023846754283;0.0134568855180903;13.125175218114684;53.330900617251885;35.99985420746525;1.6935833782840803;0.4452917693810884;356.2577408964029;26.78602559815676;87.37135832049196
0.0;35.0;13.19347791701965;-0.7087521194964324;0.9997286662128906;1.0;1.0;0.564737156481834;0.0115375972210727;13.13742373266622;53.48694769107585;35.99984334667953;1.7209071741894004;0.4470433003618568;354.76725494341497;26.82839362866129;87.55287830858973
0.0;35.0;13.481188579208428;-0.7088508766151055;0.9996950753849638;1.0;1.0;0.5263719342322449;0.0080571344467826;13.16116956068439;53.84663543428789;35.99981660500892;1.5549351107819618;0.4511126152935274;351.14755476616284;26.917553798721848;88.08387892328662
0.0;35.0;13.835612376546695;-0.7089073030165808;0.999675000890244;1.0;1.0;0.5056307797994768;0.0065625863639947;13.206026505801931;54.04942313727053;35.99980044437106;1.3636000214493502;0.4534254404601725;348.9967850358949;26.96061751858646;88.42876339857195
0.0;35.0;13.745307278193945;-0.7089919341118034;0.9996436895423536;1.0;1.0;0.4760413421073555;0.0048241040176987;13.272508224257368;54.34990866387281;35.99977500413374;1.0413890776783117;0.4568768161209892;345.6689862616561;27.01248576347128;88.95830666853672
0.0;35.0;14.082548549535796;-0.7090201422081601;0.9996329325381615;1.0;1.0;0.4665681193994191;0.0043537538759731;13.298616315410596;54.44909447166552;35.99976620428899;0.9418440019264872;0.4580224703770399;344.53451874875395;27.026897400420584;89.13081609233325
0.0;35.0;14.391484639164922;-0.7090906574858176;0.9996053402884678;0.0;1.0;1.4042976491494028;0.8178751017557948;12.296180116920551;54.29689093124819;35.999743505267595;0.74187916007295;0.4595375870406328;350.30260838140697;27.12496314438891;89.53700135703181
0.0;35.0;14.397053838183194;-0.7091188616114641;0.9995940234975388;0.0;1.0;1.3763521259313298;0.7381322793346049;11.814040038867743;54.19681665730198;35.99973414591159;0.6871158204865594;0.4593309779953108;351.83620139353667;27.20584083114532;89.68312796679665
0.0;35.0;14.290834254858831;-0.7091329632488139;0.9995883051263212;0.0;1.0;1.3625886046720166;0.7012256653678747;11.58010639182104;54.14696175782829;35.99972940629021;0.6657781684424501;0.4591254510266222;352.48808627869687;27.253972653094337;89.75166104830444
0.0;35.0;14.26583137706939;-0.7091611656725583;0.9995767484335168;0.0;1.0;1.3354730914390434;0.6328561629945069;11.126043961504688;54.04761495531541;35.99971980716314;0.6354409789393726;0.4585695608400118;353.6049225570065;27.364263847132005;89.87874245186589
0.0;35.0;13.969611140555582;-0.7094713174364218;0.9994390697074408;0.0;1.0;1.0705560816038129;0.2047501978720724;7.165577709872814;52.98610382944504;35.999603667339834;1.029027434834561;0.4488327531284456;357.777865931151;29.35763992742787;90.31557779369504
0.0;35.0;14.1713721019115;-0.7096122501083405;0.9993700918945664;0.0;1.0;0.9681917304941512;0.1225915067823771;5.8666788499193245;52.52205431711533;35.9995444827309;1.191608993512277;0.4441265218291048;357.2239713387495;30.4712330661918;90.05153940463197
0.0;35.0;14.491631102772342;-0.7096263418144834;0.9993629742472384;0.0;1.0;0.9585098131892098;0.1164619314432582;5.750510824770084;52.47626691035001;35.99953834446664;1.1964979537894906;0.4436580583356148;357.112388855526;30.58361009834153;90.01499126722125
0.0;35.0;14.38040236163853;-0.7097954201461848;0.9992744445498898;0.0;0.0;0.8496085978023686;0.062931379484039;4.523511995808353;50.94750952984514;35.99946156786571;0.711903101753371;0.4380732091449337;355.07546873462405;31.910811581894045;89.41936471541399
0.0;35.0;12.469164896652265;-0.7101052908952284;0.999097191357044;0.0;0.0;0.6810722411337552;0.0203604122945569;2.913306321450762;47.90560284531404;35.99930586180154;-0.6319329841272663;0.4280148319954526;348.5157658944645;34.09195169113951;86.83779300755754
0.0;35.0;12.671130739983887;-0.7103587192556274;0.998937778874512;0.0;1.0;0.568364157767771;0.0080874472931107;2.0325446487645458;46.52313753881712;35.99916407574255;0.3994686481536485;0.4199572082239736;341.03750933608467;35.538173131711865;83.64005714230429
0.0;35.0;12.267500199005756;-0.7104572498683686;0.9988722887336876;0.0;1.0;0.5297525364476809;0.0056477660749716;1.767009327120009;46.30637293193539;35.99910543921288;1.1669668748150248;0.4168648113621674;337.72772002314485;36.015407427339625;82.59747635112757
0.0;35.0;12.877473818539448;-0.7106120555535373;0.9987654201723476;0.0;1.0;0.4743077111721938;0.0032124498645997;1.4180580328335275;45.973098243616406;35.999009339231776;1.7904011329774234;0.4120512730433833;332.1541921060479;36.67454032395936;81.56884251764227
0.0;35.0;12.880417293131584;-0.7106542693170337;0.9987354352161388;0.0;1.0;0.4602202978426684;0.0027542742026612;1.335476709472571;45.88373895261755;35.9989822908648;1.7868123958980362;0.4107481634539431;330.56420979649835;36.83607085730021;81.41853056968075
0.0;35.0;13.011702294016704;-0.7106683400030199;0.9987253603313684;0.0;1.0;0.4556180948642417;0.0026165604925281;1.309032480782246;45.85409682491171;35.998973194814994;1.770410941903191;0.410314710029879;330.02813527988707;36.8882552930183;81.37910739573901
0.0;35.0;12.565986290777651;-0.711034078044246;0.99844939243474;0.0;0.0;0.3508455910550123;0.0006895162681663;0.77824630650341;44.31587295085168;35.99872267184921;0.3313975286209222;0.399204070243523;315.20423959209427;37.98303934203136;81.17725336228926
0.0;35.0;12.273808649296472;-0.7111606348837771;0.99834757446824;0.0;0.0;0.320503498632346;0.0004345672210073;0.6500457834777807;43.19542858477912;35.99862965970699;-0.283124506024607;0.3954285942041199;309.7626141730344;38.26013390777992;80.88713494640173
0.0;35.0;12.352424064513356;-0.7111887554969316;0.9983245089688276;0.0;0.0;0.3141254790095624;0.0003921969169591;0.624557081929882;42.94975956787057;35.99860855092269;-0.3775255506489008;0.3945944605127311;308.5372983989189;38.31568394114455;80.77074781078578
0.0;35.0;11.98623592227407;-0.7112590520514032;0.9982661464012887;0.0;0.0;0.298730204958165;0.0003034744980892;0.5651225154056059;42.3407983604477;35.9985550799325;-0.5163191741388233;0.3925168162274669;305.4518473409254;38.4456718203716;80.39243745315173
0.0;35.0;11.32442472098696;-0.7114417898043431;0.9981097319890444;0.0;0.0;0.2621420350555802;0.0001557862310713;0.4357383646347563;40.791780019261374;35.998411382235844;-0.2951427482425294;0.387165993577903;297.3075485042649;38.72966989809335;78.91883954354785
0.0;35.0;11.297140529460314;-0.7114980071302113;0.998060246998808;0.0;0.0;0.2518125929276705;0.0001268888588715;0.4022371243878008;40.32494430254014;35.998365809682106;-0.1368488862439789;0.3855343079391743;294.7738642213041;38.80301085802432;78.37354131982472
0.0;35.0;11.326134897750114;-0.7115823245809351;0.9979848218512192;0.0;0.0;0.2370765576105964;9.327497116713644e-05;0.3567522051546293;39.63316465079288;35.99829625283706;0.0869902481463569;0.3830996641045265;290.9554124589025;38.90202999223155;77.52614558680294
0.0;35.0;11.47773630120861;-0.7116666317848634;0.9979079596056591;0.0;1.0;0.2232028728786991;6.856567490324266e-05;0.3164107023216507;39.25032769856213;35.99822525846833;0.2789828511825076;0.3806803950120989;287.12045188871696;38.98892710837927;76.67903716312145
0.0;35.0;11.421047973635616;-0.7117368799598606;0.9978428100309796;0.0;1.0;0.2122637112167374;5.305481220695132e-05;0.2863001442624647;39.18311218776852;35.998164998462066;0.5537265289139441;0.3786760119648019;283.91584214280334;39.05289225957672;76.01357184119725
0.0;35.0;11.512758883490138;-0.7117509287407923;0.9978296603728172;0.0;1.0;0.2101410741045701;5.040207159660376e-05;0.2806310012741691;39.16976611955453;35.99815282668131;0.6173630012723793;0.3782764035706066;283.2742356904796;39.06482235300044;75.8888331333089
0.0;35.0;11.492068883556469;-0.7118352154475077;0.9977499242654292;0.0;0.0;0.1978436498432573;3.705015410136407e-05;0.2488972562373028;38.59339837323287;35.99807895758135;0.8877006814679494;0.3758875933018947;279.4216330375131;39.130749148202895;75.21394877513703
0.0;35.0;11.449991078059776;-0.7120458873660382;0.9975442984294548;0.0;0.0;0.1701570839604191;1.716501147122939e-05;0.1843873825763235;36.944803931265966;35.99788799728428;0.3263342177937733;0.3699813576103307;269.79095007059004;39.25799951536137;73.91591896029945
0.0;35.0;11.652227584288694;-0.7120739721136754;0.9975162032803752;0.0;0.0;0.1667709579896067;1.5491422852784524e-05;0.1771574168490203;36.72950739062684;35.997861857320245;0.190075824800029;0.3692009033890328;268.5093535932882;39.27141148712776;73.75524698636353
0.0;35.0;11.929190123106276;-0.7122003393783345;0.9973878000929646;0.0;0.0;0.1523481465028754;9.76346010876177e-06;0.1479741860508683;35.7735472637727;35.99774225180147;-0.3199371639357302;0.365709182566594;262.75655130740955;39.32287373807201;72.9766777193785
0.0;35.0;11.958111970431135;-0.7122705334437157;0.9973150686192462;0.0;0.0;0.144881571444942;7.554779316201535e-06;0.1338925164111039;35.25144377510434;35.99767440744158;-0.4552027452363647;0.3637836269157596;259.5735049880752;39.345739324768296;72.48579960812195
0.0;35.0;11.800434286628096;-0.712298609075548;0.9972856967774548;0.0;0.0;0.1419984281731877;6.8181883328718856e-06;0.128642491465538;35.04437621572241;35.997646990347285;-0.4735799728745152;0.3630162464479997;258.30340100532806;39.35384539872271;72.27708582727536
0.0;35.0;12.089691043480435;-0.7124249353146374;0.9971515489321924;1.0;0.0;0.1297180132517739;4.297159172183725e-06;1.4680528825401218;34.720585355416155;35.99752163815806;-0.3414251245327581;0.3595830170735029;252.61334810513205;39.26064596975563;71.28155170812366
0.0;35.0;12.01285872467022;-0.7124670389317365;0.997106115013088;1.0;0.0;0.125865258540183;3.684276845251021e-06;2.08863093338332;34.71312563358805;35.997479135862434;-0.2446522391234296;0.3584458380171879;250.7269136493862;39.13881062290555;70.95303707083869
0.0;35.0;12.084632696984968;-0.7125231730980436;0.997044978077714;1.0;1.0;0.1209056651513182;3.000866517187239e-06;2.8595133598151783;35.101314413576205;35.99742190755079;-0.0274703640426858;0.3582736879785432;248.22047909399285;38.91932461862415;70.54371272887686
0.0;35.0;11.955241556462012;-0.7125372059271037;0.9970295941378452;1.0;1.0;0.119696608499805;2.850823191327877e-06;3.0396207879580035;35.197770423794594;35.99740750072944;0.0477599521351709;0.3585303372198341;247.59551426521065;38.85596162962315;70.44974175892173
0.0;35.0;11.665727586293404;-0.7126494582986276;0.9969050869482724;1.0;0.0;0.1104494104342109;1.8912943511196016e-06;4.344292733230249;35.66208951884313;35.997290809941575;0.7480276036105432;0.3616419539811079;242.62101703933865;38.25816622987355;69.88564393511069
0.0;35.0;11.699262739669226;-0.7126775185410205;0.9968735613763352;1.0;0.0;0.1082514671665701;1.7068931518854408e-06;4.632610700421809;35.652517937367435;35.99726123831649;0.8641035239300086;0.3616945133563108;241.3847428750034;38.089464285508434;69.80504399489115
0.0;35.0;12.108601317721163;-0.7127476641581568;0.99679404964611;1.0;0.0;0.1029460681624847;1.320761383278246e-06;5.317672899057946;35.628786154452065;35.99718661118054;0.9717017011973615;0.3608203149000109;238.3076922882881;37.64294608598454;69.7061338473154
0.0;35.0;11.24611629911861;-0.7129300094043981;0.9965826543530758;1.0;1.0;0.0903373390476651;6.780024000071756e-07;6.738240950049233;35.867285894050774;35.99698791397354;0.3806004531752395;0.3572353161424765;230.4046804416872;36.39101329055141;69.93656218298153
0.0;35.0;10.973296051517092;-0.7130001293593363;0.9964995545438384;1.0;1.0;0.0859099105687723;5.246253327048024e-07;7.158824552661724;36.33788350739408;35.99690969731384;0.2537031625223511;0.3588639119213416;227.40495163389352;35.908868570046614;70.12439721068196
0.0;35.0;11.210988028172082;-0.7130141524947522;0.9964828149993816;1.0;1.0;0.0850508114630845;4.983940660695622e-07;7.2390628463026845;36.43131525889693;35.99689393434986;0.2520061980876855;0.359357811466863;226.8077875904549;35.814008107980854;70.16696029275329
0.0;35.0;11.333917575630965;-0.7130421979099515;0.9964492163331918;1.0;1.0;0.0833583003149691;4.4980064462778e-07;7.399430999420267;36.617495452301824;35.996862288794894;0.2704448605582105;0.3604392347487747;225.61628813775388;35.62585651066802;70.25737098913169
0.0;35.0;10.95993948348535;-0.7131123064565611;0.9963645221651029;1.0;1.0;0.0792729141761117;3.480471644881878e-07;7.749103699451475;37.07898578346442;35.996782477112895;0.4242326526177114;0.3634655801694703;222.654297955696;35.16776412330508;70.51739713128146
0.0;35.0;11.158441605195405;-0.7131543681616246;0.9963132274038488;1.0;1.0;0.076918429352167;2.9840693765306e-07;7.9430127928725085;37.3531864329598;35.996734111641544;0.5692081296037262;0.3653907642017809;220.88880566510588;34.902800035589586;70.69995550780192
0.0;35.0;11.186154098528435;-0.7131964272993424;0.9962615739698536;1.0;1.0;0.0746338750819783;2.558466481702924e-07;8.134555769982905;37.62538491403021;35.996685387344854;0.7340520245921179;0.3673502052088261;219.13225294723887;34.64488032031259;70.90507647615955
0.0;35.0;11.241206802809677;-0.7132104464413687;0.9962442764566796;1.0;1.0;0.0738875363311585;2.4305431576177774e-07;8.196071710843524;37.71567534070497;35.99666906617671;0.7905966550989754;0.368007441981133;218.54874372472835;34.56050593453377;70.97877649486216
0.0;35.0;11.406303623077948;-0.7132665201565559;0.9961746879131976;1.0;1.0;0.0709760725884409;1.9796925927744146e-07;8.441514443918308;38.074639383278495;35.996603382841954;1.009802790508152;0.3706454403834033;216.22486646195065;34.23048521372096;71.3013511556108
0.0;35.0;11.795045803272416;-0.7134206993344514;0.9959800321777472;1.0;1.0;0.0635475929254746;1.1260493294491112e-07;9.056610839340456;39.04389362152652;35.99641946500041;1.378262068581387;0.3778947381579719;209.91978782748183;33.38719190963498;72.41113339995857
0.0;35.0;11.724053969220272;-0.7134487282026807;0.99594412228846;1.0;1.0;0.0622829958262577;1.0162595198278229e-07;9.162676443560628;39.21734027568906;35.99638550722741;1.392822928764735;0.3792063257938942;208.7871647550789;33.243060702036075;72.64265599617778
0.0;35.0;11.608022712766315;-0.7135187953790196;0.9958536504170012;1.0;1.0;0.0592305093087343;7.863622439956726e-08;9.400840494279551;39.6472671940122;35.9962999153359;1.3614664300081605;0.3824740783928854;205.9744621199784;32.89614111606268;73.247476761383
0.0;35.0;11.653812072560152;-0.7135328079580813;0.9958354365373626;1.0;1.0;0.0586382042156469;7.47044131795889e-08;9.445452484711025;39.7326241562562;35.996282677398675;1.3451736684790407;0.3831256475165633;205.41517693783408;32.82910317437872;73.37155236709572
0.0;35.0;11.675927209444504;-0.7135748439827851;0.9957805559008855;1.0;1.0;0.056896590912238;6.404969624985004e-08;9.569119948411808;39.98744736684533;35.99623072448164;1.281031953954254;0.3850763230720595;203.7438805236201;32.63307775478498;73.74684118791222
0.0;35.0;11.737362862651125;-0.7135888554201707;0.9957621826919754;1.0;1.0;0.0563276250031156;6.084721143735753e-08;9.612054200936416;40.07197423220522;35.99621332714315;1.2555814458487704;0.3857251978999213;203.1889765070524;32.569303303633184;73.87237488385937
0.0;35.0;11.735682351190135;-0.7136589083254232;0.9956697192048496;1.0;1.0;0.0535670109124614;4.708241231025923e-08;9.81845912587884;40.491524661701376;35.9961257427361;1.1121746398912074;0.3889594038140477;200.4310235851273;32.26130669186293;74.49585148570729
0.0;35.0;11.622717983117166;-0.7137149455113286;0.9955950315285352;1.0;1.0;0.0514562569501369;3.8348919091783086e-08;9.961862230275091;40.82349427560156;35.99605495799519;0.9965756277497876;0.3915345588454522;198.24467127597444;32.02872107054899;74.98084867618992
0.0;35.0;11.72563183199691;-0.7137289540940965;0.9955762600480772;1.0;1.0;0.0509416943806355;3.6431473137193925e-08;9.996787367004917;40.90598098701636;35.99603716220263;0.9698703275400165;0.3921766537646752;197.7008789565272;31.972518517759013;75.09915874510406
0.0;35.0;11.48242827797866;-0.7139110396883762;0.9953286071801216;1.0;1.0;0.0447024077661961;1.8701808317188457e-08;10.32436035361424;41.96016797578832;35.99580219158432;0.792503134988994;0.4004625325313753;190.73425141547648;31.31994973507286;76.49491945089736
0.0;35.0;11.518025668571706;-0.7140790758641039;0.9950940325256268;1.0;1.0;0.0396235379732418;1.0105710781725789e-08;10.54465298285272;42.90398618655719;35.99557932078253;0.9087066802497772;0.4080107638059633;184.47440542633123;30.84163611225256;77.55623689792729
0.0;35.0;12.052845850457985;-0.7142050760042374;0.9949143400059915;1.0;1.0;0.0361967853448793;6.3691182550303e-09;10.728155231926328;43.593908322842495;35.99540840432302;1.0409968485371843;0.4136095071545094;179.88808810629683;30.544650382506468;78.26648343648111
0.0;35.0;12.183595503872647;-0.7142190745914767;0.994894175176918;1.0;1.0;0.0358348174914305;6.050662342278785e-09;10.756975016741128;43.66963391686048;35.995389214513544;1.052702457860991;0.4142283120282468;179.38425865946937;30.513613285616387;78.34316731271593
0.0;35.0;12.09497121214314;-0.7142890632422171;0.9947927541112124;1.0;1.0;1.004377554874333;0.8573750046818872;10.885455548427096;44.04549855738844;35.99529266824827;1.095458031470623;0.4173125550107192;184.01136656831287;30.36272961805397;78.72316725937834
0.0;35.0;12.14389801327185;-0.7143030601152467;0.9947723505196808;1.0;0.0;0.9943337793255896;0.8145062544477928;10.910374489578231;44.020243725916416;35.99527323955706;1.0956359476942643;0.4178263611353716;184.9940263444485;30.333409402705264;78.79854617054593
0.0;35.0;12.134225410088668;-0.7143170567025451;0.9947519071372668;1.0;0.0;0.9843904415323338;0.7737809417254031;10.934608466769356;43.9950500670989;35.995253771054934;1.0850757013090373;0.4181629005506119;185.886725944697;30.304314035601635;78.87341657183259
0.0;35.0;12.458492095170984;-0.7143870353530525;0.994649093390442;1.0;0.0;0.9361455151139172;0.5987369425079153;11.067554522704867;43.8699941600683;35.995155831407985;0.8921485548217261;0.4181476333624191;189.3469405861488;30.16010572538768;79.23085433542991
0.0;35.0;12.57407394517742;-0.714401030225916;0.9946284112798812;1.0;0.0;0.926784059962778;0.5688000953825195;11.097385747373185;43.84516442058371;35.99513612405681;0.8306326102466584;0.4179338617947542;189.88970973760345;30.13122683702449;79.29702753923364
0.0;35.0;12.533549255878798;-0.7145689464093042;0.9943771229507974;1.0;0.0;0.8214873700986605;0.3073568694034144;11.411450606108565;43.55185660286132;35.99489653124662;-0.1035668930544411;0.4135797861205439;194.3274555321273;29.78181773124768;79.83525556656764
0.0;35.0;12.438820434697158;-0.714638899338604;0.9942707289558406;1.0;0.0;0.7812263150823449;0.237826886554039;11.51134465143006;43.43214138293842;35.99479500950611;-0.4024787158948578;0.4114569474110233;195.4847760079988;29.637919316328684;79.87852618645346
0.0;35.0;12.358180856586744;-0.7146668785093722;0.9942278929560828;1.0;0.0;0.7656799114122063;0.2146387651150202;11.546626774894332;43.384660146951504;35.9947541222617;-0.4832335683601775;0.4105993335211264;195.8717875031692;29.58142787108428;79.86369197802264
0.0;35.0;12.45363993522136;-0.7146808676659638;0.994206415302096;1.0;0.0;0.7580231122980842;0.2039068268592692;11.564586869473976;43.36100572010366;35.99473361895387;-0.514379001556033;0.4101698166796519;196.0506732897896;29.55344050679689;79.84965386436298
0.0;35.0;12.576785787442596;-0.7147368214335315;0.9941201070122346;1.0;1.0;0.7281539771613215;0.1660833848945426;11.645175384918195;43.466472512265725;35.99465120783741;-0.5572749956586746;0.4088292547405304;196.6755908250878;29.44254606978404;79.75307384107228
0.0;35.0;13.23456083784824;-0.7149605907570745;0.9937685120428752;1.0;1.0;0.6199923624076478;0.073097726912044;12.00269170864449;44.66082238104829;35.99431519813911;0.8821131566720259;0.4154866266634576;197.93273518371788;29.033453889256435;79.21808771150366
0.0;35.0;13.506707038272012;-0.7149745739091621;0.9937461994383764;1.0;1.0;0.6137924387835713;0.0694428405664418;12.032473346135925;44.73393004990624;35.99429385942988;0.9933960075226604;0.4160796014390347;197.95306429172325;29.009166258440107;79.20460754755027
0.0;35.0;13.534134400509211;-0.7150864288298088;0.9935662676831162;1.0;1.0;0.5663737163675142;0.0460697992385264;12.250799188810245;45.31240382034889;35.99412171804504;1.6662475859251211;0.4209068888109386;197.89790385800825;28.8169477092748;79.27665167772466
0.0;35.0;13.93954565112385;-0.7151283697056259;0.993498137496355;1.0;1.0;0.5495518506176826;0.0394990941221316;12.341350752834895;45.52643225564292;35.99405650888168;1.7850676864300388;0.422728931389526;197.7827174293388;28.74590304051344;79.39149402614147
0.0;35.0;14.444466047563274;-0.7152401994544921;0.9933147085086754;1.0;1.0;0.5070960544705114;0.0262045060580318;12.62766533789508;46.089561984243936;35.99388086830416;1.7311644222250444;0.4275755943858864;197.24433001588;28.55095928345813;79.90799008017973
0.0;35.0;14.68333524695982;-0.7153380354648001;0.9931521221677982;1.0;1.0;1.4332426704323191;0.8328058339060384;12.86961593785095;46.573348939147465;35.99372509563385;1.3740133278529003;0.4317890847386659;205.38497599233017;28.374468146490905;80.53561218693093
0.0;35.0;14.92829774081571;-0.71537996089158;0.9930818463975204;1.0;1.0;1.3906739298778088;0.7140269018451896;12.987416803880784;46.77816581137018;35.99365773966507;1.1879749392250596;0.4335858171382173;209.02325387978289;28.296598143979256;80.82886986518683
0.0;35.0;15.351528951966054;-0.7154498308797789;0.9929639256608402;1.0;1.0;1.3225170699691264;0.5525004055099912;13.187250724330957;47.11620748990013;35.99354468480292;0.8968520278433316;0.4365679642135136;213.77983891455835;28.163363550748745;81.32298179762071
0.0;35.0;14.799987486691338;-0.7157152715799596;0.9925067720471994;1.0;1.0;1.0926221076954656;0.2084880184214136;13.796576769723556;48.36373951092947;35.99310601617384;0.656682386614913;0.44775818606855;224.97574946644409;27.640229296167952;82.96757988346486
0.0;35.0;14.84890099793383;-0.7158270051686056;0.9923099983026814;1.0;1.0;1.0082112528906426;0.1383152110997362;13.956319880001452;48.87192749214682;35.99291702300706;0.8989255626462042;0.4524031495714911;227.9389076565976;27.439438246749777;83.53928489197894
0.0;35.0;15.13204699130069;-0.7161341780396259;0.991755773554472;1.0;0.0;0.8082129810346258;0.0447496105708846;14.303206193616006;50.0197540176453;35.99238418677422;1.18460632313225;0.4645975387598041;232.5392767735444;26.98589906564929;85.07635488952823
0.0;35.0;15.31940266123702;-0.7162179283993957;0.9916012885960742;1.0;0.0;0.760916478132307;0.032895075839284;14.402212008936884;49.782073320545294;35.9922355329531;0.8488388047282643;0.4640752666570177;233.0321261853072;26.8798807966515;85.47070774141021
0.0;35.0;15.485993700288978;-0.7162318857900115;0.9915754022727964;1.0;0.0;0.7533073133509839;0.0312503220473198;14.423672353607722;49.742795719008015;35.99221061839747;0.7685102394170668;0.4637709000670539;233.08636763862387;26.861918026116403;85.52878550262047
0.0;35.0;16.015809848671957;-0.7162877124875112;0.991471460359934;1.0;0.0;0.7236239995087749;0.0254535826220548;14.529070472831028;49.5866363320826;35.99211056330072;0.4133941570186963;0.4622716099166863;233.22731679832907;26.787243327032268;85.7279767002258
0.0;35.0;16.090562706323478;-0.7163435346007796;0.9913668839053852;1.0;0.0;0.695110326668371;0.020732102130555;14.643180634974955;49.43198748974093;35.99200987325323;0.0504715456192416;0.4605240528544428;233.251273526676;26.706816432759343;85.86208039138164
0.0;35.0;16.73404957638381;-0.7169712173833758;0.9901466955880032;0.0;1.0;0.4422191010395338;0.002061605563745;13.929809240652606;49.3383074354304;35.990833378074406;1.5800270198109023;0.454579861251236;227.08787365744297;25.76777485972472;84.12834363664624
0.0;35.0;16.850642173196505;-0.7169851592953966;0.990118668985204;0.0;1.0;0.4377969100291385;0.0019585252855577;13.653980563368878;49.30009206282006;35.9908063218116;1.6363554144050012;0.4543688224990216;226.8444069540124;25.79744635517701;84.12859441170662
0.0;35.0;17.223018520352422;-0.7170130422590606;0.9900624969665208;0.0;1.0;0.4290847515195586;0.0017675690702159;13.1186003770442;49.2239393315009;35.99075209039033;1.7235498579811503;0.4538074118061251;226.34658555952063;25.87551064774117;84.14210493507531
0.0;35.0;17.666882136439305;-0.7170269833106924;0.9900343515528514;0.0;1.0;0.424793904004363;0.0016791906167051;12.858834708822142;49.18600152148518;35.99072491523404;1.7542292856424966;0.4534738593034337;226.09233971158125;25.923271320790032;84.15491822966933
0.0;35.0;17.997014443726798;-0.7173893499661053;0.9892886740408806;0.0;1.0;0.3271096341583728;0.0004425004699401;7.644841723051847;48.23128865614361;35.9900044546046;0.7692435003684701;0.4418170360904036;218.4037014490016;28.39928652041133;84.90386555249533
0.0;35.0;18.132151471338062;-0.7174032832718888;0.9892594597904648;0.0;1.0;0.3238385378167891;0.0004203754464431;7.493463720012394;48.195759601120905;35.98997620985213;0.7308429841698767;0.4413513711832422;218.0723288825456;28.519566072063416;84.91429029902017
0.0;35.0;17.9244078883257;-0.7174590136253342;0.9891422070967616;0.0;1.0;0.3110780073110417;0.0003423984284744;6.917338867184492;48.05450331180274;35.989862834863104;0.6201473136979565;0.4394927331337346;216.72478490502988;29.006000598379984;84.92570677336761
0.0;35.0;17.651308924167175;-0.7175426005458826;0.9889651411091998;0.0;1.0;0.2928737687985649;0.0002516943081343;6.135129219261066;47.84517572568487;35.98969158456702;0.5875486237833338;0.4367181224083315;214.64147923792007;29.74233722616556;84.85369252089914
0.0;35.0;17.69511787439117;-0.7176122484200937;0.9888164982471525;0.0;1.0;0.2785200400041484;0.0001947562577115;5.551294479415642;47.673051445431526;35.98954778731583;0.6658503603310538;0.4344188914198165;212.8535501911853;30.35241672480112;84.72269985961194
0.0;35.0;17.974770448265975;-0.7176540337001281;0.9887268378884764;0.0;1.0;0.2702477162959851;0.0001669791464554;5.228012249937461;47.5707757814568;35.98946103397297;0.7442423130445023;0.4330450970569845;211.7600987255008;30.713755257810654;84.62024377633706
0.0;35.0;18.050506268492228;-0.717667961552684;0.98869687200252;0.0;1.0;0.2675452391330253;0.0001586301891326;5.124490668544596;47.5368491628233;35.98943203703359;0.773643475603911;0.4325881256557944;211.3923636684613;30.833136988708127;84.58300511886739
0.0;35.0;17.183899975895372;-0.7177375965093732;0.9885464493786116;0.0;1.0;0.2544328603136231;0.0001227450164629;4.636830886292891;47.368446557252334;35.98928645870071;0.9299216874191324;0.4303104668621107;209.5307286934095;31.42032610209391;84.38039719994121
0.0;35.0;17.21080480913911;-0.7177654484824206;0.9884860035276052;0.0;1.0;0.249369646393382;0.0001107773773577;4.455018136529284;47.30165602076303;35.989227950359194;0.990803358595254;0.4294027579316238;208.77593261031893;31.650050059270946;84.29431927844222
0.0;35.0;17.63533403284511;-0.7178489975108364;0.9883037170668466;0.0;1.0;0.2347765719425159;8.143155176040043e-05;3.9512465946337465;47.10321987132693;35.9890514757134;1.1405188802448902;0.4266910938360045;206.47983406680248;32.31877839724698;84.0312064659942
0.0;35.0;17.66029041950566;-0.7178629213439546;0.9882731976204396;0.0;1.0;0.2324288062230907;7.735997417238041e-05;3.8730066625318464;47.07042737626167;35.98902192479835;1.1587021808866709;0.4262408168333991;206.09282337082564;32.42702958991871;83.98760382966742
0.0;35.0;17.917144354311244;-0.7179186138049;0.9881507245377302;0.0;1.0;0.2232701838669641;6.301018246324243e-05;3.575235728159833;46.940050827243496;35.98890332554122;1.2082185828952616;0.4244444544928546;204.5334137937885;32.85027031803879;83.81621136841825
0.0;35.0;17.815591912171516;-0.7180021438811833;0.9879658291574652;1.0;1.0;0.2102044460638581;4.63182741555311e-05;3.8699673491068114;46.94635827864039;35.988724239995406;1.212818597236041;0.4221428943082301;202.16304654462107;33.42688138164037;83.5717317024626
0.0;35.0;17.772333761226502;-0.7182387562789089;0.9874342339133604;1.0;0.0;0.177190407028568;1.9366612316684428e-05;7.831798488236177;46.79151164739804;35.988209099990385;0.3521572278183622;0.4202668450391423;195.28530748989604;33.6261891923351;83.0562616980858
0.0;35.0;18.27160324717996;-0.718377901259129;0.9871161982893696;1.0;0.0;0.1602478279801509;1.1595506181907926e-05;9.68756046814757;46.47455712411157;35.98790073974673;-0.4111702683177763;0.4160728955999693;191.15964901165177;33.06457427080968;82.69285272747689
0.0;35.0;18.09205329575988;-0.7184335512057061;0.986987878398229;1.0;0.0;0.1539334241688993;9.444612257077642e-06;10.335958264813932;46.34991443725968;35.98777628913121;-0.5704859048663282;0.4143376736046479;189.4983302583392;32.754126986917306;82.49709633948135
0.0;35.0;17.286550424197014;-0.7185726559552057;0.9866643152851264;1.0;0.0;0.1392146295630797;5.6548382350959455e-06;11.646417973719748;46.043552193940535;35.98746239699418;-0.5230948200389136;0.409998447977186;185.3268038964635;31.86245271858856;81.90445953298516
0.0;35.0;17.159443667413857;-0.7186561050086666;0.986468282938911;1.0;1.0;0.1310678102398531;4.156825729415217e-06;12.300783096462904;46.16217843862208;35.987272165703764;-0.2391008713619729;0.4082108247332983;182.81628043750013;31.288374535905543;81.52673136511379
0.0;35.0;17.708992754277403;-0.7188785852212524;0.9859385860529956;1.0;1.0;0.1115987055691114;1.829529860453465e-06;13.680690873029414;47.25181890181765;35.98675793261798;1.3618891036887983;0.4154745044979075;176.11926971331;29.78372165894693;81.03441659378471
0.0;35.0;17.152695066592813;-0.719031497667392;0.9855685626417742;1.0;1.0;0.0999185902217807;1.0406367534484697e-06;14.40312533221268;47.97660688936395;35.98639853571198;1.7743450366237044;0.4221306398056652;171.5325306663022;28.82567149291484;81.50905438056667
0.0;35.0;17.130435791472173;-0.7192816429635304;0.9849527812844642;1.0;1.0;0.0833834385647681;4.133558187836071e-07;15.358424228708987;49.12138072812221;35.98580013449294;0.9555933185067368;0.4329987681018651;164.0968385827272;27.45821584369155;83.2534131200032
0.0;35.0;17.55412941272823;-0.7193094311316622;0.9848835730247136;1.0;1.0;0.0817241081373292;3.7305362645220537e-07;15.439132145654458;49.24549624747196;35.9857328566859;0.8567998099255624;0.4341947328385802;163.277760486282;27.323956011110543;83.46189105661216
0.0;35.0;16.533361101809486;-0.719392788730519;0.9846750028016632;1.0;0.0;0.0769416255387962;2.742286955732641e-07;15.611672078823371;49.01859087112233;35.98553007700444;0.4856904407322198;0.4350853094540428;160.83060289492963;26.943065526522982;84.04606265876498
0.0;35.0;16.77585486418925;-0.7194900261694792;0.9844298787876932;1.0;0.0;0.0717146229763474;1.9150412577794939e-07;15.747651005619886;48.75801515630934;35.985291707065514;-0.0264341994054201;0.4330250230828709;157.9961829629054;26.545781380611302;84.56919081765369
0.0;35.0;16.73089609539503;-0.7195316950407689;0.9843242349528756;1.0;0.0;0.0695846269593269;1.6419084983886932e-07;15.798155230846325;48.64768938685973;35.98518895731795;-0.2145479405707556;0.4318203990442821;156.78871234457824;26.388463834746933;84.72050646860106
0.0;35.0;16.69662815537502;-0.7195455840889207;0.9842889415934384;1.0;0.0;0.0688887806897337;1.5598130734692585e-07;15.815946358986857;48.611092464705045;35.98515462858516;-0.2690123148681488;0.4314007172162469;156.38723498823427;26.33765985549928;84.76015503647422
0.0;35.0;16.630553381038478;-0.7196011374032705;0.9841473744542945;1.0;0.0;0.0661742878643232;1.2704774971724204e-07;15.88147978491028;48.4655906684137;35.98501691960586;-0.4364759105395943;0.4296710055248768;154.7865340042985;26.142274064106267;84.86372772517119
0.0;35.0;17.00522830616268;-0.719656686112173;0.9840051774608848;1.0;0.0;0.0635667568870603;1.0348118619312937e-07;15.960716528075748;48.32149597289101;35.984878580215764;-0.5154988655989418;0.4278991606443693;153.19441389825275;25.95757602581079;84.88117723293178
0.0;35.0;17.339900670796666;-0.7196844587394704;0.9839338427972362;1.0;0.0;0.0623017784250078;9.339177053929925e-08;16.011705260157594;48.24997201377906;35.98480917414434;-0.521802111932404;0.4270068625218309;152.40167023906355;25.86817806159775;84.85970916995173
0.0;35.0;17.562344400203163;-0.7196983446213162;0.9838981164286577;1.0;0.0;0.0616787606407577;8.87221820123343e-08;16.042410088232703;48.214340138414585;35.98477441201938;-0.5171568541631228;0.42656003104419;152.0061439889871;25.82390798889537;84.84199139908814
0.0;35.0;17.64179072052086;-0.7197677697122241;0.983718894275594;1.0;0.0;0.0586558876595243;6.865153317454965e-08;16.190526964313975;48.03747337430788;35.98460001055778;-0.4268606203438214;0.4243247039147228;150.03714765504392;25.606549125490137;84.6918143667968
0.0;35.0;17.757181304997147;-0.7197955377332744;0.9836469299630276;1.0;0.0;0.0574886354950998;6.195800869003107e-08;16.246164184360822;47.967325978212806;35.98452997427537;-0.3659797884810266;0.4234316195095585;149.25365885973423;25.52148479464569;84.60731061552261
0.0;35.0;16.57640635229408;-0.7198788348862104;0.9834300927704916;1.0;1.0;0.0541244091347862;4.5544829747315124e-08;16.335801272852326;47.85879519785435;35.98431892032429;-0.1359591563868203;0.4208615329760825;146.91770315749272;25.27737129207738;84.29560358453818
0.0;35.0;16.43663328840448;-0.7199204795754126;0.9833211431024216;1.0;1.0;0.0525168600590739;3.90489984046043e-08;16.344188984483722;48.05390138207103;35.98421286179752;0.04992633975187;0.4207688130889014;145.75807384003616;25.1661082407218;84.12244356318523
0.0;35.0;17.272752252325567;-0.7200176404377321;0.9830655506287632;1.0;0.0;0.0489491454419434;2.7269371961040525e-08;16.429050978800063;48.40374522090188;35.98396401407001;0.6608637212736427;0.4232109776448812;143.07456372145242;24.9340211202676;83.75669713574324
0.0;35.0;16.897135342427305;-0.7201009099446557;0.982844937764521;1.0;0.0;0.0460846487637322;2.0045494190997642e-08;16.48511843492838;48.188963016082496;35.983749181015654;0.979124392192527;0.4231166450605408;140.79990153729375;24.75657225919769;83.54930969975287
0.0;35.0;16.689106907806398;-0.7201286641426999;0.9827710856170389;1.0;0.0;0.0451675642533339;1.809105850737537e-08;16.497525440177373;48.11806182902045;35.9836772551825;0.9998430266488136;0.4225835253987965;140.04702382230644;24.70178200647857;83.50343498183622
0.0;35.0;16.793430751049907;-0.720225794761947;0.9825113648870086;1.0;0.0;0.042099121489895;1.2633660881514352e-08;16.527664486323946;47.872602832894415;35.983424275408865;0.7857119778695133;0.4200106603292476;137.43339238255828;24.52541476842484;83.41073178649403
0.0;35.0;17.085617814095276;-0.7202674178489548;0.9823994664661562;1.0;0.0;0.0408487354825236;1.0831784998288368e-08;16.546728793814605;47.76867707190014;35.983315265422384;0.5956993590394231;0.4187600199719231;136.32361357901237;24.45621992817588;83.38950088526649
0.0;35.0;17.963377733226075;-0.720433884265841;0.9819483365495808;1.0;0.0;0.0362077011604428;5.8530642912179394e-09;16.79133336817463;48.34596233501684;35.9828756859359;0.2257492058287583;0.4204395225248011;131.94792938730154;24.188935776633823;83.3249829625199
0.0;35.0;18.13218879436747;-0.7206003091857454;0.981491550613302;1.0;0.0;0.032093958548235;3.162762333497576e-09;17.054104721416273;47.921049447908985;35.98243044508819;0.1574400660553932;0.4184695417689466;127.67586585454949;23.92919623110332;83.31638847340172
0.0;35.0;17.73902557610254;-0.7206696406527179;0.981299554452875;1.0;0.0;0.0305210352412745;2.447285203503442e-09;17.13063808968978;47.74762562760902;35.982243257789044;0.0717358651065531;0.4164667617629279;125.92696281603796;23.81823524909542;83.2989330121022
0.0;35.0;17.842001749629077;-0.7207389649129842;0.9811065769929972;1.0;0.0;0.0290252008270993;1.8936626390967713e-09;17.188928898481468;47.57629527677631;35.98205508824676;-0.0143517188221056;0.4143459623805856;124.19655070469751;23.71094047801638;83.25723835216718
0.0;35.0;17.852387435725316;-0.7208498687377691;0.9807957724363332;1.0;0.0;0.958848197974901;0.6983372973500445;17.289761301795785;47.3064579131954;35.98175197438329;-0.1078440273586991;0.410893273666249;134.0109793033526;23.54385488016187;83.12591933046922
0.0;35.0;17.755522604354482;-0.7209053137301754;0.9806394285442696;1.0;0.0;0.92106575317038;0.5688000932997197;17.316013979181676;47.17349259452351;35.9815994749211;-0.1240407731361657;0.4091659692607974;137.06982677187787;23.46485710620836;83.02935338234794
0.0;35.0;17.74270524157426;-0.7209746134824987;0.9804431161155266;1.0;0.0;0.8759243665686806;0.4401266694435445;17.360418857353583;47.00909207351579;35.98140796716535;-0.1158481557673379;0.4070138085382825;140.0577174364755;23.370119475930487;82.88291733415316
0.0;35.0;17.778949380713346;-0.721043906025076;0.9802458232437268;1.0;1.0;0.8329953570717755;0.3405616269007785;17.400093650961605;47.34363963593354;35.98121547800172;0.0312483090225122;0.4068433705804679;142.46688909787343;23.28069833532993;82.72086701838693
0.0;35.0;18.266944188414044;-0.7211270475583221;0.9800077778906549;1.0;1.0;0.7842485932262745;0.2503440901928191;17.481177217254505;47.73973699343361;35.98098319581808;0.4469163870672453;0.4092848994744762;144.85296939698486;23.181900927142674;82.55857095760152
0.0;35.0;17.904587475548286;-0.721459509837052;0.9790414878263232;1.0;1.0;2.4435705788224027;1.340235115014589;17.809698441213587;49.26729090444426;35.98003994430252;1.557102931616141;0.4235388518838799;208.86239694262167;22.84204376314367;83.20241041700774
0.0;35.0;18.006089407245785;-0.721473358825237;0.9790007360643388;1.0;1.0;2.419134873034179;1.2732233592638595;17.81358734256683;49.32901469364472;35.98000015198451;1.536725068791067;0.4241464452435263;212.7189641128601;22.83046645358556;83.27799793276247
0.0;35.0;18.341493869193883;-0.7214872075248228;0.9789599451423016;1.0;1.0;2.3949435243038373;1.209562191300667;17.82404074196842;49.390587774541565;35.979960320466496;1.5118892838710514;0.4247535333693825;216.2453894533769;22.819079932864945;83.35625316139132
0.0;35.0;18.46054597011196;-0.7215841403409958;0.9786733123445688;1.0;1.0;2.232243869197849;0.8446823901301388;17.922501662255325;49.817410235730776;35.97968040237422;1.2505991671771872;0.4289874312966573;234.64567309587588;22.741053827313355;83.95859026744992
0.0;35.0;18.20496545193497;-0.7216256786471074;0.9785498824801928;1.0;1.0;2.165943994038803;0.7242095642378278;17.94272761635971;49.99810995679889;35.97955984963726;1.1177126129137984;0.4307929705083997;240.4192177113777;22.71015149208232;84.23292296616852
0.0;35.0;18.34944115576849;-0.7217779635422951;0.978094292716526;1.0;0.0;1.9392525144448527;0.4119304669659712;18.005429076749767;49.85720492980644;35.97911480622225;0.4700503642519369;0.433085568890432;256.53282535446493;22.613416909784387;85.18919196459052
0.0;35.0;17.771791597969763;-0.7218056479520261;0.9780109495402348;1.0;0.0;1.9006613894074007;0.371767246436789;18.003554748696192;49.778102140665176;35.97903338003473;0.3076585005350335;0.4325081888336321;258.9218312503074;22.596913175309226;85.33101801732643
0.0;35.0;17.030163601523064;-0.7218886942517078;0.9777599811743508;1.0;0.0;1.7894349688599918;0.2732830880556695;17.92779669122143;49.54308759989284;35.978788161652375;-0.1514993291461421;0.430245429479716;265.40880187045;22.55672515440899;85.65082078925846
0.0;35.0;16.88652907085625;-0.7219440526764698;0.9775918867001292;1.0;0.0;1.718924091241382;0.2225907832406432;17.83837372064832;49.388304211349535;35.97862389967849;-0.3828779889719487;0.4285407002583246;269.24327273895904;22.54076044493325;85.762555584431
0.0;35.0;17.04226743944548;-0.7222207754865262;0.9767420316130564;1.0;0.0;1.4059199394293418;0.0797956622496618;17.63654077063193;48.63655714492317;35.9777931971367;-0.250231325874524;0.4196691079133652;283.6913046847525;22.52316665628801;85.20479118903086
0.0;35.0;17.077134215126296;-0.7222484414127185;0.9766561863459766;1.0;1.0;1.377942132634698;0.0720155851803198;17.616775819410197;48.76288530606909;35.97770926620418;-0.1453446131084888;0.4191631132894542;284.7581451732645;22.524474496848903;85.08355708381272
0.0;35.0;17.16673311673241;-0.7222622739424635;0.976613205112219;1.0;1.0;1.364162711308351;0.0684148059213038;17.60786423932972;48.82581815588097;35.97766724207452;-0.0789748216651031;0.4191427615943635;285.2683536704132;22.52545466129884;85.02203645065593
0.0;35.0;17.433515610064415;-0.7223314322575334;0.976397713009877;1.0;1.0;1.297305164898848;0.052938072664667;17.5912887842676;49.138185079121776;35.97745653485955;0.3512131084231444;0.4204200952743925;287.59485699698024;22.532243771839497;84.72495261051178
0.0;35.0;16.867967366498824;-0.7223729237794306;0.976267949063796;1.0;0.0;1.2587739041961874;0.0453877800508688;17.563214555647892;49.22390253589158;35.977329641337946;0.6444365540264304;0.4216931477337123;288.81767515312123;22.53869288960986;84.57135761258478
0.0;35.0;16.388930715472377;-0.7224973827412601;0.9758765486743144;1.0;0.0;1.1499116721655371;0.0286056215857705;17.408518269743197;48.88456610046352;35.976946849924566;1.021657155343258;0.4207656723423115;291.7597284048369;22.576666633841;84.2780344439635
0.0;35.0;16.863502446914623;-0.7225388638600814;0.9757453791839844;1.0;0.0;1.1157581455905483;0.0245257448071;17.366805142682313;48.77309300784572;35.97681854932371;0.9602149673784204;0.4197004097909892;292.5128101566374;22.5940523241574;84.22976481464416
1.0;35.0;16.771919025102452;-0.7225526903216712;0.9757015779585608;1.0;0.0;2.104600564134643;1.023299457566745;17.35502545142762;48.73611550953747;35.976775704308984;0.9224134881479864;0.4193155015381726;294.8114119056246;22.59994155127404;84.21762125864495
0.0;35.0;17.42300540884476;-0.7226909390404496;0.975261419450872;1.0;0.0;2.8736620252567886;1.4700621851478062;17.331053639395723;48.37124000230131;35.97634510553876;0.259474921541404;0.4151322746621106;329.6242386877814;22.65076687476056;84.13884457761438
0.0;35.0;17.329136810403124;-0.7227324080193502;0.9751286111143996;0.0;0.0;2.7883113894446367;1.2603945659911002;16.652802837422506;48.06398163478797;35.976215164279985;0.0332389685479208;0.4138344964878793;342.1288122039824;22.68836305312308;84.10673325118807
0.0;35.0;17.27369559496508;-0.7228153381714826;0.9748619413504986;0.0;1.0;2.625139823510846;0.926505824447874;14.769711350734932;47.55700493408263;35.975954227497;-0.2933977097906293;0.4112336641364487;359.2399693478623;22.972634115409004;83.97895769314076
0.0;35.0;17.43564823065608;-0.7228982579150838;0.9745938677855704;0.0;1.0;2.4715170332375065;0.6810669181684619;13.09955899358846;47.35410726421989;35.97569188534008;-0.1852155720150784;0.4086403905630079;370.7722659223679;23.47299773790225;83.75302714630784
0.0;35.0;17.113599948485927;-0.7230226180118497;0.9741891261562492;0.0;0.0;2.257773437312061;0.4292420231586319;10.94167157790244;46.26300475541224;35.97529573785551;0.2839766351274714;0.4047769339140521;383.1874544158713;24.49656511028317;83.29158971065057
0.0;35.0;16.96802966179619;-0.723064066171868;0.9740535107987828;0.0;0.0;2.190715308450456;0.368021379605632;10.30447827641221;45.87169922321809;35.97516298641758;0.3759665445765289;0.4034969380271529;386.5430361768848;24.886558617971342;83.10964137480545
0.0;35.0;16.689749553516894;-0.723133140653992;0.973826705984378;0.0;0.0;2.0833484604999923;0.2847679281312893;9.32387758018515;45.22584566353468;35.97494095391432;0.4359638332489415;0.4013725014295166;391.50437940051415;25.57073263888646;82.7730836599506
0.0;35.0;16.96173433012908;-0.7232022079047845;0.9735989273433484;0.0;0.0;1.981243656409976;0.2203479943993617;8.436593363023094;44.58781196048102;35.97471794647014;0.3883413728309948;0.3992591980963333;395.78823561619646;26.28237301155712;82.39007335845244
0.0;35.0;17.322437650673347;-0.7232160204871166;0.9735532547759592;0.0;0.0;1.9614312198458763;0.2093305946793936;8.269537629750017;44.46113524135132;35.974673228008015;0.3682678818158421;0.3988378717416011;396.571474848875;26.426661720642688;82.3072999284027
0.0;35.0;17.287798120155852;-0.7232436447839357;0.9734617928166454;0.0;0.0;1.922398738570944;0.1889208616981527;7.945284435725581;44.20870579166705;35.974583674124766;0.3199960258702241;0.3979965508312314;398.06858899755866;26.716358361020337;82.13513708806039
0.0;35.0;16.922256434592747;-0.723271267923555;0.9733701751034468;0.0;0.0;1.8841430036733813;0.1705010776825828;7.6337453891498015;43.957503329904654;35.97449396430813;0.2631752316622188;0.3971570031345957;399.4760886409517;27.006920971638124;81.95381787232203
0.0;35.0;17.231633844648737;-0.7233541303988322;0.9730943875872808;0.0;0.0;1.7738832365912642;0.1253339595472898;6.770524817904213;43.21119831048404;35.974223899401586;0.069658472236897;0.3946489662351546;403.19025745912353;27.87717196362069;81.35193458441178
0.0;35.0;16.928158205339674;-0.7235060178825401;0.9725851380562768;0.0;1.0;1.588225520308424;0.0712899677558725;5.433473440526455;42.16989131682431;35.973725137091265;-0.1542583825058215;0.3900919557914664;408.1936571035517;29.42865162885217;80.02490923668066
0.0;35.0;16.825771987894523;-0.7235474356645955;0.9724454347451252;0.0;1.0;1.5410536341297438;0.0611222361046912;5.117052573025029;42.10729534988492;35.97358829297574;-0.0623934273505468;0.3888582924864896;409.1876540222741;29.835064282090503;79.62868195746428
0.0;35.0;17.020355915443876;-0.7238372871970233;0.971457712149592;0.0;1.0;1.2478340739785012;0.0208158881301797;3.362143003812325;41.68163131193687;35.972620573172016;1.46726326072343;0.3803312013351195;412.3119972834688;32.399880299357555;77.41281666181636
0.0;35.0;16.799003128232947;-0.7238924825375512;0.9712676310616544;0.0;1.0;1.1986644326057931;0.0169546709813322;3.1036491267936115;41.60297829998779;35.97243429982474;1.589908678725701;0.3787283204798722;412.2322487562117;32.82707397275887;77.2062902415682
0.0;35.0;16.28581791566859;-0.7240718353963623;0.9706455751560212;0.0;1.0;2.041853239132713;0.9587035461228758;2.393073441832577;41.35255379625298;35.97182461390689;1.3528831267600048;0.3735654637785105;414.6037668847558;34.07659416604062;76.97502187942025
0.0;35.0;16.2768523316727;-0.7240856297428652;0.9705974528672308;0.0;1.0;2.0214347067413856;0.910768368816732;2.345687399364445;41.3336148582564;35.97177744282657;1.3089831954819011;0.3731712484324416;416.1368717617144;34.16408834977226;76.97614796681846
0.0;35.0;16.533409452904056;-0.724209765827236;0.9701626054243448;0.0;0.0;1.846615469270292;0.5740112268425908;1.9592826901058928;40.76715628445764;35.97135115413128;0.83612109540337;0.3696419780365226;425.48643759499953;34.89846896970781;77.02292429829494
0.0;35.0;17.236678520839085;-0.7244028197623369;0.9694799287451862;0.0;0.0;1.6042394567229874;0.2799309130625401;1.4807938004677;39.14937376937349;35.970681783395;-0.3092299485577902;0.3642182296849653;432.4605082750356;35.86278733210589;76.77229569490399
0.0;35.0;17.1924749474708;-0.7244166071561049;0.9694308752177128;0.0;0.0;1.5881970621557575;0.2659343674094131;1.4514721012567182;39.03591540336201;35.97063367993268;-0.3694490106127684;0.3638338782676525;432.7701309801048;35.92397651944854;76.72128371706407
0.0;35.0;18.212720664156866;-0.7245131107986761;0.9690864148728132;0.0;0.0;2.4217835966840653;0.9208037777000916;1.261849106361677;38.249398599933976;35.97029586869472;-0.6119903507881002;0.3611547511397009;450.06970330849424;36.32577519953499;76.22092801005532
0.0;35.0;19.14708600429076;-0.7245544651556598;0.9689382075194408;0.0;0.0;2.3498542020789515;0.7894741389056159;1.1883646805898938;37.91640388369035;35.97015051023371;-0.6172968932784788;0.3600126014841717;454.8603521448141;36.48435711297217;75.93434871740335
0.0;35.0;18.95719408876333;-0.7247474176637517;0.9682419619236864;0.0;0.0;2.041425998673678;0.3850067842030471;0.8981464645602519;37.37490446369838;35.96946755368172;0.4516055255293938;0.354730144756142;468.60227928520254;37.1264907636386;74.32175526770395
0.0;35.0;19.091406285231443;-0.7249127603041665;0.9676391379500814;0.0;0.0;1.8094891219523392;0.2080422996626684;0.7065068112642641;36.08255719514661;35.968876112673364;0.9006659111416416;0.350264059119149;474.8694400189048;37.56386277098215;73.116544899606
0.0;35.0;19.43740353372642;-0.7249265369728869;0.9675886509847542;0.0;0.0;1.791394230732816;0.197640184679535;0.6925170181837297;35.97655702839555;35.968826573967775;0.8777009995378494;0.3498944332284497;475.2439460798382;37.59616473990609;73.02826333232184
0.0;35.0;19.4622105825128;-0.7249678652392217;0.96743695787564;0.0;0.0;1.7381880306858206;0.1694517533396163;0.652187904880718;35.660101285970065;35.96867772534056;0.7650834964666633;0.3487878942583203;476.2481939918125;37.6895326679066;72.77029900849594
0.0;35.0;19.38913279349845;-0.7251056072769884;0.966928799150255;0.0;0.0;1.57198609794711;0.1014570241431386;0.5339661001318015;34.621794635489984;35.968179044989874;0.127698158040699;0.3451246425319153;478.40426113037273;37.96499476214511;71.92290243637927
0.0;35.0;19.49946798471709;-0.7252157800244344;0.966519487317824;0.0;0.0;1.4505418315951446;0.0673086627143458;0.4550157361035173;33.80916705842183;35.9677773122583;-0.3252112034878246;0.3422217621935172;478.942394023008;38.1497531120652;71.16928446671609
0.0;35.0;20.74776032814292;-0.7253534698506313;0.9660043681812992;0.0;0.0;1.3118440315450888;0.0403001826978158;0.3725351814737711;32.81539786283373;35.96727166246737;-0.4749360535044817;0.3386274732809545;478.31177908947313;38.34226760172082;70.07297372782807
0.0;35.0;20.459547341162786;-0.7255048951479106;0.9654332742722008;0.0;1.0;1.1745441450632963;0.0229227476372758;0.2989662781226238;32.54209303930445;35.9667109789821;0.0946949811356185;0.3347173415656205;476.1490315909864;38.51184022559591;68.77993316429757
0.0;35.0;21.78224535728008;-0.7256150005819169;0.9650149981727106;0.0;1.0;1.0838043782285336;0.0152074191238518;0.2547621064794542;32.56181891167292;35.966300270218625;0.9439229999713694;0.3319019981504892;473.7288454651895;38.61153232199754;68.01560646836093
0.0;35.0;21.640537130884137;-0.7256287624551123;0.9649625399355982;0.0;1.0;1.0729663344462483;0.0144470481676592;0.2497174590727302;32.56425615065191;35.96624875766755;1.0446780053361555;0.3315517493353531;473.3806282785876;38.62274572359458;67.94091787583719
0.0;35.0;22.363836125187085;-0.725656285330753;0.9648575076679392;0.0;1.0;1.051614304390768;0.0130384609713125;0.2399258588111987;32.56911180131559;35.96614561661761;1.2322514475854522;0.3308523601444521;472.655273994135;38.64439151247061;67.8078592056156
0.0;35.0;22.498333831682764;-0.7256700463331872;0.9648049336416236;0.0;1.0;1.0410981613468604;0.0123865379227468;0.23517498919468;32.571530243578565;35.966093988122864;1.3176070955025665;0.3305032189890167;472.2784082339204;38.6548327685502;67.74973623456658
0.0;35.0;21.913866485323947;-0.72571132759885;0.9646469800178532;0.0;1.0;1.0101765048566973;0.0106199079515151;0.2214794081464123;32.57874822078047;35.96593887078437;1.532938720393168;0.3294580046133831;471.092653540173;38.68468179510594;67.60976389038308
0.0;35.0;21.652082948226344;-0.7257250874401694;0.964594251635382;0.0;1.0;1.0000747398081302;0.0100889125539393;0.2170938033638046;32.5811418138494;35.965887087727;1.5897020611408748;0.3291103348904048;470.6794513462722;38.69415389988266;67.57459038737464
0.0;35.0;21.14255065393685;-0.7258213982010148;0.9642240727307416;0.0;1.0;0.9321350102922576;0.0070454639134442;0.1887321677748028;32.59772491969652;35.96552352464803;1.759707655056507;0.3266868980447419;467.5486975007638;38.75418462710191;67.48014547592909
1.0;35.0;22.19311828502472;-0.7261102451194051;0.9631021996642676;0.0;1.0;1.7547756947783504;1.0023994146483168;0.1240056238428228;32.645709703273035;35.96442148372522;0.8355080872274664;0.3195231341717589;457.99028933461335;38.87847717971889;68.11531671809695
0.0;35.0;21.72464519603773;-0.7261789993182447;0.9628325822202956;0.0;1.0;1.6687742255405704;0.7756375588160258;0.1122048779945158;32.65675487022711;35.96415658480318;0.6652806178811405;0.3178407602913472;462.8514851006895;38.89794740438606;68.28326380490363
0.0;35.0;21.193421612656785;-0.7262064989645296;0.9627244656344692;0.0;1.0;1.635565618452313;0.7000128968314633;0.1078052433370218;32.66113296198429;35.96405035525566;0.6263108602866146;0.3171702936368321;464.103136843164;38.904820140103446;68.3409021509267
0.0;35.0;21.10078253130272;-0.7262202483519411;0.962670349577022;0.0;1.0;1.61920996226779;0.6650122519898901;0.1056705476974243;32.663313497393794;35.96399718263782;0.6133347873704721;0.3168355908626346;464.6241332746105;38.90806981212432;68.36746578901251
0.0;35.0;21.31593815029952;-0.7262339974488743;0.9626161950127304;0.0;1.0;1.603017862645112;0.6317616393903956;0.1035781222203307;32.665488377591565;35.96394397146009;0.6046546881410655;0.3165012412928491;465.0854291922965;38.91119805232473;68.39250452595488
0.0;35.0;20.715419353735097;-0.7262889909315965;0.962399191730864;0.0;1.0;1.5398525628156228;0.5145738037937234;0.095614628542374;32.67413162143535;35.9637307411929;0.6106720652688992;0.3151673676091487;466.4476981811757;38.92254065595591;68.47766223867968
0.0;35.0;21.05265595761824;-0.7263164859298861;0.962290459105426;0.0;1.0;1.509209496815592;0.4644028579238354;0.0918655126239879;32.67841966887087;35.96362389475539;0.6356150024680911;0.3145025403214856;466.8989266014782;38.92753948566335;68.5117597983723
0.0;35.0;20.62433406819328;-0.7263989639519404;0.9619633374999962;0.0;1.0;1.4208907825393515;0.3413787748428854;0.0814773727843783;32.691150817253245;35.96330243043248;0.7731399339285028;0.3125164611191761;467.5947393590256;38.940038790736;68.5864523330727
0.0;35.0;20.578241393346875;-0.7264676876466524;0.9616896779825584;0.0;1.0;1.351252996189548;0.2641523884405293;0.0737237626109881;32.701609320722014;35.96303348384447;0.922054457204341;0.3108709792270794;467.6027353323352;38.947816317007366;68.62725185865727
0.0;35.0;20.489591503397968;-0.7264951750904642;0.9615799448871324;0.0;1.0;1.324363061565376;0.2383975305675776;0.0708330099436091;32.70575474407664;35.96292563554481;0.9808105190101748;0.3102152149215916;467.4887219954467;38.9503088516157;68.64074405459043
0.0;35.0;21.08773706594052;-0.7266051132413586;0.9611394741535104;0.0;1.0;1.2220489885557673;0.1581577925473898;0.0603598451915702;32.722122050499394;35.96249270183813;1.1616574270904796;0.3076059615183532;466.4648095322504;38.95706419593875;68.6921013690488
0.0;35.0;20.80809044710412;-0.7266188542023828;0.9610842422835264;0.0;1.0;1.2098284986702097;0.1502499029200203;0.0591646291864565;32.7241440601603;35.96243841185334;1.1754664247889255;0.307281351771648;466.2786354988897;38.95757149879684;68.69894658447885
0.0;35.0;20.999772586109994;-0.7266738151399688;0.9608629303920728;0.0;1.0;1.1621564286068935;0.1223794849902498;0.0546157941168928;32.73217953883184;35.96222086696058;1.2079726710559542;0.305986334706483;465.4159073614682;38.95891193575135;68.7280645200764
0.0;35.0;21.020464947213352;-0.7266875546477101;0.960807506327396;0.0;1.0;1.1505348643208249;0.1162605107407373;0.0535343181963851;32.734175332484405;35.96216638450985;1.2104650776859494;0.3056634341160196;465.1717659396373;38.95908139503575;68.73575679127893
0.0;35.0;20.35017323608832;-0.7267425097718506;0.9605854257678162;0.0;1.0;1.1051992000324755;0.0946949126265226;0.0494183631324329;32.74210658456696;35.961948069862224;1.1997414876248758;0.3043752356584986;464.0869992861244;38.95913418691376;68.76764881705381
0.0;35.0;20.37393101160264;-0.7267837230626616;0.9604184618945024;0.0;0.0;1.0723736785923113;0.0811890507131648;0.0465404312836011;32.64812262844242;35.96178392985067;1.1681916316322605;0.3034126508677353;463.164537246509;38.95855070289189;68.79178096970007
0.0;35.0;20.23373522421799;-0.7268249337370414;0.960251152270521;0.0;0.0;1.0405231079644408;0.0696094623551997;0.0438300977951137;32.35579364459204;35.96161944359691;1.0600361530944309;0.3024531102453894;462.1534279990716;38.95746703413202;68.81143041953524
0.0;35.0;20.23157136151239;-0.7268798772326521;0.9600275350417312;0.0;0.0;0.999522345823441;0.0566973421474498;0.0404602415202599;31.969329372168247;35.9613995900953;0.800178766535411;0.3011784414868664;460.6741141150397;38.95529356326309;68.81625854128684
0.0;35.0;19.390164807658422;-0.7269622837533851;0.9596909572103492;0.0;0.0;0.9410304474754914;0.0416777564325814;0.0358849612637951;31.39664643239849;35.96106865620752;0.282734520487487;0.2992765037848384;458.1915123687817;38.95060039119625;68.73836156036364
0.0;35.0;19.024794164195427;-0.7271133351854885;0.9590703089601248;0.0;0.0;0.8425405580470051;0.0237063117047281;0.0287982694117936;30.368216851378588;35.96045835002877;-0.4973625783215301;0.295820757746972;452.8989668180391;38.93811013991447;68.19378937143237
0.0;35.0;19.13392735550393;-0.7271407953014586;0.9589569650189796;0.0;0.0;0.8257740009418698;0.0213949463135171;0.0276690569956608;30.18417161544336;35.96034688574395;-0.5668900977813763;0.2951967410110413;451.8430570974608;38.93536454279744;68.03297783232168
0.0;35.0;19.92746523151519;-0.7273192576948145;0.9582164902822108;0.0;1.0;0.7246340460724605;0.010982926312234;0.0213341833707547;29.99738519033008;35.959618623339104;-0.0189471940494642;0.2911725939106432;444.3653942607704;38.91454041805076;66.67811691403247
0.0;35.0;20.147103332425893;-0.727429056268959;0.9577575935947004;0.0;0.0;0.6686522214152;0.0072862977108783;0.01817974134806;29.273677050204057;35.95916723722688;0.6612913539125777;0.2887235100325906;439.2954271553469;38.89953918532679;65.856017969937
0.0;35.0;20.011776354605864;-0.7274839485728831;0.9575272257301826;0.0;0.0;0.6423046559690776;0.005934735024871;0.0167819916020592;28.917075912819865;35.95894062329794;0.8061245993195522;0.2875067037719736;436.6441542248471;38.89151770494291;65.49816267050954
0.0;35.0;19.84992275626813;-0.7274976709213987;0.9574695380055844;0.0;0.0;0.6358816094093869;0.0056379982736275;0.0164496796564911;28.82846704813388;35.95888387391598;0.8201502423310421;0.28720330432605;435.9701035507971;38.88946304594598;65.41438353946859
0.0;35.0;20.02137676810014;-0.7276348784006523;0.9568905547079578;0.0;1.0;0.5750799293775993;0.003375677829783;0.0134678040386674;28.25305079002242;35.95831427092715;0.5981519374917403;0.2841868636246348;429.0034364681684;38.86794472884439;64.67059097773111
0.0;35.0;20.02744638133113;-0.7276485975478764;0.9568324458240142;0.0;1.0;0.5693291300838234;0.0032068939382938;0.0132011179277521;28.26593398811585;35.95825709976147;0.5747042309949517;0.2838869675323654;428.285755321828;38.86570416072054;64.60350247120572
0.0;35.0;20.169430118880904;-0.7277309063187511;0.9564829888624616;0.0;1.0;0.5360120744496593;0.0023573617281342;0.0117083093341375;28.342569614204923;35.95791326791158;0.5384653358041752;0.2820942252497551;423.9076606866961;38.85196377021335;64.23357611211496
0.0;35.0;19.540564984365727;-0.7279366323963036;0.9556033217221932;0.0;0.0;0.4610016628190378;0.0010921450149588;0.0086736592784349;27.056376193284777;35.95704765452199;0.1816069783442197;0.2776617432757732;412.495244037243;38.81573359595653;63.49427945162681
0.0;35.0;19.51419803784556;-0.7279914816197771;0.9553672909734924;0.0;0.0;0.4428363579073331;0.0008895589405903;0.0080067764966238;26.721251588236008;35.95681536924997;0.0200553602507175;0.2764915561042692;409.35775248288985;38.80570323036041;63.28967457643696
0.0;35.0;19.48134885182096;-0.7280051931976725;0.9553081877436668;0.0;0.0;0.4384079943282598;0.0008450809935608;0.0078482265172667;26.63797919843132;35.956757202244624;-0.0178678185222898;0.2761997806992994;408.56808722037295;38.80317528022205;63.23544676907614
0.0;35.0;20.892034075956683;-0.7281834172088701;0.9545363692970428;1.0;0.0;0.3847122316738602;0.0004338156377744;4.695160324077857;26.85329589645113;35.95599754942785;-0.2862164738801198;0.2724346017788784;398.1366481374505;37.96077453920761;62.46729153467973
0.0;35.0;20.604407849056265;-0.7281971247094374;0.954476731310465;1.0;0.0;0.3808651093571216;0.0004121248558857;5.010184445655627;26.86957527711899;35.95593884685089;-0.2862231050188535;0.2721471075878015;397.32310330246526;37.84628617873633;62.40881997705466
0.0;35.0;20.46924925789117;-0.7282245388367204;0.9543573408025228;1.0;0.0;0.3732858936809149;0.0003719426824368;5.620522239666547;26.90201413674436;35.95582132698666;-0.2779626828563879;0.2715730290442152;395.6919517732612;37.601824178485295;62.29461264245193
0.0;35.0;20.64854109975558;-0.728251951798844;0.9542377975974422;1.0;0.0;0.3658575043966647;0.0003356782708992;6.205179880697311;26.93429377589464;35.95570365419103;-0.2596875110927808;0.27100016148603;394.0556631703059;37.33894110896806;62.185021878024685
0.0;35.0;21.19264631318179;-0.7284438099055761;0.9533967212505484;1.0;1.0;0.3178371750147105;0.0001637018937503;9.827860900528044;27.355370842751444;35.95487566412668;0.0275736709006686;0.2674025807127477;382.4843418116434;35.125872470374546;61.62785560264346
0.0;35.0;22.3488449323816;-0.7286219127253886;0.9526090288035216;1.0;1.0;0.2789088029660108;8.403507117459475e-05;12.656082937905152;28.82776489202177;35.954100112847684;0.9254580376421208;0.2742363065469987;371.6167212360234;32.776708374329864;61.69890057675097
0.0;35.0;22.47336048599848;-0.7286493087877751;0.952487273651141;1.0;1.0;0.2733585177869871;7.584165173507176e-05;13.040003122456428;29.050166823674783;35.95398022467472;1.072173331032509;0.2756870996650373;369.93901533267785;32.40756202963884;61.78996832152949
0.0;35.0;22.634241697553964;-0.7287040974149875;0.9522433061719996;1.0;1.0;0.2625871014856939;6.177349934853929e-05;13.76919777754314;29.491725121040872;35.953739990437505;1.3194649439149708;0.2786512573451501;366.5812250017463;31.671634561493605;62.04372534967168
0.0;35.0;24.3123521455898;-0.7288547420915368;0.9515692536726656;1.0;1.0;0.2351042770350575;3.513677212968899e-05;15.703008493374869;30.6840028941714;35.953076199407185;1.5444720105696927;0.2869186652499165;357.3434225216872;29.677108454110744;63.19416560677816
0.0;35.0;23.9954888770024;-0.7289505885190268;0.951137913012724;1.0;1.0;0.2191325497691023;2.453731844250925e-05;16.819274505745256;31.426217093283928;35.95265138497859;1.367129961591086;0.2921639548597128;351.47326375471187;28.43509530894251;64.17785516736836
0.0;35.0;23.911107475875525;-0.7289779705884541;0.951014330377508;1.0;1.0;0.2147718120286971;2.21449298943646e-05;17.098783436799543;31.63595811003909;35.95252966643662;1.2900902512457164;0.2936565105931339;349.79864964418465;28.0888319749776;64.47844241564178
0.0;35.0;24.54058977841639;-0.7291285511203642;0.9503319065142828;1.0;1.0;0.1922934192457549;1.259603816737032e-05;18.50198161737945;32.77139819486647;35.95185749074434;0.8625753897456606;0.3018116406350874;340.6185127957562;26.27239363304699;66.15892281943253
0.0;35.0;24.28619338551873;-0.7291559256076473;0.9502073351787108;1.0;1.0;0.1884667802027644;1.1367924446051711e-05;18.724248260114603;32.974584449567445;35.951734781920734;0.8072394472119266;0.3032843884043447;338.9561334393977;25.958770524367893;66.45565394833493
0.0;35.0;23.233414205115928;-0.7293064644326217;0.9495194757758084;1.0;1.0;0.1687415179725042;6.4660764739060384e-06;19.68618364719166;34.07453935779759;35.95105716195712;0.7197012055863299;0.311329294131521;329.8600535500932;24.354609605982024;67.97215053438025
0.0;35.0;22.93829934842123;-0.7293475143499225;0.9493310800201596;1.0;1.0;0.1637297261472029;5.543852316815189e-06;19.878093302442807;34.36943346734604;35.95087155748629;0.7541705398711233;0.3135072071988554;327.39488080225647;23.95801609128685;68.34928715349297
0.0;35.0;23.15249970063905;-0.7293748795027738;0.949205292979337;1.0;1.0;0.1604715045968736;5.003326715925708e-06;20.006785745374348;34.56483248251856;35.95074763099395;0.7868546625322259;0.3149553224551362;325.7555357275661;23.703513000785687;68.59270769614878
0.0;35.0;22.733732564904045;-0.7294159250439172;0.949016327662833;1.0;1.0;0.1557053404388418;4.289727243066804e-06;20.16643914468744;34.85614705936069;35.95056145603738;0.8458871143577553;0.3171217706473705;323.3029491564272;23.33714183255163;68.94699807296773
0.0;35.0;22.96170578578351;-0.7294296063074428;0.9489532632993434;1.0;1.0;0.1541482870344534;4.075240880913464e-06;20.221789395864374;34.952778514826086;35.95049932167029;0.8672799369124469;0.3178423966000515;322.48718859599234;23.219015110223687;69.06246601653956
0.0;35.0;23.24203103209097;-0.7294980082483545;0.9486373721603364;1.0;1.0;0.1465934871788944;3.153343709371545e-06;20.52594773671253;35.43241114055861;35.95018807958503;0.976632478431386;0.3214341361313801;318.42222385370684;22.65261989550345;69.62313886729936
0.0;35.0;23.37337053198531;-0.7295390459113628;0.9484473821108036;1.0;1.0;0.142239514016194;2.7035980628224285e-06;20.69630264472504;35.71739154346748;35.95000087822368;1.0366180021833384;0.3235800962476156;315.99475549677857;22.332099298996408;69.94852108945616
0.0;35.0;24.004861985467443;-0.7295800809480303;0.9482570506202238;1.0;1.0;0.138014858210399;2.3179973891123795e-06;20.8713853869954;36.000291266037344;35.949813334862014;1.0867380576700976;0.3257192698752391;313.57630508641904;22.024897317886484;70.26747366682673
0.0;35.0;23.47862359240556;-0.7296074361799878;0.948129973304186;1.0;1.0;0.1352683625320121;2.0919926436739224e-06;20.97727721264261;36.18774264305309;35.94968811598741;1.1130790135726671;0.327141625933921;311.96916261067776;21.82706884410615;70.47711067520143
0.0;35.0;24.166986945072047;-0.7296621431417432;0.9478753635900862;1.0;1.0;0.1299382493274843;1.7039410832264326e-06;21.20393253691752;36.55990923611239;35.94943722240797;1.1464110287845115;0.3299773432877323;308.7676368867616;21.44727829037791;70.89025147832132
0.0;35.0;24.019641219538283;-0.7296894948714536;0.9477478312327616;1.0;1.0;0.1273524781658674;1.5378068276118555e-06;21.313988624105765;36.74463332148593;35.94931154774327;1.1531239461419445;0.3313907172192162;307.1734154025725;21.264450459833128;71.09402913473332
0.0;35.0;23.951261114823687;-0.7297031702985028;0.947684008187972;1.0;1.0;0.1260789533842087;1.4609164862312628e-06;21.366210363010804;36.83665749092829;35.94924865345098;1.1540618240147746;0.3320962857569463;306.377974109749;21.17484356543453;71.19524687301916
0.0;35.0;24.13468285389884;-0.7297305202769421;0.9475562483788303;1.0;1.0;0.1235699822118629;1.3184771288237143e-06;21.47484048259265;37.02003282472437;35.94912275095906;1.1513669235767936;0.3335051899081523;304.7904773584282;20.99896636781928;71.39633783261053
0.0;35.0;24.440012986694907;-0.7297441948283212;0.9474923116195888;1.0;1.0;0.1223342823897443;1.2525532723825287e-06;21.53355511127228;37.11138508163322;35.94905974276448;1.1478791590224402;0.3342085270919568;303.9984402087427;20.912534557466447;71.49620097770513
0.0;35.0;23.97417475583328;-0.7298399085145733;0.9470436932570662;1.0;0.0;0.114023545476549;8.747046654489934e-07;21.876258426736545;37.34658510220958;35.94861762259682;1.0178337007208726;0.3377726527734002;298.48693877612584;20.33586276155818;72.17756127158374
0.0;35.0;23.81381109761288;-0.7298535807306276;0.9469794533720588;1.0;0.0;0.1128833100217835;8.309694321765437e-07;21.91462466552649;37.33726089865682;35.94855431077382;0.967184756201082;0.3378367590581909;297.7043612698193;20.257905396770177;72.27000537215332
0.0;35.0;23.98310779764461;-0.7298809242868968;0.9468508599670444;1.0;0.0;0.11063693215235;7.499499125393307e-07;22.00007715942158;37.31867955571239;35.94842757330385;0.844288659045603;0.3377456076503857;296.142870587095;20.10468181313885;72.44839318541794
0.0;30.0;25.09093735545505;-0.7301816263208185;0.9454263383107898;1.0;0.0;0.0886899491460798;2.426339537565729e-07;22.858502355688863;37.12006820435053;34.761836705103526;-0.5790806638951351;0.3311841108654254;279.3040849817933;18.41762737891116;71.67107316772955
0.0;30.0;25.557839033650698;-0.7302499479793542;0.9451000297441486;1.0;0.0;0.0843432591640589;1.877455282070926e-07;23.10940682726689;37.07637354631794;34.24520123411671;-0.5767705622464492;0.3294489936342706;275.56730805288583;17.952466786471966;70.90159670272301
0.0;30.0;25.7520622438975;-0.7303729085619567;0.9445102928921858;0.0;0.0;0.0770490219553504;1.183265083309551e-07;20.62348000838922;36.40340060277721;33.26718088169101;-0.2856667707202699;0.3263372895046366;268.92903306563426;17.2773009039906;69.37235230685172
0.0;30.0;25.890099504054685;-0.7304138901643294;0.9443130337996732;0.0;0.0;0.0747605889542546;1.0145019008025261e-07;19.422462168586843;36.08342604069529;32.946138201852804;-0.151395319080579;0.3253055995794001;266.741796926038;17.216513268454072;68.85933079622315
0.0;30.0;26.665183962763145;-0.7304685282104995;0.9440494928733064;0.0;0.0;0.071814723454707;8.263181388405374e-08;17.92919247931673;35.660414286596335;32.53291448163129;0.0219063211163199;0.3239348499228017;263.8455905993736;17.241446836132557;68.19136202179132
0.0;30.0;26.49111551006656;-0.730495845480477;0.9439174958277002;0.0;1.0;0.0703856104579583;7.457521203035851e-08;17.226178863425442;35.64996210020011;32.334754692140585;0.1184205249764571;0.3232515887630603;262.40616056304214;17.292917434526178;67.86831873564326
0.0;30.0;26.36807370384002;-0.7306324142975902;0.943255245620983;0.0;1.0;0.0636554844367298;4.465093419411e-08;14.10360268764763;35.598438864455844;31.456058716778188;0.8598313174835446;0.319856643070689;255.29660001458657;17.848752828896952;66.47533662089393
0.0;30.0;27.11728540226973;-0.7307006877470069;0.9429227054690374;0.0;1.0;0.0605357323208943;3.4550041720969244e-08;12.761467561113696;35.573131983578506;31.0986013965492;1.2181163713442045;0.3181725229069738;251.79704821945603;18.26580577055368;65.97792427625025
0.0;30.0;26.84758901019223;-0.7307553012455241;0.9426559944272492;0.0;1.0;0.0581503829298791;2.81412249194902e-08;11.780319391840868;35.55310140360535;30.855201385911545;1.42534101497072;0.3168316087514889;249.02413367484883;18.646478833963048;65.6923344373624
0.0;30.0;25.48806991765085;-0.7308372127241369;0.9422547967308248;0.0;1.0;0.0547474312085479;2.068638623057141e-08;10.448206118452816;35.523409401627326;30.56123411743341;1.5608356975615836;0.3148308231946192;244.9095295218674;19.2767039622812;65.44656123753082
0.0;30.0;25.55611236499004;-0.7308508636140923;0.94218779851682;0.0;1.0;0.0541999568964625;1.9652066919042842e-08;10.241317790555566;35.5185016515334;30.520370543854128;1.5625571475077744;0.3144985893402273;244.22900089019825;19.387293106350462;65.42518414141324
0.0;30.0;25.82107333436358;-0.7308645142117172;0.9421207626152652;0.0;1.0;0.0536579573274978;1.866946357309069e-08;10.038526125329732;35.51360551613625;30.48177065319328;1.5587011294594406;0.3141667060609222;243.54997184485515;19.49922307026633;65.4088758714913
0.0;30.0;26.534256498095864;-0.730891814529914;0.9419865777603856;0.0;1.0;0.0525901639766806;1.684919087471435e-08;9.644909911840251;35.5038479763543;30.41124618068174;1.5353246396872329;0.3135039897651289;242.19641614113024;19.72677646103564;65.39051166625994
0.0;30.0;26.39348394511576;-0.7309600602090731;0.9416504562796342;0.0;1.0;0.0500127226644327;1.3037582711152916e-08;8.727075434043076;35.47965541244198;30.27229029620799;1.4017926739915725;0.311853308467615;238.83882724023647;20.31371229558719;65.4155086179834
0.0;30.0;27.88872233672906;-0.7311238200145734;0.9408399234342292;0.0;1.0;0.0443305207630875;7.044989336707469e-09;6.864960746169731;35.422748523645815;30.12922383003415;0.9212786134388024;0.3079270463003434;230.9342398077945;21.78764697881408;65.71176577102983
0.0;30.0;29.05690002271937;-0.7312056841256483;0.9404326245052368;0.0;1.0;0.0417363053110558;5.178714530953258e-09;6.088673992349907;35.39489536487432;30.138334063943905;0.7573181257781412;0.3059824912585019;227.0633615530696;22.53862054757641;65.88678484731221
0.0;30.0;29.542833819842148;-0.7312875377073517;0.940023971353428;1.0;1.0;0.0392939029596985;3.80683105556559e-09;6.557382298284845;35.56694780761114;30.18637608312763;0.7037143626732735;0.304429014852004;223.24672271201968;23.24161067891881;66.03716960309636
0.0;30.0;30.526322992227133;-0.731342100911593;0.9397507838634356;1.0;1.0;0.0377455664004136;3.1006876874522703e-09;8.357242212325785;35.94497430792693;30.23467989198744;0.7273285759026021;0.3054511636194478;220.73238442428595;23.47970305353904;66.12706891485341
0.0;30.0;29.40823510013108;-0.7313830202431612;0.9395454985410084;1.0;1.0;0.0366244853327549;2.65845210602939e-09;9.603263371075904;36.22608013697298;30.2772988670972;0.7695865107216796;0.3069564538510775;218.86239894913035;23.52969908887996;66.19756141701454
0.0;30.0;28.77425874731253;-0.7314921255879221;0.9389964176157084;1.0;1.0;0.0337950495269528;1.7636714427433343e-09;12.45992484547462;36.96570219746442;30.408298620235826;0.9362426959324556;0.3121317433893997;213.94167160769672;23.26068662747236;66.43631228446617
0.0;30.0;29.99718876732898;-0.7315739423075778;0.9385830293309564;1.0;1.0;0.0318173682776497;1.2964605752875192e-09;14.370350012312745;37.51101036696658;30.514170015224938;1.058283609853511;0.3163639436462034;210.3137991378895;22.773731245985623;66.6939209743109
0.0;30.0;30.213774777331658;-0.7315875774033536;0.9385139998658044;1.0;1.0;0.0314991945948732;1.2316375465231431e-09;14.684070780602768;37.60112054743055;30.53187917483838;1.0750173501795035;0.3170767851688926;209.71435693507075;22.67359948935478;66.7447850653323
0.0;30.0;31.65221696554186;-0.7316421148600324;0.9382375066271532;1.0;1.0;0.0302580006460487;1.0031764793777659e-09;15.95241400578658;37.95936808103816;30.60189844254374;1.127177568025587;0.3199338492037433;207.3314083319784;22.22322658806466;66.97186055778948
0.0;30.0;31.13669249822553;-0.7316830148796685;0.938029742628761;1.0;1.0;0.0293593077688605;8.600984340065121e-10;16.848339678966195;38.225765807012806;30.65290180154323;1.1491264069738871;0.3220769321759597;205.5597201713848;21.83875354931056;67.16667190433488
0.0;30.0;31.40869690916139;-0.7316966476342016;0.9379604129165298;1.0;1.0;0.0290657146911718;8.17093512306186e-10;17.136654086943715;38.3141320809131;30.66950407670077;1.15307088416783;0.3227906645784708;204.97210672556184;21.70334824035657;67.2361070118212
0.0;30.0;31.68701583694096;-0.7317102800960658;0.9378910456859216;1.0;1.0;0.0287750575442601;7.76238836690877e-10;17.424770577708045;38.40228274936732;30.685876326267184;1.1553614530863463;0.3235039523139001;204.3859654629294;21.564497655936165;67.30770638140424
0.0;30.0;32.25149453656636;-0.7317239122652458;0.9378216409396322;1.0;1.0;0.0284873069688175;7.37426894856333e-10;17.718359406094322;38.49021833760934;30.70200178591271;1.1560405157439462;0.3242167363297868;203.80129487350945;21.422141029508857;67.38140815185585
0.0;30.0;31.905673950825943;-0.7317375441417265;0.9377521986805168;1.0;1.0;0.0282024338991294;7.00555550113516e-10;17.999287103090072;38.577939369593565;30.71786473557305;1.1551646069083965;0.3249289738661347;203.21809342278803;21.276702313168386;67.45714397000256
0.0;30.0;31.51209251522581;-0.7318465886161427;0.9371953104779148;1.0;0.0;0.0260236462503757;4.6476286519825565e-10;20.060210618021227;39.172167824907895;30.83376241874709;1.0977500239863334;0.3305028110704449;198.60517885652635;20.024570822050155;68.12629656982097
0.0;30.0;31.588962268167297;-0.7318874754640027;0.9369858587764182;1.0;0.0;0.0252507179330933;3.984760615493544e-10;20.733053370745488;39.130803151166326;30.871527497001303;0.9946532110888068;0.3313820180392804;196.8993782618028;19.52856578974425;68.39645713380057
0.0;30.0;31.02448420397057;-0.7319147318988134;0.9368460369069148;1.0;0.0;0.0247482286462247;3.5962464554829233e-10;21.138340324074235;39.103392674862896;30.89483095656509;0.8845258091562396;0.3314456157730956;195.769425531404;19.19365932032824;68.57584713360812
0.0;30.0;30.198264248051213;-0.7322417177611319;0.9351564890568176;1.0;0.0;0.862387335654965;0.4181203353241839;24.659066123150986;38.7845833758473;31.056777241741088;-0.5840056428517867;0.3246191418684781;205.11277780802496;15.261475882797006;69.79931585551668
0.0;30.0;30.7226090659199;-0.7322825791331434;0.9349437798211998;1.0;0.0;0.8367735693986768;0.3584859224985722;25.001132645971545;38.74601481262355;31.06323698212536;-0.5787617719953356;0.3235975921276234;205.962346438488;14.805893060916103;69.78338898008612
0.0;30.0;30.17550983231596;-0.7324187646663678;0.9342323186132128;1.0;1.0;1.6795077114332193;0.8780591952859045;25.977137669779747;38.918355618201126;31.068191340448344;-0.2303459347654311;0.3210042698297143;228.2663078356943;13.356929251705765;69.53878325625217
0.0;30.0;30.93688958618811;-0.7325549209028319;0.9335171204771564;1.0;1.0;2.441661363487183;1.189146906344659;26.75569839879679;39.77550907388832;31.05407353397996;0.7624295427556832;0.3257243371717506;276.11974142435446;12.059032450695709;69.27472328811605
0.0;30.0;30.761379875114777;-0.7325957620600954;0.933301832762692;1.0;1.0;2.36914157933025;1.019544828827252;26.992971768290094;40.02859824407654;31.04734539144952;1.0733564938290672;0.3276919539494205;284.5251442917837;11.69636660745579;69.25638193403526
0.0;30.0;30.42878186150457;-0.7326366005800141;0.9330862090595776;1.0;1.0;2.2987757052825626;0.8741322476157651;27.199286110039584;40.279839247641725;31.039831902999136;1.342949142258776;0.3297290037465987;291.26512364004293;11.346116146643986;69.2810229684247
0.0;30.0;31.586587699085765;-0.7327046589187004;0.932726089790483;1.0;1.0;2.186112822675572;0.6763868700591089;27.554781422506984;40.694503768269946;31.026068105845752;1.654651234557951;0.3331909617229209;300.14865519785644;10.789596223260382;69.42750708194194
0.0;30.0;32.71698210258911;-0.7328407536142721;0.9320030534352688;1.0;1.0;1.9770812507746889;0.404977804320218;28.35884086308183;41.50878993389077;30.996577717642456;1.6849131865789957;0.3401616801041917;313.1127619128571;9.746840032629612;70.09764275278899
0.0;30.0;33.410996984983115;-0.7329496082651693;0.9314219400439152;1.0;1.0;1.8243412346052603;0.2686705496046166;29.03026108596845;42.14604507677237;30.973753511286205;1.301512268351249;0.3457077578223169;320.91663057915395;8.954572300838164;70.88630185816801
0.0;30.0;34.012121644981065;-0.7329904239219429;0.9312034077036744;1.0;1.0;1.7701564755962496;0.2303514124672581;29.30096775200901;42.38182265935307;30.965788169445624;1.128736341896203;0.3477765237176405;323.4281079481036;8.664508377320104;71.20843103043634
0.0;30.0;33.335251704361696;-0.7330176328938169;0.9310575332313236;1.0;1.0;1.7349303617318843;0.2078921497517004;29.45938291360637;42.5380502949404;30.960714228190785;1.01753340355449;0.3491521817180515;324.99201111347446;8.473228110979207;71.42545108820582
0.0;30.0;31.672604165957907;-0.7332760596256764;0.9296642992129418;0.0;0.0;1.4333450294026078;0.0784488516476138;21.563431040137804;40.84637973472595;30.92412348292216;-0.2112632370746088;0.3502261016687325;336.0464187479621;8.678655206485127;72.9835687664712
0.0;30.0;32.19579760671333;-0.7334120311674236;0.928925624820522;0.0;1.0;2.2472816017946866;0.8207511628222581;17.65464454683826;40.27668843488934;30.913779341954047;-0.3630664136085391;0.3467159816223675;350.2917035082874;10.208171380499758;72.90037000038544
0.0;30.0;32.450098462049;-0.7334528169095863;0.928703297806189;0.0;1.0;2.1805350909397823;0.7036915282247336;16.626518197024115;40.22715441745638;30.911773562122548;-0.1747425830600047;0.3456309795966297;354.96134117284674;10.769346434171045;72.75406779338817
0.0;30.0;32.20783120525786;-0.733493600011309;0.9284806364587208;0.0;0.0;2.11577101820378;0.603327524011681;15.658265254997412;39.97846532265824;30.91022333509465;0.0717577330411925;0.3445441319960545;358.94052109123515;11.362752698040326;72.57199667189471
0.0;30.0;32.65411186960154;-0.7335071937917688;0.928406341727126;0.0;0.0;2.094613308021742;0.573161147811097;15.348210861187829;39.862760256602;30.90980211168271;0.1487717848709076;0.3441818982219769;360.1466041261264;11.566491198098683;72.50485747500692
0.0;30.0;33.538795455862164;-0.7335615659795053;0.9281087914680785;0.0;0.0;2.0120771861785864;0.4668433371493122;14.168184448034818;39.40274838682047;30.90856049859241;0.4070618609042438;0.3427346956958591;364.4959560192133;12.40486114536768;72.20964821788772
0.0;30.0;34.73079712073473;-0.7336567060109916;0.9275866493420007;0.0;0.0;1.8753874225512608;0.3260141137642336;12.317227990994336;38.60843508853963;30.90788432476536;0.6181826199972018;0.3402129222191855;370.7185662461214;13.93113060468149;71.61370262620672
0.0;30.0;34.93201944740639;-0.7337654198676818;0.926987689335844;0.0;1.0;1.7305037941560284;0.2162844239597893;10.496049465655892;37.91659300879637;30.90892131350864;0.5107615919755654;0.3373518517006761;376.2512989031193;15.705527593139092;70.83739833971342
0.0;30.0;35.655498298449;-0.7337790077790415;0.9269126524458356;0.0;1.0;1.7131987562144682;0.2054702027617998;10.288213776166929;37.905782218803374;30.90915428747851;0.4979574211977435;0.3369958739246526;376.8444183045123;15.92645745066134;70.7345076152719
0.0;30.0;33.49424063324389;-0.7338605290832939;0.9264616526041874;0.0;1.0;1.6129426209544049;0.1510394798152735;9.12482712727324;37.841461192298986;30.91090108028276;0.5284930567762078;0.3348678181052348;379.99339313535256;17.237471227337064;70.11146138091188
0.0;30.0;33.58947594364348;-0.7338741149399678;0.9263863562417514;0.0;1.0;1.5968131947448607;0.1434875058245098;8.944143454720425;37.83083105271376;30.9112392913174;0.5491959729602708;0.334514444764279;380.453180366784;17.45278538191452;70.00899153131462
0.0;30.0;33.89563793502818;-0.7338877005030824;0.9263110228238184;0.0;1.0;1.5808450627974122;0.1363131305332843;8.767037557989635;37.82022646950124;30.911587933996977;0.5735025112420015;0.3341614433553145;380.8951987595035;17.666995884503127;69.90756460083769
0.0;30.0;33.696801969020605;-0.7339827912250764;0.9257826515990498;0.0;1.0;1.4734509034433172;0.0951925429986881;7.62169635040818;37.746704755562;30.91423384000756;0.8111424092427906;0.3317008263416987;383.5135006583607;19.13064133741809;69.24538175308635
0.0;30.0;33.70641941700806;-0.7340778675610078;0.9252524658405806;0.0;1.0;1.3733525289417643;0.0664765030859919;6.625984515219546;37.674411138390056;30.91701481593344;1.0682224592956284;0.3292583175055003;385.3550324903247;20.520245187901747;68.71049980656156
0.0;30.0;35.02619116097503;-0.7342815541150498;0.9241102481734624;0.0;1.0;1.1811633163841069;0.0307979808914278;4.908650044542744;37.52353547682586;30.92232403693297;1.2576087978418942;0.32408475793272;386.99689146381206;23.20409986820007;68.1060816741873
0.0;30.0;35.298362647073105;-0.7343222834961963;0.9238808062714604;0.0;1.0;1.1460815847241823;0.0264054188667879;4.622792506957842;37.49400800218501;30.92317587495179;1.225471215806312;0.323059841922128;386.9870354980212;23.68989489428204;68.06432788833808
0.0;30.0;35.328029551398174;-0.7343358593691343;0.9238042517229296;0.0;1.0;1.1346207688769403;0.0250851479234485;4.531255077275495;37.48421274791517;30.92344063889575;1.2110749775061034;0.3227189240430516;386.9607109456008;23.84800503688973;68.05486111772706
0.0;30.0;35.69977128544886;-0.7343765852255012;0.9235743663764862;0.0;1.0;1.1009213974205263;0.0215073787008667;4.267375307742466;37.45496789283919;30.924175218873856;1.1597319176690446;0.3216983274613824;386.8147091193111;24.31090456919152;68.03783712685824
0.0;30.0;34.1378133436023;-0.7344308822548057;0.9232673353939488;0.0;1.0;1.057540701685782;0.0175178943729728;3.939283876502999;37.41630140751814;30.925011689620973;1.080408311042469;0.3203425510058202;386.4690462393716;24.901608791213768;68.03637039516413
0.0;30.0;34.249530719906;-0.7344444557777072;0.9231904853139236;0.0;1.0;1.0469652946689243;0.0166419996543241;3.861280822034967;37.4066927391352;30.92519491595268;1.0600774683111918;0.3200045006197169;386.3566090044266;25.044596455552924;68.03887185702337
0.0;30.0;34.66706818916972;-0.7344716019421812;0.9230366743740474;0.0;1.0;1.0261306853050127;0.0150194046880275;3.709877819732905;37.38754455114482;30.92553023201125;1.0202309462071832;0.3193294696817914;386.1014707279738;25.32500251286483;68.04640583288831
0.0;30.0;34.95120054953431;-0.7344851745837429;0.9229597135203922;0.0;1.0;1.0158693784519626;0.0142684344536261;3.636417308695111;37.37800491929756;30.92568236815517;1.001081769531759;0.3189924883775109;385.95903859912704;25.46243952527582;68.0511971527019
0.0;30.0;35.68694024727118;-0.7345123189854686;0.922805681060953;0.0;1.0;0.9956535778207684;0.0128772620943976;3.493831329234612;37.35899430032392;30.92595582571952;0.9651554477407652;0.3183195922201073;385.6451097477757;25.731832080193723;68.06226804367027
0.0;30.0;36.12220644751423;-0.7345666042632178;0.9224971732200222;0.0;1.0;0.9564208541968546;0.0104886104587749;3.225212774510584;37.321246084205;30.926381631292035;0.9064988488303816;0.3169780552167118;384.9046079682945;26.24900455726686;68.08763221415195
0.0;30.0;36.76333008000741;-0.7346073151363739;0.922265404879742;0.0;1.0;0.9280141984063538;0.0089926723920921;3.0373909736852167;37.29317207517194;30.926598393942644;0.8769703115601067;0.3159756140877243;384.2546252256648;26.618357880241007;68.10694563109348
1.0;30.0;36.63786203243168;-0.7346208848397409;0.922188074980932;0.0;1.0;1.91873405642229;1.0085430387724876;2.977246591835568;37.28385895118413;30.92665182329409;0.8701564890812414;0.3156421720324131;386.0464440967629;26.73801688033457;68.11310403000336
0.0;30.0;36.94034738443626;-0.7346751607146997;0.9218783865415494;0.0;1.0;1.843128278850367;0.8214646084741836;2.748344951631071;37.24682939609278;30.92677572632263;0.8581311520711518;0.3143119188398142;391.7059160812228;27.19973284487545;68.13520925170889
0.0;30.0;36.77056597545208;-0.7346887289487706;0.9218008722360864;0.0;1.0;1.8246969960618635;0.7803913780504744;2.6939240633656234;37.23762747135444;30.92678514174535;0.8587828079096207;0.3139802324451472;392.83076203075234;27.311004688048737;68.13996144730878
0.0;30.0;36.509938388498654;-0.7347022968889757;0.9217233210586327;0.0;1.0;1.8064500261012448;0.7413718091479506;2.6405807806662773;37.22844762421981;30.92678631287485;0.8607920703915135;0.3136488960717696;393.8662015591411;27.42064354871644;68.14436688296429
0.0;30.0;35.29955394313678;-0.7347565657109132;0.9214127476904456;0.0;1.0;2.7055676873372514;1.4612269721248128;2.437563233037539;37.1919479381833;30.92671261572226;0.8808081995821049;0.3123270434096167;415.9716086258658;27.84317655389664;68.15839149998816
0.0;30.0;35.99879329826379;-0.734837960126632;0.920945782005144;0.0;1.0;2.5472382704887937;1.0741360975714729;2.161924568577743;37.137851655190325;30.926390467681063;0.935665148342548;0.3103547024403107;435.30237454941073;28.430640520619644;68.16907532233738
0.0;30.0;34.01990350452466;-0.7349871557383363;0.9200862343984144;0.0;1.0;2.280639866280429;0.6109687114161303;1.7349849534081845;37.040676674824105;30.925286325376025;1.042077498721054;0.3067710364333739;453.1061578144146;29.37379253764331;68.16493188780646
0.0;30.0;33.56653654805014;-0.7351091984159741;0.9193796556774004;0.0;0.0;2.0834038531459567;0.3850626697302213;1.4491811085482769;36.86317798948695;30.924058931543428;1.069778280685722;0.303869746632069;461.320360332982;30.02921327438764;68.14722796280338
0.0;30.0;32.870624431758635;-0.735285440234391;0.9183537837200274;0.0;0.0;1.828230680532632;0.1976688730724798;1.117393179964369;35.47748725014499;30.922070719287923;0.3293548802575624;0.2997273683808049;468.7408178491403;30.81579741328236;67.96088980555885
0.0;30.0;33.43503429057067;-0.7353803190878461;0.9177988192948244;0.0;0.0;1.7040304653048808;0.1380395463433342;0.9714148351609768;34.74932271669144;30.920994608234235;-0.1978707205177563;0.2975202959458739;471.19993785467767;31.170859725084203;67.62224572832405
0.0;30.0;33.2954765588624;-0.7353938720332072;0.917719391789426;0.0;0.0;1.686990160651832;0.1311375690261675;0.9521795128754048;34.64630901692123;30.92084368035704;-0.2595549798310822;0.2972063293782887;471.4755833826719;31.21805377137916;67.55567591275263
0.0;30.0;34.285787555677594;-0.735461632347522;0.9173217036945286;0.0;0.0;1.6043108570590947;0.1014717511025388;0.8615675556513142;34.134987459160264;30.92010475827076;-0.487337273081709;0.2956414593824584;472.5887765448266;31.441625153155577;67.15345286786538
0.0;30.0;33.62822219211302;-0.7355022850059307;0.917082650497728;0.0;0.0;1.5566612202935826;0.0869993426015392;0.8113937073672691;33.831170233223176;30.91967621042236;-0.5524420045963173;0.2947064951048785;473.0536209010178;31.56629171877421;66.85943161667032
0.0;30.0;33.72424321303303;-0.7355158353036788;0.9170028927279013;0.0;0.0;1.5410946080906467;0.0826493754714622;0.7953270150040322;33.73039015747309;30.919536136276665;-0.562003474203157;0.2943954978788943;473.1761192176166;31.60633958058684;66.75343288777233
0.0;30.0;33.5405460109975;-0.7355293853072108;0.916923098278004;0.0;0.0;1.5256836620097405;0.0785169066978891;0.7795784643963779;33.62985524913149;30.919397518029623;-0.5656854929692462;0.2940848288413831;473.2827585712157;31.64565295423024;66.6437352316134
0.0;30.0;34.82084773644815;-0.7356513220988685;0.9162032981506748;1.0;0.0;1.3937383394498994;0.0494852340997468;3.960187890715183;33.23293952442528;30.918220068540712;-0.3801241605078149;0.2913035189610366;473.5628784803791;31.71027998291241;65.53297067413439
0.0;30.0;33.929724773928875;-0.7358544971161254;0.9149970357658456;1.0;1.0;1.1986963030277622;0.0229260749808151;11.697523901136805;33.836672644411216;30.916549195805707;0.3535600644553945;0.2894086804544072;471.59317829113735;29.558857317643053;63.77788783824322
0.0;30.0;33.88902760924698;-0.7359357485805129;0.9145122244106568;1.0;0.0;1.128548774461004;0.0168527718022578;14.187263001283796;34.22727540855248;30.91597546854024;0.8201532854680399;0.292454322555416;470.0600770019992;28.221573595280432;63.355091253241824
0.0;30.0;34.625584994003326;-0.7359763703387315;0.9142693248528364;1.0;0.0;1.0950297473107375;0.0144491452239608;15.351901798488347;34.22165529788206;30.91570603419943;0.9571022835331356;0.292895470769011;469.1505977347936;27.49372771363808;63.2346252259429
0.0;30.0;33.699038048542064;-0.7360576059064683;0.9137825384138706;1.0;0.0;1.0309487700966524;0.0106214494805965;17.471150584391008;34.210528612147655;30.91519743275015;0.9502663869449796;0.2921821628429151;467.0650523669268;25.95280179784224;63.15968844313548
1.0;30.0;32.30931396836025;-0.7363283145757061;0.9121504175652352;1.0;1.0;1.8432201513693849;1.0038076401143674;22.7824264226984;34.27438582495049;30.913702643858027;-0.3015589944218027;0.2866344780955296;459.8838587890187;20.568839459746872;63.72017855728938
0.0;30.0;31.44772455429416;-0.7363553789636543;0.9119864023561618;1.0;1.0;1.8065400703571337;0.9059363952032166;23.12495179984849;34.46989917942214;30.913562994862872;-0.3511891637173313;0.2867317944317119;462.3626734935023;20.051565431560512;63.78187870084192
0.0;30.0;31.767613388177416;-0.7364095042050017;0.9116579342108132;1.0;1.0;1.7353551834901817;0.7378908559954899;23.76560407415997;34.858072268784234;30.91328583872804;-0.288196018097283;0.2881850404114757;465.89863305687874;19.047766875845543;63.90041967589663
0.0;30.0;31.988069693102343;-0.7364230347789474;0.911575726000491;1.0;1.0;1.71800163165528;0.7009963131957154;23.92842015593302;34.954524411520374;30.91321684165725;-0.2423775931562255;0.2887091375286414;466.56340545529406;18.803091577774747;63.93034818269383
0.0;30.0;32.836529632078644;-0.7365177405482972;0.9109992477475688;1.0;0.0;1.6012897885135553;0.4895318699287835;25.01148553322552;35.12616901661202;30.912734475824017;0.1973327028046261;0.2912172406832934;469.6537656840028;17.15716048319362;64.16606227721961
0.0;30.0;32.280919100986914;-0.736544796688156;0.9108342116661832;1.0;0.0;1.5694241217221356;0.4418025126107271;25.30194932975764;35.118014846301655;30.912596226572614;0.2985714558647661;0.2911444305891049;470.1765290936428;16.7064686248326;64.24315090084941
0.0;30.0;31.675331660263208;-0.736625958036729;0.9103382291267944;1.0;0.0;1.4775816565924895;0.3247654442778947;26.08634135521191;35.0937815712994;30.9121782050878;0.4812201505630629;0.2900604855432945;471.1099944175981;15.408119066797362;64.49625048191214
0.0;30.0;31.63014699727757;-0.7366394838969179;0.9102554379035532;1.0;0.0;1.4628058400265649;0.308527172064;26.1961164877284;35.089775878681046;30.91210790459253;0.49287745574793;0.2898123967422856;471.1888386722595;15.20029155113374;64.54075193815466
0.0;30.0;31.47272342425281;-0.7366800597095089;0.910006845785874;1.0;0.0;1.419359043771936;0.2645234841483719;26.50724585029046;35.07781523126348;30.911895677402736;0.4967657741760776;0.2890128716776902;471.3141662083854;14.59253360564093;64.67597378946579
0.0;30.0;31.93021834036968;-0.7367747262917972;0.909425523656612;1.0;0.0;1.3229353809382218;0.184726614673472;27.177829123025667;35.05023330526174;30.911391567842188;0.3556582121385321;0.2869893747777199;471.0371029587212;13.263727779723528;64.98350244815816
0.0;30.0;31.703028130653145;-0.7367882489104748;0.909342332103488;1.0;0.0;1.3097060271288397;0.1754902839397984;27.26743447429155;35.04632998399152;30.911318428545066;0.3232299537428208;0.2866926136182124;470.93910222312735;13.083660875898428;65.02436695169993
0.0;30.0;31.84558851373124;-0.7368017712344275;0.9092591041766234;1.0;0.0;1.2966089668575511;0.1667157697428085;27.358088408650463;35.04243583377778;30.911244992594;0.2889073583783411;0.2863950364305612;470.8275276060738;12.905896866270565;65.06403309450543
0.0;30.0;30.565031440556343;-0.7369099392156971;0.908591971708789;1.0;0.0;1.1964390449154725;0.110602647865462;27.867033973308303;35.011610121432994;30.91064648846901;-0.0058900506458969;0.2840036291414436;469.47683855607534;11.57920573845132;65.32385601655044
0.0;30.0;29.073702145826992;-0.7369640161321649;0.9082575331197676;1.0;0.0;1.1492945727540136;0.090086547952968;28.01603403808922;34.99641329829915;30.910339782908085;-0.1300622219949671;0.2828090768825906;468.5183035677361;10.983760995253832;65.40639080948222
0.0;30.0;27.672519320876464;-0.7370451226631901;0.907754785394243;1.0;1.0;1.0820380260622071;0.0662218908546269;28.03326686693265;35.37193961831746;30.90987058854775;-0.1688759678060236;0.2823629441089785;466.7586750251788;10.191110760843436;65.46882619377135
0.0;30.0;26.169252727535373;-0.7373154011073648;0.906069523074673;1.0;0.0;0.8850064082602926;0.0237396156266587;27.64109608661851;35.8557784269852;30.90823745559043;0.6105396610632752;0.2852987177514435;458.4797906056557;8.40999904068643;65.73237518728878
0.0;30.0;26.21791438653476;-0.7374099706945187;0.9054762549373924;1.0;0.0;0.8248838058150453;0.0165782589870258;27.468468041922826;35.81491670326638;30.907646293197462;0.4159556247722936;0.2833913886940676;454.8361112193816;8.03105911962554;65.90598235847249
0.0;30.0;25.65956436447448;-0.7374775115508184;0.9050514053429304;1.0;0.0;0.7844562916537519;0.0128279407810986;27.327230013183243;35.786143883104586;30.907219703914063;0.1916852031041094;0.2819381296910794;452.0325384199471;7.817885602082926;66.01924311599447
0.0;30.0;25.556112665025275;-0.7376665867124945;0.9038570129649296;1.0;1.0;0.6814931186744771;0.0062558657525175;26.97069804985764;36.69528183075384;30.90601226631108;0.1073980879105046;0.2838655645020839;443.405037479649;7.435077003005526;66.20079134369065
0.0;30.0;25.34684888488983;-0.737680089868356;0.9037714279554404;1.0;1.0;0.6746781874877323;0.0059430724648916;26.938543391323364;36.78722704295996;30.90592552396288;0.1656002535178571;0.2844984505386942;442.7495007646078;7.418472262335683;66.21328380567674
0.0;30.0;24.164992194129983;-0.7377881044922486;0.9030854467367888;1.0;1.0;0.6225557179505505;0.0039427556978405;26.565416087267675;37.51475893118384;30.90523026583443;0.7703000139007515;0.2900832476733329;437.33987723915607;7.346810715653389;66.38576535006086
0.0;30.0;24.78669425064108;-0.7378826017946956;0.902483316631248;1.0;1.0;0.5802626118430658;0.0027533733531882;26.3364026530082;38.13979035381332;30.904620799502293;1.2731127411942826;0.2952311817298429;432.387006300412;7.35851508547335;66.70346503791582
0.0;30.0;24.70875234422985;-0.7378961002287563;0.9023971536198376;1.0;1.0;0.5744599857246352;0.0026157046855288;26.304172732630423;38.22821127100583;30.904533697875934;1.3286524990023092;0.2959702779419115;431.6643052851318;7.36388948009799;66.76443112420247
0.0;30.0;25.559712654937467;-0.7380040770751335;0.9017065503667152;1.0;1.0;0.5300799039885457;0.0017353119305983;26.082225664579955;38.9278561264089;30.90383687976367;1.5634778295975085;0.3018756138917433;425.7595728114262;7.436926447867422;67.39153933123626
0.0;30.0;24.9752580212061;-0.7380850473115919;0.9011870829632486;1.0;1.0;0.4990597072016037;0.0012756137278876;25.99773606962533;39.44368930209769;30.903314472881537;1.4987701017111728;0.3062814787408848;421.2009391491827;7.507230863561603;67.99925509747177
0.0;30.0;24.642459741317875;-0.7380985413177188;0.90110037887629;1.0;1.0;0.4940691101295877;0.0012118330414932;25.97089952739674;39.52892879566733;30.90322743314766;1.4719008167801;0.3070133317619306;420.4314054436444;7.520436326560137;68.1088119744327
0.0;30.0;24.433652029720378;-0.7381120350285967;0.9010136387452672;1.0;1.0;0.4891284190282918;0.0011512413894186;25.94045970785249;39.6139603042624;30.90314040214197;1.4414630603161656;0.3077444520756883;419.65923964786754;7.534293982009673;68.22014281880939
0.0;30.0;23.94301657065482;-0.7381390215646223;0.9008400503651056;1.0;1.0;0.4793947634896288;0.0010389953539502;25.86395992799412;39.783401391974806;30.90296636658484;1.3716479394440302;0.3092044695673692;418.1072403324862;7.564500776883835;68.44721278521433
0.0;30.0;25.11512423595304;-0.7384357955039351;0.8989210714394165;1.0;1.0;0.3842975068781226;0.0003361498500747;25.43839684143883;41.59362010406932;30.90105358407756;0.7034430027521619;0.3250651094297734;400.4771061250608;7.984754555010911;70.91471833870972
0.0;30.0;25.146794230060664;-0.7384897390442187;0.8985702953333984;1.0;1.0;1.349254651760072;0.9027737961538224;25.41743924157396;41.91242432461769;30.90070580739352;0.7150083265016375;0.3279095751509386;402.7327122200167;8.062632075849228;71.30364919717937
0.0;30.0;24.95590522022867;-0.7385167090420018;0.8983946916094846;1.0;1.0;1.3224044841900466;0.8147533510288247;25.40818781009212;42.07066184689568;30.90053187084449;0.736504172754297;0.3293273101332654;404.14388259710046;8.100256415596585;71.4901204200766
0.0;30.0;24.4396989885314;-0.7386515413056536;0.897514517405471;1.0;1.0;1.1959589114127418;0.487822927629211;25.237476956069123;42.85035390877517;30.89966139451787;0.9334425987741272;0.3363712541896125;407.03931635916894;8.294873051824586;72.36195113642623
0.0;30.0;24.058875984500848;-0.7387593858436792;0.8968077930317955;1.0;1.0;1.1035647402598987;0.3236316970404643;25.02985467125125;43.46053512259759;30.89896360610871;1.0892632025114235;0.3419531064984074;406.9102235170852;8.466719001460104;73.01911283366285
0.0;30.0;25.08532227036443;-0.7387998226697667;0.8965421794013131;1.0;1.0;1.0707877639094394;0.2774737262500681;25.012334952085418;43.6862954558846;30.89870151057318;1.1268106925230386;0.3440341756909429;406.56923074692014;8.53309564053913;73.26241870343051
0.0;30.0;25.213542357452663;-0.7388941649205378;0.8959211592699621;1.0;0.0;0.9980441697027996;0.1937702517265299;25.01345362808988;44.10679971694646;30.89808889040392;1.1512839003884077;0.3487633549432588;405.3277739496016;8.675224334013418;73.82767502208965
0.0;30.0;25.62640828490676;-0.7389076412027502;0.895832298732517;1.0;0.0;0.9880637280057716;0.1840817391402034;25.0255911331738;44.080781187013066;30.8980012416362;1.1345853011778442;0.3491727751868098;405.10609216552814;8.693594403184544;73.90762449007809
0.0;30.0;25.093108267420924;-0.7389615433758964;0.895476498285536;1.0;0.0;0.9491300747480694;0.1499357270405653;25.03944578306708;43.97733599403327;30.897650293392;0.970308694080116;0.3496104984728291;404.1207759262372;8.761478649255253;74.21666892518516
0.0;30.0;25.16362059706241;-0.7389750181802396;0.8953874586172047;1.0;0.0;0.9396387740005888;0.142438940688537;25.04190473391941;43.95163116239726;30.897562465362736;0.9087237498927646;0.3495207591638173;403.8509422950208;8.777194816822753;74.2897289678827
0.0;30.0;25.67378976239035;-0.7390423877679693;0.8949417231145084;1.0;0.0;0.8935871245747947;0.110216537062483;25.09466975373925;43.8240382041924;30.897122755599835;0.5221507460130063;0.3484656693661451;402.3702424441759;8.845198081957843;74.61493937538691
0.0;30.0;25.654089304518585;-0.739069333533782;0.8947631783047668;1.0;0.0;0.8758047407957563;0.0994704246988909;25.12174382696344;43.77343276437247;30.896946598170047;0.348347929552772;0.3478787957650368;401.7195730336499;8.867068041547396;74.72125367168742
0.0;30.0;25.32152965608883;-0.7390828059732544;0.8946738522123452;1.0;0.0;0.8670466933877987;0.0944969034639464;25.12569998531552;43.74822196068094;30.89685845937862;0.2610207463632398;0.3475659322696838;401.38230483360593;8.877194167212759;74.7683693863027
0.0;30.0;24.812089859486164;-0.7391366927747393;0.894316190008769;1.0;0.0;0.8328815941520129;0.076968318477031;25.1022190600726;43.64798804485023;30.896505496571645;-0.0717313780089948;0.3462343405941829;399.9566958557072;8.915789966846345;74.91244285306398
0.0;30.0;25.140926739500145;-0.739150163735992;0.8942266850172857;1.0;0.0;0.8245527782104928;0.0731199025531794;25.102985565464504;43.623081149425;30.896417152625546;-0.1471030869206492;0.3458884377549812;399.5817694833828;8.924763506397822;74.93672214607788
0.0;30.0;24.82065443606152;-0.73923098329443;0.8936889040435836;1.0;1.0;0.7763000728186245;0.0537498474101324;25.08201788255282;44.07053332802814;30.895886205413724;-0.3295805350122469;0.3464468789119851;397.18534566624544;8.975733149233907;74.99193803568747
0.0;30.0;24.84542563556947;-0.7393925904753736;0.8926094821367329;1.0;0.0;0.6881006404585582;0.0290442722583925;25.01128482393772;44.153748692589495;30.894819687505432;0.2073080419126664;0.3490509239453107;391.7070386421704;9.076045085148108;74.8516543916844
0.0;30.0;26.74725501254841;-0.7395406929781968;0.8916154953014724;1.0;0.0;0.6160828261824702;0.0165203847406763;25.160676077044325;43.86960909233578;30.89383661241858;0.3886184588200118;0.3457968841695845;385.99463819811626;9.135497535183552;74.65500594985296
0.0;30.0;25.55783608269604;-0.7397695082575387;0.8900708473797337;1.0;1.0;0.519322824891246;0.0069075088057213;25.39757972336361;44.04076091874428;30.892307382279583;0.1494969623314217;0.3424156459088833;376.1203578320557;9.0809056973474;74.3006820410842
0.0;30.0;26.00448807792873;-0.7397964220804298;0.8898884472951356;1.0;1.0;0.5089883006759103;0.0062340266971635;25.422457285705136;44.18857775333349;30.89212670769203;0.2105560964109655;0.3432973350594929;374.8885968008139;9.071711927877642;74.26012246767228
0.0;30.0;25.98884182199733;-0.7399040655348302;0.8891574234274799;1.0;0.0;0.4696662539745791;0.0041357806800997;25.50001431077317;44.17704204534101;30.891402456578145;0.4943071670369151;0.3453375306419101;369.8368197919776;9.03357188913664;74.16336036731882
0.0;30.0;25.23612136797092;-0.7399578801591189;0.8887910577854903;1.0;0.0;1.4214585295996274;0.8607436192125705;25.491240477119007;44.07256313495299;30.8910394168451;0.5156458331109458;0.3446153365722266;374.4094763388077;9.01421264511814;74.15311127534957
0.0;30.0;25.588735291950563;-0.7400654952001605;0.8880566202576089;1.0;0.0;1.3116433165373689;0.571034903087312;25.51054667079457;43.86662250715462;30.89031155516276;0.3430784690914208;0.3421810105411099;378.9534502791193;8.978249048637363;74.17331673119044
0.0;30.0;26.036540664432287;-0.7400789457482342;0.8879646556778709;1.0;0.0;1.2985268833719952;0.5424831579329463;25.520962227124265;43.841159815011565;30.890220407899697;0.3079936115641492;0.3418407365602898;379.27476308256377;8.973167028776322;74.17674546110314
0.0;30.0;25.59719249647573;-0.7402134349462978;0.8870430569656631;1.0;1.0;1.1743644372386806;0.3248047055691424;25.59245438048168;44.48009587391592;30.889306962764856;0.2709837029766847;0.3434748352104527;380.91423033722873;8.917344534143176;74.21054031564029
0.0;30.0;25.252267066681565;-0.740280668442469;0.8865809268144893;1.0;1.0;1.1168088947703982;0.2513276895797025;25.575561060387138;44.842907486619374;30.88884891339587;0.4980428319466153;0.3464178310472694;381.0080612468719;8.89690336932372;74.26021854117876
0.0;30.0;25.72912616550485;-0.7403613388661143;0.8860252003871059;1.0;1.0;1.0514534051008002;0.1847489464995566;25.55843255331392;45.2724701886009;30.88829810308276;0.8560995167214859;0.3503416923805832;380.6794618427491;8.88451338417041;74.39154047925138
0.0;30.0;25.62692539408568;-0.7403882266382273;0.8858396746770257;1.0;1.0;1.0305294823392943;0.1667359242158498;25.563532357484963;45.41426379252431;30.888114222414742;0.974168055115447;0.3516837497542918;380.4771824140734;8.882106895316076;74.45794502870244
0.0;30.0;24.271361014450125;-0.7406570391981058;0.8839766270963451;1.0;1.0;0.8428772130037916;0.0597724815911597;25.304729359104943;46.794726218985794;30.88626785082361;1.3663015651781354;0.3651762854048266;376.35250725286136;8.943687314839643;75.79416047144903
0.0;30.0;24.390282504149496;-0.7407107874908405;0.8836023193894722;1.0;1.0;0.8096644877313622;0.0486850598340095;25.23164755654465;47.06281358847476;30.885896930025503;1.2661897943006046;0.3678511931259047;375.1303162152911;8.979750395603388;76.16784204691675
0.0;30.0;25.13839876173916;-0.7409525961388966;0.8819109400456936;1.0;1.0;0.6756761571692574;0.0193384028610636;25.12772801685228;48.23729463858474;30.884220971891057;0.7992430190168084;0.3797513687282589;368.30372772893566;9.164177221521904;77.84859130204725
0.0;30.0;25.514562213277404;-0.740992888245086;0.8816279316876802;1.0;1.0;0.6556078996251733;0.0165802631530044;25.1571963847928;48.42806672251998;30.88394055638448;0.7781095190944572;0.3817128966120597;366.9797077676972;9.193956640115038;78.0997346406257
0.0;30.0;25.34102969524996;-0.7411137485576181;0.8807770027054143;1.0;1.0;0.5989091238941194;0.0104497010652597;25.146389943463777;48.99206068248802;30.88309743098388;0.830302904134958;0.387560347907944;362.7345224800137;9.27863895353328;78.78876057130215
0.0;30.0;24.63573464872289;-0.7411943087594973;0.8802081311484758;1.0;1.0;1.524457061441458;0.8221877405125279;25.12742420788651;49.3612221058287;30.882533775893062;0.9241159093189836;0.3914278952687999;368.4128712308154;9.332937642757637;79.205213737232
0.0;30.0;24.920007742693308;-0.74126143410798;0.8797331032540735;1.0;1.0;2.43974349693062;1.5861932006547907;25.11201162939794;49.66474737578861;30.882063099397783;1.006481444225738;0.3946321883358009;382.11427411126806;9.378741354501742;79.53597023486786
0.0;30.0;25.71281502150037;-0.7413419747414433;0.8791619085750231;1.0;1.0;2.296970071990357;1.16599775876585;25.14043219631856;50.024114286397;30.881497127810967;1.082539816662443;0.3984550776516632;403.6495111089315;9.431243256357584;79.92230839564212
0.0;30.0;26.553528806349885;-0.7415432796180255;0.8777283849618681;1.0;0.0;2.926518350676308;1.313977473522146;25.378062627309475;50.10755807351983;30.88007664684608;0.8161097863935575;0.4036272754241033;450.2406304473546;9.507532790081006;80.83880425949593
0.0;30.0;24.35935066670814;-0.7416774457930411;0.8767683131150819;1.0;0.0;2.646690738535983;0.7867268507248277;25.34318269735046;49.70494768475365;30.879125243951687;0.0114471566141333;0.400254289157492;474.7676909953192;9.507260280800326;81.19126049248717
0.0;30.0;23.05296151633426;-0.7418384060420071;0.8756115979027759;1.0;1.0;2.345986630749485;0.4251157900242183;24.986550589380112;50.22246041740459;30.877978894894653;-0.1701393560665721;0.4013759978963659;489.6405216930269;9.567512989413798;81.08583210062109
0.0;30.0;23.38303229094173;-0.7419054602016936;0.8751281443086182;1.0;0.0;2.2310099430411854;0.3289464945509928;24.812269012985244;50.01850255509154;30.877499748315284;0.0946155890077444;0.4021384271911288;493.8999350646295;9.625846994929338;80.94722428553571
0.0;30.0;23.411428700337776;-0.7419188701433695;0.8750313485588992;1.0;0.0;2.208699843610773;0.3124991698234431;24.78453025085103;49.97800760644623;30.87740381312546;0.1406819109377702;0.4020132641283791;494.6574524379562;9.638837235996643;80.91720226562381
0.0;30.0;23.53336624235149;-0.7420261389926571;0.8742557228418121;1.0;0.0;2.038066062275618;0.2073183340217426;24.60350816578545;49.65756724389935;30.876635062198385;0.3755835268592981;0.3996875033584325;499.7515893259993;9.74912454976478;80.66655281863491
0.0;30.0;23.770963076042342;-0.7421199836533335;0.873575214334706;1.0;0.0;1.899610753392353;0.1447781248114046;24.44856115581913;49.382247886540455;30.87596055593973;0.3666323422913848;0.3969383237176533;502.9684180209961;9.85285100846352;80.44284558333378
0.0;30.0;23.80458642054876;-0.7423344311118879;0.8720133389582325;1.0;0.0;1.6174383380313102;0.063720713766893;24.24414003967973;48.77026031143417;30.87441236130195;-0.0482274475825395;0.3903469597216832;506.6755071755306;10.077650968597393;79.8669541107595
0.0;30.0;23.573280878464885;-0.7423746315484193;0.87171949274701;1.0;0.0;1.5693988019534422;0.0546325469658899;24.221025933805475;48.65813826467984;30.87412107526095;-0.1161537347001194;0.3891135396555888;506.8712324922017;10.113498173750424;79.73828114925104
0.0;30.0;23.48271689823484;-0.7423880311000309;0.8716214742671884;1.0;0.0;1.5537048139339078;0.0519009196175954;24.206406230285253;48.620945522696175;30.87402390987541;-0.1350690004353986;0.388703145576295;506.9044634144494;10.12526158168798;79.69367646172033
0.0;30.0;23.246011225533778;-0.7425621982461729;0.8703440627560705;1.0;1.0;1.363408637761704;0.0266429262006185;24.06186821256512;48.54363028248862;30.87275757691293;-0.1105961625366604;0.3847437308082782;505.9839572240716;10.268519716286985;79.05570475261405
0.0;30.0;23.20062967636784;-0.7426023835363487;0.8700484396392183;1.0;1.0;1.3229140378115436;0.0228429788512553;24.00428942076562;48.732048790495526;30.87246450771719;0.0618543106511855;0.3856483475541971;505.4406614776078;10.302384719022578;78.9134310159234
0.0;30.0;23.93747197704957;-0.7426693530790811;0.8695550384583215;1.0;1.0;1.2580780868318102;0.017675461590817;23.968691302560163;49.043025386993854;30.87197536120473;0.4684809022505458;0.3880978631993032;504.2844197943056;10.36097645866012;78.72272471114108
0.0;30.0;23.92228002894483;-0.7426961388167356;0.8693574344829014;1.0;1.0;1.2330423329038571;0.0159521040857123;23.964041917979635;49.16635569567858;30.871779458490224;0.6501210267908347;0.3892404446398984;503.7380637619876;10.383915602683754;78.67003562654136
0.0;30.0;24.294569571708205;-0.7427363151951106;0.8690607677224025;1.0;1.0;1.1964197425742795;0.0136769352404876;23.975662503890668;49.350224293739416;30.87148534301415;0.9193471537407384;0.3910376792180099;502.8327151510573;10.416736386964107;78.62276552606916
0.0;30.0;24.399646380371884;-0.7427497067270601;0.868961809272137;1.0;1.0;1.184455545148537;0.0129930884784632;23.984058102544765;49.41121479170021;30.871387234836;1.0048267603159633;0.3916509664654887;502.5086747442503;10.4270585575056;78.61626689167899
0.0;30.0;24.69207764015369;-0.7427898795402782;0.8686647253862911;1.0;1.0;1.1492760310020802;0.0111399492342224;24.019105631183987;49.59329427248378;30.87109270131636;1.2382552208732946;0.3935157094431154;501.4719198308754;10.455635588597811;78.62646223641104
0.0;30.0;23.58846714212156;-0.7428568282865718;0.8681688906975794;1.0;1.0;1.0929500700715422;0.008619880362159;24.04173168013544;49.89380835671594;30.87060111579892;1.518652046138724;0.3966643784811973;499.5374207433445;10.496933676353098;78.74555089778053
0.0;30.0;24.46768809182741;-0.7430174749678646;0.8669753462619036;1.0;1.0;0.968774407652498;0.0046578393081377;23.960970484188607;50.60023076423275;30.869417762464;1.5305228706135527;0.4042377233278134;493.9360691769815;10.608246159368369;79.49424652106322
0.0;30.0;24.57419990308009;-0.743071014351459;0.8665763880484232;1.0;1.0;0.9306008305811032;0.0037938392279738;24.00041183526356;50.83113686593152;30.869022199169542;1.3747400828782623;0.406747332625069;491.79752565501707;10.64235873935852;79.84371201264284
0.0;30.0;24.590092649201942;-0.7430843984543047;0.8664765618274655;1.0;1.0;0.921294822275292;0.0036041472665751;24.012088480086486;50.88851142321367;30.868923221512144;1.3295576357378662;0.407373205294302;491.2434279471447;10.650043946655192;79.9351992622497
0.0;30.0;24.75309136469864;-0.7431379318932774;0.8660769103928488;1.0;1.0;0.8849921303113047;0.0029356004745458;24.059897101408225;51.11661204391665;30.868526963658;1.139345532020569;0.4098703664840498;488.9526720062299;10.67748234827637;80.30980244299758
0.0;30.0;25.67646335234056;-0.7432583647410211;0.8651756684353619;1.0;0.0;0.8084555749266668;0.0018501604662698;24.282123492137384;51.0261232356471;30.86763335318983;0.6162871475759689;0.4127688947082391;483.39358696902354;10.70496143180668;81.13176719289386
0.0;30.0;25.82983143757022;-0.7434724081182892;0.8635665409822016;0.0;0.0;0.6883657818562858;0.0008143049624905;17.632441265976176;48.78158955388209;30.866037777735;-0.4887374151537687;0.4072879336843889;472.3231649507405;12.082231132252964;81.74436823954757
0.0;30.0;26.51240597909977;-0.7435660281573252;0.8628597660647934;0.0;0.0;0.6416018919531462;0.0005686595257013;15.328908255604842;47.82678923146561;30.86533692513666;-0.5760532822734594;0.4043319643901424;467.0808146224026;13.217169174970955;81.42210634406257
0.0;30.0;24.7168748825123;-0.7438334336717495;0.8608310950129587;0.0;0.0;0.5247706386039871;0.0002038564346074;10.27527485190582;45.186831866219;30.863325150010624;0.125900327071681;0.3958964182716341;451.0717147707757;17.124063005745054;78.95274235468386
0.0;30.0;24.761848605038665;-0.7438468008237207;0.8607292996410627;0.0;0.0;0.5195229322179472;0.000193663612877;10.07181079192883;45.05818076056151;30.863224198409565;0.1578817821654761;0.3954786786472318;450.23802255868856;17.32730772131729;78.79636537784712
0.0;30.0;24.13975866349733;-0.7438869004943995;0.8604237069665215;0.0;1.0;0.504092581608142;0.0001660423400904;9.485274230757083;44.97300815525229;30.862921136440672;0.2792877376203808;0.3942280624780426;447.721020445684;17.935355575316656;78.32249415996287
0.0;30.0;24.625843699243774;-0.7439537273276946;0.8599136975577966;0.0;1.0;0.4793870293377468;0.0001284803975799;8.582631094061481;44.83242479560453;30.86241534283166;0.5763423532558649;0.3921524094721165;443.4764510442361;18.93772903746518;77.54350470961003
0.0;30.0;25.377203359863245;-0.7440205467214523;0.8594028282354458;0.0;0.0;0.4558922949513166;9.941568248975774e-05;7.765885794913234;44.39463179859412;30.861908686725187;0.8706314518768103;0.3900876454040785;439.1760226133399;19.91809966282667;76.81900416950313
0.0;30.0;25.84449208376303;-0.7441408028804458;0.8584810981040973;0.0;0.0;0.4164654744329269;6.2656675206539e-05;6.4866131012133845;43.26513710327824;30.86099453379009;0.8257908968021298;0.3863983983862514;431.3155377731471;21.604852272100928;75.68489161292348
0.0;30.0;25.37729124034111;-0.7441541631876739;0.8583785118942032;0.0;0.0;0.4123008196885976;5.952384144621205e-05;6.358169557558115;43.14115967588412;30.86089278896414;0.7804373682444853;0.3859906410889505;430.4338919795164;21.785048915547968;75.56941691522557
0.0;30.0;25.839780033746568;-0.7442076014399353;0.8579678237441615;0.0;0.0;0.3960545223125963;4.848254088194876e-05;5.8693302532376;42.64825944781614;30.860485465292395;0.5477833928863038;0.3843639097777567;426.8929819990804;22.49000603647903;75.11927540815668
0.0;30.0;25.97645996611444;-0.744220960258811;0.8578650658995691;0.0;0.0;0.3920939770894704;4.605841383785132e-05;5.753109726791678;42.52578310005007;30.86038354830276;0.4805933369129874;0.3839582991997154;426.0043970301727;22.66217849288582;75.00855676663157
0.0;30.0;25.517501461949188;-0.744341176232037;0.856938701635107;0.0;0.0;0.3581846107056867;2.902828813415758e-05;4.80540115609765;41.43682036758706;30.859464746964388;-0.1313384066738759;0.3803270106466137;417.9556979417816;24.135288891501617;74.00156581396573
0.0;30.0;24.64315175741367;-0.7445014266808637;0.8556992308326801;0.0;0.0;0.3174894202110519;1.5685728320869668e-05;3.780062366207607;40.02151847096602;30.85823534673192;-0.4958783810866188;0.3755386581584978;407.11667550933976;25.87944770163279;72.51913036840905
0.0;30.0;24.713816849729888;-0.7445414825929229;0.8553885927236451;0.0;1.0;0.3080596669413634;1.3448551319105632e-05;3.5599286466627;39.87362389945528;30.85792722389374;-0.453431795746789;0.3743510194898546;404.3943355890759;26.27624921790294;72.12154390472953
0.0;30.0;25.276151101171514;-0.7445948863062049;0.8549739295799729;0.0;1.0;0.2959208869058026;1.0953929102857282e-05;3.286228289630306;39.8104639905471;30.857515912975195;-0.2242547213863627;0.3727733417195755;400.7596942641107;26.781431052873515;71.59252189487802
0.0;30.0;26.57866720701624;-0.7446749829408918;0.854350908978832;0.0;0.0;0.2786036408149514;8.05214445399157e-06;2.9146229695521297;39.51734891305291;30.85689791757335;0.3478229853833212;0.370419283211759;395.3013571747623;27.48925576160689;70.85351199118095
0.0;30.0;27.99885335213109;-0.7447283747400149;0.8539348783753662;0.0;0.0;0.2676255457383155;6.55852198367897e-06;2.690536061316755;39.05957923899339;30.85648523501784;0.6541766266411811;0.3688581754837055;391.6609541096634;27.92889055680879;70.42196929509262
0.0;30.0;27.877489319995966;-0.7447550688522496;0.853726658112589;0.0;0.0;0.262299797378123;5.919066090270271e-06;2.585038608914952;38.83236173837636;30.856278688155456;0.7553434837957251;0.3680800905500538;389.8409675733806;28.13933418293979;70.22560601855837
0.0;30.0;28.44823520904876;-0.7448484888608818;0.8529968117161519;0.0;0.0;0.2444805518991732;4.1335046088795456e-06;2.247324515805932;38.04576202941247;30.85555469539618;0.8259134831550097;0.3653696960136629;383.4757162567144;28.82853361956502;69.6269837324194
0.0;30.0;27.96397602597228;-0.7449018651684055;0.8525790059034977;0.0;0.0;0.2348470426769437;3.366765338336196e-06;2.0745419405461;37.60226224030989;30.85514023224542;0.694858569945257;0.3638298694387737;379.8440723922093;29.19065058923801;69.32916150656891
0.0;30.0;27.777715597910312;-0.7449952622348823;0.8518465329208356;0.0;0.0;0.2188927905376132;2.3511378029558584e-06;1.8035200197252623;36.83646051123431;30.85441360495458;0.2941571322118448;0.3611507718302457;373.5039170635905;29.77226236001511;68.83031974493738
0.0;30.0;27.750251630113343;-0.7451419995511123;0.8506921311899627;0.0;0.0;1.10036516395857;0.5987382765657783;1.447358551451857;35.659132506159786;30.85326837913804;-0.3084630066937986;0.3569805635678522;379.5139053084588;30.563099372204032;67.94635522227296
0.0;30.0;27.07929665915765;-0.7452620305305094;0.8497445579399507;0.0;0.0;1.0052025558063182;0.3773544453851116;1.208935332830536;34.719053967030014;30.852328304220705;-0.4434320464261432;0.3536044167177938;379.6489865097144;31.11009581226196;67.04644892518654
0.0;30.0;26.966784382358284;-0.7452753658155493;0.849639102018205;0.0;0.0;0.9951505302482552;0.358486723115856;1.184996790686104;34.61586726705305;30.85222368093408;-0.4355806966564965;0.3532312658218293;379.55126018812297;31.16581142652741;66.93717344885879
0.0;30.0;26.8914679944911;-0.7452887008024695;0.8495336121108354;0.0;0.0;0.9851990249457724;0.3405623869600632;1.1615322633244656;34.51293160252094;30.85211902355925;-0.4237709133602075;0.3528585087037266;379.4373047910847;31.22056487243307;66.82639403572271
0.0;30.0;26.79193521208449;-0.7453020354912837;0.8494280882221814;0.0;0.0;0.9753470346963148;0.32353426761206;1.1385323646245256;34.41024636190516;30.852014332100453;-0.4082735794858714;0.3524861449479408;379.3082056739705;31.27436952060685;66.71423679121095
0.0;30.0;26.16934568994664;-0.7453287039745349;0.8492169385176656;0.0;1.0;0.955937628705858;0.2919896765198842;1.093889834340933;34.30550294378747;30.8518048469477;-0.3624934821783614;0.3517425958633313;379.0082476247724;31.379185347755275;66.48645290166814
0.0;30.0;25.95630771342905;-0.7453553712652602;0.8490056529384413;0.0;1.0;0.9369144698946116;0.2635206830591955;1.0509977622907936;34.30090281651154;30.851595225509435;-0.2727045469215046;0.3510006152524028;378.6576423524703;31.480363613609384;66.25637101128198
0.0;30.0;25.619417634196385;-0.7454353659818538;0.8483709812906839;1.0;1.0;0.8820863750923373;0.1937119171287754;3.863740459539682;34.88285993610258;30.85096554381761;0.2141149748762143;0.3514663991012953;377.34540679321;31.49865655496121;65.59609419939571
0.0;30.0;24.7102116025352;-0.7454886898295044;0.8479471881056544;1.0;0.0;0.8473286523890626;0.1577795672008696;5.483355057630024;34.96721483503049;30.850545075211564;0.5884980541517266;0.3525578785534155;376.2830123385702;31.29072206893944;65.22687246504303
0.0;30.0;24.30599168559856;-0.7455553379296341;0.8474166835037866;1.0;0.0;0.8058011174171743;0.1220868214270331;7.305388478587511;34.94771342941984;30.85001872401367;0.8609958078265737;0.3520583586139617;374.7715021656844;30.84389797449484;64.87818734674566
0.0;30.0;24.12498113817039;-0.7455686666550189;0.8473104808764526;1.0;0.0;0.7977431062430026;0.1159824803556815;7.638438606795833;34.943840608997526;30.8499133517574;0.8862044556854087;0.3518280121136754;374.4464909543041;30.73419362016302;64.82408591309498
0.0;30.0;23.95688349688629;-0.7455819950821666;0.8472042443566391;1.0;0.0;0.7897656751805726;0.1101833563378974;7.961565342539334;34.93997689017147;30.84980794550536;0.90174475054842;0.3515717658872776;374.1142548235574;30.618727218934684;64.77508989680874
0.0;30.0;24.154997245735704;-0.7456886117625672;0.8463531325815644;1.0;0.0;0.7287520866141576;0.0730978897825643;10.358497078633077;34.90939214858993;30.84896347214638;0.7210959784812638;0.3490204759110589;371.2111998078075;29.51915339335453;64.54792581246724
0.0;30.0;24.104610568792904;-0.7457019375054278;0.846246591221367;1.0;0.0;0.721464565748016;0.0694429952934361;10.630688278789776;34.90560935317788;30.84885776012178;0.6684238042987992;0.3486703599687291;370.8193656511434;29.36411490696424;64.53686759407621
0.0;30.0;24.76856318611256;-0.7457552374940282;0.8458200873247609;1.0;0.0;0.6930359832139268;0.0565617536852243;11.703462743111851;34.89056677913744;30.84843457252868;0.4203063760778887;0.347245620187766;369.1921223946042;28.713054246345788;64.51976691100613
0.0;30.0;24.98810401194568;-0.7457952093533299;0.845499854142872;1.0;0.0;0.6724521214764899;0.0484946335658692;12.46110799284826;34.87937728388595;30.848116825482418;0.2155571956625095;0.3461636366221828;367.9114065129402;28.19803981287764;64.5276718017506
0.0;30.0;25.04634231983085;-0.7458085327098045;0.845393042103267;1.0;0.0;0.6657276002617251;0.0460699018875757;12.710312303732834;34.87566494468177;30.84801084194636;0.1475535729485532;0.3458018695206676;367.47349767407496;28.02198821552982;64.53283791421899
0.0;30.0;24.262860436909;-0.7459550699404609;0.8442158787705979;1.0;1.0;0.5960513874301776;0.0262045644448205;15.126424093856013;35.6276457691922;30.84684278526246;-0.135972197252793;0.346102418290862;362.3209649028906;25.99619128801016;64.63170365469298
0.0;30.0;25.155015343643328;-0.7460882542747632;0.8431421844309268;1.0;1.0;0.5390581905759809;0.0156896407097666;16.840979974736317;36.56074688116568;30.84577735869293;0.5660135502983829;0.352105356182794;357.1623664733796;24.15663311262176;64.89191435670867
0.0;30.0;26.561821075481284;-0.7463944649787174;0.8406598956420853;1.0;1.0;0.4278042797562023;0.0048223188242849;20.3310144233794;38.62232115988356;30.843314045748087;1.578794060907899;0.3675241936002472;343.958665035081;20.175189236552505;66.91655487347147
0.0;30.0;27.418283951996585;-0.7464210845334385;0.8404432030263955;1.0;1.0;0.4192909745890539;0.0043521427389171;20.602405942390547;38.79617463694426;30.843099000556226;1.5234654088319148;0.3688579784332376;342.7395554839864;19.84993796100377;67.17427570461413
0.0;30.0;26.207434430647304;-0.7465408577499358;0.8394664226790902;1.0;0.0;0.3830295370013257;0.0027429353922397;21.601633090404466;39.36857578513173;30.842129628348367;1.1173241362858042;0.3744475747108241;337.14225162429045;18.44613426629456;68.37335521761861
0.0;30.0;26.00089745249645;-0.7465807767805355;0.8391402246577473;1.0;0.0;0.3716531767228493;0.0023517242319215;21.866050398255464;39.32468122311119;30.841805897788248;0.8847427463071635;0.3748316155150371;335.2399268065086;18.007056689859187;68.76104557976052
0.0;30.0;25.15760769780604;-0.7466606067785094;0.8384869224613097;1.0;0.0;0.3499040883463845;0.0017287334118718;22.28510615045025;39.23784086282652;30.84115752763061;0.3041393339421461;0.3737690694792165;331.3875722368487;17.175668623313076;69.45043200333949
0.0;30.0;26.986181870394454;-0.7468335348875568;0.8370672935015074;1.0;0.0;0.3070481935572405;0.0008874316110851;23.16190392435916;39.05394969510071;30.83974857153612;-0.6380877128335332;0.3691728971609793;322.85898832834795;15.583070336788124;70.28515698705753
0.0;30.0;27.317600351599506;-0.7469000322563667;0.8365197751174449;1.0;0.0;0.291999776912705;0.0006866776639926;23.590076044760536;38.98474560537296;30.83920515327237;-0.6970370996641257;0.3672532323278427;319.5258656086308;15.015122865693208;70.33688356275431
0.0;30.0;26.94098122886129;-0.7469665221561762;0.8359714202136147;1.0;0.0;0.2776888824170022;0.0005313380866045;23.911394385242897;38.91637208230864;30.838660895800945;-0.5906223150571632;0.3653282012689662;316.16986711210194;14.47101291780398;70.26501358958483
0.0;30.0;27.095104478775145;-0.7469798192397938;0.8358616488987619;1.0;0.0;0.2749119935928322;0.0005047711822743;23.97443636844229;38.90279615769258;30.83855194364964;-0.5538261978641551;0.3649435786402787;315.4962695044871;14.365486854869472;70.23870503344591
0.0;30.0;27.0399948516752;-0.746993116024629;0.8357518441494433;1.0;0.0;0.2721628736569039;0.0004795326231605;24.035138780477244;38.88925297275244;30.83844295795617;-0.5130484414644663;0.3645591951306426;314.8219435697408;14.26105061495782;70.20910580275503
0.0;30.0;27.36299879734912;-0.7470463001759253;0.8353122908952495;1.0;0.0;0.261438570504956;0.0003905823186431;24.267716707750697;38.83540603769911;30.838006679847947;-0.3213720887311017;0.3630245831618824;312.11794464700205;13.854631365673477;70.06385782900223
0.0;30.0;28.065942864339;-0.7470861851518265;0.8349822751080321;1.0;1.0;0.2536735835223883;0.0003348755154467;24.473439340510453;39.09426607108498;30.837679119287948;-0.1205920827059671;0.3626773743107913;310.08371629038623;13.559172229489226;69.93683814427987
0.0;30.0;28.300291620770803;-0.7470994795461253;0.834872203041218;1.0;1.0;0.2511368476871644;0.0003181317396743;24.54921644566548;39.18013202920615;30.83756986541433;-0.0362463735153278;0.3628339228364963;309.40460198923444;13.462045181258928;69.89370396341704
0.0;30.0;28.74669975275117;-0.7471792396361346;0.8342110695016915;1.0;1.0;0.2364403568806077;0.000233856061985;24.99672824151606;39.69094596969845;30.83691363876586;0.5727574077598794;0.3652569809755767;305.3208788941399;12.893868698822988;69.66275200036385
0.0;30.0;28.30747284631474;-0.7472324070521048;0.8337696463811225;1.0;1.0;0.2271236634224878;0.0001904772240872;25.245992043830487;40.02735257845367;30.836475484743413;0.9937979285428068;0.3675612305469163;302.59165842841503;12.530619521646424;69.5682733121732
0.0;30.0;27.95295547213366;-0.7472855696857876;0.8333276896479455;1.0;1.0;0.2181740848602247;0.0001551448895016;25.46978393609829;40.36048783613461;30.836036795376188;1.3534899611644935;0.370063157157517;299.85886173865606;12.182453184608503;69.5469233967981
0.0;30.0;25.95270597079033;-0.7476974179099241;0.8298844633979864;1.0;1.0;0.159769617514407;3.1635101948970226e-05;26.12681468710103;42.83481003766517;30.832618832262465;0.8595793655164821;0.3902224680777888;278.7071694976575;10.173625286792662;71.77375526032681
0.0;30.0;26.623377017763843;-0.7477239788951823;0.8296612229009082;1.0;1.0;1.1465902021258705;0.950028550679509;26.1441875678498;42.98809982223014;30.83239721804657;0.7768615074694105;0.3915086839634142;281.19326464844806;10.091082982375902;71.98022471383534
0.0;30.0;26.722546041878264;-0.7477372589391843;0.8295495528704948;1.0;1.0;1.1351243001046116;0.9025271231455336;26.15564002107703;43.06446426447455;30.8322863609926;0.7409852431127171;0.3921507841426655;282.2199673231388;10.051273781419788;72.08259301914617
0.0;30.0;26.091488607270858;-0.747750538684082;0.829437849658036;1.0;1.0;1.1237730571035656;0.8574007669882568;26.15436967307345;43.14064234719474;30.8321754706472;0.7090526142975211;0.3927922117922057;283.12738671301764;10.012728047892974;72.18422351828644
0.0;30.0;25.72256356930528;-0.7477770972765905;0.8292143437051732;1.0;1.0;1.1014099732672047;0.7738041922069018;26.1425061552874;43.29244124891422;30.83195359009984;0.6576044591895761;0.3940730487458969;284.6438988164016;9.939595749580295;72.38489121685618
0.0;30.0;25.82623816222913;-0.7477903761241717;0.8291025409735824;1.0;1.0;1.0903958735345327;0.7351139825965567;26.13624348218586;43.36806297257716;30.83184259990676;0.638266777102459;0.3947124580783802;285.27761312588046;9.905014408290242;72.4837794840612
0.0;30.0;25.39778353542957;-0.7479496989626329;0.8277583226753694;1.0;1.0;1.956510406482704;1.3472262560779056;26.001927824677303;44.26125654233563;30.83050812351372;0.709524199335583;0.4023330373435592;296.34356388635524;9.588461924470485;73.58836543061841
0.0;30.0;25.292433415011832;-0.747976248580771;0.8275338225383826;1.0;1.0;1.917575849393698;1.2158716961103098;25.97721006816885;44.407592406484895;30.83028524548953;0.7612709944218603;0.4035937796597562;302.3045552896215;9.5511375789379;73.7597323614942
0.0;30.0;24.8167289467797;-0.7481753325670897;0.8258458535727748;1.0;1.0;1.6492271299294152;0.5633026938073713;25.88093499125941;45.48260928978147;30.8286094283222;1.1522109670597078;0.4129649712928929;324.437545251551;9.36149169054681;75.0021680133208
0.0;31.0;26.36555610040106;-0.7489047309524088;0.8195931602014922;1.0;1.0;0.9488906629957068;0.0335382284763434;25.356258760406543;46.28054551656412;30.868162110709488;0.0020639637509382;0.4157394574628482;339.47058331088056;9.582919566145124;76.88183270963792
0.0;31.0;25.897401731668843;-0.7489444902649868;0.8192492451305433;1.0;0.0;0.9207076614140712;0.0287548386399049;25.40163147094688;46.18608347071846;30.904784125349185;0.3075942839952822;0.4164829743990127;339.206287351861;9.589327301431652;76.80164715451843
0.0;31.0;26.02123095791164;-0.7489577427700371;0.8191345412274621;1.0;0.0;0.9115005847999303;0.0273170967079096;25.413900554844016;46.15474874587729;30.918903150445523;0.3968480073990287;0.4164931932033545;339.1001894592723;9.59147676686423;76.78066667400103
0.0;31.0;26.429512611160707;-0.7491167494615875;0.8177555400047084;1.0;0.0;0.8079403289270631;0.0147610687717748;25.612706436975863;45.78460759037959;31.139634081707;0.8136590657613905;0.4130439947234485;337.17346061009624;9.60888523165075;76.74532192474862
0.0;31.0;26.590067951832253;-0.7491697421038715;0.8172948258108156;1.0;0.0;0.7761042562854243;0.0120229827712904;25.68701735953349;45.66360461937032;31.225152383891523;0.6945192744531544;0.4113977892370408;336.2830570436778;9.613595088174398;76.79775339974593
0.0;31.0;28.073256214677475;-0.7493551785914525;0.8156782089045734;1.0;0.0;0.6742373229201445;0.0058633078718954;26.01818872357453;45.24922983098848;31.521016287368862;-0.1080768935638666;0.4054310474719683;332.3169774076189;9.61667616562125;76.95417442526004
0.0;31.0;28.17940849671815;-0.7494081496549776;0.8152151432285385;1.0;0.0;0.6476696821901724;0.004775700907333;26.17262450366064;45.1334009398771;31.59706255110473;-0.2887002499824764;0.403724747641724;330.9653688603677;9.60446960119115;76.93953982761217
0.0;31.0;28.80454351742084;-0.7494213916714569;0.8150992952764687;1.0;0.0;0.6411929853682706;0.0045369158619663;26.22474020551412;45.10461902982971;31.61515640492773;-0.3235599955486731;0.4032990505530811;330.61366583254096;9.599641446589745;76.92997798104871
0.0;31.0;30.07729744687182;-0.7494743567396546;0.8146355774746998;1.0;1.0;0.6159274233847492;0.0036953463252957;26.510825479288467;45.28909288481764;31.68345345951506;-0.3737658533452331;0.4024004237128268;329.1540828962461;9.566816147532894;76.86964931895879
0.0;31.0;29.648043470677703;-0.7495008374750455;0.8144035230427253;1.0;1.0;0.6036704676593926;0.0033350500585794;26.640356904151847;45.43035107330641;31.71500835234216;-0.3203407369747973;0.4027250976609943;328.39373017820697;9.54347137219386;76.83017932022342
0.0;31.0;29.74735391894977;-0.7495273170112257;0.8141713383061889;1.0;1.0;0.5916574253529707;0.0030098826778679;26.759129056105994;45.57092055404271;31.744747926805168;-0.2204357515619986;0.4033636663939278;327.6138216867322;9.516983113947738;76.78820820883502
0.0;31.0;29.06088709375545;-0.749567034066896;0.8138228169616342;1.0;1.0;0.5740846081625621;0.002580598160937;26.90599938892916;45.78049077490692;31.785859913611024;0.0001165352089698;0.4046874491231265;326.4085941576559;9.473043657529583;76.7271818136342
0.0;31.0;29.06459101399116;-0.7496067484241344;0.813474002640874;1.0;1.0;0.5570337212155259;0.0022125403482333;27.033559409800063;45.98853018259157;31.82270128265952;0.2798947125376645;0.4062655115010937;325.162665946624;9.426578406374915;76.67761727466372
0.0;31.0;29.37164003486141;-0.7498449778922728;0.8113749712553432;1.0;1.0;0.464852305946108;0.0008788527064848;27.66622529152491;47.20523887215302;31.95671303434696;1.6928951914095616;0.4170973914152417;316.93425113998603;9.1272629330058;77.04406120238279
0.0;33.0;28.27877077445331;-0.7502285876144209;0.8079710921182635;0.0;1.0;1.2608419184722663;0.6304479737863019;22.79394079090879;48.06840939931431;32.37861435510259;0.6917456469652403;0.4286222555437613;316.4736458769568;9.524819338870865;80.22793522098308
0.0;33.0;29.00497202992421;-0.7502682569765962;0.8076174134287665;0.0;1.0;1.2233936526517215;0.5405303315250306;21.46652517547096;47.96081423364772;32.488659898453626;0.6358886130572834;0.4275714127075815;317.885242475428;9.938478187188382;80.6022944675577
0.0;33.0;29.66707202453391;-0.7503343665779925;0.8070273029153731;0.0;1.0;1.163435190782604;0.418252066674624;19.423715445161417;47.78322268667922;32.68305205196782;0.623774961594447;0.425549910518318;319.5515340492844;10.78904056201993;81.15275532792982
0.0;33.0;30.052547257030085;-0.7503608083176537;0.806791032709303;0.0;1.0;1.14028283048603;0.3774724901738481;18.66210075512274;47.71278795889528;32.762809255524346;0.6444463247309685;0.4246955802738177;320.0420566483692;11.17605824213071;81.34322656383614
0.0;33.0;29.82137202799024;-0.7503740287372752;0.8066728491964766;0.0;1.0;1.1288800021811696;0.3585988656651557;18.292566443037103;47.67769873484789;32.80282808105061;0.659424460494841;0.424263266466355;320.25692383705683;11.37809493931616;81.4317034582247
0.0;33.0;30.299599947905094;-0.7504401263330137;0.806081447723095;0.0;1.0;1.0735536496053826;0.2774769664608207;16.551798773031642;47.50352571113998;33.00177279744394;0.7697375210249454;0.4220740394442973;321.0737747673864;12.460130095644796;81.80542904940776
0.0;33.0;30.08118388413417;-0.7504533449516488;0.8059630706796737;0.0;1.0;1.0628181131093288;0.2636031181377797;16.22405123303194;47.46894428081934;33.04092567322039;0.7967736368128067;0.4216332731555778;321.1916884416483;12.68873160681673;81.86652934347431
1.0;33.0;30.497677899107657;-0.7505194335420267;0.8053707019796744;0.0;1.0;2.010729450420464;1.2039710678805744;14.680128780086507;47.29729173137917;33.23073590278615;0.9398099809994018;0.41942630382051;324.32366936795887;13.877295007720594;82.10664615820849
0.0;33.0;31.16831180128859;-0.7505590830938041;0.8050148941438386;0.0;1.0;1.9510087750135257;1.032254694324107;13.82522471526608;47.19529656946771;33.338354266885595;1.0215804133624542;0.418103227980911;331.1743110304289;14.617965377988387;82.2013716384883
0.0;33.0;31.551489321558908;-0.7506251596755539;0.8044212371354957;0.0;1.0;2.835489932305451;1.7012390051128836;12.509580751095122;47.026947787724815;33.50436426197585;1.1308829708499777;0.41590433289433;357.647039741969;15.879402069794295;82.2854059036401
0.0;33.0;32.07224308929094;-0.7506383740911691;0.804302409184235;0.0;1.0;2.8071350329823965;1.6161770548572394;12.261874477483548;46.99352270705148;33.53533176817324;1.1472311237816692;0.4154657005217202;363.602733816616;16.13401894632172;82.29205139111664
0.0;33.0;32.82236988671303;-0.7508233443806412;0.8026354419620283;0.0;0.0;3.380166955181564;1.5232610020995023;9.267325564054644;46.03703337905594;33.88063645573302;1.0454170887948802;0.4093706534251911;448.0224675324956;19.673425290660703;82.0870718608229
0.0;33.0;32.880843999263845;-0.7508761822235513;0.8021580092457606;0.0;0.0;3.24697489028126;1.2407056065913078;8.554819754148166;45.51535443262142;33.94809264973517;0.7705774270038203;0.4076454236353078;465.5131842112455;20.649156059040653;81.91799383099708
0.0;33.0;32.77037130968886;-0.7508893909334207;0.802038570838988;0.0;0.0;3.214505141378447;1.1786703262617424;8.385422981886848;45.38572717776475;33.96283645053175;0.6882118638213469;0.4072152497009852;468.96863374333407;20.88915249804668;81.86540632718713
0.0;33.0;33.1398730339936;-0.7509158074520772;0.8017995977855256;0.0;0.0;4.140536489065016;2.013749969451222;8.056625858980606;45.12741824731316;33.98984355491659;0.5139263001936153;0.4063562604701448;492.13153481734673;21.363935026047272;81.74654629719765
0.0;33.0;34.07043660152009;-0.7510082558055635;0.8009621820820678;0.0;0.0;3.859250583201971;1.4062767086754384;7.004094074476678;44.23318527832895;34.05960103011628;-0.0985948781424187;0.4033640270644451;541.5075913004047;22.96503761532669;81.17283800003665
0.0;33.0;34.79546899756781;-0.7510610768273679;0.8004829538709226;0.0;0.0;3.7071807118139866;1.145421168445574;6.465593741693558;43.7290008961693;34.08355614773093;-0.3753298588098495;0.4016640778875712;557.6708380504306;23.833340199634485;80.72911410030297
0.0;33.0;35.21928751328364;-0.7510742813317665;0.8003630667578913;0.0;0.0;3.670108904695847;1.088150110023295;6.3375664091790656;43.603720679057695;34.08790188677749;-0.4303624376991445;0.4012402109903528;560.9563810620446;24.044778141903407;80.60523499993873
0.0;33.0;34.81463615134395;-0.7511138930423815;0.8000032133507141;0.0;0.0;3.561103000117475;0.9329527005812228;5.968495275016547;43.22970621726184;34.097284250645856;-0.556388686236935;0.399971291906861;569.5363216721755;24.66517932651277;80.20432689899435
0.0;33.0;30.88961679195664;-0.7513515065168521;0.79783804942522;0.0;0.0;2.9717894595392256;0.3705821711151248;4.164077799844442;41.04212815659689;34.0646043904902;-0.2262963732536266;0.3924416037028214;600.7962432091228;27.935671608289816;77.19246913370122
0.0;33.0;30.20404496977137;-0.7513779020037656;0.7975968368714444;0.0;0.0;2.912650849294395;0.3344504094314001;4.000801960397413;40.804932887850974;34.0544168566809;-0.1310065381809057;0.3916137709004178;603.1236827937483;28.25132482194662;76.83606433643882
0.0;33.0;29.813018521900176;-0.7513910992964029;0.7974761827363684;0.0;0.0;2.883524340801451;0.3177278889598301;3.9215807664886606;40.68676794864647;34.04901655415754;-0.0840049324289383;0.3912005095783412;604.2299110379164;28.40566560819717;76.65906504382991
0.0;33.0;29.65573225954787;-0.7514042962884745;0.7973554967022453;0.0;0.0;2.8546890973934365;0.3018414945118386;3.8439282570314006;40.568890536137935;34.04343344164408;-0.0380235031429359;0.3907876843613804;605.2994106639508;28.55770255218321;76.48315839735228
0.0;33.0;29.791220495940617;-0.7514174929799936;0.7972347787738338;0.0;0.0;2.8261422064195023;0.2867494197862467;3.767813369987974;40.45129994990221;34.03768325276988;0.0065273875588241;0.3903752947893958;606.3332326753005;28.707451746094826;76.30854328248643
0.0;33.0;30.11908061717489;-0.7514438854613164;0.7969932472537361;0.0;1.0;2.769901976511754;0.2587913513570876;3.620075278223331;40.41648961435118;34.02574279533993;0.1092618081800891;0.3895518207421589;608.2975659943427;29.000155169349327;75.96454893320836
0.0;33.0;29.50363172492973;-0.7514702767403288;0.7967515882147206;0.0;1.0;2.71478092717917;0.2335591945997716;3.478130078819037;40.38184735559783;34.01331377447335;0.238225231382423;0.3887300837649879;610.1295686453451;29.28391963416785;75.63033273759513
0.0;33.0;29.091942571721376;-0.7515494433630827;0.7960258463709922;0.0;1.0;2.5559123529116303;0.1716874699311983;3.084824592213382;40.27892088169253;33.97418810161124;0.7121858254930061;0.3862752586519751;614.8841611039027;30.08316632150856;74.71690597277396
0.0;33.0;31.994944192758968;-0.7517605014449259;0.7940849336100023;0.0;1.0;2.1762514351239965;0.0755642341900685;2.24004223509302;40.01164449900868;33.87185812776487;1.570392939946265;0.3798045812040843;622.7804494501692;31.86450364387667;73.25701647048768
0.0;33.0;30.788408655921423;-0.7519451141193968;0.7923799639549596;0.0;1.0;1.890609321796452;0.0368507863305226;2.224292903533114;39.883824155782975;33.80278671065212;1.24141330250784;0.3751306116096616;624.8499879119108;32.93055255206489;73.08703696558786
0.0;33.0;31.19960483627639;-0.7520242157911843;0.7916473601824857;0.0;1.0;1.7799711467438466;0.0270887141947218;1.9727707499604128;39.78806206210094;33.78146142613254;0.9858062399838474;0.3728681368013251;624.5572869106451;33.30856157359476;73.17847638818292
0.0;33.0;30.231292180313982;-0.7520901255787938;0.7910359861819232;0.0;0.0;1.692734849662491;0.0209607306652614;1.785036717033115;39.60943666145265;33.76756909348388;0.8102967599463723;0.3709331289304984;623.8292449239954;33.60237267426553;73.27151456665891
0.0;33.0;30.372634577071658;-0.7521033066338325;0.7909136164378806;0.0;0.0;1.6758075011658662;0.0199126941319983;1.7496906058080344;39.49416623257792;33.76520108900111;0.769734146232976;0.3705446267320557;623.6335725860788;33.658865334669144;73.28921904131485
0.0;33.0;29.50477959473089;-0.7523141625963705;0.7889514012960939;0.0;0.0;1.4268793197267613;0.0087641077321979;1.270535909045333;37.68752342362639;33.74385172621864;-0.2076547671616671;0.3643497255792545;618.4450263085998;34.46513653093798;73.19576275260052
0.0;33.0;31.430532822903512;-0.7525381126464401;0.7868576961409214;0.0;1.0;1.2027782103439617;0.0036644516628836;0.9043294733948636;37.316470343620594;33.74633611954535;0.3922702340359308;0.3578687427296974;609.2958355824235;35.14022885019325;72.00761534104699
0.0;33.0;30.241759201417825;-0.7525907941341836;0.7863637368153649;0.0;1.0;1.15538394977135;0.0029847187822415;0.8348012409772452;37.27734126210812;33.7491268230762;0.801206778580501;0.3563605365298689;606.6879054607372;35.27519245644868;71.69216264194006
0.0;33.0;29.69810232183473;-0.7526829751476384;0.7854980971859418;0.0;1.0;1.0768933431097854;0.0020843404439908;0.7257411979223043;37.209764679653546;33.75503369352387;1.4101114071171894;0.3537364449245772;601.7616054594785;35.4916800030763;71.23793911106779
0.0;33.0;30.307520970840844;-0.7527619757030953;0.7847548949194739;0.0;1.0;1.974469715559943;0.8160384317576792;0.6436745805336054;37.15274038663491;33.76061799315258;1.683385782671482;0.3515026052168933;605.8322586022103;35.658545863699935;70.98679605971978
0.0;33.0;29.28985727118109;-0.7527883068127988;0.7845069096562183;0.0;1.0;1.9351777682203;0.7364746846613055;0.6184356973905288;37.13391435905799;33.76250536111034;1.7131467639798268;0.3507611309994271;606.9507292452952;35.710551218829615;70.93281865766268
0.0;33.0;29.22529299572616;-0.752854129317452;0.7838863974301291;0.0;1.0;1.840334802365194;0.5698700719422418;0.5595836575611708;37.08724338088645;33.767152695667654;1.6632098784395168;0.3489142809820854;608.5135755096139;35.83304984871753;70.8555381794488
0.0;33.0;28.575579966469284;-0.7528804562113567;0.7836379730167313;0.0;1.0;1.8037121397981264;0.5143077399278733;0.5376420262743797;37.068731476856826;33.76895297885402;1.601124222663381;0.3481782665721964;608.782384560066;35.87914806645954;70.84412098530046
0.0;33.0;29.415490362860066;-0.7529331063852979;0.7831407480834817;0.0;1.0;1.7326386846786426;0.4189068685946273;0.4963060599875342;37.03197354406764;33.772399434467054;1.4266609751737198;0.3467108921852562;608.8882004176706;35.96658518392299;70.84559673907269
0.0;33.0;29.0772914894438;-0.7529462681758678;0.7830163635236963;0.0;1.0;1.7153122978318562;0.3979615251648959;0.486478520167043;37.0228391371954;33.773222972240305;1.375891264620186;0.3463450158783696;608.8398746243136;35.98748055503613;70.84973056382943
0.0;33.0;28.42514222808254;-0.7530252325943269;0.7822693986052549;0.0;1.0;1.6149324784321084;0.2925382899294718;0.4314676194949136;36.968491220334656;33.777780939533145;1.0555475557621332;0.3441578518995547;608.0514956531944;36.10510985645347;70.88952399937811
0.0;33.0;28.674301149582327;-0.7530778695158346;0.7817707961110532;0.0;1.0;1.5512976952012942;0.2382742655118668;0.3982947297822258;36.93269208060415;33.780410042544865;0.8648189974137052;0.3427074212517756;607.1277845704838;36.17648114436511;70.91661848254626
0.0;33.0;27.444873257938607;-0.7532225961974119;0.7803970603695687;0.0;1.0;1.388936170257097;0.1355304242102555;0.3196387981192117;36.83599957865495;33.78576197582488;0.6225247774296219;0.3387501783765986;603.285549887529;36.346126880289226;70.92647607522798
0.0;33.0;27.34721415136316;-0.7532357513608295;0.780271987906845;0.0;1.0;1.375046808554526;0.1287539029997428;0.3133095051424623;36.82733534675464;33.78610930088295;0.624135990498346;0.3383927028288623;602.8528744729437;36.35974238388932;70.9214704762482
0.0;33.0;27.48322318443153;-0.7533672864230064;0.7790195475077644;0.0;1.0;1.2435676859547764;0.0770897177970611;0.2565159415442398;36.741827511614886;33.78836528695648;0.8003137771496032;0.3348386297857102;597.8583173189925;36.48088309425988;70.83257027800575
0.0;33.0;27.96945175485427;-0.7534724927760154;0.7780153513720064;0.0;1.0;1.1474954843767755;0.0511428938288784;0.2185883226389923;36.67488365664268;33.78872919453327;1.021831583232566;0.3320222662023943;593.071788382248;36.55978718823015;70.7460910942196
0.0;33.0;27.07702206227299;-0.7535645325120724;0.7771350458333721;0.0;1.0;1.0695407778673394;0.0357149901908687;0.1900314399648336;36.61735266188456;33.7881873270979;1.1594512362591087;0.329577387059472;588.376818038082;36.61719381277826;70.68855227607459
0.0;33.0;26.46811248442216;-0.7536828476126621;0.7760009865197783;0.0;0.0;0.9770439474688842;0.0225093514861152;0.1587274666031412;36.3452763851372;33.7865978294006;1.1715558896056704;0.3264604059945927;581.726396452826;36.67687560834539;70.65060202406569
0.0;33.0;26.6924093649593;-0.7536959922276492;0.7758748246619733;0.0;0.0;0.9672735079941954;0.0213838839118094;0.1555844372667419;36.23791785958229;33.78637345646886;1.1418945145535713;0.3261158995709327;580.9485005496807;36.68261074385956;70.64731003541311
0.0;33.0;26.8947689332272;-0.7537354242637374;0.7754961528986496;0.0;0.0;0.9385445175332598;0.0183340074688876;0.1465238627779767;35.91740695727826;33.7856556248012;0.995969315185584;0.325084560065687;578.5712446261625;36.69881480200714;70.6320938647851
0.0;33.0;26.94527199278365;-0.7538405630938404;0.7744849970273411;0.0;0.0;0.8660369740382275;0.0121631551422663;0.1248593048384992;35.07407425538576;33.78349256541006;0.3474326120281838;0.3223502390076241;571.9326889011357;36.735156504897525;70.49603097000406
0.0;33.0;26.96344063633819;-0.7538537040907397;0.7743584630829718;0.0;0.0;0.8573766042978452;0.011554997385153;0.1223869136483285;34.96980850936554;33.78320431248649;0.2570700042552808;0.322010069951998;571.0742689815299;36.73904344281679;70.46402010112766
0.0;33.0;26.881366388294254;-0.7538668447861068;0.7742318981643361;0.0;0.0;0.8488028382548668;0.0109772475158953;0.1199634794128979;34.86579643225641;33.78291338807413;0.1677326981053995;0.3216702598692294;570.2098503355982;36.74279298745999;70.4278785194847
0.0;33.0;27.22904515601205;-0.7539062650628879;0.7738520176129586;0.0;0.0;0.8235925451558589;0.0094116175889407;0.1129773199478939;34.55527604248118;33.78202815908672;-0.0860398434016239;0.320652979671906;567.5816338390655;36.75324129342972;70.29300475741047
0.0;33.0;27.45539436055446;-0.7539325437396079;0.7735986091331716;0.0;0.0;0.8072030535072573;0.008493984874019;0.1085473971703534;34.34951950495634;33.781431010964;-0.2362532492995462;0.3199765808036682;565.8013671995316;36.75956340097718;70.17984277590823
0.0;32.0;27.42736537171433;-0.7539719594928821;0.773218264346551;0.0;0.0;0.7832283156150383;0.007282530281362;0.1022260637024978;34.042758058134226;33.77362035629496;-0.4218441978377106;0.3189646568558619;563.0907556508766;36.76784207873171;69.96336266736873
0.0;32.0;28.43161368833391;-0.754090190466333;0.7720755603836301;0.0;0.0;0.7154925750318981;0.00458981041113;0.0853863334248722;33.13580946963367;33.68091031941605;-0.6273697957985329;0.3159480457811268;554.693072422982;36.776431929463726;68.96612455366997
0.0;32.0;27.60675238596217;-0.7541033257330547;0.7719484387938066;0.0;0.0;0.7083376492815792;0.0043603198905735;0.0836955662987742;33.03625920911392;33.665531707886124;-0.6177735062814108;0.3156146328179749;553.7373309378947;36.77540658137342;68.82872864522244
0.0;32.0;27.865619130425703;-0.7541427297233322;0.7715668887769848;0.0;0.0;0.687299312760267;0.0037384292661804;0.0788215052188751;32.73905916039912;33.61483023235436;-0.5564632783247323;0.3146165035035591;550.8451424762072;36.76960590487902;68.39301652541154
0.0;32.0;27.18919647047503;-0.7542215295590224;0.7708029555885118;0.0;1.0;0.6470786596607407;0.0027480890372444;0.0699083933912257;32.45003991086916;33.497741015861195;-0.2842205806633945;0.3126297046253274;544.9557493718852;36.74529998916597;67.44955292012857
0.0;32.0;26.23319963080465;-0.7543659677157385;0.7693995294017196;0.0;0.0;0.5793542775087176;0.0015631132979685;0.0561027077425581;32.073649067728475;33.25836514886013;0.7822417556309473;0.3090197691662609;533.8425985033773;36.658081307975074;65.79628904428552
0.0;32.0;25.802581013825527;-0.7544053536039114;0.7690161302237845;0.0;0.0;0.5621468761124312;0.0013401742638458;0.0528355087543762;31.78344718211552;33.19310167204217;0.9546794170150832;0.3080424960671497;530.7508075222057;36.625839393358426;65.42091953404089
0.0;32.0;26.110390902095187;-0.7544447367762345;0.7686324542000509;0.0;0.0;0.5454505517450159;0.0011490319094647;0.0497585771625841;31.495358033914982;33.12946934616794;1.02725713677763;0.3070683135881396;527.6363152895685;36.59059192822942;65.08276084725348
0.0;32.0;25.20133336104993;-0.7545234949727262;0.7678642721677081;0.0;0.0;1.4936308669477554;0.903344644038717;0.0441318404267512;30.925456452264445;33.00968191289306;0.9009473277973064;0.3051291814250663;526.8982793777808;36.51263853448984;64.50400688884389
0.0;32.0;24.72814058136169;-0.754602242304089;0.7670949844109461;0.0;0.0;1.4062238117639176;0.6640413222723881;0.0391413752988304;30.363822445793417;32.903125037744935;0.521772344276313;0.3032022948548447;528.7205338299906;36.42745713621098;64.0142767860605
0.0;32.0;24.40329722202031;-0.7546153658028973;0.7669666623616307;0.0;0.0;1.3921615736462785;0.6308392561587687;0.0383663146386052;30.27101211102116;32.886853166439046;0.4459003574521786;0.3028823321998706;528.7775814362695;36.41278709743099;63.93721019275264
0.0;32.0;25.922365766177087;-0.7547597043668453;0.765553096156925;0.0;0.0;1.246455512994526;0.3588214271147209;0.0307895992665389;29.26487847763448;32.73862308559358;-0.3197366945300344;0.2993849496582997;527.001263971983;36.24815217085845;63.0782137339712
0.0;32.0;26.10868965883998;-0.75483841909599;0.7647804978799116;0.0;0.0;1.1735131225957869;0.2637667212545209;0.0273078777128879;28.727333512365067;32.68198210478947;-0.5202854872360899;0.2974943378324204;524.9187598344852;36.15971316060618;62.554301345944765
0.0;32.0;26.57110493717777;-0.7548515371607647;0.7646516244011204;0.0;1.0;1.1617779913698287;0.2505783851917948;0.0267671375433652;28.73838208658504;32.674159192708395;-0.5284303891364874;0.2971803986578565;524.5215152446655;36.14529990609855;62.46206096982755
0.0;32.0;26.648005552580173;-0.7548777723844964;0.7643937856904265;0.0;1.0;1.1386586093415692;0.2261469926355948;0.0257175675468283;28.76039757397924;32.65985269913098;-0.4995210402430004;0.2965535138382601;523.6894901115913;36.11683645517018;62.27500775829706
0.0;32.0;27.90421482730714;-0.7549695861558265;0.7634903873377841;1.0;1.0;1.0613042328632392;0.1579268793568744;3.155893257675173;29.4322328548723;32.62310184826384;-0.0154091234343372;0.297052159500886;520.4244374240282;35.74037983336155;61.64224157337316
0.0;32.0;27.55132793375349;-0.7550351583615337;0.7628441865085162;1.0;1.0;1.009289765369693;0.1222008087652117;5.510660015692378;29.97560751483617;32.60836897306505;0.5373885203367867;0.2997896706594364;517.7957084473273;35.139057149189696;61.29110489232088
0.0;32.0;28.49630351711789;-0.7552580473803734;0.7606414014879039;1.0;1.0;0.8507739378704433;0.0510946431249649;12.18027105069361;31.77423131143352;32.612264634383415;1.80006050877723;0.311727692027682;507.3332573870262;31.849577756781496;61.39884121621878
0.0;32.0;28.56865373795141;-0.7554939523549093;0.7582994573513314;1.0;1.0;0.7099825590359667;0.0202955238457488;16.957162766657113;33.59899514863688;32.665514919228215;1.0673911827588285;0.3246688407795567;494.2030370247989;27.590558559291672;63.49993874219607
0.0;32.0;29.46427075538418;-0.7555332603322702;0.757908177050765;1.0;1.0;0.6888953670500394;0.0174008747572489;17.664364488335938;33.89539934533;32.67585779362705;0.9019762189216368;0.3268043830788256;491.8498918248228;26.882731588158016;63.930581363473486
0.0;32.0;28.81349033993308;-0.7556249683683959;0.7569941288549581;1.0;1.0;0.6420954999610085;0.0121516798276432;19.187459652012045;34.57862147392768;32.69952809739409;0.635142996814276;0.3317613586297074;486.2047024648985;25.248576944926068;64.92736282047558
0.0;32.0;30.332991159627564;-0.7557821476871092;0.7554237381918811;1.0;1.0;1.5106238867634425;0.7416581734019135;21.355451830192496;35.72302302226144;32.73510797826646;0.6635540713093859;0.3401744981538241;487.51831394246;22.592160416008632;66.5023305091095
0.0;32.0;30.39860837796052;-0.7558345311197918;0.7548993072482648;1.0;1.0;1.4510992782356549;0.6040852175994423;22.02806253890647;36.097096822518886;32.74487613890712;0.773147999209293;0.3429552869064922;488.6821192153049;21.75055236377797;66.98417729483886
0.0;32.0;30.57206392525996;-0.7558476262221341;0.7547681240092605;1.0;1.0;1.436588285453298;0.5738809567194703;22.197245409436555;36.1900456105972;32.74713127197993;0.8040426875740339;0.3436486512555676;488.8416627258019;21.543519987473548;67.10187703493109
0.0;32.0;32.40180018600813;-0.756070196699897;0.7525333940525292;1.0;1.0;1.2109623169179435;0.2399512979994471;24.847523912605705;37.73592811601807;32.77365321480324;1.211264004667728;0.3553245284467999;487.3111945617025;18.235037056391416;68.99847069253126
0.0;32.0;33.16676624209349;-0.756096375716349;0.7522699122204551;1.0;1.0;1.1868641668112765;0.216556046444501;25.164999655294714;37.91361234379088;32.77535524610341;1.221545418142559;0.3566844339579113;486.7957988254306;17.867657828738324;69.21295960112622
0.0;32.0;32.90798349969028;-0.7561094647709151;0.752138126165551;1.0;1.0;1.1749955251431636;0.2057282441222759;25.31832140054706;38.00212946326451;32.776103215243936;1.2231715585380307;0.3573633105964388;486.5191142190202;17.68536897987305;69.31957823673935
0.0;32.0;33.77985822552637;-0.7561356419727202;0.7518744638045903;1.0;1.0;1.1516131141928143;0.185669740320354;25.64265210465153;38.17851635029426;32.77739952930189;1.2197692883066589;0.3587189154221932;485.9295907880325;17.323034039560845;69.53145157846585
0.0;32.0;31.81700707138424;-0.756214166319075;0.751082755090848;1.0;0.0;1.084220886802402;0.1364843204439418;26.410883042181624;38.20557193180068;32.779794332393465;1.0503995185687556;0.3607967849324179;483.89259455500417;16.26536327292299;70.14668012014727
0.0;32.0;31.63253742966476;-0.7562403386813606;0.7508186117834702;1.0;0.0;1.062644891155034;0.1231770992006575;26.615255108273825;38.18145045887264;32.78013557891795;0.9213254761841172;0.360657200765772;483.1304396435354;15.926312753559852;70.33745360690733
0.0;32.0;32.115913457569064;-0.7563973474439338;0.7492312306693245;1.0;0.0;0.9419123555262552;0.0665599881220966;27.80012613483155;38.0391395021228;32.77831345471323;-0.1145595907212344;0.3572305738264078;477.7841659115738;14.027209802080616;71.17035819212707
0.0;32.0;31.83466763307702;-0.7564104295409778;0.7490987539834547;1.0;0.0;0.9324932319709924;0.0632319887159918;27.880015787132216;38.02746508561943;32.77791731809467;-0.1916240186166793;0.3568730667187592;477.2835594652839;13.878936655302;71.2087718263706
0.0;32.0;30.77604881509451;-0.7565673911039579;0.7475066980821722;1.0;1.0;0.8265478937967672;0.0341680429656562;28.6103943148837;38.08905857682284;32.77129138790439;-0.6205856907059871;0.3528364788224858;470.6968287277496;12.244029631572175;71.26876025603829
0.0;32.0;31.86485064714356;-0.7567896787184777;0.7452439173280495;0.0;1.0;1.6867329210818056;0.9642863535785834;28.87007892676352;39.457633721280295;32.759355047192734;1.0321362724820018;0.3609818055526275;463.7241120334392;10.409082270828884;70.85553813314922
0.0;32.0;32.24016732183464;-0.7568158244514335;0.7449771409359861;0.0;1.0;1.6531669359522776;0.8702684341046716;27.73806708684156;39.427390792722;32.757969483080004;1.2464735110788097;0.3615952153082542;465.6895268975153;10.301189687843785;70.85775417690668
0.0;32.0;32.73551900717936;-0.7568419689734841;0.7447102453475059;0.0;1.0;1.6202689139268274;0.7854172617794661;26.6504420587948;39.39729372746998;32.75661014582197;1.4348883656770768;0.3617452122604989;467.1994950823175;10.256835401838831;70.87741771647273
0.0;32.0;31.45630043450108;-0.7569465349518059;0.7436414718845272;0.0;1.0;1.4950945438724683;0.521061858551608;22.71000913479654;39.27834995651184;32.75152086921366;1.848769744985029;0.3601491467584431;470.4004965468384;10.605582645396968;71.11591951595275
0.0;32.0;31.265695601193336;-0.756985742197965;0.7432401908855696;0.0;1.0;1.4506887408249125;0.4467454109756849;21.38748131772164;39.2343356319005;32.74978545232761;1.8541476790864608;0.3591708800202524;470.8759026798153;10.911278336343615;71.25822204768203
0.0;32.0;32.56091181199028;-0.7570380142870481;0.7427047333640635;0.0;1.0;1.3935258161883348;0.3638769293985139;19.743133800935865;39.17614405546821;32.747638153675695;1.7508091509422323;0.3577629843194594;471.1293845473464;11.43225738163145;71.47438246458788
0.0;32.0;31.77558917987244;-0.7571686733119367;0.741364010737621;0.0;1.0;1.260279769222744;0.2178665589675259;16.164311167782824;39.033102197386775;32.74314854418611;1.1741383634867066;0.3540777515706031;470.4198352921589;13.145069376474355;72.02398304580753
0.0;32.0;32.0112407903238;-0.7572078651137301;0.7409612154415697;0.0;1.0;1.2228481997970593;0.1867933409947825;15.22297506334727;38.99085922197981;32.74204683023741;0.986860517559178;0.3529629142260934;469.9162000206359;13.73724823316144;72.16009964816526
0.0;32.0;32.56785799476163;-0.7572470541895657;0.7405581533995651;0.0;1.0;1.1865283854148867;0.1601519407354016;14.336458097161543;38.94892128516158;32.74105398952043;0.8218659957595248;0.3518493379124732;469.2988813379677;14.35278147506581;72.27268327165946
0.0;32.0;32.61566866538607;-0.7572731787256499;0.7402892972509495;0.0;1.0;1.1629164705451305;0.1445371265137;13.77431758834306;38.92113102773554;32.74045048822981;0.7300296392074379;0.3511081883621047;468.8278981018158;14.773163514821375;72.3329862470535
0.0;32.0;32.02887399675444;-0.7572993020500877;0.7400203226560478;0.0;1.0;1.1397744327812822;0.1304447566786142;13.23421892054805;38.89347469954758;32.7398919573571;0.6555976244092151;0.3503682458216872;468.3115587637785;15.199708634066935;72.38081672174913
0.0;32.0;31.654475719507687;-0.757312363257925;0.739885790954726;0.0;1.0;1.1283766884534694;0.1239225188446835;12.972163852176612;38.87969655514925;32.73962903716443;0.6254144333672127;0.349998765687193;468.03690382812266;15.414835443809702;72.39998212959946
0.0;32.0;30.8813705324506;-0.7573384847648287;0.7396166387710937;0.0;1.0;1.1059219923532453;0.1118400732573268;12.463518077109324;38.85223989994255;32.739134772773774;0.5796630019117178;0.3492608408372746;467.4555840251488;15.847950397470353;72.42884652109659
0.0;32.0;28.629297157433104;-0.7574299004962574;0.7386736744942471;0.0;1.0;1.030791566560719;0.0781020943534485;10.835262208003169;38.75717929965285;32.73771078567067;0.569045630199256;0.3466895868414765;465.1028257345724;17.378285001712968;72.43679873199754
0.0;32.0;29.20936898733887;-0.7574951883582248;0.7379992420660805;0.0;1.0;0.9802725233200776;0.0604339117895248;9.80415075051628;38.69025597276917;32.736948312025355;0.677378031523917;0.3448642867100008;463.1407103558415;18.467538067796543;72.36950429467944
0.0;32.0;29.73640804554036;-0.7575213013820601;0.737729262417235;0.0;1.0;0.960765100106008;0.0545416053900462;9.41972452538889;38.6637120497933;32.73669379437536;0.7378125188235998;0.3441368365941629;462.2947087708196;18.898951130967937;72.33039080085432
0.0;32.0;29.64177089147849;-0.7575474131938611;0.737459164731709;0.0;1.0;0.9416458746138984;0.0492237988645167;9.050371865640129;38.6372959917489;32.73646477932645;0.8036459957124061;0.3434109138677395;461.41530898180383;19.326897759684663;72.2862643626145
0.0;32.0;29.490786403679813;-0.7575604686452405;0.7373240716386567;0.0;1.0;0.9322294158677594;0.0467626089212908;8.871162505789437;38.62413571753487;32.73635914296211;0.8376654870182033;0.3430485250558567;460.9633947284681;19.539385859165296;72.26272290851345
0.0;32.0;29.059643580546496;-0.7575996331811939;0.7369186154234972;0.0;1.0;0.9045412699870712;0.0400930918238917;8.35454624599288;38.58484498487156;32.73607443286689;0.939891834980922;0.341963646506836;459.5602405522213;20.170111805715607;72.18801578579867
0.0;32.0;28.273276681494817;-0.7576779540709024;0.7361069072670805;0.0;1.0;0.8516076500067981;0.0294721066698263;7.409817841823973;38.5071120058115;32.7356259508366;1.117521660128776;0.339804159308511;456.55100470230457;21.396192483355065;72.03216064457342
0.0;32.0;28.80561512024576;-0.7578867564331856;0.7339371731708906;0.0;0.0;0.7251079515221334;0.0129714601267401;5.3806321048370425;38.00633859874667;32.73486625035424;1.1551773742250822;0.3341119442993622;447.3606775668864;24.379687606964644;71.68140861069578
0.0;32.0;29.70692982823424;-0.758069394838419;0.7320324900084422;0.0;0.0;0.6299344966903446;0.0063258565464059;4.066594205515892;36.46965057094015;32.734247295997946;0.0440675672599585;0.329209527447284;438.1696623657325;26.604573269516617;71.21881140956776
0.0;32.0;29.899116819369347;-0.7580824381647587;0.7318962214244146;0.0;0.0;0.6236351517234412;0.0060095637190856;3.9860702381051736;36.36187953548967;32.734194326690584;-0.0415610555851565;0.3288621199380955;437.4787887473932;26.749422770331503;71.16100824758945
0.0;32.0;30.048482477150312;-0.7581476502478405;0.731214439475446;0.0;1.0;0.5930708240568694;0.00465008584852;3.606745464403602;36.12585011932727;32.7339037724534;-0.3582703610239102;0.3271305738293415;433.9634487362412;27.446058198408554;70.80728116558463
0.0;32.0;30.150195009468447;-0.7581998144556703;0.7306684874091374;0.0;1.0;0.5697014672364408;0.0037875239866561;3.3294456600412867;36.09772218117891;32.7336374544166;-0.3645403969323484;0.3257519035233139;431.0823639733164;27.97079167260576;70.45876661313632
0.0;32.0;31.041859071889498;-0.7582389344271171;0.7302587164594992;0.0;1.0;0.5527807639580512;0.0032473283780593;3.1355538096647924;36.076802175705616;32.73341647506408;-0.2351284381792387;0.3247217151537314;428.88434598318975;28.34579910808966;70.17347273412092
0.0;32.0;31.162930115344302;-0.7582519738110214;0.7301220677150219;0.0;1.0;0.5472529563184707;0.0030849619591563;3.0734656738046806;36.06986213711754;32.73333865635638;-0.1708021628043584;0.3243790435320342;428.1449459309182;28.467335236872906;70.07599722490644
0.0;32.0;31.29407078609648;-0.7583171661809079;0.7294383860286002;0.0;1.0;0.5204321162372251;0.0023870847569078;2.7809866907857232;36.03540984894257;32.73291798190881;0.2631821490489432;0.3226711020037228;424.4004093776174;29.049620159131614;69.5901376342275
0.0;32.0;31.278403081175785;-0.7583302037449199;0.7293015621367795;0.0;1.0;0.5152277950748528;0.0022677305190624;2.7259194529076574;36.02856869094702;32.73282753146296;0.3646293286164551;0.3223305943485225;423.6424359562215;29.16109638524336;69.49621349542926
0.0;32.0;30.65020521801891;-0.758512697788921;0.7273829670776791;0.0;1.0;0.4476019895934714;0.0011059154335234;2.0602054367082605;35.93449019218928;32.73135075462571;1.5859175886528816;0.3176010448557907;412.7550239683698;30.55796037187057;68.5222845827775
0.0;32.0;31.208815150858022;-0.7585517959191533;0.7269710971215126;0.0;1.0;0.4343077629005558;0.0009481842448171;1.940228368028477;35.914736829516656;32.730987474373336;1.6940486493812243;0.316596633525656;410.3635195876967;30.819908930368097;68.42205442183158
0.0;32.0;29.880140868446897;-0.7586821032967749;0.7255963079762965;0.0;1.0;0.3927801558044365;0.0005677129325758;1.588524485506007;35.849905492689494;32.729679539790624;1.5805716761319475;0.3132714803783486;402.2726515163547;31.60712581521752;68.34269098982683
0.0;32.0;30.72465924114878;-0.7587342177508759;0.7250455793423513;0.0;1.0;0.3773030504729201;0.0004624057317888;1.4663928527161922;35.824403427248434;32.72912161228014;1.391374871482134;0.3119512183097905;398.9923535932405;31.887498582577724;68.3880470486827
0.0;32.0;30.782641333203586;-0.7587602731569943;0.724770040992369;0.0;1.0;0.369794719768509;0.0004173211729394;1.4088947318146887;35.811743444116104;32.728836647725075;1.2834973238420346;0.311293175302593;397.3441945526974;32.02078530283125;68.41935237053532
0.0;32.0;30.415177362624487;-0.7587733004047907;0.7246322283283807;0.0;0.0;0.3660967725708239;0.0003964551142924;1.3809967292176808;35.70555785568643;32.72869282178278;1.2233808177134058;0.310964674520985;396.5182587416724;32.08575677002809;68.4361715719198
0.0;32.0;30.32765057035008;-0.7588644826408499;0.7236667284015293;0.0;0.0;0.3412261156938511;0.0002768593925375;1.2005807592575384;34.969457361117904;32.7276649993462;0.5947182147355223;0.308674855059118;390.70579471408206;32.51072886098117;68.53180764379108
0.0;32.0;30.03689819428779;-0.7589035561889381;0.7232525084082081;0.0;0.0;0.3310913588316281;0.0002373723216768;1.1306643234296607;34.65780780645151;32.727215510614705;0.2761431012629773;0.3076986727487268;388.2002948485127;32.67767380503638;68.53641971055796
0.0;32.0;29.17026483514636;-0.7589686726977748;0.7225615632243387;0.0;0.0;0.3148645878567488;0.0001836741776036;1.0230672945923718;34.143426201862;32.72645822784177;-0.214189424822833;0.3060785577876877;384.008867860912;32.9370618949864;68.45975790668098
0.0;32.0;28.71935199119081;-0.7589947171762448;0.7222849827948371;0.0;0.0;0.3085987825583995;0.0001657659452873;0.9829522134064002;33.93942130203649;32.72615328537444;-0.3763322609395798;0.3054329028173477;382.3276503102778;33.03453123193083;68.39415895605977
0.0;32.0;27.29435927993548;-0.7590468024899498;0.7217314752833183;0.0;1.0;0.2964387592164561;0.0001350173984736;0.9073791788141174;33.73389410251984;32.72554132227253;-0.5974353971467854;0.3041456759188364;378.9587135524104;33.21926368359548;68.1988176675452
0.0;32.0;26.22266490591014;-0.7591509585433281;0.7206230748905411;0.0;1.0;0.2735372922897805;8.957330072694297e-05;0.7732173795839052;33.72394800927636;32.72431518190618;-0.3179656850673021;0.3015874740583247;372.2018570104982;33.55066020212972;67.60896505438944
0.0;32.0;26.27511432766504;-0.759163976683588;0.7204843950710265;0.0;0.0;0.2708019193668827;8.509463569059582e-05;0.7579066290022762;33.6228386490696;32.7241621653912;-0.2324937743225973;0.3012692154879111;371.35605335883423;33.58874588024218;67.52464527617751
0.0;32.0;26.21967636353225;-0.7593722256256202;0.718261602300021;0.0;0.0;0.2305763986723401;3.745241852663758e-05;0.5503528774086842;32.03813853618813;32.72174025311474;0.5954770738286723;0.2962225140102508;357.8179361208875;34.10946718749021;66.13560960745102
0.0;32.0;25.2986833689862;-0.7594242757120033;0.7177047539988939;0.0;0.0;0.2214907685648192;3.05052289675621e-05;0.5080396545015294;31.65151954568296;32.7211453654943;0.5681985874677838;0.2949741036901399;354.438808464884;34.2163348596254;65.7988409912312
0.0;32.0;26.39867694248753;-0.759476320938071;0.7171474463667485;0.0;0.0;0.2127631485351987;2.484669965176037e-05;0.4689796266440249;31.268648931656426;32.72055539201834;0.4620553760050831;0.2937309547132883;351.06476574131364;34.315038509209195;65.46347629631015
0.0;32.0;26.22475951778956;-0.7596844532325361;0.7149136296660082;0.0;1.0;0.1811588362229082;1.0935695144720282e-05;0.3405488109092194;30.859303563372947;32.71824362183348;0.2915785301997243;0.2888105301661429;337.64499260966875;34.63828436788197;64.0867268063997
0.0;32.0;26.398258200925422;-0.7597754866507823;0.7139340314881545;0.0;1.0;0.1688518737105303;7.636803778269513e-06;0.2960587766756931;30.89914247670381;32.71725355299339;0.6848892897040354;0.2866838449605472;331.82527716894054;34.748784535383244;63.57414061975742
0.0;32.0;27.199072695322204;-0.759944509203558;0.712111066730379;0.0;1.0;0.1481710689537571;3.920292761133668e-06;0.2282763602849195;30.97130675692373;32.71543936357534;1.3619517669530317;0.2827757463837211;321.12458851117657;34.91347935573922;63.06785924056144
0.0;32.0;27.97566835403624;-0.7600355000696443;0.7111274756258645;0.0;1.0;0.1381051189341342;2.7376866467059864e-06;0.1984538125460791;31.00920453133065;32.71447110222402;1.4444230248492391;0.2806934989116861;315.4288478711516;34.98354571946852;63.06343318440453
0.0;32.0;27.710025305489395;-0.7600614947239035;0.7108461935057663;0.0;1.0;0.1353568270673449;2.4707621986521527e-06;0.1906722925854722;31.01991124243817;32.71419509728779;1.4274683049121404;0.2801013922511465;313.81078436616446;35.001469276308065;63.090865178222565
0.0;32.0;28.088260425364023;-0.7601134803840852;0.7102832881044248;0.0;1.0;0.1300232280071515;2.01245125306592e-06;0.1760126447186677;31.041164732813;32.71364360604293;1.350721622248501;0.2789209233393485;310.58760196691003;35.03473314486628;63.17486752681333
0.0;32.0;27.986481577601044;-0.7601394713899244;0.7100016649132463;0.0;1.0;0.1274357657698092;1.8162372558919928e-06;0.169111058268442;31.05171203061754;32.71336802391054;1.296004759000633;0.2783325558241997;308.9826442360359;35.05013431020613;63.228256975863815
0.0;32.0;28.902415573484024;-0.7602694081749513;0.7085918458552916;1.0;1.0;0.115250622277236;1.087448335523484e-06;4.869398523965637;31.99385886342499;32.71199004325474;0.9722161041688808;0.2805544251921236;301.0271839501536;34.521677421639005;63.577886969968574
0.0;32.0;28.7421241861304;-0.7602824001809414;0.7084507079661475;1.0;1.0;0.1140981160544637;1.03307591874731e-06;5.342110249700819;32.096692628007496;32.711852127585935;0.9431248575118388;0.2811626075604642;300.2382005143576;34.40594226145741;63.620684935080135
0.0;32.0;28.99703006467461;-0.7604772437744122;0.7063302422304266;0.0;1.0;0.0981310379614728;4.786150132448586e-07;3.9575325443221647;32.1365448760717;32.709777140185544;0.7744729772143653;0.2809781529217076;288.55465192266746;33.2730828553797;64.31909473959523
0.0;32.0;29.198300871591314;-0.7604902309139715;0.7061886516111435;0.0;1.0;0.0971497275818581;4.546842625826157e-07;3.87916814209644;32.139147630291006;32.70963827786258;0.7818659768220994;0.2807201406523139;287.7861376944813;33.229474134783665;64.36319334864729
0.0;32.0;29.001359058773005;-0.7606590360445717;0.704345405096397;0.0;1.0;0.0852509283317032;2.3340856658856546e-07;2.991038639037185;32.17238281816128;32.707825769385416;0.980715673189508;0.2770494241919523;277.9188185210364;32.906367389854786;64.85865089027496
0.0;32.0;29.35530726694236;-0.7606720189249223;0.704203419527374;0.0;1.0;0.0843984190483861;2.217381382591373e-07;2.931812094730848;32.174893730038185;32.707685765612645;0.9974881860760972;0.2767592439961476;277.16946048452166;32.89669034340561;64.89060425795111
0.0;32.0;29.62628859007767;-0.7607109657403311;0.7037772938341275;0.0;1.0;0.08189170160423;1.9011273628992773e-07;2.76107661605714;32.18238788309995;32.70726525429273;1.0434871092596474;0.2758883986251375;274.9298277276993;32.877704842669935;64.98141318688972
0.0;32.0;29.43738571333641;-0.7607239474035661;0.7036351956265648;0.0;1.0;0.0810727845881877;1.8060709947543135e-07;2.706403623990219;32.18487312546334;32.70712491820738;1.0569794668865282;0.2755982217463733;274.1861110291044;32.87447816014797;65.01003073967641
0.0;32.0;29.19083430313912;-0.7607369287625206;0.7034930692736752;0.0;1.0;0.0802620567423059;1.715767445016598e-07;2.652813229485085;32.18735198950236;32.70698449999319;1.0693846925114925;0.2753081728887453;273.4438147527593;32.87268543489438;65.03783608582862
0.0;32.0;29.57727899225229;-0.7608148105258485;0.7026397204209743;0.0;1.0;0.0755651331729777;1.2612467350300766e-07;2.3528341942302142;32.202092096829645;32.70614029931192;1.1175846651186785;0.2735720334464788;269.0200749164774;32.88847975212985;65.18789062932817
0.0;32.0;29.64028616053319;-0.7608277897546307;0.7024973972094751;0.0;1.0;0.0748094818412479;1.1981843982785728e-07;2.306244942084266;32.20452674575911;32.70599932404338;1.1209805896898692;0.2732835247534398;268.2878241735693;32.89498917153537;65.21012068860806
0.0;32.0;29.614680109528177;-0.7609186358345069;0.7015003482505204;0.0;0.0;0.0697273257191044;8.367368529155756e-08;2.004952938416201;31.62576341814833;32.705010413104894;0.9487748408674204;0.2712717919691159;263.20280110009406;32.964871888992924;65.33106852159158
0.0;32.0;28.6159530374766;-0.7610483900769568;0.7000736079790687;0.0;0.0;0.0630601435186584;5.0098526226262536e-08;1.6415164841564038;30.67578715598788;32.703591910353275;0.1795957040375653;0.2684228434164128;256.0635149552416;33.11754462190752;65.26202826681673
0.0;32.0;27.587088908527168;-0.761139199934027;0.6990732232743905;0.0;0.0;0.058776174607783;3.498566934313e-08;1.4270657611574036;30.02443722268242;32.7025954794342;-0.3278815077151945;0.2664463036064897;251.1546000618668;33.245933456643314;64.9423509175764
0.0;32.0;27.53331395901512;-0.761165142867451;0.6987871473209085;0.0;0.0;0.0576065287330882;3.157456658217482e-08;1.3711096772137783;29.8403677832865;32.702310327106176;-0.4300628138340175;0.2658842525331226;249.7655532292523;33.284446246046954;64.80496324012003
0.0;32.0;26.56363186130043;-0.7611910845830108;0.6985009595614845;0.0;0.0;0.0564601588112997;2.8496046340412778e-08;1.3173476621977482;29.657192763944764;32.70202498837129;-0.5079106705073423;0.2653233864139002;248.38252733072247;33.32347933812074;64.64773020547558
0.0;32.0;26.58705683660114;-0.7612170250806649;0.6982146600419085;0.0;0.0;0.0553366016509548;2.571768182222253e-08;1.2656936854496228;29.47490781231397;32.70173947216244;-0.5603132811137245;0.2647637029720735;247.00553208168665;33.36289393947351;64.47161824933605
0.0;32.0;27.474355075232165;-0.7612948392657777;0.6973550913805181;0.0;1.0;0.0520983119896846;1.890485935318976e-08;1.122569489496171;29.430314139407685;32.70088194360024;-0.4544472088853042;0.2630917250315969;242.9108129883236;33.48220961065555;63.8517099431199
0.0;32.0;27.728196559790504;-0.7613078072308519;0.6972117322737489;0.0;1.0;0.0515773288697877;1.7959616385530272e-08;1.1003411052257297;29.439489004377485;32.70073888981099;-0.3895717687594534;0.2628140902621297;242.2336578782284;33.502110875151594;63.739935200614056
0.0;32.0;27.75350467898017;-0.7613726424882539;0.6964945185278352;0.0;1.0;0.0490495265555881;1.389680880393597e-08;0.9956297114714784;29.48502431807421;32.70002310902759;0.0765694098672208;0.2614303047643235;238.87062912442093;33.60099909014939;63.17682640776663
0.0;32.0;28.12679394716772;-0.7614893267645477;0.6952017791015299;0.0;1.0;0.0448075884894366;8.7584555457364e-09;0.8316196730575388;29.565581268945724;32.698732803441295;1.1159884518241774;0.2589578254546354;232.91284094092904;33.77362804614061;62.30151408368459
0.0;32.0;28.51615816110404;-0.7615022901612213;0.6950580022705368;0.0;1.0;0.0443595126045423;8.32053276844958e-09;0.8151524798277243;29.57442175967793;32.698589302539055;1.2181202518725984;0.2586845530107653;232.25846193071075;33.792204726168826;62.22532244370976
0.0;32.0;28.761662071312312;-0.7615671025754994;0.6943387011955864;0.0;1.0;0.0421854551053333;6.438269646070386e-09;0.7375803661385624;29.618297382586203;32.69787143892386;1.6241049016192632;0.2573225103759941;229.0093568982745;33.882875574132576;61.92550310515082
0.0;32.0;29.03131968105628;-0.7616319073741065;0.6936187057820743;0.0;1.0;0.0401179480556752;4.981810322614137e-09;0.6673902136904234;29.66163313408771;32.69715301612193;1.8180029339890569;0.2559676392487605;225.7982121378922;33.96950649979848;61.765654797454864
0.0;32.0;28.784705064929447;-0.7616967045563944;0.6928980167499144;0.0;1.0;0.0381517694233521;3.854829861879545e-09;0.6038795363004695;29.704435558949275;32.69643407574739;1.795231421632732;0.2546199018739831;222.62497550923425;34.05173896120978;61.73518046888058
0.0;32.0;29.057684494369965;-0.7617614941217061;0.6921766348197954;0.0;1.0;0.0362819531076869;2.98279386442815e-09;0.5464126981866319;29.74671112260819;32.69571464551705;1.6001191254729774;0.2532792606922825;219.4895704652639;34.12934326271348;61.807153003111296
0.0;32.0;29.790096424612404;-0.7618392315447863;0.691310062894052;0.0;1.0;0.0341587386323852;2.1926275811471387e-09;0.4846244668708075;29.7967553297442;32.69485070349183;1.2442602248464172;0.2516798056562196;215.77688069610247;34.21618925549324;61.97856093044001
0.0;32.0;29.357168299353205;-0.7618780961424552;0.6908764035457846;0.0;1.0;0.0331441899362647;1.879904072386028e-09;0.4564020721128843;29.82149978504123;32.69441847886143;1.0583047165818618;0.2508838698353213;213.94084620506413;34.25702294924947;62.0807839252493
0.0;32.0;28.779109112400786;-0.7619299113394876;0.6902978042175951;0.0;1.0;0.031838176607458;1.531193616358872e-09;0.4213121303807984;29.854207489405347;32.69384191469298;0.8377006825156805;0.2498265362518473;211.5137955632092;34.308792677563964;62.21904478825487
0.0;32.0;28.48693552361061;-0.7624736764351497;0.6841959091321362;0.0;1.0;0.0208749940589478;1.7759123686569083e-10;0.1818843207984506;30.178742019831688;32.687767564128514;1.2298862246244198;0.2389900099158623;187.4550792015677;34.68401991251861;62.98861712522278
0.0;32.0;28.81835761874195;-0.7625124962168737;0.683758207044736;0.0;1.0;0.020254985860403;1.5226228670772166e-10;0.1712921543039483;30.200654241576512;32.68733206219842;1.2267521844170488;0.2382342054950733;185.83423533604736;34.7006524963529;63.03750588750216
0.0;32.0;28.398688575266167;-0.76256425165576;0.6831742213841435;0.0;0.0;0.0194568586001096;1.2401858416273123e-10;0.1581225273852486;29.93071237645844;32.68675101947733;1.1511584410420137;0.2372301830907087;183.69289628041724;34.72108788854468;63.10269549168655
0.0;32.0;25.475622031921795;-0.7629005430336487;0.6793676738017143;0.0;0.0;0.0149826206039144;3.2681389014070553e-11;0.0940068746642555;27.611206431584;32.68296341308282;-0.6227741807661563;0.2308063843664755;170.31548353117225;34.81201278201955;62.384582550785325
0.0;32.0;23.986634338517025;-0.7630039758062064;0.6781927278478665;0.0;1.0;0.0138251336708885;2.168150119484032e-11;0.0801073377441544;27.62061886066071;32.68179412069528;-0.3419197623662366;0.2288650471433815;166.38395209164463;34.82782100824073;61.59461764621464
0.0;32.0;24.04927147627108;-0.7630169035294175;0.6780457374672793;0.0;1.0;0.0136868823341796;2.0597426135098297e-11;0.0785211029934995;27.634159566382536;32.68164782976076;-0.2508884732345736;0.2286235309366859;165.8984871177039;34.82946209567534;61.4886017455047
0.0;32.0;24.701284329794795;-0.763055684867808;0.6776046036179814;0.0;1.0;0.0132803682419721;1.7659718232579907e-11;0.0739483829446409;27.674582155822687;32.681208784581365;0.0690110054300812;0.2279005104412301;164.449998986995;34.833966645285045;61.17374115297506
0.0;32.0;25.20493760506873;-0.7630944634591887;0.6771632258309499;0.0;1.0;0.0128859280248173;1.5141000919658198e-11;0.0696419609630345;27.714707151595185;32.68076948113388;0.4311030010469701;0.2271797764935969;163.01331647210705;34.83786635424439;60.87443872823712
0.0;32.0;25.27596255208104;-0.7632495503519429;0.6753952784858109;0.0;1.0;0.9434872395662112;0.6983372961019314;0.0547821966990029;27.87227435691446;32.67900969665539;1.6604519004973526;0.2243195619000196;169.92762018675546;34.84797911246069;60.04485302618585
0.0;32.0;25.177123924862183;-0.7634433471436187;0.6731798748006929;0.0;1.0;0.8114540828863667;0.3235335449774997;0.0405835154400443;28.0627932441102;32.67680424593223;1.6097026767370732;0.2207948799833548;177.0236301227411;34.850166856839856;60.048727375013456
1.0;32.0;25.3889124700632;-0.7635725068336514;0.6716995718807958;0.0;0.0;1.7338645272551387;1.1937114844607706;0.0332268874279459;28.086070085554976;32.67533047097105;0.9809160114699116;0.2184759141058253;182.21152073395103;34.84642424105269;60.42182797125552
0.0;32.0;24.26178928153569;-0.763637075225403;0.6709584125013296;0.0;0.0;1.648887913294204;0.923671191550572;0.0300648896034404;27.65076495771652;32.67459255481651;0.567141433374817;0.2173255805866469;193.30670419046467;34.843252891208955;60.60545858990763
0.0;32.0;25.1206145606886;-0.7636887244406447;0.670365001872108;0.0;0.0;2.5739151504476383;1.702335958462888;0.0277533590648658;27.306317139213;32.67400173189702;0.1937429631879255;0.2164096762080248;211.3029760489606;34.84016110305541;60.70554700710617
0.0;32.0;24.445545524463537;-0.7638952724222372;0.667987072821468;0.0;0.0;2.191580056987477;0.7492434543243812;0.020152972555109;25.961593173230483;32.67163412148261;-0.6544582611880135;0.2127844965462721;264.6616331231575;34.823569566736026;60.35637897786236
0.0;32.0;24.168437418500783;-0.7639210854203229;0.6676893502397165;0.0;0.0;2.1479676138534267;0.676192217527754;0.0193627497779191;25.79715677831112;32.67133768735167;-0.643463293672366;0.2123356399886635;268.05587728539905;34.821083049163924;60.22259890449574
0.0;32.0;24.45894874076784;-0.7640243251895152;0.6664973920863773;0.0;0.0;1.9820257194862485;0.4485997325865702;0.0164997987528908;25.147361305583047;32.67015088405407;-0.3955943665256592;0.2105496621751341;279.24298069492903;34.8103655239614;59.53909612552042
0.0;32.0;25.10481746769268;-0.7641662479354032;0.6648556642907085;0.0;0.0;1.7745834475806943;0.2551635692904364;0.0132413393734523;24.274311233812337;32.66851625141826;0.1182614909899381;0.2081184450510562;290.8246468625402;34.79387590845367;58.39695965616314
0.0;32.0;25.559132324266283;-0.7641791481693196;0.6647062566244143;0.0;0.0;1.7568376131048875;0.2424053908259146;0.0129791375967105;24.1960964761538;32.66836748931026;0.156012794511274;0.2078988222732686;291.7232543663612;34.79228926374207;58.29084450919663
0.0;32.0;25.79178464253495;-0.7642823390360008;0.6635100386197111;0.0;1.0;1.6211125864639464;0.160816688928522;0.0110600501756071;24.172818893897343;32.66717643905893;0.4976960991745289;0.2061501630088192;298.1492472646627;34.77913998118312;57.477175942195245
0.0;32.0;26.135054562300024;-0.7643210305668893;0.6630610187867222;0.0;1.0;1.5729639215333808;0.1378802086700915;0.0104159471730393;24.238381396388533;32.66672935851446;0.6809627635914921;0.2054982143997401;300.23549616151644;34.77401719636169;57.20893309744112
0.0;32.0;26.12861102046828;-0.764359719346222;0.6626117602518589;0.0;1.0;1.5262453200999178;0.1182150439085197;0.0098093540002055;24.303463032541064;32.66628203989848;0.8703609216593885;0.2048483275740847;302.1584691285948;34.768800068635414;56.9729726010457
0.0;32.0;26.046029913720005;-0.7643855103370634;0.6623121220295863;0.0;1.0;1.4958730382299292;0.1066890771274391;0.0094247132912971;24.346585374373344;32.665983695254894;0.9917147201158144;0.2044162119047611;303.35318725232213;34.76527260943273;56.83648247092534
0.0;32.0;26.39588068194097;-0.7644241945301513;0.6618624660175729;0.0;1.0;1.4514441131214622;0.0914725475021381;0.0088758453188238;24.41087334489042;32.66553597997438;1.1556891451950382;0.2037697469052702;305.01907436431264;34.759911697777206;56.66604291554869
0.0;32.0;26.53427933799185;-0.7644886620698477;0.6611125099208762;1.0;1.0;1.3803089095644403;0.0707797135617177;0.5334451253152351;24.61685194917371;32.664789259086234;1.3547474410115443;0.2027979348678296;307.4734447603594;34.73682108350488;56.47855931274153
