MotorData.IsAcceleration;NVL_Recv_Storage.GL_LightBarrier;NVL_Send_Storage.ActivateStorage;MotorData.Motor_Pos2reached;MotorData.ActSpeed;MotorData.IsForce;MotorData.ActCurrent;NVL_Recv_Storage.GL_I_Slider_OUT;NVL_Recv_Storage.GL_I_Slider_IN;NVL_Recv_Storage.GL_I_ProcessStarted;PLC_PRG.Gripper;MotorData.Motor_Pos3reached
0;1;0;0;0;-1;-5;0;1;0;0;0
0;1;0;0;0;-1;0;?;1;0;0;0
0;1;0;?;0;-3;-5;?;1;0;0;0
0;1;0;?;0;4;0;?;1;0;0;0
0;1;0;?;0;4;0;?;1;0;0;0
0;1;0;?;0;0;0;?;1;0;0;0
0;1;0;?;0;1;-9;?;1;0;0;0
0;1;0;?;0;0;0;?;1;0;0;0
0;1;0;?;0;3;-5;?;1;0;0;0
0;1;0;?;0;-1;0;?;1;0;0;0
0;1;0;?;0;-1;?;?;1;0;0;0
0;1;0;?;0;-1;?;?;1;0;0;0
0;1;0;?;0;2;?;0;1;0;0;0
0;1;0;?;0;0;-5;0;1;0;0;0
0;1;0;0;0;0;12;0;1;0;0;0
0;1;0;0;0;-1;-9;0;1;0;0;0
0;1;0;0;0;-1;-9;0;1;?;0;0
0;1;0;0;0;-1;3;0;1;?;0;0
0;1;0;0;0;-1;-18;0;1;?;0;0
0;1;0;0;0;-3;7;0;1;?;0;0
0;1;0;0;0;0;0;0;1;?;0;0
0;1;0;?;0;0;0;0;1;0;0;0
0;1;0;?;0;-1;?;0;1;0;0;0
0;1;0;?;0;0;?;0;1;0;0;0
0;1;0;?;0;0;?;0;1;0;0;0
0;?;0;?;0;0;?;0;1;0;0;0
0;?;0;0;0;0;-5;0;1;0;0;0
0;?;0;0;0;0;20;0;1;0;0;0
0;?;0;0;0;2;7;0;1;0;0;0
0;?;0;0;0;0;-9;0;1;0;0;0
0;?;0;0;0;0;-5;0;1;0;0;0
0;?;0;0;0;0;-5;0;1;0;0;?
0;?;0;0;0;-1;3;0;1;0;0;?
0;?;0;0;0;-1;0;0;1;0;0;?
0;1;0;0;0;2;0;0;1;0;0;?
0;1;0;0;0;0;12;0;1;0;0;?
0;1;0;0;0;0;12;0;1;0;0;?
0;1;0;0;0;0;12;0;1;0;0;?
0;1;0;0;0;-1;3;0;1;0;?;0
0;1;0;0;0;5;-9;0;1;0;?;0
0;1;0;0;0;5;-9;0;1;0;?;0
0;1;0;0;0;5;-9;0;1;0;?;0
0;1;0;0;0;0;7;0;1;0;?;0
0;1;0;0;0;-1;0;0;1;0;?;0
0;1;0;0;0;-1;0;0;1;0;?;0
0;1;0;0;0;0;0;0;1;0;0;0
0;1;0;0;0;0;0;0;1;0;0;0
0;1;0;0;?;-3;-9;0;1;0;0;0
0;1;0;0;?;0;7;0;1;0;0;0
0;1;0;0;?;4;7;0;1;0;0;0
0;1;0;0;?;-1;20;0;1;0;0;0
0;1;0;0;?;-1;20;0;1;0;0;0
0;1;0;0;?;0;0;0;1;0;0;0
0;1;0;0;?;0;0;0;1;0;0;0
0;1;0;0;0;2;7;0;1;0;0;0
0;1;0;0;0;0;20;0;?;0;0;0
0;1;0;0;0;2;-9;0;?;0;0;0
0;1;?;0;0;2;-9;0;?;0;0;0
0;1;?;0;0;0;12;0;?;0;0;0
0;1;?;0;0;-1;12;0;?;0;0;0
0;1;?;0;0;0;0;0;?;0;0;0
0;1;?;0;0;0;0;0;?;0;0;0
0;1;?;0;0;-1;-9;0;1;0;0;0
0;1;?;0;0;0;0;0;1;0;0;0
0;1;0;0;0;-1;0;0;1;0;0;0
0;1;0;0;0;-3;7;0;1;0;0;0
0;1;0;0;0;-3;7;0;1;0;0;0
0;1;0;0;0;-3;7;0;1;0;0;0
0;1;0;0;0;1;0;0;1;0;0;0
0;1;0;0;0;0;7;0;1;0;0;0
0;1;0;0;0;0;0;0;1;0;0;0
0;1;0;0;0;0;0;0;1;0;0;0
0;1;0;0;0;0;0;0;1;0;0;0
0;1;0;0;0;3;-14;0;1;0;0;0
0;1;0;0;0;0;7;0;1;0;0;0
?;1;0;0;0;0;7;0;1;0;0;0
?;1;0;0;0;0;7;0;1;0;0;0
?;1;0;0;0;3;7;0;1;0;0;0
?;1;0;0;0;-1;0;0;1;0;0;0
?;1;0;0;0;0;-9;0;1;0;0;0
?;1;0;0;0;-1;7;0;1;0;0;0
?;1;0;0;0;-1;7;0;1;0;0;0
0;1;0;0;0;-1;7;0;1;0;0;0
0;1;0;0;0;-1;3;0;1;0;0;0
0;1;0;0;0;-3;0;0;1;0;0;0
0;1;0;0;0;0;16;0;1;0;0;0
0;1;0;0;0;-1;12;0;1;0;0;0
0;1;0;0;?;1;7;0;1;0;0;0
0;1;0;0;?;1;7;0;1;0;0;0
0;1;0;0;?;4;-5;0;1;0;0;0
0;1;0;0;?;4;-5;0;1;0;0;0
0;1;0;0;?;2;12;0;1;0;0;0
0;1;0;0;?;0;0;0;1;0;0;0
0;1;0;0;?;-5;12;0;1;0;0;0
0;1;0;0;?;-5;12;0;1;0;0;0
0;1;0;0;?;0;3;0;1;0;0;0
0;1;0;0;?;0;-5;0;1;0;0;0
0;1;0;0;?;0;-14;0;1;0;0;0
0;1;0;0;0;?;-14;0;1;0;0;0
0;1;0;0;0;?;0;0;1;0;0;0
0;1;0;0;0;-3;16;0;1;0;0;0
0;1;0;0;0;2;3;?;1;0;0;0
0;1;0;0;0;0;3;?;1;0;0;0
0;1;0;0;0;0;3;?;1;0;0;0
0;1;0;0;0;0;3;?;1;0;0;0
0;1;0;0;0;-1;-5;0;1;0;0;0
?;1;0;0;0;0;0;0;1;0;0;0
?;1;0;?;0;2;7;0;1;0;0;0
?;1;0;?;0;0;7;0;1;0;0;0
0;1;0;?;0;0;7;0;1;0;0;0
0;1;0;?;0;1;3;0;1;0;0;0
?;1;0;?;0;-1;-5;0;1;0;0;0
?;1;0;?;0;-1;3;0;1;0;0;0
?;1;0;?;0;0;-9;0;1;0;0;0
?;1;0;?;0;0;-9;0;1;0;0;0
?;1;0;0;0;0;12;0;1;0;0;0
?;1;0;0;0;0;7;0;1;0;0;0
?;1;0;0;0;-1;12;0;1;0;0;0
?;1;0;0;0;-1;12;0;1;0;0;0
?;1;0;0;0;-1;12;0;1;0;0;0
?;1;0;0;0;0;-5;0;1;0;0;0
?;1;0;0;0;1;0;0;1;0;0;0
?;?;0;0;0;-1;-9;0;1;0;0;0
?;?;0;0;0;0;12;0;1;0;0;0
?;?;0;0;0;0;12;0;1;0;0;0
?;?;0;0;0;2;7;0;1;0;0;0
0;?;0;0;0;0;-5;0;1;0;0;0
0;?;0;0;0;-1;12;0;1;0;0;0
0;?;0;0;0;2;3;0;1;0;0;0
0;?;0;0;0;2;3;0;1;0;0;0
0;?;0;0;0;-3;0;0;1;0;0;0
0;?;0;0;0;1;7;0;1;0;0;0
0;?;0;0;0;1;7;0;1;0;0;0
0;?;0;0;0;2;-5;0;1;0;0;0
0;1;0;0;0;2;-5;0;1;0;0;0
0;1;0;0;0;1;-5;0;1;0;0;0
0;1;0;0;0;-1;-5;0;1;0;0;0
0;1;0;0;0;-1;-9;?;1;0;0;0
0;1;0;0;0;0;-14;?;1;0;0;0
0;1;0;0;0;0;-14;?;1;0;0;0
0;1;0;0;0;0;-5;?;1;0;0;0
0;1;0;0;0;-1;?;?;1;0;0;0
0;1;0;0;0;2;?;?;?;0;0;0
0;1;0;0;0;0;?;0;?;0;0;0
0;1;0;0;0;0;?;0;?;0;0;0
0;1;0;0;0;-1;?;0;?;0;0;0
0;1;0;0;0;-1;?;0;?;0;0;0
0;1;0;0;0;0;?;0;?;0;0;0
0;1;0;0;?;1;?;0;?;0;0;0
0;1;0;0;?;-1;?;0;?;0;0;0
0;1;0;0;?;0;?;0;?;0;0;0
0;1;0;0;?;0;?;0;?;0;0;0
?;1;0;0;?;2;?;0;?;0;0;0
?;1;0;0;?;2;?;0;?;0;0;0
?;1;0;0;?;-1;7;0;1;0;0;0
?;1;0;0;?;0;0;0;1;0;0;0
0;1;0;0;?;0;0;0;1;0;0;0
0;1;0;0;?;0;12;0;1;0;0;0
0;1;0;0;0;-3;7;0;1;0;0;0
0;1;0;0;0;-3;7;0;1;0;0;0
0;1;0;0;0;1;-5;0;1;0;0;0
0;1;0;0;0;0;0;0;1;0;0;0
0;1;0;0;0;0;0;0;1;0;0;0
0;1;0;0;0;-3;0;0;1;0;0;0
0;1;0;0;0;0;-9;0;1;0;0;0
0;1;0;0;0;0;12;0;1;0;0;0
0;1;0;0;0;0;12;0;1;0;0;0
0;1;0;0;0;1;0;0;1;0;0;0
0;1;0;0;0;2;-9;0;1;0;0;0
0;1;0;0;0;-3;16;0;1;0;0;0
0;1;0;0;0;1;12;0;1;0;0;0
0;1;0;0;0;1;12;0;1;0;0;0
0;1;0;0;0;1;12;0;1;0;0;0
0;1;0;0;0;0;-5;0;1;0;0;0
0;1;0;0;0;2;20;0;1;0;0;0
0;1;0;0;0;2;12;0;1;0;0;0
0;1;0;0;0;0;0;0;1;0;0;0
0;1;0;0;0;0;0;0;1;0;0;0
0;1;0;0;0;4;-5;0;1;0;0;0
0;1;0;0;0;-1;3;0;1;0;?;0
0;1;0;0;0;0;12;0;1;0;?;0
0;1;0;0;0;0;12;0;1;0;?;0
0;1;?;0;0;0;12;0;1;0;?;0
0;1;?;0;?;0;-5;0;1;0;0;0
0;1;?;0;?;2;-9;0;1;0;0;0
0;1;?;0;?;2;-9;0;1;0;0;0
0;1;?;0;?;2;0;0;1;0;0;0
0;1;?;0;?;2;0;0;1;0;0;0
0;1;?;0;0;0;0;0;1;0;?;0
0;1;?;0;0;-1;12;0;1;0;0;0
0;1;?;0;0;-3;7;0;1;0;0;0
0;1;0;0;0;0;7;0;1;0;0;0
0;1;0;0;0;1;0;0;1;0;0;0
0;1;0;0;0;1;0;0;1;0;0;0
0;1;0;0;0;0;7;0;1;0;0;0
0;1;0;0;0;-1;16;0;1;0;0;0
0;1;0;0;0;0;0;0;1;0;0;0
0;1;0;0;0;0;0;0;1;0;0;0
0;1;0;0;0;0;0;0;1;0;0;0
0;1;0;0;0;1;-5;0;1;0;0;0
0;1;0;0;0;0;-5;0;1;0;0;0
0;1;0;0;0;0;0;0;?;0;0;0
0;1;0;0;0;1;12;0;?;0;?;0
0;1;0;0;0;1;12;0;?;0;?;0
0;1;0;0;0;1;7;0;?;0;?;0
0;1;0;0;0;-1;0;0;?;0;?;0
0;1;0;0;0;-3;12;0;?;0;?;0
0;1;0;0;0;1;-5;0;?;0;0;0
0;1;0;0;0;1;-5;0;?;0;0;0
0;1;0;0;0;0;-5;0;?;0;0;0
0;1;0;0;0;1;0;?;?;0;0;0
0;1;0;0;0;-1;20;?;?;1;0;0
0;1;0;0;0;-1;20;?;?;1;0;0
0;1;0;0;0;-1;20;?;1;1;0;0
0;1;0;0;0;0;0;?;1;1;0;0
-2001;1;0;0;-73428;-94;?;?;1;1;?;0
1015;1;0;0;-87464;-104;?;?;1;1;?;0
0;1;0;0;-62292;-73;?;?;1;1;?;0
0;1;0;0;-62292;-73;?;?;1;1;?;0
0;1;0;0;-88711;-75;?;?;1;1;?;0
-1015;1;0;0;-73660;-247;?;0;1;1;?;0
-1015;1;0;0;-79750;-58;?;0;1;1;?;0
-1015;1;0;0;-77981;-144;?;0;1;1;?;0
-1015;1;0;0;-77981;-144;-548;0;1;1;?;0
-1015;1;0;0;-97208;-129;-28;0;1;1;?;0
-1015;1;0;0;-85492;-26;-536;0;?;1;?;0
-1015;1;0;0;-65801;-103;-377;0;1;1;?;0
-1015;1;0;0;-65801;-103;-377;0;1;1;?;0
-1015;1;0;0;-65801;-103;-377;0;1;1;0;0
-1015;1;0;0;-90451;-156;-782;0;1;1;0;?
0;1;0;0;-77198;-115;39;0;1;1;0;?
0;1;0;0;-76067;-135;-210;0;1;1;0;?
-1015;1;0;0;-93844;-39;-208;0;1;1;0;?
-1015;1;0;0;-93844;-39;?;0;1;1;0;?
0;1;0;0;?;-159;?;0;1;1;0;?
0;1;0;0;?;-157;?;0;1;1;0;?
1015;1;0;0;?;-119;?;0;1;1;0;0
0;1;0;0;?;-24;?;0;1;1;0;0
0;1;0;0;?;-24;?;0;1;1;0;0
-1015;1;0;0;?;-105;?;0;1;1;0;0
-1015;1;0;0;?;-105;?;0;1;1;0;0
0;1;0;0;?;-127;?;0;1;1;0;0
1015;1;0;0;?;-75;?;0;1;1;0;0
0;1;0;0;?;3;?;0;1;1;0;0
0;1;0;0;?;3;?;0;1;1;0;0
0;1;0;0;?;-79;?;0;1;1;0;?
0;1;0;0;?;-19;-341;0;1;1;0;0
0;1;0;0;?;-143;-359;0;1;1;0;0
1015;1;0;0;?;-34;-47;0;1;1;0;0
0;1;0;0;-2958;-86;-127;0;1;1;0;0
0;1;0;0;-2958;-86;-127;0;1;1;0;0
0;1;0;0;-2958;-86;-127;0;1;1;0;0
0;1;0;1;0;-28;-130;0;1;1;0;0
0;1;1;1;0;-31;-138;0;1;1;0;0
0;1;1;1;0;-30;-132;0;1;1;0;0
0;1;1;1;0;-30;-132;0;1;1;0;0
0;1;1;1;0;-33;-136;0;0;1;0;0
0;1;1;1;0;-27;-153;0;0;1;0;0
0;1;1;1;0;-30;?;0;0;1;0;0
0;1;1;1;0;-30;?;0;0;1;0;0
0;1;1;1;0;-30;?;0;0;1;0;0
0;1;0;1;0;-30;?;1;0;1;0;0
0;1;0;1;0;-29;-140;1;0;1;0;0
0;1;0;1;0;-32;-142;1;?;1;0;0
0;1;0;1;0;-32;-142;1;?;1;0;0
0;1;0;1;0;-34;-151;1;?;1;0;0
0;1;0;1;0;-34;-151;1;?;1;0;0
0;1;0;1;0;-29;-130;1;?;1;0;0
0;1;0;1;0;-29;-129;1;?;1;0;0
0;1;0;1;0;-28;-134;1;?;1;0;0
0;1;0;1;0;-33;-136;1;?;1;0;0
0;1;0;1;0;-33;-136;1;?;1;0;0
0;1;0;1;0;-31;-145;1;?;1;0;0
0;1;0;1;0;-29;-144;1;0;1;0;0
0;1;0;1;0;-30;-148;1;0;1;0;0
0;1;0;1;0;-32;-145;1;0;1;0;0
0;1;0;1;0;-32;-145;1;0;1;0;0
0;1;0;1;0;-32;-145;1;0;1;0;0
0;1;0;1;0;-29;-140;1;0;1;0;0
0;1;0;1;0;-29;-138;1;0;1;0;0
0;1;0;1;0;-32;-135;1;0;1;0;0
0;1;0;1;0;-31;-165;1;0;1;0;0
0;1;0;1;0;-31;-165;1;0;1;0;0
0;1;0;1;0;-32;-138;1;0;1;0;0
0;1;0;1;0;-33;?;1;0;1;0;0
0;1;0;1;0;-30;?;1;0;1;0;0
0;1;0;1;0;-31;?;1;0;1;0;0
0;1;0;1;0;-31;?;1;0;1;0;0
0;1;0;1;0;-31;-134;1;0;1;0;0
0;1;0;1;0;-31;-134;1;0;?;0;0
0;1;0;1;0;-34;-148;1;0;?;0;0
0;1;0;1;0;-30;-138;1;0;?;0;0
0;1;0;1;0;-28;-128;1;0;?;0;0
0;1;0;1;0;-28;-128;1;0;?;0;0
0;1;0;1;0;-30;-131;1;0;1;0;0
0;1;0;1;0;-33;-127;1;0;1;0;0
0;1;0;1;0;-32;-145;1;0;1;0;0
0;1;0;1;0;-32;-145;1;0;1;0;0
0;1;0;1;0;-29;-144;1;0;1;0;0
0;1;0;1;0;-31;-146;1;0;1;0;0
0;1;0;1;0;-33;-142;1;0;1;0;0
0;1;0;1;0;-29;-145;1;0;1;0;0
0;1;?;1;0;-29;-145;1;0;1;0;0
0;1;?;1;0;-31;-150;1;0;0;0;0
0;1;?;1;0;-31;-150;1;0;0;0;0
0;1;?;1;0;-30;-144;1;0;0;?;0
0;1;?;1;0;-32;-144;1;0;0;?;0
0;1;?;1;0;-31;-130;1;0;0;?;0
0;1;?;1;0;-31;-130;1;0;0;?;0
0;1;?;1;0;-33;-145;1;0;0;?;0
0;1;?;1;0;-31;-157;1;0;0;?;0
0;1;?;1;0;-31;-142;0;0;0;?;0
0;1;?;1;0;-31;-142;0;0;0;?;0
0;1;?;1;0;-32;-138;0;0;0;?;0
0;1;0;1;0;-27;-135;0;1;0;?;0
0;1;0;0;?;-3;-677;0;1;0;?;0
0;1;?;0;?;-112;-734;0;1;0;?;0
0;1;?;0;?;-112;-734;0;1;0;?;0
0;1;?;0;?;-112;-734;0;1;0;?;0
?;1;?;0;?;-153;90;0;1;0;0;0
?;1;?;0;?;-134;-342;0;1;0;0;0
?;1;?;0;?;?;-306;0;1;0;0;0
?;1;?;0;?;?;-808;?;1;0;0;0
?;1;?;0;?;?;-808;?;1;0;0;0
?;1;?;0;?;?;-38;?;1;0;0;0
?;?;?;0;?;-1;130;?;1;0;0;0
?;?;?;0;?;-182;-563;?;1;0;0;0
?;?;?;0;-69368;-47;-166;?;1;0;0;0
?;?;?;0;-69368;-47;-166;?;1;0;0;0
?;?;?;0;-80504;-190;-54;?;1;0;0;0
?;?;0;0;-91785;-33;-795;?;1;0;0;0
?;?;0;0;-75458;-79;-316;?;1;0;0;0
?;?;0;0;-75458;-79;-316;?;1;0;0;0
?;?;0;0;-66932;-15;-381;?;1;0;0;0
?;?;0;0;-66932;-15;-381;?;1;0;0;0
?;?;0;0;-83433;-198;-55;0;?;0;0;0
0;?;0;0;-83549;-4;-783;0;?;0;0;0
1015;?;0;0;-58377;-134;-809;0;?;0;0;0
0;?;0;0;-75168;-56;-1124;0;?;0;0;0
0;?;0;0;-75168;-56;-1124;0;?;0;0;0
0;1;0;0;-94192;-153;-787;0;?;0;0;0
-1015;1;0;0;-71659;-214;-981;0;?;0;0;0
1015;1;0;0;-78387;?;-1097;0;?;0;0;0
1015;1;0;0;-78387;?;-1097;0;?;0;0;0
1015;1;0;0;-78387;?;?;0;?;0;0;0
0;1;0;0;-75429;?;?;0;?;0;0;0
0;1;0;0;-91901;?;?;0;?;0;0;0
-1015;1;0;0;13949;?;?;0;?;0;0;0
0;1;0;0;0;?;?;0;1;0;0;0
0;1;0;0;0;?;?;0;1;0;0;0
0;1;0;0;0;?;?;0;1;0;0;0
0;1;0;0;0;?;?;0;1;0;1;0
0;1;0;0;0;?;?;0;1;0;1;0
0;1;0;0;0;?;?;0;1;0;1;0
?;1;0;0;0;?;?;0;1;0;1;0
?;1;0;0;0;-45;?;0;1;0;1;0
0;1;0;0;0;-45;?;0;1;0;1;0
0;1;0;0;0;-45;-211;0;1;0;1;0
0;1;0;0;0;-44;-203;0;1;0;1;0
0;1;0;0;0;-46;-205;0;1;0;1;0
0;1;0;0;0;-46;-205;0;1;0;1;0
0;1;0;0;0;-45;-205;0;1;0;1;0
0;1;0;0;0;-47;-205;0;1;0;1;0
0;1;0;0;0;-48;-216;0;1;0;1;0
0;1;0;0;0;-44;-220;0;1;0;1;0
0;1;0;0;0;-44;-220;0;1;0;1;0
0;1;0;0;0;-47;-211;0;1;0;1;0
0;1;0;0;0;-44;-207;0;1;0;1;0
0;1;0;0;0;-46;-199;0;1;0;1;0
0;1;0;0;0;-44;-206;0;1;0;1;0
0;1;0;0;0;-44;-206;0;1;0;1;0
0;1;0;0;?;-44;-206;0;1;0;1;0
0;1;?;0;?;-46;-205;0;1;0;1;0
0;1;?;0;?;-115;-202;0;1;0;1;0
0;1;?;0;?;60;582;0;1;0;1;0
0;1;?;?;?;60;582;0;1;0;1;0
0;1;?;?;?;41;1124;0;1;0;1;0
1015;1;?;0;87580;59;997;0;1;0;1;0
0;1;?;0;96570;241;503;0;1;0;1;0
1015;1;?;0;69513;97;801;0;1;0;1;0
1015;1;?;0;69513;97;801;0;1;0;1;0
0;1;0;0;67280;0;517;0;1;0;1;0
0;1;0;0;86101;233;696;0;1;0;1;?
0;1;0;0;53650;37;942;0;1;0;1;?
0;?;0;0;86768;41;313;0;1;0;1;?
0;?;0;0;86768;41;313;0;1;0;1;0
0;?;0;0;86768;41;313;0;1;0;1;0
0;?;0;0;82824;116;-36;0;1;0;1;0
?;?;0;0;98484;19;185;0;1;0;1;0
?;?;0;0;72268;46;185;0;1;0;1;0
?;?;0;0;72268;46;185;0;1;0;1;0
?;1;0;0;96483;43;323;0;1;0;1;0
?;1;0;0;79518;22;794;0;1;0;1;0
?;1;?;0;64844;-54;525;0;1;0;1;0
?;1;?;0;81693;182;334;0;1;0;1;0
?;1;?;0;81693;182;334;0;1;0;1;0
?;1;?;0;95758;192;130;0;1;0;1;0
?;1;?;0;91727;37;314;0;1;0;1;0
?;1;?;0;?;37;314;0;1;0;1;0
?;1;?;0;?;37;314;0;1;0;1;0
?;1;?;0;?;68;-4;0;1;0;1;0
?;1;?;0;?;63;543;0;1;0;1;0
?;1;?;0;?;63;543;0;1;0;1;0
0;1;?;0;?;29;527;0;1;0;1;0
1015;1;?;0;?;36;330;0;1;0;1;0
0;1;?;0;?;6;738;0;1;0;1;0
0;1;0;0;?;6;738;0;1;0;1;0
0;1;0;0;85492;70;-36;0;1;0;1;0
0;1;0;0;76328;39;122;0;1;0;1;0
0;1;0;0;84593;8;540;0;1;0;1;0
1015;1;0;0;84303;145;307;0;1;0;1;0
1015;1;0;0;84303;145;307;0;1;0;1;0
0;1;0;0;68092;-55;361;0;1;0;1;0
0;1;0;0;68092;-55;361;0;1;0;1;0
0;1;0;0;78068;72;820;0;1;0;1;0
1015;1;0;0;82882;169;306;0;1;0;1;0
1015;1;0;0;65772;57;885;0;1;0;1;0
1015;1;0;0;65772;57;885;0;1;0;1;0
0;1;0;0;70064;53;909;0;1;0;1;0
0;1;0;0;94453;162;435;0;1;0;1;0
1015;1;0;0;86710;119;392;0;1;0;1;0
-1015;1;0;0;67512;16;462;0;1;0;1;0
-1015;1;0;0;67512;16;462;0;1;0;1;0
0;1;0;0;67193;32;255;0;1;0;1;0
1015;1;0;0;87145;139;383;0;1;0;1;0
1015;1;0;0;87145;139;383;0;1;0;1;0
0;1;0;0;93177;178;85;0;1;0;1;0
-1015;1;0;0;76589;161;?;0;1;0;1;0
-1015;1;0;0;76589;161;?;0;1;0;1;0
-1015;1;0;0;88972;64;?;?;1;0;1;0
0;1;0;0;101645;51;?;?;1;0;1;0
0;1;0;0;67744;120;?;?;1;0;1;0
1015;1;0;0;81461;181;?;?;1;0;1;0
1015;1;0;0;81461;181;?;?;1;0;1;0
-1015;1;0;0;97353;-3;?;?;1;0;1;0
1015;1;0;0;81084;24;113;0;1;0;1;0
-1015;1;0;0;75284;118;638;0;1;0;1;0
1015;1;0;0;86391;94;183;0;1;0;1;0
1015;1;0;0;86391;94;183;0;1;0;1;0
0;1;0;0;80852;34;118;0;1;0;1;0
0;1;0;0;80852;34;118;0;1;0;1;0
0;1;0;0;97121;6;251;0;1;0;1;0
0;1;0;?;66816;32;1063;0;1;0;1;0
0;1;0;?;66816;32;1063;0;1;0;1;0
0;1;0;?;79692;89;-36;0;1;0;1;0
0;1;0;?;76705;92;175;0;1;0;1;0
0;1;0;?;74936;166;626;0;1;0;1;0
1015;1;0;?;75661;-1;51;0;1;0;1;0
1015;1;0;?;75661;-1;51;0;1;0;1;0
0;1;0;?;63133;4;829;0;1;0;1;0
1015;1;0;0;75574;46;-86;0;1;0;1;0
0;1;0;0;67193;255;232;0;1;0;1;0
0;1;0;0;88334;188;309;0;1;0;1;0
0;1;0;0;88334;188;309;0;1;0;1;0
0;1;0;0;88334;188;309;0;1;0;1;0
-1015;1;0;0;80852;29;23;0;1;0;1;0
-1015;1;0;0;80823;227;262;0;1;0;1;0
-1015;1;?;0;94453;51;968;0;1;0;1;0
0;1;?;0;54926;193;-254;0;1;0;1;0
0;1;?;0;54926;193;-254;0;1;0;1;0
1015;1;?;0;69281;210;109;0;1;0;1;0
0;1;?;0;94250;86;486;0;1;0;1;0
-1015;1;?;0;87899;199;81;0;1;0;1;0
-1015;1;?;0;87899;199;81;0;1;0;1;0
0;1;?;0;84448;139;844;0;1;0;1;0
-1015;1;?;0;66497;186;222;0;1;0;1;0
1015;1;?;?;87957;115;912;0;1;0;1;0
1015;1;?;?;87957;115;912;0;1;0;1;0
1015;1;?;?;77749;169;852;0;1;0;1;0
1015;1;?;?;77749;169;852;0;1;0;1;0
0;1;?;?;89407;56;295;0;1;0;1;0
1015;1;?;?;75545;131;814;0;1;0;1;0
0;1;?;?;21431;40;444;0;1;0;1;0
0;1;?;?;0;66;319;0;1;0;1;0
0;1;0;?;0;66;319;0;1;0;1;0
0;1;0;?;0;72;301;0;1;0;1;0
0;1;0;0;0;69;315;0;1;0;1;0
0;1;0;0;0;70;325;0;1;0;1;0
0;1;0;0;0;70;325;0;1;0;1;0
0;1;0;0;0;68;321;0;1;0;1;0
0;1;0;0;0;69;305;0;1;0;1;0
0;1;0;0;0;69;305;0;1;0;1;0
0;1;0;0;0;73;305;0;1;0;1;0
0;1;0;0;0;71;305;0;1;0;1;0
0;1;0;0;0;71;305;0;1;0;1;0
0;1;0;0;0;69;321;0;1;0;1;0
0;1;0;0;0;67;303;0;1;0;1;0
0;1;0;0;0;70;333;0;1;0;1;0
0;1;0;0;0;69;317;0;1;0;1;0
0;1;0;0;0;69;317;0;1;0;1;0
0;1;0;0;0;67;317;0;1;0;1;0
0;1;0;0;0;74;309;0;1;0;1;0
0;1;0;0;0;69;309;0;1;0;1;0
0;?;0;0;0;69;309;0;1;0;1;0
0;?;0;0;0;69;315;0;1;0;1;0
0;?;0;0;0;67;321;0;1;0;1;0
0;?;0;0;0;67;321;0;1;0;1;0
-2001;?;0;0;0;-35;329;0;1;0;1;0
0;?;0;0;-80156;-228;-382;0;1;0;1;0
1015;?;0;0;-77894;-198;-194;0;1;0;1;0
1015;?;0;0;-77894;-198;-194;0;?;0;1;0
0;?;0;0;-72471;-95;-144;0;?;0;1;0
0;?;0;0;-81084;-100;-745;0;?;0;1;0
-1015;?;0;0;-77749;-3;-1171;0;?;0;1;0
0;1;0;0;-69600;-216;-698;0;?;0;1;0
0;1;0;0;-69600;-216;-698;0;1;0;1;0
0;1;0;0;-69600;-216;-698;0;1;0;1;0
-1015;1;0;0;-67164;-181;-499;0;1;0;1;0
-1015;1;0;0;-80214;-182;?;0;1;0;1;0
-1015;1;0;0;-91727;-26;?;0;1;0;1;0
0;1;0;0;-77778;-122;?;0;1;0;1;0
0;1;0;0;-77778;-122;?;0;1;0;1;0
0;1;0;0;-74675;-112;?;0;1;0;1;0
-1015;1;0;0;-92481;-32;?;0;1;0;1;0
?;1;0;0;-76212;-173;?;0;1;0;1;0
?;1;0;0;-85492;-20;?;0;1;0;1;0
?;1;0;0;-85492;-20;?;0;1;0;1;0
?;1;0;0;-85492;-20;?;0;1;0;1;0
?;1;0;0;-65453;-91;?;0;1;0;1;0
?;1;0;0;-76908;-169;?;0;1;0;1;0
?;1;0;0;-88653;-148;-653;0;1;0;1;0
?;1;0;0;-93989;-29;13;0;1;0;1;0
?;1;0;?;-93989;-29;13;?;1;0;1;0
?;1;0;?;-83346;-62;76;?;1;0;1;0
?;1;0;0;-75168;-80;-399;?;1;0;1;0
0;1;0;0;-71398;-103;-647;?;1;0;1;0
0;1;0;0;-68556;-31;-55;?;1;0;1;0
0;1;0;0;-68556;-31;-55;?;1;0;1;0
1015;1;0;0;-59943;-166;14;?;1;0;1;0
0;1;0;0;-89059;-210;50;?;1;0;1;0
0;1;0;0;-89059;-210;50;?;1;0;1;0
-1015;1;0;0;-83810;-25;300;?;1;0;1;0
0;1;0;0;-43529;-142;-263;?;1;0;1;0
0;1;0;0;-43529;-142;-263;?;1;0;1;0
0;1;0;0;0;3;26;?;1;0;1;0
0;1;0;0;0;0;14;0;1;0;1;1
0;?;0;0;0;2;12;0;1;0;0;1
0;?;0;0;0;3;17;0;1;0;0;1
0;1;0;0;0;3;17;0;1;0;0;1
0;1;0;0;0;2;4;0;1;0;0;1
0;1;0;0;0;1;19;0;1;0;0;1
0;1;0;0;0;1;19;0;1;0;0;1
0;1;0;0;0;2;17;0;1;0;0;1
0;1;0;0;0;2;17;0;1;0;0;1
0;1;0;0;0;6;3;0;1;0;0;1
0;1;0;0;0;6;3;0;1;0;0;1
0;1;0;0;0;2;-4;0;1;0;0;?
0;1;0;0;0;6;17;0;1;0;0;?
0;1;0;0;0;6;17;0;1;0;0;?
0;1;0;0;0;2;15;0;1;0;0;?
0;1;0;0;0;0;17;0;1;0;0;?
0;1;0;0;0;0;25;0;1;0;0;?
0;1;0;0;0;0;25;?;1;0;0;?
0;1;0;0;0;2;10;?;1;0;0;?
0;1;0;0;0;3;8;0;1;0;0;?
0;1;0;0;0;1;33;0;1;0;0;?
0;1;0;0;0;1;17;0;1;0;0;?
0;1;0;0;0;1;17;0;1;0;0;?
0;1;0;0;0;0;22;0;1;0;0;?
0;1;0;0;0;0;22;0;1;0;0;?
0;1;0;0;0;2;9;0;1;0;0;1
0;1;0;0;0;1;8;0;1;0;0;1
0;1;0;0;0;4;15;0;1;0;0;1
0;1;0;0;0;3;16;0;1;0;0;1
0;1;0;0;0;3;16;0;1;0;0;1
0;1;0;0;0;2;7;0;1;0;0;1
0;1;0;0;0;3;16;0;1;0;?;1
0;1;0;0;0;0;14;0;1;0;?;1
0;1;0;0;0;0;14;0;1;0;?;1
0;1;0;0;0;1;19;0;1;0;?;1
0;1;0;0;0;4;5;0;1;0;?;1
0;1;0;0;0;2;13;0;1;0;?;1
0;1;0;0;0;2;13;0;1;0;?;1
0;1;0;0;0;2;17;0;1;0;?;1
0;1;0;0;0;2;17;0;1;0;?;1
0;1;0;0;0;1;4;0;1;0;?;1
0;1;0;0;0;3;0;?;1;0;?;1
0;1;0;0;0;3;13;0;1;0;?;1
0;?;0;0;0;0;15;0;1;0;?;1
0;?;0;0;0;0;15;0;1;0;?;1
0;?;0;0;0;3;9;0;1;0;?;1
0;?;0;0;0;6;6;0;1;0;0;1
0;?;0;0;0;3;11;0;1;0;0;1
0;?;0;0;0;3;11;0;1;0;0;1
0;?;0;0;0;5;17;0;1;0;0;1
0;?;0;0;0;5;17;0;1;0;0;1
0;?;0;0;0;4;-4;0;1;0;0;1
0;?;0;0;0;2;10;0;1;0;0;1
0;?;0;?;0;2;10;0;1;0;0;1
0;?;0;?;0;3;18;0;1;0;0;?
0;?;0;?;0;-1;11;0;1;0;0;?
0;?;0;?;0;3;29;0;1;0;0;?
0;?;0;?;0;1;30;0;1;0;0;?
0;1;0;?;0;5;17;0;1;0;0;?
0;1;0;?;0;5;17;0;1;0;0;?
0;1;0;?;0;0;18;0;1;0;0;?
0;1;0;?;0;2;19;0;1;0;0;?
0;1;0;?;0;3;26;0;?;0;0;?
0;1;0;?;0;3;26;0;?;0;0;?
0;1;0;?;0;2;20;0;1;0;0;?
0;1;0;?;0;2;20;0;1;0;0;?
0;1;0;?;0;?;22;0;1;0;0;?
0;1;0;?;0;?;10;0;1;0;0;?
0;1;0;0;0;?;13;0;1;0;0;?
0;1;0;0;0;?;12;0;1;0;0;1
0;1;0;0;0;?;12;0;1;0;0;1
0;1;0;0;0;?;0;?;1;0;0;1
0;1;0;0;0;?;17;?;1;0;0;1
0;1;0;0;0;?;20;?;1;?;0;1
0;1;0;0;0;?;17;?;1;?;0;1
0;1;0;0;0;?;17;?;1;?;0;1
0;1;0;0;0;?;17;?;1;?;0;1
0;1;0;0;0;?;24;?;1;?;0;1
0;1;0;0;0;2;-6;?;1;?;0;1
0;1;0;0;0;4;15;?;1;?;0;1
0;1;0;0;0;2;12;?;1;?;0;1
0;1;0;0;0;2;12;?;1;?;0;1
0;1;0;0;0;0;13;?;1;?;0;1
0;1;0;0;0;2;10;?;1;?;?;1
0;?;0;?;0;2;21;0;1;?;?;1
0;?;0;?;0;0;4;0;1;0;0;1
0;?;0;?;0;0;4;0;1;0;0;1
0;?;0;?;0;1;14;0;1;0;0;1
0;?;0;?;0;1;14;0;1;0;0;1
0;?;0;?;0;1;13;0;1;0;0;1
0;?;0;?;0;-1;-4;0;1;0;0;1
0;?;0;?;0;4;-8;0;1;0;0;1
0;1;0;0;0;4;23;0;1;0;0;1
0;1;0;0;0;4;23;0;1;0;0;1
0;1;0;0;0;4;40;0;1;0;0;1
0;1;0;0;0;2;15;0;1;0;0;1
0;1;0;0;0;1;15;0;1;0;0;1
0;1;0;0;0;1;15;0;1;0;0;1
0;1;0;0;0;1;25;0;1;0;0;1
0;1;0;0;0;3;1;0;1;0;0;1
0;1;0;0;0;3;12;0;1;0;0;1
0;1;0;0;0;3;?;0;1;0;0;1
0;?;0;0;0;3;?;0;1;0;0;1
0;?;0;0;0;1;?;0;1;0;0;1
0;?;0;0;0;2;?;0;1;0;0;1
0;?;0;0;0;1;?;0;1;0;0;1
0;?;0;0;0;3;?;0;1;0;0;1
0;?;0;0;0;3;?;0;1;0;0;1
0;?;0;0;0;3;?;0;1;0;0;1
0;?;0;0;0;4;?;0;1;0;0;1
0;?;0;0;0;4;?;?;1;?;0;1
0;1;0;0;0;5;?;?;1;?;0;1
0;1;0;0;0;5;?;?;1;?;0;1
0;1;0;0;0;5;?;?;1;0;0;?
0;1;0;0;0;1;?;0;1;0;0;1
0;1;0;0;0;2;8;0;1;0;0;1
0;1;0;0;0;4;13;0;1;0;0;1
0;1;0;0;0;4;13;0;1;0;0;?
0;1;0;0;0;4;13;0;1;0;0;?
0;1;0;0;0;0;6;0;1;0;0;?
0;1;0;?;0;4;17;0;1;0;0;?
0;1;0;0;0;5;13;0;1;0;0;?
0;1;0;0;0;2;15;0;1;0;0;?
0;1;0;0;0;2;15;0;1;0;0;?
0;1;0;0;0;3;14;0;1;0;0;1
0;1;0;0;0;3;14;0;1;0;0;1
0;1;0;0;0;-1;21;0;1;0;0;1
0;1;0;0;0;3;17;0;1;0;0;1
0;1;0;0;0;1;8;0;1;0;0;1
0;1;0;0;0;1;8;0;1;0;0;1
0;1;0;0;0;1;25;0;1;0;0;1
0;1;0;0;0;1;25;0;1;0;0;1
0;1;0;0;0;0;9;0;1;0;0;1
0;1;0;0;0;6;8;0;1;0;0;1
0;1;0;0;0;2;8;0;1;0;0;1
0;1;0;0;0;2;8;0;1;0;0;1
0;1;0;0;0;4;26;0;1;0;0;1
0;1;0;0;0;2;18;0;1;0;0;1
0;1;0;0;0;2;17;0;1;0;0;1
0;1;0;0;0;0;17;0;1;0;0;1
0;1;0;0;0;0;17;0;1;0;0;1
0;1;0;0;0;1;8;0;1;0;0;1
0;1;0;0;0;1;8;0;1;0;0;?
0;1;0;0;0;1;19;0;1;0;0;?
0;1;0;0;0;3;8;0;1;0;0;?
0;1;0;0;0;0;8;0;1;0;0;?
0;1;0;0;0;0;8;0;1;0;0;?
0;1;0;0;0;2;11;0;1;0;0;?
0;1;0;0;0;1;28;0;1;0;0;?
0;1;0;0;0;1;2;0;1;0;0;?
0;1;0;0;0;1;16;0;1;0;0;?
0;1;0;0;?;1;16;0;1;0;0;?
0;1;0;0;?;3;19;0;1;0;0;?
0;1;0;0;?;3;14;0;1;0;0;1
0;1;?;0;?;3;27;0;1;1;0;1
0;1;?;0;?;3;27;0;1;1;0;1
0;1;?;0;?;1;6;0;1;1;0;1
0;1;?;0;?;1;6;0;1;1;0;1
0;1;?;0;?;4;10;0;1;1;0;1
0;1;?;0;?;2;-4;0;1;1;0;1
0;1;?;0;?;2;9;?;1;1;0;1
0;1;?;0;?;2;9;?;1;1;0;?
0;0;?;0;?;5;8;?;0;1;0;?
0;1;?;0;?;4;13;?;0;1;0;?
0;1;?;0;?;-1;-10;?;0;1;0;?
0;1;?;0;?;4;3;?;0;1;0;?
0;1;?;0;0;4;3;?;0;1;0;1
0;1;0;0;0;2;18;?;0;1;0;1
0;1;0;0;0;1;1;?;0;1;0;1
0;1;0;0;0;5;37;?;0;1;0;1
0;1;0;0;0;5;37;1;0;1;0;1
0;1;0;?;0;5;37;1;0;1;0;1
0;1;0;?;0;2;-2;1;0;1;0;1
0;1;0;?;0;1;?;1;0;1;0;1
0;?;0;?;0;6;?;1;0;1;0;1
0;?;0;?;0;4;?;?;0;1;0;1
0;?;0;?;0;4;?;?;0;1;0;1
0;?;0;0;0;3;?;?;0;1;0;1
0;1;0;0;0;2;?;?;0;1;0;1
0;1;0;0;0;4;?;?;0;1;0;1
0;1;0;0;0;1;?;?;0;1;0;1
0;1;0;0;0;1;?;1;0;1;0;1
0;1;0;0;0;1;?;1;0;1;0;1
0;1;0;0;0;3;?;1;0;1;0;1
?;1;0;0;0;3;?;1;0;1;0;1
?;1;0;0;0;4;19;1;0;1;0;1
?;1;0;0;0;4;6;1;0;1;0;1
?;1;0;0;0;4;6;1;0;1;0;1
0;1;0;0;0;3;8;1;0;1;0;1
0;1;0;0;0;4;18;1;0;1;0;1
0;1;0;0;0;4;6;1;0;1;0;1
0;1;0;0;0;0;7;1;0;1;0;1
0;1;0;0;0;0;7;1;0;1;0;1
0;1;0;0;0;-1;16;1;0;1;0;1
0;1;0;0;0;3;6;1;0;1;?;1
0;1;0;0;0;1;29;1;0;1;?;1
0;1;0;0;0;1;29;1;0;1;?;1
0;1;0;0;0;1;8;1;0;1;0;1
0;1;0;0;0;1;8;1;0;1;0;1
0;1;0;0;0;3;12;1;0;1;0;1
0;1;0;0;0;4;22;1;0;1;0;1
0;1;0;0;0;0;8;1;0;1;0;1
0;1;0;0;0;0;8;1;0;1;0;1
0;1;0;0;0;2;13;1;0;1;0;1
0;1;0;0;0;5;28;1;0;1;0;1
0;1;0;0;0;4;13;1;0;1;0;1
0;1;0;0;0;3;18;1;0;1;0;1
0;1;0;0;0;3;18;1;0;1;0;1
?;1;0;0;0;1;6;1;0;0;0;1
?;1;0;0;0;3;22;1;0;0;0;1
0;1;0;0;0;2;19;1;0;0;0;1
0;1;0;0;0;2;19;1;0;0;?;1
0;1;0;0;0;5;8;1;0;0;?;?
0;1;0;0;0;5;8;1;?;0;?;?
0;1;0;0;0;0;12;1;?;0;?;?
0;1;0;0;0;3;3;0;?;0;?;?
0;1;0;0;0;1;19;0;?;0;?;?
0;1;0;0;0;2;23;0;0;0;?;?
0;1;0;0;0;2;23;0;0;0;?;?
0;1;0;0;0;1;-3;0;0;0;?;?
-2001;1;0;0;-78474;-46;-120;0;1;0;?;?
1015;1;0;0;-68904;9;-104;0;1;0;?;?
0;1;0;0;-84187;-30;-198;0;1;0;?;0
?;1;0;0;-84187;-30;-198;0;1;0;?;0
?;1;0;0;-84187;-30;-198;0;1;0;0;0
?;1;0;0;-94105;-131;-352;0;1;0;?;0
?;1;0;0;-80968;-164;-196;0;1;0;?;0
?;1;0;0;-89813;-46;-749;0;1;0;?;0
?;1;0;0;-89813;-46;-749;0;1;0;?;0
?;1;0;0;-93264;-113;-547;0;1;0;?;0
?;1;0;0;-68875;-56;97;0;1;0;?;0
?;1;0;0;-84593;-149;-745;0;1;0;?;0
?;1;0;0;-84941;-44;-485;0;1;0;?;0
?;1;0;0;-84941;-44;-485;0;1;0;?;0
?;1;0;0;-89784;-99;136;0;1;0;0;0
?;1;0;0;-103559;0;-880;0;1;0;0;0
?;1;0;0;-79315;-42;-232;0;1;0;0;0
0;1;0;0;-75893;-51;-711;0;1;0;0;0
0;1;0;0;-75893;-51;-711;0;1;0;0;0
0;1;0;0;-75893;-51;-711;0;1;0;0;0
0;1;0;0;-54810;-127;-308;0;1;0;0;0
0;1;0;0;-93960;21;-689;0;1;0;0;0
0;1;0;0;-58261;-18;-643;0;1;0;0;0
0;1;0;0;-95439;1;-360;0;1;0;0;0
0;1;0;?;-95439;1;-360;0;1;0;0;0
0;1;0;?;-77024;31;-10;0;1;0;0;0
0;1;0;?;-63771;-13;-972;0;1;0;0;0
1015;1;0;?;-100572;-124;-609;0;1;0;0;0
0;?;0;?;-76850;-49;-20;0;1;0;0;0
0;?;0;?;-76850;-49;-20;0;1;0;0;0
0;?;0;?;-66584;-78;-712;0;1;0;0;0
-1015;?;0;?;-72384;-54;-390;0;1;0;0;0
-1015;?;0;?;-72384;-54;-390;0;1;0;0;0
0;?;0;?;-65279;-156;213;0;1;0;0;0
0;?;0;?;-94917;26;-568;0;1;0;0;0
0;?;0;?;-94917;26;-568;0;1;0;0;0
0;?;0;?;-80359;-164;-46;0;1;0;0;0
0;?;0;0;-82853;-142;5;?;1;0;?;0
-1015;?;0;0;-67976;0;-449;?;1;0;?;0
-1015;1;0;0;-88595;-180;12;?;1;0;?;0
-1015;1;0;0;-88595;-180;12;?;1;0;?;0
0;1;0;0;-81519;28;-183;0;?;0;0;0
?;1;0;0;-95526;-185;-185;0;?;0;0;0
?;1;0;0;-54404;-64;-748;0;?;0;0;0
?;1;0;0;-54404;-64;-748;0;?;0;0;0
?;1;0;0;-54404;-64;-748;0;1;?;0;0
?;1;0;0;-63626;-116;-849;0;1;?;0;0
?;1;0;0;-63626;-116;-849;0;1;?;0;0
?;1;?;0;-74588;-98;120;0;1;0;0;0
?;1;?;0;-85695;-187;-858;0;1;0;0;0
?;1;?;0;-86536;-10;-835;0;1;0;0;0
0;1;?;0;-86536;-10;-835;0;1;0;0;0
0;1;?;0;-82592;-105;-512;0;1;0;0;0
0;1;?;0;?;-150;-424;0;1;0;0;0
0;1;?;0;?;-242;-92;0;1;0;0;0
0;1;?;0;?;-242;-92;0;1;0;0;0
0;1;?;0;?;-189;-395;0;1;0;0;0
0;1;?;0;?;-189;-395;0;1;0;0;0
1015;1;?;0;?;-221;-672;0;1;0;0;0
?;1;?;0;?;-177;54;0;1;0;0;0
?;1;?;0;?;-107;-449;0;1;0;0;0
?;1;?;0;?;-95;-682;0;1;0;0;0
0;1;?;0;?;-95;-682;0;1;0;0;0
1015;1;?;0;?;-89;-794;0;1;0;0;0
2001;1;?;0;-4176;-106;-385;0;1;0;0;0
0;1;0;0;0;-36;-159;0;1;0;0;0
0;1;0;0;0;?;-159;0;1;0;0;0
0;1;0;0;0;?;-174;0;1;0;0;0
0;1;0;0;0;?;-164;0;1;0;1;0
0;1;0;0;0;?;-164;0;1;0;1;0
0;1;0;0;0;?;-180;0;1;0;1;0
0;1;0;0;0;?;-176;0;1;0;1;0
0;1;0;0;0;?;-169;0;1;0;1;?
0;1;0;0;0;?;-169;0;1;0;1;?
0;1;0;0;0;?;-186;0;1;0;1;?
0;1;0;0;0;?;-187;0;1;0;1;?
0;1;0;0;0;-36;-173;0;1;0;1;?
0;1;0;0;0;-36;-173;0;1;0;1;?
0;1;0;0;0;-41;?;0;1;0;1;?
0;1;0;0;0;-37;?;0;1;0;1;?
0;1;0;0;0;-40;?;0;1;0;1;?
0;1;0;0;0;-37;?;0;1;0;1;?
0;1;0;0;0;-37;?;0;1;0;1;0
0;1;0;0;0;-36;?;0;1;0;1;0
0;1;0;0;0;-36;?;0;1;0;1;0
0;1;0;0;0;-40;?;0;1;0;1;0
0;1;0;0;0;-37;?;0;1;0;1;0
0;1;0;0;0;-39;-176;0;1;0;1;0
0;1;0;0;0;-39;-176;0;1;0;1;0
0;1;0;0;0;-37;-182;0;1;0;1;0
0;1;0;0;0;-37;-177;0;1;0;1;0
1972;1;0;0;70383;222;461;0;1;0;1;0
0;1;0;?;80968;96;526;0;1;0;1;0
0;1;0;?;80968;96;526;0;1;0;1;0
0;1;0;?;70093;181;662;0;1;0;1;0
0;1;0;?;66903;171;855;0;1;0;1;0
0;1;0;?;85811;137;236;0;?;0;1;0
?;1;0;?;68034;119;345;0;?;0;1;0
?;1;0;?;68034;119;345;0;?;0;?;0
?;1;0;?;68034;119;345;0;?;0;?;0
?;1;0;?;80185;126;112;0;?;0;?;0
?;1;0;?;67512;146;342;0;1;0;1;0
?;1;0;?;67512;146;342;0;1;0;1;0
?;1;0;?;91756;-2;?;0;1;0;1;0
?;1;0;?;96425;97;?;0;1;0;1;0
?;1;0;?;71108;136;?;0;1;0;1;0
?;1;0;?;67744;29;?;0;1;0;1;0
?;1;0;0;89465;122;?;0;1;0;1;0
?;1;0;0;89465;?;?;0;1;0;1;0
?;1;0;0;73486;-34;?;0;1;0;1;0
?;1;0;0;77053;122;?;0;1;0;1;0
-1015;1;0;?;66613;4;?;0;1;0;1;0
-1015;1;0;?;66613;4;?;0;1;0;1;0
1015;1;0;?;84332;24;?;0;1;0;1;0
1015;1;0;?;84332;24;?;0;?;0;1;0
0;1;0;?;65308;11;783;?;1;0;1;0
0;1;0;?;86246;135;?;?;1;0;1;0
0;1;0;?;94134;51;?;?;1;0;1;0
0;1;0;?;94134;51;?;?;1;0;1;0
0;1;0;?;?;166;?;?;1;0;1;0
-1015;1;0;?;?;153;?;0;1;0;1;0
-1015;1;0;0;?;39;?;0;1;0;1;0
?;1;0;0;?;25;?;0;1;0;1;0
?;1;0;0;?;25;?;0;1;0;1;0
0;1;0;0;?;25;879;0;1;0;1;0
0;1;0;0;?;107;689;0;1;0;1;0
1015;1;0;0;?;81;869;0;1;0;1;0
0;1;0;0;?;61;745;0;1;0;1;0
0;1;0;0;?;61;745;0;1;0;1;0
0;1;0;0;?;86;191;0;?;?;1;0
0;1;0;0;?;92;769;0;?;?;1;0
1015;1;0;0;?;32;670;0;?;?;1;0
-1015;1;0;0;?;97;241;0;?;?;1;0
0;1;0;0;96744;159;-282;0;?;?;1;0
0;1;0;0;96744;159;-282;0;?;?;1;0
1015;1;0;0;76299;125;-46;0;1;?;1;0
1015;1;0;0;89494;89;?;0;1;?;1;0
1015;1;0;0;89494;89;?;0;?;?;1;0
0;1;0;0;77343;33;182;0;?;?;1;0
0;1;0;0;73370;38;250;0;?;?;1;0
0;1;0;0;73370;38;250;0;?;?;1;0
1015;1;0;0;84216;-9;140;0;?;?;1;0
0;1;0;0;74356;3;837;0;?;?;1;0
1015;1;0;0;62988;168;788;0;?;?;1;0
1015;1;0;0;86623;85;813;0;?;?;1;0
1015;1;0;0;86623;85;813;0;1;?;1;0
-1015;1;0;0;72181;-40;532;0;1;?;1;0
0;1;0;0;66990;151;964;0;1;0;1;0
-1015;1;0;0;71804;99;344;0;1;0;1;0
-1015;1;0;0;71804;99;344;0;1;0;1;0
0;1;0;0;84361;87;608;0;1;0;1;0
0;1;0;0;84361;87;608;0;1;0;1;0
0;1;0;0;90132;166;-219;0;1;0;1;0
0;1;0;0;87232;25;174;0;1;0;1;0
0;1;0;0;75458;72;163;0;1;0;1;0
0;1;0;0;76009;43;560;0;1;0;1;0
0;1;0;0;76009;43;560;0;1;0;1;0
0;1;0;0;65917;134;-214;0;1;0;1;0
0;1;0;0;67367;-52;511;0;1;0;1;0
0;1;0;0;94308;-15;275;0;1;0;1;0
0;1;0;0;65424;103;340;0;1;0;1;0
0;1;0;0;65424;103;340;0;1;0;1;0
0;1;0;0;72732;188;535;?;1;0;1;0
1015;1;0;0;83752;96;703;?;1;0;1;0
1015;1;0;0;83752;96;703;?;1;0;1;0
0;1;0;0;81316;66;717;?;1;?;1;0
0;1;0;0;81316;66;717;?;1;?;1;0
0;1;0;0;74994;8;247;?;1;?;1;0
0;1;0;0;87812;78;847;0;1;?;1;0
0;1;0;0;97759;62;1048;0;1;?;1;0
1015;1;0;0;54897;208;746;0;1;0;1;0
1015;1;0;0;54897;208;746;0;1;0;1;0
0;1;0;0;96309;-1;500;0;1;0;1;0
0;1;0;0;103704;141;310;0;1;0;1;0
0;1;0;0;79315;178;454;0;1;0;1;0
0;1;0;0;79315;178;454;0;1;0;1;0
0;1;0;0;93206;-13;258;0;1;0;1;0
0;1;0;0;93206;-13;258;0;1;0;1;0
0;1;0;0;54549;57;362;0;1;0;1;0
1015;1;0;0;73399;45;168;0;1;0;1;0
1015;1;0;0;85318;88;797;0;1;0;1;0
1015;1;0;0;75168;190;456;0;1;0;?;0
1015;1;0;0;75168;190;456;0;1;0;?;0
1015;1;0;0;91988;96;870;0;1;0;?;0
0;1;0;0;75545;-6;1094;0;1;0;1;0
1015;1;0;0;86594;148;997;0;1;0;1;0
1015;1;0;0;84100;99;1019;0;1;0;1;0
1015;1;0;0;84100;99;1019;0;1;0;1;0
-1015;1;0;0;95758;253;995;0;1;0;1;0
0;1;0;0;61016;45;911;0;1;0;1;0
0;1;0;0;61016;45;911;0;1;0;1;0
0;1;0;0;0;78;368;0;1;0;1;0
0;1;0;0;0;78;368;0;?;0;1;0
0;1;0;0;0;81;366;0;?;0;1;0
0;1;0;0;0;79;374;0;?;0;1;0
0;1;0;0;0;81;377;0;?;0;1;0
0;1;0;0;0;83;362;0;1;0;1;0
0;1;0;0;0;83;362;0;1;0;1;0
0;1;0;0;0;83;366;0;1;0;1;0
0;1;0;0;0;80;366;0;1;0;1;0
0;1;0;0;0;82;364;0;1;0;1;0
0;1;0;0;0;78;380;0;1;0;1;0
0;1;0;0;0;78;380;0;1;0;1;0
0;1;0;0;0;82;360;0;1;0;1;?
0;1;0;0;0;79;364;0;1;0;1;?
0;1;0;0;0;79;364;0;1;0;1;?
0;1;0;0;0;81;370;0;1;0;1;?
0;1;0;0;0;81;366;0;1;0;1;?
0;1;0;0;0;81;366;0;1;0;1;?
?;1;0;0;0;80;378;0;1;0;1;?
?;1;0;0;0;80;370;0;1;0;1;0
?;1;0;0;0;79;364;0;1;0;1;0
?;1;0;0;0;79;364;0;1;0;1;0
?;1;0;0;0;80;355;0;1;0;1;0
?;1;0;0;0;82;370;0;1;0;1;0
?;1;0;0;-91756;-234;-733;0;1;0;1;0
1015;1;0;0;-66903;-217;-365;0;1;0;1;0
1015;1;0;0;-66903;-217;-365;0;1;0;1;0
1015;1;0;0;-66903;-217;-365;0;1;0;1;0
1015;1;0;0;-57536;-129;-1015;0;1;0;1;0
-1015;1;0;0;-81606;-226;-417;0;1;0;1;0
-1015;1;0;0;-84709;-15;-690;0;1;0;1;0
?;1;0;0;-85956;-158;-848;0;1;0;1;0
?;1;0;0;-71688;-56;-266;0;1;0;1;0
0;1;0;0;-71688;-56;-266;0;1;0;1;0
0;1;0;0;-89030;-52;21;0;1;0;1;0
0;1;0;0;-69600;-60;-70;0;1;0;1;0
0;1;0;0;-83636;-242;131;0;1;0;1;0
0;1;0;0;-98078;-85;-105;0;1;0;1;0
0;1;0;0;-98078;-85;-105;0;1;0;1;0
0;1;0;0;-98078;-85;-105;0;1;0;1;0
-1015;1;0;0;-71340;-169;-136;0;1;0;1;0
0;1;0;0;-78677;-56;-571;0;1;0;1;0
0;1;0;0;-94337;-81;-51;0;1;0;1;0
0;1;0;0;-83694;-235;-94;0;1;0;1;0
0;1;0;0;-83694;-235;-94;0;1;0;1;0
0;1;0;0;-67048;-32;-772;0;1;0;1;0
0;1;0;0;-105096;-136;-289;0;1;0;1;0
-1015;1;0;0;-74849;-79;168;0;?;0;1;0
-1015;1;0;0;-74849;-79;168;0;?;0;1;0
1015;1;0;0;-74327;11;-812;0;?;0;1;0
0;1;0;0;-75748;-188;-628;0;?;0;1;0
-1015;1;0;0;-62089;-77;-396;0;?;0;1;0
0;1;0;0;-90103;27;-461;0;?;0;1;0
0;1;0;0;-90103;27;-461;0;?;0;1;0
0;1;0;0;-90103;27;-461;0;?;0;1;0
1015;1;0;0;-101036;-82;473;0;?;0;1;0
0;1;0;0;-59015;-99;103;0;?;0;1;0
0;1;0;0;-60958;19;-302;0;?;0;1;0
0;1;0;0;-97904;-125;158;0;1;0;1;0
0;1;0;0;-97904;-125;158;0;1;0;1;0
-1015;1;0;0;?;-87;263;0;1;0;?;0
-1015;1;0;0;-63771;0;-485;0;1;0;?;0
-1015;1;0;0;-84042;-110;-537;0;1;0;?;0
-1015;1;0;0;-84042;-110;-537;0;1;0;?;0
-1015;1;0;0;-62147;29;-943;0;1;0;?;0
1015;1;0;0;-65946;-36;-440;0;1;0;?;0
-1015;1;0;0;-58609;1;-512;0;1;0;?;0
-1015;1;0;0;-58609;1;-512;0;1;0;?;0
-1015;1;0;0;-58609;1;-512;0;1;0;?;0
1015;1;0;0;-71630;-112;-73;0;1;0;?;0
0;1;0;0;-80127;33;-33;0;1;0;?;0
0;1;0;0;-72181;-11;-509;0;1;0;?;0
0;1;0;0;-83926;-162;-297;0;1;0;?;0
0;1;0;0;-78213;-60;-136;0;1;0;1;0
0;1;0;0;-84506;10;-1084;0;1;0;1;0
0;1;0;0;-84506;10;-1084;0;1;0;1;0
1015;1;0;0;-75313;-49;-284;0;1;0;1;0
0;1;0;0;-72732;-61;-349;0;1;0;1;0
0;1;0;0;-72732;-61;-349;0;1;0;1;0
0;1;0;0;-71224;-79;-520;0;1;0;1;0
0;1;0;0;-65772;-54;-742;0;1;0;1;0
0;1;0;0;-65772;-54;-742;0;1;0;1;0
0;1;0;0;-68846;-156;-544;0;1;0;1;0
0;?;0;0;-68092;43;-995;0;1;0;1;0
-1015;?;0;0;-89842;-34;-456;0;1;0;1;0
-1015;?;0;0;-89842;-34;-456;0;1;0;1;0
0;?;0;0;-76096;-107;-143;0;1;0;1;0
0;?;0;0;-81548;-153;-879;0;1;0;1;0
0;?;0;0;-71978;-201;-472;0;1;0;1;0
0;?;0;0;-66526;-187;-715;0;1;0;1;0
0;1;0;0;-66526;-187;-715;0;1;0;1;0
0;1;0;0;-66526;-187;-715;0;1;0;1;0
0;1;0;0;-145;-153;342;0;1;0;1;0
0;1;0;0;0;-33;-162;0;1;0;1;0
0;1;0;1;0;-33;-159;0;1;0;1;0
0;1;0;1;0;-32;-146;0;1;0;0;0
0;1;0;1;0;-32;-146;0;1;0;0;0
0;1;0;1;0;-32;-152;0;1;0;0;0
0;1;0;1;0;-31;-156;0;1;0;0;0
0;1;0;1;0;-36;-150;0;1;0;0;0
0;1;0;1;0;-33;-144;0;1;0;0;0
0;1;0;1;0;-33;-144;0;1;0;0;0
0;1;0;1;0;-31;-148;0;1;0;0;0
0;1;0;1;0;-33;-153;0;1;0;0;0
0;1;0;1;0;-28;-157;0;1;0;0;0
0;1;0;1;0;-28;-157;0;1;0;0;0
0;?;0;1;0;-28;-157;0;1;0;0;0
0;?;0;1;0;-33;-157;0;1;0;0;0
0;?;0;1;0;-33;-156;0;1;0;0;0
0;?;0;1;0;-31;-140;0;1;0;0;0
0;?;0;1;0;-31;-142;0;1;0;0;0
?;?;0;1;0;-31;-142;0;1;0;0;0
?;?;0;1;0;-28;-142;0;1;0;0;0
?;?;0;1;0;-33;-144;0;1;0;0;0
0;?;0;1;0;-31;-144;0;1;0;0;0
0;?;0;1;0;-35;-161;0;1;0;0;0
0;?;0;1;0;-35;-161;0;1;0;0;0
0;?;0;1;0;-31;-153;0;1;?;0;0
0;?;0;1;0;-33;-148;0;1;?;0;0
0;1;0;1;0;-33;-148;0;1;?;0;0
0;1;0;1;0;-31;-145;0;1;?;0;0
0;1;0;1;0;-31;-145;0;1;?;0;0
0;1;0;1;0;-32;-142;0;1;?;0;0
0;1;0;1;0;-33;-138;0;1;?;0;0
0;1;0;1;0;-33;-162;0;1;?;0;0
0;1;0;1;0;-33;-162;0;1;0;0;0
0;1;0;1;0;-33;-156;0;1;0;0;0
0;1;0;1;0;-32;-142;0;1;0;0;0
0;1;0;1;0;-31;-150;0;1;0;0;0
0;1;0;1;0;-31;-150;0;1;0;0;0
0;1;0;1;0;-32;-156;0;1;0;?;0
0;1;0;1;0;?;-140;0;1;0;?;0
0;1;0;1;0;?;-140;0;1;0;?;0
0;1;0;1;0;?;-140;0;1;0;0;0
0;1;0;1;0;?;-153;0;1;0;0;0
0;?;0;1;0;?;-153;0;1;0;0;0
0;?;0;1;0;?;-144;0;1;0;0;0
0;?;0;1;0;?;-144;0;1;0;0;0
0;?;0;1;0;?;-157;0;1;0;0;0
0;?;0;1;0;?;-132;0;1;0;0;0
0;?;0;1;0;-31;-148;0;1;0;0;0
0;1;0;1;0;-32;-156;0;1;0;0;0
0;1;0;1;0;-32;-156;0;1;0;0;0
0;1;0;1;0;-33;-152;0;1;0;0;0
0;1;0;1;0;-37;-145;0;1;0;0;0
0;1;0;1;0;-29;-140;0;1;0;0;0
0;1;0;1;0;-29;-162;0;1;0;0;0
0;1;0;1;0;-29;-162;0;1;0;0;0
0;1;0;1;0;-28;?;0;1;0;0;0
0;1;0;1;0;-28;?;0;1;0;0;0
0;1;0;1;0;-32;?;0;1;0;0;0
0;1;0;1;0;-35;?;0;1;0;0;0
0;?;0;1;0;?;-161;0;1;0;0;0
0;?;0;1;0;?;-161;0;1;0;0;0
0;?;0;1;0;?;-122;0;1;0;0;0
0;?;0;1;0;?;-153;0;1;0;0;0
0;1;0;1;0;?;-138;0;1;0;0;0
0;1;0;1;0;?;-138;0;1;0;0;0
0;1;0;1;0;?;-138;0;1;0;0;0
0;1;0;1;0;?;-166;0;1;0;?;0
0;1;0;1;0;?;-138;0;1;0;?;0
0;1;0;1;0;-31;-136;0;1;0;?;0
0;1;0;1;0;-31;-136;0;1;0;?;0
0;1;0;1;0;-31;-136;0;1;0;?;0
0;1;0;1;0;-33;-157;0;1;0;?;0
0;1;0;1;0;-33;-134;0;1;0;?;0
0;1;0;1;0;-31;-156;0;1;0;0;0
0;1;0;1;0;-31;-156;0;1;0;0;0
0;1;0;1;0;-32;-150;0;1;1;0;0
0;1;0;1;0;-36;-142;0;1;1;0;0
0;1;1;1;0;?;-150;0;1;1;0;0
?;1;1;1;0;?;-140;0;1;1;0;0
?;1;1;1;0;?;-140;0;1;1;0;0
?;1;1;1;0;?;-170;0;1;1;0;0
?;1;1;1;0;?;-153;0;0;1;0;0
?;1;1;1;0;?;-153;0;0;1;0;0
?;1;1;1;0;?;-138;0;0;1;0;0
?;1;1;1;0;?;-146;0;0;1;0;0
?;1;1;1;0;?;-146;0;0;1;0;0
0;1;0;1;0;?;-150;1;0;1;0;0
0;1;0;1;?;?;-142;1;0;1;0;0
0;1;0;1;?;?;-138;1;0;1;0;0
0;1;0;1;?;-33;-164;1;0;1;0;0
0;1;0;1;?;-33;-164;1;0;1;0;0
0;1;0;1;?;-31;-165;1;0;1;0;0
0;1;0;1;?;-36;-152;1;0;1;0;0
0;1;0;1;?;-29;-146;1;0;1;0;0
0;1;0;1;?;-34;-140;1;0;1;0;0
0;1;0;1;?;-34;-140;1;0;1;0;0
0;1;0;1;?;-32;-128;1;0;1;0;0
0;1;0;1;0;-35;-152;1;0;1;0;0
0;1;0;1;0;-35;-152;1;0;1;0;0
0;1;0;1;0;-32;-136;1;0;?;0;0
0;1;0;1;0;-32;-136;1;0;?;0;0
0;1;0;1;0;-30;-152;1;0;?;0;0
?;1;0;1;0;-33;-153;1;0;?;0;0
?;1;0;1;0;-33;?;1;0;?;0;0
0;1;0;1;0;-33;?;1;0;?;0;0
0;1;0;1;0;-33;?;1;0;?;0;0
0;1;0;1;0;-30;?;1;0;?;0;?
0;1;0;1;0;-30;?;1;0;?;0;?
0;1;0;1;0;-30;?;1;0;?;0;?
0;1;0;1;0;-35;?;1;0;?;0;?
0;1;0;1;0;-35;?;1;0;1;0;?
0;1;0;1;0;-35;?;1;0;1;0;?
0;1;0;1;0;-31;?;1;0;1;0;?
0;1;0;1;0;-33;?;1;0;1;0;0
0;1;0;1;0;-32;-157;1;0;1;0;0
0;1;0;1;0;-33;-154;1;0;1;0;0
0;1;0;1;0;-33;-154;1;0;1;0;0
0;1;0;1;0;-33;-161;1;0;1;0;0
0;1;0;1;0;-32;-146;1;0;1;0;0
0;1;0;1;0;-34;-144;1;0;1;0;0
0;1;0;1;0;-28;-169;1;0;1;0;0
0;1;0;1;0;-28;-169;1;0;1;0;0
0;1;0;1;0;-31;-152;1;0;1;0;0
0;1;0;1;0;-32;-148;1;0;1;0;0
0;1;0;1;0;-32;-153;1;0;1;0;0
0;1;0;1;0;-31;-142;1;0;1;0;0
0;1;0;1;0;-31;-142;1;0;1;0;0
0;1;0;1;0;-31;-142;1;0;1;0;0
0;1;0;1;0;-33;-154;1;0;1;0;0
0;1;0;1;0;-30;-150;1;0;0;0;0
0;1;0;1;0;-30;-159;1;0;0;0;0
0;1;0;1;0;-33;-153;1;0;0;0;0
0;1;0;1;0;-33;-153;1;0;0;0;0
0;1;0;1;0;-34;-145;1;0;0;0;0
0;1;0;1;0;-32;-145;1;0;0;0;0
0;1;0;1;0;-30;-152;0;0;0;0;0
0;1;0;1;0;-30;-142;0;0;0;0;0
0;1;0;1;0;-30;-142;0;0;0;0;0
0;1;0;1;0;-30;-142;0;0;0;0;0
0;1;0;1;0;-33;-153;0;0;0;0;0
-957;1;0;1;0;-140;83;0;1;0;0;0
0;1;0;0;-66062;-34;-625;0;1;0;0;?
0;1;0;0;-89465;-94;-170;0;1;0;0;?
0;1;0;0;-89465;-94;-170;?;1;0;0;?
0;1;0;0;-86768;-62;-323;?;1;0;0;?
0;1;0;0;-82244;-64;-318;?;1;0;0;?
-1015;1;0;0;-69658;-124;-325;?;1;0;0;?
-1015;1;0;0;-69658;-124;-325;?;1;0;0;0
0;1;0;0;-69252;-45;-136;?;1;0;0;0
0;1;0;0;-86623;-38;-729;?;1;0;0;0
0;1;0;0;-72558;-60;-864;?;1;0;0;0
0;?;0;0;-77894;-204;-129;?;1;0;0;0
0;?;0;0;-77894;-204;-129;?;1;0;0;0
0;?;0;0;-77894;-204;-129;0;1;0;0;0
-1015;?;0;0;-86420;12;152;0;1;0;0;0
0;?;0;0;-55361;-172;-308;0;1;0;0;0
0;1;0;0;-71572;-24;-566;0;1;0;0;0
0;1;0;0;-68527;-171;-328;0;1;0;0;0
0;1;0;0;-68527;-171;-328;0;1;0;?;0
0;1;0;0;-86275;-58;-679;0;1;0;?;0
0;1;0;0;-91872;-162;-348;0;1;0;?;0
1015;1;0;0;-73051;-187;-221;0;1;0;0;0
-1015;1;0;0;-78416;-46;-915;0;1;0;0;0
-1015;1;0;0;-78416;-46;-915;0;1;0;0;0
-1015;1;0;0;-83056;-175;-616;0;1;0;0;0
-1015;1;0;0;-83056;-175;-616;0;1;0;0;0
0;1;0;0;-66787;-88;-569;0;1;0;0;0
0;1;0;0;-55361;-140;-440;0;1;0;0;0
0;1;0;0;-55361;-140;-440;0;1;0;0;0
-1015;1;0;0;-84013;-97;-925;0;1;?;0;0
-1015;1;0;0;-84013;-97;-925;0;1;0;0;0
2001;1;0;0;-84332;-44;-79;0;1;0;0;0
-1015;1;0;0;-1479;-6;-182;0;1;0;0;0
0;1;0;0;0;-39;-172;0;1;0;0;0
0;1;0;0;0;-39;-172;0;1;0;0;0
0;1;0;0;0;-38;-172;0;1;0;1;0
0;1;0;0;0;-39;-173;0;1;0;1;0
0;1;0;0;0;-39;-178;0;1;0;1;0
0;1;0;0;0;-39;-178;0;1;0;1;0
0;1;0;0;0;-39;-178;0;1;0;1;0
0;1;?;?;0;-40;-182;0;1;0;1;0
0;1;?;?;0;-38;-171;0;1;0;1;0
0;1;?;?;0;-37;-173;0;1;0;1;0
0;1;?;?;0;-36;-185;0;1;0;1;0
0;1;?;?;0;-36;-185;0;1;0;1;0
0;1;?;?;0;-39;-179;0;1;0;1;0
0;1;?;?;0;-38;-182;0;1;0;1;0
0;1;?;?;0;-38;-174;0;1;0;1;0
0;1;?;?;0;-35;-179;0;1;0;1;0
0;1;?;0;0;-35;-179;0;1;0;?;0
0;1;?;0;0;-34;-177;0;1;0;?;0
0;1;?;0;0;-40;-177;0;1;0;?;0
0;1;?;0;0;-40;-177;0;1;0;?;0
0;1;?;0;0;-39;-171;0;1;0;?;0
0;1;0;0;0;-39;-171;0;1;0;?;0
0;1;0;0;0;-40;-185;0;1;0;1;0
0;1;0;0;0;?;-182;0;1;0;1;0
0;1;0;0;0;?;-171;0;1;0;1;0
0;1;0;0;-21402;?;52;0;1;0;1;0
0;1;0;0;-21402;?;52;0;?;0;1;0
0;1;0;0;92017;?;609;0;?;0;1;0
-1015;1;0;0;82360;?;301;0;?;0;1;0
0;1;0;0;99267;?;733;0;?;0;1;0
0;1;0;0;99267;?;733;0;?;0;1;0
-1015;1;0;0;70615;87;657;0;?;0;1;0
0;1;0;0;66526;223;811;0;?;0;1;0
0;1;0;0;66526;223;811;0;?;0;1;0
-1015;1;0;0;94279;133;206;0;1;0;1;0
0;1;0;0;96744;249;199;0;1;0;1;0
-1015;1;0;0;92742;144;330;0;1;0;1;0
-1015;1;0;0;92742;144;330;0;1;0;1;0
0;1;0;0;92858;?;929;0;1;0;1;0
-1015;1;0;0;89871;?;490;0;1;0;1;0
0;1;0;0;75284;?;-104;0;1;0;1;0
0;1;0;0;63104;?;678;0;1;0;1;0
0;1;0;0;63104;?;678;0;1;0;1;0
-1015;1;0;0;70528;?;78;0;1;0;1;0
?;1;0;0;62872;?;-9;0;1;0;1;0
?;1;0;0;69832;?;282;0;1;0;1;0
?;1;0;0;82911;?;134;0;1;0;1;0
?;1;0;0;82911;?;134;0;1;0;1;0
?;1;0;0;82911;-35;134;0;1;0;1;0
?;1;0;0;67251;179;197;0;1;0;1;0
?;1;0;0;95062;-24;421;0;1;0;1;0
?;1;0;0;97904;99;589;0;1;0;1;0
?;1;0;0;97904;99;589;0;1;0;1;0
?;1;0;0;87551;-1;425;0;1;0;1;0
?;1;0;0;78967;27;86;0;1;0;1;0
?;1;0;0;71978;36;627;0;1;0;1;0
?;1;0;0;70180;-64;238;0;1;0;1;0
0;1;0;0;70180;-64;238;0;1;0;1;0
1015;1;0;0;100224;93;138;0;1;0;1;0
-1015;1;0;0;65627;-5;649;0;1;0;1;0
-1015;1;0;0;65627;-5;649;0;1;0;1;0
0;1;0;0;84651;151;122;0;1;0;1;0
0;1;0;0;71630;-16;270;0;1;0;1;0
0;1;0;0;87000;51;710;0;1;0;1;0
0;1;0;0;87000;51;710;0;1;0;1;0
0;1;0;0;85028;149;833;0;1;0;1;0
0;1;0;0;66381;184;707;0;1;0;1;?
0;1;0;0;89117;40;1023;0;1;0;1;?
-1015;1;0;0;82621;172;474;0;1;0;1;?
-1015;1;0;0;82621;172;474;0;1;0;1;?
0;1;0;0;80939;67;238;0;?;0;1;?
0;1;0;0;84854;110;532;0;?;0;1;?
0;1;0;0;84854;110;532;0;?;0;1;?
0;1;0;0;89552;111;471;0;?;0;1;?
0;1;0;0;81374;118;-105;0;?;0;1;?
0;1;0;0;81374;118;-105;0;?;0;1;?
0;1;0;0;100195;90;-74;0;?;0;1;0
1015;1;0;0;82070;177;478;0;?;0;1;0
-1015;1;0;0;70644;88;440;0;?;0;1;0
1015;1;0;?;89233;141;524;0;?;0;1;?
1015;1;0;?;89233;141;524;0;?;0;1;?
0;1;0;?;87000;13;533;0;?;0;1;?
0;1;0;?;93235;117;377;0;?;0;1;?
-1015;1;0;?;65888;78;624;0;?;0;1;?
-1015;1;0;?;65888;78;624;0;?;0;1;?
-1015;1;0;?;65888;78;624;0;1;0;1;?
0;1;0;?;88305;11;556;0;1;0;1;?
0;1;0;?;57536;94;250;0;1;0;1;?
-2030;1;0;?;69281;-67;495;0;1;0;1;?
0;1;0;0;85956;14;528;0;1;0;1;?
0;1;0;0;85956;14;528;0;1;0;1;?
0;1;0;0;85202;156;322;0;1;0;1;?
-1015;1;0;0;68614;101;-121;0;1;0;1;?
1015;1;0;0;82708;28;622;0;1;0;1;?
0;1;0;0;68527;222;479;0;1;0;1;0
0;1;0;0;68527;222;479;0;1;0;1;0
0;1;0;0;69136;59;1020;0;1;0;1;0
1015;1;0;0;86246;121;399;0;1;0;1;0
1015;1;0;0;86246;121;399;0;1;0;1;0
0;1;0;0;79460;71;103;0;1;0;1;0
-1015;1;0;0;99325;157;578;0;1;0;1;0
1015;1;0;0;86623;194;-66;0;1;?;1;0
1015;1;0;0;86623;194;-66;0;1;?;1;0
0;1;0;0;65888;-33;266;0;1;0;1;0
1015;1;0;0;87580;0;187;0;1;0;1;0
1015;1;0;0;87580;0;187;0;1;0;1;0
0;1;0;0;80272;9;692;0;1;0;1;0
0;1;0;?;99586;74;162;0;1;0;1;0
1015;1;0;?;62872;64;597;0;1;0;1;0
0;1;0;?;90190;16;671;0;1;0;1;0
0;1;0;?;90190;16;671;0;1;0;1;0
0;1;0;?;90190;16;671;0;1;0;1;0
0;1;0;?;82824;122;219;0;1;0;1;0
0;1;0;?;77285;-27;677;0;1;0;1;0
-1015;1;0;?;57420;192;930;0;1;0;1;0
0;1;0;?;81026;137;977;0;1;0;1;0
0;1;0;?;91234;-16;816;0;1;0;?;0
0;1;0;0;91234;-16;816;0;1;0;?;0
1015;1;0;0;91698;207;949;0;1;0;?;0
0;1;0;0;68005;39;693;0;1;0;?;0
1015;1;0;0;86304;36;360;0;1;0;?;0
0;1;0;0;74617;72;443;0;1;0;?;0
0;1;0;0;74617;72;443;0;1;0;?;0
-1015;1;0;0;89581;222;1119;0;1;0;?;0
-957;1;0;0;232;58;619;0;1;0;?;0
-957;1;0;?;232;58;619;0;1;0;?;0
0;1;0;?;0;71;?;0;1;0;?;0
0;1;0;?;0;75;?;0;1;0;?;0
0;1;0;?;0;75;?;0;1;0;?;0
0;1;0;?;0;76;?;0;1;0;1;0
0;1;0;?;0;?;?;0;1;0;1;0
0;1;0;?;0;74;?;0;1;0;1;0
0;1;0;?;0;74;?;0;1;0;1;0
0;1;0;?;0;75;?;0;1;0;1;0
0;1;0;?;0;77;?;0;1;0;1;0
0;1;0;?;0;73;?;0;1;0;1;0
0;1;0;?;0;75;?;0;1;0;1;0
0;1;0;?;0;75;?;0;1;0;1;0
0;1;0;?;0;73;333;0;1;0;1;0
0;1;0;0;0;73;348;0;1;0;1;0
0;1;0;0;0;73;348;0;1;0;1;0
0;1;0;0;0;75;366;0;1;0;1;0
0;1;0;0;0;72;347;0;1;0;1;0
0;1;0;0;0;72;347;0;1;0;1;0
0;1;0;0;0;76;330;0;1;0;1;0
0;1;0;?;0;74;336;0;1;0;1;0
0;1;0;?;0;73;343;0;1;0;1;0
0;1;0;?;0;76;342;0;1;0;1;0
0;1;0;?;0;76;342;0;1;0;1;0
-2001;1;0;?;-53331;-119;-870;0;1;0;1;0
-1015;1;0;?;-73515;-218;-727;0;1;0;1;0
0;1;0;?;-82244;-185;-472;0;1;0;1;0
0;1;0;?;-82244;-185;-472;0;1;0;1;0
0;1;0;?;-82244;-185;-472;0;1;0;1;0
1015;1;0;0;-82998;-68;-422;0;1;0;1;0
-1015;1;0;0;-75864;-107;-822;0;1;0;1;0
0;1;0;0;-70441;-70;-283;0;1;0;1;0
0;1;0;0;-92133;-61;-708;0;1;0;1;0
0;1;0;0;-92133;-61;-708;0;1;0;1;0
1015;1;0;0;-86101;-148;-36;0;1;0;1;0
-1015;1;0;0;-100514;-147;-59;0;1;0;1;0
?;1;0;0;-64148;-50;-1011;0;1;0;1;0
?;1;0;0;-98136;-3;-159;0;1;0;1;0
?;1;0;0;-98136;-3;-159;0;1;0;1;0
?;1;0;0;-67367;-176;-87;0;1;0;1;0
?;1;?;0;-67367;-176;-87;0;1;0;1;0
?;1;?;0;-80127;23;-795;0;1;0;1;0
?;1;?;0;-83578;-199;-100;0;1;0;1;0
?;1;?;0;-92829;-55;-181;0;1;0;1;0
?;1;?;0;-92829;-55;-181;0;1;0;1;0
?;1;?;0;-86681;?;-200;0;1;0;1;0
?;1;?;0;-78068;?;-767;?;1;0;1;0
?;1;?;0;-76212;?;76;?;1;0;1;0
?;1;?;0;-57188;?;-652;?;1;0;1;0
?;1;?;0;-57188;0;-652;?;1;0;1;0
-1015;1;0;0;-75922;-14;-224;0;1;0;1;0
0;1;0;0;-69136;-28;-53;0;1;0;1;0
0;1;0;0;-69136;-28;-53;0;1;0;1;0
1015;1;0;0;-96425;-154;-145;0;1;0;1;0
?;1;0;0;-61944;-3;-774;0;1;0;1;0
?;1;0;0;-93032;-34;-219;0;1;0;1;0
?;1;0;0;-93032;-34;-219;0;1;0;1;0
?;1;0;0;-60291;-114;-622;0;1;0;1;0
?;1;0;0;-78300;-3;-730;0;1;0;1;0
?;1;0;0;21692;-131;475;0;1;0;1;0
?;1;0;0;21692;-131;475;0;1;0;1;0
0;1;0;0;0;4;34;?;1;0;1;0
0;1;0;0;0;6;23;?;1;0;1;1
0;1;?;0;0;6;39;?;1;0;0;1
0;1;?;0;0;6;39;?;1;0;0;1
0;1;?;0;0;6;45;0;1;0;0;?
0;1;?;0;0;6;45;0;1;0;0;?
0;1;?;0;0;8;39;0;1;0;0;?
0;1;?;0;0;5;35;0;1;0;0;?
0;1;?;0;0;4;43;0;1;0;0;?
0;1;?;0;0;6;28;0;1;0;0;?
0;1;?;0;0;8;30;0;1;0;0;?
0;1;?;0;0;8;30;0;1;0;0;?
0;1;?;0;0;10;28;0;1;0;0;?
0;1;?;0;0;7;44;0;1;0;0;1
0;1;?;0;0;5;24;0;1;0;0;1
0;1;?;0;0;5;24;0;1;0;0;1
0;1;0;0;0;11;44;0;1;0;0;1
0;1;0;0;0;11;44;?;1;0;0;1
0;1;0;0;0;5;27;?;1;0;0;1
0;1;0;0;0;6;30;?;1;0;0;1
0;1;0;0;0;4;29;?;1;0;0;1
0;1;0;0;0;4;29;?;1;0;0;1
0;1;0;0;0;6;18;?;1;0;0;1
0;1;0;0;0;6;21;?;1;0;0;1
0;1;0;?;0;12;16;?;1;0;0;1
0;1;0;0;0;?;16;?;1;0;0;1
0;1;0;0;0;?;16;?;1;0;0;1
0;1;0;0;0;?;32;?;1;0;0;1
0;1;0;0;0;?;31;0;1;0;0;1
0;1;0;0;0;?;44;0;1;0;0;1
0;1;0;0;0;?;44;0;1;0;0;1
0;1;0;0;0;?;25;0;1;0;0;1
0;1;0;0;0;?;25;0;1;0;0;1
0;1;0;0;0;?;21;0;1;0;0;1
0;1;0;0;0;?;30;0;1;0;0;1
0;1;0;0;0;?;42;0;1;0;0;1
0;1;0;0;0;?;42;0;1;0;0;1
0;1;0;0;0;7;28;0;1;0;0;1
0;1;0;0;0;6;26;0;1;0;0;1
0;1;0;0;0;7;29;0;1;0;0;1
0;1;0;0;0;5;40;0;1;0;0;1
0;1;0;0;0;5;40;0;1;0;0;1
0;1;0;0;0;9;35;0;1;0;0;1
0;1;0;0;0;10;25;0;1;0;0;1
0;1;0;0;0;10;25;0;1;0;0;1
0;1;0;0;0;4;23;0;1;0;0;1
0;1;0;0;0;9;34;0;1;0;0;1
0;1;0;0;0;9;34;0;1;0;0;1
0;1;0;0;0;6;22;0;1;0;0;1
0;1;0;0;0;6;44;0;1;0;0;1
0;1;0;0;0;4;30;0;1;0;0;1
0;1;0;0;0;4;30;0;1;0;0;1
0;1;0;0;0;?;20;0;1;0;0;1
0;1;0;0;0;?;31;0;1;0;0;1
0;1;0;0;0;?;44;0;1;0;0;1
0;1;0;0;0;?;41;0;1;0;0;1
0;1;?;0;0;?;41;0;1;0;0;1
0;1;?;0;0;?;28;0;1;0;0;1
0;1;?;0;0;?;28;0;1;0;0;1
0;1;?;0;0;?;29;0;1;0;0;1
0;1;?;0;0;?;37;0;1;0;0;1
0;1;0;0;0;?;26;0;1;0;0;1
0;1;0;0;0;?;26;0;1;0;0;1
0;1;0;0;0;?;25;0;1;0;0;1
0;1;0;0;0;?;33;0;1;0;0;1
0;1;0;0;0;?;30;0;1;0;0;1
0;1;0;0;0;?;32;0;1;0;0;1
0;1;0;0;0;3;34;0;1;1;0;1
0;1;0;0;0;3;34;0;1;1;0;1
0;1;0;0;0;?;37;0;1;1;0;1
0;1;0;0;0;?;37;0;1;1;0;1
0;1;1;0;0;?;23;0;1;1;0;1
0;1;1;0;0;?;30;0;1;1;0;1
0;1;1;0;0;?;30;0;1;1;0;1
0;0;1;0;0;?;29;0;0;1;0;1
0;1;1;0;0;6;16;0;0;1;0;1
0;1;1;0;0;8;26;0;0;1;0;1
0;1;0;0;0;6;21;1;0;1;0;1
0;1;0;0;0;6;21;1;0;1;0;1
0;1;0;0;0;3;36;1;0;1;0;1
0;1;0;0;0;2;35;1;0;1;0;1
0;1;0;0;0;7;35;1;0;1;0;1
0;1;0;0;0;7;35;1;0;1;0;1
0;1;0;0;0;7;35;1;0;1;0;1
0;1;0;0;0;6;26;1;0;1;0;1
0;1;0;0;0;6;26;1;0;1;0;1
0;1;0;0;0;7;26;1;0;1;0;1
0;1;0;0;0;7;27;1;0;1;0;1
0;?;0;0;0;7;27;1;0;1;0;1
0;?;0;0;0;7;34;1;0;1;0;1
0;?;0;0;0;5;34;1;0;1;0;1
0;?;0;0;0;6;21;1;0;1;0;1
0;?;0;0;0;6;26;1;0;1;0;1
0;?;0;0;0;6;26;1;0;1;0;1
0;?;0;0;0;3;30;1;0;1;0;1
0;?;0;0;0;7;26;1;0;1;0;1
0;?;0;0;0;3;46;1;0;1;0;1
0;?;0;0;0;6;17;1;0;1;0;?
0;?;0;0;0;6;17;1;0;1;0;?
0;?;0;0;0;6;?;1;0;1;0;?
0;?;0;0;0;4;?;1;0;1;0;1
0;1;0;0;0;8;?;1;0;1;0;1
0;1;0;0;0;6;?;1;0;1;0;1
0;1;0;0;0;5;?;1;0;1;0;1
0;1;0;0;0;5;35;1;0;1;0;1
0;1;0;0;0;6;33;1;0;1;0;1
0;1;0;0;0;5;24;1;0;1;0;1
0;1;0;0;0;7;29;1;0;1;0;1
0;1;0;0;0;7;29;1;0;1;0;1
0;1;0;0;0;6;29;1;0;1;0;1
0;1;0;0;0;6;30;1;0;1;0;1
0;1;0;0;0;7;26;1;0;1;0;1
0;1;0;0;0;7;26;1;0;1;0;1
0;1;0;0;0;6;47;1;0;1;0;1
0;1;0;0;0;6;47;1;0;1;0;1
0;1;0;0;0;7;35;1;0;1;0;1
0;1;0;0;0;4;14;1;0;1;0;1
0;1;0;0;0;7;40;1;0;1;0;1
0;1;0;0;0;6;31;1;0;1;0;1
0;1;0;0;0;?;31;1;0;1;0;1
0;1;0;0;0;?;21;1;0;1;0;1
0;1;0;0;0;?;41;1;0;0;0;1
0;1;0;0;0;?;31;1;0;0;0;1
0;1;0;0;0;?;33;1;0;0;0;1
0;1;0;0;0;?;33;1;0;0;0;1
0;1;0;0;0;?;27;1;0;0;0;1
0;1;0;0;0;?;27;1;0;0;0;1
0;1;0;0;0;?;26;1;0;0;0;1
0;1;0;0;0;6;21;1;0;0;0;1
0;1;0;0;0;7;28;0;0;0;0;1
0;1;0;0;0;7;28;0;0;0;0;1
0;1;0;0;0;6;29;0;0;0;0;1
0;1;0;0;0;6;29;0;0;0;0;1
-1015;1;0;0;-84013;-121;-750;?;1;0;0;0
1015;1;0;0;-81229;-103;-639;?;1;0;0;0
1015;1;0;0;-81229;-103;-639;?;1;0;0;0
0;1;0;0;-79605;-130;-273;?;1;0;0;0
-1015;?;0;0;-66004;-104;-219;?;1;0;0;0
0;?;0;0;-98803;5;-256;?;1;0;0;0
0;?;0;0;-98803;5;-256;?;1;0;0;0
0;?;0;0;-98803;5;-256;?;1;0;0;0
0;?;0;0;-72732;-120;-24;?;1;0;0;0
2030;?;0;0;-61915;-3;-213;?;1;0;0;0
0;?;0;0;-95294;-155;-58;?;1;0;0;0
1015;?;0;0;-70064;-143;322;?;1;0;0;0
1015;?;0;0;-70064;-143;322;?;1;0;0;0
0;?;0;0;-72500;-183;146;?;1;0;0;0
1015;?;0;0;-87870;-165;-324;?;1;0;0;0
1015;?;0;0;-77227;-54;8;?;1;0;0;0
0;?;0;0;-96483;-9;-742;?;1;0;0;0
0;?;0;0;-96483;-9;-742;0;1;0;0;0
0;?;0;0;-78735;-134;-829;0;1;0;0;0
0;1;0;0;-76067;-46;-233;0;1;0;0;0
-1015;1;0;0;-90190;-63;-185;0;1;0;0;0
-1015;1;0;0;-90190;-63;-185;0;1;0;0;0
-1015;1;0;0;-90190;-63;-185;0;1;0;0;0
-1015;1;0;0;-86130;-141;-682;0;1;0;0;0
0;1;0;0;-91640;-3;-665;0;1;0;0;0
1015;1;0;0;-83230;-22;-822;0;1;0;0;0
2030;1;0;0;-69890;-191;21;0;1;0;?;0
-1015;1;0;0;-78068;-34;-193;0;1;0;?;?
-1015;1;0;0;-78068;-34;?;0;1;0;0;?
0;1;0;0;-86739;-54;?;0;1;0;0;?
1015;1;0;0;-100601;-155;?;0;1;0;0;?
1015;1;0;0;-86246;-63;?;0;1;0;0;?
1015;1;0;0;-86246;-63;?;0;1;0;0;?
1015;1;0;0;-74617;51;-105;0;1;0;0;?
1015;1;0;0;-74617;51;-105;0;1;0;0;?
0;1;0;0;-80185;-122;-26;0;1;0;0;?
-1015;1;0;0;-89291;-163;-747;0;1;0;0;?
0;1;0;0;-90451;-133;-780;0;1;0;0;0
0;1;0;0;-90451;-133;-780;0;1;0;0;0
0;1;0;?;-84767;-115;-326;0;1;?;0;0
-1015;1;0;?;-71920;30;-135;0;1;?;0;0
0;1;0;?;-84448;-2;-59;0;1;?;0;0
0;1;0;?;-82998;-84;-893;0;1;?;0;0
0;1;0;?;-82998;-84;-893;0;1;?;0;0
0;1;0;?;-64902;-4;-809;0;1;?;0;0
0;1;0;?;-65018;-142;-743;0;1;?;0;0
1015;1;0;0;-83404;30;23;?;1;0;0;0
-1015;1;0;0;-97759;-81;-613;?;1;0;0;0
-1015;1;0;0;-97759;-81;-613;?;1;0;0;0
-1015;1;0;0;-97759;-81;-613;?;1;0;0;0
0;1;0;0;-83462;-36;-318;?;1;0;0;0
1015;1;0;0;-94540;-74;-765;0;1;0;0;0
0;1;0;0;-70238;-190;-67;0;1;0;0;0
0;1;0;?;-70238;-190;-67;0;1;0;0;0
0;1;0;?;-84941;-89;-999;0;1;0;0;0
-1015;1;0;?;-89204;-65;-713;0;1;0;0;0
-1015;1;0;?;-55680;-24;-933;0;1;0;0;0
0;1;?;?;-66178;-187;-451;0;1;?;0;0
0;1;?;?;-66178;-187;-451;0;1;?;0;0
0;1;?;?;-67628;?;-506;0;1;?;0;0
0;1;?;?;-87145;?;-838;0;1;?;0;0
0;1;?;?;-89987;?;-820;0;1;?;0;0
0;1;?;?;-89987;-204;-820;0;1;?;0;0
3016;1;?;?;-69339;-38;-270;0;1;?;0;0
3016;1;?;?;-69339;-38;-270;0;1;0;0;0
0;1;?;?;0;-44;-205;0;1;0;0;0
0;?;?;?;0;-44;-200;0;1;0;0;0
0;?;?;0;0;-48;-210;0;1;0;1;0
0;?;0;0;0;-48;-210;0;1;0;1;0
0;?;0;0;0;-45;?;0;1;0;1;0
0;?;0;0;0;-44;?;0;1;0;1;0
0;?;0;0;0;-43;?;0;1;0;1;0
0;?;0;0;0;-43;?;0;1;0;1;0
0;?;0;0;0;-43;?;0;1;0;1;0
0;?;0;0;0;-45;?;0;1;0;1;0
0;?;0;0;0;-45;?;0;1;0;1;0
0;1;0;0;0;-43;?;0;1;0;1;0
0;1;0;0;0;-43;-198;0;1;0;1;0
0;1;0;0;0;-43;?;0;1;0;1;0
0;1;0;0;0;-43;?;0;1;0;1;0
0;1;0;0;0;-42;?;0;1;0;1;0
0;1;0;0;0;-43;?;0;1;0;1;0
0;1;0;0;0;-44;?;0;1;0;1;?
0;1;0;0;0;-44;?;0;1;0;1;0
0;1;0;0;0;-42;?;0;1;0;1;0
0;1;0;0;0;-46;?;0;1;0;1;0
0;1;0;0;0;-43;?;0;1;0;1;0
0;1;0;0;0;-46;?;0;1;0;1;0
0;1;0;0;0;-46;-207;0;1;0;1;0
0;1;0;0;0;-43;-207;0;?;0;1;0
0;1;0;0;0;-43;-207;0;?;0;1;0
3016;1;0;0;72036;242;303;0;?;0;1;?
0;1;0;0;68382;250;811;0;?;0;1;?
-1015;1;0;0;95526;36;669;0;?;0;1;?
-1015;1;0;0;95526;36;?;0;?;0;1;?
1015;1;0;0;71688;172;?;0;?;0;1;?
0;1;0;0;84042;136;?;0;?;0;1;?
0;1;0;0;66294;119;734;0;?;0;1;?
0;1;0;0;66294;119;734;0;?;0;1;?
-1015;1;?;0;88653;3;78;0;?;0;1;?
0;1;?;0;85144;162;347;0;?;0;1;0
1015;1;?;0;76125;83;702;0;?;0;1;0
0;1;?;0;71688;240;682;0;1;?;1;0
0;1;?;0;71688;240;682;0;1;?;1;0
0;1;?;0;64148;154;363;0;1;?;1;0
0;1;?;0;64148;154;363;0;1;?;1;0
0;1;?;0;89465;35;790;0;1;?;1;0
0;1;?;0;77256;95;178;0;1;?;1;0
0;1;?;0;84767;96;306;0;1;?;1;0
1015;1;0;0;100398;176;593;0;1;?;1;0
1015;1;0;0;100398;176;593;0;1;?;1;0
0;1;0;0;65656;171;788;0;1;?;1;0
0;1;0;0;75284;4;282;0;1;?;1;0
0;1;0;0;85202;75;281;0;1;?;1;0
0;1;0;0;?;162;851;0;1;?;1;0
?;1;0;0;?;162;851;0;1;?;1;0
?;1;0;0;?;162;851;0;1;0;1;0
?;1;0;0;?;187;518;0;1;0;1;0
?;1;0;0;?;1;999;0;1;0;1;0
?;1;0;0;?;109;223;0;1;0;1;0
?;1;0;0;?;129;-52;0;1;0;1;0
?;1;0;0;?;129;-52;0;1;0;1;0
0;1;0;0;?;20;525;0;1;0;1;0
0;1;0;0;?;-9;342;0;1;0;1;0
-1015;1;0;0;?;138;65;0;1;0;1;0
1015;1;0;0;?;20;186;0;1;0;1;0
?;1;0;0;82621;20;186;0;1;0;1;0
1015;1;0;0;82621;20;186;0;1;0;1;0
-1015;1;0;0;74472;73;185;0;1;0;1;0
-1015;1;0;0;65946;123;149;0;1;0;1;0
1015;1;0;0;81838;65;185;0;1;0;1;0
0;1;0;0;85231;-3;849;0;1;0;1;0
0;1;0;0;85231;-3;849;0;1;0;1;0
0;1;0;0;83578;197;778;0;1;0;1;0
-1015;1;0;0;71630;190;116;0;1;0;1;0
-1015;1;0;0;93351;50;292;0;1;0;1;0
-1015;1;0;0;93351;50;292;0;1;0;1;0
1015;1;0;0;74675;91;952;0;1;0;1;0
-1015;1;?;0;75980;-17;707;0;1;0;1;0
0;1;?;0;99528;-65;485;0;1;0;1;0
0;1;?;0;88102;204;653;0;1;0;1;0
0;1;?;0;88102;204;653;0;1;0;1;0
0;1;?;0;88102;204;653;0;1;0;1;0
0;1;?;0;87841;-69;857;0;1;0;1;0
0;1;?;0;54752;112;340;0;1;0;1;0
0;1;?;0;?;166;-152;0;1;0;1;0
0;1;?;0;?;166;-152;0;1;0;1;0
0;1;?;0;?;-42;511;0;1;0;1;0
-1015;1;?;0;?;-42;-110;0;1;0;1;0
1015;1;?;0;?;72;3;0;1;0;1;0
0;1;?;0;?;-19;656;0;1;0;1;0
0;1;?;?;?;-10;202;0;1;0;1;0
0;1;0;?;?;-10;202;0;1;0;1;0
1015;?;0;?;?;-13;560;0;1;0;1;0
1015;?;0;?;?;-13;560;0;1;0;1;0
0;?;0;?;?;124;493;0;1;0;1;0
0;?;0;?;?;158;517;0;1;0;1;0
0;?;0;?;?;158;517;0;1;0;1;0
0;?;0;?;?;58;-151;0;1;0;1;0
1015;1;0;?;58725;-44;420;0;1;0;1;?
0;1;0;?;80910;167;-122;0;1;0;1;?
0;1;0;?;83404;69;-92;0;1;0;1;?
0;1;0;?;83404;69;-92;0;1;0;1;?
0;1;0;?;89088;-2;692;0;1;0;1;?
0;1;0;?;66265;119;233;0;1;0;1;?
1015;1;0;?;88566;200;529;0;1;0;1;?
-1015;1;0;?;75574;-34;760;0;1;0;1;?
-1015;?;0;0;75574;-34;760;0;1;0;1;?
0;?;0;0;60958;181;775;0;1;0;1;?
0;?;?;0;60958;181;775;0;1;0;1;?
0;?;?;0;84071;162;637;0;1;0;1;?
0;?;?;0;74240;-67;388;0;1;0;1;?
-1015;?;?;0;91292;56;621;0;1;0;1;0
-1015;?;?;0;91292;56;621;0;1;0;1;0
0;?;0;0;84680;-3;912;0;1;0;1;0
-1015;?;0;0;79228;182;418;0;1;0;1;0
0;?;0;0;81055;182;74;0;?;0;1;0
0;?;0;0;81055;182;74;0;?;0;1;0
1015;?;0;0;56608;20;1011;0;?;0;1;0
-1015;?;0;0;70934;-43;670;0;1;0;1;0
-1015;?;0;0;66410;47;469;0;1;0;1;0
-1015;?;0;0;66410;?;469;0;1;0;1;0
-1015;?;0;?;66410;?;469;0;1;0;1;0
1015;?;0;?;83404;?;77;0;1;0;1;0
0;1;0;?;66062;?;1072;0;1;0;1;0
1015;1;0;?;81432;?;535;0;1;0;1;0
1015;1;0;?;73370;?;205;0;1;0;1;0
1015;1;0;?;86739;?;568;0;1;0;1;0
1015;1;0;?;86739;?;568;0;1;0;1;0
-2001;1;0;?;46313;?;995;0;1;0;1;0
0;1;0;?;0;?;397;0;1;0;1;0
0;1;0;?;0;?;382;0;1;0;1;0
0;1;0;?;0;?;378;0;1;0;1;0
0;1;0;?;0;?;378;0;1;0;1;0
0;1;0;0;0;?;373;0;1;0;1;0
0;1;0;0;0;83;389;0;1;0;1;0
?;1;0;0;0;83;389;0;1;0;1;0
?;1;0;0;0;87;382;0;1;0;1;0
?;1;0;0;0;87;382;0;1;0;1;0
?;1;0;0;0;82;380;0;1;0;1;0
?;1;0;0;0;83;370;0;1;0;?;0
?;1;0;0;0;85;384;0;1;0;?;0
?;1;0;0;0;85;?;0;1;0;?;0
?;1;0;0;0;85;372;0;1;0;?;0
?;1;0;0;0;82;380;0;1;0;?;0
?;1;0;0;0;84;377;0;1;0;?;0
0;1;0;0;0;86;376;0;1;0;?;0
0;1;?;0;0;84;387;0;1;0;?;0
0;1;?;?;0;84;387;0;1;0;?;0
0;1;?;?;0;85;385;0;1;0;1;0
0;1;?;0;0;85;385;0;1;0;1;0
0;1;?;0;0;83;393;0;1;0;1;0
0;1;?;0;0;85;370;0;1;0;1;0
0;1;0;0;0;83;384;0;1;0;1;0
0;1;0;0;0;83;384;0;1;0;1;0
-986;1;0;0;-59218;-179;-795;0;1;0;1;0
0;1;0;0;-85782;-91;-993;0;1;0;1;0
1015;1;0;0;-89668;-96;-927;0;1;0;1;0
1015;1;0;0;-89668;-96;-927;0;1;0;1;0
0;1;0;0;-76850;-94;-426;0;1;0;1;0
-1015;?;0;0;-66178;-208;-503;0;1;0;1;0
0;?;0;0;-91495;-182;-821;0;1;0;1;0
0;?;0;?;-92684;-172;-743;0;1;0;1;0
0;?;0;?;-92684;-172;-743;0;1;0;1;0
-1015;?;0;?;-77314;-53;-843;0;1;0;1;0
1015;1;0;?;-97875;-50;-812;0;1;0;1;0
1015;1;0;?;-97875;-50;-812;0;1;0;1;0
0;1;0;?;-83027;-252;-751;0;1;0;1;0
0;1;0;?;-80649;-21;194;0;1;0;1;0
0;1;0;?;-80649;-21;194;0;1;0;1;0
0;1;0;?;-91524;-128;-469;0;1;0;1;0
0;1;0;?;-88566;-39;121;0;1;0;1;0
0;1;0;?;-75632;-83;127;0;1;0;1;0
0;1;0;?;-75632;-83;127;0;1;0;1;0
0;1;0;?;-94888;-55;-495;0;1;0;1;0
0;1;0;?;-65192;-20;-270;0;1;0;1;0
0;1;0;?;-86275;-99;31;0;1;0;1;0
?;1;0;0;-79605;21;-255;0;1;0;1;0
?;1;0;0;-79605;21;-255;0;1;0;1;0
?;?;?;0;-79605;21;-255;0;1;0;1;0
?;?;?;0;-64090;-61;178;0;1;0;1;0
?;?;?;0;-88537;12;-448;0;1;0;1;0
0;?;?;0;-71224;-119;-64;0;?;0;1;0
0;?;?;0;-81432;-6;-55;0;?;0;1;0
0;?;?;0;-81432;-6;-55;0;?;0;1;0
1015;?;?;0;-69020;-124;-550;0;?;0;1;0
2030;?;?;0;-63655;-160;-660;0;?;0;1;0
0;?;?;0;-89117;-146;-545;?;?;0;1;0
0;?;?;0;-89697;-149;-544;?;?;0;1;0
0;?;?;0;-89697;-149;-544;?;?;0;1;0
0;1;?;0;-66584;81;-556;?;?;0;1;0
0;1;?;0;-89639;-112;313;?;?;0;1;0
0;1;?;0;-93032;-137;130;?;?;0;1;0
0;1;0;0;-93032;-137;130;?;?;0;1;0
1015;1;0;0;-87551;-22;368;?;?;0;1;0
1015;1;0;0;-87551;-22;368;?;?;0;1;0
1015;1;0;0;-69484;-68;-53;0;?;0;1;0
1015;1;0;0;-69484;-68;-53;0;?;0;1;0
1015;1;0;0;?;-140;-757;0;1;0;1;0
-1015;1;0;0;?;53;-103;0;1;0;1;0
-1015;1;0;0;?;53;-103;0;1;0;1;0
1015;1;0;0;?;-31;-586;0;1;0;1;0
0;1;0;0;?;-66;37;0;1;0;1;0
1015;1;0;0;?;22;-299;0;1;0;1;0
-1015;1;0;0;?;12;-233;0;1;0;1;0
-1015;1;0;0;?;12;-233;0;1;0;1;0
-1015;1;0;0;?;12;?;0;1;0;1;0
0;1;0;0;?;37;?;0;1;0;1;0
0;1;0;0;?;-88;?;0;1;0;1;?
1015;1;0;0;?;-70;?;0;1;0;1;?
0;1;0;0;?;-53;?;0;1;0;1;?
0;1;0;0;?;-53;?;0;1;0;1;?
0;1;0;0;-74994;-117;?;0;1;0;1;?
0;1;0;0;-77517;-71;?;0;1;0;1;?
0;1;0;0;-77517;-71;?;0;1;0;1;0
-1015;1;0;0;-83868;-47;?;0;1;0;1;0
-1015;?;0;0;-83868;-47;?;0;1;0;1;0
0;?;0;0;-66526;-64;?;0;1;0;1;0
0;1;0;0;-65801;11;?;0;?;0;1;0
0;1;0;0;-83926;-38;?;0;1;0;1;0
0;1;0;0;-83926;-38;?;0;1;0;1;0
0;1;0;0;-83926;-38;-93;0;1;0;1;0
0;1;0;0;3886;-72;39;0;1;0;1;0
0;1;0;0;0;-35;-132;0;1;0;1;0
0;1;0;1;0;-36;-150;0;1;0;1;0
0;1;0;1;0;-34;-153;0;1;0;0;0
0;1;0;1;0;-34;-153;0;1;0;0;0
0;1;0;1;0;-32;-153;0;1;0;0;0
0;1;0;1;0;-32;-148;0;1;0;0;0
0;1;0;1;0;-32;-145;0;1;0;0;0
0;1;0;1;0;-32;-145;0;1;0;0;0
0;1;0;1;?;-32;-136;0;1;0;0;0
0;1;0;1;?;-30;-140;0;1;0;0;0
0;1;0;1;?;-34;-156;0;1;0;0;0
0;1;?;1;?;-34;-156;0;1;0;0;0
0;1;?;1;?;-33;-159;0;1;0;0;0
0;1;?;1;?;-33;-159;0;1;0;0;0
0;1;?;1;?;-31;-148;0;1;0;0;0
0;1;?;1;0;-28;-172;0;1;0;0;0
0;1;?;1;0;-31;-152;0;1;0;0;0
0;1;?;1;0;-30;-165;0;1;0;0;0
0;1;?;1;0;-30;-165;0;1;0;0;0
0;1;?;?;0;-34;-144;0;1;0;0;0
0;1;?;?;0;-31;-150;0;1;0;0;0
0;1;?;?;0;-32;-146;0;1;0;0;0
0;1;0;?;0;-33;-158;0;1;0;0;0
0;1;0;?;0;-33;-158;0;1;0;0;0
0;1;0;?;0;-33;-158;0;1;0;0;0
0;1;0;?;0;-33;-134;0;1;0;0;0
0;1;0;1;0;-33;-142;0;1;0;0;0
0;1;0;1;0;-28;-153;0;1;0;0;0
0;1;0;?;0;-34;-130;0;1;0;0;0
0;1;0;?;0;-32;-150;0;1;0;0;0
0;1;0;?;0;-32;-150;0;1;?;0;0
0;1;0;?;0;-30;-144;0;1;?;0;0
0;1;0;?;0;-33;-142;0;1;?;0;0
0;1;0;?;0;-33;-142;0;1;?;0;0
0;1;0;?;0;-32;-150;0;1;?;0;0
0;1;0;?;0;-34;-157;0;1;?;0;0
0;1;0;?;0;-30;-149;0;1;?;?;0
0;1;0;1;0;-31;-150;0;1;?;?;0
0;1;0;1;0;-31;-150;0;1;0;?;0
0;1;0;1;0;-32;-142;0;1;0;?;0
?;1;0;1;?;-32;-142;0;1;0;?;0
?;1;0;1;?;-34;-150;0;1;0;?;0
?;1;0;1;?;-32;-160;0;1;0;?;0
?;1;0;1;?;-31;-138;0;1;0;?;0
?;1;0;1;?;?;-138;0;1;0;?;0
?;1;0;?;?;?;-152;0;1;0;?;0
?;1;0;?;?;-35;-152;0;1;0;?;0
?;1;0;?;?;-32;-145;0;1;0;?;0
?;1;0;?;?;-35;-142;0;1;0;?;0
?;1;0;?;?;-35;-142;0;1;0;?;0
?;1;0;?;0;-30;-156;0;1;0;?;0
?;1;0;?;0;-33;-142;0;1;0;0;0
?;1;?;?;0;-33;-134;0;1;0;0;0
?;1;0;?;0;-38;-122;0;1;0;0;0
?;1;0;?;0;-38;-122;0;1;0;0;0
0;1;0;?;0;-38;-122;0;1;0;0;0
0;1;0;?;0;-32;-153;0;1;0;0;0
0;1;0;?;0;-33;-164;0;1;0;0;0
0;1;0;?;0;-32;-144;0;1;0;0;0
0;1;0;1;0;-34;-144;0;1;?;0;0
0;1;0;1;0;-34;-144;0;1;?;0;0
0;1;0;1;0;-34;-157;0;1;?;0;0
0;1;0;1;0;-30;-142;0;1;?;0;0
0;1;0;1;0;-33;-138;0;1;0;?;0
0;1;0;1;0;-34;-144;0;1;1;?;0
0;1;0;1;0;-34;-144;0;1;1;?;0
0;1;0;1;0;-34;-144;0;1;1;?;0
0;1;0;1;0;-33;-157;0;1;1;?;0
0;1;0;1;0;?;-131;0;1;1;0;0
0;1;1;1;0;?;-134;0;1;1;0;0
0;1;1;1;0;?;-150;0;1;1;0;0
0;1;1;1;0;?;-150;0;1;1;0;0
0;1;1;1;0;?;-134;0;0;1;0;0
0;0;1;1;0;?;-142;0;0;1;0;0
0;1;1;1;0;?;-150;0;0;1;0;0
0;1;1;1;0;?;-142;0;0;1;0;0
0;1;1;1;0;?;-142;0;0;1;0;0
0;1;0;1;0;-32;-145;1;0;1;0;0
0;1;0;1;0;-35;-148;1;0;1;0;0
0;1;0;1;0;-35;-148;1;0;1;0;0
0;1;0;1;0;-31;-156;1;0;1;0;0
0;1;0;1;0;-32;-150;1;0;1;0;0
0;1;0;1;0;-32;-150;1;0;1;0;0
0;1;0;1;0;-35;-144;1;0;1;0;0
0;1;0;1;0;-33;?;1;0;1;0;0
0;1;0;1;0;-36;?;1;0;1;0;0
0;1;0;1;0;-33;?;1;0;1;0;0
0;1;0;1;0;-33;?;1;0;1;0;?
0;1;0;1;0;-33;?;1;0;1;0;?
0;1;0;1;0;-35;?;1;0;1;0;?
0;1;0;1;0;-30;?;1;0;1;0;?
0;1;0;1;0;-30;?;1;0;1;0;?
0;1;0;1;0;-30;?;1;0;1;0;?
0;1;0;1;0;-30;?;1;0;1;0;?
0;1;0;1;0;-33;-148;1;0;1;0;?
0;1;0;1;0;-31;-145;1;0;1;0;?
0;1;0;1;0;-33;-153;1;0;?;0;?
0;1;0;1;0;-31;-150;1;0;?;0;?
0;1;0;1;0;-32;-153;1;0;?;0;0
0;1;0;1;0;-32;-153;1;0;?;0;0
0;1;0;1;0;-31;-142;1;0;?;0;0
0;1;0;1;0;-32;-140;1;0;?;0;0
0;1;0;1;0;-32;-148;1;0;?;0;0
0;1;0;1;0;-32;-148;1;0;1;0;0
0;1;0;1;0;-32;-148;1;0;1;0;0
0;1;0;1;0;-32;-152;1;0;1;0;0
0;1;0;1;0;-31;-157;1;0;1;0;0
0;1;0;1;0;-32;-157;1;0;1;0;0
0;1;0;1;0;-32;-154;1;0;1;0;0
0;1;0;1;0;-32;-154;1;0;1;0;?
0;1;0;1;0;-30;-140;1;0;1;0;?
0;1;0;1;0;-33;-148;1;0;1;0;?
0;1;0;1;0;-27;-157;1;0;1;0;0
0;1;0;1;0;-35;-142;1;0;1;0;0
0;1;0;1;0;-35;-142;1;0;1;0;0
0;1;0;1;0;-34;-150;1;0;1;0;0
0;1;0;1;0;-32;-146;1;0;1;0;0
0;1;0;1;0;-32;-146;1;0;1;0;0
0;1;0;1;0;-32;-158;1;0;1;0;0
0;1;0;1;0;-32;-158;1;0;1;0;0
0;1;0;1;0;-30;-150;1;0;0;0;0
0;1;0;1;0;-34;-142;1;0;0;?;0
0;1;0;1;0;-33;-153;1;0;0;?;0
0;1;0;1;0;-35;-142;1;0;0;?;0
0;1;0;1;0;-35;-156;?;0;0;?;0
0;1;0;1;0;-35;-156;?;0;0;?;0
0;1;0;1;0;-33;-159;?;0;0;?;0
0;1;0;1;0;-32;-136;?;0;0;?;0
0;1;0;1;0;-29;-142;?;0;0;?;0
0;1;0;1;0;-29;-142;?;0;0;?;0
0;1;0;1;0;-32;-150;?;1;0;0;0
0;1;0;1;0;-32;-150;?;1;0;0;0
1015;1;0;0;-96889;-77;-608;?;1;0;0;0
0;1;0;0;-85898;-146;-662;?;1;0;0;0
1015;1;0;0;-71804;-7;-864;?;1;0;0;0
1015;1;0;0;-71804;-7;-864;0;1;0;0;0
-1015;1;0;0;-85115;-137;154;0;1;0;0;0
0;1;0;0;-66352;-172;-560;0;1;0;0;0
1015;1;0;0;-100456;-39;-747;0;1;0;0;0
1015;1;0;0;-97991;-66;-106;0;1;?;0;0
1015;1;0;0;-97991;-66;-106;0;1;?;0;0
0;1;0;0;-75632;-178;-52;0;1;?;0;0
0;1;0;0;-67454;-3;-63;0;1;?;0;0
0;1;0;0;-79460;-51;-127;0;1;?;0;0
0;1;0;0;-79460;-51;-127;0;1;0;0;0
0;1;0;0;-79460;-51;-127;0;1;0;0;0
0;1;0;0;-81577;-123;-594;0;1;0;0;0
0;1;0;0;-89465;-129;-521;0;1;0;0;0
0;1;0;0;-84274;-134;-629;0;1;0;0;0
0;1;0;0;-94830;-124;-221;0;1;0;0;0
0;1;0;0;-94830;-124;-221;0;1;0;0;0
0;1;0;0;-67744;-70;-172;0;1;0;0;0
1015;1;0;0;-66120;-139;?;0;1;0;0;0
0;1;0;0;-75632;6;?;0;1;0;0;0
0;1;0;0;-93902;-31;?;0;1;0;0;0
0;1;0;0;-93902;-31;?;0;1;0;0;0
0;1;0;0;-62901;-9;?;0;?;0;0;0
0;1;0;0;-93235;-187;?;0;?;0;0;0
0;1;0;0;-65888;-199;?;0;?;0;0;0
0;1;0;0;-65888;-199;?;0;?;0;0;0
-1015;1;0;0;-69281;-165;?;0;?;0;0;0
-1015;1;0;0;-69281;-165;?;0;?;0;0;0
1015;1;0;0;-81519;-192;-439;0;?;0;0;0
-1015;1;0;0;-6728;9;-56;?;1;0;0;0
0;1;0;0;0;-39;-184;?;1;0;0;0
0;1;0;0;0;-39;-187;?;1;0;0;0
0;1;0;0;0;-39;?;?;1;0;0;0
0;1;0;0;0;-41;?;?;1;0;1;0
0;1;0;0;0;?;?;?;1;0;1;0
0;1;0;0;0;?;-184;?;1;0;1;0
0;1;0;0;0;?;-184;?;1;0;1;0
0;1;0;0;0;?;-182;?;1;0;1;0
0;1;0;0;0;?;-167;?;1;0;1;0
0;1;0;0;0;?;-167;?;1;0;1;0
0;1;0;0;0;?;-186;0;1;0;1;0
0;1;0;0;0;?;-187;0;1;0;1;0
0;1;0;0;0;?;-187;0;1;0;1;0
0;1;0;0;0;?;-189;0;1;0;1;0
0;1;0;0;0;?;-175;0;1;0;1;0
0;1;0;0;0;?;?;0;1;0;1;0
0;1;0;0;0;?;?;0;1;0;1;0
0;1;0;0;0;?;?;0;1;0;1;0
0;1;0;0;0;?;?;0;1;0;1;0
0;1;0;0;0;-40;?;0;1;0;1;0
0;1;0;0;0;-40;?;0;1;0;1;0
0;1;0;0;0;-40;-179;0;1;0;1;0
0;1;?;0;0;-40;-179;0;1;0;1;0
0;1;?;0;0;-39;-173;0;1;0;1;0
0;1;?;0;0;-40;-178;0;1;0;1;0
0;1;?;0;0;-40;-182;0;1;0;1;0
0;1;0;0;77140;57;939;0;1;0;1;0
0;1;0;?;77140;57;939;0;1;0;1;0
-1015;1;0;?;84477;208;1063;0;1;0;1;0
0;1;0;?;67367;195;884;0;1;0;1;0
0;1;0;?;81693;38;452;0;1;0;1;0
0;1;0;?;89175;243;58;0;1;0;1;0
0;1;0;?;89175;243;58;0;1;0;1;0
-1015;1;0;?;85028;86;1072;0;1;0;1;0
0;1;0;?;65946;83;-7;0;1;0;1;0
0;1;0;0;74994;135;696;0;1;0;1;0
0;1;0;0;88682;-10;975;0;1;0;1;0
0;1;0;0;88682;-10;975;0;1;0;1;0
0;1;0;0;88682;-10;975;0;1;0;1;0
-1015;1;0;0;78938;50;153;0;1;0;1;0
1015;1;0;0;91901;-29;823;0;1;0;1;0
0;1;0;0;68382;0;877;0;1;0;1;0
0;1;0;0;68382;0;877;0;1;0;1;0
0;1;0;0;71833;-46;389;0;1;0;1;0
0;1;0;0;58058;10;747;0;1;0;1;0
1015;1;0;0;60494;91;835;0;1;0;1;0
0;1;0;0;84187;136;-196;0;1;0;1;0
0;1;0;0;68092;154;-346;0;1;0;1;0
0;1;0;0;68092;154;-346;0;1;0;1;0
0;1;0;0;68092;154;-346;0;?;0;1;0
1015;1;0;0;97788;111;682;0;1;0;1;0
0;1;0;0;91901;3;485;0;1;0;1;0
0;1;0;0;?;-58;59;0;1;0;1;0
0;1;0;0;?;-58;59;0;1;0;1;0
0;1;0;0;?;29;165;0;1;0;1;0
0;1;0;0;?;-6;787;0;1;0;1;0
0;1;0;0;?;141;506;0;1;0;1;0
0;1;0;0;?;175;-19;0;1;0;1;0
0;1;0;0;89494;175;-19;0;1;0;1;0
0;1;0;0;68092;174;688;0;1;0;1;0
0;1;0;0;?;31;709;0;1;0;1;0
0;1;0;0;?;19;580;0;1;0;1;0
0;1;0;0;?;-50;422;0;1;0;1;0
0;1;0;0;?;-50;422;0;1;0;1;0
0;1;0;0;?;-50;422;0;1;0;?;0
-2030;1;0;0;?;183;183;0;1;0;?;0
0;1;0;0;?;79;751;0;1;0;?;0
0;1;0;0;?;21;754;0;1;0;?;0
0;1;0;0;?;192;193;0;1;0;?;0
0;1;0;0;83433;192;193;0;1;0;?;0
0;1;0;0;82824;207;451;0;1;0;?;0
0;1;0;0;74501;101;-77;0;1;0;?;0
0;1;0;0;90741;157;555;0;1;0;?;0
1015;1;0;0;75400;28;844;0;1;0;?;0
1015;1;0;0;75400;28;844;0;1;0;?;0
0;1;0;0;84216;43;-35;0;1;0;?;0
0;1;0;0;71949;22;368;0;1;0;?;0
0;1;0;0;96541;137;-315;0;1;0;?;0
0;1;0;0;85202;165;447;0;1;0;1;0
0;1;0;0;85202;165;447;0;1;?;1;?
0;1;0;0;85202;165;447;0;1;?;1;?
0;1;0;?;99992;135;471;0;1;?;1;0
-1015;1;0;?;66439;4;218;0;1;?;1;0
0;1;0;?;91698;-29;552;0;1;?;1;0
-2030;1;?;?;66091;28;574;0;1;?;1;0
-2030;1;?;?;66091;28;574;0;1;?;1;0
0;1;?;?;75748;-23;138;0;1;?;1;0
1015;1;?;?;87638;-31;594;0;1;?;1;0
0;1;?;?;65511;6;623;0;1;0;1;0
0;1;?;?;73225;173;305;0;1;0;1;0
0;1;0;?;73225;173;305;0;1;0;1;0
0;1;0;?;73225;173;305;0;1;0;1;0
0;1;0;0;66091;130;-25;0;1;0;1;0
0;1;0;0;93525;83;-274;0;1;0;1;0
0;1;0;0;91872;?;-21;0;1;0;1;0
0;1;0;0;91872;?;-21;0;1;0;1;0
1015;1;0;0;68556;?;266;0;1;0;1;0
-1015;1;0;0;97788;?;515;0;1;0;1;0
-1015;1;0;0;65656;?;246;0;1;0;1;0
0;1;0;0;81606;?;-275;0;1;0;1;0
0;1;0;0;81606;?;-275;0;1;0;1;0
1015;1;0;0;88624;?;207;0;1;0;1;0
0;1;0;0;80301;?;48;0;1;0;1;0
1015;1;0;0;82621;?;968;0;1;0;1;0
0;1;0;0;66207;?;627;0;1;0;1;0
0;1;0;0;66207;?;627;0;1;0;1;0
0;1;0;0;66207;?;627;0;1;0;1;0
0;1;0;0;80446;?;-115;0;1;0;1;0
0;1;0;0;71717;148;539;0;1;0;1;0
0;1;0;0;100108;122;324;0;1;0;1;0
0;1;0;0;100108;122;324;0;1;0;1;0
-1015;1;0;0;86130;113;568;0;1;0;1;0
0;1;0;0;68788;81;626;0;1;0;1;0
0;1;0;0;77662;160;842;0;1;0;1;0
1015;1;0;0;75893;181;402;0;1;0;1;0
0;1;0;0;89871;96;364;0;1;0;1;0
0;1;0;0;89871;96;364;0;1;0;1;0
0;1;0;0;80272;58;484;0;1;0;1;0
0;1;0;0;78706;256;1036;0;1;0;1;0
0;1;0;0;67976;42;947;0;1;0;1;0
0;1;0;0;67976;42;947;0;1;0;1;0
0;1;0;0;83201;120;414;0;1;0;1;0
0;1;0;0;83201;120;414;0;1;0;1;0
1015;1;0;0;74646;194;478;0;1;0;1;0
-986;1;0;0;638;92;628;0;1;0;1;0
0;1;0;0;0;69;315;0;1;0;1;0
0;1;0;0;0;69;315;0;1;0;1;0
0;1;0;0;0;70;308;0;1;0;1;0
0;1;0;0;0;71;301;0;1;0;1;0
0;1;0;0;0;72;311;0;1;0;1;0
0;1;0;0;0;69;325;0;1;0;1;0
0;1;0;0;0;69;325;0;1;0;1;0
0;1;0;0;0;70;317;0;1;0;1;0
0;1;0;0;0;68;329;0;1;0;1;0
0;1;0;0;?;70;319;0;1;0;1;0
0;1;0;0;?;70;319;0;1;0;1;0
0;1;0;0;?;69;301;0;1;0;1;0
0;1;0;0;?;69;301;0;1;0;1;0
0;1;0;0;0;69;321;0;1;0;1;0
0;1;0;0;0;66;313;0;1;0;1;0
0;1;0;0;0;70;311;0;1;0;1;0
0;1;0;0;0;70;311;0;1;0;1;0
0;1;0;0;0;68;311;0;1;0;1;0
0;1;0;0;0;69;313;0;1;0;1;0
0;1;0;0;0;71;321;0;1;0;1;0
0;1;?;0;0;67;309;0;1;0;1;0
0;1;?;0;0;67;309;0;1;0;1;0
0;1;?;0;0;65;321;0;1;0;1;0
0;1;?;0;0;65;321;0;1;0;1;0
0;1;?;0;0;68;323;0;1;0;1;0
0;1;0;0;-96251;-228;-787;0;1;0;1;0
0;1;0;0;-68121;-52;-530;0;1;0;1;0
0;1;0;0;-68121;-52;-530;0;1;0;1;0
-1015;1;0;0;-84187;-217;-314;0;1;0;1;0
1015;1;0;0;-86652;-252;-810;0;1;0;1;0
1015;1;0;0;-83926;-38;-62;0;1;0;1;0
-1015;1;0;0;-84448;-64;-791;0;1;0;1;0
-1015;1;0;0;-58464;-140;-945;0;1;0;1;0
-1015;1;0;0;-58464;-140;-945;0;1;0;1;?
0;1;0;0;-83404;-202;-262;0;1;0;1;?
?;1;0;0;-64931;-25;-360;0;1;0;1;?
?;1;0;0;-85260;3;209;0;1;0;1;?
?;1;0;0;-85260;3;209;0;1;0;1;?
?;1;0;0;-63655;-133;-659;0;1;0;1;?
?;1;0;0;-63655;-133;-659;0;1;0;1;?
?;1;0;0;-69571;-168;-329;0;1;0;1;?
?;1;0;0;-100311;-84;-456;0;1;0;1;?
?;1;0;0;-75371;13;-822;0;1;0;1;?
?;1;0;0;-76647;-96;-91;0;1;0;1;?
?;1;0;0;-76647;-96;-91;0;1;0;1;?
?;1;0;0;-78155;-2;-75;0;1;0;?;?
?;1;0;0;-89204;3;-355;0;1;0;?;?
?;1;?;0;-73399;-218;-530;0;1;0;?;?
1015;1;?;0;-98542;25;-660;0;1;0;?;0
1015;1;?;0;-98542;25;-660;0;1;0;?;0
1015;1;0;0;-98542;25;-660;0;1;0;?;0
0;1;0;0;-73834;-18;-183;0;1;0;?;0
0;1;0;0;-85956;-41;-494;0;1;0;?;0
-1015;1;0;0;-54085;11;-670;0;1;0;?;0
-1015;1;0;0;-54085;11;-670;0;?;0;?;0
0;1;0;0;-98020;12;-686;0;?;0;?;0
0;1;0;0;-86710;-34;-637;0;?;0;?;0
0;1;0;0;-82795;43;-241;0;?;0;?;0
2001;1;0;0;-65656;-68;-396;0;?;0;?;0
2001;1;0;0;-65656;-68;-396;0;?;0;?;0
0;?;0;0;0;7;7;0;?;0;1;0
0;1;0;0;0;-1;13;0;?;0;1;0
0;1;0;0;0;-3;-4;0;?;0;0;1
0;1;0;?;0;?;-4;0;?;0;0;1
0;1;0;?;0;?;19;0;?;0;0;1
0;1;0;?;0;?;19;0;?;0;0;1
0;1;0;?;0;?;8;0;1;0;0;1
0;1;0;?;0;?;8;0;1;0;0;1
0;1;0;?;0;?;8;0;1;0;0;1
0;1;0;?;0;?;8;0;1;0;0;1
0;1;0;?;0;?;10;0;1;0;0;1
0;1;0;?;0;?;15;0;1;0;0;1
0;1;0;?;0;?;7;0;1;0;0;1
0;1;0;?;0;?;-2;0;1;0;0;1
0;1;0;0;0;?;-2;0;1;0;0;1
0;1;0;0;0;?;4;0;1;0;0;1
0;1;0;0;0;0;0;0;1;0;0;1
0;1;0;0;0;0;0;0;1;0;0;1
?;1;0;0;0;3;-4;0;1;0;0;1
?;1;0;0;0;1;-4;0;1;0;0;1
?;1;0;0;0;1;-4;0;?;0;0;1
0;1;0;0;0;-2;1;0;?;0;0;1
0;1;0;0;0;2;-4;0;?;0;0;1
0;1;0;0;0;1;18;0;?;0;0;1
0;1;0;0;0;1;-15;0;?;0;0;1
0;1;0;0;0;1;-15;0;?;0;0;1
0;1;0;0;0;-3;-9;0;1;0;0;1
0;1;0;0;0;0;-16;0;1;0;0;1
0;1;0;0;0;0;0;0;1;0;0;1
0;1;0;0;0;0;0;0;1;0;0;1
?;1;0;0;0;3;-6;0;1;0;0;1
?;1;0;0;0;-2;-6;0;1;0;0;1
?;1;0;0;0;-2;-6;0;1;0;0;1
?;1;0;0;0;2;1;0;1;0;0;1
?;1;0;0;0;2;1;0;1;0;0;1
?;1;0;0;0;0;-22;0;1;0;0;1
0;1;0;0;0;2;2;0;1;0;0;1
0;1;0;0;0;0;8;0;1;0;0;1
0;1;0;0;0;3;9;0;1;0;0;1
0;1;?;0;0;-1;-6;0;1;0;0;1
0;1;?;0;0;-1;-6;0;1;0;0;1
0;1;?;0;0;1;-7;0;1;0;0;1
0;1;?;0;0;2;-6;0;1;0;0;1
0;1;?;0;0;-1;-10;0;1;0;0;1
0;1;?;?;0;-2;-4;0;1;0;0;1
0;1;?;?;0;-2;-4;0;1;0;0;1
0;1;?;?;0;-2;-4;0;1;0;0;1
0;1;?;?;0;-2;18;0;1;0;0;1
0;1;?;?;0;-2;-8;0;1;0;0;1
0;1;0;?;0;-3;3;0;1;0;0;1
0;1;0;?;0;2;-8;0;1;0;0;1
0;1;0;?;0;2;-8;0;1;0;0;1
0;1;0;0;0;?;6;0;1;0;0;1
0;1;0;0;0;?;0;0;1;0;0;1
0;1;0;0;0;2;-10;0;1;0;0;1
0;1;0;0;0;2;-10;0;1;0;0;1
0;1;0;0;0;3;-2;0;1;0;0;1
0;1;0;0;0;0;-2;0;1;0;0;1
0;1;0;0;0;0;-2;0;1;0;0;1
0;1;0;0;0;-2;20;0;1;0;0;1
0;1;0;0;0;3;0;0;1;0;0;1
0;1;0;0;0;3;0;0;1;0;0;1
0;1;0;0;0;1;9;0;1;0;0;1
0;1;0;0;0;-1;17;0;1;0;0;1
0;1;0;0;0;-2;10;0;1;0;0;1
0;1;0;0;0;0;-13;0;1;0;0;1
0;1;0;0;0;2;13;0;1;0;0;1
0;1;0;0;0;2;13;0;1;0;0;1
0;1;0;0;0;0;-6;0;1;0;0;1
0;1;0;0;0;0;-10;0;1;0;0;1
0;1;0;0;0;-2;-13;0;1;0;0;1
0;1;0;0;0;-2;-13;0;1;0;0;1
0;1;0;0;0;1;6;0;1;0;0;1
0;1;0;0;0;1;6;0;1;0;0;1
0;1;0;0;0;2;-4;0;1;0;0;1
0;1;0;0;0;-1;-12;0;1;1;0;1
0;1;0;0;0;0;8;0;1;1;0;1
0;1;0;0;0;0;8;0;1;1;0;1
0;1;1;0;0;1;8;0;1;1;0;?
0;1;1;0;0;2;-4;0;1;1;0;?
0;1;1;0;0;?;-6;0;1;1;0;?
0;1;1;0;0;?;15;0;0;1;0;?
0;1;1;0;0;?;15;0;0;1;0;1
0;1;1;0;0;?;-7;0;0;1;0;1
0;1;1;0;0;?;6;0;0;1;0;1
0;1;1;0;0;?;-18;0;0;1;0;1
0;1;1;0;0;?;-18;?;0;1;0;1
0;1;0;0;0;0;0;?;0;1;0;1
0;1;0;0;0;0;0;?;0;1;0;1
0;1;0;0;0;0;10;?;0;1;0;1
0;1;0;?;0;0;6;?;0;1;0;1
0;1;0;0;0;-1;13;?;0;1;0;1
0;1;0;0;0;-1;13;?;0;1;0;1
0;1;0;0;0;1;8;?;0;1;0;1
0;1;0;0;0;-1;19;?;0;1;0;1
0;1;0;0;0;0;7;?;0;1;0;1
0;1;0;0;0;0;4;?;0;1;0;1
0;1;0;0;?;0;4;?;0;1;0;1
0;1;0;0;?;3;12;?;0;1;0;1
0;1;0;0;0;0;1;?;0;1;0;1
0;1;0;0;0;-3;9;1;0;1;0;1
0;1;0;0;0;-3;9;1;0;1;0;1
0;1;0;0;0;-3;9;1;0;1;0;1
0;1;0;0;0;-1;-10;1;0;1;0;1
0;1;0;0;0;1;-4;1;0;1;0;1
0;1;0;0;0;0;?;1;0;1;0;1
0;?;0;0;0;0;?;1;0;1;0;1
0;?;0;0;0;0;?;1;0;1;0;1
0;?;0;0;0;0;?;1;0;1;0;1
0;?;0;0;0;-2;?;1;0;1;0;1
0;?;0;0;0;0;?;1;0;1;0;1
0;?;0;0;0;1;?;1;0;1;0;1
0;?;0;0;0;1;?;1;0;1;0;1
0;?;0;0;0;-1;?;1;0;1;0;1
0;1;0;0;0;2;?;1;0;1;0;1
0;1;0;0;0;1;?;1;0;1;0;1
0;1;0;0;0;1;18;1;0;1;0;1
0;1;0;0;0;1;18;1;0;1;0;1
0;1;0;0;0;0;-8;1;0;1;0;1
0;1;0;0;0;4;-7;1;0;1;0;1
0;1;0;0;0;?;-8;1;0;1;0;1
0;1;0;0;0;?;-6;1;0;1;0;1
0;1;0;0;0;?;-6;?;0;1;0;1
0;1;0;0;0;?;-6;?;0;1;0;1
0;1;0;0;0;?;17;?;0;1;0;1
0;1;0;0;0;?;10;?;0;1;0;1
0;1;0;0;0;?;-5;?;0;1;0;1
0;1;0;0;0;?;-5;?;0;1;0;1
0;?;0;0;0;?;9;?;0;?;0;1
0;?;0;0;0;?;13;?;0;?;0;1
0;?;0;0;0;?;-12;1;0;?;0;1
0;?;0;0;0;2;11;1;0;?;0;1
0;?;0;?;0;2;11;1;0;?;0;1
0;?;0;?;?;2;11;1;0;?;0;1
0;?;0;?;?;0;7;1;0;?;0;1
0;?;0;?;?;1;-6;0;0;?;0;1
0;?;0;?;?;-1;14;0;0;?;0;1
0;1;0;?;?;1;0;0;0;?;0;1
0;1;0;?;0;1;0;0;0;?;0;1
0;1;0;0;0;1;2;0;0;0;0;1
-3016;1;0;0;-68759;65;227;0;1;0;0;0
0;1;0;0;-93844;43;-66;0;1;0;0;0
0;1;0;0;-93844;43;-66;0;1;0;0;0
0;1;0;0;-63191;-73;-625;0;1;0;0;0
1015;1;0;0;-86304;36;166;0;1;0;0;0
-1015;?;0;0;-91698;52;-92;0;1;0;0;0
-1015;?;0;0;-91698;52;-92;0;1;0;0;0
0;?;0;0;-85782;-180;-12;0;1;0;0;0
0;?;0;?;-85782;-180;-12;0;1;0;0;0
0;?;0;?;-95352;-37;-143;0;1;?;0;0
0;?;0;?;-71282;40;-313;0;1;?;0;0
1015;?;0;?;-75458;-90;207;0;1;?;0;0
0;?;0;0;-100137;-18;-446;0;1;0;0;0
0;1;0;0;-100137;-18;-446;0;1;0;0;0
0;1;0;0;-83955;-138;-730;0;1;0;0;0
1015;1;0;0;-81635;-74;43;0;1;0;0;0
0;1;0;0;?;-251;-320;0;1;0;0;0
0;1;0;0;?;-251;?;0;1;0;0;0
-1015;1;0;0;?;?;?;0;1;0;0;0
0;1;0;0;?;?;?;0;1;0;0;0
0;1;0;0;?;43;?;0;1;0;0;0
0;1;0;0;?;-159;?;0;1;0;0;0
0;1;0;0;?;-159;?;0;1;0;0;0
-1015;1;0;0;?;-38;?;0;1;0;0;0
0;1;0;0;-92771;-113;?;0;1;0;0;0
1015;1;0;0;-103182;-181;?;0;1;0;0;0
0;1;0;0;-65308;-2;-592;0;1;0;0;0
0;1;0;0;-98716;40;-341;0;1;0;0;0
0;1;0;0;-98716;40;-341;0;1;0;0;0
-1015;1;0;0;-67744;-167;-693;0;1;0;0;?
0;1;0;0;-84187;-158;-1079;0;1;0;0;?
-1015;1;0;0;-80359;-29;95;0;1;0;0;?
0;1;0;0;-90045;12;-820;0;1;?;0;?
0;1;0;0;-90045;12;-820;0;1;?;0;?
0;1;0;?;-90045;12;-820;0;1;?;0;?
0;1;0;?;-83172;-36;-839;0;1;?;0;?
-1015;1;0;?;-69020;-118;-336;0;1;?;0;?
0;1;0;?;-74008;-78;-105;0;1;?;0;?
1015;1;0;?;-83752;-1;-142;0;1;?;0;?
1015;?;0;?;-83752;-1;-142;0;1;?;0;?
1015;?;0;0;-91408;-56;27;0;1;?;0;?
0;?;0;0;-70905;-37;-926;0;1;?;0;?
-1015;?;0;0;?;-62;-54;0;1;?;0;0
-1015;?;0;0;?;-62;-54;0;1;?;0;0
0;?;?;0;?;-78;-789;0;1;?;0;0
0;?;?;0;?;-113;99;0;1;0;0;0
0;?;?;0;?;-149;-49;0;1;0;0;0
0;?;?;0;?;-149;-49;0;1;0;0;0
?;1;?;0;?;-118;-807;0;1;0;0;0
?;1;?;0;?;-191;-291;0;1;0;0;0
?;1;?;0;?;-191;-291;0;1;0;0;0
?;1;0;0;?;-184;-125;0;1;0;0;0
?;1;0;0;?;-171;-880;0;1;0;0;0
?;1;0;0;?;-190;-230;0;1;0;0;0
?;1;0;0;?;-81;-469;0;1;0;0;0
?;1;0;0;-84854;-81;-469;0;1;0;0;0
?;1;0;0;-75632;-77;-331;?;1;0;0;0
?;1;0;0;-72036;-157;-695;?;1;0;0;0
?;1;0;0;-72036;-157;-695;?;1;0;0;0
0;1;0;0;-89784;-226;-621;?;1;0;0;0
0;1;0;0;-89784;-226;-621;?;1;0;0;0
0;1;0;0;-89784;-226;-621;?;1;0;0;0
1015;1;0;0;-94221;-33;-513;?;1;0;0;0
0;1;0;0;-72703;-179;-782;?;1;0;0;0
?;?;0;0;-5684;?;-356;?;1;0;0;0
?;?;0;0;0;?;-164;0;1;0;0;0
0;?;0;0;0;?;-164;0;1;0;0;?
0;?;0;0;0;?;-173;0;1;0;0;?
0;?;0;0;0;?;-161;0;1;0;1;?
0;1;0;0;0;?;-177;0;1;?;1;?
0;1;0;0;0;?;-177;?;1;?;1;?
0;1;0;0;0;-41;-178;?;1;?;?;?
0;1;0;0;0;-37;-174;?;1;?;?;?
0;1;0;0;0;-37;-173;?;1;?;?;?
0;1;0;0;0;-37;-173;?;1;?;?;?
0;1;0;0;0;-37;-173;?;1;?;?;?
0;1;0;0;0;-38;-164;?;1;?;?;0
0;1;0;0;0;-38;-164;?;1;?;?;0
0;1;0;0;0;-38;-177;?;1;?;?;0
0;1;0;0;0;-39;-177;?;1;?;?;0
0;1;0;0;0;-39;-177;?;1;?;1;0
0;1;0;0;0;-37;-166;?;1;?;1;0
0;1;0;0;0;-36;-167;?;1;0;1;0
0;1;0;0;0;-38;-177;?;1;0;1;0
0;1;0;0;0;-38;-178;?;1;0;1;0
0;1;0;0;0;-38;-178;?;1;0;1;0
0;1;0;0;0;-36;-164;?;1;0;1;0
?;1;?;0;0;-39;-164;?;1;0;1;0
?;?;?;0;0;-35;-162;?;1;0;1;0
?;?;0;0;0;-40;-174;?;1;0;1;0
?;?;0;0;0;-40;-174;?;1;0;1;0
?;?;0;0;0;-40;-174;0;1;0;1;0
?;?;0;0;84738;56;90;0;1;0;1;0
?;?;0;0;89436;56;762;0;1;0;1;0
0;?;0;0;74646;131;242;0;1;0;1;0
0;?;0;0;74965;179;325;0;1;0;1;0
0;?;0;0;74965;179;325;0;1;0;1;0
0;?;0;0;78039;51;538;0;1;0;1;0
1015;1;?;0;88653;107;-25;0;1;0;1;0
0;1;?;0;67048;61;811;0;1;0;1;0
0;1;0;0;67048;61;811;0;1;0;1;0
1015;1;0;0;89784;22;736;0;1;0;1;0
0;1;0;0;79257;222;637;0;1;0;1;0
0;1;0;0;73196;117;709;0;1;0;1;0
1015;1;0;0;53911;96;426;0;1;0;1;0
1015;1;0;0;53911;96;426;0;1;0;1;0
1015;1;0;0;53911;96;426;0;1;0;1;?
0;1;0;0;86159;198;760;0;1;0;1;?
0;1;0;0;82360;70;416;0;1;0;1;?
0;1;0;0;69107;67;?;0;1;0;1;?
0;?;0;0;74588;156;?;0;1;0;1;?
0;1;0;0;74588;156;?;0;1;0;1;?
0;1;0;0;70905;97;?;0;1;0;1;?
0;1;0;0;94569;149;?;0;1;0;1;?
0;1;0;0;55680;137;?;0;1;0;1;?
-1015;1;0;0;98252;108;?;0;1;0;1;?
-1015;1;0;0;98252;108;?;0;1;0;1;?
0;1;0;0;82244;103;826;0;1;0;1;?
0;1;0;0;82244;103;826;0;1;0;1;?
0;?;0;0;76908;154;98;0;1;0;1;?
0;?;0;0;74994;-22;169;0;1;0;1;?
0;?;0;0;74994;-22;169;0;1;0;?;?
0;?;0;0;77024;41;256;0;1;0;?;?
0;?;0;0;84100;-40;382;0;1;0;1;?
0;?;0;0;82331;225;666;0;1;0;1;0
0;?;0;0;82534;1;219;0;1;0;?;0
0;?;0;0;82534;1;219;0;1;0;?;0
1015;?;0;0;73312;83;758;0;1;0;?;0
0;?;0;0;68092;120;-97;0;1;?;?;0
0;?;0;0;78358;37;505;0;1;?;?;0
0;?;0;0;78358;?;505;0;1;?;?;0
0;?;0;0;96425;?;174;0;1;?;?;0
1015;?;0;0;66700;?;-7;0;1;?;?;0
1015;?;0;0;66700;?;-7;0;1;?;?;0
-1015;1;0;0;74153;?;897;0;1;?;?;0
1015;1;0;0;74356;?;359;0;1;?;?;0
0;1;0;0;72906;?;272;0;1;?;?;0
0;1;0;0;72906;?;272;0;1;?;?;0
0;1;0;0;73863;?;20;0;1;?;?;0
0;1;0;0;82070;-12;629;0;1;?;?;?
0;1;0;0;63452;33;-60;0;1;0;?;?
0;1;0;0;72471;124;322;0;1;0;?;?
0;1;0;0;72471;124;322;0;1;0;?;?
0;1;0;0;72732;101;1103;0;1;0;?;?
0;1;0;0;72732;101;1103;0;1;0;?;?
-1015;?;0;0;80939;-29;330;0;1;0;?;?
-1015;?;0;0;80939;-29;330;0;1;0;1;?
0;?;0;0;83172;160;-98;0;1;0;1;?
0;1;0;0;83172;160;-98;0;1;0;1;?
0;1;0;0;82070;-52;392;0;1;0;1;?
-1015;1;0;0;71456;99;343;0;1;0;1;?
0;1;0;0;73486;68;143;0;1;0;1;?
-1015;1;0;0;69049;79;148;0;1;0;1;?
-1015;1;?;0;69049;79;148;0;1;0;1;?
-1015;1;?;0;69049;79;148;0;1;0;1;?
1015;1;?;0;88624;193;-297;0;1;0;1;?
0;1;?;0;93960;-12;442;0;1;0;1;?
1015;?;0;0;92423;22;871;0;1;0;1;?
0;?;0;0;73863;169;728;0;1;0;1;0
0;?;0;0;73863;169;728;0;1;0;1;0
0;1;0;?;67831;-18;166;0;1;0;1;0
1015;1;0;?;83404;128;742;0;1;0;1;0
1015;1;0;?;68005;124;48;0;1;0;1;0
0;1;0;?;96889;31;572;0;1;0;1;0
0;1;0;?;96889;31;572;0;1;0;1;0
-1015;1;0;?;78706;77;742;0;1;0;1;0
1015;1;0;?;87841;201;223;0;1;0;1;0
0;1;0;?;83839;195;154;0;1;0;1;0
0;1;0;?;83839;195;154;0;1;0;1;0
0;?;0;0;54288;33;655;0;1;0;1;0
0;?;0;0;54288;33;655;0;1;0;1;0
1015;?;0;0;89697;214;185;0;1;0;1;0
-1015;?;0;0;80504;137;534;0;?;0;1;0
0;?;0;0;83868;43;23;0;?;0;1;0
0;?;0;0;83868;43;23;0;1;0;1;0
0;1;0;0;70528;158;1005;0;1;0;1;0
0;1;0;0;91176;192;1055;0;1;0;1;0
0;1;0;0;71224;203;362;0;1;0;1;?
0;1;0;0;85086;89;424;0;1;0;1;?
0;1;0;0;85086;89;424;0;1;0;1;?
1015;1;0;0;81374;95;439;0;1;0;1;?
0;1;0;0;69020;108;985;0;1;0;1;?
0;1;0;0;69136;50;429;0;1;0;1;?
0;1;0;0;88392;161;388;0;1;0;1;?
0;1;0;0;88392;161;388;0;1;0;1;0
0;1;0;0;88392;161;388;0;1;0;1;0
0;1;0;0;85985;158;94;0;1;0;1;0
0;1;0;0;82012;206;331;0;1;0;1;0
0;1;0;0;0;130;772;0;1;0;1;0
0;1;0;0;0;82;373;0;1;0;1;0
0;1;0;0;0;82;373;0;1;0;1;0
0;1;0;0;0;85;380;?;1;0;1;0
0;1;0;0;0;83;372;?;1;0;1;0
0;1;0;0;0;83;363;?;1;0;1;0
0;1;0;0;0;84;381;?;1;0;1;0
0;1;0;0;0;84;381;?;1;0;1;0
0;1;0;0;0;82;384;?;1;0;1;0
0;1;0;0;0;83;364;?;1;0;1;0
0;1;0;0;0;83;364;?;1;0;1;0
0;1;0;0;0;85;374;?;1;0;1;0
0;1;0;0;0;85;374;?;1;0;1;0
0;1;0;0;0;82;360;0;1;0;1;0
0;1;0;0;0;82;368;0;1;0;1;0
0;1;0;0;0;81;362;0;1;0;1;0
0;1;0;0;0;82;383;0;1;0;1;0
0;1;0;0;0;82;383;0;1;0;1;0
0;1;0;0;0;79;385;0;1;0;1;0
0;1;0;0;0;83;350;0;1;0;1;0
0;1;0;0;0;82;373;0;1;0;1;0
0;1;0;0;0;85;376;0;1;0;1;0
0;1;0;0;0;85;376;0;1;0;1;0
0;1;0;0;0;83;370;0;1;0;1;0
?;1;0;0;0;-48;373;0;1;0;1;0
?;1;0;0;0;-48;373;0;1;0;1;0
?;1;0;0;-94395;-67;-828;0;1;0;1;0
?;1;0;0;-94395;-67;-828;0;1;0;1;0
0;1;0;0;-93844;-108;-191;0;1;0;1;0
-1015;1;0;0;-70644;-198;-1037;0;1;0;1;0
0;1;0;0;-71456;-95;-319;0;1;0;1;0
0;1;0;0;-72500;-66;-228;0;1;0;1;0
0;1;0;0;-72500;-66;-228;0;1;0;1;0
1015;1;0;0;-72181;-63;-512;0;1;0;1;0
0;1;?;0;-65308;-50;-374;0;1;0;1;0
0;1;?;0;-89204;-69;-816;0;1;0;1;0
-1015;1;?;0;?;-150;-753;0;1;0;1;0
-1015;1;?;0;?;-150;?;0;1;0;1;0
-1015;1;?;0;?;-150;?;0;1;0;1;0
1015;1;?;0;?;-164;?;0;1;0;1;0
0;1;?;0;-67802;-199;?;0;1;0;1;0
-1015;1;?;0;-75255;-76;?;0;1;0;1;0
-1015;1;?;0;-75255;-76;?;0;1;0;1;0
1015;1;?;0;-78416;-179;?;0;1;0;1;0
0;1;?;0;-99064;-247;?;0;1;0;1;0
0;1;?;0;-71369;-163;?;0;?;0;1;0
0;1;?;0;-75980;-146;?;0;?;0;1;0
0;1;?;0;-75980;-146;?;0;1;0;1;0
-1015;1;?;0;-63191;-60;?;0;1;0;1;0
0;1;0;0;-65308;-116;-667;0;1;0;1;0
?;1;0;0;-104777;-94;-495;0;1;0;1;0
?;1;0;0;-98252;-149;-660;0;1;0;1;0
?;1;0;0;-98252;-149;-660;0;1;0;1;0
1015;1;0;0;-98252;-149;-660;0;1;0;1;0
0;1;0;0;-58522;-30;-416;0;1;0;1;0
0;1;0;0;-93032;-209;246;0;1;0;1;0
0;1;0;0;-86188;6;-464;0;1;0;1;0
0;1;0;0;-86188;6;-464;0;1;0;1;0
-1015;1;0;0;-65047;18;-682;0;1;0;1;0
0;1;0;0;-100340;-67;-40;0;1;0;1;0
-1015;1;0;0;-86507;-6;-570;0;1;0;1;?
0;1;0;0;-93583;-154;-3;0;1;0;1;?
0;1;0;0;-93583;-154;-3;0;1;0;1;?
0;1;0;0;-72935;-78;-526;0;1;0;1;?
0;1;0;0;-87928;-180;-819;0;1;0;1;?
0;1;0;0;-89436;-23;-495;0;1;0;1;?
0;1;0;0;-89436;-23;-495;0;1;0;1;0
-1015;1;0;0;-74124;-63;112;0;1;0;1;0
-1015;1;0;0;-74124;-63;112;0;1;0;1;0
0;1;0;0;-81751;-128;-179;0;1;0;1;0
-1015;1;0;0;-94453;45;-546;0;1;0;1;0
0;1;0;?;-75110;-60;-131;0;1;0;1;0
1015;1;0;?;-81461;-125;-548;0;1;0;1;?
1015;1;0;?;-81461;-125;-548;0;1;0;1;?
0;1;0;?;-70528;-120;-502;0;1;0;1;?
-1015;1;0;?;-77517;-102;-266;0;1;0;1;?
0;1;0;?;-94279;-93;-782;0;1;0;1;?
0;1;0;?;-93612;-127;-736;?;1;0;1;?
0;1;0;?;-93612;-127;-736;?;1;0;1;0
0;1;0;?;-80910;-37;-474;?;1;0;1;0
0;1;0;?;-83259;-21;66;?;1;0;1;0
0;1;0;?;-83259;-21;66;?;1;0;1;0
0;1;0;?;-76966;-3;-112;?;1;0;1;0
0;1;0;?;-76966;-3;-112;?;1;0;1;0
-1015;1;0;?;-84680;-162;-390;?;1;0;1;0
-1015;1;0;?;-86159;-170;-131;?;1;0;1;0
0;1;0;0;-77633;-153;-408;?;1;0;1;0
0;1;0;0;-66642;-26;-256;?;1;0;1;0
0;1;0;0;-91408;-84;-651;?;1;0;1;0
0;1;0;0;-91408;-84;-651;?;1;0;1;0
1015;1;0;0;-72500;-102;-91;?;1;0;1;0
0;1;0;0;-86014;-90;-667;0;1;0;1;0
0;1;0;0;-19198;-14;-403;0;1;0;1;0
0;1;0;0;0;?;-159;0;1;0;1;0
0;1;0;0;0;-33;-159;0;1;0;1;0
0;1;0;0;0;-33;-159;0;1;0;1;0
0;1;0;1;0;-35;-146;0;1;0;1;0
0;1;0;1;0;-32;-159;0;1;0;0;0
0;1;0;1;0;-36;-153;0;1;0;0;0
0;1;0;1;0;-36;-153;0;1;0;0;0
0;1;0;1;0;-32;-138;0;1;0;0;0
0;1;0;1;0;-39;-151;0;1;0;?;0
0;1;0;1;0;-34;-157;0;1;0;?;0
0;1;0;1;0;-32;-165;0;1;0;?;0
0;1;0;1;0;-32;-165;0;1;0;?;0
0;1;0;1;0;-36;-161;0;1;0;?;0
0;1;0;1;0;-33;-167;0;1;0;0;0
0;1;0;1;0;-31;-171;0;1;0;0;0
0;1;?;1;0;-31;-171;0;1;0;0;0
0;1;?;1;0;-34;-157;0;1;0;0;0
0;1;?;1;0;-34;-157;0;1;0;0;0
0;1;?;1;0;-36;-169;0;1;0;0;0
0;1;?;1;0;-35;-152;0;1;0;0;0
0;1;0;1;0;-34;-159;0;1;0;0;0
0;1;0;1;0;-34;-159;0;1;0;0;0
0;1;0;1;0;-36;-144;0;1;0;0;0
0;1;0;1;0;-35;-171;0;1;0;0;0
0;1;0;1;0;-37;-166;0;1;0;0;0
0;1;0;1;0;-37;-166;0;1;0;0;0
0;1;0;1;0;-33;-153;0;1;0;0;0
0;1;0;1;0;-35;-140;0;1;0;0;0
0;1;0;1;0;-33;-170;0;1;0;0;0
0;1;0;1;0;-33;-173;0;1;0;0;0
0;1;0;1;0;-33;-173;0;1;0;0;0
0;1;0;1;0;-33;-173;0;1;0;0;0
0;1;0;1;0;-33;-159;0;1;0;0;0
0;1;0;1;0;-33;-161;0;1;0;0;0
0;1;0;1;0;-35;-165;0;1;0;0;0
0;1;0;1;0;-33;-165;0;1;0;0;0
0;1;0;1;0;-33;-165;0;1;0;0;0
0;1;0;1;0;-33;-150;0;1;0;0;0
0;1;0;1;0;-32;-148;0;1;0;0;0
0;1;0;1;0;-35;-153;0;1;0;0;0
0;1;0;1;0;-35;-153;0;1;0;0;0
0;1;0;1;0;-36;-158;0;1;0;0;0
0;1;0;1;0;-32;-144;0;1;0;0;0
0;1;0;1;0;-35;-159;0;1;0;0;0
0;1;0;1;0;-34;-160;0;1;0;0;0
0;1;0;1;0;-34;-160;0;1;0;0;0
0;1;0;1;0;-34;-160;0;1;0;0;0
0;1;0;1;0;-32;-159;0;1;1;0;0
0;1;0;1;0;-34;-158;0;1;1;0;0
0;1;1;?;0;-34;-138;0;1;1;0;0
0;1;1;?;0;-34;-138;0;1;1;0;0
0;1;1;?;0;-33;-150;0;1;1;0;0
0;0;1;?;0;-32;-142;0;0;1;?;0
0;0;1;?;0;-34;-153;0;0;1;0;0
0;1;1;?;0;-33;-170;0;0;1;0;0
0;1;1;?;0;-34;-157;0;0;1;0;0
0;1;1;?;0;-34;-157;0;0;1;0;0
0;1;0;?;0;-33;-149;1;0;1;0;0
0;1;0;?;0;-33;-150;1;0;1;0;0
0;1;0;?;0;-35;-177;1;0;1;0;0
0;1;0;1;0;-35;-177;1;0;1;0;0
0;1;0;1;0;-35;-177;1;0;1;0;0
0;1;0;1;0;-35;-173;1;0;1;0;0
0;1;0;1;0;-34;-150;1;0;1;0;0
0;?;0;1;0;-34;-148;1;0;1;0;0
0;?;0;1;0;?;-153;1;0;1;0;0
0;?;0;?;0;?;-153;1;0;1;0;0
0;?;0;?;0;?;-157;1;0;1;0;0
0;1;0;?;0;?;-144;1;0;1;0;0
0;1;0;?;0;?;-161;1;0;1;0;0
0;1;0;?;0;?;-166;1;0;1;0;0
0;1;0;?;0;?;-166;1;0;1;0;0
0;1;0;?;0;?;-159;1;0;1;0;0
0;1;?;1;0;?;-170;1;0;1;0;0
0;1;?;1;0;?;-170;1;0;1;0;0
0;1;?;1;0;?;-142;1;0;1;0;0
0;1;?;1;0;?;-142;1;0;1;0;0
0;1;?;1;0;?;-142;1;0;1;0;0
0;1;?;1;0;?;-134;1;0;1;0;0
0;1;?;1;0;?;-152;1;0;1;0;0
0;1;?;1;0;-32;-155;1;0;1;0;0
0;1;0;1;0;-32;-155;1;0;1;0;0
0;1;0;1;0;-35;-177;1;0;1;0;0
0;1;0;1;0;-31;-132;1;0;1;0;0
0;1;0;1;0;-34;-165;1;0;1;0;0
0;1;0;1;0;-34;-148;1;0;1;0;0
0;1;0;1;0;-34;-148;1;0;1;0;0
0;1;0;1;0;-34;-152;1;0;1;0;0
0;1;0;1;0;-34;-152;1;0;1;0;0
0;1;0;1;0;-35;-153;1;?;1;0;0
0;1;0;1;0;-35;-150;1;?;1;0;0
0;1;0;1;0;-32;-170;1;?;1;0;0
0;1;0;1;?;-32;-170;1;0;1;0;0
0;1;0;1;?;-29;-152;1;0;1;0;0
0;1;0;1;?;-35;-157;1;0;1;0;0
0;1;0;1;?;-33;-156;1;0;1;0;0
0;1;0;1;?;-33;-156;1;0;1;0;0
0;1;0;1;?;-34;-157;1;0;1;0;0
?;1;0;1;?;-32;-165;1;0;1;0;0
?;1;0;?;0;-32;-161;1;0;1;0;0
?;1;0;?;0;-32;-161;1;0;1;0;0
?;1;0;?;0;-31;-134;1;0;0;0;0
?;1;0;?;0;-32;-153;1;0;0;0;0
?;1;0;?;0;-32;-153;1;0;0;0;0
?;?;0;?;0;-35;-142;1;0;0;0;0
?;?;0;?;0;-36;-179;1;0;0;0;0
?;?;0;?;0;-34;-148;1;0;0;0;0
?;1;0;?;0;-34;-148;1;0;0;0;0
?;1;0;?;0;-34;-159;0;0;0;0;0
?;1;0;1;0;-32;-159;0;0;0;0;0
?;1;0;1;0;-30;-145;0;0;0;0;0
?;?;0;1;-11861;-30;-150;0;1;0;0;0
0;?;0;1;-11861;-30;-150;0;1;0;0;0
-986;?;0;0;-82621;-147;-251;0;1;0;0;0
0;?;0;0;-82766;-107;-264;0;1;0;0;0
0;?;0;0;-83230;-86;-161;0;1;0;0;0
0;?;0;0;-83230;-86;-161;0;1;0;0;0
0;?;0;0;-83230;-86;-161;0;1;0;0;0
-1015;?;0;0;-78416;-49;0;0;1;0;0;0
-1015;?;0;0;-78416;-49;0;0;1;0;0;0
0;?;0;0;-90770;-61;23;0;1;0;?;0
-1015;?;0;0;-89581;-164;99;0;1;0;?;0
-1015;?;0;0;?;-164;99;0;1;0;?;0
0;?;0;0;?;-130;-839;0;1;0;?;0
-1015;?;0;0;?;23;-1143;0;1;0;?;0
0;1;0;0;-87928;-71;-988;0;1;0;?;0
0;1;?;0;-90944;-13;-235;0;1;0;?;0
0;1;?;0;-90944;-13;-235;0;1;0;0;0
?;1;?;0;-73370;-156;-844;0;1;0;0;0
?;1;?;0;-82998;-61;-24;0;1;0;0;0
?;1;0;0;-83984;31;-736;0;1;0;0;0
?;1;0;0;-83984;31;-736;0;1;0;0;0
?;1;0;0;-83839;-51;-868;0;1;0;0;0
0;1;0;0;-83839;-51;-868;0;1;0;0;0
0;1;0;0;-99151;-60;-696;0;1;0;0;0
0;1;0;0;-75313;-79;-505;0;1;0;0;0
1015;1;0;0;-75516;-52;-162;0;1;0;0;0
1015;1;0;0;-75516;-52;-162;0;1;0;0;0
-1015;1;0;0;-93264;?;-561;0;1;0;0;0
0;1;0;0;?;?;-473;0;?;0;0;0
0;1;0;0;?;?;-833;0;?;0;0;0
1015;1;0;0;?;?;-764;0;?;0;0;0
1015;1;0;0;?;-51;-764;0;?;0;0;0
0;1;0;0;?;-99;-840;0;?;0;0;0
2001;1;0;0;?;-3;-192;0;?;0;?;0
2001;1;0;0;?;-3;-192;0;?;0;?;0
0;1;0;0;?;-45;-218;0;?;0;?;0
0;1;0;0;?;-47;-211;0;?;0;?;0
0;1;0;0;?;-47;-211;0;1;0;?;0
0;1;0;0;?;-44;-213;0;1;0;?;0
?;1;0;0;?;-68;-203;0;1;0;?;0
?;1;0;0;?;-37;-146;0;1;0;?;0
?;1;0;0;-27753;-37;-146;0;1;0;?;0
?;1;0;0;203;4;26;0;1;0;?;0
0;1;0;0;0;7;43;0;1;0;?;0
0;1;0;0;0;8;29;0;1;0;?;0
0;1;0;?;0;9;39;0;1;0;?;0
0;1;0;?;0;9;39;0;?;0;?;0
0;1;0;?;0;6;36;0;?;0;?;0
0;1;0;?;0;6;36;0;?;0;1;0
0;1;0;?;0;10;31;0;?;0;1;0
0;1;0;?;0;10;31;0;?;0;1;0
0;1;0;0;0;8;38;0;1;0;1;0
0;1;0;0;0;8;38;0;1;0;1;0
0;1;0;0;0;6;37;0;1;0;1;0
0;1;0;0;0;9;45;0;1;0;1;0
0;1;0;0;0;5;39;0;1;0;1;0
0;1;0;0;0;8;34;0;1;0;1;0
0;1;0;0;0;8;34;0;1;0;1;0
0;1;0;0;0;9;47;0;1;0;1;0
0;1;0;0;0;7;37;0;1;0;1;0
1015;1;0;0;31320;62;900;0;1;?;1;0
1015;1;0;0;31320;62;900;0;1;?;1;0
-1015;1;0;0;89001;101;891;0;1;?;1;0
0;1;0;0;89494;116;792;0;1;?;1;0
0;1;0;0;89494;116;792;0;1;?;1;0
0;1;0;0;96338;99;922;0;1;?;1;0
-1015;1;0;0;95178;127;981;0;1;?;1;0
-1015;?;0;0;95178;127;981;0;1;?;1;0
1015;?;0;0;70267;188;270;0;1;?;1;0
0;?;0;0;81548;74;376;0;1;0;1;0
0;?;0;0;78213;223;1098;?;1;0;1;0
0;?;0;0;92365;81;892;?;1;0;1;0
0;1;0;0;92365;81;892;?;1;0;1;0
0;1;0;0;84303;196;183;?;1;0;1;0
0;?;0;0;89320;-36;856;?;1;0;1;0
-1015;?;0;0;94888;-16;182;?;1;0;1;0
0;?;0;0;60204;111;231;0;1;0;1;0
0;?;0;0;60204;111;231;0;1;0;1;0
0;?;0;0;60204;111;231;0;1;0;1;0
1015;1;0;0;89117;37;540;0;1;0;1;0
1015;1;0;0;73080;2;188;0;1;0;1;0
-1015;1;0;0;77227;52;120;0;1;0;1;0
-1015;1;0;0;77227;52;120;0;1;0;1;0
1015;1;0;0;94598;47;415;0;1;0;1;0
0;1;0;0;84245;178;753;0;1;0;1;0
-2030;1;0;0;68730;-27;-28;0;1;0;1;0
-2030;1;0;0;68730;-27;-28;0;1;0;1;0
0;1;0;?;84361;53;307;0;1;0;1;0
0;1;0;?;82447;20;362;0;1;0;?;0
-1015;1;0;?;74269;152;550;0;1;0;?;0
0;1;0;?;86159;247;193;0;?;0;?;0
1015;1;0;0;74965;132;841;0;?;0;?;0
1015;1;0;0;74965;132;841;0;?;0;?;0
1015;1;0;0;74965;132;841;0;?;0;?;0
-1015;1;0;0;68237;28;503;0;?;0;?;0
0;1;0;0;76821;0;-88;0;?;0;?;0
0;1;0;0;88624;174;704;0;?;0;?;0
1015;1;0;0;80823;250;-158;0;?;0;?;0
1015;1;0;0;80823;250;-158;0;?;0;?;0
0;1;0;0;65569;27;476;0;?;0;?;0
-1015;1;0;0;66613;28;202;0;?;0;?;0
0;1;0;0;83056;72;16;0;?;0;?;0
0;1;0;0;83056;72;16;0;?;0;?;0
0;1;0;0;73167;-53;64;0;?;0;1;0
1015;1;0;0;65772;68;701;0;1;0;1;0
0;1;0;0;66265;74;384;0;1;0;1;0
0;1;0;0;76647;-104;142;0;1;0;1;0
0;1;0;0;76647;-104;142;0;1;0;1;0
0;1;0;0;87870;96;-132;0;1;0;1;0
0;1;0;0;87870;96;-132;0;1;0;1;0
1015;1;0;0;90857;63;780;0;1;0;1;0
0;1;0;0;78851;116;103;0;1;0;1;0
0;1;0;0;92481;134;759;0;1;0;1;0
0;1;0;0;92481;134;759;0;1;0;1;0
0;1;0;0;90045;45;469;0;1;0;1;0
0;1;0;0;99644;117;53;0;1;0;1;0
0;1;0;0;83868;37;602;0;1;0;1;0
0;1;0;0;83868;37;602;0;1;0;1;0
-1015;1;0;0;82099;32;91;0;1;0;1;0
0;1;0;0;65540;25;571;0;1;0;1;0
1015;1;0;0;102225;19;121;0;1;0;1;0
1015;1;0;0;102225;19;121;0;1;0;1;0
0;1;0;0;83578;123;924;?;1;0;1;0
0;1;0;0;83578;123;924;?;1;0;1;0
0;1;0;0;75603;185;158;?;1;0;1;0
0;1;0;0;83085;137;338;?;1;0;1;0
1015;1;0;0;78590;101;232;?;1;0;1;0
1015;1;0;0;64757;36;191;?;1;0;1;0
1015;1;0;0;64757;36;191;?;1;0;1;0
0;1;0;0;84767;-17;233;?;1;0;1;?
-1015;1;0;0;74936;164;-52;?;1;0;1;0
1015;1;0;0;85695;97;554;?;1;0;1;0
1015;1;0;0;85695;97;554;?;1;0;1;0
1015;1;0;0;82070;60;924;?;1;0;1;0
1015;1;0;0;62408;117;235;0;1;0;1;0
-1015;1;0;0;76908;199;215;0;1;0;1;0
0;1;0;0;70934;50;520;0;1;0;1;0
0;1;0;0;70934;50;520;0;1;0;?;0
0;1;0;0;70934;50;520;0;1;0;?;0
1015;1;0;0;81026;82;455;0;1;0;?;0
1015;1;0;0;60813;156;359;0;1;0;?;0
0;1;0;0;86420;28;154;0;1;0;?;0
0;1;0;0;86420;28;154;0;1;0;?;0
1015;1;0;0;74791;47;-21;0;1;0;?;0
1015;1;0;0;87087;75;-113;0;1;0;?;0
0;1;0;0;72268;175;317;0;1;0;?;0
0;1;0;0;94975;210;105;0;1;0;?;0
0;1;0;0;94975;210;105;0;1;0;?;0
1015;1;0;0;86652;18;392;0;1;0;?;0
1015;1;0;0;84013;119;225;0;1;0;1;0
1015;1;0;0;84013;119;225;0;1;0;1;0
0;1;0;0;82737;210;288;0;1;0;1;0
0;1;0;0;74617;88;382;0;1;0;1;0
0;1;0;0;74617;88;382;0;1;0;1;0
0;1;0;0;75400;186;394;0;1;0;1;0
0;1;0;0;95265;191;420;0;1;0;1;0
0;1;0;0;66091;93;986;0;1;0;1;0
0;1;0;0;66091;93;986;0;1;0;1;0
-1015;1;0;0;83259;196;160;0;1;0;1;0
-986;1;0;0;0;202;645;0;1;0;1;0
0;1;0;0;0;91;413;0;1;0;1;0
0;1;0;0;0;92;411;0;1;0;1;0
0;1;0;0;0;92;411;0;1;0;1;0
0;1;0;0;0;92;409;0;1;0;1;0
0;?;0;0;0;88;419;0;1;0;1;0
0;?;0;0;0;90;417;0;1;0;1;0
0;?;0;0;0;90;417;0;1;0;1;0
0;?;0;0;0;90;407;0;1;0;1;0
0;?;0;0;0;90;407;0;1;0;1;0
0;?;0;0;0;92;403;0;1;0;1;0
0;?;0;0;0;89;417;0;1;0;1;0
0;?;0;0;0;90;423;0;1;0;1;0
0;?;0;0;0;94;417;0;1;0;1;0
0;?;0;0;0;94;417;0;1;0;1;0
0;?;0;0;0;89;417;0;1;0;1;0
0;?;0;0;0;89;399;0;1;0;1;0
0;1;0;0;0;90;415;0;1;0;1;0
0;1;0;0;0;90;415;0;1;0;1;0
0;1;0;0;0;91;411;0;1;0;1;0
0;1;0;0;0;89;411;0;1;0;1;0
0;1;0;0;0;87;406;0;1;0;1;0
0;1;0;0;0;87;406;0;1;0;1;0
0;1;0;0;0;91;409;0;1;0;1;0
0;1;0;0;0;91;409;0;1;0;1;0
-2001;1;0;0;0;-159;420;0;1;0;1;0
0;1;0;0;-72297;-186;-1114;0;1;0;1;0
0;1;?;0;?;-113;-792;0;1;0;1;0
1015;1;?;0;?;-201;-337;0;1;0;1;0
1015;1;?;0;?;-201;-337;0;1;0;1;0
0;1;?;0;?;-79;-897;0;1;0;1;0
1015;1;0;0;?;-36;-27;0;1;0;1;0
-1015;1;0;0;?;-168;-781;0;1;0;1;0
-1015;1;0;0;?;-168;-781;0;1;0;1;0
-1015;1;0;0;-65772;-204;-620;0;1;0;1;0
-1015;1;0;0;-65772;-204;-620;0;1;0;1;0
2030;1;0;0;-67773;-3;-276;0;1;0;1;0
2030;1;0;0;-67773;-3;-276;?;1;0;1;0
?;1;0;0;-69658;-8;-114;?;1;0;1;0
?;1;0;0;-71369;-127;269;?;1;0;1;0
?;1;0;0;-71369;-127;269;0;1;0;1;0
?;1;0;0;-81838;-234;-361;0;1;0;1;0
?;1;0;0;-68382;-224;-1038;0;1;0;1;0
?;1;0;0;-81751;0;102;0;1;0;1;0
-1015;1;0;0;-81751;0;102;0;1;0;1;0
0;1;0;0;-70528;-228;16;0;1;0;1;0
0;1;0;0;-93264;-99;-1010;0;1;0;1;0
0;1;0;0;-84187;-81;-146;0;1;0;1;0
0;1;0;0;-74704;26;?;0;1;0;1;0
0;1;0;0;-74704;26;?;?;1;0;?;0
0;1;0;0;-74704;26;?;?;1;0;?;0
1015;1;0;0;-88972;-145;?;?;1;0;?;0
-1015;1;0;0;-75139;-171;?;0;1;0;?;0
0;1;0;?;-67396;-135;?;0;1;0;?;0
0;1;0;?;-73747;-144;?;0;1;0;?;?
0;1;0;?;-73747;-144;?;0;1;0;?;?
0;1;0;?;-61248;-26;?;0;1;?;?;?
-1015;1;0;?;-68933;-79;?;0;1;0;?;?
0;1;0;?;-71108;-51;?;0;1;0;?;?
0;1;0;?;-71108;-51;-287;0;1;0;?;?
2001;1;0;?;-4002;-12;11;0;1;0;?;?
0;1;0;0;-116;1;243;0;1;0;?;0
0;1;0;0;0;6;31;0;1;0;?;1
0;1;0;0;0;6;31;0;?;0;1;1
0;1;0;0;0;7;26;0;?;0;0;1
0;1;0;0;0;7;26;0;?;0;0;1
0;1;0;0;0;7;21;0;?;0;0;1
0;1;0;0;0;4;31;0;?;0;0;1
0;1;0;0;0;6;16;0;?;0;0;1
0;1;0;0;0;10;28;0;?;0;0;1
0;1;0;0;0;10;28;0;?;0;0;1
0;1;0;0;0;6;36;0;?;0;0;1
0;1;0;0;0;8;33;0;?;0;0;1
0;1;0;0;0;6;26;0;?;0;0;1
0;1;0;0;0;6;31;0;1;0;0;1
0;1;0;0;0;6;31;0;1;0;0;1
0;1;0;0;0;2;29;0;?;0;0;1
0;1;0;0;0;2;29;0;1;0;0;1
0;1;0;0;0;3;31;0;1;0;0;1
0;1;0;0;0;6;32;0;1;0;0;1
0;1;0;0;0;5;26;0;1;0;0;1
0;1;0;0;0;5;26;0;1;0;0;1
0;1;0;0;0;4;30;0;1;0;0;1
0;1;0;0;0;3;29;0;1;0;0;1
0;1;0;0;0;6;32;0;1;0;0;1
0;1;0;0;0;6;32;0;1;0;0;1
0;1;0;0;0;7;31;0;1;0;0;1
0;1;0;0;0;5;37;0;1;0;0;1
0;1;0;0;0;5;22;0;1;0;0;1
0;1;0;0;0;7;12;0;1;0;0;1
0;1;0;0;0;7;12;0;1;0;0;1
0;1;0;0;0;7;12;0;1;0;0;?
0;1;0;0;0;7;22;0;1;0;0;?
0;1;0;0;0;6;31;0;1;0;0;?
0;1;0;0;0;7;26;0;1;0;0;?
0;1;0;0;0;6;30;0;1;0;0;?
0;1;0;0;0;6;?;0;1;0;0;?
0;1;0;0;0;?;?;0;1;0;0;?
0;1;0;0;0;?;?;0;1;0;0;?
0;1;0;0;0;?;?;0;1;0;0;?
0;1;0;0;0;?;?;0;1;0;0;?
0;1;0;0;0;?;?;0;1;0;0;?
0;1;0;0;0;?;?;0;1;0;0;?
0;1;0;0;0;?;39;0;1;0;0;?
0;1;0;0;0;?;35;0;1;0;0;?
0;1;0;0;0;?;35;0;1;0;0;?
0;1;0;0;0;?;26;0;1;0;0;1
0;1;0;0;0;5;26;0;1;0;0;1
0;1;0;0;0;6;26;0;1;0;0;1
0;1;0;0;0;6;19;?;1;0;0;1
0;1;0;0;0;6;26;?;1;0;0;1
0;1;0;0;0;6;26;?;1;0;0;1
0;1;0;0;0;3;26;?;1;0;0;1
0;1;0;0;0;7;28;?;1;0;0;1
0;1;0;0;0;6;17;?;1;0;0;1
?;1;0;0;0;6;17;?;1;0;0;1
?;1;0;0;0;3;30;?;1;0;0;1
?;1;0;0;0;5;32;?;1;0;0;1
0;1;0;0;0;3;35;?;1;0;0;1
0;1;0;0;0;8;28;?;1;0;0;1
0;?;0;0;0;8;?;?;1;0;0;1
0;?;0;0;0;3;?;0;1;0;0;1
0;?;0;0;0;3;?;0;1;0;0;1
0;?;0;0;0;5;?;0;1;0;0;1
0;?;0;0;0;4;?;0;1;0;0;1
0;?;0;0;0;6;?;0;1;1;0;1
0;1;0;0;0;6;?;0;1;1;0;1
0;1;0;0;0;6;?;0;1;1;0;1
0;1;0;0;0;5;?;0;1;1;0;1
0;1;1;0;0;5;?;0;1;1;0;1
0;1;1;0;0;5;13;0;1;1;0;1
0;1;1;0;0;5;17;0;1;1;0;1
0;0;1;0;0;4;21;0;0;1;0;1
0;1;1;0;0;3;35;0;0;1;0;1
0;1;1;0;0;3;35;0;0;1;0;1
0;1;1;0;0;3;35;0;0;1;0;1
0;1;1;0;0;3;35;0;0;1;0;1
0;1;0;0;0;5;38;1;0;1;0;1
0;1;0;0;0;6;35;1;0;1;0;1
0;1;0;0;0;9;27;1;0;1;0;1
0;1;0;0;0;5;30;1;0;1;0;1
0;1;0;0;0;5;30;1;0;1;0;1
0;1;0;0;0;5;26;1;0;1;0;1
0;1;0;0;0;3;22;1;0;1;0;1
0;1;0;0;0;6;13;1;0;1;0;1
0;1;0;0;0;6;13;1;0;1;0;1
0;1;0;0;0;5;29;1;0;1;0;1
0;1;0;0;0;5;28;1;0;1;0;1
0;1;0;0;0;7;29;1;0;1;0;1
0;1;0;0;0;7;29;1;0;1;0;1
0;1;0;0;0;3;45;1;0;1;0;1
0;1;0;0;0;3;45;1;?;1;0;1
0;1;0;0;0;6;?;1;?;1;0;1
0;1;0;0;0;9;?;1;?;1;0;1
0;1;0;0;0;6;?;1;?;1;0;1
0;1;0;0;0;6;?;1;?;1;0;1
0;1;0;0;0;6;?;1;?;1;0;1
0;1;0;0;0;6;?;1;?;1;0;1
0;1;0;0;0;6;?;1;0;1;0;1
0;1;0;0;0;5;?;1;0;1;0;1
0;1;0;0;0;4;?;1;0;1;0;1
0;?;0;0;0;4;?;1;0;1;0;1
0;?;0;0;0;7;?;1;0;1;0;1
0;?;0;0;0;5;?;1;0;1;0;1
0;?;0;0;0;5;?;1;0;1;0;?
0;?;0;0;0;7;?;?;0;1;0;?
0;?;0;0;0;7;19;?;0;1;0;?
0;1;0;0;0;7;19;?;0;1;0;?
0;1;0;0;0;8;19;?;0;1;0;?
0;1;0;0;0;3;44;?;0;1;0;?
0;1;0;0;0;4;19;?;0;1;0;?
0;1;0;0;0;5;26;?;0;?;0;1
0;1;0;?;0;5;?;1;0;?;0;1
0;1;0;?;0;7;?;1;0;?;0;1
0;1;0;?;0;3;?;1;0;?;0;1
0;1;0;0;0;9;?;1;0;?;0;1
0;1;0;0;0;7;?;1;0;?;0;1
0;1;0;0;0;7;?;1;0;?;0;1
0;?;0;0;0;7;?;1;0;?;0;1
0;?;0;0;0;7;?;1;0;?;0;1
0;?;0;0;0;7;?;1;0;?;0;1
0;?;0;0;0;7;29;1;0;?;0;1
0;?;0;0;0;7;29;1;0;?;0;1
0;?;0;0;0;3;22;1;0;0;0;1
0;?;0;0;0;6;30;1;0;0;0;1
0;?;0;0;0;5;21;0;0;0;0;1
0;?;0;0;0;7;34;0;0;0;0;1
0;1;0;0;0;7;34;0;0;0;0;1
0;1;0;0;0;5;16;0;0;0;0;1
0;1;0;0;0;6;37;0;0;0;0;1
0;1;0;0;0;-107;30;0;1;0;0;1
0;1;0;0;0;-107;30;0;1;0;0;1
1015;1;0;0;-81200;-36;55;0;1;0;0;0
1015;1;0;0;-81200;-36;55;0;1;0;0;0
0;1;0;0;-81983;-69;24;0;1;0;0;0
0;1;0;0;?;63;-150;0;1;0;0;0
0;1;0;0;?;-155;-105;0;1;?;0;0
0;1;0;0;?;-200;-749;0;1;?;0;0
0;1;0;0;?;-200;-749;0;1;?;0;0
0;1;0;0;?;-99;-464;0;1;?;0;0
1015;1;0;0;?;-23;-600;0;1;?;0;0
0;1;0;0;?;-140;-219;0;1;?;0;0
0;1;0;0;?;-29;-782;0;1;?;0;0
0;1;0;0;?;-29;-782;0;1;?;0;0
0;1;0;0;?;-1;-331;0;1;?;0;0
-1015;1;0;0;?;27;-377;0;1;?;0;0
-1015;1;0;0;?;27;-377;0;1;?;0;0
0;1;0;0;?;-95;-350;0;1;?;0;0
0;1;0;0;?;-95;-350;0;1;0;0;0
1015;1;0;?;-84303;-48;-431;0;1;0;0;0
1015;1;0;?;-90973;-155;-181;0;1;0;0;0
0;1;0;0;-65685;-8;-871;0;1;0;0;0
0;1;0;0;-80359;-41;-36;0;1;0;0;0
0;1;0;0;-80359;-41;-36;0;1;0;0;0
1015;1;0;0;-91495;-96;-681;0;1;0;0;0
0;1;0;0;-84680;-19;195;0;1;0;0;0
-1015;1;0;0;-80272;-95;-588;0;1;0;0;0
0;1;0;0;-83404;8;-169;0;1;0;0;0
0;1;0;0;-83404;8;-169;0;1;0;0;0
0;1;0;0;-83404;8;-169;0;1;0;0;0
0;1;0;0;-72558;-87;-121;0;1;0;0;0
0;1;0;0;-74994;-87;-59;0;1;0;0;0
-1015;1;0;0;-99847;-24;452;0;1;0;?;0
0;1;0;0;-67773;-147;43;0;1;0;?;0
0;1;0;0;-67773;-147;43;0;1;0;?;0
0;1;0;0;-90973;-145;-709;0;1;0;?;0
-1015;1;0;0;-72384;-146;-444;0;1;0;?;0
-1015;1;0;0;-71282;-53;-302;0;?;0;?;0
-1015;1;0;0;-71282;-53;?;0;?;0;?;0
0;1;0;0;-95236;?;?;0;?;0;?;0
0;1;0;?;-69571;?;?;0;?;0;?;0
0;1;0;?;-70238;?;?;0;?;0;?;0
?;1;0;?;-71340;?;?;0;?;0;?;0
?;1;0;?;-71340;?;?;0;?;0;?;0
?;1;0;?;-71340;?;?;0;?;0;?;0
?;1;0;?;-93293;?;?;0;?;0;0;0
?;1;0;?;-98890;?;?;0;?;0;0;0
?;1;0;?;-78793;?;?;0;?;0;0;0
?;1;0;?;-78793;?;?;0;?;0;0;0
?;1;0;?;?;?;?;0;?;0;0;0
?;1;0;?;?;?;?;0;1;0;0;0
?;1;0;0;?;-124;16;0;1;0;0;0
0;1;0;0;?;-173;-686;0;1;0;0;0
0;1;0;0;?;-173;-686;0;1;0;0;0
0;1;0;0;?;-63;-325;0;1;0;0;0
0;1;0;0;?;-93;-844;0;1;0;0;0
1015;1;0;0;?;-16;-777;0;1;0;0;0
1015;1;0;0;?;-16;-777;0;1;0;0;0
-1015;1;0;0;-88015;-113;-861;0;1;0;0;0
-1015;1;0;0;-88015;-113;-861;0;1;0;0;0
0;1;0;0;-95381;-148;-898;0;1;0;0;0
0;1;0;0;-69716;-165;-173;0;1;0;0;0
0;1;0;0;-96425;-99;-766;0;1;0;0;0
-1015;1;0;0;-66729;6;-806;0;1;0;0;0
-1015;1;0;0;-66729;6;-806;0;1;0;0;0
3016;1;0;0;-19140;-211;-408;0;1;0;0;0
0;1;0;0;0;17;-190;0;1;0;0;?
0;1;0;0;0;-37;-171;0;1;0;0;?
0;1;0;0;0;-39;-179;0;1;0;?;?
0;1;0;0;0;-39;-179;0;1;0;?;?
0;1;0;0;0;-40;-156;0;1;0;?;?
0;1;0;0;0;-37;-180;0;1;0;?;?
0;1;0;0;0;-37;-180;0;1;0;?;?
0;1;0;0;0;-38;-175;0;1;0;?;0
0;1;0;0;0;-38;-175;0;1;0;?;0
0;1;0;0;0;-35;-164;0;1;0;?;0
0;1;0;0;0;-40;-171;0;1;0;?;0
0;1;0;0;0;-37;-178;0;1;0;1;0
0;1;0;0;0;-39;-177;0;?;0;1;0
0;1;0;0;?;-39;-177;0;1;0;1;0
0;1;0;0;?;-37;-179;0;1;0;1;0
0;1;0;0;?;-36;-180;0;1;0;1;0
0;1;0;0;0;-36;-177;0;1;0;1;0
0;1;?;0;0;-36;-164;0;1;0;1;0
0;1;?;0;0;-36;-164;0;1;0;1;0
0;1;?;0;0;-38;-167;0;1;0;1;0
0;1;?;0;0;-38;-167;0;1;0;1;0
0;1;?;0;0;-39;-175;0;1;?;1;0
0;1;?;0;0;-37;-164;0;1;?;1;0
0;1;?;0;0;-37;-164;0;1;0;1;0
0;1;?;0;0;-37;-172;0;1;0;1;0
0;1;?;0;0;-35;-180;0;1;0;1;0
3016;1;0;0;95439;120;383;0;1;0;1;0
0;1;0;0;88566;188;7;0;?;0;1;0
0;1;0;0;88566;188;7;0;?;0;1;0
-1015;1;0;0;81287;57;375;0;?;0;1;0
0;1;0;0;87116;223;754;0;?;0;1;0
0;1;0;0;66903;176;433;0;?;0;1;0
-1015;1;0;0;71572;94;907;0;?;0;1;0
-1015;1;0;0;71572;94;907;0;1;0;1;0
0;1;0;0;100253;49;310;0;1;0;1;0
0;1;0;0;100253;49;310;0;1;0;1;0
0;1;0;0;81925;222;900;0;1;0;1;0
1015;1;0;0;84245;35;459;0;1;0;1;0
1015;1;0;0;84245;35;459;0;1;0;1;0
0;1;0;0;99528;57;134;0;1;0;1;0
0;1;0;0;76096;129;929;?;1;0;1;0
0;1;0;0;82911;133;70;?;1;0;1;0
0;1;0;0;67135;106;94;?;1;0;1;0
0;1;0;0;67135;106;94;?;1;0;1;0
0;1;0;0;71717;205;-43;0;1;0;1;0
0;1;0;0;83433;54;-17;0;1;0;1;0
0;1;0;0;70876;158;559;0;1;0;1;0
0;1;0;0;70876;158;559;0;1;0;1;0
0;1;0;0;84448;23;812;0;1;0;1;0
0;1;0;0;74617;57;261;0;1;0;1;0
-1015;1;0;0;67106;54;737;0;1;0;1;0
-1015;1;0;0;67106;54;737;0;1;0;1;0
0;1;0;0;71108;8;-38;0;1;0;1;0
0;1;0;0;71108;8;-38;0;1;0;1;0
0;1;?;0;88827;4;-118;0;1;0;1;0
0;1;?;0;?;6;82;0;1;0;1;0
0;1;?;0;?;68;198;0;1;0;1;0
0;1;?;0;?;9;699;0;1;0;1;0
0;1;?;0;?;9;699;0;1;0;1;0
-1015;1;?;0;77140;180;?;0;1;0;1;0
0;1;?;0;82708;-41;?;0;1;0;1;0
-1015;1;?;0;85028;101;?;0;1;0;1;0
0;1;?;0;70905;127;?;0;1;0;1;0
0;1;?;0;70905;127;?;0;1;0;1;0
1015;1;?;0;64264;166;419;0;1;0;1;0
1015;1;?;0;64264;166;419;0;1;0;1;0
0;1;0;0;69165;104;249;0;1;0;1;0
0;1;0;0;65511;169;641;0;1;0;1;0
0;1;0;0;65511;169;641;0;1;0;1;0
0;1;0;0;82882;176;-272;0;1;0;1;0
0;1;0;0;76763;178;1151;0;1;0;1;0
0;1;0;0;81635;155;112;0;1;0;1;0
0;1;0;0;91060;7;754;0;1;0;1;0
0;1;0;0;91060;7;754;0;1;0;1;0
0;1;0;0;81200;169;937;0;1;0;1;0
0;1;0;0;84100;163;-145;0;1;0;1;0
0;1;0;0;76966;123;-125;0;1;0;1;0
0;1;0;0;76966;123;-125;0;1;0;1;0
0;1;0;0;96222;-7;-397;0;1;0;1;0
0;1;0;0;96222;-7;-397;0;1;0;1;0
0;1;0;0;81519;46;92;0;1;0;1;0
-1015;1;0;0;70644;21;-76;0;1;0;1;0
1015;1;0;0;86014;5;-92;0;1;0;1;0
1015;1;0;0;86014;5;-92;0;1;0;1;0
-1015;1;0;0;63539;2;389;0;1;0;1;0
0;1;0;0;77372;73;301;0;1;0;1;0
0;1;0;0;81780;86;526;0;1;0;1;0
1015;1;0;0;79808;114;-168;0;1;0;1;0
1015;1;0;0;79808;114;-168;0;1;0;1;0
0;1;0;0;65134;0;344;0;1;0;1;0
0;1;0;0;90045;173;279;0;1;0;1;0
1015;1;0;0;98136;34;471;0;1;0;1;0
1015;1;0;0;98136;34;471;0;1;0;1;0
1015;1;0;0;98136;34;471;0;1;0;1;0
0;1;0;0;63742;90;178;0;1;0;1;0
0;1;0;0;?;177;642;0;1;0;1;0
-1015;1;0;?;?;92;90;0;1;0;1;0
0;1;0;?;90335;116;-96;0;1;0;1;0
0;1;0;?;90335;116;-96;0;1;0;1;0
0;1;0;?;85202;-2;922;0;1;0;1;0
0;1;0;?;74617;113;826;0;1;0;1;0
0;1;0;?;97353;84;177;0;1;0;1;0
0;1;0;?;72848;159;440;0;1;0;1;0
0;1;0;?;72848;159;440;0;1;0;1;0
0;1;0;?;90567;-12;664;0;1;0;1;0
-2030;1;?;?;99180;45;169;0;1;0;1;0
-1015;1;0;?;101906;136;124;0;1;0;1;0
-1015;1;0;?;101906;136;124;0;1;0;1;0
1015;1;0;?;66990;173;650;0;1;0;1;0
1015;1;0;0;66990;173;650;0;1;0;1;0
-1015;1;0;0;71572;130;83;0;1;0;1;0
1015;1;0;0;89204;18;75;0;1;0;1;0
0;1;0;0;80185;35;157;0;1;0;1;0
0;1;0;0;80185;35;157;0;1;0;1;0
0;1;0;0;72268;85;393;0;1;0;1;0
0;1;0;0;68324;189;696;0;1;0;1;0
0;1;0;0;95236;197;698;0;1;0;1;0
0;?;0;?;76647;190;169;0;1;0;1;0
0;?;0;?;76647;190;169;0;1;0;1;0
0;?;0;?;?;190;169;0;1;0;1;0
0;?;0;?;?;205;243;0;1;0;1;0
0;?;0;?;?;169;457;0;1;0;1;0
-1015;?;0;?;?;140;1060;0;1;0;1;0
-1015;?;0;0;?;126;844;0;1;0;1;0
-1015;?;0;0;?;126;844;0;1;0;1;0
-1015;?;0;0;928;103;477;0;1;0;1;0
0;?;0;0;0;69;302;0;1;0;1;0
0;?;0;0;0;69;309;0;1;0;1;0
0;1;0;0;0;69;309;0;1;0;1;0
0;1;0;0;0;69;297;0;1;0;1;0
0;1;0;0;0;72;309;0;1;0;1;0
0;1;0;0;0;69;311;0;1;0;1;0
0;1;0;0;0;69;311;0;1;0;1;0
0;1;?;0;0;69;311;0;1;0;1;0
0;1;?;0;0;67;302;0;1;0;1;0
0;1;?;0;0;67;302;0;1;0;1;0
0;?;?;0;0;68;311;0;1;0;1;0
0;?;?;0;0;68;299;0;1;0;1;0
0;1;?;0;0;70;309;0;1;0;1;0
0;1;?;0;0;70;309;0;1;0;1;0
0;1;?;0;0;66;304;0;1;0;1;0
0;1;?;0;0;68;313;0;1;0;1;0
0;1;?;0;0;69;313;0;1;0;1;0
0;1;?;0;0;69;313;0;?;0;1;0
0;1;0;0;0;68;305;0;?;0;1;0
0;1;0;0;0;69;300;?;?;0;1;0
0;1;0;0;0;68;325;?;?;0;1;0
0;1;0;0;0;69;311;?;?;0;1;0
0;1;0;0;0;69;311;?;?;0;1;0
-3016;1;0;0;0;-37;323;?;?;0;1;0
0;1;0;0;-77662;-53;-447;?;?;0;1;0
0;1;0;0;-77662;-53;-447;?;?;0;1;0
0;1;0;0;-72036;-94;-175;?;1;0;1;0
0;1;0;0;-72036;-94;-175;?;1;0;1;0
1015;1;0;0;-72761;-252;-464;?;1;0;1;0
0;1;0;0;-89407;-165;2;?;1;0;1;0
-1015;1;0;0;-82592;-116;-93;?;1;0;1;0
0;1;0;0;-72471;-106;-585;?;1;0;1;0
0;1;0;0;-72471;-106;-585;?;1;0;1;0
-1015;1;0;0;-89204;-207;-835;0;1;0;1;0
0;1;0;0;-73660;-183;-1042;0;1;?;1;0
-1015;1;0;0;-73660;-58;-157;0;1;?;1;0
-1015;1;0;0;-73660;-58;-157;0;1;?;1;0
0;1;0;0;-62060;-145;-720;0;1;?;1;0
0;1;0;0;-59566;-3;-516;0;1;?;1;0
0;1;0;0;-72558;-136;-203;0;1;0;1;0
0;1;0;0;-84680;-233;191;0;1;0;1;0
0;1;0;0;-84680;-233;191;0;1;0;1;0
0;1;0;0;-84680;-233;191;0;1;0;1;0
0;1;0;0;-75487;-156;-870;?;1;0;1;0
0;1;0;0;-68962;-52;-715;?;1;0;1;0
0;1;0;0;-83868;-7;47;?;1;0;1;0
-1015;1;0;0;-68005;9;209;?;1;0;1;?
-1015;1;0;0;-68005;9;209;?;1;0;1;?
1015;1;0;0;-64496;28;32;?;1;0;1;?
0;1;0;0;-67541;-66;-123;?;1;0;1;0
0;1;0;0;-93264;-7;-508;?;1;0;1;0
0;1;0;0;-93264;-7;-508;?;1;0;1;0
0;?;0;0;-100456;-93;107;?;1;0;1;0
0;?;0;0;-75342;5;124;?;1;0;1;0
0;?;?;0;-70209;50;-205;0;1;0;1;0
0;1;?;0;-70209;50;-205;0;1;0;1;0
0;1;?;0;-69223;-150;-387;0;1;0;1;0
0;1;?;0;?;-150;-387;0;1;0;1;0
0;1;?;0;?;-84;-535;0;1;0;1;0
1015;1;?;0;?;-38;-535;0;1;0;1;0
0;1;?;0;?;7;40;0;1;0;1;0
0;1;?;0;?;5;9;0;1;0;1;1
0;1;?;0;?;5;9;0;1;0;1;1
0;1;0;0;?;5;47;0;1;0;0;1
0;1;0;0;?;6;32;0;1;0;0;1
0;1;0;0;?;6;32;0;1;0;0;1
0;1;0;0;?;8;30;0;?;0;0;1
0;1;0;0;?;9;34;0;?;0;0;1
0;1;0;0;?;9;34;0;?;0;0;1
0;1;0;0;0;6;30;0;?;0;0;1
0;1;0;0;0;5;34;0;?;0;0;1
0;1;0;0;0;4;40;0;?;0;0;1
0;1;0;0;0;4;40;0;?;0;0;1
0;1;0;0;0;7;43;0;?;0;0;1
0;1;0;0;0;5;34;0;?;0;0;1
0;1;0;0;0;9;38;0;?;0;0;1
0;1;0;0;0;5;29;0;?;0;0;1
0;1;0;0;0;5;29;0;?;0;0;1
0;1;0;0;0;5;28;0;?;0;0;1
0;1;0;0;0;7;31;0;?;0;0;1
0;1;0;0;0;7;31;0;?;0;0;1
0;1;0;0;0;7;44;0;?;0;0;1
0;1;0;0;0;9;35;0;?;0;0;1
0;1;0;0;0;9;35;0;1;0;0;1
0;1;0;0;0;5;24;0;1;0;0;1
0;1;0;0;0;6;31;0;1;0;0;1
0;1;0;0;?;6;19;0;1;0;0;1
0;1;0;0;?;6;19;0;1;0;0;1
0;1;0;0;?;6;23;0;1;0;0;1
0;1;0;0;?;4;30;0;1;0;0;1
0;1;0;0;?;7;43;0;1;0;0;1
0;1;0;0;?;9;51;0;1;0;0;1
0;1;0;0;?;9;51;0;1;0;0;1
0;1;0;0;?;4;39;0;1;0;0;1
0;1;0;0;?;4;39;0;1;0;0;1
0;1;0;0;?;7;30;0;1;0;0;1
0;1;0;0;0;6;28;0;1;0;0;?
0;1;0;0;0;6;35;0;1;0;0;?
0;1;0;0;0;6;35;0;1;0;0;?
0;1;0;0;0;7;34;0;1;0;0;?
0;1;0;0;0;6;30;0;1;0;0;?
0;1;0;0;0;10;35;0;1;0;0;?
0;1;0;0;0;10;35;0;?;0;0;?
0;1;0;0;0;10;26;?;?;0;0;1
0;1;0;0;0;7;49;?;?;0;0;1
0;1;0;0;0;9;48;?;?;0;0;1
0;1;0;0;0;9;39;?;1;0;0;1
0;1;0;0;0;9;39;?;1;0;0;1
0;1;0;0;0;7;26;0;1;0;0;1
0;1;0;0;0;7;26;0;1;0;0;1
0;1;0;0;0;9;21;0;1;0;0;1
0;1;0;0;0;6;26;0;1;0;0;1
0;1;0;0;0;9;35;0;1;0;0;1
0;1;0;0;0;9;35;0;1;0;0;1
0;1;0;0;0;6;20;0;1;0;0;1
0;1;0;0;0;4;35;0;1;0;0;1
0;1;0;0;0;7;21;0;1;1;0;1
0;1;0;?;0;6;51;0;1;1;0;1
0;1;0;?;0;6;51;0;1;1;0;1
0;1;1;?;0;6;40;0;1;1;0;1
0;1;1;?;0;6;42;0;1;1;0;1
0;0;1;?;0;8;44;0;0;1;0;1
0;0;1;?;0;8;44;0;0;1;0;1
?;0;1;?;0;8;44;0;0;1;0;1
?;1;1;?;0;7;49;0;0;1;0;1
?;1;1;?;0;6;19;0;0;1;0;1
?;1;1;?;0;6;31;0;0;1;0;1
?;1;0;?;0;5;28;1;0;1;0;1
?;1;0;?;0;5;28;1;0;1;0;1
?;1;0;?;0;13;32;1;0;1;0;1
0;1;0;?;0;3;21;1;0;1;0;1
?;1;0;0;0;6;49;1;0;1;0;1
?;1;0;0;0;6;49;1;0;1;0;1
?;1;0;0;0;8;36;1;0;1;0;1
?;1;0;0;0;6;39;1;0;1;0;1
?;1;0;0;0;7;34;1;0;1;0;1
?;1;0;0;0;6;44;1;0;1;0;1
?;1;0;0;0;6;44;1;0;1;0;1
?;1;0;0;0;6;44;1;0;1;0;1
0;1;0;0;0;4;17;1;0;1;0;1
0;1;0;0;0;4;31;1;0;1;0;1
0;1;0;0;0;7;42;1;0;1;0;1
0;1;0;0;0;6;40;1;0;1;0;1
0;1;0;0;0;6;40;1;0;1;0;1
0;1;0;0;0;6;43;1;0;1;0;1
0;1;0;0;0;7;33;1;0;1;0;1
0;1;0;0;0;7;19;1;0;?;0;1
0;1;0;0;0;7;29;1;0;?;0;1
0;1;0;0;0;7;29;1;0;1;0;?
0;1;?;0;0;6;40;1;0;1;0;?
0;1;?;0;0;9;33;1;0;1;0;?
0;1;?;0;0;9;33;1;0;1;0;?
0;1;0;0;0;5;19;1;0;1;0;?
0;1;0;0;0;5;19;1;0;1;0;?
0;1;0;0;0;5;23;1;0;1;0;?
0;1;0;0;0;?;37;1;0;1;0;?
0;1;0;0;0;?;22;1;0;1;0;?
0;1;0;0;0;?;37;1;0;1;0;?
0;1;0;0;0;?;37;1;0;1;0;?
0;1;0;0;0;?;35;1;0;1;0;?
0;1;0;0;0;?;23;1;0;1;0;?
0;1;0;0;0;7;26;1;0;1;0;?
0;1;0;0;0;8;26;1;0;1;0;1
0;1;0;0;0;8;26;1;0;1;0;1
0;1;0;0;0;4;49;1;0;1;0;1
0;1;0;0;0;4;49;1;0;1;0;1
0;1;0;0;0;7;43;1;0;1;0;1
0;1;0;0;0;7;?;1;0;1;0;1
0;1;0;0;0;8;?;1;0;1;0;1
0;1;0;0;0;8;?;1;0;1;0;1
0;1;0;0;0;8;?;1;0;1;0;1
0;1;0;0;0;7;?;1;0;0;0;1
0;?;0;0;0;7;?;1;0;0;0;1
0;?;0;0;0;7;37;1;0;0;0;1
0;?;0;0;0;7;?;1;0;0;0;1
0;?;0;0;0;8;?;1;0;0;0;1
0;?;?;0;0;5;?;1;0;0;0;1
0;?;?;0;0;6;?;0;0;0;0;1
0;?;?;0;0;6;?;0;0;0;0;1
0;?;?;0;0;6;?;0;0;0;0;1
0;?;?;0;0;6;?;0;0;0;0;1
0;?;?;0;0;6;?;0;0;0;0;1
0;?;?;0;0;6;?;0;0;0;0;1
0;?;?;0;0;6;33;0;0;0;0;1
-2001;?;?;0;0;0;?;0;1;0;0;1
0;?;?;0;-91263;-108;-231;0;1;0;0;0
-1015;?;?;0;-79605;-2;-391;0;1;0;0;0
0;?;?;0;-81867;-145;-193;0;1;0;0;0
0;?;?;0;-85318;-76;153;0;1;0;0;0
0;1;0;0;-85318;-76;153;0;1;0;0;0
0;1;0;0;-99209;-135;-54;0;1;0;0;0
0;1;0;0;-80272;40;-230;0;1;0;0;0
0;1;0;0;-81084;-107;189;0;1;0;0;0
0;1;0;0;-81084;-107;189;0;1;0;0;0
0;1;0;0;-91002;-146;-689;0;1;0;0;?
0;1;0;0;-91002;-146;-689;0;1;0;0;?
0;1;0;0;-73515;-60;-693;0;1;0;0;?
0;1;0;0;-79489;-13;-610;0;1;0;0;?
0;1;0;0;-70122;-170;-214;0;1;0;0;?
0;1;0;0;-70122;-170;-214;0;1;0;0;?
-1015;1;0;0;-80359;-218;102;0;1;0;0;0
0;1;0;0;-82099;-152;-150;0;1;0;0;0
-1015;1;0;0;-60320;-18;-726;0;1;0;0;0
-1015;1;0;0;-60320;-18;-726;0;1;0;0;0
0;1;0;0;-91437;-143;-565;0;1;0;0;0
0;1;0;0;-85028;-31;-351;0;1;0;0;0
1015;1;0;0;-57014;-166;-698;0;1;0;0;0
0;1;0;0;-59160;-106;-486;0;1;0;0;0
0;1;0;0;-59160;-106;-486;0;1;0;0;0
0;1;0;0;-59160;-106;-486;0;1;0;0;0
0;1;0;0;-87029;?;118;0;1;0;0;0
0;1;0;0;-79373;?;166;0;1;0;0;0
0;1;0;0;-96860;?;-317;0;1;0;0;0
0;1;0;0;-65511;?;-836;0;1;0;0;0
0;1;0;0;-65511;?;-836;0;1;0;0;0
0;1;0;0;-87551;?;-977;0;1;0;0;0
-1015;1;0;0;-84854;?;-844;0;1;0;0;0
-1015;1;0;0;-62988;?;-96;0;1;0;0;0
-1015;1;0;0;-81954;?;-737;0;1;0;0;0
-1015;1;0;0;-81954;?;-737;0;1;0;0;0
-1015;1;0;0;-59189;?;-126;0;1;0;0;0
0;1;0;0;-89233;?;-133;0;1;0;0;0
0;1;0;0;-83926;-211;-41;0;1;0;0;0
0;1;0;0;-83926;-211;-41;0;1;0;0;0
0;1;0;0;-83926;-211;-41;0;1;0;0;0
0;1;0;0;-77691;-59;-433;0;1;0;0;0
0;1;0;0;-94134;-4;-325;0;1;0;0;0
-1015;1;0;0;-72413;-63;-140;0;1;0;0;0
0;1;0;0;-86304;-63;38;0;1;0;0;0
0;1;0;0;-86304;-63;38;0;1;0;?;0
0;1;0;0;-83288;-203;-831;0;1;0;?;0
-1015;1;0;0;-62524;-58;-953;0;1;0;0;?
-1015;1;0;0;-83404;-48;-69;0;1;0;0;?
-1015;1;0;0;?;-9;-354;0;1;0;0;?
-1015;1;0;0;?;-9;-354;0;1;0;0;?
-1015;1;0;0;?;0;-406;0;1;0;0;?
0;1;0;0;-73283;-140;-887;0;1;0;0;?
0;1;0;0;-73283;-140;-887;0;1;0;0;?
1015;1;0;0;-74472;-133;-191;0;1;0;0;?
1015;1;0;0;-74472;-133;-191;0;1;0;0;?
-1015;1;0;0;-67744;-24;-441;0;1;0;0;?
-1015;1;0;0;-67744;-24;-441;0;1;0;0;?
0;1;0;0;-103559;-172;-951;0;1;0;0;?
0;1;0;0;-67773;-145;-1151;0;1;0;0;?
0;1;0;0;-89958;-76;-679;0;1;0;0;0
0;1;0;0;-89958;-76;-679;0;1;0;0;0
0;1;0;0;-84593;-81;14;0;1;0;0;0
0;1;0;0;-60320;-128;-528;0;1;0;0;0
0;1;0;0;0;-39;-164;0;1;0;0;0
0;1;0;0;0;-36;-164;0;1;0;0;0
0;1;0;0;0;-36;-164;0;1;0;0;0
0;1;0;0;0;-36;-186;0;1;0;1;0
0;1;0;0;0;-37;-169;0;1;0;1;0
0;1;0;0;0;-37;-169;0;1;0;1;0
0;1;0;0;0;-37;-182;0;1;0;1;0
0;1;0;0;0;-37;-182;0;1;0;1;0
0;1;0;0;0;-40;-178;0;1;0;?;0
0;1;0;0;0;-40;-179;0;1;0;?;0
0;1;0;0;0;-37;-166;0;1;0;?;0
0;1;0;0;0;-37;-180;0;1;0;?;0
0;1;0;0;0;-37;-180;0;1;0;?;0
0;1;0;0;0;-36;-184;0;1;0;?;0
0;1;0;0;0;-36;-187;0;1;0;?;0
0;1;0;0;0;-39;-169;0;1;0;?;0
0;1;0;0;0;-39;?;0;1;?;?;0
0;1;0;0;0;-40;?;0;1;?;?;0
0;1;0;0;0;-39;-168;0;1;?;1;0
0;1;0;0;0;-39;-168;0;1;?;1;0
0;1;0;0;0;-38;-159;0;1;?;1;0
0;1;0;0;0;-40;-190;0;1;?;1;0
0;1;0;?;0;-40;-190;0;1;?;1;0
0;1;0;?;0;-40;-170;0;1;?;1;0
0;1;0;?;?;-36;-169;0;1;?;1;0
0;1;0;?;?;-39;-159;0;1;?;1;0
0;1;0;?;?;-39;-159;0;1;?;1;0
986;1;0;?;?;130;646;0;1;?;1;0
0;1;0;?;?;15;568;0;1;?;1;0
0;1;0;?;?;190;610;0;1;?;1;0
0;1;0;?;?;189;886;0;1;0;1;0
0;1;0;?;58899;189;886;0;1;0;1;0
0;1;0;0;86420;202;794;0;1;0;1;0
0;1;?;0;86420;202;794;0;1;0;1;0
0;1;0;0;85318;212;?;0;1;0;1;0
0;1;0;0;86420;87;?;0;1;0;1;0
0;1;0;0;70064;179;?;0;1;0;1;0
0;1;0;0;70064;179;?;0;1;0;1;0
0;1;0;0;67512;73;?;0;1;0;1;0
0;1;0;0;82592;104;?;0;1;0;1;0
0;1;0;0;73196;137;?;0;1;0;1;0
0;1;0;0;73196;137;?;0;1;0;1;0
0;1;0;0;62002;138;?;0;1;0;1;0
1015;1;0;0;104168;172;?;0;1;0;1;0
1015;1;0;0;72413;9;?;0;1;0;1;0
0;1;0;0;93989;115;?;0;1;0;1;0
0;1;0;0;93989;115;?;0;1;0;1;0
0;1;0;0;93989;115;9;0;1;0;1;0
0;1;0;0;85956;220;-107;0;1;0;1;0
0;1;0;0;78503;104;91;0;1;0;1;0
0;1;0;0;73109;157;-85;0;1;0;1;0
0;1;0;0;96947;134;344;0;1;0;1;0
0;1;0;0;65134;33;?;0;1;0;1;0
0;1;0;0;65134;33;?;0;1;?;1;0
0;1;0;0;70847;1;?;0;1;?;1;0
0;1;0;0;85695;-5;?;0;1;0;1;0
0;1;0;0;86623;14;?;0;1;0;1;0
0;1;0;0;86623;14;303;0;1;0;1;0
0;1;0;0;68991;202;335;0;1;0;1;0
-1015;1;0;0;81606;35;292;0;1;0;1;0
-1015;1;0;0;93612;0;362;0;1;0;1;0
-1015;1;0;0;93612;0;362;0;1;0;1;0
-1015;1;0;0;78909;206;479;0;1;0;1;0
-1015;1;0;0;78909;206;479;0;1;0;1;0
0;1;0;0;94714;?;546;0;1;0;1;0
?;1;0;0;83636;?;-8;0;1;0;1;0
?;1;0;0;72239;?;32;0;1;0;1;0
?;1;0;0;72239;?;32;0;1;0;1;0
?;1;0;0;88131;?;1044;0;1;0;1;0
?;1;0;0;79460;?;111;0;1;0;1;0
?;1;0;0;81200;?;16;0;1;0;1;0
?;1;0;0;81200;?;16;0;1;0;1;0
1015;1;0;0;68991;182;204;0;1;0;1;0
-1015;1;0;0;75980;162;-30;0;1;0;1;0
-1015;1;0;0;75980;162;-30;0;1;0;1;0
0;1;0;0;72123;168;371;0;1;0;1;0
1015;1;0;0;81983;49;763;0;1;?;1;0
0;1;0;0;54752;-56;82;0;1;?;1;0
0;1;0;0;82215;119;-112;0;1;?;1;0
0;1;0;0;82215;119;-112;0;1;?;1;0
0;1;0;0;81432;-12;712;0;1;?;1;0
0;1;0;0;61480;79;-58;0;1;?;1;0
0;1;0;0;86072;41;-114;0;1;?;1;0
0;1;0;0;86072;41;-114;0;1;0;1;0
1015;1;0;0;92046;30;530;0;1;0;1;0
1015;1;0;0;92046;30;530;0;1;0;1;0
0;1;0;0;92104;2;-361;0;1;0;1;0
0;1;0;0;92104;2;-361;0;1;0;1;0
1015;1;0;0;88334;?;227;0;1;0;1;0
1015;1;0;0;76995;?;-5;0;1;0;1;0
1015;1;0;0;76995;?;-5;0;1;0;1;0
0;1;0;0;91988;?;717;0;1;0;1;0
0;1;0;0;95758;?;246;0;1;0;1;0
-1015;1;0;0;83868;?;228;0;1;0;1;0
0;1;0;0;90248;?;-342;0;1;0;1;0
0;1;0;0;90248;?;-342;0;1;0;1;0
-1015;1;0;0;95294;?;-217;0;1;0;1;0
0;1;0;0;78677;?;53;0;1;0;1;0
0;1;0;0;68208;?;511;0;1;0;1;0
0;1;0;0;68208;?;511;0;1;0;1;0
0;1;0;0;70644;?;193;0;1;0;1;0
0;1;0;0;70644;?;193;0;1;0;1;0
-1015;1;0;0;85260;?;-47;0;1;0;1;0
1015;1;0;0;65453;?;537;0;1;0;1;0
1015;1;0;?;71224;250;364;0;1;0;1;0
1015;1;0;?;71224;250;364;0;1;0;1;0
-1015;1;0;?;76212;141;1035;0;1;0;1;0
1015;1;0;?;70267;4;157;0;1;0;1;0
1015;1;0;?;71572;71;802;0;1;0;1;0
1015;1;0;?;71572;71;802;0;1;0;1;0
-1015;1;0;?;87348;?;599;0;1;0;1;0
0;1;0;?;84477;?;787;0;1;0;1;0
-1015;1;0;?;66787;?;-136;0;1;0;1;0
1015;1;0;?;76183;?;208;0;1;0;1;0
1015;1;0;?;76183;?;208;0;1;0;1;0
1015;1;0;?;76183;?;208;0;1;0;1;0
0;1;0;?;75081;?;698;0;1;0;1;0
-1015;1;0;?;100137;?;663;0;1;0;1;0
0;1;0;0;88798;?;892;0;1;0;1;0
0;1;0;0;88798;?;892;0;1;0;1;0
-1015;1;0;0;94685;?;?;0;1;0;1;0
0;1;0;0;67367;114;?;0;1;0;1;0
1015;1;0;0;65714;207;?;0;1;0;1;0
0;1;?;0;97817;60;827;0;1;0;1;0
0;1;?;0;68527;132;565;0;1;0;1;0
0;1;?;0;68527;132;565;0;1;0;1;0
0;1;?;0;0;71;345;0;1;0;1;0
0;1;?;0;0;76;336;0;1;0;1;0
0;1;?;0;0;79;360;0;1;0;1;0
0;1;?;0;0;79;360;0;1;0;1;0
0;1;?;0;0;79;360;0;1;0;1;0
0;1;?;0;0;73;354;0;1;0;1;0
0;1;?;0;0;77;348;0;1;0;1;0
0;1;0;0;0;76;335;0;1;0;1;0
0;1;0;0;0;79;356;0;1;0;1;0
0;1;0;0;0;79;356;0;1;0;1;0
0;1;0;0;0;75;342;0;1;0;1;0
0;1;0;0;0;76;348;0;1;0;1;0
0;?;0;0;0;75;334;0;1;0;1;0
0;?;0;0;0;76;341;0;1;0;1;0
0;?;0;0;0;76;341;0;1;0;1;0
0;?;0;0;0;75;343;0;1;0;1;0
0;?;0;0;0;75;345;0;1;0;1;0
0;?;0;0;0;72;337;0;1;0;1;0
0;?;0;0;0;72;337;0;1;0;1;0
0;?;0;0;0;72;?;0;1;0;1;0
0;?;0;0;0;74;?;0;1;0;1;0
0;1;0;0;0;78;?;0;1;0;1;0
0;1;0;0;0;75;?;0;1;0;1;0
0;1;0;0;0;75;?;0;1;0;1;0
-2001;1;0;0;-4640;78;?;0;1;0;1;0
1015;1;0;0;-67193;-197;?;0;1;0;1;0
0;1;0;0;-96541;-185;?;0;1;0;1;0
1015;1;0;0;-85695;-216;?;0;1;0;1;0
1015;1;0;0;-85695;-216;?;0;1;0;1;0
-1015;1;0;0;-90625;-74;?;0;1;0;1;0
-1015;1;0;0;-73689;-50;?;?;1;0;1;0
1015;1;0;0;-94540;-211;?;?;1;0;1;0
1015;1;0;0;-94540;-211;?;?;1;0;1;0
0;1;0;0;-65946;-163;?;?;1;0;1;0
0;1;0;0;-65946;?;-1053;?;1;0;1;0
1015;1;0;0;-75893;?;-642;0;1;0;1;0
0;1;0;0;-72036;?;-39;0;1;0;1;0
-1015;1;0;0;-56144;?;-737;0;1;0;1;0
0;1;0;0;-74617;?;-802;0;1;0;1;0
0;1;0;0;-74617;?;-802;0;1;0;1;0
1015;1;0;0;-91785;?;-85;0;?;0;1;0
0;1;?;0;-86507;?;-788;0;?;0;1;0
-1015;1;0;0;-93786;?;-565;0;?;0;1;0
0;1;0;0;-82418;?;47;0;?;0;1;0
0;1;0;0;-82418;-121;47;0;?;0;1;0
0;1;0;0;-82418;-121;47;0;1;0;1;0
0;1;0;0;-83172;-47;-217;0;1;0;1;0
1015;1;0;0;-94975;-3;-455;0;1;0;1;0
1015;1;0;0;-67396;-160;110;0;1;0;1;0
0;1;0;0;-98716;48;-139;0;1;0;1;0
0;1;0;0;-98716;48;-139;0;1;0;1;0
0;1;0;0;-93293;-33;-622;0;1;0;1;0
0;1;0;0;-74936;-66;-276;0;1;0;?;0
1015;1;0;0;-103356;20;-331;0;1;0;?;0
1015;1;0;0;-103356;20;-331;0;1;?;?;0
0;1;0;0;-68527;-104;-213;0;?;0;?;0
0;1;0;0;-65888;-106;-666;0;?;0;?;0
0;1;0;0;-88653;22;-563;0;?;0;?;0
0;1;0;0;-97933;-143;-44;0;?;0;?;0
0;1;0;0;-97933;-143;-44;0;?;0;?;0
0;1;0;0;-97933;-143;-44;0;?;0;?;0
0;1;0;0;-65424;17;-161;0;?;0;?;0
-1015;1;0;0;-81432;-105;-393;0;?;0;1;0
0;1;0;0;-69078;-78;-496;0;?;0;1;0
0;1;0;0;-89320;-130;-230;0;1;0;1;0
0;1;0;0;-89320;-130;-230;0;1;0;1;0
-1015;1;0;0;-73225;-29;-110;0;1;0;1;0
0;1;0;0;-78416;0;-652;0;1;0;1;0
0;1;0;0;-75603;46;160;0;1;0;1;0
1015;1;0;0;-89842;-83;-847;0;1;0;1;0
1015;1;0;0;-89842;-83;-847;0;1;0;1;0
0;1;0;0;-85753;39;-623;0;1;0;1;0
1015;1;0;0;-84448;-160;-86;0;1;0;1;0
1015;1;0;0;-84448;-160;-86;0;1;0;1;0
-1015;1;0;0;-71659;-39;-260;0;1;0;1;0
1015;1;0;0;-66555;-51;-1062;0;1;0;1;0
1015;1;0;0;-66555;-51;-1062;0;1;0;1;0
-1015;1;0;0;-93264;-93;-723;0;1;0;1;0
1015;1;0;0;-84216;-76;-44;0;1;0;1;0
-1015;1;0;0;-81142;-53;-651;0;1;0;1;0
0;1;0;0;-89030;9;-627;0;1;0;1;0
0;1;0;0;-89030;9;-627;0;1;0;1;0
0;1;0;0;-65192;20;-547;0;1;0;1;0
0;1;0;0;-84361;-140;-39;0;1;0;1;0
0;1;0;0;-82215;-109;-460;0;1;0;1;0
0;1;0;0;-88595;-10;-641;0;1;0;1;0
0;1;0;0;-88595;-10;-641;?;1;0;1;0
0;1;0;0;-88595;-10;-641;?;1;0;1;0
0;1;0;0;-81374;-54;-535;0;1;0;1;0
0;1;0;0;-71253;23;68;0;1;0;1;0
0;1;0;0;-75806;-125;-139;0;1;0;1;0
-1015;1;0;0;9947;19;-247;0;1;0;1;0
-1015;1;0;0;9947;19;-247;0;1;0;1;0
0;1;0;0;0;-37;-177;0;1;0;?;0
0;1;0;1;0;-36;-161;0;1;0;?;0
0;1;0;1;0;-35;-179;0;1;?;?;0
0;1;0;1;0;-35;-179;0;1;?;0;0
0;1;0;1;0;-39;-177;0;1;?;0;0
0;1;0;1;0;-35;-170;0;1;?;0;0
0;1;0;1;0;-39;-177;0;1;?;0;0
0;1;0;1;0;-39;-177;0;1;?;0;0
0;1;0;1;0;-35;-177;0;1;?;0;0
0;1;0;1;0;-35;-177;0;1;?;0;0
0;1;0;1;0;-37;-171;0;1;?;0;0
0;1;0;1;0;-39;-174;0;1;?;0;0
0;1;0;1;0;-37;-149;0;1;?;0;0
0;1;0;1;0;-37;-149;0;1;?;0;0
0;1;0;1;0;-38;-163;0;1;?;0;0
0;1;0;1;0;-37;-165;0;1;?;0;0
0;1;0;1;0;-36;-172;0;1;?;0;0
0;1;?;1;0;-37;-183;0;1;0;0;?
0;1;?;1;0;-37;-183;0;1;0;0;?
0;1;?;1;0;-37;-181;0;1;0;0;?
0;1;?;1;0;-38;-174;0;1;0;0;?
0;1;?;1;0;-34;-177;0;1;0;0;?
0;1;?;1;0;-34;-177;0;1;0;0;?
0;1;?;1;0;-37;-179;0;1;0;0;?
0;1;?;1;0;-37;-179;0;1;0;0;?
0;1;?;1;0;-35;-161;0;1;0;0;?
0;1;?;1;0;-34;-177;0;1;0;0;0
0;1;?;1;0;-43;-168;0;1;0;0;0
0;1;?;1;0;-39;-178;0;1;0;0;0
0;1;?;1;0;-39;-178;0;1;0;0;0
0;1;?;1;0;-36;-164;0;1;0;0;0
0;1;?;1;0;-35;-185;0;1;0;0;0
0;1;?;1;0;-39;-173;0;1;0;0;0
0;1;?;1;0;-37;-171;0;?;0;0;0
0;1;?;1;0;-37;-171;0;?;0;0;0
0;1;?;1;?;-38;-173;0;?;0;0;0
0;1;?;1;?;-38;-173;0;?;0;0;0
0;1;?;1;?;-37;-165;0;?;0;0;0
0;1;0;1;?;-36;-177;0;1;0;0;0
0;1;0;1;?;-36;-177;0;1;0;0;0
0;1;0;1;?;-36;-159;0;1;0;0;0
0;1;0;1;?;-36;-165;0;1;0;0;0
0;1;0;1;?;-33;-183;0;1;0;0;0
0;1;0;1;?;-39;-160;0;1;0;0;0
0;1;0;1;?;-39;-160;0;1;0;0;0
0;1;0;1;?;-38;-167;0;1;0;0;0
0;1;0;1;0;-38;-178;0;1;1;0;0
0;1;0;1;0;-38;-183;0;1;1;0;0
0;1;0;1;0;-38;-183;0;1;1;0;0
0;1;1;1;0;-39;-173;0;1;1;0;0
0;1;1;1;0;-39;-173;0;1;1;0;0
0;1;1;1;0;-38;-165;0;1;1;0;0
0;1;1;1;0;-37;-172;0;0;1;0;0
0;1;1;1;0;-37;-172;0;0;1;0;0
0;1;1;1;0;-38;-170;0;0;1;0;0
0;1;1;1;0;-39;-173;0;0;1;0;0
0;1;1;1;0;-39;-170;0;0;1;0;0
0;1;?;1;0;-37;-161;1;0;1;0;0
0;1;?;1;0;-37;-161;1;0;1;0;0
0;1;?;1;0;-37;-181;1;0;1;0;0
0;1;?;1;0;-39;-161;1;0;1;0;0
0;1;?;1;0;-42;-175;1;0;1;0;0
0;1;?;1;0;-42;-175;1;0;1;0;0
0;1;0;1;0;-37;-172;1;0;1;0;0
0;1;0;1;0;-37;-172;1;0;1;0;0
0;1;0;1;?;-37;-161;1;0;1;0;0
0;1;0;1;?;-37;-161;1;0;1;0;0
0;1;0;1;?;-37;-163;1;0;1;0;0
0;1;0;1;?;?;-165;1;0;1;0;0
0;1;0;1;?;?;-165;1;0;1;0;0
0;1;0;1;?;?;-177;1;0;1;0;0
0;1;?;1;?;?;-170;1;0;1;0;0
0;1;?;1;?;?;-165;1;0;1;0;0
0;1;?;1;?;-39;-172;1;0;1;0;0
0;1;?;1;?;-39;-172;1;0;1;0;0
0;1;?;1;?;-37;-177;1;0;1;0;0
0;1;?;1;?;-37;-173;1;0;1;0;0
0;?;?;1;?;-38;-176;1;0;1;0;0
0;?;?;1;?;-38;-176;1;0;1;0;0
0;1;?;1;0;-37;-181;1;0;1;0;0
0;1;?;1;0;-38;-157;1;0;1;0;0
0;1;0;1;0;-35;-172;1;0;1;0;0
0;1;0;1;0;-35;-172;1;0;1;0;0
0;1;0;?;0;-39;-174;1;0;1;0;0
0;1;0;?;0;-39;-174;1;0;1;0;0
0;1;0;?;0;-38;-153;1;0;1;0;0
0;1;0;?;0;-42;-153;1;0;1;0;0
0;1;0;?;0;-36;-164;1;0;1;0;0
0;1;0;?;0;-36;-175;1;0;1;0;0
0;1;0;1;0;-36;-175;1;0;1;0;0
0;1;0;1;0;-39;-157;1;0;1;0;0
0;1;0;1;0;-37;-157;1;0;1;0;0
0;1;0;1;0;-38;-181;1;0;1;0;0
0;1;0;1;0;-38;-181;1;0;1;0;0
0;1;0;1;0;-36;-167;1;0;1;0;0
0;1;0;1;0;-36;-167;1;0;1;0;0
0;1;0;1;0;-38;-178;1;0;1;0;0
0;1;0;1;0;-39;-156;1;0;1;0;0
0;1;0;1;0;-42;-168;1;0;1;0;0
0;1;0;1;0;-42;-168;1;0;1;0;0
0;1;0;1;0;-36;-165;1;0;1;0;0
0;1;0;1;0;-38;-167;1;0;0;0;0
0;1;0;1;0;-39;-189;1;0;0;0;0
?;?;0;1;0;-33;-164;1;0;0;0;0
?;?;0;1;0;-33;-164;1;0;0;0;0
0;?;0;1;0;-35;?;1;0;0;0;?
0;?;0;1;0;-39;-169;1;0;0;0;?
0;?;0;1;0;-37;-154;0;0;0;0;?
0;?;0;1;0;-37;-154;0;0;0;0;?
0;1;0;1;0;-39;-152;0;0;0;0;?
0;1;0;1;0;-39;-152;0;0;0;0;?
0;1;0;1;0;-38;-172;0;?;0;0;?
-3016;1;0;0;-85608;-71;-910;0;?;0;0;0
0;1;0;0;-86855;-60;-488;0;?;0;0;0
0;1;0;0;-67135;-165;-581;0;?;0;0;0
0;1;0;0;-67135;-165;-581;0;?;0;0;0
0;1;0;0;-81258;-151;-113;0;?;0;0;0
0;1;0;0;-90712;-26;-810;0;?;0;0;0
-1015;1;?;0;-65279;-74;-920;0;?;0;0;0
0;1;?;0;-78851;-209;-65;0;?;0;0;0
0;1;?;0;-78851;-209;-65;0;?;0;0;0
0;1;?;0;-73370;-157;-223;0;?;0;0;0
0;1;0;0;-73370;-157;-223;0;?;0;0;0
-1015;1;?;0;-66091;-78;-355;0;?;0;0;0
0;1;?;0;-99093;-48;-494;0;?;0;0;0
0;1;?;0;-99093;-48;-494;0;1;0;0;0
-1015;1;?;?;-91872;-36;-662;0;?;0;0;0
0;1;?;?;-89117;-50;39;0;?;0;0;0
0;1;?;?;-65656;-40;-381;0;?;0;0;0
1015;1;?;?;-80359;-78;-207;0;1;0;0;0
1015;1;0;?;-80359;-78;-207;0;1;0;0;0
0;1;0;?;-83172;?;-275;0;?;0;0;0
0;1;0;?;-85724;?;-333;0;?;0;0;0
?;1;0;?;-88624;?;-196;0;?;0;0;0
?;1;0;?;-88624;?;-196;0;?;0;0;0
?;1;0;?;-93206;?;-333;0;?;0;0;0
?;1;0;?;-80156;?;-509;?;?;?;0;0
?;1;0;?;-72906;-204;-375;?;?;?;0;0
?;1;0;?;-72906;-204;-375;?;?;?;0;0
?;1;0;?;-80388;-80;-54;?;?;?;0;0
?;?;0;0;-80388;-80;-54;?;?;?;0;0
?;?;0;0;-71601;-111;-680;?;?;?;0;0
?;?;0;0;-84187;-177;-1137;0;?;?;0;0
?;?;0;0;-15283;24;-223;0;?;?;0;0
?;?;0;0;0;-40;-187;0;?;?;0;0
?;?;0;0;0;-40;-187;0;1;?;?;0
?;?;0;0;0;-41;-193;0;1;?;0;0
?;?;0;0;0;-39;-192;0;1;?;1;0
0;?;0;0;0;-39;-172;0;1;0;1;0
0;1;0;0;0;-39;-185;0;1;0;1;0
0;1;0;0;0;-39;-185;0;1;0;1;0
0;1;0;0;0;-39;-185;0;1;0;1;0
0;1;0;0;0;-43;-174;0;?;0;1;0
0;1;0;0;0;-41;-185;0;?;0;1;0
0;1;0;0;0;-41;-189;0;?;0;1;0
0;1;0;0;0;-41;-177;0;?;0;?;0
0;1;0;0;0;-41;-177;0;?;0;?;0
0;1;0;0;0;-38;-176;0;?;0;?;0
0;1;0;0;0;-39;-189;0;?;0;?;?
0;1;0;0;0;-37;-179;0;?;0;?;?
0;1;0;0;0;-37;-179;0;?;0;?;?
0;1;0;0;0;-39;?;0;?;0;?;?
0;1;0;0;0;-40;?;0;?;0;1;?
0;1;0;0;0;-44;?;0;?;0;1;?
0;1;0;0;0;-37;?;0;?;0;1;?
0;1;0;0;0;-37;-179;0;?;0;1;?
0;1;0;0;0;-37;-179;0;?;0;1;?
0;?;0;0;0;-37;-185;0;1;0;1;?
0;?;0;0;0;-39;-180;0;1;0;1;0
0;?;0;0;0;-40;-180;0;1;0;1;0
2001;?;0;0;54868;241;246;0;1;0;1;0
2001;?;0;0;54868;241;246;0;1;0;1;0
-1015;?;0;0;91350;113;774;0;?;0;1;0
0;1;0;0;65743;95;356;0;?;0;1;0
0;1;0;0;72645;215;489;0;?;0;1;0
-1015;1;0;0;71311;40;557;0;?;0;1;0
-1015;1;0;0;71311;40;557;0;?;0;1;0
0;1;0;0;93264;115;792;0;?;0;1;0
0;1;0;0;76357;238;909;0;?;0;1;0
1015;1;0;0;81461;66;480;0;?;0;1;0
1015;1;0;0;81461;66;480;0;?;0;1;0
0;1;0;0;94134;39;926;0;1;0;1;0
0;1;0;0;94134;39;926;?;1;0;1;0
?;1;0;0;74878;23;386;?;1;0;1;0
?;1;0;0;84854;-45;60;?;1;0;1;0
?;1;0;0;95352;-48;140;0;1;0;1;0
?;1;0;0;95352;-48;140;0;1;0;1;0
?;1;0;0;81432;114;76;0;1;0;1;0
?;1;0;0;77836;-19;-56;0;1;0;1;0
?;1;0;0;69803;101;397;0;1;0;1;0
-1015;1;0;0;69803;101;397;0;1;0;1;0
0;1;0;0;59044;171;850;0;1;0;1;0
-1015;1;0;0;89349;76;-120;0;1;0;1;0
0;1;0;0;64786;-1;226;0;1;0;1;0
1015;?;0;0;95787;188;570;0;1;0;1;0
1015;?;0;0;95787;188;570;0;1;0;1;0
1015;?;0;0;95787;188;570;0;1;0;1;0
0;?;0;0;72703;?;509;0;1;0;1;0
0;?;0;0;91611;?;872;0;1;0;1;0
0;?;0;0;66062;?;284;0;1;0;1;0
0;?;0;0;90625;?;250;0;1;0;1;0
0;?;0;0;90625;?;250;0;1;0;1;0
0;?;0;0;84709;?;198;0;1;0;1;0
0;?;0;0;72935;?;288;0;1;0;1;0
0;1;0;0;72935;?;288;0;1;?;1;0
1015;1;0;0;83404;?;197;0;1;?;1;0
1015;1;0;0;83404;-1;197;0;1;?;1;0
1015;1;0;0;66236;71;283;0;1;?;1;0
0;1;0;0;85144;61;647;0;1;?;1;0
1015;1;0;0;94627;181;40;0;1;?;1;0
1015;1;0;0;83056;81;653;0;1;?;1;0
0;1;0;0;93670;120;569;0;1;?;1;0
0;1;0;0;93670;120;569;0;1;?;1;0
-1015;1;0;0;74240;129;88;0;1;0;1;0
0;1;0;0;78300;33;86;0;1;0;1;0
0;1;0;0;84071;110;-81;0;1;0;1;0
0;1;0;0;84071;110;-81;0;1;0;1;0
1015;1;0;0;66091;153;374;0;1;0;1;0
0;1;0;0;?;101;781;0;1;0;1;0
0;1;0;0;?;54;664;0;1;0;1;0
0;1;0;0;?;54;664;0;1;0;1;0
0;1;0;0;?;155;-7;0;1;0;1;0
0;1;0;0;?;155;-7;0;1;0;1;0
0;1;0;0;66352;101;659;0;1;0;1;0
1015;1;0;0;84390;39;786;0;1;0;1;0
0;1;0;0;92568;36;-362;0;1;0;1;0
-1015;1;0;0;98890;-75;289;0;1;0;1;0
-1015;1;0;0;98890;-75;289;0;1;0;1;0
0;1;0;0;77517;-62;16;0;1;0;1;0
1015;1;0;0;81780;17;543;0;1;0;1;0
0;1;0;0;53273;130;267;0;1;0;1;0
0;1;0;0;53273;130;267;0;1;?;1;0
0;1;0;?;71456;114;915;0;1;?;1;0
0;1;0;0;93206;51;498;0;1;?;1;0
0;1;0;0;93206;51;498;0;1;?;1;0
0;1;0;0;62901;63;909;0;1;?;1;0
0;1;0;0;62901;63;909;0;1;?;1;0
0;1;0;0;62901;63;909;0;1;?;?;0
0;1;0;0;66584;84;63;0;1;?;1;0
-1015;1;0;0;82824;163;949;0;1;?;1;0
0;1;0;0;64670;32;743;0;1;?;1;0
0;1;0;0;89117;-14;746;0;1;?;1;0
1015;1;0;0;82679;202;275;0;1;?;1;0
1015;1;0;0;82679;202;275;0;1;?;1;0
0;1;0;0;87203;10;663;0;1;?;1;0
0;1;0;0;77343;57;91;0;1;0;1;0
-1015;1;0;0;100485;61;96;0;1;0;1;0
-1015;1;0;0;100485;61;96;0;1;0;1;0
0;1;0;0;77343;97;316;0;1;0;1;0
0;1;0;0;77343;97;316;0;1;0;1;0
-1015;1;0;0;83056;157;567;0;1;0;1;0
0;1;0;0;70992;213;25;0;1;0;1;?
0;1;0;0;68208;15;648;0;1;0;1;?
0;1;0;0;68208;15;648;0;1;0;1;?
0;1;0;0;71224;-47;4;0;1;0;1;?
1015;1;0;0;78039;51;987;0;1;0;1;?
0;1;0;0;60059;154;1007;0;1;0;1;?
-1015;?;0;0;67106;72;855;0;1;0;1;?
-1015;?;0;0;67106;72;855;0;1;0;1;?
0;?;0;0;65888;165;1143;0;1;0;1;?
0;?;0;0;75081;161;660;0;1;0;1;?
1015;?;0;0;66323;83;657;0;1;0;1;0
1015;?;0;0;66323;83;657;0;1;0;1;0
0;?;0;0;98339;115;745;0;1;0;1;?
0;?;0;0;98339;115;745;0;1;?;1;?
0;?;0;0;86652;154;188;0;1;?;1;?
0;?;0;0;72268;219;1094;0;1;?;1;?
-1015;?;0;0;80388;178;439;0;1;?;1;?
-2001;?;0;0;13543;1;583;0;1;?;1;?
-2001;?;0;0;13543;1;583;0;1;?;1;?
0;1;0;0;0;77;337;0;1;?;1;?
0;1;0;0;0;73;333;0;1;?;1;?
0;1;0;0;0;76;325;0;1;?;1;?
0;1;0;0;0;76;325;?;1;?;?;?
0;1;0;0;0;73;319;?;1;?;1;?
0;1;0;0;0;72;329;0;1;?;1;?
0;1;0;0;0;73;336;0;1;?;1;?
0;1;0;0;0;75;331;0;1;0;1;?
0;1;0;0;0;75;331;0;1;0;1;?
0;1;0;0;0;75;331;0;1;0;1;?
0;1;0;0;0;72;338;0;1;0;1;0
0;1;0;0;0;75;338;0;1;0;1;0
0;1;0;0;0;74;341;?;1;0;1;0
0;1;0;0;0;72;331;?;1;0;1;0
0;1;0;0;0;72;331;?;1;0;1;0
0;1;0;0;0;75;333;?;1;0;1;0
0;1;0;0;0;72;341;?;1;0;1;0
0;1;?;0;0;71;335;?;1;0;1;0
0;1;?;0;0;72;338;?;1;0;1;0
0;1;?;0;0;72;338;?;1;0;1;0
0;1;?;0;0;72;338;?;1;0;1;0
0;1;?;0;0;72;338;?;1;0;1;0
0;1;?;0;0;73;329;?;1;0;1;0
-2001;1;?;0;0;73;340;?;1;0;1;0
0;1;?;0;-74182;-191;-399;?;1;0;1;0
0;1;?;0;-74182;-191;-399;0;1;0;1;0
-1015;1;?;0;-81867;-81;-241;0;1;0;1;0
0;1;0;0;-81084;-74;-696;0;1;0;1;0
1015;1;0;0;-100456;-62;-693;0;1;0;1;0
1015;1;0;0;-100456;-62;-693;0;1;0;1;0
-1015;1;0;0;-68092;-104;-488;0;1;0;1;0
1015;1;0;0;-92191;-28;-347;0;1;0;1;0
0;1;0;0;-94163;-250;-804;0;1;0;1;0
1015;1;0;0;-81171;-79;-249;0;1;0;1;0
1015;1;0;0;-81171;-79;-249;0;1;0;1;0
1015;1;0;0;-81171;-79;-249;0;1;0;1;0
0;1;0;0;-70876;-53;-158;0;1;0;1;0
0;1;0;0;-94221;-75;-765;0;1;0;1;0
0;1;0;0;-90132;-14;252;0;1;0;1;?
0;1;0;0;-97788;-111;-405;0;1;0;1;?
0;1;0;0;-97788;-111;-405;0;1;0;1;?
-1015;1;0;0;-83578;-63;-167;0;1;0;1;?
0;1;0;0;-94076;-5;-548;0;1;0;1;?
0;1;0;0;-71659;-37;-237;0;1;0;1;?
0;1;0;0;-71659;-37;-237;0;1;0;1;?
0;1;0;0;-66236;-32;-730;0;1;0;1;?
0;1;0;0;-81896;-165;-145;0;1;0;?;?
-1015;1;0;0;-71891;19;64;0;1;0;?;?
0;1;0;0;-75951;-50;150;0;1;0;?;0
0;1;0;0;-75951;-50;150;0;1;0;?;0
0;1;0;0;-75951;-50;150;0;1;0;?;0
0;1;0;0;-91727;-91;-25;0;1;0;?;0
1015;1;0;0;-65279;20;-207;0;?;0;?;0
0;1;0;0;-83868;-19;157;0;?;0;?;?
-1015;1;0;0;-58696;-74;-94;0;?;0;?;?
-1015;1;0;0;-58696;-74;-94;0;?;0;?;?
0;1;0;0;-74472;-121;-140;0;1;0;?;0
1015;1;0;0;-72094;-95;-31;0;1;0;?;0
2001;1;0;0;-36453;132;276;0;1;0;?;0
2001;1;0;0;-36453;132;276;0;1;0;1;0
0;1;0;0;0;-147;21;0;1;0;1;0
0;1;0;0;0;6;16;0;1;0;1;1
0;1;0;0;0;2;20;0;1;0;0;1
0;1;0;0;0;6;17;0;1;0;0;1
?;1;0;0;0;6;?;0;1;0;0;1
?;1;0;0;0;6;?;0;1;0;0;1
?;1;0;0;0;3;?;0;1;0;0;1
?;1;0;0;0;4;?;0;1;0;0;1
?;1;0;0;0;4;?;0;1;0;0;1
?;1;0;0;0;6;?;0;1;0;0;1
?;1;0;0;0;6;?;0;1;0;0;1
?;1;0;0;0;3;?;0;1;0;0;1
?;1;0;0;?;1;?;0;1;0;0;1
?;1;0;0;?;3;?;0;1;0;0;1
?;1;0;0;?;3;?;0;1;0;0;1
?;1;0;0;?;7;21;0;1;0;0;1
?;1;0;0;0;7;16;0;1;0;0;1
?;1;0;0;0;4;14;0;1;0;0;1
0;1;0;0;0;4;14;0;1;0;0;1
0;1;0;0;0;4;4;0;1;0;0;1
0;1;0;0;0;4;4;0;1;0;0;1
0;1;0;0;0;4;8;0;1;0;0;1
0;1;0;0;0;4;9;0;1;0;0;1
0;1;0;0;0;1;10;0;1;0;0;1
0;1;0;0;0;1;10;0;1;0;0;1
0;1;0;0;0;6;32;?;1;0;0;1
0;1;0;0;0;4;17;?;1;0;0;1
0;1;0;0;0;3;26;0;1;0;0;1
0;1;0;0;0;5;21;0;1;0;?;1
0;1;0;0;0;5;21;0;1;0;?;1
0;1;0;0;0;3;8;0;1;0;?;1
0;1;0;0;0;3;18;0;1;0;?;1
0;1;0;0;0;3;18;0;1;0;?;1
0;1;0;0;0;4;10;0;1;0;?;1
0;1;0;0;0;3;21;0;1;0;?;1
0;1;0;0;0;3;21;0;1;0;?;1
0;1;0;0;0;3;19;0;1;0;0;1
0;1;0;0;0;6;13;0;1;0;0;1
0;1;0;0;0;3;16;0;1;0;0;1
0;1;0;0;0;3;16;0;1;0;0;1
0;1;0;0;0;4;13;0;1;0;0;1
0;1;0;0;0;2;12;0;1;0;0;1
0;1;0;0;0;5;13;0;1;0;0;1
0;1;0;0;0;4;17;0;1;0;0;1
0;1;0;0;0;4;17;0;1;0;0;1
0;1;0;0;0;3;17;0;1;0;0;1
0;1;0;0;0;6;22;0;1;0;0;1
0;1;0;0;0;3;26;0;1;0;0;1
0;1;0;0;0;3;26;0;1;0;0;1
0;1;0;0;0;3;23;0;1;0;0;1
0;1;0;0;0;3;23;0;1;0;0;1
0;1;0;0;0;5;17;0;1;0;0;1
0;1;0;0;0;7;21;0;1;0;0;1
0;1;0;0;0;3;17;0;1;0;0;1
0;1;0;0;0;3;17;0;1;0;0;1
0;1;0;0;0;5;8;0;1;0;0;1
0;1;0;0;0;6;25;0;1;0;0;1
0;1;0;0;0;5;8;0;1;0;0;1
0;1;0;0;0;6;22;0;1;0;0;1
0;1;0;0;0;6;22;0;1;0;0;1
0;1;0;0;0;6;10;0;1;0;0;1
0;1;0;0;0;?;31;0;1;1;0;1
0;1;0;0;0;?;31;0;1;1;0;1
0;1;0;0;0;?;7;0;1;1;0;1
0;1;0;0;0;?;7;0;1;1;0;?
0;1;1;0;0;?;21;0;1;1;0;?
0;1;1;0;0;?;21;0;1;1;0;1
0;1;1;0;0;?;13;0;1;1;0;1
0;0;1;0;0;?;17;0;0;1;0;1
0;1;1;0;0;?;8;0;0;1;0;1
0;1;1;0;0;?;8;0;0;1;0;?
0;1;1;0;0;?;35;0;0;1;0;?
0;1;0;0;0;?;17;1;0;1;0;1
0;1;0;0;0;?;18;1;0;1;0;1
0;1;0;0;0;3;18;1;0;?;0;1
0;?;0;0;0;5;27;1;0;?;0;1
0;?;0;0;0;3;35;1;0;?;0;1
0;?;0;0;0;3;35;1;0;?;0;1
0;?;0;0;0;3;19;1;0;?;0;1
0;?;0;0;0;5;18;1;0;?;0;1
0;?;0;0;0;5;18;1;0;?;0;1
0;?;0;0;0;3;19;1;0;1;0;1
0;?;0;0;0;1;21;1;0;1;0;1
0;?;0;0;0;6;19;1;0;?;0;1
0;?;?;0;0;1;21;1;0;?;0;1
0;?;?;0;0;8;20;1;0;?;0;1
0;1;?;0;0;8;20;1;0;?;0;1
0;1;?;0;0;1;12;1;0;?;0;1
0;1;?;0;0;3;23;1;0;?;0;1
0;1;?;0;0;3;8;1;0;?;0;1
0;1;?;0;0;3;8;1;0;?;0;1
0;1;?;0;0;3;8;1;0;?;0;1
0;1;?;0;0;5;32;1;0;?;0;1
0;?;?;0;0;1;22;1;0;1;0;1
0;?;?;0;0;2;13;1;0;1;0;1
0;?;?;0;0;1;18;1;0;1;0;1
0;?;?;0;0;3;12;1;0;1;0;1
0;?;?;0;0;3;12;1;0;1;0;1
0;?;?;0;0;3;17;1;0;1;0;1
0;1;?;0;0;5;24;1;0;1;0;1
0;1;?;0;0;1;21;1;0;1;0;1
0;1;?;0;0;1;21;1;0;1;0;1
0;1;?;0;0;3;28;1;0;1;0;1
0;1;?;0;0;6;30;1;0;1;0;1
0;1;0;0;0;2;28;1;0;1;0;1
0;1;0;0;0;2;28;1;0;1;0;1
0;1;0;0;0;2;28;1;0;1;0;1
0;1;0;0;0;1;17;1;0;1;0;1
0;1;0;0;0;3;30;1;0;1;0;1
0;1;0;0;0;4;17;1;0;1;0;1
0;1;0;0;0;6;14;1;0;1;0;1
0;1;0;0;0;6;14;1;0;1;0;1
0;1;0;0;0;2;15;1;0;1;0;1
0;1;0;0;0;6;19;1;0;1;0;1
0;1;0;0;0;2;13;1;0;1;0;1
0;1;0;0;0;1;15;1;0;0;?;1
0;1;0;0;0;1;15;1;0;0;0;1
0;1;0;0;0;7;28;1;0;0;0;1
0;1;0;0;0;1;24;1;0;0;0;1
0;1;0;0;0;3;26;1;0;0;0;1
0;1;0;0;0;3;26;1;0;0;0;1
0;1;0;0;0;3;26;1;0;0;0;1
0;1;0;0;0;5;19;1;0;0;0;1
0;1;0;0;0;3;30;1;0;0;0;1
0;1;0;0;0;1;14;0;0;0;0;1
0;1;0;0;0;2;14;0;0;0;0;1
0;1;0;0;0;2;14;0;0;0;0;1
0;1;0;0;0;3;-306;0;1;0;0;1
0;1;0;0;-90248;17;-473;0;1;0;0;0
1015;1;0;0;-79489;-30;173;0;1;0;0;0
0;1;0;0;-75893;-119;-165;0;1;0;0;0
0;1;0;0;-75893;-119;-165;0;1;0;0;0
0;1;0;0;-85028;-141;255;0;1;0;0;0
-1015;1;0;0;-85521;?;-307;0;1;?;0;0
0;1;0;0;-68556;-127;-785;0;1;?;0;0
1015;1;0;0;-85492;-57;-656;0;1;0;0;0
1015;1;0;0;-85492;-57;-656;0;1;0;0;0
1015;1;0;0;-85492;-57;-656;0;1;0;0;0
?;1;0;0;-80417;?;124;0;1;0;0;0
?;1;0;0;-75255;?;-474;0;1;0;0;0
?;1;0;0;-65685;?;-64;0;1;0;0;0
?;1;0;0;-82128;?;-408;0;1;0;0;0
?;1;0;0;-82128;?;-408;0;1;0;0;0
?;1;0;0;-78503;?;-678;0;1;0;0;0
?;1;0;0;-83433;?;?;0;1;0;0;0
?;1;0;0;-70760;?;?;0;1;0;0;0
?;1;0;0;-70760;?;?;0;1;0;0;0
?;1;0;0;-84564;?;?;0;1;0;0;0
-1015;1;0;0;-84564;?;?;0;1;0;0;0
0;1;0;0;-68904;?;?;0;1;0;0;0
0;1;0;0;-97556;?;-355;0;1;0;0;0
-1015;1;0;0;-80417;-122;55;0;1;0;0;0
-1015;1;0;0;-80417;-122;55;0;1;0;0;0
0;1;0;0;-88624;-64;-681;0;1;0;0;0
0;1;0;0;-98020;-54;-13;0;1;0;0;0
-1015;1;0;0;-77633;?;-283;0;1;0;0;0
-1015;1;0;0;-77633;?;-283;0;1;0;0;0
0;1;0;?;-66613;?;-170;0;1;0;0;0
-1015;1;0;?;-85956;?;-99;0;1;0;0;0
-1015;1;0;?;-66758;?;-270;0;1;0;0;0
0;1;0;?;-75893;?;-266;0;1;0;0;0
0;1;0;?;-75893;?;-266;0;1;0;0;0
0;1;0;?;-102776;?;-133;0;1;0;0;0
0;1;0;0;-102776;?;-133;0;1;0;0;0
-1015;1;0;0;-79373;?;149;0;1;0;0;0
0;1;0;0;-89697;-63;-805;0;1;0;0;0
0;1;0;0;-73660;-58;-129;0;1;0;0;0
0;1;0;0;-73660;-58;-129;0;1;0;0;0
0;1;0;0;-65888;-149;-756;0;1;0;0;0
0;1;0;0;-64235;-198;-816;0;1;0;0;0
1015;1;0;0;-67280;-180;-498;0;1;0;0;0
1015;1;0;0;-67570;-177;-337;0;1;0;0;0
1015;1;0;0;-67570;-177;-337;0;1;0;0;0
1015;1;0;0;-90509;36;-1061;0;1;0;0;0
0;1;0;0;-84680;-228;-745;0;1;0;0;0
-1015;1;0;0;-68730;-86;-145;0;1;0;0;0
0;1;0;0;-86391;?;-907;0;1;0;0;0
0;1;0;0;-86391;?;-907;0;1;0;0;0
0;1;0;0;-86391;?;-907;0;1;0;0;0
0;1;0;0;-75284;?;-362;0;1;0;0;0
2030;1;0;0;-81635;?;-319;0;1;0;0;0
-1015;1;0;0;-86884;-210;-693;0;1;0;0;0
-1015;1;0;0;-86884;-210;-693;0;1;0;0;0
0;1;0;0;-54839;-46;-870;0;1;0;0;0
1015;1;0;0;-89204;-239;-235;0;1;0;0;0
-1015;1;0;0;-80330;-176;-310;0;1;0;0;0
-1015;1;0;0;-80330;-176;-310;0;1;0;0;0
0;1;0;0;-74704;-191;-385;0;1;0;0;0
-1015;1;0;0;-78648;-97;-258;0;1;0;0;0
-1015;1;0;0;-81432;-92;-146;0;1;0;0;0
2001;1;0;0;-26274;-63;?;0;1;0;0;0
0;1;0;0;-1566;-34;?;0;1;0;0;0
0;1;0;0;-1566;-34;?;0;1;0;0;0
0;1;0;0;0;-32;?;0;1;0;0;0
0;1;0;0;0;-32;?;0;1;0;0;0
0;1;0;0;0;-35;?;0;1;0;1;0
?;1;0;0;0;-35;?;0;1;0;1;0
?;1;0;0;0;?;?;0;1;0;1;0
?;1;0;0;0;?;?;0;1;0;1;0
?;1;0;0;0;?;?;0;1;0;1;0
?;1;0;0;0;?;?;0;1;0;1;0
?;1;0;0;0;?;-162;0;1;0;1;0
?;1;0;0;0;?;-164;0;1;0;1;0
?;1;0;0;0;?;?;0;1;0;1;0
?;1;0;0;0;?;?;0;1;0;1;0
0;1;0;0;0;?;?;0;1;0;1;0
0;1;0;0;0;?;?;0;1;0;1;0
0;1;0;0;0;?;?;0;1;0;1;0
0;1;0;0;0;?;?;0;1;0;1;0
0;1;0;0;0;?;?;0;1;0;1;0
0;1;0;0;0;-33;?;0;1;0;1;0
0;1;0;0;0;-32;?;0;1;0;1;0
0;1;0;0;0;-32;?;0;1;0;1;0
0;1;0;0;0;-36;?;0;1;0;1;0
0;1;0;0;0;-32;-159;0;1;0;1;0
0;1;0;0;0;-33;-157;0;1;0;1;0
0;1;0;0;0;-33;-157;0;1;0;1;0
0;1;0;0;0;180;-169;0;1;0;1;?
0;1;0;0;79083;214;1110;0;1;0;1;?
0;?;0;0;73515;208;24;0;1;0;1;?
0;?;0;0;73515;208;24;0;1;0;1;?
0;?;0;0;73515;208;24;0;1;0;1;?
0;?;0;0;88334;238;885;0;1;0;1;?
0;?;0;0;96802;164;729;0;1;0;1;?
1015;?;0;0;98658;34;723;0;1;0;1;?
0;?;0;0;94975;-12;992;0;1;0;1;?
0;?;0;0;94975;-12;992;0;1;0;1;?
0;1;0;0;100282;88;579;0;1;0;1;?
0;1;0;0;66700;149;63;0;1;0;1;?
0;1;0;0;90219;36;-97;0;1;0;1;?
0;1;0;0;90219;36;-97;0;1;0;1;?
0;1;0;0;87261;-31;-149;0;1;0;1;?
0;1;?;0;86362;22;54;0;1;0;1;0
-1015;1;?;0;70093;157;1014;0;1;0;1;0
-1015;1;?;0;70093;157;1014;0;1;0;1;0
-1015;1;?;0;70093;157;1014;0;1;0;1;0
-1015;1;?;0;81142;68;156;0;1;0;1;0
-1015;1;?;0;54926;2;671;0;1;0;1;0
-2030;1;?;0;71108;174;-10;0;1;0;1;0
0;1;?;0;95236;139;?;0;1;0;1;0
0;1;0;0;95236;139;?;0;1;0;1;0
1015;1;0;0;89958;186;?;0;1;0;1;0
0;1;0;0;75458;88;?;0;1;0;1;0
-2030;1;0;0;69020;148;?;0;1;0;1;0
0;1;0;0;88972;-16;?;0;1;0;1;0
0;1;0;0;88972;-16;?;0;1;0;1;0
0;1;0;0;89233;162;-80;0;1;0;1;0
0;1;0;0;93931;125;216;0;1;0;1;0
0;1;0;0;70760;180;516;0;1;0;1;0
0;1;0;0;72761;83;-145;0;1;0;1;0
0;1;0;0;72761;83;-145;0;1;0;1;0
0;1;0;0;72761;83;-145;0;1;0;1;0
0;1;0;0;87290;-29;-189;0;1;0;1;0
0;1;0;0;75458;118;273;0;1;0;1;0
0;1;0;0;89407;169;91;0;1;0;1;0
0;1;0;0;76038;?;244;0;1;0;1;0
0;1;0;0;76038;?;244;0;1;0;1;0
-1015;1;0;0;69252;?;216;0;1;0;1;0
1015;1;0;0;81258;?;881;0;1;0;1;?
-1015;1;0;0;97933;79;573;0;1;0;1;?
1015;1;0;0;72848;7;121;0;1;0;1;?
1015;1;0;?;72848;7;121;0;1;0;1;?
0;1;0;?;72355;58;709;0;1;0;1;?
0;1;0;?;72355;58;709;0;1;0;1;?
0;1;0;?;90712;136;-45;0;1;0;1;?
0;1;0;?;80098;-30;90;0;1;0;1;?
0;1;0;?;88624;7;-218;0;1;0;1;0
0;1;0;0;72732;116;427;0;1;0;1;0
0;1;0;0;72732;116;427;0;1;0;1;0
0;1;0;0;85057;170;15;0;1;0;1;0
0;1;0;0;81026;103;674;0;1;0;1;0
-1015;1;0;0;70847;163;418;0;1;0;1;0
0;1;0;0;89552;140;292;0;1;0;1;0
0;1;0;0;89552;140;292;0;1;0;1;0
0;1;0;0;89552;140;292;0;1;0;1;0
1015;1;0;0;92800;100;69;0;1;0;1;0
1015;1;0;0;92800;100;69;0;1;0;1;0
0;1;0;0;81577;124;545;0;1;0;1;0
0;1;0;0;81577;124;545;0;1;0;1;0
0;1;0;0;88769;17;184;0;1;0;1;0
?;1;0;0;91727;-41;157;0;1;0;1;0
?;1;0;0;94772;-6;638;0;1;0;1;0
?;1;0;0;85753;192;-95;0;1;0;1;0
?;1;0;0;85753;192;-95;0;1;0;?;0
?;1;0;0;77633;-37;82;0;1;0;?;0
?;1;0;0;84013;45;661;?;1;0;?;0
?;1;0;0;94424;97;275;?;1;0;?;0
?;1;0;0;87522;-46;373;?;1;0;?;0
?;1;0;0;87522;-46;373;?;1;0;?;0
?;1;0;0;87522;-46;373;?;1;0;?;0
?;1;0;0;83694;110;437;?;1;0;?;0
?;1;0;0;81664;41;-91;?;1;0;?;0
-1015;1;0;0;87870;?;581;?;1;0;?;0
-1015;1;0;0;87870;?;581;?;1;0;?;0
0;1;0;0;82940;?;-87;?;1;0;?;0
0;1;0;0;94047;?;664;?;1;0;?;0
0;1;0;0;73805;?;292;0;1;0;?;0
1015;1;0;0;74008;?;556;0;1;0;?;0
?;1;0;0;74008;?;556;0;1;0;1;0
?;1;0;0;56956;?;339;0;1;0;1;0
?;1;0;0;74240;-66;346;0;1;0;1;0
?;1;0;0;74559;53;697;0;1;0;1;0
?;1;0;0;74559;53;697;0;1;0;1;0
?;1;0;0;89204;-20;687;0;1;0;1;0
?;1;0;0;89204;-20;687;0;?;0;1;0
0;1;0;0;85260;138;829;0;?;0;1;0
0;1;0;0;93380;162;262;0;?;0;1;0
0;1;0;0;72529;109;101;0;?;0;1;0
0;1;0;0;72529;109;101;0;?;0;1;0
0;1;0;0;67860;149;838;0;?;0;1;0
-1015;1;0;0;98397;229;912;0;?;0;1;0
1015;1;0;0;92684;97;821;0;?;?;1;0
0;1;0;0;87667;233;700;0;?;?;1;0
0;1;0;0;87667;233;700;0;?;?;1;0
-1015;1;0;0;77227;245;506;0;1;?;1;0
-986;1;0;0;69136;161;1034;0;1;0;1;0
0;1;0;0;0;260;531;0;1;0;1;0
0;1;0;0;0;78;348;0;1;0;1;0
?;1;0;0;0;78;348;0;1;0;1;0
0;1;0;?;0;78;348;0;1;0;1;0
0;1;0;?;0;77;362;0;1;0;1;0
0;1;0;?;0;78;360;0;1;0;1;0
0;1;0;?;0;78;356;0;1;0;1;0
0;1;0;?;0;79;347;0;1;?;1;0
0;1;?;?;0;79;347;0;1;?;1;0
0;1;?;?;0;81;374;0;1;?;1;0
0;1;?;?;0;81;356;0;1;?;1;0
0;1;?;?;0;80;345;0;1;?;1;0
0;1;?;?;0;80;345;0;1;?;1;0
0;1;?;?;0;80;352;0;1;?;1;0
0;1;?;0;0;77;348;0;1;?;1;0
?;1;?;0;0;77;356;0;1;0;1;0
?;1;?;0;0;77;356;0;1;0;1;0
?;1;?;0;0;77;356;0;1;0;1;0
?;1;?;0;0;79;342;0;1;0;1;0
?;1;0;0;0;?;342;0;1;0;1;0
?;1;0;0;0;?;350;0;1;0;1;0
?;1;0;0;0;?;360;0;1;0;1;0
0;1;0;0;0;?;364;0;1;0;1;0
0;1;0;0;0;?;364;0;1;0;1;0
0;1;0;0;0;?;364;0;1;0;1;0
0;1;0;0;0;?;215;0;1;0;1;0
0;1;0;0;-73573;?;-272;0;1;0;1;0
0;1;0;0;-69078;?;-1002;0;?;0;1;0
0;1;0;?;-69078;?;-1002;0;?;0;1;0
1015;1;0;?;-75893;?;-332;0;?;0;1;0
-1015;1;0;?;-91495;?;86;0;?;0;1;0
?;1;0;0;-91495;?;86;0;?;0;1;0
0;1;0;0;-81432;-77;-750;0;?;0;1;0
0;1;0;0;-71340;-150;-339;?;?;0;1;0
0;1;0;0;-71340;-150;-339;?;?;0;1;0
-1015;1;0;0;-100282;-36;-368;?;?;0;1;0
0;1;0;0;-63220;-175;-519;0;?;0;1;0
0;1;0;0;-80156;-95;-792;0;?;0;1;0
0;1;0;0;-80156;-95;-792;0;?;0;1;0
-1015;1;0;0;-71833;-66;-1090;0;?;0;1;0
-1015;1;0;0;-82795;-49;?;0;1;0;1;0
1015;1;?;0;-93148;-210;?;0;1;0;1;0
0;1;?;0;-62060;14;?;0;1;0;1;0
0;1;?;0;-62060;14;?;0;1;0;1;0
0;1;?;0;-62060;14;?;0;1;0;1;0
0;1;?;0;-61567;17;?;0;1;0;1;0
0;1;?;0;-79489;-96;?;0;1;0;1;0
0;1;?;0;-99557;-224;?;0;1;0;1;0
0;1;0;0;-99557;-224;?;0;1;0;1;0
0;1;0;0;-66004;41;?;0;1;?;1;0
1015;1;0;0;-71920;-88;133;0;1;?;1;0
1015;1;0;0;-62466;-188;-496;0;1;?;1;0
-1015;1;0;0;-68063;-79;20;0;1;?;1;0
-1015;1;0;0;-68063;-79;20;0;1;?;1;0
0;1;0;0;-68527;-143;240;0;1;0;1;0
0;1;0;0;-60987;-162;-37;0;1;0;1;0
0;1;0;0;-90509;-103;-492;0;1;0;1;0
0;1;0;0;-90509;-103;-492;0;1;0;1;0
-1015;1;0;0;-74095;-5;-495;0;1;0;1;0
0;1;0;0;-91988;1;-681;0;1;0;1;0
0;1;0;0;-91988;1;-681;0;1;0;1;0
0;1;0;0;-61132;-82;-464;0;1;0;1;0
0;1;0;0;-61132;-82;-464;0;1;0;1;0
0;1;0;0;-61132;-82;-464;0;1;0;1;0
-1015;1;0;0;-65047;-225;-686;0;1;0;1;0
0;1;0;0;-101819;-115;-429;0;1;0;1;0
0;1;0;0;-80852;-5;-884;0;1;0;1;?
0;1;0;0;-80852;-5;-884;0;1;0;1;?
0;1;0;0;-97614;69;-270;0;1;0;1;?
0;1;0;0;-85985;-28;-798;0;1;0;1;?
0;1;0;0;-67309;-83;-688;0;1;0;1;?
0;1;0;0;-87029;-159;-289;0;1;0;1;?
0;1;0;0;-87029;-159;?;0;1;0;1;0
0;1;0;0;-82360;-170;?;0;1;0;1;0
0;1;0;0;-89204;36;?;0;1;0;1;0
0;1;0;0;-89204;36;?;0;1;0;1;0
0;1;0;0;-72500;-15;?;0;1;0;1;0
0;1;0;0;-72500;-15;?;0;1;0;1;0
1015;1;0;0;-91930;-61;?;0;1;0;1;0
0;1;0;0;-54433;-141;?;0;1;0;1;0
0;1;0;0;-86217;-24;?;0;1;0;1;0
0;1;0;0;-86217;-24;?;0;1;0;1;0
0;1;0;0;-65772;-54;?;0;1;0;1;0
-1015;1;0;0;-84187;-153;?;0;1;0;1;0
0;1;0;0;-79576;-111;?;0;1;0;1;0
2030;1;0;0;-86014;0;99;0;1;0;1;0
2030;1;0;0;-86014;0;99;0;1;0;1;0
0;1;0;0;-81867;-56;-975;0;1;0;1;0
-1015;1;0;0;-65134;32;-81;0;1;0;1;0
-1015;1;0;0;-65134;32;-81;0;1;0;1;0
0;1;0;0;-75458;-45;-658;0;1;0;1;0
0;1;0;0;-66932;-133;-657;0;1;0;1;0
0;1;0;0;-66932;-133;-657;0;1;0;?;0
-1015;1;0;0;-5684;-72;-581;0;1;0;?;0
0;1;0;0;0;-34;-128;0;1;0;1;0
0;1;0;1;0;-33;-144;0;1;0;1;0
0;1;0;1;0;-33;-144;0;1;0;1;0
0;1;0;1;0;-32;-140;0;1;0;0;0
0;1;0;1;0;-33;-138;0;1;0;0;0
0;1;0;1;0;-32;-166;0;1;0;0;0
0;1;0;1;0;-33;-150;0;1;0;0;0
0;1;0;1;0;-33;-150;0;1;0;0;0
0;1;0;1;0;-34;-160;0;1;0;0;0
0;1;0;1;0;-35;-157;0;1;0;0;0
0;1;0;1;0;-35;-157;0;1;0;0;0
0;1;0;1;0;-31;-157;0;1;0;0;0
0;1;0;1;0;-31;-157;0;1;0;0;0
0;1;0;1;0;-38;-150;0;1;0;0;0
0;1;0;1;0;-35;-146;0;1;0;0;0
0;1;0;1;0;?;-172;0;1;0;0;0
0;1;0;1;0;?;-146;0;1;0;0;0
0;1;0;1;0;?;-146;0;1;0;0;0
0;1;0;1;0;?;-151;0;1;0;0;0
0;1;0;1;0;?;-148;0;1;0;0;0
0;1;0;1;0;?;-152;0;1;0;0;0
0;1;0;1;0;?;-152;0;1;0;0;0
0;1;0;1;0;?;-142;0;1;0;0;0
0;1;0;1;0;?;-136;0;1;?;0;0
0;1;0;1;0;?;-165;0;1;?;0;0
0;1;0;1;0;?;-165;0;1;?;0;0
0;1;0;1;0;?;-156;0;1;?;0;0
0;1;0;1;?;?;-156;0;1;?;0;0
0;1;0;1;?;?;-145;0;1;?;0;0
0;1;0;1;?;-33;-153;0;1;0;0;0
0;1;0;1;?;-32;-157;0;1;0;0;0
0;1;0;1;?;-32;-157;0;1;0;0;0
0;1;0;1;?;-34;-150;0;1;0;0;0
0;1;0;1;?;-33;-154;0;1;0;0;0
0;1;0;1;?;-34;-142;?;1;0;0;0
0;1;0;1;?;-33;-153;?;1;0;0;?
0;1;0;1;?;-33;-153;?;1;0;0;?
0;1;0;1;?;-33;-156;?;1;0;0;?
0;1;0;1;0;-33;-156;?;1;0;0;?
0;1;0;1;0;-33;-156;?;1;0;0;?
0;1;0;1;0;-33;-156;?;1;0;0;?
0;1;0;1;0;-33;-148;?;1;0;0;?
0;1;0;1;0;-33;-148;?;1;0;0;?
0;1;0;1;0;-33;-168;?;1;0;0;?
0;1;0;1;0;-33;-157;?;1;?;0;?
0;1;0;1;0;-38;-134;?;1;?;0;?
0;1;0;1;0;-38;-134;0;1;?;0;?
0;1;0;1;0;-30;-152;0;1;?;0;?
0;1;0;1;0;-33;-148;0;1;?;0;?
0;1;0;1;0;-30;-154;0;1;?;0;?
0;1;0;1;0;-31;-144;0;1;0;0;0
0;1;0;1;0;-31;-144;0;1;0;0;0
0;1;0;1;0;-29;-153;0;1;0;0;0
0;1;0;1;0;-34;-148;0;1;0;0;0
0;1;0;1;0;-34;-148;0;1;0;0;0
0;1;0;1;0;-34;-144;0;1;0;0;0
0;1;0;1;0;-33;-144;0;1;0;0;0
0;1;0;1;0;-33;-144;0;1;0;0;0
0;1;0;1;0;-31;-154;0;1;0;0;0
0;1;0;1;0;-33;-162;0;1;0;0;0
0;1;0;1;0;-30;-158;0;1;0;0;0
0;1;0;1;0;-32;-165;0;1;0;0;0
0;1;0;1;0;-32;-165;0;1;0;0;0
0;1;0;1;0;-33;-144;0;1;0;0;0
0;1;0;1;0;-30;-144;0;1;0;0;0
0;1;0;1;0;-34;-167;0;1;0;0;0
0;1;0;1;0;-34;-167;0;1;0;0;0
0;1;0;1;0;-33;-156;0;1;0;0;0
0;1;0;1;0;-33;-156;0;1;0;0;0
0;1;0;1;0;-32;-151;0;1;0;0;0
0;1;0;1;0;-34;-157;0;1;0;0;0
0;1;0;1;0;-33;-151;0;1;?;0;0
0;1;0;1;0;-33;-151;0;1;0;0;0
0;1;0;1;0;-32;-142;0;1;0;0;0
0;1;0;1;0;-36;-156;0;1;0;0;0
0;1;?;1;0;-33;-157;0;1;0;0;0
?;1;?;1;0;-33;-151;0;1;0;0;0
?;1;?;1;0;-33;-151;0;1;0;0;0
?;1;?;1;0;-34;-142;0;1;0;0;0
?;1;?;1;0;-34;-146;0;1;0;0;0
?;1;?;1;0;-34;-146;0;1;0;0;0
?;1;?;1;0;-33;-146;0;1;1;0;0
?;1;0;1;0;-33;-146;0;1;1;0;0
?;1;1;1;0;-30;-146;0;1;1;0;0
?;1;1;1;0;-30;-146;0;1;1;0;0
0;1;1;1;0;-37;-156;0;1;1;0;0
0;1;1;1;0;-34;-136;0;0;1;0;0
0;1;1;1;0;-34;-136;0;0;1;0;0
0;0;1;1;0;-33;-173;0;0;1;0;0
0;0;1;1;0;-35;-152;0;0;1;0;0
0;1;1;1;0;-36;-142;0;0;1;0;0
0;1;0;1;0;-33;-150;1;0;1;0;0
0;1;0;1;0;-33;-150;1;0;1;0;0
0;1;0;1;0;-36;-156;1;0;1;0;0
0;1;0;1;0;-33;-152;1;0;1;0;0
0;1;0;1;0;-32;-142;1;0;1;0;0
0;1;0;1;0;-32;-142;1;0;1;0;0
0;1;0;1;0;-35;-150;1;0;1;0;0
0;1;0;1;0;-35;-150;1;0;1;0;0
0;1;0;1;0;-35;-151;1;0;1;0;0
0;1;0;1;0;-32;-154;1;0;1;0;0
0;1;0;1;0;-36;-161;1;0;1;0;0
0;1;0;1;0;?;-153;1;0;1;0;0
0;1;0;1;0;?;-153;1;0;1;0;0
0;1;0;1;0;?;-170;1;0;1;0;0
0;1;0;1;0;?;-161;1;0;1;0;0
0;1;0;1;0;?;-153;1;0;1;0;0
0;1;0;1;0;?;-153;1;0;1;0;0
0;1;0;1;0;?;-145;1;0;1;0;0
0;1;0;1;0;?;-148;1;0;1;0;0
0;1;0;1;0;?;-142;1;0;1;0;0
0;1;0;1;0;?;-142;1;0;1;0;0
0;1;0;1;0;?;-157;1;0;1;0;0
0;1;0;1;0;-33;-157;1;0;1;0;0
0;1;0;1;0;-31;-161;1;0;1;0;0
0;1;0;1;0;-33;-150;1;0;1;0;0
0;1;0;1;0;-33;-150;1;0;1;0;0
0;1;0;1;0;-32;-156;1;0;1;0;0
0;1;0;1;0;-30;-163;1;0;1;0;0
0;1;0;1;0;-33;?;1;0;1;0;0
0;1;0;1;0;-34;?;1;0;1;0;0
0;1;0;1;0;-30;?;1;0;1;0;0
0;1;0;1;0;-32;?;1;0;1;0;0
0;1;0;1;0;-32;?;1;0;1;0;0
0;?;0;1;0;-34;?;1;0;1;0;0
0;?;0;1;0;-33;-149;1;0;1;0;0
?;?;0;1;0;-33;-149;1;0;1;0;0
?;?;0;1;0;-32;-145;1;0;1;0;0
?;?;0;1;0;-30;-148;1;0;1;0;0
?;?;0;1;0;-30;-148;1;0;1;0;0
?;?;0;1;0;-32;-150;1;0;1;0;0
?;?;0;1;0;-31;-157;1;0;1;0;0
?;?;?;1;?;-32;-142;1;0;1;0;0
?;1;?;1;?;-32;-142;1;0;1;0;0
?;1;?;1;?;-33;-159;1;0;1;0;0
?;1;?;1;?;-30;-161;1;0;1;0;0
0;1;?;1;?;-33;-153;1;0;0;0;0
0;1;?;1;?;-37;-153;1;0;0;0;0
0;1;?;1;?;-37;-153;1;0;0;0;0
0;1;?;1;?;-29;-150;1;0;0;0;0
0;1;?;1;?;-29;-150;1;0;0;0;0
0;1;?;1;?;-29;-157;1;0;0;0;0
0;1;?;1;?;-36;-158;0;0;0;0;0
0;1;?;1;?;-31;-142;0;0;0;0;0
0;1;?;1;?;-31;-142;0;0;0;0;0
0;1;0;1;0;-32;-157;0;0;0;0;0
0;1;0;1;0;-33;-138;0;0;0;0;0
0;1;0;1;0;-37;-142;0;1;0;0;0
0;1;0;0;-88624;-196;-12;0;1;0;0;0
?;1;0;0;-88624;-196;-12;0;1;0;0;0
?;1;0;?;-70847;-42;-32;0;1;0;0;0
?;1;0;?;-84274;-98;32;0;1;0;0;0
?;1;0;?;-77372;-55;-140;0;1;0;0;0
1015;1;0;?;-77372;-55;-140;0;1;0;0;0
0;1;0;?;-82389;-177;-175;0;1;0;0;0
0;1;0;?;-82389;-177;-175;0;1;0;0;0
0;1;0;?;-71311;-61;-374;0;1;0;0;0
-1015;1;0;?;-75748;-26;-38;0;1;0;0;0
-1015;1;0;?;-75342;37;-155;0;?;0;0;0
-1015;1;0;?;-75342;37;-155;0;?;0;0;0
0;?;0;?;-72036;-112;-303;0;?;0;0;0
0;1;0;?;-64960;-220;-240;0;?;0;0;0
0;1;0;?;-69223;-189;-255;0;?;0;0;0
1015;1;0;?;-84680;-65;-1068;0;1;0;0;0
1015;1;0;?;-84680;-65;-1068;0;1;0;0;0
0;1;0;0;-69165;25;-535;0;1;0;0;0
0;1;0;0;-75835;-20;-219;0;1;0;0;0
-1015;1;0;0;-87812;-190;-639;0;1;0;0;0
-1015;1;0;0;-87812;-190;-639;0;1;0;0;0
0;1;0;0;-67744;-55;-369;0;1;0;0;0
0;1;0;0;-67744;-55;-369;0;1;0;0;0
0;1;0;0;-72007;-180;-136;0;1;0;0;0
0;1;0;0;-89581;-187;-577;0;1;0;0;0
0;1;0;0;-84303;-149;-199;0;1;0;0;0
0;1;0;0;-84303;-149;-199;0;1;0;0;0
0;1;0;0;-83839;-17;-983;0;1;0;0;0
0;1;0;0;-81664;-98;-167;0;1;0;0;0
1015;1;0;0;-69368;-215;-488;0;1;0;0;0
1015;1;0;0;-89030;-205;-628;0;1;0;0;0
1015;1;0;0;-89030;-205;?;0;1;0;0;0
0;1;0;0;-29116;28;?;0;1;0;0;0
0;1;0;0;0;-40;?;0;1;0;0;0
0;1;0;0;0;-40;?;0;1;0;0;0
0;1;0;0;0;?;?;0;1;0;?;0
0;1;0;0;0;?;?;0;1;0;?;0
0;1;0;0;0;?;?;0;1;0;?;0
0;1;0;0;0;?;?;0;1;0;?;0
0;1;0;0;0;?;?;0;1;0;?;0
0;1;0;0;0;?;?;0;1;0;?;0
0;1;0;0;0;?;-187;0;1;0;?;0
0;1;0;0;0;?;-201;0;1;0;?;0
0;1;0;0;0;?;-180;0;1;0;?;0
0;1;0;0;?;-45;-180;0;1;0;1;0
0;1;0;0;?;-40;-198;0;1;0;1;0
0;1;0;?;?;-40;-198;0;1;0;1;0
0;1;0;?;?;-39;-183;0;1;0;1;0
0;1;0;?;?;-40;-196;0;1;0;1;0
0;1;0;?;?;-41;-197;0;1;0;1;0
0;1;0;?;0;-41;-197;0;1;0;1;0
0;1;0;?;0;-40;-201;0;1;0;1;0
0;1;0;?;0;-40;-201;0;1;0;1;0
0;1;0;?;0;-45;-201;0;1;0;1;0
0;1;0;?;0;-43;-191;0;1;0;1;0
0;1;0;?;0;-41;-201;0;1;?;1;0
0;1;0;?;0;-41;-201;0;1;?;1;0
0;1;0;?;0;-45;-198;0;1;?;1;0
0;1;0;?;0;-45;-59;0;1;?;1;0
0;1;0;0;76125;215;131;0;1;?;1;0
0;1;0;0;65772;176;930;0;1;?;1;0
0;1;0;0;65772;176;930;0;1;?;?;0
0;1;0;0;95004;143;1023;0;1;?;?;0
0;1;0;0;97092;88;675;0;1;?;?;0
0;1;0;0;97092;88;675;0;1;?;?;0
0;1;0;0;89494;200;716;0;1;?;?;0
0;1;0;0;88044;101;108;0;1;?;?;0
0;1;0;0;88044;101;108;0;1;?;?;0
1015;1;0;0;97962;-14;644;0;1;?;?;0
0;1;0;0;66642;172;299;0;1;?;?;0
-1015;1;0;0;90683;142;620;0;1;?;?;0
-1015;1;0;0;90683;?;620;0;1;?;?;0
0;1;0;0;75574;?;-3;0;1;?;?;0
0;1;0;0;74762;?;89;0;1;?;1;0
0;1;0;0;81780;?;362;0;1;?;1;0
0;1;0;0;65192;?;207;0;1;?;1;0
0;1;0;0;65192;?;207;0;1;?;1;0
0;1;0;0;71572;?;783;0;1;?;1;0
0;1;0;0;84013;?;720;0;1;?;1;0
0;1;0;0;84013;?;?;0;1;?;1;0
0;1;0;0;89755;?;?;0;1;0;1;0
0;1;0;0;89755;?;?;0;1;0;1;0
0;1;0;0;78184;?;?;0;1;0;1;0
0;1;0;0;84564;?;?;0;1;0;1;0
-1015;1;0;0;69136;?;?;0;1;0;1;0
0;1;0;0;100891;?;?;0;1;0;1;0
0;1;0;0;100891;?;?;0;1;0;?;0
0;1;0;0;69020;?;741;0;1;0;?;0
-1015;1;0;0;84854;?;89;0;1;0;?;0
0;1;0;0;87174;160;687;0;1;0;?;0
0;1;0;0;89494;113;?;0;1;0;?;0
0;1;0;0;89494;113;?;0;1;0;?;0
1015;1;0;0;81693;167;?;0;1;0;?;0
-1015;1;0;0;66700;99;?;0;1;0;?;0
-1015;1;0;0;66700;99;?;0;1;0;1;0
0;1;0;0;98107;145;?;0;1;0;1;0
0;1;0;0;83984;33;?;0;1;0;1;0
0;1;0;0;83984;33;?;0;1;0;1;0
0;1;0;0;82360;90;?;0;1;0;1;0
1015;?;0;0;100224;94;?;0;1;0;1;0
0;?;0;0;87145;-18;1054;0;1;0;1;0
0;?;0;0;87145;-18;1054;0;1;0;1;0
-1015;?;0;0;82592;62;1057;0;1;?;1;0
0;1;0;0;66352;120;255;0;1;?;1;0
0;1;0;0;60407;128;611;0;1;?;1;0
0;1;0;0;89204;-21;186;0;1;?;1;0
0;1;0;0;89204;-21;186;0;1;?;1;0
0;1;0;0;89204;-21;186;0;1;?;1;0
0;1;0;0;90016;89;819;0;1;?;1;0
0;1;0;0;87580;167;293;0;?;0;1;0
0;1;0;0;92916;132;73;0;?;0;1;0
0;1;0;0;89088;100;821;0;?;0;1;0
0;1;0;0;89088;100;821;0;?;0;1;0
0;1;0;0;94076;127;546;0;?;0;1;0
1015;1;0;0;69165;226;467;0;?;0;1;0
-1015;1;0;0;87609;-2;473;0;?;0;1;0
1015;1;0;0;91176;123;-76;0;?;0;1;0
1015;1;0;0;91176;123;-76;0;?;0;1;0
0;1;0;0;76328;-46;581;0;?;0;1;0
1015;1;0;?;78909;12;267;0;1;0;1;0
1015;1;0;?;78909;12;267;0;1;0;1;0
-1015;?;0;?;70180;105;46;0;1;0;1;0
-1015;?;0;?;70180;105;46;0;1;0;1;0
1015;?;0;?;89523;190;-361;0;1;0;1;0
1015;1;0;?;96483;114;629;0;?;0;1;0
1015;1;0;?;86159;51;201;0;?;0;1;0
1015;1;0;?;86159;51;201;0;?;0;1;0
0;1;0;?;94801;-31;140;0;?;0;1;0
0;1;0;?;81925;111;909;0;1;0;1;0
0;1;0;?;74124;31;-100;0;1;0;1;0
0;1;0;?;87696;-20;390;0;1;0;1;0
0;1;0;?;85028;151;-7;0;1;0;1;0
0;1;0;?;85028;151;-7;0;1;0;1;0
0;1;0;?;81403;54;1026;0;1;0;1;0
0;1;0;?;81403;54;1026;0;1;0;1;0
0;1;0;?;69107;153;478;0;1;0;1;0
0;1;0;0;74849;209;1008;0;1;0;1;0
1015;1;0;0;92133;20;658;0;1;0;1;0
?;1;0;0;92133;20;658;0;1;0;1;0
?;1;0;0;82737;-43;40;0;1;0;1;0
?;1;0;0;82911;-3;40;0;1;0;1;0
?;1;0;0;86478;16;326;0;1;0;1;0
?;1;0;0;78358;158;268;0;1;0;1;0
?;?;0;?;78358;158;268;0;1;0;1;0
?;1;0;?;90045;-8;869;0;1;0;1;0
?;1;0;?;64061;150;1035;0;1;0;1;0
?;1;0;?;72413;247;274;0;1;0;1;0
?;1;0;?;72413;247;274;?;1;0;1;0
?;1;0;?;72413;247;274;?;1;0;1;0
?;1;0;0;101065;165;685;?;1;0;1;0
?;1;0;0;68614;219;297;?;1;0;1;0
1015;1;0;0;71282;196;290;?;1;0;1;0
0;1;0;0;66352;146;421;?;1;0;1;0
0;1;0;0;66352;146;421;?;1;?;1;0
0;1;0;0;81693;135;214;?;1;?;1;0
-1015;1;0;0;65685;158;210;?;1;?;1;0
-2001;1;0;0;82476;125;337;0;1;?;1;0
-2001;1;0;0;82476;125;337;0;?;?;1;0
0;1;0;0;0;109;581;0;?;?;1;0
0;1;0;0;0;86;391;0;?;?;1;0
0;1;0;0;0;86;401;0;?;?;1;0
0;1;0;0;0;89;387;0;?;?;1;0
0;1;0;0;0;89;387;0;?;?;1;0
0;1;0;0;0;89;387;0;1;?;1;0
0;1;0;0;0;86;?;0;1;?;1;0
0;1;0;0;0;88;?;0;1;?;1;0
0;1;0;0;0;86;?;0;1;0;1;0
0;1;0;0;0;86;?;0;1;0;1;0
0;1;0;0;0;86;?;0;1;0;1;?
0;1;0;0;0;88;?;0;1;0;1;?
0;1;0;0;0;87;?;0;1;0;1;?
0;1;0;0;0;87;?;0;1;0;1;?
0;1;0;?;0;87;?;0;1;0;1;?
0;1;0;?;0;88;384;0;1;0;1;?
0;1;0;?;0;88;393;0;1;0;1;?
0;1;0;?;0;88;389;0;1;0;1;0
0;1;0;0;0;88;403;0;1;0;1;0
0;1;0;0;0;88;?;0;1;0;1;0
0;1;0;0;0;88;?;0;1;0;1;0
0;1;0;0;0;86;?;0;1;0;1;0
0;1;0;0;0;85;?;0;1;0;1;0
0;1;0;0;0;86;393;0;1;0;1;0
-2001;?;0;0;-29580;-95;-705;0;1;0;1;0
-2001;?;0;0;-29580;-95;-705;0;?;0;1;0
-1015;?;0;0;-71572;-184;-211;0;?;0;1;0
-1015;?;0;0;-67802;-215;-504;0;?;0;1;0
0;?;0;0;-89320;-71;-203;0;?;0;1;0
0;?;0;0;-89320;-71;-203;0;?;0;1;0
0;?;0;0;-77459;-20;-771;0;?;0;1;0
1015;1;0;0;-71137;-80;-202;0;?;0;1;0
-1015;1;0;0;-67541;-233;-829;0;?;0;1;0
-1015;1;0;0;-67541;-233;-829;0;?;0;1;0
2030;1;0;0;-77865;-84;-162;0;?;0;1;0
0;1;0;0;-57797;-169;-881;0;?;0;1;0
0;1;0;0;-57797;-169;-881;0;?;0;1;0
0;1;0;0;-82621;-236;-434;0;?;0;1;0
0;1;0;0;-71572;-104;-63;?;?;0;1;0
0;1;0;0;-80359;-28;207;?;?;0;1;0
0;1;0;0;-80359;-28;207;?;1;0;1;0
-1015;1;0;0;-69977;-162;-889;?;1;0;1;0
0;1;0;0;-72616;-49;-743;?;1;0;1;0
1015;1;0;0;-65598;-51;-281;?;1;0;1;0
0;1;0;0;-65975;-65;-469;?;1;0;1;0
0;1;0;0;-65975;-65;-469;?;?;0;1;0
0;1;0;0;-93960;-233;-381;?;?;0;1;0
0;1;0;0;-93960;-233;-381;?;?;0;?;0
0;1;0;0;-93409;-20;435;?;?;0;?;0
0;1;0;0;-72587;-56;-175;?;?;0;?;0
-1015;1;0;0;-88972;28;-495;?;?;0;1;0
0;1;0;?;-73022;-50;116;?;?;0;1;0
0;1;0;?;-73022;-50;116;0;?;0;1;0
0;1;0;?;-90422;-26;148;0;?;0;1;0
0;1;0;?;-89494;-37;-541;0;1;?;1;0
0;1;0;?;-63626;10;-387;0;1;?;1;0
0;1;0;?;-84187;-84;-341;0;1;?;1;0
0;1;0;?;-84187;-84;-341;0;1;?;1;0
0;1;0;?;-69600;-141;-386;0;1;?;1;0
0;1;0;0;-2697;-34;-153;0;1;?;1;0
0;1;0;0;-2697;-34;-153;0;1;?;1;0
0;1;0;0;0;32;19;0;1;?;1;0
0;1;0;0;0;8;33;0;1;?;1;1
0;1;0;0;0;8;33;0;1;?;1;1
0;1;0;0;0;5;19;0;1;?;0;1
0;1;0;0;0;4;26;0;1;0;0;1
0;1;0;0;0;3;9;0;1;0;0;1
0;1;0;0;0;3;9;0;1;0;0;1
0;1;0;0;0;1;14;0;1;0;0;1
0;1;0;0;0;8;26;0;1;0;0;1
0;1;0;0;0;6;15;0;1;0;0;1
0;1;0;0;0;2;21;0;1;0;0;1
?;1;0;0;0;2;21;0;1;0;0;1
?;1;0;0;0;4;16;0;1;0;0;1
?;1;?;0;0;3;31;0;1;0;0;1
?;1;?;0;0;7;30;0;1;0;0;1
?;1;0;0;0;7;30;0;1;0;0;1
?;1;0;0;0;6;26;0;1;0;0;1
?;1;0;0;0;6;26;0;1;0;0;1
?;1;0;0;0;5;30;0;1;0;0;1
?;1;0;0;0;6;26;0;1;0;0;1
?;1;0;0;0;2;24;0;1;0;0;1
?;1;0;0;0;2;24;0;1;0;0;1
?;1;0;0;0;5;26;0;1;0;0;1
?;1;0;0;0;2;22;0;1;0;0;1
0;1;0;0;0;3;18;0;1;0;0;1
0;1;0;0;0;3;18;0;1;0;0;1
?;1;0;0;0;5;28;0;1;0;0;1
?;1;0;0;0;3;40;0;1;0;0;1
?;1;0;0;0;3;13;0;1;0;0;1
?;1;0;0;0;3;13;0;1;0;0;1
?;1;0;0;0;3;13;0;1;0;0;1
?;1;0;0;0;7;28;0;1;0;0;1
0;1;0;0;0;6;13;0;1;0;0;1
0;1;0;0;0;6;19;0;1;0;0;1
0;1;0;0;0;6;14;0;1;0;0;1
0;1;0;0;0;6;14;0;1;0;0;1
0;1;0;0;0;6;14;0;1;0;0;1
0;1;0;0;0;5;28;?;1;0;0;1
0;1;0;0;0;7;30;?;1;0;0;1
0;1;0;0;0;5;32;?;1;0;0;1
0;1;0;0;0;5;32;?;1;0;0;1
0;1;0;0;0;5;30;?;1;0;0;1
0;1;0;0;0;4;23;?;1;0;0;1
0;1;0;0;0;4;23;?;1;0;0;1
0;1;0;0;0;7;27;?;1;0;0;1
0;1;0;0;0;4;28;?;1;0;0;1
0;1;0;0;0;10;37;?;1;0;0;1
0;1;0;0;0;10;37;0;1;0;0;1
0;1;0;0;0;6;31;0;1;0;0;1
0;1;0;0;0;5;21;0;1;0;0;1
0;1;0;0;0;3;19;0;1;0;0;1
0;1;0;0;0;2;35;0;1;0;0;1
0;1;0;0;0;2;35;0;1;0;0;1
0;1;0;0;0;6;26;0;1;0;0;1
0;1;0;0;0;4;17;0;1;0;0;1
0;1;0;0;0;4;31;0;1;0;0;1
0;1;0;0;0;4;31;0;1;0;0;1
0;1;0;0;0;4;31;0;1;0;0;1
0;1;0;0;0;3;13;0;1;0;0;1
0;1;0;0;0;5;13;0;1;0;0;1
0;1;0;0;0;6;32;0;1;0;0;1
0;1;0;0;0;4;31;0;1;?;0;1
0;1;0;0;0;4;31;0;1;?;0;1
0;1;0;0;0;5;30;0;1;?;0;1
0;1;0;0;0;?;11;0;1;?;0;1
0;1;0;0;0;?;10;0;1;?;0;1
0;1;0;0;0;?;10;0;1;?;0;1
0;1;0;0;0;?;19;0;1;?;0;1
0;1;0;0;0;?;22;0;1;?;0;1
?;1;0;0;0;?;22;0;1;?;0;1
?;1;0;0;0;?;15;0;1;0;0;1
?;1;0;0;0;?;28;0;1;0;0;1
?;1;0;0;0;?;28;0;1;0;0;1
?;1;0;0;0;?;19;0;1;0;0;1
?;1;0;0;0;?;12;0;1;0;0;1
?;1;0;0;0;?;35;0;1;0;0;1
?;?;0;0;0;?;21;0;1;0;?;1
?;?;0;0;0;6;21;0;1;0;?;1
?;?;0;0;0;3;23;0;1;0;?;1
?;?;0;0;0;4;16;0;1;1;?;1
?;?;0;0;0;6;35;0;1;1;?;1
0;?;1;0;0;6;17;0;1;1;?;1
0;?;1;0;0;6;17;0;1;1;?;1
0;1;1;0;0;6;17;0;1;1;?;1
0;1;1;0;0;2;18;0;1;1;?;1
0;1;1;0;0;3;6;0;0;1;?;1
0;0;1;0;0;3;13;0;0;1;?;1
0;1;1;0;0;3;49;0;0;1;?;1
0;1;1;0;0;3;49;0;0;1;0;1
0;1;1;0;0;5;27;0;0;1;0;1
0;1;0;0;0;7;21;1;0;1;0;1
0;1;0;0;0;4;30;1;0;1;0;1
0;1;0;0;?;2;16;1;0;1;0;1
0;1;0;0;?;2;16;1;0;1;0;1
0;1;0;0;?;3;23;1;0;1;0;1
0;1;0;0;?;7;32;1;0;1;0;1
0;1;0;0;?;5;20;1;0;1;0;1
0;1;0;0;?;5;20;1;0;1;0;1
0;1;0;0;?;5;20;1;0;1;0;1
0;1;0;0;?;5;26;1;0;1;0;1
0;1;0;0;?;6;31;1;0;1;0;?
0;1;0;0;?;2;26;1;0;1;0;1
0;1;0;0;?;3;19;1;0;1;0;1
0;1;0;0;0;3;19;1;0;1;0;1
0;1;0;0;0;6;13;1;0;1;0;1
0;1;0;0;0;4;31;1;0;1;0;1
0;1;0;0;0;7;34;1;0;1;0;1
0;1;0;0;0;3;40;1;0;1;0;1
0;1;0;0;0;3;40;1;?;1;0;1
0;1;0;0;0;5;27;1;?;1;0;?
0;1;0;0;0;4;26;1;?;1;0;?
0;1;0;0;0;2;19;1;?;1;0;?
0;1;0;0;0;2;?;1;?;1;0;?
0;1;0;0;0;2;?;1;?;1;0;?
0;1;0;0;0;5;?;1;?;1;0;?
0;1;0;0;0;3;?;1;?;1;0;?
0;1;0;0;0;5;?;1;?;1;0;?
0;1;0;0;0;6;?;1;0;1;0;?
0;1;0;0;0;6;?;1;0;1;0;?
0;1;0;0;0;6;?;1;0;1;0;?
0;1;0;0;0;4;?;1;0;1;0;?
0;1;0;0;0;3;?;1;0;1;0;1
0;1;0;0;0;3;?;1;0;1;0;1
0;1;0;0;0;3;?;1;0;1;0;1
0;1;0;0;0;3;?;1;0;1;0;1
0;1;0;0;0;5;?;1;0;1;0;1
0;1;0;0;0;5;?;1;0;1;0;1
0;1;0;0;0;5;30;1;0;1;0;1
0;1;0;0;0;2;31;1;0;1;0;1
0;1;0;0;0;6;20;1;0;1;0;1
0;1;0;0;0;6;30;1;0;1;0;1
0;1;0;0;0;2;15;1;0;1;0;1
0;1;0;0;0;4;18;1;0;0;0;1
0;1;0;0;0;4;18;1;0;0;0;1
0;1;0;0;0;5;43;1;0;0;0;1
0;1;0;0;0;5;20;1;0;0;0;1
0;1;0;0;0;8;35;1;0;0;0;1
0;1;0;0;0;4;30;1;0;0;0;1
0;1;0;0;0;4;30;1;0;0;0;1
0;1;0;0;0;6;13;1;0;0;0;1
0;1;0;0;0;5;33;0;0;0;0;1
0;1;0;0;0;5;?;0;0;0;0;1
0;1;0;0;0;5;?;0;0;0;0;1
0;1;0;0;0;5;?;0;0;0;0;1
0;1;0;0;0;5;?;0;0;0;0;1
0;1;0;0;0;3;?;0;1;0;0;1
-3016;1;0;0;-51446;-226;?;0;1;0;0;0
0;1;0;0;-74936;-158;?;0;1;0;0;0
0;1;?;0;-69513;-32;?;0;1;0;0;0
0;1;?;0;-69513;-32;-46;0;1;0;0;0
-1015;1;?;0;-74066;-57;-421;0;1;0;0;0
2030;1;?;0;-89320;-12;-441;0;1;0;0;0
-1015;1;?;0;-82998;-43;-537;?;1;0;0;0
-1015;1;?;0;-72877;-140;-732;?;1;0;0;0
-1015;1;?;0;-72877;-140;-732;?;1;0;0;0
-1015;1;?;0;-72877;-140;-732;?;1;0;0;0
0;1;?;0;-67048;-116;20;?;1;0;0;0
0;1;?;0;-81983;67;-520;?;1;0;0;0
0;1;0;0;-81983;67;-520;?;1;0;0;0
0;1;0;0;-84390;-87;-171;?;1;0;0;0
0;1;0;0;-84390;-75;-515;?;1;0;0;0
0;1;0;0;-94453;49;-188;?;1;0;0;0
0;1;0;0;-75313;-45;-435;?;1;?;0;0
0;1;0;0;-90045;-15;?;?;1;?;0;0
0;1;0;0;-90045;-15;?;?;1;?;0;0
0;1;0;0;-81374;-90;?;?;1;?;0;0
0;1;0;0;-67077;-181;?;0;1;?;0;0
0;1;0;0;-68063;-80;?;0;1;?;0;0
0;1;0;0;-68063;-80;-558;0;1;?;0;0
0;1;0;0;-68672;-96;-606;0;1;?;0;0
0;1;0;0;-68672;-96;-606;0;1;?;0;0
0;1;0;0;-67251;-53;-465;0;1;?;0;0
0;1;0;0;-66439;-176;?;0;1;?;0;0
0;1;0;0;-65772;-152;?;0;1;0;0;0
1015;1;0;0;?;-44;?;0;1;0;0;0
1015;1;0;0;?;-44;?;0;1;0;0;0
0;1;0;0;?;-41;?;0;1;0;0;0
?;1;0;0;?;-68;?;0;1;0;0;0
?;1;0;0;-58812;-62;?;0;1;0;0;0
?;1;0;0;-91640;-157;?;0;1;0;0;0
?;1;?;0;-91640;-157;?;0;1;0;0;0
?;1;0;0;-90596;-133;?;0;1;0;0;0
?;1;0;0;-90596;?;?;0;1;0;0;0
?;1;0;0;?;?;-630;0;1;0;0;0
0;1;0;0;?;?;-197;0;1;0;0;0
0;1;0;0;?;?;-197;0;1;0;0;0
0;1;0;0;?;?;-263;0;1;0;0;0
0;1;0;0;?;?;-915;0;1;0;0;0
0;1;0;0;?;?;-290;0;1;0;0;0
0;1;0;0;?;?;-311;0;1;0;0;0
0;1;0;0;?;-145;-311;0;1;0;0;0
0;1;0;0;?;-141;-350;0;1;0;0;0
1015;1;0;0;?;-42;-755;0;1;0;0;0
0;1;0;0;?;36;-240;0;1;0;0;0
-1015;1;0;0;-81519;-174;-648;0;1;0;0;0
-1015;1;0;0;-81519;-174;-648;0;1;0;0;0
-1015;1;0;0;-81519;?;-648;0;1;0;0;0
0;1;0;0;-73080;?;-417;0;1;0;0;0
1015;1;0;0;-58290;?;-256;0;1;0;0;0
-1015;1;0;0;-85869;?;-835;0;1;0;0;0
-1015;1;0;0;-85869;?;-835;0;1;0;?;0
1015;1;0;0;-73428;-44;-1007;0;1;0;?;0
-1015;1;0;0;-91698;-111;-419;0;1;0;?;0
0;1;0;0;-83462;-132;-364;0;1;0;?;0
1015;1;0;0;-83085;-93;-377;0;1;0;?;0
1015;1;0;0;-83085;-93;-377;0;1;0;?;0
1015;1;?;0;-70093;-251;-834;0;1;0;?;0
0;1;0;0;-96773;-108;-774;0;1;0;?;0
986;1;0;?;-42630;-228;-607;0;1;0;?;0
986;1;0;0;-42630;-228;-607;0;1;0;?;0
0;1;0;0;-20445;?;-320;0;1;0;?;0
0;1;0;0;-20445;?;-320;0;1;0;?;0
0;1;0;0;0;?;-159;0;1;0;0;0
0;1;0;0;0;?;-164;0;1;0;0;0
0;1;0;0;0;?;-162;0;1;0;1;0
0;1;0;0;0;?;-162;0;1;0;1;0
0;1;0;?;0;?;-160;0;1;0;1;0
0;1;0;0;0;?;-164;0;1;0;1;0
0;1;0;0;0;?;-171;0;1;0;1;0
0;1;0;0;0;?;-171;0;1;0;1;0
0;1;0;0;0;?;-174;0;1;0;1;0
0;1;0;0;0;?;-162;0;1;0;1;0
0;1;0;0;0;?;-162;0;1;0;1;0
0;1;0;0;0;-35;-159;0;1;0;1;0
0;1;0;0;?;-35;-159;0;1;0;1;0
0;1;0;0;?;-35;-159;0;1;0;1;0
0;1;0;0;?;-34;-162;0;1;0;1;0
0;1;0;0;?;-37;-155;0;1;0;1;0
0;1;0;0;?;-37;-155;0;1;0;1;0
0;1;0;0;?;-36;-167;0;1;0;?;0
0;1;0;0;?;-36;-167;0;1;0;1;0
0;1;0;0;?;-35;-164;0;1;0;1;0
0;1;?;0;?;-36;-170;0;1;0;1;0
0;1;?;0;0;-35;-174;0;1;0;1;0
0;1;?;0;0;-35;-174;0;1;0;1;0
0;1;?;0;0;-36;-164;0;1;0;1;0
2001;1;?;0;69687;226;-161;0;1;0;1;0
0;1;?;0;84158;14;779;0;1;0;1;0
0;1;?;0;71804;44;414;0;1;0;1;0
0;1;?;0;71804;44;414;0;1;0;1;0
0;1;?;0;71804;44;414;0;1;0;1;0
0;1;?;?;85057;210;108;0;1;0;1;0
0;1;?;?;82998;240;974;0;1;0;1;0
1015;1;?;?;79460;121;1029;0;1;0;1;0
1015;1;?;?;81983;79;248;0;1;0;1;0
1015;1;?;?;81983;79;248;0;1;0;1;0
0;1;0;?;75139;48;295;0;1;0;1;0
1015;1;0;?;67860;68;73;0;1;0;1;0
1015;1;0;?;90973;183;390;0;1;0;1;0
1015;1;0;?;90973;183;390;0;1;0;1;0
0;1;0;?;?;195;547;0;1;0;1;0
0;1;0;?;?;142;318;0;1;0;1;0
0;1;0;?;?;110;84;0;1;0;1;0
0;1;0;?;70789;110;84;0;1;0;1;0
0;1;0;?;72442;111;128;0;1;0;1;0
0;1;0;?;72442;111;128;0;1;0;1;0
0;1;0;0;78445;158;?;0;1;0;1;0
0;1;0;0;78271;40;?;0;1;0;1;0
0;1;0;0;94076;8;?;0;1;0;1;0
-1015;1;0;0;79141;73;409;0;1;0;1;0
-1015;1;0;0;79141;73;409;0;1;0;1;0
0;1;0;0;68092;102;844;0;1;0;1;0
?;1;0;0;69107;26;20;0;1;0;1;0
?;1;0;0;96425;139;481;?;1;0;1;0
0;1;0;0;87261;103;560;?;1;0;?;0
0;1;0;0;87261;103;560;?;1;0;?;0
-1015;1;0;0;81867;1;228;?;1;0;?;0
-1015;1;0;0;81867;1;228;?;1;0;?;?
1015;1;0;0;69049;63;553;?;1;0;?;?
0;1;0;0;56231;34;14;?;1;0;?;?
0;1;0;0;59508;118;763;?;1;0;?;?
0;1;0;0;59508;118;763;?;1;0;?;?
0;1;0;0;83984;49;503;?;1;0;?;?
0;1;0;0;60204;132;575;?;1;0;?;?
1015;1;0;0;63684;1;113;?;1;0;?;?
0;1;0;0;54404;176;260;?;1;0;1;?
0;1;0;0;54404;176;260;?;1;0;1;?
-1015;1;0;0;103037;156;411;?;1;0;1;0
0;1;0;0;52084;5;376;?;1;0;1;0
0;1;0;0;52084;5;376;?;1;0;1;0
-1015;1;0;0;79402;84;-107;?;1;0;1;0
0;1;0;0;94656;114;297;?;1;0;1;0
0;1;0;0;94656;114;297;?;1;0;1;0
1015;1;0;0;96425;60;-358;0;1;0;1;0
1015;1;0;0;68904;58;167;0;1;0;1;0
-1015;1;0;0;86188;116;1027;0;1;0;1;0
0;1;0;0;67251;?;510;0;1;0;1;0
0;1;0;0;67251;?;510;0;1;0;1;0
0;1;0;0;82621;?;780;0;1;0;1;0
0;1;0;0;84216;?;728;0;1;0;1;0
0;1;0;0;92916;?;576;0;1;0;1;0
0;1;0;0;92916;?;576;0;1;0;1;0
0;1;0;0;92916;?;576;0;1;0;1;0
0;1;0;0;89291;?;281;0;1;0;1;0
1015;1;0;0;80272;?;564;0;1;0;1;0
1015;1;0;0;86333;?;614;0;1;0;1;0
1015;1;0;0;53534;?;348;0;1;0;1;0
1015;1;0;0;53534;?;348;0;1;0;1;0
-1015;1;0;0;85028;?;507;0;1;0;1;0
-1015;1;0;0;95816;17;177;0;1;0;1;0
0;1;0;0;75864;175;-64;0;1;0;1;0
0;1;0;0;77082;10;758;0;1;0;1;0
0;1;0;0;77082;10;758;0;1;0;1;0
0;1;0;0;69426;136;1017;0;1;0;1;0
0;1;0;0;95004;149;109;0;1;0;1;0
0;1;0;0;65105;84;263;0;1;0;1;0
0;1;0;0;92800;-26;380;0;1;0;1;0
0;1;0;0;92800;-26;380;0;1;0;1;0
0;1;0;0;92800;-26;380;0;1;0;1;0
0;1;0;0;62002;-1;303;0;1;?;1;0
0;1;0;0;85028;81;-92;0;1;?;1;0
-1015;1;0;0;93206;-20;567;0;1;?;1;0
-1015;1;0;0;93206;-20;567;0;1;0;1;0
0;1;0;0;79025;196;767;0;1;0;1;0
-1015;1;0;0;76415;214;450;0;1;0;1;0
0;1;0;0;74849;35;425;0;1;0;1;0
-1015;1;0;0;83868;-2;780;0;1;0;1;0
-1015;1;0;?;83868;-2;780;0;1;0;1;0
0;1;0;?;77140;64;826;0;1;0;1;0
-1015;1;0;?;76792;138;832;0;1;0;1;0
0;1;0;?;?;112;827;0;1;0;1;0
0;1;0;?;?;112;827;0;1;0;1;0
-1015;1;0;?;?;210;664;0;1;0;1;0
-1015;1;0;?;?;-7;52;0;1;0;1;0
-1015;1;0;?;?;47;-24;0;1;0;1;0
-1015;1;0;?;?;47;-24;0;1;0;1;0
0;1;0;?;?;248;56;0;1;0;1;0
0;1;0;?;?;-1;831;0;1;0;1;0
0;1;0;0;?;215;467;0;1;0;?;0
0;1;0;0;?;215;467;0;1;0;?;0
-1015;1;0;0;?;234;1007;0;1;0;?;0
-1015;1;0;0;65772;215;1000;0;1;0;?;0
-3016;1;0;0;77459;49;718;0;1;0;?;0
0;1;0;0;26564;117;-262;0;1;0;?;0
0;1;0;0;26564;117;-262;?;1;0;?;0
0;1;0;0;26564;117;-262;?;1;0;?;0
0;1;0;0;0;?;381;?;1;0;?;0
0;1;0;0;0;80;381;?;1;0;?;0
0;1;0;0;0;80;362;?;1;0;?;0
0;1;0;0;0;80;362;?;1;0;?;0
0;1;0;0;0;82;387;?;1;0;1;0
0;1;0;0;0;81;366;?;1;0;1;0
0;1;0;0;0;83;374;?;1;0;1;0
0;1;0;0;0;82;380;?;1;0;1;0
0;1;0;0;0;82;380;?;1;0;1;0
0;1;0;0;0;82;374;?;1;0;1;0
0;1;0;0;0;83;373;?;1;0;1;0
0;1;0;0;0;83;380;?;1;0;1;0
0;1;0;0;0;83;380;?;1;0;1;0
0;1;0;0;0;83;380;0;1;0;1;0
0;1;0;0;0;80;376;0;1;0;1;0
0;1;0;0;0;86;372;0;1;0;1;0
0;1;0;0;0;79;380;0;1;0;1;0
0;1;0;0;0;77;374;0;1;0;1;0
0;1;0;0;0;83;370;0;1;0;1;0
0;1;0;0;0;80;376;0;1;0;1;0
0;1;0;0;0;80;376;0;1;0;1;0
0;1;0;0;0;84;378;0;1;0;1;0
1015;1;0;0;-75574;-156;-401;0;1;0;1;0
1015;1;0;0;-75574;-156;-401;0;1;0;1;0
1015;1;0;0;-85115;-150;-412;0;1;0;1;0
1015;1;0;0;-85115;-150;-412;0;1;0;1;0
1015;1;0;0;-72529;-183;-166;0;1;0;1;0
1015;1;0;0;-93351;-141;-382;0;1;0;1;0
0;1;0;0;-86507;-111;-361;?;1;0;1;0
0;1;0;0;-85840;-97;-481;?;1;0;1;0
0;1;0;0;-85840;-97;-481;?;1;0;1;0
0;1;0;0;-76357;-239;-636;?;1;0;1;0
0;1;0;0;-94105;-101;-837;?;1;0;1;0
1015;1;0;0;-65888;-78;-920;?;1;0;1;0
1015;1;0;0;-65888;-78;-920;?;1;?;1;0
0;1;?;0;-99557;-41;-603;?;1;?;1;0
0;1;?;0;-73138;-152;?;?;1;?;1;0
0;1;?;0;-73138;-152;?;?;1;?;1;0
0;1;?;0;-76038;-54;?;?;1;?;1;0
0;1;?;0;-77285;-24;?;?;1;?;1;0
1015;1;?;0;-88624;-145;?;0;1;?;1;0
0;1;?;0;-82911;-175;?;0;1;0;1;0
0;1;0;0;-82911;-175;?;0;1;0;1;0
0;1;0;0;-89262;-5;?;0;1;0;1;0
-1015;1;0;0;-93148;-167;?;?;1;0;1;0
0;1;0;0;-75458;-36;?;?;1;0;1;0
0;1;0;0;-75458;-36;?;?;1;0;1;0
-1015;1;0;0;-66990;-17;?;?;1;0;1;0
-1015;1;0;0;-66990;-17;?;?;1;0;1;0
0;1;0;0;-100253;-81;?;?;1;0;1;0
0;1;0;0;-67947;-22;?;?;1;0;1;0
0;1;0;0;-80359;18;?;?;1;0;1;0
0;1;0;0;-80359;18;?;0;1;0;1;0
0;1;0;0;-62002;34;?;0;1;0;1;0
0;1;0;0;-83549;-24;?;0;1;0;1;0
-1015;1;0;0;-68527;22;?;0;1;0;1;0
-1015;1;0;0;-68527;22;?;0;1;0;1;0
1015;1;0;0;-59102;-77;?;0;1;0;1;0
0;1;0;0;-86072;1;?;0;1;0;1;0
0;1;0;0;-76328;-90;?;0;1;0;1;0
1015;?;0;0;-70412;-46;-80;0;1;0;1;0
1015;?;0;0;-70412;-46;-80;0;1;0;1;0
1015;?;0;0;-70412;-46;-80;0;1;0;1;0
0;?;0;0;-82389;-39;46;0;1;0;1;0
0;?;0;0;-61712;-178;-666;0;1;0;1;0
-1015;?;0;0;-66062;14;-114;0;1;0;1;0
0;?;0;0;-100485;-167;-729;0;1;0;1;0
0;?;0;0;-100485;-167;-729;0;1;0;1;0
0;?;0;0;-65337;-208;181;0;1;0;1;0
1015;?;?;0;-70035;-94;17;0;1;0;1;0
1015;?;?;0;-75284;-19;78;0;1;0;1;0
0;?;?;0;-79460;-35;-314;0;1;0;1;0
0;?;?;0;-79460;-35;-314;0;1;0;1;0
0;?;?;0;-67251;-36;53;0;1;0;1;0
0;?;?;0;-65801;-133;-264;0;1;0;1;0
1015;1;?;0;-72790;-240;-635;0;1;0;1;0
1015;1;?;0;-72790;-240;-635;0;1;0;1;0
1015;1;?;0;-72790;-240;-635;0;1;0;1;0
0;1;?;0;-93090;-150;-734;?;1;0;1;0
-1015;1;0;0;-80272;-198;-314;?;1;0;1;0
0;1;0;0;-71514;-122;-46;?;1;0;1;0
0;1;0;0;-68759;31;-547;?;1;0;1;0
?;1;0;0;-68759;31;-547;?;1;0;1;0
?;1;0;0;-74559;-86;-464;?;1;0;1;0
?;1;?;0;-74356;-136;-666;0;1;0;1;0
?;1;?;0;-90886;-32;-616;0;1;0;1;0
?;1;?;0;-75052;-99;-64;0;1;0;1;0
?;1;?;0;-75052;-99;-64;0;1;0;1;0
?;1;?;0;-73312;-10;-410;0;1;0;1;0
?;1;?;0;0;-21;-67;0;1;0;1;0
?;1;?;0;0;-33;-161;0;1;0;1;0
?;1;0;0;0;-33;-161;0;1;0;1;0
?;1;0;0;0;-33;-161;0;1;0;1;0
?;1;0;1;0;-33;-146;0;1;0;1;0
0;1;0;1;0;-33;-153;0;1;0;0;0
0;1;0;1;0;-30;-165;0;1;0;0;0
0;1;0;1;0;-34;-138;0;1;0;0;0
0;1;0;1;0;-34;-138;0;1;0;0;0
0;1;0;1;0;-37;-145;0;1;?;0;0
?;1;0;1;0;-29;-148;0;1;?;0;0
?;1;?;1;0;-34;-157;0;1;?;0;0
?;1;?;1;0;-35;-174;0;1;?;0;0
?;1;0;1;0;-35;-174;0;1;?;0;0
?;1;0;1;0;-33;-163;0;1;?;0;0
?;1;0;1;0;-33;-146;0;1;?;0;0
?;1;0;1;0;-33;-146;0;1;?;0;0
?;1;0;1;0;-35;-157;0;1;?;0;0
?;1;0;1;0;-35;-157;0;1;?;0;0
?;1;0;1;0;-38;-156;0;?;0;0;0
?;1;0;1;0;-34;-153;0;?;0;0;0
?;1;0;1;0;-32;-159;0;?;0;0;0
?;1;0;1;0;-32;-153;0;?;0;0;0
0;1;0;1;0;-32;-153;0;?;0;0;0
0;1;0;1;0;-34;-171;0;?;0;0;0
0;?;0;1;0;-33;-157;0;1;0;0;0
0;?;0;1;0;-32;-150;0;1;0;0;0
0;?;0;1;0;?;-158;0;1;0;0;0
0;?;0;1;0;?;-158;0;1;0;0;0
0;?;0;1;0;?;-152;0;1;0;0;0
0;1;0;1;0;-31;-152;0;1;0;0;0
0;1;0;1;0;-33;-159;0;1;0;0;0
0;1;0;1;0;-31;-167;0;1;0;0;0
0;1;0;1;0;-35;-157;0;1;0;0;0
0;1;0;1;0;-35;-157;0;1;0;0;0
0;1;0;1;0;-33;-142;0;1;0;0;0
0;1;0;1;0;-35;-166;0;1;0;0;0
0;1;0;1;0;-34;-144;0;1;0;0;0
0;1;0;1;0;-34;-144;0;1;0;0;0
0;1;0;1;0;-33;-152;0;1;0;0;0
0;1;0;1;0;-36;-152;0;1;0;?;0
0;1;0;1;0;-32;-158;0;1;0;?;0
0;1;0;1;0;-33;-150;0;1;0;?;0
0;1;0;1;0;-33;-150;0;1;0;?;0
0;1;0;1;0;-35;-156;0;1;0;?;0
0;1;0;1;0;-34;-153;0;1;0;?;0
0;1;0;1;0;-34;-153;0;1;0;?;0
0;1;0;1;0;-33;-163;0;1;0;?;0
0;1;0;1;0;-32;-149;0;1;?;?;0
0;1;0;1;0;-32;-149;0;1;?;0;0
0;1;0;1;0;-33;-152;0;?;?;0;0
0;1;0;1;0;-33;-142;0;?;?;0;0
0;1;0;1;0;-33;-157;0;?;?;0;0
0;1;0;1;0;-33;-157;0;?;?;0;0
0;1;0;1;0;-33;-157;0;?;?;0;0
?;1;0;1;0;-33;-149;0;?;0;0;0
?;1;0;1;0;-32;-156;0;?;0;0;0
?;1;0;1;0;-35;-157;0;?;0;0;0
?;1;0;1;0;-35;-157;0;?;0;0;0
?;1;0;1;0;-33;-152;0;?;0;0;0
?;1;0;1;0;-33;-152;0;?;?;0;0
?;1;0;1;0;-34;-140;0;?;?;0;0
?;1;0;1;0;-34;-141;0;1;0;0;0
?;1;0;1;0;-33;-144;0;1;0;0;0
?;1;0;1;0;-33;-144;0;1;0;0;0
0;1;0;1;0;-35;-146;0;1;1;0;0
0;1;?;1;0;-35;-168;0;1;1;0;0
0;1;?;1;0;-33;-172;0;1;1;0;0
0;1;?;1;0;-32;-158;0;1;1;0;0
0;1;?;1;0;-32;-158;0;1;1;0;0
0;1;?;1;0;-33;-148;0;1;1;0;0
0;1;?;1;0;-31;-165;0;1;1;0;0
0;1;?;1;0;-31;-165;0;1;1;0;0
0;1;?;1;0;-32;-153;0;0;1;0;0
0;1;?;1;0;-31;-146;0;0;1;0;0
0;1;1;1;0;-31;-146;0;0;1;0;0
0;1;1;1;0;-36;-167;0;0;1;0;0
0;1;?;1;0;-32;-159;0;?;1;0;0
0;1;?;1;0;-33;-161;1;?;1;0;0
0;1;?;1;0;-33;-161;1;?;1;0;0
0;1;0;1;0;-32;-156;1;?;1;0;0
0;1;0;1;0;-29;-160;1;?;1;0;0
0;1;0;1;0;-35;-146;1;?;1;0;0
0;1;0;1;0;-30;-148;1;?;1;0;0
0;1;0;1;0;-30;-148;1;?;1;0;0
0;1;0;1;0;-33;-148;1;?;1;0;0
0;1;0;1;0;-33;-148;1;0;1;0;?
0;1;0;1;0;-33;-150;1;0;1;0;?
0;1;0;1;0;-32;-150;1;0;1;0;?
0;1;0;1;0;-33;-172;1;0;1;0;?
0;1;0;1;0;-33;-172;1;0;1;0;?
0;1;?;1;0;-35;-167;1;0;1;0;?
0;1;?;1;0;-32;-150;1;0;1;0;?
0;1;?;1;0;-32;-158;1;0;1;0;0
0;1;?;1;0;-32;-158;1;0;1;0;0
0;1;?;1;0;-30;-160;1;0;1;0;0
0;1;?;1;0;-35;-166;1;0;1;0;0
0;1;?;1;0;-34;-153;1;0;1;0;0
0;1;?;1;0;-35;-156;1;0;1;0;0
0;1;?;1;0;-35;-156;1;0;1;0;0
0;?;?;1;0;-35;-156;1;0;1;0;0
0;?;?;1;0;-33;-174;1;0;1;0;0
?;?;?;1;0;-31;-157;1;0;1;0;0
?;?;0;1;0;-35;-167;1;0;1;0;0
?;?;0;1;0;-35;-144;1;0;1;0;0
?;?;0;1;0;-35;-144;1;0;1;0;0
?;?;0;1;0;-33;-170;1;0;1;0;0
?;?;0;1;0;-32;-151;1;0;1;0;?
?;?;0;1;0;-33;-167;1;0;1;0;?
?;1;0;1;0;-34;-145;1;0;1;0;?
?;1;0;1;0;-34;-145;1;0;1;0;?
0;1;0;1;0;-35;-152;1;0;1;0;?
0;1;0;1;0;-33;-142;1;0;1;0;?
0;1;0;1;0;-29;-151;1;0;1;0;?
0;1;0;1;0;-29;-151;1;0;1;0;?
0;1;0;1;0;-29;-151;1;0;1;0;?
0;1;?;1;0;-32;-150;1;0;1;0;?
0;1;0;1;0;-29;-166;1;0;1;0;?
0;1;0;1;0;-31;-149;1;0;1;0;0
0;1;0;1;0;-34;-150;1;0;0;0;0
0;1;0;1;0;-34;-150;1;0;0;0;0
0;1;0;1;0;-37;-161;1;0;0;0;0
0;1;0;1;0;-35;-157;1;0;0;0;0
0;1;0;1;0;-31;-155;1;0;0;0;0
0;1;0;1;0;-31;-155;1;0;0;0;0
0;1;0;?;0;-32;-151;1;0;0;0;0
0;1;0;?;0;-32;-163;1;0;0;0;0
0;1;0;?;0;-35;-167;0;0;0;0;0
0;1;0;?;0;-37;-148;0;0;0;0;0
0;1;0;?;0;-37;-148;0;0;0;0;0
0;1;0;?;0;-37;-148;0;0;0;0;0
0;?;0;1;0;-37;-144;0;0;0;0;0
0;?;0;1;0;-34;-153;0;1;0;0;0
-1972;?;0;0;-83549;-122;-103;0;1;0;0;0
0;?;0;0;-80504;-12;-11;0;1;0;0;0
0;?;0;0;-80504;-12;-11;0;1;0;0;0
0;?;0;0;-83172;0;113;0;1;0;0;0
0;?;0;0;-86072;-154;-112;0;1;0;0;0
-1015;?;0;0;-71282;-25;-151;0;1;0;0;0
0;?;0;0;-81867;-53;11;0;1;0;0;0
0;?;0;0;-81867;-53;11;0;1;?;0;0
0;?;0;0;-79837;-84;-13;0;1;?;0;0
0;?;0;0;-81258;-173;-226;0;1;?;0;0
0;1;0;0;-87638;-50;103;0;1;?;0;0
0;1;0;0;-87638;-50;103;0;1;0;0;0
0;1;0;0;-87638;-50;103;0;1;0;0;0
0;1;0;0;-78648;-161;151;0;1;0;0;0
1015;1;0;0;-60668;-83;-337;0;1;0;0;0
0;1;0;0;-97701;-167;-843;0;1;0;0;0
?;1;0;0;-97701;-167;-843;0;1;0;0;0
?;1;0;0;-85115;-70;-831;0;1;0;0;0
?;1;0;0;-95787;11;-778;0;1;0;0;0
?;1;0;0;-75777;7;-4;0;1;0;0;0
?;1;0;0;-74675;-84;-318;0;1;0;0;0
?;1;0;0;-74675;-84;?;0;1;0;0;0
?;1;0;0;-84013;-129;?;0;1;0;0;0
?;1;0;0;-94772;-212;?;0;1;0;0;0
?;1;0;0;-86188;-145;?;0;1;0;0;0
?;1;0;0;-83549;-204;?;0;1;0;0;0
0;1;0;0;-83549;-204;-110;0;1;0;0;0
0;1;0;0;-83549;-204;-110;0;1;0;0;0
0;1;0;0;-98165;-92;-245;0;1;0;0;0
-1015;1;0;0;-89987;-73;-870;0;1;0;0;0
0;1;0;0;-67657;-107;-275;0;1;0;?;0
1015;1;0;0;8903;-71;-717;0;1;0;?;0
1015;1;0;0;8903;-71;-717;0;1;0;?;0
0;1;0;?;0;-45;-202;0;1;0;0;0
0;1;0;?;0;-46;-211;0;1;0;0;0
0;1;0;?;0;-47;-207;0;1;0;1;0
0;1;0;?;0;-47;-207;0;1;0;1;0
0;1;0;?;0;-44;-210;0;1;0;1;0
0;1;0;?;0;-48;-201;0;1;0;1;0
0;1;0;?;0;-45;-203;0;1;0;1;0
0;1;0;?;0;-47;-205;0;1;0;1;0
0;1;0;?;0;-47;-205;0;1;0;1;0
0;1;0;?;0;-47;-205;0;1;0;1;0
0;1;0;?;0;-43;-221;0;?;0;1;0
0;1;0;?;0;-46;-200;0;?;0;1;0
0;1;0;?;0;-46;-210;0;?;0;1;0
0;1;0;?;0;-46;-210;0;?;0;1;0
0;1;0;0;0;-43;-213;0;?;0;1;0
0;1;0;0;0;-47;-221;0;?;?;1;0
0;1;0;0;0;-44;-187;0;?;?;1;0
0;1;0;0;0;-47;-205;0;?;?;1;0
0;1;0;0;0;-47;-205;0;1;?;1;0
0;1;0;0;0;-47;-205;0;1;?;1;0
0;1;0;0;0;-47;-212;0;1;?;1;0
0;1;0;0;0;-47;-200;0;1;0;1;0
0;1;0;0;0;-47;-200;0;1;0;1;0
0;1;0;0;0;-45;-198;0;1;0;1;0
0;1;0;0;0;-45;-198;0;1;0;1;0
0;1;0;0;0;-16;-205;0;1;0;1;0
1015;1;0;0;97469;196;351;0;1;0;1;0
0;1;0;0;81084;81;976;0;1;0;1;0
0;1;0;0;81084;81;976;0;1;0;1;0
0;1;0;0;72007;108;236;0;1;0;1;0
1015;1;0;0;67164;53;556;0;1;0;1;0
0;1;0;0;81751;64;781;0;1;0;1;0
0;1;0;0;86478;107;163;0;1;0;1;0
0;1;0;0;86478;107;163;0;1;0;?;0
0;1;0;0;70528;33;790;0;1;0;?;0
0;1;0;0;70528;33;790;0;1;0;?;0
-1015;1;0;0;87986;83;686;0;1;0;?;0
1015;1;0;0;69281;163;739;0;1;0;?;0
0;1;0;0;71456;113;285;?;1;0;?;0
0;1;0;0;71456;113;285;?;1;0;?;0
0;1;0;0;68150;173;534;?;1;0;?;0
1015;1;0;0;89117;104;372;?;1;0;?;0
-1015;1;0;0;75081;24;40;?;1;0;?;0
0;1;0;0;91727;112;688;?;1;0;?;0
0;1;0;0;91727;112;688;?;1;0;?;0
0;1;0;0;73225;52;792;?;1;0;?;0
0;1;0;0;83404;7;832;?;1;0;1;0
0;1;0;0;66758;119;686;?;1;0;1;0
0;1;0;0;66758;119;686;?;1;0;1;0
0;1;0;0;66758;119;686;0;1;0;1;0
-1015;1;0;0;60523;-28;785;0;1;0;1;0
0;1;0;0;91263;52;251;0;1;0;1;0
1015;1;0;0;85318;33;-207;0;1;0;1;0
0;1;0;0;82505;20;505;0;1;0;1;0
0;1;0;0;82505;20;505;0;1;0;1;0
0;1;0;0;79344;6;252;0;1;0;1;0
1015;1;0;0;65801;79;574;?;1;0;1;0
0;1;0;0;99209;60;131;?;1;0;1;0
0;1;0;0;85550;91;197;?;1;0;1;0
0;1;0;0;85550;91;197;?;1;0;1;0
0;1;0;0;65424;63;816;?;1;0;1;0
0;1;0;0;102863;210;291;?;1;0;1;?
0;1;0;0;71456;153;726;?;1;0;1;?
0;1;0;0;84158;24;41;?;1;0;1;?
0;1;0;0;84158;24;41;?;1;0;1;?
0;1;0;0;84158;24;41;?;1;0;1;?
0;1;0;0;73631;100;737;0;1;0;1;0
0;1;0;0;105473;147;474;0;1;0;1;0
0;1;0;0;85956;192;875;0;1;0;1;0
0;1;0;0;85956;192;875;0;1;0;1;0
0;1;0;0;91756;-16;339;0;1;0;1;0
-1015;1;0;0;83404;70;-3;0;?;0;1;0
-1015;1;0;0;71978;40;735;0;?;0;1;0
-1015;?;0;0;93206;45;406;0;?;0;1;0
-1015;?;0;0;93206;45;406;0;?;0;1;0
1015;?;0;0;76850;65;143;?;?;0;1;0
0;?;0;0;89001;119;-255;?;?;0;1;0
0;?;0;0;89349;-3;589;?;?;0;1;0
0;?;0;0;89349;-3;589;?;?;0;1;0
1015;?;0;0;71224;158;475;?;?;0;1;0
1015;?;0;0;71224;158;475;0;?;0;1;0
1015;1;0;0;80475;62;7;0;?;0;1;0
0;1;0;0;66787;13;996;0;?;0;1;0
0;1;0;0;90509;114;674;0;?;0;1;0
0;1;0;0;90509;114;674;0;?;0;1;0
0;1;0;0;66004;192;-143;0;?;0;1;0
1015;1;0;0;82360;-6;-70;0;?;0;1;0
0;1;0;0;73805;95;256;0;1;0;1;0
0;1;0;0;73805;95;256;0;1;0;1;0
-1015;1;0;0;68382;147;291;0;1;0;1;0
-1015;1;0;0;68382;147;291;0;1;0;1;0
0;1;0;0;71456;105;-2;0;1;0;1;0
0;1;0;0;71456;105;-2;0;1;0;1;0
0;1;0;0;67889;-32;424;0;1;0;1;0
0;1;0;0;84738;186;660;0;1;0;1;0
0;1;0;0;84738;186;660;0;1;0;1;0
0;1;0;0;75371;77;765;0;1;0;1;0
0;1;0;0;87174;5;286;0;1;0;1;0
0;1;0;0;82737;50;39;0;1;0;1;0
0;1;0;0;80591;101;709;0;1;0;1;0
0;1;0;0;80591;101;709;0;1;0;1;0
0;1;0;0;78213;21;925;0;1;0;1;0
1015;1;0;0;86710;28;12;0;1;0;1;0
0;1;0;0;94656;171;633;0;1;0;1;0
0;1;0;0;73196;66;120;0;1;0;1;0
0;1;0;0;73196;66;120;0;1;0;1;0
0;1;0;0;73196;66;120;0;1;0;1;0
0;1;0;0;89581;-43;530;0;1;0;?;0
-1015;1;0;0;90625;202;842;0;1;0;?;0
-1015;1;0;0;84564;101;113;0;1;0;?;0
-1015;1;0;0;84564;101;113;0;?;0;?;0
0;1;0;0;88537;103;222;0;?;0;?;0
1015;1;0;0;65917;24;152;0;?;0;?;0
0;1;0;0;68440;73;272;0;1;0;?;0
-1015;1;0;0;76328;60;735;0;1;0;?;0
-1015;1;0;0;76328;60;735;0;1;0;?;0
1015;1;0;0;54636;149;389;0;1;0;?;0
1015;1;0;0;78213;28;362;0;1;0;?;0
0;1;0;0;86623;146;213;0;1;0;?;0
0;1;0;0;70238;183;434;0;1;0;?;0
0;1;0;0;70238;183;434;0;1;0;?;0
0;1;0;0;70238;183;434;0;1;0;?;0
0;1;0;0;76096;248;928;0;1;0;1;0
-2030;1;0;0;96425;249;925;0;1;0;1;0
-2001;1;0;0;0;175;499;0;?;0;1;0
0;1;0;0;0;79;352;0;1;0;1;0
0;1;0;0;0;79;352;0;1;0;1;0
0;1;0;0;0;79;372;0;1;0;1;0
0;1;0;0;0;77;360;0;1;0;1;0
0;1;0;0;0;78;350;0;1;0;1;0
0;1;0;0;0;?;350;0;1;0;1;0
0;1;0;0;0;?;358;0;1;0;1;0
0;1;0;0;0;?;376;0;1;0;1;0
0;1;0;0;0;?;376;0;1;0;1;0
0;1;0;0;0;?;366;0;1;0;1;0
0;?;0;0;0;?;358;0;1;0;1;0
0;1;0;0;0;?;358;0;1;0;1;0
0;1;0;0;0;?;362;0;1;0;1;0
0;1;0;0;0;?;356;0;1;0;1;0
0;1;0;0;0;?;372;0;1;0;1;0
0;1;0;0;0;?;350;0;1;0;1;0
0;1;0;0;0;?;350;0;1;0;1;0
0;1;0;0;0;?;355;0;1;0;1;0
0;1;0;0;0;?;360;0;1;0;1;0
0;1;0;0;0;80;364;0;1;0;1;0
0;1;0;0;0;79;366;0;1;0;1;0
0;1;0;0;0;79;366;0;1;0;1;0
0;1;0;0;0;80;362;0;1;0;1;0
0;1;0;0;0;80;362;0;1;0;1;0
0;1;0;0;0;78;-683;0;1;0;1;0
0;1;0;0;-89987;-240;-667;0;1;0;1;0
0;1;0;0;-58580;-99;-1008;0;1;0;1;0
0;1;0;0;-58580;-99;-1008;0;1;0;1;0
1015;1;0;0;-70905;-189;110;0;1;0;1;0
0;1;0;0;-65772;-64;-300;0;1;0;1;0
0;1;0;0;-71340;-156;-311;0;1;0;1;0
0;1;0;0;-71340;-156;-311;0;1;0;1;0
1015;1;0;0;-74675;-162;-993;0;1;0;1;0
1015;1;0;0;-83549;-191;-507;0;1;0;1;0
0;1;0;0;-83259;-29;-256;0;1;0;1;0
0;1;0;0;-67309;-179;-684;0;1;0;1;0
0;1;0;0;-67309;-179;-684;0;1;0;1;0
0;1;0;0;-67309;-179;-684;0;1;0;1;0
0;1;0;?;-77981;-19;-1071;0;1;0;1;0
0;1;0;0;-68382;-11;-386;0;1;0;1;0
?;1;?;0;-81780;-177;155;0;1;0;?;0
?;1;?;0;-81780;-177;155;0;1;0;?;0
?;1;0;0;-74472;-132;-489;0;1;0;?;0
?;1;0;0;-85724;20;-1142;0;1;0;?;0
?;1;0;0;-78561;-182;-32;0;1;0;?;0
?;1;0;0;-92017;62;-586;0;1;0;?;0
?;1;0;0;-92017;62;-586;0;1;0;?;0
?;1;0;0;-67512;-105;184;0;1;0;?;0
?;1;0;0;-93641;16;-494;0;1;0;?;0
?;1;0;0;-71456;-34;-643;0;1;0;1;0
?;?;0;0;-71456;-34;-643;0;1;0;1;0
?;?;0;0;-65888;-44;-133;0;1;0;1;0
?;?;0;0;-65888;-44;-133;0;1;0;1;0
0;?;0;0;-89871;21;-500;0;1;0;1;0
-1015;?;0;0;-67280;65;-335;0;1;0;1;0
0;?;0;0;-77024;22;34;0;1;0;1;0
0;?;0;0;-70876;-2;41;0;1;0;1;0
0;1;0;0;-70876;-2;41;0;1;0;1;0
0;1;0;0;-70876;-4;58;0;1;0;1;0
-1015;1;0;0;13050;-22;103;0;1;0;1;0
0;1;0;0;0;9;44;0;1;0;1;0
0;1;0;0;0;9;44;0;1;0;1;0
0;1;0;0;0;8;33;0;1;0;1;1
0;1;0;0;0;6;27;0;1;0;0;1
0;1;0;0;0;11;30;0;1;0;0;1
0;1;0;0;0;11;30;0;1;0;0;1
0;1;0;0;0;7;34;0;1;0;0;1
0;1;0;0;0;7;34;0;1;0;0;1
0;1;0;0;0;10;33;0;1;0;0;1
0;1;0;0;0;6;40;0;1;0;0;1
0;1;0;0;0;8;33;0;1;0;0;1
0;1;0;0;0;5;31;0;1;0;0;1
0;1;0;0;0;5;31;0;1;0;0;1
0;1;0;0;0;9;40;0;1;0;0;1
0;1;0;0;0;3;44;0;1;0;0;1
0;1;0;0;0;9;35;0;1;0;0;1
0;1;0;0;0;9;35;0;1;0;0;1
0;1;0;0;0;10;51;0;1;0;0;1
0;1;0;0;0;7;26;0;1;0;0;1
0;1;0;0;0;7;26;0;1;0;0;1
0;1;0;0;0;7;34;0;1;0;0;1
0;1;0;0;0;3;29;0;1;0;0;1
0;1;0;0;0;3;29;0;1;0;0;1
0;1;0;0;0;5;43;0;1;0;0;1
?;1;0;0;0;5;40;0;1;0;0;1
?;1;0;0;0;6;31;0;1;0;0;1
?;1;0;0;0;2;25;0;1;0;0;1
?;1;0;0;0;2;25;0;1;0;0;1
?;1;0;0;0;9;39;0;1;0;0;1
?;1;0;0;0;7;43;0;1;0;0;1
?;1;0;0;0;6;26;0;1;0;0;1
?;1;0;0;0;7;26;0;1;0;0;1
?;1;0;0;0;7;26;0;1;0;0;1
?;1;0;0;0;7;26;?;1;0;0;1
?;1;0;0;0;5;31;?;1;0;0;1
?;1;0;0;0;7;52;?;1;0;0;1
?;1;0;0;0;6;34;?;1;0;?;1
0;1;0;0;0;6;34;0;1;0;?;1
0;1;0;0;?;7;42;0;1;0;?;1
0;1;0;0;?;7;31;0;1;0;?;1
0;1;0;0;?;6;34;0;1;0;0;1
0;1;0;0;?;7;34;0;1;0;0;1
0;1;0;0;?;7;34;0;1;0;0;1
0;1;0;0;?;10;42;0;1;0;0;1
0;1;0;0;?;8;40;0;1;0;0;1
0;1;0;?;?;6;26;0;1;0;0;1
0;1;0;?;?;6;26;0;1;0;0;1
0;1;0;?;?;6;26;0;1;0;0;1
0;1;0;?;?;6;40;0;1;0;0;1
0;1;0;?;?;7;48;0;1;0;0;1
0;1;0;0;0;6;42;0;1;0;0;1
0;1;0;0;0;7;19;0;1;0;0;1
0;1;0;0;0;7;19;0;1;0;0;1
0;1;0;0;0;6;34;0;1;0;0;1
0;1;0;0;0;8;35;0;1;0;0;1
0;1;0;0;0;7;53;0;1;0;0;1
0;1;0;0;0;11;41;0;1;0;0;1
0;1;0;?;0;11;41;0;1;0;?;1
0;1;0;?;0;7;33;0;1;0;0;1
0;1;0;0;0;8;39;0;1;0;0;1
0;1;0;0;0;6;44;0;1;0;0;1
0;1;0;0;0;6;44;0;?;0;0;1
0;1;0;0;0;6;44;0;?;0;0;1
0;1;0;0;0;7;34;0;?;1;0;1
0;1;0;0;0;9;35;0;?;1;0;1
0;1;1;0;0;7;35;0;?;1;0;1
0;1;1;0;0;11;38;0;?;1;0;1
0;1;1;0;0;11;38;0;?;1;0;1
0;0;1;0;0;5;19;0;?;1;0;1
0;1;1;0;0;5;16;0;0;1;0;1
0;1;1;0;0;6;39;0;?;1;0;1
0;1;1;0;0;6;39;0;?;1;0;1
0;1;0;0;0;5;31;1;?;1;0;1
0;1;0;0;0;4;30;1;?;1;0;1
0;1;0;0;0;8;?;1;?;1;0;1
0;1;0;0;0;9;?;?;?;1;0;1
0;1;0;0;0;9;?;?;?;1;0;1
0;1;0;0;0;9;?;1;?;1;0;1
0;1;0;0;0;?;34;1;?;1;0;1
0;1;0;0;0;?;30;1;?;1;0;1
0;1;0;0;0;?;40;1;?;1;0;1
0;1;0;0;0;?;35;1;0;1;0;1
0;1;0;0;0;?;35;1;0;1;0;1
0;1;0;0;0;?;24;1;0;1;0;1
0;1;0;0;0;?;39;1;0;1;0;1
0;1;0;0;0;?;33;1;0;1;0;1
0;1;0;0;0;?;33;1;0;1;0;1
0;1;0;0;0;6;38;1;0;1;0;1
0;1;0;0;0;10;30;1;0;1;0;1
0;1;0;0;0;3;35;1;0;1;0;1
0;1;0;0;0;4;44;1;0;1;0;1
0;1;0;0;0;4;44;1;0;1;0;1
0;1;0;0;0;5;35;1;0;1;0;1
0;1;0;0;0;5;35;1;0;1;0;1
0;1;0;0;0;9;26;1;0;1;0;1
0;1;0;0;0;11;?;1;0;1;0;1
0;1;0;0;0;11;?;1;0;1;0;1
0;1;0;0;0;9;?;1;0;1;0;1
0;1;0;0;0;8;?;1;0;1;0;1
0;1;0;0;0;7;?;1;0;1;0;1
0;1;0;0;0;11;?;1;0;1;0;1
0;1;0;0;0;11;?;1;0;1;0;1
0;1;0;0;0;8;?;1;0;1;0;1
0;?;0;0;0;9;?;1;0;1;0;1
0;?;0;0;0;8;47;1;0;1;0;1
0;?;0;0;0;8;47;1;0;1;0;1
?;?;0;?;0;6;27;1;0;1;0;1
?;?;0;?;0;6;31;1;0;1;0;1
?;?;0;?;0;6;31;1;0;1;0;1
?;?;0;?;0;6;45;1;0;1;0;1
?;?;0;?;0;6;26;1;0;1;0;1
?;?;0;?;0;6;26;1;0;1;0;1
?;?;0;?;0;5;49;1;0;1;0;1
?;1;0;?;0;6;37;1;0;1;0;1
?;1;0;?;0;6;42;1;0;1;0;1
?;1;0;?;0;6;41;1;0;0;0;1
?;1;0;?;0;6;41;1;0;0;0;1
?;1;0;?;0;6;35;1;0;0;?;1
?;1;0;?;0;8;37;1;0;0;?;1
?;1;?;?;0;10;35;1;0;0;?;1
0;1;?;0;0;10;35;1;0;0;?;1
0;1;?;0;0;10;35;1;0;0;?;1
0;1;?;0;0;6;30;1;0;0;0;1
0;1;?;0;0;7;42;0;0;0;0;1
0;1;?;0;0;6;44;0;0;0;0;1
0;1;?;0;0;6;40;0;0;0;0;1
0;1;?;0;0;6;40;0;0;0;0;1
-2001;1;?;0;-47444;5;35;0;1;0;0;1
1015;1;?;0;-66004;-112;-630;0;1;0;0;0
0;1;?;0;-84361;1;-83;0;1;0;0;0
0;1;?;0;-84361;1;-83;0;1;0;0;0
-1015;1;?;0;-64989;-30;-570;0;1;0;0;0
-1015;1;0;0;-82476;5;239;0;1;0;0;0
2030;1;0;0;-72558;-74;-201;0;1;0;0;0
0;1;0;0;-87928;-156;284;0;1;0;0;0
0;1;0;0;-87928;-156;284;0;1;0;0;0
0;1;0;0;-87928;-156;284;0;1;0;0;0
0;1;0;0;-70006;-1;-125;0;1;0;0;0
0;1;0;0;-84419;-19;-17;0;1;0;0;0
0;1;0;0;?;-12;25;0;1;0;0;0
-1015;1;0;0;?;-45;-349;0;1;0;0;0
-1015;1;0;0;?;-45;-349;0;1;0;0;0
0;1;0;0;?;-44;-200;0;1;0;0;0
0;1;0;0;?;-16;-641;0;1;0;0;0
0;1;0;0;?;-1;67;0;1;0;0;0
0;1;0;0;?;-51;-764;0;1;0;0;?
0;1;0;0;?;-51;-764;0;1;0;0;?
0;1;0;0;?;1;-560;0;1;0;0;?
0;1;0;?;?;97;37;0;1;0;0;?
0;1;0;?;?;97;37;0;1;0;0;?
0;1;0;?;?;-84;121;0;1;0;0;?
0;1;0;0;?;-111;-64;0;1;0;0;?
0;1;0;0;-83839;-111;-64;0;1;0;0;?
0;1;0;0;-90480;-131;-825;0;1;?;0;?
1015;1;0;0;-75806;-19;-247;0;1;?;0;0
0;1;0;0;-74704;?;-92;0;1;?;0;0
1015;1;0;0;-81345;?;2;0;1;?;0;0
1015;1;0;0;-81345;?;2;0;1;?;0;0
0;1;0;0;-76705;?;-210;0;1;?;0;?
0;1;0;0;-73254;?;-1003;0;1;?;0;?
0;1;0;0;-75342;?;-299;0;1;?;0;?
1015;1;0;0;-71659;?;-64;0;1;0;0;?
1015;1;0;0;-71659;?;-64;0;1;0;0;?
1015;1;0;0;-71659;?;-64;0;1;0;0;?
-1015;1;0;0;-94424;?;-114;0;1;0;0;?
0;1;0;0;-89407;?;-658;0;1;0;0;?
-1015;1;0;0;-70934;?;-193;0;1;0;0;?
-1015;1;0;0;-70934;?;-193;0;1;0;0;?
0;1;0;0;-101790;-182;-181;0;1;0;0;?
0;1;0;0;-69020;36;-775;0;1;0;0;?
0;1;0;0;-98252;-28;-612;0;1;0;0;?
-1015;1;0;0;-75284;-54;-510;0;1;0;0;?
-1015;1;0;0;-75284;-54;-510;0;1;0;0;?
0;1;0;0;-83984;3;-908;0;1;0;0;0
-1015;1;0;0;-81722;-198;36;0;1;0;0;0
0;1;0;0;-69600;0;-713;0;1;0;0;0
-1015;1;0;0;-93148;-74;-926;0;1;0;0;0
-1015;1;0;0;-93148;-74;-926;0;1;0;0;0
-1015;1;0;0;-93148;-74;-926;0;1;0;0;0
1015;1;0;0;-94047;-180;-905;0;1;0;0;0
0;1;0;0;-97701;-148;-559;0;1;0;0;0
0;1;0;0;-89117;-27;70;0;1;0;0;0
-1015;1;0;0;-89755;-185;?;0;1;0;0;0
-1015;1;0;0;-89755;-185;?;0;1;0;0;0
0;1;0;0;-97324;-253;?;0;1;0;0;0
0;1;0;0;-84709;-217;?;0;1;0;0;0
0;1;0;0;-68063;-253;?;0;1;0;0;0
1015;1;0;0;-81780;-196;?;0;1;0;0;0
1015;1;0;0;-81780;-196;?;0;1;0;0;0
0;1;0;0;-77633;-84;-810;0;1;0;0;0
0;1;0;0;-77633;-84;-810;0;1;0;0;0
3016;1;0;0;-70499;-122;-187;0;1;0;0;0
0;1;0;0;0;-15;-194;0;1;0;0;0
0;1;0;0;0;-40;-174;0;1;0;0;0
0;1;0;0;0;-40;-174;0;1;0;0;0
0;1;0;0;0;-40;-182;0;1;0;1;0
0;1;0;0;0;-42;-184;0;1;0;1;0
0;1;0;0;0;-39;-194;0;1;0;1;0
0;1;0;0;0;-39;-194;0;1;0;1;0
0;1;0;0;0;-43;-190;0;1;0;1;0
0;1;0;0;0;-40;-185;0;1;0;1;0
0;1;0;0;0;-41;-177;0;1;0;1;0
0;1;0;0;0;-41;-177;0;1;0;1;0
0;1;0;0;0;-40;-195;0;1;0;1;0
0;1;0;0;0;-40;-185;0;1;0;1;0
0;1;0;0;0;-40;-185;0;1;0;1;0
0;1;0;0;0;-39;-190;0;1;0;1;0
0;1;0;0;0;-38;-178;0;?;0;1;0
0;1;?;0;0;-39;-182;0;?;0;1;0
0;1;?;?;0;-39;-182;0;?;0;1;0
0;1;?;?;0;-38;-180;0;?;0;1;0
0;1;?;?;0;-42;-189;0;?;0;1;0
0;1;?;?;0;-41;-178;0;?;0;1;0
0;1;0;?;0;-41;-178;0;?;0;1;0
0;1;0;?;0;-40;-174;0;?;0;1;0
0;1;0;?;0;-41;-193;0;?;0;1;0
0;1;0;?;0;-41;-190;0;?;0;1;0
2001;1;0;0;73863;58;179;0;?;0;1;0
2001;1;0;0;73863;58;179;0;?;0;1;0
2001;1;0;0;73863;58;179;0;?;0;1;0
0;1;0;0;91524;119;804;0;?;0;1;0
0;1;0;0;91524;119;804;0;?;0;1;0
1015;1;0;0;72819;216;314;0;1;0;1;0
0;1;0;0;84216;116;431;0;1;0;1;0
0;1;0;0;84216;116;431;0;1;0;1;0
0;1;0;0;87029;42;421;0;1;0;1;0
1015;1;0;0;73544;24;426;0;1;0;1;0
0;1;?;0;72355;179;475;0;1;0;1;0
0;1;?;0;84825;207;858;0;1;0;1;0
0;1;?;0;84825;207;858;0;1;0;1;0
0;1;?;0;87000;22;354;0;1;0;1;0
0;1;?;0;87000;22;354;0;1;0;1;0
0;1;?;0;54926;186;437;0;1;0;1;0
1015;1;?;0;81258;54;761;0;1;0;1;0
0;1;?;0;82244;54;3;0;1;0;1;0
0;1;?;0;82244;54;3;0;1;0;1;?
0;1;?;0;91060;-2;-276;0;1;0;1;?
0;1;?;0;74559;150;113;0;1;0;1;?
0;1;?;0;65337;175;-22;0;1;0;1;?
0;1;?;0;66700;52;147;0;1;0;1;?
0;1;0;0;66700;52;147;0;1;0;1;?
0;1;0;0;92307;38;695;0;1;0;1;?
0;1;0;0;97991;47;-73;0;1;0;1;?
0;1;0;0;93670;-20;-376;0;1;0;1;?
0;1;0;0;93670;-20;-376;0;1;0;1;?
0;1;0;0;93670;-20;-376;0;1;0;1;?
-1015;1;0;0;73950;174;211;0;1;0;1;?
0;1;0;0;76792;85;-105;0;1;0;1;?
0;1;0;0;66149;139;637;0;1;0;1;?
0;1;0;0;66584;17;176;0;1;0;1;?
0;1;0;0;66584;17;176;0;1;0;1;0
0;1;0;0;91727;-17;0;0;1;0;1;0
1015;1;0;0;71456;?;290;0;1;0;1;0
0;1;0;0;89320;?;488;0;1;0;1;0
1015;1;0;0;82215;?;845;0;1;0;1;?
1015;1;0;0;?;?;845;0;1;0;1;?
0;1;0;0;?;?;676;0;1;0;1;?
1015;1;0;0;?;?;13;0;1;0;1;?
1015;1;0;0;?;?;13;0;1;0;1;?
1015;1;0;0;?;?;13;0;1;0;1;?
0;1;0;0;?;?;698;0;1;0;1;?
0;1;0;0;?;?;698;0;1;0;1;?
0;1;0;0;?;154;396;0;1;0;1;?
0;?;0;0;?;92;-31;0;1;0;1;?
0;?;0;0;?;-57;416;0;1;0;1;?
0;?;0;0;?;-57;416;0;1;0;1;?
0;?;0;0;?;-64;196;0;1;0;1;?
1015;?;0;0;?;130;705;0;1;0;1;0
0;?;0;0;?;171;567;0;1;0;1;0
1015;?;0;0;?;93;-105;0;1;0;1;0
0;?;0;0;?;-35;0;0;1;0;1;0
0;?;0;0;?;-35;0;0;1;0;1;0
?;?;0;0;82012;-35;0;0;1;0;1;0
?;1;0;0;70760;0;359;0;1;0;1;?
?;1;0;0;94888;153;711;0;1;0;1;?
?;1;0;0;75168;47;465;0;1;0;1;?
?;1;0;0;75284;-24;91;0;1;0;1;0
?;1;0;0;75284;-24;91;0;1;0;1;0
?;1;0;0;88102;?;601;0;1;0;1;0
?;1;0;0;97179;?;754;0;1;0;1;0
?;1;0;0;62524;?;-4;0;?;0;1;0
?;1;0;0;62524;122;-4;0;?;0;1;0
?;1;0;0;75052;47;572;0;?;0;1;0
?;1;0;0;87609;-8;322;0;1;0;1;0
?;1;0;0;87609;-8;322;0;1;0;1;0
1015;1;0;0;85115;102;819;0;1;0;1;0
0;1;0;0;93931;76;474;0;1;0;1;0
0;1;0;0;93931;76;474;0;1;0;1;0
0;1;0;0;64119;18;23;0;1;0;1;0
0;1;?;0;89204;7;474;0;1;0;1;0
0;1;?;0;84419;56;1107;0;1;0;1;0
1015;1;?;0;73022;30;-86;0;1;0;1;0
?;1;?;0;73022;30;-86;0;1;0;1;0
?;1;?;0;78300;-51;576;0;1;0;1;0
?;1;?;0;77720;174;476;0;1;0;1;0
?;1;?;0;82012;54;885;0;1;0;1;0
?;1;?;0;71514;195;289;0;1;0;1;0
0;1;?;0;71514;195;289;0;1;0;1;0
0;1;?;0;71514;195;289;0;1;0;1;0
1015;1;?;0;94453;55;854;0;1;0;1;0
0;1;?;0;79692;0;75;0;1;0;1;0
0;1;?;0;98948;22;486;0;1;0;1;0
0;1;?;0;98948;22;486;0;1;0;1;0
1015;1;?;0;79083;184;130;0;1;0;?;0
1015;1;0;0;86710;81;680;0;1;0;?;0
1015;1;0;0;71601;92;365;0;1;0;?;0
1015;1;0;0;71601;92;365;0;1;0;?;0
0;1;0;0;85260;187;-169;0;1;0;?;0
0;1;0;0;85260;187;-169;0;1;0;?;0
0;1;0;0;74791;9;506;0;1;0;?;0
0;1;0;0;80968;172;843;0;1;0;?;0
0;1;0;0;80968;172;843;?;1;0;?;0
0;1;0;0;89030;181;109;?;1;0;?;0
0;1;0;0;89030;181;109;0;1;0;?;0
-1015;1;0;0;71050;128;649;0;1;0;?;0
1015;1;0;0;81432;122;1030;0;1;0;1;0
-2001;1;0;0;25172;88;507;0;1;0;1;0
0;1;0;0;0;66;692;0;1;0;1;0
0;1;0;0;0;66;692;0;1;0;1;0
0;1;0;0;0;62;280;0;1;0;1;0
0;1;0;0;0;64;288;0;1;0;1;0
0;1;0;0;0;60;294;0;1;0;1;0
0;1;0;0;0;63;283;0;1;0;1;0
0;1;0;0;0;63;283;0;1;0;1;0
0;1;0;0;0;63;283;0;1;0;1;0
0;1;0;0;0;63;282;0;?;0;1;0
0;1;0;0;0;64;288;0;?;0;1;0
0;1;0;0;0;63;299;0;?;0;1;?
0;1;0;0;0;63;299;0;?;0;1;0
0;1;0;0;0;64;286;0;?;0;1;?
0;1;0;0;0;64;292;0;?;0;1;?
0;1;?;0;0;64;?;0;?;0;1;?
0;1;?;0;0;64;?;0;?;0;1;?
0;1;?;0;0;61;?;0;?;0;1;?
0;1;?;0;0;64;?;0;1;0;1;0
0;1;?;0;0;61;?;0;1;0;1;0
?;1;?;0;0;64;?;0;1;0;1;0
?;1;?;0;0;62;?;0;1;0;1;0
?;1;?;0;0;62;?;0;1;0;?;0
?;1;?;0;0;65;?;0;1;0;?;0
?;1;?;?;0;65;274;0;1;0;1;0
?;1;?;?;0;63;283;0;1;0;1;0
?;1;?;?;-77024;-186;-879;0;1;0;1;0
?;1;?;?;-77024;-186;?;0;1;0;1;0
?;1;?;?;-67164;-2;?;0;1;0;1;0
0;1;?;?;-68237;-187;?;0;1;0;1;0
1015;1;0;?;-100253;-115;?;0;1;0;1;0
1015;1;0;?;-68150;-119;?;?;1;0;1;0
1015;1;0;?;-68150;-119;?;?;1;0;1;0
0;?;0;?;-93757;-54;-670;?;1;0;1;0
-1015;?;0;?;-70035;-186;-1023;?;1;0;1;0
1015;?;0;?;-84100;-95;-253;?;1;0;1;0
1015;?;0;?;-63539;53;-227;?;1;0;1;0
1015;?;0;?;-63539;53;-227;?;1;0;1;0
1015;?;0;?;-63539;53;-227;?;1;0;1;0
0;?;0;?;-72268;-54;-1039;?;1;0;1;0
0;?;0;0;-65308;0;-801;?;1;0;1;0
-1015;?;0;0;-66091;-28;-571;?;1;0;1;0
0;?;0;0;-86449;-12;-635;?;1;0;1;0
0;?;0;0;-86449;-12;-635;?;1;0;1;0
0;1;0;0;-81867;71;-380;?;1;0;1;0
-1015;1;0;0;-77720;-109;-128;0;1;0;1;0
0;1;0;0;-60900;-38;-771;0;1;0;1;0
0;1;0;0;-60900;-38;-771;0;1;0;1;0
-1015;1;0;0;-81026;53;-174;0;1;0;1;0
0;1;0;0;-69136;?;-196;0;1;0;1;0
1015;1;0;0;-67976;?;-98;0;1;0;1;0
1015;1;0;?;-67976;?;-98;0;1;0;1;0
0;1;0;0;-88392;?;-375;0;1;0;1;0
0;?;0;0;-88392;?;-375;0;1;0;1;0
0;?;0;0;-84216;?;113;0;1;0;1;0
0;1;0;0;-79112;?;244;0;1;0;1;0
0;1;0;0;-78242;?;316;0;1;0;1;0
0;1;0;0;-72500;?;46;0;1;0;1;0
0;1;0;0;-72500;?;46;0;1;0;1;0
-1015;1;0;0;-81084;-99;-546;0;1;0;1;0
2001;1;0;0;-38048;73;-138;0;1;0;1;0
0;1;0;0;0;9;684;0;1;0;1;0
0;1;0;0;0;9;684;0;1;0;1;0
0;1;0;0;0;7;20;0;1;0;1;1
0;1;0;0;0;10;18;0;1;0;0;1
0;1;0;0;0;10;18;0;1;0;0;1
0;1;0;0;0;8;40;0;1;0;0;1
0;1;0;0;0;8;40;0;1;0;0;1
0;1;0;0;0;8;40;0;1;0;0;1
0;1;0;0;0;6;30;0;1;0;0;1
0;1;0;0;0;2;15;0;1;0;0;1
0;1;0;0;0;7;36;0;1;0;0;1
0;1;0;0;0;7;31;0;1;0;0;1
0;1;0;?;0;7;31;?;1;0;0;1
0;1;0;?;0;5;31;?;1;0;0;1
0;1;0;0;0;5;34;?;1;0;0;1
0;1;0;0;0;4;39;?;1;0;0;1
0;1;0;0;0;4;39;0;1;0;0;1
0;1;0;0;0;7;35;0;1;0;0;1
0;1;0;0;0;7;35;0;1;0;0;1
0;1;0;0;0;7;35;0;1;0;0;1
0;1;0;0;0;7;31;0;1;0;0;1
0;1;0;0;0;6;28;0;1;0;0;1
0;1;0;0;0;6;28;0;1;0;0;1
0;1;0;0;0;8;31;0;1;0;0;1
0;1;0;0;0;7;23;0;1;0;0;1
0;1;0;0;0;4;43;0;1;0;0;1
0;1;0;0;0;5;44;0;1;0;0;1
0;1;0;0;0;5;44;0;1;0;0;1
0;1;0;0;0;6;21;0;1;0;0;1
0;1;0;0;0;9;24;0;1;0;0;1
0;1;0;0;0;7;45;0;1;0;0;1
0;1;0;0;0;5;25;0;1;0;0;1
0;1;0;0;0;5;25;0;1;0;0;1
0;1;0;0;0;5;25;0;1;0;0;1
0;1;0;0;0;11;50;0;1;0;0;1
0;1;0;0;0;6;42;0;1;0;0;1
0;1;0;0;0;6;35;0;1;0;0;1
0;1;0;0;0;6;35;0;1;0;0;1
0;1;0;0;0;9;30;0;1;0;0;1
0;?;0;0;0;9;35;0;1;0;0;1
0;?;0;0;0;9;40;0;1;0;0;1
0;?;0;0;0;1;35;0;1;0;0;1
0;?;0;0;0;1;35;0;1;0;0;1
0;?;0;0;0;6;22;0;1;0;0;1
0;?;0;0;0;6;22;0;1;0;0;1
0;?;0;0;0;6;26;0;1;0;0;1
0;?;0;0;0;6;26;0;1;?;0;1
0;1;0;0;0;7;44;0;1;?;0;1
0;1;0;0;0;7;44;0;1;?;0;1
0;1;0;0;0;5;31;0;1;?;0;1
0;1;0;0;0;4;19;0;1;?;0;1
0;1;0;0;0;9;37;0;1;?;0;1
0;1;0;0;0;6;31;0;1;?;0;1
0;1;0;0;0;6;31;0;1;?;0;1
0;1;0;0;0;7;31;0;1;?;0;1
0;1;0;0;0;9;28;0;1;?;0;1
0;1;0;0;0;6;14;0;1;?;0;1
0;1;?;0;0;7;53;0;1;?;0;1
0;1;?;0;0;7;53;0;1;?;0;1
0;1;?;0;0;10;26;0;1;?;0;1
0;1;?;0;0;10;26;0;1;0;0;1
0;1;?;0;0;5;15;0;1;0;0;1
0;1;0;0;0;7;34;0;1;0;0;1
0;1;0;0;0;8;30;0;1;0;0;1
0;1;0;0;0;8;30;0;1;0;0;1
0;1;0;0;0;9;?;0;1;0;0;1
0;1;0;0;0;8;?;0;1;0;0;1
0;1;0;0;0;9;?;0;1;0;0;1
0;1;0;0;0;9;?;0;1;0;0;1
0;1;0;?;0;6;?;0;1;0;0;1
0;1;0;?;0;5;31;0;1;0;0;1
0;1;0;?;0;8;44;0;1;0;0;1
0;1;0;?;0;4;27;0;1;0;0;1
0;1;0;?;0;4;27;0;1;0;0;1
0;1;0;?;0;8;47;0;1;1;0;1
0;1;0;?;0;8;47;0;1;1;0;1
0;1;0;?;0;7;26;0;1;1;0;1
0;1;1;?;0;6;30;0;?;1;0;1
0;1;1;?;?;5;25;0;?;1;0;1
0;1;1;?;?;5;25;0;?;1;0;1
0;1;1;?;?;7;50;0;?;1;0;1
0;1;1;?;?;7;30;0;?;?;0;1
0;1;1;0;?;5;34;0;?;1;0;1
0;1;1;0;?;5;34;0;?;1;0;1
0;1;1;0;?;5;40;0;?;1;0;1
0;1;0;0;?;6;27;1;?;1;0;1
0;1;0;0;?;6;29;1;?;1;0;1
0;1;0;0;?;11;26;1;0;1;0;1
0;1;0;0;?;11;26;1;0;1;0;1
0;1;0;0;?;11;26;1;0;1;0;1
0;1;0;0;?;7;30;1;0;1;?;1
0;1;0;0;0;9;30;1;0;1;0;1
0;1;0;0;0;10;21;1;0;1;0;1
0;1;0;0;0;6;31;1;0;1;0;1
0;1;0;0;0;6;31;1;0;1;0;1
0;1;0;0;0;9;39;1;0;1;0;1
0;1;0;0;0;5;15;1;0;1;0;1
0;1;0;0;0;5;25;1;0;1;0;1
0;1;0;0;0;5;25;1;0;1;0;1
0;1;0;0;0;6;34;1;0;1;0;1
0;1;0;0;0;6;44;1;0;1;0;1
0;1;0;0;0;6;33;1;0;1;0;1
0;1;0;0;0;4;28;1;0;1;0;1
0;1;0;0;0;4;28;1;0;1;0;1
0;1;0;0;0;4;28;1;0;1;0;1
0;1;0;0;0;6;27;1;0;1;0;1
0;1;0;0;0;6;19;1;0;1;0;1
0;?;0;0;0;9;51;1;0;1;0;1
0;?;0;0;0;6;29;1;0;1;0;1
0;?;0;0;0;6;29;1;0;1;0;1
0;?;0;0;0;9;31;1;0;1;0;1
0;?;0;0;0;6;25;1;0;1;0;1
0;?;0;0;0;7;31;1;0;1;0;1
0;?;0;0;0;7;31;1;0;1;0;1
0;?;0;0;0;4;21;1;0;1;0;1
0;?;0;0;0;5;22;1;0;1;0;1
0;?;0;0;0;6;40;1;0;1;0;1
0;?;0;0;0;7;46;1;0;1;0;1
0;?;0;0;0;7;46;1;0;1;0;1
0;?;0;0;0;7;46;1;?;1;0;1
0;?;0;0;0;10;25;1;?;1;0;1
0;?;0;0;0;4;30;1;?;1;0;1
0;1;0;0;0;9;28;1;?;1;0;1
0;1;0;0;0;6;21;1;?;1;0;1
0;1;0;0;0;6;21;1;?;1;0;1
0;1;0;0;0;6;26;1;?;1;0;1
0;1;0;0;0;5;21;1;?;1;0;1
0;1;0;0;0;7;46;1;?;0;0;1
0;1;0;0;0;6;31;1;?;0;0;1
0;1;0;0;0;6;31;1;?;0;0;1
0;1;0;0;0;8;31;1;?;0;0;1
0;1;0;0;0;7;27;1;?;0;0;1
0;1;0;0;0;7;27;1;?;0;0;1
0;1;0;0;0;5;24;1;?;0;0;1
0;1;0;0;0;5;24;1;0;0;0;1
0;1;0;0;0;7;31;1;0;0;0;1
0;1;0;0;0;8;34;0;0;0;0;1
0;1;0;0;0;10;26;0;0;0;0;1
0;1;0;0;0;7;22;0;0;0;0;1
0;1;0;0;0;7;22;0;0;0;0;1
0;1;0;0;0;5;40;0;1;0;0;1
0;1;0;0;-74994;-9;322;0;1;0;0;0
-1015;1;0;0;-60697;-175;-522;0;1;0;0;0
-1015;1;0;0;-60697;-175;-522;0;1;0;0;0
-1015;1;0;0;-93960;4;-633;0;1;0;0;0
0;1;0;0;-71340;-21;-3;0;1;0;0;0
0;1;0;0;-80214;-50;17;0;1;0;0;?
0;1;0;0;-80214;-50;17;0;1;0;0;?
1015;1;0;0;-70180;54;-337;?;1;0;0;?
0;1;0;?;-88450;-112;-569;?;1;0;0;?
0;1;0;?;-88450;-112;-569;?;1;0;0;?
1015;1;0;?;-86855;-53;201;?;1;0;0;?
0;1;0;0;-66903;22;-804;?;1;0;0;?
-1015;1;0;0;-62292;-29;79;0;1;0;0;?
-1015;1;0;0;-62292;-29;79;0;1;0;0;?
2030;1;0;0;-75835;-139;-514;0;1;0;0;?
-1015;1;0;0;-70412;-138;-705;0;1;0;0;?
0;1;0;0;-99847;-146;355;0;1;0;0;?
-1015;1;?;0;-98136;-82;-81;0;1;0;0;?
-1015;1;?;0;-98136;-82;-81;0;1;0;0;?
-1015;1;?;0;-98136;-82;-81;0;1;0;0;?
1015;1;?;0;-71572;-226;-56;0;1;0;0;0
0;1;?;0;-66381;-165;-503;0;1;0;0;0
0;1;?;0;-71804;-159;?;0;1;0;0;0
0;1;?;0;-87638;12;?;0;1;0;0;0
0;1;?;0;-87638;12;?;0;1;0;0;0
-1015;1;?;0;-93206;19;?;0;1;0;0;0
0;1;?;0;-82708;-39;?;0;1;0;0;0
0;1;?;0;-66207;-101;?;0;1;?;0;0
1015;1;0;0;-86072;-186;?;0;1;?;0;0
1015;1;0;0;-86072;-186;?;0;1;?;0;0
0;1;0;0;-89001;16;?;0;1;?;0;0
0;1;0;0;-67628;-191;?;0;1;?;0;0
1015;1;0;0;-58493;-142;?;0;1;0;0;0
1015;1;0;0;-58493;-142;?;0;1;0;0;0
0;1;0;0;-56086;-108;-660;0;1;0;0;0
0;1;0;0;-56086;-108;-660;0;1;0;0;0
0;1;0;0;-77140;-69;-836;0;1;0;0;0
0;1;0;0;-73080;-91;-833;0;1;0;0;0
0;1;0;0;-74008;-151;-78;0;1;0;0;0
0;1;0;0;-74008;-151;-78;0;1;0;0;0
0;1;0;0;-91930;-163;-485;0;1;0;0;0
0;1;0;0;-83549;-182;-113;0;1;0;0;0
0;1;0;0;?;-185;-249;0;1;0;0;0
0;1;0;0;?;-100;-793;0;1;0;0;0
0;1;0;0;?;-100;-793;0;1;0;?;0
0;1;0;0;?;-124;-480;0;?;0;?;0
0;1;0;0;?;-3;-730;0;?;0;?;0
0;1;0;0;?;-3;-730;0;?;0;?;0
1015;1;0;0;?;-170;-181;0;?;0;?;0
1015;1;0;0;?;-170;-181;0;?;0;?;0
0;1;0;0;?;-203;-592;0;?;0;?;0
0;1;0;0;?;-171;-241;0;?;0;?;0
0;1;0;0;?;?;-358;0;?;0;?;0
0;1;0;0;?;?;-393;0;?;0;?;0
0;1;0;0;?;?;?;0;?;0;?;0
1015;1;0;0;?;?;?;0;1;0;?;0
0;1;0;0;?;?;?;0;1;0;?;0
0;1;0;0;-90799;?;?;0;1;0;0;0
0;1;0;0;-75081;?;?;0;1;0;0;0
0;1;0;0;-75081;?;?;0;1;0;0;0
0;1;0;0;-80156;?;?;0;1;0;0;0
0;1;0;0;-95758;?;?;0;1;0;0;0
0;1;0;0;-95758;?;?;0;1;0;0;0
2030;1;0;0;?;-138;?;0;1;0;0;0
0;1;0;0;?;-43;-200;0;1;0;0;0
0;1;0;0;?;-43;-200;0;1;0;0;0
0;1;0;0;?;-43;-198;0;1;0;0;0
0;1;0;0;0;-44;-205;0;1;0;1;0
?;1;0;0;0;-42;-202;0;1;0;1;0
?;1;0;0;0;-42;-202;0;1;0;1;0
?;1;0;0;0;-46;-201;0;1;0;1;0
?;1;0;0;0;-41;-198;0;1;0;1;0
?;1;0;0;0;-44;-194;0;1;0;1;0
?;1;0;0;0;-43;-208;0;1;0;1;0
?;1;0;0;0;-43;-208;?;1;0;1;0
?;1;0;0;0;-44;-182;?;1;0;1;0
?;1;0;0;0;-44;-182;?;1;0;1;0
?;1;0;0;0;-42;-198;?;1;0;1;0
?;1;0;0;0;-44;-208;?;1;0;1;0
?;1;0;0;0;-44;-200;?;1;0;1;0
0;1;0;0;0;-44;-200;?;1;0;1;0
0;1;0;0;0;-42;-202;?;1;0;1;0
0;1;0;0;0;-44;-196;?;1;0;1;0
0;1;0;0;0;-42;-194;?;1;0;1;0
0;1;0;0;0;-43;-190;0;1;0;1;0
0;1;0;0;0;-43;-190;0;1;0;1;0
0;1;0;0;0;-44;-208;0;1;0;1;0
0;1;0;0;0;-45;-198;0;1;0;1;0
0;1;0;0;0;-44;-202;0;1;0;1;0
0;1;0;0;0;-44;-202;0;1;0;1;0
0;1;0;0;0;-44;-202;0;1;0;1;0
3016;1;0;0;60813;170;-200;0;1;0;1;0
1015;1;0;0;78068;146;762;0;1;0;1;0
0;1;0;0;83636;203;371;0;1;0;1;?
1015;1;0;0;91669;66;671;0;1;0;1;?
0;1;0;0;75487;118;991;0;1;0;1;?
0;1;0;0;75487;118;991;0;1;0;1;?
-1015;1;0;?;82911;41;213;0;1;0;1;?
-1015;1;0;?;93148;189;466;0;1;0;1;?
1015;1;0;?;82824;94;-72;0;1;0;1;?
1015;1;0;?;82824;94;-72;0;1;0;1;?
-1015;1;0;0;81345;173;554;0;1;0;1;?
-1015;1;0;0;81345;173;554;0;1;0;1;?
-1015;1;0;0;81345;173;554;0;1;0;1;?
-1015;1;0;0;97208;81;676;0;1;0;1;?
0;1;0;0;66120;211;179;0;1;0;1;?
0;1;0;0;66120;211;179;0;1;0;1;?
-1015;1;0;0;95729;196;663;0;1;0;1;?
0;1;0;0;73689;141;295;0;1;0;1;?
0;1;0;0;94946;49;545;0;1;0;1;?
0;1;0;0;82882;84;166;0;1;0;1;?
0;1;0;0;82882;84;?;0;1;0;1;0
0;1;0;0;95642;183;?;0;1;0;1;0
0;1;0;0;99209;54;?;0;1;0;1;0
0;1;0;0;65888;186;?;0;1;0;1;0
0;1;0;0;72384;-1;?;0;1;0;1;0
0;1;0;?;72384;-1;?;0;1;0;1;0
0;1;0;?;66555;145;?;0;1;0;1;0
0;?;0;?;66555;145;?;0;1;?;1;0
0;?;0;?;102979;161;?;0;1;?;1;0
-1015;?;0;?;65888;118;816;0;1;?;1;0
0;?;0;?;101210;118;147;0;1;?;1;0
0;?;0;0;101210;118;147;0;1;?;1;0
-1015;?;0;0;93293;174;747;0;1;?;1;0
0;?;0;0;91118;182;-191;0;1;?;1;0
0;?;0;0;80910;49;6;0;1;?;1;0
1015;?;0;0;70470;122;256;0;1;?;1;0
1015;?;0;0;70470;122;256;0;1;?;1;0
0;?;0;0;70847;?;514;0;1;?;1;0
0;?;0;0;99789;28;-362;0;1;0;1;0
0;?;0;0;89958;122;735;0;1;0;1;0
0;?;0;0;89958;122;735;0;1;0;1;0
0;?;0;0;89958;122;735;0;1;0;1;0
0;1;0;0;83172;-18;550;0;1;0;1;0
0;1;0;0;74414;231;334;0;1;0;?;0
0;1;0;0;82244;?;297;0;1;0;?;0
0;?;0;0;68614;?;574;0;1;0;?;0
-1015;1;0;0;78358;?;524;0;1;0;?;0
-1015;1;0;0;78358;?;524;0;1;0;?;?
0;1;0;0;93989;?;542;0;1;0;1;?
0;1;0;0;87406;?;542;0;1;0;1;?
0;1;0;0;67077;?;622;0;1;0;1;?
0;1;0;0;67077;?;622;0;1;0;1;?
0;1;0;0;79228;?;383;0;1;0;1;?
0;1;0;0;89494;?;528;0;1;0;1;?
0;1;0;0;89494;?;528;0;1;0;1;?
0;1;0;0;67860;68;654;0;1;0;1;?
0;1;0;0;87609;11;736;0;1;0;1;?
0;1;0;0;96280;-30;148;0;1;0;1;?
0;1;0;0;96280;-30;148;0;1;0;1;?
1015;1;0;0;67686;53;665;0;?;0;1;?
0;?;0;0;77314;58;567;0;?;0;1;?
-1015;1;0;0;67280;68;316;0;?;0;1;?
-1015;1;0;0;67280;68;316;0;?;0;1;0
0;?;0;0;79924;18;158;0;?;0;1;0
0;?;0;0;78387;185;750;0;?;0;1;0
-1015;?;0;0;82157;148;-7;0;?;0;?;0
1015;?;0;0;83462;96;667;0;?;0;?;0
1015;?;0;0;83462;96;667;0;?;0;?;0
1015;?;0;0;83462;96;667;0;?;0;?;0
0;?;0;0;68295;160;170;0;1;0;?;0
0;1;0;0;76705;165;-37;0;1;0;?;0
0;?;0;0;85492;75;705;0;1;0;1;0
0;1;0;0;85492;75;705;0;1;0;1;0
1015;1;0;0;89030;155;706;0;1;0;1;0
-1015;1;0;0;91988;35;578;0;1;0;1;0
-1015;1;0;0;100572;124;663;0;1;0;1;0
0;1;0;0;97411;18;541;0;1;0;1;0
-1015;1;0;0;92916;?;1023;0;1;0;1;0
-1015;1;0;0;92916;?;1023;0;1;0;1;0
0;1;0;0;78503;?;30;0;1;0;1;0
0;1;0;0;88653;?;712;0;1;0;1;0
1015;1;0;0;99905;?;281;0;1;0;1;0
0;1;0;0;92336;?;195;0;1;0;1;0
0;1;0;0;92336;?;195;0;1;0;1;0
0;1;0;0;92336;?;195;0;1;0;1;0
0;1;0;0;57739;?;800;0;1;0;1;0
0;1;0;0;74037;?;379;0;1;0;1;0
1015;1;0;0;78880;?;1113;0;1;0;1;0
-1015;1;0;0;89958;?;136;0;1;0;1;0
-1015;?;0;0;89958;138;136;0;1;0;1;0
1015;?;0;0;84013;162;959;0;1;0;1;0
-1015;?;0;0;66439;148;407;0;1;0;1;0
0;1;0;0;89291;150;544;0;1;0;1;0
-1015;1;0;0;95555;?;930;0;1;0;1;0
-1015;1;0;0;95555;?;930;0;1;0;1;0
0;1;0;0;72500;?;141;0;1;0;1;0
0;1;?;0;?;?;141;0;1;0;1;0
-1015;1;?;0;?;?;782;0;1;0;1;0
0;1;?;0;?;?;818;0;1;0;1;0
0;1;?;0;?;?;818;0;1;0;1;0
0;1;?;0;0;?;366;0;1;0;1;?
0;1;0;0;0;?;358;0;1;0;1;0
0;1;0;0;0;?;?;0;1;0;?;0
0;1;0;0;0;?;?;0;1;0;?;0
0;1;0;0;0;?;?;0;1;0;1;0
0;1;0;0;0;75;?;0;1;0;1;0
0;1;0;0;0;74;?;0;1;0;1;0
0;1;0;0;0;76;?;0;1;0;1;0
0;1;0;0;0;76;?;0;1;0;1;0
0;1;0;0;0;76;?;0;1;0;1;0
0;1;0;0;0;76;352;0;1;0;1;0
0;1;0;0;0;78;354;0;1;0;1;0
0;1;0;0;0;73;336;0;1;0;1;0
0;1;0;0;0;76;347;0;1;0;1;0
0;1;0;0;?;80;352;0;1;0;1;0
0;?;0;0;?;80;352;0;1;0;1;0
0;?;0;0;?;79;347;0;1;0;1;0
0;?;0;0;?;76;358;0;1;0;1;0
0;?;0;0;?;77;348;0;1;0;1;0
0;?;0;0;?;77;348;0;1;0;1;0
0;?;0;0;0;78;354;0;1;0;1;0
0;?;0;0;0;79;364;0;1;0;1;?
-3016;?;0;0;-16153;47;-692;0;1;0;1;?
0;?;0;0;-70992;-230;-989;0;1;0;1;?
0;?;0;0;-70992;-230;-989;0;1;0;1;?
0;?;0;0;-94163;-228;-968;0;1;0;1;?
0;?;0;0;-94163;-228;-968;0;1;0;1;?
1015;?;0;0;-98368;-68;-694;0;1;0;1;?
0;?;0;0;?;-95;-914;0;1;0;1;?
0;1;0;0;?;-95;-914;0;1;0;1;?
0;1;0;0;-86362;-215;-245;0;1;0;1;?
0;1;0;0;-71891;-231;-769;0;1;0;1;?
-1015;1;0;0;-70702;-210;-905;0;1;0;1;?
1015;1;0;0;-75806;-79;-1076;0;1;0;1;?
1015;1;0;0;-75806;-79;-1076;0;1;0;1;?
0;1;0;0;-93931;-117;-314;0;1;0;1;?
0;1;0;0;-71282;24;-996;0;1;0;1;?
1015;1;0;0;-74124;-10;-12;0;1;0;1;?
1015;1;0;0;-74124;-10;-12;0;1;0;1;?
1015;1;0;0;-93931;-216;-336;0;1;0;1;?
1015;1;0;0;-93931;-216;-336;0;1;0;1;?
-1015;1;0;0;-83926;21;-87;0;1;0;1;?
1015;1;0;0;-90248;-35;55;0;1;0;1;?
1015;1;0;0;-67918;35;-51;0;1;0;1;?
1015;1;0;0;?;35;-51;0;1;0;1;?
1015;1;0;0;?;-132;-241;0;1;0;?;0
0;1;0;0;?;-103;121;0;1;0;1;0
0;1;0;0;?;-1;-775;0;1;0;1;0
1015;1;0;0;?;47;?;0;1;0;1;0
1015;1;0;0;-99470;47;?;0;1;0;1;0
0;1;0;0;-73834;-136;?;0;1;0;?;0
0;1;0;0;-80417;37;?;0;1;0;?;0
0;1;0;0;-88102;-160;?;0;1;0;?;0
0;1;0;0;-88102;-160;?;0;1;0;?;0
0;1;0;0;-75313;-145;?;0;1;0;?;0
0;1;0;0;-75313;-145;-164;0;1;0;?;0
0;1;0;0;-88218;45;-16;?;1;0;?;0
1015;1;0;0;-78184;43;78;?;1;0;?;0
1015;1;0;0;-65540;-2;-383;?;1;0;?;0
1015;1;0;0;-65540;-2;-383;?;1;0;?;0
0;1;0;0;-75110;?;-101;?;1;0;?;0
0;1;0;0;-100688;?;-79;?;1;0;?;0
1015;1;0;0;-92626;?;-174;?;1;0;1;0
0;1;0;0;-80098;?;-452;?;1;0;1;0
0;1;0;0;-80098;?;-452;?;1;0;1;0
0;1;0;0;-87870;?;-654;?;1;0;1;0
-1015;1;0;0;-79083;?;-270;?;1;0;1;0
-1015;1;0;0;-79083;?;-270;0;1;0;1;0
1015;1;0;0;-91524;-29;153;0;1;0;1;0
-1015;1;0;0;-86507;-18;-739;0;1;0;1;0
-1015;1;0;0;-86507;-18;-739;0;1;0;1;0
0;1;0;0;-84796;-188;92;0;1;0;1;0
-1015;1;0;0;-86246;-57;-91;0;1;0;1;0
0;1;0;0;-70934;63;-231;0;1;0;1;0
0;1;0;0;?;63;-231;0;1;0;1;0
-1015;1;0;0;?;-174;-673;0;1;0;1;0
0;1;0;0;?;35;438;0;1;0;1;0
1015;1;0;?;?;-175;-351;0;1;0;1;0
0;1;0;?;?;-123;-377;0;1;0;1;0
0;1;0;?;?;-123;-377;0;1;0;1;0
-1015;1;0;?;?;-192;-129;0;1;0;1;0
-1015;1;0;?;?;-192;-129;0;1;0;1;0
1015;1;0;0;-67425;-44;-630;0;1;0;1;0
-1015;1;0;0;-75690;-45;-106;0;1;0;1;0
0;1;0;0;-80156;-18;-826;0;1;0;1;0
0;1;0;0;-80156;-18;-826;0;1;0;1;0
0;1;0;0;-65279;-192;?;0;1;0;1;0
-1015;1;0;0;-86652;-123;?;0;1;0;1;0
1015;1;0;0;-74994;-180;-244;0;1;0;1;0
1015;1;0;0;-74994;-180;-244;0;1;0;1;0
2001;1;0;0;-8033;-19;-271;0;1;0;1;0
0;1;0;0;0;-33;-157;0;1;0;1;0
0;?;0;1;0;-32;-170;0;1;0;1;0
0;?;0;1;0;-33;-142;0;1;0;0;0
0;?;0;1;0;-33;-142;0;1;0;0;0
0;?;0;1;0;-33;-142;0;1;0;0;0
0;?;0;1;0;-30;-157;0;1;0;0;0
0;?;0;1;0;-34;-150;0;1;0;0;0
0;?;0;1;0;-34;?;0;1;0;0;0
0;?;0;1;0;-34;?;0;1;0;0;0
0;?;0;1;0;-34;?;0;1;0;0;0
0;?;0;1;0;-34;?;0;1;0;0;0
0;1;0;1;0;-30;?;0;1;0;0;0
0;1;0;1;0;-34;?;0;1;0;0;0
0;1;0;1;0;-34;-155;0;1;0;0;0
0;1;0;1;0;-31;-153;0;1;0;0;0
0;1;0;1;0;-32;-145;0;1;0;0;0
0;1;0;1;0;-33;-149;0;1;0;0;0
0;1;0;1;0;-33;-136;0;1;0;0;0
0;1;0;1;0;-33;-136;0;1;0;0;0
0;1;0;1;0;-33;-136;0;1;0;0;0
0;1;0;1;0;-34;-140;0;1;0;0;0
0;1;0;1;0;-31;-146;0;1;0;0;0
0;1;0;1;0;-32;?;0;1;0;0;0
0;1;0;1;0;-32;?;0;1;0;0;0
0;1;0;1;0;-35;?;0;?;0;0;0
0;1;0;1;0;-32;-155;0;?;0;0;0
0;1;0;1;0;-33;-156;0;?;0;0;0
0;1;0;1;0;-28;-138;0;?;0;0;0
0;1;0;1;0;-28;-138;0;?;0;0;0
0;1;0;1;0;-33;-156;0;?;0;0;0
0;1;0;1;0;-33;-166;0;?;0;0;0
0;1;0;1;0;-35;-148;0;?;0;0;0
0;1;0;1;0;-30;-153;?;?;0;0;0
0;1;0;1;0;-30;-153;?;?;0;0;0
0;1;0;1;0;-30;-153;?;?;0;0;0
0;1;0;1;0;-32;-146;?;?;0;0;0
0;1;0;1;0;-29;-150;?;?;0;0;0
0;1;0;1;0;-31;-138;?;?;0;0;0
0;1;0;1;0;-31;-138;?;?;0;0;0
0;1;0;1;0;-31;-150;?;1;0;0;0
0;1;0;1;0;-34;-157;?;1;0;0;0
0;1;0;1;0;-33;-150;?;1;0;0;?
0;1;0;1;0;-35;-155;?;1;0;0;?
0;1;0;1;0;-35;-155;0;1;0;0;?
0;1;0;1;0;-33;-144;0;1;0;0;?
0;1;0;1;0;-33;-146;0;1;0;0;?
0;1;0;1;0;-33;-153;0;1;0;0;?
0;1;0;?;0;-30;-153;0;1;0;0;?
0;1;0;?;0;-30;-153;0;1;0;0;?
0;1;0;?;0;-30;-153;0;1;0;0;?
0;1;0;?;0;-31;-150;0;1;0;0;?
0;1;0;?;0;-31;-142;0;1;0;0;?
0;1;0;?;0;-32;-134;0;1;0;0;?
0;1;0;?;0;-32;-134;0;1;0;0;?
0;1;0;?;0;-32;-156;0;1;0;0;?
0;1;0;1;0;-34;-135;0;1;0;0;?
0;1;0;1;0;-33;-144;0;1;0;0;0
0;1;0;1;0;-33;-144;0;1;0;0;0
0;1;0;1;0;-34;-146;0;1;0;0;0
0;1;0;1;0;-30;-146;0;1;0;0;0
0;1;0;1;0;-33;-142;0;1;0;0;0
0;1;0;1;0;-30;-136;0;1;0;0;0
0;1;0;1;0;-30;-136;0;1;0;0;0
0;1;0;1;0;-34;-150;0;1;0;?;0
0;1;0;1;0;-34;-150;0;?;0;?;0
0;1;0;1;0;-32;-146;0;?;1;?;0
0;1;0;1;0;-31;-156;0;?;1;?;0
0;1;0;1;0;-32;-132;0;?;1;?;0
0;1;0;1;0;-32;-132;0;?;1;0;0
0;1;1;1;0;-32;-152;0;?;1;0;0
0;1;1;1;0;-34;-152;0;?;1;0;0
0;1;1;1;0;-33;-150;0;?;1;0;0
0;0;1;1;0;-33;-164;0;?;1;0;0
0;0;1;1;0;-33;-164;0;?;1;0;0
0;1;1;1;0;-33;-149;0;?;1;0;0
0;1;0;1;0;-33;?;1;?;1;0;0
0;1;0;1;0;-32;?;1;0;1;0;0
?;1;0;1;0;-32;?;1;0;1;0;0
?;1;0;1;0;-32;?;1;0;1;0;0
?;1;0;1;0;-33;?;1;0;1;0;0
?;1;0;1;0;-30;?;1;0;1;0;0
?;1;0;1;0;-33;?;1;0;1;0;0
?;1;0;1;0;-35;?;1;0;1;0;0
?;1;0;1;0;-35;-157;1;0;1;0;0
?;1;0;1;0;-33;-149;1;0;1;0;0
?;1;0;1;0;-35;-142;1;0;1;0;0
?;1;0;1;0;?;-150;1;0;1;0;0
?;1;0;1;0;?;-153;1;0;1;0;0
0;1;0;1;0;?;-153;1;0;1;0;0
0;1;0;1;0;?;-144;1;0;1;0;0
0;1;0;1;0;?;-161;1;0;1;0;0
0;1;0;1;0;?;-161;1;0;1;0;0
0;1;0;1;0;?;-146;1;0;1;0;0
0;1;0;1;0;?;-148;1;0;1;0;0
0;1;0;1;0;?;-148;1;0;1;0;0
0;1;0;1;0;?;-134;?;0;1;0;0
0;1;0;1;0;?;-150;?;0;1;0;0
0;1;0;1;0;?;-150;?;0;1;0;0
0;1;0;1;0;-31;-150;?;0;1;0;0
0;1;0;1;0;-31;-157;?;0;1;0;0
0;1;0;1;0;-33;-157;1;0;1;0;0
0;1;0;1;0;-31;-148;1;0;1;0;0
0;1;0;1;0;-31;-148;1;0;1;0;0
0;1;0;1;0;-32;-157;1;0;1;0;0
0;1;0;1;0;-29;-136;1;0;1;0;0
0;1;0;1;0;-29;-136;1;0;1;0;0
0;1;0;1;?;-32;-148;1;0;1;0;0
0;1;0;1;?;-30;-150;1;0;1;0;0
0;1;0;?;?;-32;-153;1;0;1;0;0
0;1;0;?;?;-32;-153;1;0;1;0;0
0;1;0;?;?;-31;-157;1;0;1;0;0
0;1;0;?;?;-32;-153;1;0;1;0;0
0;1;0;?;?;-31;-138;1;0;1;0;0
0;1;0;?;?;?;-157;1;0;1;0;0
0;1;0;?;?;?;-157;1;0;1;0;0
0;1;0;1;?;?;-153;1;0;1;0;0
0;1;0;1;?;?;-157;1;0;1;0;0
0;1;0;1;?;?;-138;1;0;0;0;0
0;1;0;?;?;?;-138;1;0;0;0;0
0;1;0;?;0;?;-138;1;0;0;0;0
0;1;0;?;0;?;-157;1;0;0;0;0
0;1;0;?;0;?;-146;1;0;0;0;0
0;1;0;?;0;?;-159;1;0;0;0;0
0;1;0;1;0;?;-153;1;0;0;0;0
0;?;0;1;0;?;-153;1;0;0;0;0
0;?;0;1;0;?;-144;?;0;0;0;0
0;?;0;1;0;-34;-161;?;0;0;0;0
0;?;0;1;0;-33;-142;?;0;0;0;0
0;1;0;1;0;-33;-142;?;0;0;0;0
0;1;0;1;0;-32;-153;?;0;0;0;0
0;1;0;1;0;-32;-145;0;0;0;0;0
-2001;1;0;1;-50286;-38;-257;0;1;0;0;0
0;1;0;0;-85724;-181;-92;0;1;0;0;0
0;1;0;0;-85724;-181;-92;0;?;0;0;0
1015;1;0;0;-65859;-141;-780;0;?;0;0;0
1015;1;0;0;-65859;-141;-780;0;1;0;0;0
0;1;0;0;-83462;-90;-518;0;1;0;0;0
0;1;0;0;-79315;-70;-857;0;1;0;0;0
1015;1;0;0;-65279;-153;-993;0;1;0;0;0
1015;1;0;0;-65279;-153;-993;0;1;0;0;0
0;1;0;0;-83839;-79;0;0;1;0;0;0
0;1;0;0;-70528;-178;-495;0;1;0;0;0
0;1;0;0;-96454;-34;-189;?;1;0;0;0
0;1;0;0;-88624;-124;45;?;1;0;0;0
0;1;0;0;-73080;-32;-176;?;1;0;0;0
0;1;0;0;-73080;-32;-176;?;1;0;0;0
0;1;0;0;-73080;-32;-176;?;1;0;0;0
0;1;0;0;-71137;-117;-446;?;1;0;0;0
1015;1;0;0;-83172;-160;-581;?;1;0;0;0
0;1;0;0;-72036;17;-672;?;1;0;?;0
0;1;0;0;-72036;17;-672;?;1;0;?;0
0;1;0;0;-75371;?;-210;0;1;0;?;0
-1015;1;0;0;-66352;?;-399;0;1;0;?;0
1015;1;?;0;-97875;?;-916;0;1;0;?;0
?;1;?;0;?;?;-916;0;1;0;?;0
?;1;?;0;?;?;-874;0;1;0;?;0
?;1;?;0;?;?;-278;0;1;0;0;0
?;1;?;0;?;?;-90;0;1;0;0;0
?;1;?;0;?;?;-367;0;1;0;0;0
?;1;?;0;-78735;?;-746;0;1;0;0;0
?;1;?;0;-78735;-164;-746;0;1;0;0;0
?;1;?;0;-78735;-164;-746;0;1;0;0;0
0;1;?;0;-78735;-100;-347;0;1;?;0;0
2001;1;?;0;-47502;-235;-2;0;1;?;0;0
0;1;?;0;-17400;-40;549;0;1;?;0;0
0;1;?;0;-17400;-40;549;0;1;?;0;0
0;1;0;0;0;-41;-182;0;1;0;0;0
0;1;0;0;0;-41;-190;0;1;0;1;0
0;1;0;0;0;-39;-182;0;1;0;1;0
0;1;0;0;0;-37;-169;0;1;0;1;0
0;1;0;0;0;-42;-177;0;1;0;1;0
0;1;0;0;0;-42;-177;0;1;0;1;0
0;1;0;0;0;-39;?;0;1;0;1;0
0;1;0;0;0;-39;-179;0;1;0;1;0
0;1;0;0;0;-38;-180;0;1;0;1;0
0;1;0;0;0;-41;-169;0;1;0;1;0
0;1;0;0;0;-40;-167;0;1;0;1;0
0;1;0;0;0;-40;-167;0;1;0;1;0
0;1;0;0;0;-40;-179;0;1;0;1;0
0;1;0;?;0;-38;-182;0;1;0;1;0
0;1;0;?;0;-40;-187;0;1;0;1;0
0;1;0;0;0;-40;-187;0;1;0;1;0
0;1;0;0;0;-38;-189;0;1;0;1;0
0;1;0;0;0;-37;-180;0;1;0;1;0
0;1;0;0;0;-37;-161;0;1;0;1;?
0;1;0;0;0;-40;-197;0;1;0;1;?
0;1;0;0;0;-40;-197;0;1;0;1;?
0;1;0;0;0;-40;-197;0;1;0;1;?
0;1;0;0;0;-37;-185;0;1;0;1;0
0;1;0;0;0;-36;-182;0;1;0;1;0
986;1;0;0;12876;-18;905;0;1;0;1;0
-1015;1;0;0;84448;113;351;0;1;0;1;0
-1015;1;0;0;84448;113;351;0;1;0;1;0
-1015;1;0;0;70963;68;212;0;1;0;1;0
-1015;1;0;0;98716;72;109;0;1;0;1;0
-1015;1;0;0;68991;67;686;0;1;0;1;0
-1015;1;0;0;68991;67;686;0;1;0;1;0
0;1;0;0;72413;169;1052;0;1;0;1;0
0;1;0;0;80011;167;737;0;1;0;1;0
0;1;0;0;86304;127;117;0;1;0;1;0
0;1;0;0;86304;127;117;0;1;0;1;?
1015;1;0;0;98049;214;391;0;1;0;1;?
1015;1;0;0;98049;214;391;0;1;0;1;0
0;1;0;0;81867;48;734;0;1;0;1;0
0;1;0;0;?;36;-176;0;1;0;1;0
0;1;0;0;?;-11;54;0;1;0;1;0
0;1;0;0;?;68;133;0;1;0;1;0
0;1;0;0;?;68;133;0;1;0;1;0
0;1;0;0;?;57;341;0;1;0;1;0
0;1;0;0;?;-15;843;0;1;0;1;0
0;1;0;0;?;169;738;0;1;0;1;0
0;1;0;0;?;169;738;0;1;0;1;0
0;1;0;0;?;-5;965;0;1;0;1;0
0;1;0;0;?;-5;965;0;1;0;1;0
0;1;0;0;?;25;-66;0;1;0;1;0
1015;1;0;0;?;173;751;0;1;0;1;0
0;1;0;0;?;165;1030;0;1;0;1;0
0;1;0;0;?;165;1030;0;1;0;1;0
0;1;0;0;72732;53;249;0;1;0;1;0
-1015;1;0;0;69252;-51;?;0;1;0;1;0
-1015;1;0;0;89088;-2;?;0;1;0;1;0
0;1;0;0;66323;68;?;0;1;0;1;0
0;1;0;0;66323;68;?;0;1;0;1;0
1015;1;0;0;71717;86;?;0;1;0;1;0
0;1;0;0;93960;206;?;0;1;0;1;0
0;1;0;0;60407;157;-144;0;1;0;1;0
1015;1;0;0;70905;151;746;0;1;0;1;0
1015;1;0;0;70905;151;746;0;1;0;1;0
1015;1;0;0;70905;151;746;0;1;0;1;0
0;1;0;0;86420;196;743;0;1;0;1;0
-1015;1;0;0;72500;122;113;0;1;0;1;0
0;1;0;0;73660;62;124;0;1;0;1;0
0;1;0;0;73660;62;124;0;1;0;1;0
-1015;1;0;0;94308;168;877;0;1;0;1;0
0;1;0;0;78184;130;-98;0;1;0;1;0
0;?;0;0;66990;157;12;0;1;0;1;0
0;?;0;0;72123;10;143;0;?;0;1;0
0;?;0;0;86275;-54;676;0;?;0;1;0
0;?;0;0;86275;-54;676;0;?;0;1;0
1015;?;0;0;71543;-12;840;0;1;0;1;0
1015;?;0;0;71543;-12;840;0;1;0;1;0
0;?;0;0;92742;-41;-295;0;1;0;1;0
0;1;0;0;87406;31;684;0;1;0;1;0
0;1;0;0;87406;31;684;0;1;0;1;0
1015;1;0;0;82186;98;-305;0;1;0;1;0
1015;1;0;0;91495;67;-305;0;1;0;1;0
-1015;1;0;0;74559;111;727;0;1;0;1;0
1015;1;0;0;85376;118;575;0;1;0;1;0
1015;1;0;0;85376;118;575;0;1;0;1;0
0;1;0;0;88015;150;511;0;1;0;1;0
1015;1;0;0;94685;-67;493;0;1;0;1;0
0;1;0;0;79547;71;67;0;1;0;1;0
0;1;0;0;79547;71;67;0;1;0;1;0
0;1;0;0;65888;189;176;0;1;0;1;0
0;1;0;0;100456;134;9;0;1;0;1;0
0;1;0;0;80011;16;-141;0;1;0;1;0
0;1;0;0;80011;16;-141;0;1;0;1;0
0;1;0;0;87116;12;724;0;1;0;1;0
0;1;0;0;87116;12;724;0;1;0;1;0
0;1;0;0;84448;32;234;0;1;0;1;0
0;1;0;0;81983;30;251;0;1;0;1;0
-1015;1;0;0;92191;122;576;0;1;0;1;0
0;1;0;0;72848;-1;74;0;1;0;1;0
0;1;0;0;72848;-1;74;0;1;0;1;0
-2030;1;0;0;85782;?;810;0;1;0;1;0
0;1;0;0;90132;?;597;0;1;0;1;0
1015;1;0;0;71543;?;168;0;1;0;1;0
?;1;0;0;71543;?;168;0;1;0;1;0
?;1;0;0;71543;?;168;0;1;0;1;0
?;1;0;0;67744;?;-302;0;1;0;?;0
?;1;0;0;80359;?;-265;0;1;0;?;0
?;1;0;0;83462;?;682;0;1;0;1;0
?;1;0;0;93293;?;235;0;1;0;1;0
?;1;0;0;93293;?;235;0;1;0;1;0
?;1;0;0;70992;?;56;0;1;0;1;0
?;1;0;0;?;?;167;0;1;0;1;0
?;1;0;0;?;?;578;0;1;0;1;0
1015;1;0;0;?;?;578;0;1;0;1;0
0;1;0;0;?;?;614;0;1;0;1;0
0;1;0;0;?;37;1149;0;1;0;1;0
0;1;?;0;?;23;766;0;1;0;1;0
0;1;?;0;?;119;131;0;1;0;1;0
0;1;?;0;?;119;131;0;1;0;1;0
0;1;?;0;?;119;131;0;1;0;1;0
0;1;?;0;?;228;-20;0;1;0;1;0
1015;1;?;0;?;229;1008;0;1;0;1;0
0;1;?;0;?;216;1034;0;1;0;1;0
-1015;1;?;0;89494;240;984;0;1;0;1;0
-1015;1;?;0;89494;240;984;0;1;0;1;0
1015;1;?;0;1682;108;444;0;1;0;1;0
0;1;?;0;11542;83;-178;0;1;0;1;0
0;1;?;0;0;85;374;0;1;0;1;0
0;1;0;0;0;84;387;0;1;0;1;0
0;1;0;0;0;84;387;0;1;0;1;0
0;1;0;0;0;86;384;0;1;0;1;0
0;1;0;0;0;83;385;0;1;0;1;0
0;1;0;0;0;85;372;0;1;0;1;0
0;1;0;0;0;85;372;0;1;0;1;0
0;1;0;0;0;85;372;0;1;0;1;0
0;1;0;0;0;84;380;0;1;0;1;0
0;1;0;0;0;82;382;0;1;0;1;0
0;1;0;0;0;80;387;0;1;0;1;0
0;1;0;0;0;83;381;0;1;0;1;0
0;1;0;0;0;83;381;0;1;0;1;0
0;1;0;0;0;82;387;0;1;0;1;0
0;1;0;0;0;84;384;0;1;0;1;0
0;1;0;0;0;84;386;0;1;0;1;0
0;1;0;0;0;84;386;0;1;0;1;0
0;1;0;0;0;84;376;0;1;0;1;0
0;1;0;0;0;83;387;0;1;0;1;0
0;1;0;0;0;83;387;0;1;0;1;0
0;1;0;0;0;85;393;0;1;0;1;0
0;1;0;0;0;83;378;0;1;0;1;0
0;1;0;0;0;83;378;0;1;0;1;0
0;1;0;0;0;-161;374;0;1;0;1;0
0;1;0;?;-70064;-94;-335;0;1;0;1;0
-1015;1;0;?;-75284;-24;-983;0;1;0;1;0
0;1;0;?;-68904;-69;-413;0;1;0;1;0
0;1;0;?;-68904;-69;-413;0;1;0;1;0
0;1;0;?;-67802;-196;-33;0;1;0;1;0
-1015;1;0;?;-70122;-141;-832;0;1;0;1;0
0;1;0;0;-93786;-165;-602;0;1;0;1;0
-1015;1;0;0;-86391;-144;-805;?;1;0;1;0
-1015;1;0;0;-86391;-144;-805;?;1;0;1;0
-1015;1;0;0;-86391;-144;-805;?;1;0;1;0
-1015;1;0;0;?;-209;-351;?;1;0;1;0
0;1;0;0;?;32;-627;?;1;0;1;0
0;1;0;0;?;-206;-710;?;1;0;1;0
0;1;0;0;?;-15;-316;?;1;0;1;0
0;1;0;0;-85144;-15;-316;?;1;0;?;0
0;1;0;0;-89204;-181;-351;?;1;0;?;0
0;1;0;0;-86652;-13;116;?;1;0;?;0
0;1;0;0;-94656;-142;-947;?;1;0;1;0
0;1;0;0;-94656;-142;-947;?;1;0;1;0
-1015;1;0;0;-82157;24;244;?;1;0;1;0
0;1;0;0;-75893;-35;-120;?;1;0;1;0
0;1;0;0;-66381;-74;-777;?;1;0;1;0
0;1;0;0;-66381;-74;-777;?;1;0;1;0
0;1;0;0;-73080;20;-659;0;1;0;1;0
0;1;0;0;-73080;20;-659;0;1;0;1;0
0;1;0;0;-76357;-70;-142;0;1;0;1;0
0;1;0;0;-87957;-11;-241;0;1;0;1;0
-1015;1;0;0;-92394;-152;-81;0;1;0;1;0
0;1;0;0;-87319;83;156;0;1;0;1;0
0;1;0;0;-87319;83;156;0;1;0;1;0
0;1;0;0;-81432;-46;-683;0;1;0;1;0
0;1;0;0;-74704;-95;347;0;1;0;1;0
0;1;0;0;-81925;-3;191;0;1;0;1;0
0;1;0;0;-81925;-3;191;0;1;0;1;0
3016;1;0;0;1624;31;820;0;1;0;1;0
0;1;0;0;0;5;33;0;1;0;1;0
0;1;0;0;0;5;33;0;1;0;1;0
0;1;0;0;0;4;27;0;1;0;1;1
0;1;0;0;0;5;30;0;1;0;0;1
0;1;0;0;?;5;30;0;1;0;0;1
0;1;0;0;?;6;22;0;1;0;0;1
0;1;0;0;?;4;33;0;1;0;0;1
0;1;0;0;?;6;29;0;1;0;0;1
0;1;0;0;?;3;31;0;1;0;0;?
0;1;0;0;0;3;31;0;1;0;0;?
0;1;0;0;0;5;28;0;1;0;0;?
0;1;0;0;0;6;24;0;1;0;0;?
0;1;0;0;0;6;32;0;1;0;0;?
0;1;0;0;0;6;32;0;1;0;0;?
0;1;0;0;0;6;34;0;1;0;0;?
0;1;0;0;0;6;34;0;1;0;0;1
0;1;0;0;0;6;26;0;1;0;0;1
0;1;0;0;0;4;38;0;?;0;0;1
0;1;0;0;0;6;27;0;?;0;0;1
0;1;0;0;0;6;27;0;?;0;0;1
0;1;0;0;0;10;37;0;?;0;0;1
0;1;0;0;0;6;30;0;?;0;0;1
0;1;0;0;0;4;31;0;?;0;0;1
0;1;0;0;0;3;18;0;?;0;0;1
0;1;0;0;0;3;18;0;?;0;0;1
0;1;0;0;0;6;17;0;?;0;0;1
0;1;0;0;0;4;17;0;1;0;0;1
0;1;0;0;0;5;26;0;1;0;0;1
0;1;0;0;0;5;26;0;1;0;0;1
0;1;0;0;0;7;31;0;1;0;0;1
0;1;0;0;0;6;30;0;1;0;0;1
0;1;0;0;0;6;30;0;1;0;0;1
0;1;0;0;0;7;31;0;1;0;0;1
0;1;0;0;?;5;28;0;1;0;0;1
0;1;0;0;?;5;28;0;1;0;0;1
0;1;0;0;?;5;33;0;1;0;0;1
0;1;0;0;?;5;29;0;1;0;0;1
0;?;0;0;0;5;32;0;1;0;0;1
0;?;0;0;0;5;30;0;1;0;0;1
0;?;0;0;0;5;30;0;1;0;0;1
0;?;0;0;0;4;18;0;1;0;0;1
0;?;0;0;0;5;21;0;1;0;0;1
0;?;0;0;0;5;21;0;1;0;0;1
0;?;0;0;0;6;26;0;1;0;0;1
0;1;0;0;0;6;26;0;1;0;0;1
0;1;0;0;0;5;19;0;1;0;0;1
0;1;0;0;0;4;?;0;1;0;0;1
0;1;0;0;0;7;?;0;1;0;0;1
0;1;0;0;0;10;?;0;1;0;0;1
0;1;0;0;0;10;?;0;1;0;0;1
0;1;0;0;0;4;?;0;1;0;0;1
0;1;0;0;0;7;?;0;1;0;0;1
0;1;0;0;0;6;?;0;1;1;0;1
0;1;0;0;0;6;?;0;1;1;0;1
0;?;0;0;0;6;?;0;1;1;0;1
0;?;1;0;0;7;?;0;1;1;0;1
0;?;1;0;0;7;?;0;1;1;0;1
0;?;1;0;0;7;?;0;0;1;0;1
0;1;1;0;?;7;?;0;?;1;0;1
0;0;1;0;?;6;29;0;?;1;0;1
0;0;1;0;?;6;29;0;?;1;0;1
0;1;1;0;?;4;42;0;?;1;0;1
0;1;1;0;?;8;40;0;?;1;0;1
0;1;0;0;?;7;18;1;?;1;0;1
0;1;0;0;?;7;18;1;?;1;0;1
0;?;0;0;?;6;34;1;0;1;0;1
0;?;0;0;0;7;25;1;0;1;0;1
0;1;0;0;0;8;26;1;0;1;0;1
0;1;0;0;0;7;31;1;0;1;0;1
0;1;0;0;0;7;31;1;0;1;0;1
0;1;?;0;0;2;30;1;0;1;0;1
0;1;?;0;0;5;30;1;0;1;0;1
0;1;?;0;0;7;30;1;0;1;0;1
0;1;?;0;0;5;44;1;0;1;0;1
0;1;?;0;0;5;44;1;0;1;0;1
0;1;?;0;0;5;44;1;0;1;0;1
0;1;?;0;0;5;27;1;0;1;0;1
0;1;?;0;?;2;18;1;0;1;0;1
0;1;?;0;?;2;?;1;0;1;0;1
0;1;?;0;?;5;?;1;0;1;0;1
0;1;?;0;?;6;?;1;0;1;0;1
0;1;?;0;?;?;?;1;0;1;0;1
0;1;?;0;?;?;?;1;0;1;0;1
0;1;?;0;?;?;?;1;0;1;0;1
0;1;0;0;0;?;?;1;0;1;0;1
0;1;0;0;0;?;?;1;0;1;0;1
0;1;0;0;0;?;?;1;0;1;0;1
0;1;0;0;0;?;?;1;0;1;0;1
0;1;0;0;0;?;?;1;0;1;0;1
0;1;0;0;0;?;20;1;0;1;0;1
0;1;0;0;0;?;20;1;0;1;0;1
0;1;0;0;0;8;19;1;0;1;0;1
0;1;0;0;0;4;29;1;0;1;0;1
0;1;0;0;0;6;19;1;0;1;0;1
0;1;0;0;0;6;19;1;0;1;0;1
0;1;0;0;0;9;46;1;0;1;0;1
0;1;0;0;0;7;31;1;0;1;0;1
0;1;0;0;0;6;26;1;0;1;0;1
0;1;0;0;0;8;23;1;0;1;0;?
0;1;0;0;0;8;23;1;0;1;?;?
0;1;0;0;0;6;21;1;0;1;?;?
0;1;0;0;0;6;21;1;0;1;?;?
0;1;0;0;0;6;32;1;0;1;?;?
0;1;0;0;0;5;30;1;0;1;?;?
0;1;0;0;0;5;19;1;0;1;?;?
0;1;0;0;0;5;19;1;0;1;?;?
0;1;0;0;0;7;24;1;0;1;?;?
0;1;0;0;0;4;40;1;0;0;?;?
0;1;0;0;0;3;39;1;0;0;?;?
0;1;0;0;0;3;39;1;0;0;?;?
0;1;0;0;0;3;47;1;0;0;0;?
0;1;0;0;0;3;24;1;0;0;0;?
0;1;0;0;0;8;34;1;0;0;0;?
0;1;0;0;0;5;35;0;0;0;0;1
0;1;0;0;0;5;35;0;0;0;0;1
0;1;0;0;0;6;26;0;0;0;0;1
0;1;0;0;0;6;26;0;0;0;0;1
0;1;0;0;0;7;35;0;0;0;0;1
-2001;1;0;0;0;7;27;?;1;0;0;1
-1015;1;0;0;-71717;-75;-644;?;1;0;0;0
-1015;1;0;0;-71717;-75;-644;?;1;0;0;0
-1015;1;0;0;-83984;-9;170;?;1;0;0;0
0;1;0;0;-61799;-168;-762;?;1;0;0;0
0;1;0;0;-72471;-56;-53;?;1;0;0;0
1015;1;0;0;-72848;-164;-320;?;1;0;0;0
1015;1;0;0;-72848;-164;-320;?;1;0;0;0
-1015;1;0;0;-73660;-45;-266;0;1;0;0;0
-1015;1;0;0;-66323;-145;-106;0;1;0;?;0
0;1;0;0;-80417;-56;255;0;1;0;?;0
?;1;0;0;-80417;-56;255;0;1;0;?;0
?;1;0;0;-80417;-56;255;0;1;0;0;0
?;1;0;0;-70760;-68;-88;0;1;0;?;0
?;1;0;0;-83810;-234;-302;?;1;0;?;0
?;1;0;0;-82505;-68;-431;?;1;0;?;0
?;1;0;0;-68788;-11;40;?;1;0;?;0
0;1;0;0;-68788;-11;40;?;1;0;?;0
0;1;0;0;-58957;-41;-925;?;1;0;?;0
0;1;0;0;-76299;-102;-230;?;1;0;?;0
0;1;0;0;-83636;-152;-413;?;1;0;?;0
0;1;0;0;-89784;11;178;?;1;0;?;0
0;1;0;0;-89784;11;178;?;1;0;0;0
1015;1;0;0;-91234;-86;-435;?;1;0;0;0
1015;1;0;0;-91234;-86;-435;?;1;0;0;0
0;1;0;0;-83607;-195;274;?;1;0;0;0
0;1;0;0;-59566;-9;-191;?;1;0;0;0
0;1;0;0;-74443;-179;-117;0;1;0;0;0
0;1;0;0;-74443;-179;-117;0;1;0;0;0
0;1;0;0;-81606;-71;-246;0;1;0;0;0
0;1;0;0;-73660;59;-398;0;1;0;0;0
0;1;0;0;-76995;-140;-165;0;?;0;0;0
0;1;0;0;-76995;-140;-165;0;?;0;0;0
1015;1;0;0;-76270;-11;-186;0;?;0;0;0
-1015;1;0;0;-52055;-126;-817;?;?;0;0;0
0;1;0;0;-87725;-163;-616;?;?;0;0;0
0;1;0;0;-65105;-155;-573;?;?;0;0;0
0;1;0;0;-65105;-155;-573;?;?;0;0;0
0;1;0;0;-71340;19;-135;?;?;0;0;0
0;1;0;0;-71340;19;-135;?;?;0;0;0
0;1;0;0;-70238;-187;-257;0;?;0;0;0
0;1;0;0;-68092;44;-288;0;?;0;0;0
0;1;0;0;-65888;-82;-783;0;?;?;0;0
0;1;0;0;-65888;-82;-783;0;?;?;0;0
0;1;0;0;-66700;?;-1100;0;?;?;0;0
0;1;0;0;-73341;?;-345;0;?;?;0;0
1015;1;0;0;-71340;?;-202;0;?;?;0;0
-1015;1;0;0;-96744;?;?;0;?;?;0;0
-1015;1;0;0;-96744;?;?;0;?;?;0;0
-1015;1;0;0;-95700;?;?;0;?;?;0;0
0;1;0;0;-76125;?;?;0;?;?;0;0
0;1;0;0;-83636;-172;?;0;?;0;0;0
0;1;0;0;-83636;-172;?;0;?;0;0;0
0;1;0;?;-83636;-172;?;0;1;0;0;0
1015;1;0;0;-71369;-77;?;0;1;0;0;0
0;1;0;0;-76647;-183;?;0;1;0;0;0
-1015;1;0;0;-78329;-179;?;0;1;?;0;0
-1015;1;0;0;-78329;-179;?;0;1;?;0;0
0;1;0;0;-86536;-177;-1157;0;1;?;0;0
0;1;0;0;-82795;-214;-297;0;1;?;0;0
1015;1;?;0;-84825;-76;-941;0;1;?;0;0
1015;1;?;0;-82447;-77;-358;0;1;?;0;0
0;1;?;0;-91176;-237;-992;0;1;?;0;0
0;1;?;0;-91176;?;-992;0;1;?;0;0
2001;1;?;0;-10904;?;324;0;1;?;0;0
0;1;?;0;0;?;-175;0;1;?;0;0
0;1;?;0;0;?;-175;0;1;?;0;0
0;1;?;0;0;?;-177;0;1;?;0;0
0;1;?;0;0;?;-177;0;1;?;0;0
0;1;?;0;0;?;-169;0;1;?;1;0
0;1;?;0;0;-38;-175;0;1;0;1;0
0;1;?;0;0;-35;-179;0;1;0;1;0
0;1;0;0;0;-38;-167;0;1;0;1;0
0;1;0;0;0;-38;-167;0;1;0;1;0
0;1;0;0;0;-40;-171;0;1;0;1;0
0;1;0;0;0;-39;-168;0;1;0;1;0
0;1;0;0;0;-39;-159;0;1;0;1;0
0;1;0;0;0;-39;-159;0;1;0;1;0
0;1;0;0;0;-36;-162;0;1;0;1;0
0;1;0;0;0;-37;-169;0;1;0;1;0
0;1;0;0;0;-37;-157;0;1;0;1;0
0;1;0;0;0;-38;-180;0;1;0;1;0
0;1;0;0;0;-38;-180;0;1;0;1;0
0;1;0;0;0;-38;-180;0;1;0;1;0
0;1;0;0;0;-37;-169;0;1;0;1;0
0;1;0;0;0;-39;-161;0;1;0;1;0
0;1;0;0;0;-39;-166;0;1;0;1;0
0;1;0;0;0;-39;-168;0;1;0;1;0
0;1;0;0;0;-39;-168;0;1;0;1;0
0;1;0;0;0;-36;-173;0;1;0;1;0
0;1;0;0;0;-36;-175;0;1;0;1;0
0;1;0;?;59334;12;200;0;1;0;1;0
0;1;0;?;59334;12;200;0;1;0;1;0
1015;1;0;?;82186;245;401;0;1;0;1;0
0;1;0;?;87725;52;957;0;1;0;1;0
0;1;0;?;68179;33;1074;0;1;0;1;0
0;1;0;?;68179;33;1074;0;1;0;1;0
0;1;0;?;68179;33;1074;0;1;0;1;0
-1015;1;0;?;87957;154;433;0;1;0;1;0
-1015;1;0;0;61248;55;309;0;1;0;1;0
0;1;0;0;89813;171;795;0;1;0;1;0
0;1;0;0;93902;94;332;0;1;0;1;0
0;1;0;0;93902;94;332;0;1;0;1;0
-1015;1;0;0;58667;75;-3;0;1;0;1;0
0;1;0;0;83172;5;218;0;1;0;1;0
0;1;0;0;90509;170;-225;0;1;0;1;0
0;1;0;0;65888;?;3;0;1;0;1;0
0;1;0;0;65888;?;3;0;1;0;1;0
0;1;0;0;69484;?;337;0;1;0;1;0
1015;1;0;0;90915;?;644;0;1;0;1;0
1015;1;0;0;67193;?;194;0;?;0;1;0
0;1;0;0;85144;?;974;0;?;0;1;0
0;1;0;0;85144;?;974;0;?;0;1;0
0;1;0;0;85144;?;974;0;?;0;1;0
0;1;0;0;82041;9;129;0;?;0;1;0
0;1;0;0;90596;45;-123;0;?;0;1;0
0;1;0;0;87377;-37;491;0;?;0;1;0
0;1;0;0;82737;168;801;0;?;0;1;0
0;1;0;0;82737;168;801;0;?;0;1;0
0;1;0;0;65946;153;30;0;?;0;1;0
0;1;0;0;81896;58;226;0;1;0;1;0
0;1;0;0;94105;51;446;0;1;0;1;0
0;1;0;0;94105;51;446;0;1;0;?;0
0;1;0;0;69397;97;-67;0;1;0;?;0
0;1;0;0;82824;184;880;0;1;0;?;0
1015;1;0;0;89784;?;-290;0;1;0;?;0
0;1;0;0;66990;?;672;0;1;0;?;0
0;1;0;0;66990;?;672;0;1;0;?;0
0;1;0;0;66990;?;672;0;1;0;?;0
0;1;0;0;86594;?;-218;0;1;0;?;0
0;1;0;0;94308;?;309;0;1;0;?;0
0;1;0;0;69716;?;337;0;1;0;1;0
0;1;0;0;69716;?;337;0;1;0;1;0
0;1;0;0;76328;?;614;0;1;0;1;0
0;1;0;0;87435;112;661;0;1;0;1;0
0;1;0;0;76908;-15;58;0;1;0;1;0
1015;1;0;0;67744;58;751;0;1;0;1;0
1015;1;0;0;67744;58;751;0;1;0;1;0
0;1;0;0;71601;40;29;0;1;0;1;0
0;1;0;0;90045;125;1079;0;1;0;1;0
0;1;0;0;90045;125;1079;0;1;0;1;0
0;1;0;0;84013;162;-120;0;1;0;1;0
0;1;0;0;70151;114;765;0;1;0;1;0
0;1;0;0;70151;114;765;0;1;0;1;0
-1015;1;0;0;69136;-38;437;0;1;0;1;0
0;1;0;0;70180;239;44;0;1;0;1;0
1015;1;0;0;72007;113;265;0;1;0;1;0
-1015;1;0;0;89581;-49;295;0;1;0;1;0
-1015;1;0;0;89581;-49;295;0;1;0;1;0
?;1;0;0;81171;105;201;0;1;0;1;0
?;1;?;0;65888;138;272;0;1;0;1;0
?;1;0;0;76125;206;250;0;1;0;1;0
?;1;0;0;76125;206;250;0;1;0;1;0
?;1;0;0;73573;15;131;0;1;0;1;?
?;1;0;0;73573;15;131;0;1;0;1;?
?;1;0;0;91263;32;392;0;1;0;1;?
?;1;0;0;84709;-74;-14;0;1;0;1;0
?;1;0;0;92133;47;564;0;1;0;1;0
?;1;0;0;92133;47;564;0;1;0;1;0
?;1;0;0;80446;119;223;0;1;0;1;0
0;1;0;?;85753;32;606;0;1;0;1;0
0;1;0;0;92974;-30;406;0;1;0;1;0
-1015;1;0;0;72471;141;-24;0;1;0;1;0
0;1;0;0;110954;87;-95;0;1;0;1;0
0;1;0;0;110954;87;-95;0;1;0;1;0
0;1;0;0;110954;87;-95;0;1;0;1;0
0;1;0;0;?;0;319;0;1;0;1;0
0;1;0;0;?;136;163;0;1;0;1;0
0;1;0;0;?;0;-311;0;1;0;1;0
0;1;0;0;?;0;-311;0;1;0;1;0
0;1;0;0;?;10;-204;0;1;0;1;0
1015;1;0;0;?;5;589;?;1;0;1;0
0;1;0;0;?;-16;822;?;1;0;1;0
-1015;1;0;0;?;140;303;?;1;0;1;0
-1015;1;0;0;?;140;303;?;1;0;1;0
0;1;0;0;?;184;243;?;1;0;1;0
1015;1;0;0;?;55;104;?;1;0;1;0
0;1;0;0;?;151;937;?;1;0;1;0
0;?;0;0;66091;151;937;?;1;0;1;0
0;?;0;0;75922;93;266;?;1;0;1;0
0;?;0;0;75922;93;266;?;1;0;1;0
0;?;0;0;91901;63;-47;?;1;0;1;0
-1015;?;0;0;87493;27;196;?;1;0;1;0
0;?;0;0;84303;56;97;0;1;0;1;0
0;?;0;0;84303;56;97;0;1;0;1;0
0;?;0;0;94569;203;1028;0;1;0;1;0
0;?;0;0;?;162;1123;0;1;0;1;0
1015;1;0;0;?;222;874;0;1;0;1;0
0;1;0;0;?;110;719;0;1;0;1;0
0;1;0;0;?;110;719;0;1;0;1;0
0;1;0;0;?;?;401;0;1;0;1;0
0;1;0;0;?;?;342;0;1;0;1;0
0;1;0;0;?;?;?;0;1;0;1;0
0;1;0;0;?;?;?;0;1;0;1;0
0;1;0;0;?;?;?;0;1;0;1;0
0;1;0;0;?;?;?;0;1;0;1;0
0;1;0;0;?;?;?;0;1;0;1;0
0;1;0;0;?;?;?;0;1;0;1;0
0;1;0;0;?;80;?;0;1;0;1;0
0;1;0;0;0;75;?;0;1;0;1;0
0;1;0;0;0;75;?;0;1;0;1;0
0;1;0;0;0;76;?;0;1;0;1;0
0;1;0;0;0;77;?;0;1;0;1;0
0;1;0;0;0;76;?;0;1;0;1;0
0;1;0;0;0;77;?;0;1;0;1;0
0;1;0;0;0;77;?;0;1;0;1;0
0;1;0;0;0;78;?;0;1;0;1;0
0;1;0;0;0;79;352;0;1;0;1;0
0;1;0;0;0;79;352;0;1;0;1;0
0;1;0;0;0;78;342;0;1;0;1;0
0;1;0;0;0;76;358;0;1;0;1;0
0;1;0;0;0;76;358;0;1;0;1;0
0;1;0;0;0;77;366;0;1;0;1;0
0;1;0;0;0;76;366;0;?;0;1;0
0;1;0;0;0;77;171;0;?;0;1;0
0;1;0;0;0;77;171;0;?;0;1;0
-2001;1;0;0;-75284;-11;-416;0;?;0;1;0
0;1;0;0;-68121;?;-433;0;?;0;1;0
0;1;0;0;-85115;?;-254;0;?;0;1;0
0;1;0;0;-69600;?;-805;0;?;0;1;0
0;1;0;0;-69600;?;-805;0;?;?;1;0
1015;1;0;0;-66526;?;-840;0;?;?;1;0
-1015;1;0;0;-77894;?;-1167;0;?;?;1;0
-1015;1;0;0;-77894;?;-1167;0;?;?;1;0
1015;1;0;0;-67193;?;-385;0;?;?;1;0
-1015;?;0;0;-95671;-37;-209;0;?;?;1;0
-1015;?;0;0;-95671;-37;-209;0;?;?;1;0
0;?;0;0;-83781;-187;-573;0;?;?;1;0
0;?;0;0;-92655;-158;-254;0;1;?;1;0
1015;?;?;0;-87725;-35;248;0;?;?;1;0
1015;?;?;0;-87725;-35;248;0;1;?;?;0
0;?;?;0;-82853;-162;-798;0;1;?;?;0
-1015;?;?;0;-78474;-98;-113;0;1;0;?;0
0;1;?;0;-94569;-70;-12;0;1;0;?;0
0;1;?;0;-94569;-70;-12;0;1;0;1;0
0;1;?;0;-88653;-3;-440;0;1;0;1;0
0;1;?;0;-94888;-231;-9;0;1;0;1;0
0;1;?;0;-66845;-56;-490;0;1;0;1;0
1015;1;0;0;-74559;49;-329;0;1;0;1;0
1015;1;0;0;-74559;49;-329;0;1;0;1;0
1015;1;0;0;-74559;49;-329;0;1;0;1;0
-1015;1;0;0;-86188;24;22;0;1;0;1;0
1015;1;0;0;-71340;92;-220;0;?;0;1;0
0;1;0;0;-75574;-46;-119;0;?;0;1;0
0;1;0;0;-88914;?;-538;0;?;0;1;0
0;1;0;0;-88914;?;-538;0;?;0;1;0
-1015;1;0;0;-61538;?;-18;0;?;0;1;?
1015;1;0;0;-78764;?;117;0;?;0;1;?
0;1;0;0;-71717;?;-338;?;?;0;1;?
0;1;0;0;-71717;?;-338;?;?;0;1;?
0;1;0;0;-97991;?;-70;?;?;0;1;?
-1015;1;0;0;-87696;?;-636;?;?;0;1;?
0;1;0;0;-69600;?;-31;?;?;0;1;?
0;1;0;0;-69600;31;-31;?;?;0;1;?
-1015;1;0;0;-84651;-52;16;?;?;0;1;?
-1015;1;0;0;-84651;-52;16;?;1;0;1;0
0;1;0;0;-66236;38;-281;?;1;0;1;0
0;1;0;0;-84477;-6;198;?;1;0;1;0
0;1;0;0;-77430;-10;-867;?;1;0;1;0
0;1;0;0;-77430;-10;-867;?;1;0;1;0
-1015;1;0;0;-60465;18;-263;0;1;0;1;0
2030;1;0;0;-76647;-131;-34;0;1;0;1;0
1015;1;0;0;-86246;-32;-66;0;1;0;1;0
1015;1;0;0;-56869;-25;-699;0;1;0;1;0
1015;1;0;0;-56869;-25;-699;0;1;0;1;0
0;1;0;0;-71485;-101;-100;0;1;0;1;0
0;1;0;0;-71485;-101;-100;0;1;0;1;0
0;1;0;0;-71079;-4;-167;0;1;0;1;0
-1015;1;0;0;-88624;6;-659;0;1;0;1;0
0;1;0;0;-97933;16;-787;0;1;0;1;0
0;1;0;0;-97933;16;-787;0;1;0;1;0
-1015;1;0;0;-92829;-168;-8;0;1;0;1;0
1015;1;0;0;-94656;-51;-581;0;1;0;1;0
-1015;1;0;0;-86855;7;-565;0;1;0;1;0
-1015;1;0;0;-86855;7;-565;0;1;0;1;0
-1015;1;0;0;-70586;-106;-672;0;1;0;1;0
-1015;1;0;0;-78590;-157;-198;0;1;0;1;0
0;1;0;0;-68382;16;-517;0;1;0;1;0
0;1;0;0;-66149;-159;?;0;1;0;1;0
0;1;0;0;-66149;-159;?;0;1;0;?;0
-1015;1;0;0;-74588;-10;?;0;1;0;?;0
-1015;1;0;0;-74588;-10;?;0;1;0;?;0
3016;1;0;0;-29986;-134;?;0;1;0;?;0
0;1;0;0;-5626;-33;?;0;1;0;1;0
0;1;0;0;0;-33;?;0;1;0;1;0
0;1;0;0;0;-33;?;0;1;0;1;0
0;1;0;1;0;-33;?;0;1;0;0;0
0;1;0;1;0;-35;?;0;1;0;0;0
0;1;0;1;0;-35;?;0;1;0;0;0
0;1;0;1;0;-35;?;0;1;0;0;0
0;1;0;1;0;-32;?;0;1;0;0;0
0;1;0;1;0;-33;-148;0;1;0;0;0
0;1;0;1;0;-33;-175;0;1;0;0;0
0;1;0;1;?;-36;-157;0;1;0;0;0
0;1;0;1;?;-36;-157;0;1;0;0;0
0;1;0;1;?;-32;-170;0;1;0;0;0
0;1;0;1;?;-32;?;0;1;0;0;0
0;1;0;1;?;-34;?;0;1;0;0;0
0;1;0;1;?;-34;?;0;1;0;0;0
0;1;0;1;?;-33;?;0;1;0;0;0
0;1;0;1;?;-33;?;0;1;0;0;0
0;1;0;1;?;-30;?;0;1;0;0;0
0;1;0;1;?;-35;?;0;1;0;0;0
0;1;0;1;0;-34;?;0;1;0;0;0
0;1;0;1;0;-34;?;0;1;0;0;0
0;1;0;1;0;-34;?;0;1;0;0;0
0;1;0;1;0;-32;?;0;1;0;0;0
0;1;0;1;0;-34;?;0;1;0;0;0
0;1;0;1;0;-34;?;0;1;0;0;0
0;1;0;1;0;-34;?;0;1;0;0;0
0;1;0;1;0;-35;?;0;1;0;0;0
0;1;0;1;0;-35;-161;0;1;0;0;0
0;1;0;1;0;-35;-152;0;1;0;0;0
0;1;0;1;0;-38;-161;0;1;0;0;0
0;1;0;1;0;-37;-164;0;1;0;0;0
0;1;0;1;0;-37;-164;0;1;0;0;0
0;1;0;1;0;-34;-153;?;1;0;0;0
0;1;0;1;0;-35;-150;?;1;0;0;0
0;1;0;1;0;-33;-150;?;1;0;0;0
0;1;0;1;0;-37;-161;?;1;0;0;0
0;1;0;1;0;-37;-161;?;1;0;0;0
0;1;0;1;0;-34;-153;?;1;0;0;0
0;1;0;1;0;-33;-152;?;1;0;0;0
0;1;0;1;0;-31;-138;?;1;0;0;0
0;1;0;1;0;-31;-138;?;1;0;0;0
0;1;0;1;0;-31;-138;?;1;0;0;0
0;1;0;1;0;-37;-156;?;1;0;0;0
0;1;0;1;0;-29;-134;?;1;0;0;0
0;1;0;1;0;-33;-168;?;1;0;0;?
0;1;0;1;0;-35;-157;?;1;1;0;?
0;1;0;1;0;-35;-157;?;1;1;0;?
0;1;0;1;0;-33;-170;?;1;1;0;?
0;1;0;1;0;-33;-167;?;1;1;0;?
0;1;1;1;0;?;-152;?;1;1;0;?
0;1;1;1;0;?;-152;?;1;1;0;?
0;1;1;1;0;?;-158;?;1;1;0;0
0;1;1;1;0;?;-169;?;0;1;0;0
0;1;1;1;0;?;-157;?;0;1;0;0
0;1;1;1;0;?;-144;?;0;1;0;0
0;1;1;1;0;?;-144;?;0;1;0;0
0;1;1;1;0;?;-144;0;0;1;0;0
0;1;1;1;?;-33;?;0;0;1;0;0
0;1;0;1;?;-33;?;1;0;1;0;?
0;?;0;1;0;-34;?;1;0;1;0;?
0;?;0;1;0;-34;?;1;0;1;0;0
0;?;0;1;0;-34;?;1;0;1;0;0
0;?;0;1;0;-33;?;1;0;1;0;0
0;?;0;1;0;-34;?;1;0;1;0;0
0;?;0;1;0;-34;?;1;0;1;0;0
0;?;0;1;0;-33;-165;1;0;1;0;0
0;?;0;1;0;-33;-165;1;0;1;0;0
0;?;0;1;0;-31;-144;1;0;1;0;0
0;?;0;1;0;-33;-163;1;0;?;0;0
0;1;0;1;0;-33;-163;1;0;?;0;0
0;1;0;1;0;-34;-152;1;0;?;0;0
0;1;0;1;0;-34;-152;1;0;?;0;0
0;1;0;1;0;-34;-152;1;0;?;0;0
0;1;0;1;0;-33;-165;1;0;?;0;0
0;1;0;1;0;-32;-168;1;0;?;0;0
0;1;0;1;0;-37;-153;1;0;?;0;0
0;1;0;1;0;-37;-153;1;0;?;0;0
0;1;0;1;0;-35;-144;1;0;?;0;0
0;1;0;1;0;-37;-148;1;0;?;0;0
0;1;0;1;0;-31;-158;1;0;?;0;0
0;1;0;1;0;-36;-152;1;0;?;0;0
0;1;0;1;0;-36;-152;1;0;1;0;0
0;1;0;1;0;?;-160;1;0;1;0;0
0;1;0;1;0;?;-144;1;0;1;0;0
0;1;0;1;0;?;-148;1;0;1;0;?
0;1;0;1;0;?;-148;1;0;1;0;?
0;1;0;1;0;-33;-145;1;0;1;0;0
0;1;0;1;0;-34;?;1;0;1;0;0
0;1;0;1;0;-34;?;1;0;1;0;0
0;1;0;1;0;-36;?;1;0;1;0;0
0;1;0;1;0;-35;?;1;0;1;0;0
0;?;0;1;0;-31;-159;1;0;1;0;0
0;?;0;1;0;-31;-142;1;0;1;0;0
0;?;0;1;0;-31;-142;1;0;1;0;0
0;?;0;1;0;-36;-148;1;0;1;0;0
0;?;0;1;0;-31;-161;1;0;1;0;0
0;?;0;1;0;-31;-161;1;0;1;0;0
0;1;0;1;0;-34;-160;1;0;1;0;0
0;1;?;1;0;-34;-160;1;0;1;0;0
0;1;?;1;0;-34;-160;1;0;1;0;0
0;1;0;1;0;-35;-144;1;0;1;0;0
0;1;0;1;0;-32;-146;1;0;0;0;0
0;1;0;1;0;-36;-150;1;0;0;0;0
0;1;0;1;0;-32;-136;1;0;0;0;0
0;1;0;1;0;-32;-136;1;0;0;0;0
0;1;0;1;0;-31;-166;1;0;0;0;0
0;1;0;1;0;-32;-148;1;0;0;0;0
0;1;0;1;?;-32;-175;0;0;0;0;0
0;1;0;1;?;-32;-175;0;0;0;0;0
0;1;0;1;?;-39;-153;0;0;0;0;0
0;1;0;1;?;-33;-153;0;0;0;0;0
-986;1;0;0;?;-123;-320;0;1;0;0;0
0;1;0;0;?;-156;-763;0;1;0;0;0
0;1;0;0;?;-156;-763;0;1;0;0;0
0;1;0;0;?;-156;-763;0;1;0;0;0
0;1;0;0;?;-61;-759;0;?;0;0;0
0;1;0;0;?;-12;-333;0;?;0;0;0
0;1;0;0;?;-176;-508;0;?;0;0;0
1015;1;0;0;?;-48;-548;0;?;0;0;0
1015;1;0;0;?;-48;-548;0;?;0;0;0
0;1;0;0;?;-187;-743;0;?;0;0;0
0;1;0;0;-77372;-69;-273;0;?;?;0;0
0;1;0;0;-64960;-147;-238;0;?;?;0;0
0;1;0;0;-64960;-147;-238;0;?;?;0;0
-1015;1;0;0;-72210;-127;-319;0;?;?;0;0
0;1;0;0;-64931;-74;-761;0;?;?;0;?
-1015;1;0;0;-99093;-75;-891;0;?;?;0;?
0;1;0;0;-70151;-26;-97;0;?;0;0;?
0;1;0;0;?;-26;-97;0;?;0;0;?
0;1;0;0;?;-26;-97;0;?;0;0;?
-1015;1;0;0;?;-34;-108;0;1;0;0;?
1015;1;0;0;?;-181;-386;0;1;0;0;?
0;1;0;0;?;-92;-689;0;1;0;0;?
0;1;0;0;?;-92;-689;0;1;0;0;?
-1015;?;0;0;?;-30;64;0;1;0;0;?
1015;?;0;0;?;-242;-166;0;1;0;0;?
1015;?;0;0;?;-84;-79;0;1;0;0;?
0;?;0;0;?;-162;-1068;0;1;0;0;?
0;?;0;0;?;-162;-1068;0;1;0;0;?
0;1;0;0;-69252;-118;24;0;1;0;0;?
0;1;0;0;-89117;-143;-17;0;1;0;0;?
-1015;1;0;?;-98223;-108;-842;0;1;0;0;?
-1015;1;0;?;-98223;-108;-842;0;1;0;0;?
-1015;1;0;?;-39092;-75;-563;0;1;0;0;?
-1015;1;0;?;-39092;-75;-563;0;1;0;0;?
0;1;0;?;0;-40;-161;0;1;0;0;0
0;1;0;?;0;-38;-164;0;1;0;0;0
0;1;0;?;0;-35;-183;0;?;0;1;0
0;1;0;?;0;-35;-183;0;?;0;1;0
0;1;0;?;0;-40;-177;0;?;0;1;0
0;1;0;?;0;-38;-182;0;?;0;1;0
0;1;0;?;0;-40;-171;0;?;0;1;0
0;1;0;?;0;-35;-167;0;?;0;1;0
0;1;0;?;0;-35;?;0;?;0;1;0
0;1;0;?;0;-36;-178;0;?;0;1;0
0;1;0;?;0;-37;-169;0;?;0;1;0
0;1;0;0;0;-37;-169;0;?;0;1;0
0;1;0;0;0;-38;-173;0;1;0;1;0
0;1;0;0;0;-36;-156;0;1;0;1;0
0;1;0;0;0;-36;-156;0;1;0;1;0
0;1;0;0;0;-39;-179;0;1;0;1;0
0;1;0;0;0;-39;-180;0;1;0;1;0
0;1;0;0;0;-39;-182;0;1;0;1;0
0;1;0;0;0;-39;-169;0;1;0;1;0
0;?;0;0;0;-39;-169;0;1;0;1;0
0;?;0;0;0;-40;-174;?;1;0;1;0
0;?;0;0;0;-39;-179;?;1;0;1;0
0;?;0;0;0;-39;-172;?;1;0;1;0
0;?;0;0;0;-38;-181;?;1;0;1;0
0;?;0;0;0;-38;-181;?;1;0;1;0
0;?;0;0;0;-38;-181;?;1;0;1;0
0;?;0;0;53273;117;817;?;1;0;1;?
0;?;0;0;68005;85;-59;?;?;0;1;?
0;?;0;0;81664;157;599;?;?;0;1;?
0;?;0;0;81664;?;599;?;?;0;1;?
0;?;0;0;64612;?;527;?;?;0;1;0
-1015;?;0;0;98252;?;453;?;?;0;?;0
0;?;0;0;81200;?;-103;?;?;0;?;0
0;1;0;0;73457;?;119;0;?;0;?;0
0;1;0;0;73457;169;119;0;?;0;?;0
1015;1;0;0;84854;109;943;0;?;0;?;0
0;1;0;0;71949;192;826;?;?;0;?;0
1015;1;0;0;90219;104;798;0;?;0;?;0
-1015;1;0;0;91118;107;808;0;?;0;?;0
-1015;1;0;0;91118;107;808;0;?;0;?;0
-1015;1;0;0;91118;107;808;0;?;0;?;0
0;1;0;0;69774;35;844;0;?;0;?;0
0;1;0;0;71456;177;181;0;?;0;1;0
0;1;0;0;71456;177;181;0;?;0;1;0
-2030;1;0;0;65192;166;355;0;?;0;1;0
0;1;0;0;76125;-37;186;0;?;0;1;0
0;1;0;0;70151;7;644;?;?;0;1;0
-1015;1;0;0;84941;175;223;?;?;0;1;0
0;1;?;0;60726;178;552;?;?;0;1;0
0;1;?;0;60726;178;552;?;?;0;1;0
0;1;?;0;70789;15;127;?;?;0;1;0
-1015;1;?;0;74994;102;266;?;?;0;1;0
-1015;1;?;0;79866;49;-20;?;?;0;1;0
-1015;1;?;0;79866;49;-20;?;1;0;1;0
-1015;1;0;0;79866;49;-20;?;1;0;1;0
0;1;0;0;98687;43;439;?;1;0;1;0
0;1;0;0;72094;45;113;?;1;0;1;0
0;1;0;0;101152;113;206;?;1;0;1;0
0;1;0;0;63104;186;349;?;1;0;1;0
0;1;0;0;63104;186;349;?;1;0;1;0
?;1;0;0;97962;133;647;?;1;0;1;0
?;1;0;0;70847;-20;1027;0;1;0;1;0
?;1;0;0;86536;158;855;0;1;0;1;0
?;1;0;0;86536;158;855;0;1;0;1;0
?;1;0;0;92104;73;550;0;1;0;1;0
?;1;0;0;62814;47;586;0;1;0;1;0
?;1;0;0;84796;55;194;0;1;0;1;0
?;1;0;0;66410;19;205;0;1;0;1;0
?;1;0;0;66410;19;205;0;1;0;1;0
?;1;0;0;66410;19;205;0;1;0;1;0
?;1;0;0;94424;156;586;0;1;0;1;0
?;1;0;0;75168;214;281;0;1;0;1;0
?;1;0;0;89204;-53;673;0;1;0;1;0
?;1;0;0;69049;50;786;0;1;0;1;0
0;1;?;0;69049;50;786;0;1;0;1;0
1015;1;?;0;83433;135;-26;0;1;0;?;0
0;1;?;0;69513;110;215;0;1;0;1;0
-1015;1;?;0;89088;-64;496;0;1;0;1;0
-1015;1;?;0;89088;-64;496;0;1;0;1;0
0;1;?;0;92046;-11;-264;0;1;0;1;?
-1015;1;?;0;77256;134;12;0;1;0;1;?
-1015;1;?;0;70615;131;-16;0;1;0;1;?
-1015;1;?;0;70615;131;-16;0;1;0;1;?
-1015;1;?;0;70615;131;-16;0;1;0;1;?
0;1;?;0;87580;-6;671;0;1;0;1;?
0;1;?;0;87580;-6;671;0;1;0;1;?
0;1;?;0;68092;120;28;0;1;0;1;?
0;1;?;0;91263;16;672;0;1;0;1;?
-1015;1;0;0;94337;?;-197;0;?;0;1;?
1015;1;0;0;81229;?;139;0;?;0;1;?
1015;1;0;0;81229;?;139;0;?;0;1;?
-1015;1;0;0;70876;?;318;0;?;0;1;?
0;1;0;?;96889;?;120;0;?;0;1;?
?;1;0;?;75603;?;210;0;?;0;1;?
?;1;0;?;75603;?;210;0;?;0;1;0
?;1;0;?;75603;?;210;0;?;0;1;0
?;1;0;?;82389;?;-200;0;?;0;1;0
?;1;0;?;65134;24;37;0;?;0;1;0
?;1;0;?;90799;-24;45;0;?;0;1;0
?;1;0;?;68498;27;280;0;?;0;1;0
?;1;0;?;68498;27;280;0;?;0;1;0
?;1;0;0;90335;-13;585;0;?;0;1;0
?;1;0;0;100601;0;26;0;?;0;1;0
?;1;0;0;82563;128;822;0;1;0;1;0
?;1;0;0;94453;-51;650;0;1;0;1;0
?;1;0;0;94453;-51;650;0;1;0;1;0
1015;1;0;0;104168;102;61;0;1;0;1;0
1015;1;0;0;87609;-8;758;0;1;0;1;0
0;1;0;0;82795;227;30;0;1;0;1;0
0;1;0;0;82795;227;30;0;1;0;1;0
0;1;0;0;82795;227;30;0;1;0;1;0
0;1;0;0;86159;19;217;0;1;0;1;0
1015;1;0;0;84564;149;988;0;1;0;1;0
0;1;0;0;99615;155;232;0;1;0;1;0
0;1;0;0;99615;155;232;0;1;0;1;0
0;1;0;0;68411;-25;209;0;1;0;1;0
0;1;0;0;91756;108;30;0;1;0;1;0
0;1;0;0;83288;13;334;0;1;0;1;0
0;1;0;0;81519;198;924;0;1;0;?;0
0;1;0;0;90799;117;134;0;1;0;?;0
0;1;0;0;90799;117;134;0;1;0;1;0
0;1;0;0;86478;13;412;0;1;0;1;0
-2001;1;0;0;70035;209;884;0;1;0;?;0
0;1;0;0;0;89;577;0;1;0;1;0
0;1;?;0;0;89;577;0;1;0;1;0
0;1;?;0;0;77;337;0;1;0;1;0
0;1;?;0;0;77;337;0;1;0;1;0
0;1;?;0;0;76;343;0;?;0;1;0
0;1;?;0;0;72;341;0;?;0;1;0
0;1;?;0;0;74;348;0;?;0;1;0
0;1;?;0;0;74;348;0;?;0;1;0
0;1;?;0;0;73;332;0;?;0;1;0
0;1;0;0;0;77;348;0;?;0;1;0
0;1;0;0;0;73;342;0;?;0;1;0
0;1;0;0;0;73;325;0;?;0;1;0
0;1;0;0;?;73;325;0;?;0;1;0
0;1;0;0;?;74;352;0;?;0;1;0
0;1;0;0;?;74;325;0;?;0;1;0
0;1;0;0;?;76;350;0;?;0;1;0
0;1;0;0;?;76;336;0;?;0;1;0
0;1;0;0;?;76;336;0;?;0;1;0
0;1;0;0;?;76;336;0;?;0;1;0
0;1;0;0;0;78;339;0;1;0;1;0
0;1;0;0;0;80;339;0;1;0;1;0
0;1;0;0;0;76;334;0;1;0;1;0
0;1;0;0;0;73;335;0;1;0;1;0
0;1;0;0;0;73;335;0;1;0;1;0
0;1;0;0;0;70;344;0;1;0;1;0
-2001;1;0;0;-4060;73;-640;0;1;0;1;0
0;1;0;0;-68643;-126;-729;0;1;0;?;0
0;1;0;0;-100543;-235;-770;0;1;0;?;0
0;1;0;0;-100543;-235;-770;0;1;0;?;0
0;1;0;0;-100543;-235;-770;0;1;0;?;0
0;1;0;0;-92742;-207;42;0;1;0;?;0
0;1;0;0;-75632;-198;-20;0;1;0;?;0
1015;1;0;0;-83984;-26;?;0;1;0;?;0
1015;1;0;0;-83984;-26;?;0;1;0;?;0
1015;1;0;0;-72413;-65;?;0;1;0;?;0
1015;1;0;0;-71688;-20;?;0;1;0;?;0
1015;1;0;0;-90596;-37;?;0;1;0;?;0
0;1;0;0;-74936;-55;?;0;?;0;?;0
0;1;?;0;-74936;-55;?;0;?;0;1;0
-1015;1;?;0;-85898;-127;?;0;?;0;1;0
0;1;?;0;-65192;-21;?;0;?;0;1;0
0;1;?;0;-96425;-53;?;0;?;0;1;0
0;1;?;0;-96425;?;-720;0;?;0;1;0
0;1;?;0;-56695;?;-684;0;?;0;1;0
0;1;?;0;-81896;?;-775;0;?;0;1;0
0;1;?;0;-81896;?;-775;0;?;0;1;0
0;1;?;0;-81287;?;-566;0;?;0;1;0
0;1;?;0;-72964;?;-467;0;?;0;1;0
0;1;?;0;-72964;?;-467;0;?;0;1;0
1015;1;?;0;-81896;?;-582;0;?;0;1;0
1015;1;?;0;-74240;?;-147;0;?;0;1;0
1015;1;?;0;-89204;?;23;0;?;0;1;0
1015;1;0;0;-89204;?;23;0;?;0;1;0
1015;1;0;0;-72355;?;-106;0;1;0;1;0
0;1;0;0;-90596;?;-425;0;1;0;1;0
0;1;0;0;-85956;?;-674;0;1;0;1;0
0;1;0;0;-83404;?;102;0;1;0;1;0
0;1;0;0;-83404;?;102;0;1;0;1;0
0;1;0;0;-73283;-199;-662;0;1;0;1;0
0;1;0;0;?;-199;-662;0;1;0;1;0
-1015;1;0;0;?;-61;-619;0;1;0;1;0
3016;1;0;0;?;22;?;0;1;0;1;0
0;1;0;0;?;7;?;0;1;0;1;0
0;1;0;0;?;7;?;0;1;0;1;0
0;1;0;0;0;7;?;0;1;0;1;1
0;1;0;0;0;7;?;0;1;0;0;1
0;1;0;0;0;9;?;?;1;0;0;1
0;1;0;0;0;9;?;?;1;0;0;1
0;1;0;0;0;4;?;?;1;0;0;1
0;1;0;0;0;3;?;?;1;0;0;1
0;1;?;0;0;?;?;?;1;0;0;1
0;1;?;0;0;?;?;?;1;0;0;1
0;1;?;0;0;?;?;?;1;0;0;1
0;1;?;0;0;6;?;?;1;0;0;1
0;1;0;0;0;5;?;?;1;0;0;1
0;1;0;0;0;5;21;?;1;0;0;1
0;1;0;0;0;4;42;?;1;0;0;1
0;1;0;0;0;3;31;?;1;0;0;1
0;1;0;0;0;3;31;?;1;0;0;1
0;1;0;0;0;7;37;?;1;0;0;1
0;1;0;0;0;4;32;0;1;0;0;1
0;1;0;0;0;6;49;0;1;0;0;1
0;1;0;0;0;4;31;0;1;0;0;1
0;1;0;0;0;4;31;0;1;0;0;1
0;1;0;0;0;9;28;0;1;0;0;1
0;1;0;0;0;3;43;0;1;0;0;1
0;1;0;0;0;8;13;0;1;0;0;1
0;1;0;0;0;8;13;0;1;0;0;1
0;1;0;0;0;8;13;0;1;0;0;1
0;1;0;0;0;6;26;0;1;0;0;1
0;1;0;0;0;6;42;0;1;0;0;1
0;1;0;0;0;6;12;0;1;0;0;1
0;1;0;0;0;5;31;0;1;0;0;1
0;1;0;0;0;5;31;0;1;0;0;1
0;1;0;0;0;6;20;0;1;0;0;1
0;1;0;0;0;6;19;0;1;0;0;1
0;1;0;0;0;7;31;0;1;0;0;1
0;1;0;0;0;7;31;0;1;0;0;?
?;1;0;0;0;6;35;0;1;0;0;?
?;1;0;0;0;10;25;0;1;0;0;?
?;1;0;0;0;9;40;0;1;0;0;?
?;1;0;0;0;9;40;0;1;0;0;?
?;1;0;0;0;9;40;0;1;0;0;?
?;?;0;0;0;6;30;0;1;0;0;?
?;?;0;0;0;6;30;0;1;0;0;?
?;?;0;0;0;6;44;0;1;0;0;1
?;?;0;0;0;8;25;0;1;0;0;1
?;?;0;0;0;3;32;0;1;0;0;1
?;?;0;0;0;3;?;0;1;0;0;1
?;?;0;0;0;6;?;0;1;0;0;1
?;?;0;0;0;9;?;0;1;0;0;1
?;1;0;0;0;10;?;0;1;0;0;1
0;1;0;0;0;10;?;0;1;0;0;1
0;1;0;0;0;7;?;0;1;0;0;1
0;1;0;0;0;8;?;0;1;0;0;1
0;1;0;0;0;5;?;0;1;0;0;1
0;1;0;0;0;5;?;0;1;0;0;1
0;1;0;0;0;5;?;0;1;0;0;1
0;1;0;0;0;5;?;0;1;0;0;1
0;1;0;0;0;6;?;0;1;0;0;1
0;1;0;0;0;5;?;0;1;0;0;1
0;1;0;0;0;6;?;0;1;0;0;1
0;1;0;0;0;6;35;0;1;0;0;1
0;1;0;0;0;5;37;0;1;0;0;1
0;1;0;0;0;6;30;0;1;0;0;1
0;?;0;0;0;5;25;0;1;0;0;1
0;?;0;0;0;5;37;0;1;0;0;1
0;?;0;0;0;5;37;0;1;0;0;1
0;?;0;0;0;3;29;0;1;0;0;1
0;?;0;0;0;5;28;0;1;0;0;1
0;?;0;0;0;5;28;0;1;0;0;1
0;?;0;0;0;6;43;0;1;0;0;1
0;1;0;0;0;8;28;0;1;0;0;1
0;1;0;0;0;8;28;0;1;0;0;1
0;1;0;0;0;6;30;0;1;0;0;1
0;1;0;0;0;7;34;0;1;0;0;1
0;1;0;0;0;5;28;0;1;0;0;1
0;1;0;0;0;5;28;0;1;0;0;1
0;1;0;0;0;9;44;0;1;0;0;1
?;1;0;0;0;?;45;0;1;0;0;1
?;1;0;0;0;?;37;0;1;0;0;1
?;1;0;0;0;7;37;0;1;0;0;1
?;1;0;0;0;7;37;0;1;0;0;1
?;1;0;0;0;5;31;0;1;1;0;1
?;1;0;0;0;6;26;0;1;1;0;1
0;1;0;0;?;6;26;0;1;1;0;1
0;1;0;0;?;5;34;0;1;1;0;1
0;1;1;0;?;5;34;0;1;1;0;1
0;1;1;0;?;5;34;0;1;1;0;1
0;1;1;0;?;6;33;0;0;1;0;1
0;0;1;0;?;5;19;0;?;1;0;1
0;0;1;0;?;4;28;0;?;1;0;1
0;0;1;0;0;4;28;0;?;1;0;1
0;1;1;?;0;9;12;0;?;1;0;1
0;1;0;?;0;7;34;1;?;1;0;1
0;1;0;?;0;7;45;1;?;1;0;1
0;1;0;?;0;8;37;1;?;1;?;1
0;1;0;?;0;8;37;1;?;1;?;1
0;1;0;0;0;8;44;1;?;1;?;1
0;1;0;0;0;9;30;1;?;1;?;1
0;1;0;0;0;9;30;1;?;1;?;1
0;1;0;0;0;5;35;1;0;1;?;1
0;1;0;0;0;6;30;1;0;1;?;1
0;1;0;0;0;6;30;1;0;?;?;1
0;1;0;0;0;8;27;1;0;?;?;1
0;1;0;0;0;7;33;1;0;?;?;1
0;1;0;0;0;5;44;1;0;?;?;1
0;1;0;0;0;6;31;1;0;?;?;?
0;1;?;0;0;6;31;1;0;1;?;?
0;1;?;0;0;6;17;1;0;1;?;?
0;1;?;0;0;6;26;1;0;1;0;?
0;1;?;0;0;6;28;1;0;1;0;?
0;1;?;0;0;6;28;1;0;1;0;?
0;1;?;0;0;8;35;1;0;1;?;?
0;1;?;0;0;8;35;1;0;1;?;?
0;1;?;0;0;9;28;1;0;1;?;?
0;1;?;0;0;6;30;1;0;1;?;?
0;1;?;0;0;8;31;1;0;1;?;?
0;1;0;0;0;7;31;1;0;1;0;1
0;1;0;0;0;7;31;1;0;1;0;1
0;1;0;0;0;6;25;1;0;1;0;1
0;1;0;0;0;6;36;1;0;1;0;1
0;1;0;0;0;4;17;1;0;1;0;1
0;1;0;0;0;4;17;1;0;1;0;1
0;1;0;0;0;5;44;1;0;1;0;1
0;1;0;0;0;7;31;1;0;1;0;1
0;1;0;0;0;7;37;1;0;1;0;1
0;1;0;0;0;6;40;1;0;1;0;1
0;1;0;0;0;6;40;1;0;1;0;1
0;1;0;0;0;7;35;1;0;1;0;1
0;1;0;0;0;7;35;1;0;1;0;1
0;1;0;0;0;8;29;1;0;1;0;1
0;1;0;0;0;7;38;1;0;1;0;1
0;1;0;?;0;9;33;1;0;1;0;1
0;1;0;?;0;9;33;1;0;1;0;1
0;1;0;?;0;4;28;1;0;1;0;1
0;1;0;?;0;7;55;1;0;1;0;1
0;1;0;?;0;8;12;1;0;1;0;1
0;1;0;?;0;6;33;1;0;0;0;1
0;1;0;?;0;6;33;1;0;0;0;1
0;1;0;?;0;5;15;1;0;0;0;1
0;1;0;?;0;5;15;1;0;0;0;1
0;1;0;0;0;6;32;1;0;0;0;1
0;?;0;0;0;6;30;1;0;0;0;1
0;1;0;0;0;6;?;1;0;0;0;1
0;?;0;0;0;6;?;1;0;0;0;1
0;?;0;0;0;12;?;0;?;0;0;1
0;?;0;0;0;9;?;0;?;0;0;1
0;?;0;0;0;7;31;0;?;0;0;1
0;?;0;0;?;9;36;0;?;0;0;1
0;?;0;0;0;9;36;0;?;0;0;1
1015;?;0;0;-83839;-101;131;0;?;0;0;0
0;?;0;0;-95439;-19;-136;0;?;0;0;0
0;?;0;0;-80968;-165;-587;0;?;0;0;0
0;1;0;0;-60929;-47;-114;?;?;0;0;0
0;1;0;0;-60929;-47;-114;?;?;0;0;0
-1015;1;0;0;-94946;-79;-823;?;1;0;0;0
-1015;1;0;0;-94946;-79;-823;?;1;0;0;0
0;1;0;0;-56028;-117;109;?;1;0;0;0
1015;1;0;0;-74588;45;24;?;1;0;0;0
0;1;0;0;-70702;-42;-48;?;1;0;0;0
0;1;0;0;-70702;-42;-48;?;1;0;0;0
0;?;0;0;-86971;?;-469;?;1;0;0;0
0;?;0;0;-84448;?;-634;0;1;0;0;0
0;?;0;0;-55187;?;-23;0;1;0;0;0
0;?;0;0;-55187;?;-23;0;1;0;0;0
-1015;?;0;0;-71340;?;-384;0;1;0;0;0
0;?;0;0;-68527;?;-554;0;1;0;0;0
1015;?;0;0;-89378;?;-810;0;1;0;0;0
1015;?;0;0;-89378;-26;-810;0;1;0;0;0
1015;?;0;0;-56956;-73;-717;0;1;0;0;0
1015;?;0;0;-56956;-73;-717;0;1;0;0;0
0;?;0;0;-83549;-107;-845;0;1;0;0;0
1015;?;0;0;-103501;-59;-381;0;1;0;0;0
0;?;0;0;-76328;-125;99;0;1;0;0;0
-1015;1;0;0;-73109;-187;-644;0;1;0;0;0
-1015;1;0;0;-73109;?;-644;0;1;0;0;0
0;1;0;0;-65076;?;-581;0;1;0;0;0
1015;1;0;0;-75284;?;-141;0;1;0;0;0
-1015;1;?;0;-89581;?;-714;0;1;0;0;0
-1015;1;?;0;-89581;-64;-714;0;1;0;0;0
-1015;1;?;0;-84593;-15;-307;0;1;0;0;0
1015;1;?;0;-73660;-64;-592;0;1;0;0;0
0;1;?;0;-81287;6;-994;0;1;0;0;0
0;1;0;0;-81287;6;-994;0;1;0;0;0
0;1;0;0;-89813;-72;-794;0;1;0;0;0
0;1;0;0;-89813;-72;-794;0;1;0;0;0
0;1;0;0;-85666;-22;-13;?;1;0;0;0
0;1;0;0;-86159;-154;-900;?;1;0;0;0
0;1;0;0;-90277;-170;-698;?;1;0;0;0
0;1;0;0;-69194;-183;-314;?;1;0;0;0
0;1;0;0;-69194;-183;-314;?;1;0;0;0
0;1;0;0;-97556;-20;-608;?;1;0;0;0
-1015;1;0;0;-70760;-10;204;?;1;0;0;0
-1015;1;0;0;-95091;-131;-330;0;1;0;0;0
-1015;1;0;0;-95091;-131;-330;0;1;0;0;0
0;1;0;0;-82621;-155;138;0;1;0;0;0
0;1;0;0;-101094;-85;-501;0;1;0;0;0
0;1;0;0;-101094;-85;-501;0;1;0;0;0
0;1;0;0;-86971;1;-544;0;1;0;0;0
0;1;0;0;-82070;-133;-309;0;1;0;0;0
0;1;0;0;-82070;-133;-309;0;1;0;0;0
1015;1;0;0;-68092;-80;-587;0;1;0;0;0
0;1;0;0;-66497;-200;-364;0;1;0;0;0
-1015;1;0;0;-67164;-201;-705;0;1;0;0;0
0;1;0;0;-86449;-85;-316;0;1;0;0;0
0;1;0;0;-86449;-85;-316;0;1;0;0;0
1015;1;0;0;-83404;-202;-402;0;1;0;0;0
1015;1;0;0;-75226;-122;-567;0;1;0;0;0
0;1;0;0;-98165;-59;-524;0;1;0;0;0
0;1;0;0;-98165;-59;-524;0;1;0;0;0
0;1;0;0;-98165;-59;-524;0;1;0;0;0
-1015;1;0;0;-94714;-212;-899;0;1;0;0;0
0;1;0;0;-66903;-197;-239;0;1;0;0;0
2001;1;0;0;-22069;-68;-680;0;1;0;0;0
-1015;1;0;0;4466;-31;831;0;1;0;0;0
-1015;1;0;0;4466;-31;831;0;1;0;0;0
0;1;0;0;0;-25;-112;0;1;0;0;0
0;1;0;0;0;-21;-102;0;1;0;1;0
0;1;0;0;0;-22;-106;0;1;0;1;0
0;1;0;?;0;-22;-106;0;1;0;1;0
0;1;?;?;0;-23;-99;0;1;0;1;0
0;1;?;?;0;-24;-113;0;1;0;1;0
0;1;0;?;0;-25;-115;?;1;0;1;0
0;1;0;?;0;-22;-124;?;1;0;1;0
0;1;0;?;0;-22;-124;?;1;0;1;0
0;1;0;?;0;-22;-124;?;1;0;1;0
0;1;0;?;0;-20;-111;?;1;0;1;0
0;1;0;?;0;-20;-122;?;1;0;1;0
0;1;0;?;0;-27;-124;?;1;0;1;0
0;1;0;?;0;-27;-124;?;1;0;1;0
0;1;0;?;0;-22;-102;?;1;0;1;0
0;1;0;0;0;-22;-110;?;1;0;?;0
0;1;0;0;0;-19;-87;?;1;0;?;0
0;1;0;0;0;-25;-92;?;1;0;?;0
0;1;0;0;0;-25;-92;0;1;0;?;0
0;1;0;0;0;-21;-97;0;1;0;?;0
0;1;0;0;0;-21;-121;0;1;0;?;0
0;1;0;0;0;-20;-100;0;1;0;?;0
0;1;0;0;0;?;-100;0;1;0;?;0
0;1;0;0;0;?;-100;0;1;0;1;0
0;1;0;0;0;?;-100;0;1;0;1;0
2001;1;0;0;60407;?;1016;0;1;0;1;0
0;1;0;0;94047;?;-8;0;1;0;1;0
0;1;0;0;71108;?;303;0;1;0;1;0
0;1;0;0;71108;?;303;0;1;0;1;0
0;1;0;?;96773;?;571;0;1;0;1;0
1015;1;0;?;68556;?;108;0;1;0;1;0
0;1;0;?;66236;?;857;0;1;0;1;0
0;1;0;?;93583;?;725;0;1;0;1;0
0;1;0;0;93583;?;725;0;1;0;1;0
0;1;0;0;66120;?;1093;0;1;0;1;0
0;1;0;0;87696;192;-55;0;1;0;1;0
0;1;0;0;74037;58;152;0;1;0;1;0
0;1;0;0;74037;58;152;0;1;0;1;0
0;1;0;0;74037;58;152;0;1;0;1;?
-1015;1;0;0;83462;-7;617;0;1;0;1;?
0;1;0;0;71224;211;627;0;1;0;1;0
1015;1;0;0;79576;19;696;0;1;0;1;0
1015;1;0;0;86391;12;-14;0;1;0;1;0
1015;1;0;0;86391;12;-14;0;1;0;1;0
0;1;0;0;68440;200;470;0;1;0;1;0
-1015;1;0;0;102399;50;296;0;1;0;1;0
-1015;1;?;0;82476;225;-14;?;1;0;1;0
0;1;0;0;81606;63;870;?;1;0;?;0
0;1;0;0;81606;63;870;?;1;0;?;0
0;1;0;0;64960;173;302;?;1;0;?;0
0;1;0;0;75168;46;422;?;1;0;?;0
0;1;0;0;94540;-6;262;0;1;0;?;0
0;1;0;0;94540;-6;262;0;1;0;?;?
0;1;0;0;94540;-6;262;0;1;0;?;?
-1015;1;0;0;66033;28;-217;0;1;0;?;?
0;1;0;0;66526;89;99;0;1;0;?;0
0;1;0;0;83375;16;437;0;1;0;?;0
0;1;0;0;84216;33;50;0;1;0;?;0
0;1;0;0;84216;33;50;0;1;0;?;0
0;1;0;0;66729;181;592;0;1;0;?;0
0;1;0;0;71427;-8;39;0;1;0;1;0
0;1;0;?;86333;15;-50;0;1;0;1;0
0;1;0;?;59044;90;300;0;1;0;1;0
0;1;0;?;59044;90;300;0;1;0;1;0
1015;1;0;?;84651;31;425;0;1;0;1;0
0;1;0;?;74704;43;193;0;1;0;1;?
0;1;0;?;74704;43;193;0;1;0;1;?
0;1;0;?;87928;75;479;0;1;0;1;?
0;1;0;?;87928;75;479;0;1;0;1;?
0;1;0;?;77111;0;677;0;1;0;1;?
-1015;1;0;?;71659;69;514;0;1;0;1;0
1015;1;0;?;73225;38;-6;0;1;0;1;0
0;1;0;?;81983;110;674;0;1;0;1;0
0;1;0;?;81983;110;674;0;1;0;1;0
?;1;0;0;91727;-28;723;0;1;0;1;0
?;1;0;0;65337;128;169;0;1;0;1;0
?;1;0;0;95700;90;638;0;1;0;1;0
-1015;1;?;0;83404;133;490;0;1;0;1;?
-1015;1;?;0;83404;133;490;0;1;0;1;?
0;1;?;0;86304;60;669;0;1;0;1;?
0;1;?;0;86304;60;669;0;1;0;1;?
-1015;1;?;0;74762;29;344;0;1;0;1;?
1015;1;?;0;94772;43;143;0;1;0;1;?
1015;1;?;0;94772;43;143;0;1;0;1;?
0;1;?;0;81200;72;686;0;1;0;1;?
1015;1;0;0;98049;169;-107;0;1;0;1;?
1015;1;0;0;75661;19;501;0;1;0;1;?
0;1;0;0;75864;-26;330;0;1;0;1;?
0;1;0;0;75864;-26;330;0;1;0;1;?
-1015;1;0;0;91292;46;1001;0;1;0;1;?
0;1;0;0;65511;138;211;0;1;0;1;0
1015;1;0;0;56695;137;558;0;1;0;1;0
1015;1;0;0;56695;137;558;0;1;0;1;0
1015;1;0;0;84071;48;62;0;1;0;1;0
1015;1;0;0;74211;36;83;0;1;0;1;0
1015;1;0;?;74211;36;83;0;1;0;1;0
0;1;0;?;87087;90;?;0;1;0;1;0
0;1;0;?;88131;6;?;0;1;0;1;0
0;1;0;?;88131;6;?;0;1;0;1;0
1015;1;0;?;62292;70;?;0;1;0;1;0
-1015;1;0;?;72616;12;?;0;1;0;1;0
0;1;0;?;69223;101;?;0;1;0;1;0
1015;1;0;?;71398;160;?;0;1;0;1;0
1015;1;0;0;71398;160;?;0;1;0;1;0
-1015;1;0;0;73370;13;?;0;1;0;1;0
0;1;0;0;94453;38;?;0;1;0;1;0
-1015;1;0;0;72036;159;?;0;1;0;1;0
-1015;1;0;0;72036;159;?;0;1;0;1;0
0;1;0;0;60552;124;?;0;1;0;1;0
0;1;0;0;60552;124;?;0;1;0;1;0
0;1;0;0;98687;155;?;0;1;0;1;0
0;1;0;0;98687;155;?;0;1;0;1;0
0;1;0;0;86362;148;95;0;1;0;1;0
0;1;0;0;86362;148;95;0;1;0;1;0
1015;1;0;0;71224;183;456;0;1;0;1;0
-1015;1;0;0;74124;82;142;0;1;0;1;0
0;1;0;0;74646;118;756;0;1;0;1;0
0;1;0;0;74559;161;1031;0;1;0;1;0
0;1;0;0;74559;161;1031;0;1;0;1;0
1015;1;0;0;85492;148;412;0;1;0;1;0
0;1;0;0;88653;42;239;0;1;0;1;0
0;1;0;0;76676;43;304;0;1;0;1;0
0;1;0;0;76676;43;304;0;1;0;1;0
0;1;0;0;0;109;590;0;1;0;1;0
0;1;0;0;0;109;590;0;1;0;1;0
0;1;0;0;0;92;407;0;1;0;1;0
0;1;0;0;0;91;401;0;1;0;1;0
?;1;0;0;0;93;415;0;1;0;1;0
?;1;0;0;0;93;415;0;1;0;1;0
?;1;0;0;0;89;413;0;1;0;1;0
?;1;0;0;0;89;425;0;1;0;1;0
?;1;0;0;0;92;425;0;1;0;1;0
?;1;0;0;0;90;401;0;1;0;1;0
?;1;0;0;0;90;401;0;1;0;1;0
?;1;0;0;0;92;407;0;1;0;1;0
?;1;0;0;0;92;410;0;1;0;1;0
?;1;0;0;0;90;399;0;1;0;1;0
?;1;0;0;0;90;399;?;1;0;1;0
?;1;0;0;0;91;410;?;1;0;1;0
?;1;0;0;0;91;410;?;1;0;1;0
?;1;0;0;0;93;409;0;1;0;1;0
?;1;0;0;0;89;419;0;1;0;1;0
0;1;0;0;0;90;413;0;1;0;1;0
0;?;0;0;0;90;413;0;1;0;1;0
0;?;0;0;0;87;419;0;1;0;1;0
0;?;0;0;0;93;406;0;1;0;1;0
0;?;0;0;0;92;413;0;1;0;1;0
-2001;?;0;0;-91524;-166;-287;0;1;0;1;0
-2001;?;0;0;-91524;-166;-287;0;1;0;1;0
0;?;0;0;-88856;-77;-1030;0;1;0;1;0
0;?;0;0;-75690;-93;-125;0;1;0;1;0
1015;?;0;0;-84216;-30;-997;0;1;0;1;0
1015;?;0;0;-84216;-30;-997;0;1;0;1;0
1015;?;0;0;-84216;-30;-997;0;1;0;1;0
0;?;0;?;-68817;-118;-414;0;1;0;1;0
0;?;0;?;-81258;-96;-777;0;1;0;1;0
0;?;0;?;-67425;-81;-715;0;1;0;1;0
0;1;0;?;-67425;-81;-715;0;1;0;1;0
1015;1;0;?;-93757;-148;11;0;1;0;1;0
0;1;0;0;-70093;-63;-343;0;1;0;1;0
?;1;0;0;-103124;-93;-260;0;1;0;1;0
?;1;0;0;-78619;-155;-898;0;1;0;1;0
?;1;0;0;-78619;-155;-898;0;1;0;1;0
?;1;0;0;-69571;28;-124;0;1;0;1;0
?;1;0;0;-77140;-175;-746;0;1;0;1;0
?;1;0;?;-86391;-16;252;0;1;0;1;0
?;1;0;?;-86391;-16;252;0;1;0;1;0
0;1;0;?;-85637;-95;-74;0;1;0;1;0
0;1;0;?;-85637;-95;-74;0;1;0;1;0
0;1;0;?;-80446;-34;-719;0;1;0;1;0
0;1;0;?;-81693;-145;-582;0;1;0;1;0
-1015;1;0;?;-82708;-147;-93;0;1;0;1;0
-1015;?;0;?;-82708;-147;-93;0;1;0;1;0
-1015;?;0;?;-82998;-12;-716;0;1;0;1;0
-1015;?;0;?;-73660;-95;-319;0;1;0;1;0
1015;?;0;?;-94221;8;195;0;1;0;1;0
1015;?;0;?;-89088;-137;125;0;1;0;1;0
1015;?;0;?;-89088;-137;125;0;1;0;1;0
1015;?;0;?;-98310;22;484;0;1;0;1;0
0;?;0;?;-89436;25;19;0;1;0;1;0
1015;?;0;?;-87000;-121;180;0;1;0;1;0
1015;1;0;?;-87000;-121;180;0;1;0;1;0
0;1;0;?;-89697;39;-652;0;1;0;1;0
0;1;0;0;-83491;50;-384;0;1;0;1;0
0;1;0;0;-83491;50;-384;0;1;0;1;0
0;1;0;0;-84071;-8;170;0;1;0;1;0
0;1;0;0;-99064;38;-71;0;1;0;1;0
0;1;0;0;-99064;38;-71;0;1;0;1;0
0;1;0;0;-80939;-119;-131;0;1;0;1;0
0;1;0;0;-84187;-10;-741;0;1;0;1;0
0;1;0;0;-81751;9;-259;0;1;0;?;0
0;1;0;0;-81751;9;-259;0;1;0;?;0
0;1;0;0;-98339;-183;-134;0;1;0;?;0
0;1;0;0;-78532;-55;26;0;1;0;?;0
0;1;0;0;-71920;71;-677;0;1;0;?;0
-1015;1;0;0;-85840;-135;-688;0;1;0;?;0
-1015;1;0;0;-85840;-135;-688;0;1;0;?;0
0;1;0;0;-65192;-50;-77;0;1;0;?;0
0;1;0;0;-65192;-50;-77;0;1;0;?;0
-1015;1;0;0;-74501;-50;-156;0;1;0;?;0
0;1;0;0;-70876;-8;-198;0;1;0;?;0
1015;1;0;0;-69368;1;-124;0;1;0;?;0
1015;1;0;0;-69368;1;-124;?;1;0;?;0
0;1;0;0;?;-145;21;?;1;0;?;0
1015;1;0;0;-98368;-16;-381;?;1;0;?;0
-1015;1;0;0;-86884;-42;-520;?;1;0;1;0
-1015;1;0;0;-86884;-42;-520;?;1;?;1;0
1015;1;0;0;-66468;-12;-274;?;1;?;1;0
0;1;0;0;-73312;-160;-516;?;1;?;1;0
-1015;1;0;0;-83462;-164;-163;?;1;?;1;0
-1015;1;0;0;-83462;-164;-163;?;1;?;1;0
0;1;0;0;-71804;-96;-369;?;1;?;1;0
0;1;0;0;-71804;-96;-369;?;1;?;1;0
0;1;0;0;-97730;-115;-755;?;1;?;1;0
0;1;0;0;-74472;-94;-845;0;1;?;1;0
0;1;0;0;-16037;-18;-268;0;1;?;1;0
0;1;0;0;0;-28;-146;0;1;?;1;0
0;1;0;0;0;-28;-146;0;1;0;1;0
0;1;0;1;0;-31;-132;?;1;0;0;0
0;1;0;1;0;-32;-136;?;1;0;0;0
0;1;0;1;0;-31;-148;?;1;0;0;?
0;1;0;1;0;-31;-148;?;1;0;0;?
0;1;0;1;0;-34;-138;?;1;0;0;?
0;1;0;1;0;-33;-146;?;1;0;0;?
0;1;0;1;0;-34;-145;?;1;0;0;?
0;1;0;1;0;-34;-145;0;1;0;0;?
0;1;0;1;0;-30;-150;0;1;0;0;?
0;1;0;1;0;-30;-150;0;1;0;0;?
0;1;0;1;0;-29;-144;0;1;0;0;?
0;1;0;1;0;-32;-148;0;1;0;0;?
0;1;0;1;0;-35;-150;0;1;0;0;?
0;1;0;1;0;-34;-146;0;1;0;0;?
0;1;0;1;0;-34;-146;0;1;0;0;?
?;1;0;1;0;-31;-142;0;1;0;0;?
?;1;0;1;0;-31;-156;0;1;0;0;0
?;1;0;1;0;-32;-140;0;1;0;0;0
?;1;0;1;0;-32;-140;0;1;0;0;0
?;1;0;1;0;-31;-151;0;1;0;0;0
0;1;0;1;0;-33;-160;0;1;0;0;0
0;1;0;1;0;-33;-142;0;1;0;0;0
0;1;0;1;0;-33;-142;0;1;0;0;0
0;1;0;1;0;-31;-150;0;1;0;0;0
0;1;0;1;0;-31;-150;0;1;0;0;0
0;1;0;1;0;-30;-138;0;1;0;0;0
0;1;0;1;0;-34;-142;0;1;0;0;0
?;1;0;1;0;-31;-153;0;1;0;0;0
?;1;0;1;0;-31;-153;0;1;0;0;0
0;1;0;1;0;-34;-150;0;1;0;0;0
0;1;0;1;0;?;-156;0;1;0;0;0
0;1;0;1;0;?;-154;0;1;0;0;0
0;1;0;1;0;?;-160;0;1;0;0;0
?;1;0;1;0;?;-160;0;1;0;0;0
?;1;0;1;0;?;-145;0;1;0;0;0
?;1;0;1;0;?;-144;0;1;0;0;0
?;1;0;1;0;?;-138;0;1;0;0;0
?;1;0;1;0;?;-138;0;1;0;0;0
?;1;0;1;0;?;-138;0;1;0;0;0
?;1;0;1;0;?;-150;0;1;0;0;0
0;1;0;1;0;-34;-150;0;1;0;0;0
0;1;0;1;0;-32;-155;0;1;0;0;0
0;1;0;?;0;-30;-132;0;1;0;0;0
0;1;0;?;0;-30;-132;0;1;0;0;0
0;1;0;?;0;-31;-152;0;1;0;0;0
0;1;0;?;0;-37;-150;0;1;0;0;0
0;1;0;?;0;-34;-136;0;1;0;0;0
0;1;0;?;0;-32;-134;0;1;0;0;0
0;1;0;1;0;-32;-134;0;1;0;0;0
0;1;0;1;0;-31;-149;?;1;0;0;0
0;1;0;1;0;-31;-149;?;1;0;0;0
0;1;0;1;0;-30;-145;?;1;0;0;0
0;1;0;1;0;-32;-142;?;1;0;0;0
0;1;0;1;0;-28;-152;?;1;0;0;0
0;1;0;1;0;-28;-152;?;1;0;0;0
0;1;0;1;0;-33;-148;?;1;0;0;0
0;1;0;1;0;-33;-158;?;1;0;0;0
0;1;0;1;0;-33;-144;?;1;0;0;0
0;1;0;1;0;?;-138;?;1;0;0;0
0;1;0;1;0;?;-138;0;1;0;0;0
0;1;0;1;0;?;-142;0;1;0;0;0
0;1;0;1;0;?;-146;0;1;0;0;0
0;1;0;1;0;?;-164;0;?;0;0;0
0;1;0;1;0;?;-164;0;?;0;0;0
0;1;0;1;0;?;-164;0;?;0;0;0
0;1;0;?;0;?;-154;0;?;0;0;0
0;1;0;?;0;?;-146;0;?;0;0;0
0;1;0;?;0;?;-157;0;1;1;0;0
0;1;0;?;0;?;-150;0;1;1;0;0
0;1;0;?;0;?;-150;0;1;1;0;0
0;1;1;?;0;?;-156;0;1;1;0;0
0;1;1;?;0;?;-144;0;1;1;0;0
0;1;1;1;0;-29;-138;0;1;1;0;0
0;1;1;1;0;-29;-138;0;1;1;0;0
0;0;1;1;0;-33;-124;0;?;1;0;0
0;1;1;1;0;?;?;0;?;1;0;0
0;1;1;1;0;?;?;0;?;1;0;0
0;1;0;1;0;-33;?;1;?;1;0;0
0;1;0;1;0;-33;?;1;?;1;0;0
0;1;0;1;0;-33;?;1;?;1;0;0
0;1;0;1;0;-33;?;1;0;1;0;0
0;1;0;1;0;-32;?;1;0;1;0;0
0;1;0;1;0;-31;?;1;0;1;0;0
0;1;0;1;0;-28;?;1;0;1;0;0
0;1;0;1;0;-28;?;1;0;1;0;0
0;1;0;?;?;-32;?;1;0;1;0;0
0;1;0;?;?;-30;?;1;0;1;0;0
0;1;0;?;?;-30;?;1;0;1;0;0
0;1;0;?;?;-30;?;1;0;1;0;0
0;1;0;?;?;-29;?;1;0;1;0;0
0;1;0;?;?;-34;-149;1;0;1;0;0
0;1;0;?;?;-32;-149;1;0;1;0;0
0;1;0;1;?;-32;-149;1;0;1;0;0
0;1;0;1;?;-30;-149;1;0;1;0;0
0;1;0;1;?;-30;-149;1;0;1;0;0
0;1;0;1;?;-31;-153;1;0;1;0;0
0;1;0;1;?;-37;-131;1;0;1;0;0
0;1;0;1;?;-31;-148;1;0;1;0;0
0;1;0;1;?;-32;-138;1;0;1;0;0
0;1;0;1;0;-32;-138;1;0;1;0;0
0;1;0;1;0;-31;-142;1;0;1;0;0
0;1;0;1;0;-32;-142;1;0;1;0;0
0;1;0;1;0;-31;-153;1;0;1;0;0
0;1;0;1;0;-31;-153;1;0;1;0;0
0;1;0;1;0;-32;-132;1;0;1;0;0
0;1;0;1;0;-34;-148;1;0;1;0;0
0;1;0;1;0;-34;-148;1;0;1;0;0
0;1;0;1;0;-32;-146;1;0;1;0;0
0;1;0;1;0;-31;-150;1;0;1;0;0
0;1;0;1;0;-31;-150;1;0;1;0;0
0;1;0;1;0;-32;-149;1;0;1;0;0
0;1;0;1;0;-30;-138;1;0;1;0;0
0;1;0;1;0;-34;-138;1;0;1;0;0
0;1;0;1;0;-32;-144;1;0;1;0;?
0;1;0;1;0;-32;-144;1;0;1;0;?
0;1;0;1;0;-30;-150;1;0;1;0;?
0;1;0;1;0;-31;-140;1;0;1;0;?
0;1;0;1;0;-32;-150;1;0;1;0;?
0;1;0;1;0;-32;-150;1;0;1;0;?
0;1;0;?;0;-30;-146;1;0;1;0;?
0;1;0;?;0;-31;-157;1;0;0;0;?
0;1;0;?;0;-30;-134;1;0;0;0;?
0;1;0;?;0;-30;-134;1;0;0;0;?
0;1;0;1;0;-33;-140;1;0;0;0;?
0;1;0;1;0;-33;-140;1;0;0;0;?
0;1;0;1;0;-34;-146;1;0;?;0;?
0;1;0;1;0;-31;-145;1;0;?;0;?
0;1;0;1;0;-29;-134;0;0;?;0;0
0;1;0;1;0;-33;-144;?;0;?;0;0
0;1;0;1;0;-33;-144;?;0;?;0;0
0;1;0;1;0;-32;-142;?;0;?;0;0
0;1;0;1;0;-33;-145;?;0;?;0;0
0;1;0;1;0;-32;-248;?;1;?;0;0
0;1;0;1;0;-32;-248;?;1;?;0;?
0;1;0;1;0;-32;?;?;1;?;0;?
1015;1;0;0;-81635;-76;?;?;1;0;0;?
0;1;0;0;-93206;-179;?;?;1;0;0;?
0;1;0;0;-84332;-181;?;?;1;0;0;0
0;1;0;0;-89204;-164;?;?;1;0;0;0
0;1;0;0;-89204;-164;?;?;1;0;0;0
0;1;0;0;-71369;-52;?;?;1;0;0;0
0;1;0;0;-73196;-151;?;?;1;0;0;0
0;1;0;0;-59595;-39;?;0;1;0;0;0
0;1;0;0;-82041;-175;?;0;1;0;0;0
0;1;0;0;-82041;-175;?;0;1;0;0;0
-1015;1;0;0;-88537;-94;?;0;1;0;0;0
0;1;0;0;-71688;-3;?;0;1;0;0;0
-1015;1;0;0;-73225;-164;?;0;1;0;0;0
0;1;0;0;-76270;-39;?;0;1;0;0;0
0;1;0;0;-76270;-39;-17;0;1;0;0;0
0;1;0;0;-76270;-39;-17;0;1;0;0;0
0;1;?;0;-76473;-151;-576;0;1;0;0;?
0;1;?;0;-70151;8;-325;0;1;0;0;?
1015;1;?;0;-78416;-165;11;?;1;0;0;?
-1015;1;?;0;-80968;-101;-1123;?;1;0;0;?
-1015;1;?;0;-80968;-101;-1123;?;1;0;0;?
-1015;1;?;0;-82099;-143;-259;?;1;0;0;?
0;1;?;0;-100340;-2;-450;?;1;0;0;?
0;1;?;0;-67947;-148;-1003;?;1;0;0;?
0;1;?;0;-67947;-148;-1003;?;1;0;0;0
1015;1;?;0;-96048;-20;-879;?;1;0;0;0
0;1;?;0;-67628;-94;-819;?;1;0;0;0
0;1;0;0;-90306;-213;-1157;?;1;0;0;0
0;1;0;?;-90306;-213;-1157;?;1;0;0;0
1015;1;0;?;-83375;-171;-542;?;1;0;0;0
1015;1;0;?;-83375;-171;-542;0;1;0;0;0
986;1;0;?;5075;85;-102;0;1;0;0;0
0;1;0;?;0;-39;-165;0;1;0;0;0
0;1;0;?;0;-39;-174;0;1;0;0;0
0;1;0;?;0;-40;-171;0;1;0;1;0
0;1;0;?;0;-40;-171;0;1;0;1;0
0;1;0;?;0;-38;-172;0;1;?;1;0
0;1;0;?;0;-38;-175;0;1;?;1;0
0;1;0;?;0;-36;-182;0;1;?;1;0
0;1;0;?;0;-36;-182;0;1;?;1;0
0;1;0;?;0;-38;-182;0;1;?;1;0
0;1;0;?;0;-38;-177;0;1;?;1;0
0;1;?;?;0;-38;-177;0;1;?;1;0
0;1;?;0;0;-39;-177;0;1;?;1;0
0;1;?;0;0;-38;-174;0;1;?;1;0
0;1;?;0;0;-38;-174;0;1;0;1;0
0;1;?;0;0;-39;-193;0;1;0;1;0
0;1;?;0;0;-38;-172;0;1;0;1;0
0;1;?;0;0;-38;-162;0;1;?;1;0
0;1;?;0;0;-39;-180;0;1;?;1;0
0;1;?;0;0;-39;-180;0;1;?;1;0
0;1;?;0;0;-40;-169;0;1;?;1;0
0;1;0;0;0;-37;-150;0;1;?;1;0
0;1;0;0;0;-39;-167;0;1;?;1;0
0;1;0;0;0;-39;-167;0;1;?;1;0
0;1;0;0;0;-36;-178;0;1;0;1;0
0;1;0;0;0;10;-182;0;1;0;1;0
0;1;0;0;0;10;-182;0;1;0;1;0
0;1;0;0;71514;90;928;0;1;0;1;0
-1015;1;0;0;86072;135;998;0;1;0;1;0
-1015;1;0;0;86072;135;998;0;1;0;1;0
0;1;0;0;81200;192;174;0;1;0;1;0
-1015;1;0;0;96802;120;794;0;1;0;1;0
0;1;0;0;82157;144;989;0;1;0;1;0
0;1;0;0;82157;144;989;0;1;0;1;0
0;1;0;0;85028;162;115;0;1;0;1;0
0;1;0;0;83027;184;1084;0;1;0;1;0
0;1;0;0;67193;86;95;0;1;0;1;0
1015;1;0;0;69281;146;374;0;1;0;1;0
?;1;0;0;69281;146;374;0;1;0;1;0
?;1;0;0;71311;137;366;0;1;0;1;0
?;1;0;0;71311;137;366;0;1;0;1;0
?;1;0;0;74124;-23;735;0;1;0;1;0
?;1;0;0;65163;147;309;0;1;0;1;0
?;1;0;0;65598;5;333;0;1;0;1;0
?;1;0;0;65598;5;333;0;1;0;1;0
?;1;0;0;99354;162;1138;0;1;0;1;0
?;1;0;0;89291;28;-95;0;1;0;1;0
?;1;0;0;75400;154;204;0;1;0;1;0
?;1;0;0;89697;246;102;0;1;0;1;0
0;1;0;0;89697;246;102;0;1;0;1;0
-1015;1;0;0;75255;20;699;0;1;0;1;0
-1015;1;0;0;82476;48;184;0;1;0;1;0
0;1;0;0;81171;109;683;0;1;?;1;0
0;1;0;0;82505;153;862;0;1;0;1;0
0;1;0;0;82505;153;862;0;1;0;1;0
0;1;0;0;72500;17;490;0;1;0;1;0
0;1;0;0;72500;17;490;0;1;0;1;0
1015;1;0;0;82447;196;-150;0;1;0;1;0
0;1;0;0;60291;67;512;0;1;0;1;0
0;1;0;0;60291;67;512;0;1;0;1;0
-1015;1;0;0;75661;237;69;0;1;0;1;0
-1015;1;0;0;87000;40;730;0;1;0;1;0
1015;1;0;0;73718;-30;?;0;1;0;1;0
0;1;0;0;94656;169;?;0;1;0;1;0
0;1;0;0;94656;169;?;0;1;0;1;0
1015;1;0;0;75545;9;?;0;1;0;1;0
-1015;1;0;0;61799;13;?;0;1;?;1;0
0;1;0;0;86333;178;?;0;1;?;1;0
0;1;0;0;86333;178;?;0;1;?;1;0
1015;1;0;0;70151;215;?;0;1;?;1;0
1015;1;0;0;70151;215;?;0;1;?;1;0
0;1;0;0;69948;161;?;0;1;?;1;0
0;1;0;0;86072;163;?;0;1;0;1;0
-1015;1;0;0;73312;72;?;0;1;0;1;0
-1015;1;0;0;73312;72;-7;0;1;0;1;0
-1015;1;0;0;73312;-25;392;0;1;0;1;0
0;1;0;0;85173;-3;612;0;1;0;1;0
1015;1;?;0;73109;3;138;0;1;0;1;0
-2030;1;?;0;62524;231;664;0;1;0;1;0
-2030;1;?;0;62524;231;664;0;1;0;1;0
1015;1;?;0;87464;81;441;0;1;0;1;0
-2030;1;?;0;73138;38;45;0;1;0;1;0
-2030;1;?;0;83607;205;890;0;1;0;1;0
0;1;?;0;84709;160;-288;0;1;0;1;0
0;1;?;0;84709;160;-288;0;1;0;1;0
0;1;?;0;84709;160;-288;0;?;0;1;0
0;1;?;0;70847;67;322;0;?;0;1;0
0;1;?;0;100485;58;521;0;?;0;1;0
0;1;?;0;82360;26;564;0;?;0;1;0
0;1;0;0;82360;26;564;0;?;0;1;0
-1015;1;0;0;96599;-46;51;0;?;0;1;0
0;1;0;0;66033;84;310;0;1;0;1;0
0;1;0;0;92278;69;50;0;1;0;1;0
1015;1;0;0;91640;119;131;0;1;0;1;0
1015;1;0;0;91640;119;131;0;1;0;1;0
0;1;0;0;71920;233;199;0;1;0;1;0
1015;1;0;0;82070;206;-148;0;1;0;1;0
1015;1;0;0;82070;206;-148;0;1;0;1;0
0;1;0;0;66555;116;461;0;1;0;1;0
0;1;0;0;66555;116;461;0;1;0;1;0
0;1;0;0;74472;111;-441;0;1;0;1;0
1015;1;0;0;87377;60;781;0;1;0;1;0
0;1;0;0;89204;5;227;0;1;0;1;0
-1015;1;?;0;92626;40;546;0;1;0;1;0
-1015;1;?;0;83781;101;541;0;1;0;1;0
-1015;1;?;0;83781;101;541;0;?;0;1;0
1015;1;?;0;81432;123;-215;0;?;0;?;0
0;1;?;0;65946;142;199;0;?;0;?;0
?;1;?;0;71978;154;531;0;?;0;?;0
?;1;?;0;71978;154;531;0;?;0;?;0
?;1;?;0;87783;85;635;0;?;0;?;0
?;1;?;0;72471;-2;216;0;?;0;?;0
?;1;?;0;72471;-2;216;0;?;0;?;0
?;1;?;0;67251;112;315;0;?;0;?;0
?;1;?;0;74936;186;365;0;?;0;?;0
?;1;?;0;74936;186;365;0;?;0;?;0
?;1;?;0;65192;168;866;0;?;0;?;0
?;1;?;0;84448;121;510;0;?;0;?;0
0;1;0;0;70325;155;341;0;?;0;?;0
0;1;0;0;70905;152;401;0;1;0;?;0
0;1;?;0;70905;152;401;0;1;0;?;0
0;1;?;0;?;114;1167;0;1;0;1;0
0;1;?;0;?;-17;672;0;1;0;1;0
0;1;?;0;?;1;530;0;1;0;1;0
0;1;?;0;?;1;530;0;1;0;1;0
0;1;?;0;?;241;499;0;1;?;1;0
0;1;?;0;?;241;499;0;1;?;1;0
0;1;0;0;?;89;401;0;1;?;1;0
0;1;0;0;?;83;387;0;1;?;1;0
0;1;0;0;?;86;407;0;1;?;1;0
0;1;0;0;?;86;407;0;1;0;1;0
0;1;0;0;?;86;399;0;1;0;1;0
0;1;0;0;0;88;399;?;1;0;1;0
0;1;0;0;0;84;393;?;1;0;1;0
0;1;0;0;0;86;387;?;1;0;1;0
0;1;0;0;0;86;387;?;1;0;1;0
0;1;0;0;0;84;403;?;1;0;1;0
0;1;0;0;0;87;393;?;1;0;1;0
0;1;0;0;0;88;390;?;1;0;1;0
0;1;0;0;0;88;390;?;1;0;1;0
0;1;0;0;0;88;390;?;1;0;1;0
0;1;0;0;0;84;385;?;1;0;1;0
0;1;0;0;0;84;385;?;1;0;1;0
0;1;0;0;0;86;389;?;1;0;1;0
0;1;0;0;0;85;411;?;1;0;1;0
0;1;0;0;0;85;411;?;1;0;1;0
0;1;0;0;0;86;385;?;1;0;1;0
0;1;0;0;0;86;409;0;1;0;1;0
0;1;0;0;0;86;384;0;1;0;1;0
-3016;1;0;0;-16414;-73;-541;0;1;0;1;0
-3016;1;0;0;-16414;-73;-541;0;1;0;?;0
0;1;0;0;-72471;-72;-782;0;1;0;1;0
0;1;0;0;-78416;-83;-568;0;1;0;1;0
0;1;0;0;-89407;-3;-680;0;1;0;1;0
-1015;1;0;0;-64032;-255;-499;0;1;0;1;0
-1015;1;0;0;-64032;-255;-499;0;1;0;1;0
-1015;1;0;0;-64032;-255;-499;0;1;0;?;0
0;1;0;0;-73950;-30;-506;0;1;0;?;0
0;1;0;0;-73747;-190;-240;0;1;0;?;0
-1015;1;0;0;-81606;-32;-925;0;1;0;?;0
-1015;1;0;0;-81606;-32;-925;0;1;0;?;0
0;1;0;0;-83404;14;-201;0;1;?;?;0
1015;1;0;0;-97672;-162;-31;0;1;?;?;0
0;1;0;0;-74646;-30;-709;0;1;?;1;0
0;1;0;0;-76212;-142;-84;0;1;?;1;0
0;1;0;0;-76212;-142;-84;0;1;?;1;0
0;1;?;0;-75777;-228;-603;0;?;?;1;0
0;1;?;0;-69368;-53;-634;0;?;?;1;0
1015;1;0;0;-78242;-209;-350;0;?;?;1;0
1015;?;0;0;-78242;-209;-350;0;?;?;1;0
1015;?;0;0;-78242;-209;-350;0;?;?;1;0
-1015;?;0;0;-75081;-104;-565;0;?;?;1;0
0;?;0;0;-92655;34;-479;0;?;0;1;0
0;?;0;0;-72993;-174;106;0;?;0;1;0
0;?;0;0;-80707;27;-97;0;?;0;1;0
0;?;0;0;-102341;-108;-215;0;?;0;1;0
0;?;0;0;-102341;-108;-215;0;?;0;1;0
0;?;0;0;-83752;31;-785;0;?;0;1;0
1015;1;0;0;-91640;26;-530;0;1;0;1;0
0;1;0;0;-83926;-28;117;0;1;0;1;0
0;1;0;0;-83926;-28;117;0;1;0;1;0
-1015;1;0;0;-84042;-63;-179;0;1;0;1;0
1015;1;0;0;-70876;-128;-309;0;1;0;1;0
3016;?;0;0;-38396;-20;296;0;1;0;1;0
3016;?;0;0;-38396;-20;296;0;1;0;1;0
3016;?;0;0;-38396;-20;296;0;1;0;1;0
1015;1;0;0;-21228;53;348;0;1;0;1;0
0;1;0;0;0;6;25;0;1;0;1;0
0;1;0;0;0;4;31;0;1;0;0;1
0;1;0;0;0;5;28;0;1;0;0;1
0;1;0;0;0;5;28;0;1;0;0;1
0;1;0;0;0;7;17;0;1;0;0;1
0;1;0;0;0;3;26;0;1;0;0;1
0;1;0;0;0;5;6;0;1;0;0;?
0;1;0;0;0;6;24;0;1;0;0;?
0;1;0;0;0;6;24;0;1;0;0;?
0;1;0;0;0;5;27;0;1;0;0;?
0;1;0;0;0;3;20;0;1;0;0;?
0;1;0;0;0;6;31;0;1;0;0;?
0;1;0;0;0;6;31;0;1;0;0;?
0;1;0;0;0;6;31;0;1;0;0;1
0;1;0;0;0;6;11;0;1;0;0;1
0;1;0;0;0;7;28;0;1;0;0;1
0;1;0;0;0;3;31;0;1;0;0;1
0;1;0;0;0;6;42;0;1;0;0;1
0;1;0;0;0;3;31;0;1;0;0;1
0;?;0;0;0;3;31;0;1;0;0;1
0;?;0;0;0;6;19;0;1;0;0;1
0;?;0;0;0;6;29;0;1;?;0;1
0;?;0;0;0;6;15;0;1;?;0;1
0;?;0;0;0;6;15;0;1;0;0;1
0;?;0;0;0;8;35;0;1;0;0;1
0;?;0;0;0;10;28;0;1;0;0;1
0;?;0;0;0;6;23;0;1;0;0;1
0;?;0;0;0;5;24;?;1;0;0;1
0;?;0;0;0;5;24;?;1;0;0;1
0;?;0;0;0;5;24;?;1;0;0;1
0;?;0;0;0;5;?;?;1;0;0;1
0;?;0;0;0;4;?;?;1;0;0;1
0;?;0;0;0;5;?;?;1;0;0;1
0;1;0;0;0;7;?;0;1;0;0;1
0;1;0;0;0;7;?;0;1;0;0;1
0;1;0;0;0;7;?;0;1;0;0;1
0;1;0;0;0;3;?;0;1;0;0;1
0;1;0;0;0;7;?;0;1;0;0;1
0;1;0;0;0;7;?;0;1;0;0;1
0;1;0;0;0;5;?;0;1;0;0;1
0;1;0;0;0;3;?;0;1;0;0;1
0;1;0;0;0;3;?;0;1;0;0;1
0;1;?;0;0;3;26;0;1;0;0;1
0;1;?;0;0;3;26;0;1;0;0;1
0;1;?;0;0;5;23;?;1;0;0;1
0;1;?;0;0;3;26;?;1;0;0;1
0;1;?;0;0;5;15;?;1;0;0;1
0;1;?;0;0;3;24;?;1;0;0;1
0;1;?;0;0;3;24;?;1;0;0;1
0;1;?;0;0;4;17;?;1;0;0;1
0;1;?;0;0;7;21;?;1;0;0;1
0;1;?;0;0;3;20;0;1;0;0;1
0;1;?;0;0;3;20;0;1;0;0;1
0;1;?;0;0;5;23;0;1;0;0;1
0;1;0;0;0;3;27;0;1;1;0;1
0;1;0;0;0;8;26;0;1;1;0;1
0;1;1;0;0;5;20;0;1;1;0;1
0;1;1;0;0;5;20;0;1;1;0;1
0;1;1;0;0;3;15;0;1;1;0;1
0;1;1;0;0;3;15;0;1;1;0;?
0;1;1;0;0;3;25;0;1;1;0;1
0;1;1;0;0;4;34;0;0;1;0;1
0;1;1;0;0;4;34;0;0;1;0;1
0;1;?;0;0;4;12;0;0;1;0;1
0;1;?;0;0;3;26;0;0;1;0;1
0;1;?;0;0;5;28;1;0;1;0;1
0;1;?;0;0;3;28;1;0;1;0;1
0;1;?;0;0;3;28;1;0;1;0;1
0;1;0;0;0;5;31;1;0;1;0;1
0;1;0;0;0;5;17;1;0;1;0;1
0;1;0;0;0;4;16;1;0;1;0;1
0;1;0;0;0;4;16;1;0;1;0;1
0;1;0;0;0;4;16;1;0;1;0;1
0;1;0;0;0;3;8;1;0;1;0;1
0;1;0;0;0;6;23;1;0;1;0;?
0;1;0;0;0;3;17;1;0;1;0;?
0;1;0;0;0;5;28;1;0;1;0;?
0;1;0;0;0;5;28;1;0;1;0;?
0;1;0;0;0;5;19;1;0;1;0;?
0;1;0;0;0;3;20;1;0;1;0;?
0;1;0;0;0;6;22;1;0;1;0;?
0;1;0;0;0;6;22;1;0;1;0;?
0;1;0;0;0;3;21;1;0;1;0;?
0;1;0;0;0;4;29;1;0;1;0;?
0;1;0;0;0;5;23;1;0;1;0;?
0;1;0;0;0;5;8;1;0;1;0;?
0;1;0;0;0;5;8;1;0;1;0;?
0;1;0;0;0;5;8;1;0;1;0;?
0;1;0;0;0;3;23;1;0;1;0;?
0;1;0;0;0;?;25;1;0;1;0;?
0;1;0;0;0;?;26;1;0;1;0;?
0;1;0;0;0;?;40;1;0;1;0;?
0;1;0;0;0;?;40;1;0;1;0;?
0;1;0;0;0;?;?;1;0;1;0;1
0;1;0;0;0;?;44;1;0;1;0;1
0;1;0;0;0;?;25;1;0;1;0;1
0;1;0;0;0;?;25;1;0;1;0;1
0;1;0;0;0;?;19;1;0;1;0;1
0;1;0;0;0;?;30;1;0;1;0;1
0;1;0;0;0;4;25;1;0;1;0;1
0;1;0;0;0;7;9;1;0;1;0;1
0;?;0;0;0;?;9;1;0;1;0;1
0;?;0;0;0;?;9;1;0;1;0;1
0;?;0;0;0;?;28;1;0;1;0;1
0;?;0;?;0;?;35;?;0;1;0;1
0;?;0;?;0;?;9;?;0;1;0;1
0;?;0;?;0;?;9;?;0;1;0;1
0;?;0;?;0;?;19;?;0;1;0;1
?;?;0;?;0;?;20;?;?;0;0;1
?;?;0;?;0;7;18;?;?;0;0;1
0;?;0;?;0;4;29;?;?;0;0;1
0;?;0;?;0;4;29;?;?;0;0;1
0;1;0;?;0;3;17;?;?;0;0;1
0;1;0;?;0;5;30;?;?;0;0;1
0;1;0;?;0;3;21;0;?;0;0;1
0;1;0;0;0;3;21;0;0;0;0;1
0;1;0;0;0;?;21;0;0;0;0;1
0;1;0;0;0;?;21;0;0;0;0;1
0;1;0;0;0;?;28;0;0;0;0;1
0;1;0;0;0;?;-61;0;1;0;0;1
1015;1;0;0;-69629;?;-574;0;1;0;0;0
1015;1;0;0;-69629;?;-574;0;1;?;0;0
1015;1;0;0;-56492;?;256;0;1;?;0;0
0;1;0;0;-102370;?;84;0;1;0;0;0
0;1;0;0;-102370;?;84;0;1;0;0;0
0;1;0;0;-82215;?;-282;0;1;0;0;0
-1015;1;0;0;-65627;-179;-710;0;1;0;0;0
0;1;0;0;-76560;-161;-210;0;1;0;0;0
-1015;1;0;0;-91872;34;-202;0;1;0;0;0
-1015;1;0;0;-94482;-30;-795;0;1;0;0;0
-1015;1;0;0;-94482;-30;-795;0;1;0;0;0
0;1;0;0;-68556;-57;-588;0;1;0;0;0
0;1;0;0;-68556;-57;-588;0;1;?;0;0
0;1;?;0;-65888;6;-671;0;1;0;0;0
0;1;?;0;-84448;-56;-616;0;1;0;0;0
0;1;?;0;-84448;-56;-616;0;1;0;0;0
0;1;?;0;-66584;-128;-170;0;1;0;0;0
-1015;1;?;0;-78764;-39;-709;0;1;0;0;0
1015;1;?;0;-93090;-109;258;0;1;0;0;0
0;1;?;0;-74704;2;-176;0;1;0;0;0
0;1;?;0;-74704;2;-176;0;1;0;0;0
0;1;?;0;-70818;-78;-449;0;1;0;0;0
1015;1;?;0;-84332;-104;-136;0;1;0;0;0
1015;1;?;0;-77082;-98;19;0;1;0;0;0
1015;1;?;0;-77082;-98;19;0;1;0;0;0
0;1;?;0;-73805;7;-123;0;1;0;0;0
0;1;?;0;-84013;-105;-14;0;1;0;0;0
0;1;0;0;-66990;-117;342;0;1;0;0;0
0;1;0;0;-66990;-117;342;0;1;0;0;0
-1015;?;0;0;-83839;-61;239;0;1;0;0;0
-1015;?;0;0;-83839;-61;239;0;1;0;0;0
-1015;?;0;0;-74472;-193;-26;0;1;0;0;0
0;?;0;0;-75893;-68;-24;0;1;0;0;0
0;?;0;0;-89668;-113;-62;0;1;0;0;0
0;?;0;0;-89668;-113;-62;0;1;0;0;0
0;?;0;0;-84825;-135;42;0;1;0;0;0
0;?;0;0;-84825;-173;-662;0;1;0;0;0
?;?;0;0;-65105;-175;-751;0;1;0;0;0
?;?;0;0;-76850;-7;-267;0;1;0;0;0
?;?;0;0;-76850;-7;-267;0;1;0;0;0
?;?;0;0;-76850;-7;-267;0;1;0;0;0
?;?;0;0;-85579;-36;-161;0;1;0;0;0
?;1;0;0;-81026;-165;-381;0;1;0;0;0
?;1;0;0;-51011;-143;-789;0;1;0;0;0
?;1;0;0;-66236;-38;-354;0;1;0;0;0
?;1;0;0;-66236;-38;-354;0;1;0;0;0
?;1;0;0;-68962;-180;-54;0;1;0;0;0
?;1;0;0;-73428;-177;-163;0;1;0;0;0
?;1;0;0;-84796;-58;-63;0;1;0;0;0
?;1;0;0;-84796;-58;-63;0;1;0;0;0
?;1;0;0;-76212;-225;-404;0;1;0;0;0
?;1;0;0;-66178;-9;?;0;1;0;0;0
?;1;0;0;-81316;-147;?;0;1;0;0;0
?;1;0;0;-82157;-171;?;0;1;0;0;0
?;1;0;0;-82157;-171;?;0;1;0;0;0
?;1;0;0;-83752;-45;-417;0;1;0;?;0
?;1;0;0;-83752;-45;-417;0;1;0;?;0
?;1;0;0;-86072;-173;-377;0;1;0;?;0
?;1;0;0;-85695;-244;-950;0;1;0;?;0
?;1;0;0;-85695;-244;-950;0;1;0;?;0
?;1;0;0;-90045;-25;-465;0;1;0;?;0
1015;1;0;0;-84071;-26;-62;0;1;0;?;0
1015;1;0;0;-75371;-148;-470;0;1;0;?;0
0;1;0;0;5075;0;-737;0;1;0;0;0
0;1;0;0;5075;0;-737;0;1;0;0;0
0;1;0;0;0;-36;-177;0;1;0;0;0
0;1;0;0;0;-43;-172;0;1;0;0;0
0;1;0;0;0;-40;-177;0;1;0;1;0
0;1;0;0;0;-40;-177;0;1;0;1;0
0;1;0;0;0;-39;-172;0;1;0;1;0
0;1;0;0;0;-39;-172;0;1;0;1;0
0;1;0;0;0;-38;-180;0;1;0;1;0
0;1;0;0;0;-39;-182;0;?;0;1;0
0;1;0;0;0;-38;-178;0;?;0;1;0
0;1;0;0;0;-38;-178;0;?;0;1;0
0;1;0;0;0;-40;-184;0;?;0;1;0
0;1;0;0;0;-37;-190;0;?;0;1;0
0;1;0;0;0;-39;-182;0;?;0;1;0
0;1;0;0;0;-37;?;0;?;0;1;0
0;1;0;0;0;-37;-179;0;1;0;1;?
0;1;0;0;0;-40;-185;0;1;0;1;?
0;1;0;0;0;-37;-172;0;1;0;1;?
0;1;0;0;0;-39;-173;0;1;0;1;?
0;1;0;0;0;-36;-179;0;1;0;1;?
0;1;0;0;0;-36;-179;0;1;0;1;?
0;1;0;0;0;-36;-179;0;1;0;1;?
0;1;0;0;0;?;-175;0;1;0;1;0
0;1;0;0;?;?;-185;0;1;0;1;0
0;1;0;0;?;?;-189;0;1;0;1;0
0;1;0;0;?;?;-189;0;1;0;1;0
0;1;0;0;?;?;-167;0;1;0;1;0
0;1;0;0;?;?;938;0;1;0;1;0
0;1;0;0;?;?;735;0;1;0;1;0
0;1;0;0;?;?;1181;0;1;0;1;0
0;1;0;0;77082;?;1181;0;1;0;1;0
0;1;0;0;75110;?;481;0;1;0;1;0
0;1;0;0;83172;?;328;0;1;0;1;0
1015;1;0;0;66120;?;696;0;1;0;1;0
1015;1;0;0;66120;?;?;0;1;0;1;0
0;1;0;0;65511;?;?;0;1;0;1;0
1015;1;0;0;71369;?;?;0;1;0;1;0
1015;1;0;0;71369;154;?;0;1;0;1;0
0;1;0;0;85202;31;?;0;1;0;1;0
0;1;0;0;78155;57;?;0;1;0;1;0
0;1;0;0;78155;57;?;0;1;0;1;0
1015;1;0;0;86507;115;?;0;1;0;1;0
0;1;0;0;85144;115;?;0;1;0;1;0
0;1;0;0;64960;27;?;0;1;0;1;0
0;1;0;0;64960;27;?;0;1;0;1;0
1015;1;0;0;94540;172;?;0;1;0;1;0
0;1;0;0;78532;58;198;0;1;0;1;0
1015;1;0;0;66700;-16;657;0;1;0;1;0
-1015;1;0;0;74124;48;-65;0;1;0;1;0
-1015;1;0;0;74124;48;-65;0;1;0;1;0
-1015;1;0;0;74124;48;-65;0;1;0;1;0
-1015;1;0;0;89668;53;256;0;1;0;1;0
0;1;0;0;94888;128;710;0;1;0;1;0
0;1;0;0;85376;153;475;0;1;0;?;0
-1015;1;0;0;74008;77;133;0;1;0;?;0
-1015;1;0;0;74008;77;133;0;1;0;1;0
0;1;0;0;82360;17;304;0;1;0;1;0
1015;1;0;?;86188;26;522;0;1;0;1;0
-1015;1;0;?;75255;80;1129;0;1;0;1;0
-1015;1;0;?;75255;80;1129;0;1;0;1;0
1015;1;0;?;54230;105;767;0;1;0;1;0
0;1;0;?;81867;9;598;0;1;0;1;0
1015;1;0;?;94511;150;781;0;1;0;1;0
1015;1;0;?;94511;150;781;0;1;0;1;0
0;1;?;?;80098;20;753;0;1;?;1;0
0;1;?;?;80098;20;753;0;1;?;1;0
1015;1;?;?;99499;56;651;0;1;?;1;0
0;1;?;?;81606;175;277;0;1;0;1;0
0;1;?;?;74501;-30;224;0;1;0;1;0
0;1;?;?;74501;-30;224;0;1;0;1;0
1015;1;?;0;65076;22;144;0;1;0;1;0
-1015;1;?;0;71485;73;612;0;1;0;1;0
0;1;?;0;61132;47;560;0;1;0;1;0
0;1;?;0;98020;-8;69;0;1;0;1;0
0;1;?;0;98020;-8;69;0;1;0;1;0
0;1;?;0;83346;109;706;0;1;0;1;0
0;1;?;0;94685;29;-427;0;1;0;1;0
0;1;?;0;67425;20;699;0;1;0;1;0
0;1;0;0;67425;20;699;0;1;0;1;0
0;1;0;0;67425;20;699;0;1;0;1;0
0;1;0;0;90248;3;293;0;1;0;1;0
0;1;0;0;89784;?;15;0;1;0;1;0
1015;1;0;0;62814;?;143;0;1;0;1;0
0;1;0;0;56115;?;630;0;1;0;1;0
0;1;0;0;56115;?;630;0;1;0;1;0
1015;1;0;0;74095;?;69;0;1;0;1;0
1015;1;0;0;79112;?;-2;0;1;0;1;0
0;1;0;0;76183;?;457;0;1;0;1;0
0;1;0;0;75893;?;475;0;1;0;1;0
0;1;0;?;75893;?;475;0;1;0;1;0
0;1;0;?;89117;?;-44;0;1;0;1;0
0;1;0;?;96425;?;242;0;1;0;1;0
0;1;0;?;96425;?;242;0;1;0;1;0
0;1;0;?;81896;?;194;0;1;0;1;0
0;1;0;?;81896;73;194;0;1;0;1;0
0;1;0;?;90973;13;725;0;1;0;1;0
-1015;1;0;?;91321;161;520;0;1;0;1;0
-1015;1;0;?;84651;184;141;0;1;0;1;0
0;1;0;0;100775;50;590;0;1;0;1;0
-1015;1;0;0;64467;41;-208;0;1;0;1;0
-1015;1;0;0;64467;41;-208;0;1;0;1;0
-1015;1;0;0;89030;141;-315;0;1;0;1;0
1015;1;0;0;93322;120;578;0;1;0;1;0
0;1;0;0;90190;81;-8;0;1;0;1;0
0;1;0;0;70673;98;625;0;1;0;1;0
0;1;0;0;70673;98;625;0;1;0;1;0
0;1;0;0;70673;?;625;0;1;0;1;?
0;1;0;0;73341;?;428;0;1;0;1;?
0;1;0;0;82824;?;1138;0;1;0;1;?
-1015;1;0;0;91727;?;246;0;1;0;1;?
-1015;1;0;0;91727;?;246;0;1;0;1;?
-1015;1;0;0;81925;?;436;0;1;0;1;?
1015;1;0;0;76096;?;284;0;1;0;1;0
1015;1;0;0;76096;?;284;0;1;0;1;0
0;1;0;0;57333;?;431;0;1;0;1;0
0;1;0;0;57333;171;431;0;1;0;1;0
0;1;0;0;73196;13;171;0;1;?;1;0
-1015;1;0;0;82708;134;978;0;1;?;1;0
-1015;1;0;0;82708;134;978;0;1;?;1;0
0;1;0;0;85173;244;726;0;1;?;1;0
0;1;0;0;66787;204;528;0;1;?;1;0
0;1;0;0;66787;204;528;0;1;?;1;0
0;1;0;0;72761;194;650;0;1;?;1;0
0;1;0;0;90712;214;224;0;1;?;1;0
-2001;1;0;0;43471;145;801;0;1;?;1;0
-2001;1;0;0;43471;145;801;0;1;?;1;0
0;1;0;0;0;170;508;0;1;0;1;0
0;1;0;0;0;84;376;0;1;0;1;0
0;1;0;0;0;83;366;0;1;0;1;0
0;1;0;0;0;79;372;0;1;0;1;0
0;1;0;0;0;79;372;0;1;0;1;0
?;1;0;0;0;82;364;0;1;0;1;0
?;1;0;0;0;84;366;0;1;0;1;0
?;1;0;0;0;84;366;0;1;0;1;0
?;1;0;0;0;82;376;0;1;0;1;0
?;1;0;0;0;80;389;0;1;0;1;0
?;1;0;0;0;80;389;0;1;0;1;0
?;1;0;0;0;?;373;0;1;0;1;0
?;1;0;0;0;?;364;0;1;0;1;0
?;1;0;0;0;?;372;0;1;0;1;0
?;1;0;0;0;?;372;0;1;0;1;0
0;1;0;0;0;?;370;0;1;0;1;0
0;1;0;0;0;?;364;0;1;0;1;0
0;1;0;0;0;?;374;0;1;0;1;0
0;1;0;0;0;?;368;0;1;0;1;0
0;1;0;0;0;?;368;0;1;0;1;0
0;1;0;0;0;?;385;0;1;0;1;0
0;1;0;0;0;?;378;?;1;0;1;0
0;1;0;0;?;?;368;?;1;0;1;0
0;1;0;0;?;83;368;?;1;0;1;0
0;1;0;0;?;83;368;?;1;0;1;0
-986;1;0;0;?;-86;-1120;?;1;0;1;0
0;1;0;0;?;-67;-907;?;1;0;1;0
?;1;0;0;?;-254;-134;?;1;0;1;0
?;1;0;0;?;-193;-5;0;1;0;1;0
?;1;0;0;?;-193;?;0;1;0;1;0
?;1;0;0;?;?;?;0;1;0;1;0
?;1;0;0;?;?;?;0;1;0;1;0
?;1;0;0;?;?;?;0;1;0;1;0
?;1;0;0;?;-19;?;0;1;0;1;0
?;1;0;0;-95178;-150;-293;0;1;0;1;0
-1015;1;0;0;-82360;-184;106;0;1;0;1;0
0;1;0;0;-84361;-148;271;0;1;0;1;0
0;1;0;0;-100253;-235;-289;0;1;0;1;0
0;1;0;0;-100253;-235;-289;0;1;0;1;0
0;1;0;0;-100253;-235;-289;0;1;0;1;0
0;1;0;0;-71775;-230;-278;0;1;0;1;0
1015;1;0;0;-70296;-54;13;?;1;0;1;0
0;1;0;0;-61712;-133;49;?;1;0;1;0
0;1;0;0;-61712;-133;49;?;1;0;1;0
0;1;0;0;-94656;-218;-710;?;1;0;1;0
0;1;0;?;-73399;41;-612;?;1;0;1;0
0;1;0;?;-59392;45;24;0;1;0;1;0
1015;1;0;?;-89668;7;-72;0;1;0;1;0
1015;1;0;?;-89668;7;-72;0;1;0;1;0
0;1;0;?;-91611;65;-367;0;1;0;1;0
1015;1;0;0;-75168;-94;-33;0;1;0;1;0
1015;1;0;0;-75168;-94;-33;0;1;0;1;0
0;1;0;0;-73080;-21;-137;0;1;0;1;0
0;1;0;0;-75748;5;-140;0;1;0;1;0
0;1;0;0;-75748;5;-140;0;1;0;1;0
1015;1;0;0;-75574;-110;102;0;1;0;1;0
0;1;0;0;-65192;-148;-740;0;1;0;1;?
0;1;0;0;-99412;-113;-433;0;1;0;1;?
0;1;0;0;-99412;-113;-433;0;1;0;1;?
2001;1;0;0;-5742;57;-644;0;1;0;1;?
0;1;0;0;0;6;53;0;1;0;1;?
0;1;0;0;0;5;23;0;1;0;1;?
0;1;0;0;0;6;26;0;1;0;0;?
0;1;?;0;0;6;26;0;1;0;0;?
0;1;?;0;0;5;22;0;1;0;0;?
0;1;?;0;0;5;22;0;1;0;0;?
0;1;?;0;0;6;42;0;1;0;0;?
0;1;?;0;0;4;26;0;1;0;0;?
0;1;?;0;0;4;26;0;1;0;0;?
0;1;?;0;0;6;20;0;1;0;0;?
0;1;?;0;0;7;34;0;1;0;0;1
0;1;?;0;0;9;26;0;1;?;0;1
0;1;?;0;0;4;31;0;1;?;0;1
0;1;?;0;0;4;31;0;1;?;0;1
0;1;0;0;0;5;18;0;1;?;0;1
0;1;0;0;0;6;?;0;1;?;0;1
0;1;0;0;0;7;?;0;1;0;0;?
?;1;0;0;0;7;?;0;1;0;?;?
?;1;0;0;0;7;?;0;1;0;?;?
?;1;0;0;0;6;?;0;1;0;?;?
?;1;0;0;0;6;?;0;1;0;?;?
?;1;0;0;0;4;?;0;1;0;?;?
?;1;0;0;0;3;?;0;1;0;?;1
?;?;0;0;0;3;?;0;1;0;?;1
?;?;0;0;0;7;?;0;1;0;?;1
?;?;0;0;0;6;27;0;1;0;?;1
?;1;0;0;0;?;30;0;1;0;?;1
0;1;0;0;0;2;30;0;1;0;?;1
0;1;0;0;0;3;37;0;1;0;?;1
0;1;0;0;0;6;47;0;1;0;?;1
0;1;0;0;0;8;30;0;1;0;0;1
0;1;0;0;0;6;35;0;1;0;0;1
0;1;0;0;0;6;35;0;1;0;0;1
0;1;0;0;0;0;30;0;1;0;0;1
0;1;0;0;0;0;30;0;1;0;0;1
0;1;0;0;0;8;22;0;1;0;0;1
0;1;0;0;0;7;34;0;1;0;0;1
0;1;0;0;0;4;26;0;1;0;0;1
0;1;0;0;0;4;26;0;1;0;0;1
0;1;0;0;0;3;35;0;1;0;0;1
0;1;0;0;0;6;30;0;1;0;0;1
0;1;0;0;0;2;26;0;1;0;0;1
0;1;0;0;0;7;31;0;1;0;0;1
0;1;0;0;0;7;31;0;1;0;0;1
0;1;0;0;0;6;34;0;1;0;0;1
0;1;0;0;0;3;15;0;1;0;0;1
0;1;0;0;0;6;21;0;1;0;0;1
0;1;0;0;0;6;21;0;1;0;0;1
0;1;0;0;0;6;21;0;1;0;0;1
0;1;0;0;0;5;30;0;1;?;0;1
0;1;0;0;0;4;35;0;1;?;0;?
0;1;1;0;0;5;23;0;1;?;0;?
0;1;1;0;0;7;17;0;1;?;0;1
0;1;1;0;0;7;17;?;1;?;0;1
0;1;1;0;0;4;27;?;0;?;0;1
0;1;1;0;0;7;45;?;0;?;0;1
0;1;1;0;0;1;27;?;0;?;0;1
0;1;1;0;0;1;27;?;0;?;0;1
0;1;1;0;0;7;21;?;0;?;0;1
0;1;0;0;0;4;44;?;0;?;0;1
0;1;0;0;0;5;17;?;0;?;0;1
0;1;0;0;0;4;31;?;0;?;0;1
0;1;0;0;0;4;31;1;0;1;0;1
0;1;0;0;0;4;31;1;0;1;0;1
0;1;0;0;0;6;26;1;0;1;0;1
0;?;0;0;0;7;35;1;0;1;0;1
0;?;0;0;0;5;35;1;0;1;0;1
0;1;0;0;0;5;13;1;0;1;0;1
0;1;0;0;?;5;13;1;0;1;0;1
0;1;0;0;?;7;35;1;0;1;0;1
0;1;0;0;?;3;35;1;0;1;0;1
0;1;0;0;?;6;34;1;0;1;0;1
0;1;0;0;?;6;34;1;0;1;0;1
0;1;0;0;?;5;17;1;0;1;0;1
0;1;0;0;?;6;32;1;0;1;0;1
0;1;0;0;?;5;27;1;0;1;0;1
0;1;0;0;?;5;27;1;0;1;0;1
0;1;0;0;?;6;32;1;0;1;0;1
0;1;0;0;?;3;35;1;0;1;0;1
0;1;0;0;0;3;35;1;0;1;0;1
0;1;0;0;0;8;8;1;0;1;0;1
0;1;0;0;0;3;30;1;0;1;0;1
0;1;0;0;0;3;30;1;0;1;0;1
0;1;0;?;0;4;30;1;0;1;0;1
0;1;0;?;0;5;17;1;0;1;0;1
0;1;0;?;0;6;13;1;0;1;0;1
0;1;0;?;0;6;13;1;0;1;0;1
0;1;0;?;0;7;34;1;0;1;0;1
0;1;0;?;0;6;27;1;0;1;0;1
0;1;0;?;0;7;31;1;0;1;0;1
0;1;0;?;0;7;28;1;0;1;0;1
0;1;0;0;0;7;28;1;0;1;0;1
0;1;0;0;0;7;22;1;0;1;0;1
0;1;0;0;0;9;32;1;?;1;0;1
0;1;0;0;0;9;32;1;?;1;0;1
0;1;0;0;0;8;31;1;?;1;0;1
0;1;0;0;0;8;31;1;?;1;0;1
0;1;0;0;0;7;28;1;?;1;0;1
0;1;0;0;0;4;21;1;?;1;0;1
0;1;0;0;0;6;12;1;0;1;0;1
0;1;0;0;0;5;31;1;0;1;0;1
0;1;0;0;0;5;31;1;0;1;0;1
0;1;0;0;0;6;31;1;0;0;0;1
0;1;0;0;0;5;27;1;0;0;0;1
0;1;0;0;0;4;35;1;0;0;0;1
0;?;0;0;0;9;53;1;0;0;0;1
0;?;0;0;0;9;53;1;0;0;0;1
0;?;0;0;0;2;29;1;0;0;0;1
0;?;0;0;0;5;23;1;0;0;0;1
0;?;0;0;0;5;23;1;0;0;0;1
0;?;0;0;0;7;26;0;0;0;0;1
0;?;0;0;0;7;26;0;0;0;0;1
0;1;0;0;0;6;17;0;0;0;0;1
0;1;0;0;0;6;42;0;0;0;0;1
-2001;1;0;0;-26071;-56;-325;0;1;0;0;1
-2001;1;0;0;-26071;-56;-325;0;1;0;0;1
0;1;0;0;-71804;-103;-635;0;1;0;0;0
-1015;1;0;0;-92684;-41;-377;0;1;0;0;0
0;1;0;0;-72790;-29;-341;0;1;0;0;0
?;1;0;0;-61248;-73;-790;0;1;0;0;0
?;1;0;0;-61248;-73;-790;0;1;0;0;0
?;1;0;0;-102718;?;-90;0;1;0;0;0
?;1;0;0;-102718;?;-90;0;1;0;0;0
?;?;0;0;-97353;?;-451;0;1;0;0;0
?;?;0;0;-82012;?;126;0;1;0;0;0
?;1;0;0;-87203;-34;-379;0;1;0;0;0
?;1;0;0;-87203;-34;-379;0;1;0;0;0
?;1;0;0;-66091;-116;-637;0;1;0;0;0
?;1;0;0;-81693;-89;-411;0;1;0;0;0
?;1;0;0;-65192;-46;-402;0;1;0;0;0
?;1;0;0;-75197;-150;140;0;1;0;0;0
?;1;0;0;-75197;-150;140;0;1;0;0;0
?;1;0;0;-68034;-156;-425;0;1;0;0;0
0;1;0;0;-66468;-54;-521;0;1;0;0;0
0;1;0;0;-79489;-78;-305;0;1;0;0;0
0;1;0;0;-79489;-78;-305;0;1;0;0;0
0;1;0;0;-96483;24;-628;0;1;0;0;0
0;1;0;0;-96483;24;-628;0;1;0;0;0
0;1;0;0;-69194;1;-523;0;1;0;0;0
0;1;0;0;-69194;1;-523;0;1;?;0;0
0;1;0;0;-90306;-134;-756;0;1;?;0;0
0;1;0;0;-90306;-134;-756;0;1;0;0;0
0;1;0;0;-70615;-22;-791;0;1;0;0;0
2030;1;0;0;-85869;-245;34;0;1;0;0;0
0;1;0;0;-57971;-221;-273;0;1;0;0;0
1015;1;0;0;-65279;-117;-196;0;1;0;0;0
1015;1;0;0;-65279;-117;-196;?;1;0;0;0
-1015;1;0;0;-90741;-83;-232;?;1;0;0;0
-1015;1;0;0;-81200;-168;-393;?;1;0;0;0
0;1;0;0;-102341;31;-526;?;1;0;0;0
1015;1;?;0;-84042;-62;-887;?;1;0;0;0
1015;1;?;0;-84042;-62;-887;?;1;0;0;0
0;1;?;0;-84216;-30;-204;?;1;0;0;0
0;1;0;0;-84216;-30;-204;0;1;0;0;0
0;1;0;0;-74936;-134;-341;0;1;0;0;0
0;1;0;0;-81229;-61;-66;0;1;0;0;0
0;1;0;0;-81229;-61;-66;0;1;0;0;0
0;1;0;0;-68701;-49;36;0;1;0;0;0
-1015;1;0;0;-54839;-62;-328;0;1;0;0;0
1015;1;0;0;-85985;-187;-576;0;1;0;0;0
0;1;0;0;-67338;-155;-534;0;1;0;0;0
0;1;0;0;-67338;-155;-534;0;1;0;0;0
0;1;0;0;-65395;26;-548;0;1;0;0;0
-1015;1;0;0;-89291;-186;-6;0;1;0;0;0
1015;1;0;0;-90248;-15;12;0;1;0;0;0
?;1;0;0;-90248;-15;12;0;1;0;0;0
?;1;0;0;-81026;-178;-136;0;1;0;0;0
-1015;1;0;0;-81026;-178;-136;0;1;0;0;0
0;1;0;0;-71427;-83;-625;0;1;0;0;0
0;1;0;0;-75864;-165;-334;0;1;0;0;0
0;1;0;0;-69339;-193;-1050;0;1;0;0;0
0;1;0;0;-69339;-193;-1050;0;1;0;0;0
-1015;1;0;0;-83462;-196;-328;0;1;0;0;0
0;1;0;0;-71253;-192;-417;0;1;0;0;0
0;1;0;0;-73515;-105;-786;0;1;0;0;0
1015;1;0;0;-76850;-111;-328;0;1;0;0;0
1015;1;0;0;-76850;-111;-328;?;1;0;0;0
0;1;0;0;-72645;-115;-541;?;1;0;0;0
0;1;0;0;-4495;-180;-164;?;1;0;0;0
0;?;0;0;-4495;-180;-164;?;1;0;0;0
0;?;0;0;0;-36;-168;?;1;0;0;0
0;?;0;0;0;-36;-173;?;1;0;0;0
0;1;0;0;0;-36;-173;?;1;0;0;0
0;1;0;0;0;-37;-169;?;1;0;1;0
0;1;0;0;0;-36;-171;?;1;0;1;0
0;1;0;0;0;-39;-168;?;1;0;1;0
0;1;0;0;0;-39;-168;?;1;0;1;0
0;1;0;0;0;-36;-167;?;1;0;1;0
0;1;0;0;0;-39;-161;?;1;0;1;0
0;1;0;0;0;-40;-165;?;1;0;1;0
0;1;0;0;0;-40;-165;?;1;0;1;0
0;1;0;0;0;-36;-169;?;1;0;1;0
0;1;0;0;0;-37;-175;?;1;0;1;0
0;1;0;0;0;-34;-160;?;1;0;1;0
0;1;0;0;0;-40;-175;?;1;0;1;0
0;1;0;0;0;-40;-175;0;1;0;1;0
0;1;0;0;0;-40;-175;0;1;0;1;0
0;1;0;0;0;-36;-169;0;1;0;1;0
0;1;0;0;0;-38;-164;0;1;0;1;0
0;1;0;0;0;-38;-182;0;1;0;1;0
0;1;0;0;0;-35;-179;0;1;0;1;0
0;1;0;0;0;-35;-179;0;1;0;1;0
0;1;0;0;0;-40;-178;0;1;0;1;0
0;1;0;0;0;-37;-174;0;1;0;1;0
0;1;0;0;0;-28;-177;0;1;0;1;0
0;1;0;0;0;-28;-177;0;1;0;1;0
1015;1;0;0;82447;195;1150;0;1;0;1;0
0;1;0;0;85956;112;63;0;1;0;1;0
0;1;0;0;89117;166;917;0;1;0;1;0
0;1;0;0;82186;209;107;0;1;0;1;0
0;1;0;0;82186;209;107;0;1;0;1;0
0;1;0;0;82186;209;107;0;1;0;1;0
-1015;1;0;0;90045;110;433;0;1;0;1;0
1015;1;0;0;86478;225;52;0;1;0;1;0
0;1;0;0;72587;179;425;0;1;0;1;0
0;1;0;0;72587;179;425;0;1;0;1;0
0;1;0;0;74588;148;543;0;1;0;1;0
0;1;0;0;82360;127;521;0;1;0;1;0
0;1;0;0;71775;74;541;0;1;0;1;0
0;1;0;0;59537;72;?;0;1;0;1;0
0;1;0;0;59537;72;?;0;1;0;1;0
-1015;1;0;0;82476;55;?;0;1;0;1;0
0;1;0;0;81693;158;?;0;1;0;1;0
?;1;0;0;87696;139;?;0;1;0;1;0
?;1;0;0;87696;139;?;0;1;0;1;0
?;1;0;0;89581;-48;?;?;1;0;1;0
?;1;0;0;89581;-48;?;?;1;0;1;0
?;1;0;0;97324;155;?;?;1;0;1;0
0;1;0;0;88653;77;?;?;1;0;1;0
1015;1;0;0;75342;30;-37;?;1;0;1;0
1015;1;0;0;75342;30;-37;?;1;0;1;0
0;1;0;0;73863;0;-21;?;1;0;1;0
0;1;0;0;91988;24;311;?;1;0;1;0
0;1;0;0;95439;28;716;?;1;0;1;0
0;1;0;0;95439;28;716;?;1;0;1;0
0;1;0;0;72732;130;305;?;1;0;1;0
0;1;0;0;57536;142;-202;0;1;0;1;0
0;1;0;0;57536;142;-202;0;1;0;1;0
0;1;0;0;71717;162;185;0;1;0;1;0
0;1;0;0;72935;62;57;0;1;0;1;0
0;1;0;0;83723;111;304;0;1;0;1;0
0;1;0;0;83723;111;304;0;1;0;1;0
0;1;0;0;85608;212;98;?;1;0;1;0
1015;1;0;0;89581;-35;746;?;1;0;1;0
0;1;0;0;56173;112;619;?;1;0;1;0
0;1;0;0;56173;112;619;?;1;0;1;0
0;1;0;0;90712;115;652;?;1;0;1;0
1015;?;0;0;86246;197;-88;?;1;0;1;0
0;?;0;0;82012;58;849;?;1;0;1;0
0;?;0;0;65163;17;371;0;1;0;1;0
0;?;0;0;65163;17;371;0;1;0;1;0
1015;?;0;0;78068;179;707;0;1;0;1;0
1015;?;0;0;78068;179;707;0;1;0;1;0
0;?;0;0;63278;201;838;0;?;0;1;0
0;?;0;0;87522;204;-35;0;?;0;1;0
0;?;0;0;87522;204;-35;0;?;0;1;?
0;?;0;0;99528;-10;479;0;1;0;1;?
0;?;0;0;100572;97;32;0;1;0;1;?
0;1;0;0;66294;-49;736;0;1;0;1;?
0;1;0;0;83810;12;118;0;1;0;1;?
0;1;0;0;83810;12;118;0;1;0;1;?
0;1;0;0;70992;161;738;0;1;0;1;?
0;1;0;0;87348;35;-371;0;1;0;1;?
-1015;1;0;0;96019;68;-508;0;1;0;1;?
-1015;1;0;0;96019;68;-508;0;1;0;1;0
1015;1;0;0;87348;174;42;0;1;0;1;0
?;1;0;0;64612;51;183;0;1;0;1;0
?;1;0;0;64612;51;183;0;1;0;1;0
?;1;0;0;57942;-44;600;0;1;0;1;0
?;1;0;0;93206;15;157;0;1;0;1;0
1015;1;0;0;93206;15;157;0;1;0;1;0
0;1;0;0;65540;?;11;0;1;?;1;0
0;1;0;0;69658;?;117;0;1;?;1;0
1015;1;0;0;100427;?;603;0;1;?;1;?
0;1;0;0;70441;?;352;0;1;?;1;?
0;1;0;0;70441;?;?;0;1;0;1;?
1015;1;0;?;93757;?;?;0;1;0;1;?
0;1;0;?;69977;?;?;0;1;0;1;?
0;1;0;?;93380;?;?;0;1;0;1;?
?;1;0;?;93380;?;?;0;1;0;1;?
?;1;0;?;93960;-7;?;0;1;0;1;?
?;1;0;?;70876;179;?;0;1;0;1;?
?;1;0;?;61828;113;?;0;1;0;1;0
?;1;0;?;61828;113;?;0;1;0;1;0
?;1;0;?;61828;113;?;0;1;0;1;0
?;1;0;?;82012;164;?;0;1;0;1;0
-1015;1;0;?;90219;27;631;0;1;0;1;0
-1015;1;0;?;100137;109;440;0;1;?;1;0
1015;1;?;0;66555;79;759;0;1;?;1;0
1015;1;?;0;66555;79;759;0;1;?;1;0
0;1;?;0;68266;152;844;0;1;0;1;0
1015;1;?;0;76154;54;707;0;1;0;1;0
1015;1;?;0;83288;150;615;0;1;0;1;0
1015;1;0;0;83288;150;615;0;1;0;1;0
0;1;0;0;90625;35;4;0;1;0;1;0
1015;1;0;0;78416;74;181;0;1;0;1;0
0;1;0;0;95352;162;393;0;1;0;1;0
0;1;0;0;83114;85;790;0;1;0;1;0
0;1;0;0;83114;85;790;0;1;?;1;0
0;1;0;0;83114;85;790;0;1;?;1;0
0;1;0;0;78358;84;284;0;1;?;1;0
-1015;1;0;0;93293;225;467;0;1;?;1;0
0;1;0;0;90886;185;691;0;1;?;1;0
-2001;1;0;0;40774;97;826;0;1;?;1;0
-2001;1;0;0;40774;97;826;0;1;?;1;0
0;1;0;0;0;70;315;0;1;?;1;0
0;1;0;0;0;70;317;0;1;?;1;0
0;1;0;0;0;69;313;0;1;?;1;0
0;1;0;0;0;69;313;0;1;?;1;0
0;1;0;0;0;69;319;0;1;?;1;0
0;1;0;0;0;70;309;0;1;?;1;0
0;1;0;0;0;71;313;0;1;?;1;0
0;1;0;0;0;69;329;0;1;0;1;0
0;1;0;0;0;69;329;0;1;0;1;0
0;1;0;0;0;69;329;0;1;0;1;0
0;1;0;0;0;71;305;0;1;0;1;?
0;1;0;0;0;67;309;0;1;0;1;?
0;1;0;0;0;71;307;0;1;0;1;?
0;1;0;0;0;71;307;0;1;0;1;?
0;1;0;0;0;69;309;0;1;0;1;0
0;1;0;0;0;74;309;0;1;0;1;0
0;1;0;0;0;69;336;0;1;0;1;0
0;1;0;0;0;69;336;0;1;0;1;0
0;1;0;0;0;73;313;0;1;0;1;0
0;1;?;0;0;71;311;0;1;0;1;0
0;1;?;0;0;68;315;0;1;0;1;0
0;1;?;0;0;69;317;0;1;0;1;0
0;1;?;0;0;69;317;0;1;0;1;0
0;1;?;0;0;-142;307;0;1;0;1;0
0;1;?;0;0;-142;307;0;1;0;1;0
0;1;?;0;-66091;-70;?;0;1;0;1;0
0;1;?;0;-81461;-102;?;0;?;0;1;0
0;1;?;0;-70992;4;?;0;?;0;1;0
0;1;?;0;-86275;-133;?;0;?;0;1;0
0;1;0;0;-86275;-133;?;0;1;0;1;0
-1015;1;0;0;-100369;-146;?;0;1;0;1;0
0;1;0;0;-82708;-155;?;0;1;0;1;0
-1015;1;0;0;-87290;-75;?;0;1;0;1;0
-1015;1;0;0;-87290;-75;?;0;1;0;1;0
0;1;0;0;-89639;-73;?;0;1;0;1;0
0;1;0;0;-74240;-41;?;0;1;0;1;0
0;?;0;0;-74240;-41;?;0;1;0;1;0
0;?;0;0;-80272;-143;?;0;1;0;1;0
1015;?;0;?;-71746;-75;?;0;1;0;1;?
1015;1;0;?;-71746;-75;?;0;1;?;1;?
?;1;0;?;-89030;-78;?;0;1;?;1;?
?;1;0;?;-76038;-244;-179;0;1;?;1;?
?;1;0;?;-89291;-80;-597;0;1;0;1;?
?;1;0;?;-97875;-232;-599;0;1;0;1;?
?;1;0;?;-97875;-232;-599;0;1;0;1;?
?;1;0;?;-67512;-54;-278;0;1;0;1;?
?;1;0;?;-63771;-37;-368;0;1;0;1;0
?;?;0;?;-85637;-89;-538;0;1;0;1;0
?;?;0;?;-72355;-194;160;0;1;0;1;0
?;?;0;?;-72355;-194;160;0;1;0;1;0
?;?;0;0;-72355;-194;160;0;1;0;1;0
?;?;0;0;-73283;-121;222;0;1;0;1;0
?;?;0;0;-97092;-83;-106;0;1;0;1;0
0;?;0;0;-74240;-105;30;0;1;0;1;0
0;?;0;0;-74240;-105;30;0;1;0;1;0
0;?;0;0;-75168;-163;-697;0;1;0;1;0
0;?;0;0;-92104;-37;-483;0;1;0;1;0
0;?;0;0;-77546;-33;-153;0;1;0;1;0
0;?;0;0;-65685;-36;-600;0;1;0;1;0
0;?;0;0;-65685;-36;-600;0;?;0;1;0
0;1;0;0;-64989;54;88;0;?;0;1;0
0;1;0;0;-75284;-44;-747;0;?;0;1;0
0;1;0;0;-95642;-26;-300;0;1;0;?;0
0;1;0;0;-95642;-26;-300;0;1;0;?;0
1015;1;0;0;-82969;-199;?;0;1;?;?;0
1015;1;0;0;-85956;87;?;0;1;?;?;0
1015;1;0;0;-85956;87;?;0;1;?;?;0
1015;1;0;0;-92742;-180;?;0;1;?;?;0
-1015;1;0;0;-84477;-190;?;0;1;?;?;0
-1015;1;0;0;-84477;-190;?;0;1;?;?;0
0;1;0;0;-82476;-2;?;0;1;0;?;0
0;1;0;0;-92684;-47;?;0;1;0;?;0
0;1;0;0;-98745;-116;?;0;1;0;?;0
?;1;0;0;-98745;-116;?;0;1;0;1;0
?;1;0;0;-72848;-184;?;0;1;0;1;0
?;1;0;0;-69252;-59;?;0;1;0;1;0
?;1;?;0;-65772;-56;?;0;1;0;1;0
?;1;?;0;-100456;-101;?;0;1;0;1;0
?;1;?;0;-100456;-101;?;0;1;0;1;0
?;1;?;0;-100456;-101;-432;0;1;0;1;?
?;1;?;0;-82882;-2;-233;0;1;0;1;?
?;1;?;0;-75081;44;-218;0;1;0;1;?
?;1;?;0;-70093;-198;-559;0;1;0;1;?
?;1;?;0;-87696;-16;-717;0;1;0;1;?
?;1;?;0;-87696;-16;-717;?;1;0;1;?
?;1;?;0;-102109;30;4;?;1;0;1;?
?;1;?;0;-66004;-132;-730;?;1;0;1;?
0;1;0;0;-84013;-94;-855;?;1;0;1;?
0;1;0;0;-84013;-94;-855;?;1;0;1;?
-1015;1;0;0;-71920;-30;-749;?;1;0;1;?
3016;1;0;0;-696;26;-133;?;1;0;1;?
1015;1;0;0;-4640;-35;-149;?;1;0;1;?
1015;1;0;0;?;-35;-149;0;1;0;1;?
?;1;0;0;?;-33;-163;0;1;0;1;?
?;1;0;0;?;-33;-163;0;1;0;1;0
?;1;0;1;?;-33;-150;0;1;0;0;0
?;1;0;1;?;-36;-153;0;1;0;0;0
?;1;0;1;?;-28;-154;0;1;0;0;0
?;1;0;1;?;-28;-154;0;1;0;0;0
?;1;0;1;?;-28;-154;0;1;0;0;0
?;1;0;1;?;-33;-150;0;1;0;0;0
?;?;0;1;?;-34;-157;0;1;0;0;0
?;?;0;1;?;-34;-157;0;1;0;0;0
?;?;0;1;?;-36;-146;0;1;0;0;0
?;?;0;1;?;-33;-145;0;1;0;0;0
?;?;0;1;?;-31;-145;0;1;0;0;0
?;?;0;1;?;-37;-157;0;1;0;0;0
?;?;0;1;0;-37;-157;0;1;0;0;0
?;1;0;1;0;-31;-156;0;1;0;0;0
?;1;0;1;0;-30;-153;0;1;0;0;0
?;1;0;1;0;-30;-153;0;1;0;0;0
?;1;0;1;0;-33;-157;0;1;0;0;0
?;1;0;1;0;-34;-152;0;1;0;0;0
?;1;0;1;0;-34;-152;0;1;0;0;0
?;1;0;1;0;-34;-157;0;1;0;0;0
?;1;0;1;0;-34;-157;0;1;0;0;0
0;1;0;1;0;-33;-159;0;1;0;0;0
0;1;0;1;0;-33;-159;0;1;0;0;0
0;1;0;1;0;-32;-152;0;1;0;0;0
0;1;0;1;0;-33;-157;0;1;0;0;0
0;1;0;1;0;-33;-138;0;1;0;0;0
0;1;0;1;0;-34;-167;0;1;0;0;0
0;1;?;1;0;-34;-167;0;1;0;0;0
0;1;0;1;0;-33;-145;0;1;0;0;0
0;1;0;1;0;-33;-145;0;1;0;0;0
0;1;0;1;0;-36;-136;0;1;0;0;0
0;1;0;1;0;-34;-142;0;1;0;0;0
0;1;0;1;0;-34;-142;0;1;0;0;0
0;1;?;1;0;-32;-152;0;1;0;0;0
0;1;?;1;0;-34;-138;0;1;0;0;0
0;1;?;1;0;-39;-156;0;1;0;0;0
0;1;?;1;0;-31;-156;0;1;1;0;0
0;1;?;1;0;-31;-156;0;1;1;0;0
0;1;?;1;0;-31;-158;0;1;1;0;0
0;1;1;1;0;-30;-158;0;1;1;0;0
0;1;1;1;0;-33;-146;0;1;1;0;0
0;1;1;1;0;-33;-146;0;1;1;0;0
0;0;1;1;0;-33;-144;0;0;1;0;0
0;0;1;1;0;-32;-145;0;0;1;0;0
0;1;1;1;0;-31;-167;0;0;1;0;0
0;1;1;1;0;-31;-167;0;0;1;0;0
0;1;0;1;?;-36;-161;1;0;1;0;0
0;1;0;1;?;-36;-161;1;0;1;?;0
0;1;0;1;?;-33;-142;1;0;1;?;0
0;1;0;1;?;-32;-144;1;0;1;?;0
0;1;0;1;?;-30;-152;1;0;1;?;0
0;1;0;?;0;-30;-152;1;0;1;?;0
0;1;0;?;0;-34;-152;1;0;1;?;0
0;1;0;?;0;-36;-152;1;0;1;?;0
0;1;0;?;0;-33;-167;1;0;1;?;0
0;1;0;?;0;-36;-169;1;0;1;?;0
0;1;0;?;0;-36;-169;1;0;1;?;0
0;1;0;?;0;-33;-152;1;0;1;?;0
0;1;0;?;0;-34;-134;1;0;1;?;0
0;1;0;?;0;-34;-134;1;0;1;?;0
0;1;0;?;0;-33;-140;1;0;1;?;0
0;1;0;?;0;-36;-157;1;0;1;0;0
0;1;0;?;0;-36;-157;1;0;1;0;0
0;1;0;?;0;-32;-155;1;?;1;0;0
0;1;0;?;0;-36;-150;1;?;1;0;0
0;1;0;1;0;-32;-156;1;?;1;0;0
0;1;0;1;0;-32;-156;1;?;1;0;0
0;1;0;1;0;-33;-169;1;0;1;0;0
0;1;0;1;0;-33;-153;1;0;1;0;0
0;1;0;1;0;-32;-157;1;0;1;0;0
0;1;0;1;0;-33;-145;1;0;1;0;0
0;1;0;1;0;-33;-145;1;?;1;0;0
0;1;0;1;0;-35;-152;1;?;1;0;0
?;1;0;1;0;-35;-152;1;?;1;0;0
?;1;0;1;0;-32;-144;1;?;1;0;0
?;1;0;1;0;-35;-157;1;?;1;0;?
?;1;0;1;0;-31;-163;1;?;1;0;?
?;1;0;1;0;-31;-163;1;0;1;0;?
?;1;0;1;0;-34;-146;1;0;1;0;?
?;1;0;1;0;-31;-169;1;0;1;0;?
0;1;0;1;0;-31;-144;1;0;1;0;?
0;1;0;1;0;-37;-150;1;0;1;0;0
0;1;0;1;0;-37;-150;1;0;1;0;0
0;1;0;1;0;-29;-152;1;0;1;0;0
0;1;0;1;0;-31;-150;1;0;1;0;0
0;1;0;1;0;-35;-156;1;0;1;0;0
0;1;0;1;0;-35;-156;1;0;1;0;0
0;1;0;1;0;-34;-159;1;0;1;0;0
0;1;0;1;0;-33;-152;1;0;1;0;0
0;1;0;1;0;-33;-152;1;0;1;?;0
0;1;0;1;0;-33;-140;1;0;0;?;0
0;1;0;1;0;-33;-140;?;0;0;?;0
0;1;0;1;0;-30;-146;?;0;0;?;0
0;1;0;1;0;-35;-138;?;0;0;?;0
0;1;0;1;0;-34;-157;?;0;0;?;0
0;1;0;1;0;-33;-154;?;0;0;?;0
0;1;0;1;0;-33;-154;?;0;0;?;0
0;1;0;1;0;-35;-152;?;0;0;0;0
0;1;0;1;0;-31;-152;?;0;0;0;?
0;1;0;1;0;-29;-142;?;0;0;0;?
0;1;0;1;0;-34;-145;?;0;0;0;?
0;1;0;1;0;-34;-145;?;0;0;0;?
-986;1;0;1;-30943;-232;-599;?;1;0;0;0
-986;1;0;1;-30943;-232;-599;0;1;0;0;0
-1015;1;0;0;-66352;-192;-377;0;1;0;0;0
0;1;0;0;-78213;-30;-730;0;1;0;0;0
0;1;0;0;-78213;-30;-730;0;1;0;0;0
0;1;0;0;-89813;-91;125;0;1;0;0;0
1015;1;0;0;-65424;-59;-417;0;1;0;0;0
0;1;0;0;-69223;-105;8;0;1;0;0;0
0;1;0;0;-69223;-105;8;0;1;0;0;0
1015;1;0;0;-82476;-200;-190;0;1;0;0;0
0;1;0;0;-84419;-250;-877;0;1;0;0;0
-1015;1;0;0;-97817;0;-545;0;1;0;0;0
0;1;0;0;-69136;-91;-221;0;1;0;0;0
0;1;0;0;-69136;-91;-221;0;1;0;0;0
-1015;1;0;0;-57449;-196;43;0;1;0;0;0
0;1;0;0;-71804;-84;-327;0;1;0;0;0
0;1;0;0;-71804;-84;-327;0;1;0;0;0
0;1;0;0;-71804;-84;-327;0;1;0;0;0
0;?;0;0;-83549;-18;-158;0;1;0;0;0
0;?;0;0;-83549;-18;-158;0;1;0;0;0
0;?;0;0;-59682;9;-691;0;1;0;0;0
0;?;0;0;-88943;-159;-713;0;1;0;0;0
0;?;0;0;-88943;-97;-288;0;1;0;0;0
0;?;0;0;-73399;-175;-333;0;1;0;0;0
0;?;0;0;-73399;-175;-333;0;1;0;0;0
-1015;?;0;0;-82447;-22;-119;0;1;0;0;0
1015;?;0;0;-67338;-212;-460;0;1;0;0;0
0;?;0;0;-88102;1;45;0;1;0;0;0
0;?;0;0;-88102;1;45;0;1;0;0;0
0;?;0;0;-88102;1;45;0;1;0;0;0
1015;?;0;0;-71166;-178;-429;0;1;0;0;0
0;?;0;0;-70151;-127;-792;0;1;0;0;0
2001;?;0;0;-28652;-40;-162;0;1;0;0;0
0;1;0;0;-15805;-40;-656;0;1;0;0;0
0;1;0;0;-15805;-40;-656;0;1;0;0;0
?;1;0;0;0;-38;-182;0;1;0;0;0
?;1;0;0;0;-41;-179;0;1;0;1;0
0;1;0;0;0;-39;-182;0;1;0;1;0
0;1;0;0;0;-40;-179;0;1;0;1;0
0;1;0;0;0;-40;-179;0;1;0;1;0
0;1;0;0;0;-38;-169;0;1;0;1;0
0;1;0;0;0;-37;-186;0;1;0;1;0
0;1;0;0;0;-40;-177;0;1;0;1;0
0;1;0;0;0;-40;-177;0;1;0;1;0
0;1;0;0;0;-40;-178;0;1;0;1;0
0;1;0;0;0;-40;-178;0;1;0;1;0
0;1;0;0;0;-40;-180;0;1;0;1;0
0;1;0;0;0;-39;-190;0;1;0;1;0
0;1;0;0;0;-40;-182;0;1;0;1;0
0;1;0;0;0;-40;-182;0;1;0;1;0
0;1;0;0;0;-41;-182;0;1;0;1;0
0;1;0;0;0;-40;-168;0;1;0;1;0
0;1;0;0;0;-38;-174;0;1;0;1;0
0;1;0;0;0;-38;-174;0;1;0;1;0
0;1;0;0;0;-38;-178;0;1;0;1;0
0;1;0;0;0;-38;-172;0;1;0;1;0
0;1;0;0;0;-39;-177;0;1;0;?;0
0;1;0;0;0;-40;-169;0;1;0;?;0
0;1;0;0;0;-40;-169;0;1;0;?;0
0;1;0;0;0;?;-169;0;1;0;?;0
2001;1;0;0;12035;?;1009;0;1;0;?;0
-1015;1;0;0;76299;?;122;0;1;0;?;0
-1015;1;0;0;87029;?;929;0;1;0;?;0
-1015;1;0;0;87029;?;929;0;1;0;?;0
1015;1;0;0;83056;?;313;0;1;0;?;0
0;1;0;0;100224;?;319;0;1;0;1;0
-1015;1;0;0;75632;?;804;0;1;0;1;0
0;1;0;0;84158;?;739;0;1;0;1;0
0;1;0;0;84158;?;739;0;1;0;1;0
1015;1;0;0;66352;?;484;0;1;0;1;0
1015;1;0;0;66758;?;829;0;1;0;1;0
1015;1;0;0;73950;?;226;0;?;0;1;0
1015;1;0;0;73950;124;226;0;?;0;1;0
0;1;0;0;78590;33;196;0;?;0;1;0
0;1;0;0;72094;34;?;0;?;0;1;0
0;1;0;0;72094;34;?;0;?;0;1;0
-1015;1;0;0;80156;78;?;0;?;?;1;0
0;1;0;0;74182;-16;?;0;?;?;1;0
0;1;0;0;74182;-16;?;0;?;?;1;0
1015;1;0;0;81577;33;?;0;?;?;1;0
0;1;0;0;90799;23;?;?;?;?;1;0
1015;1;0;0;76125;103;?;?;?;0;1;0
0;?;0;0;94337;-54;669;?;?;0;1;0
0;?;0;0;94337;-54;669;?;?;0;1;0
0;?;0;0;96947;179;356;?;?;0;1;0
0;?;0;0;89117;98;244;?;?;0;1;0
0;?;0;0;68034;116;-152;?;1;0;1;0
0;?;0;0;68034;116;-152;?;1;0;1;0
0;?;0;0;68034;116;-152;?;1;0;1;0
0;?;0;0;89552;162;-130;?;1;0;1;0
1015;?;0;0;100456;25;484;?;1;0;1;0
0;?;0;0;76908;58;429;?;1;0;1;0
0;?;0;0;65685;154;566;?;1;0;1;0
0;?;0;0;65685;154;566;?;1;0;1;0
0;?;0;0;72906;-1;23;0;1;0;1;0
1015;?;0;0;80417;5;-107;0;1;0;1;0
0;?;0;0;93612;63;-63;0;1;0;1;0
1015;?;0;0;73196;166;517;0;1;0;1;0
1015;?;0;0;73196;166;517;0;1;0;1;0
0;?;0;0;78097;103;83;0;1;0;1;0
0;?;0;0;66062;71;89;0;1;?;1;0
1015;?;0;0;74936;36;5;0;1;0;1;0
1015;?;0;0;74936;36;5;0;1;0;1;0
1015;?;0;0;74936;36;5;0;1;0;1;0
0;1;0;0;65801;-6;790;0;1;0;1;0
0;1;0;0;61712;158;1030;0;1;0;1;0
-1015;1;0;0;57304;-6;-21;0;1;0;1;0
1015;1;0;0;68063;22;184;0;1;0;1;0
1015;1;0;0;68063;22;184;0;1;0;1;0
0;1;0;0;94424;-69;2;0;1;0;1;0
0;1;0;0;62466;206;635;0;1;0;1;0
0;1;0;0;67512;140;293;0;1;0;1;0
-1015;1;0;0;99934;127;474;0;1;0;1;0
-1015;1;0;0;99934;127;474;0;1;0;1;0
-2030;1;?;0;79924;48;-50;0;1;0;1;0
0;1;?;0;82331;152;1068;0;1;0;1;0
1015;1;?;0;65453;90;286;0;1;0;?;0
1015;1;0;0;65453;90;286;0;1;0;?;0
1015;1;0;0;65453;90;286;0;1;0;?;0
0;1;0;0;88972;-63;757;0;1;0;1;0
0;1;0;0;84709;121;624;0;1;0;1;0
0;1;0;0;102370;131;287;0;1;0;1;0
0;1;0;?;84941;66;379;0;1;0;1;0
0;1;?;?;84941;66;379;0;1;0;1;0
0;1;?;0;69861;-11;750;0;1;0;1;0
1015;1;?;0;85173;209;-37;0;1;0;1;0
0;1;?;0;80881;38;210;?;1;0;1;0
0;1;?;0;80881;38;210;?;1;0;1;0
?;1;?;0;75400;152;134;0;1;0;1;0
?;1;?;0;74269;-7;-143;0;1;0;?;0
?;1;0;0;74269;-7;-143;0;1;0;?;0
?;1;0;0;67628;143;697;0;1;0;?;0
?;1;0;0;67628;143;697;0;1;0;?;0
?;1;0;0;81867;25;-19;0;1;0;?;0
?;1;0;0;81867;25;-19;0;1;0;?;0
?;1;0;0;86710;-7;691;0;1;0;?;0
?;1;0;0;75371;40;-104;0;1;0;?;0
?;1;0;0;87841;123;25;0;1;0;?;0
?;1;0;0;87841;123;25;0;1;0;?;0
?;1;0;0;85289;143;969;0;1;0;?;0
?;1;0;0;80446;179;783;0;1;0;1;0
?;1;0;0;90306;-12;776;0;1;0;1;0
?;1;0;0;93757;215;1122;0;1;0;1;0
0;1;0;0;93757;215;1122;0;1;0;1;0
0;1;0;0;74617;27;751;0;1;0;1;0
0;1;0;0;84158;64;-24;0;1;0;1;0
0;1;0;0;65105;67;195;0;1;0;1;0
0;1;0;0;65105;67;195;0;1;0;1;0
0;1;0;0;65105;67;195;0;1;0;1;0
0;1;0;0;72674;43;76;0;1;0;1;0
0;1;0;0;68034;102;371;0;1;0;1;0
1015;1;0;0;67570;-17;476;0;1;0;1;0
0;1;0;0;65772;81;552;0;1;0;1;0
0;1;0;0;65772;81;552;0;1;0;1;0
0;?;0;0;81519;21;804;0;1;0;1;0
0;?;0;0;71514;99;524;0;1;0;1;0
-1015;?;0;0;66439;149;996;0;1;0;1;0
-1015;?;0;0;66439;149;996;0;1;0;1;0
0;?;0;0;0;31;721;0;1;0;1;0
0;1;0;0;0;74;321;0;1;0;1;0
0;1;0;0;0;73;335;0;1;?;1;0
0;1;0;0;0;71;325;0;1;?;1;0
0;1;0;0;0;71;325;0;1;?;1;0
0;1;0;0;0;71;325;0;1;?;1;0
0;1;0;0;0;74;325;0;1;?;1;0
0;1;0;0;0;73;321;0;1;?;1;0
0;1;?;0;0;72;311;0;1;0;1;0
0;1;?;0;0;72;311;0;1;0;1;0
0;1;?;0;0;74;321;0;1;0;1;0
0;1;0;0;0;73;329;0;1;0;1;0
0;1;0;0;0;72;327;0;1;0;1;0
0;1;0;0;0;73;333;0;1;0;1;?
0;1;0;0;0;73;333;0;1;0;1;?
0;1;0;0;0;71;325;0;1;0;1;?
0;1;0;0;0;70;329;0;1;0;1;?
0;1;0;0;0;71;329;0;1;0;1;?
0;1;0;0;0;71;329;0;1;0;1;?
0;1;0;0;0;?;329;0;1;0;1;?
0;1;0;0;0;?;333;0;1;0;1;?
0;1;0;0;0;?;330;0;1;0;1;?
0;1;0;0;0;?;333;0;1;0;1;?
0;1;0;0;0;72;329;0;1;0;1;?
0;1;0;0;0;?;329;0;1;0;1;?
0;1;0;0;0;?;-216;0;1;0;1;?
0;1;0;0;-83636;?;-852;0;1;0;1;?
0;1;0;0;-95729;?;-1007;0;1;0;1;?
0;1;0;0;-95729;?;-1007;0;1;0;1;0
-1015;1;0;0;-76183;?;-749;0;1;0;1;0
-1015;1;0;0;-67280;?;-411;0;1;0;1;0
0;1;0;0;-83868;?;-1177;0;1;0;1;0
0;1;0;0;-74008;?;-230;0;1;0;1;0
0;1;0;?;-74008;?;-230;?;1;0;1;0
0;1;0;?;-76473;?;-948;?;1;0;1;0
0;1;0;?;-76473;-156;-948;?;1;0;1;0
0;1;0;?;-79924;-56;31;?;1;0;1;0
0;1;0;?;-79924;-56;31;?;1;0;1;0
0;1;0;?;-80852;25;-327;?;1;0;?;0
0;1;0;?;-80852;25;-327;?;1;0;?;0
?;1;0;?;-81432;68;102;?;1;0;?;0
?;1;0;0;-89233;62;-312;?;1;0;?;0
?;1;0;0;-85347;6;223;?;1;0;?;0
?;1;0;0;-89755;62;-806;?;1;0;?;0
?;1;0;0;-89755;62;-806;0;1;0;?;0
1015;1;0;0;-65714;-42;55;0;1;0;?;0
2030;1;0;0;-65134;-186;-343;0;1;0;?;0
0;1;0;0;-67512;47;-570;0;1;0;?;0
0;1;0;0;-67512;47;-570;0;1;0;?;0
0;1;0;0;-67512;47;-570;0;1;0;?;0
2030;1;0;0;-70934;-164;55;0;1;0;?;0
0;1;0;0;-70905;-63;-255;0;1;0;1;0
0;1;0;0;-88972;-41;-582;0;1;0;1;0
1015;1;0;0;-74037;-28;149;0;1;0;1;0
1015;1;0;0;-74037;-28;149;0;1;0;1;0
0;1;0;0;-77691;26;-418;0;1;0;1;0
1015;1;0;0;-72094;0;-348;0;1;0;1;0
0;1;?;0;-90132;-148;37;0;1;0;1;0
0;1;0;0;-101529;29;-213;0;1;0;1;0
0;1;0;0;-101529;29;-213;0;1;0;1;0
-1015;1;0;0;0;-58;-98;0;1;0;1;0
0;1;0;0;0;1;13;0;1;0;1;0
0;1;0;0;0;4;-4;0;1;0;1;1
0;1;0;0;0;4;-4;0;1;0;1;1
0;1;0;0;0;4;-4;0;1;0;1;1
0;1;0;0;0;0;8;0;1;0;0;1
0;1;0;0;0;2;-1;0;1;0;0;1
0;1;0;0;0;1;-5;0;1;0;0;1
0;1;0;0;0;0;-13;0;1;0;0;1
0;1;0;0;0;0;8;?;1;0;0;1
0;1;0;0;0;0;8;?;1;0;0;1
0;1;0;0;0;2;18;?;1;0;0;1
0;1;0;0;0;0;16;?;1;?;0;1
0;1;0;0;0;0;7;?;?;?;0;1
0;1;0;0;0;0;7;?;?;?;0;1
0;1;0;0;0;2;2;?;?;?;0;1
0;1;0;0;0;2;2;?;?;?;0;1
0;1;0;0;0;2;3;?;?;?;0;1
0;1;?;0;0;1;-4;?;?;?;0;1
0;1;?;0;0;4;17;?;?;0;0;1
0;1;?;0;0;4;17;?;?;0;0;1
0;1;?;0;0;2;12;?;?;0;0;1
0;1;?;0;0;-1;10;?;?;0;0;1
0;1;?;0;0;1;-4;0;?;0;0;1
0;1;?;0;0;1;-4;0;?;0;0;1
0;1;?;0;0;0;3;0;?;0;?;1
0;1;0;0;0;0;16;0;?;0;?;1
0;1;0;0;0;0;-3;0;?;0;?;1
0;1;0;0;0;6;17;0;1;0;?;1
?;?;0;0;0;6;17;0;1;0;?;1
0;?;0;0;0;1;-15;0;1;0;?;1
0;?;0;0;0;1;-15;0;1;0;?;1
0;?;0;0;0;3;9;0;1;0;?;1
0;?;0;0;0;0;13;0;1;0;?;1
0;?;0;0;0;0;13;0;1;0;?;1
0;?;0;0;0;2;-2;0;1;0;?;1
0;?;0;0;0;4;17;0;1;0;?;1
0;?;0;0;0;1;-10;0;1;0;?;1
0;?;0;0;0;1;-4;0;1;0;0;1
0;?;0;0;0;1;-4;0;1;0;0;1
0;?;0;0;0;1;24;0;1;0;0;1
0;?;0;0;0;2;6;0;1;0;0;1
0;?;0;0;0;2;-4;0;1;0;0;1
0;?;0;0;0;2;-4;0;1;0;0;1
0;1;0;0;0;-3;-4;?;1;0;0;1
0;1;0;0;0;-1;16;?;1;0;0;1
0;1;0;0;0;3;10;?;1;0;0;1
0;1;0;0;0;3;10;?;1;0;0;1
0;1;0;0;0;1;6;0;1;0;0;1
0;1;0;0;0;1;6;0;1;0;0;1
0;1;0;0;0;0;0;0;1;0;0;1
0;1;0;0;0;-1;-1;0;1;0;0;1
0;1;0;0;0;2;12;0;1;0;0;1
0;1;0;0;0;2;12;0;1;0;0;1
0;1;0;0;0;1;-2;0;1;0;0;1
0;1;0;0;0;1;12;0;1;0;0;1
0;1;0;0;0;-1;-5;0;1;0;0;1
0;1;0;0;0;1;-11;0;1;0;0;1
0;1;0;0;0;1;-11;0;1;0;0;1
0;1;0;0;0;1;-4;0;1;0;0;1
0;1;0;0;0;0;-2;0;1;0;0;1
0;1;0;0;0;0;-2;0;1;0;0;1
0;1;0;0;0;0;19;0;1;0;0;1
0;1;0;0;0;0;8;0;?;0;0;1
0;1;0;0;0;0;8;0;?;0;0;1
0;1;0;0;0;-3;0;0;?;0;0;1
0;1;0;0;0;0;8;0;?;0;0;1
0;1;0;0;0;0;12;0;?;0;0;1
0;1;0;0;0;0;12;0;?;0;0;1
0;1;0;0;0;2;22;0;?;1;0;1
0;1;?;0;0;0;1;0;?;1;0;1
0;1;?;0;0;-1;2;0;?;1;0;1
0;1;?;0;0;0;-4;0;?;1;0;1
?;1;?;0;0;0;-4;0;?;1;0;1
?;0;?;0;0;-1;10;0;0;1;0;1
?;0;1;0;0;-1;10;0;0;1;0;1
?;0;1;0;0;2;-8;0;0;1;0;1
?;1;1;0;0;1;11;0;0;1;0;1
?;1;0;0;0;1;-13;1;0;1;0;1
?;1;0;0;0;1;-13;1;0;1;0;1
?;1;0;0;0;0;0;1;0;1;0;1
?;1;0;0;0;1;-2;1;0;1;0;1
?;1;0;0;0;1;0;1;0;1;0;1
?;1;0;0;0;1;0;1;0;1;0;1
0;1;0;0;0;0;11;1;0;1;0;1
0;1;0;0;0;4;8;1;0;1;0;1
0;1;0;0;0;0;1;1;0;1;0;1
0;1;0;0;0;0;1;1;0;1;0;1
0;1;0;0;0;3;14;1;0;1;0;1
0;1;0;0;0;0;12;1;0;1;0;1
0;1;0;0;0;0;14;1;0;1;0;1
0;1;0;0;0;0;14;1;0;1;0;1
0;1;0;0;0;2;19;1;0;1;0;1
0;1;0;0;0;2;19;1;0;1;0;1
0;1;0;0;0;3;8;1;0;1;0;1
0;1;0;0;?;1;14;1;0;1;0;1
0;?;0;0;?;0;0;1;0;1;0;1
0;?;0;0;0;0;0;1;0;1;0;1
0;?;0;0;0;1;12;1;0;1;0;1
0;?;0;0;0;3;13;1;0;1;0;1
0;?;0;0;0;0;2;1;0;1;0;1
0;?;0;0;0;0;-6;1;0;1;0;1
0;1;0;0;0;0;-6;1;0;1;0;1
0;1;0;0;0;2;6;1;0;1;0;1
0;1;0;0;0;2;15;1;0;1;0;1
0;1;0;0;0;2;15;1;0;1;0;1
0;1;0;0;0;0;10;1;0;1;0;1
0;1;0;0;0;0;10;1;0;1;0;1
0;1;0;0;0;1;11;1;0;1;0;1
0;1;0;0;0;-1;5;1;0;1;0;1
0;1;0;0;0;5;0;1;0;1;0;1
0;1;0;0;0;-1;6;?;0;1;0;?
?;1;0;0;0;-1;6;?;0;1;0;?
?;1;0;0;0;6;-8;?;0;1;0;?
?;1;0;0;0;1;13;?;0;1;0;?
?;1;0;0;0;1;-6;?;0;1;0;?
?;1;0;0;0;0;1;?;0;1;0;?
?;1;0;0;0;0;1;?;0;1;0;?
?;1;0;0;0;0;8;?;0;1;0;?
0;1;0;0;0;0;10;?;0;1;0;?
0;1;0;0;0;0;10;?;0;1;0;1
0;1;0;0;0;-3;8;?;0;1;0;1
0;1;0;0;0;-3;8;?;0;1;0;1
0;1;0;0;0;0;-15;?;0;0;0;1
0;1;0;0;0;1;-4;?;0;0;0;1
0;1;0;0;0;0;-2;1;0;0;0;1
0;1;0;0;0;0;-2;1;0;0;0;1
0;1;0;0;0;0;-2;1;0;0;0;1
0;1;0;0;0;3;4;1;0;0;0;1
0;1;0;0;0;-2;-2;1;0;0;0;1
0;1;0;0;0;1;9;0;0;0;0;1
0;1;0;0;0;1;9;0;0;0;0;?
0;1;0;0;0;1;3;0;0;0;0;?
0;1;0;0;0;3;-10;?;0;0;0;?
-986;1;?;0;-57449;-93;-407;0;1;0;0;?
-986;1;?;0;-57449;-93;-407;0;1;0;0;?
0;1;?;0;-81548;-96;-749;0;1;0;0;?
0;1;?;0;-81548;-96;-749;0;1;?;0;?
0;1;?;0;-81548;-96;-749;0;1;?;0;?
-1015;1;?;0;-75922;-133;-244;0;1;?;0;?
0;1;?;0;-86623;-43;125;0;1;?;0;?
-1015;1;?;0;-97875;-179;27;0;1;?;0;0
-1015;1;0;?;-97875;-179;27;0;1;?;0;0
0;1;0;?;-78242;-118;113;0;1;?;0;0
0;1;0;0;-86942;5;294;0;1;0;0;0
0;1;0;0;-65540;-22;-490;0;1;0;0;0
0;1;0;0;-88943;-155;-194;0;1;0;0;0
0;1;0;0;-88943;-155;-194;0;1;0;0;0
0;1;0;0;-89668;-12;-355;0;1;0;0;0
1015;1;0;0;-75371;-165;-278;0;1;0;0;0
1015;1;0;0;-75371;-165;-278;0;1;0;0;0
0;1;0;0;-75632;-82;-675;0;1;0;0;0
0;1;0;0;-97092;-62;-450;0;1;0;0;0
0;1;0;?;-97092;-62;-450;0;1;0;0;0
1015;1;0;?;-90973;-75;-415;0;1;0;0;0
1015;1;0;?;-71891;12;-189;0;1;0;0;0
0;1;0;?;-74559;-15;-413;0;1;0;0;0
0;1;?;0;-74559;-15;-413;0;1;0;0;0
0;1;?;0;-85724;-59;-700;0;1;0;0;0
0;1;?;0;-77517;-13;-863;0;1;0;0;0
0;1;?;0;-59392;-190;-748;0;1;0;0;0
-1015;1;?;0;-90741;3;-696;0;1;0;0;0
-1015;1;?;0;-90741;3;-696;0;1;0;0;0
1015;1;?;0;-91611;-69;246;0;1;0;0;0
1015;1;?;0;-91611;-69;246;0;?;0;0;?
0;1;?;0;-82215;-43;-321;?;?;0;0;?
0;1;0;0;-81461;-163;-830;?;?;0;0;?
0;1;0;0;-81461;-163;-830;?;?;0;0;?
0;1;0;0;-58580;-99;-315;?;?;0;0;?
0;1;0;0;-69600;-121;-171;?;1;0;0;?
0;1;0;0;-78474;-34;-823;0;1;0;0;?
0;1;0;0;-100166;-175;-682;0;1;0;0;?
0;1;0;0;-100166;-175;-682;0;1;0;0;?
-1015;1;0;0;-94772;-61;-509;0;1;0;0;?
0;1;0;0;-78387;-147;-180;0;1;0;0;0
1015;1;0;0;-62785;-150;-824;0;1;0;0;0
1015;1;0;0;-62785;-150;-824;0;1;0;0;0
0;1;0;0;-56057;-37;-737;0;1;0;0;0
0;1;0;0;-68846;?;-546;0;1;0;0;0
0;1;0;0;-68846;?;-546;0;1;0;0;0
0;1;0;0;-80359;?;-157;0;1;0;0;0
1015;?;0;0;-67570;?;-206;0;1;0;0;0
1015;1;0;0;-67570;?;-206;0;1;0;0;0
0;1;0;0;-90625;?;21;0;1;0;0;0
0;1;0;0;-84767;?;-845;0;1;0;0;0
1015;?;0;0;-59479;?;-381;0;1;0;0;0
1015;?;0;0;-59479;?;?;0;1;0;0;0
0;?;0;0;-91843;?;?;0;1;0;0;0
1015;?;0;0;-78416;?;?;0;1;0;0;0
0;?;0;0;-53534;?;?;0;1;0;?;0
0;?;0;0;-95236;?;?;0;1;0;?;0
0;1;0;0;-95236;?;?;0;1;0;?;0
1015;1;0;0;-67889;-112;?;0;1;0;?;0
1015;1;0;0;-67889;-112;-406;0;1;0;?;0
2030;1;?;0;-99673;-48;-491;0;1;0;?;0
1015;1;?;0;-74095;-8;-450;0;1;0;?;0
1015;1;?;0;-74095;-8;-450;0;1;0;?;0
-1015;?;0;0;-94859;-111;-373;0;1;0;?;0
-1015;?;0;0;-89523;-234;-305;0;1;0;?;0
0;1;0;0;0;-33;-449;0;1;0;?;0
0;1;0;0;0;-37;-171;0;1;0;?;0
0;1;0;0;0;-37;-171;0;1;0;?;0
0;1;?;0;0;-35;-154;0;1;0;?;0
0;1;?;0;0;-36;-167;0;1;0;?;0
0;1;?;0;0;-35;-169;0;1;0;1;0
0;1;?;0;0;-35;-169;0;1;0;1;0
0;1;?;0;0;-35;-159;0;1;0;1;0
0;1;?;0;0;-35;-159;0;1;0;1;0
0;1;?;0;0;-36;-172;0;1;0;1;0
0;1;?;0;0;-37;-161;0;1;0;1;0
0;1;?;0;0;-37;-154;0;1;0;1;0
0;1;?;0;0;-37;-154;0;1;0;1;0
0;1;?;0;0;-35;-162;0;1;0;1;0
0;1;0;0;0;-36;-169;0;1;0;1;0
0;1;0;0;0;-35;-157;0;1;0;1;0
0;1;0;0;0;-34;-166;0;1;0;1;0
0;1;0;0;0;-34;-166;0;1;0;1;0
0;1;0;0;0;-36;-167;0;1;0;1;0
0;1;0;0;0;-34;-156;0;1;0;?;0
0;1;0;0;0;-34;-156;0;1;0;?;0
0;1;0;0;0;-37;-157;0;1;0;?;0
0;1;0;0;0;-36;-175;0;1;0;?;0
0;1;0;0;0;-33;-166;0;1;0;?;0
0;1;0;0;0;-33;-166;0;1;0;?;0
0;1;0;0;0;-33;-151;0;1;0;?;0
?;1;0;0;0;-33;-151;0;1;0;1;0
?;1;0;0;72239;167;444;0;1;0;1;0
?;1;0;0;71514;222;463;0;1;0;1;0
?;1;0;0;83926;94;859;0;1;0;1;0
?;1;0;0;95178;168;669;0;1;0;1;0
?;1;0;0;95178;168;669;0;1;0;1;0
?;1;0;0;90451;190;51;0;1;0;1;0
?;1;0;0;74646;-37;263;0;1;0;1;0
?;1;0;0;77662;129;862;0;1;0;1;0
?;1;0;0;87319;27;827;0;1;0;1;0
1015;1;0;0;87319;27;827;0;1;0;1;0
-1015;1;0;0;94685;238;741;0;1;0;1;0
-1015;1;0;0;94685;238;741;0;1;0;1;0
0;1;0;0;82621;185;-57;0;1;0;1;0
1015;1;0;0;101558;56;475;0;1;0;1;0
0;1;0;0;92916;9;-341;0;1;0;1;0
0;1;0;0;92916;9;-341;0;1;0;1;0
0;1;0;0;85318;12;120;0;1;0;1;0
0;1;0;0;83288;89;190;0;1;0;1;0
1015;1;0;0;90828;59;344;0;1;0;1;0
1015;1;0;0;90828;59;344;0;1;0;1;0
0;1;0;0;82215;144;252;0;1;0;1;0
0;1;0;0;84303;-11;389;0;1;0;1;0
0;1;0;0;93757;56;477;0;1;0;1;0
0;1;0;0;93757;56;477;0;1;0;1;0
0;1;0;0;74994;143;118;0;1;0;1;0
?;1;0;0;74994;143;118;0;1;0;1;0
?;1;0;0;70122;132;10;0;1;0;1;0
?;1;0;0;75632;90;217;0;1;0;1;0
?;1;0;0;100572;-4;33;0;1;0;1;0
?;1;0;0;100572;-4;33;0;1;0;1;0
?;1;0;0;66149;168;13;0;1;0;1;0
?;1;0;0;81983;60;69;0;1;0;1;0
?;1;0;0;75458;31;377;0;1;0;1;0
?;1;0;0;85927;22;489;0;1;0;1;0
?;1;0;0;85927;22;489;0;1;0;1;0
?;1;0;0;66265;186;302;0;1;0;1;0
?;1;0;0;70209;168;371;0;1;0;1;0
1015;1;0;0;81432;42;307;0;1;0;1;0
1015;1;0;0;81432;42;307;0;1;0;1;0
1015;1;0;0;68991;-11;0;0;1;0;1;0
0;1;0;0;64902;24;269;0;1;0;1;0
0;1;0;0;64902;24;269;0;?;0;1;0
0;1;0;0;67251;140;100;0;?;0;1;0
0;1;0;0;90596;157;747;0;?;0;?;0
0;1;0;0;90596;157;747;0;?;0;?;0
0;1;0;0;99412;-8;152;0;?;0;?;0
0;1;0;0;71079;43;368;0;?;0;?;0
0;1;0;0;73428;69;724;0;?;0;1;0
0;1;0;0;73428;69;724;0;?;0;1;0
-1015;1;0;0;93177;40;109;0;?;0;1;0
0;1;0;0;86130;117;47;0;?;0;1;0
0;1;0;0;62988;84;-60;0;?;0;1;0
1015;1;0;0;95381;25;546;0;?;0;1;0
1015;1;0;0;95381;25;546;0;?;0;1;?
1015;1;0;0;80736;98;98;0;1;0;1;?
-2030;1;0;0;67309;101;542;0;1;0;?;?
0;1;0;0;78619;5;664;0;1;0;?;?
0;1;0;0;78619;5;664;0;1;0;?;?
0;1;0;0;98861;137;366;0;1;0;?;?
0;1;0;0;98861;137;366;0;1;0;1;?
-1015;1;0;0;82650;-35;798;0;1;0;1;?
0;1;?;0;70586;26;461;0;1;0;1;?
0;1;?;0;100456;42;505;0;1;0;?;?
0;1;?;0;100456;42;505;0;1;0;1;0
0;1;?;0;65105;-5;678;0;1;0;1;0
-2030;1;?;0;92336;186;878;0;1;0;1;0
0;1;?;0;74675;23;-133;?;1;0;1;0
0;1;?;0;74675;23;-133;?;1;0;1;0
0;1;?;0;94772;141;467;?;1;0;1;0
1015;1;?;0;78648;82;33;?;1;0;1;0
1015;1;?;0;85753;24;-28;?;1;0;1;0
-1015;1;?;0;70818;127;?;?;1;0;1;0
-1015;1;?;0;70818;127;?;?;1;0;1;0
-1015;1;?;0;70818;127;?;?;?;0;1;0
0;1;?;0;83027;115;?;?;?;0;1;0
0;1;0;0;97527;-38;?;?;?;0;1;0
0;1;0;0;74066;33;?;0;1;0;1;0
0;1;0;0;74066;33;?;0;1;0;1;0
1015;?;0;0;78677;134;?;0;1;0;1;0
0;1;0;0;94453;20;?;0;1;0;1;0
-2030;1;0;0;65569;149;?;0;1;0;1;0
0;1;0;0;69658;92;938;0;1;0;1;0
0;1;0;0;69049;135;498;0;1;0;1;0
0;1;0;0;69049;135;498;0;1;0;1;0
1015;1;0;?;90799;7;878;0;1;0;1;0
1015;1;0;0;90799;7;?;0;1;0;1;0
0;1;0;0;72268;197;?;0;1;0;1;0
1015;1;0;0;88769;143;604;0;1;0;1;0
0;1;0;0;81896;211;226;0;1;0;1;0
0;1;0;0;81896;211;226;0;1;0;1;?
1015;1;0;0;71746;221;346;0;1;0;1;0
0;1;0;0;85724;77;125;0;1;0;1;0
0;1;0;0;77662;246;210;0;1;0;?;0
0;1;?;0;77662;246;210;0;1;0;?;0
?;1;?;0;86536;205;487;0;1;0;?;0
?;1;?;0;79257;159;900;0;1;0;?;0
?;1;?;0;83491;100;466;0;1;0;?;0
?;1;?;0;2465;104;602;0;1;0;?;0
?;1;?;0;2465;104;602;0;1;0;?;0
-3016;1;?;0;2465;104;602;0;?;0;?;0
0;1;?;0;0;85;387;0;?;0;1;0
0;1;?;0;0;87;384;0;?;0;1;0
0;1;?;0;0;83;384;0;?;0;1;0
0;1;?;0;0;87;377;0;?;0;1;0
0;1;?;0;0;87;377;0;?;0;1;0
0;1;?;0;0;84;389;0;?;0;1;0
0;1;?;0;0;87;384;0;?;0;1;0
0;1;0;0;0;83;385;0;?;0;1;0
0;1;0;0;0;83;385;0;?;0;1;0
0;1;0;0;0;84;384;0;?;0;1;0
0;1;0;0;0;86;398;0;?;0;1;0
0;1;0;0;0;84;389;0;?;0;?;0
0;1;0;0;0;85;394;0;?;0;?;0
0;1;0;0;0;85;394;0;1;0;?;0
0;1;0;0;0;85;394;0;1;0;?;0
0;?;0;0;0;90;372;0;1;0;?;0
0;?;0;0;0;85;389;0;1;0;?;0
0;?;0;0;0;85;389;0;1;0;?;0
0;?;0;0;0;85;391;0;1;?;?;0
0;?;0;0;0;83;385;0;1;?;?;0
0;?;0;0;0;84;391;0;1;?;?;0
0;?;0;0;0;84;379;0;1;?;1;0
0;?;0;0;0;84;379;0;1;?;1;0
0;?;0;0;0;-247;211;0;1;?;1;0
0;?;0;0;-68005;-174;-111;0;1;?;1;0
0;?;0;0;-67251;-215;-773;0;1;0;1;0
-1015;?;0;0;-93206;-85;-611;0;1;0;1;0
-1015;1;0;0;-93206;-85;-611;0;1;0;1;0
1015;1;0;0;-92249;-194;-652;0;1;0;1;0
1015;1;0;0;-92249;-194;-652;0;1;0;1;0
0;1;0;0;-68904;-220;-307;0;1;0;1;0
-1015;1;0;0;-82157;-198;-157;0;1;0;1;0
0;1;0;0;-69426;-78;-309;0;1;0;1;0
0;1;0;0;-69426;-78;-309;0;1;0;1;0
-1015;1;0;0;-71224;-39;-580;0;1;0;1;0
0;1;0;0;?;-133;-343;0;1;0;1;0
0;1;0;0;?;-71;-338;0;1;0;1;0
?;1;0;0;?;-4;-637;0;1;0;1;0
?;1;0;0;?;-4;-637;0;1;0;1;0
0;1;0;0;?;-91;-548;0;1;0;1;0
0;1;0;0;?;-56;-136;?;1;0;1;0
0;1;0;0;?;-56;-136;?;1;0;1;0
1015;1;0;0;?;-31;-68;?;1;0;1;0
1015;1;0;0;?;-31;-68;?;1;0;1;0
0;1;0;0;?;-230;321;0;1;0;1;0
0;1;0;0;?;-248;-749;0;1;0;1;0
1015;1;0;0;-76995;-107;219;0;1;0;1;0
-1015;1;0;0;-90886;-143;-156;0;1;0;1;0
-1015;1;0;0;-90886;-143;-156;0;1;0;1;0
0;1;0;0;-59740;39;-442;0;1;0;1;0
0;1;0;0;-81403;81;-139;0;1;0;1;0
1015;1;0;0;-59943;-183;-656;0;1;0;1;0
0;1;0;0;-69948;-30;-451;0;1;0;1;0
0;1;0;0;-69948;-30;-451;0;1;0;1;?
0;1;0;0;-69948;-30;-451;0;1;0;1;?
1015;1;0;0;-86652;15;-478;0;1;0;1;?
0;1;0;0;-62872;-80;?;0;1;0;1;?
0;1;0;0;-83868;-8;?;0;1;0;1;?
0;1;0;0;-83868;-8;?;0;1;0;1;?
0;1;0;0;-86449;-2;?;0;1;0;1;?
0;1;0;0;-82650;-140;?;0;1;0;1;?
0;1;0;0;-75226;-172;?;0;1;0;1;0
0;1;0;0;-82708;15;?;0;1;0;1;0
0;1;0;0;-82708;15;?;0;1;0;1;0
0;1;0;0;-69078;-11;?;0;1;0;1;0
1015;1;0;0;-76299;-139;?;?;1;0;1;0
0;1;0;0;-78764;-132;?;?;1;0;1;0
0;1;0;0;-63336;-21;?;?;1;0;1;0
0;1;?;0;-63336;-21;?;?;1;0;1;0
0;1;?;0;-63336;-21;?;?;1;0;1;0
-1015;1;?;0;-94511;30;?;?;1;0;1;0
1015;1;?;0;-78300;-11;?;?;1;0;1;0
0;1;?;0;-93177;-39;?;?;1;0;1;0
0;1;?;0;-93177;-39;?;?;1;0;1;0
0;1;?;0;-99992;-103;?;?;1;0;1;0
0;1;?;0;-68846;-165;?;?;1;0;1;0
0;1;?;0;-59972;?;?;?;1;0;1;0
0;1;?;0;-75284;-37;?;?;1;0;1;0
0;1;?;0;-75284;-37;6;?;1;0;1;0
0;1;?;0;-89117;-21;-320;0;1;0;1;0
0;1;?;0;-81403;-171;54;0;1;0;1;0
1015;?;0;0;-62379;-111;-334;0;1;0;1;0
1015;?;0;0;-62379;-111;-334;0;1;0;1;0
1015;?;0;0;-62379;-111;-334;0;1;0;1;0
-1015;1;0;0;-89813;-66;-315;0;1;0;1;0
0;?;0;0;-85840;-36;42;0;1;0;1;0
-1015;?;0;0;-94424;2;-327;0;1;0;1;0
0;?;0;0;-67425;-67;-487;0;1;0;1;0
0;?;0;0;-67425;-67;-487;0;1;0;1;0
-1015;?;0;0;-76183;-133;-133;0;1;0;1;0
0;?;0;0;-35264;-139;-583;0;1;0;1;0
0;?;0;0;0;-35;-157;0;1;0;1;0
0;?;?;1;0;-33;-153;0;1;0;1;0
0;1;?;1;0;-33;-153;0;1;0;1;0
0;1;?;?;0;-33;?;0;1;0;0;0
0;1;?;1;0;-35;?;0;1;0;0;0
0;1;?;1;0;-35;?;0;1;0;0;0
0;1;?;1;0;-35;?;0;1;0;0;0
0;1;?;1;0;-32;?;0;1;0;0;0
0;1;0;1;0;-33;?;0;1;0;0;?
0;1;?;1;0;-33;?;0;1;0;0;?
0;1;?;1;0;-34;?;0;1;0;0;0
0;1;?;1;0;-30;?;0;1;0;?;0
0;1;?;1;0;-30;?;0;1;0;?;0
0;1;?;1;0;-33;?;0;1;0;?;0
0;1;?;1;0;-33;?;0;1;0;?;0
0;1;?;1;0;-36;?;0;1;0;?;0
0;1;?;1;0;-36;?;0;1;0;?;0
0;1;?;1;0;-36;-159;0;1;0;0;0
0;1;?;?;0;-34;-156;0;1;0;0;0
0;?;?;?;0;-35;-142;0;1;0;0;0
0;?;?;?;0;-31;-159;0;1;0;0;0
0;?;?;?;0;-31;-159;0;1;0;0;0
0;?;?;?;0;-31;-159;0;1;0;0;0
0;?;0;?;0;-35;-153;0;1;0;0;0
0;?;0;1;0;-35;-153;0;1;0;0;0
0;?;0;1;0;-36;-148;0;1;0;0;0
0;?;0;1;0;-36;-148;0;1;0;0;0
0;1;0;1;0;-33;-164;0;1;0;0;0
0;1;?;1;0;-34;-152;0;1;0;0;0
0;1;?;1;0;?;-148;0;1;0;0;0
0;1;?;1;0;?;-161;0;1;0;0;0
0;1;?;1;0;?;-161;0;1;0;0;0
0;1;?;1;0;?;-146;0;1;0;0;0
0;1;?;1;0;?;-158;0;1;0;0;0
0;1;?;1;0;?;-168;0;1;1;0;0
0;1;?;1;0;?;-168;0;1;1;0;0
0;1;?;1;0;?;-154;0;1;1;0;0
0;1;?;1;0;?;-154;0;1;1;0;0
0;1;?;1;0;?;-161;0;1;1;0;0
0;1;1;1;0;-36;-153;0;1;1;0;0
0;1;1;1;0;-36;-153;0;1;1;0;0
0;1;1;1;0;-37;-142;0;1;1;0;0
0;0;1;1;0;-30;-144;0;0;1;0;0
0;0;1;1;0;-30;-166;0;0;1;0;0
0;1;1;1;0;-31;-154;0;0;1;0;0
0;1;0;1;0;-31;-167;1;0;1;0;0
0;1;0;1;0;-31;-167;1;0;1;0;0
0;1;0;1;0;-32;-165;1;0;1;0;0
0;1;0;1;0;-38;-142;1;0;1;0;0
0;1;0;1;0;-33;-142;1;0;1;0;0
0;1;0;1;0;-34;-156;1;0;1;0;0
0;1;0;1;0;-34;-156;1;0;1;0;0
0;1;0;1;?;-34;-156;1;0;1;0;0
0;1;0;1;0;-33;-151;1;0;1;0;0
0;1;0;1;0;-34;-156;1;0;?;0;0
0;1;0;1;0;-34;?;1;0;1;0;0
0;1;0;1;0;-34;?;1;0;1;0;0
0;1;0;1;0;-33;?;1;0;1;0;0
0;1;0;1;0;-34;?;1;0;1;0;0
0;1;0;1;0;-33;?;1;0;1;0;0
0;1;0;1;0;-34;-159;1;0;1;0;0
0;1;0;1;0;-34;-159;1;0;1;0;0
0;1;0;1;0;-34;-148;1;0;1;0;0
0;1;0;1;0;-31;-157;1;?;1;0;0
0;1;0;1;0;-35;-171;1;?;1;0;0
0;1;0;1;0;-35;-171;1;?;1;0;0
0;1;0;1;0;-32;-164;1;?;1;0;0
0;1;0;1;0;-32;-164;1;?;1;0;0
0;1;0;1;0;-36;-154;1;?;1;0;0
0;1;0;1;0;-33;-154;1;?;1;0;0
0;1;0;1;0;-35;-161;1;?;1;0;0
0;1;0;1;0;-35;-161;1;0;1;0;0
0;1;0;1;0;-32;-140;1;0;1;0;0
0;1;0;1;0;-30;-157;1;0;1;0;0
0;1;0;1;0;-37;-156;1;0;1;0;0
0;1;0;1;0;-37;-156;1;0;1;0;0
0;1;0;1;0;-36;-156;1;0;1;0;0
0;1;0;1;0;-33;-150;1;0;1;0;0
0;1;0;1;0;-32;-145;1;0;1;0;0
0;1;0;1;0;-32;-157;1;0;1;0;0
0;1;0;1;0;-32;-157;1;0;1;0;0
0;1;0;1;0;-32;-157;1;0;1;0;0
0;1;0;1;0;-29;-148;1;0;1;0;0
0;1;0;1;0;-33;-161;1;0;1;0;0
0;1;0;1;0;-34;-153;1;0;1;0;0
0;1;0;1;0;-34;-150;1;0;1;0;0
0;1;0;1;0;-34;-150;1;0;1;0;0
0;1;0;1;0;-33;-170;1;0;1;0;0
0;1;0;1;0;-34;-156;1;0;1;0;0
0;1;0;?;0;-32;-150;1;0;0;?;0
0;1;0;1;0;-32;-170;1;0;0;?;0
0;1;?;1;0;-32;-170;1;0;0;?;0
0;?;?;1;0;-33;-153;1;0;0;?;0
0;?;?;1;0;-33;-153;1;0;0;?;0
0;?;0;1;0;-33;-144;1;0;0;?;0
0;?;0;1;0;-34;-144;1;0;0;0;0
0;?;0;1;0;-36;-167;1;0;0;0;0
0;?;0;1;0;-36;-167;1;0;0;0;0
0;?;0;1;0;-32;-144;0;0;0;0;0
0;?;0;1;0;-35;-153;0;0;0;0;0
0;?;0;1;0;-37;-150;0;0;0;0;0
0;?;0;1;0;-37;-150;0;0;0;0;0
-2001;?;0;0;-48488;-41;96;0;1;0;0;0
0;?;0;0;-81519;-105;-34;0;1;0;0;0
0;?;0;0;-85724;-200;-379;0;1;0;0;0
0;1;0;0;-70064;-88;-195;0;1;0;0;0
0;1;0;0;-70064;-88;-195;0;1;0;0;0
0;1;0;0;-67744;4;-297;0;1;0;0;0
0;1;0;0;-67744;4;-297;0;1;0;0;0
0;1;0;0;-84158;-118;-817;0;1;0;0;0
?;1;0;0;-94221;-133;-870;0;1;0;0;0
?;1;0;0;-75342;-170;-573;0;1;0;0;0
?;1;0;0;-75342;-170;-573;0;1;0;0;0
?;1;?;0;-89349;-178;-661;0;1;0;0;0
?;1;0;0;-71369;-185;-202;0;1;0;0;0
?;1;0;0;-93177;-152;191;0;1;0;0;0
?;1;0;0;-93177;-152;191;0;1;0;0;0
?;1;0;0;-66468;0;-592;0;1;0;0;0
?;1;?;0;-81345;-173;-703;0;1;0;0;0
?;1;?;0;-74588;-48;-183;0;1;0;0;0
0;1;?;0;-76299;-159;-206;0;1;0;0;0
0;1;?;0;-76299;-159;-206;0;1;0;0;0
0;1;?;0;-76299;-159;-206;0;1;0;0;0
1015;1;?;0;-69223;-152;-723;0;1;0;0;0
1015;1;?;0;-71949;-194;-682;0;1;0;0;0
0;1;?;0;-81664;-153;-240;0;1;0;0;0
0;1;?;0;-81664;-153;-240;0;1;0;0;0
0;1;?;0;-90712;-174;-799;0;1;0;0;0
0;1;?;0;-90915;-34;-565;0;1;0;0;0
-1015;1;?;0;-65221;0;-468;0;1;0;0;0
0;1;0;0;-70876;-89;-698;0;1;0;0;0
0;1;0;0;-70876;-89;-698;0;1;?;0;0
1015;1;0;0;-71572;-89;-464;0;1;?;0;0
2001;1;0;0;-22069;-66;-199;0;1;?;0;0
0;1;0;0;0;-43;-207;0;1;?;0;0
0;1;0;0;0;-43;-202;0;1;?;0;0
0;1;0;0;0;-43;-202;0;1;?;0;0
0;1;0;0;0;-43;-202;0;1;?;0;0
0;1;0;0;0;-47;-194;0;1;?;1;0
0;1;0;0;0;-47;-196;0;1;?;1;0
0;1;0;0;0;-43;-198;0;1;0;1;0
0;1;0;0;0;-43;-198;0;1;0;1;0
0;1;0;0;0;-46;-207;0;1;0;1;0
0;1;0;0;0;-45;-212;0;1;0;1;0
0;1;0;0;0;-44;-195;0;1;0;1;0
0;1;0;0;0;-44;-208;0;1;0;1;0
0;1;0;0;0;-44;-208;0;1;0;1;0
0;1;0;0;0;-43;-200;0;1;0;1;0
0;1;0;0;0;-43;-200;0;1;0;1;0
0;1;0;0;0;-44;-213;0;1;0;1;0
0;1;0;0;0;-44;-206;0;1;0;1;0
0;1;0;0;0;-40;-200;0;1;?;1;0
0;1;0;0;0;-46;-197;0;1;?;1;0
0;1;0;0;0;-46;-197;0;1;?;1;0
0;1;0;0;0;-44;-206;0;1;?;1;0
0;1;0;0;0;-44;-218;0;1;?;1;0
0;1;0;0;0;-41;-195;0;1;?;1;0
?;1;0;0;0;-43;-194;0;1;?;1;0
0;1;0;0;0;-43;-194;0;1;?;1;0
0;1;0;0;0;-46;-203;0;1;?;1;0
0;1;0;0;0;-46;-203;0;1;0;1;0
0;1;0;0;74994;72;112;0;1;0;1;0
0;1;0;0;90828;218;1109;0;1;0;1;0
0;1;0;0;90828;218;1109;0;1;0;1;0
0;1;0;0;66700;80;979;0;1;0;1;0
0;1;0;0;83752;211;421;0;1;0;1;0
0;1;0;0;70499;54;109;0;1;0;1;0
0;1;0;0;70499;54;109;0;1;0;1;0
0;1;0;0;81809;97;779;0;1;0;1;0
0;1;0;0;76183;170;328;0;1;0;1;0
0;1;0;0;74704;-8;1012;0;1;0;1;0
0;1;0;0;74704;-8;1012;0;1;0;1;0
1015;1;?;0;90016;26;736;0;1;0;1;0
0;1;?;0;52606;31;226;0;1;0;1;0
0;1;?;0;52606;31;226;0;1;0;1;0
0;1;?;0;71978;35;555;0;1;0;1;0
1015;1;?;0;75864;134;29;0;1;0;1;0
0;1;?;0;84506;13;1080;0;1;0;1;0
0;1;?;0;84506;13;1080;0;1;0;1;0
-2030;1;?;0;65627;154;324;0;1;0;1;0
0;1;?;0;106256;118;-17;0;1;0;1;0
0;1;?;0;72123;74;173;0;1;0;1;0
0;1;?;0;72123;74;173;0;1;0;1;0
0;1;?;0;92510;9;65;0;1;0;1;0
1015;1;?;0;89465;174;-106;0;1;0;1;0
0;1;0;0;76966;102;774;0;1;0;1;0
0;1;0;0;70412;18;53;0;1;0;1;0
0;1;0;0;70412;18;53;0;1;0;1;0
0;1;0;0;70412;18;53;0;1;0;1;0
-1015;1;0;0;100369;129;23;0;1;0;?;0
0;1;0;0;84274;34;863;0;1;0;?;0
0;1;0;0;86043;7;-42;0;1;0;?;0
-1015;1;0;0;72558;89;48;0;1;0;?;0
-1015;1;0;0;72558;89;48;0;1;0;?;0
0;?;0;0;100659;154;361;0;1;0;1;0
0;?;0;0;100137;-1;172;0;1;0;1;0
0;?;0;0;88798;168;117;0;1;0;1;0
0;?;0;0;88798;168;117;0;1;0;1;0
0;?;0;0;73921;84;221;0;1;0;1;0
0;?;0;0;68759;172;236;0;1;0;1;0
-1015;?;0;0;75081;246;-153;0;1;0;1;0
-1015;?;0;0;81867;157;103;0;1;0;1;0
-1015;?;0;0;81867;157;103;0;1;0;1;0
-1015;?;0;0;81867;157;103;0;1;0;1;0
-1015;?;0;0;76473;65;100;0;1;0;1;0
0;?;0;0;75632;73;572;0;1;0;1;0
-1015;?;0;0;78039;162;701;0;1;0;1;0
-1015;?;0;0;78039;162;701;0;1;0;1;0
0;?;0;0;86536;-5;-99;0;1;0;1;0
0;1;0;0;91031;52;297;0;1;0;1;0
0;1;0;0;94337;171;17;0;1;0;1;0
0;1;0;0;94337;171;17;0;1;0;1;0
0;1;0;0;84767;16;58;0;1;0;1;0
0;1;0;0;56724;-3;404;0;1;0;1;0
1015;1;0;0;80214;192;182;0;1;0;1;0
0;1;0;0;90596;201;806;0;1;0;1;0
0;1;0;0;90596;201;806;0;1;0;1;0
0;1;0;0;76096;26;657;0;1;0;1;0
0;1;0;0;76096;26;657;0;1;0;1;0
0;1;0;0;88537;-53;-24;0;1;0;1;0
0;1;0;0;89784;14;-370;0;1;0;1;0
-1015;1;0;0;69136;-41;227;0;1;0;1;0
-1015;1;0;0;69136;-41;227;0;1;0;1;0
0;1;0;0;89001;84;428;0;1;0;1;0
0;1;0;0;89697;7;-216;0;1;0;1;0
0;1;0;0;59392;134;369;0;1;0;1;0
0;1;0;0;59392;134;369;0;1;0;1;0
0;1;0;0;71659;124;-80;0;1;0;1;0
1015;1;0;0;?;190;752;0;1;0;1;0
-1015;1;0;0;?;156;420;0;1;0;1;0
-1015;1;0;0;?;?;420;0;1;0;1;0
-1015;1;0;0;?;?;1035;0;1;0;1;0
-1015;1;0;0;?;68;1035;0;1;0;1;0
-1015;1;0;0;?;68;1035;0;1;0;1;0
?;1;0;0;?;89;836;0;1;0;1;0
?;1;0;0;?;108;248;0;1;0;1;0
?;1;0;0;?;170;17;?;1;0;1;0
?;1;0;0;80736;168;73;?;1;0;1;0
?;1;0;0;80736;168;73;?;1;0;1;0
?;1;0;0;89117;77;624;?;1;0;1;0
?;1;0;0;92365;152;281;?;1;0;1;0
?;1;0;0;65888;165;41;?;1;0;1;0
?;1;0;0;65888;165;41;?;1;?;1;0
?;1;0;0;71311;-61;895;?;1;?;1;0
?;?;0;0;95236;17;303;?;1;?;1;0
?;?;0;0;67135;-16;742;?;1;?;1;0
?;?;0;0;67135;-16;742;?;1;?;1;0
?;?;0;0;82998;175;22;0;1;?;1;0
?;?;0;0;82998;175;22;0;1;?;1;0
1015;?;0;0;72703;231;119;0;1;?;1;0
0;?;0;0;80156;76;453;0;1;0;1;0
0;?;0;0;80156;76;453;0;1;0;1;0
0;1;0;0;67280;137;832;0;1;0;1;0
0;1;0;0;90016;97;609;0;1;0;1;0
1015;1;0;0;81722;67;127;0;1;0;1;0
?;1;0;0;91524;222;929;0;1;0;1;0
?;1;0;0;86565;180;50;0;1;0;1;0
?;1;0;0;86565;180;50;0;1;0;1;0
?;1;0;0;55970;211;446;0;1;0;1;0
?;1;0;0;-22098;118;305;0;1;0;1;0
1015;1;0;0;-22098;118;305;0;1;0;1;0
0;1;0;0;0;71;323;0;1;0;1;0
0;1;0;0;0;71;333;0;1;0;1;0
0;1;0;0;0;71;333;0;1;0;1;0
0;1;0;0;0;76;327;0;1;0;1;0
0;1;0;0;0;71;333;0;1;?;1;0
0;1;0;0;0;70;321;0;1;?;1;0
0;1;0;0;0;70;321;0;1;?;1;0
0;1;0;0;0;73;317;0;1;?;1;0
0;1;0;0;0;74;317;0;1;?;1;0
0;1;0;0;0;71;333;0;1;?;1;0
0;1;0;0;0;74;325;0;1;?;1;0
0;1;0;0;0;74;325;0;1;?;1;0
0;1;0;0;0;73;335;0;1;?;1;0
0;1;0;0;0;69;331;0;1;?;1;0
0;1;0;0;0;74;329;0;1;?;1;0
0;1;0;0;0;74;329;0;1;?;1;0
0;1;0;0;0;74;329;0;1;?;1;0
0;1;0;0;0;74;325;0;1;?;1;0
0;1;0;0;0;71;327;0;1;0;1;0
0;1;0;0;0;73;319;0;1;0;1;0
0;1;0;0;0;71;331;0;1;0;1;0
0;1;0;0;0;71;331;0;1;0;1;0
0;1;0;0;0;73;333;0;1;0;1;0
-2001;1;0;0;-70064;-230;-802;0;1;0;1;0
-1015;1;0;0;-82679;-35;-622;0;1;0;1;0
-1015;1;0;0;-82679;-35;-622;0;1;0;1;0
0;1;0;0;-75342;-249;-1036;0;1;0;1;0
0;1;0;0;-89117;-94;-239;0;1;0;1;0
0;1;0;0;-99064;-170;-459;0;1;0;1;0
0;1;0;0;?;-170;-459;0;1;0;1;0
-1015;1;0;0;?;-143;-407;0;1;0;1;0
-1015;1;0;0;?;-143;-407;0;1;0;1;0
0;1;0;0;?;-119;-430;0;1;0;1;0
0;1;0;0;?;-109;-103;0;1;0;1;0
0;1;0;0;?;-56;-492;0;1;0;1;0
-1015;1;0;0;?;-156;-785;0;1;0;1;0
-1015;1;0;0;?;-156;-785;0;1;0;?;0
0;1;0;0;?;12;-748;0;1;0;?;0
0;1;0;0;?;-10;222;0;1;0;?;0
0;1;0;0;?;-10;222;0;1;0;?;0
0;1;0;0;?;-57;-143;0;1;0;?;0
0;1;0;0;?;35;-175;0;1;0;?;0
0;1;0;0;?;-114;170;0;1;0;?;0
0;1;0;0;-88653;-21;-413;0;1;0;?;0
0;1;0;0;-88653;-21;-413;0;1;0;?;0
0;1;0;0;-88653;-21;-413;0;1;0;?;0
0;1;0;0;-96628;32;-65;0;1;0;?;0
2030;1;0;0;-85724;-93;-654;0;1;0;?;0
0;1;0;0;-83288;-3;-523;0;1;0;?;0
-1015;1;0;0;-97556;39;-272;0;1;0;?;0
-1015;1;0;0;-97556;39;-272;0;1;0;1;0
0;1;0;0;-78735;-109;-434;0;1;0;1;0
0;1;0;0;-84129;-3;-549;0;?;0;1;0
1015;1;0;0;-70093;0;21;0;?;0;1;0
0;1;0;0;-83984;-146;29;0;?;0;1;0
0;1;0;0;-83984;-146;29;0;?;0;1;0
1015;1;0;0;-91408;-146;-125;0;1;0;1;0
2001;1;0;0;-40861;-34;-348;0;1;0;1;0
0;1;0;0;-5365;35;?;0;1;0;1;0
0;1;0;0;-5365;35;?;?;1;0;1;0
0;1;0;0;-5365;35;?;?;1;0;1;0
0;1;0;0;0;?;?;?;1;0;1;0
0;1;0;0;0;?;?;?;1;0;0;1
0;1;0;0;0;?;?;?;1;0;?;1
0;1;0;0;0;5;?;?;1;0;?;1
0;1;0;0;0;5;?;?;1;0;?;1
0;1;0;0;0;6;?;?;1;0;?;1
0;1;0;0;0;2;26;?;1;0;0;1
0;1;0;0;0;6;21;?;1;0;0;1
0;1;0;0;0;6;21;?;1;0;0;1
0;1;0;0;0;4;25;?;1;0;0;1
0;1;0;0;0;3;31;?;1;0;0;1
0;1;0;0;0;5;29;?;1;0;0;1
0;1;0;0;0;7;37;?;1;0;0;1
0;1;0;0;0;7;37;0;1;0;0;1
0;1;0;0;0;5;31;0;1;0;0;1
0;1;0;0;0;5;31;0;1;0;0;1
0;1;0;0;0;6;40;0;1;0;0;1
0;1;0;0;0;6;30;0;1;0;0;1
0;1;0;0;0;6;30;0;1;0;0;1
0;1;0;0;0;5;13;0;1;0;0;1
0;1;0;0;0;5;13;0;1;0;0;1
0;1;0;0;0;2;26;0;1;0;0;1
0;1;0;0;0;6;13;0;1;0;0;1
0;1;0;0;0;6;26;0;1;0;0;1
0;1;0;0;0;6;26;0;1;0;0;1
0;1;0;0;0;5;35;0;1;0;?;1
0;1;0;0;0;?;40;0;1;0;?;1
0;1;0;0;0;?;18;0;1;0;0;1
0;1;?;0;0;?;18;0;1;0;0;1
0;1;?;0;0;?;18;0;1;0;0;1
0;1;?;0;0;?;21;0;1;0;0;1
0;1;?;0;0;?;41;0;1;0;0;1
0;1;?;0;0;?;?;0;1;0;0;1
0;1;0;0;0;?;?;0;1;0;0;1
0;1;0;0;0;?;?;0;1;0;0;1
0;1;0;0;0;?;?;0;1;0;0;1
0;1;0;0;0;?;?;0;1;0;0;1
0;1;0;0;0;4;25;0;1;0;0;1
0;1;0;0;0;6;17;0;?;0;0;1
0;1;0;0;0;6;17;0;?;0;0;1
0;?;0;0;0;5;30;0;?;0;0;1
0;?;0;0;0;3;41;0;?;0;0;1
0;?;0;0;0;3;26;0;?;0;0;1
0;?;0;0;0;3;26;0;?;0;0;1
0;?;0;0;0;3;26;0;?;0;0;1
0;?;0;0;0;6;28;0;1;0;0;1
0;?;0;0;0;6;19;0;1;0;0;1
0;?;0;0;0;5;31;0;1;0;0;1
0;?;0;0;0;5;34;0;1;0;0;1
0;?;0;0;0;5;34;0;1;0;0;1
0;?;0;0;0;4;39;0;1;?;0;1
0;?;0;0;0;7;?;0;1;?;0;1
0;?;0;0;0;6;?;0;1;?;0;1
0;?;0;0;0;6;?;0;1;?;0;1
?;1;1;0;0;6;?;0;1;?;0;1
?;1;1;0;0;3;?;0;1;?;0;1
?;0;1;0;0;7;?;?;0;?;0;1
?;1;1;0;0;3;?;?;0;?;0;1
?;1;1;0;?;3;?;?;0;?;0;1
?;1;1;0;?;3;?;?;0;?;0;1
?;1;1;0;?;7;?;?;0;?;0;1
?;1;1;0;?;8;?;?;0;?;0;1
0;1;0;0;?;5;?;?;0;?;0;1
0;1;0;0;?;3;?;?;0;?;0;1
0;1;0;0;?;3;?;?;0;1;0;1
0;1;0;0;?;4;?;?;0;1;0;1
0;1;0;0;?;10;24;?;0;1;0;1
0;1;0;0;?;6;17;?;0;1;0;1
0;1;0;0;0;6;17;?;0;1;0;1
0;1;0;0;0;8;15;?;0;1;0;1
0;1;0;0;0;3;8;1;0;1;0;1
0;1;0;0;0;5;17;1;0;1;0;1
0;1;0;0;0;1;31;1;0;1;0;1
0;1;0;0;0;1;31;1;0;1;0;1
0;1;0;0;0;1;31;1;0;1;0;1
0;1;0;0;0;5;23;1;0;1;0;1
0;1;0;0;0;4;27;1;0;1;0;1
0;1;?;0;0;5;30;1;0;1;0;1
0;1;?;0;0;5;30;1;0;1;0;1
0;1;?;?;0;5;9;1;0;1;0;1
0;1;?;?;0;4;16;1;0;1;0;1
0;1;?;?;0;5;15;1;0;1;0;1
0;1;?;?;0;3;34;?;0;1;0;1
0;1;?;?;0;3;34;?;0;1;0;1
0;1;0;?;0;5;21;?;0;1;0;1
0;1;0;?;0;6;40;?;0;1;0;1
0;1;?;?;0;6;21;?;0;1;0;1
0;1;?;?;0;6;21;?;0;1;0;?
0;1;?;?;0;6;21;?;0;1;0;?
0;1;?;?;0;3;35;?;0;1;0;?
0;1;?;?;0;5;21;?;?;1;0;?
0;1;?;?;0;4;31;?;?;1;0;?
0;1;?;?;0;7;19;?;?;1;0;?
0;1;?;?;0;7;19;?;?;1;0;?
0;1;?;?;0;2;17;?;?;?;0;?
0;1;?;?;0;3;25;?;?;?;0;1
0;1;?;?;0;5;40;?;?;?;0;1
0;1;?;?;0;5;40;?;?;?;0;1
0;1;0;?;0;4;21;?;0;?;0;1
0;1;0;?;0;6;19;?;0;?;0;1
0;1;0;?;0;7;31;?;0;?;0;1
0;1;0;?;0;5;25;?;0;?;0;1
0;1;0;0;0;5;25;?;0;?;0;1
0;1;0;0;0;5;25;?;0;?;0;1
?;1;0;0;0;8;30;?;0;?;0;1
0;1;0;0;0;6;33;1;0;?;0;1
0;1;0;0;0;1;19;1;0;0;0;1
0;1;0;0;0;3;22;1;0;0;0;1
0;1;0;0;0;3;22;1;0;0;0;1
0;1;0;0;0;3;28;1;0;0;0;1
0;1;0;0;0;1;13;1;0;0;0;1
0;1;0;0;0;8;39;0;0;0;0;1
0;1;0;0;0;8;39;0;0;0;0;1
0;1;0;0;0;4;26;0;0;0;0;1
0;1;0;0;0;6;30;0;0;0;0;1
0;1;0;0;0;6;19;0;0;0;0;1
-2001;1;0;0;-77546;-109;248;0;1;0;0;0
-2001;1;0;0;-77546;-109;248;0;1;0;0;0
-2001;1;0;0;-77546;-109;248;0;1;0;0;0
0;1;0;0;-76908;-66;-367;0;1;0;0;0
0;1;0;0;-89465;-81;-727;?;1;0;0;0
0;1;0;0;-80968;-102;170;?;1;0;0;0
0;1;0;0;-80968;-102;170;?;1;0;0;0
0;1;0;0;-77981;-83;281;?;1;0;0;0
0;1;0;0;-84651;-114;-668;?;1;0;0;0
0;1;0;0;-65308;48;-609;0;1;0;0;0
1015;?;0;0;-76937;-126;-72;0;1;0;0;0
0;1;0;0;-62002;-81;-947;0;1;0;0;0
0;1;0;0;-62002;-81;-947;0;1;0;0;0
0;1;0;0;-90712;-139;-249;0;1;0;0;0
2030;1;0;0;-100224;-121;117;0;1;0;0;0
2030;1;0;?;-100224;-121;117;0;1;?;0;0
0;1;0;?;-86246;-185;125;0;1;?;0;0
0;1;0;?;-86246;-185;125;0;1;?;0;0
0;1;0;?;-86855;-53;-247;0;1;?;0;0
1015;1;0;?;-74530;-67;-119;0;1;?;0;0
0;1;0;?;-81838;-34;-722;0;1;?;0;?
0;1;0;?;-81838;-34;-722;0;1;?;0;?
0;1;0;?;-72210;-54;-229;0;1;?;0;?
1015;1;0;?;-65946;-104;-338;0;1;?;0;?
0;1;0;?;-57884;-33;-204;0;1;?;0;?
0;1;0;?;-74704;5;-41;0;1;?;0;?
0;1;0;?;-74704;5;-41;0;1;?;0;?
1015;1;0;?;-75081;-145;-208;0;1;?;0;?
-1015;1;0;?;-82795;-128;-74;0;1;?;?;?
0;1;0;?;-73515;-59;-482;0;1;0;0;?
0;1;0;?;-73515;-59;-482;0;?;0;0;?
?;1;0;?;-80881;-125;-862;0;?;0;0;?
?;1;0;?;-80881;-125;-862;0;?;0;0;?
?;1;0;?;-75197;-41;-887;0;?;0;0;?
?;1;0;?;-81925;-15;-823;0;1;0;0;0
?;1;0;?;-87609;-22;-625;0;1;0;0;0
0;1;0;?;-75458;-21;-100;0;1;0;0;0
0;1;0;0;-75458;-21;-100;0;1;0;0;0
0;1;0;0;-75110;-22;-107;0;1;0;0;0
-1015;1;0;0;-87551;-61;-239;0;1;0;0;0
0;1;0;0;?;0;-783;0;1;0;0;0
1015;1;0;0;?;-173;-123;0;1;0;0;0
1015;1;0;0;?;-173;-123;0;1;0;0;0
-1015;1;0;0;-98136;-189;-226;0;1;0;0;0
-1015;1;0;0;-98136;-189;-226;0;1;0;0;0
-1015;1;0;0;-69107;-9;-326;0;1;0;0;0
-1015;1;0;0;?;-188;-179;0;1;0;0;0
-1015;?;0;0;?;-188;-179;0;1;0;0;0
1015;?;0;0;?;-135;-114;0;1;0;0;0
0;?;0;0;?;-63;-253;0;1;0;0;0
0;?;0;0;?;-197;-828;0;1;0;0;0
-1015;?;0;0;-74240;-90;-153;0;1;0;0;0
-1015;?;0;0;-74240;-90;-153;0;1;0;0;0
1015;?;0;0;-89842;-98;-28;0;1;0;0;0
-1015;?;0;0;-66526;-73;-548;0;1;0;0;0
0;?;0;0;-85724;-34;-188;0;1;0;0;0
0;?;0;0;-85724;-34;-188;0;1;0;0;?
0;?;0;0;-85724;-34;-188;0;1;0;0;?
0;?;0;0;-75052;-108;-158;0;1;0;0;?
1015;1;0;0;-69252;-166;-285;0;1;0;0;?
0;1;0;0;-71572;-173;-855;0;1;0;0;?
0;1;0;0;-94569;-34;-573;0;1;0;0;?
0;1;0;0;-94569;-34;-573;0;1;0;0;?
1015;1;0;0;-84825;-108;-719;0;1;0;0;?
2001;1;0;0;-11252;-128;-451;0;1;0;0;?
2001;1;0;0;-11252;-128;-451;0;1;0;0;?
0;1;0;0;0;-47;-208;0;1;?;0;?
0;1;0;0;0;-44;-214;?;1;?;0;?
0;1;0;0;0;-47;-213;?;1;?;1;?
0;1;0;0;0;-43;-231;?;1;?;1;?
0;1;0;0;0;-44;-212;?;1;?;1;0
0;1;0;0;0;-44;-212;?;1;?;?;0
0;1;0;0;0;-44;-212;?;1;?;?;0
0;1;0;0;0;-44;-216;?;1;?;?;0
0;1;0;0;0;-44;-203;0;1;0;?;0
0;1;0;0;0;-45;-205;0;1;0;?;0
0;1;0;0;0;-44;?;0;1;0;?;0
0;1;0;0;0;-44;?;0;1;0;1;0
0;1;0;0;0;-46;?;0;1;0;1;0
0;1;0;0;0;-47;-202;0;1;0;1;0
0;1;0;0;0;-45;-216;0;1;0;1;0
0;1;0;0;0;-45;-216;0;1;0;1;0
0;1;0;0;0;-44;-200;0;1;0;1;0
0;1;0;0;0;-43;-214;0;1;0;1;0
0;1;0;0;0;-44;-205;0;1;0;1;0
0;1;0;0;0;-49;-205;0;1;0;1;0
0;1;0;0;0;-49;-205;0;1;0;1;0
0;1;0;0;0;-49;-205;0;1;0;1;0
0;1;0;0;0;-46;-205;0;1;0;1;0
0;1;0;0;0;-48;-187;0;1;0;1;0
0;1;?;0;0;-48;-212;0;1;0;1;0
0;1;?;0;0;-48;-212;0;1;0;1;0
2001;1;?;0;86333;190;859;0;1;0;1;0
0;1;?;0;89755;77;816;0;1;0;1;0
0;1;?;0;89146;132;673;0;1;0;1;0
0;1;?;0;91756;217;325;0;1;0;1;0
0;1;?;0;91756;217;325;0;1;0;1;0
1015;1;?;0;80388;20;?;0;1;0;1;0
0;1;?;0;73428;240;?;0;1;0;1;0
0;1;?;0;87000;22;?;0;1;0;1;0
0;1;?;0;87000;22;?;0;1;0;1;0
0;1;?;0;91524;191;?;0;1;0;1;0
0;1;?;0;91524;191;?;0;1;0;1;0
1015;1;0;0;77952;28;?;0;1;0;1;0
0;1;0;?;83462;83;?;0;1;0;1;0
1015;1;0;0;83752;-28;?;0;1;0;1;0
-1015;1;0;0;71195;-11;150;0;1;0;1;0
-1015;1;0;0;71195;-11;150;0;1;0;1;0
0;1;0;0;80127;62;299;0;1;0;1;0
0;1;0;0;78996;32;863;0;1;0;1;?
0;1;0;0;80678;0;472;0;1;0;1;?
0;1;0;0;96077;105;859;0;1;0;1;?
0;1;0;?;96077;105;859;0;1;0;1;?
0;1;0;?;64960;90;848;0;1;0;1;?
0;1;0;?;64960;90;848;0;1;0;1;?
0;1;0;?;69136;194;738;0;?;0;1;0
1015;1;0;?;74124;-13;328;0;?;0;1;0
1015;1;0;?;74124;?;328;0;?;0;1;0
0;1;0;?;68788;?;494;0;?;0;1;0
0;1;0;?;70905;?;217;0;?;0;1;0
-1015;1;0;?;91698;?;691;0;?;0;1;0
0;1;0;?;69774;?;325;0;?;0;1;0
0;1;0;?;69774;?;325;0;?;0;1;0
0;1;0;0;80939;30;-79;0;?;0;1;0
0;1;0;0;89030;24;622;0;?;0;1;0
1015;1;0;0;85028;154;2;0;1;0;1;0
1015;1;0;0;85028;154;2;0;1;0;1;0
-1015;1;0;0;60262;189;213;0;?;0;1;0
-1015;1;0;0;60262;189;213;0;?;0;1;0
0;?;0;0;80388;163;487;0;1;0;1;0
0;?;0;0;64989;166;148;0;1;0;1;0
0;?;0;0;64989;166;148;0;1;0;1;0
1015;?;0;0;85028;-30;988;0;1;0;?;0
1015;?;0;0;85028;-30;988;0;1;0;?;0
1015;?;0;0;83926;100;99;0;1;0;?;0
0;?;0;0;97846;86;571;0;1;0;?;0
0;?;0;0;93873;139;201;0;1;?;?;0
0;?;0;0;93873;139;201;0;1;?;?;0
0;?;0;0;71572;-27;1139;0;1;?;1;0
0;?;0;0;82128;7;772;0;1;?;1;0
0;?;0;0;89668;37;679;0;1;?;1;0
-1015;?;0;0;84216;57;-105;0;1;?;1;0
-1015;1;?;0;84216;57;-105;0;1;?;1;0
-1015;1;?;0;84216;57;-105;0;1;?;1;0
0;1;?;0;91640;-1;499;0;1;?;1;0
0;1;?;0;79924;40;-6;0;1;?;1;0
0;1;?;0;80968;104;67;0;1;?;1;0
0;1;?;0;75980;49;166;0;1;?;1;0
0;1;?;0;75980;49;166;0;1;?;1;0
-1015;1;0;0;94772;125;77;0;1;?;1;0
0;1;0;0;85028;90;-218;0;1;?;1;0
1015;1;0;0;95671;174;-547;0;1;0;1;0
1015;1;0;0;95671;174;-547;0;1;0;1;0
-1015;1;0;0;78967;18;794;0;1;0;1;0
0;1;0;0;86159;33;618;0;1;0;1;0
0;1;0;0;78387;124;401;0;1;0;1;0
0;1;0;0;?;31;42;0;1;?;1;0
0;1;0;0;?;31;42;0;1;?;1;0
0;1;0;0;?;31;42;0;1;?;1;0
-1015;1;0;0;?;11;306;0;1;?;1;0
0;1;0;0;?;128;142;0;1;0;1;0
-1015;1;0;0;?;63;658;0;1;0;1;0
0;1;0;0;?;106;320;0;1;0;1;0
0;1;0;0;?;106;320;0;1;0;1;0
0;1;0;0;?;-59;706;0;1;0;1;0
1015;1;0;0;?;195;129;0;1;0;1;0
-1015;1;0;0;?;231;462;0;1;0;1;0
0;1;0;0;?;10;-285;0;1;0;1;0
0;1;0;0;?;10;-285;0;1;0;?;0
1015;1;0;0;95033;56;-311;0;1;0;?;0
0;1;0;0;100340;247;?;0;1;0;?;0
-1015;1;0;0;71224;29;?;0;1;0;?;0
-1015;1;0;0;71224;29;?;0;1;0;1;0
-1015;1;0;0;71224;29;?;0;1;0;1;0
0;1;?;0;76415;63;?;0;1;0;1;0
0;1;?;0;65656;151;?;0;1;0;1;0
0;1;?;0;65424;207;?;0;1;0;1;?
1015;1;?;0;77952;114;?;0;1;0;1;?
1015;1;0;0;77952;114;?;0;1;0;1;?
?;1;0;0;74414;75;?;0;1;0;1;0
?;1;0;0;66352;62;?;0;1;0;1;0
?;1;0;0;72413;113;?;?;1;0;1;0
?;1;0;0;83810;221;?;?;1;0;1;0
?;1;0;0;83810;221;?;?;1;0;1;0
?;1;0;0;86159;0;445;0;1;0;1;0
?;1;0;0;86159;0;445;0;1;0;1;0
?;1;0;0;90103;62;91;0;1;0;1;0
0;1;0;0;57971;252;923;0;1;0;1;0
0;1;0;0;57971;252;923;0;1;0;1;0
0;1;0;0;65685;135;461;0;1;0;1;0
-986;1;0;0;0;132;732;0;1;0;?;0
0;1;0;0;26651;78;-274;0;1;0;?;0
0;1;0;0;26651;78;-274;0;1;0;?;0
0;1;0;0;0;77;354;0;1;0;?;0
0;1;0;0;0;82;380;0;1;0;?;0
0;1;0;0;0;80;352;0;1;0;?;0
0;1;0;0;0;77;368;0;1;0;1;0
0;1;0;0;0;80;356;0;1;0;1;0
0;1;0;0;0;80;356;0;1;0;1;0
0;1;0;?;0;75;360;0;1;0;1;0
0;1;0;?;0;75;360;0;1;0;1;0
0;1;0;?;0;77;352;0;1;0;1;0
0;1;0;?;0;77;354;0;1;0;1;0
0;1;0;0;0;77;354;0;1;0;1;0
0;1;0;0;0;81;341;0;1;0;1;0
0;1;0;0;0;79;352;0;1;0;1;0
0;1;0;0;0;80;360;0;1;0;1;0
0;1;0;0;0;83;362;0;1;0;1;0
0;1;0;0;0;83;362;0;1;0;1;0
0;1;0;0;0;78;360;0;1;0;1;0
0;1;0;0;0;80;366;0;1;0;1;0
0;1;0;0;0;79;370;0;1;0;1;0
0;1;0;0;0;79;370;0;1;0;1;0
0;1;0;0;0;77;358;0;1;0;1;0
0;1;0;0;0;79;231;0;1;0;1;0
-986;1;0;0;-67280;-33;-883;0;1;0;1;0
-986;1;0;0;-67280;-33;-883;0;1;0;1;0
0;1;0;0;-94801;-213;-1050;0;1;0;1;0
0;1;0;0;-94801;-213;-1050;0;1;0;1;0
1015;1;0;0;-87609;-116;-1050;0;1;0;1;0
1015;1;0;0;-67744;-30;-804;0;1;0;1;0
0;1;0;0;-74820;-184;-634;0;1;0;1;0
0;1;0;0;-74820;-184;-634;?;1;0;1;0
-1015;1;0;0;-70325;-77;-420;?;1;0;1;0
0;1;0;0;-83230;-159;-789;?;1;0;1;0
0;1;0;0;-85260;-207;-964;?;1;0;1;0
0;1;0;0;-73689;-55;-1126;?;1;0;1;0
0;1;0;?;-73689;-55;-1126;?;1;0;1;0
1015;1;0;?;-77981;-58;-774;?;1;0;1;0
-1015;1;0;0;-61509;-165;-59;?;1;0;1;0
-1015;1;0;0;-61509;-165;-59;?;1;0;1;0
0;1;0;0;-73428;-105;189;?;1;0;1;0
0;1;0;0;-73428;-105;189;0;1;0;1;0
0;1;0;0;-67831;-115;-1116;0;1;0;1;0
0;1;0;0;-76647;-106;87;0;1;0;1;0
0;1;0;0;-75487;-114;26;0;1;0;1;0
-1015;1;0;0;-72181;-197;-142;0;1;0;1;0
-1015;1;0;0;-72181;-197;-142;0;1;0;1;0
1015;1;0;0;-103124;-115;467;0;1;0;1;0
0;1;0;0;-90132;?;183;0;1;0;1;0
0;1;0;0;-58377;?;-69;0;1;0;1;0
0;1;0;0;-83984;?;-354;0;1;0;1;0
0;1;0;0;-83984;?;-354;0;1;0;1;0
0;1;0;0;-71920;?;-159;0;1;0;1;0
0;1;0;0;-71920;?;-159;0;1;0;1;0
0;1;0;0;-71282;?;-12;0;1;0;1;0
0;1;0;0;-65830;?;?;0;1;0;1;0
1015;1;0;0;-100253;?;?;0;1;0;1;0
1015;1;0;0;-100253;?;?;0;1;0;1;0
0;1;0;0;-82882;?;?;0;1;0;1;0
0;1;0;0;-89581;?;?;0;1;0;1;0
0;1;0;0;-65047;?;?;0;1;0;1;0
-1015;1;0;0;-65685;-152;?;0;1;0;1;0
-1015;1;0;0;-65685;-152;?;0;1;0;1;0
1015;1;0;0;-82998;8;?;0;1;0;1;0
?;1;0;0;-66236;-125;?;0;1;0;1;0
?;1;0;0;-66236;-125;?;0;1;0;1;0
?;1;0;0;-87174;-156;?;0;1;0;1;0
?;1;0;0;-64960;-142;?;0;1;0;1;0
?;1;0;0;-64960;-142;-234;0;1;0;1;0
?;1;0;0;-89407;-25;-658;0;1;0;1;0
?;1;0;0;-85144;-9;156;0;1;0;1;0
?;1;0;0;-82360;-36;-219;0;1;0;1;0
?;1;0;0;-82360;-36;-219;0;1;0;1;0
?;1;0;0;-71833;-30;-687;0;1;0;1;0
?;1;0;0;-79982;-9;134;0;1;0;1;0
?;1;0;0;-77169;9;39;0;1;0;1;0
0;1;0;0;-68179;-45;-229;0;1;0;1;?
0;1;0;0;-68179;-45;-229;0;1;0;1;?
0;1;0;0;-95062;-49;-39;0;1;0;1;?
0;1;0;0;-95062;-49;-39;0;1;0;1;?
-1015;1;0;0;-83578;-180;10;?;1;0;1;?
0;1;0;?;-81983;-121;-221;?;1;0;1;?
0;1;0;?;-82708;-47;-544;?;1;0;1;?
0;1;0;0;-82708;-47;-544;?;1;0;1;?
0;1;0;0;-77720;-110;-112;?;1;0;1;?
0;1;0;0;-83230;-62;-843;?;1;0;1;?
-1015;1;0;0;-83636;-101;-83;?;1;0;1;0
-1015;1;0;0;-83636;-101;-83;?;1;0;1;0
0;1;0;0;-71572;-68;-936;?;1;0;1;0
0;1;0;0;-72906;-54;-151;?;1;0;1;0
0;1;0;0;-66091;-138;-175;?;?;0;1;?
0;1;0;0;0;115;-153;?;?;0;1;0
0;1;0;0;0;115;-153;?;?;0;1;0
0;1;0;0;0;-36;-146;0;?;0;1;0
0;1;0;0;0;-36;-146;0;?;0;1;0
0;1;0;1;0;-35;-157;0;?;0;0;0
0;1;0;1;0;-36;-150;0;1;0;0;0
0;1;0;1;0;-36;-150;0;1;0;0;0
0;1;0;1;0;-32;-145;0;1;0;0;0
0;1;?;1;0;-33;-167;0;1;0;0;0
0;1;?;1;0;-33;-150;0;1;0;0;0
0;1;?;1;0;-34;-138;0;1;0;0;0
0;1;?;1;0;-34;-138;0;1;0;0;0
0;1;?;1;0;-35;-142;0;1;0;0;0
0;1;?;1;0;-34;-145;0;1;0;0;0
0;1;?;1;0;-33;-161;0;1;0;0;0
0;?;0;1;0;-33;-161;0;1;0;0;0
0;?;0;1;0;-33;-161;0;1;0;0;0
0;?;0;1;0;-33;-161;0;1;0;0;0
0;?;0;1;0;-37;?;0;1;0;0;0
0;?;0;1;0;-33;?;0;1;0;0;0
0;?;0;1;0;-32;?;0;1;0;0;0
0;1;0;1;0;-32;?;0;1;0;0;0
0;1;0;1;0;-34;?;0;1;0;0;0
0;1;0;1;0;?;?;0;1;0;0;0
0;1;0;1;0;?;?;0;1;0;0;0
0;1;0;1;0;?;?;0;1;0;0;0
0;1;0;1;0;?;?;0;1;0;0;0
0;1;0;1;0;?;?;0;1;0;0;0
0;1;0;1;0;?;?;0;1;1;0;0
0;1;0;1;0;-35;?;0;1;1;0;0
0;1;0;1;0;-35;?;0;1;1;0;0
0;1;1;1;0;-34;?;0;1;1;0;0
0;1;1;1;0;-34;-146;0;1;1;0;0
0;1;1;1;0;-34;-146;0;1;1;0;0
0;1;1;?;0;-37;-150;0;0;1;0;0
0;0;1;?;0;-33;-156;0;0;1;0;0
0;1;1;1;0;-36;-144;0;0;1;0;0
0;1;1;1;0;-32;-161;0;0;1;0;0
0;1;1;1;0;-32;-161;0;0;1;0;0
0;1;0;1;0;-34;-153;1;0;1;0;0
0;1;0;1;0;-37;-144;1;0;1;0;0
0;1;0;1;0;-36;-152;1;0;1;0;0
0;1;0;1;0;-36;-152;1;0;1;0;0
0;1;0;1;0;-35;-151;1;?;1;0;0
0;1;0;1;0;-35;-151;1;?;1;0;0
0;1;0;1;0;-36;-138;1;?;1;0;0
0;1;0;1;0;-34;-173;1;?;1;0;0
0;1;0;1;0;-33;-153;1;?;1;0;0
0;1;0;1;0;-33;-153;1;?;1;0;0
0;1;0;1;0;-33;?;1;?;1;0;0
0;1;0;1;0;-35;?;1;?;1;0;0
0;1;0;1;0;-35;-148;1;?;1;0;0
0;1;0;1;0;-35;-148;1;?;1;0;0
0;1;0;1;0;-34;-148;1;0;1;0;0
0;1;0;1;0;-34;-148;1;0;1;0;0
0;1;0;1;0;-35;-165;1;0;1;0;0
0;1;0;1;0;-31;-161;?;0;1;0;0
0;1;0;1;0;-35;-157;?;0;1;0;0
0;1;0;1;0;-35;-157;?;0;1;0;0
0;1;0;1;0;-35;-157;?;0;1;0;0
0;1;0;1;0;-32;-159;?;0;1;0;0
0;1;0;1;0;-31;-154;?;0;1;0;0
0;1;0;1;0;-32;-168;?;0;1;0;0
0;1;0;1;0;-33;-171;?;0;1;0;0
0;1;0;1;0;-33;-171;?;0;1;0;0
0;1;0;1;0;-35;-161;?;0;1;0;0
0;1;0;1;0;-34;-157;?;0;1;0;0
0;1;0;1;0;-34;?;?;0;1;0;0
0;1;0;1;0;-34;?;1;0;1;0;0
0;1;0;1;0;-32;?;1;0;1;0;0
0;1;0;1;0;-32;?;1;0;1;0;0
0;1;0;1;0;?;?;1;0;1;0;0
0;1;0;1;0;?;?;1;0;1;0;0
0;1;0;1;0;?;?;1;0;1;0;0
0;1;0;1;0;?;?;1;0;1;0;0
0;1;0;1;0;?;?;1;0;1;0;0
0;1;0;1;0;?;?;1;0;1;0;0
0;1;0;1;0;?;?;1;0;1;0;0
0;1;0;1;0;?;?;1;0;1;0;0
0;1;0;1;0;?;-156;1;0;1;0;0
0;1;0;1;0;?;-157;1;0;1;0;0
0;1;0;1;0;?;-156;1;0;0;0;0
0;1;0;1;0;?;-156;1;0;0;0;0
0;1;0;1;0;?;-166;1;0;0;0;0
0;1;0;1;0;?;-136;1;0;0;0;0
0;1;0;1;0;-32;-156;1;0;0;0;0
0;1;0;1;0;-29;-148;1;0;0;0;0
0;1;0;1;0;-29;-148;?;0;0;0;0
0;1;0;1;0;-29;?;?;0;0;0;0
0;1;0;1;0;-33;?;?;0;0;0;0
0;1;0;1;0;-30;-166;0;0;0;0;0
0;1;0;1;0;-33;-165;0;0;0;0;0
0;1;0;1;0;-33;-165;0;0;0;0;0
0;1;0;1;0;-35;-157;0;0;0;0;0
0;1;0;1;0;-57;-275;0;1;0;0;0
0;1;0;0;-79286;-155;-326;0;1;0;0;0
0;1;0;0;-94888;-124;-371;0;1;0;0;0
0;1;0;0;-94888;-124;-371;0;1;0;0;0
0;1;0;0;-83172;-46;-786;0;1;0;0;0
0;1;0;0;-82128;-45;-371;0;1;0;0;0
-1015;1;0;0;?;-58;-686;0;1;0;0;0
-1015;1;0;0;?;-58;-686;0;1;0;0;0
0;1;0;0;?;-113;-787;0;1;0;0;0
0;1;0;0;?;-113;-787;0;1;0;0;0
0;1;0;0;?;4;-753;0;1;0;0;0
0;1;0;0;-96425;-181;-424;0;1;0;0;0
0;1;0;0;-62669;-139;-769;0;1;0;0;0
0;1;0;0;-62669;-139;-769;0;1;0;0;0
0;1;0;0;-64815;-58;-590;0;1;0;0;0
1015;1;0;0;-71427;-178;-596;?;1;0;0;0
0;1;0;0;-67193;-159;?;?;1;0;0;0
0;?;0;0;-73225;-5;?;?;1;0;0;0
0;?;0;0;-73225;-5;-880;?;1;0;0;0
0;?;0;0;-66178;-150;-757;0;1;0;0;0
0;?;0;0;?;-136;-721;0;1;0;0;0
0;?;0;0;?;-220;-38;0;1;0;0;0
0;?;0;0;?;-220;-38;0;1;0;0;?
0;?;0;0;?;-220;-38;0;1;0;0;?
0;?;0;0;?;-87;-153;0;1;0;0;?
0;?;0;0;?;-167;-428;0;1;0;0;?
0;?;0;0;?;-166;-58;0;1;0;0;?
0;?;0;0;?;-36;-380;0;1;0;0;?
0;?;0;0;?;-36;-380;0;1;0;0;?
0;1;0;0;?;-191;-277;0;1;0;0;?
-1015;1;0;0;?;-231;-437;0;1;0;0;?
2001;1;0;0;?;-144;-931;0;1;0;0;?
1015;1;0;0;?;-77;-195;0;1;0;0;?
1015;1;0;0;-1537;-77;-195;0;1;0;0;?
0;1;0;0;0;-44;-205;0;1;0;0;?
0;1;0;0;0;-45;-203;0;1;0;1;?
0;1;0;0;0;-45;-203;0;1;0;1;?
0;1;0;0;0;-44;-203;0;1;0;1;0
0;1;0;0;0;-43;-205;0;1;0;1;0
0;1;0;0;0;-43;-205;0;1;0;1;0
0;1;0;0;0;-41;-202;0;1;0;1;0
?;1;0;0;0;-43;-207;0;1;0;1;0
?;1;0;0;0;-48;-194;0;1;0;1;0
?;1;0;0;0;-48;-194;0;1;0;1;0
?;1;0;0;0;-46;-206;0;1;0;1;0
?;1;0;0;0;-43;-203;0;1;0;1;0
?;1;0;0;0;-45;-191;0;1;0;1;0
?;1;0;0;0;-45;-191;0;1;0;1;0
?;1;0;0;0;?;-193;0;1;0;1;0
?;1;0;0;0;?;-201;0;1;0;1;0
?;1;?;0;0;?;-202;0;1;0;1;0
0;1;?;0;0;?;-202;0;1;0;1;0
0;1;?;0;0;?;-205;0;1;0;1;0
0;1;?;0;0;?;?;0;1;0;1;0
0;1;?;0;?;?;?;0;1;0;1;0
0;1;0;0;?;?;?;0;1;0;1;0
0;1;0;0;0;?;?;0;1;?;1;0
0;1;0;0;0;?;?;0;1;?;1;0
0;1;0;0;0;?;?;0;1;?;1;0
2001;1;0;0;49880;?;?;0;1;0;1;0
0;1;0;?;72500;?;?;0;1;0;1;0
0;1;0;?;81693;?;?;0;1;0;1;0
-1015;1;0;0;89204;130;?;0;1;0;1;0
-1015;1;0;0;89204;130;?;0;1;0;1;0
0;1;0;0;86304;228;?;0;1;0;1;0
1015;1;0;0;83810;17;970;0;1;0;1;0
1015;1;0;0;77604;155;-12;0;1;0;1;0
1015;1;0;0;77604;155;-12;0;1;0;1;0
1015;1;0;0;77604;155;-12;0;1;0;1;0
-1015;1;0;0;58638;32;1129;0;1;0;1;0
0;1;0;0;66062;61;1000;0;1;0;1;0
0;1;0;0;85666;157;1065;0;1;0;1;0
1015;1;0;0;81345;41;258;0;1;0;1;0
1015;1;0;0;81345;41;258;0;1;0;1;0
0;1;0;0;91640;126;645;0;1;0;1;0
0;1;0;0;54404;120;555;0;1;0;1;0
0;1;0;0;75052;0;61;0;1;0;1;0
1015;1;0;0;75806;66;593;0;1;0;1;0
1015;1;0;0;75806;66;593;0;1;0;1;0
?;1;0;0;89552;129;800;0;1;0;1;0
?;1;0;0;73515;107;-120;0;1;0;1;0
?;1;0;0;73515;107;-120;0;1;0;1;0
?;1;0;0;73515;107;-120;0;1;0;1;0
?;1;0;0;90074;115;695;0;1;0;1;0
?;1;0;?;90074;115;695;0;1;0;1;0
?;1;0;?;72645;30;-4;0;1;0;1;0
?;1;0;?;70992;64;479;0;1;0;1;0
?;1;0;?;72239;139;617;0;1;0;1;0
?;1;0;?;78938;29;244;0;1;0;1;0
?;1;0;?;78938;29;244;0;1;0;1;0
?;1;0;?;103037;151;599;0;1;0;1;0
?;1;0;?;74443;34;497;0;1;0;1;0
?;1;0;?;86855;81;317;0;1;0;1;0
?;1;0;?;86855;81;317;0;1;0;1;0
0;1;0;?;80272;-12;629;0;1;?;1;0
1015;1;0;?;79721;41;256;0;1;?;1;0
1015;1;0;?;79721;41;256;0;1;?;1;0
0;1;0;?;55651;-11;687;0;1;?;1;0
0;1;0;?;86217;39;?;0;1;?;1;0
0;1;0;0;86217;39;?;0;1;?;1;0
0;1;0;0;76125;5;?;0;1;?;1;0
0;1;0;0;72500;26;-35;0;1;0;1;0
0;1;0;0;104951;23;130;0;1;0;1;0
0;1;0;0;104951;23;130;0;1;0;1;0
0;1;0;0;87957;11;695;0;1;0;1;0
0;1;0;0;96744;144;684;0;1;0;1;0
0;1;0;0;83694;-24;766;0;1;0;1;0
-1015;1;0;0;66062;37;736;0;1;0;1;0
-1015;1;0;0;66062;37;736;?;1;0;1;0
-1015;1;0;0;66062;37;736;?;1;0;1;0
0;1;0;0;66120;?;761;0;1;0;1;0
-1015;1;0;0;77372;?;189;0;1;0;1;0
-1015;1;0;0;83172;?;292;0;1;0;1;0
0;1;0;0;81693;?;64;0;1;0;1;0
0;1;0;0;81693;?;64;0;1;0;1;0
1015;1;0;0;67367;?;584;0;1;0;1;0
0;1;0;0;86014;34;302;0;1;0;1;0
0;1;0;0;85144;88;184;0;1;0;1;0
0;1;0;0;85144;88;184;0;1;0;1;0
0;1;0;0;89117;29;-105;0;1;0;1;0
0;1;0;0;65888;24;-293;0;1;0;1;0
-1015;1;0;0;88276;39;565;0;1;0;1;0
1015;1;0;0;?;77;246;0;1;0;1;0
1015;1;0;0;?;77;246;0;1;0;1;0
1015;1;0;0;78677;77;246;0;1;0;1;0
0;1;0;0;81780;79;-271;0;1;0;1;0
0;1;0;0;69281;141;978;0;1;?;1;0
1015;1;0;0;84970;46;255;0;1;?;1;0
0;1;0;0;100659;91;540;0;1;?;1;0
0;1;0;0;100659;91;540;0;1;?;1;0
0;1;0;0;94598;-7;893;0;1;?;1;0
1015;1;0;0;78561;?;693;0;1;?;1;0
0;1;0;0;80852;?;629;0;1;?;1;0
0;1;0;0;80852;?;629;0;1;?;1;0
0;1;0;0;93844;?;523;0;1;0;1;0
0;1;0;0;85521;?;667;0;1;0;?;0
0;1;0;0;94598;?;900;0;1;0;?;0
-1015;1;0;0;100601;?;285;0;1;0;?;0
-1015;1;0;0;100601;?;285;0;1;0;?;0
-1015;1;0;0;100601;?;285;0;1;0;?;0
0;1;0;0;94105;?;-355;0;1;0;1;0
-1015;1;0;0;94424;?;813;0;1;0;1;0
-2030;1;0;0;73689;?;2;0;1;0;1;0
-2030;1;0;0;73689;?;2;0;1;0;1;0
-1015;1;0;0;73834;7;714;0;1;0;1;0
0;1;0;0;89001;25;-122;0;1;0;1;0
0;1;0;0;69716;126;303;0;1;0;1;0
0;1;0;0;81200;217;468;0;1;0;1;0
0;1;0;0;81200;217;468;0;1;0;1;0
0;1;0;0;66236;257;418;0;1;0;1;0
1015;1;0;0;89871;216;1051;0;1;0;1;0
1015;1;0;0;75052;192;338;0;1;0;1;0
1015;1;0;0;75052;192;338;0;1;0;1;0
0;1;0;0;69397;213;318;0;1;0;1;0
0;1;0;0;69397;213;318;0;1;0;1;0
1015;1;0;0;89059;75;1028;0;1;0;1;0
0;1;0;0;73022;70;?;0;1;0;1;0
0;1;0;0;54926;116;?;0;1;0;1;0
0;1;0;0;54926;116;?;0;1;0;1;0
0;1;0;0;0;78;?;0;1;0;1;0
0;1;0;?;0;76;?;0;1;0;1;0
0;1;0;?;0;77;?;0;1;0;1;0
0;1;0;?;0;74;?;0;1;0;1;0
0;1;0;?;0;74;360;0;1;0;1;0
0;1;0;?;0;?;360;0;1;0;1;0
0;1;0;?;0;?;358;0;1;0;1;0
0;1;0;?;0;?;334;0;1;0;1;0
0;1;0;?;0;?;334;0;1;0;1;0
0;1;0;?;0;?;334;0;1;?;1;0
0;1;0;?;0;?;354;0;1;?;1;0
0;1;0;?;0;?;360;0;1;?;1;0
0;1;0;0;0;?;341;0;1;?;1;0
0;1;0;0;0;?;352;0;1;?;1;0
0;1;0;0;0;?;352;0;1;?;1;0
?;1;0;0;0;?;356;0;1;0;1;0
?;1;0;0;0;77;364;0;1;0;1;0
?;1;0;0;0;80;347;0;1;0;1;0
?;1;0;0;0;80;347;0;1;0;1;0
?;1;0;0;0;76;362;0;1;0;1;0
0;1;0;0;0;79;360;0;1;0;1;0
0;1;0;0;0;76;358;0;1;0;1;0
0;1;0;0;0;82;350;0;1;0;1;0
0;1;0;0;0;82;350;0;1;0;1;0
-986;1;0;0;-81751;-177;-1081;0;1;0;1;0
-986;1;0;0;-81751;-177;-1081;0;1;0;?;0
-1015;1;0;0;-81606;-142;-447;0;1;0;?;0
0;1;0;0;-66294;-41;-284;0;1;0;1;0
1015;1;0;0;-77691;-210;-428;0;1;0;1;0
1015;1;0;0;-77691;-210;-428;0;1;0;1;0
0;1;0;0;-68237;-17;-629;0;1;0;1;0
0;1;0;0;-77662;-25;-913;0;1;0;1;0
1015;1;0;0;-76241;-87;-18;0;1;0;1;0
1015;1;0;0;-76241;-87;-18;0;1;0;1;0
-1015;1;0;0;-78358;-142;-708;0;1;0;1;0
0;1;0;0;-96425;-169;-842;0;1;0;1;0
-1015;1;0;0;-91669;-110;-642;0;1;0;1;0
-1015;1;0;0;-74124;-80;-639;0;1;0;1;0
-1015;1;0;0;-74124;-80;-639;0;1;0;1;0
-1015;1;0;0;-74124;-80;-639;0;1;0;1;0
-1015;1;0;0;-69716;-148;-537;0;1;0;1;0
-1015;1;0;0;-82244;-76;-495;0;1;0;1;0
1015;1;0;0;-70064;-10;46;0;1;0;1;0
0;1;0;0;-88218;-145;-509;0;1;0;?;0
0;1;0;0;-88218;-145;-509;0;1;0;?;0
-1015;1;0;0;-65337;-181;-730;0;1;0;?;0
0;1;0;0;-88479;-158;-583;0;1;0;1;0
0;1;0;0;-97585;32;-87;0;1;0;1;0
0;1;0;0;-97585;32;-87;0;1;0;1;0
1015;1;0;0;-59856;-158;78;0;1;0;1;0
0;1;0;0;-80881;20;-134;0;1;0;1;0
-1015;1;0;0;-95990;-165;189;0;1;0;1;0
0;1;0;0;-75835;-169;-853;0;1;0;1;?
0;1;0;0;-75835;-169;-853;0;1;0;1;0
0;1;0;0;-75835;-169;-853;0;?;0;1;0
0;1;0;0;-91669;-125;-176;0;?;0;1;0
0;1;0;0;-70064;6;59;0;?;0;1;0
1015;?;0;0;-82360;-48;-72;0;?;0;1;0
1015;?;0;0;-82360;-48;-72;0;?;0;1;0
0;?;0;0;-38193;32;134;0;?;0;1;0
0;?;0;0;0;9;48;0;?;0;1;0
0;?;0;0;0;9;29;0;?;0;1;1
0;?;0;0;0;10;35;0;1;0;0;1
0;?;0;0;0;10;35;0;1;0;0;1
0;?;0;0;0;6;43;0;1;0;0;1
0;?;0;0;0;6;37;0;1;0;0;1
0;?;0;0;0;8;49;0;1;0;0;1
0;?;0;0;0;8;49;0;1;0;0;1
0;1;0;0;0;8;26;0;1;0;0;1
0;1;0;0;0;8;26;0;1;0;0;1
0;1;0;0;0;6;24;0;1;0;0;1
0;1;0;0;0;6;31;0;1;0;0;1
0;1;0;0;0;3;38;0;1;0;0;1
0;1;0;0;0;3;38;0;1;0;0;1
0;1;0;0;0;6;29;0;1;0;0;1
0;1;0;0;0;10;35;0;1;0;0;1
0;1;0;0;0;5;36;0;1;0;0;1
0;1;0;0;0;5;36;0;1;0;0;1
0;1;0;0;0;10;44;0;1;0;0;1
0;1;0;0;0;7;40;0;1;0;0;1
0;1;0;0;0;7;28;0;1;0;0;1
0;1;0;0;0;7;34;0;1;0;0;1
0;1;0;0;0;7;34;0;1;0;0;1
0;1;0;0;0;9;25;0;1;0;0;1
0;1;0;0;0;9;25;0;1;0;0;1
0;1;0;0;0;4;40;0;1;0;0;1
0;1;0;0;0;10;54;0;1;0;0;1
0;1;0;0;0;10;54;0;1;0;0;1
0;1;0;0;0;9;49;0;1;0;0;1
0;1;0;0;0;6;37;0;1;0;0;1
0;1;0;0;0;11;35;0;1;0;0;1
0;1;0;0;0;11;56;0;1;0;0;1
0;1;0;0;0;11;56;0;1;0;0;1
0;1;0;0;0;9;35;0;1;0;0;1
0;1;0;0;0;10;37;0;1;0;0;1
0;1;0;0;0;6;48;0;1;0;0;1
0;1;0;0;0;6;48;0;1;0;0;1
0;1;0;0;0;6;44;0;1;0;0;?
0;1;0;0;0;6;34;0;1;0;0;?
0;1;0;0;0;5;29;0;1;0;0;?
0;1;0;0;0;7;35;0;1;0;0;?
0;1;0;0;0;7;35;0;1;0;0;?
0;1;0;0;0;7;35;0;1;0;0;?
0;1;0;0;0;7;49;0;1;0;0;?
0;1;0;0;0;8;47;0;1;0;0;?
0;1;0;0;0;8;52;0;1;1;0;?
0;1;0;0;0;7;23;0;1;1;0;?
0;1;0;0;0;7;23;0;1;1;0;?
0;1;?;0;0;9;42;0;1;1;0;?
0;1;?;0;0;6;30;0;1;1;0;?
0;1;?;0;0;11;30;0;0;1;0;?
0;0;?;0;0;6;39;0;0;1;0;?
0;0;?;0;0;6;39;0;0;1;0;?
0;1;?;0;0;7;31;0;0;1;0;?
0;1;?;0;0;7;31;0;0;1;0;?
0;1;?;0;0;7;30;0;0;1;0;?
0;1;?;0;0;9;26;1;0;1;0;?
0;1;?;0;0;9;26;1;0;1;0;?
0;1;?;0;0;10;49;1;0;1;?;?
0;1;?;0;0;7;44;1;0;1;?;1
0;1;?;0;0;8;47;1;0;1;?;1
0;1;?;0;0;8;?;1;0;1;?;1
0;1;?;0;0;8;?;1;0;1;0;1
0;1;0;0;0;6;?;1;0;1;0;1
0;1;0;0;0;8;?;1;0;1;0;1
0;1;0;0;0;9;?;1;0;1;0;1
0;1;0;0;0;9;?;1;0;1;0;1
0;1;0;0;0;9;?;1;0;1;0;1
0;1;0;0;0;10;?;1;0;1;0;1
0;1;0;0;0;10;?;1;0;1;0;1
0;1;0;0;0;12;?;1;0;1;0;1
0;1;0;0;0;6;?;1;0;1;0;1
0;1;0;0;0;6;?;1;0;1;0;1
0;1;0;0;0;8;?;1;0;1;0;1
0;1;0;0;0;7;?;1;0;1;0;1
0;1;?;0;0;11;39;1;0;1;0;1
0;1;?;0;0;11;39;1;0;1;0;1
0;1;?;0;0;10;39;1;0;1;0;1
0;1;?;0;0;9;50;1;0;1;0;1
0;1;?;0;0;4;35;1;0;1;0;1
0;?;?;0;0;8;48;1;0;1;0;1
0;?;?;0;0;8;48;1;0;1;0;1
0;?;0;0;0;10;44;1;0;1;0;1
0;?;0;0;0;7;35;1;0;1;0;1
0;?;0;0;0;7;35;1;0;1;0;1
0;?;0;0;0;11;45;1;0;1;0;1
0;?;0;0;0;9;33;1;?;1;0;?
0;?;0;0;0;9;33;1;?;1;0;?
0;?;0;0;0;11;45;1;?;1;0;?
0;?;?;0;0;6;26;1;?;1;0;?
0;1;?;0;0;9;49;1;?;1;0;?
?;1;?;0;0;9;49;1;?;1;0;?
?;1;0;0;0;6;31;1;?;1;0;?
?;1;0;0;0;7;39;1;0;1;0;?
?;1;0;0;0;10;32;1;0;1;0;?
?;1;0;0;0;9;53;?;0;1;0;?
?;1;0;0;0;9;53;?;0;1;0;1
?;1;0;0;0;9;53;?;0;1;0;1
?;1;0;0;0;3;55;?;0;1;0;1
?;1;0;0;0;7;45;?;0;1;0;1
?;1;0;0;0;9;35;?;0;0;0;1
?;1;0;0;0;4;48;?;0;0;0;1
?;1;0;0;0;4;48;?;0;0;0;1
?;1;0;0;0;3;26;?;0;0;0;1
0;1;0;0;0;4;40;?;0;0;0;?
0;1;0;0;0;4;40;?;0;0;0;?
0;1;0;0;0;9;41;?;0;0;0;?
0;1;?;0;0;9;41;?;0;0;0;?
0;1;?;0;0;10;53;?;0;0;0;?
0;1;?;0;0;8;35;?;0;0;0;?
0;1;?;0;0;9;53;?;1;0;0;?
0;1;?;0;0;9;53;?;1;0;0;?
-2001;1;?;0;-91205;34;234;?;1;0;0;?
-2001;1;?;0;-91205;34;234;?;1;0;0;?
-1015;1;?;0;-68063;27;-715;?;1;0;0;?
0;1;?;0;-84825;-102;-525;?;1;0;0;?
0;1;?;0;-84825;-102;-525;?;1;0;0;0
-1015;1;?;0;-67889;46;-216;?;1;0;0;0
-1015;1;?;0;-87174;-155;4;?;1;0;0;0
1015;1;?;0;-93264;-109;-272;?;1;0;0;0
-1015;1;?;0;-78735;-216;-506;?;1;0;0;0
-1015;1;?;0;-78735;?;-506;?;1;0;0;0
0;1;0;0;-83172;?;-33;0;1;0;0;0
0;1;0;0;-85869;?;185;0;1;0;0;0
-1015;1;0;0;-84593;?;-711;0;1;0;0;0
-1015;1;0;0;-84593;?;-711;0;1;0;0;0
0;1;0;0;-100369;32;-343;0;1;0;0;0
0;1;0;0;-65395;62;-10;0;1;0;0;0
0;1;0;0;-65395;62;-10;0;1;0;0;0
-1015;1;0;0;-80620;-166;-918;0;1;0;0;0
0;1;0;0;-82360;41;-79;0;1;0;0;0
0;1;0;0;-82360;41;-79;0;1;0;0;0
0;1;0;0;-71456;-160;100;0;1;0;?;0
0;1;0;0;-75806;-55;-83;0;1;0;?;0
0;1;0;0;-97846;26;-460;0;1;0;?;0
0;1;0;0;-97846;26;-460;0;1;0;?;0
0;1;0;?;-97556;16;-644;0;1;0;?;0
0;1;0;?;-71224;40;-410;0;1;0;?;0
-1015;1;0;?;-86913;-190;-281;0;1;0;?;0
0;1;0;?;-78184;-30;-244;0;1;0;?;0
0;1;0;?;-78184;-30;-244;0;1;0;?;0
0;1;0;?;-78184;-30;-244;0;1;0;?;0
0;1;0;?;-68295;-195;-90;0;1;0;?;0
-1015;1;0;?;-82418;-19;157;0;1;0;0;0
-1015;1;0;?;-84767;-64;-165;0;1;0;0;0
1015;1;0;0;-76502;-117;-708;0;1;0;0;0
1015;1;0;0;-76502;-117;-708;0;1;0;0;0
0;1;0;0;-82128;-37;-910;0;1;0;0;0
0;1;0;0;-65221;-197;-725;0;1;0;0;0
0;1;0;0;-65221;-197;-725;0;1;0;0;0
0;1;0;0;-68904;-61;-635;0;1;0;0;0
0;1;0;0;-88450;-115;-779;0;1;0;0;0
0;1;0;0;-64612;34;-43;0;1;0;0;0
0;1;0;0;-83520;-187;?;0;1;0;0;0
0;1;0;0;-88972;-92;?;0;1;0;0;0
0;1;0;0;-88972;-92;?;0;1;0;0;0
0;1;0;0;-88972;-92;?;0;1;0;0;0
0;1;0;0;-75371;?;?;0;1;0;0;0
0;1;0;0;-64090;?;?;0;1;0;0;0
1015;1;0;0;-90712;?;?;0;1;0;0;0
1015;1;0;0;-68092;?;?;0;1;0;0;0
1015;1;0;0;-68092;?;?;?;1;0;0;0
0;1;0;0;-72268;?;?;?;1;0;0;0
0;1;0;0;-73486;?;?;?;1;0;0;0
0;1;0;0;-85927;?;-824;?;1;0;0;0
0;1;0;0;-85927;?;-824;?;1;0;0;0
-1015;1;0;0;-65946;-61;-416;?;1;0;0;0
0;1;0;0;-82157;-201;-89;?;1;0;0;0
1015;1;0;0;-75226;-248;-900;?;1;0;0;0
0;1;0;0;-76183;-79;-233;0;1;0;0;0
0;1;0;0;-76183;-79;-233;0;1;0;0;0
1015;1;0;0;-84419;-64;-402;0;1;0;0;0
1015;1;0;0;-84419;-64;-402;0;1;0;0;0
0;1;0;0;-91872;-60;-1016;0;1;0;0;0
0;1;0;0;-94482;20;-638;0;1;0;0;0
0;1;0;0;-94482;20;-638;0;1;0;0;0
0;1;0;0;-62988;109;-564;0;1;0;0;0
0;1;0;0;0;-52;-219;0;1;0;0;0
0;1;0;0;0;-49;-228;0;1;0;0;0
0;1;0;0;0;-50;-226;0;1;0;1;0
0;1;0;0;0;-50;-226;0;1;0;1;0
0;1;0;0;0;-52;-234;0;1;0;1;0
0;1;0;0;0;-48;-231;0;1;0;1;0
0;1;0;0;0;-49;-223;0;1;0;1;0
0;1;0;0;0;-49;-223;0;1;0;1;0
0;1;0;0;0;-49;-225;0;1;0;1;0
0;1;0;0;0;-53;-223;0;1;0;1;0
0;1;0;0;0;-53;-223;0;1;0;1;0
0;1;0;0;0;-49;-228;0;1;0;1;0
0;1;0;0;0;-51;-239;0;1;0;1;0
0;1;0;0;0;-51;-239;0;1;0;1;0
0;1;0;0;0;-50;-233;0;1;0;1;0
0;1;0;0;0;-51;-229;0;1;0;1;0
0;1;0;0;0;-49;-228;0;1;0;1;0
0;1;0;0;0;-48;-225;0;1;0;1;0
0;1;0;0;0;-49;-214;0;1;0;1;0
0;1;0;0;0;-49;-214;0;1;0;1;0
0;1;0;0;0;-50;-225;0;1;0;1;0
0;1;0;0;0;-49;-234;0;1;0;1;0
0;1;0;0;0;-49;-225;0;1;0;1;0
0;1;0;0;0;-49;-225;0;1;0;1;0
0;1;0;0;0;-49;-225;0;1;0;1;0
0;1;0;0;0;-51;-229;0;1;0;1;0
4031;1;0;0;2436;209;1041;0;1;0;1;0
0;1;0;0;78909;67;441;0;1;?;1;0
0;1;0;0;89813;44;1040;0;1;?;1;0
0;1;0;0;89813;44;1040;0;1;?;1;0
0;1;0;0;94018;50;1049;0;1;?;1;0
-1015;1;0;0;65308;183;539;0;1;?;1;0
0;1;0;0;66526;154;800;0;1;?;1;0
0;1;0;0;66526;154;?;0;1;?;1;0
0;1;0;0;62002;165;?;0;1;?;1;0
-1015;1;0;0;75864;254;?;0;1;?;1;0
1015;1;0;0;80301;100;?;0;1;?;1;0
0;1;0;0;87319;157;?;0;1;0;1;0
0;1;0;0;87319;157;?;0;1;0;1;0
0;1;0;0;87319;157;?;0;1;0;1;0
0;1;0;0;77604;2;?;0;1;0;1;0
1015;1;0;0;78300;94;57;0;1;0;1;0
0;1;0;0;88102;195;-75;0;1;0;1;0
-1015;1;0;0;66816;120;148;0;1;0;1;0
-1015;1;0;0;66816;120;148;0;1;0;1;0
0;1;0;0;66468;58;264;?;1;0;1;0
0;1;0;0;69919;-10;472;?;1;0;1;0
0;1;0;?;87087;36;625;?;1;0;1;0
0;1;0;?;87087;36;625;?;1;0;1;0
0;1;0;?;67947;63;174;?;1;0;1;0
-1015;1;0;?;84854;-19;470;?;1;0;1;0
0;1;0;?;51591;25;264;?;1;0;1;0
1015;1;0;?;86565;17;-66;?;1;0;1;0
1015;1;0;?;86565;17;-66;?;1;0;1;0
1015;1;0;?;61016;103;294;?;1;0;1;0
1015;1;0;?;61016;103;294;0;1;0;1;0
-1015;1;0;0;89349;162;666;0;1;0;1;0
0;1;0;0;81606;53;108;0;1;0;1;0
0;1;0;0;81606;53;108;0;1;0;1;0
0;1;0;0;77865;173;86;0;1;0;1;0
0;1;0;0;72181;106;129;0;1;0;1;0
0;1;0;0;79982;59;-66;0;1;0;1;0
0;1;0;0;81374;11;90;0;1;0;1;0
0;1;0;0;81374;11;90;0;1;0;1;0
0;1;0;0;76792;60;265;0;1;0;1;0
-1015;1;0;0;93989;160;568;0;1;0;1;0
0;1;0;0;83984;72;-158;0;1;0;1;0
0;1;0;0;68846;74;664;0;1;0;1;0
0;1;0;0;68846;74;664;0;1;0;1;0
0;1;0;0;68846;74;664;0;1;0;1;0
1015;1;0;0;79257;188;85;0;1;0;1;0
-1015;1;0;0;100572;88;-83;0;1;0;1;0
0;1;0;0;93264;150;93;0;1;0;1;0
0;1;0;0;93264;150;93;0;1;0;1;0
0;1;0;0;85173;22;247;0;1;0;1;0
-1015;1;0;0;74124;56;-340;0;1;0;1;0
0;1;0;0;82592;96;-60;0;1;0;1;0
-1015;1;0;0;87087;86;472;0;1;0;1;0
-1015;1;0;0;87087;86;472;0;1;0;1;0
0;1;0;0;58000;0;1026;0;1;0;1;0
-2030;1;0;0;77256;148;370;0;1;0;1;0
0;1;0;0;86362;-1;647;0;1;0;1;0
0;1;0;0;86362;-1;647;0;1;0;1;0
-1015;1;?;0;84390;-40;779;0;1;0;1;0
-1015;1;?;0;84390;-40;779;0;1;0;1;0
0;1;?;0;80591;-76;-12;0;1;0;1;0
0;1;?;0;83288;47;-135;0;1;0;1;0
?;1;?;?;100456;38;8;0;1;0;1;0
?;1;?;0;100456;38;8;0;1;0;1;0
?;1;?;0;84013;188;535;0;1;0;1;0
?;1;?;0;84419;132;?;0;1;0;1;0
-1015;1;?;0;77720;109;?;0;1;0;1;0
-1015;1;?;0;77720;109;?;0;1;0;1;0
0;1;?;0;71862;214;?;0;1;0;1;0
0;1;0;0;71282;54;?;0;1;0;1;0
1015;1;0;0;79025;206;?;0;1;0;1;0
0;1;0;0;100572;149;?;0;1;0;1;0
0;1;0;0;100572;149;?;0;1;0;1;0
1015;1;0;0;80098;-22;?;0;1;0;1;0
-1015;1;0;0;77111;70;?;0;1;0;1;0
-1015;1;0;0;77111;70;?;0;1;0;1;0
0;1;0;0;83114;160;?;0;1;0;1;0
-1015;1;?;0;65047;87;?;0;1;0;1;0
-1015;1;?;0;65047;87;?;0;1;0;1;0
-1015;1;?;0;86217;58;313;0;1;0;1;0
0;1;?;0;88537;86;248;0;1;0;1;0
1015;1;?;0;94337;159;289;0;1;0;1;0
1015;?;?;0;94337;159;289;0;1;0;1;0
0;?;?;0;93844;202;870;0;1;0;1;0
0;?;?;0;91234;181;904;0;1;0;1;0
0;?;?;0;95758;71;50;0;1;0;1;0
1015;?;?;0;74008;81;74;0;1;0;1;0
1015;?;?;0;74008;81;74;0;1;0;1;0
1015;?;?;0;91698;96;800;0;1;0;1;0
0;?;?;0;72674;49;670;0;1;0;1;0
1015;1;?;0;84912;143;270;0;1;0;1;0
1015;1;?;0;84912;143;270;?;1;0;1;0
1015;1;0;0;84912;143;270;?;1;0;1;0
-1015;1;0;0;86536;1;163;?;1;0;1;0
1015;?;0;0;60204;113;511;?;1;0;1;0
0;1;0;0;83868;33;989;?;1;0;1;0
0;1;0;0;83868;33;989;?;1;0;1;0
1015;1;0;0;97701;83;821;?;1;0;1;0
1015;1;0;0;84303;?;987;?;1;0;1;0
0;1;0;0;0;?;575;?;1;0;1;0
0;1;0;0;0;?;575;0;1;0;1;0
0;1;0;0;0;?;427;0;1;0;1;0
0;1;0;0;0;?;444;0;1;0;1;0
0;1;0;0;0;?;452;0;1;0;1;0
0;1;0;0;0;?;452;0;1;0;1;0
0;1;0;0;0;?;452;0;1;0;1;0
0;1;0;0;?;?;452;0;1;0;1;0
0;1;0;0;?;98;447;0;1;0;1;0
0;1;0;0;?;100;453;0;1;0;1;0
0;1;0;0;?;100;454;0;1;0;1;0
0;1;0;0;?;98;458;0;1;0;1;0
0;1;0;0;?;98;458;0;1;0;1;0
0;1;0;0;?;101;456;0;1;0;1;0
0;1;0;0;?;98;456;0;1;0;1;0
0;1;0;0;?;98;446;?;1;0;1;0
0;1;0;0;0;98;446;?;1;0;1;0
0;1;0;0;0;98;462;?;1;0;1;0
0;1;0;0;0;98;450;?;1;0;1;0
0;1;0;0;0;100;454;?;1;0;1;0
0;1;0;0;0;100;454;?;1;0;1;0
0;1;0;0;0;97;?;?;?;0;1;0
0;1;0;0;0;97;?;?;?;?;1;0
0;1;0;0;0;102;?;?;?;0;1;0
0;1;0;0;0;100;?;?;?;0;1;0
-2001;1;0;0;-28188;-50;?;?;?;0;1;0
-1015;1;0;0;-74791;-43;?;?;?;0;1;0
-1015;1;0;0;-74791;-43;?;0;1;0;1;0
0;1;0;0;-62002;-184;?;0;1;0;1;0
0;1;0;0;-86536;-157;?;0;1;0;1;0
-1015;1;0;0;-84071;-135;?;0;1;0;1;0
-1015;1;0;0;-84071;-135;?;0;1;0;1;0
0;1;0;0;-86159;-72;?;0;1;0;1;0
-1015;1;0;0;-94134;-97;?;0;1;0;1;0
-1015;1;0;0;-94134;-97;?;0;1;0;1;0
1015;1;0;0;-86333;-42;?;0;1;0;1;0
0;1;0;0;-90248;-103;-893;0;1;0;1;0
0;1;0;0;-90248;-103;-893;0;1;0;1;0
-1015;1;0;0;-78532;-164;-244;0;1;0;1;0
0;1;0;0;-74704;-47;256;0;1;0;1;0
-1015;1;0;0;-84419;?;-57;0;1;0;1;0
1015;1;0;0;-72877;?;-305;0;1;0;1;0
1015;1;0;0;-72877;?;-305;0;1;0;1;0
0;1;0;0;-67309;?;-542;0;1;0;1;0
0;1;0;0;-88334;-158;-280;0;1;0;1;0
0;1;0;0;-71137;-223;51;0;1;0;1;0
0;1;0;0;-71137;-223;51;0;1;0;1;0
0;1;0;0;-102660;-119;269;0;1;0;1;0
0;1;0;0;-102660;-119;269;0;1;0;1;0
0;1;0;0;-95410;23;-471;0;1;0;?;0
0;1;0;0;-96976;-112;-256;0;1;0;1;0
0;1;0;0;-58145;-149;-773;0;1;0;?;0
0;1;0;0;-58145;-149;-773;0;1;0;?;0
?;1;0;0;-94772;-126;-353;0;1;0;?;0
?;1;0;0;-98020;-103;-31;0;1;0;?;0
?;1;0;0;-81345;-41;-754;0;1;0;?;0
?;1;0;0;-83404;-119;-399;0;1;0;1;?
?;1;0;0;-83404;-119;-399;0;1;0;1;?
0;1;0;0;-85927;-117;-325;0;?;0;1;?
0;1;0;0;-88160;-115;-518;0;?;0;1;?
0;1;0;0;-377;-84;-520;0;?;0;1;?
0;1;0;0;0;5;14;0;?;0;1;?
0;1;0;?;0;5;14;0;?;0;1;?
0;1;0;?;0;5;14;0;?;?;1;?
0;1;0;?;0;4;37;0;?;?;1;?
0;1;0;?;0;7;27;0;?;0;0;?
0;1;0;?;0;6;?;0;?;0;0;?
0;1;0;?;0;6;?;0;?;0;0;?
0;1;0;?;0;7;?;0;?;0;0;?
0;1;0;?;0;5;?;0;?;0;0;?
0;1;0;?;0;5;?;0;?;0;0;1
0;1;0;?;0;5;?;0;1;0;0;1
0;1;0;?;0;6;?;0;1;0;0;1
0;1;0;?;0;?;?;0;1;0;0;1
0;1;0;?;0;?;?;0;1;0;0;1
0;1;0;0;0;?;?;0;1;0;0;1
0;1;0;0;0;?;?;0;1;0;0;1
0;1;0;0;0;?;?;0;1;0;0;1
0;1;0;0;0;?;30;0;1;0;0;1
0;1;0;0;0;?;15;0;1;0;0;1
0;1;0;0;0;?;28;0;1;0;0;1
0;1;0;0;0;?;28;0;1;0;0;1
0;1;0;0;0;?;28;0;1;0;0;1
0;1;0;0;0;?;30;0;1;0;0;1
0;1;0;0;?;5;31;0;1;0;0;1
0;1;0;0;0;6;27;0;1;0;0;1
0;1;0;0;0;2;28;0;1;0;0;1
0;1;0;0;0;?;28;0;1;0;0;1
0;1;0;0;0;?;35;0;1;0;0;1
0;1;0;0;0;2;29;0;1;0;0;1
0;1;0;0;0;6;39;0;1;0;0;1
0;1;0;0;0;6;39;0;1;0;0;?
0;1;0;0;0;6;39;0;1;0;0;?
0;1;0;0;0;3;27;0;1;0;0;?
0;1;0;0;0;7;25;?;1;0;0;?
0;1;0;0;0;2;31;?;1;0;0;?
0;1;0;0;0;7;21;0;1;0;0;?
0;1;0;0;0;7;21;0;1;0;0;?
0;1;0;0;0;3;31;0;1;0;0;?
0;1;0;0;0;8;24;0;1;0;0;?
0;1;0;0;0;7;28;0;1;0;0;?
0;1;0;0;0;7;28;0;1;0;0;1
0;1;0;0;0;5;31;0;1;0;0;1
0;1;0;0;0;6;31;0;1;0;0;1
0;1;0;0;0;6;19;0;1;0;0;1
0;1;0;0;0;5;19;0;1;0;0;1
0;1;0;0;0;5;19;0;1;0;0;1
0;1;0;0;0;5;19;0;1;0;0;1
0;1;0;0;0;5;21;0;1;0;0;1
0;1;0;0;0;7;20;0;1;0;0;1
0;1;0;0;0;7;23;0;1;0;0;1
0;1;0;0;0;5;29;0;1;0;0;1
0;1;0;0;0;5;29;0;1;0;0;1
0;1;0;0;0;5;25;0;1;0;0;1
0;1;0;0;0;6;28;0;1;0;0;1
0;1;0;0;0;7;30;0;1;0;0;1
0;1;0;0;0;7;30;0;1;0;0;1
0;1;0;0;0;4;34;0;1;0;0;1
0;1;0;0;0;4;30;0;1;0;0;1
0;1;0;0;0;6;30;0;1;0;0;1
0;?;0;0;0;6;30;0;1;0;0;1
0;?;0;0;0;6;18;0;1;0;0;1
0;?;0;0;0;7;26;0;1;0;0;1
0;?;0;0;0;7;26;0;1;0;0;1
0;?;0;0;0;5;25;0;1;0;0;1
0;?;0;0;0;5;14;0;1;0;?;1
0;?;0;0;0;3;25;0;1;0;?;1
0;?;0;0;0;3;25;0;1;0;?;1
0;?;0;0;0;7;33;0;1;0;?;1
0;1;0;0;0;9;26;0;1;0;?;1
0;1;0;0;0;3;31;0;1;0;?;1
0;1;0;0;0;3;31;0;1;0;?;1
0;1;0;0;0;5;35;0;1;0;0;1
0;1;0;?;0;5;28;0;1;1;0;1
0;1;0;?;0;3;35;0;1;1;0;1
0;1;0;?;0;3;35;0;1;1;0;1
0;1;0;?;0;3;23;0;1;1;0;1
0;1;0;?;0;3;23;0;1;1;0;1
0;1;1;?;0;2;29;0;1;1;0;1
0;1;1;?;0;6;22;0;1;1;0;1
0;0;1;?;0;4;31;0;0;1;0;1
0;0;1;?;0;4;31;0;0;1;0;1
0;1;1;?;0;3;30;0;0;1;0;1
0;1;1;?;0;9;31;?;0;1;0;1
0;1;1;?;0;7;25;?;0;1;0;1
0;1;0;?;0;5;31;?;0;1;0;1
0;1;0;0;0;5;31;?;0;1;0;1
0;1;0;0;0;6;35;?;0;1;0;1
0;1;0;0;0;4;37;1;0;1;0;1
0;1;0;0;0;5;31;1;0;1;0;1
0;1;0;0;0;5;31;1;0;1;0;1
0;1;0;0;0;5;31;1;0;1;0;1
0;1;0;0;0;5;19;1;0;1;0;1
0;1;0;0;0;8;34;1;0;1;0;1
0;1;0;0;0;6;21;1;0;1;0;1
0;1;0;0;0;8;16;1;0;1;0;1
0;1;0;0;0;8;16;1;0;1;0;1
0;1;0;0;0;7;35;1;0;1;0;1
0;1;0;0;0;5;19;1;0;1;0;1
0;1;0;0;0;4;21;1;0;1;0;1
0;1;0;0;0;4;21;1;0;1;0;1
0;1;0;0;0;6;33;1;0;1;0;1
0;1;?;0;0;7;46;1;0;1;0;1
0;1;?;0;0;6;33;1;0;1;0;1
0;1;?;0;0;6;28;1;0;1;0;1
0;1;?;0;0;6;28;1;0;1;0;1
0;1;?;0;0;7;40;1;0;1;0;1
0;1;?;0;0;7;40;1;0;1;0;1
0;1;?;0;0;6;28;1;0;1;0;1
0;?;?;0;0;2;30;1;0;1;0;1
0;?;?;0;0;2;30;1;0;1;0;1
0;?;?;0;0;7;49;1;0;1;0;1
0;?;?;0;0;3;27;1;0;1;0;1
0;?;0;0;0;6;19;1;0;1;0;1
0;?;0;0;0;6;19;1;0;1;0;1
0;?;0;0;0;5;35;1;0;1;0;1
0;?;0;0;0;3;37;1;0;1;0;1
0;?;0;0;0;2;36;1;0;1;0;1
0;?;0;0;0;5;29;1;0;1;0;1
0;1;0;0;0;7;28;1;0;1;0;1
0;1;0;0;0;7;28;1;0;1;0;1
0;1;0;0;0;7;28;1;0;1;0;1
0;1;0;0;0;5;28;1;0;1;0;1
0;1;0;0;0;5;21;1;0;1;0;1
0;1;0;0;0;6;27;1;0;1;0;1
0;1;0;0;0;5;27;1;0;1;0;1
0;1;0;0;0;5;27;1;0;1;0;1
0;1;0;0;0;5;13;1;?;1;0;1
0;1;0;0;0;6;30;1;?;?;0;1
0;1;0;0;0;5;19;1;?;?;0;1
0;1;0;0;0;5;19;1;?;?;0;1
0;1;0;0;0;9;18;1;?;0;0;1
0;1;0;0;0;3;29;1;?;0;0;1
0;1;0;0;0;5;31;1;?;0;0;1
0;1;0;0;0;5;31;?;?;0;0;1
0;1;0;0;0;7;28;?;?;?;0;1
0;1;0;0;0;7;28;?;?;?;0;1
0;1;0;0;0;7;12;?;?;?;0;1
0;1;0;0;0;6;19;?;0;?;0;1
0;1;0;0;0;6;8;?;0;?;0;1
0;1;0;0;0;6;8;0;0;?;0;1
0;1;0;0;0;6;16;0;1;?;0;1
-2001;1;0;0;-70064;-122;-718;0;1;0;0;0
0;1;0;0;-75980;?;-752;0;1;0;0;0
0;1;0;0;-73370;-110;-23;0;1;0;0;0
0;1;0;0;-73370;-110;-23;0;1;0;0;0
0;1;0;0;-55071;-85;-9;0;1;0;0;0
0;1;0;0;-78184;-32;231;0;1;0;0;0
-1015;1;0;0;-93293;-200;-400;0;1;0;0;0
-1015;1;0;0;-93293;-200;-400;0;1;0;0;0
-1015;1;0;0;-93293;-200;-400;0;1;0;0;0
1015;1;0;0;-84738;-133;169;0;1;0;0;0
1015;1;0;0;-84738;-133;169;0;1;0;0;0
0;1;0;0;-82708;-81;45;0;1;0;0;0
?;1;0;?;-70151;-108;-430;0;1;0;0;0
?;1;0;?;-70151;-108;-430;0;1;0;0;0
?;1;0;?;-81838;-154;75;0;1;0;0;0
?;1;0;?;-86188;-188;-257;0;1;0;0;?
?;1;0;?;-77372;-17;-381;0;1;0;0;?
?;1;0;?;-68034;-114;-732;0;1;0;0;?
?;1;0;?;-68034;-114;-732;0;1;0;0;0
?;1;0;?;-70267;-182;-150;0;1;0;0;0
?;1;0;?;-75226;-61;167;0;1;0;0;0
?;1;0;?;-89059;-57;-433;0;1;0;0;0
?;1;0;?;-89059;-57;-433;0;1;0;0;0
?;1;0;?;-73051;18;-808;0;1;0;0;0
?;1;0;0;-90219;-93;-1086;0;1;0;0;0
?;1;0;0;-84564;-240;-271;0;1;0;0;0
?;1;0;0;-84564;-240;-271;0;1;0;0;0
1015;1;0;?;-77024;-126;153;0;1;0;0;0
1015;1;0;?;-77024;-126;153;0;1;0;0;0
0;1;0;?;-84071;-125;-608;0;1;0;0;0
-1015;1;0;?;-97933;38;-211;0;1;0;0;0
-1015;1;0;?;-57449;-1;-148;0;1;0;0;0
-1015;1;0;?;-57449;-1;-148;0;1;0;0;0
1015;1;0;?;-95120;-98;-780;0;1;0;0;0
-1015;1;0;?;-95468;40;-21;0;1;0;0;0
0;1;0;0;-69571;-65;-177;0;1;0;0;0
?;1;0;0;-84100;-66;-52;0;1;0;0;0
?;?;0;0;-84100;-66;-52;0;1;0;0;0
?;?;0;0;-84100;-66;-52;0;1;0;0;0
?;?;0;0;-72239;-158;-275;0;1;0;0;0
?;?;0;0;-65134;-130;-745;0;1;0;0;0
?;?;0;0;-68556;-39;-202;0;1;0;0;0
?;?;0;0;-65801;-164;-45;?;1;0;0;0
?;?;0;0;-65801;-164;-45;?;1;0;0;0
?;?;0;0;-95091;-34;-25;?;1;?;0;0
0;?;0;0;-78213;-38;-737;0;1;?;0;0
-1015;?;0;0;-91756;-50;22;0;1;?;0;0
-1015;?;0;0;-91756;-50;22;0;1;?;0;0
0;1;0;0;-88131;-67;-17;0;1;?;0;0
0;1;0;0;-65772;-134;-832;0;1;?;0;0
0;1;0;0;-71456;-121;-200;0;1;0;0;0
?;1;0;0;-84419;-40;-719;0;1;0;0;0
?;1;0;0;-84419;-40;-719;0;?;0;0;0
?;1;0;0;-84419;-40;-719;0;?;0;0;0
?;1;0;0;-70238;?;-344;0;?;0;0;0
?;1;0;0;-86362;?;-455;0;?;0;0;0
0;1;0;0;-88943;?;-184;0;?;0;0;0
0;1;0;0;-88943;?;-184;0;?;0;0;0
0;1;0;0;-57913;?;-919;0;1;0;0;0
1015;1;0;0;-87058;?;-524;0;1;0;0;0
0;1;0;?;-66265;?;-458;0;1;0;0;0
0;1;0;?;-66265;?;-458;0;1;0;0;0
0;1;0;?;-77546;?;-319;0;1;0;0;0
0;1;0;?;20996;-12;-179;0;1;0;0;0
0;1;0;?;0;-42;-205;0;1;0;0;0
?;1;0;?;0;-42;-198;0;1;0;0;0
?;1;0;?;0;-42;-198;0;1;0;0;0
?;1;0;?;0;-42;-198;0;1;0;0;0
?;1;0;?;0;-44;-198;0;1;0;1;0
?;1;0;?;0;-45;-197;0;1;0;1;0
?;1;0;?;0;-45;-197;0;1;0;1;0
?;1;0;?;0;-44;-210;0;1;0;1;0
?;1;0;0;0;-44;-210;0;1;0;1;0
?;1;0;0;0;-43;-198;0;1;0;1;0
?;1;0;0;0;-45;-189;0;1;0;1;0
0;1;0;0;0;-43;-189;0;1;0;1;0
0;1;0;0;0;-43;-189;0;1;0;1;0
0;1;0;0;0;-43;-206;0;1;0;1;0
0;1;0;0;0;-44;-205;0;1;0;1;0
0;1;0;0;0;-45;-202;0;1;0;1;0
0;1;0;0;0;-43;-192;0;1;0;1;0
0;1;0;0;0;-43;-192;0;1;0;1;0
0;1;0;0;0;-43;-203;0;1;0;1;0
0;1;0;0;0;-46;-193;0;1;0;1;0
0;1;0;0;0;-46;-193;0;1;0;1;0
0;1;0;0;0;-48;-196;0;1;0;1;0
0;1;0;0;0;-48;-196;0;1;0;1;0
0;1;0;0;0;-44;-197;0;1;0;1;0
0;1;0;0;0;-43;-193;0;1;0;1;0
0;1;0;0;0;-44;-197;0;1;0;1;0
0;1;0;0;72500;105;888;0;1;0;1;0
0;1;0;0;72500;105;888;0;1;0;1;0
0;1;0;0;88682;49;685;0;1;0;1;0
1015;1;0;0;86768;247;831;0;1;0;1;0
0;1;0;0;90451;114;1011;0;1;0;1;0
0;1;0;0;90451;114;1011;0;1;0;1;0
0;1;0;0;83172;76;1036;0;1;0;1;0
0;1;0;0;88537;70;941;0;1;0;1;0
0;1;0;0;88537;70;941;0;1;0;1;0
0;1;0;0;86072;140;34;0;1;0;1;0
0;1;0;0;82621;223;504;0;1;0;1;0
0;1;0;0;82621;223;504;0;1;0;1;0
0;1;0;0;87058;229;762;0;1;0;1;0
0;1;0;0;73312;48;811;0;1;0;1;0
0;1;0;0;87609;53;395;0;1;0;1;0
1015;1;0;0;61103;-45;752;0;1;0;?;0
1015;1;0;0;61103;-45;752;0;1;0;?;0
1015;1;0;0;88508;128;856;0;1;0;?;0
0;1;0;0;65685;92;507;0;1;0;?;0
1015;1;0;0;68150;72;733;0;1;0;?;0
1015;1;0;0;68150;72;733;0;1;0;?;0
0;1;0;0;86449;133;185;0;1;0;?;0
0;1;0;0;86449;133;185;0;1;0;?;0
0;1;0;0;75458;66;366;0;1;0;?;0
-1015;1;0;0;86971;53;692;0;1;0;1;0
0;1;0;0;85115;159;132;0;1;0;1;0
0;1;0;0;85115;159;132;0;1;0;1;0
0;1;0;0;85028;155;829;0;1;0;1;0
0;1;0;0;77488;40;272;0;1;0;1;0
0;1;0;0;77488;40;272;0;1;0;1;0
0;1;0;0;65917;1;357;0;1;0;1;0
-1015;1;0;0;87928;182;634;0;1;0;1;0
0;1;0;0;70615;109;513;0;1;0;1;0
0;1;0;0;74704;71;-4;0;1;0;1;0
?;1;0;0;80272;140;638;0;1;0;1;0
?;1;0;0;80272;140;638;0;1;0;1;0
?;1;0;0;80272;140;638;0;1;0;1;0
?;1;0;0;72500;64;139;0;1;0;1;0
?;1;0;0;90045;0;660;0;1;0;1;0
?;1;0;0;86681;192;282;0;1;0;1;0
?;1;0;0;86681;192;282;0;1;0;1;0
?;1;0;0;68556;-27;843;0;1;0;1;0
0;1;0;0;76966;41;572;0;1;0;1;0
0;1;0;0;100659;109;82;0;1;0;1;0
1015;1;0;0;83462;136;780;0;1;0;1;0
1015;1;0;0;83462;136;780;0;1;0;1;0
0;1;0;0;72964;26;170;0;1;0;1;0
1015;1;0;0;72703;-24;545;0;1;0;1;0
?;1;0;0;71224;112;402;0;1;0;1;0
?;1;0;0;66990;-17;653;0;1;0;1;0
?;1;0;0;66990;-17;653;0;1;0;1;0
?;1;0;0;66990;-17;653;0;1;0;1;0
?;1;0;0;84883;230;-1;0;1;0;1;0
?;1;0;0;99586;241;284;0;1;0;1;0
0;1;0;0;97875;20;144;0;1;0;1;0
0;1;0;0;97875;20;144;0;1;0;1;0
1015;1;0;0;74240;121;370;0;1;0;1;0
0;1;0;0;78039;9;359;0;1;0;1;0
0;1;?;0;78416;176;256;0;1;0;1;0
0;1;?;0;76618;156;-198;0;1;0;1;0
-2030;1;?;0;84564;-35;530;0;1;0;1;0
-2030;1;?;0;84564;-35;530;0;1;0;1;0
?;1;?;0;90045;193;-3;0;1;0;1;0
?;1;?;0;86507;152;448;0;1;0;1;0
?;1;?;0;89755;45;-287;0;1;0;1;0
0;1;?;0;81229;60;398;0;1;0;1;0
0;1;?;0;81229;60;398;0;1;0;1;0
0;1;?;0;81229;60;398;0;1;0;1;0
0;1;?;0;92191;115;38;0;1;0;1;0
1015;?;?;0;85057;170;-25;0;1;0;1;0
-2030;?;0;0;71311;186;-84;0;1;0;1;0
0;?;0;0;90886;150;544;0;1;0;1;?
?;?;0;0;90886;150;544;0;1;0;1;?
?;1;0;0;80127;92;40;0;1;0;?;?
?;1;0;0;93844;32;-368;0;1;0;?;?
?;1;0;0;84216;37;100;0;1;0;?;0
?;?;0;0;84216;37;100;0;1;0;?;0
?;?;0;0;?;?;88;0;1;0;?;0
?;?;0;0;?;?;113;0;1;0;?;0
?;?;0;0;?;?;236;0;1;0;?;0
?;?;0;0;?;?;236;0;1;0;?;0
?;?;0;0;?;?;-245;0;1;0;?;0
?;1;0;0;68237;?;-245;0;1;0;?;0
0;1;0;0;82447;?;-204;0;1;0;?;0
1015;1;0;0;79025;?;580;0;1;0;?;0
0;1;0;0;82244;231;958;0;1;0;?;0
0;1;0;0;82244;231;958;0;1;0;?;0
0;1;0;0;90828;212;762;0;1;0;1;0
-1015;1;0;0;93293;122;785;0;1;0;1;0
0;1;0;0;65047;97;142;0;1;0;1;0
0;1;0;0;65047;97;142;0;1;0;1;?
-1015;1;?;0;67077;105;868;0;1;0;1;?
1015;1;?;0;89581;63;807;0;1;0;1;?
0;1;?;0;71021;224;741;0;1;0;1;0
1015;1;?;0;65018;131;671;0;1;0;1;0
1015;1;?;0;65018;131;671;0;1;0;1;0
1015;1;?;0;65018;131;671;0;1;0;1;0
0;1;?;0;90886;83;378;0;1;0;1;0
0;1;?;0;72036;127;365;0;1;0;1;0
0;1;?;0;19285;109;-282;0;1;0;1;0
0;1;?;0;?;109;-282;0;1;0;1;0
0;1;?;0;?;69;315;0;1;0;1;0
0;1;?;0;?;70;317;0;1;0;1;0
0;1;?;0;?;67;333;?;1;0;1;0
0;1;?;0;?;69;327;?;1;0;1;0
0;1;?;0;?;69;327;?;1;0;?;0
0;1;?;0;?;73;313;?;1;0;?;0
0;1;?;0;?;68;329;?;1;0;?;?
0;1;0;0;?;68;321;0;1;0;?;?
0;1;0;0;?;68;321;0;1;0;?;?
0;1;0;0;?;68;321;0;1;0;?;?
0;1;0;0;?;70;325;0;1;0;?;?
0;1;0;0;?;67;309;0;1;0;?;?
0;1;0;0;?;70;303;0;1;0;?;?
0;1;0;0;0;69;311;0;1;0;?;?
0;1;0;0;0;69;311;0;1;0;1;?
0;1;0;0;0;71;325;?;1;0;1;?
0;1;0;0;0;69;305;?;1;0;1;?
0;1;0;0;0;70;327;?;1;0;1;?
0;1;0;0;0;69;325;?;1;0;1;0
0;1;0;0;0;69;325;?;1;0;1;0
0;1;0;0;0;68;325;?;1;?;1;0
0;1;0;0;0;68;325;?;1;?;1;0
0;1;0;0;0;70;301;0;1;?;1;0
-3016;1;0;0;-48952;-198;-919;0;1;?;1;0
-1015;1;0;0;-86449;-77;-207;0;1;?;1;0
?;1;0;0;-86449;-77;-207;0;1;?;1;0
?;1;0;0;-67512;-185;-517;0;1;?;1;0
?;1;0;0;-83868;-100;?;0;1;?;1;0
?;1;0;0;-84912;-157;?;0;1;?;1;0
?;1;0;0;-84912;-157;?;0;1;?;1;0
?;1;0;0;-68991;-24;?;0;1;?;1;0
?;1;0;0;-82447;-104;?;0;1;?;1;0
?;1;0;0;-86014;27;?;0;1;0;1;0
?;1;0;0;-89204;-21;?;0;1;0;1;0
?;1;0;0;-89204;-21;?;0;1;0;1;0
?;1;0;0;-89204;-21;-327;0;1;0;1;0
?;1;0;0;-78706;-55;-321;0;1;0;1;0
?;1;0;0;-68324;-27;-542;0;1;0;1;0
?;1;0;0;-77024;-50;-490;0;1;0;1;0
?;?;0;0;-80156;-71;-385;0;1;0;1;0
0;?;0;0;-80156;-71;-385;0;1;0;1;0
0;?;0;0;-86913;-46;-867;0;1;0;1;0
1015;?;0;0;-73370;-30;136;?;1;0;1;0
0;?;0;0;-88015;-61;-830;?;1;0;1;0
0;?;0;0;-81519;-25;-886;?;1;0;1;0
0;?;0;0;-81519;-25;-886;?;1;0;1;0
0;?;0;0;-93786;-159;126;?;1;0;1;0
0;1;0;0;-87522;-64;-711;0;1;0;1;0
-1015;1;0;0;-100021;-17;-197;0;1;0;1;0
-1015;1;0;0;-100021;-17;-197;0;1;0;1;0
-1015;1;0;0;-100021;-17;-197;0;1;0;1;0
-1015;1;0;0;-99528;103;-179;0;1;0;1;0
0;1;0;0;-88943;12;-626;0;1;0;1;0
0;1;0;0;-89523;-162;169;0;1;0;1;0
0;1;0;0;-94511;65;-306;0;1;0;1;0
0;1;0;0;-94511;65;-306;0;1;0;1;0
1015;1;0;0;-81867;-16;-127;0;1;0;1;0
1015;1;0;0;-72471;-63;?;0;1;0;1;0
0;1;0;0;-82708;-13;?;0;1;0;1;0
0;1;0;0;-82708;-13;?;0;1;0;1;0
-1015;1;0;0;-69310;-80;?;0;1;0;1;0
1015;1;0;0;-97324;-92;?;0;1;0;1;0
1015;1;0;0;-86913;-20;283;0;1;0;1;0
1015;1;0;0;-86913;-20;?;0;1;0;1;0
0;1;0;0;-100253;-26;?;0;1;0;1;0
0;1;0;0;-100253;-26;?;0;1;0;1;0
0;1;0;0;-85666;5;-369;0;1;0;1;0
0;1;0;0;-85666;5;-369;0;1;0;1;0
1015;1;0;0;-72384;-43;-313;0;1;0;1;0
-1015;1;0;0;-90132;-164;-94;0;1;0;1;0
-1015;1;0;0;-90132;-164;-94;0;1;0;1;0
0;1;0;0;-63858;-90;-419;0;1;0;1;0
0;1;0;0;-93960;-54;-311;0;1;0;1;0
0;1;0;0;-87058;-16;57;0;1;0;?;0
0;1;0;0;-87058;-16;57;0;1;0;?;?
0;1;0;0;-70267;-98;-3;0;1;0;?;?
0;1;0;0;-90596;-68;-566;0;1;0;?;?
0;1;0;0;-72761;-136;-17;0;1;0;?;?
0;1;0;0;-89697;-167;-447;0;1;0;?;?
0;1;0;0;-89697;-167;-447;0;1;0;?;?
0;1;0;0;-89697;-167;-447;0;1;0;?;?
0;1;0;0;-91553;-113;-149;0;1;0;?;?
0;1;0;0;-65047;-208;-467;0;1;0;1;0
0;1;0;0;-91640;-146;-488;0;1;0;1;0
0;1;0;0;-91640;-146;-488;0;1;0;1;0
0;1;0;0;-84390;-119;198;0;1;0;1;0
-1015;1;0;0;-81403;-51;-251;0;1;0;1;0
-1015;1;0;0;-67251;-1;-255;0;1;0;1;0
2001;1;0;0;-83926;-27;-565;0;1;0;1;0
2001;1;0;0;-83926;-27;-565;0;1;0;1;0
1015;1;0;0;0;-77;-577;0;1;0;1;0
0;1;0;0;0;-36;-189;0;1;0;1;0
0;1;0;1;0;-38;-185;0;1;0;1;0
0;1;0;1;0;-38;-185;0;1;0;1;0
0;1;0;1;0;-40;-198;0;1;0;0;0
0;1;0;1;0;-40;-198;0;1;0;0;0
0;1;0;1;0;-40;-173;0;1;0;0;0
0;1;0;1;0;-37;-169;0;1;0;0;0
0;1;0;1;0;-40;-170;0;1;0;0;0
0;1;0;1;0;-40;-170;0;1;0;0;0
0;1;0;1;0;-39;-176;0;1;0;0;0
0;1;0;1;0;-39;-183;0;1;0;0;0
0;1;0;1;0;-39;-179;0;1;0;0;0
0;1;0;1;0;-39;-179;0;1;0;0;0
0;1;0;1;0;-38;-179;0;1;0;0;0
0;1;0;1;0;-41;-174;0;1;0;0;0
0;1;0;1;0;-38;-183;0;1;0;0;0
0;1;0;1;0;-38;-179;0;1;0;0;0
0;1;0;?;0;-38;-179;0;1;0;0;0
0;1;0;?;0;-38;-179;0;1;0;0;0
0;1;0;?;0;-38;-172;0;1;0;0;0
0;1;0;?;0;-37;-165;0;1;0;0;0
0;1;0;?;0;-38;-177;0;1;0;0;0
0;1;0;?;0;-36;-166;0;1;0;0;0
0;1;0;?;0;-36;-166;0;1;0;0;0
0;1;0;?;0;-38;-183;0;1;0;0;?
?;1;0;?;0;-38;-193;0;1;0;0;?
0;1;0;?;0;-37;-189;0;1;0;0;?
0;1;0;?;0;-37;-189;0;1;0;0;?
0;1;0;?;0;-38;-174;0;1;0;0;?
0;1;0;1;0;-36;-179;0;1;0;0;?
0;1;0;1;0;-38;-167;0;1;0;0;?
0;1;0;1;0;-37;-170;0;1;0;0;0
0;1;0;?;0;-37;-170;0;1;0;0;0
0;1;0;?;0;-38;-185;0;1;0;0;0
0;1;0;?;0;-38;-185;0;1;0;0;0
0;1;0;?;0;-38;-172;0;1;0;0;0
0;1;0;?;0;-38;-178;0;1;0;0;0
0;1;0;?;0;-36;-177;0;1;0;0;0
0;1;0;?;?;-36;-177;0;1;0;0;?
0;1;0;?;?;-41;-185;0;?;0;0;?
0;1;0;?;?;-34;-167;0;?;0;0;?
0;1;0;?;?;?;-169;0;?;0;0;?
?;1;0;?;?;?;-169;0;1;0;0;?
?;1;0;?;0;?;-172;0;1;0;0;0
?;1;0;?;0;?;-167;0;1;0;0;0
?;1;0;1;0;?;-169;0;1;0;0;0
?;1;0;1;0;?;-175;0;1;0;0;0
?;1;0;1;0;?;-175;0;1;0;0;0
?;1;0;1;0;?;-175;0;1;0;0;0
?;1;0;1;0;?;-177;0;1;0;0;0
0;1;0;1;0;?;-176;0;1;0;0;0
0;1;0;1;0;-38;-176;0;1;0;0;0
0;1;0;1;0;-38;-176;0;1;0;0;0
0;1;0;1;0;-39;-185;0;1;0;0;0
0;1;0;1;0;-36;-174;0;1;0;0;0
0;1;0;1;0;-39;-181;0;1;0;0;0
0;1;0;1;0;-38;-175;0;1;1;0;0
0;1;0;1;0;-38;-175;0;1;1;0;0
0;1;0;1;0;-35;-185;0;1;1;0;0
0;1;0;1;0;-39;-144;0;1;1;0;0
0;1;1;1;0;?;-174;0;1;1;0;0
0;1;1;1;0;?;-167;0;1;1;0;0
0;1;1;1;0;?;-167;0;1;1;0;0
0;1;1;1;0;?;-185;0;1;1;0;0
0;1;1;1;0;?;-185;0;1;1;0;0
0;1;1;1;0;-35;-175;0;0;1;0;0
0;1;1;1;0;-39;-170;0;0;1;0;0
0;1;1;1;0;-39;-170;0;0;1;0;0
0;1;1;1;0;-40;-187;0;0;1;0;0
0;1;1;1;0;-38;-174;0;0;1;0;0
0;1;0;1;0;-37;-175;1;0;1;0;0
0;1;0;1;0;-38;-156;1;0;1;0;0
0;1;0;1;0;-38;-156;1;0;1;0;0
0;1;0;1;0;-35;-183;1;0;1;0;0
0;1;0;1;0;-38;-176;1;0;1;0;0
0;1;0;1;0;-41;-167;1;0;1;0;0
0;1;0;1;0;-41;-167;1;0;1;0;0
0;1;0;1;0;-41;-167;1;0;1;0;0
0;1;0;1;0;-37;-165;1;0;1;0;0
0;1;0;1;0;-37;-172;1;0;1;0;0
0;1;0;1;0;-37;-174;1;0;1;0;0
0;1;0;1;0;-38;-173;1;?;1;0;0
0;1;0;1;0;-38;-173;1;?;1;0;0
0;1;0;1;0;-36;-175;1;0;1;0;0
0;1;0;1;0;-36;-189;1;0;1;0;0
0;1;?;1;0;-40;-189;1;0;1;0;0
0;1;?;?;0;-40;-189;1;0;1;0;0
0;1;0;?;0;-38;-187;1;0;1;0;0
0;1;0;1;0;-39;-181;1;0;1;0;0
0;1;0;1;0;-39;-169;1;0;1;0;0
0;1;0;1;0;-37;-161;1;0;1;0;0
0;1;0;1;0;-37;-161;1;0;1;0;0
0;1;0;1;0;-37;-161;1;0;1;0;0
0;1;0;1;0;-36;-173;1;0;1;0;0
0;1;0;1;0;-38;-183;1;0;1;0;0
0;1;0;1;0;-40;-193;1;0;1;0;0
0;1;0;1;0;-40;-193;1;0;1;0;0
0;1;0;1;0;-39;-169;1;0;1;0;0
0;1;0;1;0;-37;-185;1;0;1;0;0
0;1;0;1;0;-38;-166;1;0;1;0;0
0;1;0;1;0;-35;-159;1;0;1;0;0
0;1;0;1;0;-35;-159;1;0;1;0;0
0;1;0;1;0;-39;-174;1;0;1;0;0
0;1;0;1;0;-36;-189;1;0;1;0;0
0;1;0;1;0;-36;-165;1;0;1;0;0
0;1;0;1;0;-36;-165;1;0;1;0;0
0;1;0;1;0;-37;-173;1;0;1;0;0
0;1;0;1;0;-37;-173;1;0;1;0;0
0;1;0;1;0;-37;-151;1;0;1;?;0
0;1;0;1;0;-41;-185;1;0;1;?;?
0;1;0;1;0;-41;-175;1;0;1;?;?
0;1;0;1;0;-41;-175;1;0;1;?;?
0;1;0;1;0;-37;-157;?;0;0;?;?
0;1;0;1;0;-39;-170;?;0;0;?;?
0;1;0;1;0;-39;-189;?;0;0;?;?
0;1;0;1;0;-40;-165;?;0;0;?;?
0;1;0;1;0;-40;-165;?;0;0;?;?
0;1;0;1;0;-42;-175;?;0;0;?;?
0;1;0;1;0;-35;-169;?;0;0;?;0
0;1;0;1;0;-39;-171;?;0;0;?;0
0;1;0;1;0;-39;-171;?;0;0;0;0
0;1;0;1;0;-39;-171;?;0;0;0;0
0;1;0;1;0;-37;-183;0;0;0;?;0
0;1;0;1;0;-39;-167;0;0;0;?;0
0;1;0;1;0;-38;-179;0;1;0;?;0
0;1;0;0;-73138;-44;-157;0;1;0;?;0
0;1;0;0;-73138;-44;-157;0;1;0;?;0
1015;1;0;0;-78590;-43;-163;0;1;0;?;?
-1015;1;0;0;-87406;-165;-183;0;1;0;?;?
0;?;0;0;-78648;-190;184;0;1;0;?;?
-1015;?;0;0;-95758;-75;55;0;1;0;?;?
-1015;?;0;0;-95758;-75;55;0;1;0;?;?
0;?;0;0;-82621;-42;-242;0;1;0;?;?
0;?;0;0;-93757;-164;-168;0;1;0;?;?
0;?;0;0;-93757;-164;-168;0;1;0;?;?
0;1;0;0;-79141;-34;-790;0;1;0;?;?
1015;1;0;0;-83839;-143;-161;0;1;0;?;?
1015;1;0;0;-83839;-143;-161;0;1;0;0;?
-1015;1;0;0;-96280;0;-264;0;1;0;0;?
1015;1;0;0;-73486;-64;-179;0;1;0;0;0
-1015;1;0;0;-86594;-119;-466;0;1;0;0;0
0;1;0;0;-87145;-132;-348;0;1;0;0;0
0;1;0;0;-87145;-132;-348;0;1;0;0;0
-1015;1;0;0;-80388;-134;-931;0;1;0;0;0
0;1;0;0;-105328;-161;-122;0;1;0;0;0
0;1;0;0;-71340;-184;-164;0;1;0;0;0
0;1;0;0;-71340;-184;-164;0;1;0;0;0
0;1;0;0;-85144;-144;-795;0;1;0;0;0
0;1;0;0;-85144;-144;-795;0;1;0;0;0
0;1;0;0;-74588;-81;-246;0;1;0;0;0
0;1;0;0;-77430;-126;-15;0;1;0;0;0
1015;1;0;0;-72616;-62;-1049;0;1;0;0;0
1015;1;0;0;-72616;-62;-1049;0;1;0;0;0
1015;1;0;0;-83462;-188;-345;0;1;0;0;0
0;1;0;0;-75110;-203;-795;0;1;0;0;0
0;1;0;0;-69426;-227;-765;0;1;0;0;0
2001;1;0;0;-10092;17;-432;0;1;0;0;0
2001;1;0;0;-10092;17;-432;0;1;0;0;0
0;1;0;0;0;-36;-158;0;1;0;0;0
0;1;0;0;0;-35;-167;0;1;0;0;0
0;1;0;0;0;-37;-167;0;1;0;1;0
0;1;0;0;0;-36;-151;0;1;0;1;0
0;1;0;0;0;-36;-151;0;1;0;1;0
0;1;0;0;0;-36;-151;0;1;0;1;0
0;1;0;0;0;-35;-162;0;1;0;1;0
0;1;0;0;0;-38;-175;0;1;0;1;0
0;1;0;0;0;-36;-182;0;1;0;1;0
0;1;0;0;0;-36;-182;0;1;0;1;0
0;1;0;0;0;-37;-167;0;1;0;1;0
0;1;0;0;0;-33;?;0;1;0;1;0
0;1;0;0;0;-35;?;0;1;0;1;0
0;1;0;0;0;-35;-164;0;1;0;1;0
0;1;0;0;0;-37;-164;0;1;0;1;0
0;1;0;0;0;-36;-164;0;1;0;1;0
0;1;0;0;0;-35;-166;0;1;0;1;0
0;1;0;0;0;-36;-170;0;1;0;1;0
0;1;0;0;0;-36;-170;0;1;0;1;0
0;1;0;0;0;?;-169;0;1;0;1;0
?;1;0;0;0;?;-162;0;1;0;1;0
?;1;0;0;0;?;-162;0;1;0;1;0
?;1;0;0;0;?;-171;0;1;0;1;0
?;1;0;0;0;?;-166;0;1;0;1;0
?;1;0;0;0;?;-166;0;1;0;1;0
?;1;0;0;0;-37;-167;0;1;0;1;0
?;1;0;0;65656;193;918;0;1;0;1;?
?;1;0;0;90799;175;181;0;1;0;1;?
0;1;0;0;76096;133;813;0;1;0;1;?
0;1;0;0;76096;133;813;0;1;0;1;?
1015;1;0;0;81403;251;313;0;1;0;1;?
1015;1;0;0;84361;63;291;0;1;0;1;?
1015;1;0;0;90625;45;416;0;1;0;1;?
0;1;0;0;84767;15;340;0;1;0;1;?
0;1;0;0;84767;15;340;0;1;0;1;?
0;1;0;0;84767;15;340;0;1;0;1;?
1015;1;0;0;59363;?;867;0;1;0;1;?
-1015;1;0;0;68324;?;39;0;1;0;1;?
0;1;0;0;66323;?;171;?;1;0;1;?
0;1;0;0;66323;?;171;?;1;0;1;?
0;1;0;0;85231;?;703;?;1;0;1;?
1015;1;0;0;82244;?;527;?;1;0;1;0
0;1;0;0;95497;?;275;?;1;0;1;0
0;1;0;0;65685;?;441;?;1;0;1;0
0;1;0;0;65685;?;441;?;1;0;1;0
1015;1;0;0;73196;?;4;?;1;0;1;0
0;1;0;0;86623;?;-72;?;1;0;1;0
1015;1;0;0;69600;?;76;?;1;0;1;0
1015;1;0;0;69600;?;76;?;1;0;1;0
1015;1;0;0;76357;39;4;?;1;0;1;0
1015;1;0;0;76357;39;4;0;1;0;1;0
0;1;0;0;66642;62;676;0;1;0;1;0
1015;1;0;0;82882;43;753;0;1;0;1;0
-1015;1;0;0;98136;128;701;0;1;0;1;0
-1015;1;0;0;98136;128;701;0;1;0;1;0
0;1;0;0;73167;47;-20;0;1;0;1;0
0;1;0;0;72732;16;494;0;1;0;1;0
1015;1;0;0;65366;109;648;0;1;0;1;0
0;1;0;0;68556;-12;-291;0;1;0;1;0
0;1;0;0;68556;-12;-291;0;1;0;1;0
0;1;0;0;73225;14;779;0;1;0;1;0
0;1;0;0;100601;160;778;0;1;0;1;0
1015;1;0;0;76067;71;24;0;1;0;1;0
1015;1;0;0;76067;71;24;0;1;0;1;0
0;1;0;0;83288;120;809;0;1;0;1;0
0;1;0;0;83288;120;809;0;1;0;1;0
0;1;0;0;62002;-22;648;0;1;0;1;0
1015;1;0;0;73196;185;248;0;1;0;1;0
0;1;0;0;82360;154;219;0;1;0;1;0
0;1;0;0;82360;154;219;0;1;0;1;0
0;1;0;0;82360;167;804;0;1;0;1;0
0;1;0;0;98716;33;229;0;1;0;1;0
0;1;0;0;100282;110;-84;0;1;0;1;0
0;1;0;0;82824;-36;289;0;1;0;1;0
0;1;0;0;82824;-36;289;0;1;0;1;0
0;1;0;0;89146;?;612;0;1;0;1;0
0;1;0;0;73602;?;437;0;1;0;1;0
0;1;0;0;73602;122;437;0;1;0;1;0
-1015;1;0;0;100572;154;676;0;1;0;1;0
-1015;1;0;0;100572;?;676;0;1;0;1;0
-1015;1;0;0;70412;?;121;0;1;0;1;0
0;1;0;0;86594;?;-323;0;1;0;1;0
-1015;1;0;0;78445;?;-1;0;1;0;1;0
1015;1;0;0;86884;?;888;0;1;0;1;0
1015;1;0;0;86884;?;888;0;1;0;1;0
0;1;0;0;85144;?;607;0;1;0;1;0
0;?;0;0;85666;101;161;?;1;0;1;0
1015;1;0;0;75835;63;775;?;1;0;1;0
1015;1;0;0;75835;63;775;?;1;0;1;0
0;1;0;0;85956;11;-20;?;1;0;1;0
0;1;0;0;85956;11;-20;?;1;0;1;0
0;1;0;?;89088;34;-179;?;1;0;1;0
0;1;0;?;62350;161;718;?;1;0;1;0
1015;1;0;?;95323;59;609;?;1;0;1;0
1015;1;0;0;95323;59;609;?;1;0;1;0
0;1;0;0;65366;203;599;0;1;0;1;0
0;1;0;0;87493;138;666;?;1;0;1;0
-1015;1;0;0;68991;-61;-15;?;1;0;1;0
0;1;0;0;99673;44;187;?;1;0;1;0
0;1;0;0;99673;44;187;?;1;0;1;0
0;1;0;0;87464;57;772;?;1;0;1;0
0;1;0;0;75052;83;71;?;1;0;1;0
-1015;1;0;0;89407;35;168;?;1;0;1;0
-1015;1;0;0;89407;35;168;?;1;0;1;0
-1015;1;0;0;97353;3;-263;?;1;0;1;0
-1015;1;0;0;97353;3;-263;?;1;0;1;0
0;1;0;0;70180;17;457;?;1;0;1;0
1015;1;0;0;73892;240;898;0;1;0;1;0
0;1;0;0;57246;25;257;0;1;0;1;0
0;1;0;0;57246;25;257;0;1;0;1;0
0;1;0;0;65076;135;179;0;1;0;1;0
1015;1;0;0;84709;81;72;0;1;0;1;0
0;1;0;0;97933;169;828;0;1;0;1;0
0;1;0;0;97933;169;828;0;1;0;1;0
-1015;1;0;0;72558;94;-63;?;1;0;1;0
1015;1;0;0;91611;36;600;?;1;0;1;0
0;1;0;0;78677;218;575;?;1;0;1;0
0;1;0;0;83462;157;940;?;1;0;1;0
0;1;0;0;83462;157;940;?;1;0;1;0
0;1;0;0;83462;157;940;?;1;0;1;0
0;1;0;0;88769;113;38;?;1;0;1;0
0;1;0;0;87667;68;304;?;1;0;1;0
0;1;0;0;68498;-17;817;?;1;0;1;0
-2001;1;0;0;72326;130;598;?;1;0;1;0
-2001;1;0;0;72326;130;598;?;1;0;1;0
-1015;1;0;0;0;131;419;?;1;0;1;0
0;1;0;0;0;89;409;?;1;0;1;0
0;1;0;0;0;87;406;?;1;0;1;0
0;1;0;0;0;87;406;?;1;0;1;0
0;1;0;0;0;89;395;0;?;0;1;0
0;1;0;0;0;90;407;0;?;0;1;0
0;1;0;0;0;89;411;0;?;0;1;0
?;1;0;0;0;89;411;0;?;0;1;0
?;1;0;0;0;88;401;0;?;0;1;0
?;1;0;0;0;88;401;0;?;0;1;0
?;1;0;0;0;86;407;0;1;0;1;0
?;1;?;0;0;88;405;0;1;0;1;0
?;1;?;0;0;85;391;0;1;0;1;0
?;1;?;0;0;85;391;0;1;0;1;0
?;1;?;0;0;87;399;0;1;0;1;0
?;1;0;0;0;88;402;0;1;0;1;0
?;1;0;0;0;89;401;0;1;0;1;0
?;1;0;0;0;88;406;0;1;0;1;0
0;1;0;0;0;88;406;0;1;0;1;0
0;1;0;0;0;88;397;0;1;0;1;0
0;1;0;0;0;87;393;0;1;0;1;0
0;1;0;0;0;86;419;0;1;0;1;0
0;1;0;0;0;86;419;0;1;0;1;0
0;1;0;0;0;86;419;0;1;0;1;0
0;1;0;0;0;87;409;0;1;0;1;0
0;1;0;0;-76908;-179;-981;0;1;0;1;0
0;1;0;0;-67048;-34;-527;0;1;0;1;0
0;1;0;0;-75197;-139;-327;0;1;0;1;0
0;1;0;0;-75197;-139;-327;0;1;0;1;0
0;1;0;0;-97933;-197;-928;0;1;0;1;0
-1015;1;0;0;-66149;-116;-914;0;1;0;?;0
1015;1;0;0;-85608;-58;-910;0;1;0;?;0
1015;1;0;0;-85608;-58;-910;0;1;0;?;0
0;1;0;0;-93612;-143;-484;0;1;0;?;0
0;1;0;0;-91785;-66;-861;0;1;0;?;0
1015;1;0;0;-70905;-156;-140;0;1;0;?;0
0;1;0;0;-80388;-46;-756;0;1;0;?;0
0;1;0;0;-80388;-46;-756;0;1;0;?;0
0;1;0;0;-80388;-46;-756;0;1;0;?;0
0;1;0;0;-68817;-153;-661;0;1;0;?;0
-1015;1;0;0;-76096;-152;-1032;0;1;0;1;0
0;1;0;0;-94250;34;?;0;1;0;1;0
0;1;0;0;-75255;-122;?;0;1;0;1;0
0;1;0;0;-75255;-122;?;0;1;0;1;0
0;1;0;0;-66352;-151;?;0;1;0;1;0
-1015;1;0;0;-97672;37;?;0;1;0;1;0
-1015;1;0;0;-74849;-231;?;0;1;0;1;0
-1015;1;0;0;-74849;-231;?;0;1;0;1;0
1015;1;0;0;-64960;-24;?;0;1;0;1;0
1015;1;0;0;-72761;-190;?;0;1;0;1;0
0;1;0;0;-74327;-157;?;0;1;0;1;0
0;1;0;0;-83752;?;?;0;1;0;1;?
0;1;0;0;-83752;?;?;0;1;0;?;0
0;1;0;0;-83752;?;?;0;1;0;?;0
0;1;0;0;-69310;?;-506;0;1;0;?;0
?;1;0;0;-72790;?;-442;0;1;0;1;0
?;1;0;0;-88624;?;-615;0;1;0;1;?
0;1;0;0;-88595;?;-112;0;1;0;1;?
0;1;0;0;-88595;-33;-112;0;1;0;1;?
2030;1;0;0;-47502;41;-202;0;1;0;1;?
1015;1;0;0;23200;145;62;0;1;0;1;?
0;1;0;0;0;5;34;0;1;0;1;?
0;1;0;0;0;5;34;0;1;0;1;?
0;1;?;0;0;7;28;0;1;0;0;?
0;1;?;0;0;7;35;0;1;0;0;?
0;1;?;0;0;7;31;0;1;0;0;?
0;1;?;0;0;5;35;0;1;0;0;?
0;1;?;0;0;5;35;0;1;0;0;?
0;1;?;0;0;5;35;0;1;0;0;?
0;1;0;0;0;7;18;0;1;0;0;?
0;1;0;0;0;5;35;0;1;0;0;?
0;1;0;0;0;9;26;0;1;0;0;1
0;1;0;0;0;7;29;0;1;0;0;1
0;1;0;0;0;7;29;0;1;0;0;1
0;1;0;0;0;8;43;0;1;0;0;1
0;1;0;0;0;8;30;0;1;0;0;1
0;1;0;0;0;5;26;0;1;0;0;1
0;1;0;0;0;5;26;0;1;0;0;1
0;1;0;0;0;7;31;0;1;0;0;1
0;1;0;0;0;7;31;0;1;0;0;1
0;1;0;0;0;8;34;0;1;0;?;1
0;1;0;0;0;6;31;0;1;0;0;1
0;1;0;0;0;6;31;0;1;0;0;1
0;1;0;0;0;7;35;0;1;0;0;1
0;1;0;0;0;7;35;0;1;0;0;1
0;1;0;0;0;6;35;0;1;0;0;1
0;1;0;0;0;7;44;0;1;0;0;1
0;1;?;0;0;8;30;0;1;0;0;1
0;1;?;0;0;7;20;0;1;0;0;1
0;1;?;0;0;7;20;0;1;0;0;1
0;1;?;0;0;7;31;0;1;0;0;1
0;1;?;0;0;7;39;0;1;0;0;1
0;1;?;0;0;7;12;0;1;0;0;1
0;1;?;0;0;7;12;0;1;0;0;1
0;1;?;0;0;11;35;0;1;0;0;1
0;1;?;0;0;3;25;0;1;0;0;1
0;1;?;0;0;6;22;?;1;0;0;1
0;1;?;0;0;6;22;?;1;0;0;1
0;?;0;0;0;6;44;?;1;?;0;1
0;?;0;0;0;6;44;?;1;?;0;1
0;?;0;0;0;6;40;?;1;?;0;1
0;?;0;0;0;7;19;?;1;?;0;1
0;1;0;0;0;8;26;?;1;?;0;1
0;1;?;0;0;8;26;?;1;?;0;1
0;1;?;0;0;7;30;?;1;?;0;1
0;1;?;0;0;5;29;0;1;?;0;1
0;1;?;0;0;6;36;0;1;0;0;1
0;1;?;0;0;4;17;0;1;0;0;1
0;1;?;0;0;4;17;0;1;0;0;1
?;1;?;0;0;6;31;0;1;0;0;1
?;1;?;0;0;4;17;0;1;0;0;1
?;1;?;0;0;4;17;0;1;0;0;1
?;1;?;0;0;6;20;0;1;0;0;?
?;1;?;?;0;6;35;0;1;0;0;?
?;?;?;?;0;6;35;0;1;0;0;?
0;?;?;?;0;7;25;0;1;0;0;1
0;1;?;?;0;7;26;0;1;0;0;1
0;1;?;?;0;4;33;0;1;0;0;1
0;1;0;?;0;4;33;0;1;0;0;1
0;1;0;?;0;5;35;0;1;0;0;1
0;1;0;?;0;11;27;0;1;0;0;1
0;1;0;?;0;7;22;0;1;1;0;1
0;1;0;0;0;4;30;0;1;1;?;1
0;1;0;0;0;4;30;0;1;1;?;1
0;1;0;0;0;8;35;0;1;1;?;1
0;1;0;?;0;8;35;0;1;1;?;1
0;1;1;?;0;6;22;0;1;1;?;1
0;1;?;0;0;6;31;0;1;1;?;1
0;1;?;0;0;6;31;0;1;1;?;1
0;0;?;0;0;7;35;0;0;1;?;1
0;1;?;0;0;4;27;0;0;1;?;1
0;1;?;0;0;6;24;0;0;1;?;1
0;1;?;0;0;6;9;0;0;1;?;1
0;1;?;0;0;6;9;0;0;1;0;1
0;1;?;0;0;6;31;1;0;1;0;1
0;1;?;0;0;7;27;1;0;1;0;1
0;1;?;0;0;6;53;1;0;1;0;1
0;1;?;0;0;6;53;1;0;1;0;1
0;1;?;0;0;6;29;1;0;1;0;1
0;1;?;0;0;6;16;1;0;1;0;1
0;1;?;0;0;6;16;1;0;1;0;1
0;1;?;0;0;?;18;1;0;1;0;1
0;1;?;0;0;5;40;1;0;1;0;1
0;1;?;0;0;5;40;1;0;1;0;1
0;1;?;0;0;5;38;1;0;1;0;1
0;1;?;0;0;7;30;1;0;1;0;1
0;1;0;0;0;9;21;1;0;1;0;1
0;1;0;0;0;9;21;1;0;1;0;1
0;1;0;0;0;7;35;1;0;1;0;1
0;1;0;0;0;7;10;1;0;1;0;1
0;1;0;?;0;6;28;1;0;1;0;1
0;1;0;?;0;9;18;1;0;1;0;1
0;1;0;?;0;9;18;1;0;1;0;1
0;1;0;?;0;8;39;1;0;1;0;1
0;1;0;?;0;5;24;1;0;1;0;1
0;1;0;?;0;8;23;1;0;1;0;1
0;1;0;0;0;8;23;?;0;1;0;1
0;1;0;0;0;8;40;1;0;1;0;1
0;1;0;0;0;8;40;1;0;1;0;1
0;1;0;0;0;4;28;1;0;1;0;1
0;1;0;0;0;4;34;1;0;1;0;1
0;1;0;0;0;3;28;1;0;1;0;1
0;1;0;0;0;9;32;1;0;1;0;1
0;1;0;0;0;7;34;1;0;1;0;1
0;1;0;0;0;7;34;1;0;1;0;1
0;1;0;0;0;9;36;1;0;1;0;1
0;1;0;0;0;3;27;1;0;1;0;1
0;1;0;0;0;8;34;1;0;1;0;1
0;1;0;0;0;8;34;1;0;1;0;1
0;1;0;0;0;8;34;1;0;1;0;1
0;1;0;0;0;7;22;1;0;1;0;1
0;1;0;0;0;3;25;1;0;1;0;1
0;1;0;0;0;4;30;1;0;1;0;1
0;1;0;0;0;7;31;1;0;?;0;1
0;1;0;0;0;7;31;1;0;1;0;1
0;1;0;0;0;7;51;1;0;1;0;1
0;?;0;0;0;6;26;1;0;0;0;1
0;?;0;0;0;7;26;1;0;0;0;1
0;?;0;0;0;4;27;1;0;0;0;1
0;?;0;0;0;4;27;1;0;0;0;1
0;?;0;0;0;5;37;1;0;0;0;1
0;?;0;0;0;4;32;1;0;0;0;1
0;?;0;0;0;3;21;1;0;0;0;1
0;?;0;0;0;3;21;1;0;0;0;1
0;?;0;0;0;6;30;0;0;0;0;1
0;?;0;0;0;6;30;0;0;0;0;1
0;?;0;0;0;7;34;0;0;0;0;1
0;?;0;0;0;7;34;0;0;0;0;?
0;?;0;0;0;6;30;0;0;0;0;?
0;?;0;0;0;6;30;0;0;0;0;?
-2001;?;0;0;-38512;-153;-694;0;1;0;?;?
-1015;1;0;0;-66004;-233;-591;0;1;0;?;?
0;1;0;0;-94830;-137;99;0;1;0;?;?
0;1;0;0;-94830;-137;99;0;1;0;?;?
-1015;1;0;0;-97788;-34;-97;0;1;0;?;?
0;1;0;0;-59827;-85;-903;?;1;0;?;?
1015;1;0;0;-65163;-37;-288;?;1;0;?;?
1015;1;0;0;-91727;-133;-55;?;1;0;?;?
1015;1;0;0;-91727;-133;-55;?;1;0;?;?
1015;1;0;0;-91727;-133;-55;0;1;0;?;?
0;1;0;0;-78706;6;-30;0;1;0;?;?
0;1;0;0;-69252;21;-556;0;1;0;?;0
-1015;1;?;0;-78184;69;103;0;1;0;?;0
0;1;?;0;-82824;?;-789;0;1;0;?;0
0;1;?;0;-82824;?;-789;0;1;0;?;0
0;1;?;0;-95526;?;-71;0;1;0;0;0
0;1;?;0;-98397;?;-239;0;1;0;0;0
0;?;?;0;-72094;3;70;0;1;0;0;0
0;?;?;0;-72094;3;70;0;1;0;0;0
0;?;0;0;-68237;28;-266;0;1;0;0;0
0;?;0;0;-65540;-104;-239;0;1;0;0;0
0;?;0;0;-67483;12;131;0;1;0;0;0
-1015;?;0;0;-62959;-150;-1006;0;1;0;0;0
-1015;?;0;0;-62959;-150;-1006;0;1;0;0;0
-1015;1;0;0;-62959;-150;-1006;0;1;0;0;0
0;1;0;0;-71949;-128;-393;0;1;0;0;0
-1015;1;0;0;-90016;-79;174;0;1;0;0;0
1015;1;0;0;-69774;-130;-711;0;1;0;0;0
1015;1;0;0;-69774;-130;-711;0;1;0;0;0
0;1;0;0;-84332;24;154;0;1;0;0;0
0;1;0;0;-96744;-74;-173;0;1;0;0;0
-1015;1;0;0;-103965;-233;-581;0;1;0;0;0
-1015;1;0;0;-75603;-189;-136;0;1;0;0;0
-1015;1;0;0;-75603;-189;-136;0;1;0;0;0
0;1;0;0;-93293;49;-199;0;1;0;0;0
-1015;1;0;0;-75284;-75;-276;0;1;0;0;0
0;1;0;0;-60581;-7;-661;0;1;0;0;0
0;1;0;0;-60581;-7;-661;0;1;0;0;0
0;1;0;0;-67077;-5;-635;0;1;0;0;0
0;1;0;0;-67077;-5;-635;0;1;0;0;0
0;1;0;0;-78996;-187;-327;0;1;0;0;0
0;1;0;0;-90393;-124;-196;0;1;0;0;0
0;1;0;0;-99180;-128;-586;0;1;0;0;0
0;1;0;0;-99180;-128;-586;0;1;0;0;0
0;1;0;0;-65801;-136;9;0;1;0;0;0
0;1;0;0;-74559;-63;-91;0;1;0;0;0
0;1;0;0;-74559;-63;-91;0;1;0;0;0
0;1;0;0;-92365;-49;-209;0;1;0;0;0
-1015;1;0;0;-80098;-158;-779;0;1;0;0;0
0;1;0;0;?;-181;-910;0;1;0;0;0
0;1;0;0;-61944;-236;-253;0;1;0;0;0
0;1;0;0;-78474;-36;64;0;1;0;0;0
0;1;0;0;-78474;-36;64;0;1;0;0;0
0;?;0;0;-78474;-36;64;0;1;0;0;0
0;?;0;0;-84506;-44;-407;0;1;0;0;0
0;?;0;0;-70064;-153;-182;0;1;0;0;0
0;?;0;0;-88972;-171;-675;0;1;0;0;0
1015;?;0;0;-86797;-105;-375;0;1;0;0;0
1015;?;0;0;-86797;-105;-375;0;1;0;0;0
0;?;0;0;-72384;-101;-399;0;1;0;0;0
0;?;0;0;-75255;-175;-787;0;1;0;0;0
1015;?;0;0;-76821;-255;-1038;0;1;0;0;0
2001;?;0;0;-56695;-89;-742;0;1;0;0;0
2001;?;0;0;-56695;-89;-742;0;1;0;0;0
0;?;0;0;-8903;-38;-842;0;1;0;0;0
?;?;0;0;0;-40;-192;0;1;0;0;0
?;?;0;0;0;?;-192;0;1;0;0;0
?;?;0;0;0;?;-186;0;1;0;1;0
?;1;0;0;0;?;-186;0;1;0;1;0
?;1;0;0;0;?;-177;0;1;0;1;0
?;1;0;0;0;?;-177;0;1;0;1;0
?;1;0;0;0;?;-191;0;1;0;1;0
?;1;0;0;0;?;-196;0;1;0;1;0
?;1;0;0;0;?;-196;0;1;0;1;0
0;1;0;0;0;?;-190;0;1;0;1;0
0;1;0;0;0;?;-180;0;1;0;1;0
0;1;0;0;0;?;-198;0;1;0;1;0
0;1;0;0;0;-41;-198;0;1;0;1;0
0;1;0;0;0;-41;-185;0;1;0;?;0
0;1;0;0;?;-36;-191;0;1;0;1;0
0;1;0;0;0;-36;-191;0;1;0;1;0
0;1;0;0;0;-41;-193;0;1;0;1;0
0;1;0;0;0;-41;-193;0;1;0;1;0
0;1;0;0;0;-41;-193;0;1;0;1;0
0;1;0;0;0;-40;-192;0;1;0;1;0
0;1;0;0;0;-40;-185;0;1;0;1;0
0;1;0;0;0;-40;-185;0;1;0;1;?
0;1;0;0;0;-41;-180;0;1;0;1;0
0;1;0;0;0;-41;-180;0;1;0;1;0
0;1;0;0;0;-40;-175;0;1;0;1;0
1044;1;0;0;96802;185;186;0;1;0;1;0
-2030;1;0;0;81113;222;384;0;1;0;1;0
-2030;1;0;0;81113;222;384;0;1;0;1;0
1015;1;0;0;82998;35;940;0;1;0;1;0
0;?;0;0;91901;48;229;0;1;0;1;0
1015;?;0;0;91843;72;847;0;1;0;1;0
1015;?;0;0;91843;72;847;0;1;0;1;0
1015;?;0;0;91843;72;847;0;1;0;1;0
0;?;0;0;81432;-17;1076;0;1;0;1;0
1015;1;0;0;96048;88;135;0;1;0;1;0
0;1;0;?;93902;145;477;0;1;0;1;0
0;1;0;?;71340;5;1019;0;1;0;1;0
0;1;0;?;71340;5;1019;0;1;0;1;0
-1015;1;0;?;71978;101;?;0;1;0;1;0
0;1;0;0;66816;60;?;0;1;0;1;0
-1015;1;0;0;75400;249;?;0;1;0;1;0
-1015;1;0;0;75400;249;?;0;1;?;1;0
0;1;0;0;83085;143;?;0;1;?;1;0
0;1;0;0;70093;20;?;0;1;0;1;0
1015;1;0;0;66004;150;-43;0;1;0;1;0
0;1;0;0;87725;-1;-50;0;1;0;1;0
0;1;0;0;87725;-1;-50;0;1;0;1;0
0;?;0;?;87725;-1;-50;0;1;0;1;0
0;?;0;?;90422;166;401;0;1;0;1;0
-2030;?;0;?;69977;189;222;0;1;0;1;0
0;?;0;?;67744;150;188;0;1;0;1;0
0;?;0;?;67744;150;188;0;1;0;1;0
-1015;?;0;?;66004;99;112;0;1;0;1;0
0;?;0;?;75284;6;24;0;1;0;1;0
0;?;0;?;91060;38;555;0;1;0;1;0
1015;?;0;0;78561;18;212;0;1;0;1;0
1015;?;0;0;78561;18;212;0;1;0;1;0
0;?;0;0;83897;186;362;0;1;0;1;0
-1015;?;0;0;73080;155;580;?;1;0;1;0
0;?;0;0;71630;66;204;?;1;0;1;0
0;?;0;0;71630;66;204;?;1;0;1;0
-1015;?;0;0;73718;-17;-124;0;1;0;1;0
-1015;1;0;0;73718;-17;-124;0;1;0;1;0
0;1;?;0;76676;86;251;0;1;0;1;0
0;1;?;0;94134;156;819;0;1;0;1;0
1015;1;0;0;66700;80;-75;0;1;0;1;0
1015;1;0;0;66700;80;-75;0;1;0;1;0
0;1;0;0;93699;29;369;0;1;0;1;0
-1015;1;0;0;65337;?;290;0;1;0;1;0
0;1;0;0;84361;?;147;0;1;0;1;0
0;1;0;0;88653;65;-44;0;1;0;1;0
0;1;0;0;88653;65;-44;0;1;0;1;0
0;1;0;0;77546;0;538;0;1;0;1;0
0;1;0;0;81490;167;-78;0;1;0;1;0
0;1;0;0;68005;157;375;0;1;0;1;0
0;1;0;0;68005;157;375;0;1;0;1;0
0;1;0;0;68005;?;375;0;1;0;1;0
0;1;0;0;?;?;389;0;1;0;1;0
0;1;0;0;?;102;-308;0;1;0;1;0
1015;1;0;0;?;97;806;0;1;0;1;0
1015;1;0;0;?;120;392;0;?;0;1;0
1015;1;0;0;?;120;392;0;?;0;1;0
0;1;0;0;?;145;742;0;?;0;1;0
-1015;1;0;0;81896;199;540;0;?;0;1;0
0;1;0;0;73515;209;890;0;?;0;1;0
0;1;0;0;73515;209;890;0;?;0;1;0
0;1;0;0;83462;19;646;0;?;0;1;0
1015;1;0;0;88305;35;186;0;1;0;1;0
0;1;0;0;81258;60;512;0;1;0;1;0
1015;1;0;0;60436;128;558;0;1;0;1;0
1015;1;0;0;60436;128;558;0;1;0;1;0
1015;1;0;?;60436;128;558;0;1;0;1;0
0;1;0;?;86246;23;-121;0;1;0;1;0
0;1;0;?;90944;130;?;0;1;0;1;0
0;1;0;?;95584;-24;?;0;1;0;1;0
0;1;0;?;95584;-24;?;0;1;0;?;0
-1015;1;0;?;74501;103;?;0;1;0;1;0
0;1;0;?;90277;-26;?;0;1;0;1;0
0;1;0;?;76299;190;?;0;1;0;1;0
-1015;1;0;?;76473;39;?;0;1;0;1;0
-1015;1;0;?;76473;39;?;0;1;0;1;0
-1015;1;0;?;70035;167;?;0;1;0;1;0
0;1;0;?;99296;-53;?;0;1;0;1;0
0;1;0;?;63104;43;?;0;1;0;1;0
0;1;0;?;63104;43;?;0;1;0;1;0
0;1;0;?;70905;81;?;0;1;0;1;0
0;1;0;?;70905;81;123;0;1;0;1;0
0;1;0;?;66120;41;390;0;1;0;1;0
1015;1;0;?;68092;99;674;0;1;0;1;0
1015;1;0;0;68092;99;674;0;1;0;1;0
-1015;1;0;0;101268;126;121;0;1;0;1;0
-1015;1;0;0;80272;58;272;0;1;0;1;0
0;1;0;0;?;195;545;0;1;0;1;0
1015;1;0;0;?;55;-98;0;1;0;1;0
1015;1;0;0;?;55;-98;0;1;0;1;0
-1015;1;0;0;?;199;-110;0;1;0;1;0
0;1;0;0;?;247;621;0;1;0;1;0
-1015;1;0;0;?;57;451;0;1;0;1;0
1015;1;0;0;?;95;831;0;1;0;1;0
1015;1;0;0;?;95;831;0;1;0;1;0
1015;1;0;0;?;211;956;0;1;0;1;0
0;1;0;0;?;163;1140;0;1;0;1;0
0;1;0;0;?;163;1140;0;1;0;1;0
-3016;1;0;0;87696;73;661;0;1;0;1;0
-3016;1;0;0;87696;73;661;0;1;0;1;0
1015;?;0;0;87;161;321;?;1;0;1;0
0;?;0;0;0;68;313;?;1;0;1;0
0;?;0;0;0;69;317;?;1;0;1;0
0;?;0;0;0;69;317;?;1;0;1;0
0;?;0;0;0;69;317;?;1;0;1;0
0;?;0;0;0;69;311;?;1;0;1;0
0;?;0;0;0;70;321;?;1;0;1;0
0;?;0;0;0;69;317;?;1;0;1;0
0;?;0;0;0;69;317;?;1;0;1;0
0;1;0;0;0;71;307;?;1;0;1;0
0;1;0;0;0;71;307;?;1;0;1;0
0;1;0;0;0;72;325;?;1;0;1;?
0;1;0;0;0;69;312;?;1;0;1;?
0;1;0;0;0;71;319;?;1;0;1;?
0;1;0;0;0;71;319;?;1;0;1;?
0;1;0;0;0;70;313;0;1;0;1;?
0;1;0;0;0;67;311;0;1;0;1;0
0;1;0;0;0;68;305;0;1;0;1;0
0;1;0;0;?;68;305;0;1;0;1;0
0;1;0;0;?;72;315;0;1;0;1;0
0;1;0;0;?;70;319;0;?;0;1;0
0;1;0;0;?;67;317;0;?;0;1;0
0;1;0;0;?;69;315;0;?;0;1;0
0;1;0;0;?;69;315;0;?;0;1;0
-2001;1;0;0;?;-147;-1009;0;?;0;1;0
-2001;1;0;0;?;-147;-1009;0;?;0;1;0
1015;1;0;0;?;-98;-1059;0;?;0;1;0
0;1;0;0;-73196;?;-432;0;?;0;1;0
0;1;0;0;-93206;-90;-611;?;1;0;1;0
0;1;0;0;-93206;-90;-611;0;1;0;1;0
0;1;0;0;-91553;-83;46;0;1;0;1;0
0;1;0;0;-94569;-43;30;0;1;0;1;0
-1015;1;0;0;-75110;-166;-1055;0;1;0;1;0
-1015;1;0;?;-75110;-166;-1055;0;1;0;1;0
1015;1;0;?;-84680;-196;-790;0;1;0;1;0
1015;1;0;0;-73573;-22;-348;0;1;0;1;0
0;1;0;0;-67135;-155;-533;0;1;0;1;0
0;1;0;0;-80359;-82;-716;0;1;0;1;0
0;1;0;0;?;-82;-716;0;1;0;1;0
?;1;0;0;?;-82;-716;0;1;0;1;0
?;1;0;0;?;-137;-677;0;1;0;1;0
?;1;0;0;?;-137;-1127;0;1;0;1;0
?;1;0;0;-90248;?;-279;0;1;0;1;0
?;1;0;0;-81345;?;-371;0;1;0;1;0
?;1;0;0;-81345;?;-371;0;1;0;1;0
?;1;0;0;?;?;-665;0;1;0;1;0
?;1;0;0;?;?;-509;0;1;0;1;0
?;1;0;0;?;?;-147;0;1;0;1;0
0;1;0;0;?;?;-147;0;1;0;1;0
0;1;0;0;?;?;-380;0;1;0;1;0
0;1;0;0;?;?;-510;0;1;0;1;0
1015;1;0;0;?;?;-196;0;1;0;1;0
0;1;0;0;?;16;?;0;1;0;1;0
0;1;0;0;?;16;?;0;1;0;1;0
0;1;0;0;-65163;28;?;0;1;0;1;0
0;1;0;0;-65163;28;?;0;1;0;1;0
0;1;0;0;-86420;-154;?;0;1;0;1;0
0;1;0;0;-76386;-18;?;0;1;0;1;0
0;1;0;0;?;-18;?;0;1;0;1;0
1015;1;0;0;-100688;-40;?;0;1;0;1;0
-1015;1;0;0;-86246;-153;?;0;1;0;1;0
-1015;1;0;0;-77981;23;?;0;1;0;1;0
0;1;0;0;-68817;-211;?;0;1;0;1;0
0;1;0;0;-68817;-211;-223;0;1;0;1;0
0;1;0;0;-80939;-5;-911;0;1;0;1;0
0;1;0;0;-100340;-82;16;0;1;0;1;0
1015;1;0;0;-81026;11;-44;0;1;0;1;0
1015;1;0;0;-81026;11;-44;0;1;0;1;0
0;1;0;0;-77256;-99;16;0;1;0;1;0
0;1;0;0;-77256;-99;16;0;1;0;1;0
0;1;0;0;-104168;-82;-464;0;1;0;1;0
-1015;1;0;0;-85550;-165;-38;0;1;0;1;0
0;1;0;0;-85666;28;-32;0;1;0;1;0
0;1;0;0;-85666;28;-32;0;1;0;1;0
0;1;0;0;-77662;28;59;0;1;0;1;0
0;1;0;0;-86507;?;-93;0;1;0;1;0
0;1;0;0;-77546;?;-901;0;1;0;1;0
0;1;0;0;-60320;?;-658;0;1;0;1;0
0;1;0;0;-60320;-39;-658;0;1;0;1;0
0;1;0;0;-72877;-99;-809;0;1;0;1;0
0;1;0;0;-71833;-32;-290;0;1;0;1;0
0;1;0;0;-71833;-32;-290;0;1;0;1;0
-1015;1;0;0;-90480;-51;-791;0;1;0;1;0
-1015;1;0;0;-90480;-51;-791;0;1;0;1;0
-1015;1;0;0;-90480;-51;-791;0;1;0;1;0
1015;1;0;0;-95613;13;-45;0;1;0;1;0
0;1;0;0;-71079;-62;-143;0;1;0;1;0
0;1;0;0;-70180;-96;-280;0;1;0;1;0
0;1;0;0;-70180;-96;-280;0;1;0;1;0
-1015;1;0;0;-90886;-128;62;0;1;0;1;0
1015;1;0;0;-81519;-157;-568;0;1;0;1;0
-1015;1;0;0;-2871;-77;-157;0;1;0;1;0
0;1;0;0;0;-34;-156;0;1;0;1;0
0;1;0;0;0;-34;-156;0;1;0;1;0
0;1;0;1;0;-35;-140;0;1;0;1;0
0;1;0;1;0;-35;-156;0;1;0;0;0
0;1;0;1;0;-29;?;0;1;0;0;0
0;1;0;1;0;-29;?;0;1;0;0;0
0;1;0;1;0;-29;?;0;1;0;0;0
0;1;0;1;0;-35;?;0;1;0;0;0
0;1;0;1;0;-33;?;0;1;0;0;0
0;1;0;1;0;-35;?;0;1;0;0;0
0;1;0;1;0;-31;?;0;1;0;0;0
0;1;0;1;0;-31;?;0;1;0;0;0
0;1;0;1;0;-38;?;0;1;0;0;0
0;1;0;1;0;-35;?;0;1;0;0;0
0;1;0;1;0;-32;?;0;1;0;0;0
0;1;0;1;0;-34;?;0;1;0;0;0
0;1;0;1;0;-34;?;0;1;0;0;0
0;1;0;1;0;-35;?;0;1;0;0;0
0;1;0;1;0;-33;?;0;1;0;0;0
0;1;0;1;0;-31;-157;0;1;0;0;0
0;1;0;1;0;-31;-157;0;1;0;0;0
0;1;0;1;0;-31;-157;0;1;0;0;0
0;1;0;1;0;-36;-153;0;1;0;0;0
0;?;0;1;0;-33;-172;0;1;0;0;0
0;?;0;1;0;-34;-157;0;1;0;0;0
0;?;0;1;0;-31;-154;0;1;0;0;0
0;?;0;1;0;-31;-154;0;1;0;0;0
0;?;0;1;0;-37;-140;0;1;0;0;0
0;?;0;1;0;-33;-144;0;1;0;0;0
0;?;?;1;0;-29;-159;0;1;0;0;0
0;?;?;1;0;-29;-159;0;1;0;0;0
0;?;?;1;0;-33;-146;0;1;?;0;0
0;?;?;1;0;-34;-152;0;1;?;0;0
0;?;0;1;0;-36;?;0;1;?;0;0
0;?;0;1;0;-33;?;0;1;?;0;0
?;?;0;1;0;-33;?;0;1;?;0;0
?;?;0;1;0;-32;?;?;1;?;?;0
?;1;0;1;0;-32;?;?;1;?;?;0
?;1;0;1;0;-32;?;0;1;?;?;0
?;1;0;1;0;-33;?;0;1;?;?;0
?;1;0;1;0;-33;?;0;1;?;?;?
?;1;0;1;0;-33;?;0;1;?;?;?
?;1;0;1;0;-35;?;0;1;?;?;?
?;1;0;1;0;-33;?;0;1;?;?;?
?;1;0;1;0;-33;?;0;1;?;?;?
?;1;0;1;0;-36;?;0;1;?;?;?
?;1;0;1;0;-36;-142;0;1;0;0;?
?;1;0;1;0;-34;-142;0;1;0;0;?
0;1;0;1;0;-33;-157;0;1;0;0;0
0;1;0;1;0;-33;-157;0;1;0;0;0
0;1;0;1;0;-34;?;0;1;0;0;0
0;?;0;1;0;-36;?;0;1;0;0;0
0;?;0;1;0;-36;?;0;1;0;0;0
0;?;0;?;0;-34;?;0;1;0;0;0
0;?;0;?;?;-33;?;0;1;0;0;0
0;?;0;?;?;-33;?;0;1;0;0;0
0;1;0;?;0;-32;?;0;1;0;0;0
0;1;0;?;?;-33;?;0;1;0;0;0
0;1;0;?;?;-34;?;0;1;0;0;0
0;1;0;?;?;-34;?;0;1;0;0;0
0;1;0;?;?;-32;?;0;1;0;0;0
0;1;0;?;?;-33;-145;?;1;0;0;0
0;1;0;?;?;-29;-159;?;1;1;0;0
0;1;0;?;?;-29;-159;?;1;1;0;0
0;1;0;?;?;-33;-148;?;1;1;0;0
0;1;1;?;?;-36;-159;?;1;1;0;0
0;1;1;?;?;-31;-156;?;1;1;0;0
0;1;1;?;?;-32;-158;?;1;1;0;0
0;1;1;1;?;-32;-158;0;1;1;0;0
0;1;1;1;?;-32;-158;0;1;1;0;0
0;1;1;1;0;-33;-157;0;0;1;0;0
0;1;1;1;0;-34;-150;0;0;1;0;0
0;1;1;1;0;-35;-153;0;0;1;0;0
0;1;1;1;0;-35;-153;0;0;1;0;0
0;?;0;1;0;-38;-157;1;0;1;0;0
0;?;0;1;0;-34;-153;1;0;1;0;0
0;?;0;1;0;-30;-156;1;0;1;0;0
0;?;0;1;0;-30;-161;1;0;1;0;0
0;?;0;1;0;-30;-161;1;0;1;0;0
0;?;0;?;0;-33;-171;1;0;1;0;0
0;?;0;?;0;-38;-138;1;0;1;0;0
0;?;0;?;0;-33;-150;1;0;1;0;0
0;?;0;?;0;-36;-164;1;0;1;?;0
0;1;0;?;0;-36;-164;1;0;1;?;0
0;1;0;?;0;-36;-164;1;0;1;?;0
0;1;0;1;0;-32;-157;1;0;1;?;0
0;1;0;1;0;-31;-173;1;0;1;?;0
0;1;0;1;0;-32;-163;1;0;1;?;0
0;1;0;1;0;-32;-163;1;0;1;?;0
0;1;0;1;0;-32;-161;1;0;1;?;0
0;1;0;1;0;-36;-150;1;0;1;?;0
?;1;0;1;0;-33;-150;1;?;1;?;0
?;1;0;1;0;-31;-153;1;?;1;?;0
?;1;0;1;0;-31;-153;1;?;1;?;0
?;1;0;1;0;-37;-164;1;?;1;?;0
?;1;0;1;0;-35;-152;1;?;1;?;0
?;1;0;1;0;-33;-148;1;?;1;0;0
?;1;0;1;0;-35;-150;1;?;1;0;0
?;1;0;1;0;-35;-150;?;?;1;0;0
?;1;0;1;0;-35;-170;?;?;1;0;0
?;1;0;1;0;-35;-170;?;?;1;0;0
?;1;0;1;0;-33;-173;1;?;1;0;0
?;1;0;1;0;-32;-153;?;?;1;0;0
?;1;0;1;0;-32;-153;?;0;1;0;0
?;1;0;1;0;-30;-134;?;0;1;0;0
?;1;0;1;0;-30;-172;?;0;1;0;0
0;1;0;1;0;-35;-153;?;0;1;0;0
0;1;0;1;0;-35;-153;?;0;1;0;0
0;?;0;1;0;-35;-140;1;0;1;0;0
0;?;0;1;0;-35;-146;1;0;1;0;0
0;?;0;1;0;-30;-150;1;0;1;0;0
0;?;0;1;0;-35;-153;1;0;1;0;0
0;?;0;1;0;-35;-153;1;0;1;0;0
0;?;0;1;0;-35;-153;1;0;1;0;0
0;?;0;1;0;-32;-167;1;0;1;0;0
0;?;0;1;0;-32;-167;?;0;1;0;0
0;?;0;1;0;-35;-138;1;0;0;0;0
0;?;0;1;0;-35;?;1;0;0;0;0
0;?;0;1;0;-33;?;1;0;0;0;0
0;?;0;1;0;-34;?;?;0;0;0;0
0;?;0;1;0;-35;?;?;0;0;0;0
0;?;0;1;0;-33;-153;?;0;0;0;0
0;?;0;1;0;-33;?;1;?;0;0;0
0;1;0;1;0;-35;?;1;?;0;0;0
0;1;0;1;0;-34;?;0;?;0;0;0
0;1;0;1;0;-33;?;0;?;0;0;0
0;1;0;1;0;-35;?;0;?;0;0;0
0;1;0;1;0;-35;?;0;?;0;0;0
0;1;0;1;0;-36;?;0;1;0;0;0
0;1;0;1;0;-36;-156;0;1;0;0;0
0;1;0;0;-81751;-85;-1140;0;1;0;0;0
0;1;0;0;-72181;-1;-573;0;1;0;0;0
0;1;0;0;-57478;-140;-360;0;1;0;0;0
0;1;0;0;-57478;-140;-360;0;1;0;0;0
1015;1;0;0;-76763;?;-419;0;1;0;0;0
-1015;1;0;0;-78010;?;-335;0;1;0;0;0
0;1;0;0;-73283;?;31;0;1;0;0;0
0;1;0;0;-73283;?;31;0;1;0;0;0
0;1;0;0;-85115;-163;-35;0;1;0;0;0
1015;1;0;0;-65279;-61;-613;0;1;0;0;0
2030;1;0;0;-86014;-8;-820;0;1;0;0;0
2030;1;0;0;-86014;-8;-820;0;1;0;?;0
1015;1;0;0;-71282;-35;-669;0;1;0;?;0
1015;1;0;0;-71282;-35;-669;0;1;0;?;0
0;1;0;0;-84303;-153;-350;0;1;0;?;0
0;1;0;0;-67367;-165;108;0;1;0;?;0
0;1;0;0;-58667;-116;-619;0;1;0;?;0
2030;1;0;0;-85492;0;-364;0;1;0;?;0
2030;1;0;0;-85492;0;-364;0;1;0;?;0
0;1;0;0;-89494;-2;97;0;1;0;?;0
-1015;1;0;0;-65801;-162;-1073;0;1;0;?;0
0;1;0;0;-70325;-210;-70;0;1;0;?;0
0;1;0;0;-70325;-210;-70;0;1;0;?;0
0;1;0;0;-70325;-210;-70;0;1;0;?;0
-1015;1;0;0;-93786;-68;-99;0;1;0;?;0
-1015;1;0;0;-93786;-68;-99;0;1;0;0;0
0;1;0;0;-83404;-250;?;0;1;0;0;0
0;1;0;0;-94250;-163;?;0;1;0;0;0
0;1;0;0;-96396;-99;?;0;1;0;0;0
0;1;0;0;-96396;-99;?;0;1;0;0;0
0;1;0;0;-90248;-180;?;0;1;0;0;0
0;1;0;0;-51475;-47;?;0;1;0;0;0
0;1;0;0;0;-38;-182;0;1;0;0;0
0;1;0;0;0;-37;-201;0;1;0;0;0
?;1;0;0;0;-37;-201;0;1;0;0;0
?;1;0;0;0;-40;-184;0;1;0;1;0
?;1;0;0;0;-38;-180;0;1;0;1;0
?;1;0;0;0;-36;-185;0;1;0;1;?
?;1;0;0;0;-36;-185;0;1;0;1;?
?;1;0;0;0;-36;-185;0;1;0;1;?
?;1;0;0;0;-39;-171;0;1;0;1;?
?;1;0;0;0;-39;-178;0;1;0;1;?
0;1;0;0;0;-35;-167;0;1;0;1;?
0;1;0;0;0;-36;-184;0;1;0;1;?
0;1;0;0;0;-36;-184;0;1;0;1;?
0;1;0;0;0;-39;-184;0;1;0;1;?
0;1;0;0;0;-40;-178;0;1;0;1;0
0;1;0;0;0;-39;-180;0;1;0;1;0
?;1;0;0;0;-39;-180;0;1;0;1;0
?;1;0;0;0;-39;-184;0;1;0;1;0
?;1;0;0;0;-39;-178;0;1;0;1;0
0;1;0;?;0;-36;-180;0;1;0;1;0
0;1;0;?;0;-36;-180;0;1;0;1;0
0;1;0;?;0;-40;-184;0;1;0;1;0
0;1;0;?;0;-40;-184;0;1;0;1;0
0;1;0;?;0;-38;-184;0;1;0;1;0
0;1;0;?;0;-37;-162;0;1;0;1;0
986;1;0;?;0;-39;-168;0;?;0;1;0
0;1;0;?;58435;175;589;0;?;0;1;0
0;1;0;?;58435;175;589;0;1;0;1;0
-1015;1;0;?;100224;52;303;0;1;0;1;0
0;1;0;?;90770;118;682;0;1;0;1;0
0;1;0;?;74240;6;324;0;1;0;1;0
0;1;0;0;74240;?;324;0;1;0;1;0
0;1;0;0;72674;?;756;0;1;0;1;0
0;1;0;0;71108;?;135;0;1;0;1;0
0;1;0;0;80272;255;401;0;1;0;1;0
0;1;0;0;80272;255;401;0;1;?;1;0
-1015;1;0;0;65830;14;659;0;1;0;1;0
-1015;1;0;0;65830;14;659;0;1;0;1;0
0;1;0;0;78619;36;633;0;1;0;1;0
0;1;0;0;65482;154;725;0;1;0;1;0
0;1;0;0;86391;44;176;0;1;0;1;0
0;1;0;0;67135;118;216;0;1;0;1;0
0;1;0;0;67135;118;216;0;1;0;1;0
0;1;0;0;94337;-3;799;0;1;0;1;0
0;1;0;0;90480;178;-175;0;1;0;1;0
1015;1;0;0;82824;28;-149;0;1;0;1;0
1015;1;0;0;82824;28;-149;0;1;0;1;0
0;1;0;0;69368;159;507;0;1;0;1;0
0;1;0;0;69368;159;507;0;1;0;1;0
0;1;0;0;84071;41;279;0;1;0;1;0
0;1;0;0;71920;23;593;0;1;0;1;0
1015;1;0;0;91727;-28;848;0;1;0;1;0
1015;1;0;0;91727;-28;848;0;1;0;1;0
1015;1;0;0;73254;69;380;0;1;0;1;0
-1015;1;0;0;73370;123;70;0;1;0;1;0
0;1;0;0;65888;-5;524;0;1;0;1;0
0;1;0;0;65888;-5;524;0;1;0;1;0
0;1;0;0;89262;179;-34;0;1;0;1;0
0;1;0;0;98223;74;67;0;1;0;1;0
1015;1;0;0;84477;17;748;0;1;0;1;0
1015;1;0;0;56666;186;344;0;1;0;1;0
1015;1;0;0;56666;186;344;0;1;0;1;0
0;?;0;0;68092;-39;-301;0;1;0;1;0
0;?;0;0;68092;-39;?;0;1;0;1;0
0;?;0;0;69948;182;562;0;1;0;1;0
-1015;?;0;0;95816;27;279;0;1;0;1;0
0;?;0;0;66526;75;413;0;1;0;1;0
0;?;0;0;66526;75;413;0;1;0;1;0
0;?;0;0;94511;25;-5;0;1;0;1;0
0;?;0;0;93786;124;463;0;1;0;1;0
0;?;0;0;94685;28;889;0;1;0;1;0
0;?;0;0;94685;28;889;0;1;0;1;0
0;?;0;0;66120;33;906;0;1;0;1;0
1015;?;0;0;82302;147;426;0;1;0;1;0
0;?;0;0;73457;101;501;0;1;0;1;0
0;?;0;0;82592;139;536;0;1;0;1;0
0;?;0;0;82592;139;536;0;1;0;1;0
0;1;0;0;82592;139;536;0;1;0;1;0
0;1;0;0;89958;152;-200;0;1;0;1;0
0;1;0;0;69252;98;481;0;1;?;1;0
0;1;0;0;74849;-7;9;0;?;?;1;0
0;1;0;0;74849;-7;9;0;?;?;1;0
1015;1;0;0;60639;132;729;0;?;?;1;0
0;1;?;0;84071;-7;29;0;?;?;1;0
0;1;?;0;86536;27;866;0;?;?;1;0
0;1;?;?;78561;54;-22;0;?;?;1;0
0;1;?;?;78561;54;-22;0;?;?;1;0
0;1;?;?;85028;150;-120;0;?;?;1;0
0;1;?;?;86304;19;466;0;?;?;1;0
-1015;1;?;?;99702;126;17;0;?;?;1;0
-1015;1;?;?;99702;126;17;0;?;?;1;0
-1015;1;0;?;77140;35;696;0;?;?;1;0
-1015;1;0;?;77140;35;696;0;?;?;1;?
0;1;0;?;73892;40;226;0;1;?;1;?
-1015;1;0;?;76966;138;77;0;1;0;1;?
0;1;0;?;83839;94;258;0;1;0;1;?
0;?;0;0;83839;94;258;0;1;0;1;0
0;?;0;0;81983;7;-40;0;1;0;1;0
0;?;0;0;68556;56;64;0;1;0;1;0
0;?;0;0;77488;66;464;0;1;0;1;0
0;?;0;0;75429;-23;155;0;1;0;1;0
0;?;0;0;75429;-23;155;0;1;0;1;0
1015;?;0;0;81925;232;?;0;1;0;1;0
0;?;0;0;91611;82;?;0;1;0;1;0
0;?;0;0;81925;192;?;0;1;0;1;0
0;?;0;0;81925;192;?;0;1;0;1;0
0;?;0;0;81925;192;?;0;1;0;1;0
-1015;?;0;0;69368;153;?;0;1;0;1;0
-1015;?;0;0;66990;143;?;0;1;0;1;0
0;?;0;0;80620;209;?;0;1;0;1;0
0;1;0;0;80794;188;?;0;1;0;1;0
0;1;0;0;92307;27;?;0;1;0;1;0
0;?;0;0;92307;27;?;0;1;0;1;0
0;?;0;0;74414;122;?;0;1;0;1;0
-1015;1;0;0;58493;45;?;0;1;0;1;0
0;1;0;0;72326;203;337;0;1;?;1;0
0;1;0;0;72326;203;337;0;1;?;1;0
-1015;1;0;0;69223;137;458;0;1;?;1;0
-1015;1;0;0;69223;137;458;0;1;?;1;0
1015;1;0;0;69861;90;85;0;1;?;1;0
-1015;1;0;0;83056;256;1075;0;1;?;1;0
-1015;1;0;0;71108;107;398;0;1;?;1;0
-1015;1;0;0;71108;107;398;0;1;?;1;0
1015;1;0;0;82882;118;183;0;1;?;1;0
1015;1;0;0;75574;?;807;0;1;?;1;0
0;1;0;0;0;?;350;0;1;?;1;0
0;1;0;0;0;?;350;0;1;?;1;0
0;1;0;0;0;?;352;0;1;?;1;0
0;1;0;0;0;?;356;0;1;?;1;0
0;1;0;0;0;?;335;0;1;0;1;0
0;1;0;0;0;?;347;0;1;0;1;0
0;1;?;0;0;?;347;0;1;0;1;0
?;1;?;0;0;?;347;0;1;0;1;0
?;1;?;0;0;?;333;0;1;0;1;0
?;1;?;0;0;?;339;0;1;?;1;0
?;1;?;0;0;?;342;0;1;?;1;0
?;1;?;0;0;?;342;0;1;?;1;0
?;1;?;0;0;?;344;0;1;?;1;0
?;1;?;0;0;76;348;0;1;?;1;0
?;1;?;0;0;79;364;0;?;?;1;0
?;1;?;0;0;75;348;0;?;?;1;0
0;1;?;0;0;75;348;0;?;?;1;0
0;1;?;0;?;76;350;0;?;?;1;0
0;1;?;0;?;77;350;0;?;?;1;0
0;1;?;0;?;75;348;0;?;?;1;0
0;1;?;0;?;79;344;0;?;0;1;0
0;1;0;0;?;79;344;0;1;0;1;0
0;1;0;0;?;79;344;0;1;0;1;0
0;1;0;0;0;75;344;0;1;0;1;0
0;1;0;0;0;79;342;0;1;0;1;0
1015;1;0;0;?;-188;-243;0;1;0;1;0
1015;1;0;0;?;-188;-243;0;1;0;1;0
0;1;0;0;?;-98;-990;0;1;0;1;0
0;1;0;0;-81200;-111;-846;0;1;0;1;0
0;1;0;0;-93496;-242;-824;0;1;0;1;0
0;1;0;0;-68672;-60;-759;0;1;0;1;0
0;1;0;0;-68672;-60;-759;0;1;0;1;0
?;1;0;0;-78532;-179;?;0;1;0;1;0
?;1;0;?;-91727;-194;?;0;1;0;1;0
?;1;0;0;-97933;-60;?;0;1;0;1;0
?;1;0;0;-97933;-60;?;0;1;0;1;0
?;1;0;0;-66004;-190;?;0;1;0;1;0
0;1;0;0;-66004;-190;-771;0;1;0;1;0
0;?;0;0;-67164;-245;-489;0;1;0;1;0
0;?;0;0;-68034;-38;-191;0;1;0;1;0
1015;?;0;0;-75603;-120;174;0;1;0;1;0
1015;?;0;0;-75603;-120;174;0;1;0;1;0
0;?;0;0;?;21;-773;0;1;0;1;0
0;1;0;0;?;-121;-524;0;1;0;1;0
1015;1;0;0;?;-112;-938;0;1;0;1;0
0;1;0;0;?;-99;137;0;1;0;1;0
0;1;0;0;?;-99;137;0;1;0;1;0
-1015;1;0;0;?;-132;-179;0;1;0;1;0
0;1;0;0;?;-29;-645;0;1;0;1;0
0;1;0;0;?;-29;-645;0;1;0;1;0
0;1;0;0;?;-18;-507;0;1;0;1;0
0;1;0;0;?;-18;-507;0;1;0;1;0
0;1;0;0;?;-56;-455;0;1;0;1;0
1015;1;0;0;?;-141;-329;0;1;0;1;0
0;1;0;0;-65917;-161;-192;0;1;0;1;0
1015;1;0;0;-80272;-105;-657;0;1;0;1;0
1015;1;0;0;-80272;-105;-657;0;1;0;1;0
-1015;1;0;0;-85028;-125;34;0;1;0;1;0
-1015;1;0;0;-73312;47;-488;0;1;0;1;0
-1015;1;0;0;-73312;47;-488;0;1;0;1;0
0;1;0;0;0;6;25;0;1;0;1;0
0;1;0;0;0;6;25;0;1;0;1;0
0;1;0;0;0;5;30;0;1;0;1;1
0;1;0;0;0;6;?;0;1;0;0;1
0;1;0;0;0;6;?;0;1;0;0;1
0;1;0;0;0;7;?;0;1;0;0;1
0;1;0;0;0;7;?;0;1;0;0;1
0;1;0;0;0;7;?;0;1;0;0;1
0;1;0;0;0;6;?;0;1;0;0;1
0;1;0;0;0;9;?;0;1;0;0;1
0;1;0;0;0;7;?;0;1;0;0;1
0;1;0;0;0;7;28;?;1;0;0;1
0;1;0;0;0;5;30;?;1;0;0;1
0;1;0;0;0;10;49;?;1;0;0;1
0;1;0;0;0;6;40;?;1;0;0;1
0;1;0;0;0;6;33;?;1;0;0;1
0;1;0;0;0;6;33;?;1;0;0;1
0;1;0;0;0;7;26;?;1;0;0;1
0;1;0;0;0;7;26;?;1;0;0;1
0;1;0;0;0;5;47;?;1;0;0;1
0;1;0;0;0;9;28;?;1;0;0;1
0;1;0;0;0;9;28;?;1;0;0;1
0;1;0;0;0;5;41;?;1;0;0;1
0;1;0;0;0;6;30;?;1;0;0;1
0;1;0;0;0;4;26;?;1;0;0;1
0;1;0;0;0;4;31;?;1;0;0;1
0;1;0;0;0;4;31;0;1;0;0;1
0;1;0;0;0;7;22;0;1;0;0;1
0;1;0;0;0;6;35;0;1;0;0;1
0;1;0;0;0;6;15;0;1;0;0;?
0;1;0;0;0;6;22;0;1;0;0;?
0;1;0;0;?;6;22;0;1;0;0;?
0;1;0;0;?;7;28;0;1;0;0;?
0;?;0;0;?;8;41;0;1;0;0;?
0;?;0;?;?;8;41;0;1;0;0;?
0;?;0;?;?;5;31;0;1;0;0;?
0;?;0;?;0;5;31;0;1;0;0;?
0;?;0;?;0;5;26;0;1;0;0;?
0;?;0;?;0;7;33;0;1;0;0;?
0;?;0;?;0;4;24;0;1;0;0;?
0;?;0;0;0;5;32;0;1;0;0;?
0;1;0;0;0;5;32;0;1;0;0;?
0;1;0;0;0;6;31;0;1;0;0;1
0;1;0;0;?;7;31;0;1;0;0;1
0;1;0;0;?;3;52;0;1;0;0;1
0;1;0;0;?;6;27;0;1;0;0;1
0;1;0;0;?;6;27;0;1;0;0;1
0;1;0;0;0;6;27;0;1;0;0;1
0;1;0;0;0;8;46;0;1;0;0;1
0;1;0;0;0;7;28;0;1;0;0;1
0;1;0;0;0;4;40;0;1;0;0;1
0;1;0;0;0;4;40;0;1;0;0;1
0;1;0;0;0;6;28;0;1;0;0;1
0;1;0;0;0;8;31;0;1;0;0;1
0;1;0;0;0;6;40;0;1;0;0;1
0;1;0;0;0;5;30;0;1;0;0;1
0;1;0;0;0;5;30;0;1;0;0;1
0;1;0;0;0;3;35;0;1;0;0;1
0;1;0;0;0;6;12;0;1;0;0;1
0;1;0;0;0;6;23;0;1;0;0;1
0;1;0;0;0;6;35;0;1;1;0;1
0;1;0;0;0;6;35;0;1;1;0;1
0;1;0;0;0;6;35;0;1;1;0;1
0;1;0;0;0;3;15;0;1;1;0;1
0;1;1;0;0;7;36;0;1;1;0;1
0;1;1;0;0;?;26;0;1;1;0;1
0;1;1;0;0;?;26;0;1;1;0;1
0;1;1;0;0;?;36;0;1;1;0;1
0;1;1;0;0;?;31;0;0;1;?;1
0;1;1;0;0;?;24;0;0;1;?;1
0;1;1;0;0;?;30;0;0;1;?;1
0;1;1;0;0;5;30;0;0;1;?;1
0;1;0;0;0;7;33;1;0;1;?;1
0;1;0;0;0;8;30;1;0;1;?;1
0;1;0;0;0;8;30;1;0;1;?;1
0;1;0;0;0;3;19;1;0;1;?;1
0;1;0;0;0;3;19;1;0;1;?;1
0;1;0;0;0;5;57;1;0;1;?;1
0;1;0;0;0;7;37;1;0;?;?;1
0;1;0;0;0;3;23;1;0;?;?;1
0;1;0;0;0;8;22;1;0;1;0;1
0;1;0;0;0;8;22;1;0;1;0;1
0;1;0;0;0;7;27;1;0;1;0;1
0;1;0;0;0;8;26;1;0;1;0;1
0;1;0;0;0;8;28;1;0;1;0;1
0;1;0;0;0;6;30;1;0;1;0;1
0;1;0;0;0;6;30;1;0;1;0;1
0;1;0;0;0;6;35;1;0;1;0;1
0;1;0;0;0;7;29;1;0;1;0;1
0;1;0;0;0;7;29;1;0;1;0;1
0;1;0;0;0;9;32;1;0;1;0;1
0;1;0;0;0;9;32;1;0;1;0;1
0;1;0;0;0;6;35;1;0;1;0;1
0;1;0;0;0;7;32;1;0;1;0;1
0;1;0;0;0;8;31;1;0;1;0;1
0;1;0;0;0;6;40;1;0;1;0;1
0;1;0;0;0;6;40;1;0;1;0;1
0;1;0;0;0;3;25;1;0;1;0;1
0;1;0;0;0;6;24;1;0;1;0;1
0;1;0;0;0;5;30;1;0;1;0;1
0;1;0;0;0;5;30;1;0;1;0;1
0;1;0;0;0;6;44;1;0;1;0;1
0;1;0;0;0;5;30;1;0;1;0;1
0;1;0;0;0;6;53;1;0;1;0;1
0;1;0;0;0;9;23;1;0;1;0;1
0;1;0;0;0;9;23;1;0;1;0;1
0;1;0;0;0;?;23;1;0;1;0;1
0;1;0;0;0;?;24;1;0;1;0;1
0;1;0;0;0;?;35;1;0;1;0;1
0;1;0;0;0;?;31;1;0;1;0;1
0;1;0;0;0;?;31;1;0;1;0;1
0;1;0;0;0;?;21;1;0;1;0;1
0;1;0;0;0;?;42;1;0;1;0;1
0;1;0;0;0;?;21;1;0;1;0;1
0;1;0;0;0;?;23;1;0;0;0;1
0;1;0;0;0;?;23;1;0;0;0;1
0;1;0;0;0;?;28;1;0;0;0;1
0;1;0;0;0;?;31;1;0;0;0;1
0;1;0;0;0;6;31;1;0;0;0;1
0;1;0;0;0;7;28;1;0;0;0;1
0;1;0;0;0;7;28;1;0;0;0;1
0;1;0;0;0;7;28;1;0;0;0;1
0;1;0;0;0;6;27;1;0;0;0;1
0;1;0;0;0;7;30;0;0;0;0;1
0;1;0;0;0;8;34;0;0;0;0;1
0;1;0;0;0;8;34;0;0;0;0;1
0;1;0;0;0;6;26;0;0;0;0;1
0;1;0;0;0;7;43;0;1;0;0;1
1015;1;0;0;-58870;-96;-225;0;1;0;0;0
0;1;0;0;-97846;?;?;0;1;0;0;0
0;1;0;0;-78938;?;?;0;1;0;0;0
0;1;0;0;-78938;?;?;0;1;0;0;0
0;1;0;0;-65685;?;?;0;1;0;0;0
?;1;0;0;-87638;?;?;0;1;0;0;0
0;1;0;0;-87638;-35;?;0;1;0;0;0
0;1;0;0;-79750;-50;?;0;1;0;0;0
0;?;0;0;-79750;-50;?;0;1;0;0;0
0;?;0;0;-64931;-2;?;0;1;0;0;0
0;?;0;0;-69223;18;?;0;1;0;0;0
0;?;0;0;-84071;-112;?;0;1;0;0;0
0;?;0;0;-75893;6;?;0;1;0;?;0
0;?;0;0;-75893;6;?;0;1;0;0;0
0;?;0;0;-100485;-92;?;0;1;?;0;0
0;?;0;0;-89900;3;148;0;1;?;0;0
0;?;0;0;-86855;-42;-537;0;1;?;0;0
0;?;0;0;-96744;-95;-507;0;?;?;0;0
0;?;0;0;-96744;-95;-507;0;?;?;0;0
0;?;0;0;-68440;-142;-326;0;?;?;0;0
0;?;0;0;-82621;-56;-679;0;?;0;0;0
0;?;0;0;-82621;-56;-679;0;?;0;0;0
1015;?;0;0;-73486;-241;-91;0;?;0;0;0
1015;1;0;0;-73486;-241;-91;0;?;0;0;0
-1015;1;0;0;-68005;0;-1049;0;?;0;0;0
-1015;1;0;0;-71456;-190;-88;0;1;0;0;0
0;1;0;0;-81461;-165;-752;0;1;0;0;0
0;1;0;0;-81432;-91;-957;0;1;0;0;0
0;1;0;0;-81432;-91;-957;0;?;0;0;0
2030;1;0;0;-87725;-145;-285;0;?;0;0;0
0;1;0;0;-89726;-162;-289;0;?;0;0;0
0;1;0;0;-91669;-42;-472;0;?;0;0;0
-1015;1;0;0;-84448;-173;-269;0;?;0;0;0
-1015;1;0;0;-84448;-173;-269;0;?;0;0;0
-1015;1;0;0;-84448;-173;-269;0;1;0;0;0
0;1;0;0;-86246;29;-580;0;1;0;0;0
0;1;0;0;-94569;37;-734;0;1;0;0;0
1015;1;0;0;-82099;-171;30;0;1;0;0;0
1015;1;0;0;-82099;-171;30;0;1;0;0;0
0;1;0;0;-67744;-142;-601;0;1;0;0;0
0;1;0;0;-78909;-164;-915;0;1;0;0;0
0;1;0;0;-81693;-14;-1143;0;1;0;0;0
0;1;0;0;-81693;-14;-1143;0;1;0;0;0
0;?;0;?;-83984;26;-1136;0;1;0;0;0
0;?;0;?;-81461;4;-242;0;1;0;0;0
0;?;0;0;?;4;-242;0;1;0;0;0
0;?;0;0;?;-68;-576;0;1;0;0;0
0;?;?;0;?;-68;-576;0;1;0;0;0
0;?;0;0;?;-137;-724;0;1;0;0;0
0;?;0;0;?;-137;-724;0;1;0;0;0
-1015;?;0;0;?;-62;-31;?;1;0;0;0
0;?;0;0;?;-171;-679;?;1;0;0;0
0;?;0;0;?;28;-333;0;1;0;0;0
0;?;0;0;?;28;-333;0;1;0;0;0
0;?;0;0;?;-178;-980;0;1;0;0;0
1015;1;0;0;?;-181;-860;0;1;0;0;0
0;1;0;0;?;-206;-881;0;1;0;0;0
0;1;0;0;?;-206;-881;0;1;0;0;0
0;1;?;0;?;-80;-429;0;1;0;0;0
1015;1;?;0;?;-131;-709;0;1;0;0;0
0;1;?;0;?;-232;-243;0;1;0;0;0
0;1;?;0;?;-35;-488;0;1;0;0;0
0;1;?;0;?;-35;-488;0;1;0;0;0
0;1;?;0;-72935;-35;-488;0;1;0;0;0
2001;1;0;0;-36917;-117;-137;0;?;0;0;0
0;1;0;0;0;-40;-201;0;?;0;0;0
0;1;0;0;0;-43;-191;0;?;0;0;0
0;1;0;0;0;-43;-191;0;?;0;0;0
0;1;0;0;0;-44;-197;0;?;0;1;0
0;1;0;0;0;-40;-194;0;?;0;1;0
0;1;0;0;0;-41;-196;0;?;0;1;0
0;1;0;0;0;-43;-196;0;?;0;1;0
0;1;0;0;0;-43;-196;0;?;0;1;0
0;1;0;0;0;-46;-201;0;1;0;1;0
0;1;0;0;0;-42;-201;0;1;0;1;0
0;1;0;0;0;-42;-189;0;1;0;1;0
0;1;0;0;0;-44;-198;0;1;0;1;0
0;1;0;0;0;-44;-198;0;1;0;1;0
0;1;0;0;0;-43;-189;0;1;0;1;0
0;1;0;0;0;-46;-194;0;1;0;1;0
0;1;?;0;0;-46;-194;0;1;0;1;0
0;1;?;0;0;-43;-201;0;1;0;1;0
?;1;0;0;0;-43;-201;0;1;0;1;0
?;1;0;0;0;-42;-200;0;1;0;1;0
?;1;0;0;0;-44;-202;0;1;0;1;0
?;1;0;0;0;-42;-198;0;1;0;1;0
?;1;0;0;0;-42;-189;0;1;0;1;0
?;1;0;0;0;-42;-189;0;1;0;1;0
0;1;0;0;0;-40;-205;0;1;0;1;0
0;1;0;0;0;?;-196;0;1;0;1;0
1972;1;0;0;77082;?;566;0;1;0;1;0
1972;1;0;0;77082;?;566;0;1;0;1;0
0;?;0;0;73747;?;0;0;1;0;1;0
0;?;0;0;73747;?;0;0;1;0;1;0
-1015;?;0;0;84970;?;350;0;1;0;1;0
0;?;0;0;79808;?;812;0;1;0;1;0
-1015;?;0;0;72877;?;289;0;1;0;1;?
-1015;?;0;0;72877;?;289;0;1;0;1;?
0;?;0;0;81142;?;405;0;1;0;1;?
0;?;0;0;80156;?;216;0;1;0;1;?
1015;?;0;0;85405;?;793;0;1;0;1;?
0;?;0;0;89436;?;730;0;1;0;1;?
0;1;0;0;89436;38;730;0;1;0;1;?
-1015;1;0;0;83926;91;64;0;1;0;1;0
-1015;1;0;0;65569;149;52;0;1;0;1;0
0;1;0;0;99093;76;530;0;1;0;1;0
0;1;0;0;99093;76;530;0;1;0;1;0
0;1;0;0;75255;72;82;0;1;0;1;0
1015;1;0;0;61016;145;326;0;1;0;1;0
1015;1;0;0;61016;145;326;0;1;0;1;0
-1015;1;0;0;66004;129;726;0;1;0;1;0
0;1;0;0;73312;-7;342;0;1;0;1;0
0;1;0;0;73312;-7;342;0;1;0;1;0
1015;1;0;0;74965;152;351;0;1;0;1;0
-1015;1;0;0;75371;103;567;0;1;0;1;0
1015;1;0;0;78184;45;-49;0;1;?;1;0
1015;1;0;0;78184;45;-49;0;1;?;1;0
-1015;1;0;0;75052;-16;164;0;1;?;1;0
0;1;0;0;80939;96;277;0;1;0;1;0
-1015;1;0;0;65540;116;324;0;1;0;1;0
1015;1;0;0;73254;154;492;0;1;0;1;0
1015;1;0;0;73254;154;492;0;1;?;1;?
0;1;0;0;65192;136;789;0;1;?;1;?
1015;1;0;0;91176;16;734;0;1;?;1;?
1015;1;0;0;91176;16;734;0;1;?;1;?
0;1;0;0;66352;158;673;0;1;?;1;?
0;1;0;0;66352;158;673;0;1;?;?;?
1015;1;0;0;78851;187;-52;0;1;?;?;?
0;1;0;0;84303;0;319;0;1;?;1;?
0;1;0;0;71920;-24;140;?;1;?;1;?
0;1;0;0;71920;-24;140;?;1;?;1;?
0;1;0;0;74936;127;132;?;1;?;1;?
-1015;1;0;0;75748;38;634;?;1;?;1;0
0;1;0;0;73370;40;170;?;1;0;1;0
0;1;0;0;70905;94;14;?;1;0;1;0
0;1;0;0;70905;94;14;?;1;0;1;0
0;1;0;0;74733;86;203;?;?;0;?;0
0;1;0;0;71688;15;710;?;?;0;?;0
0;1;0;0;71688;15;710;?;?;0;?;0
0;1;0;0;71340;27;303;?;?;0;?;0
0;1;0;0;91205;-1;513;?;?;0;1;0
0;1;0;0;91205;-1;513;?;?;0;1;0
-1015;1;0;0;79982;37;73;0;?;0;1;0
0;1;0;0;76241;111;9;0;?;0;1;0
0;1;0;0;66178;64;1067;0;?;0;1;?
0;1;0;0;66178;64;1067;0;?;0;1;?
0;1;0;0;70731;155;-9;0;?;0;1;?
0;1;0;0;89146;84;434;0;?;0;1;?
0;1;0;0;80852;8;1002;0;?;0;1;?
-2030;1;0;0;97092;-28;42;0;?;0;1;?
-2030;1;0;0;97092;-28;42;0;?;0;1;?
1015;1;0;0;99528;-36;267;0;?;0;1;?
1015;1;0;0;92916;4;559;0;1;0;1;?
0;1;0;0;92539;6;44;0;1;0;1;?
?;1;0;0;92539;6;44;0;1;0;1;0
?;1;0;0;92539;6;44;0;1;0;1;0
?;1;0;0;88508;221;276;0;1;0;1;0
?;1;0;0;72413;179;111;0;1;0;1;0
?;1;0;0;98687;42;623;0;1;0;1;0
?;1;0;0;98687;42;623;0;1;0;1;0
?;1;0;0;74559;111;-201;0;1;0;1;0
?;1;0;0;89030;-11;-250;0;1;0;1;0
0;1;0;0;?;8;25;0;1;0;1;0
0;1;0;0;?;44;-100;0;1;0;1;0
0;1;0;0;?;17;212;0;1;0;1;0
0;1;0;0;?;17;212;0;1;0;1;0
0;1;0;0;?;133;259;0;1;0;1;0
0;1;0;0;?;-15;21;0;1;0;1;0
0;1;0;0;?;-15;21;0;1;0;1;0
0;1;0;0;?;235;388;0;1;0;1;0
0;1;0;0;?;235;388;0;1;0;1;0
0;1;0;0;?;86;292;0;1;0;1;0
0;1;0;0;?;182;292;0;?;0;1;0
0;1;0;0;?;86;30;0;?;0;1;0
1015;1;0;0;?;241;563;0;?;0;1;0
1015;1;0;0;72500;241;563;0;?;0;1;0
0;1;0;0;68556;51;992;0;?;0;1;0
0;1;0;0;80533;158;629;0;1;0;1;0
1015;1;0;0;100572;150;787;0;1;0;1;0
1015;1;0;0;100572;150;787;0;1;0;1;0
0;1;0;0;94772;164;826;0;1;0;1;0
1015;1;0;0;87145;196;155;0;1;0;1;0
1015;1;0;0;87145;196;155;0;?;0;1;0
-1015;1;0;0;83027;105;440;0;?;0;1;0
0;1;0;0;84825;9;1091;0;?;0;1;0
0;?;0;0;84825;9;1091;0;?;0;1;0
-1015;?;0;0;71920;112;539;0;?;0;1;0
0;?;0;0;69020;123;200;0;?;0;1;0
-1015;?;0;0;83230;118;111;0;?;0;1;0
-1015;1;0;0;83230;118;111;0;?;0;?;0
0;1;0;0;5945;112;301;0;1;0;?;0
0;1;0;0;0;61;288;0;1;0;?;0
0;1;0;0;0;63;292;0;1;0;?;0
0;1;0;0;0;64;283;0;1;0;?;0
0;1;0;0;0;64;283;0;1;0;?;0
0;1;0;0;0;61;288;0;1;0;?;0
0;1;0;0;0;64;280;0;1;0;?;0
0;1;0;0;0;64;280;0;1;0;1;0
0;1;0;0;0;62;282;0;1;0;1;0
0;1;0;0;0;62;282;0;1;0;1;0
0;1;0;0;0;61;280;0;1;0;1;0
0;1;0;0;0;61;288;0;1;0;1;0
0;1;0;0;0;62;286;0;1;0;1;0
0;1;0;0;0;63;294;0;1;0;1;0
0;1;0;0;0;63;294;0;1;0;1;0
0;1;0;0;0;64;280;0;1;0;1;0
0;1;0;0;0;62;282;0;1;0;1;0
0;1;0;0;0;62;303;0;1;0;1;0
0;1;0;0;0;64;286;0;1;0;1;0
0;1;0;0;0;64;286;0;1;0;1;0
0;1;0;0;0;60;296;0;1;0;1;0
0;1;0;0;0;63;283;0;1;0;1;0
0;1;0;0;0;63;?;0;1;0;1;0
0;1;0;0;0;65;?;0;1;0;1;0
0;1;0;0;0;65;275;0;1;0;1;0
-986;1;0;0;-18966;-229;-197;0;1;0;1;0
1015;1;0;0;-95700;-248;-593;0;1;0;1;0
0;1;0;0;-72123;-114;-1112;0;1;0;1;0
1015;1;0;0;-90393;-188;2;0;1;0;1;0
1015;1;0;0;-90393;-188;2;0;1;0;1;0
0;1;0;0;-81606;-72;-656;0;1;0;1;0
0;1;?;0;-65975;-36;-835;0;1;0;1;0
1015;1;?;0;-89117;-22;-843;0;1;0;1;0
-1015;1;?;0;-102863;-62;-510;0;1;0;1;0
-1015;1;?;0;-102863;-62;-510;0;1;0;1;0
0;1;?;0;-84216;-26;?;0;1;0;1;0
0;1;?;0;-84216;-26;?;0;1;0;1;0
0;1;?;0;-82215;-22;?;0;1;0;1;0
0;1;?;0;?;-25;?;0;1;0;1;0
0;1;?;0;?;-25;?;0;1;0;1;0
0;1;?;0;?;-118;?;0;1;0;1;0
2030;1;?;0;?;-101;?;0;1;0;1;0
0;1;?;0;?;26;?;0;1;0;1;0
1015;1;?;?;?;-24;?;0;1;0;1;0
1015;1;?;?;?;-24;?;0;1;0;1;0
0;1;?;?;?;-60;?;0;1;0;1;0
-1015;?;?;?;?;-160;-218;0;1;0;1;0
-1015;?;?;?;?;-75;157;0;1;0;1;0
-1015;?;?;?;?;-75;157;0;1;0;1;0
-1015;?;?;?;?;45;-681;0;1;0;1;0
-1015;?;?;?;?;45;-681;0;1;0;1;0
0;?;?;?;?;-83;-1010;0;1;0;1;0
0;?;0;?;?;-82;-669;0;1;0;1;0
-1015;?;0;0;?;-29;-162;0;1;0;1;0
-1015;1;0;0;-93206;-29;-162;0;1;0;1;0
0;1;0;0;-77459;-118;-372;0;1;0;1;0
0;?;0;0;-69136;-104;-612;0;1;0;1;0
0;?;0;0;-72558;16;-16;0;1;0;1;0
0;?;0;0;-68904;-112;-27;0;1;0;1;0
0;?;0;0;-68904;-112;-27;0;1;0;1;0
0;?;0;0;-84071;-67;-105;0;1;0;1;0
?;1;0;0;-97730;-114;-238;0;1;0;1;0
?;1;0;0;-97933;0;-270;0;1;0;1;0
?;1;0;0;-97933;0;-270;0;1;0;1;0
?;1;0;0;-76763;-212;-538;0;1;0;1;0
?;1;0;0;-86014;-182;-170;0;1;0;1;0
?;1;0;0;-86014;-182;-170;0;1;0;1;0
?;1;0;0;-72152;-36;?;0;1;0;1;0
?;1;0;0;-80446;5;?;0;1;0;1;0
?;1;0;0;-80446;5;?;0;1;0;1;0
?;1;0;0;-70876;37;?;0;1;0;1;0
?;1;0;0;-77720;-111;?;0;1;0;1;0
?;1;0;0;-68672;-148;?;0;1;0;1;0
?;1;0;0;-68672;-148;?;0;1;0;1;0
?;1;0;0;-94656;54;?;0;1;0;1;0
?;1;0;0;-77488;43;?;0;1;0;1;0
0;1;0;0;-83346;-47;?;0;1;0;1;0
0;1;0;0;-74472;-162;?;0;1;0;1;0
0;1;0;0;-74472;-162;?;0;1;0;1;0
-1015;1;0;0;-74588;-156;?;0;1;0;1;0
-1015;1;0;0;-74588;-156;-474;0;1;0;1;0
0;1;0;0;-93670;-81;-689;0;1;0;1;0
0;1;0;0;-74501;-118;-505;0;1;0;1;0
0;1;0;0;-74501;-118;-505;0;1;0;1;0
0;1;0;0;-91321;-24;-1026;0;1;0;1;0
-1015;?;0;0;-68788;-20;-823;0;1;0;1;0
0;?;0;0;-100282;-51;-97;0;1;0;1;0
0;?;0;0;-59914;-180;-498;0;1;0;1;0
0;?;0;0;-59914;-180;-498;0;1;0;1;0
0;?;0;0;-68962;-162;-731;0;1;0;1;0
1015;?;0;0;-89871;-26;89;0;1;0;1;0
0;?;0;0;-8787;-150;200;0;1;0;1;0
0;?;0;0;0;-38;-158;0;1;0;1;0
0;?;0;0;0;-38;-158;0;1;0;1;0
0;?;0;1;0;-40;-167;0;1;0;1;0
0;?;0;1;0;-34;-183;0;1;0;0;0
0;?;0;1;0;-34;-183;0;1;0;0;0
0;?;0;1;0;-39;-183;0;1;0;0;0
0;?;0;1;0;-39;-183;0;1;0;0;0
0;?;0;1;0;-37;-181;0;1;0;0;0
0;1;0;1;0;-39;-177;0;1;0;0;0
0;1;0;1;?;-35;-164;0;1;0;0;0
0;1;0;1;0;-38;-168;0;1;0;0;0
0;1;0;1;0;-38;-168;0;1;0;0;0
0;1;0;1;0;-40;-161;0;1;0;0;0
0;1;0;1;0;?;-159;0;1;0;0;0
0;1;0;1;0;?;-161;0;1;0;0;0
0;1;0;1;0;?;-161;0;1;0;0;0
0;1;0;1;0;?;-171;0;1;0;0;0
0;1;0;1;0;?;-173;0;1;0;0;0
0;1;0;1;0;?;-173;0;1;0;0;0
0;1;0;1;0;-38;-176;0;1;0;0;0
0;1;0;1;0;-37;-172;0;1;0;0;0
0;1;0;1;0;-37;-172;0;1;0;0;0
0;1;0;1;0;-37;-179;0;1;?;0;0
0;1;0;1;0;-35;-178;0;1;?;0;0
0;1;0;1;0;-41;-173;0;1;?;0;0
0;1;0;1;0;-41;-173;0;1;0;0;0
0;1;0;1;0;-35;-167;0;1;0;0;0
0;1;0;1;0;-38;-167;0;1;0;0;0
0;1;0;1;0;-35;-172;0;1;0;0;0
0;1;0;1;0;-36;-185;0;1;0;0;0
0;1;0;1;0;-36;-185;0;1;0;0;?
0;1;0;1;0;-37;-168;0;1;0;0;?
0;1;0;1;0;-37;-168;0;1;0;0;?
0;1;0;1;0;-35;-169;0;1;0;0;?
?;1;0;1;0;-39;-177;0;1;0;0;?
?;1;0;1;0;-39;-177;0;1;0;0;?
?;1;0;1;0;-38;-175;0;1;0;0;?
?;1;0;1;0;-39;-169;0;1;0;0;?
0;1;0;1;0;-38;-171;0;1;0;0;?
0;1;0;1;0;-38;-171;0;1;0;0;?
0;1;0;1;0;-37;-176;0;1;0;0;?
0;1;0;1;0;-41;?;0;1;0;0;?
0;1;0;1;0;-39;?;0;1;0;0;?
0;1;0;1;0;-39;?;0;1;0;0;?
0;1;0;1;0;-39;?;0;1;0;0;0
0;1;0;1;0;-38;?;0;1;0;0;0
0;1;0;1;0;-36;?;0;1;?;0;0
0;1;0;1;0;-36;?;0;1;?;0;0
0;1;0;1;?;-39;-177;0;1;?;0;0
0;1;0;1;?;-36;-170;0;1;?;0;0
0;?;0;1;?;-36;-170;0;1;?;0;0
0;?;0;1;?;-38;-173;0;1;?;0;0
0;?;0;1;?;-33;-167;0;1;?;0;0
0;?;0;1;?;-39;-181;0;1;?;0;0
0;?;0;?;?;-39;-178;0;1;?;0;0
0;1;0;?;?;-39;-178;0;1;?;0;0
0;1;1;?;?;-39;-157;0;1;?;0;0
0;1;1;?;?;-35;-171;0;1;?;0;0
0;1;1;?;?;-41;-189;0;0;?;0;0
0;1;1;?;0;-41;-189;0;0;?;0;0
0;1;1;?;0;-34;-161;0;0;?;0;0
0;1;1;?;0;-41;-174;0;0;1;0;0
0;1;1;?;0;-41;-174;0;0;1;0;0
0;1;1;?;0;-40;-174;0;0;1;0;0
0;1;0;?;0;-39;-177;1;0;1;0;0
0;?;0;?;0;-39;-177;1;0;1;0;0
0;?;0;?;0;-38;-174;1;0;1;0;0
0;?;0;?;0;-36;-179;1;0;1;0;0
0;?;0;?;0;-39;-165;1;0;1;0;0
0;?;0;1;0;-38;-173;1;0;1;0;0
0;?;0;1;0;-38;-173;1;0;1;0;0
0;?;0;1;0;-37;-175;1;0;1;0;0
0;?;0;1;0;-39;-178;1;0;1;0;0
0;?;0;1;0;-37;-177;1;0;1;0;0
0;?;0;1;0;-37;-177;1;0;?;0;0
0;?;0;1;0;-42;-183;1;0;?;0;0
0;?;0;1;0;-42;-183;1;0;?;0;0
0;1;0;1;0;-34;-196;1;0;?;0;0
0;1;0;1;0;-34;-196;1;0;?;0;0
0;1;0;1;0;-37;-189;1;0;?;0;0
0;1;0;1;0;-37;-189;1;0;?;0;0
0;1;0;1;0;-40;-179;1;0;?;0;0
0;1;0;1;0;-42;-197;1;0;?;0;0
0;1;0;1;0;-37;-172;1;0;?;0;0
0;1;0;1;0;-37;-172;1;0;?;0;0
0;1;0;1;0;-39;-183;1;0;1;0;0
0;1;0;1;0;-34;-181;1;0;1;0;0
0;1;0;1;0;-38;-165;1;0;1;0;0
0;1;0;1;0;-37;-177;1;0;1;0;0
0;1;0;1;0;-37;-177;?;0;1;0;0
0;1;0;1;0;-39;-179;1;0;1;0;0
0;1;0;1;0;-39;-179;1;0;1;0;0
0;1;0;1;0;-39;-174;1;0;1;0;0
0;1;0;1;0;-36;-175;1;0;1;0;0
0;1;0;1;0;-37;-167;1;0;1;0;0
0;1;0;1;0;-37;-167;1;0;1;0;0
0;1;0;1;0;-36;-174;1;0;1;0;0
0;1;0;1;0;-39;-170;1;0;1;0;0
0;1;0;1;0;-39;-181;1;0;1;0;0
0;1;0;1;0;-39;-181;1;0;1;0;0
0;1;0;1;0;-39;-172;1;0;1;0;0
0;1;0;1;0;-40;-189;1;0;1;0;0
0;1;0;1;0;-38;-171;1;0;1;0;0
0;1;0;1;0;-39;-181;1;0;1;0;0
0;1;0;1;0;-39;-181;1;0;1;0;0
0;1;0;1;0;-39;-181;1;0;1;0;0
0;1;0;1;0;-36;-189;1;0;1;0;0
0;1;0;1;0;-38;-169;1;0;0;0;0
0;1;0;1;0;-38;-174;1;0;0;0;0
0;1;0;1;0;-38;-165;1;0;0;?;0
0;1;0;1;0;-38;-165;1;0;0;?;0
0;1;0;1;0;-39;-177;1;0;0;?;0
0;1;0;1;0;-38;-176;1;0;0;?;0
0;1;0;1;0;-35;-164;1;0;0;?;0
0;1;0;1;0;-35;-164;1;0;0;?;0
0;1;0;1;0;-39;-161;0;?;0;?;0
0;1;0;1;0;-39;-183;0;?;0;?;0
0;1;0;1;0;-37;-178;0;?;?;?;0
0;1;0;1;0;-38;-176;0;?;?;?;0
0;1;0;1;0;-38;-176;?;?;?;?;0
0;1;0;1;0;?;-176;?;?;?;?;0
-986;1;0;0;-81432;?;-547;?;?;0;?;0
1015;1;0;0;-65105;?;-34;?;?;0;?;0
1015;1;0;0;-65105;?;-34;?;?;0;?;0
0;1;0;0;-73979;?;-304;?;?;0;0;0
0;1;0;0;-79083;?;-115;?;?;0;0;0
-1015;1;0;0;-87551;?;-636;?;1;0;0;0
-1015;1;0;0;-66004;?;-849;?;?;0;0;0
1015;1;0;0;-69194;?;-538;?;?;0;0;0
1015;1;0;0;-69194;?;-538;?;?;0;0;0
0;1;0;0;-66729;?;-114;0;?;0;0;0
0;1;0;0;-67193;?;-601;0;?;0;0;0
0;1;0;0;-68788;2;-230;0;?;0;0;0
0;1;0;0;-89697;-3;-602;0;?;0;0;0
0;1;0;0;-89697;-3;-602;0;?;0;0;0
0;1;0;0;-89697;-3;-602;0;?;0;0;?
0;1;0;0;-95526;-42;-54;0;?;0;0;?
0;1;0;0;?;-174;69;0;?;0;0;?
0;1;0;0;?;-104;-690;0;?;0;0;0
0;1;0;0;?;-49;-985;0;?;0;0;0
0;1;0;0;?;-49;-985;0;?;0;0;0
0;1;0;0;?;-3;-437;0;?;0;0;0
1015;1;0;0;?;-54;-123;0;1;0;0;0
0;1;0;0;?;-55;-690;0;1;0;0;0
0;1;0;0;?;-55;-690;0;1;0;0;0
0;1;0;0;?;-167;-675;0;1;0;0;0
0;1;0;0;?;-141;-265;0;1;0;0;0
1015;1;0;0;-81693;-74;-489;0;1;0;0;0
1015;1;0;0;-81693;-74;-489;0;1;0;0;0
1015;1;0;0;-81693;-74;-489;0;1;0;0;0
0;1;0;0;-75284;-189;-1109;0;1;0;0;0
0;1;0;0;-69223;-191;-704;0;1;0;0;0
-1015;1;0;0;-1102;-62;293;0;1;0;0;0
0;1;0;0;0;-39;-182;0;1;0;0;0
0;1;0;0;0;-39;-180;0;1;0;0;0
0;1;0;0;0;-39;-180;0;1;0;0;0
0;1;0;0;0;-40;-177;0;1;0;1;0
0;1;0;0;0;-41;-182;0;1;0;1;0
0;1;0;0;0;-41;-192;0;1;0;1;0
0;1;0;0;0;-41;-192;0;1;?;1;0
0;1;0;0;0;-38;-185;0;1;?;1;0
0;1;0;0;0;-41;-189;0;1;?;1;0
0;1;0;0;0;-40;-187;0;1;?;1;0
0;1;0;0;0;-40;-187;0;1;?;1;0
0;1;0;0;0;-40;-180;0;1;?;1;0
0;1;0;0;0;-40;-180;0;1;?;1;0
0;1;0;0;0;-44;-182;0;1;?;1;0
0;1;0;0;0;-41;-186;0;1;?;1;0
0;1;0;0;0;-41;-189;0;1;0;1;0
0;1;0;0;0;-37;-179;0;1;0;1;0
0;1;0;0;0;-37;-179;0;1;0;1;0
0;1;0;0;0;-40;-195;0;1;0;1;0
0;1;0;0;0;-41;-182;0;1;0;1;0
0;1;0;0;0;-38;-185;0;1;0;1;0
0;1;0;0;0;-38;-185;0;1;0;1;0
0;1;0;0;0;-40;-191;0;1;0;1;0
0;1;0;0;0;-39;-185;0;1;0;1;0
0;1;0;0;0;-39;-185;0;1;0;1;0
0;1;0;0;0;-40;-186;0;1;0;1;0
0;1;0;0;63568;64;766;0;1;0;1;0
0;1;0;0;63568;64;766;0;1;0;1;0
1015;1;0;0;81867;94;412;0;1;0;1;0
1015;1;0;0;96164;178;921;0;1;0;1;0
0;1;0;0;81722;3;311;0;1;0;1;0
0;1;0;0;70238;151;299;0;1;0;1;0
0;1;0;0;70238;151;299;0;1;0;1;0
1015;1;0;0;63568;56;681;0;1;0;1;0
0;1;0;0;70093;72;58;0;1;0;1;0
-1015;1;0;0;93728;43;744;0;1;0;1;0
-1015;1;0;0;93728;43;744;0;1;0;1;0
-1015;1;0;0;?;156;1088;0;1;0;1;0
0;1;0;0;?;194;932;0;1;0;1;0
0;1;0;0;?;194;932;0;1;0;1;0
0;1;0;0;?;50;389;0;1;0;1;0
-1015;?;0;0;70151;46;95;0;1;0;1;0
-1015;?;0;?;70151;46;95;0;1;0;1;0
1015;?;0;?;87899;40;741;0;1;0;1;0
0;?;0;?;84767;162;7;0;1;0;1;0
0;?;0;?;90509;63;251;0;1;0;1;0
0;?;0;?;90915;2;638;0;1;0;1;0
0;?;0;?;90915;2;638;0;1;0;1;0
0;?;0;?;93293;169;231;0;1;0;1;0
0;?;0;?;86391;188;-22;0;1;0;1;0
0;?;0;?;64728;248;434;0;?;0;1;0
0;1;0;?;64728;248;434;0;?;0;1;0
0;1;0;?;78184;37;64;0;?;0;1;0
1015;1;0;?;65569;17;528;0;?;0;1;0
?;1;0;?;81200;11;?;0;?;0;1;0
?;1;0;?;81200;11;?;0;?;0;1;0
?;1;0;?;65134;76;?;0;?;0;1;0
?;1;0;?;65134;76;?;0;?;0;1;0
?;1;0;0;90248;11;?;0;?;0;1;0
?;1;0;0;59247;-12;?;0;?;0;1;0
?;1;0;0;75371;219;?;0;?;0;1;0
?;1;0;0;75371;219;685;0;?;0;1;0
?;1;0;0;70209;103;532;0;1;0;?;0
?;1;0;0;82070;-18;31;0;1;0;1;0
0;1;0;0;65569;-22;626;0;1;0;1;0
-1015;1;0;0;83781;30;332;0;1;0;1;0
-1015;1;0;0;83781;30;332;0;1;0;1;0
-1015;1;?;0;83781;30;332;0;1;0;1;0
0;1;0;0;66439;58;665;0;1;0;1;0
0;1;0;0;82273;28;76;0;1;0;1;0
-2030;1;0;0;100311;31;175;0;1;0;1;0
1015;1;0;0;75342;74;-20;0;1;0;1;0
1015;1;0;0;75342;74;-20;0;1;0;1;0
-1015;1;0;0;93873;22;352;0;1;0;1;0
-1015;1;0;0;81983;60;751;0;1;0;1;0
1015;1;0;0;70528;79;1009;0;1;0;1;0
1015;1;0;0;70528;79;1009;0;1;0;1;0
0;1;0;0;83636;34;-179;0;1;0;1;0
0;1;0;0;83433;36;573;0;?;0;1;0
0;1;0;0;90045;-39;526;0;?;?;1;0
0;1;0;0;86275;126;708;0;?;?;1;0
0;1;0;0;86275;126;708;0;?;?;1;0
0;1;0;0;65946;102;690;0;?;?;1;0
0;1;0;0;65946;102;690;0;1;?;1;0
0;1;0;0;81780;28;573;0;1;0;1;0
0;1;0;0;95526;62;751;0;1;0;1;0
0;1;0;0;85434;32;3;0;1;0;1;0
0;1;0;0;85434;32;3;0;1;0;?;0
-1015;1;0;0;76154;38;494;0;1;0;?;0
0;1;0;0;87058;159;516;0;1;0;?;0
0;1;0;0;?;46;162;0;1;0;?;0
0;?;0;0;?;46;162;0;1;0;?;0
0;?;0;0;?;136;238;0;1;0;?;?
0;1;0;0;?;-1;213;0;1;0;?;?
0;1;0;?;?;26;191;0;1;0;?;?
0;1;0;?;?;-28;918;0;1;0;1;?
0;1;0;?;?;-28;918;0;1;0;1;?
0;1;0;0;86884;-28;918;0;1;0;1;?
0;1;0;0;71746;228;594;0;1;0;1;?
0;1;0;0;71746;228;594;0;1;0;1;?
0;1;0;0;75516;93;-38;0;1;0;1;?
0;1;0;0;75516;93;-38;0;1;?;1;?
0;1;0;0;89030;142;845;0;1;?;1;?
0;1;0;0;86072;51;-126;0;1;?;1;?
-1015;1;0;0;74356;69;374;0;1;?;1;?
0;1;0;0;95004;186;633;0;1;0;1;?
0;1;0;0;95004;186;633;0;1;0;1;0
0;1;0;0;106488;-3;17;0;1;0;1;0
0;1;0;0;71340;87;817;0;1;0;1;0
-1015;1;0;0;100369;27;649;0;1;0;1;0
-1015;1;0;0;100369;27;649;0;1;0;1;0
-1015;1;0;0;100369;27;649;0;1;0;1;0
1015;1;0;0;71688;69;122;0;1;0;1;0
-1015;1;0;0;72645;221;406;0;1;0;1;0
0;1;0;0;65772;165;653;0;1;0;1;0
1015;1;0;0;85695;71;937;0;1;0;1;0
1015;1;0;0;85695;71;937;0;1;0;1;0
0;1;0;0;76125;86;652;0;1;0;1;0
1015;1;0;0;89349;58;-28;0;1;?;1;0
0;1;0;0;82244;58;376;0;1;?;1;0
1015;1;0;0;91727;253;554;0;1;0;1;0
1015;1;0;0;91727;253;554;0;1;0;1;0
0;1;0;0;90654;193;1105;0;1;0;1;0
0;1;0;0;90654;193;1105;0;1;0;1;0
-2001;1;0;0;42485;220;1076;0;1;0;1;0
0;1;0;0;0;187;508;0;1;0;1;0
0;1;0;0;0;72;319;0;1;0;1;0
0;1;0;0;0;75;345;0;1;0;1;0
0;1;?;0;0;75;345;0;1;0;1;0
0;1;?;0;0;73;329;0;1;0;1;0
0;1;?;0;0;73;321;0;1;0;1;0
0;1;?;0;0;72;329;0;1;0;1;0
0;1;?;0;0;72;329;0;1;0;1;0
0;1;0;0;0;72;331;0;1;0;1;0
0;1;?;0;0;73;327;0;1;0;1;0
0;1;?;0;0;73;327;0;1;0;1;0
0;1;?;0;0;74;321;0;1;0;1;0
0;1;?;0;0;73;333;0;1;0;1;0
0;1;0;0;0;73;333;0;1;0;1;0
0;1;0;0;0;72;337;?;1;0;1;0
0;1;0;0;0;71;321;?;1;0;1;0
0;1;0;?;0;72;336;?;1;0;1;0
0;1;0;?;0;72;336;?;1;0;1;0
0;1;0;?;0;75;309;?;1;0;1;0
0;1;0;?;0;74;331;?;1;0;1;0
0;1;0;?;0;72;345;?;1;0;1;0
0;1;0;0;0;72;345;?;1;0;1;0
0;1;0;0;0;72;333;?;1;0;1;0
0;1;0;0;0;73;335;?;1;0;1;0
-2001;1;0;0;-11571;-186;-769;?;1;0;1;0
-1015;?;0;0;-83868;-235;-381;?;1;0;1;0
-1015;?;0;0;-83868;-235;-381;?;1;0;1;0
-1015;?;0;0;-87261;-118;-85;0;1;0;1;0
-1015;?;0;0;-87261;-118;-85;0;1;0;1;0
0;?;0;0;-77604;-43;-822;0;1;0;1;?
0;?;0;0;-98687;-187;-941;0;1;0;?;?
1015;?;0;0;-67483;-190;91;0;1;0;?;?
1015;?;0;0;-67483;-190;91;0;1;0;?;?
0;?;0;0;-63133;-74;-875;0;1;0;?;?
1015;?;0;0;-69136;0;-188;0;1;0;?;?
1015;1;0;0;-74907;-65;-197;0;?;0;?;?
0;1;0;0;-78358;-63;?;0;?;0;?;?
0;1;0;0;-78358;-63;?;0;?;0;?;?
0;1;0;0;-90219;30;?;0;?;0;1;?
0;1;0;0;-81200;-43;?;0;?;0;1;0
-1015;1;0;0;-66091;-112;?;0;?;0;1;0
0;1;0;0;-70876;-92;?;0;?;0;1;0
0;1;0;0;-70876;-92;-433;0;?;0;1;0
0;1;0;0;-70876;-92;-433;0;?;0;1;0
1015;1;0;0;-73863;-163;161;0;?;0;1;0
0;1;0;0;-76270;-18;-747;0;?;0;1;0
-1015;1;0;0;-85550;-100;-944;0;?;0;1;0
-1015;1;0;0;-85550;-100;-944;0;?;0;1;0
0;1;0;0;-82215;-100;98;0;1;0;1;0
1015;1;0;0;-78242;-48;-514;0;1;0;1;0
-1015;1;0;0;-59885;-33;-652;0;1;0;1;0
0;1;0;0;-74762;-66;69;0;1;0;1;0
0;1;0;0;-74762;-66;69;0;1;0;1;0
0;1;0;0;-74762;-66;69;0;1;0;1;0
0;1;0;0;-61248;-1;-149;0;1;0;1;0
0;1;0;0;-61915;-156;-657;0;1;0;1;0
0;1;0;0;-67802;-97;-164;0;1;0;1;0
1015;1;0;0;-83462;88;-587;0;1;0;1;0
1015;1;0;0;-83462;88;-587;0;1;0;1;0
2001;1;0;0;-43616;-135;-499;0;1;0;1;0
0;1;0;0;-6960;7;372;0;1;0;1;0
0;1;?;0;0;6;31;0;1;0;1;0
0;1;?;0;0;5;20;0;1;?;0;1
0;1;0;0;0;5;20;0;1;?;0;1
0;1;0;0;0;6;27;0;1;?;0;1
0;1;0;0;0;4;17;0;1;?;0;1
0;1;0;0;0;5;11;0;1;?;0;1
0;1;0;0;0;5;11;0;1;?;0;1
0;1;0;0;0;5;11;0;1;?;0;1
0;1;0;0;0;3;21;0;?;?;0;1
0;1;0;0;0;5;?;0;?;?;0;1
0;1;0;0;0;3;?;0;?;?;0;1
0;1;0;0;0;4;?;0;?;0;0;1
0;1;0;0;0;4;?;0;?;0;0;1
0;1;0;0;0;4;?;0;?;0;0;1
0;1;0;?;0;3;28;0;?;0;0;1
0;1;0;?;0;1;30;0;?;0;0;1
0;1;0;0;0;1;30;0;?;0;0;1
0;1;0;0;0;5;22;0;?;0;0;1
0;1;0;0;0;4;31;0;?;0;0;1
0;1;0;0;0;6;20;0;?;0;0;1
0;1;0;0;0;6;20;0;?;0;0;1
0;1;0;0;0;3;35;0;?;0;0;1
0;1;0;0;0;3;35;0;?;0;0;1
0;1;0;0;0;8;31;0;1;0;0;1
0;1;0;0;0;3;30;0;1;0;0;1
0;1;0;0;0;6;8;0;1;0;0;1
0;1;0;0;0;2;23;0;1;0;0;1
0;1;0;0;0;2;23;0;1;0;0;1
0;1;0;0;0;8;28;0;1;?;0;1
0;1;0;0;0;3;35;0;1;?;0;1
0;1;0;0;0;5;35;0;1;?;0;1
0;1;0;0;0;5;35;0;1;?;0;1
0;1;0;0;0;3;17;0;1;?;0;1
0;1;0;0;0;5;28;0;?;?;0;1
0;1;0;0;0;3;30;0;?;?;0;1
0;1;0;0;0;3;30;0;?;?;0;1
0;1;0;0;0;6;31;0;?;?;0;1
0;1;0;0;0;6;31;0;?;?;0;1
0;1;0;0;0;2;17;0;?;?;0;1
0;1;0;0;0;3;28;0;?;?;0;1
0;1;0;0;0;6;26;0;?;0;0;1
0;1;0;0;0;3;25;0;?;0;0;1
0;1;?;0;0;3;25;0;?;0;0;1
0;1;?;0;0;3;43;0;?;0;0;1
0;1;?;0;0;4;17;0;?;0;0;1
0;1;?;0;0;5;31;0;?;0;0;1
0;1;?;0;0;5;31;0;?;0;0;1
0;1;?;0;0;4;8;0;1;0;0;1
0;1;?;0;0;4;30;0;1;0;0;1
0;1;?;0;0;6;22;0;1;0;0;1
0;1;?;0;0;6;22;0;1;0;0;1
0;1;?;0;0;4;31;0;1;1;0;1
0;1;0;0;0;4;31;0;1;1;0;1
0;1;0;0;0;5;24;?;1;1;0;1
0;1;1;0;0;3;36;?;1;1;0;1
0;1;1;0;0;6;15;?;1;1;0;1
0;1;1;0;0;6;15;?;1;1;0;1
0;1;1;0;0;7;22;?;0;1;0;1
0;1;1;0;0;7;29;?;0;1;0;1
0;1;1;?;0;2;16;?;0;1;0;1
0;1;1;?;0;5;24;?;0;1;0;1
0;1;1;?;0;5;24;?;0;1;0;1
0;1;0;?;0;4;13;?;0;1;0;1
0;1;0;?;0;6;37;?;0;1;0;1
0;1;0;?;0;3;17;?;0;1;0;1
0;1;0;?;0;3;17;?;0;1;0;1
0;1;0;?;0;3;17;?;0;1;0;1
0;1;0;?;0;2;15;?;0;1;0;1
0;1;0;?;0;3;31;1;0;1;0;1
?;1;0;?;0;4;19;1;0;1;0;1
?;1;0;?;0;5;37;1;0;1;0;1
?;1;0;?;0;5;37;1;0;1;0;1
?;1;0;?;?;2;34;1;0;1;0;1
?;1;0;0;?;6;28;1;0;1;0;1
?;1;0;0;?;6;24;1;0;1;0;1
?;1;0;0;?;6;24;1;0;1;0;1
?;1;0;0;?;3;44;1;0;1;0;1
0;1;0;0;?;2;26;1;0;1;0;1
0;1;0;0;?;7;20;1;0;1;0;1
0;1;0;0;0;5;26;1;0;1;0;1
0;1;0;0;0;5;26;1;0;1;0;1
0;1;0;0;0;5;26;1;0;1;0;1
0;1;0;0;0;5;25;1;0;1;0;1
0;1;0;0;?;5;31;1;0;1;0;1
0;1;0;0;?;4;15;1;0;1;0;1
0;1;0;?;?;4;15;1;0;1;0;1
0;1;0;?;?;3;17;1;0;1;0;1
0;1;0;?;?;7;31;1;0;1;0;1
0;1;0;?;?;3;26;1;0;1;0;1
0;1;?;0;?;3;30;1;0;1;0;1
0;1;0;0;0;3;30;1;0;1;0;1
0;1;0;0;0;4;26;1;0;1;0;1
0;1;0;0;0;3;28;1;0;1;0;1
0;1;0;0;0;7;30;1;0;1;0;1
0;1;0;0;0;5;12;1;?;1;0;1
0;1;0;0;0;?;12;1;?;1;0;1
0;1;0;0;0;?;16;1;?;1;0;1
0;1;0;0;0;?;16;1;?;1;0;1
0;1;0;0;0;?;31;1;?;1;0;1
0;1;0;0;0;?;17;1;?;1;0;1
0;1;0;0;0;2;17;1;?;1;0;1
0;1;0;0;0;3;26;1;?;1;0;1
0;1;0;0;0;2;27;1;0;1;0;1
0;1;0;0;0;3;24;1;0;0;0;1
0;1;0;0;0;3;24;1;0;0;0;1
0;1;0;0;0;9;30;1;0;0;0;1
0;1;0;0;0;7;31;1;0;0;0;1
0;1;0;0;0;3;17;1;0;0;0;1
0;1;0;0;0;3;15;1;0;0;0;1
0;1;0;0;0;3;15;1;0;0;0;1
0;?;0;0;?;6;6;1;0;0;0;1
0;?;0;0;?;6;6;1;0;0;0;1
0;?;0;0;?;4;28;1;0;0;0;1
0;?;0;?;?;5;11;0;0;0;0;1
0;?;0;?;?;6;30;0;0;0;0;1
0;?;0;?;?;6;30;0;0;0;0;1
0;1;0;?;?;6;32;0;0;0;0;1
-2001;1;0;?;?;-136;-126;0;1;0;0;0
0;1;0;?;?;47;-183;0;1;0;?;0
0;1;0;?;-88015;47;-183;0;1;0;?;0
0;1;0;?;-68672;85;-295;0;1;0;?;0
0;1;0;?;-86304;-26;-607;0;1;0;?;0
0;1;0;?;-78532;-137;-443;0;1;0;?;0
0;1;0;?;-85492;-70;-226;0;1;0;?;0
0;1;0;?;-85492;-70;-226;0;1;0;?;0
0;1;0;?;-85492;-70;-226;0;1;0;?;0
0;1;0;?;-77256;-66;-920;0;1;0;?;0
-1015;1;0;?;-80417;-51;-756;0;1;0;?;0
0;1;0;?;-75632;-139;-143;0;1;0;?;0
0;1;0;?;-75632;-139;-143;0;1;0;?;0
0;1;0;?;-54404;-4;-106;0;1;0;0;0
0;1;0;?;-70035;-13;-469;0;1;0;0;0
-1015;1;0;?;-77488;-66;-274;0;1;0;0;0
-1015;1;0;?;-95236;-182;-413;0;1;0;0;0
-1015;1;0;?;-95236;-182;-413;0;1;0;0;0
0;1;0;?;-68933;-82;-121;0;1;0;0;0
0;1;0;?;-98513;-153;-486;0;1;0;0;0
0;1;0;0;-83230;-4;-799;0;1;0;0;0
1015;1;0;0;-78184;-50;-29;0;1;0;0;0
1015;1;0;0;-78184;-50;-29;0;1;0;0;0
?;1;0;0;-78184;-50;-29;0;1;0;0;0
?;1;0;0;-88595;-119;-656;0;1;0;0;?
?;1;0;0;-82621;-54;136;0;1;0;0;?
?;1;0;0;-86391;-152;-493;0;1;0;0;?
?;1;0;0;-81519;-32;-273;0;1;0;0;?
?;1;0;0;-81519;-32;-273;0;1;0;0;?
?;1;0;0;-90248;-51;-139;0;1;0;0;?
0;1;0;0;-91640;-192;-675;?;1;0;0;?
0;1;0;0;-85028;0;-868;?;1;0;0;?
0;1;0;0;-90045;-192;-733;?;1;0;0;?
0;1;0;0;-90045;-192;-733;?;1;0;0;?
-1015;1;0;0;-82157;-18;-902;?;1;0;0;?
0;1;0;0;-85289;-65;-166;?;1;0;0;?
-1015;1;0;0;-69223;-52;-687;?;1;0;0;?
-1015;1;0;0;-69223;-52;-687;?;1;0;0;0
-1015;1;0;0;-69223;-52;-687;?;1;0;0;0
0;1;0;0;-101703;-54;-326;?;1;0;0;0
0;1;0;0;-71108;-36;-464;?;1;0;0;0
0;1;0;0;-67077;-35;-1062;?;1;0;0;0
0;1;0;0;-81896;-179;-345;?;1;0;0;0
0;1;0;0;-81896;-179;-345;?;1;0;0;0
0;1;0;0;-71340;-119;-587;?;1;0;0;0
0;1;0;0;-94511;-124;32;0;1;0;0;0
1015;1;0;0;-99702;-247;-287;0;1;?;0;0
0;1;0;0;-73254;-164;-1016;0;1;?;0;0
0;1;0;0;-73254;-164;-1016;0;1;?;0;0
0;1;0;0;-73254;-164;-1016;0;1;?;0;0
0;1;0;0;-71195;-162;-253;0;1;?;0;0
1015;1;0;0;-65627;-153;-699;?;1;?;0;0
-1015;1;0;0;-75168;-67;-526;?;1;?;0;0
0;1;0;0;-87812;-234;153;?;1;?;0;0
0;1;0;0;-87812;-234;153;?;1;?;0;0
-1015;1;0;0;-84216;-43;-127;?;1;?;0;0
-1015;1;0;0;-82273;-165;-7;?;1;?;0;0
0;1;0;0;-59189;-227;-213;0;1;?;0;0
0;1;0;0;-59189;-227;-213;0;1;0;0;0
0;1;0;0;-54868;-60;-443;0;1;0;0;0
0;1;0;0;-87087;-163;-302;0;1;0;0;0
0;1;0;0;-87087;-163;-302;0;1;0;0;0
0;1;0;0;-67947;-199;-317;0;1;0;0;0
2001;1;0;0;-64496;-43;-757;0;1;0;0;0
2001;1;0;0;-64496;-43;-757;0;1;0;0;0
0;1;0;0;0;-42;-1077;0;1;0;0;0
0;1;0;0;0;-46;-201;0;1;0;0;0
0;1;0;0;0;-44;-197;0;1;0;0;0
0;1;0;0;0;-44;-207;0;1;0;1;0
0;1;0;0;0;-44;-207;0;1;0;1;0
0;1;0;0;0;-46;-198;0;1;0;1;0
0;1;0;0;0;-48;-216;0;1;0;1;0
0;1;0;0;0;-42;?;0;1;0;1;0
0;1;0;0;0;-44;?;0;1;0;1;0
0;1;0;0;0;-44;?;0;1;0;1;0
0;1;0;0;0;-45;?;0;1;0;1;0
0;1;0;0;0;-45;?;0;1;0;1;0
0;1;0;0;0;-44;?;0;1;0;1;0
0;1;0;0;0;-44;?;0;1;0;1;0
0;1;0;0;0;-46;?;0;1;0;1;0
0;1;0;0;0;-46;?;0;1;0;1;0
0;?;0;0;0;-44;?;0;1;0;1;0
0;?;0;0;0;-45;?;0;1;0;1;0
0;?;0;0;?;-44;-215;0;1;0;1;0
0;?;0;0;?;-45;-202;0;1;0;1;0
0;?;0;0;?;-45;-202;0;1;0;1;0
0;?;0;0;?;-44;-205;0;1;0;1;0
0;?;0;0;?;-42;-200;0;1;0;1;0
0;?;0;0;?;-44;-203;0;1;0;1;0
0;?;0;0;?;-44;-203;0;1;0;1;0
0;?;0;0;?;-44;-203;0;1;0;1;0
2001;?;0;0;?;-44;957;0;1;0;1;0
-1015;?;0;0;98020;97;568;0;1;0;1;0
-1015;1;0;?;79344;101;267;0;1;0;1;0
-1015;1;0;?;80185;250;185;0;1;0;1;0
-1015;1;0;?;80185;250;185;0;1;0;1;0
1015;1;0;?;71398;252;1077;0;1;0;1;0
1015;1;0;?;73312;166;674;0;1;0;1;0
0;1;0;?;65714;127;670;0;1;0;1;0
0;1;0;?;85405;55;161;0;1;0;1;0
0;1;0;?;85405;55;161;0;1;0;1;0
0;1;0;?;85666;203;-83;0;1;0;1;0
0;1;0;?;83201;37;961;0;1;0;1;0
1015;1;0;?;64960;72;721;0;?;0;1;0
1015;1;0;0;64960;72;721;0;?;0;1;0
0;1;0;0;85985;17;-40;0;?;0;1;0
0;1;0;0;85985;17;-40;0;?;0;1;0
0;1;0;0;63249;149;281;0;?;0;1;?
0;1;0;0;95584;134;180;0;?;0;1;?
0;1;0;0;95584;134;180;0;?;0;1;?
1015;1;0;0;66468;160;32;0;?;0;1;?
1015;1;0;0;66468;160;32;0;1;0;1;?
1015;1;0;0;85724;215;33;0;1;0;1;?
0;1;0;0;82360;3;151;0;1;0;1;?
?;1;0;0;76705;105;431;0;1;0;1;?
?;1;0;0;76705;105;431;0;1;0;1;0
?;1;0;0;86072;94;138;0;1;?;1;0
-1015;1;0;0;86739;151;270;0;1;?;1;0
1015;1;0;0;82360;46;14;0;1;?;1;0
1015;1;0;0;66932;1;235;0;1;?;1;0
1015;1;0;0;66932;1;235;0;1;?;1;0
1015;1;0;0;66932;1;235;0;1;?;1;0
-1015;1;0;0;86797;-22;527;?;1;?;1;0
0;1;0;0;78445;18;284;?;1;?;1;0
0;1;0;0;78300;9;518;?;1;?;1;0
0;1;0;0;78300;9;518;?;1;0;1;0
0;1;0;0;95439;151;-72;?;1;0;1;0
0;1;0;0;70499;68;-93;?;1;0;1;0
0;1;0;0;60001;-37;313;?;1;0;1;0
0;1;0;0;79489;157;477;?;1;0;1;0
0;1;0;0;79489;157;477;?;1;0;1;0
-1015;1;?;0;67309;79;699;?;1;0;1;0
1015;1;0;0;58000;18;799;?;1;?;1;0
-1015;1;0;0;83578;125;-168;0;1;0;1;0
-1015;1;0;0;83578;125;-168;0;1;0;1;0
-1015;1;0;0;93206;168;-315;0;1;0;1;0
-1015;1;0;0;93206;168;-315;0;1;0;1;0
0;1;0;0;75255;191;373;0;1;0;1;0
0;1;0;0;86681;12;180;0;1;0;1;0
0;1;0;0;90712;14;279;0;1;0;1;0
0;1;0;0;90712;14;279;0;1;0;1;0
0;1;0;0;82708;174;-113;0;1;0;1;0
-1015;1;0;0;97556;152;534;0;1;?;1;0
0;1;0;0;90132;47;-58;0;1;?;1;0
0;1;0;0;90132;?;-58;0;1;?;1;0
-1015;1;0;0;81809;?;-58;0;1;?;1;0
1015;1;0;0;67164;?;-296;0;1;0;1;0
0;1;0;0;92742;116;217;0;1;0;1;0
0;1;0;0;85202;55;80;0;1;0;1;0
0;1;0;0;85202;55;80;0;1;0;1;0
0;1;0;0;75748;5;983;0;1;0;1;0
0;1;0;0;75748;5;983;0;1;0;1;0
0;1;0;0;87812;202;-180;0;1;0;1;0
0;1;0;0;75168;190;-96;0;1;0;1;0
0;1;0;0;75168;190;-96;0;1;0;1;?
0;1;0;0;92597;-34;935;0;1;0;1;?
1015;1;0;0;73457;8;471;0;1;0;1;?
-1015;1;0;0;78648;-4;176;0;1;0;1;?
0;1;0;0;69107;137;186;0;1;0;1;?
0;1;0;?;69107;137;186;0;1;0;1;?
0;1;0;?;94772;122;398;0;1;0;1;?
0;1;0;?;73196;203;487;0;1;?;1;?
0;1;0;?;67744;181;599;0;1;?;1;?
0;1;0;?;83462;-82;266;0;1;?;1;0
0;1;0;?;83462;-82;266;0;1;?;1;0
0;1;0;?;83462;-82;266;0;1;?;1;0
0;1;0;?;93061;-32;-329;0;1;?;1;0
0;1;0;?;89697;69;85;0;1;?;1;0
0;1;0;?;57420;27;1062;0;1;?;1;0
0;1;0;?;99412;195;-441;0;1;?;1;0
0;1;0;?;99412;195;-441;0;1;?;1;0
1015;1;0;?;82824;160;-13;0;1;?;1;0
0;1;0;?;83810;108;-35;0;?;?;1;0
0;1;0;?;89030;14;697;0;?;?;1;0
0;1;0;?;89030;14;697;0;?;?;1;0
1015;1;0;?;70876;-65;109;0;?;0;1;0
1015;1;0;0;99412;102;660;0;?;0;1;0
0;1;0;0;83549;30;871;0;?;0;1;?
1015;1;0;0;85753;183;318;0;?;0;1;?
1015;1;0;0;85753;183;318;0;?;0;1;?
1015;1;0;0;85753;183;318;0;?;0;1;?
-1015;1;0;0;83636;197;918;0;?;0;1;?
1015;1;0;0;55187;145;837;0;?;0;1;?
0;1;0;0;86246;113;392;0;?;0;1;?
0;1;0;?;86246;113;392;0;?;0;1;?
1015;1;0;?;67744;115;979;0;?;0;1;?
0;1;0;?;86681;140;223;0;?;0;1;?
1015;1;0;0;77488;98;936;0;?;0;1;?
0;1;0;0;74733;84;914;0;?;0;1;0
0;1;0;0;74733;84;914;0;?;0;1;0
0;1;0;0;0;79;380;0;?;0;1;0
0;1;0;0;0;86;368;?;?;0;1;0
0;1;0;0;0;85;381;0;?;0;1;0
0;1;0;0;0;85;381;0;?;0;1;0
0;1;0;0;0;85;379;0;?;0;1;0
0;1;0;0;0;85;379;0;?;0;1;0
0;1;0;0;0;86;368;0;?;0;1;0
0;1;0;0;0;83;384;0;?;0;1;0
0;1;0;0;0;81;380;0;?;0;1;0
0;1;0;0;0;81;380;0;?;0;1;0
0;1;0;0;0;83;386;0;?;?;1;0
0;1;0;0;0;84;370;0;1;?;1;0
0;1;0;0;0;84;385;0;?;?;1;0
0;1;0;0;0;85;376;0;?;?;1;0
0;1;0;0;0;85;376;0;?;?;1;0
0;1;0;0;0;84;370;0;?;?;1;0
0;1;0;0;0;84;387;0;?;?;1;0
0;1;0;0;0;80;?;0;?;?;1;0
0;1;0;0;0;80;?;0;?;?;1;0
0;1;0;0;0;80;?;0;?;?;1;0
0;1;0;0;0;82;?;0;?;?;1;0
0;1;0;0;0;82;?;0;?;?;1;0
0;1;0;0;?;82;?;0;?;0;1;0
0;1;0;0;?;83;?;0;?;0;1;0
0;1;0;0;?;83;?;0;?;0;1;0
-2001;1;0;0;?;-148;?;0;?;0;1;0
-1015;1;0;0;?;-140;?;0;?;0;1;0
0;1;?;0;?;-158;?;0;1;0;1;0
0;1;?;0;?;-158;?;0;1;0;1;0
0;1;?;0;?;-66;?;0;1;0;1;0
0;1;?;0;?;-138;?;0;1;0;1;0
0;1;?;0;?;-159;?;0;1;0;1;0
0;1;?;0;?;-142;?;0;1;0;1;0
0;1;?;0;-87609;-142;?;0;1;0;?;?
0;1;?;0;-87609;-142;?;0;1;0;?;?
1015;1;?;0;-72268;-140;?;0;1;0;?;?
-1015;1;?;0;-82708;-68;?;0;1;0;?;?
-1015;1;?;0;-93119;-173;?;0;1;0;?;?
0;1;0;0;-81316;-197;?;0;1;0;?;?
0;1;0;0;-81316;-197;?;0;1;0;?;?
0;1;0;0;-75864;48;-166;0;1;0;?;?
1015;1;0;0;-81403;2;-683;0;1;0;1;?
-1015;1;0;0;-73428;-228;-117;0;1;0;1;?
-1015;1;0;0;?;-228;-117;0;1;0;1;?
1015;1;0;0;?;8;-677;0;1;0;1;?
1015;1;0;0;?;-47;-700;0;1;0;1;?
0;1;0;0;?;-47;-453;0;1;0;1;?
1015;1;0;0;?;11;-446;0;1;0;1;0
1015;1;0;0;?;11;-446;0;1;0;1;0
1015;1;0;0;?;11;-446;0;1;0;1;0
1015;1;0;0;-74704;-91;-7;0;1;0;1;0
0;1;0;0;-75023;-16;-463;0;1;0;1;0
-1015;1;0;0;-73283;-36;-305;0;1;0;1;0
-1015;1;0;0;-73283;-36;-305;0;1;0;1;0
0;1;0;0;-67570;-19;?;0;?;0;1;0
?;1;0;0;-73660;18;?;0;?;0;1;0
?;1;0;0;-69803;-27;?;0;?;0;1;0
?;1;0;0;-81287;42;?;0;?;0;1;0
?;1;0;0;-81287;42;?;0;?;0;1;0
?;1;0;0;-24186;8;?;0;?;0;1;?
?;1;0;0;22591;7;?;0;?;0;1;?
?;1;0;0;0;7;28;0;?;0;1;?
?;1;0;0;0;7;28;0;?;0;1;?
?;1;0;0;0;7;28;0;?;0;1;?
?;1;0;0;0;7;33;?;?;0;0;?
?;1;0;0;0;6;26;?;?;0;0;?
?;1;0;0;0;6;19;?;1;0;0;?
?;1;0;0;0;7;31;?;1;0;0;?
0;1;0;0;0;7;31;?;1;0;0;?
0;1;0;0;0;4;23;?;1;0;0;?
0;1;0;0;0;4;27;0;1;0;0;?
0;1;0;0;0;5;40;0;1;0;0;1
0;1;0;0;0;5;40;0;1;0;0;1
0;1;0;0;0;5;38;0;1;0;0;1
0;1;0;0;0;6;38;0;1;0;0;1
0;1;0;0;0;7;31;0;1;0;0;1
0;1;0;0;0;3;44;0;1;0;0;1
0;1;0;0;0;3;44;0;1;0;0;1
0;1;0;0;0;3;44;0;1;0;0;1
0;1;0;0;0;5;52;0;1;0;0;1
0;1;0;0;0;6;19;0;1;0;0;1
0;1;0;0;0;5;12;0;1;0;0;1
0;1;0;0;0;9;32;0;1;0;0;1
0;1;0;0;0;9;32;0;1;0;0;1
0;1;0;0;0;5;20;0;1;0;0;1
0;1;0;0;0;6;31;0;1;0;0;1
0;1;0;0;0;4;21;0;1;?;0;1
0;1;0;0;?;4;21;0;1;?;0;1
0;1;0;0;?;7;35;0;1;?;0;1
0;1;0;0;?;6;21;0;1;?;0;1
0;1;0;0;?;3;35;0;1;?;0;1
0;1;0;0;?;6;30;0;1;?;0;1
0;1;0;0;?;6;30;0;1;0;0;1
0;1;0;0;?;6;20;0;1;0;0;1
0;1;0;0;?;6;?;0;1;0;0;1
0;1;0;0;?;4;?;0;1;0;0;1
0;?;0;0;?;6;?;0;1;0;0;1
0;?;0;0;?;4;21;0;1;0;0;1
0;?;0;0;?;4;21;0;1;0;0;1
0;?;0;0;?;3;30;0;1;0;0;1
0;?;0;0;?;2;18;0;1;0;0;1
0;1;0;0;0;?;42;0;1;0;0;1
0;1;0;0;0;?;42;0;?;0;0;1
0;1;0;0;0;?;30;0;?;0;0;1
0;1;0;0;0;?;33;0;?;0;0;1
0;1;0;0;0;?;19;0;?;0;0;1
0;1;0;0;0;?;13;0;?;0;0;1
0;1;0;0;0;?;13;0;?;0;?;1
0;1;0;0;0;?;31;0;?;0;?;1
0;1;0;0;0;?;28;0;?;0;?;1
0;1;0;0;0;?;28;0;?;0;?;1
0;1;0;0;0;?;28;0;?;0;?;1
0;1;0;0;0;?;28;0;?;0;?;1
0;1;0;0;0;?;32;0;1;0;?;1
0;1;0;0;0;?;42;0;1;?;?;1
0;1;0;0;0;?;21;0;1;?;?;1
0;1;0;0;0;5;17;0;1;?;?;1
0;1;0;0;0;5;17;0;1;0;0;1
0;1;0;0;0;5;31;0;1;0;0;1
0;1;0;0;0;4;9;0;?;0;0;1
0;1;0;0;0;6;31;0;?;1;0;1
0;1;0;0;0;6;31;0;?;1;0;1
0;1;0;0;0;6;46;0;?;1;0;1
0;1;1;0;0;4;31;0;?;1;0;1
0;1;1;0;0;5;27;0;?;1;0;1
0;1;1;0;0;5;27;0;?;1;0;1
0;1;1;0;0;3;30;0;?;1;0;1
0;1;1;0;0;3;30;0;?;1;0;1
0;1;1;0;0;5;44;0;?;1;0;1
0;1;1;0;0;3;32;0;0;1;0;1
0;1;1;0;0;7;26;0;0;1;0;1
0;1;1;0;0;5;27;0;0;1;0;1
0;1;1;0;0;5;27;0;0;1;0;1
0;1;0;0;0;2;17;1;0;1;0;1
0;1;0;0;0;3;49;1;0;?;0;1
0;1;0;0;0;7;30;1;0;?;0;1
0;1;0;0;0;7;30;1;0;?;0;1
0;1;0;0;0;4;34;1;0;?;0;1
0;1;0;0;0;4;34;1;0;?;0;1
0;1;0;0;0;3;31;1;0;1;0;1
0;1;0;0;0;3;26;1;0;1;0;1
0;1;0;0;0;8;26;1;0;1;0;1
0;1;0;0;0;8;26;1;0;1;0;1
0;1;0;0;0;7;31;1;0;1;0;1
0;1;0;0;0;5;26;1;0;1;0;1
0;1;0;0;0;8;32;1;0;1;0;1
0;1;0;0;0;8;32;1;0;1;0;1
0;1;0;0;?;4;32;1;0;1;0;1
0;1;0;0;?;5;17;1;0;1;0;1
0;1;0;0;?;4;23;1;0;1;0;1
0;1;0;0;?;6;18;1;0;1;0;1
0;1;0;0;?;6;18;?;0;1;0;1
0;1;0;0;?;6;18;?;0;1;0;1
0;1;0;0;?;6;39;?;0;1;0;1
0;1;0;0;?;6;37;?;0;1;0;1
0;1;0;0;0;8;26;?;0;1;0;1
0;1;0;0;0;8;26;?;0;1;0;1
0;1;0;0;0;7;18;?;0;1;0;1
0;1;0;0;0;3;38;?;0;1;0;1
0;1;0;0;0;6;34;?;0;1;0;?
0;1;0;0;0;7;27;1;0;1;0;1
0;1;0;0;0;7;27;?;0;1;0;1
0;1;0;0;0;6;28;?;0;1;0;1
0;1;0;0;0;9;22;?;0;1;0;1
0;1;0;0;0;6;16;?;0;1;0;1
0;1;0;0;0;6;16;?;?;1;0;1
0;?;0;0;0;6;24;?;?;1;0;1
0;?;0;0;0;7;26;?;?;1;0;1
0;?;0;0;0;7;26;?;0;1;0;1
0;?;0;0;0;7;26;?;0;1;0;1
0;1;0;0;0;4;35;?;0;1;0;1
0;1;0;0;0;4;35;?;0;1;0;1
0;1;0;0;0;5;21;?;0;1;0;1
0;1;0;0;0;5;43;?;0;1;0;1
0;1;0;0;0;8;31;?;0;0;0;1
0;1;0;0;0;6;20;1;0;0;0;1
0;1;0;0;0;6;20;1;0;0;0;1
0;1;0;0;0;6;30;1;0;0;0;1
0;1;0;0;0;5;34;1;0;0;?;1
0;1;0;0;0;5;16;1;0;0;?;1
0;1;0;0;0;5;16;1;0;0;0;?
0;1;0;0;0;7;21;1;0;0;0;?
0;1;0;0;0;7;21;1;0;0;0;1
0;1;0;0;0;5;33;0;0;0;0;1
0;1;0;0;0;7;28;0;0;0;0;1
0;1;0;0;0;4;44;0;0;0;0;1
0;1;0;0;0;4;44;0;0;0;0;1
0;1;0;0;0;6;21;0;1;0;0;1
-2001;1;0;0;-62959;-162;-133;0;1;0;0;0
-2001;1;0;0;-62959;-162;-133;0;1;0;0;0
0;1;0;0;-78271;62;-654;0;1;0;0;0
0;1;0;0;-78271;62;-654;0;1;0;0;0
0;1;0;0;-62031;0;-171;0;1;?;0;0
-1015;1;0;0;-85173;64;-457;0;1;?;0;0
1015;1;0;0;-80417;-3;-1019;0;1;?;0;0
1015;1;0;0;-80417;-3;-1019;0;1;?;0;0
1015;1;0;0;-80417;-3;-1019;0;1;?;0;0
0;1;0;0;-92916;42;-259;0;1;?;0;0
0;1;0;0;-68440;-147;-346;0;1;?;0;0
-1015;1;0;0;-74530;-237;238;0;1;?;0;0
-1015;1;0;0;-74530;-237;238;0;1;?;0;0
1015;1;0;0;-76908;-13;-128;0;?;?;0;0
1015;1;0;0;-69252;-77;-207;0;?;0;0;0
0;1;0;0;-75748;-50;153;0;?;0;0;0
0;1;0;0;-91495;-81;-566;0;?;0;0;0
0;1;0;0;-91495;-81;-566;0;?;0;0;0
0;1;0;0;-92974;-64;?;0;?;0;0;0
0;1;0;0;-92974;-64;?;0;?;0;0;0
0;1;0;0;-81142;-59;?;0;?;0;0;0
0;1;0;0;-71920;-179;?;0;?;0;0;0
0;1;0;0;-71920;-179;?;0;?;0;0;0
0;1;0;0;-81983;-201;?;0;?;0;0;0
0;1;0;0;-81983;-201;?;0;?;0;0;0
-1015;1;0;0;-78242;-178;?;0;?;0;0;0
0;1;0;0;-70557;-30;?;0;?;0;0;0
0;1;0;0;-66642;24;?;0;1;0;0;0
0;1;0;0;-86739;-55;?;0;1;0;0;0
0;1;0;0;-86739;-55;?;0;1;0;0;0
0;1;0;0;-75893;-186;?;0;1;0;0;0
0;1;0;0;-86681;6;-352;0;1;0;0;0
0;1;0;0;-89697;-22;-34;0;1;0;0;0
?;1;0;0;-89697;-22;-34;0;1;?;0;0
?;1;0;0;-75110;-163;-115;0;1;0;0;0
?;1;0;0;-77111;-147;-153;0;1;0;0;0
?;1;0;0;-100079;-160;-651;0;1;0;0;0
?;1;0;0;-100079;-160;-651;0;1;0;0;0
?;1;0;0;-100079;-160;-651;0;1;?;0;0
?;1;0;0;-94482;-189;?;0;1;?;0;0
?;1;0;0;-79373;?;?;0;1;?;0;0
?;1;0;0;-86304;?;?;0;1;?;0;0
-1015;1;0;0;-96193;?;?;0;1;?;0;0
0;1;0;0;-66091;?;?;0;1;?;0;0
0;1;0;0;-66091;?;?;0;1;?;0;0
0;1;0;0;-78532;?;?;0;1;?;0;0
2030;1;0;0;-86623;?;?;0;1;0;0;0
-1015;1;0;0;-83317;?;?;0;1;0;0;0
0;1;0;0;-83433;?;-877;0;1;0;0;0
0;1;0;0;-83433;?;-877;0;1;0;0;0
0;1;0;0;-83433;?;-877;0;1;0;0;?
0;1;0;0;-81142;?;-111;0;1;0;0;?
0;1;0;0;-70122;?;-194;0;1;0;0;?
0;1;0;0;-94453;?;-99;0;1;?;0;?
0;1;0;0;-95526;-179;33;0;1;0;0;?
0;1;0;0;-95526;-179;33;0;1;0;0;?
0;1;0;0;-82273;-221;-784;0;1;?;0;?
?;1;0;0;-94163;-60;-756;0;1;?;0;?
?;1;0;0;-79518;-191;-319;0;1;?;0;?
?;1;0;0;-79518;-191;-319;0;1;?;0;0
0;1;0;0;-98977;-97;-949;0;1;?;0;0
0;1;0;0;-91524;-177;0;0;1;?;0;0
986;1;0;0;-45153;-68;-879;0;1;?;0;0
0;1;0;0;2291;-36;-1086;0;1;0;0;0
0;1;0;0;2291;-36;-1086;0;1;0;0;0
0;1;0;0;2291;-36;-1086;0;1;0;0;0
0;1;0;0;0;-39;-180;?;1;0;0;0
0;1;0;0;0;-39;-184;?;1;0;0;0
0;1;0;0;0;-38;-171;?;1;0;1;0
0;1;0;?;0;?;-171;?;1;0;1;0
0;1;0;?;0;?;?;?;1;0;1;0
0;1;0;?;0;?;?;?;1;0;1;0
0;1;0;?;0;?;?;?;1;0;1;0
0;1;0;?;0;?;?;0;1;0;1;0
0;1;0;?;0;?;?;0;1;0;1;0
0;1;0;?;0;?;?;0;1;0;1;0
0;1;0;?;0;-40;?;0;1;0;1;0
0;1;0;?;0;-38;?;0;1;0;1;0
0;1;0;?;0;-38;?;0;1;0;1;0
0;1;0;?;0;-38;?;0;1;0;1;0
0;1;0;?;0;-38;?;0;1;0;1;0
0;1;0;?;0;-39;?;0;1;0;1;0
0;1;0;0;0;-38;-185;0;1;0;1;0
0;1;0;0;0;-40;-165;0;1;0;1;0
0;1;0;?;0;-39;-169;0;1;0;1;0
0;1;0;?;0;-39;-169;0;1;0;1;0
0;1;0;?;0;-41;-174;0;1;0;1;0
0;1;0;?;0;-37;-186;0;1;0;1;0
0;1;0;?;0;-40;-175;0;1;0;1;0
0;1;0;?;0;-40;-175;0;1;0;1;0
0;1;0;?;0;232;-49;0;1;0;1;0
0;1;0;0;67454;164;808;0;1;0;1;0
0;1;0;0;89117;241;920;0;1;0;1;0
1015;1;0;0;70992;194;288;0;1;0;1;0
1015;1;0;0;70992;194;288;0;1;0;1;0
1015;1;0;0;70992;194;288;0;1;0;1;0
-1015;1;0;0;96541;233;620;0;1;0;1;0
-1015;1;0;0;64960;57;1136;0;1;0;1;0
-1015;1;0;0;67628;141;718;0;1;0;1;0
-1015;1;0;0;67628;141;718;0;1;0;1;0
-1015;1;0;0;66178;103;371;0;1;0;1;0
0;1;0;0;91727;160;822;0;1;0;1;0
0;1;0;0;89639;166;18;0;1;0;1;0
0;1;0;0;85086;102;669;0;1;0;1;0
0;1;0;0;85086;102;669;0;1;0;1;0
0;1;0;0;65569;165;188;0;1;0;1;0
0;1;0;0;65569;46;231;0;1;0;1;0
1015;1;0;0;82911;100;829;0;1;0;1;0
1015;1;0;0;82911;100;829;0;1;0;1;0
1015;1;0;0;82911;100;829;0;1;0;1;0
-1015;1;0;0;67686;144;367;0;1;0;1;0
-1015;1;0;0;83056;?;564;0;1;0;1;0
0;1;0;0;81838;?;667;0;1;0;1;0
0;1;0;0;64728;?;94;0;1;0;1;0
0;1;0;0;64728;?;94;0;1;0;1;0
0;1;0;0;85115;?;880;0;1;0;1;0
1015;1;?;0;61248;?;755;0;1;0;1;0
0;1;?;0;73051;4;667;0;1;0;1;0
0;1;?;0;72906;135;-63;0;1;0;1;0
0;1;?;0;72906;135;-63;0;1;0;1;0
-1015;1;0;0;85318;-1;894;0;1;0;1;0
0;1;0;0;67512;192;230;0;1;0;1;?
1015;1;0;0;76183;30;515;0;1;0;1;?
1015;1;0;0;76183;30;515;?;1;0;1;?
1015;1;0;0;76183;30;515;?;1;0;1;?
0;1;0;0;78416;39;1049;?;1;0;1;?
-1015;1;0;0;86159;167;81;?;1;0;1;?
0;1;0;0;91611;83;299;?;1;0;1;?
-1015;1;0;0;71224;-12;648;?;1;0;1;?
-1015;1;?;0;71224;-12;648;?;1;0;1;?
0;1;0;0;80968;122;257;?;1;0;1;?
0;1;?;0;93293;4;320;?;1;0;1;?
0;1;?;0;68585;108;-109;0;1;0;1;0
-1015;1;?;0;86478;41;408;0;1;0;1;0
-1015;1;0;0;86478;41;408;0;1;0;1;0
-1015;?;0;0;68991;24;323;0;1;0;1;0
0;?;0;0;93206;7;463;0;1;0;1;0
0;?;0;0;76444;90;92;0;1;0;1;0
0;?;0;0;76444;90;92;0;1;0;1;0
0;?;0;0;92887;-5;-300;0;1;0;1;0
0;?;0;0;92887;-5;-300;0;1;0;1;0
0;?;0;0;78358;43;63;0;1;0;1;0
-1015;?;0;0;70847;186;932;0;1;0;1;0
0;?;0;0;68005;78;387;0;1;0;1;0
0;?;0;0;68005;78;387;0;1;0;1;0
-2030;?;0;0;64873;240;334;0;1;0;1;?
1015;1;0;0;82360;-29;91;0;1;0;1;?
1015;1;0;0;96454;0;712;0;1;0;1;?
0;1;0;0;63568;147;697;0;1;0;1;?
0;1;0;0;63568;147;697;0;1;0;1;?
0;1;0;0;75516;71;609;0;1;0;1;?
0;1;0;0;58232;56;7;0;1;0;1;?
0;1;0;0;78039;30;879;0;1;0;1;?
0;1;0;0;78039;30;879;0;1;0;1;?
0;1;0;0;78039;30;879;0;1;0;1;?
-1015;1;0;0;75400;56;603;0;1;0;1;?
0;1;0;0;98078;180;436;0;1;0;1;?
0;1;0;0;73312;100;366;0;1;0;1;?
0;1;0;0;92568;73;201;0;1;0;1;0
0;1;0;0;92568;73;201;0;1;0;1;0
0;1;0;0;88015;157;466;0;1;0;1;0
0;1;0;0;79373;138;849;0;1;0;1;0
0;1;0;0;78358;-3;241;0;1;0;1;0
0;1;0;0;84854;61;?;0;1;0;1;0
0;1;0;0;84854;61;?;0;1;0;1;0
-1015;1;0;0;71427;210;?;0;1;0;1;0
0;1;0;0;70615;154;?;0;1;0;1;0
1015;1;0;0;89697;73;?;0;1;0;1;0
1015;1;0;0;89697;73;?;0;1;0;1;0
1015;1;0;0;89697;73;?;0;1;0;1;0
0;1;0;0;60929;60;?;0;1;0;1;0
0;1;0;0;65453;60;?;0;1;0;1;0
0;1;0;0;86536;-60;?;0;?;0;1;0
0;1;0;0;63452;46;?;0;?;0;1;0
?;1;0;0;63452;46;?;0;?;0;1;0
0;1;0;0;83491;11;?;0;?;0;1;0
0;1;0;0;70847;102;297;0;?;0;1;0
1015;1;0;0;83984;182;842;0;?;0;1;?
1015;1;0;0;83984;182;842;0;?;0;1;?
0;1;0;0;?;168;583;0;?;0;1;?
0;1;0;0;?;89;22;0;?;0;1;?
0;1;0;0;?;189;344;0;?;0;1;0
0;1;0;0;?;189;344;0;?;0;1;0
-1015;1;0;0;?;56;959;0;?;0;1;0
-1015;1;0;0;?;56;959;0;?;0;1;0
0;1;0;0;?;220;270;0;?;0;1;0
1015;1;0;0;?;202;706;0;1;0;1;0
1015;1;0;0;?;119;340;0;1;0;1;0
1015;1;0;0;?;119;340;0;1;0;1;0
?;1;0;0;?;135;964;0;1;0;1;0
0;1;0;0;?;92;104;0;1;0;1;0
0;1;0;0;0;90;427;0;1;0;1;0
0;1;0;0;0;93;413;0;1;0;1;0
0;1;0;0;0;93;413;0;1;0;1;0
0;1;0;0;0;93;413;0;1;0;1;0
0;1;0;0;0;92;411;0;1;0;1;0
0;1;0;0;0;92;427;0;1;0;1;0
0;1;0;0;0;92;427;0;1;0;1;0
0;1;0;0;0;93;413;0;1;0;1;0
0;1;0;0;0;93;413;0;1;0;1;0
0;1;0;0;0;93;417;0;1;0;1;0
0;1;0;0;0;93;410;0;1;0;1;0
0;1;0;0;0;91;421;0;1;0;1;0
0;1;0;0;0;94;407;0;1;0;1;0
0;1;0;0;0;94;407;0;1;0;1;?
0;?;0;0;0;94;411;0;1;0;1;?
0;?;0;0;0;91;419;0;1;0;1;?
0;?;0;0;?;92;434;0;1;0;1;?
0;1;0;0;?;92;434;0;1;0;1;?
0;1;0;0;?;92;?;0;1;0;1;?
0;1;0;0;?;92;?;0;1;0;1;?
0;1;0;0;?;92;?;0;1;0;1;?
0;1;0;0;?;92;?;0;1;0;1;?
0;1;0;0;?;96;?;0;1;0;1;?
0;1;0;0;?;96;?;0;1;0;1;?
-986;1;0;0;?;-213;?;0;1;0;1;?
0;1;0;0;?;-109;?;0;1;0;1;?
-1015;1;0;0;?;-205;-377;0;1;0;1;0
-1015;1;0;0;?;-205;-377;0;1;0;1;0
-1015;1;0;0;-98310;-90;-754;0;1;0;1;0
0;1;0;0;-95555;-125;-364;0;1;0;1;0
0;1;0;0;-94134;-207;-336;0;1;0;1;0
0;1;0;0;-82099;-51;-180;0;1;0;1;0
0;1;0;0;-82099;-51;?;0;1;0;1;0
0;1;0;0;-67483;-201;?;0;1;0;1;0
0;1;0;0;?;-150;?;0;1;0;1;0
0;1;0;0;?;-45;?;0;1;0;1;0
0;1;0;0;?;-45;?;0;1;0;?;0
0;1;0;0;?;-45;-220;0;1;0;?;0
-1015;1;0;0;?;0;11;0;1;0;1;0
1015;1;0;0;?;-218;-644;0;1;0;1;0
0;1;0;0;?;-64;-288;0;1;0;1;0
0;1;0;0;?;-64;-288;0;1;0;1;0
0;1;0;0;?;-235;-861;0;1;0;1;0
0;1;0;0;?;49;-614;0;1;0;1;0
1015;1;0;0;?;-79;58;0;1;0;1;0
1015;1;0;0;?;-28;14;0;1;0;1;0
1015;1;0;0;-55216;-28;14;0;1;0;1;0
0;1;0;0;-65279;-101;29;0;1;0;1;0
-1015;1;0;0;-93873;18;-855;0;1;0;1;0
0;1;0;0;-73718;-175;-321;0;1;0;1;0
0;1;0;0;-73196;-93;20;0;1;0;1;0
0;1;0;0;-73196;-93;20;0;1;0;1;0
0;1;0;0;-73196;-93;20;0;1;0;1;0
1015;1;0;0;-68846;-143;-73;0;1;0;1;0
1015;1;0;0;-73080;-122;-203;0;1;0;1;0
0;1;0;0;-62495;2;-547;0;1;0;1;0
-1015;1;0;0;-82621;-90;-450;0;1;0;1;0
-1015;1;0;0;-82621;-90;-450;0;1;0;1;0
0;1;0;0;-74704;-100;123;0;1;0;1;0
0;1;0;0;-71833;-41;-47;0;1;0;1;0
0;1;0;0;-62176;-93;467;0;1;0;1;0
0;1;0;0;-62176;-93;467;0;1;0;1;0
1015;1;0;0;-88682;-96;-393;0;1;0;1;0
0;1;0;0;-97962;-37;-189;0;1;0;1;0
0;1;0;0;-74936;-119;-13;0;1;0;1;0
0;1;0;0;-75458;?;14;0;1;0;1;0
0;1;0;0;-75458;?;14;0;1;0;1;0
0;1;0;0;-75458;?;14;0;1;0;1;0
1015;1;0;0;-83172;?;-158;0;1;0;1;0
0;1;0;0;-93206;?;-33;0;1;0;1;0
0;?;0;0;-81896;?;-185;0;1;0;1;0
0;?;0;0;-81896;?;-185;0;1;0;1;0
0;?;0;0;-93293;?;-752;0;1;0;1;0
0;?;0;0;-69484;?;-557;0;1;0;1;0
0;?;0;0;-68672;-79;-528;0;1;0;1;0
1015;1;0;0;-74588;-148;-361;0;1;0;1;0
1015;1;0;0;-74588;-148;-361;0;1;0;1;0
0;1;0;0;-79605;-75;62;0;1;0;1;0
0;1;0;0;-92887;-86;-731;0;1;0;1;0
-1015;1;0;0;-78416;-236;-57;?;1;0;1;0
-1015;1;0;0;-78416;-236;-57;?;1;0;1;0
-1015;1;0;0;-80185;-141;-337;?;1;0;1;0
-1015;1;0;0;-82708;-184;-55;?;1;0;1;0
-1015;1;0;0;-82708;-184;-55;?;1;0;1;0
-1015;1;0;0;-81229;-42;-230;?;1;0;1;0
-1015;1;0;0;-81229;-42;-230;?;1;0;1;0
1015;1;0;0;-69194;-104;-503;?;1;0;1;0
1015;1;0;0;-69194;-104;-503;?;1;0;1;0
-1015;1;0;0;-68962;-20;-882;0;1;0;1;0
3045;1;0;0;-61712;-147;-60;0;1;0;1;0
0;1;0;0;10875;-92;?;0;1;0;1;0
0;1;0;0;10875;-92;?;0;1;0;1;0
0;1;0;0;0;-37;?;0;1;0;1;0
0;1;0;1;0;-34;?;0;1;0;1;0
0;1;0;1;0;-33;?;0;1;0;0;0
0;1;0;1;0;-35;?;0;1;0;0;0
0;1;0;1;0;-35;?;0;1;0;?;0
0;1;0;1;0;-35;?;0;1;0;?;0
0;1;0;1;0;-36;?;0;1;0;?;0
0;1;0;1;0;-37;?;0;1;?;?;0
0;1;0;1;0;-37;?;0;1;?;?;0
0;1;0;1;0;-38;?;0;1;?;?;0
0;1;0;1;0;-38;?;0;1;?;?;0
0;1;0;1;0;-36;?;0;1;?;?;0
0;1;0;1;0;-36;-172;0;1;?;?;0
0;1;0;1;0;-36;-183;0;1;?;?;0
?;1;0;1;0;-38;-167;0;1;0;?;0
?;1;0;1;0;-38;-167;0;1;0;?;0
?;1;0;1;0;-40;-159;0;1;0;0;0
0;1;0;1;0;-39;-179;0;1;0;0;0
0;1;0;1;0;-39;-179;0;1;0;0;0
0;1;0;1;0;-32;-169;0;1;0;0;0
0;1;0;1;0;-32;-169;0;1;0;0;0
0;1;0;1;0;-37;-174;0;1;0;0;0
0;1;0;1;0;-36;-162;0;1;0;0;0
0;1;0;1;0;-35;-171;0;1;0;0;0
0;1;0;1;0;-35;-167;0;1;0;0;0
0;1;0;1;0;-35;-167;0;1;0;0;0
0;1;0;1;0;-36;-165;0;1;0;0;0
0;1;0;1;0;-37;-169;0;1;0;0;0
0;1;0;1;0;-36;-179;0;1;0;0;0
0;1;0;1;?;-36;-179;0;1;0;0;0
0;1;0;1;?;-36;-179;0;1;0;0;0
0;1;?;?;0;-35;-144;0;1;0;0;0
0;1;?;1;0;-36;-169;0;1;0;0;0
0;1;?;1;0;-40;-169;0;1;0;0;0
?;1;?;1;0;-36;-174;0;?;0;0;0
?;1;?;1;0;-36;-174;0;1;0;0;0
?;1;0;1;0;-38;-177;0;1;0;0;0
?;1;0;1;0;-37;-183;0;1;0;0;0
0;1;0;1;0;-34;-165;0;1;0;0;0
?;1;0;1;0;-36;-177;0;1;0;0;0
?;1;0;1;0;-36;-177;0;1;0;0;0
?;1;0;1;0;-34;-161;0;1;0;0;0
?;1;0;1;?;-35;-153;0;1;0;0;0
?;1;0;1;?;-40;-172;0;1;0;0;0
?;1;0;1;?;-40;-172;0;1;0;0;0
?;1;0;1;?;-36;-174;0;1;0;0;0
?;1;0;1;?;-36;-174;0;1;0;0;0
?;1;0;1;?;-35;-163;0;1;0;0;0
0;1;0;1;?;-35;-144;0;1;0;0;0
0;1;0;1;?;-37;-171;0;1;0;0;0
0;1;0;1;?;-37;-171;0;1;0;0;0
0;1;0;1;?;-36;-159;0;1;0;0;0
0;1;0;1;?;-40;-167;0;1;0;0;0
0;1;0;1;?;-38;-161;0;1;1;0;0
0;1;0;1;0;-38;-161;0;1;1;0;0
0;1;0;1;0;-35;-174;0;1;1;0;0
0;1;1;1;0;-37;-165;0;1;1;0;0
0;1;1;1;0;-37;-173;0;1;1;0;0
0;1;1;1;0;-39;-179;0;1;1;0;0
0;1;1;1;0;-39;-179;0;1;1;0;0
0;1;1;1;0;-39;-179;0;1;1;0;0
0;1;1;1;0;-37;-159;0;0;1;0;0
0;1;1;1;0;-36;-166;0;0;1;0;0
0;1;1;1;0;-34;-168;0;0;1;0;0
0;1;1;1;0;-34;?;0;0;1;0;0
0;1;0;1;0;-34;?;1;0;1;0;0
0;1;0;1;0;-35;?;1;0;1;0;0
0;1;0;1;0;-36;?;1;0;1;0;0
0;1;0;1;0;-35;?;1;0;1;0;0
0;1;0;1;0;-35;?;1;0;1;0;0
?;1;0;1;0;-34;?;1;0;1;0;0
?;1;0;1;0;-37;?;1;0;1;0;0
?;1;0;1;0;-38;?;1;0;1;0;0
0;1;0;1;0;-39;-167;1;0;1;0;0
0;1;0;1;0;-39;-167;1;0;1;0;0
0;1;0;1;0;-39;-167;1;0;1;0;0
0;1;0;1;0;-37;-170;1;0;1;0;0
0;1;0;1;?;-36;-160;1;0;1;0;0
0;1;0;1;?;-35;-177;1;0;1;0;0
0;1;0;1;?;-35;-177;1;0;1;0;0
0;1;0;1;?;-37;-175;1;0;1;0;0
0;1;0;1;?;-36;-167;1;0;1;0;0
0;1;0;1;?;-38;-167;1;0;1;0;0
0;1;0;1;?;-38;-170;1;0;1;0;0
0;1;0;1;?;-38;-170;1;0;1;0;0
0;1;0;1;?;-36;-173;1;0;1;0;0
0;1;0;1;0;-37;-181;1;0;1;0;0
0;1;0;1;0;-35;-165;1;0;1;0;0
0;1;0;1;0;-35;-165;1;0;1;0;0
0;1;0;1;0;?;-175;1;0;1;0;0
0;1;0;1;0;?;-175;1;0;1;0;0
0;?;0;1;0;?;-166;1;0;1;0;0
0;?;0;1;0;?;-156;1;0;1;0;0
0;?;0;1;0;?;-154;1;0;1;0;0
0;?;0;1;0;?;-154;1;0;1;0;0
0;?;0;1;0;?;-160;1;0;1;0;0
0;?;0;1;0;?;-154;1;0;1;0;0
0;?;0;1;0;?;-145;1;0;1;0;0
0;?;0;1;0;?;-145;1;0;1;0;0
0;?;0;1;0;?;-179;1;0;1;0;0
0;?;0;1;0;-37;?;1;0;1;0;?
0;?;0;1;0;-35;?;1;0;1;0;?
0;?;0;1;0;-39;?;1;0;1;0;?
0;?;0;1;0;-39;?;1;0;1;0;?
0;?;0;1;0;-39;-169;1;0;1;0;?
0;1;0;1;0;-39;-169;1;0;1;0;?
0;1;0;1;0;-38;?;1;0;1;0;?
0;1;0;1;0;-36;?;1;0;0;0;?
0;1;0;1;0;-35;?;1;0;0;0;?
0;1;0;1;0;-35;?;1;0;0;0;?
0;1;0;1;0;-38;?;1;0;0;0;?
0;1;0;1;0;-35;?;1;0;0;0;0
0;1;0;1;0;-35;?;1;0;0;0;0
0;1;0;1;0;-35;?;1;0;0;0;0
0;1;0;1;0;-35;?;1;0;0;0;0
0;1;0;1;0;-36;-172;0;0;0;0;0
0;1;0;1;0;-35;-161;0;0;0;0;0
0;1;0;1;0;-36;-159;0;0;0;0;0
0;1;0;1;0;-39;-175;0;1;0;0;0
0;1;0;1;0;-39;-175;0;1;0;0;0
0;1;0;1;0;-39;-175;0;1;0;0;0
-2001;1;0;0;-89001;-84;-779;0;1;0;0;0
0;1;0;0;-81983;-149;-136;0;1;0;0;0
1015;1;0;0;-65337;-202;?;0;1;0;0;0
0;1;0;0;-95613;-53;?;0;1;0;0;0
0;1;0;0;?;-53;?;0;1;0;0;0
1015;1;0;0;?;-245;?;0;1;0;0;0
0;1;0;0;?;3;?;0;1;0;0;0
0;1;0;0;?;-173;?;0;1;0;0;0
0;1;0;0;?;-173;?;0;1;0;0;0
0;1;0;0;?;6;?;0;1;0;0;0
0;1;0;0;?;-80;?;0;1;0;0;0
0;1;0;0;?;-25;-469;0;1;0;0;0
0;1;0;0;?;-25;-469;0;1;0;0;0
0;1;0;0;-81055;-26;-823;0;1;0;0;0
0;1;0;0;-81055;-26;-823;0;1;0;0;0
0;1;0;0;-72500;-107;-854;0;1;0;0;0
-1015;1;0;0;-71514;-63;-686;0;1;0;0;0
0;1;0;0;-82360;-201;-288;0;1;0;0;0
0;1;0;0;-99528;-17;-479;0;1;0;0;0
0;1;0;0;-99528;-17;-479;0;1;0;0;0
0;1;0;0;-84245;-73;-46;0;1;0;0;0
0;1;0;0;-97991;-2;-822;0;1;0;0;0
1015;1;0;0;-82708;-234;-318;0;1;0;0;0
1015;1;0;0;-82708;-234;-318;0;1;0;0;0
1015;1;0;0;-62901;-148;-496;0;1;0;0;0
0;1;0;0;-90248;-178;-961;0;1;0;0;0
0;1;0;0;-87783;?;-75;0;1;0;0;0
0;1;0;0;-87783;?;-75;0;1;0;0;0
1015;1;0;0;-84332;?;-72;0;1;0;0;0
1015;1;0;0;-84332;?;-72;0;1;0;0;0
0;1;0;0;-94569;?;-813;0;1;0;0;0
?;1;0;0;0;?;-507;0;1;0;0;0
?;1;0;0;0;?;-183;0;1;0;0;0
?;1;0;0;0;?;-183;0;1;0;0;0
?;1;0;0;0;?;-187;0;1;0;0;0
?;1;0;0;0;?;-198;0;1;0;1;0
?;1;0;0;0;?;-198;0;1;0;1;0
?;1;0;0;?;?;-198;0;1;0;1;0
?;1;0;0;?;?;-185;0;1;0;1;0
?;1;0;0;?;-43;-194;0;1;0;1;0
?;1;0;0;?;-43;-189;0;1;0;1;0
?;1;0;0;?;-41;-203;0;1;0;1;0
?;1;0;0;?;-41;-203;0;1;0;1;0
?;1;0;0;?;-43;-200;0;1;0;1;0
?;1;0;0;?;-43;-200;0;1;0;1;0
?;1;0;?;?;-44;-192;0;1;0;1;0
?;1;0;?;0;-46;-199;0;1;0;1;0
?;1;0;?;0;-46;-199;0;1;0;1;0
?;1;0;?;0;-44;?;0;1;0;1;0
0;1;0;?;0;-43;?;0;1;0;1;0
0;1;0;?;0;-43;?;0;1;0;1;0
0;1;0;?;0;-42;?;?;1;0;1;0
0;1;0;?;0;-42;?;?;1;0;1;0
0;1;0;?;0;-43;-192;?;1;0;1;0
0;1;0;?;0;-41;-196;?;1;0;1;0
0;1;0;?;0;-41;-203;?;1;0;1;0
0;1;0;?;-5626;-43;1119;?;1;0;1;0
0;1;0;?;-5626;-43;1119;0;1;0;1;0
0;1;0;?;-5626;-43;1119;0;1;0;1;0
0;1;0;?;93177;55;525;0;1;0;1;0
-1015;1;0;?;72558;183;396;0;1;0;1;0
0;1;0;0;86710;157;20;0;1;0;1;0
0;1;0;0;86710;157;20;0;1;0;1;0
-1015;1;0;0;85869;173;852;0;1;0;1;0
0;1;0;0;100485;150;763;0;1;0;1;0
-1015;1;0;0;93902;160;515;0;1;0;1;0
0;1;0;0;67744;156;326;0;1;0;1;0
0;1;0;0;67744;156;326;0;1;0;1;0
0;1;0;0;57304;48;700;0;1;0;1;0
1015;1;0;0;68904;-10;620;0;1;0;1;0
0;1;0;0;75632;99;107;0;1;0;?;0
0;1;0;0;75632;99;107;0;1;0;?;0
0;1;0;0;75632;99;107;0;1;0;?;0
0;1;0;0;56057;198;867;0;1;0;?;0
0;1;0;0;84187;172;1020;0;1;0;?;0
0;1;0;0;83404;135;156;0;1;0;?;0
-1015;1;0;0;78039;183;504;0;1;0;?;0
-1015;1;0;0;78039;183;504;0;1;0;?;0
0;1;0;0;66787;163;432;0;1;0;?;0
-1015;1;0;0;74704;100;-122;0;1;0;1;0
0;1;0;0;76125;93;486;0;1;0;1;0
0;1;0;0;73602;119;749;0;1;0;1;0
1015;1;0;0;85144;6;715;0;1;0;1;0
1015;1;0;0;85144;6;715;0;1;0;1;0
0;1;0;0;63887;101;573;0;1;0;1;0
0;1;0;0;65656;143;278;0;1;0;1;0
0;1;0;0;65656;143;278;0;1;0;1;0
0;1;0;0;96454;115;340;0;1;0;1;0
0;1;0;0;96454;115;340;0;1;0;1;0
0;1;0;0;65511;167;751;0;1;0;1;0
-1015;1;0;0;81664;156;676;0;1;0;1;?
0;1;0;0;87116;182;779;0;1;0;1;?
0;?;0;0;75545;161;809;0;1;0;1;?
0;?;0;0;75545;161;809;0;1;0;1;?
0;?;0;0;66352;172;666;0;1;0;1;?
1015;?;0;0;81867;-25;196;0;1;0;1;?
1015;?;0;0;73660;0;387;0;1;0;1;0
1015;?;0;0;82969;96;292;0;1;0;1;0
1015;?;0;0;82969;96;292;0;1;0;1;0
1015;?;0;0;67483;149;879;0;1;0;1;0
0;?;0;0;79141;48;-211;0;1;0;1;0
0;?;0;0;79141;48;-211;0;1;0;1;0
?;?;0;0;79141;48;-211;0;1;0;1;0
?;?;0;0;95787;86;-209;0;1;0;1;0
0;1;0;0;92017;74;?;?;1;0;1;0
0;1;0;0;84477;42;?;?;1;0;1;0
0;1;0;0;82476;54;?;?;1;0;1;0
0;1;0;0;87551;123;?;?;1;0;1;0
0;1;0;0;87551;123;?;?;1;0;1;0
0;1;0;0;76241;150;?;?;1;0;1;0
0;1;0;0;86304;46;?;?;1;0;1;0
1015;1;0;0;67831;158;537;?;1;0;1;0
1015;1;0;0;67831;158;537;?;1;0;1;0
1015;1;0;0;100137;40;86;?;1;0;1;0
1015;1;0;0;100137;40;86;?;1;0;1;0
?;1;0;0;66555;26;400;?;1;0;1;0
?;1;0;0;?;38;803;?;1;0;1;0
?;1;0;0;?;13;234;?;1;0;1;0
?;1;0;0;?;13;234;?;1;0;1;0
?;1;0;0;?;3;147;0;1;0;1;0
?;1;0;0;?;-8;205;0;1;0;1;0
?;1;0;0;?;37;565;0;1;0;1;0
?;1;0;0;?;37;565;0;1;0;1;0
?;1;0;0;?;203;291;0;1;0;1;0
?;1;0;0;104313;83;553;0;1;0;1;0
?;1;0;0;89784;50;27;0;1;?;1;0
?;1;0;0;68759;111;233;0;1;?;1;0
?;1;0;0;68759;111;233;0;1;?;1;0
0;1;0;0;68759;111;?;0;1;?;1;0
0;1;0;0;81780;-10;?;0;1;?;1;0
0;1;0;0;94453;247;?;0;1;?;1;0
0;1;0;0;77430;-27;?;0;1;?;1;0
1015;1;0;0;87348;48;431;0;1;?;1;0
1015;1;0;0;87348;48;431;0;1;?;1;0
0;1;0;0;80301;224;55;0;1;0;1;0
0;1;?;0;67860;151;188;0;1;0;1;0
0;1;?;0;81983;163;278;0;1;0;1;0
0;1;?;0;81983;163;278;0;1;0;1;0
1015;1;?;0;72471;223;882;0;1;0;1;?
-1015;1;?;0;89407;-35;866;0;1;0;1;?
1015;1;?;0;93293;28;-189;0;1;0;1;?
1015;1;?;0;93293;28;-189;0;1;0;1;?
1015;1;?;0;61364;147;940;0;1;0;1;?
1015;1;?;0;68092;28;673;0;1;0;1;?
1015;1;?;0;68092;?;673;0;1;0;1;?
1015;1;?;0;85173;250;9;0;1;0;1;?
0;1;?;0;93583;19;-47;0;1;0;1;?
0;1;?;0;93583;19;-47;0;1;0;1;?
0;1;?;0;83868;105;528;0;1;0;1;?
0;1;?;0;89697;16;544;0;1;0;1;?
1015;1;?;0;76444;54;504;0;1;0;1;?
0;1;?;0;68614;215;796;0;1;0;1;?
0;1;0;0;68614;215;796;0;1;0;1;0
-1015;1;0;0;59305;130;743;0;1;0;1;0
-1015;1;0;0;95700;103;975;0;1;0;1;0
-2001;1;0;0;13572;179;573;0;1;0;1;0
-2001;1;0;0;13572;179;573;0;1;0;1;0
0;1;0;0;10904;84;210;0;1;0;1;0
0;1;0;0;10904;84;210;0;1;0;1;0
0;1;0;0;0;83;384;0;1;0;1;0
0;1;0;0;0;83;384;0;1;0;1;0
0;1;0;0;0;80;381;0;1;0;1;0
0;1;0;?;0;80;381;0;1;0;1;0
0;1;0;?;0;83;381;0;1;0;1;0
0;1;?;?;0;84;384;0;1;0;1;0
0;1;?;?;0;83;373;0;1;0;1;0
0;1;?;?;0;84;380;0;1;0;1;0
0;1;?;?;0;84;380;0;1;0;1;0
0;1;?;0;0;83;379;0;1;0;1;0
0;1;?;0;0;85;364;0;1;0;1;0
0;1;?;0;0;82;372;0;1;0;1;0
0;1;?;0;0;82;372;0;1;0;1;0
0;1;?;0;0;82;372;0;1;0;1;0
?;1;?;0;0;84;382;0;1;0;1;0
?;1;0;0;0;79;385;0;1;0;1;0
?;1;0;0;0;85;386;0;1;0;1;0
?;1;0;0;0;83;380;0;1;0;1;0
?;1;0;0;0;83;380;0;1;0;1;0
?;1;0;0;0;82;373;0;1;0;1;0
?;1;0;0;0;83;395;0;1;0;1;0
?;1;0;0;0;82;380;0;1;0;1;0
?;1;?;0;0;82;380;0;1;0;1;0
?;1;?;0;-57942;-100;-607;0;1;0;1;?
?;1;0;0;-85231;-190;-625;0;1;0;1;?
?;1;0;0;-86623;-129;-817;0;1;0;1;?
?;1;0;0;-80533;-164;-963;0;1;0;1;?
?;1;0;0;?;-164;-963;0;1;0;1;0
?;1;0;0;?;-202;43;0;1;0;1;0
0;1;0;0;?;-202;43;0;1;0;1;0
0;1;0;0;?;-195;-1124;?;1;0;1;0
1015;1;0;0;?;-179;-292;?;1;0;1;0
1015;1;0;0;?;-179;-292;?;1;0;1;0
-1015;1;0;0;?;10;-281;?;1;0;1;0
0;1;0;0;?;-172;-284;?;1;0;1;0
1015;1;0;0;?;-75;-273;?;1;0;1;0
0;1;0;0;?;-77;-577;?;1;0;1;0
0;1;0;0;?;-77;-577;?;1;0;1;0
0;1;0;0;?;-153;-805;?;1;0;1;0
0;1;0;0;?;-49;-244;?;1;0;1;0
0;1;0;0;-94308;-153;-4;?;1;0;1;0
0;1;0;0;-94308;-153;-4;?;1;0;1;0
0;1;0;0;-81026;-173;-890;?;?;0;1;0
0;1;0;0;-65105;-146;-682;?;?;0;1;0
0;1;0;0;-65105;-146;-682;?;?;0;1;0
0;1;0;0;-82998;-149;104;0;1;0;1;0
0;?;0;0;-76618;-81;109;0;1;0;1;0
-1015;?;0;0;-81664;-31;-1065;0;1;0;1;0
0;?;0;0;-67280;-122;10;0;1;0;1;0
0;1;0;0;-67280;-122;10;0;1;0;1;0
0;1;0;0;-88711;-145;-599;0;1;0;1;0
0;1;0;0;-85289;-34;-732;0;1;0;1;0
1015;1;0;0;-71659;-90;-120;0;1;0;1;0
1015;1;0;0;-71659;-90;-120;0;1;0;1;0
1015;1;0;0;-71659;-90;-120;0;1;0;1;0
0;1;0;0;-86072;12;-730;0;1;0;1;0
0;1;0;0;-94134;-162;-70;0;1;0;1;0
2001;1;0;0;-21460;58;-111;0;1;0;1;0
0;1;0;0;0;6;18;0;1;0;?;0
0;1;0;0;0;6;18;0;1;0;?;0
0;1;0;0;?;4;28;0;1;0;?;1
0;1;0;0;?;3;21;0;1;0;?;1
0;1;0;0;?;4;33;0;1;0;0;1
0;1;0;0;?;4;33;0;1;0;0;1
0;1;0;0;?;7;33;0;1;0;0;1
0;1;0;0;?;9;44;0;1;0;0;1
0;1;0;0;?;9;44;0;1;0;0;1
0;1;0;0;?;6;35;0;1;0;0;1
0;1;0;0;?;7;25;0;1;0;0;1
0;1;0;0;?;7;25;0;1;0;0;1
0;1;0;0;?;5;44;0;1;0;0;1
0;1;0;0;?;6;12;0;1;0;0;1
0;1;0;0;?;5;27;0;1;0;0;1
0;1;0;0;?;5;27;0;1;0;0;1
0;1;0;0;?;5;32;0;1;?;0;1
0;1;0;0;?;9;31;0;1;?;0;1
0;1;0;0;?;6;29;0;1;0;0;1
0;?;0;0;?;6;21;0;1;0;0;1
0;?;0;0;0;6;21;0;1;0;0;1
0;?;0;0;0;6;26;0;1;0;0;1
0;?;0;0;0;6;11;0;1;0;0;1
0;?;0;0;0;6;11;0;1;0;0;1
0;?;0;0;0;8;17;0;1;0;0;1
0;?;0;0;0;8;17;0;1;0;0;1
0;?;0;?;0;8;27;0;1;0;0;1
0;?;0;?;0;3;33;0;1;0;0;1
0;?;0;?;0;9;17;0;1;0;0;1
0;?;0;?;0;7;21;0;1;0;0;1
0;?;0;?;0;7;21;0;1;0;0;1
0;1;0;?;0;6;35;0;1;0;0;1
0;1;0;?;0;6;19;0;1;0;0;1
0;1;0;?;0;6;35;0;1;0;0;1
0;1;0;?;0;6;35;0;1;0;0;1
0;1;0;?;0;7;29;0;1;0;0;1
0;1;0;?;0;6;28;0;1;0;0;1
0;1;0;?;0;6;52;0;1;1;0;1
0;1;0;?;0;6;52;0;1;1;0;1
0;1;0;0;0;6;52;0;1;1;0;1
0;?;0;0;0;4;34;0;1;1;0;1
0;?;1;0;0;3;35;0;1;1;0;1
0;?;1;0;0;7;41;0;1;1;0;1
0;?;1;0;0;7;?;0;0;1;0;1
0;?;1;0;0;7;?;0;0;1;0;1
0;0;1;0;0;6;?;0;0;1;0;1
0;1;1;0;0;4;?;0;0;1;0;1
0;1;1;0;0;5;?;0;0;1;0;1
0;1;0;0;0;7;?;1;0;1;0;1
0;1;0;0;0;7;?;1;0;1;0;1
0;1;0;0;0;7;?;1;?;1;0;1
0;1;0;?;0;4;?;1;?;1;0;1
0;1;0;?;0;4;?;1;?;1;0;1
0;1;0;?;0;4;?;1;?;1;0;1
0;1;0;?;0;7;?;1;?;1;0;1
0;1;0;?;0;7;22;?;?;1;0;1
0;1;0;?;0;5;35;1;?;1;0;1
0;1;0;?;0;7;26;1;?;1;0;?
0;1;0;?;0;4;33;1;?;1;0;?
0;1;0;?;0;4;33;1;?;1;0;?
0;1;0;?;0;6;30;1;?;1;0;?
0;1;0;0;0;8;17;1;?;1;0;?
0;1;0;0;0;6;?;1;?;1;0;?
0;1;0;0;0;6;?;1;?;1;0;?
0;1;0;0;0;6;28;1;0;1;0;1
0;1;0;0;0;6;32;1;0;1;0;1
0;1;0;0;0;5;46;1;0;1;0;1
0;1;0;0;0;6;31;1;0;1;0;1
0;1;0;0;0;6;31;1;0;1;0;1
0;1;0;0;0;6;31;1;0;1;0;1
0;1;0;0;0;5;31;1;0;1;0;1
0;1;0;0;0;7;22;1;0;1;0;1
0;1;0;0;0;9;35;1;0;1;0;1
0;1;0;0;0;6;30;1;0;1;0;1
0;1;0;0;0;6;30;1;0;1;0;1
0;1;0;0;0;7;31;1;0;1;0;1
0;1;0;0;0;5;26;1;0;1;0;1
0;1;0;0;0;6;31;1;0;1;0;1
0;1;0;0;0;6;31;1;0;1;0;1
0;1;0;0;0;9;25;1;0;1;0;1
0;1;0;0;0;6;29;1;0;1;0;1
0;1;0;0;0;6;50;1;0;1;0;1
0;1;0;0;0;6;50;1;0;1;0;1
0;1;0;0;0;6;50;1;0;1;0;1
0;1;0;0;0;7;24;1;0;1;0;1
0;1;0;0;0;6;31;1;0;1;0;1
0;1;0;0;0;8;34;1;0;1;0;1
0;1;0;0;0;8;35;1;0;1;0;1
0;1;0;0;0;8;35;1;0;1;0;1
0;1;0;0;0;4;30;1;0;1;0;1
0;1;0;0;0;5;40;1;0;1;0;1
0;1;0;0;0;5;28;1;0;0;0;1
0;1;0;0;?;5;31;1;0;0;0;1
0;1;0;0;?;5;31;1;0;0;0;1
0;1;0;0;?;5;36;1;0;0;0;1
0;1;0;0;?;7;32;?;0;0;0;1
0;1;0;0;0;8;23;?;0;0;0;1
0;1;0;0;0;?;23;?;0;0;0;1
0;1;0;0;0;?;23;?;0;0;0;1
0;1;0;0;0;?;30;?;0;0;0;1
0;1;0;0;0;?;33;?;0;0;0;1
0;1;0;0;0;?;28;?;0;0;0;1
0;1;0;0;0;?;?;?;0;0;0;1
0;1;0;0;0;?;?;0;0;0;0;1
0;1;0;0;0;?;?;0;0;?;0;1
-2001;1;0;0;0;?;?;0;1;?;0;1
0;1;0;0;-63104;?;?;0;1;0;0;0
0;1;0;0;-76560;?;-591;0;1;0;0;0
0;1;0;0;-76560;?;-591;0;1;0;0;0
0;1;0;0;-96947;-19;-270;0;1;0;0;0
0;1;0;0;-84013;-126;-761;0;1;0;0;0
0;1;0;0;-86739;-30;-68;0;1;0;0;0
0;1;0;0;-86739;-30;-68;0;1;0;0;0
1015;1;0;0;-100543;?;-196;0;1;0;0;0
1015;1;0;0;-100543;?;-196;0;1;0;0;0
0;1;0;0;-67483;?;-550;0;1;0;0;0
0;1;0;0;-72036;?;125;0;1;0;0;0
0;1;0;0;-72036;?;125;0;1;0;0;0
0;1;0;0;-75603;?;238;0;1;0;?;0
0;1;0;0;-79924;?;147;0;1;0;?;0
0;1;0;0;-82012;?;-245;0;1;0;?;0
0;1;0;0;-84332;?;-182;0;1;0;?;0
?;1;0;0;-68324;?;-424;0;1;0;?;0
?;1;0;0;-68324;?;-424;0;1;0;?;0
?;1;0;0;-66758;?;-691;0;1;0;?;0
?;1;0;0;-91640;?;-815;0;1;0;?;0
?;1;0;0;-91640;?;-815;0;1;0;?;0
?;1;0;0;-93264;-50;189;0;1;0;?;0
?;1;0;0;-83839;-50;-326;0;1;0;?;0
?;?;0;0;-83839;-50;-326;0;1;0;?;0
0;?;0;0;-84680;4;-668;0;1;0;?;0
-1015;?;0;0;-73196;-59;49;0;1;0;?;0
0;?;0;0;-89871;61;-446;0;1;0;0;0
0;?;0;0;-89871;61;-446;0;1;0;0;0
0;?;0;0;-82621;-63;-931;0;1;0;0;0
-1015;?;0;0;-87696;-72;-442;0;1;0;0;0
0;?;0;0;-86159;-89;-653;0;1;0;0;0
-1015;?;0;0;-93061;-149;-767;0;1;0;0;0
-1015;?;0;0;-93061;-149;-767;0;1;0;0;0
0;?;0;0;-95468;-164;-579;0;1;0;0;0
0;?;0;0;-97904;40;-581;0;1;0;0;0
0;?;0;0;-97904;40;-581;0;1;0;0;0
0;1;0;0;-57913;-71;-302;0;1;0;0;0
0;1;0;0;-57913;-71;-302;0;1;0;0;0
-1015;1;0;0;-69629;-204;-257;0;1;0;0;0
0;1;0;0;-86217;-125;-863;0;1;0;0;0
0;1;0;0;-67599;-81;-630;0;1;0;0;0
0;1;0;0;-81258;-223;-1110;0;1;0;0;0
0;1;0;0;-81258;-223;-1110;0;1;0;0;0
1015;1;0;0;-67657;-52;-362;0;1;0;0;0
0;1;0;0;-69716;-187;-296;0;1;0;0;0
0;1;0;0;-81751;-154;-523;0;1;0;0;0
-1015;1;0;0;-68991;15;-954;0;1;0;0;0
-1015;1;0;0;-68991;15;-954;0;1;0;0;0
0;1;0;0;-100224;-12;-275;0;1;0;0;0
0;1;0;0;-69223;-54;-686;0;1;0;0;0
0;1;0;0;-73602;-208;-238;0;1;0;0;0
0;1;0;0;-73602;-208;-238;0;1;0;0;0
0;1;0;0;-73602;-208;-238;0;1;0;0;0
0;1;0;0;-71485;-165;-244;0;1;0;0;0
0;1;0;0;-80156;-103;-212;0;1;0;0;0
-1015;1;0;0;-69919;25;-810;0;1;0;0;0
1015;1;0;0;-66004;-135;?;0;1;0;0;0
1015;1;0;0;-66004;-135;?;0;1;0;0;0
0;1;0;0;?;-79;?;0;1;0;0;0
0;1;0;0;?;-172;?;0;1;0;0;0
1015;1;0;0;?;-94;?;0;1;0;0;0
1015;1;0;0;?;-94;?;0;1;0;0;0
-1015;1;0;0;?;-91;-763;0;1;0;0;0
0;?;0;0;?;40;-273;0;1;0;0;0
0;?;0;0;?;-40;-191;0;1;0;0;0
0;?;0;0;0;-40;-191;0;1;0;0;0
0;?;0;0;0;-41;-195;0;1;0;0;0
0;?;0;0;0;-41;-195;0;1;0;0;0
0;?;0;0;0;-43;-180;0;1;0;1;0
0;?;0;0;0;-41;-184;0;1;0;1;0
0;?;0;0;0;-43;-189;0;1;0;1;0
0;1;0;0;0;-41;-192;?;1;0;1;0
0;1;0;0;0;-41;-192;?;1;0;1;0
0;1;0;0;0;-41;-187;?;1;0;1;0
0;1;0;0;0;-41;-182;?;1;0;1;0
0;1;0;0;0;-41;-189;?;1;0;1;?
0;?;0;0;0;-41;-189;?;1;0;1;?
0;?;0;0;0;-45;-198;?;1;0;1;?
0;?;0;0;0;-44;-185;?;1;0;1;?
0;?;0;0;0;-40;-187;?;1;0;1;?
0;?;0;0;0;-40;-187;?;1;0;1;?
0;1;?;0;0;-40;-187;?;1;0;1;?
0;1;?;0;0;-43;-197;?;1;0;1;?
0;1;?;0;0;-42;-184;?;1;0;1;?
0;1;?;0;0;-39;-190;?;1;0;1;?
0;1;?;0;0;-42;-201;?;1;0;1;0
0;1;?;0;0;-43;-200;0;1;0;1;0
0;1;?;0;0;-43;-200;0;1;0;1;0
0;1;?;0;0;-43;-200;?;1;0;1;0
0;1;?;0;0;183;89;0;1;0;1;0
-2030;1;0;0;82563;231;-29;0;1;0;1;0
-2030;1;0;0;82563;231;-29;0;1;0;1;0
1015;1;0;0;67512;83;323;0;1;0;1;0
-1015;1;0;0;71572;59;496;0;1;0;1;0
-1015;1;0;0;71572;59;496;0;1;0;1;0
0;1;0;0;83839;116;724;0;1;0;1;0
0;1;0;0;94192;167;628;0;1;0;1;0
0;1;0;0;94192;167;628;0;1;0;1;0
-1015;1;0;0;85115;143;689;0;1;0;1;0
-1015;1;0;0;?;200;422;0;1;0;1;0
1015;1;0;0;?;104;250;0;1;0;1;0
1015;1;0;0;?;104;250;0;1;0;1;0
0;1;0;0;?;197;805;0;1;0;1;0
1015;1;0;0;?;59;173;0;1;0;1;0
0;1;0;0;?;176;640;0;1;0;1;0
0;1;0;0;?;-1;123;0;1;0;1;0
0;1;0;0;?;-1;123;0;1;0;1;0
1015;1;0;0;71572;36;-37;0;1;0;1;0
-1015;1;0;0;69977;97;-169;0;1;0;1;0
0;1;0;0;77169;34;403;0;1;0;1;0
0;1;0;0;77169;34;403;0;1;0;1;0
0;1;0;0;77169;34;403;0;1;0;1;0
1015;1;0;0;87696;32;834;0;1;0;1;0
0;1;0;0;?;174;999;0;1;0;1;0
1015;1;0;0;?;-17;109;0;1;0;1;0
1015;1;0;0;?;14;-40;0;1;0;1;0
1015;1;0;0;?;14;-40;0;1;0;1;0
0;1;0;0;?;-10;91;?;1;0;1;0
1015;1;0;0;?;-45;0;?;1;0;1;0
0;1;0;0;?;71;479;?;1;0;1;0
0;1;0;0;?;71;479;?;1;0;1;0
1015;1;0;0;?;175;64;?;1;0;1;0
0;1;0;0;86478;41;-2;?;1;0;1;0
0;1;0;0;86478;41;-2;0;1;0;1;0
0;1;0;0;84796;36;-78;0;1;0;1;0
1015;1;0;0;77314;140;281;0;1;0;1;0
1015;1;0;0;77314;140;281;0;1;0;1;0
-1015;1;0;0;77488;94;130;0;1;0;1;0
0;1;0;0;88711;49;-101;0;1;0;1;0
0;1;0;0;85985;166;153;0;1;0;1;0
0;1;0;0;85985;166;153;0;1;0;1;0
0;1;0;0;80968;64;-18;0;1;0;1;0
0;1;0;0;81780;163;240;0;1;0;1;0
-1015;1;0;0;74994;55;103;0;?;0;1;0
-1015;1;0;0;74994;55;103;0;?;0;1;0
0;1;0;0;72239;46;113;0;?;0;1;0
0;1;0;0;68382;158;1086;0;?;0;1;0
0;1;0;0;80127;25;-36;0;1;?;1;0
0;1;0;0;80127;25;-36;0;1;?;1;0
0;1;0;0;68237;16;?;0;1;?;1;0
0;1;0;0;68701;8;?;0;1;?;1;0
0;1;0;?;68701;8;?;0;1;?;1;0
1015;1;0;?;85956;108;?;0;1;?;1;0
0;1;0;?;89320;3;?;0;1;?;1;0
0;1;0;?;70122;-49;?;0;1;?;1;0
-1015;1;0;?;86188;6;?;0;1;?;1;0
-1015;1;0;?;86188;6;?;0;1;0;1;0
0;1;0;?;66265;160;?;0;1;0;1;0
0;1;0;?;79141;38;?;0;1;0;1;0
1015;1;0;?;71572;18;?;0;1;0;1;0
1015;?;0;?;71572;18;?;0;1;0;1;0
-1015;?;0;?;74820;140;?;0;1;0;1;0
0;?;0;?;87638;-32;?;0;1;0;1;0
0;?;0;?;87638;-32;?;0;1;0;1;0
0;?;0;?;78184;33;-374;0;1;0;1;0
0;?;0;?;65917;91;726;0;1;0;1;0
0;?;0;?;65917;91;726;0;1;0;1;0
0;?;0;0;66526;91;546;0;1;0;1;0
0;?;0;0;77372;73;-119;0;1;0;1;0
0;1;0;0;95236;165;537;0;1;0;1;0
0;1;0;0;95236;165;537;0;1;0;1;0
0;1;0;0;72558;112;119;0;1;0;1;0
0;1;0;0;92365;161;1059;0;1;0;1;0
-2030;1;0;0;78213;172;-31;0;1;0;1;0
0;1;0;0;93960;-14;-135;0;1;0;1;0
0;1;0;0;93960;-14;-135;0;1;0;1;0
0;1;0;0;78648;-17;869;0;1;0;1;0
0;1;0;0;78648;-17;869;0;1;0;1;0
-1015;1;0;0;66787;94;123;0;1;0;1;0
0;1;0;0;69252;12;181;0;1;0;1;0
0;1;0;0;69252;12;181;0;1;0;1;0
0;1;0;0;80794;?;50;0;1;0;1;0
0;1;0;0;81867;?;118;0;1;0;1;0
1015;1;0;0;86188;?;499;0;1;0;1;0
0;1;0;0;65511;?;6;0;1;0;1;0
0;1;0;0;65511;?;6;0;1;0;1;0
-1015;1;0;0;85985;?;-26;0;1;0;1;0
1015;1;0;0;71108;?;199;0;1;0;1;0
0;?;0;0;84448;?;158;0;1;0;1;0
0;?;0;0;84448;?;158;0;1;0;1;0
-1015;?;0;0;85202;?;626;0;1;0;1;0
0;?;0;0;67251;?;1119;0;1;0;1;0
1015;?;0;0;84448;?;1045;0;1;0;1;0
1015;1;0;0;84448;?;1045;0;1;0;1;0
1015;1;0;0;80823;?;331;0;1;0;1;0
1015;1;0;?;80823;116;331;0;1;0;1;0
-1015;1;0;?;75081;106;214;0;?;0;1;0
0;1;0;0;89262;157;616;0;1;0;1;0
-2001;1;0;0;174;228;618;0;1;0;1;0
0;1;0;0;0;64;311;0;1;0;1;0
0;1;0;0;0;64;311;0;1;0;1;0
0;1;0;0;0;65;300;0;1;0;1;0
0;1;0;0;0;71;311;0;1;0;1;0
0;1;0;0;0;64;292;0;1;0;1;0
0;1;0;0;?;64;292;0;1;0;1;0
0;1;0;0;?;66;309;0;1;0;1;0
0;1;0;0;?;64;303;0;1;0;1;0
0;1;0;0;0;64;303;?;1;0;1;0
0;1;0;0;0;64;302;?;1;0;1;0
0;1;0;0;0;66;303;?;1;0;1;0
0;1;0;0;0;66;303;?;1;0;1;0
0;1;0;0;0;69;311;?;1;0;1;0
0;1;0;0;0;65;311;?;1;0;1;0
0;1;0;0;0;67;308;?;1;0;1;0
0;1;0;0;0;67;308;?;1;0;1;0
0;1;0;0;0;66;303;?;1;0;1;0
0;1;0;0;0;65;288;?;1;0;1;0
0;1;0;0;0;67;309;?;1;0;1;0
0;1;0;0;0;63;317;?;1;0;1;0
0;1;0;0;0;63;317;?;1;0;1;0
0;1;0;0;0;63;317;?;1;0;1;0
0;1;0;0;0;64;297;?;1;0;1;0
0;1;0;0;0;69;305;?;1;0;1;0
0;1;0;0;0;69;202;?;1;0;1;0
-29;1;0;0;-71891;-54;-560;?;1;0;1;0
-29;1;0;0;-71891;-54;-560;?;1;0;1;0
1015;1;0;0;-87145;-105;-238;?;1;0;1;0
0;1;0;0;-68556;-247;-671;?;1;0;1;0
0;1;0;0;-81693;-161;-453;0;1;0;1;0
0;1;0;0;-81693;-161;-453;0;1;0;1;0
1015;1;0;0;-84013;-93;-377;0;1;?;1;0
0;1;0;0;-85956;-98;-20;0;1;?;1;0
0;1;0;0;-67512;-69;-655;0;1;?;1;0
0;1;0;0;-87812;-88;23;0;1;?;1;0
0;1;0;0;-87812;-88;23;0;1;?;1;0
0;1;0;0;-82795;-171;-133;0;1;0;1;0
0;1;0;0;-82795;-171;-133;0;1;0;1;0
0;1;0;0;-75400;-31;-385;0;1;0;1;0
0;1;0;0;-106894;-57;-39;0;1;0;1;0
0;1;0;0;-106894;-57;-39;0;1;0;1;0
0;1;0;0;-100398;-123;-27;0;1;0;1;0
0;1;0;0;-67744;-180;-792;0;1;0;1;0
0;1;0;0;-71514;-77;-936;0;1;0;1;0
-1015;1;0;0;-85028;-8;-430;0;1;0;1;0
-1015;1;0;0;-85028;-8;-430;0;1;0;1;0
0;1;0;0;-79692;-203;-483;0;1;0;1;0
0;1;0;0;-93641;-83;-1022;0;1;0;1;0
1015;1;0;0;-70644;-73;-97;0;1;0;1;0
1015;1;0;0;-70644;-73;-97;0;1;0;1;0
0;1;0;0;-75661;-24;-439;0;1;0;1;0
0;1;?;0;-75661;-24;-439;0;1;0;1;0
-1015;1;?;0;-102805;127;-267;0;1;0;1;0
0;1;?;0;-99296;-125;-349;0;1;0;1;0
1015;1;?;0;-69368;38;-447;0;1;0;1;0
1015;1;?;0;-69368;38;-447;0;1;0;1;0
1015;1;?;0;-74008;-127;-1;0;1;?;1;?
-1015;1;?;0;-58464;-174;-569;0;1;?;?;?
0;1;?;0;-95729;-137;-574;0;1;0;?;?
1015;1;?;0;-83752;5;14;0;1;0;?;?
1015;1;?;0;-83752;5;14;0;1;0;?;?
0;1;?;0;-88885;-62;-463;0;1;0;?;?
?;1;?;0;-68382;-111;18;0;1;0;?;?
?;1;?;0;-71398;0;-144;0;1;0;?;0
?;1;?;0;-63220;-35;-727;0;1;0;?;0
0;1;0;0;-63220;-35;-727;0;?;0;?;0
0;1;0;0;-63220;-35;-727;0;?;0;?;0
0;1;0;0;-70992;-38;-47;0;?;0;?;0
0;1;0;0;-87203;-64;-628;0;?;0;?;0
0;1;0;0;-93931;-62;-426;0;?;0;?;0
-1015;1;0;0;-72471;-88;-142;0;1;0;?;0
-1015;1;0;0;-72471;-88;-142;0;1;0;1;0
1015;1;0;0;-75400;-56;80;0;1;0;1;0
?;1;0;0;-91930;-87;-606;0;1;0;1;0
?;1;0;0;-71920;24;-66;0;1;0;1;0
?;1;0;0;-71920;24;-66;0;1;0;1;0
?;1;0;0;-97875;-88;289;0;1;0;1;0
?;1;?;0;-72877;58;-784;0;1;0;1;?
?;1;?;0;-74559;1;157;0;1;0;1;?
?;1;?;0;-75284;-164;-219;0;1;0;1;?
?;1;?;0;-75284;-164;-219;0;1;0;1;?
?;1;?;0;-75284;-164;-219;0;1;0;1;?
?;1;?;0;-90451;3;23;0;1;0;1;?
?;1;?;0;-85695;-196;204;0;1;0;1;?
?;1;?;0;-85695;-21;-696;0;1;0;1;?
?;1;?;0;-85695;-21;-696;0;1;0;1;?
?;1;?;0;-72935;-120;-303;0;1;0;1;?
?;1;?;0;-68904;-156;-215;0;1;0;1;?
?;1;?;0;-68933;-50;-865;?;1;0;1;?
?;1;?;0;-68933;-50;-865;?;1;0;1;0
?;1;?;0;-94337;-47;-76;?;1;0;1;0
?;1;?;?;-9715;-111;-366;?;1;0;1;0
?;1;0;?;-17313;-34;-136;?;1;0;1;0
?;1;0;?;0;-33;-161;?;1;0;1;0
?;1;0;?;0;-33;-161;?;1;0;1;0
?;1;0;?;0;-34;-158;?;1;0;0;0
?;1;0;?;0;-34;-138;?;1;0;0;0
?;1;0;?;0;-34;-138;?;1;0;0;?
?;1;0;?;0;-33;-146;?;1;0;0;?
0;1;0;?;0;-33;-146;?;1;0;0;?
0;1;0;?;0;-31;-150;?;1;0;0;?
0;1;0;?;0;-32;-153;?;?;0;0;?
0;1;0;1;0;-32;-157;?;?;0;0;?
0;1;0;1;0;-32;-157;?;?;0;0;?
0;1;0;1;0;-35;-153;?;?;0;0;?
0;1;0;1;0;-34;-144;?;?;0;0;?
0;1;0;1;0;-32;-138;?;?;0;0;?
0;1;0;1;0;-32;-148;0;?;0;0;?
0;1;0;1;0;-32;-148;0;?;0;0;?
0;1;0;1;0;-29;-145;0;1;0;0;?
0;1;0;1;0;-36;-161;0;1;0;?;?
0;1;0;1;0;-34;-144;0;1;0;?;0
0;1;0;1;0;-34;-145;0;1;0;?;0
0;1;0;1;0;-34;-145;0;1;0;?;0
0;?;0;1;0;-34;-145;?;1;0;?;0
0;?;0;1;0;-31;-148;?;1;0;?;0
0;?;0;1;0;-31;-144;?;1;0;?;0
0;?;0;1;0;-32;-135;?;1;0;?;0
0;?;0;1;0;-35;-145;?;1;0;?;0
0;?;0;1;0;-35;-145;?;1;0;?;0
0;?;0;1;0;-33;-146;?;1;0;?;0
0;?;0;1;0;-33;-148;?;1;0;0;0
0;?;0;1;0;-34;-134;?;1;?;0;0
0;?;0;1;0;-33;-138;?;1;?;0;0
0;?;0;1;0;-33;-138;?;1;?;0;0
0;1;0;1;0;-27;-140;?;1;?;0;0
0;1;0;1;0;-27;-140;0;1;?;0;0
0;1;?;1;0;-32;-145;0;1;?;0;0
0;1;?;1;0;-30;-145;0;1;?;0;0
0;1;?;1;0;-30;-145;0;1;?;0;0
0;1;?;1;0;-29;-142;0;1;?;0;0
0;1;?;1;0;-34;-157;0;1;0;0;0
0;1;?;1;0;-30;-154;0;1;0;0;?
0;1;0;1;0;-35;-152;0;1;0;0;?
0;1;0;1;0;-35;-152;0;1;0;0;?
0;1;0;1;0;-33;-158;0;1;0;0;?
0;1;0;1;0;-31;-142;0;1;0;0;?
?;1;0;1;0;-33;-144;0;1;0;0;?
?;1;0;1;0;-36;-150;0;1;0;0;0
?;1;0;1;0;-36;-150;0;1;0;0;0
?;1;0;1;0;-33;-151;0;1;0;0;0
?;1;0;1;0;-28;-127;0;1;0;0;0
?;1;0;1;0;-28;-127;0;1;0;0;0
?;1;0;1;0;-28;-127;0;1;0;0;0
?;1;0;1;0;-30;-151;0;1;0;0;0
?;1;0;1;0;-33;-145;0;1;0;0;0
?;1;0;1;0;-31;-144;0;1;0;0;0
?;1;0;1;0;-34;-161;0;1;0;0;0
?;1;0;1;0;-34;-144;0;1;0;0;0
?;1;0;1;0;-34;-144;0;1;0;0;0
?;1;0;1;0;-39;-136;0;1;0;0;0
?;1;0;1;0;-30;-156;0;1;0;0;0
0;1;0;1;0;-33;-157;0;1;?;0;0
0;1;0;1;0;-33;-157;0;1;?;0;0
0;1;0;1;0;-34;-153;0;1;?;0;0
0;1;0;1;0;-31;-159;0;1;?;0;0
0;1;0;1;0;-31;-159;0;1;?;0;0
0;1;0;1;0;-32;-160;0;1;?;0;0
0;1;0;1;0;-33;-150;0;1;?;0;0
0;1;0;1;0;-33;-150;0;1;0;0;0
0;1;0;1;0;-33;-153;0;1;0;0;0
0;1;0;1;0;-35;-164;0;1;0;0;0
0;1;0;1;0;-33;-145;0;1;0;0;0
0;1;0;1;0;-31;-142;0;1;0;0;0
0;1;?;1;0;-31;-142;0;1;0;0;0
0;1;?;1;0;-32;-152;0;1;0;0;0
0;1;?;1;0;-33;-153;0;1;0;0;0
0;1;?;1;0;-32;-155;0;1;0;0;0
0;1;0;1;0;-32;-155;0;1;0;0;0
0;1;0;1;0;-35;-140;0;1;0;0;0
0;1;0;1;0;-35;-140;0;1;0;0;0
0;1;0;1;0;-32;-153;0;1;0;0;0
0;1;0;1;0;-30;-138;0;1;0;0;0
0;1;0;1;0;-30;-138;0;1;0;0;0
0;1;0;1;0;-33;-150;0;1;0;0;0
0;1;0;1;0;-32;-149;0;1;0;0;0
0;1;0;1;0;-32;-148;0;1;0;0;0
0;1;0;1;0;-35;-141;0;1;0;0;0
0;1;0;1;0;-35;-141;0;1;0;0;0
0;1;0;1;0;-29;-140;0;1;0;0;0
0;1;0;1;0;-33;-128;0;1;0;0;0
0;1;0;1;0;-33;-148;0;1;0;0;0
0;1;0;1;0;-33;-136;0;1;0;0;0
0;1;0;1;0;-33;-136;0;1;0;0;0
0;1;0;1;0;-33;?;0;1;0;0;0
0;1;0;1;0;-33;?;0;1;0;0;0
0;1;0;1;0;-33;?;0;1;0;0;0
0;1;0;1;0;-33;?;0;1;0;0;0
0;1;0;1;0;-33;?;0;1;0;0;0
0;1;0;1;0;-29;?;0;1;0;0;?
0;1;0;1;0;-33;?;0;1;0;0;?
0;1;0;1;0;-33;?;0;1;0;0;?
0;1;0;1;0;-32;?;0;1;0;0;?
0;1;0;1;0;-32;?;0;1;0;0;?
0;1;0;1;0;-31;?;0;1;0;0;0
0;1;0;1;0;-34;?;0;1;0;0;0
0;1;0;1;0;-33;-142;0;1;0;0;0
0;1;0;1;0;-32;-152;0;1;0;0;0
0;1;0;1;0;-32;-152;0;1;0;0;0
0;1;0;1;0;-32;-152;0;1;0;0;0
0;1;0;1;0;-31;-144;0;?;0;0;0
0;?;0;1;0;-34;-152;0;?;0;0;0
0;?;0;1;0;-34;-157;0;?;0;0;0
0;?;0;1;0;-34;-157;0;?;0;0;0
0;?;0;1;0;-30;-153;0;?;0;0;0
0;?;0;1;0;-35;-156;0;?;0;0;0
0;?;0;1;0;-34;-140;0;?;0;0;0
0;?;0;1;0;-33;-148;0;?;0;0;0
0;?;0;1;0;-33;-148;0;?;0;0;0
0;?;0;1;0;-31;-146;0;?;0;0;0
0;?;0;1;0;-30;-146;0;?;0;0;0
0;?;0;1;0;-31;-149;0;1;1;0;0
0;1;0;1;0;-31;-149;0;1;1;0;0
0;1;0;1;0;-34;-156;0;1;1;0;0
0;1;0;1;0;-34;-156;0;1;1;0;0
0;1;1;1;0;-33;-142;0;1;1;0;0
0;1;1;1;0;-34;-142;0;1;1;0;0
0;1;1;1;0;-34;-142;0;1;1;0;0
0;1;1;1;0;-34;-140;0;1;1;0;0
0;0;1;1;0;-33;-157;0;0;1;0;0
0;1;1;1;0;-33;-161;0;0;1;0;?
0;1;1;1;0;-33;-150;0;0;1;0;?
0;1;1;1;0;-33;-150;0;0;1;0;?
0;1;0;1;0;-30;-161;1;0;1;0;?
0;1;0;1;0;-32;-157;1;0;1;0;?
0;1;0;1;0;-32;-150;1;0;1;0;?
0;1;0;1;0;-32;-150;1;0;?;0;?
0;1;0;1;0;-31;-167;1;0;?;0;0
0;1;0;1;0;-31;-167;1;0;?;0;0
0;1;0;1;0;-28;?;1;0;?;0;0
0;1;0;1;0;-31;?;1;0;?;0;0
0;1;0;1;0;-31;?;1;0;?;0;0
0;1;0;1;0;-32;?;1;0;?;0;0
0;1;0;1;0;-35;?;1;0;?;0;0
0;1;0;1;0;-35;?;1;0;?;0;0
0;1;0;1;0;-33;?;1;0;?;0;0
0;1;0;1;0;-33;?;1;0;?;0;0
0;1;0;1;0;-33;-146;1;0;?;0;0
0;1;0;1;0;-30;-146;1;0;?;0;?
0;1;0;1;0;-33;-132;1;0;?;0;?
0;1;0;1;0;-34;-148;1;0;?;0;?
0;1;0;1;0;-34;?;1;0;1;0;?
0;1;0;1;0;?;?;1;0;1;0;?
0;1;0;1;0;?;?;1;0;1;0;?
0;1;0;1;0;?;?;1;0;1;0;?
0;1;0;1;0;?;?;1;0;1;0;?
?;1;0;1;0;?;?;1;0;1;0;?
?;1;0;1;0;?;?;1;0;1;0;?
?;1;0;1;0;?;?;1;0;1;0;?
?;1;0;1;0;-33;?;1;0;1;0;?
?;1;0;1;0;-28;?;1;0;1;0;0
?;1;0;1;0;-28;-146;1;0;1;0;0
?;1;0;1;0;-34;-153;1;0;1;0;0
?;1;0;1;0;-30;-166;1;0;1;0;0
?;1;0;1;0;-30;-140;1;0;1;0;0
?;1;0;1;0;-31;-156;1;0;1;0;0
?;1;0;1;0;-31;-156;1;0;1;0;0
?;1;0;1;0;-34;-148;1;0;1;0;0
0;1;0;1;0;-35;-152;1;0;1;0;0
0;1;0;1;0;-32;-140;1;0;1;0;0
0;1;0;1;0;-32;-140;1;0;1;0;0
0;1;0;1;0;-33;-152;1;0;1;0;0
0;1;0;1;0;-33;-152;?;0;1;0;0
0;1;0;1;0;-31;-153;?;0;1;0;0
0;1;0;1;0;-30;-131;1;0;1;0;0
0;1;0;1;0;-31;-150;1;0;0;?;0
0;1;0;1;0;-31;-150;1;0;0;?;0
0;1;0;1;0;-35;-152;1;0;0;?;0
0;1;0;1;0;-31;-170;1;0;0;?;0
0;1;0;1;0;-31;-157;1;0;0;?;0
0;1;0;1;0;-31;-157;1;0;0;?;0
0;1;0;1;0;-28;-138;1;0;0;?;0
0;1;0;1;0;-29;-140;1;0;0;?;?
0;?;0;1;0;?;-148;0;0;0;?;?
0;?;0;1;0;?;-148;0;0;0;?;?
0;?;0;1;0;?;-142;0;0;0;?;?
0;?;0;1;0;?;-142;0;0;0;0;0
0;?;0;1;0;?;-153;0;0;0;0;0
-2001;?;0;1;-35090;-32;225;0;1;0;0;0
-2001;?;0;0;-58261;-201;-841;0;1;0;0;0
0;?;0;0;-98977;-115;-456;0;1;0;0;0
0;1;0;0;-98977;-115;?;0;1;0;0;0
0;1;0;0;-65946;-119;?;0;1;0;0;0
1015;1;0;0;-89552;-123;?;0;1;0;0;0
0;1;0;0;-82505;-122;?;0;1;0;0;0
0;1;0;0;-82505;-122;?;0;1;0;0;?
0;1;0;0;-74733;-200;?;0;1;0;0;?
0;1;0;0;-84477;-177;?;0;1;0;0;?
0;1;0;0;-67164;-169;?;0;1;0;0;?
0;1;0;0;-67164;-169;?;0;1;0;0;0
0;1;0;0;-95555;-119;?;0;1;0;0;0
0;1;0;0;-95555;-119;?;0;1;0;0;0
0;1;0;0;-67860;-190;?;0;1;0;0;0
0;1;0;0;-90596;-175;?;0;1;0;0;0
0;1;0;0;-67512;-168;?;0;1;0;0;0
0;1;0;0;-67512;-168;-653;0;1;0;0;0
0;1;0;0;-75284;-166;-72;0;1;0;0;0
0;1;0;0;-76038;-32;-102;0;1;0;?;0
1015;1;0;0;?;-109;-889;0;1;0;?;0
-1015;1;0;0;?;-218;-773;0;1;0;?;0
-1015;1;0;0;?;-218;-773;0;1;0;?;0
-1015;1;0;0;-72297;13;-387;0;1;0;?;0
0;1;0;0;-84477;-30;-321;0;1;0;?;0
0;1;0;0;-84477;-30;-321;0;1;0;?;0
0;1;0;0;-100166;-107;-967;0;1;0;?;0
0;1;0;0;-83056;-173;-907;0;1;0;?;0
0;1;0;0;-83056;-173;-907;0;1;0;?;0
0;1;0;0;-95700;-198;-959;?;1;0;?;0
-1015;1;0;0;-72674;-187;-768;?;1;0;?;0
-1015;1;0;0;-68295;-116;-149;?;1;0;?;0
-1015;1;0;0;-68295;-116;-149;?;1;0;0;0
0;1;0;0;0;41;-895;?;1;0;0;0
0;1;0;0;0;-41;-168;?;1;0;0;0
0;1;0;0;0;-41;-184;?;1;0;0;0
0;1;0;0;0;-41;-186;?;1;0;1;0
0;1;0;0;0;-41;-186;?;1;0;1;0
0;1;0;0;0;-41;-193;0;1;0;1;0
0;1;0;0;0;-39;-182;0;1;0;1;0
0;1;0;0;0;-39;-182;0;1;0;1;0
0;1;0;0;0;-40;-189;0;1;0;1;0
0;1;0;0;0;-40;-189;0;1;0;1;0
0;1;0;0;0;-38;-166;0;1;0;1;0
0;1;0;0;0;-41;-179;0;1;0;1;0
0;1;0;0;0;-38;?;0;1;0;1;0
0;?;0;0;0;-40;?;0;1;0;1;0
0;?;0;0;0;?;?;0;1;0;1;0
0;?;0;0;0;-36;?;0;1;0;1;0
0;?;0;0;0;-43;?;0;1;0;1;0
0;?;0;0;0;-39;?;0;1;0;1;0
0;?;0;0;0;-40;?;0;1;0;1;0
0;?;0;0;0;-40;?;0;1;0;1;0
0;?;0;0;0;-35;?;0;1;0;1;0
0;?;0;0;0;-41;?;0;1;0;1;0
0;1;0;0;0;-40;?;0;1;0;1;0
0;1;0;0;0;-40;?;0;1;0;1;0
0;1;0;0;0;-40;?;0;1;0;1;0
0;1;0;0;0;-39;?;0;1;0;1;0
0;1;0;0;0;65;?;0;1;0;1;0
1015;1;0;0;82099;83;?;0;1;0;1;0
-1015;1;0;0;88769;214;973;0;1;0;1;0
-1015;1;0;0;88769;214;973;0;1;0;1;0
0;1;0;0;71108;121;649;0;1;0;1;0
0;1;0;0;76183;220;530;0;1;0;1;0
0;1;0;0;88566;108;759;0;1;0;1;0
0;1;0;0;88566;108;759;0;1;0;1;0
0;1;0;0;89726;196;112;0;1;0;1;0
0;1;0;0;68324;219;716;0;1;0;?;0
0;1;0;0;57275;50;481;0;1;?;?;0
0;1;0;0;57275;50;481;0;1;?;?;0
1015;1;0;0;67396;220;249;0;1;?;?;0
1015;1;0;0;67396;220;249;0;1;?;?;0
0;1;0;0;89320;62;459;0;?;?;?;0
0;1;0;0;66236;-32;354;0;?;?;?;0
-1015;1;0;0;68788;123;187;0;?;?;?;0
-1015;1;0;0;68788;123;187;0;?;0;?;0
?;1;0;0;90683;151;169;0;?;0;1;0
?;1;0;0;89436;3;332;0;?;0;1;0
?;1;0;0;54346;135;-110;0;?;0;1;0
?;1;0;0;70180;66;155;0;?;0;1;0
?;1;0;0;70180;66;155;0;?;0;1;0
?;1;0;0;70992;84;188;0;?;0;1;0
0;1;0;0;60349;-14;702;0;?;0;?;?
0;1;0;0;60349;-14;702;0;?;0;1;?
0;1;0;0;93728;111;826;0;?;0;1;?
-1015;1;0;0;74356;74;111;0;?;0;1;?
-1015;1;0;0;74356;74;111;0;1;0;1;?
1015;1;0;0;65308;-65;788;0;1;0;1;?
0;1;0;0;90712;235;-49;0;1;0;1;?
0;1;0;0;94482;22;475;0;1;0;1;?
0;1;0;0;94482;22;475;0;1;0;1;?
0;1;0;0;66323;143;324;0;1;0;1;0
0;1;0;0;73428;3;156;0;1;0;1;0
1015;1;0;0;85550;58;75;0;1;0;1;0
-1015;1;0;0;90596;109;881;0;1;0;1;0
-1015;1;0;0;90596;109;881;0;1;0;1;0
-1015;1;0;0;94482;117;456;0;1;?;1;0
0;1;0;0;75023;-69;328;0;1;?;1;0
0;1;0;0;?;-69;328;0;1;?;1;0
0;1;0;0;?;67;371;0;1;?;1;0
1015;1;0;0;?;14;319;0;1;?;1;0
1015;1;0;0;?;14;319;0;1;?;1;0
?;1;0;0;?;56;249;0;1;?;1;0
?;1;0;0;?;128;275;0;1;?;1;0
?;1;0;0;99644;112;47;0;1;?;1;0
?;1;0;0;73167;63;42;0;1;?;?;0
?;1;0;0;73167;63;42;0;1;?;?;0
?;1;0;0;65540;38;249;0;1;?;?;0
?;1;0;0;68788;77;193;0;1;0;?;0
?;1;0;0;83027;28;33;0;1;0;?;0
?;1;0;0;83027;28;33;0;1;0;?;0
-1015;1;0;0;99760;121;702;0;1;0;?;?
-1015;1;0;0;99760;121;702;0;1;0;?;?
-1015;1;0;0;79692;94;155;0;1;0;?;?
-1015;1;0;0;92307;16;-312;0;1;0;?;?
0;1;0;0;73834;95;-137;0;1;0;?;?
0;1;0;0;73834;95;-137;0;1;0;?;?
1015;1;0;0;72558;-26;152;0;1;0;?;?
-1015;1;0;0;95845;89;431;0;1;0;?;?
0;1;0;0;72442;31;-216;0;1;0;1;?
0;1;0;0;72442;31;-216;0;1;0;1;?
0;1;0;0;81432;-42;-236;0;?;0;1;?
0;1;0;0;87609;3;253;0;?;0;1;?
0;1;0;0;74443;1;24;0;?;0;1;?
0;1;0;0;70934;133;589;0;?;0;1;0
0;1;0;0;70934;133;589;0;?;0;1;0
-1015;1;0;0;68527;26;120;0;?;0;1;0
-1015;1;?;0;68527;26;120;0;?;0;1;0
0;1;?;0;93264;49;-701;0;?;0;1;0
0;1;?;0;78300;-137;-74;0;?;0;1;0
0;1;0;?;97701;-188;-799;0;1;0;1;0
0;1;0;?;97701;-188;-799;0;1;0;1;0
1015;1;0;?;88479;41;-465;0;1;0;?;0
-1015;?;0;?;77343;65;179;0;1;0;?;0
0;?;0;?;60900;47;168;0;1;0;?;0
0;?;0;?;60900;47;168;0;1;0;?;0
1015;?;0;?;97092;0;-10;0;1;0;?;0
-1015;?;0;?;74617;46;-44;0;1;0;?;0
0;?;0;?;63365;110;1003;0;1;0;?;0
-1015;?;0;?;56898;4;696;0;1;0;?;0
-1015;?;0;?;56898;4;696;0;1;0;?;0
-1015;1;0;?;56898;4;696;0;1;0;?;0
0;1;0;?;71543;48;436;0;1;0;?;0
1015;1;0;?;77227;112;265;0;1;0;1;0
0;1;0;0;76357;130;235;0;1;0;1;0
0;1;0;0;76357;130;235;0;1;0;1;0
0;1;0;0;72674;99;213;0;1;0;1;0
1015;1;0;0;93873;19;260;0;1;0;1;0
1015;1;0;0;80272;129;235;0;1;0;1;0
0;1;0;0;91234;162;959;0;1;0;1;0
0;1;0;0;91234;162;959;0;1;0;1;0
0;1;0;0;91988;171;857;0;1;0;1;0
0;1;0;0;89204;159;?;0;1;0;1;0
0;1;0;0;89204;159;?;0;1;0;1;0
-1015;1;0;0;70412;23;?;0;1;0;?;0
-1015;1;0;0;70412;23;?;0;1;0;?;0
1015;1;?;0;92394;227;?;0;1;0;?;0
0;1;?;0;31552;191;?;0;1;0;1;0
0;1;?;0;31552;191;-82;0;1;0;1;0
0;1;?;0;0;86;397;0;1;0;1;0
0;1;?;0;0;86;397;0;1;0;1;0
0;1;?;0;0;84;393;0;1;0;1;0
0;1;?;0;0;84;407;0;1;0;1;0
0;1;?;0;0;86;393;0;1;0;1;0
0;1;?;0;0;89;384;0;1;0;1;0
0;1;?;0;0;89;384;0;1;0;1;0
0;1;?;0;0;88;379;0;1;0;1;0
0;1;?;0;0;88;389;0;1;0;1;0
0;1;?;0;0;84;383;0;1;0;1;0
0;1;0;0;0;84;383;0;1;0;1;0
0;1;0;0;0;84;383;0;1;0;1;0
0;1;0;0;0;86;385;0;1;0;1;0
0;1;0;0;0;83;387;0;1;0;1;0
0;1;0;0;0;84;401;0;1;0;1;0
0;1;0;0;0;84;401;0;1;0;1;0
0;1;0;0;0;87;399;0;1;0;1;0
0;1;0;0;0;89;406;0;1;0;1;0
0;1;0;0;0;83;401;0;1;0;1;0
0;1;0;0;0;84;395;0;1;0;1;0
0;1;0;0;0;84;395;0;1;0;1;0
0;1;0;0;0;84;385;0;1;0;1;0
-3016;1;0;0;0;-152;399;0;1;0;1;0
0;?;0;0;-80446;-73;-1075;0;1;?;1;0
0;1;0;0;-80446;-73;-1075;0;1;?;1;0
0;1;0;0;-74240;-205;-198;0;1;?;1;0
0;1;0;0;-74240;-205;-198;0;1;?;1;0
-1015;1;0;0;-58145;-105;-841;0;1;?;1;0
0;1;0;0;-73428;3;-937;0;1;?;1;0
0;1;0;0;-54955;-249;-140;0;1;?;1;0
0;1;0;0;-54955;-249;-140;0;1;?;1;0
0;1;0;0;-62234;-176;-91;0;1;?;1;0
0;1;0;0;-98339;-143;-678;0;1;?;1;0
-1015;1;0;0;-76415;-200;-1107;0;1;?;1;0
1015;1;0;0;-81867;-65;284;0;1;?;1;0
1015;1;0;0;-81867;-65;284;0;1;?;1;0
0;1;0;0;-84825;-1;-431;0;1;?;?;0
0;1;0;0;-86913;-39;108;0;1;?;?;0
0;1;0;0;-85695;-42;14;0;1;?;?;0
0;1;0;0;-85695;-42;14;0;1;?;?;0
0;1;0;0;-85695;-42;14;0;1;?;?;0
0;1;0;0;-88566;-45;-422;0;1;?;?;0
-1015;1;0;0;-85927;-95;-216;0;1;?;?;0
0;1;0;0;-93380;-8;-144;0;1;?;?;0
0;1;0;0;-69948;22;-488;0;1;0;?;0
0;1;0;0;-69948;22;-488;0;1;0;1;0
-1015;1;0;0;-76154;-35;218;0;1;0;1;0
0;1;0;0;-97121;-69;-360;0;1;0;?;0
-1015;1;0;0;-81403;-94;-416;0;1;0;?;0
-1015;1;0;0;-81403;-94;?;0;1;0;?;0
0;1;0;0;-68962;-101;?;0;1;0;?;0
1015;1;0;0;-93728;27;?;0;1;0;?;0
-1015;1;0;0;-68382;-42;?;0;1;0;?;0
0;1;0;0;-94540;88;?;0;1;0;?;?
0;1;0;0;-94540;88;?;0;1;0;?;?
0;1;0;0;?;-144;?;0;1;0;?;?
0;1;0;0;?;-144;?;0;1;0;?;?
0;1;0;0;?;-37;?;0;1;0;?;0
0;1;0;0;?;-26;?;0;1;0;?;0
0;1;0;0;?;-26;?;0;1;0;?;0
0;1;0;0;?;-1;1;0;1;0;?;0
0;1;0;0;0;-5;-6;0;1;0;?;1
0;1;0;0;0;-6;-16;0;1;0;0;1
0;1;0;0;0;-2;-8;0;1;0;0;1
?;1;0;0;0;-2;-8;0;1;0;0;1
?;1;0;0;0;-4;-22;0;1;0;0;1
?;?;0;0;0;-2;-16;0;1;0;0;1
0;?;0;0;0;-3;3;0;1;0;0;1
0;?;0;0;0;-3;3;0;1;0;0;1
0;?;0;0;0;-3;3;0;1;0;0;1
0;?;0;0;0;-1;-22;0;1;0;0;1
0;?;0;0;0;-3;-6;0;1;0;0;1
0;?;0;0;0;-3;-8;0;1;0;0;1
0;?;0;0;0;-4;8;0;1;0;0;1
0;?;0;0;0;-4;8;0;1;0;0;1
0;?;0;0;0;-2;-10;0;1;?;0;1
0;?;0;0;0;-2;-20;0;1;?;0;1
0;?;0;0;0;-1;-19;0;1;?;0;1
?;?;0;0;0;-1;-19;0;1;?;0;1
?;?;0;0;0;-3;-15;0;1;?;0;1
?;?;0;0;0;0;-17;0;1;?;0;1
0;1;0;0;0;-5;1;0;1;?;0;1
0;1;0;0;0;-3;-22;0;1;?;0;1
0;1;0;0;0;-3;-22;0;1;?;0;1
0;1;0;0;0;-3;-22;0;1;?;0;1
0;1;0;0;0;-3;-8;0;1;?;0;1
0;1;0;0;0;-3;-35;0;1;?;0;1
0;1;0;0;0;-3;-6;0;1;0;0;1
0;1;0;0;0;-2;-17;0;1;0;0;1
0;1;0;0;0;?;-17;0;1;0;0;1
0;1;0;0;0;?;-18;0;1;0;0;1
?;1;0;0;0;?;-13;0;1;0;0;1
?;1;0;0;0;?;-35;0;1;0;0;1
?;1;0;0;0;-5;-18;0;1;0;0;1
0;1;0;0;0;-5;?;0;1;0;0;1
0;1;0;0;0;-3;?;0;1;0;0;1
0;1;0;0;0;-3;?;0;1;0;?;1
0;1;0;0;0;-5;?;0;1;0;?;1
0;1;0;0;0;-1;?;0;1;0;?;1
0;1;?;0;0;-1;?;0;1;0;?;?
0;1;0;0;0;-1;?;0;1;0;?;?
0;1;0;0;0;-1;?;0;1;0;?;1
0;1;0;0;0;-5;?;0;1;0;?;1
0;1;0;0;0;0;?;0;1;0;?;1
0;1;0;0;0;0;?;0;1;0;?;1
0;1;0;0;0;-2;?;0;1;0;?;1
0;1;0;0;0;-1;?;0;1;0;?;1
0;1;0;0;0;-1;0;0;1;0;?;1
0;1;0;0;0;-3;-6;0;1;0;?;1
0;1;0;0;0;-3;-6;0;1;0;?;1
0;1;0;0;0;-3;-18;0;1;0;0;1
0;1;0;0;0;0;-10;0;1;0;0;1
0;1;0;0;0;-4;-8;0;1;0;0;1
0;1;0;0;0;-4;-8;0;1;0;0;1
0;1;0;0;?;1;-13;0;1;0;0;1
0;1;0;0;?;-3;-17;0;1;0;0;1
0;1;0;0;?;-3;-17;0;1;0;0;1
0;1;0;0;?;-4;-4;0;1;0;0;1
0;1;0;0;?;-3;-22;0;1;0;0;1
0;1;0;0;?;-3;-22;0;1;0;0;1
0;1;0;0;?;-3;-4;0;1;0;0;1
0;1;0;0;?;-3;-15;0;1;0;0;1
0;1;0;0;?;-2;-2;0;1;0;0;1
0;1;0;0;?;-3;-24;0;1;0;0;1
0;?;0;0;?;-3;-24;0;1;0;0;1
0;?;0;0;0;-1;-16;0;1;0;0;1
0;1;0;0;0;-3;8;0;1;0;0;1
0;1;0;0;0;-3;-20;0;1;0;0;1
0;1;0;0;0;-3;-20;0;1;0;0;1
0;1;0;0;0;-3;-11;0;1;0;0;1
0;1;0;0;0;-4;-24;0;1;0;0;1
0;1;0;0;0;-4;-24;0;1;0;0;1
0;1;0;0;0;1;-6;0;1;0;0;1
0;1;0;0;0;-3;-23;0;1;0;0;1
0;1;0;0;0;-3;-23;0;1;0;0;1
0;1;0;0;0;-3;-8;0;1;0;0;1
0;1;0;0;0;-4;-17;0;1;0;0;?
0;1;0;0;0;-1;-21;0;1;0;0;?
0;1;0;0;0;-4;-26;0;1;0;0;?
0;1;0;0;0;-4;-26;0;1;0;0;?
0;1;0;0;0;0;-16;0;1;0;0;?
0;1;0;0;0;-4;-6;0;1;0;0;?
0;1;0;0;0;-1;-20;0;1;0;0;?
0;1;0;0;0;-1;-20;0;1;0;0;?
0;1;?;0;0;-1;?;0;1;0;0;?
0;1;?;0;0;-3;?;0;1;0;0;?
0;1;0;0;0;-3;?;0;1;0;0;?
0;1;0;0;0;-5;?;0;1;0;0;?
0;?;0;0;0;-3;?;0;1;0;0;?
0;?;0;0;0;-3;?;0;1;0;0;1
0;?;0;0;0;-3;?;0;1;0;0;1
0;?;0;0;0;-3;?;0;1;0;0;?
0;?;0;0;0;-1;?;0;1;0;0;?
0;?;0;0;0;?;?;0;1;0;0;?
0;?;0;0;0;?;?;0;1;0;0;?
0;?;0;0;0;?;?;0;1;0;0;?
0;?;0;0;0;?;?;0;1;0;0;?
0;1;0;0;0;?;?;0;1;0;0;?
0;1;0;0;0;?;-22;0;1;?;0;?
0;1;0;0;0;?;-22;0;1;?;0;1
0;1;0;0;0;?;-20;0;?;?;0;1
0;1;0;0;0;?;-27;0;?;?;0;1
0;1;0;0;0;?;-2;0;?;?;0;1
0;1;0;0;0;?;-4;0;?;?;0;1
0;1;0;0;0;-2;-4;0;1;?;0;1
0;1;0;0;0;-2;-23;0;1;?;0;1
0;1;0;0;0;-2;-17;0;1;?;0;1
0;1;0;0;0;-3;-18;0;1;?;0;1
0;1;0;0;0;-6;?;0;1;?;0;1
0;?;0;0;0;-6;?;0;1;?;0;1
0;?;0;0;0;-1;?;0;1;?;0;1
0;?;0;0;0;-1;?;0;1;0;0;1
0;?;0;0;0;-1;?;0;1;0;0;1
0;?;0;0;0;-4;?;0;1;0;0;1
0;1;0;0;0;-4;?;0;1;0;0;1
0;1;0;?;0;-4;?;0;1;0;0;1
0;1;0;?;0;-2;?;0;1;0;0;1
0;1;0;?;0;-1;-10;0;?;0;0;1
0;1;0;?;0;-5;-3;0;?;0;0;1
0;1;0;?;0;-5;-3;0;?;0;0;1
0;1;0;?;0;0;-3;0;?;0;0;1
0;1;0;?;0;-3;0;0;?;0;0;1
0;1;0;?;0;-2;-3;0;?;0;0;1
0;1;0;?;0;-2;-3;0;?;0;0;1
0;1;0;0;0;-3;-6;0;?;0;0;1
0;1;0;0;0;-3;-21;0;?;1;0;1
0;1;0;0;0;-3;-21;0;?;1;0;1
0;1;0;0;0;-4;-18;0;?;1;0;1
0;1;0;0;0;-5;-21;0;1;1;?;1
0;1;1;0;0;0;-22;0;1;1;?;1
0;1;1;0;0;0;-22;0;1;1;?;1
0;1;1;0;0;-2;-8;0;1;1;?;1
0;1;1;0;0;-5;-15;0;0;1;?;1
0;1;1;0;0;1;-17;0;0;1;?;1
0;1;1;0;0;1;-17;0;0;1;?;1
0;1;1;0;0;-1;-18;0;0;1;?;1
0;1;1;0;0;-3;?;0;0;1;?;1
0;1;0;0;0;-1;?;1;0;1;?;1
0;1;0;0;0;-4;?;1;0;1;?;1
0;1;0;0;0;-4;?;?;0;1;?;1
0;1;0;0;0;-2;?;?;0;1;?;1
0;1;0;0;0;-2;-6;?;0;1;0;1
0;1;0;0;0;-3;-20;?;0;1;0;1
0;1;0;0;0;-8;-33;?;0;1;0;1
0;1;0;0;0;-8;-33;?;0;1;0;1
0;1;0;0;0;-3;-6;?;0;1;0;1
0;1;0;0;0;-3;-8;1;0;1;0;1
0;1;0;0;0;-4;-16;1;0;1;0;1
0;1;0;0;0;-3;-18;1;0;1;0;1
0;1;0;0;0;-3;-18;1;0;1;0;1
0;1;0;0;0;-2;-5;1;0;1;0;1
0;1;0;0;0;-5;-8;1;0;1;0;1
0;1;0;0;0;-5;-24;1;0;1;0;1
0;1;0;0;0;-5;-24;1;0;1;0;1
0;1;0;0;0;-1;-28;1;0;1;0;1
0;1;0;0;0;1;-17;1;0;1;0;1
0;1;0;0;0;1;-17;1;0;1;0;1
0;1;0;0;0;-6;-14;1;0;1;0;1
0;1;0;0;0;-3;-18;1;0;1;0;1
0;1;0;0;0;-3;-18;1;0;1;0;1
0;1;0;0;0;-3;8;1;0;1;0;1
0;1;0;0;0;-1;-23;1;0;1;0;1
0;1;0;0;0;-5;-27;1;0;1;0;1
0;1;0;0;0;-4;-21;1;0;1;0;1
0;1;0;0;0;-4;-21;1;0;1;0;1
0;1;0;0;0;-3;-21;1;0;1;0;1
0;1;0;0;0;-1;-8;1;0;1;0;1
0;1;0;0;0;-3;-17;1;0;1;0;1
0;1;0;?;0;-3;-17;1;0;1;0;1
0;1;0;?;0;-3;-19;1;0;1;0;1
0;1;0;?;0;-3;-19;1;0;1;0;1
0;?;0;?;0;-3;-23;1;0;1;0;1
0;?;0;?;0;-3;-23;1;0;1;0;1
0;?;0;?;0;-1;0;1;0;1;0;1
0;?;0;?;0;-1;0;1;0;1;0;1
0;?;0;?;0;-3;-18;1;0;1;0;1
0;?;0;?;0;-3;-8;1;0;1;0;1
0;?;0;?;0;-3;-15;1;0;1;0;1
0;1;0;?;0;-2;-23;1;0;0;0;1
0;1;0;?;0;-2;-23;1;0;0;0;1
0;1;0;?;0;-3;-8;1;0;0;0;1
0;1;0;?;0;-4;-21;1;0;0;0;1
0;1;0;?;0;-2;-4;1;0;0;0;1
0;1;0;0;0;-2;-4;1;0;0;0;1
0;1;0;0;?;-3;-8;1;0;0;0;1
0;1;0;0;?;-3;-8;1;0;0;0;1
0;1;0;0;?;-3;-13;1;0;0;0;1
0;1;0;0;?;-4;-16;1;0;0;0;1
0;1;0;0;?;0;-4;?;0;0;0;1
0;1;0;0;?;0;-4;?;0;0;0;1
0;1;0;0;?;-2;-17;?;0;0;0;1
0;1;0;0;?;-1;-21;?;1;0;0;1
-986;1;0;0;?;80;273;?;1;0;0;0
-986;1;0;0;?;80;273;?;1;0;0;0
0;1;0;0;?;-191;-760;?;1;0;0;0
0;1;0;0;?;-204;-607;?;1;0;0;0
1015;1;0;0;-84390;-192;-854;?;1;0;0;0
1015;1;0;0;-80504;-253;-1140;?;1;0;0;0
1015;1;0;0;-80504;-253;-1140;?;1;0;0;0
