Accelerometer HIP accZ;InertialMeasurementUnit L-SHOE AngVelNavFrameY;InertialMeasurementUnit BACK accX;InertialMeasurementUnit LUA accX;InertialMeasurementUnit RUA accX;InertialMeasurementUnit L-SHOE AngVelBodyFrameX;InertialMeasurementUnit L-SHOE Nav_Az
70.0;56;-859.0;-914.0;-956.0;-56;25
45.0;?;-888.0;-943.0;-947.0;198;-207
65.0;-336;-910.0;-967.0;-986.0;336;139
86.0;-57;-955.0;-999.0;?;57;1
93.0;-297;?;-1041.0;-1081.0;297;-291
74.0;-482;-984.0;?;-1104.0;?;?
61.0;-132;-970.0;?;?;132;93
?;434;-947.0;-977.0;-1029.0;-434;?
73.0;?;-1009.0;-988.0;-1077.0;-467;73
36.0;83;-997.0;?;-1073.0;-83;-22
-33.0;15;-988.0;-989.0;-1006.0;-15;-33
63.0;15;-972.0;-1012.0;-936.0;-15;-25
-26.0;7;-954.0;-990.0;-826.0;-7;-47
72.0;32;-949.0;?;-755.0;-32;-16
100.0;-31;-950.0;-1054.0;-885.0;?;0
117.0;-31;?;-1101.0;-887.0;31;-6
70.0;5;-978.0;-1009.0;-875.0;-5;-20
?;-27;?;-1000.0;-946.0;?;-28
63.0;42;-977.0;-1016.0;-992.0;-42;-6
67.0;?;-991.0;-1036.0;-968.0;?;-121
45.0;-269;-958.0;?;-969.0;269;?
22.0;-397;-955.0;-979.0;-1007.0;397;152
12.0;28;-941.0;-980.0;-966.0;?;80
27.0;204;-930.0;-926.0;-961.0;-204;-11
60.0;235;-927.0;-957.0;?;-235;-20
12.0;277;-969.0;-1010.0;?;-277;?
49.0;125;-976.0;-1033.0;-1080.0;-125;-44
8.0;36;-964.0;?;-1064.0;-36;-24
33.0;38;-970.0;-984.0;-1025.0;?;-24
20.0;11;-973.0;?;-1027.0;-11;-18
61.0;-30;-953.0;-987.0;-967.0;30;-13
20.0;12;-971.0;-994.0;-967.0;-12;-19
67.0;16;-980.0;-1038.0;-1051.0;-16;-24
42.0;-3;?;-1039.0;-1060.0;3;-23
8.0;38;-977.0;-1066.0;-1062.0;-38;?
23.0;-16;-979.0;-1146.0;-1099.0;16;-22
21.0;-4;-948.0;-1105.0;-1026.0;4;-15
10.0;30;-956.0;-1054.0;-1095.0;-30;-18
29.0;18;-950.0;-1123.0;-1214.0;-18;-25
29.0;?;-963.0;-1115.0;-1209.0;-37;-20
51.0;16;-960.0;-1159.0;-1300.0;-16;-17
25.0;64;-1024.0;-1182.0;-1366.0;?;-18
126.0;61;-1088.0;-1127.0;-1091.0;-61;?
136.0;-27;-1070.0;-1085.0;-843.0;27;-12
133.0;-18;-995.0;-937.0;-480.0;18;-15
13.0;16;-992.0;-671.0;-338.0;-16;-22
159.0;18;-950.0;-580.0;-343.0;-18;-19
131.0;2;-843.0;?;-264.0;-2;-16
?;-18;-829.0;-476.0;-308.0;18;-18
?;-33;-846.0;?;-216.0;33;-20
12.0;-39;?;-481.0;-189.0;39;-20
62.0;-39;-1012.0;?;-198.0;39;-14
79.0;-39;-943.0;-475.0;-107.0;39;-13
39.0;-34;-965.0;-558.0;-141.0;34;-15
33.0;-15;-1014.0;-585.0;-173.0;15;-15
38.0;16;-1056.0;-571.0;-245.0;-16;-15
54.0;-7;-954.0;-349.0;?;7;-20
?;10;-934.0;-395.0;?;-10;-17
63.0;10;-937.0;-437.0;-375.0;-10;-14
85.0;-16;-964.0;-463.0;-413.0;16;-19
?;-15;-954.0;-503.0;-431.0;15;-17
?;-6;-914.0;?;-413.0;6;-9
103.0;?;-933.0;?;-440.0;-12;-16
?;17;-970.0;-665.0;-505.0;-17;-18
101.0;?;-968.0;-615.0;-491.0;25;?
93.0;-34;-958.0;-647.0;-566.0;?;-17
133.0;-18;-1025.0;-668.0;-606.0;18;?
103.0;-50;?;-700.0;-581.0;50;?
93.0;-56;-973.0;-735.0;-661.0;56;-18
69.0;-24;-990.0;-729.0;-648.0;24;?
69.0;-17;?;-760.0;-683.0;?;-22
55.0;-13;-1001.0;-770.0;-710.0;13;-24
50.0;10;-952.0;-764.0;?;-10;-18
50.0;37;-967.0;-693.0;-561.0;-37;-20
64.0;43;-988.0;-669.0;-656.0;-43;-20
110.0;7;-976.0;-640.0;-704.0;-7;-21
86.0;-9;-940.0;-616.0;-678.0;9;-20
113.0;-9;-963.0;-597.0;-738.0;?;-15
43.0;-31;-990.0;?;-624.0;31;-13
17.0;-29;-951.0;-748.0;-550.0;29;-13
80.0;-8;-994.0;-612.0;?;8;-21
81.0;?;-933.0;-606.0;-763.0;21;-23
81.0;-58;-931.0;-669.0;-703.0;58;-16
84.0;-51;-951.0;?;-715.0;51;?
104.0;-14;-976.0;-804.0;-748.0;14;-17
98.0;-16;?;-780.0;-726.0;16;-17
?;-23;-953.0;-767.0;-722.0;23;-11
100.0;6;-1000.0;-746.0;-728.0;-6;-17
124.0;17;-965.0;-723.0;-684.0;-17;?
100.0;18;-935.0;-708.0;-637.0;-18;-18
106.0;27;-932.0;-675.0;-633.0;?;-13
85.0;?;-964.0;-663.0;-680.0;?;-13
52.0;0;-939.0;?;-329.0;0;-12
54.0;-15;-937.0;-379.0;-353.0;15;-20
71.0;14;-934.0;-398.0;-367.0;-14;-20
?;2;-938.0;-413.0;-378.0;-2;-16
8.0;-28;-912.0;-449.0;-381.0;28;-15
70.0;3;-950.0;?;-405.0;-3;-17
36.0;-5;-941.0;?;-460.0;5;-20
59.0;-44;-907.0;-693.0;-466.0;44;-16
81.0;-15;-989.0;-731.0;-495.0;15;-15
?;?;-975.0;-829.0;-624.0;-5;-16
63.0;-5;-945.0;-880.0;-758.0;5;-14
89.0;14;-982.0;-874.0;-882.0;-14;-20
140.0;20;-981.0;-927.0;-813.0;?;-22
160.0;-3;-1022.0;-930.0;-932.0;3;?
142.0;-26;-995.0;-959.0;-943.0;26;-13
93.0;-3;-972.0;-891.0;?;3;-14
80.0;26;-1022.0;-940.0;-893.0;-26;-13
32.0;-13;-974.0;-820.0;-926.0;13;-16
118.0;-19;-935.0;-791.0;-818.0;19;?
103.0;23;-1011.0;-770.0;-827.0;-23;-23
110.0;17;-919.0;-608.0;-669.0;-17;-21
66.0;5;-972.0;-571.0;-728.0;-5;-19
79.0;3;-944.0;-746.0;-705.0;-3;-16
42.0;-34;-995.0;-767.0;-686.0;34;-16
24.0;-27;-968.0;-717.0;-769.0;27;-16
101.0;34;-889.0;?;-728.0;-34;?
111.0;19;-919.0;-803.0;-734.0;-19;-17
92.0;-6;-991.0;?;-796.0;6;-22
65.0;4;-978.0;-816.0;?;-4;-17
78.0;-24;-963.0;?;-767.0;24;-14
72.0;-25;?;-754.0;-728.0;25;-19
63.0;0;-934.0;-758.0;?;0;-19
90.0;29;-933.0;?;?;-29;-22
66.0;15;-923.0;-618.0;-755.0;-15;-20
51.0;-39;-1021.0;-670.0;-799.0;39;-10
82.0;-7;-1026.0;-776.0;-754.0;7;-15
33.0;5;-971.0;?;-347.0;-5;?
20.0;-22;-958.0;-467.0;-363.0;22;-13
61.0;-10;-964.0;-471.0;-387.0;10;-17
24.0;29;-963.0;-473.0;-387.0;-29;-19
29.0;4;-945.0;-465.0;-389.0;-4;-19
30.0;-18;-973.0;-477.0;-390.0;18;-25
41.0;-17;-949.0;-512.0;?;17;-18
39.0;-23;-948.0;-591.0;-456.0;23;-16
42.0;-40;-950.0;-717.0;?;40;-20
37.0;-26;-937.0;-807.0;-579.0;26;-15
50.0;16;-953.0;-794.0;-668.0;-16;-16
72.0;?;-950.0;-872.0;-765.0;-38;-21
60.0;21;-933.0;-921.0;?;-21;-20
74.0;-21;-975.0;-899.0;-895.0;21;-16
52.0;-24;-965.0;?;-915.0;24;-14
109.0;-16;-1058.0;-969.0;-1008.0;16;-13
25.0;-15;-992.0;-918.0;-1080.0;?;-17
11.0;-6;-1014.0;-922.0;-1158.0;6;-20
25.0;1;-1067.0;-922.0;-1105.0;-1;-17
102.0;26;-988.0;-821.0;-960.0;-26;-16
67.0;13;-987.0;?;-865.0;?;-20
20.0;8;-940.0;-662.0;-841.0;-8;-13
1.0;-3;-948.0;?;-760.0;3;-17
56.0;-16;-866.0;-602.0;-670.0;16;-24
57.0;33;-899.0;-754.0;-617.0;-33;-12
69.0;14;-888.0;-669.0;-640.0;?;-19
74.0;19;-980.0;-747.0;-831.0;-19;-24
25.0;33;-955.0;-827.0;-839.0;-33;?
31.0;3;?;-865.0;-836.0;?;-20
63.0;16;-975.0;-839.0;-765.0;-16;-18
73.0;6;-952.0;?;-775.0;-6;-20
69.0;26;-965.0;-809.0;-786.0;-26;-20
76.0;30;-969.0;-766.0;-714.0;-30;-16
47.0;0;-958.0;-732.0;-705.0;0;-12
53.0;?;-954.0;-689.0;-715.0;-34;-13
65.0;39;-941.0;-666.0;-687.0;-39;-16
40.0;30;-965.0;-692.0;-733.0;-30;-12
0.0;-21;?;-500.0;-487.0;21;?
3.0;2;-958.0;-496.0;-486.0;?;?
-10.0;19;-956.0;-504.0;-471.0;-19;-17
10.0;14;-965.0;-544.0;-437.0;-14;-21
10.0;4;-953.0;-567.0;-484.0;-4;-17
47.0;-7;-930.0;-633.0;?;7;-13
35.0;5;-949.0;-661.0;-493.0;-5;-21
30.0;-9;?;-768.0;-613.0;9;-24
?;-10;-943.0;-734.0;?;10;-17
77.0;19;-961.0;-753.0;-840.0;-19;-18
?;5;?;-824.0;-862.0;-5;-19
39.0;-24;-974.0;-871.0;-852.0;24;-16
28.0;-33;-994.0;-925.0;-898.0;33;-20
-10.0;-14;-1001.0;?;-894.0;14;-16
-39.0;-10;-1004.0;?;-955.0;10;-14
6.0;-30;-1056.0;-980.0;-1064.0;30;-19
20.0;-28;-1015.0;-795.0;-943.0;28;-16
63.0;-27;-873.0;?;-858.0;27;-15
20.0;-30;-949.0;-621.0;-819.0;30;-16
8.0;-15;-1016.0;?;-754.0;15;-13
32.0;34;-1032.0;-762.0;?;-34;-17
32.0;31;-913.0;-834.0;-736.0;-31;-18
-28.0;-6;-834.0;-551.0;-653.0;6;-13
43.0;16;-856.0;-695.0;-645.0;-16;?
56.0;-13;-929.0;?;?;13;?
42.0;-19;-961.0;-925.0;-842.0;19;-18
-10.0;8;-1032.0;-888.0;-901.0;-8;-14
62.0;?;-963.0;-918.0;-822.0;6;?
25.0;23;-970.0;-850.0;-855.0;-23;?
26.0;34;-989.0;-897.0;-796.0;-34;-12
55.0;7;-979.0;-850.0;-813.0;-7;-15
42.0;-19;-983.0;?;-786.0;19;-18
56.0;-24;-955.0;?;?;24;-12
49.0;7;-930.0;-767.0;-721.0;-7;-24
7.0;7;-912.0;-751.0;-705.0;-7;-24
19.0;-3;-937.0;-713.0;-708.0;3;-20
12.0;?;-910.0;-631.0;-696.0;-38;-18
-29.0;-13;-976.0;-395.0;-392.0;13;-18
-11.0;5;-962.0;-400.0;-404.0;-5;-14
-47.0;12;-946.0;-410.0;-425.0;-12;-17
?;-26;-951.0;-428.0;-437.0;26;-17
-2.0;-24;?;?;-433.0;24;-15
-6.0;-5;-950.0;-441.0;-446.0;5;?
?;-5;-945.0;-473.0;-450.0;5;?
7.0;31;-965.0;-492.0;-459.0;-31;-20
10.0;32;-946.0;-552.0;-496.0;-32;-25
-14.0;-15;-949.0;-555.0;-531.0;15;-22
13.0;-4;-949.0;-584.0;-580.0;4;?
31.0;16;-984.0;-675.0;-593.0;-16;-14
70.0;13;-975.0;-700.0;-614.0;-13;?
51.0;-2;-926.0;-664.0;-664.0;2;-17
89.0;-16;?;-736.0;-769.0;16;-18
61.0;?;?;-793.0;-773.0;-3;-19
102.0;7;-978.0;-808.0;-778.0;?;-23
?;-4;?;-811.0;?;4;-19
74.0;-28;-974.0;-844.0;-751.0;28;?
83.0;-2;-1012.0;-837.0;-897.0;?;-20
92.0;12;-972.0;-884.0;-864.0;-12;-14
93.0;-28;-963.0;-824.0;-772.0;28;-18
101.0;16;-972.0;-798.0;-811.0;-16;-19
82.0;7;-962.0;-881.0;-843.0;-7;-16
99.0;-16;-967.0;-802.0;-783.0;16;-17
?;5;-991.0;-776.0;-787.0;-5;-14
115.0;-17;-958.0;-737.0;-820.0;17;-16
?;1;-959.0;-807.0;-744.0;-1;-18
133.0;?;-977.0;-876.0;-811.0;1;-11
104.0;2;?;-846.0;-844.0;?;-20
92.0;16;-963.0;-795.0;-839.0;-16;-24
90.0;-13;?;?;-854.0;13;-16
?;-17;-956.0;-869.0;-850.0;17;-18
?;-6;-975.0;-889.0;-872.0;6;-16
97.0;-12;-993.0;-929.0;-957.0;12;-19
91.0;-23;-980.0;-856.0;-916.0;23;?
146.0;-6;-971.0;-826.0;-938.0;6;-20
113.0;18;-945.0;-899.0;-953.0;-18;-20
124.0;16;-952.0;-911.0;-917.0;-16;-20
127.0;16;-955.0;-963.0;-959.0;?;-19
151.0;3;-964.0;-986.0;-953.0;-3;-24
152.0;-16;-944.0;-962.0;-995.0;16;-21
141.0;?;-948.0;-951.0;-995.0;?;-15
?;21;-952.0;-994.0;?;-21;-18
122.0;17;-958.0;-986.0;-996.0;-17;-18
136.0;-27;-957.0;-1029.0;-1031.0;27;-17
163.0;0;-970.0;-1040.0;?;0;-14
122.0;18;-963.0;-1023.0;-1000.0;-18;-15
142.0;23;-959.0;-1017.0;-988.0;-23;-17
118.0;49;-964.0;-1100.0;-990.0;-49;-13
103.0;28;?;-1019.0;?;-28;-15
124.0;24;-968.0;-1006.0;-987.0;-24;-19
115.0;28;-961.0;-996.0;-990.0;-28;-21
118.0;28;-966.0;-1008.0;-1001.0;-28;-18
?;20;-966.0;-1005.0;-996.0;-20;-18
95.0;-8;-962.0;-1000.0;-994.0;8;-21
?;3;-962.0;-1000.0;-992.0;-3;-20
110.0;4;-959.0;-985.0;-981.0;-4;-23
?;-33;-968.0;-1001.0;-991.0;33;-17
91.0;-28;-981.0;-1000.0;-1001.0;28;-9
119.0;-2;-980.0;-1007.0;?;2;?
115.0;-20;?;-1014.0;-997.0;20;-15
100.0;-30;-960.0;-1015.0;-992.0;30;-19
?;-2;-970.0;-1001.0;?;2;-16
101.0;13;-961.0;-1008.0;-1002.0;-13;-15
114.0;11;?;-1011.0;-1017.0;-11;-21
156.0;?;-969.0;-993.0;-1013.0;31;?
171.0;-35;-944.0;?;-987.0;35;-22
162.0;22;-936.0;-948.0;-967.0;-22;-16
179.0;?;-921.0;-944.0;-964.0;6;-16
214.0;-51;-941.0;-962.0;-968.0;51;-24
?;-44;?;-1000.0;-976.0;?;-14
211.0;-18;-989.0;-1040.0;-1014.0;18;-6
240.0;27;-989.0;-1038.0;-1027.0;-27;-21
250.0;13;-962.0;-996.0;-998.0;-13;-22
204.0;-21;-944.0;-970.0;-971.0;21;-16
205.0;7;-940.0;-964.0;-947.0;-7;-22
206.0;30;-930.0;-943.0;-916.0;-30;-13
210.0;10;-936.0;-961.0;-915.0;-10;-7
222.0;-6;-967.0;-1003.0;-933.0;6;-13
233.0;?;-975.0;-999.0;-950.0;?;-15
?;-32;-958.0;?;-942.0;32;-27
208.0;-53;-943.0;-985.0;-923.0;53;-16
175.0;?;-936.0;-968.0;-895.0;79;-26
220.0;-49;-936.0;-957.0;-887.0;49;-9
224.0;-6;-938.0;?;-895.0;6;-19
228.0;-11;-943.0;-967.0;-905.0;11;-55
192.0;46;-944.0;-969.0;-913.0;-46;74
221.0;122;-943.0;-963.0;-916.0;-122;-2
?;195;-942.0;-962.0;-929.0;?;-113
202.0;172;-956.0;-954.0;-931.0;-172;?
206.0;12;-936.0;-942.0;?;?;-33
185.0;-43;?;-933.0;?;43;-33
?;-34;-939.0;-951.0;-914.0;34;-1
150.0;48;-959.0;-987.0;-949.0;-48;-10
157.0;-5;-959.0;-996.0;-966.0;5;-15
180.0;?;-948.0;-991.0;-967.0;45;-19
159.0;-20;-950.0;-979.0;-958.0;20;-21
181.0;4;-954.0;-991.0;-967.0;-4;-16
173.0;14;-954.0;?;?;-14;-13
162.0;-18;-992.0;-1020.0;-986.0;18;-18
152.0;-40;-999.0;-1052.0;?;40;-12
151.0;-17;?;-1003.0;-1001.0;17;-12
190.0;-3;-919.0;-952.0;-955.0;3;-15
158.0;-27;-920.0;-940.0;-932.0;?;-13
204.0;-23;-945.0;-966.0;-949.0;23;-18
190.0;-17;-958.0;-983.0;-972.0;17;-19
180.0;-63;-964.0;-989.0;-986.0;63;-19
182.0;-68;-952.0;-973.0;-978.0;68;-23
192.0;-26;-944.0;-962.0;?;26;-12
205.0;-19;-943.0;-963.0;-939.0;19;-8
228.0;-13;-952.0;-976.0;-931.0;13;-19
182.0;15;?;-984.0;-936.0;-15;-17
221.0;12;-962.0;-988.0;-931.0;-12;-18
?;-16;-955.0;-972.0;-921.0;?;-24
222.0;-7;-953.0;-970.0;-910.0;7;-16
211.0;6;-963.0;-980.0;-916.0;-6;-18
244.0;5;-972.0;-979.0;-922.0;-5;-18
261.0;?;-957.0;-965.0;-909.0;-5;-18
205.0;7;-958.0;-958.0;-894.0;-7;?
212.0;52;-965.0;-977.0;-893.0;-52;-4
264.0;88;-977.0;-991.0;-899.0;-88;?
238.0;146;-968.0;-993.0;-902.0;-146;?
240.0;107;-965.0;-979.0;-910.0;?;-16
235.0;-61;-970.0;-973.0;-928.0;61;-30
223.0;-61;-964.0;-965.0;-934.0;61;-50
?;-22;-950.0;?;-918.0;22;-18
220.0;-54;-938.0;-924.0;-900.0;54;-8
218.0;-43;-922.0;-913.0;-879.0;43;-21
142.0;-27;-887.0;-908.0;-847.0;27;-15
-180.0;-8;-698.0;-789.0;-693.0;8;-14
338.0;-11;-900.0;?;-555.0;11;-14
333.0;-19;-1195.0;-1369.0;-1187.0;19;-15
-299.0;7;-1272.0;-1444.0;-1407.0;-7;-13
187.0;-4;-1049.0;-1134.0;?;4;-12
94.0;-27;-842.0;-842.0;-959.0;27;-19
116.0;-8;-741.0;-735.0;-793.0;8;-19
47.0;-20;-831.0;-742.0;-801.0;20;-20
100.0;-23;-917.0;-905.0;-950.0;23;-20
76.0;-2;-952.0;-1016.0;-1038.0;2;-13
69.0;-40;?;-1010.0;-999.0;40;-25
91.0;?;-925.0;-980.0;-968.0;37;-25
81.0;31;-942.0;-972.0;-979.0;-31;0
82.0;33;?;-962.0;-986.0;-33;-11
?;27;-922.0;-962.0;-966.0;-27;-25
120.0;14;-924.0;-973.0;-952.0;-14;-14
123.0;-36;-946.0;-986.0;-960.0;36;-13
104.0;-39;-952.0;-992.0;-964.0;?;-18
98.0;-28;?;?;-966.0;?;-15
75.0;?;-949.0;-968.0;-964.0;30;-13
116.0;-23;-955.0;-981.0;?;23;?
95.0;-10;-949.0;-1008.0;-955.0;10;-10
?;23;-970.0;-1019.0;-955.0;-23;-1
133.0;38;-969.0;-1021.0;-967.0;-38;-15
159.0;10;-950.0;-997.0;-966.0;-10;-30
155.0;8;-947.0;-979.0;-959.0;-8;-31
?;?;-956.0;-978.0;-967.0;-17;-20
172.0;?;-956.0;-974.0;-963.0;0;-15
100.0;21;-975.0;-993.0;-957.0;-21;-21
90.0;18;-972.0;?;-969.0;?;-16
205.0;-43;?;-983.0;-954.0;43;-13
159.0;-37;-938.0;-969.0;?;37;-22
132.0;-40;-963.0;?;-950.0;40;-25
151.0;-82;-984.0;-1020.0;?;?;-15
154.0;-70;-982.0;-1015.0;-969.0;70;-26
132.0;-90;-963.0;?;-954.0;90;-34
169.0;-113;-947.0;?;-935.0;113;-29
160.0;-108;-949.0;-965.0;-931.0;108;-54
159.0;-179;-945.0;-970.0;-952.0;179;9
186.0;39;-954.0;-969.0;-952.0;-39;128
176.0;288;-944.0;?;-940.0;-288;48
204.0;133;-949.0;?;?;-133;-96
?;80;-960.0;-982.0;-946.0;-80;?
170.0;21;-959.0;-984.0;-927.0;-21;-8
162.0;-41;-955.0;-979.0;-910.0;41;-19
183.0;47;-961.0;-987.0;-903.0;-47;-17
171.0;24;-938.0;-976.0;-885.0;?;-2
?;22;-955.0;-976.0;?;-22;?
129.0;20;-975.0;-1006.0;-980.0;-20;?
110.0;4;-953.0;-998.0;-967.0;-4;-15
63.0;5;-946.0;-973.0;-953.0;-5;-16
105.0;2;-954.0;-984.0;-962.0;-2;?
120.0;28;-942.0;-981.0;-961.0;-28;-17
104.0;33;?;?;-957.0;?;-19
133.0;8;-962.0;-1001.0;-967.0;?;-25
111.0;-9;-966.0;-991.0;-979.0;9;-23
142.0;?;-949.0;-980.0;-965.0;27;-18
101.0;-7;-948.0;-969.0;-956.0;7;-19
155.0;27;-955.0;-975.0;-962.0;-27;-18
?;19;-967.0;-985.0;-970.0;-19;-16
154.0;?;-979.0;-1009.0;?;-17;-19
151.0;1;?;-1011.0;-988.0;-1;-19
171.0;-8;-966.0;-983.0;-979.0;8;-16
183.0;18;-965.0;-978.0;-972.0;-18;-20
182.0;0;-961.0;-986.0;-968.0;0;-15
175.0;23;-967.0;-983.0;-961.0;-23;-24
153.0;?;-972.0;-986.0;-957.0;7;-12
183.0;-31;-969.0;-997.0;-959.0;31;-23
162.0;76;-971.0;-994.0;-937.0;-76;?
201.0;-59;-965.0;-996.0;-935.0;59;-34
200.0;-185;-969.0;-1001.0;-920.0;185;-39
173.0;51;-973.0;-1004.0;-936.0;-51;18
163.0;120;-971.0;-999.0;-932.0;-120;50
172.0;-79;-970.0;-1004.0;-950.0;79;-52
193.0;-87;?;-996.0;?;87;-49
189.0;-6;-954.0;-984.0;-926.0;6;-24
170.0;-29;-950.0;-969.0;-927.0;29;-28
132.0;-33;-944.0;-958.0;-908.0;33;5
201.0;-15;-891.0;?;-836.0;15;-7
102.0;-17;-765.0;-793.0;-644.0;17;-30
-176.0;-18;-703.0;?;-601.0;18;-21
17.0;-15;-908.0;-962.0;-811.0;15;?
-77.0;-20;-1298.0;?;?;?;-28
-20.0;-10;-1448.0;?;-1645.0;10;-21
235.0;7;-1157.0;-1175.0;-1323.0;-7;-17
42.0;5;-849.0;-835.0;-927.0;-5;?
59.0;3;-760.0;-767.0;-782.0;-3;-17
135.0;14;-853.0;?;-811.0;-14;-19
164.0;11;-926.0;-918.0;?;-11;-20
82.0;2;-961.0;-1017.0;-978.0;-2;-17
100.0;-7;-968.0;?;-989.0;7;-18
61.0;4;-975.0;-1025.0;-974.0;-4;-22
83.0;28;-953.0;-998.0;-969.0;-28;-22
102.0;-2;-941.0;-977.0;-970.0;2;-18
124.0;-19;-938.0;-964.0;-955.0;19;?
90.0;-2;-935.0;-973.0;-959.0;2;-15
91.0;-7;?;-975.0;-962.0;7;-21
88.0;-6;-935.0;-970.0;-971.0;6;-21
151.0;1;-956.0;-989.0;-979.0;-1;-16
?;?;?;-993.0;-981.0;-20;-18
103.0;?;-971.0;-999.0;-980.0;-26;-22
99.0;11;-964.0;-994.0;-973.0;-11;-20
95.0;5;-950.0;-995.0;?;-5;-19
111.0;5;-968.0;-1029.0;?;-5;-22
102.0;-10;-955.0;-1002.0;-961.0;10;-19
82.0;-23;-945.0;-980.0;-958.0;23;-13
92.0;27;-953.0;-994.0;-980.0;-27;-16
121.0;61;-956.0;-998.0;-998.0;-61;-15
109.0;36;-955.0;-979.0;-980.0;-36;-11
113.0;36;?;-999.0;-961.0;-36;-19
105.0;33;-955.0;-1000.0;-971.0;-33;-22
89.0;19;-961.0;-1004.0;-985.0;-19;-20
90.0;7;-964.0;-1004.0;-970.0;-7;-20
76.0;-25;-962.0;-1005.0;-973.0;25;-19
94.0;?;-950.0;-991.0;-978.0;14;-16
96.0;7;-951.0;-993.0;-979.0;-7;-14
95.0;-44;-951.0;-991.0;-978.0;44;-16
?;-57;-947.0;-987.0;-976.0;57;-22
113.0;-12;?;-996.0;?;12;-9
94.0;-36;-999.0;?;-1043.0;36;-20
90.0;22;?;?;-1075.0;-22;-17
110.0;92;-1008.0;-1045.0;?;-92;-23
?;-66;-958.0;-987.0;-992.0;66;-76
127.0;-43;-935.0;-955.0;-958.0;43;59
153.0;160;-941.0;-939.0;-957.0;-160;151
107.0;82;-941.0;-951.0;-944.0;-82;18
?;-84;-956.0;-992.0;-931.0;84;-31
145.0;-41;-974.0;-1024.0;-921.0;?;-14
168.0;65;-979.0;-1039.0;-915.0;-65;-20
125.0;28;?;-1027.0;-896.0;-28;-18
193.0;-50;-935.0;-963.0;-865.0;50;-15
168.0;-61;-870.0;-883.0;-779.0;61;-15
129.0;-61;-749.0;-779.0;-644.0;61;-25
-279.0;-44;-643.0;-690.0;-648.0;44;?
213.0;-30;-844.0;-760.0;-767.0;30;?
-111.0;-27;-1220.0;-1225.0;-1303.0;27;-18
-68.0;-29;-1417.0;-1594.0;-1563.0;29;-20
151.0;-27;-1195.0;-1315.0;-1448.0;27;?
20.0;-28;?;-907.0;-1051.0;28;-19
101.0;?;-810.0;-803.0;-860.0;40;-20
103.0;-23;?;-814.0;-823.0;23;-10
92.0;-23;-903.0;?;-887.0;23;?
48.0;-21;-913.0;-949.0;-915.0;21;-19
70.0;?;-934.0;-995.0;?;-20;?
103.0;18;?;-1014.0;-924.0;-18;-15
73.0;?;-953.0;-1011.0;-947.0;12;-16
48.0;-20;-943.0;-984.0;-969.0;20;?
?;?;-930.0;-962.0;-959.0;12;-17
?;-3;-933.0;-963.0;-975.0;3;-15
90.0;6;-951.0;-975.0;-982.0;-6;-14
79.0;6;-953.0;-988.0;-983.0;?;-18
73.0;-13;-966.0;-1002.0;-983.0;13;-18
79.0;-19;-955.0;-992.0;-975.0;19;-17
64.0;-16;-949.0;-984.0;-972.0;16;-17
51.0;-16;-955.0;-991.0;-972.0;16;-17
81.0;7;-967.0;-988.0;-970.0;-7;-16
?;17;?;-1000.0;-968.0;-17;-14
83.0;?;-964.0;-1012.0;-982.0;5;-20
87.0;2;-964.0;-1013.0;-982.0;-2;-23
50.0;?;-932.0;-989.0;-968.0;3;-19
48.0;-17;-949.0;-991.0;-978.0;17;-18
79.0;-6;-957.0;?;-980.0;6;-21
77.0;-7;?;-989.0;-978.0;7;-22
65.0;5;-956.0;-987.0;-983.0;-5;?
65.0;-13;-955.0;-991.0;-988.0;13;?
75.0;-23;-952.0;-988.0;-976.0;23;-20
55.0;28;?;-985.0;-974.0;-28;?
57.0;36;-951.0;-996.0;-974.0;-36;-14
63.0;-10;-952.0;?;-980.0;10;-22
60.0;-19;?;?;-992.0;19;?
80.0;21;-952.0;-986.0;?;?;-19
60.0;40;-940.0;-990.0;?;?;-13
40.0;36;-957.0;-1003.0;-977.0;-36;-18
28.0;16;-969.0;?;-973.0;-16;-26
?;-7;-954.0;-995.0;-969.0;7;-13
64.0;13;-954.0;-998.0;-980.0;-13;-16
40.0;4;-947.0;-999.0;-977.0;-4;-14
50.0;?;-952.0;-996.0;-976.0;2;-13
?;16;-962.0;-999.0;?;-16;-22
?;?;-951.0;-999.0;-989.0;-16;-13
43.0;51;-965.0;-1003.0;-1006.0;-51;-15
52.0;58;-957.0;-995.0;-986.0;-58;-15
54.0;46;-953.0;-994.0;-964.0;-46;-15
38.0;?;-948.0;-999.0;-980.0;-65;-23
75.0;42;-955.0;-1003.0;-993.0;-42;-23
?;16;-958.0;-994.0;?;?;-22
90.0;27;-960.0;?;-999.0;-27;-16
61.0;12;-945.0;-989.0;-985.0;-12;-12
61.0;?;-958.0;-996.0;-975.0;-6;-18
63.0;-2;-970.0;?;?;2;-16
?;-16;-973.0;-1012.0;-988.0;16;-10
53.0;?;?;-1000.0;-986.0;-13;-17
74.0;20;-957.0;?;-980.0;-20;-21
51.0;9;-950.0;?;-961.0;-9;-21
35.0;-1;-959.0;-992.0;-954.0;1;-20
32.0;-4;-951.0;-1011.0;-932.0;4;-16
48.0;18;-951.0;-1002.0;-1001.0;-18;-14
51.0;36;-975.0;-988.0;-1020.0;-36;-14
56.0;51;-963.0;-981.0;-976.0;-51;-22
70.0;?;-949.0;-1002.0;-989.0;-23;-19
78.0;-21;-967.0;?;-1029.0;21;-16
75.0;7;-949.0;-987.0;-1001.0;-7;-19
41.0;25;-928.0;-973.0;-964.0;-25;-15
61.0;-5;?;-972.0;-947.0;5;-19
29.0;11;-949.0;-983.0;-964.0;-11;-21
29.0;10;-955.0;?;-985.0;-10;-19
8.0;10;-970.0;-1003.0;-998.0;?;-15
23.0;12;?;-1015.0;-986.0;-12;-12
-16.0;6;-954.0;-1003.0;-985.0;-6;-15
2.0;35;?;-1004.0;-974.0;-35;-17
37.0;21;-946.0;-985.0;-968.0;-21;-21
-4.0;23;-947.0;-979.0;-974.0;-23;-24
14.0;14;-948.0;-974.0;-978.0;-14;-19
20.0;1;-944.0;-985.0;-984.0;-1;-17
22.0;82;-953.0;-1003.0;-992.0;-82;-18
6.0;76;-953.0;-1010.0;-991.0;-76;-15
-3.0;5;-944.0;?;-988.0;-5;-19
18.0;22;-941.0;?;-988.0;-22;?
11.0;-32;-949.0;-996.0;-998.0;32;-18
0.0;-93;-951.0;-995.0;-1006.0;93;-12
-10.0;-40;?;-985.0;?;40;-14
1.0;-27;-942.0;-985.0;-1001.0;27;-16
0.0;-20;-957.0;-997.0;-1003.0;20;-23
-1.0;-25;-969.0;-1003.0;-1010.0;25;-21
-13.0;-18;-966.0;-1008.0;-1028.0;18;-16
-4.0;2;-962.0;-1003.0;-1003.0;-2;-19
-7.0;?;-957.0;?;-978.0;?;-17
-23.0;3;-948.0;-983.0;-971.0;-3;-15
-15.0;25;-942.0;-985.0;-972.0;-25;-17
-4.0;3;-952.0;-1003.0;-986.0;-3;-18
5.0;-10;-969.0;-1025.0;-977.0;10;-20
13.0;-2;-925.0;-984.0;-1016.0;2;-19
5.0;36;-940.0;-966.0;-973.0;-36;-18
38.0;?;-933.0;-979.0;-966.0;-32;-19
5.0;23;-954.0;-1003.0;-993.0;-23;-19
9.0;27;-970.0;?;-1016.0;-27;-15
?;8;-959.0;-999.0;-1002.0;-8;-18
1.0;-19;-946.0;-995.0;-986.0;19;-19
-17.0;?;-942.0;-990.0;-963.0;19;-16
-16.0;11;-940.0;-1007.0;-1013.0;-11;-19
24.0;19;-954.0;-1006.0;-997.0;-19;-14
-27.0;45;-959.0;-1005.0;?;-45;-17
-9.0;73;-935.0;-994.0;-1005.0;?;-24
-40.0;58;-966.0;-1008.0;-999.0;-58;-15
?;41;-947.0;-991.0;-996.0;?;-15
-17.0;-2;-968.0;-983.0;?;2;-19
-15.0;-35;-928.0;-973.0;-980.0;35;-14
-2.0;-43;-919.0;-956.0;-956.0;43;-17
?;-50;-914.0;-988.0;-978.0;50;-20
-41.0;-26;-952.0;?;-1009.0;26;-16
3.0;?;-976.0;-1029.0;-1027.0;-11;-20
3.0;28;-969.0;-1024.0;-1015.0;-28;-21
-30.0;23;-948.0;-991.0;?;-23;-15
-10.0;30;-926.0;-963.0;-960.0;-30;-18
4.0;5;-914.0;-925.0;-958.0;?;-20
29.0;-16;-916.0;-931.0;-938.0;?;-18
4.0;?;-922.0;-961.0;-942.0;-39;-20
?;39;-924.0;-1008.0;-968.0;-39;-18
6.0;-12;-945.0;-1014.0;-981.0;12;-17
43.0;4;-1008.0;-1048.0;-1029.0;-4;-18
19.0;-18;-999.0;-1037.0;?;18;-19
?;-50;?;-1013.0;-1047.0;50;?
6.0;?;-937.0;-991.0;-997.0;3;-17
24.0;?;-894.0;-988.0;-985.0;0;-16
26.0;?;-979.0;-1007.0;-1003.0;?;-15
10.0;-1;?;-998.0;?;1;-16
11.0;-15;-967.0;-1010.0;-1011.0;15;-17
0.0;15;-951.0;-990.0;-999.0;-15;?
20.0;1;-952.0;-991.0;-988.0;-1;-19
9.0;-7;-937.0;-988.0;-972.0;7;-19
15.0;19;-953.0;-1003.0;-979.0;-19;-17
52.0;?;-954.0;-1010.0;-990.0;-30;-18
?;52;?;?;-1003.0;-52;-18
28.0;50;-953.0;-990.0;-1004.0;-50;-18
19.0;-3;-956.0;-992.0;-1016.0;3;-14
20.0;-30;-963.0;-990.0;-990.0;30;-17
10.0;4;-950.0;-989.0;-993.0;-4;?
?;11;-953.0;-990.0;-986.0;-11;-17
47.0;-6;-943.0;-989.0;-983.0;6;-15
?;13;-923.0;-970.0;?;-13;-15
-20.0;?;-970.0;-990.0;-1003.0;-29;-19
1.0;6;-948.0;-994.0;-1019.0;-6;-20
22.0;-38;-973.0;-1006.0;-997.0;38;?
-9.0;-26;-950.0;-1003.0;-998.0;26;-17
19.0;16;-957.0;-983.0;-985.0;-16;-16
30.0;-3;-934.0;-976.0;-956.0;3;-21
18.0;-5;-948.0;-990.0;-989.0;5;-17
12.0;23;-971.0;?;-989.0;?;-10
14.0;18;-953.0;-1013.0;-996.0;-18;-14
-25.0;-16;-975.0;?;-1004.0;16;-19
3.0;-15;?;-1012.0;-1040.0;15;-16
27.0;24;-971.0;-993.0;-992.0;-24;-19
46.0;0;-950.0;-993.0;-957.0;0;-25
26.0;-32;-940.0;-988.0;-987.0;32;-19
31.0;?;-965.0;-1004.0;-998.0;-4;-14
38.0;25;-930.0;-978.0;-1002.0;-25;-19
20.0;-7;-958.0;-984.0;-982.0;7;-20
21.0;-3;-954.0;-986.0;-992.0;3;?
19.0;39;-954.0;?;-1002.0;-39;-17
29.0;12;-958.0;-1009.0;-996.0;-12;-12
?;-3;-966.0;-1013.0;?;3;-11
10.0;18;-949.0;-989.0;-967.0;-18;-17
4.0;16;-957.0;-987.0;-985.0;?;-21
50.0;42;-965.0;-995.0;?;-42;?
15.0;?;-976.0;-1007.0;-1017.0;-49;-15
25.0;23;-963.0;-1003.0;-1009.0;-23;?
31.0;33;?;-988.0;-985.0;-33;-18
?;20;-969.0;-998.0;-962.0;-20;-13
6.0;5;-949.0;-995.0;-969.0;-5;-16
31.0;11;-958.0;-997.0;-991.0;-11;?
21.0;-28;-958.0;-992.0;-1010.0;28;-10
31.0;0;-952.0;-976.0;-1009.0;0;-19
59.0;-1;-968.0;-1014.0;-1001.0;1;-23
34.0;-49;-970.0;-1034.0;-802.0;49;-17
14.0;2;-921.0;-1000.0;-977.0;-2;?
0.0;3;-970.0;-1008.0;-960.0;?;-18
9.0;-14;-957.0;-1011.0;-989.0;14;-17
10.0;1;-951.0;-967.0;-1018.0;-1;-20
13.0;8;-971.0;-962.0;?;-8;-22
35.0;14;?;-984.0;-999.0;-14;-20
4.0;-15;-976.0;-1001.0;-999.0;15;-17
43.0;-8;-981.0;-1021.0;-1013.0;8;?
45.0;28;-979.0;-1037.0;-1018.0;?;-21
52.0;18;?;-1005.0;-1001.0;-18;-21
?;42;-948.0;?;-964.0;-42;-21
41.0;82;-950.0;-981.0;-977.0;-82;-16
?;72;-965.0;-1004.0;-1007.0;?;-16
?;72;-969.0;-1012.0;-1007.0;-72;-22
15.0;56;?;?;-1004.0;-56;-13
40.0;56;-962.0;-993.0;-994.0;-56;-11
15.0;65;-952.0;-986.0;?;-65;-23
18.0;-1;-947.0;-1007.0;-989.0;1;-15
?;-40;-962.0;-1010.0;-978.0;40;-9
71.0;-9;?;-1016.0;-970.0;9;-19
?;?;-957.0;-1007.0;?;-19;-17
64.0;12;-959.0;-1013.0;-988.0;-12;?
54.0;37;-931.0;-980.0;?;?;?
12.0;34;-963.0;-964.0;-1000.0;-34;-19
5.0;-33;-978.0;-996.0;?;?;-13
18.0;-32;-969.0;?;-988.0;32;-17
-7.0;-44;-966.0;-1007.0;-990.0;44;-19
?;-63;-961.0;-994.0;-996.0;63;-16
35.0;-64;-974.0;-972.0;-983.0;64;-18
17.0;-60;-964.0;-997.0;-987.0;60;-17
?;-1;-967.0;-1053.0;?;1;?
-11.0;-26;?;-1024.0;-1024.0;?;-18
12.0;-63;-964.0;-992.0;-994.0;63;?
30.0;-41;-952.0;-981.0;-972.0;41;-13
21.0;-24;-942.0;?;-964.0;24;?
19.0;?;-945.0;-976.0;-983.0;6;-22
40.0;-8;-961.0;-986.0;-992.0;8;-18
19.0;12;-957.0;-1002.0;-998.0;-12;-23
21.0;1;-966.0;-1005.0;-1006.0;-1;-22
20.0;?;-958.0;-996.0;-987.0;18;-16
?;-5;-947.0;-988.0;-974.0;?;?
22.0;-6;-943.0;-987.0;-973.0;?;-19
49.0;?;-955.0;?;-980.0;-5;-18
42.0;-16;-945.0;?;-1004.0;16;?
24.0;-29;-961.0;?;?;29;-15
13.0;-14;-970.0;-1014.0;?;14;-14
13.0;?;-984.0;-1013.0;-1006.0;18;-14
37.0;-17;-988.0;-1025.0;?;17;-17
26.0;-25;-985.0;-1023.0;-1014.0;25;-19
33.0;-30;-964.0;-997.0;-1000.0;30;-13
20.0;-25;-952.0;-977.0;-979.0;25;-11
21.0;-11;-946.0;-983.0;-977.0;11;-17
20.0;5;-962.0;-998.0;-976.0;-5;-20
49.0;5;-962.0;-1005.0;-988.0;-5;-18
21.0;?;-957.0;-999.0;-981.0;2;-15
?;-12;-954.0;-995.0;-976.0;12;-16
33.0;7;-950.0;-990.0;-988.0;-7;?
51.0;13;-954.0;-990.0;?;-13;-20
?;5;-961.0;-1000.0;-993.0;-5;-18
45.0;7;-957.0;-996.0;-992.0;-7;-18
52.0;-18;?;-991.0;-994.0;18;-19
48.0;6;-971.0;-1003.0;-995.0;-6;-19
61.0;2;-976.0;-1009.0;-1004.0;-2;?
40.0;-30;-968.0;-1002.0;-985.0;30;-20
34.0;-5;-965.0;-998.0;-994.0;5;-23
35.0;-5;-971.0;-996.0;-995.0;5;-24
68.0;13;-963.0;-996.0;-997.0;-13;-20
63.0;35;-959.0;?;-993.0;-35;-22
51.0;-9;?;-989.0;-999.0;9;-20
60.0;-42;-961.0;-994.0;-992.0;?;-18
40.0;-39;-955.0;-965.0;-986.0;39;-22
54.0;-30;-958.0;-992.0;-977.0;30;-16
60.0;-18;-963.0;-1007.0;?;18;-13
64.0;-13;-955.0;-1004.0;-972.0;13;-15
72.0;22;-954.0;-995.0;-985.0;-22;-18
72.0;17;-953.0;-989.0;-987.0;-17;-20
93.0;-17;-965.0;-999.0;-997.0;17;-18
94.0;29;-973.0;-1000.0;-997.0;-29;-19
61.0;30;-946.0;-986.0;-977.0;-30;-21
46.0;9;?;-988.0;-978.0;-9;-21
68.0;12;-974.0;-1009.0;-999.0;-12;-18
64.0;-23;-981.0;-1018.0;?;23;-16
52.0;-18;-977.0;-1013.0;-991.0;18;-16
?;5;-958.0;-987.0;?;-5;-16
60.0;-1;-955.0;-989.0;-983.0;1;?
60.0;18;-966.0;-1004.0;-987.0;-18;-19
42.0;1;-956.0;?;-986.0;-1;-17
87.0;-26;-962.0;-1005.0;-958.0;26;-17
?;24;-965.0;-1010.0;-974.0;-24;-15
46.0;30;-958.0;-1009.0;-973.0;-30;?
36.0;-29;-960.0;-1003.0;-987.0;29;-15
30.0;-31;-986.0;-998.0;-1017.0;31;?
28.0;-15;-979.0;-996.0;-1032.0;?;-23
38.0;-18;-956.0;-987.0;-1021.0;?;-21
32.0;?;-944.0;-982.0;-1016.0;37;-22
44.0;-50;-939.0;-980.0;-1011.0;50;-21
45.0;6;-948.0;?;-1003.0;-6;-17
?;22;-961.0;-996.0;-991.0;?;-16
37.0;3;-956.0;-989.0;-1000.0;-3;-15
18.0;2;-950.0;-976.0;-1000.0;-2;-13
50.0;-26;-955.0;-981.0;-1016.0;26;-18
40.0;0;-967.0;-984.0;-1022.0;?;-24
62.0;26;-983.0;-1006.0;-1014.0;-26;-18
?;11;-978.0;-1035.0;-992.0;-11;-14
41.0;34;-967.0;-1051.0;-953.0;-34;-14
55.0;11;-941.0;?;-898.0;?;-17
59.0;?;-963.0;-1051.0;-914.0;29;-20
66.0;20;-935.0;?;-975.0;-20;-16
46.0;34;-934.0;-903.0;-1000.0;-34;-13
61.0;?;-954.0;-930.0;?;?;-13
71.0;-23;-962.0;-979.0;-983.0;23;-13
33.0;6;-964.0;?;-995.0;-6;?
24.0;26;-975.0;-1003.0;-1013.0;-26;-20
19.0;14;-968.0;-976.0;?;-14;-19
20.0;-3;-970.0;-969.0;-1006.0;3;-17
37.0;16;-972.0;-982.0;-1018.0;?;-20
32.0;24;-968.0;-1003.0;-1039.0;-24;-14
-10.0;5;-962.0;-930.0;-1055.0;?;-8
-19.0;12;-896.0;-1000.0;-955.0;-12;-18
3.0;20;-918.0;-1056.0;-920.0;-20;-16
20.0;8;-961.0;-1051.0;-945.0;-8;-16
22.0;3;-982.0;-1044.0;-988.0;-3;-19
30.0;-9;?;-1053.0;?;9;-15
36.0;4;-985.0;-1034.0;?;-4;-18
74.0;37;-975.0;-996.0;-968.0;-37;-17
?;15;-943.0;-957.0;-953.0;-15;?
40.0;5;-964.0;-961.0;-993.0;-5;?
35.0;-3;-970.0;?;-990.0;3;-15
65.0;-15;-965.0;?;-972.0;15;-19
57.0;?;-960.0;-1021.0;-967.0;-15;-18
50.0;9;-946.0;-1003.0;-970.0;-9;-15
42.0;7;-946.0;?;-986.0;-7;-18
32.0;15;-948.0;?;-998.0;-15;-19
10.0;?;-947.0;-982.0;-995.0;?;-21
?;-13;-947.0;-988.0;?;13;-17
67.0;5;-941.0;-979.0;-988.0;-5;-12
53.0;-10;-945.0;-975.0;-992.0;10;-19
45.0;25;-958.0;-991.0;-1004.0;-25;-19
31.0;22;-965.0;-1012.0;-1011.0;-22;?
38.0;-25;-966.0;?;-1004.0;25;-13
13.0;10;?;-1008.0;-996.0;-10;-11
37.0;9;-960.0;-1000.0;-993.0;-9;-11
49.0;-33;-964.0;-996.0;-1011.0;33;-15
30.0;8;-958.0;-995.0;-1014.0;-8;-20
?;19;-951.0;-992.0;-991.0;-19;-19
35.0;-11;-947.0;-996.0;-981.0;11;-18
21.0;6;-959.0;-1000.0;-991.0;-6;-19
28.0;6;-963.0;-1012.0;?;-6;-15
31.0;?;-959.0;-1004.0;-993.0;4;?
30.0;-14;-953.0;-993.0;-978.0;14;-18
61.0;-16;-953.0;?;-981.0;16;-15
47.0;-19;-960.0;-1000.0;-988.0;19;-17
8.0;-4;-959.0;-1003.0;-994.0;4;-20
28.0;35;-959.0;-999.0;-998.0;-35;?
36.0;?;-956.0;-998.0;-989.0;-27;-17
35.0;36;-950.0;-998.0;-977.0;?;-21
29.0;-4;-951.0;-993.0;-981.0;4;-22
?;-48;-955.0;-1004.0;-991.0;?;-17
51.0;17;-950.0;-1000.0;-987.0;-17;?
16.0;31;-952.0;-999.0;-991.0;-31;-21
26.0;14;-947.0;-985.0;-990.0;-14;?
58.0;18;-953.0;-985.0;-996.0;-18;-15
56.0;15;-959.0;-995.0;-1002.0;-15;-15
32.0;14;-956.0;-993.0;-1007.0;-14;-18
?;-6;-958.0;-997.0;-1001.0;6;-16
30.0;-8;-954.0;-1002.0;?;8;-16
51.0;-8;-956.0;-994.0;-986.0;8;-20
29.0;-32;-955.0;-994.0;-992.0;32;-22
?;-12;-959.0;-1000.0;-997.0;?;-18
36.0;29;-964.0;-1004.0;-993.0;-29;-16
21.0;6;-950.0;-996.0;-987.0;-6;-19
30.0;-18;-955.0;-995.0;-996.0;18;-19
16.0;?;-967.0;-999.0;-1002.0;8;-17
?;-12;-972.0;-1001.0;?;12;-14
34.0;-14;-960.0;-973.0;-1020.0;14;-15
43.0;7;-949.0;?;-1006.0;-7;-20
32.0;-15;-953.0;-1003.0;-1006.0;15;-17
36.0;-82;-980.0;-1044.0;-985.0;82;-13
?;-91;-974.0;?;-977.0;91;-20
40.0;-47;-967.0;-1003.0;-1000.0;?;-30
32.0;-25;-968.0;-1009.0;-981.0;?;-22
29.0;-28;-956.0;-994.0;?;28;-16
51.0;-19;-945.0;-975.0;-972.0;?;-22
40.0;-5;-960.0;-970.0;-978.0;?;-19
40.0;-20;?;-986.0;?;20;-17
40.0;-28;-986.0;-1012.0;-1001.0;?;-16
37.0;-10;-969.0;-990.0;-998.0;10;-14
33.0;19;-973.0;-1002.0;-969.0;-19;-19
58.0;38;-930.0;-976.0;-941.0;-38;-14
41.0;12;-933.0;-974.0;?;-12;-11
52.0;9;-997.0;-1009.0;-992.0;-9;-17
58.0;?;-982.0;-1027.0;-1021.0;-42;-20
81.0;?;-976.0;-1020.0;-1004.0;-46;-18
80.0;38;-952.0;-989.0;-961.0;-38;?
74.0;47;-943.0;?;?;-47;-18
91.0;?;-960.0;-1000.0;-992.0;-38;-18
?;6;-999.0;-1017.0;-1027.0;-6;-19
100.0;15;-963.0;-994.0;-994.0;-15;-20
101.0;25;-951.0;-974.0;-970.0;-25;-21
71.0;16;-953.0;-955.0;-977.0;-16;-19
93.0;?;-964.0;-967.0;-968.0;-26;-17
72.0;11;-959.0;-996.0;-985.0;-11;-19
58.0;8;-1029.0;-1033.0;-1010.0;-8;-18
76.0;17;-936.0;-1005.0;-991.0;-17;-18
?;16;-980.0;-983.0;-973.0;-16;-21
77.0;15;-976.0;-998.0;-980.0;-15;-20
37.0;-5;-980.0;-1002.0;-1010.0;5;?
21.0;?;-991.0;-1013.0;?;-14;?
43.0;32;-1018.0;-1029.0;-1013.0;-32;-15
59.0;26;-1004.0;-1019.0;-993.0;-26;-18
67.0;39;-991.0;-1000.0;?;-39;?
80.0;27;-955.0;-1007.0;-955.0;-27;-20
73.0;-3;-955.0;-1004.0;-962.0;3;-18
79.0;-3;-940.0;?;-987.0;3;-21
82.0;14;-978.0;-1007.0;-992.0;-14;-19
40.0;12;-951.0;-990.0;-976.0;-12;-18
31.0;5;-954.0;-962.0;-966.0;-5;-18
54.0;5;-992.0;-983.0;-988.0;-5;-18
56.0;2;-997.0;-1011.0;-1019.0;-2;-21
41.0;25;-1010.0;-1045.0;-1026.0;-25;-13
?;37;-977.0;-1004.0;-1004.0;-37;-16
48.0;1;-969.0;-987.0;-998.0;-1;-20
34.0;-16;-972.0;-990.0;-984.0;16;?
?;?;-970.0;-1004.0;-987.0;-13;-19
56.0;29;-956.0;-996.0;-978.0;-29;-14
35.0;17;-961.0;-996.0;?;-17;?
42.0;18;-964.0;-1001.0;-993.0;-18;-15
52.0;9;-979.0;-991.0;?;?;-11
75.0;-6;?;-984.0;-985.0;6;-18
25.0;3;-966.0;-996.0;-970.0;-3;?
28.0;5;?;-1013.0;-980.0;-5;-18
51.0;?;-978.0;-1013.0;-987.0;-10;-18
62.0;15;-970.0;-1008.0;-984.0;-15;-18
70.0;?;-959.0;-991.0;-971.0;0;-20
59.0;-6;-943.0;-984.0;-960.0;6;-17
33.0;3;-940.0;-982.0;-979.0;-3;-19
?;-4;-964.0;-984.0;-983.0;4;-20
84.0;-45;-970.0;-992.0;-991.0;45;-19
63.0;-40;-968.0;-988.0;?;?;-15
80.0;-30;?;-991.0;-997.0;30;?
47.0;-26;-979.0;-992.0;-1004.0;26;-20
67.0;?;-978.0;?;-1003.0;-4;?
59.0;-23;?;-1008.0;-1003.0;23;-15
59.0;-6;-982.0;-1008.0;-1003.0;6;-13
94.0;11;-975.0;-1007.0;-995.0;-11;-14
62.0;-21;-971.0;-1004.0;?;21;-17
?;-6;-973.0;-1000.0;?;6;-17
62.0;-14;?;-1004.0;-993.0;14;-11
61.0;-21;-970.0;-1005.0;-994.0;21;-17
?;-16;-967.0;-989.0;-990.0;16;?
?;-17;-969.0;-996.0;?;17;-19
?;-19;-974.0;-1001.0;-992.0;19;-17
81.0;-28;-977.0;-1008.0;-992.0;28;-17
50.0;-27;-975.0;-1000.0;-986.0;27;-17
?;-33;-968.0;-997.0;-981.0;33;-16
?;-12;?;-992.0;-975.0;12;-16
55.0;-16;-962.0;-996.0;-980.0;16;-15
90.0;-39;-961.0;-998.0;?;39;-12
84.0;-18;-961.0;-992.0;-973.0;18;-14
68.0;-8;-971.0;-993.0;-982.0;8;-17
51.0;5;-972.0;-998.0;-997.0;?;-16
59.0;-11;-979.0;-1006.0;-1005.0;?;-18
62.0;-27;-972.0;-1000.0;-992.0;27;-20
61.0;-4;?;-996.0;-976.0;4;-19
71.0;-6;-966.0;-991.0;-979.0;6;-18
72.0;-14;-962.0;-991.0;-983.0;14;-19
55.0;-29;-973.0;-995.0;-986.0;29;-18
49.0;-21;-979.0;?;-987.0;?;?
77.0;-42;-975.0;-1005.0;-990.0;42;-21
48.0;-58;-972.0;-1005.0;-983.0;58;-16
64.0;-29;-973.0;-1003.0;-985.0;29;-11
68.0;-51;-977.0;-1007.0;-992.0;51;-13
77.0;-11;-969.0;?;-988.0;11;-14
51.0;15;-968.0;-989.0;-984.0;-15;-19
92.0;-8;-972.0;-990.0;-992.0;8;-17
85.0;18;-988.0;-1004.0;?;-18;-11
44.0;26;-986.0;-1014.0;-1002.0;-26;-14
32.0;32;-980.0;-1009.0;-995.0;-32;-14
?;2;-979.0;-1007.0;-986.0;-2;?
80.0;7;?;-1004.0;?;-7;-24
51.0;21;-969.0;-1001.0;-967.0;-21;-20
?;-17;-965.0;-993.0;?;17;-22
50.0;28;-970.0;-1003.0;-971.0;-28;-17
55.0;53;-969.0;-1009.0;-982.0;-53;-14
73.0;10;-965.0;-1011.0;-978.0;-10;-19
69.0;33;-968.0;-1000.0;-978.0;?;-19
71.0;26;-963.0;-994.0;-976.0;-26;-20
52.0;?;-963.0;-992.0;-986.0;17;-21
59.0;11;-969.0;-993.0;-996.0;-11;-18
52.0;6;-961.0;-991.0;-999.0;-6;-17
65.0;-14;-958.0;-982.0;-995.0;14;?
64.0;2;-960.0;-980.0;-997.0;-2;-14
69.0;19;-963.0;-983.0;-998.0;-19;-21
?;15;-972.0;-995.0;-1005.0;-15;-19
62.0;-16;-975.0;?;-996.0;16;?
40.0;-1;-963.0;-1000.0;-979.0;1;-13
?;-8;-965.0;?;-978.0;8;?
61.0;-29;-969.0;-1003.0;-986.0;29;-16
71.0;14;-976.0;-1009.0;?;-14;?
48.0;?;-972.0;-1007.0;-989.0;-27;3
69.0;13;-963.0;-1001.0;-983.0;-13;?
59.0;29;-963.0;-1000.0;-985.0;-29;-26
44.0;6;-961.0;-999.0;-987.0;-6;-14
59.0;-24;-959.0;-997.0;-986.0;24;-16
30.0;-43;?;-996.0;-983.0;43;-21
63.0;-41;-965.0;?;-982.0;41;-12
58.0;20;-974.0;-997.0;?;-20;?
65.0;3;-979.0;-1005.0;-994.0;-3;-21
?;-17;-966.0;-1000.0;-1000.0;17;-16
78.0;10;-953.0;-990.0;-1000.0;-10;-20
?;?;-946.0;-982.0;-990.0;10;?
70.0;-18;-948.0;?;?;18;-15
81.0;-10;-957.0;?;-986.0;10;?
70.0;?;-956.0;-993.0;-986.0;-13;-20
?;29;?;?;-978.0;-29;-19
69.0;8;-968.0;?;-986.0;-8;-18
49.0;?;-976.0;-1016.0;-986.0;-6;-19
52.0;15;-975.0;-1009.0;-991.0;-15;-17
71.0;14;?;-1001.0;-976.0;-14;-16
75.0;19;-968.0;-1001.0;?;-19;-17
83.0;?;-967.0;-998.0;-992.0;-7;-16
72.0;9;?;-993.0;?;-9;-14
50.0;14;-972.0;-1000.0;?;-14;-14
66.0;-6;-972.0;-1000.0;?;6;-16
?;19;-976.0;-1000.0;-999.0;-19;-18
70.0;22;?;-1003.0;-994.0;-22;-18
78.0;19;-963.0;-998.0;-977.0;-19;-16
91.0;22;-967.0;-995.0;-966.0;-22;-14
72.0;-7;-970.0;-1002.0;-969.0;7;-15
71.0;11;-973.0;-1004.0;-984.0;-11;-18
70.0;21;-966.0;-997.0;-992.0;-21;-14
75.0;6;-964.0;-991.0;-994.0;?;-13
88.0;8;-967.0;-995.0;-989.0;-8;-16
69.0;18;-968.0;-1006.0;-981.0;-18;-16
73.0;15;-958.0;-1001.0;-971.0;-15;-16
89.0;?;-961.0;-1000.0;-975.0;4;-16
77.0;5;-969.0;-1001.0;-984.0;-5;-18
60.0;24;-964.0;-999.0;-978.0;-24;-22
?;8;-961.0;-999.0;-974.0;-8;-18
89.0;22;-961.0;-992.0;-973.0;-22;-19
85.0;37;-964.0;-998.0;-989.0;-37;-19
58.0;8;?;-999.0;-990.0;-8;-11
63.0;?;-962.0;?;-986.0;?;-18
51.0;-18;-968.0;-994.0;-988.0;18;-21
51.0;-36;-974.0;-1003.0;-1000.0;36;-15
40.0;-3;?;-1003.0;-998.0;3;-19
40.0;-6;-974.0;-1006.0;?;?;?
28.0;0;-972.0;-1002.0;-998.0;0;?
33.0;9;?;-1007.0;-1003.0;-9;-17
4.0;-4;-980.0;-1007.0;-999.0;?;?
-9.0;?;?;-1013.0;?;24;?
16.0;?;-985.0;-1009.0;-1013.0;13;-20
?;-15;-977.0;?;?;15;-19
14.0;-68;-990.0;-1007.0;-1015.0;68;?
-6.0;-60;-1003.0;-1020.0;-1022.0;60;-33
-14.0;-76;-1006.0;-1022.0;-1019.0;?;4
51.0;-59;-995.0;-1013.0;-1016.0;59;-58
25.0;-131;-972.0;-976.0;-972.0;131;-116
7.0;-335;-933.0;-936.0;-958.0;335;-12
16.0;-243;-924.0;-923.0;?;?;-12
123.0;-95;-936.0;-945.0;-970.0;?;13
102.0;-65;-909.0;?;-928.0;65;39
44.0;95;-879.0;-878.0;-899.0;-95;18
139.0;405;-891.0;-884.0;-920.0;?;46
161.0;539;-881.0;-899.0;-929.0;-539;?
149.0;276;-864.0;-878.0;-872.0;-276;?
203.0;123;-872.0;-882.0;-844.0;-123;-48
320.0;134;-883.0;-909.0;-868.0;?;-39
263.0;60;-893.0;-920.0;-845.0;-60;-17
172.0;37;-931.0;-941.0;-815.0;-37;?
216.0;10;-972.0;-1022.0;-848.0;-10;-19
288.0;9;-987.0;-1051.0;-857.0;-9;-14
224.0;90;-982.0;-1041.0;-847.0;-90;-16
227.0;112;-939.0;-998.0;-828.0;-112;-20
239.0;155;?;?;-799.0;?;-17
279.0;212;-953.0;-944.0;-786.0;-212;-12
240.0;205;?;-949.0;-804.0;-205;-11
202.0;397;?;-965.0;-814.0;-397;-24
202.0;678;-954.0;-961.0;-812.0;-678;-18
229.0;655;?;-963.0;-809.0;-655;-40
276.0;788;-961.0;-984.0;-809.0;-788;-15
?;1705;-966.0;-1001.0;-807.0;-1705;?
259.0;3254;-963.0;-998.0;-807.0;-3254;-110
220.0;4753;-962.0;?;-823.0;-4753;-295
257.0;5840;-953.0;-979.0;-848.0;-5840;-755
272.0;6257;-950.0;-951.0;-871.0;-6257;-327
330.0;3997;-950.0;-941.0;-901.0;-3997;4
314.0;?;-979.0;-952.0;-958.0;?;-223
389.0;-2487;-1002.0;-981.0;-999.0;2487;720
148.0;?;-1002.0;-1002.0;-1012.0;2856;1049
?;-3035;-1050.0;-1000.0;?;3035;548
158.0;-3523;-1046.0;-1072.0;-1083.0;3523;335
200.0;-4200;?;-1093.0;-1138.0;4200;5
-26.0;-4277;-1025.0;-1149.0;-1109.0;4277;-130
-141.0;-4018;?;?;-973.0;4018;?
-29.0;?;-860.0;-632.0;-872.0;3708;-293
69.0;-3130;-915.0;-777.0;-893.0;3130;-327
?;-2564;?;-893.0;-983.0;2564;-470
?;-3236;-968.0;?;-1005.0;3236;-784
1.0;-3958;-923.0;-920.0;-999.0;3958;62
30.0;-1688;-874.0;-903.0;-940.0;1688;1274
42.0;1542;-842.0;-870.0;-887.0;-1542;-250
19.0;2256;-842.0;-845.0;-866.0;-2256;-29
64.0;?;-882.0;-859.0;-884.0;-2598;2240
26.0;2589;-901.0;-905.0;-925.0;-2589;1142
7.0;891;-869.0;-920.0;-943.0;-891;-490
35.0;321;-887.0;-933.0;-957.0;-321;-300
78.0;382;-886.0;-943.0;-980.0;-382;-64
36.0;84;-863.0;-892.0;-957.0;-84;-70
147.0;185;-907.0;-902.0;?;-185;0
121.0;?;-965.0;-917.0;-1024.0;-118;-33
136.0;124;-1027.0;-947.0;-1069.0;-124;-34
27.0;147;-1040.0;-1000.0;-1083.0;-147;-9
?;108;-1164.0;-1160.0;-1192.0;-108;-27
-198.0;127;-1263.0;-1270.0;-1195.0;-127;-10
-170.0;87;-1121.0;-1222.0;-1031.0;-87;-24
150.0;35;?;-1072.0;-837.0;-35;-16
97.0;35;-831.0;-908.0;?;-35;-7
-46.0;?;-960.0;-924.0;-748.0;?;-13
-94.0;135;-1038.0;-1043.0;-864.0;-135;-14
-55.0;262;-1085.0;-1094.0;-962.0;-262;-4
145.0;224;-1011.0;-1045.0;-969.0;-224;-43
126.0;478;-916.0;-926.0;-917.0;-478;-23
45.0;847;-872.0;-861.0;?;-847;-2
42.0;?;-870.0;-853.0;-881.0;-782;-103
91.0;2058;-888.0;-772.0;-884.0;?;50
31.0;2760;-899.0;-800.0;-914.0;-2760;?
66.0;3337;-891.0;-858.0;-918.0;-3337;54
137.0;5851;-892.0;-911.0;-897.0;-5851;-215
66.0;5808;-897.0;-971.0;-875.0;-5808;-1230
79.0;2910;-896.0;-974.0;-849.0;-2910;-29
-30.0;126;-886.0;-979.0;-818.0;-126;-495
149.0;-1905;?;-973.0;-776.0;1905;-631
?;?;-998.0;-1032.0;-805.0;2802;1315
-95.0;-3314;-1002.0;-1162.0;-970.0;3314;?
-254.0;-4021;-1125.0;?;-1004.0;4021;226
?;-4261;-1187.0;-1276.0;-1137.0;4261;381
157.0;?;?;-1217.0;-1176.0;4281;44
-177.0;-4041;-1057.0;?;?;4041;-41
?;-3417;-940.0;?;-1088.0;3417;-289
-150.0;-3082;-894.0;?;?;3082;?
6.0;-2394;-921.0;-853.0;-983.0;2394;-100
93.0;-1695;-937.0;-930.0;-1002.0;1695;91
?;-2496;-921.0;-896.0;-960.0;2496;-225
-102.0;-2524;-851.0;-856.0;-910.0;2524;461
-23.0;-1805;?;-810.0;-845.0;1805;594
-75.0;-360;-795.0;-825.0;-808.0;360;519
-42.0;2201;-802.0;-838.0;-811.0;-2201;2254
-40.0;848;-803.0;-854.0;-805.0;-848;-353
-47.0;280;-826.0;-878.0;-824.0;-280;-2527
-67.0;1395;-873.0;-954.0;-871.0;-1395;-413
-118.0;-72;-897.0;?;-896.0;72;4
-181.0;-20;-907.0;-991.0;-917.0;20;-84
-122.0;244;-907.0;-998.0;-912.0;-244;9
-130.0;-68;?;-1012.0;-876.0;68;-97
-166.0;133;-878.0;?;?;-133;5
-255.0;-75;?;?;-890.0;75;-73
79.0;-124;-958.0;-971.0;-904.0;124;-42
-86.0;-132;-1094.0;-981.0;-1032.0;132;11
99.0;-109;-885.0;-861.0;-781.0;109;70
-103.0;20;-837.0;-920.0;-706.0;?;?
173.0;194;-1004.0;-893.0;-914.0;-194;32
213.0;336;-1035.0;-870.0;-895.0;-336;-17
339.0;364;-1040.0;-927.0;-919.0;-364;?
68.0;298;-972.0;?;-898.0;-298;-64
209.0;284;?;-878.0;-844.0;-284;-168
227.0;306;-891.0;-870.0;-785.0;-306;51
133.0;194;?;-829.0;-621.0;?;-285
4.0;-21;-733.0;-732.0;-530.0;21;196
18.0;?;-699.0;-705.0;-552.0;-1391;?
86.0;2718;-728.0;-738.0;-561.0;-2718;-1064
18.0;201;-719.0;-733.0;-595.0;-201;-2171
105.0;-1693;-731.0;-743.0;-647.0;1693;?
107.0;-597;-777.0;-683.0;-690.0;597;-81
1.0;-101;-563.0;-667.0;-611.0;101;-59
-283.0;-21;-464.0;-534.0;-524.0;21;-13
6.0;19;-440.0;-442.0;-453.0;-19;-11
-197.0;-348;-439.0;?;-456.0;348;-68
?;-635;-473.0;-635.0;-673.0;635;-159
-102.0;-738;-389.0;-694.0;-805.0;738;-27
-184.0;-456;-550.0;-588.0;-710.0;456;32
?;-71;-500.0;-567.0;-682.0;71;-158
?;-168;-467.0;-592.0;-728.0;168;-37
9.0;-153;-465.0;-624.0;-733.0;153;25
-151.0;-38;-535.0;?;-807.0;38;?
-165.0;-81;-624.0;-857.0;-853.0;81;-26
-187.0;?;-649.0;-897.0;?;95;-91
-222.0;-265;-598.0;-947.0;-846.0;265;-14
-65.0;?;-558.0;-1002.0;-846.0;?;?
-145.0;-372;-515.0;-892.0;-855.0;372;-74
?;-414;-494.0;-805.0;-843.0;414;-22
-60.0;-375;-498.0;-829.0;-853.0;375;-38
-19.0;-425;-575.0;-804.0;?;425;-45
-29.0;-545;-589.0;-785.0;-756.0;545;-30
16.0;-569;-571.0;?;-794.0;?;-12
4.0;?;-596.0;?;-775.0;623;9
2.0;-681;-601.0;-580.0;?;681;23
1.0;?;-570.0;?;-997.0;?;12
29.0;-556;-583.0;-504.0;?;556;?
11.0;-404;-593.0;-665.0;-742.0;404;52
74.0;-289;?;-774.0;-674.0;?;-61
54.0;-377;-662.0;-686.0;-713.0;377;13
59.0;-256;-634.0;-581.0;-769.0;256;-75
?;-352;-658.0;-516.0;-746.0;352;101
33.0;?;-758.0;-465.0;-792.0;334;-79
88.0;-311;-806.0;-589.0;-734.0;311;-35
72.0;162;-611.0;-608.0;-755.0;-162;939
100.0;?;-670.0;-550.0;-644.0;?;-480
81.0;1958;-889.0;?;-850.0;-1958;-381
?;1076;-872.0;-729.0;-933.0;-1076;958
61.0;4245;-705.0;-640.0;-862.0;-4245;-1245
142.0;3300;-811.0;-664.0;-733.0;-3300;-1746
21.0;901;-824.0;-774.0;?;-901;-261
159.0;1132;-708.0;-740.0;-842.0;-1132;?
?;258;-756.0;-653.0;-744.0;-258;-27
-14.0;-1114;-773.0;-718.0;-835.0;1114;-179
139.0;-1507;-911.0;-910.0;-878.0;1507;-246
119.0;-1764;-918.0;-868.0;-871.0;1764;-168
86.0;-1968;-926.0;-818.0;-914.0;1968;12
230.0;-1944;-894.0;-792.0;-935.0;1944;208
?;-1449;-879.0;-615.0;-982.0;?;308
?;-760;-961.0;-772.0;-1040.0;760;?
126.0;?;-897.0;?;-898.0;285;372
99.0;294;-879.0;-910.0;-847.0;-294;337
162.0;332;-911.0;-935.0;-875.0;-332;315
136.0;340;-867.0;-1010.0;-895.0;-340;384
219.0;123;-855.0;-867.0;-880.0;-123;314
237.0;-429;-936.0;?;-903.0;429;366
264.0;-296;-922.0;-894.0;-912.0;296;429
275.0;-237;-994.0;-898.0;-935.0;237;85
320.0;-379;-1012.0;-956.0;-919.0;379;-64
330.0;-544;-988.0;-978.0;-893.0;544;-55
395.0;?;-1001.0;-951.0;-835.0;641;-84
372.0;-654;-916.0;-895.0;?;654;33
466.0;-725;-941.0;-879.0;-826.0;725;7
476.0;-375;-928.0;-836.0;-747.0;?;-34
477.0;-201;-912.0;-803.0;?;201;2
?;-226;-921.0;-830.0;-841.0;226;-19
476.0;-59;-877.0;?;-779.0;59;-4
561.0;107;-865.0;-908.0;-814.0;-107;-13
577.0;169;-856.0;-923.0;-768.0;-169;-35
659.0;-72;-917.0;?;-720.0;72;-10
660.0;-196;-913.0;-890.0;-743.0;196;-168
688.0;-177;-901.0;-865.0;-761.0;177;-320
698.0;-172;?;-818.0;-729.0;172;-260
737.0;-185;-859.0;-715.0;-708.0;185;-285
709.0;-201;-849.0;-685.0;-731.0;201;-296
746.0;?;-846.0;-684.0;-700.0;-123;?
756.0;443;-856.0;-669.0;-725.0;-443;?
?;676;-929.0;?;-673.0;-676;-35
?;629;-875.0;-808.0;-590.0;-629;-25
827.0;337;-856.0;-803.0;-572.0;-337;43
881.0;773;-852.0;-714.0;?;-773;51
?;1085;?;?;-507.0;-1085;25
930.0;331;-885.0;-593.0;-478.0;-331;85
?;-135;-836.0;-569.0;-439.0;135;8
?;260;-853.0;-538.0;-469.0;-260;-60
973.0;486;-870.0;-406.0;?;-486;107
942.0;401;-815.0;-344.0;-339.0;-401;101
939.0;94;-826.0;-325.0;-330.0;-94;22
967.0;?;-732.0;-267.0;-374.0;666;110
850.0;-992;-564.0;-188.0;-319.0;992;171
833.0;-783;-739.0;-319.0;-151.0;783;-7
918.0;-1162;-910.0;-301.0;-143.0;1162;-30
1088.0;-1622;-709.0;?;?;1622;73
1060.0;-1352;-568.0;-96.0;14.0;1352;-78
1236.0;-984;-668.0;41.0;100.0;984;114
?;-240;-588.0;150.0;200.0;240;-470
994.0;550;-568.0;199.0;279.0;-550;-1074
983.0;1061;-439.0;90.0;409.0;-1061;?
1087.0;2388;-395.0;191.0;281.0;?;-279
887.0;3443;-445.0;107.0;316.0;-3443;-534
973.0;3351;-405.0;?;?;-3351;-362
1000.0;2978;-285.0;71.0;295.0;-2978;-408
950.0;2738;-806.0;247.0;137.0;?;?
1139.0;?;-523.0;5.0;205.0;-2465;151
1183.0;1948;-391.0;126.0;59.0;-1948;?
1089.0;1692;-447.0;-25.0;-3.0;-1692;253
1139.0;1822;-406.0;-30.0;-112.0;-1822;381
968.0;1955;-425.0;-30.0;-205.0;-1955;577
861.0;?;-391.0;?;-180.0;-2099;577
930.0;2175;-329.0;-20.0;10.0;-2175;595
1014.0;2151;-342.0;?;172.0;-2151;674
1041.0;2308;-239.0;40.0;?;-2308;?
1154.0;2348;-286.0;-14.0;170.0;-2348;-199
1205.0;2344;-285.0;?;?;-2344;33
1050.0;1882;-314.0;-57.0;169.0;-1882;344
904.0;864;?;-1.0;123.0;-864;149
941.0;342;-312.0;-14.0;121.0;?;-209
982.0;-187;-310.0;-10.0;?;187;-216
1077.0;-382;-297.0;-7.0;160.0;382;-366
1081.0;-716;-259.0;-5.0;166.0;716;-675
1197.0;-926;-271.0;1.0;138.0;926;-526
901.0;-182;-292.0;-30.0;106.0;?;-100
1035.0;-946;-299.0;?;87.0;946;264
?;-1653;-315.0;-44.0;40.0;1653;316
999.0;?;-358.0;-54.0;39.0;822;51
995.0;-809;-331.0;-48.0;28.0;809;60
990.0;-933;-327.0;-43.0;-9.0;933;-320
996.0;-190;?;49.0;?;190;-730
?;218;-380.0;-49.0;5.0;?;157
1001.0;50;-408.0;-48.0;-25.0;-50;229
973.0;-126;-417.0;-49.0;-72.0;126;-277
956.0;158;?;-73.0;-57.0;-158;8
1019.0;674;?;-29.0;9.0;-674;-95
1043.0;?;?;-99.0;1.0;-707;-144
989.0;885;?;?;-10.0;-885;-243
995.0;?;-423.0;-59.0;?;-876;-472
1110.0;-288;-419.0;-17.0;-17.0;288;-208
924.0;-871;-448.0;?;-74.0;871;?
978.0;-157;-450.0;-51.0;-69.0;?;?
961.0;34;-451.0;-55.0;-32.0;?;317
951.0;-288;-476.0;-66.0;-83.0;?;123
1032.0;-258;-479.0;-64.0;-98.0;258;?
1023.0;-116;-478.0;-90.0;-35.0;116;184
1039.0;180;-380.0;-75.0;-207.0;-180;27
1034.0;?;-383.0;-76.0;-213.0;-260;63
1006.0;278;-396.0;-70.0;-163.0;-278;-90
982.0;242;-403.0;-69.0;-123.0;-242;-122
992.0;216;-361.0;-85.0;?;-216;-44
995.0;182;-395.0;-60.0;-112.0;-182;74
981.0;151;-372.0;-86.0;-95.0;-151;93
1074.0;153;-364.0;-91.0;-124.0;-153;97
1003.0;142;-379.0;-102.0;-136.0;-142;56
1129.0;113;-382.0;-120.0;-143.0;-113;-85
1061.0;58;-395.0;-125.0;-132.0;-58;?
1032.0;-88;-402.0;-118.0;?;88;48
1024.0;-204;-413.0;-138.0;-184.0;204;-34
1001.0;-111;-413.0;-135.0;-180.0;111;-116
1105.0;124;?;?;-233.0;-124;-70
1166.0;264;-427.0;?;-237.0;?;2
946.0;299;-392.0;-133.0;-213.0;-299;41
1048.0;300;-385.0;-133.0;-197.0;-300;45
988.0;153;-383.0;-126.0;-184.0;-153;41
1035.0;41;-385.0;-120.0;-190.0;-41;-26
963.0;69;-398.0;-121.0;-194.0;-69;13
1022.0;194;?;-136.0;-196.0;-194;58
989.0;?;?;-146.0;-222.0;-274;20
995.0;238;-404.0;-144.0;-223.0;-238;32
?;492;-406.0;-150.0;-202.0;-492;-268
1003.0;668;-392.0;-137.0;-208.0;-668;-285
975.0;423;-383.0;-119.0;?;-423;4
?;233;-368.0;-110.0;-187.0;-233;-49
941.0;108;-350.0;-91.0;-167.0;-108;-49
1005.0;?;-361.0;?;?;?;-50
961.0;?;-342.0;-99.0;-169.0;22;-16
1127.0;-318;-343.0;-96.0;-100.0;318;56
979.0;?;-331.0;-99.0;?;573;-38
1016.0;-585;-331.0;-91.0;-94.0;585;-16
1060.0;-726;?;-97.0;-104.0;726;112
973.0;-861;-318.0;-99.0;-127.0;861;152
1024.0;-952;-315.0;-59.0;-134.0;952;138
1007.0;-801;-341.0;?;-186.0;801;115
1016.0;-478;-345.0;-87.0;-189.0;478;210
1066.0;-484;-331.0;-91.0;-151.0;484;296
1070.0;-373;-324.0;-92.0;?;?;184
1012.0;140;-312.0;-88.0;-171.0;-140;89
1073.0;513;-316.0;-102.0;-134.0;-513;11
?;573;-335.0;-101.0;-173.0;-573;164
1067.0;114;-311.0;-89.0;-175.0;-114;201
?;-924;-325.0;-79.0;-149.0;924;-167
1069.0;-1848;-332.0;-77.0;-171.0;1848;-149
1007.0;-2294;-327.0;-70.0;-186.0;2294;-5
1029.0;-2190;-323.0;-80.0;-208.0;?;-111
1035.0;-1727;-332.0;-73.0;-187.0;1727;4
923.0;-1439;-338.0;-67.0;-167.0;1439;204
?;-1267;-323.0;-60.0;-118.0;1267;?
1030.0;-1217;-349.0;-75.0;-155.0;1217;177
?;-1282;-333.0;-88.0;-165.0;1282;206
1035.0;-763;-322.0;-96.0;?;763;171
1017.0;-360;-346.0;?;-104.0;?;238
1045.0;-238;-330.0;-71.0;-131.0;238;186
1019.0;156;-365.0;-105.0;-126.0;-156;107
?;87;-362.0;-52.0;-152.0;-87;252
1143.0;240;?;-82.0;-163.0;-240;2
1077.0;525;-291.0;-94.0;-173.0;-525;?
1037.0;387;-343.0;-90.0;-187.0;-387;-132
?;367;-351.0;-160.0;-190.0;?;-86
976.0;329;?;-85.0;-199.0;-329;1
999.0;352;-335.0;-144.0;-159.0;-352;-14
?;429;-348.0;-113.0;-61.0;-429;-82
966.0;571;-348.0;-322.0;-64.0;-571;-55
1022.0;653;-388.0;-111.0;-35.0;-653;-34
1029.0;449;-379.0;-125.0;-11.0;-449;-44
1107.0;167;-451.0;-153.0;?;?;-92
1131.0;-17;-430.0;-180.0;12.0;17;-138
925.0;29;-428.0;-215.0;-19.0;-29;-200
986.0;-39;-554.0;-264.0;-44.0;39;?
937.0;?;-655.0;?;-182.0;?;-248
960.0;?;-653.0;-451.0;-167.0;139;-520
952.0;-962;-721.0;?;-244.0;962;-443
946.0;-721;-727.0;-406.0;-332.0;721;180
883.0;32;-686.0;-419.0;-367.0;-32;384
?;244;-661.0;-544.0;-392.0;-244;?
839.0;347;-729.0;-541.0;-400.0;-347;201
903.0;324;-792.0;-587.0;?;?;209
854.0;310;-854.0;-643.0;-513.0;-310;-27
865.0;169;-867.0;-699.0;-592.0;-169;-32
769.0;23;-909.0;-734.0;-626.0;?;25
849.0;93;-949.0;-1057.0;-676.0;-93;?
758.0;31;-903.0;-997.0;-656.0;-31;2
754.0;-102;-954.0;?;-729.0;?;-15
729.0;-47;-987.0;-1244.0;?;47;-25
719.0;-9;-982.0;-1097.0;-780.0;9;-16
650.0;-7;-991.0;-1203.0;-777.0;7;-6
634.0;36;-951.0;?;-763.0;-36;15
658.0;-17;?;-1009.0;-676.0;17;4
585.0;?;?;-972.0;-635.0;30;-15
591.0;?;-904.0;-869.0;-733.0;-53;-20
647.0;21;?;-943.0;-771.0;-21;-18
625.0;-31;-947.0;-856.0;-862.0;31;-22
548.0;15;-945.0;-830.0;-939.0;-15;?
?;?;?;-859.0;-896.0;-53;13
577.0;117;-1010.0;-879.0;-860.0;-117;5
554.0;298;-1008.0;-738.0;-723.0;-298;?
586.0;570;-961.0;-684.0;-714.0;-570;-7
603.0;833;-877.0;-531.0;-773.0;-833;-69
560.0;?;-868.0;?;-828.0;-816;-58
570.0;623;-923.0;-660.0;-800.0;?;35
572.0;379;-958.0;-704.0;-772.0;-379;-86
586.0;110;-970.0;-803.0;-814.0;-110;-142
?;182;-1015.0;-895.0;-814.0;-182;16
638.0;29;-1057.0;?;-806.0;-29;2
660.0;?;-1008.0;-890.0;-778.0;234;-145
711.0;-220;-972.0;-668.0;-776.0;220;-94
675.0;-382;-946.0;-859.0;-788.0;382;28
655.0;-240;-943.0;-904.0;-738.0;240;-18
639.0;77;-939.0;-936.0;-731.0;-77;-71
621.0;4;-985.0;-954.0;-699.0;-4;-38
647.0;-42;-1021.0;-963.0;-758.0;?;9
599.0;?;-995.0;-1031.0;-777.0;51;-29
623.0;-21;-1068.0;-984.0;-813.0;21;-46
586.0;80;-1045.0;-1004.0;?;-80;2
589.0;-200;-1005.0;-995.0;?;?;-114
530.0;-135;-1007.0;-1011.0;-786.0;?;1
506.0;-389;-1012.0;-1049.0;-768.0;389;-188
489.0;-1111;-941.0;-963.0;?;1111;-570
502.0;?;-912.0;-957.0;-630.0;611;-25
526.0;-310;-915.0;-965.0;-629.0;310;173
495.0;-676;-996.0;-973.0;-696.0;676;-161
511.0;-648;-1026.0;?;-807.0;?;35
532.0;-463;?;-974.0;?;463;241
?;-324;-886.0;?;-657.0;324;203
548.0;-323;-893.0;-929.0;?;?;245
476.0;-101;-1005.0;-874.0;-1144.0;101;339
422.0;352;-1012.0;-869.0;-991.0;-352;345
392.0;?;-986.0;-865.0;-950.0;-554;214
357.0;574;-979.0;-909.0;-857.0;?;112
?;751;-918.0;?;-810.0;-751;213
416.0;984;-869.0;-839.0;-802.0;-984;203
378.0;1059;-910.0;?;-861.0;-1059;-23
379.0;1063;-937.0;-851.0;-918.0;-1063;-42
301.0;801;-925.0;-866.0;-826.0;-801;-216
286.0;641;-899.0;-873.0;-853.0;-641;-43
206.0;517;-917.0;-823.0;-877.0;-517;-9
233.0;310;-918.0;-843.0;-885.0;-310;-362
261.0;?;?;-811.0;-882.0;-776;930
207.0;?;-894.0;-834.0;-893.0;-347;1062
229.0;-720;-889.0;-868.0;-856.0;?;-145
264.0;-472;-913.0;-843.0;-940.0;472;?
243.0;-53;-993.0;-867.0;-907.0;53;140
322.0;-119;-939.0;?;-828.0;119;-144
275.0;-251;-931.0;-822.0;?;251;17
261.0;-74;-929.0;-846.0;-852.0;74;48
304.0;209;-953.0;-894.0;-806.0;-209;-14
274.0;170;-957.0;?;-986.0;-170;-73
310.0;88;?;-790.0;-1030.0;-88;-39
406.0;30;?;-812.0;-1020.0;-30;-34
315.0;35;-945.0;-846.0;-918.0;-35;22
322.0;148;-947.0;-888.0;-895.0;-148;11
276.0;?;-975.0;-761.0;-784.0;-161;-44
393.0;?;-935.0;-907.0;-751.0;5;-42
517.0;?;-889.0;-970.0;-960.0;106;-22
563.0;-39;-1109.0;-827.0;-812.0;?;33
518.0;?;-1180.0;-961.0;-887.0;23;-60
336.0;-96;-1113.0;-960.0;?;96;-49
306.0;-159;-989.0;-952.0;-885.0;159;60
341.0;-147;-917.0;?;-827.0;147;49
358.0;-133;-920.0;-845.0;-744.0;133;57
356.0;-345;-1011.0;?;-810.0;345;-75
393.0;-503;-1070.0;-896.0;-891.0;503;-54
353.0;-244;-1064.0;-935.0;-929.0;244;186
404.0;8;-1056.0;-910.0;-948.0;?;-17
355.0;-160;-950.0;?;-959.0;?;-181
294.0;?;-914.0;-810.0;-880.0;?;47
252.0;-196;-938.0;-818.0;-842.0;196;-40
302.0;-327;-930.0;?;-865.0;327;20
235.0;-276;-987.0;-803.0;-878.0;276;222
170.0;?;?;-792.0;?;-113;63
150.0;150;-924.0;-841.0;-916.0;-150;-30
203.0;16;?;-865.0;-908.0;-16;-53
47.0;31;-923.0;-667.0;-759.0;-31;33
-32.0;220;-880.0;-749.0;-1492.0;-220;91
?;172;-786.0;-689.0;-703.0;-172;-72
-362.0;87;?;-769.0;-694.0;-87;-27
-268.0;108;-643.0;-741.0;-686.0;-108;-8
-328.0;103;-612.0;-874.0;?;-103;-7
-307.0;5;-505.0;-791.0;-824.0;-5;-16
-185.0;-41;-478.0;-721.0;-848.0;41;?
-268.0;-87;-455.0;-893.0;-811.0;87;?
-182.0;?;-445.0;-1283.0;-762.0;101;-17
-123.0;-84;-423.0;-1185.0;-632.0;84;-22
-201.0;-88;-419.0;-1126.0;-625.0;88;?
-115.0;-110;-469.0;?;?;?;-16
-105.0;-104;-525.0;?;-726.0;104;-2
32.0;-65;-521.0;-988.0;-745.0;65;-4
-136.0;-71;-554.0;-1002.0;-799.0;71;-5
101.0;-42;-598.0;-978.0;-858.0;42;1
-553.0;45;-603.0;-943.0;-832.0;?;-18
-531.0;37;-645.0;-976.0;-831.0;-37;-13
131.0;-28;-682.0;-968.0;-821.0;28;11
-47.0;-48;-691.0;?;-814.0;48;-19
-36.0;-50;-697.0;-882.0;-778.0;50;-32
-59.0;-11;-668.0;-791.0;?;11;-16
3.0;20;-644.0;-692.0;-642.0;-20;-27
7.0;15;-596.0;?;-551.0;-15;-31
?;5;-543.0;-463.0;-467.0;-5;-18
38.0;-34;-474.0;-408.0;-413.0;34;?
-36.0;-28;?;-352.0;-374.0;28;-20
28.0;-16;-512.0;-352.0;-362.0;16;-22
-19.0;-14;-529.0;-437.0;-430.0;14;?
-2.0;4;-639.0;-519.0;-544.0;-4;-22
?;-16;-792.0;?;-701.0;16;-18
-11.0;-15;?;?;-861.0;15;-11
-17.0;-12;?;-945.0;-938.0;12;-12
61.0;-35;-995.0;-1028.0;-909.0;35;-7
47.0;-9;-1121.0;-1057.0;-986.0;9;-31
25.0;-20;-934.0;-1144.0;-982.0;?;-16
32.0;?;-1183.0;-1135.0;-987.0;30;?
48.0;?;-1181.0;-1202.0;-1064.0;-93;-42
107.0;259;-1177.0;-1217.0;-1026.0;-259;11
128.0;510;-1049.0;?;-893.0;-510;-185
143.0;1962;-950.0;-1032.0;-841.0;-1962;-299
113.0;3079;-902.0;-982.0;-813.0;-3079;-190
178.0;3772;-911.0;-962.0;-839.0;-3772;-167
107.0;4656;-954.0;?;-863.0;-4656;259
108.0;1771;-974.0;-967.0;?;?;442
115.0;-266;-989.0;-978.0;-908.0;266;108
95.0;-223;-972.0;-968.0;-890.0;223;?
-8.0;-2193;-967.0;-993.0;-915.0;2193;?
260.0;-3355;-1040.0;-1047.0;-999.0;3355;652
312.0;-4380;-1030.0;-1094.0;-1072.0;4380;438
-52.0;-4754;-822.0;-853.0;-942.0;4754;538
-162.0;-4821;-834.0;-707.0;-1039.0;4821;261
-214.0;-4632;?;-767.0;?;4632;-369
?;-3084;-943.0;-821.0;-1080.0;3084;?
-52.0;-1906;-924.0;-853.0;-1037.0;1906;-411
-69.0;-1062;-1021.0;-965.0;-1102.0;1062;?
-40.0;-1653;-1036.0;-1085.0;-1153.0;1653;1144
1.0;674;-968.0;-986.0;-1035.0;-674;1021
?;2941;-934.0;-941.0;-929.0;-2941;-958
-7.0;255;-898.0;-876.0;-892.0;-255;-823
3.0;-257;-892.0;-899.0;-878.0;257;-101
35.0;309;-894.0;-903.0;-892.0;-309;-41
?;-67;-913.0;-938.0;-904.0;67;-22
52.0;226;-860.0;-971.0;-931.0;-226;?
31.0;177;-886.0;-962.0;-909.0;-177;-16
19.0;325;?;-949.0;-930.0;-325;-30
-81.0;?;-906.0;-904.0;-966.0;-410;11
?;302;?;-875.0;-921.0;-302;29
203.0;147;-993.0;-954.0;-880.0;-147;-45
198.0;?;-1328.0;?;-1250.0;?;11
-56.0;112;-1097.0;-1165.0;-986.0;-112;-47
25.0;321;-1089.0;-1144.0;-1020.0;-321;-18
131.0;933;?;-1416.0;-1151.0;-933;41
121.0;1334;-1228.0;?;?;-1334;-250
111.0;4020;-1061.0;-1191.0;-966.0;-4020;335
?;6800;-895.0;-1013.0;-804.0;-6800;-391
207.0;8608;-794.0;-871.0;-753.0;-8608;-1358
235.0;7682;-802.0;-796.0;-715.0;-7682;-192
188.0;552;-775.0;-772.0;?;-552;-216
?;-3066;-770.0;-752.0;-744.0;3066;469
74.0;-2910;-861.0;?;-809.0;2910;1809
199.0;?;-958.0;-937.0;-883.0;?;1311
56.0;-4140;-1066.0;-1130.0;-934.0;4140;750
-121.0;-5404;-1098.0;-1246.0;-1023.0;5404;208
149.0;-6033;-1306.0;-1338.0;-1222.0;6033;?
129.0;-6035;-1402.0;-1351.0;-1385.0;6035;-372
-119.0;-5909;-917.0;-1007.0;-1144.0;5909;-458
-23.0;-4908;-761.0;-594.0;-807.0;4908;-544
-61.0;-4525;-900.0;-732.0;-978.0;4525;-1317
?;-4897;-1048.0;-950.0;-1148.0;4897;-1487
-41.0;-3838;-1122.0;-1118.0;-1157.0;3838;1035
-30.0;-107;-989.0;-1007.0;-907.0;107;2313
-82.0;2561;-912.0;-971.0;-860.0;-2561;449
-94.0;3640;-899.0;?;?;-3640;-68
-45.0;4442;-915.0;-990.0;-803.0;-4442;?
18.0;2679;-909.0;-996.0;-801.0;-2679;?
?;320;-927.0;-992.0;?;?;-670
92.0;?;-921.0;-914.0;-841.0;-31;?
51.0;216;-877.0;-868.0;-868.0;-216;-98
13.0;?;-819.0;?;-881.0;-56;34
26.0;82;-858.0;-826.0;-908.0;-82;-19
290.0;94;-941.0;?;-982.0;-94;-58
261.0;41;-1051.0;?;-1090.0;-41;-2
?;55;-1049.0;-966.0;-1192.0;-55;-53
-36.0;27;-1281.0;-1173.0;-1425.0;?;-19
-110.0;-44;-1218.0;-1093.0;-1243.0;44;-10
323.0;-9;?;-1086.0;-1179.0;9;-5
108.0;115;-1052.0;?;-972.0;-115;-16
102.0;191;-1124.0;-1129.0;-934.0;-191;-4
-10.0;684;-1092.0;-1305.0;-1046.0;-684;-81
88.0;612;-1054.0;-1356.0;-984.0;-612;3
180.0;1058;-924.0;-1152.0;-855.0;-1058;-60
152.0;?;-809.0;-914.0;-705.0;-2374;-9
109.0;4099;-719.0;-732.0;-623.0;-4099;196
250.0;7984;-721.0;-691.0;-596.0;-7984;-1041
259.0;9516;-792.0;-711.0;-636.0;-9516;-2197
165.0;9193;-872.0;-813.0;-755.0;-9193;-1415
224.0;7180;-912.0;-921.0;-866.0;-7180;-816
-8.0;600;-954.0;-949.0;-917.0;-600;-327
?;-3337;-1006.0;-1020.0;-957.0;3337;1058
320.0;-3671;?;?;-918.0;3671;1264
-169.0;-3765;-1004.0;-1158.0;-981.0;3765;1218
100.0;-4009;-1062.0;-1251.0;-1148.0;4009;710
-18.0;-5528;?;-1224.0;-1238.0;5528;-34
241.0;-6402;-1206.0;-1239.0;?;6402;?
-161.0;-6308;-1008.0;-979.0;-1211.0;6308;-1031
?;-6486;-928.0;-646.0;-1073.0;6486;-849
-17.0;-5595;-993.0;?;-1139.0;5595;-2682
93.0;-6169;?;-945.0;-1222.0;6169;-64
2.0;-2144;?;-1035.0;-1251.0;?;3405
45.0;5900;-973.0;-960.0;-1125.0;-5900;-1258
-13.0;?;-809.0;-797.0;-903.0;-5720;-947
-18.0;5994;-696.0;-658.0;-730.0;-5994;-7
-6.0;4456;-661.0;?;-645.0;-4456;-1249
89.0;-769;-674.0;-670.0;-619.0;769;425
84.0;203;-698.0;-738.0;-678.0;-203;-35
?;374;-720.0;-822.0;?;-374;-133
54.0;-169;-726.0;-837.0;-840.0;?;123
1.0;319;-812.0;?;-903.0;-319;-125
300.0;-26;-934.0;?;-973.0;26;?
383.0;157;-1154.0;?;-1041.0;-157;-29
-400.0;77;-1358.0;-1331.0;-1344.0;-77;-2
-98.0;-22;-1472.0;-1330.0;-1468.0;22;5
263.0;7;-1223.0;-1304.0;-1217.0;-7;-21
277.0;46;-970.0;-1269.0;-1022.0;-46;3
-71.0;-41;-1155.0;-1134.0;-1047.0;41;-59
-9.0;22;-1023.0;-1109.0;-1128.0;-22;-80
1.0;-71;-947.0;-1044.0;-955.0;71;-10
195.0;32;-886.0;-910.0;-807.0;-32;-89
141.0;1382;-846.0;?;-751.0;-1382;-219
85.0;2591;-770.0;-763.0;-708.0;-2591;-331
161.0;4770;-756.0;-745.0;-699.0;-4770;-42
143.0;7076;?;-757.0;-778.0;-7076;-480
143.0;6845;-913.0;-832.0;-871.0;-6845;-867
84.0;4234;-942.0;-896.0;-920.0;-4234;524
33.0;?;-896.0;?;?;-36;-13
0.0;24;-838.0;-966.0;-1014.0;-24;?
?;15;-791.0;-909.0;-932.0;-15;-10
14.0;21;-847.0;-834.0;-952.0;-21;-30
31.0;75;-894.0;-881.0;-1008.0;?;?
32.0;48;-926.0;?;-975.0;-48;-20
51.0;-15;-936.0;-954.0;-934.0;15;-21
40.0;-16;-927.0;-971.0;-985.0;16;-16
58.0;-17;-917.0;-957.0;-983.0;17;-24
38.0;-8;-903.0;-932.0;-951.0;8;-22
51.0;-15;-872.0;?;-954.0;?;-22
90.0;-9;-879.0;-912.0;-930.0;9;-23
82.0;7;-895.0;-901.0;-937.0;-7;-17
51.0;-11;-930.0;?;?;11;-16
42.0;-17;-942.0;-938.0;-1022.0;17;-16
82.0;-8;-929.0;?;?;?;-14
54.0;-6;?;-935.0;-1002.0;6;-14
61.0;-2;?;-941.0;-955.0;2;-14
60.0;28;-923.0;-941.0;-954.0;-28;-17
47.0;18;-936.0;-951.0;-980.0;-18;-16
53.0;-28;-932.0;-956.0;-977.0;28;-14
?;-29;-932.0;-948.0;-967.0;29;-19
95.0;-42;-917.0;?;-920.0;?;-19
82.0;?;-931.0;-945.0;-1060.0;48;-18
82.0;-40;-924.0;-929.0;-1083.0;40;-22
?;?;-889.0;-983.0;?;50;-20
54.0;-20;?;-959.0;-1058.0;20;-20
58.0;5;-944.0;?;-995.0;-5;?
62.0;3;-950.0;-985.0;-919.0;-3;-7
40.0;33;-952.0;-959.0;-968.0;-33;-23
61.0;8;-950.0;-947.0;-978.0;-8;-8
49.0;-27;-931.0;-964.0;-946.0;27;-36
26.0;-35;?;-971.0;-942.0;35;-106
8.0;-241;-886.0;-955.0;-922.0;?;-130
-3.0;-546;-877.0;-930.0;-918.0;546;-122
10.0;?;-888.0;-905.0;-911.0;476;185
13.0;227;-895.0;-896.0;-947.0;?;393
3.0;1075;-898.0;-898.0;-970.0;-1075;?
7.0;1375;-901.0;-903.0;-1000.0;-1375;154
-5.0;1411;-926.0;-924.0;-1008.0;-1411;47
-34.0;1314;-906.0;-902.0;-996.0;-1314;?
-76.0;501;-876.0;-881.0;-1017.0;-501;26
-82.0;?;-844.0;-859.0;-987.0;-63;312
-72.0;339;-810.0;-835.0;?;-339;4
-79.0;189;-801.0;-801.0;-891.0;-189;-12
-100.0;221;-791.0;-782.0;-910.0;-221;135
-111.0;365;-833.0;-809.0;-967.0;-365;-137
?;271;-863.0;-851.0;-1032.0;-271;-18
-119.0;262;-859.0;-856.0;-1039.0;-262;198
-113.0;238;-855.0;-863.0;-1070.0;-238;20
-122.0;190;-805.0;-809.0;-1034.0;-190;?
-120.0;27;-801.0;-762.0;-1014.0;-27;82
-104.0;-129;-819.0;-782.0;-1019.0;129;-21
-130.0;-390;-840.0;-806.0;-1025.0;390;?
-124.0;-614;-835.0;-803.0;-1027.0;614;-234
-95.0;-518;-843.0;-814.0;-1039.0;518;-47
?;-299;-847.0;-820.0;?;?;-36
-120.0;-25;-832.0;-820.0;-1022.0;25;-156
-119.0;-13;-842.0;-819.0;-1030.0;13;-88
-140.0;-111;-843.0;-829.0;-1044.0;111;10
-149.0;-66;-856.0;-842.0;?;66;9
-182.0;-72;-865.0;-847.0;-991.0;72;?
-100.0;-38;-881.0;-865.0;-957.0;38;-29
-59.0;?;-890.0;-867.0;-932.0;?;-21
-17.0;-5;-894.0;-894.0;-944.0;5;3
?;-53;-919.0;-925.0;-980.0;53;-19
?;-138;-990.0;?;?;?;-47
?;-34;?;-1007.0;-1083.0;34;-32
-119.0;50;-971.0;-996.0;-1080.0;-50;-23
-59.0;40;-911.0;?;-946.0;-40;-24
-89.0;96;-901.0;-942.0;?;-96;-24
-114.0;84;-906.0;-950.0;-906.0;-84;-17
-149.0;52;-901.0;-936.0;-898.0;-52;-4
-102.0;91;-886.0;-892.0;-875.0;-91;-7
-6.0;46;-875.0;-861.0;-866.0;-46;-14
90.0;41;-845.0;-863.0;-865.0;?;-16
-39.0;32;-879.0;-848.0;-877.0;-32;-13
4.0;43;-1074.0;-1000.0;-1005.0;-43;?
10.0;92;-1182.0;-1254.0;-1220.0;-92;-17
16.0;118;?;-1292.0;-1200.0;-118;-22
-86.0;207;-1095.0;-1194.0;-1124.0;-207;-28
-81.0;168;-1015.0;-1077.0;-1059.0;-168;?
-83.0;460;-943.0;-978.0;-990.0;-460;-47
-16.0;388;-931.0;-942.0;-936.0;-388;-66
-25.0;702;-936.0;-967.0;-933.0;-702;?
-15.0;2045;-958.0;-1011.0;-964.0;-2045;-77
?;?;-940.0;-1016.0;?;-3093;-261
72.0;4256;-933.0;-1010.0;-963.0;-4256;-300
68.0;2836;-930.0;-1028.0;-975.0;-2836;-225
61.0;1592;-944.0;-1034.0;-981.0;?;-425
68.0;1240;-943.0;-1011.0;-983.0;-1240;-353
143.0;-2391;-923.0;-981.0;-954.0;2391;500
76.0;?;-895.0;-958.0;-938.0;3805;1083
-145.0;-3724;-894.0;-967.0;-923.0;3724;795
-58.0;-4583;-910.0;-943.0;-934.0;4583;483
144.0;-4294;-1031.0;-1034.0;-1007.0;4294;447
-104.0;-4259;-1147.0;-1199.0;-1101.0;4259;7
-66.0;-4128;-1060.0;-1167.0;-1092.0;4128;-354
-71.0;-3902;-941.0;-986.0;-1050.0;3902;-189
81.0;-3919;-884.0;?;-997.0;3919;-454
-138.0;-3105;-946.0;-836.0;-1069.0;3105;-14
?;?;-929.0;-961.0;-1139.0;2617;-604
-106.0;-2252;-966.0;-956.0;-1142.0;2252;-450
-110.0;-127;-955.0;-1025.0;?;127;2214
-115.0;2011;-876.0;-952.0;-982.0;-2011;280
-142.0;3007;-808.0;-896.0;-932.0;-3007;-1948
-95.0;2044;-782.0;-851.0;-897.0;-2044;-723
-75.0;391;-790.0;-846.0;-890.0;-391;?
-102.0;294;-842.0;-882.0;-906.0;-294;-96
-38.0;213;-861.0;-906.0;-915.0;-213;56
0.0;-9;-892.0;-946.0;-962.0;9;-99
52.0;80;-872.0;?;-989.0;-80;9
29.0;44;-873.0;-959.0;?;-44;-21
-67.0;50;-871.0;-914.0;-1003.0;?;-4
3.0;?;-1023.0;-915.0;-1078.0;-38;?
?;80;-1203.0;-1060.0;?;?;-31
-332.0;75;-1217.0;-1180.0;?;-75;-82
-235.0;23;-1218.0;-1242.0;-1185.0;-23;40
53.0;106;-1006.0;-1205.0;-1014.0;-106;55
118.0;116;-831.0;-952.0;-766.0;-116;-49
-8.0;?;-793.0;-849.0;-659.0;-146;-8
-20.0;278;-870.0;-870.0;-729.0;-278;-12
-36.0;170;-926.0;?;-807.0;-170;-16
33.0;577;-960.0;-907.0;-891.0;-577;-20
36.0;999;-924.0;-924.0;-942.0;-999;51
121.0;1775;-886.0;-882.0;-882.0;-1775;-94
134.0;1802;-879.0;-894.0;?;-1802;-102
?;971;-876.0;-882.0;-863.0;-971;126
150.0;?;-890.0;-849.0;-844.0;-5480;-958
163.0;9726;-905.0;-862.0;-872.0;-9726;-1700
-29.0;5890;-888.0;?;-873.0;-5890;-1232
57.0;-169;?;-907.0;-869.0;169;-340
390.0;-3025;-924.0;-960.0;-886.0;3025;1060
50.0;-3427;-945.0;-1006.0;-858.0;3427;1277
-28.0;-3608;-993.0;-1089.0;-951.0;3608;689
-17.0;-4093;-983.0;-1119.0;-1024.0;4093;287
143.0;-5051;-1221.0;?;-1092.0;5051;?
-132.0;-5621;-1273.0;-1212.0;-1274.0;5621;-138
-156.0;-5084;-1142.0;-1088.0;-1292.0;5084;-429
36.0;-5059;-1007.0;-829.0;-1165.0;5059;-973
89.0;-5143;-1114.0;-844.0;-1148.0;5143;?
?;?;-1075.0;?;-1218.0;5286;-195
-28.0;-1865;-1021.0;-934.0;-1230.0;1865;1654
-10.0;2235;?;-881.0;?;-2235;1948
2.0;1854;-820.0;-762.0;-927.0;-1854;-548
37.0;3321;?;-709.0;?;-3321;-1966
-15.0;2912;-666.0;?;-706.0;-2912;-917
-5.0;752;-681.0;-754.0;-711.0;-752;-185
5.0;1189;-739.0;-813.0;-821.0;-1189;-257
38.0;282;-798.0;-863.0;-924.0;-282;-120
12.0;77;-864.0;-961.0;-989.0;-77;-13
21.0;300;-905.0;-950.0;-996.0;-300;-39
231.0;19;-889.0;-872.0;-950.0;-19;-29
199.0;218;-948.0;-873.0;-978.0;?;-37
171.0;121;-1098.0;-1000.0;-1121.0;?;-21
-322.0;110;-1230.0;-1226.0;?;-110;-18
-339.0;?;-1320.0;-1246.0;-1298.0;-143;-17
-176.0;?;-1302.0;?;-1357.0;-109;-1
199.0;156;-987.0;-1085.0;-847.0;-156;-5
?;240;-731.0;-851.0;-607.0;-240;-8
-138.0;?;-867.0;-914.0;-726.0;-279;-16
-83.0;269;-968.0;-936.0;-861.0;-269;-38
?;256;-1036.0;-937.0;-920.0;-256;-16
16.0;641;-975.0;-927.0;-954.0;?;10
92.0;1394;-909.0;-849.0;-893.0;?;-59
50.0;1671;-860.0;-821.0;-834.0;-1671;?
26.0;2975;-841.0;-793.0;-879.0;-2975;?
11.0;5132;?;-835.0;-902.0;-5132;-246
107.0;5803;-898.0;-891.0;-956.0;-5803;-427
69.0;6639;-876.0;-871.0;-956.0;-6639;-1177
32.0;59;?;-941.0;-880.0;-59;-8
67.0;?;-796.0;-915.0;-862.0;-75;-22
-9.0;-18;-799.0;-877.0;-884.0;18;?
107.0;78;-796.0;?;-913.0;-78;5
276.0;30;-1174.0;-922.0;?;-30;?
-221.0;87;-1258.0;-1183.0;-1348.0;-87;6
?;40;-1353.0;-1187.0;-1210.0;?;-2
-36.0;-24;-1186.0;-1196.0;-1248.0;24;3
307.0;-14;-812.0;-931.0;-828.0;14;-12
-111.0;37;-745.0;-795.0;-575.0;-37;-6
-46.0;?;-1075.0;?;-940.0;-30;1
-87.0;59;-1078.0;-1052.0;?;-59;?
-50.0;143;-1096.0;-1096.0;?;-143;-13
64.0;200;-1035.0;-1033.0;-919.0;-200;-14
31.0;335;-932.0;-954.0;-851.0;-335;-24
-7.0;449;-883.0;-838.0;-771.0;-449;-45
47.0;732;-849.0;-790.0;-717.0;-732;-84
41.0;1661;-894.0;-798.0;?;?;-79
40.0;?;-925.0;-841.0;-710.0;-2737;-86
-21.0;?;-937.0;-911.0;-712.0;-3095;-219
-7.0;3266;-940.0;-978.0;-688.0;?;-299
23.0;3981;-892.0;-1018.0;-690.0;?;?
235.0;3299;-901.0;-1041.0;-661.0;-3299;-224
102.0;2717;-975.0;-1065.0;-762.0;-2717;-124
-319.0;?;-985.0;-1064.0;-846.0;-2579;196
?;-543;-953.0;-985.0;-737.0;543;-371
70.0;-2617;-1142.0;-1131.0;-1508.0;2617;-54
12.0;-2733;-1081.0;-1127.0;-1305.0;2733;809
-119.0;-3420;-1005.0;-935.0;?;3420;511
-37.0;-3241;-963.0;-887.0;-1010.0;3241;?
?;-3241;-996.0;-849.0;-984.0;3241;126
-1.0;-3575;-961.0;-854.0;-775.0;?;-106
-64.0;-3081;-833.0;-815.0;?;?;-210
?;-2546;-875.0;-805.0;-911.0;2546;-157
?;-2217;-945.0;-810.0;-1055.0;2217;-188
-100.0;-2049;-963.0;-840.0;-986.0;2049;-347
-68.0;-2067;-944.0;-886.0;-942.0;?;-268
-165.0;-1349;-925.0;?;-898.0;?;123
-92.0;-539;-912.0;-865.0;-797.0;539;164
-81.0;-311;-912.0;-836.0;-761.0;311;276
-119.0;-121;-943.0;-856.0;-807.0;121;-23
-93.0;607;-942.0;-873.0;-856.0;-607;?
-82.0;1163;?;-888.0;-766.0;-1163;470
-120.0;249;?;?;-744.0;-249;922
-68.0;-140;-949.0;-908.0;-690.0;140;319
-86.0;395;-948.0;-943.0;-775.0;?;-30
-106.0;290;?;-932.0;-911.0;-290;-124
-80.0;126;?;-942.0;-885.0;-126;-59
-50.0;40;-940.0;-933.0;-854.0;-40;-29
-62.0;?;-917.0;-886.0;-791.0;?;-22
-31.0;13;-894.0;-876.0;?;-13;-7
1.0;-14;-905.0;-899.0;-854.0;14;?
88.0;-4;-976.0;-947.0;?;4;-14
-34.0;4;-1171.0;-1068.0;-920.0;?;-10
-40.0;14;-1108.0;-1030.0;-834.0;-14;-15
-24.0;18;-965.0;-941.0;-760.0;-18;-16
-10.0;42;-909.0;-909.0;-734.0;-42;-13
-3.0;41;-971.0;-929.0;-766.0;-41;?
37.0;13;?;-964.0;-759.0;-13;-15
57.0;5;-1072.0;-996.0;-730.0;-5;-15
105.0;1;-1016.0;?;?;-1;-22
133.0;13;?;-959.0;-588.0;-13;-21
70.0;-28;?;-924.0;-548.0;28;-34
125.0;-80;-932.0;-889.0;-584.0;?;-48
131.0;-71;-973.0;-919.0;-647.0;71;-23
158.0;-62;-1002.0;-961.0;-724.0;62;-4
153.0;-37;-1002.0;-947.0;-771.0;37;-14
152.0;-4;-958.0;-907.0;-596.0;4;?
108.0;56;-958.0;-910.0;-571.0;-56;-36
?;72;-981.0;-950.0;-749.0;-72;-43
161.0;213;-984.0;-945.0;-792.0;-213;?
108.0;450;-978.0;-958.0;-687.0;-450;-54
90.0;425;-980.0;-960.0;-701.0;-425;0
82.0;540;-968.0;-925.0;-719.0;-540;-43
169.0;635;-915.0;-865.0;-790.0;-635;77
?;134;-938.0;-859.0;-676.0;-134;-48
6.0;-342;-1083.0;-956.0;-689.0;342;-531
50.0;-224;-1059.0;-1025.0;-813.0;224;-295
103.0;25;-915.0;?;-713.0;-25;221
73.0;10;-869.0;-863.0;-587.0;-10;107
49.0;-30;?;-876.0;-645.0;30;-68
36.0;14;-1012.0;-948.0;-669.0;-14;-6
17.0;26;-1004.0;-1002.0;-664.0;-26;-12
-12.0;10;-974.0;-959.0;-712.0;-10;-14
?;?;-941.0;-919.0;-751.0;34;-6
105.0;-54;-920.0;?;-608.0;54;-16
211.0;-2;-842.0;-873.0;-685.0;2;-20
37.0;?;-821.0;?;-561.0;-41;-35
89.0;37;-1013.0;-768.0;-592.0;-37;-27
124.0;10;-1042.0;-884.0;-476.0;-10;-22
137.0;19;-1034.0;-1033.0;-631.0;-19;-4
?;98;-1012.0;-998.0;-535.0;-98;-8
127.0;101;?;-940.0;-494.0;-101;-28
66.0;?;-965.0;-970.0;-590.0;-71;-46
-26.0;?;?;-911.0;-561.0;?;-53
-227.0;-3;-914.0;-833.0;-778.0;?;-15
-146.0;-7;-807.0;-875.0;-617.0;7;-13
-276.0;?;-971.0;?;-370.0;-30;-23
-176.0;27;-1045.0;-941.0;-524.0;-27;-3
59.0;50;-855.0;-1042.0;-499.0;-50;-1
?;29;-961.0;?;-836.0;-29;-22
55.0;-5;-1006.0;-795.0;?;5;?
-6.0;-20;-923.0;-936.0;-596.0;?;-9
-46.0;-64;-1000.0;-1028.0;-620.0;64;-18
-48.0;-65;-955.0;-1004.0;-856.0;65;-3
-54.0;-56;-941.0;-971.0;-870.0;56;-51
-48.0;-150;-1004.0;-930.0;-1240.0;150;-83
-105.0;-231;-866.0;-790.0;-1138.0;231;-29
-109.0;-360;-815.0;-753.0;-1100.0;360;-247
-54.0;-530;?;?;-887.0;530;-93
-124.0;40;-968.0;-808.0;-986.0;?;211
-175.0;699;-894.0;-732.0;-888.0;?;24
-140.0;530;-902.0;-762.0;-882.0;-530;?
-153.0;?;-914.0;-827.0;-851.0;-572;114
-117.0;721;-926.0;-823.0;-951.0;-721;-6
-82.0;620;-877.0;-824.0;-867.0;-620;-69
-91.0;341;-874.0;-825.0;?;-341;?
-120.0;29;-921.0;-814.0;-903.0;-29;-61
-76.0;-168;-924.0;?;-942.0;168;38
-93.0;?;-898.0;-862.0;-824.0;357;40
-111.0;95;-936.0;-923.0;-1038.0;-95;175
?;48;?;-939.0;-882.0;-48;-157
-81.0;?;-871.0;-918.0;-755.0;-588;-254
-46.0;1107;-916.0;-917.0;-1033.0;-1107;244
-41.0;-371;-928.0;-903.0;-888.0;371;27
?;-244;-933.0;-931.0;-1007.0;244;-204
-79.0;333;-970.0;-945.0;-1059.0;-333;?
-139.0;-127;-953.0;-984.0;-1001.0;127;-105
-161.0;63;-932.0;-978.0;-1080.0;-63;-18
-175.0;14;-989.0;-962.0;-965.0;-14;-25
-211.0;-39;?;-953.0;-1155.0;39;-27
-177.0;16;-916.0;-913.0;-1094.0;-16;-11
-161.0;-27;-910.0;-910.0;-966.0;27;-22
-169.0;6;-1023.0;-992.0;-1017.0;-6;-15
-111.0;3;?;-1035.0;-997.0;-3;-11
?;15;-949.0;-983.0;-956.0;-15;-11
115.0;25;-898.0;-1018.0;-1019.0;-25;-10
-30.0;?;-912.0;-941.0;-918.0;-21;-13
-58.0;37;-995.0;?;?;-37;-14
123.0;68;-997.0;-1032.0;-991.0;-68;-15
242.0;97;?;-1058.0;?;-97;-21
108.0;114;-1002.0;-1034.0;?;-114;-22
141.0;152;-1022.0;-1024.0;?;-152;-11
167.0;317;-1009.0;-1100.0;-914.0;-317;-15
82.0;512;-965.0;?;-890.0;-512;-34
113.0;772;?;-973.0;-912.0;-772;-31
94.0;1468;-934.0;?;-895.0;-1468;-28
64.0;2493;-926.0;-880.0;?;-2493;-40
?;3549;-933.0;-874.0;-870.0;?;-21
151.0;4791;-931.0;-872.0;-871.0;-4791;-394
167.0;5838;-927.0;-897.0;-893.0;-5838;-1179
?;5501;-910.0;-930.0;?;-5501;-652
-49.0;2277;?;-954.0;-841.0;-2277;617
382.0;-1481;-906.0;-960.0;-820.0;1481;707
40.0;-2201;-921.0;-979.0;-850.0;2201;782
-88.0;-2088;-978.0;-1049.0;-900.0;2088;977
60.0;-2957;-970.0;-1097.0;-973.0;2957;537
?;-3673;-1204.0;-1163.0;-1095.0;3673;178
176.0;-4057;-1279.0;-1332.0;-1276.0;4057;51
-74.0;-4222;-1156.0;-1150.0;-1324.0;4222;-72
-95.0;-4173;-1040.0;?;-1169.0;4173;-179
-36.0;-3641;-873.0;-781.0;?;?;-311
108.0;-3614;-915.0;?;-1015.0;3614;?
-7.0;-3917;-960.0;-899.0;-1090.0;3917;-351
-80.0;-3328;-1020.0;-910.0;-1074.0;?;-147
-50.0;-2335;-944.0;-917.0;-1040.0;2335;446
3.0;?;-880.0;?;-937.0;609;1968
?;1862;-818.0;-826.0;-828.0;-1862;-536
-58.0;3138;-844.0;-860.0;?;-3138;-208
-12.0;2887;-872.0;-887.0;-866.0;-2887;2138
-44.0;1881;-897.0;-914.0;-933.0;-1881;-391
-50.0;586;-917.0;-912.0;-973.0;-586;-534
-81.0;66;-906.0;-899.0;-996.0;-66;159
33.0;98;?;-877.0;-928.0;-98;-286
?;36;-835.0;-893.0;-928.0;-36;104
-42.0;42;?;-870.0;-923.0;-42;-68
?;27;-823.0;-853.0;-923.0;-27;-30
86.0;26;-857.0;-872.0;-924.0;-26;0
-34.0;8;-932.0;-887.0;-985.0;-8;-43
-281.0;-15;-1121.0;-1089.0;-1161.0;15;7
?;-30;-1282.0;-1183.0;?;?;-9
-11.0;-69;-1235.0;-1303.0;-1210.0;69;?
21.0;-42;-944.0;-1113.0;-848.0;42;-5
-139.0;?;-853.0;-1039.0;-769.0;-7;?
-141.0;-18;-998.0;-995.0;-889.0;18;?
-158.0;78;-1016.0;-966.0;-898.0;-78;26
-1.0;?;-982.0;-986.0;-903.0;?;-61
59.0;184;-915.0;-980.0;-929.0;-184;-57
38.0;238;-830.0;-858.0;-864.0;-238;-8
34.0;253;-788.0;-788.0;-792.0;?;-70
11.0;?;-842.0;-798.0;-814.0;-1222;91
26.0;1185;-909.0;-863.0;-851.0;-1185;-235
89.0;3015;-912.0;-903.0;-864.0;-3015;-5
68.0;?;?;-916.0;-845.0;-6978;-426
49.0;7709;-880.0;-941.0;-848.0;?;-1306
10.0;7021;-856.0;?;-837.0;-7021;?
?;4768;-864.0;-898.0;-847.0;-4768;?
91.0;175;-887.0;-903.0;-879.0;-175;-292
40.0;-3039;-943.0;-942.0;-902.0;3039;1608
?;-4235;-851.0;-981.0;-908.0;4235;484
-68.0;-5236;-872.0;-936.0;-870.0;5236;197
-3.0;-5988;-1121.0;-1025.0;-990.0;5988;147
30.0;?;-1299.0;-1222.0;-1229.0;5812;-74
-195.0;-5671;-1171.0;-1206.0;-1301.0;5671;-323
-162.0;-5137;-995.0;?;-1111.0;5137;-970
49.0;-5096;-811.0;-664.0;-931.0;5096;-985
-61.0;-4494;-932.0;-861.0;-965.0;4494;-14
-21.0;-1157;-1069.0;-1123.0;-1106.0;1157;2189
?;1777;-1127.0;-1158.0;-1120.0;-1777;2209
-86.0;6116;-1016.0;-1051.0;-1037.0;-6116;22
-72.0;?;-924.0;-970.0;-872.0;-5473;97
-67.0;-535;-883.0;-996.0;-813.0;535;1055
-45.0;206;-877.0;-976.0;-788.0;-206;280
-39.0;731;?;-930.0;-819.0;-731;-124
-19.0;-402;-930.0;-916.0;?;402;?
28.0;336;-894.0;-878.0;?;-336;-81
-9.0;-36;-869.0;-838.0;-964.0;36;?
?;62;-927.0;-855.0;-1007.0;-62;-10
285.0;109;-981.0;-913.0;-1048.0;-109;-30
134.0;-26;-974.0;-973.0;-1066.0;?;4
-170.0;9;-1109.0;-1030.0;-1112.0;-9;-28
-126.0;-80;-1243.0;-1191.0;-1284.0;80;?
133.0;-28;-1208.0;-1186.0;-1247.0;28;?
149.0;?;-1028.0;-1083.0;-921.0;38;?
63.0;17;-1083.0;?;-837.0;-17;-16
89.0;205;-1056.0;-1212.0;-915.0;-205;-6
80.0;87;-1089.0;-1136.0;-940.0;?;13
208.0;587;-971.0;-963.0;-901.0;-587;-20
239.0;?;?;-850.0;-825.0;-978;-121
222.0;2174;-837.0;-798.0;-759.0;-2174;-50
213.0;4971;?;-802.0;-740.0;-4971;19
-6.0;559;?;-822.0;-780.0;?;-240
-41.0;240;-874.0;-892.0;-895.0;-240;-113
60.0;-13;-866.0;-908.0;-952.0;13;?
-12.0;136;-838.0;-873.0;-926.0;-136;-30
?;-7;-817.0;-837.0;-967.0;7;39
307.0;104;-873.0;-804.0;-936.0;-104;-5
96.0;55;-1191.0;-1002.0;-1131.0;-55;30
-189.0;48;-1178.0;-1200.0;-1252.0;-48;27
-155.0;22;-1215.0;?;-1157.0;-22;20
?;-9;-1287.0;-1217.0;-1197.0;?;17
234.0;18;-1117.0;-1205.0;-949.0;-18;6
116.0;49;-971.0;-1115.0;-821.0;-49;-5
61.0;76;-1039.0;-947.0;-793.0;-76;9
29.0;114;-1002.0;-1003.0;?;-114;5
72.0;203;?;?;-859.0;-203;-34
147.0;434;-971.0;?;-867.0;-434;-31
162.0;600;-890.0;-906.0;-794.0;-600;?
169.0;828;-812.0;-798.0;?;-828;-40
-92.0;61;-781.0;-829.0;-1045.0;-61;9
40.0;18;-773.0;-809.0;-962.0;-18;?
-93.0;24;-870.0;-832.0;-956.0;-24;21
-158.0;3;-1204.0;-1097.0;-1066.0;-3;15
-57.0;11;-1054.0;-1015.0;?;-11;11
-74.0;-30;-831.0;-1022.0;-962.0;30;13
-70.0;-62;-834.0;-1050.0;-918.0;?;7
?;-26;-773.0;?;-895.0;26;2
-68.0;6;-809.0;-797.0;-907.0;-6;-6
-49.0;-26;-895.0;-807.0;-1008.0;26;-14
-12.0;-67;-961.0;-889.0;?;67;-1
-26.0;-61;-960.0;-930.0;-1116.0;?;-9
1.0;-30;?;-927.0;-1044.0;?;-38
9.0;-53;-890.0;-911.0;-1104.0;?;-33
-22.0;-91;-845.0;-903.0;-1001.0;91;-15
-7.0;-90;-864.0;-831.0;-956.0;90;-16
-68.0;-83;-847.0;-781.0;-879.0;83;-18
-21.0;-83;-855.0;-793.0;-916.0;83;-18
-11.0;-76;-833.0;-805.0;-948.0;76;-16
?;?;-837.0;-819.0;-1007.0;?;-13
-25.0;-71;-789.0;?;?;71;?
-40.0;-82;-812.0;-796.0;-1081.0;82;-19
-40.0;-41;-816.0;-791.0;-1065.0;?;-6
-18.0;-7;?;?;-1066.0;7;-16
-2.0;?;-818.0;-762.0;-1059.0;17;-17
-38.0;-2;-817.0;-798.0;-1022.0;2;-19
-57.0;-5;-830.0;-829.0;-991.0;5;-17
-59.0;-35;-824.0;-832.0;-951.0;35;-21
-24.0;-26;-838.0;?;-972.0;26;-22
-3.0;-17;-840.0;-857.0;-1023.0;17;-19
-37.0;?;-814.0;-848.0;?;44;-45
-16.0;-103;-810.0;-847.0;-1015.0;103;-40
1.0;-117;-820.0;-834.0;-1026.0;117;-23
0.0;-164;-842.0;-830.0;-1027.0;164;-61
20.0;-267;-856.0;-836.0;-1019.0;267;-64
10.0;-338;-884.0;-847.0;-1026.0;338;-13
?;-371;-868.0;?;-965.0;371;?
?;?;-850.0;-847.0;-950.0;234;-11
?;-139;-857.0;-837.0;-987.0;139;?
47.0;?;?;-868.0;?;160;-41
26.0;-106;-888.0;-897.0;-1062.0;106;-14
40.0;2;-880.0;-880.0;-1088.0;-2;58
84.0;104;-880.0;-894.0;-1083.0;-104;20
70.0;93;-886.0;-951.0;-1031.0;-93;-18
35.0;243;-884.0;-935.0;-982.0;-243;8
19.0;433;-880.0;-912.0;-939.0;-433;?
?;411;-879.0;-942.0;-941.0;-411;-54
37.0;444;?;-985.0;-941.0;-444;129
10.0;459;-907.0;-989.0;-953.0;-459;-22
29.0;423;-898.0;-1037.0;-899.0;-423;-75
40.0;?;-896.0;-987.0;-932.0;-184;-18
?;-93;-891.0;?;-979.0;93;-92
-15.0;?;-893.0;?;-976.0;81;-46
25.0;-75;-904.0;-970.0;-948.0;75;-32
43.0;-78;-893.0;-896.0;-957.0;78;-27
32.0;-44;-885.0;-867.0;-974.0;44;-18
24.0;-59;-896.0;-892.0;-981.0;59;-43
22.0;-75;-912.0;-914.0;-937.0;75;-12
?;-72;-890.0;-949.0;-942.0;72;-1
39.0;-19;-904.0;-969.0;-934.0;?;-15
37.0;15;-890.0;-889.0;-891.0;-15;-14
7.0;13;-838.0;-914.0;-878.0;-13;-9
12.0;?;-817.0;-907.0;-861.0;-20;-11
30.0;40;-819.0;?;-834.0;-40;-14
38.0;28;-872.0;-914.0;-903.0;-28;-17
32.0;1;-908.0;-947.0;-907.0;-1;-19
30.0;32;-905.0;-960.0;?;?;-21
50.0;19;-877.0;-934.0;-826.0;-19;?
20.0;-10;?;?;-858.0;10;-14
45.0;?;-876.0;-926.0;-873.0;8;-11
48.0;-18;-868.0;-913.0;-863.0;18;-17
57.0;?;-867.0;-896.0;-875.0;-11;-16
54.0;?;-878.0;-889.0;-845.0;-10;-15
41.0;47;-887.0;?;-868.0;-47;-11
55.0;99;-897.0;-935.0;-874.0;-99;-1
44.0;81;?;-931.0;-882.0;-81;-4
38.0;91;-897.0;-937.0;-878.0;-91;-20
52.0;72;?;-937.0;-869.0;-72;-29
66.0;41;-894.0;-926.0;-876.0;-41;-22
49.0;32;-886.0;-906.0;-871.0;-32;-22
70.0;10;-883.0;-901.0;-867.0;-10;-26
34.0;17;-887.0;-931.0;-879.0;-17;-19
39.0;?;-884.0;?;?;-27;-17
71.0;10;-882.0;-942.0;-904.0;-10;?
61.0;2;-890.0;-927.0;-910.0;-2;-15
45.0;5;-884.0;-898.0;-888.0;-5;-21
38.0;5;-878.0;-899.0;-900.0;-5;?
54.0;16;-897.0;-951.0;-890.0;-16;-18
16.0;?;-907.0;-955.0;-871.0;-17;-15
31.0;6;-896.0;-942.0;-878.0;-6;-19
25.0;?;-892.0;-942.0;-863.0;-2;-17
69.0;-14;?;-927.0;-881.0;14;-23
30.0;-15;-903.0;-928.0;-895.0;15;-24
38.0;-19;-892.0;-899.0;-899.0;19;-28
50.0;?;-889.0;-921.0;-901.0;81;-33
14.0;-132;-890.0;-920.0;-898.0;?;0
16.0;-146;-885.0;-918.0;-894.0;146;-25
?;-204;-883.0;-936.0;-873.0;204;-57
31.0;-301;-886.0;-933.0;-867.0;301;-39
30.0;-391;-890.0;-929.0;-870.0;391;?
30.0;-395;-898.0;-928.0;?;395;22
17.0;-319;-904.0;-917.0;-885.0;319;49
14.0;-268;-894.0;-901.0;-871.0;268;48
27.0;-36;-883.0;-916.0;-879.0;36;49
9.0;?;-871.0;-918.0;-862.0;-78;80
?;276;-892.0;-910.0;-889.0;-276;117
13.0;846;-886.0;-901.0;-895.0;-846;?
28.0;625;-883.0;-926.0;-915.0;-625;105
22.0;123;?;-946.0;-961.0;-123;-67
-8.0;124;-843.0;-959.0;-944.0;-124;-129
6.0;66;-840.0;-987.0;-911.0;-66;-6
-6.0;26;-838.0;-999.0;-927.0;-26;-24
28.0;?;-894.0;-984.0;-943.0;-32;-38
20.0;17;-898.0;-977.0;-950.0;-17;-13
59.0;10;-880.0;-974.0;-952.0;-10;-25
51.0;-14;-870.0;-971.0;-955.0;14;?
52.0;-29;-864.0;-949.0;-989.0;29;-22
49.0;-10;-860.0;?;-1010.0;10;-21
26.0;?;?;-956.0;-1002.0;-28;-16
8.0;-1;-966.0;-985.0;-1055.0;1;-20
10.0;-18;-915.0;-980.0;?;18;-15
-5.0;?;-866.0;-945.0;-956.0;?;?
6.0;-6;-855.0;-933.0;-961.0;6;-16
-13.0;13;-883.0;-931.0;-965.0;-13;-10
17.0;39;-893.0;-939.0;-868.0;-39;-23
13.0;56;-880.0;?;-973.0;-56;-24
-5.0;0;-874.0;-883.0;-951.0;0;-18
-49.0;-35;-856.0;-882.0;-949.0;35;-25
-28.0;29;-854.0;-853.0;-947.0;-29;-17
23.0;?;-848.0;-804.0;-996.0;-14;-15
-36.0;-35;-848.0;-779.0;-999.0;35;-25
-40.0;3;-827.0;-778.0;-1014.0;?;-20
-64.0;5;-834.0;-776.0;-1056.0;-5;-15
-112.0;-16;-840.0;?;-1029.0;16;-22
-81.0;16;-827.0;-832.0;-955.0;-16;-18
-72.0;1;-857.0;-810.0;-1177.0;-1;-11
-113.0;?;-708.0;-825.0;-716.0;32;-14
-82.0;-4;-752.0;-801.0;-1184.0;4;-15
-80.0;19;?;-781.0;-1078.0;?;-17
-67.0;-2;-811.0;-750.0;-958.0;2;-19
-79.0;-17;-814.0;-798.0;-979.0;17;?
-79.0;0;-797.0;-828.0;-1046.0;0;-9
-89.0;22;-807.0;-824.0;-961.0;-22;-18
-85.0;22;-804.0;?;-1005.0;-22;?
-66.0;-8;-813.0;-800.0;-986.0;8;-15
-42.0;-15;?;-792.0;-952.0;15;-13
-40.0;4;-805.0;-795.0;-989.0;?;?
-40.0;21;-807.0;-800.0;-951.0;-21;-20
-40.0;57;?;-810.0;-926.0;-57;?
-31.0;70;-811.0;-815.0;-971.0;-70;-13
-51.0;?;-816.0;-806.0;-972.0;?;-23
-22.0;?;-814.0;-800.0;-967.0;-29;-23
-15.0;38;-803.0;-788.0;-984.0;-38;-22
-33.0;10;-802.0;-783.0;-1008.0;-10;-18
-25.0;2;-810.0;-784.0;-1022.0;-2;-14
?;6;?;-779.0;-999.0;-6;-14
-64.0;?;-811.0;-775.0;-988.0;-2;-17
-85.0;-21;-787.0;-788.0;-986.0;21;-13
-79.0;?;-806.0;-790.0;-1022.0;20;-13
-82.0;39;-782.0;-782.0;-908.0;-39;-23
-86.0;53;?;-789.0;-929.0;-53;-21
-117.0;80;-771.0;-775.0;-941.0;?;-23
-105.0;79;-781.0;-767.0;-985.0;-79;-25
-99.0;12;?;-766.0;-909.0;?;-16
-120.0;23;-751.0;-776.0;-902.0;-23;-16
-94.0;?;-732.0;-763.0;-969.0;-47;-17
-129.0;31;-718.0;-741.0;-1024.0;-31;-24
-105.0;-51;-708.0;-697.0;-1017.0;51;-23
-162.0;?;?;?;-1021.0;57;-19
-163.0;-9;-683.0;-638.0;-1007.0;9;?
-186.0;-65;-661.0;-640.0;?;65;-28
-159.0;-79;-728.0;-694.0;-1130.0;?;-39
-152.0;-111;-680.0;-715.0;-1176.0;111;-7
-152.0;-85;-646.0;-686.0;-1210.0;85;10
-143.0;-26;-635.0;-631.0;?;26;-15
-113.0;-61;-620.0;-628.0;-1108.0;61;-19
?;-26;?;-616.0;-939.0;26;-16
-92.0;-6;-629.0;-623.0;-911.0;6;-12
-59.0;10;-641.0;-674.0;-933.0;-10;-7
-90.0;21;-676.0;-694.0;-961.0;-21;-19
-71.0;-27;?;?;-995.0;27;-18
-59.0;-27;-699.0;-732.0;?;27;-8
-17.0;8;-711.0;-730.0;-1084.0;-8;-11
-26.0;43;-698.0;-710.0;-1077.0;-43;-14
-40.0;43;-677.0;-685.0;-1021.0;-43;?
-35.0;40;-697.0;-694.0;-984.0;?;-34
15.0;48;-725.0;-694.0;-980.0;-48;?
-80.0;37;-703.0;-669.0;-981.0;-37;-12
-71.0;54;-688.0;-662.0;-962.0;-54;-26
57.0;67;-708.0;-714.0;-949.0;-67;-30
87.0;37;-708.0;-766.0;-1022.0;-37;-26
144.0;90;-865.0;-969.0;-973.0;-90;-49
111.0;-29;-866.0;-971.0;-930.0;29;6
163.0;54;-891.0;-942.0;-953.0;-54;-38
160.0;43;-875.0;-998.0;-965.0;-43;-6
139.0;4;-815.0;?;-967.0;-4;?
118.0;-41;-830.0;-1060.0;-1043.0;41;-14
126.0;-50;-931.0;-1048.0;-1011.0;50;-12
166.0;-60;-776.0;-889.0;-934.0;60;-14
?;-50;-694.0;-864.0;-876.0;50;-20
157.0;-11;-814.0;-940.0;-955.0;11;-17
141.0;-15;-901.0;-1018.0;-985.0;?;-14
139.0;-50;-870.0;-1017.0;-956.0;50;-19
163.0;-16;?;-988.0;?;16;?
165.0;?;-814.0;-965.0;-937.0;-7;-15
184.0;-45;-838.0;-970.0;-957.0;45;?
164.0;-73;-837.0;-968.0;-945.0;73;-17
?;-26;-804.0;?;-890.0;26;-9
162.0;16;-801.0;-945.0;-939.0;-16;?
172.0;41;-817.0;-959.0;-973.0;-41;-22
162.0;75;-828.0;-961.0;-949.0;-75;-28
160.0;33;-815.0;-975.0;-947.0;-33;-24
140.0;-14;?;-988.0;-927.0;14;-20
159.0;10;-826.0;-988.0;-927.0;-10;-20
154.0;16;-835.0;-968.0;-938.0;-16;-20
144.0;-3;-836.0;-975.0;-941.0;3;-16
?;-11;-841.0;-973.0;-940.0;11;-15
152.0;6;-838.0;-970.0;-941.0;-6;?
150.0;15;-832.0;-985.0;-946.0;-15;-15
160.0;4;?;-978.0;-948.0;-4;-17
150.0;15;-843.0;-985.0;-944.0;-15;-20
145.0;11;-850.0;-985.0;-944.0;-11;-19
157.0;?;-858.0;-976.0;?;10;?
123.0;5;-850.0;-989.0;-947.0;-5;-12
140.0;-6;-859.0;?;-955.0;6;-20
132.0;-28;-858.0;-986.0;-948.0;28;-21
132.0;?;-858.0;-993.0;-949.0;8;-11
145.0;1;-863.0;-988.0;-954.0;-1;-17
160.0;16;-853.0;-945.0;-947.0;-16;-23
155.0;7;-841.0;-940.0;-930.0;?;-12
157.0;31;-856.0;-962.0;-943.0;-31;-7
144.0;55;-868.0;-985.0;?;-55;-16
146.0;-11;-859.0;?;-951.0;11;-22
?;-8;-852.0;?;-961.0;8;-17
148.0;9;-860.0;-980.0;-958.0;?;-15
161.0;-13;-866.0;-988.0;-959.0;13;-19
152.0;15;-864.0;-985.0;-933.0;-15;-23
168.0;13;-856.0;-1004.0;-960.0;-13;-23
157.0;-7;-868.0;-997.0;-976.0;?;-20
151.0;14;-862.0;-997.0;-1003.0;-14;-19
143.0;-2;-855.0;?;-989.0;2;-15
161.0;-22;?;-983.0;-941.0;22;-23
161.0;?;-858.0;-994.0;-933.0;32;-20
145.0;-26;-877.0;-994.0;-955.0;26;-13
157.0;5;-895.0;-998.0;-955.0;-5;-22
118.0;-38;-876.0;-1014.0;-939.0;38;-13
138.0;?;-877.0;-1017.0;-932.0;44;-17
144.0;-50;-861.0;-1017.0;-923.0;50;-30
?;-54;-873.0;-1006.0;-927.0;54;0
139.0;-29;-855.0;-969.0;-976.0;29;-21
141.0;-94;-865.0;-945.0;-971.0;?;-58
112.0;-139;-871.0;-957.0;-970.0;139;-50
93.0;-265;-856.0;?;-969.0;?;-146
90.0;-392;-875.0;-979.0;-974.0;392;-116
92.0;-418;-901.0;?;-986.0;418;?
97.0;-392;-890.0;?;-956.0;392;48
?;?;-846.0;-1002.0;-943.0;180;13
83.0;-26;-886.0;-1045.0;-1003.0;26;61
81.0;-30;-884.0;-1038.0;-936.0;30;46
58.0;13;-884.0;-999.0;-998.0;-13;85
29.0;163;-873.0;-964.0;-1027.0;-163;89
32.0;215;-897.0;-949.0;-1009.0;-215;0
26.0;66;-918.0;-1004.0;-994.0;-66;10
40.0;37;-928.0;-990.0;-997.0;-37;?
44.0;92;-878.0;-980.0;-987.0;?;-80
57.0;51;?;-965.0;-974.0;-51;-48
78.0;40;-845.0;?;-982.0;-40;-28
50.0;49;-865.0;-983.0;?;-49;-9
43.0;28;-879.0;-982.0;-1029.0;-28;-20
10.0;29;-886.0;-1002.0;-1049.0;-29;?
26.0;17;-907.0;-994.0;-1056.0;-17;-22
?;25;-929.0;-1016.0;-1042.0;-25;-19
19.0;61;-980.0;?;-1021.0;-61;-17
11.0;60;?;-1065.0;-961.0;-60;-20
0.0;?;?;-1185.0;-910.0;-76;-17
20.0;74;-926.0;-1149.0;-894.0;-74;-17
20.0;53;-918.0;-1100.0;-874.0;-53;-18
20.0;82;-909.0;-1066.0;-882.0;-82;-18
22.0;90;-894.0;-1018.0;-937.0;-90;-24
32.0;52;-879.0;-1013.0;-970.0;-52;-21
45.0;49;-885.0;-1031.0;-983.0;-49;-14
25.0;75;-892.0;-1019.0;-1068.0;-75;-17
15.0;54;-849.0;-1001.0;-1026.0;-54;-15
3.0;40;-868.0;-1044.0;-1034.0;-40;?
-30.0;72;-884.0;-1065.0;-1060.0;-72;-17
?;74;-897.0;-1043.0;-1004.0;-74;-15
-2.0;31;-897.0;-1034.0;-1064.0;-31;-19
-27.0;-7;-879.0;?;?;7;?
-39.0;-24;?;?;-986.0;24;?
-31.0;-47;-861.0;-834.0;-978.0;47;-20
-39.0;-72;-855.0;-857.0;-999.0;72;-21
-59.0;-49;-839.0;-839.0;-981.0;49;-17
-33.0;4;-843.0;-718.0;-965.0;-4;-40
?;?;-835.0;-720.0;-974.0;-25;-34
-70.0;48;-843.0;-733.0;-980.0;-48;?
-65.0;41;-851.0;-733.0;-975.0;-41;-22
-38.0;15;-834.0;?;-988.0;-15;-23
?;28;-858.0;-766.0;-999.0;-28;-12
-101.0;-15;?;-750.0;-973.0;15;-16
-86.0;-52;-802.0;-762.0;-1046.0;52;-18
?;-28;-807.0;-740.0;-1063.0;28;-18
-154.0;-2;-795.0;-752.0;-1026.0;2;-18
-136.0;5;-781.0;-814.0;-993.0;-5;?
-166.0;-32;-801.0;-788.0;-1078.0;32;-14
-183.0;-47;-784.0;-721.0;-927.0;47;-19
-172.0;-56;-790.0;-774.0;-963.0;56;-15
-182.0;-38;?;-852.0;?;38;-11
-162.0;-36;-765.0;?;?;36;-16
-173.0;-102;-742.0;-720.0;-993.0;102;-25
-182.0;-112;-735.0;-732.0;-977.0;112;-24
-179.0;-82;-741.0;-724.0;-978.0;82;-18
-157.0;?;-750.0;-721.0;-988.0;22;-12
-152.0;38;-764.0;-744.0;-993.0;?;-15
-150.0;?;-765.0;-745.0;-1012.0;-24;?
-130.0;25;-772.0;-745.0;?;-25;?
-89.0;39;-775.0;-729.0;-1068.0;-39;-17
-62.0;32;?;?;-1055.0;-32;-14
-54.0;51;-795.0;-709.0;-1064.0;-51;-12
?;54;-821.0;-736.0;-1090.0;-54;-22
-6.0;24;-850.0;-767.0;-1096.0;-24;-24
-58.0;?;-868.0;?;-1197.0;-15;-20
?;14;-895.0;-768.0;-1170.0;-14;-20
-130.0;28;-861.0;-788.0;-1099.0;-28;-20
-132.0;32;-837.0;-777.0;-1031.0;?;-20
-117.0;-24;-858.0;?;-1003.0;24;-21
-97.0;-37;-876.0;-853.0;-944.0;37;-19
-140.0;-34;-888.0;-887.0;-875.0;34;-16
-91.0;-83;-916.0;-923.0;-800.0;83;?
-95.0;?;-949.0;?;-777.0;61;-43
-113.0;-117;-949.0;?;-803.0;117;-18
-149.0;-141;-973.0;-1018.0;-869.0;141;?
-110.0;?;-956.0;-991.0;?;?;-16
-97.0;?;-951.0;-935.0;-904.0;-94;8
-54.0;-167;-971.0;-965.0;-921.0;167;?
-135.0;-622;-974.0;-1002.0;-907.0;622;-201
-199.0;-728;-945.0;-974.0;-899.0;728;-126
-124.0;-819;-893.0;-903.0;-844.0;?;?
17.0;-1399;-916.0;-907.0;-857.0;1399;0
6.0;-1224;-947.0;-961.0;-921.0;1224;199
-100.0;-320;-928.0;-935.0;?;320;217
-104.0;-216;-878.0;-863.0;-930.0;216;242
69.0;96;-905.0;-877.0;?;-96;162
118.0;932;-1005.0;-1066.0;-1206.0;-932;5
-21.0;1027;-898.0;-1017.0;-1082.0;-1027;-5
-48.0;?;-1013.0;-969.0;-1039.0;-1034;-31
-26.0;1091;-988.0;-996.0;-1086.0;-1091;-80
-57.0;808;-936.0;-971.0;-1068.0;-808;-31
-72.0;692;-912.0;?;-988.0;-692;?
-64.0;675;-914.0;-909.0;-1018.0;-675;68
-18.0;?;-921.0;-962.0;-967.0;-554;4
6.0;457;-888.0;-989.0;-977.0;-457;62
-7.0;791;-897.0;-988.0;-995.0;-791;480
-40.0;1665;-938.0;-983.0;-1006.0;-1665;-201
-22.0;?;-935.0;-973.0;-1038.0;-1174;520
-37.0;30;-934.0;-948.0;-1069.0;-30;1318
-80.0;170;-909.0;-969.0;-1057.0;-170;-383
-82.0;66;-902.0;-985.0;-1019.0;-66;-308
-143.0;-105;-865.0;-920.0;?;105;167
-253.0;100;-847.0;-860.0;-981.0;-100;-202
-271.0;74;-845.0;?;-986.0;-74;53
-258.0;121;-923.0;-885.0;-1023.0;-121;-41
-233.0;128;-955.0;-931.0;-1050.0;-128;-29
-182.0;106;-941.0;-988.0;-1003.0;-106;10
-181.0;74;-902.0;-979.0;-964.0;-74;-36
-219.0;32;-1012.0;-1010.0;-1042.0;-32;-2
-332.0;?;-1042.0;-1015.0;-1051.0;-22;-13
-122.0;16;-903.0;-919.0;-933.0;-16;-12
5.0;43;?;-929.0;-877.0;-43;-18
-79.0;78;-1120.0;-1083.0;-1007.0;-78;-2
?;128;-1097.0;-1193.0;-1058.0;-128;10
-71.0;220;-1014.0;-1106.0;-974.0;-220;-16
26.0;228;-1030.0;-1057.0;-948.0;-228;-15
90.0;287;?;-1007.0;-994.0;?;9
2.0;?;-927.0;-967.0;-954.0;-363;-9
-92.0;379;-853.0;-875.0;-911.0;-379;-8
-128.0;?;-861.0;-825.0;-912.0;-941;-34
-124.0;1447;-925.0;-784.0;-957.0;-1447;-3
-21.0;1919;-1007.0;-864.0;-990.0;-1919;-67
97.0;2579;-1036.0;-952.0;-1043.0;-2579;-53
55.0;3725;-1025.0;-1035.0;-1023.0;-3725;-186
75.0;5821;-953.0;-1053.0;-951.0;-5821;-550
62.0;5905;?;?;?;?;-196
-73.0;3830;?;-1027.0;-830.0;-3830;?
-22.0;696;-838.0;-983.0;-808.0;-696;-877
138.0;-3122;-860.0;-934.0;-790.0;3122;1082
-169.0;-4331;-902.0;?;-827.0;?;931
-256.0;-4041;-986.0;-1030.0;-889.0;4041;587
-17.0;-4500;-943.0;-1159.0;-971.0;?;686
253.0;-5209;-1190.0;?;-1058.0;5209;-131
156.0;-5299;-1124.0;-1401.0;-1215.0;5299;?
-122.0;-5537;-1162.0;-1377.0;-1262.0;5537;-417
-222.0;-5820;-1042.0;-1101.0;-1079.0;5820;-1232
34.0;-5092;-875.0;-765.0;-964.0;5092;?
125.0;?;-928.0;-667.0;-996.0;5475;-1701
38.0;-3524;?;-734.0;-1148.0;3524;722
-39.0;?;-1044.0;-765.0;-1209.0;-1090;2607
-85.0;?;-953.0;-856.0;-1081.0;-3608;-2168
-40.0;4542;-835.0;-786.0;-890.0;-4542;-2206
57.0;2719;-774.0;-755.0;-816.0;-2719;121
22.0;1031;-752.0;-770.0;-715.0;-1031;-454
41.0;934;-726.0;-778.0;-710.0;-934;-362
-34.0;91;-754.0;-833.0;-784.0;-91;-201
100.0;104;-789.0;-939.0;-850.0;-104;-59
-99.0;188;-790.0;-942.0;-922.0;-188;-4
?;-2;-839.0;-898.0;-961.0;2;-17
297.0;107;-883.0;-842.0;-979.0;-107;0
108.0;49;-1136.0;?;-1110.0;-49;?
-176.0;29;-1184.0;-1149.0;-1224.0;-29;-20
-208.0;21;-1264.0;-1369.0;-1457.0;-21;-18
75.0;5;-1253.0;-1314.0;-1198.0;-5;-22
86.0;?;-1132.0;-1246.0;-1112.0;?;-10
62.0;48;-1099.0;-1254.0;-875.0;-48;-41
-37.0;?;-1076.0;-1198.0;-930.0;-345;2
-65.0;393;-989.0;-1164.0;-1019.0;-393;?
45.0;439;-990.0;-1052.0;-897.0;-439;-63
127.0;1812;-924.0;-922.0;-827.0;-1812;47
138.0;2393;-821.0;-784.0;-720.0;-2393;-163
20.0;4249;-732.0;-668.0;-678.0;-4249;44
-62.0;334;?;-764.0;-657.0;-334;?
11.0;-47;-702.0;-805.0;-687.0;?;?
103.0;236;-756.0;-858.0;-768.0;-236;115
-28.0;40;-802.0;-872.0;-874.0;-40;-111
123.0;122;-851.0;-871.0;-928.0;-122;10
321.0;110;-944.0;-899.0;-1019.0;-110;-11
28.0;63;?;-1044.0;-1125.0;-63;-28
?;63;-1104.0;-1192.0;-1160.0;-63;6
-148.0;75;?;-1395.0;-1381.0;-75;-16
241.0;132;-1374.0;?;-1241.0;-132;-9
?;?;-1070.0;-1226.0;-981.0;-103;-17
-59.0;206;?;-1090.0;-835.0;?;-25
-104.0;398;-1083.0;-1120.0;-963.0;-398;?
-37.0;632;-1062.0;-1122.0;-1053.0;-632;-37
57.0;1204;-998.0;-999.0;-935.0;-1204;-44
152.0;1934;-880.0;-845.0;-840.0;-1934;-65
126.0;3380;-789.0;?;-745.0;?;-54
64.0;5149;-732.0;?;-715.0;-5149;88
21.0;?;-657.0;-735.0;-695.0;-318;-155
49.0;13;-702.0;-791.0;-763.0;?;30
62.0;74;-786.0;-841.0;-832.0;-74;19
118.0;101;-836.0;-895.0;-984.0;-101;4
?;32;?;-906.0;-1006.0;-32;58
284.0;120;-868.0;-894.0;-965.0;-120;-9
-160.0;71;-1120.0;-901.0;-965.0;-71;52
?;29;-1237.0;-1148.0;-1209.0;-29;18
-162.0;-16;?;-1224.0;-1091.0;16;-8
112.0;-50;-1295.0;-1342.0;-1176.0;50;27
-34.0;-83;-978.0;-1196.0;-946.0;83;9
-56.0;-13;?;?;?;13;14
-66.0;13;-932.0;-838.0;-899.0;?;-47
-6.0;98;-1082.0;-1003.0;-836.0;-98;-63
93.0;357;-1099.0;-1094.0;?;-357;-26
170.0;602;-1030.0;-1090.0;-837.0;-602;-140
169.0;1412;-922.0;-997.0;-810.0;-1412;-73
168.0;?;-865.0;-855.0;-739.0;-2687;-250
-74.0;3206;-851.0;-830.0;-824.0;-3206;-566
-49.0;3164;-824.0;-897.0;-902.0;-3164;-243
174.0;2855;?;-913.0;-1003.0;-2855;?
242.0;1426;-955.0;-813.0;-899.0;-1426;-177
37.0;-444;-959.0;-800.0;-856.0;444;128
-26.0;-1623;-948.0;-841.0;-797.0;1623;?
-39.0;?;-914.0;-892.0;-775.0;2144;305
74.0;-2184;-977.0;?;-719.0;2184;10
-11.0;-2422;-937.0;-923.0;-786.0;2422;-239
?;-2783;-999.0;-896.0;-840.0;2783;-322
-65.0;-2353;-935.0;-870.0;-797.0;?;-144
-20.0;-2132;-904.0;-846.0;-829.0;2132;54
23.0;?;-965.0;-897.0;-922.0;1665;?
?;-902;-1039.0;-970.0;-971.0;902;313
-44.0;-478;-1020.0;-1021.0;-943.0;478;345
-63.0;833;-994.0;?;?;-833;-715
-88.0;1358;-991.0;-963.0;-820.0;-1358;-87
-70.0;2120;?;-921.0;-805.0;?;1548
-78.0;2206;-930.0;-905.0;-819.0;-2206;?
-54.0;142;-942.0;-935.0;?;?;24
-98.0;-78;-931.0;-955.0;-881.0;78;-44
-52.0;168;-930.0;?;-904.0;-168;6
-39.0;?;-928.0;-961.0;-851.0;59;-40
-21.0;162;-919.0;-928.0;-879.0;-162;-12
-30.0;40;-903.0;-918.0;-878.0;-40;-19
23.0;36;-951.0;-935.0;-850.0;-36;-15
75.0;13;-976.0;-936.0;-851.0;?;-20
8.0;-6;-994.0;-961.0;-890.0;6;-23
-169.0;54;-1110.0;-1032.0;-1005.0;-54;-6
?;40;-1162.0;-1059.0;-997.0;-40;-13
?;36;-1051.0;-1052.0;?;-36;-10
?;17;-937.0;-1032.0;-960.0;-17;-10
?;?;-891.0;-919.0;-886.0;7;?
-12.0;9;-841.0;-788.0;-816.0;-9;-11
34.0;13;-854.0;-751.0;-785.0;-13;-13
65.0;?;-906.0;-801.0;-718.0;-3;-17
38.0;4;-960.0;-892.0;-728.0;-4;-8
?;-6;-1006.0;-996.0;-779.0;6;-16
39.0;?;-1042.0;-1045.0;-825.0;13;-39
58.0;-34;-1016.0;-992.0;-822.0;34;-21
100.0;-35;-964.0;-917.0;-789.0;35;?
?;-34;-928.0;-855.0;-758.0;34;-10
42.0;?;-939.0;-847.0;-769.0;88;43
63.0;-88;-944.0;-865.0;-758.0;88;42
?;-31;-978.0;-925.0;-742.0;31;-2
81.0;-41;?;-961.0;-735.0;41;-19
103.0;-18;-1010.0;-986.0;-700.0;?;-20
100.0;0;-985.0;-985.0;-649.0;0;-22
106.0;-26;-991.0;?;-631.0;26;0
108.0;46;-981.0;-941.0;-591.0;?;28
105.0;182;-961.0;-921.0;-550.0;-182;-14
157.0;418;-932.0;?;-551.0;-418;-73
122.0;643;-947.0;-889.0;-505.0;-643;-23
107.0;?;-980.0;-928.0;-470.0;-613;38
122.0;446;-999.0;?;-538.0;-446;?
86.0;?;-994.0;-945.0;-498.0;-157;11
71.0;-268;-984.0;-942.0;-499.0;268;45
81.0;?;-991.0;-950.0;-491.0;394;-16
69.0;-262;-1005.0;-967.0;-494.0;262;-60
36.0;-145;-984.0;-987.0;-483.0;145;1
47.0;-95;-927.0;-933.0;-459.0;95;6
19.0;-156;-893.0;-870.0;-478.0;156;-40
-27.0;-90;-941.0;-881.0;-634.0;90;-8
24.0;-26;-1013.0;-965.0;-704.0;26;-21
47.0;?;-1025.0;-1029.0;-654.0;28;-60
81.0;-44;-1034.0;-1041.0;-649.0;44;-24
-7.0;-7;-927.0;-973.0;-591.0;7;-23
52.0;-121;-873.0;-870.0;-526.0;121;-93
-32.0;-512;-859.0;-833.0;-598.0;512;-99
-30.0;-209;?;-840.0;-642.0;209;29
-41.0;64;-963.0;-896.0;-646.0;-64;43
-86.0;-268;-885.0;-900.0;-615.0;268;-49
-132.0;-230;-818.0;-838.0;-488.0;?;6
-233.0;-140;-834.0;?;-646.0;140;48
-60.0;-104;-1016.0;-764.0;-552.0;104;-22
-69.0;?;?;-795.0;-683.0;143;-31
102.0;-202;-1021.0;-874.0;-959.0;202;-8
104.0;19;-996.0;-976.0;?;-19;12
134.0;106;-966.0;-940.0;-267.0;-106;0
170.0;-22;?;-917.0;-353.0;22;-43
216.0;-57;-912.0;?;-527.0;57;42
120.0;49;-906.0;?;-499.0;-49;19
?;98;-1022.0;-870.0;-568.0;-98;-94
-140.0;-231;-879.0;-872.0;-852.0;231;21
-171.0;-61;-890.0;-888.0;-843.0;61;143
-164.0;262;-878.0;-894.0;-838.0;-262;?
-69.0;80;-842.0;-918.0;-1037.0;-80;-9
-177.0;65;-1005.0;-977.0;-1063.0;-65;-7
-90.0;33;-951.0;-960.0;-977.0;-33;-18
88.0;21;-896.0;-930.0;-868.0;-21;-25
95.0;27;-950.0;?;-921.0;-27;-16
90.0;36;-1133.0;-1177.0;-1044.0;-36;-9
99.0;36;-1162.0;-1289.0;-1110.0;-36;-12
?;89;-1143.0;-1244.0;-1068.0;-89;-15
169.0;165;-1095.0;?;-1166.0;-165;?
118.0;169;?;-1023.0;-1076.0;-169;-20
71.0;?;-848.0;-864.0;-917.0;-259;-18
63.0;450;-783.0;-741.0;-851.0;-450;-9
20.0;741;-792.0;-708.0;-779.0;-741;5
75.0;1286;-850.0;-773.0;-782.0;-1286;?
122.0;2006;-923.0;-861.0;-824.0;-2006;0
109.0;3202;?;?;-904.0;-3202;-15
147.0;5329;?;-1057.0;-964.0;-5329;-218
162.0;6996;-952.0;-1081.0;-949.0;?;-325
106.0;7490;-923.0;-1034.0;?;-7490;-471
64.0;6669;-914.0;-988.0;-911.0;-6669;-663
62.0;1665;-876.0;-970.0;-891.0;-1665;196
291.0;-3189;-880.0;-915.0;-865.0;3189;1111
-143.0;-3455;-881.0;-930.0;-871.0;3455;994
-87.0;-3604;-931.0;-977.0;-899.0;?;934
22.0;-4182;?;-1104.0;-1016.0;4182;657
255.0;-4585;-1201.0;-1197.0;-1148.0;4585;?
60.0;-5614;-1206.0;-1324.0;-1340.0;5614;-166
-104.0;-5474;-1120.0;-1220.0;-1388.0;5474;-639
-131.0;-5483;-1048.0;-1048.0;-1245.0;5483;-1017
27.0;-5777;-916.0;-885.0;-1120.0;5777;-1224
119.0;-4672;-917.0;-731.0;-1080.0;4672;-1326
66.0;-4322;?;-847.0;?;4322;973
-48.0;-829;?;-966.0;-1177.0;829;2416
-51.0;3146;-964.0;?;-1091.0;-3146;1742
-26.0;2722;-860.0;-802.0;-941.0;-2722;633
-13.0;?;-771.0;-758.0;-815.0;-3967;-1430
9.0;3599;-751.0;-785.0;?;?;-395
40.0;722;-764.0;-838.0;-735.0;-722;836
72.0;176;?;?;-788.0;-176;-239
23.0;235;-851.0;-960.0;-848.0;-235;-154
9.0;137;-832.0;-950.0;-866.0;-137;?
142.0;139;-843.0;-892.0;-892.0;-139;?
?;80;-923.0;?;-950.0;-80;11
217.0;58;-1016.0;-933.0;-984.0;-58;-39
146.0;111;-1057.0;-1062.0;-1129.0;-111;-10
-52.0;107;-1050.0;-1059.0;-1175.0;-107;-20
-98.0;89;-1210.0;-1232.0;-1382.0;?;-8
-120.0;76;-1263.0;-1154.0;-1302.0;-76;-3
41.0;?;?;-1133.0;-1139.0;-62;-14
87.0;184;-1106.0;-1283.0;?;-184;-17
38.0;137;-1134.0;-1260.0;-849.0;-137;-3
-30.0;461;?;-1134.0;-853.0;-461;-10
?;1008;-972.0;-1066.0;?;-1008;10
124.0;1071;-965.0;-978.0;-871.0;-1071;-6
234.0;2368;-873.0;-842.0;-764.0;-2368;-54
76.0;4609;-767.0;-710.0;-716.0;-4609;141
111.0;6565;-720.0;-638.0;-712.0;-6565;-461
128.0;8900;-769.0;-651.0;-722.0;-8900;-1182
106.0;?;-822.0;-718.0;-800.0;-8502;-996
45.0;2910;-856.0;-777.0;-870.0;-2910;-920
266.0;110;-805.0;-853.0;-893.0;-110;26
?;128;-948.0;-878.0;?;-128;-3
-22.0;119;-1142.0;-1020.0;-1111.0;-119;-43
-450.0;80;-1192.0;-1176.0;-1194.0;-80;20
-48.0;64;-1381.0;-1343.0;-1440.0;-64;-27
196.0;78;-1441.0;-1337.0;-1302.0;-78;-3
45.0;180;-1004.0;-1325.0;-922.0;-180;-12
-20.0;202;-1062.0;-1204.0;-784.0;?;-17
-64.0;175;-1096.0;-1179.0;-983.0;-175;-29
?;646;-1071.0;-1134.0;-1049.0;-646;-40
125.0;888;-989.0;-1016.0;-952.0;-888;9
179.0;2375;-879.0;-866.0;-851.0;-2375;-79
169.0;2991;-823.0;-750.0;-746.0;-2991;-11
91.0;2911;-728.0;-676.0;-681.0;-2911;-4
128.0;6778;-744.0;-669.0;?;-6778;-413
59.0;8608;-814.0;-723.0;-767.0;-8608;-403
34.0;6713;-872.0;-791.0;-858.0;-6713;-664
-40.0;2096;-877.0;-872.0;-875.0;-2096;-554
172.0;-3408;-882.0;-920.0;-864.0;3408;704
?;-4026;?;-995.0;-908.0;4026;1047
12.0;-4075;-1021.0;-1082.0;-974.0;?;615
-118.0;-4944;-1040.0;-1193.0;-1078.0;?;275
172.0;-5082;-980.0;?;-1059.0;5082;?
-17.0;-5650;-1235.0;-1176.0;-1140.0;5650;-160
33.0;-5592;-1194.0;-1251.0;?;5592;-251
16.0;-5069;-1039.0;-1040.0;-1182.0;5069;?
37.0;?;-1027.0;-858.0;-1038.0;4763;-704
73.0;-4746;-1086.0;-837.0;?;4746;-680
59.0;-3824;-1092.0;-979.0;-1274.0;3824;?
-24.0;-2142;?;-997.0;-1269.0;2142;?
-81.0;-334;-1000.0;-1005.0;-1097.0;?;2545
-49.0;2025;-848.0;-850.0;-903.0;-2025;-328
-43.0;4266;-746.0;-764.0;-740.0;-4266;-1265
-44.0;5552;-673.0;-760.0;-643.0;-5552;-933
-2.0;3916;-669.0;-768.0;-649.0;-3916;-1187
34.0;981;-720.0;?;-703.0;-981;-749
51.0;126;-805.0;-871.0;?;-126;-69
76.0;157;?;?;-915.0;-157;-10
53.0;110;-908.0;-974.0;-953.0;-110;-51
?;145;-916.0;?;-1016.0;-145;-5
?;?;?;-904.0;-1014.0;-52;-9
-34.0;82;-1052.0;-1036.0;-1060.0;-82;6
-277.0;83;-1052.0;-1041.0;-1137.0;-83;?
-198.0;-5;-1273.0;?;?;5;5
149.0;-11;-1360.0;-1277.0;-1229.0;11;5
244.0;42;-1192.0;-1255.0;-1043.0;?;2
192.0;94;-972.0;-1168.0;-778.0;-94;-16
?;98;-1064.0;-1048.0;-845.0;-98;-16
31.0;110;-1066.0;-1063.0;-976.0;-110;10
29.0;140;-1049.0;-998.0;-890.0;-140;?
89.0;154;-977.0;-942.0;-867.0;-154;-39
178.0;608;-875.0;-840.0;-825.0;-608;?
82.0;838;-805.0;-715.0;-732.0;-838;?
109.0;1346;-752.0;-695.0;-686.0;?;?
138.0;2069;-775.0;?;-695.0;-2069;-49
53.0;1914;-874.0;-784.0;-742.0;-1914;-27
?;3104;-918.0;-846.0;-828.0;-3104;-139
85.0;4007;-964.0;-915.0;-896.0;-4007;-274
-272.0;-133;-640.0;-626.0;-978.0;133;-111
?;9;-634.0;-610.0;-978.0;-9;74
-307.0;5;-620.0;?;?;-5;56
-275.0;196;-639.0;-646.0;-1013.0;-196;5
-239.0;252;-687.0;-649.0;?;-252;-2
-287.0;199;-714.0;-658.0;-981.0;-199;3
-197.0;?;-708.0;-698.0;-1003.0;-201;?
-183.0;192;-699.0;-702.0;-923.0;-192;-20
-177.0;216;-710.0;-827.0;-929.0;-216;-3
-152.0;?;-719.0;-997.0;-970.0;-253;0
-149.0;308;?;-1139.0;-952.0;-308;-24
?;296;-787.0;-1008.0;-977.0;-296;-27
-225.0;325;-766.0;-903.0;-922.0;-325;-77
-187.0;307;-743.0;-990.0;-952.0;-307;-83
?;203;-775.0;-1012.0;-1033.0;-203;-6
-162.0;198;-769.0;-999.0;-1020.0;-198;41
-142.0;161;-771.0;-1003.0;-1067.0;-161;?
-154.0;60;-790.0;-1031.0;-1087.0;-60;-56
-161.0;-69;-793.0;-1028.0;-1041.0;69;-134
-150.0;-196;-791.0;-1019.0;-1039.0;196;-55
-154.0;-305;-813.0;?;-992.0;305;-27
-146.0;-406;-837.0;-1051.0;-911.0;406;?
-147.0;-429;-824.0;-1069.0;-892.0;429;54
-146.0;-437;-809.0;-1073.0;-852.0;437;115
-151.0;-393;?;-1071.0;-888.0;393;41
-165.0;-538;-775.0;-1074.0;-995.0;538;-30
?;-680;?;-1032.0;-1045.0;?;45
-148.0;-483;-778.0;-1004.0;-1031.0;483;60
-209.0;-493;-773.0;-1030.0;-1009.0;493;-30
-177.0;-505;?;?;?;505;42
-163.0;-183;-781.0;-1046.0;-975.0;183;96
-132.0;76;-757.0;-993.0;-946.0;-76;36
?;132;-727.0;-964.0;-991.0;-132;-2
-228.0;130;-702.0;-997.0;-1017.0;-130;103
-200.0;108;-712.0;-1004.0;-1030.0;-108;?
-190.0;-217;-719.0;?;-1053.0;?;87
-198.0;-706;-709.0;-945.0;-1057.0;706;?
-233.0;-952;-687.0;?;-1037.0;952;-200
-198.0;-891;-710.0;?;?;891;-74
-175.0;-844;-665.0;-841.0;-1010.0;844;6
-173.0;-904;-706.0;-920.0;-978.0;904;80
-164.0;-545;-694.0;-931.0;-930.0;545;19
-180.0;-136;-675.0;-886.0;-906.0;136;-40
-178.0;-80;-681.0;-836.0;-928.0;80;-11
-159.0;-29;-674.0;-896.0;-947.0;29;?
-206.0;-51;-683.0;-919.0;-919.0;51;-12
-196.0;-42;-702.0;-893.0;-919.0;42;-6
?;31;?;-870.0;-893.0;-31;3
?;32;-700.0;-926.0;-837.0;-32;-20
-122.0;30;-702.0;-1013.0;-716.0;-30;-38
-80.0;89;-665.0;-945.0;-690.0;?;-3
-69.0;?;-703.0;-937.0;-690.0;-116;4
-54.0;-34;-723.0;-937.0;-708.0;34;-18
-42.0;-62;-715.0;-948.0;-796.0;62;-17
-22.0;?;-773.0;-944.0;-802.0;-42;?
-17.0;19;-781.0;-963.0;-781.0;-19;-22
-60.0;3;-733.0;-955.0;-772.0;-3;-1
-105.0;48;-694.0;-983.0;-804.0;-48;-16
-237.0;76;-679.0;-982.0;-797.0;-76;-18
-178.0;48;-675.0;-892.0;-887.0;-48;3
?;7;-629.0;-885.0;-968.0;-7;-5
-118.0;19;-647.0;-830.0;-982.0;-19;-10
-112.0;46;-576.0;-748.0;-994.0;-46;-14
-131.0;61;-557.0;-731.0;-895.0;-61;-23
-131.0;36;-552.0;-772.0;-942.0;-36;-11
?;-29;-531.0;-774.0;-939.0;29;-15
-123.0;-67;-464.0;-748.0;-922.0;?;-21
-104.0;-73;-403.0;-655.0;?;73;-9
-110.0;-91;-438.0;-614.0;?;91;-17
-106.0;-116;-522.0;-594.0;-958.0;116;?
-54.0;-145;-504.0;-649.0;?;145;-10
-101.0;?;-483.0;?;-955.0;102;-23
-67.0;8;-483.0;?;-958.0;-8;-17
-106.0;23;-491.0;-660.0;-996.0;-23;-12
?;-34;-476.0;?;-1010.0;34;-25
-87.0;-23;-468.0;-599.0;-1003.0;23;-18
-49.0;15;-464.0;-582.0;-975.0;-15;-11
-88.0;3;-459.0;-588.0;-961.0;-3;-19
-78.0;-35;-446.0;-586.0;-948.0;35;-20
-79.0;?;-459.0;-576.0;-920.0;16;?
-61.0;26;-448.0;-583.0;-906.0;-26;-13
-73.0;-5;-436.0;-594.0;-882.0;5;-9
-67.0;-18;-439.0;-601.0;-851.0;18;-9
-53.0;?;-420.0;-589.0;?;28;-11
-60.0;-50;?;-606.0;-816.0;?;-16
-53.0;-28;-426.0;-589.0;-814.0;28;-19
-96.0;-37;-430.0;-631.0;-833.0;37;-16
-71.0;-24;-419.0;-647.0;?;24;-18
?;?;-420.0;-630.0;-849.0;-13;-21
-30.0;10;-419.0;-689.0;-849.0;-10;-19
-35.0;-10;?;-859.0;-855.0;?;-14
10.0;-17;-466.0;-815.0;-878.0;17;-17
-37.0;9;-472.0;-642.0;-979.0;-9;-22
28.0;21;-468.0;-530.0;-1051.0;-21;-17
-26.0;12;-483.0;-627.0;?;-12;-22
-7.0;40;-523.0;-681.0;-973.0;-40;-22
10.0;?;-596.0;-767.0;-899.0;-44;-13
10.0;16;-620.0;-778.0;-907.0;-16;-14
-12.0;?;-650.0;-791.0;-887.0;-27;-10
17.0;5;?;-798.0;?;-5;-12
-6.0;-2;-744.0;-802.0;?;?;-21
2.0;22;?;-813.0;-1003.0;-22;-28
41.0;41;-796.0;-817.0;-974.0;-41;-28
-21.0;50;-800.0;-819.0;-962.0;?;-19
18.0;22;-783.0;-813.0;-945.0;?;-19
17.0;68;-800.0;-784.0;-942.0;?;-19
22.0;93;-790.0;-773.0;-880.0;-93;-14
13.0;99;-772.0;-739.0;-882.0;?;-18
2.0;82;-766.0;-752.0;-914.0;-82;-16
-8.0;-49;-784.0;-859.0;-904.0;?;?
-4.0;-76;-796.0;-916.0;-892.0;76;-21
29.0;-32;?;-875.0;-904.0;32;-18
?;23;-820.0;-931.0;?;-23;-18
-10.0;44;-795.0;-972.0;-961.0;-44;-23
-22.0;?;-770.0;-874.0;-924.0;?;-21
-14.0;99;-750.0;-829.0;-884.0;-99;-25
6.0;67;-714.0;-693.0;-906.0;-67;-24
-4.0;102;-712.0;-698.0;?;-102;-22
42.0;260;-729.0;-801.0;-934.0;-260;?
31.0;496;-716.0;-836.0;?;?;-42
?;662;-728.0;-921.0;-975.0;-662;-31
?;696;-760.0;-899.0;-975.0;-696;?
22.0;938;-768.0;-944.0;-969.0;?;-43
33.0;1106;-776.0;-928.0;-960.0;-1106;-10
35.0;?;-775.0;-936.0;-960.0;-1108;-14
41.0;1053;-771.0;-899.0;-955.0;-1053;?
65.0;978;?;-826.0;-942.0;-978;-8
31.0;996;-765.0;-855.0;-933.0;-996;-3
60.0;730;-774.0;-951.0;-864.0;-730;-30
40.0;495;?;-960.0;-850.0;-495;-12
?;560;-781.0;-909.0;-894.0;-560;?
31.0;563;-808.0;-1012.0;-883.0;-563;?
41.0;?;-784.0;-995.0;-855.0;-538;18
57.0;506;-755.0;?;-873.0;-506;-6
37.0;442;-777.0;-976.0;-908.0;-442;-7
66.0;435;-783.0;-1003.0;-900.0;-435;-15
45.0;528;-752.0;-961.0;-884.0;?;-16
37.0;668;-737.0;-923.0;-869.0;-668;-14
51.0;754;-749.0;-1089.0;-818.0;-754;-58
?;872;?;-983.0;-822.0;-872;-34
93.0;1158;-759.0;-931.0;-881.0;-1158;?
82.0;1315;-773.0;?;-897.0;-1315;-2
73.0;1313;-813.0;-1008.0;-882.0;-1313;-61
87.0;?;?;-973.0;-879.0;-1072;-71
102.0;726;-822.0;?;-902.0;?;-36
101.0;785;-844.0;-1069.0;-874.0;-785;-39
132.0;923;-841.0;-1036.0;-865.0;-923;64
108.0;645;-864.0;-1059.0;-883.0;-645;-209
87.0;-1020;-851.0;-1027.0;-889.0;1020;-173
90.0;-2733;-864.0;-936.0;-882.0;2733;418
145.0;-2495;-856.0;-1000.0;-862.0;2495;488
166.0;-2198;-891.0;-1177.0;-827.0;2198;427
153.0;-2635;-781.0;-1014.0;-772.0;2635;?
168.0;-2736;-773.0;-826.0;-942.0;2736;379
177.0;-2537;-858.0;-1381.0;-794.0;2537;215
175.0;-2154;-708.0;-868.0;-736.0;2154;?
148.0;-1990;-755.0;-1012.0;?;1990;-266
163.0;-1984;-774.0;-1023.0;-861.0;1984;-52
160.0;-1066;-737.0;-943.0;-862.0;1066;45
?;189;-736.0;-933.0;-876.0;-189;-11
115.0;0;-773.0;-978.0;-900.0;0;-148
101.0;?;-807.0;-1028.0;-910.0;793;-117
99.0;-540;-789.0;-1077.0;-887.0;540;-41
77.0;-32;-766.0;-1049.0;-851.0;32;-28
131.0;28;-731.0;-989.0;-853.0;-28;?
83.0;40;?;-960.0;-861.0;-40;-30
103.0;10;-725.0;-883.0;-893.0;-10;-24
165.0;-38;-743.0;-831.0;?;?;-7
182.0;1;-798.0;-1051.0;-936.0;-1;-19
154.0;-23;-824.0;-1142.0;-891.0;23;-27
?;-34;-815.0;-1145.0;-856.0;34;-16
?;?;-840.0;-1062.0;-838.0;-6;-11
157.0;5;?;-1106.0;-884.0;-5;-18
179.0;48;-1049.0;?;-931.0;-48;-23
252.0;84;-911.0;-1074.0;-934.0;-84;-13
209.0;49;-852.0;-1103.0;-824.0;-49;-10
?;33;-921.0;?;-828.0;-33;-12
263.0;57;-950.0;-1046.0;?;-57;-13
232.0;71;-946.0;-1022.0;-837.0;-71;?
170.0;101;-963.0;-949.0;-872.0;-101;-25
175.0;125;-991.0;?;-894.0;-125;-23
196.0;150;-1010.0;-985.0;-903.0;-150;?
199.0;226;-1016.0;?;-896.0;-226;-30
198.0;156;?;-902.0;-909.0;-156;-1
232.0;413;?;?;-939.0;-413;-33
?;605;-999.0;-1000.0;-978.0;-605;-46
256.0;434;-972.0;-1033.0;-1004.0;-434;3
259.0;1893;-979.0;-1014.0;-990.0;?;-161
241.0;?;-988.0;-986.0;-1009.0;-3912;8
221.0;4783;?;-978.0;-1013.0;-4783;?
252.0;5819;-959.0;-966.0;-1002.0;-5819;-447
268.0;6404;-951.0;-958.0;-986.0;-6404;-554
194.0;3756;-934.0;-965.0;-959.0;-3756;-1662
67.0;-1033;-916.0;-949.0;-938.0;1033;239
62.0;-2761;-901.0;-964.0;-925.0;2761;1671
228.0;-2154;-905.0;-915.0;-922.0;2154;681
152.0;-3032;-971.0;-938.0;-983.0;3032;705
-31.0;?;-1051.0;-1075.0;-1072.0;4016;228
-51.0;-4324;-1064.0;-1075.0;-1115.0;4324;-124
-131.0;-4882;-1094.0;-1034.0;-1168.0;4882;-159
-139.0;-4339;-1091.0;?;-1202.0;4339;?
-84.0;-4669;-1021.0;-996.0;-1130.0;4669;-866
9.0;-5106;-933.0;?;?;5106;-1442
?;-4759;-1004.0;-883.0;-1048.0;4759;-447
9.0;?;?;?;-1071.0;4572;2133
-28.0;1226;?;-938.0;-1087.0;-1226;1374
-26.0;5120;-856.0;-862.0;-991.0;?;-2586
-22.0;4726;-824.0;-783.0;-883.0;-4726;-2615
16.0;5483;-766.0;-749.0;-834.0;-5483;198
29.0;?;-771.0;-784.0;-823.0;-2446;313
30.0;352;-809.0;-873.0;-849.0;-352;-16
-5.0;472;-845.0;-957.0;-913.0;-472;140
61.0;-70;-863.0;-1002.0;-962.0;?;-94
-49.0;?;-824.0;-930.0;-938.0;?;7
102.0;144;-850.0;-863.0;-919.0;-144;-25
212.0;77;-903.0;-843.0;-962.0;-77;-35
?;148;-1037.0;-855.0;-1017.0;-148;12
?;99;-992.0;-992.0;-1132.0;-99;-7
-147.0;111;-1248.0;?;-1276.0;-111;?
63.0;84;-1317.0;-1312.0;-1324.0;-84;2
147.0;81;-1375.0;-1292.0;-1216.0;-81;?
?;97;-1017.0;-1163.0;-936.0;-97;27
105.0;?;-817.0;-1045.0;-767.0;-125;13
36.0;?;-987.0;-989.0;?;-119;?
53.0;150;-985.0;-988.0;-927.0;-150;6
202.0;301;-964.0;-985.0;-848.0;?;-41
?;?;-940.0;-970.0;-861.0;-768;-73
132.0;1193;-908.0;-914.0;-813.0;-1193;-23
142.0;2513;-866.0;-860.0;-801.0;-2513;-67
?;6494;-874.0;-852.0;-829.0;-6494;-231
151.0;8549;-888.0;?;-854.0;-8549;-906
?;7407;?;-809.0;-863.0;-7407;-768
64.0;4971;-926.0;-855.0;-903.0;-4971;?
?;-674;-938.0;-881.0;-913.0;674;543
461.0;-4433;-947.0;-899.0;-919.0;4433;?
82.0;-4651;-968.0;-938.0;-900.0;?;1108
-22.0;-4694;-980.0;-970.0;-903.0;4694;394
-94.0;-4312;-929.0;?;-987.0;4312;-311
112.0;-4505;-1022.0;-1056.0;-1005.0;4505;-382
-91.0;-4629;-1182.0;-1141.0;-1093.0;4629;-317
-54.0;-3509;?;-1133.0;-1117.0;3509;-235
-85.0;-3038;-881.0;-993.0;?;3038;-502
-26.0;-2819;-905.0;-772.0;?;2819;-161
-123.0;?;?;-1023.0;-1140.0;272;248
?;704;-961.0;-1072.0;-1244.0;-704;161
-90.0;-823;?;-922.0;-1200.0;823;864
-71.0;1191;-969.0;-939.0;-1191.0;-1191;203
?;1894;-865.0;-858.0;-1019.0;-1894;-808
-192.0;-61;-749.0;-828.0;-940.0;61;-232
-106.0;385;-657.0;-787.0;-857.0;-385;-37
-123.0;209;-630.0;-735.0;-859.0;-209;-78
-177.0;-123;-684.0;?;-880.0;123;49
-78.0;127;-692.0;-746.0;?;?;27
-3.0;-45;-700.0;-740.0;-845.0;45;-12
49.0;52;-744.0;?;-773.0;-52;-22
-22.0;3;-778.0;?;?;-3;25
-85.0;48;-737.0;-724.0;-871.0;-48;52
?;107;-675.0;-676.0;-834.0;-107;24
-251.0;63;-779.0;-687.0;-744.0;-63;-36
-294.0;14;-840.0;-660.0;-912.0;?;-39
-211.0;-35;-581.0;-647.0;-999.0;35;-33
-254.0;-29;-484.0;-665.0;-976.0;29;-32
-291.0;?;-536.0;-546.0;?;-19;-8
-272.0;16;-438.0;-514.0;-1021.0;-16;?
-318.0;?;-476.0;-588.0;-1228.0;45;-11
?;-74;-455.0;-508.0;-1245.0;74;-2
-344.0;-44;-377.0;?;-1182.0;44;-21
-389.0;-28;-347.0;-299.0;-1109.0;28;-11
-299.0;?;-327.0;-246.0;-1073.0;48;1
-373.0;-40;-283.0;-244.0;-1071.0;40;0
-381.0;-22;-254.0;-209.0;-1088.0;22;-18
?;-32;-189.0;-192.0;-1113.0;?;-16
-396.0;-11;?;-188.0;-1106.0;11;-16
-366.0;25;?;-198.0;-1108.0;-25;-26
-331.0;18;?;-205.0;-1024.0;-18;?
-323.0;17;-202.0;-245.0;-1048.0;-17;-18
-365.0;4;-241.0;-298.0;-1046.0;-4;-35
-383.0;-2;-302.0;-295.0;-1096.0;2;-22
-382.0;42;-296.0;-311.0;-1061.0;-42;-26
?;41;-212.0;-308.0;-931.0;-41;?
-372.0;-15;-229.0;-301.0;-966.0;15;-31
-384.0;?;-245.0;-386.0;-1004.0;39;-10
-380.0;?;-252.0;-385.0;-1023.0;15;-7
-390.0;-28;-256.0;-346.0;-957.0;28;-33
-378.0;-49;-267.0;-391.0;-1012.0;49;-6
-401.0;-11;-226.0;-375.0;-1073.0;11;5
?;-1;-206.0;-324.0;-1071.0;1;?
-380.0;-7;-209.0;-379.0;-1068.0;7;-28
-368.0;13;-214.0;-516.0;-1071.0;-13;-8
-245.0;-6;-202.0;-550.0;-1053.0;6;-20
-231.0;-40;-222.0;-677.0;-1058.0;?;?
-243.0;?;-257.0;-726.0;?;31;-25
-201.0;-32;-245.0;-766.0;-994.0;32;?
-197.0;-48;?;-875.0;-964.0;48;?
?;-21;?;-934.0;-936.0;21;?
-205.0;23;-272.0;-1005.0;?;-23;-21
-177.0;15;-277.0;-1071.0;-941.0;-15;-22
-74.0;11;?;-1099.0;-922.0;?;-23
-101.0;27;-286.0;-1025.0;-918.0;-27;-7
-100.0;-2;?;-1058.0;-930.0;2;-21
?;97;-249.0;-1095.0;-953.0;?;-40
?;162;?;-1091.0;-891.0;-162;?
?;126;-234.0;-1110.0;-833.0;?;-16
-137.0;352;-240.0;-1038.0;-732.0;-352;3
-139.0;495;-209.0;-931.0;-765.0;-495;1
-207.0;289;-200.0;-914.0;-918.0;-289;-22
-178.0;79;-201.0;-871.0;-960.0;-79;?
-180.0;-39;-228.0;-918.0;-1020.0;39;?
-202.0;-137;-241.0;-875.0;-1014.0;137;?
-203.0;-148;-216.0;-865.0;-1001.0;148;-20
-214.0;-83;-186.0;-896.0;-1031.0;83;-24
-226.0;-16;-209.0;-860.0;-1041.0;16;-8
?;4;-214.0;-889.0;?;-4;-13
-237.0;-23;-188.0;-912.0;-949.0;23;-14
?;-60;-161.0;-887.0;-915.0;60;-7
-237.0;?;-172.0;-903.0;-878.0;76;-16
-249.0;?;-160.0;-913.0;?;49;-18
-275.0;-46;-149.0;-899.0;-912.0;?;-11
-211.0;-65;-156.0;-866.0;-879.0;65;-13
-232.0;-45;-120.0;-851.0;-891.0;45;-15
-269.0;10;-58.0;-821.0;-892.0;-10;-16
-235.0;53;-119.0;-810.0;-946.0;-53;-15
-234.0;15;?;-845.0;-954.0;-15;?
-213.0;?;-120.0;-878.0;-946.0;-16;-17
?;?;-136.0;-861.0;-933.0;-16;-12
-262.0;-43;-117.0;-853.0;-928.0;43;-7
-228.0;-51;-109.0;-851.0;-921.0;51;-15
-200.0;-53;-107.0;-814.0;-903.0;53;-14
-189.0;-22;-109.0;-822.0;-910.0;22;?
-219.0;15;-126.0;?;-895.0;-15;-22
-230.0;-2;-138.0;-884.0;-847.0;2;-23
-183.0;-6;-136.0;-895.0;-831.0;6;-15
-196.0;-6;-160.0;-911.0;-823.0;6;-18
-190.0;-14;-140.0;-884.0;?;14;-18
-188.0;-21;-133.0;-838.0;-852.0;21;-9
-173.0;-13;-132.0;-846.0;-882.0;13;-12
-171.0;-22;?;-866.0;-879.0;22;-17
-173.0;-28;-139.0;-857.0;-879.0;28;-17
-163.0;-24;-141.0;-852.0;-898.0;24;?
-170.0;-72;-144.0;-870.0;-903.0;72;-13
-172.0;-73;-152.0;-882.0;-904.0;73;?
-173.0;-40;-164.0;-866.0;-907.0;40;-6
-179.0;-22;-172.0;-870.0;-915.0;22;2
-153.0;16;?;-878.0;-913.0;-16;-14
-158.0;27;-188.0;-870.0;-882.0;?;-13
-128.0;16;-198.0;?;-860.0;-16;-11
-149.0;-20;-201.0;-869.0;-881.0;20;-12
-133.0;-17;-206.0;-864.0;-890.0;17;-12
-145.0;18;-203.0;-847.0;?;-18;-12
-163.0;-6;-212.0;-852.0;-865.0;6;-9
-139.0;-12;-211.0;-842.0;-909.0;12;-15
-158.0;14;-203.0;-821.0;-933.0;?;?
-160.0;4;-203.0;-826.0;-944.0;-4;-10
-173.0;-27;-212.0;-841.0;-962.0;27;-18
?;-24;-212.0;-897.0;-895.0;24;?
-142.0;4;-220.0;-924.0;-853.0;-4;-8
-132.0;0;-215.0;-901.0;-829.0;0;?
-152.0;-24;-209.0;-880.0;-811.0;24;-19
?;-23;-201.0;-886.0;-812.0;23;-22
?;3;-196.0;-869.0;-826.0;-3;?
?;15;-190.0;-850.0;-832.0;-15;-19
-123.0;5;-180.0;?;-863.0;-5;-14
-130.0;9;?;-830.0;-931.0;-9;-13
-159.0;23;-201.0;-822.0;-993.0;-23;-17
-158.0;2;-185.0;-839.0;-964.0;-2;-20
-148.0;17;-193.0;-884.0;?;?;-15
-173.0;33;-199.0;-857.0;-903.0;-33;?
-202.0;-33;-190.0;-881.0;-886.0;33;-17
-154.0;-50;-119.0;-907.0;-976.0;?;?
-151.0;-28;-196.0;-876.0;-978.0;28;-25
-190.0;-53;-196.0;-883.0;-937.0;53;-12
?;-22;-150.0;-892.0;-999.0;22;-2
-202.0;2;-161.0;-944.0;-926.0;-2;-8
-182.0;-37;-192.0;-895.0;-804.0;37;-7
-169.0;-16;-192.0;-851.0;-835.0;16;-16
-146.0;-9;-197.0;?;-886.0;9;-21
-195.0;-17;-189.0;?;-930.0;17;-12
-158.0;-23;-209.0;-783.0;?;23;-17
-149.0;?;-188.0;-727.0;-980.0;37;?
?;27;-215.0;-671.0;-1008.0;-27;?
-165.0;44;-222.0;?;-994.0;-44;-11
-126.0;-3;?;-686.0;?;?;-17
-142.0;3;-252.0;-657.0;-960.0;-3;-17
-160.0;15;-248.0;-614.0;-947.0;-15;-23
-122.0;4;?;?;-934.0;-4;-24
?;-5;-294.0;-499.0;-911.0;5;-14
-187.0;-10;-300.0;-485.0;-822.0;?;-11
?;3;-319.0;-439.0;-764.0;-3;-13
-185.0;-5;-313.0;-364.0;-827.0;5;-17
-192.0;-28;-320.0;-321.0;-900.0;28;-20
-182.0;16;?;-360.0;-961.0;-16;-14
-189.0;35;-299.0;-342.0;-935.0;-35;-11
-165.0;?;-288.0;-369.0;-947.0;10;-16
?;32;-284.0;-365.0;-869.0;-32;-16
-220.0;49;-278.0;-376.0;-869.0;-49;-19
-183.0;-13;-285.0;?;-933.0;13;-22
-168.0;14;-279.0;-325.0;-862.0;-14;-16
-185.0;57;-250.0;-326.0;-853.0;-57;-18
-215.0;59;-257.0;?;-884.0;-59;-18
-227.0;?;-269.0;-347.0;-1002.0;-55;-20
-212.0;22;-253.0;-368.0;-1055.0;-22;-18
-235.0;-8;-249.0;-345.0;-970.0;8;-15
?;3;?;-336.0;-951.0;-3;-22
-226.0;17;-279.0;-328.0;?;-17;-14
-255.0;12;-269.0;-290.0;-933.0;-12;-16
-223.0;22;-238.0;-281.0;-985.0;-22;-27
-242.0;3;-254.0;-279.0;?;-3;-20
-206.0;-30;?;-282.0;-962.0;30;?
?;-29;?;-265.0;?;?;-17
-225.0;-30;-264.0;-238.0;?;30;-15
-243.0;-12;-217.0;-224.0;-946.0;12;-15
-251.0;12;-230.0;-250.0;-937.0;-12;-15
-254.0;-3;-248.0;-255.0;?;?;?
-252.0;-18;-271.0;-272.0;?;18;?
-251.0;-27;-266.0;-282.0;?;27;-19
-228.0;-33;-251.0;-289.0;-994.0;33;-20
-237.0;-1;-260.0;-280.0;-999.0;1;-15
-269.0;41;-258.0;-278.0;?;-41;-10
-243.0;11;-250.0;-278.0;-984.0;-11;-12
-254.0;-17;-237.0;-249.0;-989.0;17;-13
-233.0;-14;-255.0;-251.0;-993.0;14;-13
-281.0;-62;-246.0;-264.0;-975.0;62;-15
-263.0;-70;-239.0;-257.0;-991.0;70;-11
?;-95;-243.0;-258.0;-1012.0;95;-19
-254.0;-139;-235.0;-220.0;-965.0;139;-22
-320.0;-80;-236.0;-247.0;-1017.0;80;?
-260.0;?;?;-250.0;-1011.0;48;-21
-170.0;-70;-220.0;?;?;70;-25
-267.0;-60;?;-260.0;-977.0;60;-14
-276.0;-27;-244.0;-237.0;-1007.0;?;-10
-243.0;-34;-272.0;-237.0;-972.0;34;-13
-217.0;-50;-294.0;-290.0;-997.0;50;-16
-229.0;-30;-285.0;-300.0;-1216.0;30;-17
-175.0;-36;-311.0;-317.0;-1286.0;36;?
-85.0;-34;?;-352.0;?;34;-23
-128.0;-29;-343.0;-372.0;-1251.0;?;-34
-149.0;?;-371.0;-409.0;-1225.0;25;-28
6.0;-7;-380.0;?;-1196.0;7;-18
-61.0;-8;-391.0;-430.0;-1156.0;8;-18
26.0;11;-398.0;-448.0;-1162.0;-11;-18
67.0;3;-460.0;-525.0;-1159.0;-3;-18
-50.0;-19;-491.0;-589.0;-1037.0;19;-20
-60.0;10;-542.0;-635.0;-833.0;-10;-25
124.0;6;-611.0;-708.0;-901.0;-6;?
54.0;-21;-651.0;-790.0;-726.0;21;-16
32.0;?;-702.0;-841.0;-688.0;-6;-14
31.0;-7;-747.0;-864.0;-679.0;7;?
44.0;21;-773.0;?;-576.0;-21;-15
-2.0;-7;-792.0;?;?;7;-19
25.0;-12;-859.0;-936.0;-730.0;12;?
61.0;?;?;?;-766.0;?;-42
36.0;-192;-956.0;?;-852.0;192;-125
21.0;-141;-996.0;-993.0;-919.0;141;-127
?;?;?;-1006.0;-962.0;417;-150
60.0;-1271;-977.0;-991.0;-908.0;?;-62
70.0;-1106;-957.0;-973.0;?;1106;176
35.0;?;-966.0;-967.0;-898.0;611;171
-1.0;-686;-956.0;-976.0;-888.0;686;165
33.0;-326;-927.0;-959.0;-905.0;326;186
58.0;-1063;?;-946.0;-926.0;?;193
10.0;-2147;-957.0;-957.0;-961.0;2147;146
-53.0;-1556;-972.0;-971.0;-986.0;1556;55
?;-1221;-939.0;-960.0;?;1221;90
-43.0;-570;-921.0;-907.0;-1055.0;570;-167
-34.0;-113;-933.0;-929.0;-1027.0;?;-66
-40.0;-356;-972.0;-964.0;-1053.0;356;132
-59.0;52;?;?;-1086.0;-52;-293
-17.0;-15;-1036.0;-1064.0;-1104.0;15;-182
6.0;?;-986.0;-1030.0;-1060.0;?;170
13.0;308;-954.0;-1023.0;-971.0;-308;-63
-29.0;71;-931.0;-1015.0;-938.0;-71;-159
42.0;-179;-894.0;-966.0;-917.0;?;-25
70.0;-90;-881.0;-943.0;-934.0;90;-26
74.0;1;-919.0;-908.0;-956.0;-1;19
?;-1;-956.0;-935.0;-1016.0;1;4
38.0;-13;-968.0;-961.0;-1026.0;13;?
-29.0;-15;-952.0;-986.0;-1005.0;15;-12
11.0;-23;?;-1008.0;-1015.0;23;-28
?;-50;-993.0;-1008.0;-1007.0;50;-15
115.0;2;-986.0;-1001.0;-1025.0;-2;-8
?;25;-974.0;-995.0;-1018.0;-25;-15
103.0;-34;-941.0;-998.0;?;34;-18
-7.0;-45;-920.0;-962.0;-918.0;45;-6
100.0;-16;-918.0;-910.0;-899.0;16;-17
95.0;-17;-994.0;-933.0;-955.0;17;-30
171.0;-9;-1052.0;-992.0;-1059.0;9;8
164.0;0;?;-1013.0;?;0;-8
213.0;33;-1029.0;-1013.0;?;-33;?
202.0;6;-949.0;-998.0;-969.0;-6;-31
224.0;136;-943.0;-1030.0;-918.0;-136;-28
195.0;167;-1025.0;?;-964.0;-167;9
197.0;81;-1049.0;-1092.0;-957.0;-81;-9
224.0;466;-1015.0;-1047.0;?;-466;41
285.0;661;-966.0;-1019.0;-918.0;-661;-147
306.0;2370;-955.0;-984.0;-912.0;-2370;-85
327.0;4556;-968.0;-948.0;-931.0;-4556;-168
288.0;4150;-963.0;-985.0;-940.0;-4150;-1055
?;3113;-988.0;-1013.0;-968.0;-3113;-914
313.0;1675;-1007.0;-1006.0;?;-1675;241
136.0;146;-990.0;-993.0;-937.0;-146;474
0.0;?;?;-983.0;-929.0;310;?
329.0;-998;-956.0;-965.0;-941.0;998;591
145.0;-1523;-997.0;-1007.0;-963.0;1523;632
-19.0;-1645;-1020.0;-1089.0;-1014.0;1645;216
-126.0;-1960;-977.0;-1035.0;-978.0;1960;17
-160.0;-1495;?;-1000.0;-1117.0;1495;187
-121.0;-2223;-1186.0;-1093.0;-1294.0;2223;-15
-99.0;-3658;-1011.0;-967.0;-1249.0;?;-296
?;-2944;-917.0;-858.0;-1028.0;2944;-538
-78.0;-3399;-937.0;?;-1004.0;3399;-1087
?;-4455;-972.0;-1004.0;-1030.0;4455;?
-81.0;-2615;-897.0;-925.0;-986.0;?;284
?;-744;-803.0;-767.0;-831.0;744;730
21.0;363;-752.0;-696.0;?;-363;648
-15.0;?;-730.0;-685.0;-773.0;-1648;285
23.0;2112;-780.0;-731.0;-886.0;-2112;1810
16.0;3286;-860.0;-852.0;-965.0;?;-447
1.0;2820;-934.0;-930.0;-1053.0;-2820;-1350
-35.0;1010;-918.0;?;-1064.0;-1010;575
-52.0;?;-901.0;-931.0;-1009.0;-1020;-898
21.0;373;-886.0;-917.0;-980.0;-373;-416
41.0;-33;-873.0;-910.0;-944.0;33;?
77.0;252;-916.0;-930.0;-946.0;-252;-242
69.0;64;-955.0;-958.0;-964.0;-64;136
27.0;123;-952.0;-970.0;-974.0;?;-48
45.0;83;-944.0;-968.0;-1016.0;-83;-8
-2.0;31;-909.0;-974.0;-1042.0;-31;51
-99.0;89;-1168.0;-1047.0;-1140.0;-89;-24
27.0;59;-1155.0;-1137.0;?;-59;10
41.0;33;-1182.0;-1179.0;-1086.0;-33;4
101.0;97;-972.0;-1221.0;-974.0;-97;-8
103.0;?;-919.0;?;-851.0;?;13
-51.0;306;-986.0;?;-841.0;-306;5
13.0;882;-1038.0;-1053.0;-961.0;-882;-6
157.0;980;-1020.0;-1100.0;-1009.0;-980;?
103.0;1806;-1028.0;-1014.0;-930.0;-1806;-57
132.0;3148;-930.0;-950.0;-826.0;-3148;72
-7.0;1272;-734.0;-716.0;-695.0;?;?
34.0;46;-702.0;-753.0;-668.0;-46;-222
?;238;?;-826.0;-683.0;-238;-25
114.0;88;-793.0;-900.0;-762.0;-88;43
?;122;-784.0;-932.0;-810.0;-122;-29
383.0;160;-812.0;-874.0;-878.0;-160;0
497.0;109;-853.0;?;-927.0;-109;-6
-76.0;147;?;-922.0;-1050.0;-147;14
-249.0;79;?;-1113.0;-1197.0;-79;2
-81.0;92;-1391.0;-1327.0;-1362.0;-92;-24
329.0;59;-1364.0;?;-1387.0;-59;11
136.0;187;-1164.0;-1291.0;-1115.0;-187;-19
139.0;59;-1034.0;-1165.0;-865.0;-59;48
-16.0;?;-1112.0;-1144.0;-850.0;-530;-101
67.0;602;-1004.0;-1113.0;-985.0;-602;-6
90.0;816;-1013.0;?;-935.0;-816;32
229.0;2838;?;?;?;-2838;-132
221.0;4586;-841.0;-817.0;-765.0;-4586;365
155.0;8111;-748.0;?;-691.0;-8111;?
34.0;36;-699.0;-727.0;-672.0;-36;-61
97.0;29;?;-768.0;-659.0;-29;-19
16.0;285;?;-788.0;-685.0;-285;-135
?;85;-731.0;-776.0;?;-85;57
354.0;235;-748.0;-757.0;-809.0;-235;-53
?;154;-857.0;-788.0;-917.0;-154;27
-406.0;123;-1047.0;-943.0;-1057.0;-123;?
?;33;-1119.0;-1100.0;-1169.0;-33;0
83.0;-2;-1517.0;-1418.0;-1487.0;2;10
214.0;80;-1428.0;?;-1398.0;?;?
-99.0;97;?;-1148.0;-731.0;-97;-20
58.0;252;-1002.0;-1058.0;-836.0;-252;?
-202.0;345;-1223.0;-1235.0;-1144.0;-345;-24
?;798;-1204.0;-1171.0;?;-798;-58
151.0;?;-1083.0;-989.0;-1086.0;-2065;-11
46.0;?;-933.0;-863.0;-946.0;-3238;-31
4.0;6720;-774.0;-744.0;-800.0;-6720;-107
130.0;9577;-702.0;-667.0;-732.0;-9577;-1255
59.0;7811;-690.0;-666.0;-699.0;?;-666
-11.0;4080;-752.0;?;-744.0;-4080;2209
49.0;-1455;?;-731.0;-817.0;1455;1353
6.0;-5112;-837.0;-809.0;-893.0;5112;454
374.0;-5066;-869.0;-862.0;-894.0;5066;1365
30.0;-4970;-980.0;-962.0;-921.0;4970;326
-254.0;-5265;-1018.0;-1068.0;-960.0;5265;-285
?;-5583;-999.0;-1139.0;-1006.0;5583;-224
104.0;-4599;-990.0;?;?;4599;-403
-244.0;?;-1268.0;?;-1181.0;3630;-341
72.0;-3230;-1139.0;-1100.0;-1134.0;3230;-429
3.0;-2747;-737.0;-698.0;-999.0;2747;-51
50.0;-1806;?;-766.0;-1294.0;1806;71
-17.0;-1064;?;-1079.0;-1525.0;1064;-171
-12.0;-1950;?;-1140.0;-1409.0;1950;436
-66.0;937;-1106.0;?;-1336.0;-937;-1127
-33.0;3833;?;?;-1168.0;-3833;-1967
15.0;1113;-877.0;-933.0;-981.0;?;392
43.0;?;-788.0;-823.0;-896.0;214;585
30.0;?;-756.0;-770.0;-846.0;-221;-91
30.0;127;-744.0;-758.0;-820.0;-127;?
53.0;83;-779.0;-798.0;-854.0;-83;-65
103.0;-89;-818.0;-863.0;-798.0;?;16
126.0;-54;-860.0;?;-709.0;54;?
128.0;-26;-904.0;-912.0;-676.0;26;22
-45.0;-6;-945.0;-913.0;-626.0;6;37
-113.0;?;-975.0;-921.0;-591.0;?;-4
-55.0;10;-1015.0;-923.0;-634.0;-10;-2
-39.0;-31;?;-1022.0;-669.0;31;-4
223.0;-7;-990.0;-948.0;-793.0;7;-20
?;29;-1056.0;-1018.0;-246.0;-29;-11
347.0;10;-904.0;-1103.0;-274.0;-10;-71
205.0;100;-1012.0;-1157.0;-436.0;-100;46
104.0;?;-1046.0;-1076.0;-593.0;-119;-138
74.0;127;?;-954.0;-798.0;-127;-85
61.0;?;-1002.0;-869.0;-1047.0;-87;-123
6.0;-832;-949.0;-800.0;-923.0;832;-491
63.0;-1736;-882.0;-775.0;-928.0;1736;249
16.0;-1364;-904.0;-795.0;-913.0;1364;?
?;-1119;-888.0;-772.0;-781.0;1119;-1353
?;-1313;-892.0;-789.0;-776.0;1313;1284
57.0;?;?;-839.0;-772.0;1308;1261
172.0;-939;-935.0;-857.0;-757.0;?;1028
155.0;1126;-944.0;-888.0;-722.0;-1126;762
225.0;2506;-981.0;-924.0;-715.0;-2506;-58
273.0;2321;-1028.0;?;-712.0;?;46
239.0;2433;-1096.0;-1087.0;-756.0;-2433;?
?;2077;-1150.0;-1138.0;-684.0;-2077;-183
140.0;1724;-1121.0;-1103.0;-653.0;-1724;-30
153.0;1559;-1095.0;?;-684.0;-1559;128
104.0;?;-1103.0;-1100.0;-697.0;-1622;184
158.0;1133;-1067.0;-1076.0;-679.0;-1133;-52
178.0;?;-1027.0;-1025.0;-666.0;-465;136
181.0;?;-937.0;-973.0;?;?;305
187.0;-835;-881.0;-934.0;-661.0;835;-545
147.0;-464;-874.0;-907.0;-704.0;464;-1235
113.0;-1865;-895.0;-884.0;-783.0;1865;-543
126.0;-3447;-893.0;-885.0;?;?;62
133.0;-2182;?;?;-800.0;2182;?
140.0;-2219;-938.0;-900.0;-791.0;2219;-162
125.0;-781;?;-896.0;-775.0;781;?
72.0;339;-942.0;-893.0;-777.0;-339;-55
60.0;-449;?;-906.0;-804.0;449;-19
26.0;-21;-919.0;-908.0;-795.0;21;-26
?;0;-937.0;-899.0;-743.0;0;-23
25.0;-64;-958.0;-902.0;-748.0;64;?
136.0;52;-942.0;-886.0;-778.0;?;-23
226.0;-22;-965.0;-891.0;-767.0;22;-14
197.0;2;-1003.0;-914.0;-871.0;-2;-6
170.0;-18;-1055.0;-971.0;-922.0;18;-11
?;13;-1085.0;-1044.0;-947.0;-13;?
319.0;49;-1035.0;-1058.0;?;-49;-9
347.0;?;-856.0;-941.0;-758.0;-35;-11
305.0;23;-860.0;?;-696.0;-23;-7
311.0;7;-1019.0;-940.0;-854.0;-7;-8
249.0;-19;-1064.0;-1038.0;-895.0;19;-10
271.0;-37;-1051.0;-1018.0;-855.0;37;-10
235.0;-58;-981.0;-958.0;-801.0;58;-15
222.0;-10;-983.0;-951.0;-781.0;10;-17
138.0;-6;-964.0;-923.0;-746.0;6;-12
68.0;-10;-938.0;-883.0;-731.0;10;?
69.0;13;-933.0;-894.0;-766.0;-13;-21
227.0;-16;-958.0;-903.0;-764.0;16;-16
124.0;18;-1018.0;-938.0;-816.0;-18;-9
?;10;?;-989.0;-876.0;-10;-19
209.0;3;-917.0;-942.0;-808.0;-3;-19
160.0;46;?;-897.0;-811.0;-46;-15
111.0;61;-957.0;-905.0;-834.0;-61;-12
100.0;?;-981.0;-929.0;-798.0;-73;-2
138.0;36;-996.0;-951.0;-786.0;-36;-20
120.0;78;-984.0;-943.0;-833.0;-78;-28
123.0;86;?;-929.0;-835.0;-86;-17
161.0;14;-951.0;-936.0;?;-14;-23
134.0;15;-982.0;-954.0;-809.0;-15;-21
121.0;?;-983.0;-954.0;?;11;-15
132.0;-26;-993.0;-925.0;-825.0;26;-23
119.0;?;-971.0;-923.0;-845.0;-2;-20
128.0;19;?;-920.0;?;-19;-14
184.0;-5;-987.0;-920.0;-767.0;5;-21
177.0;-28;-975.0;-924.0;-722.0;28;-15
121.0;1;-962.0;?;-802.0;-1;-10
149.0;-15;-947.0;-894.0;-809.0;15;-17
153.0;-32;-967.0;-874.0;-834.0;?;-17
?;-5;-952.0;-854.0;-810.0;5;-16
86.0;?;-934.0;-849.0;?;-19;-22
54.0;16;-945.0;-857.0;-726.0;-16;-21
?;?;?;-877.0;?;-2;-17
?;?;-968.0;-894.0;-797.0;-15;-15
?;-27;-956.0;-890.0;-801.0;27;-14
75.0;-25;-950.0;-876.0;-831.0;25;-11
70.0;1;-933.0;-865.0;-834.0;-1;-25
80.0;-38;-932.0;-861.0;-822.0;38;-41
72.0;-5;-927.0;?;-808.0;5;-20
80.0;-2;-918.0;-861.0;?;2;-12
85.0;-21;-912.0;-869.0;-769.0;21;-22
85.0;?;-929.0;-871.0;-779.0;3;?
?;-19;-922.0;-867.0;-768.0;19;-18
127.0;-8;-934.0;-877.0;-774.0;8;-15
135.0;14;-932.0;-873.0;-783.0;-14;-15
175.0;11;-922.0;-861.0;-785.0;-11;-17
7.0;?;-853.0;-962.0;-1144.0;?;-124
?;-583;-848.0;-897.0;-1119.0;?;-151
-40.0;-666;-869.0;-931.0;-1098.0;666;290
-61.0;67;?;-881.0;-1016.0;-67;20
-65.0;311;-893.0;-839.0;-1109.0;-311;20
-106.0;738;-940.0;-876.0;-1118.0;-738;-211
-111.0;1593;-961.0;-952.0;-1124.0;-1593;-1254
-122.0;1098;?;-966.0;?;-1098;92
-90.0;132;-948.0;-1017.0;-1076.0;-132;750
-125.0;14;-949.0;-1029.0;-1045.0;?;-213
-143.0;?;-894.0;-989.0;-1027.0;-46;35
-208.0;48;-860.0;?;-979.0;-48;-5
-181.0;26;-847.0;-908.0;-961.0;-26;-60
-153.0;-10;-872.0;-936.0;-973.0;10;24
-127.0;-30;-874.0;-963.0;-979.0;30;-53
-45.0;-30;-866.0;-976.0;-982.0;30;0
-65.0;?;-859.0;-960.0;-982.0;-37;-22
-65.0;70;?;-974.0;-1037.0;?;-12
60.0;44;-967.0;-996.0;-1074.0;-44;-7
?;32;-933.0;?;-985.0;-32;-6
92.0;40;-918.0;-933.0;-943.0;-40;-6
121.0;34;-952.0;-950.0;-863.0;-34;-18
180.0;38;-995.0;-1000.0;-918.0;-38;-20
164.0;28;?;-1006.0;-938.0;-28;-17
189.0;27;-972.0;-964.0;-935.0;-27;-17
188.0;84;-971.0;-922.0;-955.0;-84;-12
146.0;29;-979.0;-973.0;-968.0;?;-17
85.0;89;-983.0;-934.0;-984.0;-89;-12
103.0;143;-968.0;?;-1006.0;-143;-18
147.0;210;-958.0;?;-1009.0;-210;-41
139.0;?;-987.0;-947.0;-965.0;-471;-32
150.0;367;-979.0;-957.0;-943.0;-367;-26
146.0;893;-980.0;-984.0;-928.0;-893;-38
121.0;2014;-970.0;-1017.0;-910.0;-2014;-38
171.0;2857;-964.0;?;-929.0;?;-23
129.0;4387;-956.0;-1030.0;-933.0;-4387;-17
92.0;5642;-934.0;-1016.0;?;-5642;-283
89.0;5631;-940.0;-1003.0;-871.0;-5631;-613
138.0;5332;?;-1003.0;-871.0;-5332;-134
75.0;2855;-925.0;-1013.0;-891.0;?;175
76.0;-1146;-908.0;-1046.0;?;1146;?
225.0;-2792;-901.0;-1082.0;-930.0;2792;732
46.0;-3308;-923.0;-1147.0;-926.0;3308;831
135.0;-3501;-1056.0;-1138.0;-983.0;3501;584
43.0;-3334;-1184.0;-1233.0;-1142.0;?;350
32.0;-3904;-1166.0;-1282.0;-1217.0;3904;-126
38.0;-4527;-1087.0;-1008.0;?;4527;-135
21.0;-4510;-1042.0;-801.0;-1329.0;4510;-249
140.0;-4122;-969.0;-740.0;-1138.0;4122;-594
86.0;-3981;-904.0;?;?;3981;-497
63.0;-3109;-943.0;-716.0;-957.0;3109;-1460
1.0;-4847;-931.0;-774.0;-1021.0;4847;405
60.0;-3311;-963.0;-843.0;-1054.0;3311;2163
-6.0;3999;-951.0;?;-1049.0;-3999;-934
36.0;2472;?;-1005.0;?;-2472;-239
71.0;589;-901.0;-1014.0;-880.0;-589;-65
38.0;2787;-893.0;-1028.0;-843.0;-2787;-1043
36.0;866;-905.0;-1035.0;-854.0;-866;659
?;262;-930.0;-1002.0;-883.0;?;-246
?;147;-934.0;-953.0;-933.0;-147;-296
-17.0;-206;-889.0;?;-926.0;206;187
100.0;115;-867.0;-883.0;-929.0;-115;-190
224.0;-59;-877.0;-886.0;-917.0;59;79
311.0;-1;-905.0;-901.0;-927.0;1;-44
230.0;27;-981.0;-960.0;-979.0;-27;-35
52.0;86;?;-1099.0;-1089.0;-86;-6
-63.0;102;-1125.0;-1180.0;-1181.0;-102;-24
-81.0;83;-1030.0;-1113.0;-1168.0;-83;-17
139.0;53;-1103.0;-1053.0;-1122.0;-53;-27
172.0;69;-1094.0;-1064.0;-1112.0;-69;-8
180.0;135;-1022.0;-987.0;-921.0;-135;-23
129.0;75;-906.0;-969.0;-783.0;-75;-17
?;107;-933.0;-935.0;-746.0;-107;-23
187.0;57;-962.0;-976.0;-838.0;?;-27
?;254;?;-1036.0;-896.0;-254;-5
178.0;321;-1034.0;-1055.0;-939.0;-321;-20
?;718;-980.0;-1025.0;-949.0;-718;-15
319.0;1337;-908.0;-911.0;-901.0;-1337;-38
233.0;600;-873.0;-866.0;-870.0;-600;-131
185.0;2955;-908.0;-844.0;-874.0;-2955;-81
181.0;7184;-914.0;-877.0;?;-7184;-675
18.0;6152;-928.0;?;-887.0;-6152;?
184.0;5651;-919.0;-917.0;-881.0;-5651;-600
346.0;7054;-903.0;-916.0;-873.0;-7054;-682
-54.0;1373;-952.0;-936.0;-889.0;-1373;?
?;-3775;-969.0;-970.0;-901.0;3775;?
110.0;-2898;-971.0;-1071.0;-970.0;2898;783
213.0;-3354;-968.0;-1112.0;-1000.0;3354;?
131.0;-4173;-1182.0;-1150.0;-1103.0;4173;276
-12.0;-4330;-1195.0;-1220.0;-1226.0;4330;-187
-97.0;-4854;-1066.0;-1076.0;-1218.0;4854;-59
34.0;-4539;-1083.0;-1015.0;-1142.0;?;-619
?;-4512;-847.0;-871.0;-1116.0;4512;-342
32.0;-4457;-874.0;-729.0;-902.0;4457;?
-47.0;-4007;-968.0;?;-1056.0;4007;-281
2.0;-3353;-1003.0;-844.0;?;3353;2830
58.0;305;-1033.0;-889.0;-1250.0;?;616
?;3732;-973.0;-923.0;-1127.0;-3732;-2259
26.0;?;-893.0;-897.0;-948.0;-2688;1084
51.0;1068;-825.0;-884.0;-881.0;-1068;1722
52.0;586;-859.0;-900.0;-815.0;-586;?
60.0;221;-888.0;-948.0;-802.0;-221;-210
103.0;100;-918.0;-966.0;-829.0;-100;-143
3.0;141;-912.0;-988.0;-822.0;-141;-145
-114.0;118;-859.0;-942.0;-843.0;-118;-115
223.0;92;-852.0;-905.0;-817.0;-92;32
183.0;93;-911.0;-884.0;-861.0;-93;14
110.0;44;-1064.0;-981.0;-1008.0;-44;-4
-23.0;60;-1065.0;-1157.0;-1188.0;-60;4
-142.0;26;-1148.0;-1166.0;-1357.0;-26;5
6.0;46;-1052.0;-1172.0;-1438.0;-46;7
229.0;82;-1081.0;-1191.0;-1321.0;-82;-4
121.0;66;-1031.0;-1120.0;-1056.0;?;-12
51.0;136;-920.0;-969.0;-852.0;-136;5
143.0;70;-1037.0;-969.0;-825.0;-70;0
?;299;-1040.0;-1127.0;-846.0;-299;8
162.0;1462;-1053.0;-1147.0;-851.0;-1462;-5
193.0;2048;-962.0;-1031.0;-822.0;-2048;-42
60.0;2213;-821.0;?;-841.0;-2213;2052
127.0;2726;-807.0;-820.0;-784.0;-2726;-1648
130.0;1874;-822.0;-875.0;-777.0;?;-400
95.0;1821;-830.0;-913.0;-798.0;-1821;-120
57.0;998;-862.0;-922.0;-825.0;-998;-523
76.0;?;?;-935.0;-861.0;164;154
195.0;245;-844.0;-883.0;-868.0;?;-107
361.0;43;-813.0;?;-855.0;-43;28
376.0;61;?;-817.0;?;-61;?
151.0;156;-891.0;-859.0;-916.0;-156;-21
-436.0;101;?;?;-1059.0;-101;22
-260.0;96;-1308.0;-1158.0;-1329.0;-96;5
63.0;74;-1386.0;-1231.0;-1381.0;-74;-2
338.0;65;-1389.0;-1343.0;-1358.0;-65;-24
93.0;18;-1086.0;-1255.0;-879.0;-18;5
52.0;2;-745.0;-943.0;-618.0;-2;24
-14.0;13;-758.0;-849.0;-744.0;-13;-11
-32.0;43;-1008.0;-958.0;-935.0;-43;?
162.0;64;?;-1036.0;-1088.0;?;-2
131.0;95;-1128.0;-969.0;-1088.0;-95;-12
97.0;102;-1006.0;-951.0;-1019.0;-102;-6
98.0;339;-883.0;-865.0;?;-339;-72
84.0;1142;-813.0;?;-863.0;-1142;-85
25.0;1655;-827.0;-749.0;-824.0;-1655;-39
9.0;1717;-865.0;-752.0;-861.0;?;-90
46.0;1639;-911.0;-802.0;-886.0;-1639;2
204.0;1125;-931.0;-875.0;-899.0;-1125;37
299.0;?;-976.0;-963.0;?;-408;-152
129.0;-191;-991.0;-1016.0;-933.0;191;70
-432.0;193;-1025.0;-1074.0;-971.0;-193;242
?;849;-1059.0;-1064.0;-998.0;-849;116
376.0;1086;?;-946.0;-980.0;-1086;310
?;1140;-990.0;-845.0;-835.0;-1140;332
-114.0;138;-1164.0;-1233.0;-1102.0;-138;90
-532.0;-584;-874.0;-1058.0;-1071.0;584;112
-347.0;-583;-1136.0;-840.0;-1250.0;583;76
-358.0;-401;-1043.0;?;-1286.0;401;-137
-246.0;-266;-954.0;-1015.0;-1136.0;266;-15
-390.0;?;-953.0;-1012.0;?;617;108
?;-252;-947.0;-1000.0;-1113.0;?;-122
-187.0;?;-925.0;-970.0;-1087.0;50;-85
-168.0;-222;-880.0;-910.0;-973.0;222;54
-140.0;67;-802.0;-892.0;-794.0;-67;-32
-223.0;38;-741.0;-849.0;-705.0;-38;-12
-185.0;-15;-712.0;-801.0;-696.0;?;8
?;68;-728.0;?;-712.0;?;-10
-25.0;?;-847.0;-838.0;-769.0;-53;-3
-48.0;?;-945.0;-973.0;-856.0;-29;-7
-141.0;17;-1038.0;-1073.0;-949.0;-17;-6
-150.0;37;-1052.0;-1104.0;-959.0;-37;-29
?;?;-904.0;?;-820.0;-39;-34
-33.0;36;-826.0;-889.0;-708.0;-36;-17
-34.0;39;-883.0;-905.0;-729.0;-39;-15
?;36;-950.0;-946.0;-785.0;?;-21
-122.0;39;-923.0;-943.0;-790.0;-39;-18
-109.0;38;-909.0;?;-732.0;-38;-12
-80.0;4;-856.0;-927.0;-739.0;-4;-11
-125.0;?;-939.0;?;-861.0;?;-15
-133.0;-48;-902.0;-929.0;-903.0;48;-14
-121.0;-48;-932.0;-895.0;-639.0;48;-24
-101.0;-53;?;-868.0;-862.0;53;?
-135.0;-72;-899.0;-895.0;-843.0;72;-13
-95.0;?;-941.0;-865.0;-794.0;43;-21
-41.0;-11;-890.0;-866.0;-733.0;11;-1
-71.0;-27;-910.0;-873.0;-984.0;27;?
-156.0;-4;-959.0;-817.0;-606.0;?;-24
-135.0;12;-970.0;-825.0;-723.0;?;-19
-112.0;?;-857.0;-860.0;-588.0;44;?
-151.0;?;-819.0;-886.0;-525.0;58;-19
-136.0;-43;-865.0;-899.0;-572.0;43;-18
?;-50;-938.0;?;-655.0;50;-18
-130.0;1;?;-971.0;-663.0;-1;-16
-140.0;12;-955.0;-947.0;-688.0;-12;?
-143.0;-38;-934.0;-917.0;-766.0;38;-11
-132.0;12;?;-900.0;-705.0;?;-12
-133.0;55;-910.0;-916.0;?;-55;-11
-91.0;44;-929.0;-928.0;-737.0;?;-8
-122.0;50;-907.0;-950.0;-690.0;-50;-9
-106.0;?;-929.0;-963.0;-710.0;-48;-9
-73.0;41;-924.0;-936.0;-718.0;?;-9
-52.0;15;-914.0;-930.0;-711.0;-15;-17
-75.0;42;-946.0;-885.0;-692.0;-42;-31
-48.0;78;-910.0;?;-646.0;-78;-26
-40.0;66;-915.0;-879.0;-631.0;?;-14
-1.0;?;?;-888.0;-615.0;-59;-18
55.0;40;-938.0;-895.0;-568.0;-40;-15
65.0;49;?;-918.0;-536.0;-49;-18
86.0;125;-936.0;-927.0;-478.0;-125;-41
98.0;103;?;-913.0;-430.0;?;-33
?;132;-966.0;-912.0;-432.0;?;-23
94.0;137;?;?;-480.0;-137;-26
72.0;199;-1035.0;-1020.0;-515.0;-199;-12
92.0;492;-1035.0;-1037.0;-543.0;-492;-30
109.0;148;-1024.0;-1056.0;-548.0;-148;4
79.0;?;-968.0;-1019.0;-591.0;-854;?
?;1868;-951.0;-929.0;-597.0;-1868;-55
52.0;2535;-946.0;-911.0;-622.0;-2535;?
60.0;4267;?;-908.0;-621.0;-4267;-475
55.0;4624;-960.0;-928.0;-582.0;-4624;-525
74.0;5322;-940.0;-952.0;-530.0;-5322;-819
39.0;3556;-940.0;-961.0;-507.0;-3556;-268
15.0;-1517;-941.0;-985.0;?;1517;814
-70.0;-3134;-934.0;-985.0;-534.0;3134;611
-164.0;-3730;-940.0;-992.0;-562.0;?;452
308.0;-4477;-952.0;-1025.0;-509.0;4477;396
?;-3812;-1018.0;-1066.0;-506.0;3812;157
-28.0;-4179;-1160.0;-1131.0;-594.0;4179;105
5.0;-3565;-1039.0;-1147.0;-566.0;3565;-785
-20.0;-1661;-973.0;?;-512.0;1661;-1236
9.0;-1723;-869.0;-813.0;-461.0;1723;-135
0.0;-1294;-813.0;-773.0;?;1294;262
-29.0;-743;-936.0;-861.0;-488.0;743;-118
-62.0;?;-999.0;-910.0;-535.0;802;-215
?;114;-1023.0;-978.0;-610.0;-114;-286
-88.0;22;-997.0;-1017.0;-635.0;-22;-60
-103.0;-189;-985.0;-1006.0;-611.0;189;37
?;?;-927.0;-962.0;-618.0;-37;-33
15.0;-55;-913.0;-910.0;-604.0;55;0
-75.0;3;?;-890.0;-621.0;-3;-23
-102.0;48;-918.0;?;-625.0;?;?
73.0;20;-950.0;-890.0;-629.0;-20;-9
126.0;9;?;-947.0;-694.0;-9;-11
215.0;?;-1056.0;-1053.0;-615.0;-37;-10
250.0;50;-1057.0;-1090.0;-643.0;-50;-11
?;49;-1011.0;-907.0;-534.0;-49;-18
142.0;37;-912.0;?;-468.0;?;-22
156.0;25;-851.0;-862.0;-576.0;-25;?
90.0;?;-879.0;-845.0;-528.0;-35;-21
108.0;28;-1059.0;-925.0;-590.0;-28;?
?;13;-1036.0;-957.0;-570.0;?;-9
101.0;62;-984.0;-939.0;?;?;-13
123.0;92;-952.0;-926.0;-607.0;-92;-26
111.0;84;?;-940.0;-598.0;-84;-26
?;111;-982.0;-971.0;-607.0;-111;-26
?;103;-1032.0;-1000.0;-602.0;-103;-25
124.0;362;-1029.0;-1041.0;-536.0;-362;-17
113.0;174;-1020.0;-1044.0;-633.0;-174;-22
114.0;234;-996.0;-1035.0;-603.0;-234;-20
53.0;1727;-1017.0;-1034.0;-628.0;-1727;-33
?;?;-1042.0;?;-628.0;-2509;-128
41.0;2744;?;-1012.0;-635.0;-2744;-205
103.0;?;-1051.0;-999.0;-684.0;-2853;-249
106.0;2671;-964.0;-989.0;-635.0;-2671;-63
45.0;?;-991.0;-978.0;-647.0;-2131;137
31.0;120;-990.0;-969.0;-703.0;-120;93
2.0;-1021;?;-957.0;-781.0;1021;?
-61.0;-1073;-961.0;-918.0;-768.0;1073;550
-20.0;-1666;-971.0;-885.0;-800.0;1666;260
-24.0;-2239;-918.0;-877.0;-842.0;2239;?
-78.0;-2511;-928.0;-866.0;-844.0;2511;34
-111.0;-2325;-926.0;-866.0;-851.0;2325;-32
-65.0;-2078;?;-833.0;-829.0;2078;-115
-60.0;-1875;-882.0;-836.0;-785.0;?;-97
?;?;-899.0;-905.0;-819.0;1595;-149
?;-1552;-936.0;-948.0;-828.0;1552;-271
-80.0;-1627;-957.0;-960.0;-761.0;1627;-177
-62.0;?;-968.0;-966.0;-852.0;1647;-127
-61.0;-1490;-944.0;-947.0;-821.0;1490;107
-50.0;-792;-915.0;-913.0;-791.0;792;326
-57.0;-14;-900.0;-875.0;-806.0;14;482
-90.0;1503;-901.0;-856.0;-835.0;-1503;-1354
?;2616;-909.0;-860.0;-830.0;-2616;-3257
-46.0;1058;-909.0;-848.0;-818.0;-1058;?
-45.0;222;-916.0;-858.0;?;?;867
-25.0;530;-933.0;-888.0;-822.0;-530;-107
-7.0;108;-944.0;-909.0;-825.0;-108;-34
21.0;164;?;-883.0;-883.0;-164;-40
-2.0;123;?;-861.0;?;-123;-57
-21.0;-7;-904.0;-839.0;-835.0;7;22
54.0;88;-868.0;?;-760.0;-88;-38
52.0;84;-849.0;-837.0;-775.0;-84;-9
-27.0;63;-831.0;-812.0;-809.0;-63;-28
-101.0;26;?;-872.0;-846.0;-26;-17
29.0;43;-1006.0;-972.0;-942.0;?;-17
93.0;37;-963.0;-909.0;-704.0;-37;-15
135.0;11;-946.0;-960.0;-715.0;-11;-13
129.0;11;-937.0;-1021.0;-746.0;-11;-10
119.0;6;-906.0;-891.0;-819.0;-6;-22
?;68;-884.0;?;-834.0;-68;-20
?;127;-905.0;-801.0;-858.0;-127;?
87.0;164;-1002.0;-929.0;?;?;-29
96.0;486;-1083.0;-1026.0;-916.0;-486;3
128.0;662;-1051.0;?;-976.0;-662;-50
90.0;824;?;-1003.0;-911.0;-824;-28
147.0;1779;-942.0;-983.0;-839.0;-1779;?
119.0;2611;-962.0;-956.0;?;-2611;-137
116.0;2984;-943.0;-925.0;-821.0;-2984;?
16.0;?;-926.0;-908.0;-814.0;-4985;-348
84.0;8476;-920.0;-894.0;-845.0;-8476;-510
242.0;6797;-957.0;-914.0;-879.0;?;-645
?;854;-996.0;-957.0;-930.0;-854;-1401
129.0;-925;-988.0;-987.0;-934.0;925;-636
122.0;-646;-1010.0;-1048.0;-998.0;?;?
72.0;-1377;-1017.0;-1067.0;?;1377;448
98.0;-1986;-992.0;-1056.0;-1008.0;1986;556
?;-2789;-1035.0;-1092.0;-1028.0;2789;?
-14.0;-3150;-1052.0;-1027.0;-991.0;3150;732
27.0;-3529;-1160.0;-1027.0;-948.0;?;605
60.0;-3810;-1118.0;-950.0;-936.0;3810;611
104.0;-3571;-852.0;-820.0;-791.0;3571;581
22.0;-3239;-745.0;-625.0;-546.0;3239;426
34.0;-2840;-889.0;-750.0;-668.0;2840;?
111.0;-2906;-1028.0;-846.0;-803.0;2906;?
136.0;?;-1018.0;-866.0;-807.0;3284;-137
50.0;-3026;?;-881.0;-726.0;3026;204
49.0;?;?;-896.0;-761.0;2506;231
111.0;-1722;-896.0;?;-777.0;1722;576
72.0;-176;-864.0;-907.0;-753.0;176;537
3.0;-65;-913.0;?;?;65;?
?;-693;-921.0;-933.0;-807.0;693;1085
30.0;1440;-897.0;-907.0;?;-1440;-1268
36.0;2437;-877.0;-884.0;-776.0;-2437;-1276
16.0;676;-881.0;-870.0;-891.0;-676;1091
69.0;116;-896.0;?;-843.0;-116;-83
-35.0;134;-827.0;-872.0;-819.0;-134;-146
-11.0;74;-874.0;-912.0;-932.0;-74;219
-45.0;169;?;-908.0;-1104.0;-169;?
252.0;98;-867.0;-845.0;-1008.0;-98;109
62.0;76;-976.0;-971.0;-1127.0;-76;-8
-350.0;48;?;-1065.0;-1153.0;-48;28
8.0;125;-884.0;-1012.0;-967.0;-125;41
?;95;-1812.0;-1277.0;-1201.0;-95;9
142.0;62;-1277.0;-1355.0;-1263.0;-62;31
234.0;59;-985.0;-1038.0;-676.0;?;26
-17.0;85;-931.0;-1112.0;-813.0;-85;20
-62.0;187;-1157.0;-1157.0;?;-187;7
54.0;?;-1123.0;-1095.0;-990.0;-192;17
103.0;?;-1041.0;-987.0;-991.0;-222;-13
52.0;259;?;-921.0;-993.0;?;4
67.0;484;-845.0;?;-875.0;-484;-5
44.0;586;-806.0;-771.0;-828.0;-586;-33
13.0;586;-790.0;-734.0;-818.0;-586;-32
104.0;1889;-832.0;?;-815.0;-1889;-64
45.0;2409;?;-842.0;?;?;?
108.0;2304;-824.0;-817.0;-784.0;-2304;?
82.0;1284;?;-850.0;-741.0;-1284;-482
81.0;?;-834.0;-884.0;-761.0;-253;81
106.0;127;-868.0;-919.0;-808.0;-127;-219
153.0;-42;-870.0;-945.0;-871.0;42;206
170.0;129;-860.0;-942.0;-904.0;?;-80
374.0;64;-875.0;-911.0;-916.0;?;21
?;82;-896.0;-889.0;-947.0;?;-8
29.0;123;-948.0;-864.0;-967.0;-123;-21
-118.0;124;-1146.0;?;?;?;-3
?;?;?;-1157.0;?;-114;-7
212.0;?;-1254.0;-1221.0;-1326.0;-121;-15
214.0;99;-1205.0;-1247.0;-1238.0;-99;-12
186.0;144;-981.0;-1129.0;-946.0;-144;-6
50.0;214;-971.0;-1045.0;-721.0;-214;-16
-20.0;173;-1028.0;-995.0;-777.0;?;-8
121.0;385;-1000.0;-1068.0;-945.0;-385;-25
225.0;539;-1036.0;-1043.0;-935.0;-539;-55
92.0;1317;-990.0;-998.0;-893.0;?;-50
161.0;2211;-909.0;-875.0;-826.0;-2211;-62
124.0;3526;-847.0;-802.0;-789.0;-3526;-12
169.0;7041;?;?;?;-7041;-238
119.0;7717;-857.0;-793.0;-827.0;-7717;-983
?;6418;-899.0;?;-885.0;-6418;-619
-42.0;4142;-896.0;-843.0;-929.0;-4142;406
303.0;-1268;-880.0;-838.0;-918.0;1268;608
?;-3430;-866.0;-825.0;-884.0;3430;?
-154.0;-3343;-893.0;-884.0;-889.0;3343;1001
18.0;?;-983.0;-966.0;-927.0;4165;628
284.0;-4260;-965.0;-1076.0;-1013.0;4260;218
?;?;-1097.0;?;-1102.0;5054;-163
-52.0;?;-1243.0;?;?;5605;-386
-46.0;-5209;-1191.0;-1228.0;-1254.0;5209;-760
90.0;-5097;-1116.0;?;-1230.0;5097;-420
172.0;-3627;-919.0;-851.0;-1090.0;3627;-1382
127.0;-4278;-977.0;-729.0;?;4278;-382
34.0;-2539;-995.0;-896.0;-1085.0;?;2411
-5.0;4557;-1075.0;-961.0;?;-4557;1635
15.0;4807;-1027.0;-1000.0;-1123.0;-4807;842
42.0;?;-909.0;-909.0;-951.0;-2919;-698
1.0;2406;-815.0;-826.0;-820.0;-2406;-1902
82.0;62;-774.0;-800.0;-732.0;-62;?
60.0;?;-784.0;-834.0;-745.0;?;59
98.0;73;-809.0;-876.0;-780.0;-73;-60
107.0;-87;-855.0;-920.0;-861.0;87;-5
102.0;121;-843.0;?;-877.0;-121;-54
269.0;6;-863.0;-892.0;?;-6;-5
410.0;86;-873.0;-867.0;-974.0;?;-25
?;48;-940.0;-901.0;-1012.0;-48;-19
-107.0;78;-1121.0;?;-1081.0;-78;-16
-73.0;66;-1219.0;-1228.0;-1248.0;-66;-10
147.0;?;-1194.0;-1209.0;-1223.0;0;-24
167.0;?;-1251.0;-1236.0;-1148.0;-45;-10
121.0;16;-1083.0;-1169.0;-956.0;-16;-16
6.0;101;-1024.0;-1130.0;?;-101;?
35.0;224;-1078.0;-1054.0;-850.0;-224;-9
173.0;211;-1008.0;-1058.0;-992.0;-211;-59
155.0;930;-1017.0;-995.0;-988.0;-930;-31
?;1281;-976.0;-939.0;-920.0;-1281;-5
109.0;1794;-889.0;-866.0;-818.0;?;?
?;?;-858.0;-829.0;-904.0;-2835;452
65.0;1023;-776.0;-767.0;-770.0;-1023;437
63.0;-443;?;-803.0;-717.0;443;-207
125.0;?;-782.0;-863.0;-736.0;-221;72
?;?;-808.0;-880.0;-773.0;-102;?
16.0;6;-805.0;-885.0;-833.0;?;-38
308.0;101;-807.0;-849.0;-850.0;-101;21
408.0;?;-833.0;-846.0;-890.0;-27;-40
29.0;96;-956.0;-897.0;-958.0;-96;3
-196.0;50;?;-1077.0;-1119.0;-50;-20
14.0;16;?;-1242.0;-1211.0;-16;-6
202.0;55;-1244.0;-1257.0;-1319.0;-55;-6
25.0;64;-1304.0;-1287.0;-1254.0;?;19
42.0;150;?;-1228.0;-998.0;?;-63
64.0;127;-1093.0;-1083.0;-845.0;-127;16
?;356;-1043.0;?;-965.0;-356;-42
199.0;?;-1061.0;-1158.0;-1010.0;-377;-39
128.0;1325;-998.0;-1012.0;-934.0;-1325;-27
147.0;?;-894.0;-869.0;-846.0;-3277;?
?;439;-770.0;-766.0;-768.0;-439;-38
22.0;-24;-744.0;?;-708.0;24;9
104.0;-37;-775.0;-866.0;-721.0;37;-162
130.0;-15;-791.0;?;-770.0;15;?
76.0;-46;-833.0;-935.0;-846.0;46;-91
345.0;9;-834.0;-879.0;-883.0;-9;30
446.0;139;?;-847.0;-929.0;-139;-2
79.0;129;-900.0;-846.0;-942.0;-129;-2
-120.0;130;-1109.0;-1006.0;-1076.0;-130;18
-158.0;95;-1213.0;-1201.0;-1225.0;-95;-7
144.0;46;-1217.0;-1204.0;-1317.0;-46;-2
178.0;74;-1290.0;-1180.0;-1278.0;-74;9
180.0;83;-1165.0;-1248.0;-1157.0;-83;-6
47.0;132;-1044.0;-1189.0;-926.0;-132;-12
41.0;225;-1118.0;-1140.0;-857.0;-225;?
136.0;411;-940.0;-1067.0;-940.0;-411;-74
266.0;479;-1031.0;-1050.0;-917.0;-479;79
161.0;2075;-994.0;-986.0;-869.0;-2075;-202
125.0;3413;?;-870.0;-786.0;?;-53
134.0;?;-814.0;-951.0;-797.0;-18;-54
9.0;51;-834.0;-966.0;-863.0;-51;38
264.0;114;-815.0;-909.0;-914.0;-114;-51
340.0;80;?;-852.0;-916.0;?;-2
-24.0;109;-923.0;-844.0;?;-109;-6
-157.0;64;-1147.0;-1037.0;-1095.0;-64;-14
43.0;27;-1202.0;-1232.0;-1227.0;-27;-22
147.0;?;-1337.0;-1326.0;-1395.0;-48;103
106.0;142;-1164.0;?;-1281.0;?;?
39.0;139;-1046.0;-1202.0;?;-139;-78
-4.0;?;-1064.0;-1086.0;-871.0;-268;-1
119.0;365;-1072.0;-1077.0;-993.0;-365;-64
139.0;588;-983.0;-1106.0;-961.0;-588;?
182.0;1459;-996.0;-1033.0;-898.0;-1459;99
145.0;1963;-916.0;-913.0;?;?;-326
?;-47;-830.0;-915.0;-822.0;47;264
-63.0;27;-862.0;-909.0;-888.0;-27;-36
232.0;?;-867.0;-891.0;-925.0;-41;-39
322.0;59;-857.0;-869.0;?;-59;47
104.0;108;-924.0;-863.0;-957.0;-108;-58
-93.0;64;-1090.0;-1036.0;-1096.0;-64;?
-21.0;78;-1195.0;-1187.0;-1197.0;-78;-15
?;63;-1226.0;-1200.0;-1269.0;-63;-17
174.0;68;-1220.0;-1272.0;-1269.0;-68;-33
81.0;162;?;-1192.0;-984.0;-162;?
?;45;-1001.0;-1082.0;-837.0;?;1
93.0;118;-1009.0;-1057.0;-869.0;-118;-21
188.0;94;-999.0;-1053.0;-895.0;-94;-9
137.0;202;?;-1043.0;-873.0;-202;-39
162.0;1096;-970.0;-981.0;-868.0;-1096;?
202.0;1554;-916.0;-890.0;-852.0;-1554;?
252.0;2808;-861.0;-826.0;-841.0;-2808;6
210.0;6478;-881.0;?;-852.0;-6478;54
191.0;7763;-907.0;-804.0;-890.0;-7763;-938
?;6155;-927.0;-836.0;-931.0;-6155;-943
36.0;?;?;-951.0;-810.0;-268;-403
36.0;635;-861.0;-976.0;-860.0;-635;-306
79.0;-85;-898.0;-983.0;-912.0;85;22
?;?;?;-924.0;?;-124;-61
371.0;10;-892.0;-874.0;-946.0;?;-30
313.0;-38;-899.0;-884.0;-957.0;38;-15
191.0;116;-909.0;-934.0;?;-116;-26
87.0;12;-1055.0;-995.0;-1031.0;-12;-34
-186.0;29;-974.0;-1006.0;-1140.0;-29;26
-261.0;-23;-1161.0;-1059.0;-1247.0;?;83
-13.0;?;-1190.0;-1136.0;-1307.0;4;?
67.0;68;-1303.0;-1199.0;-1282.0;?;45
11.0;23;-1045.0;-1148.0;-1001.0;-23;41
137.0;?;-925.0;-1075.0;-744.0;-52;-52
33.0;102;-898.0;-1068.0;-748.0;-102;0
117.0;?;-971.0;-1015.0;-804.0;-95;-17
236.0;82;-1025.0;-1034.0;-851.0;-82;-12
?;150;-1051.0;-1045.0;-911.0;-150;-26
142.0;543;-983.0;-978.0;-897.0;-543;?
172.0;580;-911.0;-886.0;-839.0;-580;-52
197.0;2027;-889.0;-887.0;-825.0;-2027;?
144.0;3038;?;-885.0;-872.0;-3038;-62
75.0;2852;-929.0;-846.0;-908.0;-2852;-56
-56.0;6126;?;-898.0;?;-6126;-45
?;6909;-924.0;-891.0;-954.0;-6909;84
102.0;2684;-908.0;-884.0;-931.0;-2684;-265
131.0;-981;-906.0;-888.0;-897.0;981;-154
-44.0;-3309;-976.0;-953.0;-926.0;3309;773
135.0;-3838;-927.0;-1025.0;-959.0;3838;878
-29.0;-3626;-852.0;-959.0;-882.0;3626;680
-67.0;-3551;-968.0;-978.0;?;3551;512
214.0;-3563;-1132.0;-1130.0;-992.0;3563;-125
30.0;-4347;?;-1312.0;-1119.0;4347;-439
-5.0;-4567;-1160.0;-1122.0;-1192.0;4567;-353
-13.0;-4146;-1059.0;?;-1283.0;4146;-521
74.0;-4377;-932.0;-831.0;-1157.0;4377;-766
4.0;-3713;-937.0;-797.0;-1123.0;3713;-408
?;-4225;-1030.0;-853.0;-1214.0;?;624
?;-1663;-985.0;-878.0;-1184.0;1663;2667
-41.0;3329;-960.0;?;-1101.0;-3329;?
-30.0;2819;-855.0;-880.0;-939.0;-2819;-2540
2.0;3894;-792.0;-798.0;-809.0;-3894;-1839
67.0;3759;-749.0;-777.0;-762.0;-3759;-157
62.0;553;-769.0;-829.0;-767.0;-553;-535
79.0;463;-826.0;-903.0;-815.0;-463;247
44.0;-6;-892.0;-1003.0;-898.0;6;83
66.0;-136;-919.0;-986.0;-956.0;136;-116
196.0;154;-899.0;-954.0;-981.0;-154;83
?;-75;-897.0;-930.0;-991.0;75;-38
251.0;84;-922.0;-921.0;-987.0;-84;?
128.0;38;-975.0;-918.0;-1006.0;-38;?
-131.0;32;-1016.0;-1018.0;-1060.0;-32;?
-241.0;19;-988.0;-995.0;-1083.0;-19;20
-35.0;-70;-1153.0;-1113.0;-1247.0;70;-30
155.0;-16;-1326.0;-1253.0;-1210.0;16;-11
-36.0;105;?;-1344.0;-1127.0;-105;-12
66.0;99;-988.0;-1165.0;-821.0;-99;7
38.0;89;-842.0;?;-698.0;-89;93
80.0;131;-991.0;-1044.0;-837.0;-131;-6
105.0;119;-1065.0;-1080.0;-907.0;-119;13
129.0;271;-1028.0;-1030.0;-914.0;-271;?
199.0;581;-925.0;-937.0;-900.0;-581;12
?;4839;-947.0;-935.0;-1033.0;-4839;-721
54.0;4270;-835.0;-847.0;-858.0;-4270;-987
120.0;1042;-778.0;-825.0;-761.0;-1042;?
91.0;?;-776.0;-839.0;-738.0;-89;-38
86.0;-21;-786.0;-877.0;-747.0;21;-230
69.0;8;-841.0;-941.0;-811.0;-8;-68
101.0;48;-883.0;-938.0;?;-48;41
344.0;-30;-908.0;-927.0;-928.0;30;-45
390.0;80;-915.0;-947.0;-981.0;?;14
168.0;27;?;?;-999.0;-27;-9
-118.0;12;-1104.0;-1040.0;-1101.0;-12;-7
?;59;-1168.0;-1124.0;-1189.0;-59;-60
-82.0;104;-1186.0;-1193.0;-1316.0;-104;-16
160.0;35;-1279.0;-1223.0;-1234.0;-35;-29
43.0;160;-1136.0;?;?;-160;30
90.0;163;-959.0;-1104.0;-793.0;-163;141
104.0;282;?;-1063.0;-723.0;?;-28
90.0;609;-997.0;-1136.0;-882.0;-609;-27
163.0;276;-1009.0;-1047.0;-893.0;-276;14
155.0;1888;-999.0;-1088.0;-845.0;-1888;-112
174.0;1890;-869.0;-958.0;-808.0;-1890;-46
263.0;2876;-780.0;?;-774.0;-2876;-44
215.0;7367;-760.0;-665.0;-822.0;-7367;-355
?;7494;-808.0;?;-891.0;-7494;-777
?;8253;-898.0;-792.0;-957.0;-8253;-938
78.0;-92;-871.0;-859.0;-844.0;92;70
3.0;3;-898.0;-901.0;-920.0;-3;-9
199.0;97;-866.0;-879.0;-901.0;?;-92
211.0;?;-951.0;-875.0;-919.0;7;61
241.0;75;-1014.0;-874.0;?;-75;-64
182.0;-14;?;-955.0;-1064.0;?;?
261.0;-62;-1030.0;-1075.0;-1065.0;?;7
256.0;-12;-1210.0;-1240.0;-1242.0;12;-17
444.0;33;-1253.0;-1280.0;-1192.0;-33;-15
?;17;?;-1244.0;-1005.0;-17;-16
88.0;?;-1006.0;-1122.0;-885.0;-51;?
49.0;161;-1124.0;-1007.0;-912.0;-161;?
?;259;-1071.0;-1028.0;-967.0;-259;-19
239.0;431;-1020.0;-951.0;-912.0;-431;-35
272.0;1008;-913.0;-846.0;-828.0;-1008;-106
276.0;1819;-817.0;-745.0;-808.0;-1819;-71
296.0;2650;-773.0;-661.0;-682.0;-2650;-112
267.0;5704;-784.0;-641.0;-705.0;-5704;-190
194.0;7943;-900.0;-741.0;-808.0;-7943;-1138
103.0;6980;-948.0;-845.0;-890.0;-6980;-1020
200.0;?;-978.0;-913.0;?;-5451;1505
?;547;-996.0;-1009.0;-898.0;-547;1507
147.0;-3085;-998.0;-1079.0;-875.0;3085;?
80.0;-3026;?;?;-846.0;3026;1152
174.0;-4022;-962.0;-1094.0;-881.0;4022;507
286.0;-4270;-936.0;-1007.0;-920.0;4270;?
159.0;-4575;-996.0;-945.0;-946.0;4575;-117
115.0;-4908;-1228.0;-1161.0;-1145.0;?;-586
81.0;-4590;-1266.0;-1134.0;-1288.0;4590;-376
119.0;-4464;-1059.0;?;-1164.0;4464;-683
55.0;-4346;-812.0;-746.0;-932.0;4346;-410
40.0;-2052;?;-766.0;-926.0;2052;631
12.0;2219;-1014.0;-988.0;-1107.0;-2219;342
18.0;2422;-1048.0;-995.0;-1168.0;-2422;1004
22.0;2934;-1056.0;-997.0;-1111.0;-2934;443
-56.0;3426;-937.0;-925.0;-1019.0;-3426;-1108
-88.0;?;-830.0;-841.0;-899.0;48;-3
-23.0;-272;?;-796.0;-818.0;?;222
-7.0;338;-810.0;?;-840.0;-338;-122
-81.0;-121;-879.0;-850.0;-932.0;121;72
?;283;-923.0;-884.0;?;-283;-86
-137.0;105;-937.0;-895.0;?;-105;-1
87.0;196;?;-885.0;-991.0;-196;-12
131.0;204;-881.0;?;-982.0;-204;-32
70.0;61;-849.0;?;-924.0;-61;4
267.0;93;?;-1013.0;-916.0;-93;2
278.0;137;?;-1151.0;-1083.0;-137;-31
?;104;-1108.0;-1188.0;-1116.0;-104;-40
154.0;141;-1130.0;-1177.0;-1085.0;-141;-2
140.0;314;-1083.0;-1025.0;-966.0;-314;-27
280.0;?;-1060.0;-976.0;-921.0;-648;-32
206.0;1439;-1057.0;?;-952.0;?;-45
204.0;1852;-1003.0;?;-972.0;-1852;-41
182.0;3124;-960.0;-891.0;-929.0;-3124;-34
180.0;6237;-866.0;-854.0;-844.0;-6237;-186
160.0;7508;-800.0;-795.0;-779.0;-7508;-829
107.0;6618;-799.0;-743.0;-764.0;-6618;-993
38.0;?;-845.0;-740.0;-805.0;-5774;1084
159.0;1312;-890.0;-802.0;-842.0;-1312;2089
216.0;?;-927.0;-904.0;-868.0;?;838
120.0;-4620;-965.0;-984.0;-854.0;4620;740
34.0;-4481;-942.0;-1100.0;-841.0;4481;689
108.0;?;-1058.0;-1193.0;-911.0;?;327
437.0;-3850;-1010.0;-1156.0;-968.0;3850;67
-169.0;-4123;-1094.0;-1113.0;?;4123;-245
260.0;-3575;-1235.0;-1271.0;-1250.0;3575;-264
43.0;-3423;?;-1104.0;-1182.0;3423;-536
55.0;-3776;-973.0;-836.0;-1044.0;3776;-361
1.0;-2293;?;-783.0;-1010.0;2293;137
80.0;-812;-1082.0;-982.0;-1157.0;812;525
34.0;-128;-1064.0;-994.0;-1202.0;128;-5
59.0;498;-994.0;-925.0;-1029.0;-498;556
22.0;1040;-893.0;-929.0;-955.0;-1040;?
8.0;2434;-851.0;-857.0;-897.0;-2434;-2740
-58.0;1918;?;-821.0;-839.0;-1918;-2034
54.0;159;-829.0;-795.0;-871.0;-159;616
-52.0;?;-876.0;-845.0;-931.0;-2;-196
-81.0;36;-955.0;-938.0;-1015.0;-36;-45
-120.0;84;-1002.0;-1019.0;-1076.0;-84;45
?;160;-942.0;-1093.0;?;-160;-135
-143.0;175;-891.0;-979.0;-967.0;-175;61
44.0;314;-943.0;-910.0;-966.0;-314;-71
225.0;280;-883.0;-839.0;-930.0;-280;-8
43.0;223;-866.0;-778.0;-893.0;-223;-12
208.0;215;-823.0;?;-831.0;-215;-14
373.0;88;-1103.0;-954.0;-949.0;-88;-7
?;-1;-1174.0;-991.0;?;1;8
377.0;21;-1011.0;-982.0;-1026.0;-21;-24
189.0;144;?;-943.0;-937.0;-144;-9
282.0;276;-1032.0;-855.0;-916.0;-276;22
242.0;422;-1000.0;-866.0;-953.0;?;-33
178.0;892;-1014.0;-806.0;-1038.0;-892;35
115.0;?;-1006.0;-848.0;-1087.0;-1230;-119
120.0;1838;-993.0;-899.0;-1027.0;-1838;110
141.0;3118;-926.0;-900.0;-936.0;-3118;-114
105.0;4486;-871.0;-854.0;-895.0;-4486;-278
?;?;-842.0;-827.0;-853.0;-6170;178
130.0;7423;-863.0;-830.0;?;-7423;-1259
151.0;112;-835.0;-883.0;-887.0;-112;-53
231.0;183;-835.0;-885.0;-909.0;-183;-32
123.0;126;-915.0;-913.0;-969.0;?;-38
-29.0;?;-1013.0;-927.0;-988.0;-160;-1
-42.0;156;-1136.0;-1009.0;-1116.0;-156;-2
?;223;-967.0;-1063.0;-1102.0;-223;3
112.0;118;?;-1018.0;-1101.0;-118;-15
59.0;125;-1132.0;-1237.0;-1224.0;-125;-25
-50.0;?;-1134.0;-1196.0;-1027.0;-318;9
-22.0;419;-1176.0;-1081.0;-899.0;-419;?
-9.0;593;-1020.0;-1149.0;-969.0;?;-6
163.0;1041;?;-1086.0;-1113.0;-1041;-80
124.0;1945;-1183.0;-1086.0;-1158.0;-1945;-119
122.0;3974;-1073.0;-1010.0;-1042.0;-3974;225
63.0;6989;-820.0;-763.0;-890.0;-6989;-780
117.0;8527;-650.0;-647.0;-799.0;-8527;-1340
?;?;-634.0;-486.0;-797.0;-8416;-1359
141.0;4618;-697.0;-512.0;-727.0;-4618;-1279
-34.0;-2636;-760.0;-721.0;-684.0;2636;1143
232.0;-4640;-808.0;?;-743.0;4640;1668
27.0;-4028;-858.0;-826.0;-818.0;4028;?
117.0;-4920;-917.0;-930.0;-925.0;4920;654
13.0;-5626;-1004.0;-1055.0;-932.0;5626;86
575.0;-6724;-1165.0;-1219.0;-995.0;6724;-302
141.0;-6892;-1077.0;-1248.0;-1089.0;6892;-859
92.0;-7193;?;-1285.0;?;7193;331
44.0;-6450;-1192.0;-1201.0;-1365.0;?;-2495
157.0;-6188;-1062.0;-891.0;-1319.0;6188;360
51.0;?;?;-720.0;-1138.0;?;4138
38.0;5731;-1026.0;-1013.0;-1146.0;-5731;?
-16.0;7598;-1189.0;-1153.0;-1204.0;-7598;-1193
-80.0;4118;-1082.0;-1100.0;-1171.0;-4118;-1907
-39.0;2130;-857.0;-894.0;-960.0;-2130;-3429
35.0;582;-678.0;-700.0;-679.0;-582;728
?;217;?;-625.0;-603.0;-217;-211
265.0;160;-579.0;-589.0;-554.0;-160;-147
-243.0;87;-634.0;-634.0;-592.0;-87;275
?;151;-707.0;-765.0;-744.0;-151;-269
314.0;?;-796.0;-867.0;-863.0;-141;157
-34.0;?;-841.0;-912.0;-924.0;-146;?
-91.0;114;-1261.0;-985.0;-1075.0;-114;33
-74.0;172;-1187.0;-1301.0;-1272.0;-172;38
10.0;239;-1317.0;-1388.0;-1392.0;-239;2
?;178;-1272.0;-1257.0;-1190.0;-178;-4
?;?;-1123.0;-1162.0;-976.0;-400;32
110.0;416;-1077.0;-1141.0;-743.0;?;-57
13.0;541;-1181.0;-1129.0;-855.0;-541;30
97.0;?;?;-1212.0;-1069.0;-1426;123
158.0;2289;-1055.0;-1180.0;-1072.0;-2289;-94
227.0;5045;-934.0;-974.0;-917.0;-5045;?
62.0;-22;-630.0;-686.0;-605.0;22;113
208.0;105;-609.0;-677.0;-570.0;-105;-104
?;-36;-646.0;-697.0;?;36;76
217.0;106;-698.0;-769.0;-712.0;-106;-85
?;?;-768.0;-819.0;?;-126;25
193.0;172;?;-840.0;-907.0;-172;-3
-171.0;198;-1184.0;-1005.0;-1129.0;-198;10
88.0;215;-1153.0;-1250.0;-1236.0;-215;-2
176.0;159;?;-1322.0;-1368.0;-159;36
?;166;-1203.0;?;?;-166;-27
140.0;265;-1191.0;-1219.0;-1059.0;-265;38
76.0;460;-1058.0;-1170.0;-864.0;-460;-23
113.0;?;-1232.0;?;-846.0;-862;-78
110.0;1519;?;-1211.0;-1092.0;?;142
?;2921;-1161.0;-1215.0;?;?;?
298.0;5498;-1028.0;-1011.0;-975.0;-5498;401
47.0;276;-674.0;-804.0;?;-276;-12
513.0;262;-705.0;-798.0;?;?;?
240.0;268;-783.0;-752.0;-820.0;-268;?
-181.0;260;-1136.0;-831.0;-1021.0;?;?
55.0;179;-1213.0;-1043.0;-1220.0;-179;-5
297.0;185;-1316.0;-1217.0;-1334.0;-185;33
316.0;62;-1309.0;-1227.0;-1246.0;-62;-7
172.0;228;-1113.0;?;-1057.0;-228;2
107.0;527;-1092.0;-1174.0;-908.0;-527;-5
104.0;734;-1235.0;-1143.0;-1041.0;-734;-42
144.0;1571;-1217.0;-1206.0;?;-1571;109
54.0;2446;-1166.0;-1197.0;-1117.0;-2446;-76
92.0;189;-670.0;?;-626.0;-189;-263
115.0;-1;-666.0;-718.0;-617.0;1;?
-30.0;184;-681.0;-726.0;-658.0;-184;-128
299.0;69;-674.0;-743.0;-683.0;-69;5
368.0;151;-708.0;-744.0;-743.0;-151;?
51.0;132;-883.0;-804.0;-858.0;-132;-28
-207.0;109;-1176.0;-973.0;-1070.0;-109;?
152.0;59;?;-1242.0;-1305.0;-59;-9
84.0;116;-1318.0;-1352.0;-1335.0;-116;-12
211.0;90;-1314.0;-1292.0;-1199.0;?;1
77.0;202;-1185.0;-1296.0;-993.0;-202;-7
?;522;-1167.0;-1222.0;-856.0;-522;-55
80.0;443;-1191.0;-1160.0;-1008.0;-443;-24
149.0;2235;-1130.0;-1135.0;-1148.0;-2235;-213
209.0;2794;?;-1034.0;-1090.0;-2794;163
-167.0;362;-623.0;-679.0;-642.0;-362;180
46.0;-55;-654.0;-609.0;-627.0;55;-130
?;140;-718.0;-662.0;-672.0;-140;-21
-170.0;?;-705.0;-681.0;-703.0;-191;-41
127.0;288;?;-678.0;-757.0;-288;-45
?;367;-847.0;-729.0;-855.0;-367;-19
4.0;362;-1091.0;-758.0;-998.0;-362;-1
75.0;326;-1071.0;?;?;?;11
505.0;215;-1211.0;-1189.0;-1201.0;-215;3
321.0;169;-1240.0;?;-1193.0;-169;-12
362.0;184;-1166.0;-1174.0;?;-184;?
?;252;-1067.0;-1185.0;-951.0;-252;14
217.0;556;-1202.0;-1183.0;-1023.0;-556;-19
219.0;1342;-1189.0;-1098.0;-1164.0;-1342;-8
?;2460;-1149.0;?;-1233.0;-2460;-4
223.0;4364;-1082.0;-1063.0;-1126.0;-4364;18
225.0;6821;-905.0;-924.0;-894.0;-6821;-271
?;8645;?;-706.0;-735.0;-8645;?
-191.0;153;-630.0;-611.0;-625.0;-153;-16
-93.0;291;-699.0;-640.0;-696.0;-291;5
218.0;386;-833.0;-740.0;-820.0;-386;-63
142.0;398;-966.0;-709.0;-913.0;-398;?
?;?;-1105.0;-822.0;-1048.0;-323;-9
?;256;-1084.0;-1036.0;-1020.0;-256;-15
409.0;223;-1181.0;-1295.0;-1124.0;-223;-9
408.0;206;-1096.0;-1173.0;-976.0;-206;-1
243.0;371;-1165.0;?;-973.0;-371;-46
265.0;907;-1288.0;-1210.0;-971.0;?;39
275.0;1791;-1238.0;-1060.0;-1077.0;-1791;-135
202.0;3005;-1153.0;-1115.0;-1217.0;-3005;44
186.0;5718;-1078.0;-1131.0;-1203.0;-5718;-64
-46.0;-185;?;-742.0;-719.0;185;919
44.0;265;-616.0;-650.0;-590.0;-265;-651
134.0;45;-616.0;-629.0;-617.0;-45;254
-61.0;155;-655.0;-693.0;-736.0;-155;-95
56.0;260;?;-726.0;-804.0;?;-104
174.0;261;-759.0;-781.0;-902.0;-261;96
137.0;253;-1068.0;-777.0;?;-253;-57
134.0;199;-1160.0;-917.0;-1211.0;-199;30
320.0;196;-1039.0;-1233.0;-1175.0;-196;-42
534.0;133;-1203.0;-1376.0;-1247.0;-133;5
239.0;150;-1236.0;-1156.0;-1108.0;-150;-9
155.0;358;-1272.0;-1106.0;-866.0;-358;-1
265.0;716;-1219.0;-1177.0;-890.0;-716;-58
199.0;?;-1243.0;-1126.0;-1237.0;-1402;-37
?;1984;-1249.0;-1117.0;-1266.0;-1984;-23
-65.0;-17;-921.0;-794.0;-806.0;17;971
?;28;?;-1345.0;-1853.0;-28;891
-48.0;-10;?;-1912.0;-1673.0;10;620
?;82;-1586.0;-1580.0;-1181.0;-82;?
223.0;145;-1063.0;-1397.0;-1060.0;-145;227
90.0;139;-1183.0;-1184.0;-1138.0;-139;157
56.0;244;-866.0;-942.0;-926.0;-244;85
225.0;?;-809.0;-784.0;-677.0;-415;42
99.0;410;-713.0;-660.0;?;-410;23
152.0;686;-677.0;-645.0;-702.0;-686;70
141.0;1075;-804.0;?;-753.0;?;24
30.0;1296;-904.0;-836.0;-867.0;-1296;26
164.0;2100;-1036.0;-998.0;-1008.0;-2100;-42
73.0;2600;-999.0;-1105.0;-966.0;-2600;-186
179.0;?;-855.0;-954.0;-839.0;-63;283
21.0;4941;-917.0;?;-909.0;-4941;-1647
597.0;1043;-863.0;-1010.0;?;-1043;-2129
-295.0;-3326;-830.0;-927.0;-811.0;3326;-8
-57.0;-4239;-846.0;-908.0;-813.0;4239;?
250.0;?;?;-957.0;-850.0;3339;530
219.0;-3684;-1000.0;-1181.0;-981.0;3684;654
?;-3300;-1228.0;-1256.0;-1113.0;3300;315
-130.0;-3909;-1241.0;-1405.0;-1313.0;3909;283
-9.0;-4444;-1160.0;-1271.0;-1356.0;4444;321
163.0;-4013;-1153.0;-1092.0;-1282.0;4013;454
172.0;-6000;-909.0;-826.0;-1112.0;6000;134
68.0;-6346;-929.0;-708.0;-1002.0;6346;1223
5.0;-5648;-1011.0;-797.0;-1115.0;5648;2516
?;-5469;-1022.0;-913.0;-1186.0;5469;2406
3.0;-619;-996.0;?;?;619;2674
46.0;3796;-868.0;?;-962.0;-3796;2118
83.0;?;-800.0;-801.0;-821.0;-5061;1906
114.0;3428;-765.0;-800.0;?;-3428;1544
99.0;377;-769.0;-852.0;-713.0;-377;494
92.0;-13;-810.0;-935.0;-754.0;13;696
29.0;107;-853.0;?;-825.0;-107;631
-98.0;-43;-870.0;-957.0;?;43;476
232.0;83;?;-904.0;-928.0;-83;625
?;16;-818.0;-842.0;-937.0;-16;554
?;66;-838.0;-803.0;-896.0;?;573
-274.0;83;-947.0;-863.0;-885.0;-83;546
7.0;59;?;-1112.0;-1167.0;-59;538
117.0;41;-1224.0;-1299.0;-1386.0;-41;469
?;11;-1443.0;-1338.0;-1453.0;-11;373
61.0;53;?;-1434.0;-1206.0;-53;341
68.0;?;-975.0;-1207.0;?;-44;251
188.0;47;?;-1098.0;-791.0;-47;135
197.0;177;-1033.0;?;-971.0;-177;?
?;221;-1054.0;-1139.0;-959.0;-221;125
108.0;484;-1005.0;-1021.0;-871.0;-484;?
?;4037;-854.0;-844.0;-1008.0;-4037;2896
-36.0;4917;-746.0;-764.0;-818.0;-4917;-518
-20.0;1763;-721.0;-692.0;-719.0;-1763;-673
?;?;-697.0;-716.0;-693.0;-1438;567
23.0;183;-733.0;-812.0;?;?;14
?;189;-797.0;-937.0;-845.0;?;129
-90.0;182;-859.0;-1032.0;-940.0;?;167
135.0;41;-849.0;-999.0;-902.0;-41;73
350.0;?;-804.0;-876.0;-864.0;?;195
93.0;91;-772.0;-810.0;-890.0;-91;97
-277.0;136;?;?;-958.0;-136;145
?;73;-1061.0;-1064.0;?;-73;141
259.0;20;-1278.0;-1275.0;-1300.0;-20;129
156.0;45;-1390.0;-1366.0;-1386.0;-45;131
-30.0;2;-1340.0;-1478.0;-1348.0;-2;107
71.0;?;-949.0;-1165.0;-852.0;-25;139
28.0;-3;-946.0;-948.0;-725.0;3;?
107.0;148;-969.0;-1070.0;-939.0;-148;63
220.0;354;-1073.0;-1071.0;-1030.0;-354;38
115.0;204;-1020.0;-1033.0;-949.0;?;?
128.0;1332;-935.0;-969.0;-905.0;-1332;?
167.0;2360;-856.0;?;-815.0;-2360;-203
160.0;2589;-809.0;-789.0;-789.0;-2589;35
242.0;4607;-826.0;-771.0;-805.0;?;-17
?;7357;-873.0;-805.0;-849.0;-7357;-1643
106.0;7595;-885.0;-862.0;-892.0;?;-1208
523.0;3088;-844.0;-891.0;-875.0;-3088;-1205
-352.0;-2292;?;-861.0;-807.0;2292;-1122
20.0;-3584;-894.0;-922.0;-840.0;3584;987
236.0;?;-1010.0;-1012.0;-952.0;3637;1019
?;-3993;-1044.0;-1182.0;-1061.0;3993;651
229.0;-3489;-943.0;?;-1020.0;3489;366
68.0;-5050;-1184.0;-1190.0;-1079.0;5050;5
33.0;-5610;-1176.0;-1284.0;-1166.0;?;-429
?;-5701;?;-1200.0;-1229.0;5701;-326
136.0;-5569;-1204.0;-1158.0;-1303.0;5569;-442
192.0;-3492;-955.0;-1079.0;-1162.0;3492;-1348
77.0;-7078;-1038.0;-882.0;-1068.0;7078;2848
59.0;-1695;-1035.0;-1011.0;-1171.0;?;5130
22.0;6936;-1053.0;-974.0;-1209.0;-6936;1601
21.0;3725;-1023.0;-971.0;-1161.0;-3725;1007
17.0;3670;-886.0;-841.0;-968.0;-3670;1128
56.0;2296;-765.0;-708.0;-792.0;-2296;-477
96.0;-398;-695.0;-692.0;-689.0;?;-383
175.0;459;-687.0;-723.0;-685.0;-459;188
81.0;5;?;-793.0;-747.0;-5;-33
?;49;-812.0;-900.0;-847.0;-49;77
278.0;26;?;-989.0;-906.0;-26;67
321.0;-50;-836.0;-928.0;-909.0;50;7
-70.0;95;-779.0;-827.0;-926.0;-95;80
?;51;-1010.0;-885.0;-975.0;-51;24
?;72;-1234.0;-1169.0;-1191.0;-72;?
198.0;38;-1237.0;-1248.0;-1269.0;-38;42
?;-17;-1245.0;-1246.0;-1265.0;?;20
163.0;-6;?;-1174.0;-1075.0;6;8
76.0;-5;-1013.0;-1174.0;-933.0;5;15
42.0;-13;-1062.0;-1055.0;-763.0;13;7
205.0;42;-1012.0;-977.0;-858.0;-42;-40
258.0;93;-1053.0;-1043.0;-931.0;-93;-17
145.0;173;-1111.0;-1102.0;-961.0;-173;?
198.0;342;-1025.0;-1069.0;-918.0;-342;-65
179.0;276;-913.0;-943.0;?;-276;?
?;599;-811.0;-830.0;-806.0;-599;-147
116.0;1913;-825.0;-802.0;-811.0;-1913;-3
125.0;5057;-825.0;?;-803.0;-5057;-94
36.0;8043;-852.0;?;-828.0;-8043;-1467
?;-3119;-781.0;-788.0;-791.0;3119;508
89.0;-831;-745.0;-777.0;-798.0;831;1006
132.0;-725;-724.0;-782.0;?;725;1004
35.0;-1169;?;-814.0;-702.0;1169;1078
18.0;-310;-749.0;-847.0;-776.0;310;478
31.0;3;-729.0;-795.0;-779.0;-3;-189
43.0;78;-660.0;-655.0;-676.0;?;69
-60.0;?;-577.0;-550.0;-612.0;?;29
?;76;-539.0;-521.0;-609.0;-76;7
431.0;88;-557.0;-517.0;-551.0;-88;82
65.0;?;-521.0;-573.0;-554.0;-64;35
?;-74;-909.0;-733.0;-686.0;?;38
227.0;3;-1431.0;?;-1262.0;-3;?
299.0;-89;?;?;-1819.0;89;65
158.0;-169;-1696.0;-2048.0;-1778.0;169;74
195.0;185;-1624.0;-1860.0;-1727.0;-185;20
154.0;?;-1603.0;-1731.0;-1624.0;90;6
138.0;339;-1393.0;-1505.0;-1414.0;-339;-16
162.0;?;-1151.0;-1127.0;-1195.0;-365;?
173.0;684;-937.0;-877.0;-951.0;-684;?
168.0;6720;-734.0;-730.0;-756.0;-6720;?
133.0;10623;?;-603.0;-617.0;-10623;359
151.0;4161;-602.0;-528.0;-530.0;?;-423
-79.0;?;-417.0;-381.0;-408.0;-441;32
-62.0;153;-453.0;-392.0;-421.0;-153;-12
?;550;-467.0;-415.0;-451.0;-550;87
156.0;327;-464.0;-490.0;-503.0;-327;14
75.0;347;-651.0;-608.0;?;-347;62
241.0;-181;-1276.0;-1044.0;-1145.0;181;95
242.0;-219;-1900.0;-1797.0;-1664.0;?;90
105.0;-182;-1684.0;-2016.0;-1826.0;182;155
142.0;-428;-1679.0;-1796.0;-1616.0;428;121
171.0;-65;?;-1833.0;-1682.0;65;32
137.0;-304;-1586.0;-1617.0;-1645.0;304;61
126.0;724;-1370.0;-1342.0;?;-724;-10
120.0;4211;-1047.0;-1069.0;-1122.0;-4211;-259
?;5574;-847.0;-903.0;-865.0;-5574;-383
?;5566;-661.0;-704.0;-680.0;-5566;-301
56.0;?;-549.0;-526.0;-532.0;-5036;-468
87.0;2670;-455.0;-407.0;-430.0;-2670;-786
225.0;2972;-414.0;-364.0;-353.0;-2972;-756
240.0;3626;-411.0;-358.0;-365.0;-3626;-722
45.0;-760;-505.0;-427.0;-452.0;760;-767
83.0;-3016;-688.0;-583.0;-590.0;3016;-333
123.0;-1425;-858.0;?;?;1425;-82
123.0;-2084;-911.0;-1009.0;-955.0;2084;-90
289.0;-1967;-1017.0;-1067.0;-953.0;1967;-94
?;-1495;-1087.0;-1199.0;?;1495;-205
66.0;-3407;-1460.0;-1329.0;-1311.0;3407;589
114.0;-1757;?;-1468.0;-1689.0;1757;?
73.0;1807;-1535.0;-1542.0;-1639.0;-1807;1126
?;817;-1539.0;?;-1630.0;-817;1166
33.0;893;-1471.0;-1571.0;-1560.0;-893;1161
129.0;1830;-1247.0;-1315.0;-1332.0;-1830;1219
2.0;-2035;-988.0;-1045.0;-1029.0;2035;693
46.0;-2150;-785.0;-856.0;-817.0;2150;?
-64.0;733;-634.0;-678.0;-642.0;-733;-145
64.0;-211;-488.0;-553.0;-523.0;211;55
107.0;-196;-451.0;-475.0;-476.0;196;52
42.0;64;-434.0;?;-472.0;-64;42
65.0;-262;-644.0;-506.0;-526.0;?;54
33.0;8;-795.0;-714.0;-785.0;-8;43
74.0;-173;-772.0;-857.0;-841.0;173;50
449.0;-88;-719.0;-793.0;-768.0;88;47
117.0;-74;-619.0;-713.0;-717.0;74;47
200.0;-186;-861.0;?;?;186;48
268.0;30;-1161.0;-1129.0;-1115.0;-30;51
291.0;-269;-1862.0;-1517.0;-1448.0;269;42
248.0;67;-1466.0;-1763.0;-1508.0;-67;54
160.0;-155;-1559.0;-1659.0;-1418.0;155;47
149.0;-409;-1584.0;-1661.0;-1519.0;409;44
157.0;3235;?;-1580.0;-1526.0;-3235;-82
142.0;5166;-1331.0;-1366.0;-1382.0;-5166;-413
139.0;5680;-1066.0;-1064.0;-1093.0;-5680;34
45.0;8235;-806.0;?;-824.0;-8235;220
117.0;?;-604.0;-614.0;-598.0;-6850;-12
118.0;?;-502.0;-458.0;-441.0;-1982;481
191.0;-429;-416.0;-371.0;?;429;-226
?;46;-352.0;-318.0;-351.0;-46;-1047
131.0;-1318;-376.0;-323.0;-366.0;1318;-296
132.0;-3719;-550.0;-465.0;?;?;735
?;-3168;-753.0;-720.0;-752.0;3168;564
302.0;-1806;-880.0;-926.0;?;1806;-959
?;-1631;-1114.0;-1120.0;-1085.0;1631;-1377
153.0;-1694;?;-1388.0;-1211.0;1694;-1119
140.0;-1672;-1659.0;-1709.0;-1561.0;1672;-1272
157.0;-1679;-1499.0;-1683.0;-1725.0;1679;-1205
150.0;-1676;-1462.0;-1418.0;?;1676;-1218
107.0;-1677;-1352.0;-1323.0;-1498.0;1677;-1235
120.0;-1672;-1291.0;-1247.0;-1400.0;1672;-1205
71.0;-1683;-1151.0;-1112.0;-1201.0;1683;?
48.0;-1664;-984.0;?;-948.0;1664;-1207
13.0;-1683;?;-873.0;-757.0;?;-1229
-11.0;-1681;?;-753.0;-609.0;1681;-1225
155.0;-1640;-518.0;-634.0;?;1640;-1196
148.0;-1745;-441.0;-498.0;-382.0;1745;-1271
111.0;-1564;-436.0;-447.0;-397.0;1564;-1140
-18.0;?;-617.0;?;-591.0;?;-1325
80.0;-1533;-699.0;-738.0;-704.0;1533;-1117
432.0;-36;?;-768.0;-674.0;36;4
347.0;19;-737.0;-726.0;-726.0;-19;221
376.0;-418;-1026.0;-1002.0;-1097.0;418;68
273.0;40;-1557.0;-1298.0;?;-40;?
264.0;33;?;-1639.0;?;-33;129
175.0;135;-1562.0;-1732.0;-1377.0;-135;171
193.0;?;-1610.0;-1802.0;-1529.0;-555;183
183.0;523;-1565.0;?;-1534.0;-523;90
136.0;842;?;-1487.0;-1425.0;-842;154
107.0;1048;?;-1198.0;-1175.0;-1048;175
87.0;1049;-909.0;-910.0;-869.0;-1049;194
128.0;1014;-658.0;-682.0;-649.0;-1014;173
131.0;980;?;?;-521.0;-980;151
171.0;959;-444.0;-387.0;-428.0;-959;502
174.0;-1571;-429.0;-340.0;-396.0;1571;778
?;-3698;-488.0;-393.0;-439.0;3698;1151
221.0;-3057;-615.0;?;?;3057;798
297.0;-3741;-751.0;-779.0;?;3741;?
98.0;-4000;-808.0;-941.0;-846.0;4000;290
178.0;-1625;-900.0;-967.0;-939.0;?;-707
280.0;-1416;-944.0;-1004.0;-954.0;1416;-1297
275.0;-2478;-1131.0;-1194.0;-1078.0;2478;?
212.0;?;-1344.0;-1205.0;-1252.0;2073;?
148.0;?;-1498.0;-1375.0;-1622.0;910;1435
177.0;634;?;?;?;?;1207
148.0;?;?;-1636.0;-1550.0;-1859;538
52.0;4025;-1418.0;-1584.0;-1504.0;-4025;1077
46.0;601;-1236.0;?;-1333.0;-601;336
19.0;-3834;?;-1036.0;-1037.0;3834;?
-31.0;-985;-749.0;-814.0;-800.0;985;-346
82.0;-61;-608.0;?;-605.0;61;90
112.0;-642;-557.0;-564.0;-545.0;642;99
80.0;-117;-508.0;-520.0;-540.0;117;49
111.0;-461;-507.0;-511.0;-542.0;461;65
127.0;-317;-607.0;-595.0;-611.0;317;61
77.0;?;-692.0;-699.0;-683.0;340;61
-125.0;-62;-728.0;?;-712.0;62;47
-54.0;163;-658.0;-778.0;-735.0;-163;37
229.0;-87;-585.0;-718.0;-641.0;87;51
186.0;-144;-930.0;?;-776.0;144;48
212.0;?;-1256.0;-1170.0;-1273.0;?;54
173.0;-29;-1737.0;-1617.0;-1637.0;?;81
170.0;-10;-1583.0;-1742.0;-1459.0;10;83
125.0;-58;?;-1872.0;-1521.0;58;84
141.0;25;-1661.0;-1790.0;-1592.0;?;78
?;?;-1561.0;?;-1616.0;83;?
162.0;?;-1230.0;-1279.0;-1259.0;-1;80
117.0;16;-935.0;-962.0;-936.0;?;78
113.0;-223;-682.0;-705.0;-696.0;223;103
167.0;426;-508.0;-494.0;-522.0;-426;32
250.0;-1386;-413.0;-355.0;-427.0;1386;256
287.0;-3964;-390.0;-269.0;-395.0;3964;710
94.0;-3396;?;-235.0;-412.0;3396;719
1.0;-2850;-475.0;-418.0;-495.0;2850;545
155.0;-2814;-671.0;-741.0;-641.0;2814;?
205.0;-3015;-794.0;-821.0;-746.0;3015;435
20.0;-2747;-906.0;-915.0;-823.0;2747;438
147.0;-2246;-1242.0;-1309.0;-1143.0;2246;300
169.0;-2272;-1551.0;-1516.0;-1472.0;2272;377
182.0;-2214;-1513.0;-1595.0;-1738.0;?;447
96.0;?;?;-1554.0;-1746.0;?;65
-5.0;-720;-1483.0;-1527.0;-1609.0;720;1268
-20.0;1642;-1421.0;-1403.0;-1478.0;?;1136
56.0;1498;-1250.0;-1268.0;-1310.0;-1498;1257
101.0;-1830;-1028.0;-1082.0;-1022.0;1830;?
35.0;-5040;-831.0;-895.0;-822.0;5040;667
?;-1661;-709.0;-760.0;-704.0;1661;35
53.0;853;-598.0;-644.0;-569.0;?;803
205.0;-290;-545.0;?;-538.0;290;332
115.0;202;-552.0;-563.0;-569.0;-202;546
129.0;80;-499.0;-515.0;-547.0;?;?
101.0;-29;-622.0;?;-609.0;29;476
9.0;347;-727.0;-700.0;-768.0;-347;379
?;325;-780.0;-770.0;-778.0;-325;229
125.0;261;?;-740.0;-775.0;?;299
122.0;184;-701.0;-721.0;-728.0;-184;259
145.0;?;-1001.0;-930.0;?;-150;281
240.0;173;-1210.0;-1161.0;-1166.0;-173;247
214.0;300;-1715.0;-1573.0;-1510.0;-300;210
170.0;96;-1502.0;?;-1608.0;-96;220
123.0;478;-1555.0;-1756.0;-1592.0;-478;168
148.0;1019;-1582.0;-1641.0;-1635.0;-1019;205
81.0;1219;-1497.0;-1518.0;-1541.0;-1219;213
88.0;2053;-1247.0;-1253.0;-1292.0;-2053;-2
89.0;2177;-981.0;-1026.0;-1011.0;-2177;-71
94.0;2311;-763.0;-804.0;-792.0;-2311;-42
103.0;2000;-622.0;-605.0;-639.0;-2000;-50
113.0;?;-555.0;-472.0;-534.0;-2316;-51
59.0;154;-499.0;-492.0;-502.0;-154;748
87.0;-8;?;-554.0;-599.0;8;657
43.0;237;?;-663.0;-712.0;-237;672
141.0;324;-773.0;-748.0;?;-324;?
?;312;?;-773.0;-764.0;?;676
?;284;-731.0;-763.0;-744.0;-284;665
?;146;?;-894.0;-864.0;-146;532
160.0;237;-1172.0;-1097.0;-1119.0;-237;512
248.0;71;-1693.0;-1468.0;-1404.0;-71;474
242.0;-148;-1603.0;-1780.0;-1573.0;148;286
100.0;281;-1540.0;-1623.0;-1466.0;-281;?
152.0;345;-1565.0;-1597.0;-1558.0;-345;412
151.0;209;-1495.0;-1561.0;-1517.0;-209;476
135.0;252;-1321.0;?;-1325.0;-252;449
?;255;?;-1108.0;-1051.0;-255;465
?;253;-806.0;?;-794.0;-253;462
137.0;201;-634.0;-675.0;-617.0;-201;?
65.0;261;-545.0;-556.0;?;-261;526
168.0;-507;?;-453.0;-429.0;507;164
200.0;-570;-484.0;-416.0;-412.0;570;-598
253.0;-941;-518.0;-437.0;?;941;-280
50.0;-3428;-632.0;-512.0;-568.0;3428;702
182.0;-3771;-796.0;-672.0;?;3771;767
95.0;?;?;-901.0;-928.0;2428;661
400.0;-1801;-846.0;-970.0;-972.0;1801;908
337.0;-1744;-1048.0;-931.0;?;?;688
252.0;-1721;-1180.0;-1205.0;-1204.0;1721;?
165.0;?;-1383.0;-1284.0;-1359.0;2543;1564
161.0;-3308;-1519.0;-1512.0;-1687.0;3308;1622
141.0;-1030;?;?;-1604.0;1030;1952
97.0;-1177;?;-1449.0;-1499.0;?;2672
22.0;962;-1322.0;-1273.0;-1429.0;-962;2229
13.0;?;-1112.0;-1108.0;?;-3086;?
17.0;-5716;-891.0;-948.0;-885.0;5716;1953
-21.0;-9093;-764.0;-800.0;-711.0;9093;2286
48.0;?;-689.0;-733.0;-628.0;2406;1341
?;414;-653.0;-708.0;-596.0;-414;697
141.0;-22;-654.0;-705.0;-618.0;22;?
118.0;66;-659.0;-672.0;-621.0;-66;787
47.0;72;-716.0;-738.0;-701.0;?;776
101.0;215;-780.0;-820.0;-840.0;-215;825
67.0;517;-875.0;-824.0;-874.0;-517;799
19.0;511;-828.0;-817.0;-873.0;?;?
127.0;624;-768.0;?;-838.0;-624;781
329.0;596;-712.0;-743.0;-709.0;-596;786
?;211;-974.0;-915.0;-850.0;-211;842
295.0;-264;?;?;-1205.0;264;880
193.0;-219;-1597.0;-1556.0;-1419.0;?;777
166.0;?;-1391.0;-1629.0;-1322.0;285;724
155.0;?;?;-1557.0;-1461.0;-115;596
132.0;618;-1534.0;-1537.0;-1596.0;-618;550
152.0;?;-1441.0;-1422.0;-1487.0;-904;619
111.0;2222;-1212.0;-1214.0;-1251.0;-2222;326
142.0;1896;-963.0;-988.0;-997.0;-1896;447
96.0;4666;-755.0;-781.0;-762.0;-4666;12
95.0;10233;-632.0;-613.0;-623.0;-10233;-461
109.0;10734;-551.0;-519.0;-534.0;-10734;-713
64.0;7047;-507.0;-417.0;-469.0;-7047;?
?;-262;-490.0;-418.0;-461.0;262;-384
155.0;-5021;-583.0;-504.0;-581.0;5021;947
599.0;-4739;-824.0;-803.0;-846.0;4739;?
-35.0;-5171;-1098.0;-1071.0;-1031.0;5171;-109
-254.0;-5273;-1018.0;-1121.0;-1052.0;5273;-81
-122.0;-5048;-935.0;-1154.0;-1076.0;5048;-124
-46.0;-5561;-876.0;-1090.0;-1068.0;5561;-53
429.0;-4587;-852.0;-881.0;-954.0;4587;-94
265.0;-4545;-1317.0;-1092.0;-1166.0;4545;495
68.0;-4213;-1857.0;-1530.0;-1643.0;4213;2137
?;-4339;-1622.0;-1545.0;-1615.0;4339;3637
67.0;-5838;-1511.0;-1488.0;-1574.0;5838;3889
-5.0;1699;-1326.0;-1496.0;-1449.0;?;3056
48.0;6572;-1029.0;-1152.0;-1244.0;-6572;1456
49.0;1833;-877.0;-827.0;-914.0;-1833;400
141.0;241;-735.0;-710.0;-654.0;-241;450
187.0;125;-603.0;-640.0;-578.0;-125;392
163.0;-138;-573.0;-713.0;-451.0;?;300
101.0;145;-707.0;-707.0;-473.0;-145;342
259.0;24;-843.0;-762.0;-726.0;-24;321
?;209;-828.0;-798.0;-751.0;-209;337
-15.0;224;?;-778.0;-659.0;-224;317
350.0;224;-932.0;-853.0;-826.0;-224;318
57.0;?;-1203.0;?;-855.0;-204;332
86.0;294;-1403.0;-1424.0;-829.0;-294;324
23.0;134;-1064.0;-1323.0;-884.0;-134;335
47.0;307;-1199.0;-1089.0;-1203.0;-307;327
195.0;220;-1285.0;?;-1123.0;-220;331
261.0;873;-1269.0;-1155.0;-1025.0;-873;238
21.0;-276;-616.0;-640.0;?;276;444
111.0;378;-630.0;-688.0;-543.0;-378;432
388.0;-87;-663.0;-796.0;-580.0;87;520
363.0;186;-726.0;-869.0;-657.0;-186;?
103.0;113;-780.0;-904.0;-792.0;-113;470
-116.0;113;-1082.0;-932.0;?;-113;?
332.0;113;-1243.0;-1215.0;?;-113;471
203.0;47;-1210.0;-1259.0;-844.0;-47;398
307.0;-124;-1250.0;-1279.0;-892.0;124;367
274.0;93;-1255.0;-1232.0;-829.0;?;289
65.0;28;-1260.0;?;-959.0;-28;190
121.0;-46;-1262.0;-1264.0;-1067.0;46;192
?;700;-1281.0;-1158.0;-771.0;-700;156
218.0;85;-1063.0;-1198.0;-791.0;-85;94
187.0;1745;-1114.0;-1162.0;?;-1745;-20
81.0;1807;-608.0;?;-496.0;-1807;890
45.0;-520;-612.0;?;-531.0;520;1186
?;203;-703.0;-799.0;?;-203;998
370.0;134;-837.0;-826.0;-798.0;-134;1019
396.0;-47;-938.0;-785.0;?;47;1091
0.0;245;-1059.0;-807.0;-1087.0;-245;1004
-141.0;-1;-1049.0;-929.0;-1028.0;?;1071
-58.0;172;-1080.0;-1366.0;-1074.0;-172;1034
189.0;88;-1329.0;-1469.0;-1201.0;-88;1046
325.0;86;-1234.0;-1182.0;-1176.0;?;1046
135.0;113;-1228.0;?;-1137.0;-113;1047
48.0;-148;-1072.0;?;-963.0;148;?
63.0;395;-1255.0;-1249.0;-959.0;-395;1023
320.0;142;-1159.0;-1359.0;-1075.0;-142;982
166.0;668;-1143.0;-1214.0;-1057.0;-668;878
51.0;3199;-870.0;-874.0;-903.0;-3199;1485
64.0;?;-778.0;-840.0;-765.0;1264;1572
49.0;1796;-769.0;-848.0;-692.0;-1796;160
60.0;?;-784.0;-874.0;-679.0;-269;94
88.0;-257;?;-893.0;-696.0;257;678
?;376;-823.0;-866.0;-753.0;-376;808
?;-216;-812.0;-862.0;-816.0;216;815
340.0;342;-844.0;?;-800.0;-342;777
-70.0;196;-875.0;-894.0;?;-196;827
-175.0;182;?;-873.0;-916.0;-182;827
-148.0;109;-1036.0;-1016.0;-1097.0;-109;804
?;-14;-1195.0;-1107.0;-1203.0;?;821
194.0;-26;-1141.0;-1109.0;-1228.0;26;784
93.0;-2;-1108.0;-1146.0;?;2;678
136.0;-37;-1043.0;-1256.0;-992.0;37;639
60.0;139;-1307.0;-1426.0;-1321.0;-139;472
290.0;431;-1403.0;?;-1379.0;?;310
187.0;510;-1313.0;-1393.0;-1251.0;-510;445
169.0;2581;-1135.0;-1157.0;?;-2581;-25
?;3025;-944.0;-903.0;-935.0;-3025;361
349.0;4594;-815.0;-795.0;-798.0;-4594;-41
120.0;9223;-742.0;-727.0;-712.0;-9223;-1162
262.0;8307;?;-655.0;-615.0;-8307;433
56.0;6445;-675.0;-624.0;?;-6445;-110
?;?;-772.0;-644.0;-689.0;-2103;-242
70.0;-3752;-840.0;?;-767.0;3752;1695
-44.0;-3466;-885.0;-782.0;-861.0;?;1210
232.0;-3637;-1042.0;-923.0;-955.0;3637;1255
268.0;-4661;?;?;-1049.0;?;1527
?;-5545;?;-1219.0;-1086.0;5545;1579
86.0;-7130;-1291.0;-1301.0;-1241.0;7130;1379
69.0;-6459;-1438.0;-1405.0;-1474.0;6459;1154
?;-6180;-1007.0;-1043.0;-1333.0;6180;987
87.0;-5730;-943.0;-624.0;-901.0;5730;-40
15.0;-4388;?;-871.0;-1056.0;4388;-53
23.0;-6024;-1054.0;-1260.0;-1188.0;6024;-556
17.0;1098;?;-1136.0;?;-1098;-96
43.0;?;-1008.0;-1037.0;-1005.0;-9890;-1614
82.0;5073;-903.0;-892.0;-899.0;-5073;-3082
159.0;1149;?;-824.0;-778.0;-1149;1460
88.0;912;-786.0;-805.0;-736.0;-912;1427
49.0;-57;-816.0;-846.0;-734.0;57;-522
37.0;206;-832.0;-882.0;-779.0;-206;682
84.0;54;-853.0;-906.0;-838.0;-54;326
346.0;26;-819.0;-851.0;-859.0;-26;470
379.0;105;-800.0;-805.0;-847.0;-105;549
49.0;150;-866.0;-832.0;-895.0;-150;353
-97.0;217;-956.0;-844.0;-987.0;-217;501
-40.0;231;-1262.0;-1064.0;-1189.0;-231;433
30.0;201;?;-1263.0;-1358.0;-201;398
?;?;-1362.0;-1185.0;-1414.0;-130;358
36.0;180;-1167.0;-1243.0;?;-180;388
22.0;323;-1026.0;-1243.0;-1027.0;-323;296
149.0;353;-1138.0;-1090.0;?;-353;291
214.0;452;-1026.0;-1166.0;-994.0;-452;226
132.0;1355;-1024.0;-1198.0;-951.0;-1355;148
78.0;?;-868.0;-971.0;-877.0;?;-3177
72.0;4080;-774.0;-819.0;-761.0;?;-2732
58.0;2485;-729.0;-738.0;-658.0;-2485;?
152.0;278;-702.0;-720.0;-618.0;-278;?
118.0;?;-716.0;-735.0;?;51;185
?;133;-742.0;-779.0;-688.0;-133;269
454.0;56;-741.0;-818.0;-744.0;-56;141
244.0;119;-812.0;-871.0;-845.0;-119;249
138.0;92;-907.0;-967.0;-1008.0;-92;222
4.0;?;?;-956.0;-1062.0;-138;222
-167.0;96;-1123.0;-1053.0;-1233.0;-96;225
8.0;73;?;-1157.0;-1402.0;-73;?
232.0;32;-1389.0;-1268.0;-1455.0;-32;202
150.0;42;-1258.0;-1195.0;-1214.0;-42;171
79.0;97;-1200.0;-1366.0;-1157.0;-97;117
82.0;227;-1173.0;-1205.0;-903.0;-227;100
135.0;471;-1018.0;-991.0;-926.0;?;109
176.0;718;?;-991.0;?;-718;116
188.0;1773;-1009.0;-935.0;-911.0;-1773;214
52.0;3;-831.0;-867.0;-698.0;-3;98
133.0;18;-843.0;-919.0;-751.0;-18;?
281.0;51;-874.0;-937.0;-799.0;-51;0
269.0;69;?;-932.0;?;-69;105
77.0;44;-1054.0;-1018.0;-990.0;-44;18
222.0;108;?;-1013.0;-958.0;-108;77
51.0;182;-904.0;-883.0;-884.0;-182;46
118.0;172;?;-980.0;?;-172;53
322.0;110;-1267.0;-1084.0;-1127.0;-110;64
376.0;?;-1237.0;-1131.0;-1057.0;?;48
?;84;-1149.0;?;-1068.0;-84;31
264.0;13;-988.0;-935.0;-828.0;-13;23
233.0;66;-891.0;-794.0;-638.0;-66;22
242.0;?;-952.0;-847.0;-757.0;?;11
223.0;235;-1015.0;-867.0;?;-235;?
262.0;475;-1019.0;-918.0;-851.0;-475;24
?;636;-976.0;-859.0;-801.0;?;-21
?;1876;-885.0;-800.0;-730.0;-1876;-71
210.0;2843;-824.0;-781.0;-663.0;-2843;47
191.0;3979;-775.0;-749.0;-604.0;-3979;2
234.0;7310;?;-725.0;-596.0;-7310;-392
148.0;831;-698.0;-712.0;-663.0;-831;-1162
215.0;-26;-674.0;-680.0;-632.0;26;48
60.0;-184;-733.0;-732.0;-749.0;184;-491
145.0;34;-801.0;?;-817.0;-34;93
127.0;-63;-870.0;-867.0;-918.0;63;126
44.0;-153;-897.0;-921.0;-974.0;?;-205
131.0;-67;-947.0;-953.0;?;67;159
-88.0;-94;-983.0;-959.0;?;94;-117
-31.0;16;-975.0;-952.0;-1142.0;-16;32
40.0;-17;-1025.0;-973.0;?;?;-6
10.0;-11;-1089.0;-1053.0;?;11;-10
104.0;-28;-1288.0;-1157.0;-1255.0;28;7
73.0;-112;-1315.0;-1372.0;-1259.0;112;?
27.0;-91;-1043.0;-1139.0;-978.0;91;-2
113.0;-73;-935.0;-903.0;-788.0;73;-7
101.0;-22;-998.0;-945.0;-828.0;22;-16
115.0;134;-1030.0;-950.0;-850.0;-134;-11
70.0;208;-991.0;-927.0;-856.0;-208;-43
159.0;475;-877.0;-895.0;-799.0;-475;5
70.0;1001;?;-834.0;-753.0;-1001;-113
?;57;-786.0;-745.0;-775.0;-57;-92
81.0;-158;-835.0;-803.0;-819.0;158;-13
181.0;-158;-872.0;-859.0;-875.0;158;-22
99.0;?;-909.0;-896.0;-956.0;75;-40
161.0;46;-920.0;-918.0;-1000.0;-46;-33
102.0;85;-964.0;-933.0;-1059.0;-85;1
-93.0;197;-1038.0;-968.0;-1204.0;-197;-20
-57.0;102;-1065.0;-1026.0;-1249.0;-102;-14
88.0;-40;-1245.0;-1147.0;?;40;18
254.0;1;-1282.0;-1291.0;-1239.0;-1;36
237.0;-181;-1146.0;-1206.0;-1076.0;181;-15
126.0;-208;-1052.0;-1049.0;-960.0;208;4
14.0;-159;-1057.0;-1009.0;-806.0;159;-17
61.0;-130;-1091.0;-1061.0;-806.0;130;3
?;?;-1082.0;-1087.0;-917.0;-595;?
9.0;1290;-998.0;-1008.0;-926.0;-1290;-225
-43.0;?;-855.0;?;-797.0;-2371;-6
214.0;5123;-709.0;-745.0;-657.0;-5123;-503
176.0;?;-596.0;-603.0;-534.0;-5552;-774
223.0;4778;?;-503.0;-451.0;-4778;-979
116.0;5109;-543.0;-505.0;-464.0;?;?
204.0;1432;-683.0;-599.0;-582.0;-1432;-924
-65.0;-1380;-846.0;-745.0;-773.0;1380;576
183.0;-1299;-975.0;-919.0;-942.0;1299;515
182.0;-2482;-1140.0;-1104.0;-1028.0;2482;1009
-84.0;-2778;-1251.0;-1310.0;?;2778;1079
-191.0;-3070;-1221.0;-1333.0;-1162.0;3070;779
-209.0;-3552;-1382.0;-1336.0;-1376.0;3552;526
-57.0;-3505;-1318.0;-1282.0;-1499.0;3505;590
66.0;-2984;-1111.0;-1095.0;-1265.0;2984;562
-16.0;-2079;-876.0;-823.0;-972.0;2079;366
-80.0;-1542;-844.0;-760.0;-935.0;?;464
-90.0;-1452;-835.0;-724.0;-933.0;1452;451
-85.0;-1700;?;-773.0;-918.0;1700;550
-64.0;-933;-785.0;-768.0;-862.0;?;155
-127.0;-34;?;-730.0;-734.0;34;-233
-61.0;-129;?;-678.0;-691.0;129;61
-58.0;-41;-693.0;-651.0;-708.0;41;38
-53.0;-8;-680.0;-653.0;?;8;-18
-84.0;-38;-755.0;-732.0;-754.0;38;34
-103.0;6;?;-856.0;-840.0;?;13
0.0;-4;?;-920.0;-939.0;4;35
-90.0;61;-951.0;-966.0;-1034.0;-61;6
?;-15;-1003.0;-1036.0;-1128.0;15;?
154.0;-60;-1025.0;-1056.0;-1142.0;60;11
126.0;-86;-1227.0;-1121.0;-1202.0;86;?
119.0;-127;-1441.0;-1431.0;-1317.0;127;?
8.0;-138;-1190.0;-1396.0;-1154.0;138;-7
49.0;-131;?;-1109.0;-1021.0;131;?
23.0;-33;-1108.0;-1026.0;?;33;17
?;155;-1061.0;-1011.0;-929.0;-155;-56
?;?;?;-960.0;-901.0;-445;51
132.0;?;-864.0;-873.0;-815.0;-791;-176
16.0;1358;?;-767.0;-694.0;-1358;40
92.0;3063;-648.0;-657.0;-583.0;-3063;-20
2.0;4845;?;-595.0;-515.0;-4845;-1014
46.0;4910;-568.0;-571.0;-507.0;-4910;-1155
30.0;4246;-647.0;?;-564.0;-4246;-2188
138.0;2282;?;-720.0;-708.0;-2282;-2405
-18.0;133;-968.0;?;-902.0;-133;-418
20.0;-755;-1084.0;-1060.0;-1044.0;755;601
71.0;-1650;-1120.0;-1168.0;-1058.0;1650;942
96.0;?;-1127.0;-1239.0;-1047.0;1746;1017
-75.0;-2751;-1065.0;-1286.0;-1012.0;2751;929
-102.0;-3443;-1293.0;-1243.0;-1038.0;3443;818
-105.0;-3734;-1459.0;-1378.0;-1448.0;3734;577
122.0;-3713;-1305.0;-1246.0;-1617.0;3713;532
70.0;?;?;-932.0;-1221.0;3014;362
?;-3409;-938.0;-798.0;-1004.0;3409;284
-97.0;2115;-873.0;-815.0;-1020.0;-2115;120
111.0;4324;-827.0;-738.0;-972.0;?;?
-34.0;-535;-804.0;?;?;535;156
-44.0;-257;?;-676.0;-773.0;257;340
-8.0;-42;-676.0;-631.0;-707.0;42;-5
-121.0;-454;-626.0;-583.0;-648.0;454;-108
-86.0;292;-647.0;-621.0;-664.0;-292;-8
13.0;?;-736.0;-710.0;-746.0;68;-30
108.0;174;-810.0;-823.0;?;-174;-8
5.0;?;?;-951.0;?;-277;-14
43.0;238;-941.0;?;-1035.0;-238;-8
-51.0;186;-1008.0;-1023.0;-1075.0;-186;21
?;-1;-977.0;-1018.0;-1159.0;1;4
-8.0;-112;-1134.0;-1080.0;-1231.0;112;12
124.0;-169;-1494.0;?;?;169;-12
125.0;-76;-1358.0;?;-1254.0;?;?
103.0;124;-1185.0;-1328.0;-1040.0;-124;?
64.0;197;-1153.0;-1148.0;-942.0;?;-71
76.0;392;-1118.0;-1176.0;-959.0;?;56
60.0;509;-994.0;-1112.0;-889.0;-509;-116
140.0;1490;-827.0;-978.0;?;-1490;27
82.0;3512;-669.0;-784.0;-613.0;-3512;56
136.0;4490;-563.0;-595.0;-515.0;-4490;-1224
54.0;4561;-515.0;-526.0;-471.0;-4561;-1096
60.0;3640;?;-523.0;-492.0;-3640;?
?;2003;-679.0;-609.0;-610.0;-2003;-2176
-23.0;686;-890.0;-786.0;-809.0;-686;-1020
?;-345;-1052.0;?;-1036.0;345;379
152.0;-504;-1148.0;-1111.0;?;?;646
-210.0;-1102;-1145.0;-1257.0;-1154.0;1102;718
-7.0;-2301;-1035.0;-1268.0;-1071.0;2301;?
-233.0;-3099;-1284.0;-1192.0;-1133.0;3099;802
-111.0;-3580;-1361.0;-1433.0;-1579.0;?;770
-101.0;-3645;-1266.0;-1412.0;-1600.0;3645;421
-7.0;-3723;-1029.0;-1044.0;-1207.0;3723;233
-74.0;?;?;-909.0;-1012.0;3302;?
-82.0;-2713;-832.0;-950.0;-991.0;?;142
-91.0;-2530;-841.0;-829.0;-913.0;?;537
-81.0;?;-803.0;-738.0;-836.0;418;520
-78.0;2909;-702.0;-650.0;-760.0;-2909;-1366
-32.0;2907;-676.0;-630.0;-678.0;?;-851
-38.0;617;-659.0;-657.0;-650.0;-617;145
?;-259;-710.0;-736.0;-702.0;?;-267
-12.0;-99;-764.0;-790.0;?;99;9
-4.0;-15;-824.0;-842.0;-865.0;15;-26
31.0;8;-911.0;-919.0;-947.0;-8;-63
?;79;?;-972.0;-1000.0;-79;22
?;159;-959.0;-970.0;-1049.0;-159;-34
-10.0;?;-936.0;-962.0;-1070.0;-157;0
-175.0;86;?;-948.0;-1071.0;-86;-13
-93.0;72;-977.0;-957.0;-1082.0;-72;0
23.0;65;-1255.0;-1062.0;-1235.0;-65;?
110.0;?;-1466.0;-1365.0;-1476.0;24;2
41.0;-59;-1318.0;-1433.0;-1372.0;59;11
?;30;?;-1288.0;-1033.0;-30;-30
42.0;72;-1043.0;-1084.0;-848.0;-72;-1
104.0;70;-1074.0;-1093.0;-903.0;-70;-3
104.0;354;-1013.0;-1075.0;-856.0;-354;-70
53.0;923;-930.0;-972.0;-811.0;-923;27
-38.0;-463;-731.0;-635.0;-802.0;463;-1130
-4.0;-760;-689.0;-664.0;-717.0;760;318
-19.0;434;-668.0;-692.0;-672.0;?;-539
12.0;-528;?;-737.0;-727.0;528;407
4.0;239;-804.0;-818.0;-822.0;-239;-265
?;-166;-889.0;-896.0;-922.0;166;76
-16.0;-63;-943.0;-977.0;-980.0;63;-13
212.0;79;-947.0;-988.0;-1031.0;?;-66
-83.0;-2;?;-980.0;-1064.0;2;?
-149.0;92;-1020.0;-994.0;-1137.0;-92;-21
30.0;39;-1028.0;-985.0;-1177.0;-39;2
210.0;23;-1329.0;?;-1247.0;-23;6
119.0;-44;-1292.0;-1296.0;-1141.0;44;-4
-3.0;-41;?;-1303.0;-975.0;41;-27
92.0;73;-1089.0;-1283.0;-885.0;?;38
89.0;166;-1109.0;-1166.0;-873.0;-166;-28
140.0;448;-1055.0;-1102.0;-884.0;-448;-2
112.0;752;-1012.0;-1054.0;-862.0;-752;-112
?;1260;-915.0;?;-803.0;-1260;-230
?;?;-752.0;-777.0;-680.0;?;77
61.0;?;-652.0;-698.0;-577.0;-5410;-440
?;4632;-603.0;-621.0;-536.0;-4632;-1064
187.0;?;-621.0;-613.0;-554.0;?;-505
213.0;5186;-712.0;-662.0;-628.0;-5186;-256
86.0;-232;-856.0;-774.0;-763.0;232;-264
-131.0;-830;-994.0;-952.0;-945.0;830;612
168.0;-415;?;-1086.0;-1071.0;?;1107
-38.0;-2427;-1126.0;-1147.0;-1077.0;2427;932
-74.0;-3355;-1088.0;-1172.0;-1058.0;3355;1012
?;-3731;-1232.0;-1123.0;-1069.0;3731;1038
-111.0;-3683;-1367.0;-1342.0;-1443.0;3683;671
-86.0;-4121;-1289.0;-1248.0;-1562.0;4121;410
3.0;-3459;-984.0;-912.0;-1168.0;3459;496
-92.0;-3370;-810.0;-788.0;-958.0;3370;80
-50.0;-1152;-829.0;-796.0;-969.0;1152;463
11.0;?;-851.0;-774.0;-922.0;-244;1518
?;-3350;-849.0;-790.0;-917.0;3350;918
-84.0;?;-770.0;-788.0;?;1814;175
-58.0;283;-713.0;-617.0;-736.0;-283;86
-161.0;?;-665.0;-637.0;-716.0;634;-41
-35.0;?;-652.0;-616.0;-676.0;-92;-19
-9.0;-91;?;-659.0;-675.0;91;-38
-79.0;-16;?;-764.0;-744.0;16;-35
-167.0;212;-837.0;-868.0;-864.0;-212;-22
15.0;126;-909.0;?;-972.0;-126;-23
-7.0;?;-964.0;-944.0;-1049.0;?;-4
-92.0;143;-955.0;-999.0;-1128.0;-143;-5
?;73;?;-991.0;-1161.0;-73;-2
93.0;-149;-1354.0;-1158.0;-1321.0;149;-2
126.0;?;?;-1464.0;-1444.0;155;-24
-65.0;-99;-1111.0;-1333.0;-1110.0;99;12
54.0;121;-1029.0;-1018.0;-898.0;-121;-65
84.0;382;-1126.0;-1027.0;-937.0;-382;23
60.0;600;-1104.0;-1111.0;-968.0;?;-69
91.0;1184;-1002.0;?;-908.0;?;-251
-34.0;-3043;-707.0;-662.0;-777.0;3043;164
2.0;1233;-735.0;-646.0;-768.0;-1233;?
-33.0;631;-755.0;?;-807.0;-631;196
-26.0;191;-802.0;-768.0;-878.0;-191;?
-29.0;5038;?;-841.0;-922.0;-5038;-281
-82.0;-5;-884.0;-912.0;-944.0;5;-1636
-76.0;-3002;-890.0;-957.0;-907.0;3002;-1258
22.0;1505;-861.0;-925.0;-898.0;-1505;-357
79.0;-269;-862.0;?;-863.0;269;256
-52.0;?;-881.0;-879.0;-866.0;301;?
?;383;-952.0;-921.0;-995.0;-383;-78
-19.0;-418;-1025.0;-970.0;-1084.0;418;-10
7.0;?;-995.0;-1022.0;-1092.0;29;-42
97.0;-324;-945.0;-994.0;-1053.0;324;1
-27.0;-174;-987.0;-1098.0;-1116.0;174;35
-129.0;159;-1007.0;-1154.0;-1182.0;-159;?
175.0;652;?;?;-1240.0;-652;73
140.0;552;-1482.0;?;-1172.0;-552;-89
149.0;113;-1354.0;?;-1308.0;-113;-71
?;143;-1131.0;-1223.0;?;-143;-21
174.0;86;-879.0;-809.0;-617.0;-86;-17
209.0;21;-650.0;-656.0;-470.0;-21;?
201.0;56;-636.0;-589.0;?;?;-22
144.0;55;-740.0;-671.0;-585.0;?;-20
?;165;-755.0;-815.0;-644.0;-165;-24
169.0;183;-791.0;-843.0;-653.0;-183;-22
181.0;189;-836.0;-975.0;-693.0;?;-20
181.0;362;-811.0;-977.0;-715.0;-362;?
162.0;313;-830.0;-1010.0;-715.0;-313;-63
40.0;280;-802.0;?;-714.0;-280;12
77.0;193;-818.0;-978.0;-634.0;-193;21
170.0;-302;-816.0;-961.0;-594.0;?;77
138.0;-430;-811.0;-976.0;-609.0;430;83
247.0;-125;-829.0;?;-611.0;125;-152
250.0;-121;-905.0;-1049.0;-641.0;121;?
185.0;-179;-901.0;-1071.0;-750.0;179;63
131.0;?;-861.0;-1034.0;-770.0;72;-60
181.0;-87;-852.0;-931.0;-720.0;?;5
219.0;-96;?;-944.0;-768.0;?;-6
?;?;-926.0;-975.0;-831.0;20;-36
117.0;?;-897.0;-962.0;?;-5;-16
161.0;-12;-916.0;-980.0;-842.0;12;-21
215.0;6;-911.0;-978.0;-826.0;-6;-12
189.0;17;-901.0;-975.0;?;-17;-14
193.0;6;-924.0;-969.0;-835.0;?;-11
200.0;24;-916.0;-984.0;-836.0;-24;-15
213.0;-14;?;-994.0;-789.0;14;-20
233.0;?;-925.0;?;-796.0;10;-17
230.0;17;-942.0;-998.0;-791.0;-17;?
199.0;-15;-934.0;?;?;15;-12
178.0;21;-917.0;-1005.0;-788.0;-21;-15
209.0;33;-924.0;-968.0;-787.0;-33;?
236.0;-8;-899.0;-925.0;-785.0;8;-18
?;-14;-902.0;?;-790.0;?;-19
249.0;-15;-910.0;-974.0;-792.0;15;-14
242.0;-3;-904.0;-1023.0;-786.0;?;-11
228.0;8;?;-1031.0;-760.0;-8;-16
211.0;-3;-904.0;-1029.0;-752.0;3;-15
248.0;10;-916.0;-1046.0;-752.0;-10;-17
253.0;?;-919.0;-1042.0;-758.0;-35;-21
253.0;9;-929.0;-1043.0;-771.0;-9;-21
253.0;-26;-932.0;-1042.0;-777.0;26;-19
253.0;-19;-922.0;-1041.0;-753.0;19;-17
243.0;12;-917.0;-1032.0;?;-12;-18
244.0;48;-913.0;-1012.0;-740.0;-48;-15
?;43;-913.0;-996.0;-761.0;-43;-16
281.0;30;-914.0;-971.0;-776.0;-30;-21
257.0;40;-911.0;-960.0;-779.0;-40;-17
241.0;?;-919.0;-976.0;-784.0;-16;-20
267.0;?;-930.0;-988.0;-792.0;2;-22
274.0;20;-933.0;-993.0;-789.0;-20;-19
243.0;9;-923.0;-995.0;-779.0;?;-19
248.0;-3;-927.0;-1007.0;-776.0;3;-18
261.0;7;-933.0;-1007.0;-777.0;-7;-17
251.0;?;-938.0;-1007.0;-775.0;10;-12
?;-21;-940.0;-1022.0;-771.0;?;-10
253.0;-39;-943.0;-1000.0;-782.0;39;-16
252.0;-64;?;-1005.0;-783.0;?;-16
254.0;-57;-944.0;-1013.0;-787.0;57;-14
233.0;-39;-937.0;-1004.0;-773.0;39;-21
243.0;-3;-931.0;-1001.0;-774.0;3;-23
?;15;-930.0;-1018.0;-770.0;?;-15
223.0;-4;-926.0;?;-781.0;4;-19
235.0;2;-929.0;?;-783.0;-2;-20
209.0;18;-935.0;-993.0;?;-18;-14
199.0;8;-943.0;-1003.0;-796.0;-8;-23
210.0;?;-933.0;-1007.0;?;-7;-22
237.0;?;-932.0;-986.0;-788.0;-1;-18
258.0;-2;-925.0;-962.0;-788.0;2;-21
?;8;?;-955.0;-795.0;-8;-19
272.0;-5;-925.0;-946.0;-798.0;5;-16
237.0;-15;-942.0;-937.0;-825.0;15;-16
246.0;0;-938.0;-952.0;?;0;-15
265.0;17;-939.0;?;-825.0;-17;-10
235.0;17;?;-963.0;-822.0;-17;?
233.0;18;-959.0;-985.0;-833.0;-18;-24
233.0;6;-966.0;-997.0;-846.0;-6;-13
220.0;3;-971.0;-996.0;-855.0;-3;-16
208.0;25;-977.0;-1014.0;-843.0;-25;-18
256.0;-15;-967.0;-999.0;-833.0;15;-16
237.0;-31;-947.0;-986.0;?;31;-19
?;-1;-943.0;?;?;1;-14
250.0;-15;-944.0;-974.0;-807.0;15;?
242.0;9;-949.0;-961.0;-810.0;-9;-24
235.0;36;?;-957.0;-823.0;-36;-14
213.0;12;-947.0;-966.0;-823.0;-12;-10
213.0;13;-966.0;-933.0;-840.0;-13;-16
220.0;30;-959.0;-939.0;-852.0;-30;?
210.0;18;-958.0;-957.0;-836.0;-18;-19
222.0;7;-966.0;-927.0;-835.0;-7;-16
224.0;13;-963.0;?;-826.0;-13;-19
223.0;22;-955.0;-932.0;-819.0;?;-20
213.0;?;-955.0;-928.0;-823.0;-13;-17
207.0;?;?;?;-819.0;-8;-17
260.0;7;-956.0;-917.0;-827.0;-7;?
222.0;4;?;-926.0;-827.0;-4;-11
?;9;-950.0;-928.0;?;-9;-11
228.0;-24;-953.0;-932.0;-826.0;24;-23
214.0;5;-962.0;-890.0;-830.0;-5;-12
212.0;8;?;-913.0;-826.0;-8;-25
237.0;-67;?;-905.0;-828.0;67;-57
236.0;23;-958.0;-909.0;-837.0;-23;-15
240.0;113;-955.0;-909.0;-841.0;-113;?
224.0;118;-956.0;-910.0;-839.0;-118;-28
217.0;125;-955.0;-921.0;-828.0;-125;-24
203.0;78;-956.0;-919.0;-832.0;-78;-23
202.0;52;-954.0;-910.0;-831.0;-52;-4
202.0;?;-957.0;-908.0;-831.0;-5;-4
213.0;-93;-950.0;-909.0;-820.0;?;-2
201.0;-99;-962.0;-920.0;-822.0;99;26
220.0;-47;-959.0;-929.0;-824.0;47;13
245.0;-48;-964.0;-921.0;-826.0;48;-13
202.0;-31;-961.0;-915.0;-819.0;31;-8
243.0;5;-975.0;-931.0;-823.0;-5;-10
240.0;4;-982.0;-951.0;-831.0;-4;-19
?;8;-973.0;-954.0;-822.0;-8;-35
215.0;-24;?;-931.0;-832.0;24;?
240.0;37;-969.0;-925.0;?;-37;-28
224.0;159;-956.0;-920.0;-835.0;?;-102
217.0;31;-954.0;-906.0;-832.0;-31;?
225.0;-31;-949.0;-898.0;-831.0;31;5
229.0;88;-959.0;-898.0;-846.0;-88;-34
243.0;79;-961.0;-896.0;-855.0;-79;-47
234.0;6;-950.0;-892.0;-850.0;-6;-22
?;-33;-947.0;?;-842.0;33;-6
223.0;-38;-957.0;-889.0;-846.0;38;-14
214.0;-36;-960.0;-893.0;-846.0;36;-12
234.0;-10;-957.0;-900.0;-848.0;10;-11
217.0;18;-962.0;-898.0;-843.0;?;-9
220.0;-14;-966.0;-906.0;?;?;30
229.0;-22;?;-907.0;-821.0;22;38
230.0;15;-957.0;?;-827.0;-15;-8
239.0;8;-965.0;-910.0;-833.0;-8;-17
215.0;20;-960.0;-907.0;-822.0;-20;-9
244.0;52;-955.0;-906.0;-818.0;-52;-20
249.0;30;?;?;-821.0;?;-15
?;17;-959.0;-900.0;-831.0;-17;-16
227.0;?;?;-899.0;-835.0;-18;-21
204.0;24;-960.0;-904.0;-833.0;-24;?
220.0;49;-962.0;?;-831.0;-49;-17
224.0;63;-958.0;-901.0;-828.0;-63;-25
224.0;62;-957.0;-899.0;-821.0;-62;-32
241.0;23;-960.0;-902.0;-827.0;-23;10
214.0;-26;-958.0;-902.0;-825.0;?;33
236.0;-3;-960.0;-908.0;-820.0;3;-1
243.0;33;-961.0;-901.0;-827.0;-33;-17
202.0;-12;-964.0;-898.0;-833.0;12;-12
199.0;-57;-953.0;-906.0;-821.0;57;-16
231.0;-52;-952.0;-902.0;-813.0;52;?
210.0;-49;-955.0;-897.0;-817.0;49;-10
202.0;-66;-955.0;-901.0;-812.0;66;-4
196.0;-50;-957.0;-896.0;-825.0;?;-13
197.0;-37;-957.0;-896.0;-833.0;37;-20
197.0;-20;-954.0;-891.0;-829.0;20;?
219.0;?;-953.0;?;-828.0;-22;-30
234.0;-8;-957.0;-892.0;-830.0;8;-16
204.0;27;-956.0;-897.0;-828.0;-27;?
192.0;36;-955.0;-896.0;-826.0;-36;?
205.0;?;-948.0;-889.0;-822.0;23;3
240.0;79;-935.0;-875.0;-807.0;-79;-70
199.0;18;-937.0;-865.0;?;-18;-113
217.0;-275;-943.0;-888.0;-838.0;275;-86
209.0;-377;-941.0;?;-832.0;377;-38
217.0;-322;-937.0;-879.0;-827.0;?;?
230.0;-101;-932.0;-870.0;-822.0;101;63
248.0;192;-940.0;?;-826.0;-192;98
233.0;147;-950.0;-871.0;-836.0;-147;89
242.0;81;?;-886.0;-840.0;-81;-5
229.0;137;-952.0;-887.0;-827.0;-137;-43
227.0;35;?;-882.0;?;-35;-42
249.0;8;-955.0;-883.0;-827.0;-8;-31
270.0;?;-961.0;-894.0;-833.0;-43;-23
274.0;?;-959.0;-889.0;-835.0;155;-140
263.0;-481;-960.0;-901.0;-824.0;481;-202
252.0;-636;-953.0;?;-818.0;636;-5
243.0;-563;-946.0;-894.0;?;563;28
242.0;?;-962.0;-905.0;-826.0;?;102
245.0;61;-963.0;-908.0;-821.0;-61;?
254.0;374;-962.0;-900.0;-826.0;-374;49
253.0;825;-974.0;-898.0;-834.0;-825;264
249.0;972;-981.0;-908.0;-839.0;-972;-898
?;503;-975.0;-901.0;-832.0;?;-1703
243.0;85;?;-901.0;?;-85;-136
243.0;15;?;-900.0;-817.0;-15;131
250.0;9;-971.0;-891.0;-805.0;-9;-164
292.0;-9;-961.0;-906.0;-822.0;9;80
263.0;40;-957.0;-905.0;-841.0;-40;-74
243.0;87;-954.0;-904.0;-843.0;-87;-20
243.0;96;-958.0;-894.0;-827.0;-96;-90
?;-70;-956.0;-884.0;-835.0;70;-164
234.0;-433;-948.0;-879.0;-829.0;433;-50
?;-456;-952.0;-888.0;?;456;88
242.0;-231;-980.0;-894.0;-844.0;?;55
236.0;?;-966.0;-889.0;-837.0;?;-49
181.0;59;-948.0;-881.0;-832.0;-59;2
189.0;1140;-953.0;?;-824.0;-1140;-78
190.0;1528;-956.0;-882.0;-819.0;-1528;-260
187.0;1739;-962.0;-895.0;-823.0;?;-311
136.0;2227;?;-912.0;-831.0;-2227;?
189.0;2227;-972.0;-921.0;-831.0;-2227;-209
188.0;2087;-948.0;-903.0;-809.0;-2087;-23
146.0;2022;-941.0;-894.0;?;?;145
162.0;1884;?;?;-823.0;-1884;386
162.0;1393;-929.0;-894.0;-845.0;-1393;605
145.0;?;-916.0;-891.0;-881.0;-391;625
121.0;-548;-932.0;-873.0;?;548;?
111.0;?;-946.0;?;-919.0;1231;?
102.0;-2142;-918.0;-877.0;-907.0;2142;104
111.0;-2935;-944.0;-886.0;-922.0;2935;-428
126.0;-2816;-951.0;-900.0;-924.0;2816;-229
124.0;-2540;-922.0;?;-906.0;2540;-342
117.0;-1783;-917.0;-890.0;-899.0;?;-15
99.0;457;?;-877.0;-910.0;-457;1314
32.0;2127;-918.0;-864.0;-926.0;-2127;698
-5.0;2028;-923.0;-870.0;-918.0;-2028;?
-63.0;1343;?;-854.0;-933.0;-1343;-35
-50.0;619;-905.0;-828.0;-944.0;-619;-293
-67.0;75;-907.0;-831.0;-965.0;-75;-60
?;2;-908.0;-841.0;-967.0;-2;14
51.0;51;-921.0;-862.0;-982.0;-51;?
111.0;17;-902.0;-832.0;-997.0;-17;-5
100.0;?;-826.0;-802.0;?;-9;-48
121.0;26;-800.0;-807.0;-932.0;-26;-27
83.0;113;-850.0;-821.0;-982.0;-113;-29
173.0;174;-945.0;-872.0;-1036.0;-174;-23
213.0;146;-1096.0;-923.0;-1082.0;-146;-15
228.0;159;-976.0;-903.0;?;?;-12
231.0;113;-895.0;-891.0;-869.0;-113;-2
241.0;-5;-928.0;-846.0;-707.0;5;-8
247.0;31;-1012.0;-889.0;-690.0;?;-19
193.0;126;-1053.0;-1070.0;-827.0;-126;-27
131.0;119;?;-1157.0;-963.0;-119;?
99.0;398;-1141.0;-1104.0;?;-398;-58
114.0;409;-1048.0;-1006.0;?;-409;49
?;980;-939.0;-967.0;-881.0;-980;-11
166.0;1712;-861.0;?;-799.0;-1712;-54
197.0;2166;-834.0;-854.0;-747.0;-2166;82
231.0;4245;-844.0;-819.0;-722.0;-4245;-262
?;4136;-877.0;?;-739.0;-4136;348
208.0;6120;-906.0;-898.0;-780.0;?;-660
194.0;37;-675.0;-682.0;?;-37;-222
?;?;-683.0;-715.0;-622.0;-155;?
230.0;92;-718.0;-800.0;-725.0;-92;-92
82.0;142;-809.0;-876.0;-848.0;-142;-3
-114.0;32;-874.0;-907.0;-956.0;-32;-27
-202.0;26;-1068.0;-954.0;-1126.0;-26;-40
0.0;?;-1138.0;-1091.0;-1205.0;-127;10
115.0;59;-1344.0;?;-1301.0;-59;?
160.0;119;-1414.0;-1347.0;-1293.0;-119;10
-49.0;115;-1078.0;-1260.0;-1049.0;-115;-5
-218.0;172;-1016.0;-1174.0;-829.0;-172;1
92.0;381;-1123.0;-1107.0;-840.0;-381;?
177.0;432;-1124.0;?;-925.0;-432;-52
211.0;1440;-1159.0;-1134.0;-1051.0;-1440;-37
-7.0;3443;-734.0;-724.0;?;-3443;-981
186.0;992;-684.0;-695.0;-642.0;-992;21
59.0;-75;-666.0;-717.0;-623.0;75;-149
83.0;225;-677.0;-721.0;?;-225;-74
237.0;26;-689.0;-744.0;-662.0;?;-41
135.0;120;-699.0;-788.0;-738.0;-120;-36
-362.0;190;-812.0;?;-856.0;-190;?
-163.0;?;-939.0;-845.0;-998.0;-205;-11
-35.0;245;-1137.0;-997.0;-1175.0;-245;?
27.0;233;-1291.0;-1191.0;-1183.0;-233;-2
10.0;197;-1384.0;?;-1327.0;-197;-23
12.0;289;-1109.0;-1242.0;-1056.0;-289;-15
-75.0;604;-1096.0;?;-830.0;-604;-11
116.0;778;-1242.0;-1178.0;-1071.0;-778;-124
?;1457;-1282.0;-1347.0;-1236.0;?;135
38.0;2192;-1167.0;-1228.0;-1157.0;-2192;-227
212.0;5591;-973.0;-1003.0;?;-5591;147
69.0;427;-559.0;-606.0;-498.0;-427;361
179.0;-101;-525.0;-606.0;-492.0;101;-435
445.0;185;-568.0;-662.0;-524.0;-185;241
172.0;154;-582.0;-690.0;?;-154;-123
-269.0;?;-709.0;-751.0;-697.0;-164;9
-194.0;189;-972.0;-879.0;-981.0;-189;59
111.0;250;-1379.0;-1142.0;-1331.0;-250;-18
51.0;261;-1285.0;-1308.0;-1375.0;-261;40
1.0;169;-1417.0;-1383.0;-1482.0;-169;23
83.0;225;-1267.0;-1323.0;-1203.0;?;32
-32.0;384;-1138.0;-1200.0;-857.0;-384;-13
-31.0;?;-1170.0;?;-871.0;-631;-22
224.0;1301;-1203.0;-1201.0;-1083.0;-1301;?
413.0;424;-596.0;-637.0;-518.0;-424;303
355.0;235;-625.0;-748.0;-588.0;-235;?
-370.0;567;-692.0;-801.0;-676.0;-567;120
-127.0;875;-906.0;-822.0;-960.0;-875;7
195.0;918;-1202.0;-1063.0;-1157.0;-918;?
50.0;795;-1158.0;-1085.0;-1164.0;-795;40
65.0;586;-1366.0;-1224.0;-1368.0;-586;-25
12.0;325;-1414.0;-1295.0;-1269.0;-325;5
35.0;189;?;-1174.0;-852.0;-189;-16
128.0;168;-1184.0;-1120.0;-1004.0;-168;-18
79.0;709;-1322.0;-1168.0;-1227.0;-709;4
46.0;1790;-1174.0;?;?;-1790;-28
?;?;?;-878.0;-1044.0;-3004;47
112.0;6441;-900.0;-853.0;-866.0;-6441;-286
90.0;8285;-802.0;-801.0;?;-8285;-1112
17.0;8184;-728.0;-708.0;-719.0;-8184;-937
?;6418;-671.0;-652.0;-689.0;-6418;472
441.0;-2134;-651.0;-636.0;-706.0;2134;1340
4.0;-6878;-671.0;-651.0;-686.0;6878;1094
?;-5874;-737.0;-781.0;-699.0;5874;?
-57.0;-6639;-858.0;-922.0;?;6639;470
50.0;-6067;-928.0;-1063.0;-823.0;6067;-114
-143.0;-5837;-1047.0;-1064.0;-966.0;5837;-389
28.0;-6144;?;-1074.0;-1088.0;6144;-984
109.0;-5409;?;-1187.0;-1211.0;5409;-1097
57.0;-6030;?;-1010.0;-1099.0;?;-1300
-20.0;-4343;-1044.0;-779.0;-1085.0;4343;499
-24.0;-121;-1212.0;-1082.0;-1213.0;121;2595
-19.0;?;-1288.0;-1180.0;-1171.0;?;736
15.0;5133;-1084.0;-991.0;-1150.0;-5133;331
-5.0;4878;-907.0;-827.0;?;-4878;156
19.0;2678;?;?;-802.0;?;-987
-73.0;2090;-713.0;-689.0;-693.0;-2090;-252
102.0;302;-691.0;-698.0;-631.0;-302;-142
70.0;-50;-700.0;-680.0;-638.0;50;-155
282.0;332;-689.0;-738.0;-661.0;-332;20
82.0;6;-701.0;-674.0;-711.0;-6;-61
-148.0;134;-850.0;?;-863.0;-134;-4
-96.0;121;-1029.0;-849.0;-1043.0;-121;-25
16.0;164;-1178.0;-1083.0;-1205.0;-164;16
16.0;132;-1282.0;-1131.0;-1280.0;-132;-2
188.0;55;-1299.0;-1328.0;-1318.0;-55;25
83.0;?;-1152.0;-1214.0;-1112.0;-77;-59
10.0;190;-1074.0;-1135.0;-819.0;-190;28
210.0;424;-1175.0;-1186.0;-823.0;-424;152
92.0;1144;-1183.0;-1268.0;-987.0;-1144;-38
51.0;?;-1159.0;-1280.0;?;-1650;-77
167.0;2890;-995.0;-1107.0;?;-2890;-28
-179.0;216;?;-625.0;-554.0;-216;-97
181.0;141;-540.0;-639.0;-558.0;-141;44
102.0;178;-567.0;-666.0;-580.0;-178;-134
?;136;-638.0;-690.0;-635.0;-136;74
-285.0;209;?;-739.0;-823.0;-209;-73
216.0;229;-1168.0;-816.0;-1003.0;-229;14
-57.0;?;?;-1135.0;-1243.0;-281;21
49.0;259;-1446.0;-1303.0;-1381.0;-259;-1
9.0;?;-1380.0;-1377.0;-1310.0;-312;-3
-13.0;445;-1231.0;-1173.0;-1003.0;-445;-1
29.0;768;-1210.0;-1223.0;-1124.0;-768;-69
-10.0;4824;-632.0;-666.0;-667.0;?;-602
20.0;597;-554.0;-570.0;-499.0;-597;?
-168.0;253;-491.0;-600.0;?;-253;-203
358.0;68;-538.0;-647.0;-511.0;-68;-30
485.0;73;?;?;-577.0;-73;18
-169.0;228;-700.0;-823.0;-675.0;-228;-117
-334.0;137;-893.0;-884.0;-869.0;-137;23
-73.0;183;-1200.0;-1025.0;-1147.0;-183;-22
38.0;176;-1280.0;-1249.0;-1388.0;-176;30
6.0;203;-1363.0;-1298.0;-1417.0;-203;?
60.0;157;-1347.0;-1315.0;-1393.0;-157;-8
-7.0;251;-1196.0;-1225.0;-1089.0;-251;38
45.0;?;-1196.0;-1200.0;-833.0;-277;-101
108.0;930;-1319.0;-1297.0;-1065.0;-930;36
119.0;1540;-1238.0;-1371.0;-1238.0;-1540;-129
114.0;1768;-1110.0;-1254.0;-1193.0;?;-97
134.0;5912;-912.0;-960.0;-912.0;-5912;118
?;10990;-717.0;-736.0;-696.0;-10990;-922
-22.0;66;-612.0;-653.0;-561.0;-66;-267
220.0;183;-685.0;-754.0;-645.0;-183;?
27.0;244;-738.0;-810.0;-735.0;-244;18
-361.0;?;-847.0;-820.0;-832.0;-256;-73
-41.0;246;-966.0;-888.0;-983.0;-246;59
122.0;?;-1129.0;-1077.0;-1211.0;-195;-31
-50.0;115;-1244.0;-1237.0;-1167.0;-115;-5
?;118;?;-1386.0;-1421.0;-118;?
25.0;181;-1236.0;-1337.0;-1170.0;?;-28
8.0;148;-1188.0;-1237.0;-843.0;-148;-83
?;904;-1222.0;-1237.0;-1063.0;-904;50
-59.0;?;-518.0;-573.0;-468.0;-57;210
112.0;141;-560.0;-635.0;-493.0;-141;-270
467.0;16;-656.0;-749.0;-601.0;?;100
-68.0;119;-732.0;-793.0;-697.0;-119;-48
-396.0;181;-753.0;-788.0;-871.0;-181;-9
-14.0;206;-1020.0;-903.0;-1060.0;-206;44
192.0;222;-1160.0;-1219.0;-1259.0;-222;?
149.0;230;-1395.0;-1464.0;?;-230;0
?;53;-1473.0;-1392.0;-1342.0;-53;10
-110.0;181;-1197.0;-1335.0;-1107.0;?;4
44.0;461;-1233.0;-1216.0;-927.0;-461;-34
26.0;-63;-553.0;-626.0;-504.0;63;-149
545.0;313;-600.0;-660.0;-544.0;-313;63
343.0;71;-632.0;-719.0;-629.0;-71;-60
-281.0;190;?;-794.0;?;-190;?
-37.0;183;-954.0;?;-966.0;-183;18
124.0;70;-1330.0;-1161.0;-1294.0;-70;23
168.0;78;-1261.0;-1357.0;-1316.0;-78;40
108.0;4;-1286.0;-1404.0;-1474.0;-4;29
75.0;114;-1342.0;-1264.0;-1238.0;-114;-1
-22.0;31;-1229.0;-1281.0;-1016.0;-31;24
27.0;195;-1270.0;-1250.0;-874.0;-195;4
310.0;652;-1201.0;-1248.0;-1017.0;?;-59
109.0;437;-1103.0;-1248.0;?;-437;29
157.0;2130;-1007.0;-1069.0;-966.0;-2130;?
254.0;3032;-858.0;-851.0;-780.0;-3032;-20
122.0;5554;-693.0;-701.0;-658.0;-5554;-79
202.0;9509;-599.0;-575.0;-609.0;-9509;-1091
-234.0;8475;-601.0;-535.0;-584.0;-8475;-1360
?;8252;-690.0;?;-656.0;-8252;-665
21.0;2276;-804.0;-674.0;-801.0;-2276;618
?;-5632;-816.0;-789.0;-887.0;5632;1325
104.0;-4777;-854.0;-867.0;-881.0;4777;1056
385.0;-4933;-990.0;-1032.0;-933.0;4933;969
-142.0;-5234;-1145.0;-1264.0;-1061.0;5234;?
24.0;-4919;-987.0;-1371.0;?;4919;-300
51.0;-6204;-1461.0;-1354.0;-1307.0;6204;-627
199.0;-6886;-1329.0;-1377.0;-1408.0;6886;-848
?;-6233;-1098.0;?;-1279.0;6233;-1502
?;-6265;?;?;-1147.0;6265;-1423
6.0;-5955;-1094.0;-887.0;-1229.0;5955;1777
8.0;1176;-1107.0;-1117.0;-1245.0;-1176;4111
-41.0;6453;-1138.0;-1133.0;-1180.0;-6453;1318
?;4916;?;-1008.0;-1008.0;-4916;-428
41.0;2932;-746.0;?;-742.0;-2932;942
94.0;610;-642.0;-671.0;-608.0;-610;394
-49.0;-216;-602.0;-651.0;?;216;-191
118.0;136;-622.0;-667.0;-569.0;-136;70
528.0;-70;-708.0;-768.0;-635.0;70;-83
252.0;107;-711.0;-827.0;-688.0;-107;19
-248.0;125;-767.0;-881.0;-804.0;-125;-4
-191.0;106;-945.0;-920.0;-963.0;-106;-6
1.0;?;-1278.0;-1072.0;-1221.0;-137;13
132.0;114;-1348.0;-1307.0;-1370.0;-114;7
93.0;133;-1302.0;-1306.0;-1400.0;-133;18
19.0;94;-1315.0;-1294.0;-1283.0;-94;-6
-60.0;150;-1097.0;-1264.0;-963.0;?;-15
?;366;-1224.0;-1207.0;?;-366;?
48.0;1366;-718.0;-756.0;-759.0;-1366;262
207.0;569;-625.0;-660.0;-594.0;-569;?
-120.0;515;-591.0;-630.0;-520.0;-515;-139
194.0;-163;-624.0;-658.0;?;163;-21
463.0;?;-669.0;-767.0;-630.0;-285;-55
117.0;72;-692.0;-822.0;?;-72;-13
-315.0;150;-781.0;-865.0;-837.0;-150;-13
?;142;-1094.0;-957.0;-996.0;-142;-3
?;107;-1203.0;-1195.0;-1268.0;-107;?
107.0;85;-1229.0;-1205.0;?;-85;-10
67.0;94;-1278.0;-1329.0;-1442.0;-94;4
14.0;41;-1337.0;-1262.0;-1233.0;-41;-19
-26.0;154;-1179.0;?;-921.0;-154;-13
60.0;?;-1268.0;-1270.0;-957.0;-276;1
248.0;260;-1207.0;-1316.0;-1200.0;-260;-93
164.0;1528;-1135.0;-1204.0;-1148.0;-1528;30
165.0;2135;-979.0;-942.0;-942.0;-2135;-201
205.0;4308;-777.0;-799.0;?;-4308;27
123.0;8562;-627.0;-676.0;?;-8562;-365
71.0;9880;-606.0;-562.0;-568.0;?;-1689
-11.0;?;-672.0;-535.0;-633.0;-8928;-714
692.0;3254;-754.0;?;-723.0;-3254;-298
-100.0;?;-824.0;-733.0;-845.0;3205;149
-168.0;-4949;-804.0;-802.0;-853.0;4949;1504
212.0;-5464;-861.0;-893.0;-867.0;5464;?
224.0;-5377;-987.0;?;-935.0;5377;569
-140.0;-5512;-1103.0;-1269.0;-1065.0;5512;-84
42.0;-5545;-1074.0;-1313.0;-1115.0;5545;-617
131.0;-6149;-1400.0;-1421.0;-1358.0;6149;-764
204.0;?;-1176.0;-1223.0;-1281.0;6582;-1141
53.0;-5965;-1055.0;-930.0;-1222.0;5965;-1065
6.0;-5207;-1095.0;-736.0;-1193.0;5207;376
?;-909;-1147.0;-1018.0;-1297.0;?;3112
-34.0;3445;-1174.0;-1164.0;?;-3445;?
-10.0;5337;?;-1134.0;?;-5337;1262
26.0;5108;?;-971.0;-990.0;-5108;3200
70.0;2181;-758.0;-798.0;-782.0;-2181;255
7.0;1593;-790.0;-830.0;-850.0;-1593;-1184
13.0;419;-643.0;-679.0;-633.0;-419;40
72.0;-142;-565.0;-664.0;-519.0;142;361
132.0;181;-550.0;?;-504.0;-181;-308
440.0;42;-596.0;-696.0;?;-42;65
280.0;138;-666.0;-767.0;-676.0;-138;?
-246.0;172;-751.0;-870.0;-802.0;-172;-43
-310.0;151;-879.0;-926.0;-916.0;-151;19
31.0;134;-1217.0;-1061.0;-1187.0;-134;?
?;139;-1285.0;-1239.0;-1356.0;-139;32
207.0;98;-1366.0;?;-1470.0;-98;-23
64.0;132;-1366.0;-1352.0;-1338.0;?;10
-15.0;243;-1235.0;-1325.0;-1073.0;-243;9
31.0;475;-1236.0;?;-942.0;-475;-105
251.0;?;-1224.0;-1250.0;-1050.0;-821;49
54.0;6068;-661.0;-703.0;-696.0;-6068;-1243
47.0;1279;-560.0;-584.0;-512.0;-1279;?
-63.0;?;?;-584.0;-435.0;?;157
480.0;448;?;-629.0;-475.0;-448;?
381.0;?;-616.0;-733.0;?;73;55
?;237;-689.0;-841.0;-732.0;-237;-101
-221.0;164;-878.0;?;-901.0;-164;-18
?;89;-1159.0;-1073.0;-1178.0;-89;13
156.0;?;-1248.0;-1333.0;-1424.0;?;?
142.0;?;-1409.0;-1344.0;-1419.0;-197;24
57.0;58;-1339.0;-1323.0;-1401.0;-58;-16
44.0;169;-1252.0;-1217.0;-1123.0;-169;4
23.0;204;?;-1199.0;-920.0;-204;-16
195.0;418;-1315.0;-1201.0;-995.0;-418;-59
67.0;4330;-789.0;-838.0;-857.0;?;?
112.0;2799;?;-690.0;-652.0;-2799;-393
-43.0;575;-562.0;-628.0;-517.0;?;-246
159.0;114;?;-630.0;-510.0;-114;-116
409.0;226;-603.0;-698.0;-546.0;-226;-39
249.0;67;-641.0;-741.0;-652.0;-67;-31
-216.0;204;-707.0;-756.0;-746.0;-204;-5
-181.0;177;-954.0;-848.0;-948.0;?;8
?;?;-1212.0;-1079.0;-1261.0;-82;10
187.0;161;-1118.0;-1278.0;-1279.0;-161;14
203.0;63;-1415.0;-1387.0;-1507.0;-63;-20
61.0;78;-1418.0;-1324.0;?;-78;13
-141.0;236;-1164.0;-1282.0;-1030.0;-236;-24
?;456;-1262.0;-1227.0;-965.0;-456;-44
216.0;1073;-1276.0;-1375.0;-1187.0;-1073;-14
-80.0;?;-532.0;-555.0;-462.0;-335;?
248.0;106;-549.0;-621.0;-513.0;-106;-194
414.0;79;-631.0;-790.0;?;-79;124
68.0;163;-745.0;-917.0;-743.0;-163;-121
-319.0;127;-828.0;-938.0;-851.0;-127;?
172.0;144;-1105.0;-1023.0;-1039.0;-144;-7
-39.0;153;?;-1170.0;-1287.0;-153;-3
?;139;-1362.0;?;-1471.0;-139;29
-93.0;151;-1371.0;?;-1528.0;-151;-47
34.0;28;-1240.0;-1175.0;-1265.0;?;?
83.0;341;-1244.0;-1425.0;-887.0;-341;-110
262.0;679;?;-1535.0;-1121.0;-679;59
?;1341;-1138.0;-1404.0;-1207.0;-1341;-6
151.0;3274;?;-1089.0;-1046.0;-3274;-383
206.0;1651;?;-578.0;-566.0;-1651;-716
-258.0;127;-542.0;-575.0;-518.0;-127;?
?;168;-588.0;-612.0;?;-168;-35
547.0;221;?;?;?;-221;-21
186.0;217;-710.0;?;-747.0;-217;-51
-510.0;232;-806.0;-902.0;-849.0;-232;-5
-67.0;246;-931.0;-873.0;-915.0;-246;-12
112.0;237;-1247.0;-1055.0;-1203.0;?;0
273.0;197;-1374.0;?;?;-197;5
42.0;136;-1409.0;-1357.0;-1510.0;-136;1
-121.0;125;-1286.0;-1337.0;-1240.0;-125;0
9.0;?;?;-1394.0;-999.0;-126;?
310.0;91;-1318.0;?;-1059.0;-91;-49
54.0;174;-576.0;-617.0;-512.0;-174;-141
178.0;-1;-559.0;-608.0;-489.0;1;-44
185.0;93;-640.0;?;?;-93;0
275.0;41;?;-808.0;-745.0;-41;-74
68.0;149;-822.0;-866.0;-850.0;-149;5
-129.0;116;-866.0;-885.0;-910.0;-116;-30
-140.0;127;?;-985.0;-1101.0;-127;5
81.0;85;-1179.0;-1175.0;-1202.0;-85;-13
316.0;72;?;?;-1343.0;?;-23
39.0;85;-1413.0;-1260.0;-1357.0;?;0
-82.0;7;-1148.0;-1268.0;-1137.0;-7;-8
7.0;?;-1095.0;-1258.0;-909.0;-110;-34
269.0;187;?;-1261.0;?;-187;-34
120.0;3506;-1086.0;-1080.0;-1259.0;-3506;-94
40.0;?;?;?;-968.0;?;-2192
71.0;2482;-670.0;-677.0;?;-2482;-278
-7.0;2035;-558.0;-580.0;-544.0;?;-248
7.0;2157;?;-595.0;-491.0;-2157;-306
438.0;561;-594.0;-634.0;-539.0;-561;95
412.0;-65;-695.0;-768.0;-682.0;?;9
-135.0;217;-768.0;-844.0;-785.0;-217;53
?;86;-946.0;-947.0;-909.0;-86;20
31.0;86;-1143.0;-1036.0;-1122.0;-86;?
-2.0;?;-1149.0;-1251.0;-1251.0;-107;33
79.0;55;-1290.0;-1249.0;-1315.0;-55;25
88.0;?;-1347.0;-1348.0;-1467.0;-42;41
84.0;6;-1312.0;-1295.0;?;-6;29
-91.0;139;-1170.0;-1243.0;-996.0;-139;157
246.0;204;-1224.0;-1251.0;-1044.0;-204;20
216.0;380;-1138.0;-1319.0;-1180.0;-380;-122
145.0;1492;-1062.0;-1154.0;-1134.0;-1492;120
?;3330;-904.0;?;-911.0;?;-496
185.0;?;-742.0;-730.0;-717.0;-5727;547
165.0;8457;-625.0;-614.0;?;-8457;-354
-262.0;9795;-585.0;-501.0;-523.0;-9795;-2063
381.0;6075;?;-508.0;-575.0;-6075;1704
-198.0;?;-748.0;-614.0;-711.0;1824;1825
-111.0;-5535;-825.0;-784.0;-845.0;5535;398
345.0;-5337;-885.0;-921.0;-894.0;5337;1864
36.0;-5367;-1045.0;-1086.0;-962.0;5367;920
73.0;-5201;-1177.0;-1235.0;-1087.0;5201;261
-238.0;-6168;-1033.0;-1335.0;-1200.0;6168;-187
43.0;-6511;-1343.0;-1471.0;?;6511;-1193
129.0;?;-1217.0;-1301.0;-1340.0;6637;-543
103.0;-5386;-1109.0;-1005.0;-1324.0;5386;-2144
-24.0;-5496;-1072.0;-771.0;-1124.0;5496;-218
-67.0;-5290;-1060.0;-911.0;-1192.0;5290;3997
-7.0;?;-1169.0;-1066.0;-1250.0;-3437;-387
?;7857;-1127.0;-1145.0;-1218.0;?;-584
62.0;3831;?;-898.0;-986.0;-3831;2216
30.0;1190;-685.0;-702.0;-722.0;-1190;392
190.0;171;-583.0;-610.0;?;-171;553
-19.0;56;-556.0;-599.0;?;?;157
393.0;132;-590.0;-656.0;?;-132;-193
427.0;?;-692.0;-792.0;-684.0;-45;131
-102.0;?;-737.0;-877.0;-805.0;?;-93
-354.0;150;-799.0;-901.0;-890.0;-150;42
-28.0;155;-1092.0;?;-1070.0;-155;9
5.0;75;-1239.0;-1194.0;?;-75;16
140.0;108;-1368.0;-1348.0;-1432.0;-108;12
1.0;72;-1411.0;-1399.0;-1433.0;-72;58
-221.0;?;-1293.0;-1449.0;-1255.0;-104;-37
101.0;159;-1231.0;-1300.0;-999.0;-159;46
154.0;348;-1160.0;-1213.0;?;?;?
75.0;5474;-876.0;?;-975.0;?;1187
106.0;1980;-706.0;-748.0;-733.0;-1980;-520
60.0;?;-599.0;-658.0;-596.0;?;269
52.0;89;-556.0;?;-539.0;-89;185
461.0;-3;-614.0;-675.0;-541.0;3;-33
565.0;155;-685.0;?;-691.0;-155;119
63.0;79;-720.0;-857.0;-783.0;-79;-4
-274.0;150;-755.0;-856.0;-837.0;-150;75
-26.0;153;-1051.0;-942.0;-987.0;?;45
159.0;113;-1286.0;?;-1290.0;-113;43
334.0;?;-1383.0;-1392.0;-1377.0;-118;60
92.0;19;-1303.0;-1286.0;-1388.0;-19;?
-119.0;223;-1309.0;-1308.0;-1273.0;-223;29
-14.0;88;-1276.0;-1390.0;-1106.0;?;57
61.0;316;-1263.0;-1271.0;?;-316;28
281.0;569;-1123.0;-1244.0;-1113.0;-569;-4
-43.0;4995;-1071.0;-1065.0;-1125.0;?;2813
-30.0;3130;-897.0;?;-976.0;-3130;34
12.0;604;-774.0;?;-787.0;-604;-140
199.0;506;-683.0;-732.0;-647.0;-506;-312
-184.0;129;-669.0;-729.0;-614.0;?;-145
154.0;-32;-700.0;-750.0;-633.0;32;72
355.0;158;-713.0;-820.0;-721.0;?;-33
101.0;72;-730.0;-869.0;-778.0;-72;44
?;?;-807.0;-900.0;-853.0;-149;9
61.0;141;-969.0;-978.0;-964.0;-141;14
42.0;155;-1207.0;-1109.0;-1236.0;-155;?
236.0;87;-1255.0;?;-1288.0;-87;16
148.0;20;-1222.0;-1386.0;-1193.0;-20;27
-48.0;57;-1154.0;-1327.0;-1137.0;-57;-11
73.0;151;-1099.0;?;-966.0;-151;4
156.0;336;-1167.0;-1122.0;-897.0;-336;?
275.0;461;-1136.0;-1066.0;-1007.0;-461;-52
71.0;1092;-1053.0;-1176.0;-1020.0;-1092;0
127.0;2036;-975.0;-1009.0;-927.0;-2036;-158
234.0;3454;-865.0;?;-865.0;-3454;49
175.0;5907;-742.0;-701.0;-771.0;-5907;-260
113.0;8431;-712.0;?;-760.0;-8431;-1557
114.0;8608;-780.0;-731.0;-788.0;-8608;-1632
153.0;4424;-864.0;-815.0;?;-4424;-814
4.0;-655;-909.0;?;-848.0;655;426
-58.0;-3408;-894.0;-859.0;-849.0;3408;1063
301.0;-4838;-956.0;-911.0;-859.0;4838;340
362.0;?;-1028.0;?;?;5732;167
19.0;-5996;-1090.0;?;-1010.0;5996;11
98.0;-5513;-1128.0;?;-1067.0;5513;-391
167.0;-5314;-1431.0;-1166.0;-1244.0;5314;-626
175.0;-4766;-1199.0;-1147.0;-1284.0;4766;-617
46.0;-4363;-832.0;-772.0;-954.0;4363;-62
?;-3551;-856.0;-723.0;-968.0;3551;1063
54.0;?;-1073.0;-1107.0;-1169.0;-788;1938
25.0;3633;-1170.0;-1209.0;-1274.0;-3633;657
-41.0;2808;-1020.0;-1083.0;-1194.0;-2808;-521
-204.0;3448;-876.0;?;-1022.0;-3448;?
-163.0;3184;-780.0;-782.0;-848.0;-3184;-296
-102.0;431;-763.0;-747.0;-774.0;-431;-116
-196.0;-226;-757.0;-709.0;?;226;59
-30.0;262;-801.0;-755.0;-759.0;-262;-44
274.0;43;-857.0;-818.0;-807.0;-43;14
14.0;183;-917.0;-841.0;-889.0;-183;-6
?;132;-963.0;-831.0;-944.0;-132;8
543.0;61;-881.0;-826.0;-923.0;-61;?
475.0;?;-925.0;-866.0;-885.0;-43;28
209.0;-37;-1109.0;-1053.0;-1154.0;37;22
?;26;?;-1050.0;-1062.0;-26;19
205.0;16;-1103.0;-1116.0;-1026.0;-16;2
?;78;-1264.0;-1194.0;-1092.0;-78;-1
192.0;219;-1285.0;-1210.0;-1182.0;-219;15
161.0;319;-1196.0;-1122.0;-1171.0;-319;-22
124.0;?;-1068.0;?;-1049.0;-489;-23
114.0;900;-852.0;?;-848.0;-900;-35
63.0;1541;-705.0;-775.0;-718.0;-1541;-87
29.0;3094;-685.0;-653.0;-682.0;-3094;-92
-39.0;5215;-689.0;-619.0;?;-5215;-332
?;?;?;?;-798.0;-6686;-619
164.0;7403;-918.0;-769.0;-925.0;-7403;-513
30.0;3931;-994.0;-960.0;-1011.0;-3931;-711
33.0;-2443;-968.0;-1046.0;-999.0;2443;-385
?;-4555;-944.0;-1048.0;-956.0;4555;1098
235.0;-4362;-963.0;?;-945.0;4362;1529
193.0;-5276;-1032.0;-1172.0;-1010.0;5276;591
-44.0;-5828;-971.0;-1173.0;-1032.0;5828;280
114.0;-5752;-1094.0;-1178.0;-1079.0;5752;-726
113.0;-6396;-1251.0;-1339.0;-1257.0;6396;-850
135.0;-6632;-1262.0;-1120.0;-1371.0;6632;-1123
109.0;-6036;-1029.0;-754.0;-1340.0;6036;-2127
-25.0;-5318;-917.0;-713.0;?;5318;2134
8.0;510;-1202.0;-1103.0;-1138.0;-510;774
-30.0;?;-1107.0;-1401.0;-1305.0;?;-2192
31.0;4486;-1122.0;-1323.0;-1306.0;-4486;2361
-30.0;547;-899.0;-1133.0;-1026.0;-547;1001
-13.0;1152;-731.0;-864.0;-794.0;-1152;-1211
-28.0;911;-657.0;-734.0;-641.0;?;-142
13.0;-100;-614.0;-636.0;-605.0;100;-188
310.0;181;-615.0;-668.0;-643.0;-181;161
216.0;81;-671.0;-721.0;-712.0;-81;-17
-210.0;85;-772.0;-746.0;-776.0;?;-43
-208.0;168;?;-813.0;-876.0;-168;?
?;118;-1153.0;-1010.0;-1087.0;-118;-19
127.0;232;-1158.0;-1225.0;-1249.0;-232;21
116.0;125;-1266.0;-1332.0;-1315.0;-125;19
19.0;180;-1303.0;-1321.0;-1227.0;?;10
41.0;219;-1010.0;-1289.0;-990.0;-219;-13
190.0;114;-1119.0;-1175.0;?;?;41
?;651;-1243.0;-1145.0;-1054.0;-651;?
8.0;?;-1111.0;-1096.0;?;-7057;513
?;2010;-882.0;-947.0;-1003.0;-2010;-1454
?;-682;-730.0;-763.0;-742.0;682;-574
69.0;208;-645.0;-654.0;-609.0;-208;168
-57.0;-40;-598.0;-630.0;-576.0;?;-160
282.0;207;-630.0;?;-606.0;-207;43
362.0;72;-700.0;-800.0;-721.0;-72;-23
-212.0;75;-719.0;-835.0;-789.0;-75;-23
-123.0;144;-792.0;-845.0;-889.0;?;?
38.0;70;?;?;-1067.0;-70;?
188.0;90;-1289.0;-1183.0;-1252.0;-90;13
137.0;-5;-1267.0;-1325.0;-1373.0;5;0
-4.0;?;-1305.0;-1273.0;-1296.0;-21;18
91.0;126;-1276.0;-1318.0;-1233.0;-126;17
60.0;132;-1273.0;-1358.0;-1073.0;-132;11
204.0;?;-1157.0;-1185.0;-949.0;-347;-26
-84.0;2089;-991.0;-1036.0;-1064.0;-2089;953
-17.0;?;-871.0;-896.0;?;-1452;?
-2.0;-253;-836.0;-761.0;-880.0;253;-210
73.0;-56;-769.0;-671.0;-803.0;56;383
-52.0;-231;?;-644.0;-731.0;231;47
-75.0;57;-875.0;-671.0;-756.0;-57;-16
100.0;88;-923.0;-803.0;?;-88;-11
272.0;132;-961.0;-870.0;-890.0;-132;-43
187.0;207;-930.0;-881.0;-924.0;-207;-3
?;62;?;-881.0;?;-62;-23
535.0;37;-935.0;-895.0;-930.0;-37;3
471.0;5;-917.0;?;-893.0;-5;15
248.0;-23;-1154.0;-1026.0;-1029.0;23;5
225.0;6;-1107.0;-1006.0;-1076.0;-6;-5
223.0;126;-1053.0;-1002.0;-986.0;-126;-23
?;224;-1080.0;-950.0;-968.0;-224;21
227.0;417;-1105.0;?;-1072.0;-417;-40
176.0;1034;-1069.0;-1083.0;-1072.0;-1034;?
140.0;1734;-1024.0;-961.0;-975.0;-1734;-49
113.0;2824;-917.0;-859.0;?;-2824;-146
47.0;5458;-811.0;-761.0;-777.0;-5458;-95
48.0;?;-780.0;-682.0;-752.0;-7952;-874
80.0;9170;-833.0;-689.0;-832.0;-9170;-1326
14.0;5892;-895.0;-741.0;-893.0;-5892;53
31.0;-1555;-962.0;-841.0;?;1555;1017
-74.0;?;-974.0;-927.0;-941.0;4758;935
368.0;-5684;-1003.0;-973.0;?;5684;772
429.0;-5847;-1048.0;-1023.0;-986.0;5847;693
110.0;-4911;-1058.0;-1027.0;?;4911;160
-44.0;-5367;-1065.0;?;?;5367;-685
244.0;-5620;-1179.0;-1145.0;-1050.0;5620;?
144.0;-6320;-1293.0;-1296.0;-1310.0;6320;-878
102.0;-4636;-1014.0;-992.0;?;4636;-674
14.0;-2829;-776.0;-660.0;?;2829;8
37.0;?;-934.0;-906.0;-974.0;1409;1088
21.0;2979;-1073.0;-1158.0;-1232.0;-2979;-370
-87.0;3750;?;-1048.0;-1225.0;?;-3753
?;1534;-929.0;-841.0;?;-1534;-2255
18.0;?;-760.0;-774.0;-824.0;-411;185
-49.0;-76;?;-777.0;-792.0;76;-137
?;54;-813.0;-698.0;-805.0;-54;37
210.0;97;-754.0;-738.0;-738.0;-97;1
263.0;?;-825.0;-854.0;-964.0;?;-60
?;198;-929.0;-875.0;-1085.0;-198;40
562.0;120;-1027.0;-907.0;-1058.0;-120;-31
539.0;138;-957.0;-960.0;-896.0;-138;19
297.0;30;-963.0;-1007.0;-763.0;-30;-15
215.0;?;-1274.0;-1217.0;-1022.0;45;?
139.0;52;-1183.0;-1015.0;-795.0;-52;9
?;-15;-1126.0;-971.0;-597.0;15;20
262.0;440;-1140.0;-1060.0;-721.0;-440;-14
303.0;480;-1192.0;-1029.0;-804.0;-480;-27
267.0;921;-1080.0;-1016.0;?;-921;?
250.0;2681;-971.0;-951.0;-716.0;-2681;-5
196.0;3592;-799.0;-827.0;-563.0;-3592;111
74.0;6296;-710.0;-681.0;-577.0;-6296;?
135.0;9747;-734.0;-630.0;-612.0;-9747;-775
147.0;7594;-760.0;-665.0;?;-7594;-1136
82.0;1441;-790.0;-718.0;-695.0;-1441;-341
91.0;-2988;-892.0;-813.0;-723.0;2988;1264
35.0;-4936;-975.0;-951.0;-825.0;4936;1244
273.0;-5628;-1125.0;-1091.0;-961.0;5628;807
?;-5568;-1139.0;-1186.0;-1025.0;5568;362
97.0;-5322;-1082.0;-1133.0;?;5322;-136
338.0;-5798;-1049.0;-1077.0;-1047.0;5798;-748
107.0;-6137;-1259.0;-1138.0;-1160.0;6137;-1154
46.0;-5790;-1120.0;?;-1271.0;5790;-804
108.0;-6553;-1061.0;-727.0;?;6553;-2215
105.0;-4354;?;-714.0;-947.0;4354;1073
54.0;?;-1269.0;-1104.0;-1170.0;-714;2437
27.0;4907;-1173.0;-1167.0;?;-4907;-2577
-2.0;6645;-986.0;?;?;-6645;-752
82.0;2572;-820.0;-809.0;-867.0;-2572;450
108.0;-367;-708.0;-726.0;-690.0;367;-1059
-26.0;418;-693.0;-650.0;-684.0;-418;-98
80.0;-74;-663.0;-645.0;-684.0;74;-225
342.0;-30;?;-696.0;-729.0;30;-104
101.0;125;-765.0;-790.0;-832.0;-125;32
-150.0;24;-792.0;?;-857.0;?;-52
-181.0;188;-847.0;?;-947.0;-188;44
?;168;-1105.0;-914.0;-1087.0;-168;-12
297.0;156;-1061.0;-1089.0;-1080.0;-156;-6
71.0;?;-1262.0;-1250.0;-1234.0;-88;-2
-2.0;71;-1163.0;-1114.0;-1075.0;-71;15
-37.0;97;-1162.0;-1095.0;-943.0;?;-25
101.0;116;-1249.0;-1226.0;-907.0;-116;25
170.0;300;-1269.0;-1272.0;-1062.0;-300;-61
-110.0;4584;-857.0;-919.0;?;-4584;488
-202.0;4461;-683.0;-815.0;-818.0;-4461;2617
64.0;798;-634.0;-714.0;-741.0;-798;?
?;?;-608.0;-662.0;-725.0;-537;-822
154.0;210;-641.0;-662.0;-774.0;-210;-353
131.0;184;-692.0;-748.0;-808.0;-184;-39
33.0;334;-716.0;-837.0;-822.0;-334;-50
-247.0;115;-770.0;-880.0;-869.0;-115;20
-433.0;?;?;-938.0;-1028.0;-175;-6
-385.0;178;-1055.0;-979.0;-1157.0;-178;60
-183.0;312;-1113.0;?;?;-312;56
-14.0;211;-1349.0;-1321.0;-1384.0;-211;0
-20.0;176;-1211.0;?;-1238.0;-176;3
-109.0;80;-836.0;-971.0;?;-80;-23
?;226;-952.0;-934.0;-746.0;-226;38
91.0;97;-1254.0;?;-1083.0;-97;-20
92.0;?;?;-1375.0;-1101.0;-318;-4
62.0;1586;-1084.0;-1204.0;-971.0;-1586;86
?;1769;-942.0;-1028.0;-885.0;-1769;-131
93.0;?;?;-956.0;-817.0;-3212;292
101.0;6856;-802.0;-812.0;-743.0;-6856;-368
-19.0;8362;-758.0;-678.0;-706.0;-8362;-780
155.0;7541;-780.0;-666.0;-749.0;-7541;-75
369.0;3954;-857.0;-757.0;-833.0;-3954;-946
-14.0;-2558;-905.0;-832.0;-868.0;2558;?
116.0;-5494;-911.0;-869.0;-877.0;5494;?
-291.0;-4767;-984.0;-1027.0;-900.0;4767;685
-318.0;-4821;?;-1150.0;-870.0;?;576
-424.0;?;-1021.0;-1178.0;?;4806;579
-310.0;-5319;-1069.0;-1117.0;-1111.0;5319;-151
-204.0;-5873;-1151.0;-1163.0;?;5873;-991
-42.0;-5554;-1047.0;-1110.0;-1179.0;?;-858
-164.0;-5746;-966.0;?;-1054.0;5746;-1443
-151.0;-4386;-941.0;-882.0;?;4386;-207
-127.0;-720;-1017.0;-1244.0;-1121.0;720;1946
-49.0;2133;-1119.0;-1272.0;-1223.0;-2133;522
-41.0;3353;-1049.0;-1124.0;-1158.0;-3353;2671
-24.0;2515;-892.0;-917.0;-991.0;-2515;2055
-17.0;2057;-757.0;-791.0;-798.0;-2057;-1650
24.0;2351;-663.0;-681.0;-704.0;-2351;223
-94.0;515;-637.0;-648.0;-666.0;-515;230
414.0;-69;-663.0;-681.0;?;69;-336
106.0;411;-657.0;-717.0;-719.0;-411;205
-621.0;138;-720.0;-790.0;-782.0;-138;-179
-503.0;?;?;-863.0;-876.0;-257;31
-219.0;212;-1068.0;-949.0;-1026.0;-212;-18
-395.0;194;-1107.0;-1034.0;-1190.0;?;-9
?;207;-1009.0;-985.0;?;-207;15
-110.0;?;?;-1266.0;-1395.0;-63;6
-213.0;134;?;-1493.0;-1244.0;-134;-32
-49.0;?;?;-1220.0;?;-116;?
91.0;299;-1330.0;-1283.0;-1370.0;-299;-11
1.0;1072;-1300.0;-1518.0;-1255.0;-1072;-87
25.0;1707;-1061.0;-1289.0;-1115.0;-1707;38
34.0;2808;-889.0;-918.0;-980.0;-2808;-112
-330.0;164;-635.0;-641.0;-622.0;-164;837
?;-11;-632.0;-710.0;-663.0;11;?
298.0;121;?;-794.0;-768.0;-121;462
-163.0;21;-752.0;-756.0;-852.0;-21;-259
-608.0;33;-774.0;-794.0;-929.0;?;21
-387.0;42;-877.0;-848.0;-950.0;-42;?
-234.0;54;-1077.0;-1084.0;-1130.0;-54;-98
-176.0;23;?;-1072.0;-1219.0;-23;66
-96.0;-7;-1370.0;-1304.0;-1488.0;7;-73
-190.0;-76;-1448.0;-1414.0;-1328.0;76;13
-55.0;-39;-1056.0;-1204.0;-896.0;39;-21
113.0;206;-986.0;-1060.0;-952.0;-206;?
154.0;?;-1134.0;-1208.0;-1176.0;?;18
59.0;?;-1150.0;-1244.0;-1144.0;-2007;-425
366.0;92;-573.0;-657.0;-615.0;-92;-42
-232.0;124;-627.0;-746.0;-707.0;-124;-18
-569.0;93;-736.0;-824.0;-837.0;-93;-24
-264.0;134;-853.0;?;-981.0;-134;-14
-151.0;115;-1144.0;-945.0;?;?;-22
-201.0;96;-1245.0;-1085.0;-1408.0;-96;-25
-95.0;88;-1332.0;-1373.0;-1554.0;-88;-24
-263.0;72;-1260.0;-1319.0;-1288.0;-72;-32
-9.0;?;?;-1055.0;-891.0;-4;?
81.0;256;-1077.0;-1145.0;-900.0;-256;35
88.0;?;-1186.0;-1277.0;-1106.0;-339;-37
-45.0;3837;-906.0;?;-990.0;-3837;-3018
-121.0;3725;-763.0;?;-798.0;-3725;-2428
256.0;1063;-664.0;-629.0;-689.0;-1063;-2105
-99.0;10;-621.0;-639.0;-613.0;-10;?
35.0;34;-635.0;-676.0;?;-34;201
210.0;-14;-693.0;-744.0;-727.0;14;?
0.0;142;-730.0;-787.0;?;-142;133
-460.0;64;-807.0;-826.0;-876.0;-64;-118
-445.0;96;-867.0;-869.0;-1010.0;?;3
14.0;92;-1167.0;-987.0;?;-92;-13
13.0;135;-1186.0;-1090.0;-1333.0;-135;-34
13.0;31;-1274.0;?;-1460.0;-31;-1
-215.0;129;-1304.0;-1381.0;-1320.0;-129;-18
-171.0;?;-1081.0;-1277.0;-995.0;?;-15
153.0;?;-1116.0;-1157.0;-829.0;-245;-45
88.0;414;-1166.0;?;-934.0;-414;-31
-42.0;3964;-1063.0;-1077.0;-1196.0;-3964;-1123
-55.0;3898;-897.0;?;-999.0;-3898;-3339
28.0;2583;-740.0;-704.0;-777.0;-2583;651
170.0;2363;-661.0;-634.0;-621.0;-2363;503
-127.0;513;-629.0;-649.0;-580.0;-513;-227
220.0;-185;-664.0;-759.0;-609.0;185;55
?;247;?;-883.0;-686.0;-247;-142
46.0;-31;?;-927.0;-820.0;31;72
-436.0;93;-878.0;-925.0;-928.0;-93;-35
-330.0;119;?;-902.0;?;?;-2
-115.0;96;-1092.0;-980.0;?;-96;13
-65.0;180;-1055.0;-1134.0;-1210.0;?;-8
49.0;56;-1250.0;-1247.0;-1335.0;?;22
-80.0;119;-1273.0;?;-1275.0;-119;9
-222.0;23;?;?;-1045.0;-23;2
118.0;105;-1115.0;-1118.0;-878.0;-105;-12
-24.0;2604;-1049.0;-1025.0;-1177.0;-2604;1100
-98.0;5452;-901.0;-860.0;-1009.0;-5452;-2134
-129.0;4447;-771.0;-735.0;-824.0;-4447;1445
?;4829;-657.0;-682.0;-687.0;-4829;367
68.0;2091;-657.0;?;-623.0;-2091;-1265
-84.0;134;?;-775.0;-662.0;-134;-451
202.0;658;-738.0;-873.0;-734.0;-658;?
92.0;-108;-806.0;-918.0;-818.0;?;102
60.0;?;-860.0;-953.0;-905.0;-101;-34
-290.0;134;-905.0;-961.0;-973.0;-134;-67
-386.0;-5;?;?;-1100.0;5;28
?;185;-1061.0;-1007.0;-1210.0;-185;?
123.0;?;-1161.0;-1135.0;-1216.0;-58;11
-78.0;67;-1156.0;-1208.0;-1237.0;-67;-16
-184.0;-2;-1218.0;-1187.0;-1166.0;?;-9
-91.0;-45;-973.0;-1110.0;-929.0;?;4
120.0;85;-974.0;-1002.0;?;-85;-57
114.0;16;-1062.0;-1060.0;?;-16;-26
65.0;313;-1102.0;?;-1014.0;?;-24
86.0;289;-1074.0;-1099.0;-1030.0;-289;-117
83.0;497;-969.0;-1002.0;-938.0;-497;-44
96.0;2080;-839.0;-857.0;-802.0;-2080;-12
128.0;?;-765.0;-759.0;-723.0;-3242;-55
-141.0;?;-763.0;-703.0;-740.0;-6132;-193
358.0;9285;-817.0;-705.0;-788.0;-9285;-1543
445.0;?;-859.0;-750.0;-833.0;-8048;?
-319.0;4068;-870.0;-873.0;-860.0;-4068;869
127.0;-550;-856.0;-894.0;?;550;1
12.0;?;-922.0;-948.0;?;3464;470
123.0;-4149;-994.0;-1087.0;-886.0;4149;1376
-92.0;-3948;?;-1227.0;-974.0;3948;800
-316.0;-4225;-965.0;-1187.0;-1043.0;4225;535
57.0;-5051;-1246.0;-1139.0;-1163.0;5051;-133
93.0;-5401;-1224.0;-1246.0;-1278.0;?;?
85.0;-5596;-1195.0;-1106.0;-1326.0;?;-680
-48.0;-4594;-1062.0;-952.0;-1161.0;4594;-604
-49.0;-4872;-991.0;-869.0;-1051.0;4872;-1950
-55.0;-4070;?;-996.0;-1094.0;4070;-55
-20.0;749;-1061.0;-1028.0;?;-749;5584
-56.0;3145;-1017.0;-975.0;-1130.0;-3145;1298
-31.0;4109;-885.0;-873.0;-958.0;-4109;-4423
-54.0;3282;-776.0;-766.0;-783.0;-3282;-3258
284.0;475;-719.0;-771.0;?;-475;-1340
-132.0;192;-719.0;-773.0;-669.0;-192;189
-144.0;141;-756.0;-807.0;-735.0;-141;74
327.0;-6;-820.0;-877.0;-841.0;6;-136
-121.0;188;-823.0;-907.0;-882.0;-188;58
?;58;?;-910.0;-892.0;?;-73
-59.0;144;-864.0;-879.0;-939.0;-144;1
?;112;?;-952.0;-1054.0;-112;-19
67.0;-34;?;-1173.0;?;34;-9
-92.0;?;-1183.0;?;-1157.0;53;-8
-92.0;-26;-1134.0;-1166.0;-1106.0;26;?
13.0;?;-1003.0;-1053.0;-838.0;63;-16
?;13;-950.0;-946.0;-777.0;?;-11
76.0;84;?;-1034.0;-946.0;-84;-64
?;92;-1159.0;-1143.0;-1079.0;?;-64
129.0;?;-1104.0;-1061.0;-1021.0;-437;?
73.0;893;-912.0;-923.0;-879.0;-893;-265
67.0;2048;-774.0;-798.0;-740.0;-2048;196
97.0;5147;-746.0;-737.0;-717.0;-5147;-425
-58.0;9004;-785.0;-714.0;-728.0;-9004;-1856
73.0;?;-862.0;-748.0;-776.0;-8300;-1304
213.0;1928;-902.0;-843.0;-820.0;-1928;?
-23.0;-2006;-898.0;?;?;2006;-767
-98.0;-1882;?;-938.0;-831.0;?;1026
-12.0;-2474;-991.0;-1042.0;-854.0;2474;791
-229.0;-3110;-987.0;-1095.0;-897.0;3110;973
-72.0;?;?;-1035.0;-893.0;3222;1020
63.0;-3382;-915.0;-938.0;?;3382;750
114.0;-3517;-1250.0;-1100.0;-1115.0;3517;757
-35.0;-3459;-1116.0;-1180.0;-1193.0;3459;643
4.0;-3412;-867.0;-753.0;-936.0;?;617
50.0;-3131;-885.0;-722.0;-939.0;3131;331
?;?;-1056.0;-1051.0;-1149.0;?;-194
-45.0;-2910;-1214.0;-1173.0;-1253.0;2910;-601
-15.0;-2674;-1079.0;-1100.0;-1196.0;2674;-133
-39.0;-1538;-920.0;-963.0;-994.0;1538;580
-3.0;721;-879.0;?;-877.0;-721;279
40.0;3703;-857.0;-893.0;-800.0;-3703;-1968
20.0;3446;-840.0;-882.0;-788.0;-3446;-3866
-38.0;1274;-841.0;-904.0;-806.0;-1274;-1364
82.0;422;?;?;-869.0;-422;509
233.0;207;-879.0;-920.0;-908.0;-207;-277
79.0;138;-847.0;-892.0;-910.0;-138;-15
-193.0;136;-853.0;-886.0;-965.0;-136;5
-280.0;165;-892.0;?;-1014.0;-165;-109
-95.0;119;-896.0;-930.0;-1012.0;-119;47
-23.0;77;-932.0;-907.0;-1070.0;-77;-49
-96.0;?;-924.0;-886.0;?;-47;5
68.0;-27;-1397.0;-1123.0;-1333.0;27;?
-54.0;-21;-1546.0;-1426.0;-1356.0;21;-23
-141.0;-14;-1279.0;-1535.0;-1204.0;14;0
-32.0;-21;-965.0;-1178.0;-1003.0;21;?
44.0;-18;?;-1021.0;-836.0;18;-22
17.0;20;-955.0;?;-890.0;-20;-16
?;-17;?;-890.0;-878.0;17;-21
9.0;-62;-833.0;-825.0;-787.0;?;-25
20.0;38;?;-793.0;-723.0;-38;-43
?;-158;-838.0;?;-768.0;158;7
36.0;191;-861.0;-853.0;-832.0;-191;-2
42.0;-21;?;-875.0;-908.0;21;-5
68.0;688;-952.0;-904.0;-975.0;-688;-121
82.0;3409;-982.0;-937.0;?;-3409;?
?;3952;-983.0;-971.0;-1007.0;-3952;-43
76.0;5845;-993.0;-998.0;-990.0;-5845;-518
-3.0;6875;-980.0;-1010.0;-975.0;-6875;-729
-103.0;2558;-971.0;-1011.0;-949.0;?;?
-187.0;-974;-962.0;-1005.0;-940.0;974;288
-105.0;-2398;-974.0;-1002.0;-933.0;2398;987
125.0;-3084;-910.0;-1001.0;-881.0;3084;1080
-83.0;-3328;-912.0;-998.0;-853.0;3328;389
-116.0;?;-1034.0;-1044.0;-933.0;3803;19
-31.0;-3966;-1191.0;-1194.0;-1119.0;3966;-289
-51.0;-4101;-1169.0;-1267.0;-1187.0;4101;-356
-67.0;-3861;-1093.0;-1004.0;-1150.0;3861;-421
-105.0;-3272;-869.0;-867.0;?;3272;-830
-111.0;-3518;-800.0;-835.0;-915.0;3518;154
-108.0;-1420;?;?;-1011.0;1420;1287
-101.0;3381;-980.0;-904.0;-1046.0;-3381;-452
-121.0;3575;-968.0;-910.0;-1043.0;-3575;-1345
-103.0;308;-923.0;-905.0;-992.0;-308;566
1.0;234;-855.0;-905.0;-931.0;-234;668
66.0;751;-827.0;?;-889.0;-751;-191
?;-25;-844.0;-920.0;-895.0;25;42
112.0;50;-866.0;-920.0;-934.0;-50;-68
76.0;48;-868.0;-909.0;-949.0;-48;-42
-252.0;-40;-884.0;-900.0;-957.0;40;1
?;58;-882.0;-884.0;-1008.0;-58;-73
-90.0;-37;-929.0;?;-1046.0;37;-5
5.0;-24;-1154.0;-995.0;?;24;-26
78.0;-28;-1198.0;-1168.0;-1221.0;28;-17
-45.0;-48;-1230.0;-1209.0;-1204.0;48;-41
-87.0;-38;-1078.0;-1160.0;-1009.0;38;-21
?;-11;-882.0;-966.0;-762.0;11;6
-13.0;-11;-790.0;-819.0;?;11;?
21.0;-30;-897.0;-894.0;-691.0;30;-12
41.0;-14;-1028.0;-995.0;-876.0;14;3
68.0;8;-1116.0;-1052.0;-1015.0;?;?
?;-4;-1059.0;-1030.0;-1022.0;4;-6
46.0;12;-933.0;?;-935.0;-12;-27
83.0;97;-893.0;?;-887.0;-97;-34
68.0;233;-925.0;-917.0;-891.0;-233;-42
63.0;357;-945.0;-934.0;-898.0;-357;-32
53.0;450;-952.0;-945.0;-915.0;-450;-14
?;1463;-952.0;-952.0;-920.0;-1463;?
173.0;3713;?;-978.0;-905.0;-3713;-84
164.0;4333;-922.0;-978.0;-879.0;-4333;-579
181.0;4692;-918.0;?;-879.0;-4692;-1089
165.0;4576;-934.0;-974.0;-896.0;-4576;-1064
-228.0;1208;?;-988.0;?;-1208;?
-84.0;?;-935.0;-969.0;?;515;753
83.0;-919;-911.0;-982.0;-947.0;919;801
-496.0;-1669;-940.0;-983.0;-966.0;1669;444
-291.0;-1615;-958.0;-954.0;-970.0;1615;368
-96.0;-3249;-1038.0;-968.0;?;3249;-56
-117.0;-3796;-1115.0;-1083.0;-1162.0;3796;212
?;-1600;-1167.0;-1140.0;-1203.0;1600;-1216
-234.0;-1034;-1086.0;-929.0;-1185.0;1034;?
-240.0;143;-928.0;-847.0;-1035.0;-143;-474
-212.0;1204;?;?;-999.0;-1204;-848
-252.0;-553;-1033.0;-995.0;-1094.0;553;-366
-232.0;-150;-1059.0;?;-1092.0;150;?
-189.0;274;?;-955.0;-1009.0;?;?
-198.0;-497;-853.0;-863.0;-900.0;497;21
-150.0;-66;-808.0;-838.0;-834.0;66;-34
19.0;-42;-806.0;-837.0;-836.0;42;-4
-24.0;-60;-791.0;-853.0;-852.0;60;9
-175.0;-80;-799.0;-864.0;-877.0;80;-18
-306.0;?;-805.0;-861.0;-942.0;133;-19
-172.0;-25;-890.0;-884.0;-1019.0;25;-22
-50.0;-2;-1019.0;-967.0;?;2;-23
?;-30;-1035.0;?;-1124.0;30;-11
-159.0;?;-947.0;-976.0;-1021.0;47;?
-117.0;34;-878.0;-943.0;-904.0;-34;-27
85.0;?;-933.0;-995.0;?;35;-6
110.0;30;-992.0;?;-957.0;-30;-29
-124.0;-93;-923.0;-986.0;-934.0;93;18
-79.0;-20;-866.0;?;-864.0;?;-3
41.0;312;-891.0;?;-873.0;-312;-41
-37.0;499;-975.0;-999.0;-904.0;-499;-10
-52.0;2473;-1055.0;-1030.0;-940.0;-2473;-380
-72.0;3642;-1038.0;-1087.0;-1013.0;-3642;-458
?;1875;-1071.0;-1116.0;-1062.0;-1875;-163
31.0;948;-1045.0;-1057.0;-1052.0;-948;-192
-178.0;-30;?;-977.0;-968.0;30;226
-149.0;-2783;-871.0;-890.0;-885.0;2783;720
-168.0;-3656;-861.0;-847.0;-856.0;3656;400
?;-3027;?;-847.0;-844.0;?;143
-72.0;-3212;-918.0;-941.0;-934.0;3212;100
?;-3097;-876.0;-891.0;-977.0;3097;-155
?;-2932;-945.0;-824.0;-1031.0;2932;-118
-195.0;-2733;-1039.0;-967.0;?;2733;72
?;-2012;-1030.0;-990.0;-1160.0;2012;274
?;-1562;-1025.0;-993.0;-1177.0;1562;?
-150.0;-334;-980.0;-1030.0;-1170.0;334;446
-93.0;?;-908.0;?;-1093.0;94;405
-65.0;-600;-874.0;-979.0;-1025.0;600;432
-109.0;2376;-839.0;-944.0;-950.0;-2376;190
-75.0;2559;-893.0;-959.0;-932.0;-2559;-182
43.0;58;-911.0;-981.0;?;-58;-278
-24.0;?;-911.0;-976.0;-1061.0;?;-285
-59.0;665;?;-960.0;-1110.0;-665;-285
17.0;4;-937.0;-952.0;-1102.0;?;-72
?;33;-966.0;-986.0;-1097.0;-33;26
?;-14;-1004.0;-1039.0;-1011.0;14;-21
?;70;-993.0;-1047.0;-1007.0;?;4
-150.0;13;-1038.0;-1045.0;-1021.0;-13;-8
-174.0;?;-1082.0;-1138.0;?;-33;?
-201.0;28;-1005.0;-1025.0;-977.0;-28;17
?;-36;?;-1070.0;-954.0;36;-23
-193.0;-50;-1067.0;-1175.0;-1041.0;50;48
?;?;-932.0;-1148.0;-1041.0;53;101
-36.0;-68;-904.0;-1044.0;?;68;-10
-31.0;-23;-975.0;-975.0;-944.0;23;-32
-108.0;26;-1052.0;-1013.0;-912.0;?;11
2.0;92;-1073.0;-1072.0;-936.0;-92;-33
-12.0;311;-1031.0;-1114.0;-952.0;-311;-54
21.0;1089;-956.0;-960.0;?;-1089;-84
-10.0;2722;?;-874.0;-807.0;-2722;-162
-12.0;3951;-858.0;-844.0;-755.0;-3951;-299
74.0;3247;-883.0;-807.0;?;-3247;-282
67.0;1683;-940.0;-851.0;-748.0;-1683;94
-289.0;?;-968.0;-937.0;-825.0;-1108;42
-436.0;383;-934.0;-994.0;-780.0;?;-7
136.0;-770;-871.0;-980.0;-831.0;770;427
1.0;?;-881.0;-871.0;-872.0;1010;283
-39.0;-1237;-834.0;-796.0;-886.0;1237;-17
-99.0;-1596;-780.0;-809.0;-832.0;1596;-52
-105.0;?;?;?;-784.0;1602;-69
?;-1607;?;-992.0;-900.0;1607;-75
-110.0;-1482;-1149.0;-1074.0;-937.0;1482;-93
-89.0;-1461;-1104.0;-1047.0;-948.0;1461;-76
-49.0;-1521;-1030.0;-1071.0;-929.0;1521;-142
-41.0;?;-950.0;?;-804.0;1356;22
-57.0;-1044;-913.0;-946.0;-756.0;1044;-55
-33.0;-421;-883.0;-892.0;?;?;118
-50.0;862;?;-854.0;-734.0;-862;?
-51.0;1437;-886.0;?;-794.0;-1437;-1278
-32.0;321;?;-899.0;-815.0;-321;-403
24.0;-243;?;-920.0;?;243;146
39.0;47;-941.0;-922.0;-812.0;-47;?
41.0;-82;-948.0;-929.0;?;82;30
40.0;-87;-961.0;-939.0;-859.0;87;-22
?;?;-979.0;-950.0;-908.0;73;-95
41.0;-83;-968.0;?;-887.0;83;35
92.0;0;-943.0;-942.0;-850.0;0;-37
5.0;-29;-919.0;?;-870.0;29;5
-47.0;-7;-889.0;-883.0;-776.0;7;-13
-153.0;?;-950.0;-921.0;-790.0;-49;?
-85.0;37;-1054.0;-980.0;-851.0;?;?
-43.0;16;-1046.0;-973.0;-783.0;-16;-14
55.0;20;-1000.0;-979.0;-789.0;-20;-4
57.0;14;?;-969.0;-776.0;-14;-11
69.0;18;-1089.0;-1012.0;-793.0;-18;-6
-76.0;-26;-1104.0;-1080.0;-789.0;26;-3
46.0;?;-1026.0;-1044.0;-741.0;78;-36
139.0;-22;?;-937.0;-686.0;22;-25
110.0;-119;-976.0;-963.0;-769.0;119;-24
101.0;51;-1041.0;-977.0;-861.0;-51;11
96.0;-30;-1034.0;-962.0;-883.0;30;-5
163.0;?;-981.0;-930.0;-843.0;77;-38
206.0;951;-957.0;-910.0;-806.0;-951;-14
225.0;1064;?;-894.0;-793.0;-1064;-225
320.0;1923;-929.0;-861.0;-792.0;-1923;-222
111.0;3415;-929.0;-845.0;-764.0;-3415;-57
-47.0;3047;-945.0;-876.0;-719.0;-3047;-311
-27.0;1642;-945.0;-930.0;-645.0;-1642;29
?;-796;-968.0;-957.0;-660.0;796;496
31.0;-1865;-954.0;-939.0;-648.0;1865;-57
-99.0;?;-909.0;-899.0;-647.0;2692;413
?;-2242;-1024.0;-910.0;-704.0;2242;149
-85.0;-60;-1071.0;-1117.0;-897.0;60;-1830
97.0;-572;-913.0;-1075.0;?;572;?
41.0;-506;?;-944.0;-941.0;506;552
-20.0;?;-1066.0;-980.0;-946.0;701;-149
-40.0;-1081;-1038.0;-1026.0;-761.0;1081;-422
-27.0;70;-973.0;-1017.0;-695.0;-70;52
7.0;-122;-950.0;-980.0;-797.0;122;-18
?;-149;-965.0;-973.0;-830.0;149;-40
77.0;71;-961.0;-980.0;-698.0;?;6
9.0;?;-959.0;-971.0;-774.0;55;-41
-61.0;49;-930.0;-914.0;-730.0;-49;3
?;-29;-888.0;?;-721.0;29;-23
68.0;-29;-922.0;-885.0;?;29;-13
?;12;-1033.0;-899.0;-801.0;-12;-19
60.0;45;-1036.0;-931.0;-734.0;-45;?
-27.0;70;-910.0;-863.0;-577.0;-70;-7
7.0;75;-841.0;?;-619.0;?;-31
10.0;56;-911.0;-845.0;-675.0;?;-14
35.0;29;-959.0;-869.0;-542.0;-29;1
62.0;?;-934.0;-910.0;?;-37;-13
62.0;-25;-913.0;-886.0;-519.0;25;-23
50.0;-59;-915.0;-844.0;-542.0;59;-16
-37.0;5;-944.0;-845.0;-544.0;-5;-15
-136.0;16;-945.0;-875.0;-504.0;-16;-15
-317.0;6;-917.0;?;-505.0;-6;-12
-173.0;?;-910.0;-852.0;-474.0;-26;-17
?;31;?;-788.0;-511.0;?;-9
-26.0;51;-798.0;-847.0;-531.0;-51;-6
11.0;41;-849.0;-758.0;-573.0;-41;-17
55.0;?;-925.0;-692.0;-802.0;-6;-20
?;7;-938.0;?;-645.0;-7;?
93.0;-12;?;-992.0;-604.0;12;-14
92.0;-6;?;-925.0;?;6;-16
51.0;-19;-994.0;-890.0;-497.0;19;-24
46.0;-49;-935.0;-933.0;-471.0;49;-23
71.0;-25;-914.0;-858.0;-495.0;25;-19
40.0;?;-926.0;-853.0;-560.0;25;-18
-23.0;-8;-917.0;-856.0;-515.0;?;-24
?;26;-944.0;-882.0;-482.0;?;-22
-85.0;27;-920.0;-915.0;-266.0;-27;-14
-217.0;30;-976.0;-948.0;-518.0;-30;-18
-133.0;6;-954.0;-813.0;-587.0;-6;-22
-143.0;-43;-926.0;-858.0;-748.0;43;-30
-185.0;-41;?;-926.0;-892.0;41;-40
-175.0;-31;-936.0;-870.0;-1075.0;?;?
-246.0;-7;-833.0;?;-1075.0;7;-32
-235.0;-88;-908.0;?;-759.0;88;-49
-185.0;-190;-919.0;-861.0;-1072.0;190;-31
-237.0;?;?;?;-781.0;216;-13
-177.0;-267;-897.0;-828.0;-811.0;267;28
?;-113;-858.0;-862.0;?;113;47
-21.0;-416;-863.0;-833.0;-965.0;416;46
-50.0;-839;-842.0;-779.0;-929.0;839;?
-28.0;-482;?;-788.0;-1008.0;?;41
14.0;-373;-918.0;-823.0;-1051.0;373;-56
43.0;-537;-912.0;-875.0;-885.0;537;-188
85.0;-465;-962.0;-926.0;-783.0;465;-220
63.0;-690;-1025.0;-973.0;-931.0;690;167
-41.0;6;-999.0;-1034.0;-820.0;-6;314
-63.0;1431;?;-996.0;-786.0;-1431;?
-75.0;?;-932.0;-973.0;-748.0;-1565;-149
-70.0;1490;-936.0;-970.0;-772.0;-1490;-68
-104.0;1381;-991.0;-972.0;-748.0;-1381;-137
-97.0;1194;-957.0;-976.0;-794.0;-1194;29
-106.0;?;-929.0;-979.0;-820.0;-1053;393
-57.0;1093;-901.0;-963.0;-813.0;-1093;695
?;1460;-906.0;?;?;-1460;363
12.0;-200;-855.0;-812.0;-957.0;200;-483
0.0;-862;-850.0;-829.0;-960.0;?;-459
-12.0;106;-901.0;-885.0;-962.0;?;-13
-99.0;?;-924.0;-899.0;-941.0;183;?
?;-54;?;-921.0;-873.0;54;-17
-163.0;44;-940.0;-937.0;-860.0;-44;42
28.0;-86;-914.0;-926.0;-825.0;86;?
261.0;?;-905.0;-950.0;-786.0;-65;-10
?;42;?;-967.0;-817.0;-42;-15
69.0;121;-963.0;-978.0;-853.0;-121;?
165.0;133;?;-1004.0;-851.0;-133;?
207.0;91;-993.0;-1028.0;-836.0;-91;-5
263.0;85;-1107.0;-1119.0;-997.0;-85;-4
159.0;50;-1005.0;-968.0;-795.0;-50;4
?;161;-913.0;-960.0;-819.0;-161;-33
133.0;249;-954.0;-922.0;-718.0;-249;-20
168.0;477;-1057.0;-976.0;-912.0;?;-7
184.0;995;-1193.0;-1124.0;-973.0;-995;-58
101.0;951;?;-1157.0;-998.0;-951;43
134.0;2117;-1030.0;-1069.0;-1082.0;-2117;-138
?;3358;-1024.0;-1119.0;-956.0;-3358;?
181.0;?;-837.0;-1068.0;-747.0;-5515;-108
152.0;8902;-788.0;?;-645.0;-8902;-970
282.0;7676;-785.0;-834.0;-666.0;-7676;?
478.0;5893;-874.0;-821.0;-779.0;-5893;-1163
236.0;1994;-922.0;-855.0;-881.0;-1994;-624
-106.0;?;-962.0;-965.0;-919.0;3503;1162
231.0;-3285;-984.0;-1036.0;-863.0;?;1062
-22.0;-3248;-992.0;-1075.0;-860.0;3248;?
-147.0;-4406;-1032.0;-1149.0;-907.0;4406;460
-185.0;-4825;-979.0;-1132.0;-887.0;4825;-38
-159.0;-5579;-1133.0;-1104.0;-973.0;5579;-236
62.0;-5221;-1260.0;-1267.0;-1086.0;5221;-418
-21.0;-4742;-1124.0;-1010.0;-1053.0;4742;-586
-51.0;-4948;-947.0;-735.0;?;4948;-1075
-23.0;-4815;-1007.0;-852.0;-883.0;4815;-504
-43.0;-3785;-1025.0;-1060.0;?;3785;82
-27.0;-1441;-1150.0;?;-1279.0;1441;2417
-107.0;394;?;-1050.0;-1445.0;-394;1086
-3.0;2321;-927.0;-865.0;-1191.0;-2321;-2579
30.0;?;-817.0;-786.0;-1004.0;?;1508
?;2445;-736.0;-746.0;-829.0;?;1923
87.0;38;-684.0;-694.0;-765.0;-38;?
34.0;544;-726.0;-734.0;-761.0;-544;216
127.0;-10;-739.0;?;-694.0;10;-177
8.0;-3;-807.0;-907.0;-835.0;3;-135
31.0;204;?;-944.0;?;-204;94
-204.0;54;-858.0;?;-836.0;-54;-120
-215.0;148;-1003.0;-962.0;-909.0;-148;53
-208.0;132;-1085.0;-1085.0;-1019.0;-132;-22
314.0;89;-1042.0;-1141.0;-1003.0;-89;-5
-6.0;73;?;-1287.0;-1125.0;-73;-6
-57.0;159;-1223.0;-1265.0;-1061.0;-159;?
?;119;-1189.0;-1290.0;?;-119;-93
-4.0;473;-1161.0;-1303.0;-830.0;-473;102
269.0;820;?;-1231.0;-853.0;-820;-205
34.0;735;-715.0;-751.0;-705.0;-735;178
-116.0;57;-658.0;?;?;-57;-436
391.0;?;-698.0;-748.0;-711.0;-75;146
60.0;51;-727.0;-810.0;-762.0;-51;-85
-445.0;100;-758.0;-857.0;-791.0;-100;-48
-160.0;116;-878.0;-915.0;-919.0;-116;28
38.0;108;-1064.0;-947.0;-1011.0;?;-48
21.0;114;-1150.0;-1073.0;-1103.0;-114;20
156.0;19;-1255.0;-1307.0;-1240.0;-19;-10
-38.0;6;-1367.0;-1364.0;-1247.0;-6;-6
-83.0;15;-1132.0;-1292.0;-1049.0;-15;?
-47.0;59;-971.0;-1099.0;-693.0;-59;0
222.0;83;-1058.0;?;?;-83;-55
268.0;212;-1101.0;-1194.0;-938.0;-212;24
103.0;228;?;-1183.0;-957.0;?;-64
64.0;534;-1092.0;-1091.0;-956.0;-534;-19
69.0;1625;-954.0;-936.0;-829.0;-1625;?
?;3014;-793.0;-793.0;-737.0;-3014;-312
172.0;5279;-725.0;-707.0;?;-5279;354
-77.0;7975;-718.0;-669.0;-707.0;?;-882
403.0;8336;?;-685.0;-751.0;-8336;-1678
213.0;4894;-848.0;-760.0;-827.0;-4894;?
-129.0;-185;-897.0;-856.0;-851.0;185;-615
-22.0;-3543;-869.0;-892.0;-823.0;3543;?
64.0;-4363;-976.0;-982.0;-868.0;4363;1451
-147.0;-4484;-1003.0;-1075.0;-909.0;4484;?
-133.0;-4797;?;-1098.0;-938.0;4797;404
-53.0;-5285;-1017.0;-1149.0;-1028.0;5285;-204
-98.0;-5527;-1272.0;-1299.0;-1141.0;?;-461
-103.0;?;-1270.0;-1303.0;-1166.0;5259;-297
20.0;-5388;?;-992.0;-1138.0;5388;?
-36.0;-4884;-876.0;-824.0;-1050.0;4884;-377
-56.0;-5721;-1025.0;-903.0;-1095.0;5721;-100
-168.0;-5371;-1063.0;-1052.0;-1316.0;5371;-8
-150.0;1141;-1103.0;-1063.0;-1355.0;-1141;?
-101.0;?;-993.0;-1009.0;-1304.0;-4989;-490
-114.0;?;-855.0;-832.0;-1130.0;-3315;-1440
-53.0;1313;?;-751.0;-979.0;-1313;154
176.0;238;-677.0;-715.0;-888.0;?;23
-44.0;231;-703.0;?;-903.0;?;-90
65.0;?;-745.0;-783.0;-898.0;-179;-10
-109.0;80;?;?;-896.0;-80;?
-523.0;141;-786.0;-858.0;-892.0;-141;9
-397.0;61;-820.0;-896.0;?;-61;-33
-262.0;?;-939.0;-854.0;?;26;-5
?;-79;-1220.0;-987.0;-943.0;79;-5
-244.0;-129;?;-1199.0;-1071.0;129;-14
-336.0;-292;-1378.0;-1273.0;?;292;1
-289.0;-238;-1107.0;-1230.0;-721.0;238;32
?;-63;-858.0;-1086.0;-770.0;63;-35
-137.0;-19;-933.0;-895.0;-915.0;?;-19
-79.0;83;-1110.0;-1019.0;-924.0;-83;49
-254.0;363;-1113.0;-1139.0;-882.0;?;-16
-326.0;1050;?;-1145.0;?;-1050;-63
-153.0;1772;-967.0;-987.0;?;-1772;-352
-204.0;2121;-857.0;-952.0;-770.0;-2121;-342
-83.0;1276;-802.0;-957.0;-900.0;-1276;66
-252.0;-280;?;-917.0;-875.0;280;110
-215.0;-663;?;-866.0;-773.0;663;241
-295.0;-793;-752.0;?;-606.0;?;?
?;-1373;-740.0;-600.0;-632.0;1373;45
-207.0;-1577;-932.0;?;?;1577;92
?;-1434;-1078.0;-1043.0;-782.0;1434;109
?;-1300;-1062.0;-1218.0;-978.0;1300;106
-153.0;-1056;-1019.0;-970.0;-986.0;1056;81
-196.0;-277;-996.0;-945.0;?;277;?
-111.0;-145;-955.0;-1003.0;-909.0;145;505
-103.0;879;-907.0;-999.0;-829.0;-879;326
-80.0;900;?;?;-902.0;?;-728
-45.0;-1749;-850.0;-911.0;?;1749;-406
-38.0;-1081;-851.0;-933.0;-883.0;?;?
?;?;-921.0;-977.0;-992.0;?;-261
10.0;-279;-968.0;-992.0;-1034.0;279;2
60.0;-73;-971.0;-1012.0;-1072.0;73;-99
-173.0;-226;-954.0;-1006.0;-1085.0;226;-6
-227.0;-224;-931.0;-966.0;-1030.0;224;10
-179.0;-43;-926.0;-941.0;-918.0;43;?
-124.0;-76;-946.0;-951.0;-843.0;76;19
-209.0;-11;-909.0;-944.0;-740.0;11;-4
-265.0;11;-876.0;?;-626.0;-11;3
?;40;-1215.0;-1106.0;-716.0;-40;-11
-170.0;14;-1151.0;-1201.0;-773.0;-14;-15
?;15;-1040.0;-1069.0;-853.0;-15;-19
?;47;-887.0;-1011.0;-621.0;?;-5
-99.0;49;-949.0;-966.0;-777.0;-49;-40
-65.0;36;-1031.0;-1013.0;-809.0;-36;-39
?;18;-996.0;-1100.0;-743.0;?;-27
-5.0;?;-1012.0;-1059.0;-884.0;-21;-50
-19.0;194;-959.0;-975.0;-809.0;-194;20
21.0;625;-918.0;?;-735.0;-625;-125
-12.0;510;-932.0;-915.0;-731.0;-510;-104
97.0;?;-940.0;?;-724.0;-627;110
-1.0;725;-964.0;-934.0;-723.0;?;-24
-188.0;-70;-963.0;-938.0;-701.0;70;?
-150.0;-147;-954.0;-937.0;-666.0;?;315
-184.0;-1156;?;-939.0;-627.0;1156;39
-76.0;-708;-961.0;-958.0;-574.0;708;408
-146.0;?;-992.0;-1000.0;-598.0;-1419;-210
-117.0;489;-918.0;-1007.0;?;-489;-1558
?;-143;-861.0;-909.0;-710.0;143;-532
-49.0;100;-825.0;-799.0;-708.0;-100;99
-30.0;-166;-934.0;-883.0;?;166;-261
-68.0;44;-1050.0;-1011.0;-710.0;-44;50
-131.0;20;-1071.0;?;-618.0;-20;-36
-25.0;10;-1035.0;-1116.0;-592.0;-10;-34
50.0;13;-1020.0;?;-572.0;?;6
-51.0;-8;-941.0;-1114.0;-458.0;8;-51
-132.0;6;-929.0;-1062.0;-535.0;-6;-7
-57.0;-16;-929.0;-996.0;-531.0;16;-33
?;8;-911.0;-929.0;-487.0;-8;-20
41.0;10;-994.0;-929.0;-446.0;?;-14
-86.0;-5;-939.0;?;-359.0;5;?
-116.0;8;-879.0;-860.0;-385.0;-8;?
-92.0;20;-924.0;-879.0;-425.0;-20;-17
-65.0;18;-953.0;-896.0;-393.0;-18;-22
-126.0;?;-931.0;?;-409.0;-41;?
-199.0;63;-914.0;-921.0;-387.0;-63;-22
-170.0;34;-951.0;-903.0;-440.0;-34;?
-90.0;0;-925.0;?;-441.0;0;-9
-29.0;-31;?;-856.0;-462.0;31;-18
-106.0;?;-933.0;?;-408.0;77;4
-152.0;-70;-936.0;-878.0;-375.0;70;-34
-126.0;-20;-930.0;-903.0;-463.0;20;-41
?;-25;-933.0;-878.0;-491.0;25;-17
-281.0;-45;-910.0;-897.0;-407.0;45;-20
-284.0;-27;-923.0;-890.0;-372.0;27;-16
-535.0;3;-901.0;-896.0;-514.0;-3;-11
-379.0;?;-952.0;-925.0;-590.0;-60;-14
-269.0;99;-930.0;-838.0;?;?;-11
-314.0;48;-864.0;-793.0;-497.0;?;-19
?;?;-801.0;-720.0;-1297.0;-52;-17
-263.0;73;-774.0;-754.0;-1038.0;-73;-20
-189.0;26;-999.0;-793.0;-1191.0;-26;-21
-221.0;2;-872.0;?;-853.0;-2;-15
-222.0;14;-847.0;-849.0;-858.0;-14;-17
-237.0;-54;-859.0;?;-797.0;54;-27
-206.0;-22;-876.0;-868.0;?;22;-27
-98.0;-7;-896.0;-884.0;-738.0;7;-49
-118.0;-377;-976.0;-915.0;-812.0;?;-200
-154.0;-830;-996.0;-988.0;-746.0;?;-366
-102.0;-61;-916.0;-930.0;-1106.0;?;-14
-133.0;?;-892.0;-920.0;-1068.0;27;-27
-119.0;23;-871.0;?;-959.0;-23;-47
-103.0;22;-842.0;-899.0;-1015.0;-22;-9
-49.0;?;-1093.0;-982.0;-1121.0;-74;-27
-28.0;45;-974.0;-934.0;-1132.0;-45;-13
38.0;62;?;-933.0;-1061.0;-62;-18
81.0;42;-938.0;-1012.0;-993.0;-42;-13
82.0;41;-967.0;?;-941.0;?;-25
-25.0;?;-1066.0;-1084.0;-953.0;-65;-25
74.0;48;-1029.0;-1106.0;-961.0;-48;-15
100.0;21;-970.0;-1007.0;-879.0;-21;-20
159.0;6;-976.0;-977.0;-862.0;-6;-21
75.0;4;-1014.0;-1053.0;-927.0;-4;-17
?;31;-1030.0;-1065.0;?;-31;-16
-30.0;66;-977.0;-982.0;-970.0;-66;-21
58.0;29;-917.0;-904.0;-911.0;-29;-16
96.0;76;-907.0;-878.0;-899.0;?;-20
102.0;128;-935.0;-873.0;-887.0;?;-19
167.0;257;-951.0;-905.0;-886.0;-257;-13
134.0;568;-979.0;-987.0;-871.0;-568;-3
119.0;650;-1015.0;-1056.0;-921.0;-650;-37
25.0;1284;-1019.0;-1098.0;-939.0;-1284;?
129.0;2489;-988.0;-1099.0;-921.0;-2489;-62
229.0;3982;-954.0;-1061.0;-900.0;?;-15
136.0;6122;-909.0;-1009.0;-874.0;-6122;-561
48.0;6733;-908.0;-963.0;-854.0;-6733;?
-43.0;5305;-926.0;-948.0;-855.0;-5305;-92
-45.0;?;-922.0;-943.0;-841.0;-3936;-401
?;741;-936.0;-979.0;-859.0;-741;-942
-112.0;-3030;-925.0;-1022.0;?;3030;871
-222.0;-3118;-925.0;-980.0;-973.0;3118;1100
-249.0;-2774;-1045.0;-1047.0;?;2774;651
-255.0;-3329;?;-1251.0;-1144.0;?;477
-107.0;-3787;-1153.0;-1183.0;-1186.0;3787;-177
11.0;-4437;-1103.0;-1037.0;-1277.0;?;-155
?;-4668;-1080.0;-943.0;?;4668;-291
-84.0;-4527;-959.0;-829.0;-1102.0;4527;-603
-78.0;-3897;-854.0;-720.0;-1022.0;3897;-795
-92.0;-4234;-887.0;-713.0;-1044.0;?;-1469
-51.0;-4483;-924.0;-838.0;-1079.0;4483;?
-47.0;-3519;-969.0;-935.0;-1069.0;3519;2414
-23.0;-2131;-948.0;-981.0;-1034.0;2131;2895
-3.0;1163;-890.0;-934.0;-965.0;-1163;1289
11.0;4028;-864.0;-907.0;-881.0;-4028;-846
-15.0;3396;-852.0;-893.0;-847.0;-3396;-311
-51.0;1261;-865.0;-951.0;-868.0;-1261;785
-87.0;246;-915.0;-1015.0;-884.0;-246;-196
197.0;133;-913.0;-1034.0;-880.0;-133;-199
265.0;-5;-890.0;-1022.0;-915.0;5;45
116.0;-20;-868.0;-961.0;-917.0;20;-88
-126.0;34;-913.0;?;-923.0;-34;32
-218.0;18;-967.0;-945.0;?;-18;-28
-132.0;42;-1029.0;-998.0;-1057.0;-42;-9
-45.0;?;-1010.0;-1105.0;?;?;-8
45.0;45;-1084.0;-1132.0;-1140.0;-45;-30
120.0;77;?;-1108.0;-1146.0;-77;5
22.0;22;?;-1122.0;-1152.0;-22;-52
122.0;48;-1095.0;-1094.0;-1001.0;-48;27
74.0;46;-1009.0;-1049.0;-916.0;-46;202
8.0;94;-1022.0;-932.0;-799.0;?;59
?;248;-1005.0;-978.0;-833.0;-248;-49
181.0;?;-1003.0;-1022.0;-886.0;?;67
226.0;643;-998.0;?;-874.0;-643;-56
205.0;644;-949.0;-938.0;?;-644;-57
222.0;1000;?;-868.0;-811.0;-1000;?
-95.0;3465;-854.0;?;-800.0;-3465;-69
?;4616;-854.0;-806.0;-811.0;-4616;160
422.0;6493;-885.0;-835.0;-861.0;-6493;-749
224.0;7622;-919.0;-882.0;-888.0;-7622;-775
27.0;4694;?;-898.0;?;-4694;-199
-16.0;1986;-908.0;-887.0;-884.0;-1986;-936
120.0;-88;-924.0;-931.0;-896.0;88;-316
162.0;-2640;-1023.0;-994.0;-917.0;2640;856
-94.0;-3715;-981.0;-1130.0;-1013.0;3715;877
-105.0;-3783;-924.0;-1093.0;-985.0;3783;428
47.0;-4296;-1149.0;-1089.0;-1090.0;4296;-31
130.0;-4849;-1311.0;-1289.0;-1309.0;4849;-252
?;-5131;-1122.0;?;-1267.0;5131;-314
80.0;-4790;-1091.0;-972.0;-1156.0;?;-321
-20.0;-3868;-917.0;-917.0;-983.0;3868;?
-68.0;-3050;-1018.0;-893.0;-1067.0;?;-1004
?;-4288;-1068.0;-981.0;-1139.0;4288;-446
?;-4636;-1062.0;-978.0;-1154.0;4636;1349
44.0;-545;-988.0;-958.0;-1044.0;545;2967
75.0;1942;-885.0;-851.0;-880.0;-1942;-130
107.0;2059;-812.0;-805.0;-771.0;-2059;-206
17.0;3216;-785.0;-820.0;-739.0;-3216;3688
-29.0;2565;-810.0;-872.0;-780.0;-2565;2226
-15.0;502;-867.0;-952.0;-834.0;-502;-522
209.0;55;?;-1015.0;-916.0;-55;-265
357.0;169;-915.0;-986.0;-940.0;-169;60
200.0;-20;-887.0;-934.0;-933.0;20;-100
16.0;42;-918.0;?;-952.0;-42;11
-75.0;48;-951.0;-895.0;-972.0;-48;-31
-104.0;48;-1048.0;-934.0;-1023.0;?;-30
-59.0;27;-962.0;-1038.0;-1071.0;-27;2
37.0;?;-1017.0;-1015.0;-1125.0;?;?
?;16;-1063.0;-1049.0;-1190.0;-16;30
95.0;35;-1141.0;-1042.0;-1104.0;-35;21
?;48;-1161.0;-1144.0;-1128.0;-48;-13
?;-8;-1126.0;-1181.0;?;8;-11
57.0;-22;-970.0;-1107.0;-817.0;22;-26
180.0;15;-894.0;-952.0;-737.0;-15;18
195.0;11;-895.0;-936.0;-704.0;-11;19
112.0;23;-986.0;?;-739.0;-23;-34
161.0;41;-1020.0;-1019.0;-826.0;?;-24
156.0;75;-994.0;-1018.0;-903.0;-75;-21
?;195;-935.0;-923.0;-882.0;-195;-26
67.0;?;-907.0;-865.0;-878.0;-340;-50
50.0;459;-906.0;-858.0;-899.0;-459;-21
20.0;?;-948.0;-884.0;-936.0;-1167;10
?;2108;-978.0;-934.0;-958.0;-2108;-49
86.0;3902;-951.0;-951.0;-980.0;-3902;-66
-2.0;6926;-926.0;-926.0;-932.0;-6926;-617
60.0;7354;-934.0;-933.0;-915.0;-7354;-1384
-129.0;5663;-945.0;-980.0;-926.0;-5663;-148
55.0;3649;?;?;-950.0;-3649;79
170.0;-85;-998.0;-1051.0;-1002.0;85;-881
-164.0;-2932;-955.0;-1053.0;-1017.0;2932;842
13.0;-3485;-913.0;-990.0;-959.0;?;1268
?;-3399;-910.0;-936.0;-921.0;?;708
-31.0;-3857;-1057.0;-1008.0;-991.0;3857;188
-27.0;-4542;-1140.0;?;?;4542;-259
1.0;-4933;-1191.0;-1181.0;-1205.0;4933;-292
?;-4957;-1123.0;-1096.0;-1155.0;4957;-644
-75.0;-4289;-906.0;-863.0;?;4289;187
-92.0;-4118;-857.0;-743.0;?;4118;-2406
-131.0;-4006;?;-817.0;-1102.0;4006;?
-74.0;-1136;-956.0;-862.0;-1155.0;1136;3504
-48.0;2562;-971.0;-868.0;-1130.0;-2562;?
?;3435;-898.0;-854.0;-1011.0;-3435;364
-8.0;2574;-802.0;-827.0;-877.0;-2574;1405
144.0;?;?;-826.0;?;-1235;-889
-33.0;109;-756.0;-850.0;-777.0;-109;490
-67.0;47;?;-910.0;-817.0;-47;-248
251.0;61;-842.0;-958.0;-889.0;-61;-114
14.0;12;-858.0;-954.0;-930.0;-12;?
-283.0;?;-848.0;-935.0;-945.0;?;-167
-163.0;124;-923.0;-941.0;-1001.0;-124;63
-51.0;141;-983.0;-915.0;-1019.0;-141;?
?;196;-1114.0;-1035.0;-1099.0;-196;-3
116.0;189;-1238.0;-1211.0;-1242.0;-189;-29
-67.0;91;-1261.0;-1264.0;-1289.0;-91;-23
-18.0;16;-1052.0;-1176.0;-1030.0;-16;-6
-57.0;48;-852.0;?;-677.0;-48;?
158.0;54;-948.0;-957.0;-716.0;-54;?
144.0;78;-1060.0;-1047.0;-865.0;-78;-22
78.0;138;-1057.0;-1049.0;-943.0;-138;-19
123.0;218;-1042.0;-1027.0;-933.0;-218;-31
93.0;676;?;-943.0;-881.0;?;-42
135.0;?;-862.0;-884.0;?;-1160;-46
105.0;1812;-833.0;-819.0;-778.0;?;-11
-7.0;2575;-876.0;-824.0;-810.0;-2575;-48
192.0;3295;-906.0;-840.0;-863.0;-3295;-13
187.0;5314;-915.0;-857.0;-871.0;-5314;-327
58.0;?;?;-891.0;-874.0;-7208;-1261
240.0;6276;-934.0;-949.0;-879.0;-6276;-451
-100.0;3776;-917.0;-973.0;-876.0;-3776;48
-85.0;522;?;-1000.0;?;-522;-726
?;-2916;-1001.0;-1010.0;-913.0;2916;586
215.0;?;?;-1099.0;-999.0;3753;1203
-69.0;-3131;-1003.0;-1093.0;?;3131;?
?;-3713;-936.0;-1045.0;-954.0;3713;357
-6.0;-4770;-1101.0;?;-1037.0;4770;-142
44.0;-5216;-1139.0;?;?;5216;-148
?;-5155;-1158.0;-1158.0;-1236.0;5155;?
-7.0;-4691;-1073.0;-1097.0;-1179.0;4691;-367
-77.0;-3108;?;-829.0;-1065.0;3108;-840
-91.0;-3656;-986.0;-807.0;-1103.0;3656;?
-111.0;-3282;-997.0;?;-1185.0;3282;-483
-44.0;-2190;-994.0;-892.0;-1136.0;2190;3241
?;-2956;-883.0;-844.0;-978.0;2956;4266
42.0;2297;-792.0;-751.0;?;-2297;-71
?;3511;-748.0;-738.0;?;?;-1437
113.0;?;-753.0;-783.0;-736.0;573;327
-36.0;308;-814.0;-905.0;-785.0;-308;-41
-90.0;95;-871.0;-1001.0;-864.0;-95;-83
256.0;-203;-915.0;-1033.0;?;203;?
?;221;?;-1006.0;-972.0;-221;?
-276.0;-107;-869.0;-950.0;-959.0;107;40
-25.0;151;-889.0;-854.0;-948.0;-151;?
93.0;63;-971.0;-901.0;-971.0;-63;15
131.0;-37;?;-1080.0;-1119.0;37;25
87.0;-42;-1275.0;-1269.0;-1135.0;?;9
?;?;-1291.0;-1335.0;-1255.0;14;9
-30.0;-29;-1060.0;-1169.0;-895.0;?;10
76.0;-45;-756.0;-950.0;-670.0;45;-9
154.0;-26;-881.0;-797.0;-715.0;26;-9
217.0;-12;-1019.0;-954.0;-859.0;12;?
-95.0;340;-942.0;-945.0;?;-340;158
-56.0;-305;-868.0;-901.0;-997.0;305;-191
-94.0;132;-823.0;-874.0;-916.0;-132;70
?;0;-848.0;-839.0;?;0;-42
22.0;3;-867.0;-821.0;-959.0;-3;-25
-14.0;122;-921.0;-851.0;-949.0;-122;8
-92.0;94;-939.0;-856.0;-859.0;-94;-31
20.0;138;-897.0;-877.0;-852.0;-138;0
25.0;159;-959.0;-944.0;-828.0;-159;-20
172.0;154;-987.0;?;-754.0;-154;-17
56.0;126;?;-962.0;?;-126;-9
95.0;141;-905.0;-947.0;-552.0;-141;?
?;?;-960.0;-945.0;-510.0;?;-13
92.0;102;-999.0;-979.0;-502.0;-102;-27
103.0;218;-967.0;-942.0;-479.0;-218;-22
124.0;238;?;-962.0;-410.0;?;-21
?;274;-1032.0;-971.0;?;-274;-27
137.0;291;-998.0;-975.0;-270.0;-291;-27
25.0;243;?;-1005.0;-268.0;-243;-29
79.0;163;-973.0;?;-284.0;-163;-20
83.0;95;?;?;?;-95;-8
121.0;107;-984.0;-982.0;-244.0;-107;-16
76.0;110;-970.0;-999.0;-217.0;-110;-18
55.0;74;-966.0;-1041.0;?;-74;-15
85.0;82;-1011.0;-1065.0;-293.0;-82;-20
104.0;84;-1034.0;?;-288.0;-84;?
96.0;152;-999.0;-981.0;-264.0;-152;-19
92.0;190;-1004.0;-1005.0;-276.0;-190;-20
80.0;76;-992.0;-998.0;-248.0;?;-11
58.0;64;-968.0;-967.0;-261.0;-64;-8
77.0;-3;-964.0;-945.0;-248.0;3;-11
31.0;-126;-940.0;-907.0;-256.0;126;-23
109.0;-119;-948.0;-912.0;-247.0;119;-26
93.0;-92;-974.0;?;-263.0;?;-16
-26.0;-20;-965.0;-917.0;-279.0;20;-21
?;20;-990.0;-944.0;-325.0;-20;-15
26.0;6;-992.0;-941.0;-334.0;-6;-11
40.0;-29;-975.0;-929.0;?;29;-18
83.0;-19;-944.0;-961.0;-319.0;19;?
114.0;-24;-926.0;-980.0;-386.0;24;-17
134.0;?;-930.0;-1039.0;-569.0;?;-14
196.0;-249;?;-1180.0;-590.0;249;-18
213.0;-195;?;-1109.0;-662.0;195;-15
170.0;-219;-990.0;-948.0;-652.0;219;-18
210.0;-259;?;-852.0;-727.0;259;-17
157.0;-257;?;?;-833.0;?;-14
188.0;-229;-974.0;-833.0;-767.0;229;-42
?;-232;-966.0;?;-799.0;232;-27
159.0;-242;-994.0;-945.0;-934.0;?;?
217.0;?;-973.0;-966.0;-831.0;152;-45
149.0;-93;-992.0;-959.0;-923.0;93;-48
150.0;-95;-959.0;?;-948.0;95;-8
168.0;24;-926.0;-877.0;-913.0;-24;-25
111.0;92;-926.0;-838.0;-954.0;-92;-53
179.0;61;-942.0;-822.0;-1007.0;-61;-8
?;117;-957.0;-833.0;-902.0;-117;16
175.0;97;?;-873.0;-866.0;-97;-13
121.0;?;-976.0;-901.0;-855.0;-44;-25
138.0;83;-917.0;-883.0;-830.0;-83;-32
70.0;-189;-894.0;-854.0;-741.0;189;?
84.0;?;?;-921.0;-811.0;623;17
197.0;-731;-1005.0;?;-895.0;731;-28
92.0;-437;-918.0;-881.0;?;437;-52
41.0;-105;-1028.0;-916.0;-855.0;105;-70
42.0;-78;-1031.0;?;-929.0;78;-83
80.0;-32;-918.0;-864.0;-866.0;32;-41
116.0;-8;-928.0;-828.0;-847.0;8;-14
86.0;-76;-1001.0;-868.0;?;76;-21
69.0;-48;-976.0;-930.0;-900.0;48;?
139.0;-86;-950.0;-935.0;-856.0;86;-17
141.0;-27;-975.0;-993.0;-865.0;27;-24
?;19;-901.0;-901.0;-1055.0;-19;?
94.0;18;-892.0;-886.0;-1117.0;-18;-6
107.0;48;-856.0;-856.0;-1066.0;-48;-20
112.0;1;-849.0;?;-1030.0;-1;6
151.0;?;-860.0;-829.0;-994.0;-61;-30
146.0;25;-889.0;-863.0;-1001.0;-25;-19
97.0;?;-910.0;-894.0;-1053.0;-48;-29
33.0;?;-928.0;-949.0;-998.0;?;-153
74.0;38;?;-995.0;-905.0;-38;105
55.0;249;-899.0;-917.0;-939.0;-249;248
30.0;?;-885.0;-854.0;-1158.0;-267;293
41.0;-325;-895.0;?;?;?;404
52.0;30;-894.0;-886.0;-1050.0;-30;93
60.0;61;-901.0;?;-972.0;-61;-5
1.0;-182;-903.0;-943.0;-894.0;182;22
17.0;-39;-926.0;-941.0;-904.0;39;?
95.0;-92;?;?;-940.0;92;14
210.0;-53;-929.0;-947.0;?;53;-23
232.0;?;?;-936.0;-912.0;-25;?
14.0;30;-863.0;-917.0;-854.0;-30;?
106.0;25;-907.0;-946.0;-907.0;-25;-35
45.0;37;-1047.0;-1083.0;-1127.0;-37;-22
152.0;35;-1084.0;?;-1174.0;-35;-20
226.0;18;-1179.0;?;?;-18;-21
183.0;20;-1012.0;-975.0;-1071.0;-20;-13
173.0;-5;-905.0;-843.0;-749.0;5;-16
153.0;-18;?;-864.0;-718.0;18;-18
?;-17;-980.0;-951.0;-752.0;17;-17
?;-24;-1130.0;-1102.0;-796.0;24;-19
12.0;18;-1125.0;-1191.0;?;-18;-16
17.0;52;-1064.0;-1131.0;?;-52;-17
46.0;29;-1027.0;-1065.0;?;?;-14
25.0;?;-1025.0;-1005.0;-490.0;-10;-18
22.0;4;-961.0;-958.0;-396.0;-4;?
26.0;12;-952.0;-885.0;-378.0;-12;-25
5.0;71;-933.0;-902.0;-318.0;-71;-23
52.0;?;?;-952.0;-272.0;-115;-16
39.0;?;-950.0;-1012.0;-288.0;-111;-19
60.0;138;-1012.0;-1032.0;-293.0;-138;-21
84.0;159;-1020.0;-1010.0;-321.0;?;-28
40.0;?;-1028.0;-984.0;-312.0;-122;-23
26.0;126;-1011.0;-967.0;-248.0;?;?
51.0;152;-976.0;-977.0;-209.0;-152;-19
20.0;137;-1017.0;-981.0;-205.0;-137;?
6.0;189;-984.0;-948.0;-222.0;-189;-13
3.0;246;-976.0;-930.0;?;-246;-39
76.0;234;-992.0;-970.0;-220.0;-234;-30
-44.0;198;-989.0;-962.0;-214.0;-198;?
-130.0;119;-989.0;-936.0;-203.0;-119;-16
-128.0;104;-947.0;-906.0;-197.0;-104;-11
-125.0;87;-964.0;-908.0;-193.0;-87;-21
-127.0;40;-975.0;-929.0;-201.0;-40;-28
-130.0;14;-973.0;-933.0;-219.0;-14;-13
-138.0;-15;-981.0;?;-206.0;15;-7
-94.0;15;-971.0;-975.0;-248.0;-15;-19
-165.0;-7;-991.0;-971.0;-270.0;7;-20
-127.0;-26;-990.0;?;-350.0;26;-18
-95.0;-36;-992.0;-951.0;?;36;-22
-160.0;-69;-942.0;-920.0;-301.0;69;?
?;-39;-916.0;-866.0;-298.0;39;?
-105.0;-69;-899.0;-803.0;-290.0;69;-21
-139.0;-70;-907.0;-831.0;-264.0;70;-19
?;-43;-921.0;-819.0;-282.0;43;?
?;-47;-926.0;-819.0;-306.0;47;-17
-97.0;-49;-905.0;-789.0;-286.0;49;-12
-112.0;-71;-922.0;-801.0;-321.0;71;-10
?;-44;-899.0;-776.0;-335.0;44;-15
-66.0;-95;-917.0;?;-336.0;95;-21
-95.0;-136;-909.0;-808.0;-361.0;?;-6
-63.0;?;-893.0;-847.0;-295.0;?;-4
-62.0;-92;-902.0;-877.0;-299.0;?;-24
-63.0;-62;-907.0;-852.0;-304.0;62;-15
-3.0;-82;-916.0;-825.0;-308.0;82;-10
56.0;-76;-923.0;-861.0;?;76;-22
53.0;-47;-906.0;?;-338.0;47;-20
60.0;-105;-934.0;?;-345.0;105;-14
81.0;-146;?;-938.0;-363.0;?;-13
95.0;-141;-920.0;-999.0;-384.0;141;-23
105.0;-112;-980.0;-1012.0;-426.0;112;-24
89.0;-104;-954.0;-991.0;-345.0;104;-16
116.0;-116;-949.0;-1012.0;?;116;-19
57.0;-98;-1000.0;-940.0;-480.0;98;-26
89.0;-81;-995.0;-981.0;?;81;-20
100.0;-81;-981.0;-1024.0;-514.0;81;-17
100.0;-74;-984.0;-1004.0;-547.0;74;-23
69.0;-65;-997.0;-1024.0;?;65;-23
81.0;-55;-996.0;-1044.0;-656.0;55;-22
124.0;-48;-951.0;-1003.0;-692.0;48;-22
96.0;-48;-973.0;-975.0;-719.0;48;-22
83.0;-31;-1010.0;-1020.0;-781.0;31;-24
79.0;-17;?;-998.0;-772.0;17;-18
92.0;-16;-986.0;-973.0;-766.0;16;-19
62.0;-30;-1003.0;-951.0;-751.0;30;-19
100.0;-10;-981.0;-934.0;-806.0;10;-11
82.0;18;?;-947.0;-805.0;-18;-16
98.0;-18;-995.0;-939.0;-796.0;18;-21
51.0;-13;?;?;-766.0;13;-21
?;?;-978.0;-914.0;-784.0;-9;-20
119.0;-25;-985.0;?;-796.0;25;-21
?;-12;-978.0;?;-775.0;12;-20
73.0;17;-962.0;?;-786.0;-17;-13
75.0;7;-964.0;-908.0;-796.0;-7;-18
47.0;13;-970.0;-895.0;-786.0;-13;-23
67.0;-11;-962.0;-855.0;-795.0;11;-19
77.0;-36;?;-882.0;-788.0;36;-20
84.0;-3;-952.0;?;-827.0;3;-18
69.0;-1;-968.0;-909.0;-828.0;1;-18
91.0;-10;-960.0;-894.0;-809.0;10;-23
40.0;11;-954.0;-905.0;-816.0;-11;-18
72.0;17;-972.0;-921.0;-824.0;-17;-17
62.0;3;-965.0;-913.0;-818.0;-3;-22
95.0;-4;-960.0;-890.0;-848.0;4;-15
71.0;-3;-942.0;-876.0;-851.0;?;-17
63.0;-12;-959.0;-890.0;-864.0;12;-25
58.0;?;-954.0;-886.0;-858.0;18;-22
68.0;-31;-944.0;-872.0;-859.0;31;-19
?;-20;-948.0;-888.0;-867.0;20;-19
72.0;-4;-947.0;-902.0;-863.0;4;-17
87.0;-24;-955.0;-914.0;-850.0;24;-16
92.0;-1;-963.0;-928.0;-857.0;1;-16
?;26;-955.0;-916.0;-854.0;-26;-17
81.0;-6;-952.0;-912.0;-853.0;6;-17
77.0;2;-955.0;-907.0;?;-2;-19
69.0;18;?;-889.0;?;-18;-21
91.0;-4;-953.0;?;-868.0;4;-20
90.0;8;-951.0;-896.0;-872.0;-8;-18
69.0;-14;-949.0;-902.0;-874.0;14;?
?;-35;-953.0;-905.0;-868.0;35;-19
117.0;0;-955.0;-916.0;-883.0;0;-16
80.0;-3;-956.0;?;-886.0;3;-14
41.0;0;?;-926.0;-879.0;0;-18
?;15;-957.0;-934.0;?;-15;-22
84.0;-5;-961.0;-930.0;-861.0;5;-16
87.0;1;-956.0;-919.0;-847.0;-1;-15
86.0;-7;?;-913.0;-846.0;7;-18
79.0;-7;-961.0;-922.0;-872.0;7;?
76.0;55;-971.0;-937.0;-895.0;?;-16
67.0;42;-966.0;-900.0;?;-42;-15
106.0;39;-945.0;-884.0;-876.0;-39;-15
104.0;62;-955.0;-950.0;-872.0;-62;-21
?;40;-954.0;-992.0;-877.0;-40;?
70.0;50;-965.0;-1003.0;-881.0;?;-19
40.0;34;-965.0;-1013.0;-883.0;-34;-16
52.0;?;-959.0;-997.0;?;-34;-17
52.0;?;-957.0;-978.0;-884.0;-35;-16
62.0;33;-966.0;-966.0;-891.0;-33;-17
61.0;37;?;-944.0;-894.0;-37;-20
59.0;-11;-978.0;-965.0;-874.0;11;-17
70.0;37;-965.0;-963.0;-895.0;-37;-21
76.0;101;-949.0;-964.0;-873.0;-101;-27
48.0;27;-961.0;-977.0;-865.0;-27;-20
73.0;-45;-979.0;-971.0;-837.0;?;-12
72.0;-24;-968.0;-961.0;-806.0;24;-14
40.0;6;-969.0;-961.0;-749.0;-6;-19
72.0;-3;-996.0;-960.0;-712.0;3;-19
77.0;?;-981.0;-951.0;-716.0;-9;-18
11.0;43;-998.0;-947.0;-689.0;-43;-20
?;80;-1031.0;-967.0;-681.0;-80;-18
-9.0;83;-999.0;-948.0;-675.0;-83;-16
10.0;44;-967.0;-940.0;-593.0;-44;-18
?;40;?;-948.0;?;-40;-15
-50.0;27;-956.0;-956.0;-428.0;-27;?
?;22;-951.0;-932.0;-353.0;-22;-18
26.0;41;-979.0;-955.0;-308.0;-41;-17
-60.0;40;-1003.0;-984.0;-320.0;-40;-17
-16.0;74;-1038.0;-1012.0;-330.0;-74;-22
-21.0;91;-1049.0;-1004.0;-276.0;-91;-22
?;82;-1017.0;-982.0;-225.0;-82;?
-51.0;122;-980.0;?;-255.0;-122;?
-66.0;120;-973.0;-1011.0;-265.0;-120;?
-63.0;64;-969.0;-1013.0;-254.0;-64;-24
-127.0;43;-959.0;-998.0;-267.0;-43;-12
-95.0;32;-966.0;-1012.0;-250.0;-32;?
-81.0;62;-1000.0;-1032.0;-232.0;-62;-11
-121.0;84;-988.0;-1027.0;-247.0;-84;?
-139.0;87;-988.0;-1007.0;-249.0;-87;-30
-165.0;106;-985.0;-1016.0;-235.0;-106;-9
-118.0;62;-996.0;-1043.0;-240.0;-62;-25
-132.0;49;-979.0;-1015.0;-235.0;-49;-26
-105.0;32;-986.0;-994.0;-228.0;-32;-10
-116.0;-13;-953.0;-989.0;-202.0;13;-15
?;-3;?;-976.0;-208.0;3;-13
-114.0;-4;-983.0;-985.0;-221.0;?;-13
-74.0;10;-966.0;-963.0;-262.0;?;-17
-116.0;28;-946.0;-969.0;-285.0;-28;-17
-133.0;28;-956.0;-929.0;-306.0;-28;-16
-77.0;31;-959.0;-902.0;-321.0;-31;-17
-71.0;66;?;-901.0;?;-66;-22
-61.0;123;-925.0;-911.0;-341.0;-123;-20
-61.0;110;?;-909.0;-335.0;-110;-14
-43.0;74;-979.0;-936.0;-301.0;-74;-14
-99.0;77;-971.0;-952.0;-309.0;-77;-23
-15.0;59;-952.0;-942.0;-285.0;-59;?
21.0;-80;-934.0;-953.0;-272.0;80;-17
19.0;-278;-933.0;?;-283.0;278;-14
42.0;-296;-930.0;?;-303.0;296;17
54.0;-184;-966.0;-968.0;-341.0;184;-3
?;-156;-984.0;-983.0;?;156;-33
118.0;-135;-1003.0;-995.0;-415.0;?;-27
138.0;-70;-1068.0;-1003.0;-410.0;70;-23
181.0;-116;?;-1018.0;-378.0;116;-17
114.0;-167;-958.0;-963.0;-366.0;167;-43
91.0;-92;-1009.0;-982.0;-382.0;92;13
?;-212;-912.0;-1012.0;-428.0;212;-75
180.0;-157;-988.0;-1017.0;-527.0;157;1
?;-69;-992.0;-1023.0;-511.0;69;-54
172.0;-350;-1004.0;-1060.0;-678.0;350;-234
155.0;-318;-1117.0;-1038.0;-626.0;?;36
-56.0;-760;-1019.0;-1104.0;-694.0;?;-842
-117.0;-1370;-1048.0;?;-706.0;1370;-754
-21.0;-597;-991.0;-991.0;-745.0;597;?
-104.0;437;-920.0;-1000.0;-785.0;-437;?
?;649;-960.0;-955.0;-749.0;?;105
3.0;732;-916.0;-918.0;-775.0;-732;117
218.0;1073;-917.0;-919.0;-778.0;-1073;-132
?;1037;-932.0;-953.0;-813.0;-1037;-135
-81.0;?;-995.0;-1037.0;-871.0;-995;-12
-108.0;944;-994.0;-1087.0;-1019.0;-944;71
-42.0;386;-1004.0;-1064.0;-1052.0;-386;-9
-87.0;142;-906.0;-1007.0;-1096.0;-142;112
-51.0;299;-975.0;?;-1177.0;?;231
-107.0;2778;-1044.0;-919.0;-1301.0;-2778;-539
-141.0;3994;-992.0;-834.0;-1271.0;-3994;-1220
-84.0;?;-934.0;-862.0;-1223.0;?;-1120
-264.0;447;-908.0;-880.0;-1137.0;?;-1045
-281.0;533;-879.0;-893.0;?;-533;-400
?;?;-901.0;-895.0;?;76;108
-150.0;?;-883.0;?;-999.0;-249;-76
?;96;?;-913.0;-947.0;-96;?
-195.0;102;-954.0;-937.0;-920.0;-102;-13
129.0;125;?;?;-906.0;-125;-4
-76.0;-79;-875.0;?;-860.0;79;23
212.0;-52;-945.0;?;-840.0;52;-58
-29.0;-24;-1038.0;-1072.0;-879.0;24;-46
-79.0;73;-824.0;-1015.0;-581.0;-73;-1
?;227;-1145.0;-1156.0;-737.0;-227;-11
-62.0;266;-1201.0;-1352.0;-1013.0;-266;-25
-52.0;467;-1307.0;-1323.0;-1148.0;-467;7
-81.0;642;-1219.0;-1266.0;-1222.0;-642;-19
?;1163;-1041.0;-1131.0;-1077.0;-1163;-31
108.0;1865;-929.0;-1012.0;-974.0;-1865;-33
83.0;2837;-824.0;-876.0;?;-2837;-27
120.0;5081;-755.0;-773.0;-835.0;-5081;-135
-10.0;6676;-788.0;?;-824.0;-6676;-679
326.0;7052;?;-764.0;?;-7052;-846
148.0;4916;-877.0;-836.0;?;-4916;-942
-14.0;-541;?;-872.0;-877.0;541;-714
-170.0;-3941;?;-881.0;-851.0;3941;764
27.0;-4045;?;-948.0;-874.0;4045;1269
19.0;-3856;-901.0;-985.0;-850.0;3856;?
-553.0;-3966;-951.0;-1055.0;-854.0;3966;459
-148.0;-4495;-980.0;-1156.0;-964.0;4495;75
-65.0;-5322;-1258.0;-1306.0;-1101.0;5322;-104
53.0;-5442;-1262.0;-1370.0;-1229.0;5442;-267
?;-5144;-1165.0;-1067.0;-1193.0;5144;-495
?;-4541;-943.0;-674.0;-1134.0;4541;-618
-139.0;-2746;-1051.0;-738.0;-954.0;2746;?
-96.0;-5437;-999.0;-955.0;?;5437;26
36.0;-5600;-1084.0;-964.0;-1074.0;5600;2411
38.0;3835;-1114.0;?;-1124.0;-3835;?
-51.0;4565;?;-1057.0;-1022.0;-4565;-3672
80.0;-129;-869.0;-908.0;-839.0;129;-1286
-38.0;500;-783.0;-863.0;-722.0;-500;?
?;177;-772.0;-865.0;-681.0;-177;-28
119.0;-6;-807.0;-898.0;-700.0;6;-44
226.0;171;-837.0;-921.0;-759.0;-171;-56
228.0;-4;-854.0;-949.0;?;4;24
5.0;163;-868.0;-939.0;-873.0;-163;-45
-68.0;98;-844.0;-882.0;-889.0;-98;?
-201.0;74;-887.0;-834.0;-959.0;-74;?
-53.0;92;-1186.0;-980.0;-1088.0;-92;-22
177.0;85;-1134.0;-1115.0;-1171.0;?;-13
-125.0;?;-1215.0;-1198.0;-1130.0;33;-9
-151.0;-23;-1205.0;-1249.0;-1111.0;23;-20
-5.0;?;-986.0;-1090.0;-836.0;-38;-26
156.0;?;-893.0;-1021.0;-663.0;-28;?
32.0;19;-930.0;-940.0;-656.0;?;-13
3.0;6;-992.0;?;-818.0;-6;-12
?;15;?;-1035.0;?;-15;-20
65.0;?;?;?;-912.0;21;-44
17.0;-57;?;?;-991.0;57;-38
-29.0;-13;-873.0;?;-956.0;13;-15
-46.0;?;-859.0;-830.0;-1000.0;-21;-19
7.0;109;-875.0;-808.0;-960.0;?;?
-66.0;216;-906.0;-878.0;?;-216;-39
-31.0;335;-943.0;-922.0;-1020.0;-335;-35
-62.0;472;-929.0;-930.0;-986.0;?;-29
29.0;826;-931.0;-988.0;-960.0;?;-57
-191.0;1381;-920.0;?;-1049.0;-1381;-74
-164.0;1366;-938.0;?;-1081.0;-1366;-195
-61.0;840;-921.0;?;-1082.0;-840;?
?;564;-871.0;-981.0;-1021.0;-564;21
-239.0;43;-897.0;-968.0;-1018.0;-43;85
?;-646;-893.0;-1003.0;?;646;137
-144.0;-877;-868.0;-975.0;-982.0;877;119
-173.0;-1155;-871.0;-971.0;-970.0;1155;99
?;-1181;-885.0;-1016.0;-998.0;1181;-26
-138.0;?;-841.0;-994.0;-957.0;1312;230
-153.0;-1093;-858.0;-945.0;-974.0;1093;-32
-134.0;-200;-921.0;-992.0;-1052.0;200;-697
?;-235;-939.0;-1034.0;-1015.0;235;-118
-196.0;-246;-902.0;?;-971.0;246;86
-127.0;14;-896.0;?;-1021.0;-14;-145
-91.0;-122;-899.0;-1017.0;-1021.0;122;39
-121.0;-89;-912.0;?;-1018.0;89;-31
-87.0;-58;?;?;-988.0;58;-14
-85.0;?;-866.0;-963.0;-952.0;39;2
-103.0;-19;-868.0;-987.0;-967.0;19;-32
-127.0;-50;-877.0;-998.0;-1013.0;50;-8
-66.0;-21;-868.0;-976.0;-1026.0;21;-19
-48.0;7;-871.0;-958.0;?;-7;?
-71.0;?;-888.0;-951.0;-1065.0;12;-26
-30.0;-35;-973.0;?;?;35;-21
-51.0;-26;-938.0;-1047.0;-1053.0;26;-10
-45.0;24;-870.0;-993.0;-993.0;-24;-17
-24.0;32;-828.0;-971.0;-974.0;-32;?
-14.0;?;?;?;-989.0;4;?
-6.0;15;-919.0;?;-972.0;-15;-25
-32.0;21;-903.0;-995.0;-974.0;-21;-29
49.0;17;-881.0;-971.0;-973.0;-17;-21
19.0;14;-899.0;-983.0;-958.0;-14;-17
23.0;?;-919.0;-998.0;-962.0;-8;-15
28.0;18;-934.0;-1025.0;-963.0;-18;-11
33.0;26;-925.0;-1023.0;-923.0;-26;?
24.0;?;-924.0;-1017.0;-884.0;-56;-16
28.0;50;-938.0;-1008.0;-890.0;-50;-12
62.0;19;-953.0;-1007.0;-891.0;-19;-17
68.0;20;-960.0;-1008.0;-913.0;-20;-18
27.0;18;-959.0;-1007.0;-910.0;-18;-19
38.0;1;-957.0;-1013.0;-915.0;-1;-23
51.0;-39;?;-985.0;-908.0;39;-16
66.0;-84;?;-974.0;-892.0;?;-19
63.0;-86;-936.0;-979.0;-888.0;86;-21
77.0;?;-946.0;-1010.0;-888.0;50;-11
65.0;-15;-962.0;-1022.0;?;?;?
?;5;-963.0;?;-903.0;-5;-14
41.0;-7;-960.0;-1012.0;-910.0;7;-18
70.0;-52;-956.0;-1001.0;-913.0;52;-14
53.0;-25;-936.0;-989.0;-903.0;25;-19
?;32;-925.0;-1010.0;-881.0;-32;-22
18.0;-2;-918.0;-1005.0;-876.0;?;?
16.0;-36;-921.0;-1048.0;-902.0;36;-24
32.0;-13;-933.0;-1134.0;-878.0;13;-20
2.0;25;-937.0;-1120.0;-851.0;-25;-18
6.0;-35;-938.0;-1186.0;-855.0;35;-32
43.0;-36;-938.0;-1180.0;-824.0;?;-12
35.0;-12;?;-1163.0;-828.0;12;-28
56.0;-39;-939.0;-1085.0;-821.0;?;-43
63.0;?;-927.0;-961.0;-833.0;-67;5
45.0;-146;-943.0;-872.0;-850.0;146;-85
?;81;-937.0;-868.0;?;-81;-62
79.0;-451;-951.0;-874.0;-846.0;451;-203
30.0;-2089;-948.0;-848.0;-869.0;?;-476
-97.0;-2231;?;-833.0;-855.0;2231;60
-79.0;-2213;-948.0;?;-861.0;?;486
?;-1522;-927.0;-775.0;-859.0;1522;93
-10.0;282;-919.0;-780.0;-852.0;-282;-239
-285.0;885;-945.0;-830.0;-868.0;-885;-352
?;891;?;-888.0;-916.0;-891;-357
-96.0;193;-1012.0;-947.0;-993.0;-193;-100
-270.0;-1341;-870.0;?;-955.0;?;72
-274.0;-2364;-873.0;-852.0;-916.0;?;?
-306.0;-2301;-885.0;-878.0;?;2301;94
-199.0;?;-875.0;?;?;2197;?
-215.0;-2900;-967.0;-902.0;?;2900;?
-189.0;-3134;-1032.0;-1034.0;-1115.0;?;-367
-179.0;-1988;-985.0;-1083.0;-1078.0;?;277
-116.0;-967;-1008.0;?;-1098.0;967;-397
-52.0;-981;-1011.0;-960.0;-1129.0;981;277
?;-334;-969.0;-910.0;-1073.0;334;?
-48.0;2585;-942.0;-881.0;-1025.0;-2585;664
-22.0;?;-929.0;-867.0;?;-4858;-136
-68.0;3164;-946.0;-893.0;-1005.0;-3164;-760
-4.0;?;-948.0;?;-1007.0;-1541;-1220
-67.0;1378;-926.0;-922.0;-1005.0;-1378;-264
-19.0;304;?;-896.0;-983.0;-304;-232
124.0;46;?;-870.0;-971.0;?;-126
86.0;163;-908.0;?;-955.0;-163;25
-94.0;-90;-896.0;-844.0;?;90;-85
-392.0;-51;-935.0;-885.0;-926.0;51;20
-45.0;-81;-928.0;-891.0;-939.0;81;-21
139.0;-70;-916.0;-903.0;-957.0;70;-13
95.0;-13;-1038.0;-983.0;-993.0;13;-4
-161.0;9;-1262.0;-1168.0;-1248.0;-9;-49
-146.0;-15;-1343.0;-1150.0;-1177.0;15;-9
-48.0;-25;-1108.0;-1200.0;-1072.0;25;0
?;-1;-916.0;-1124.0;-854.0;1;-13
100.0;-23;-1043.0;-1004.0;-920.0;23;24
?;-20;-1039.0;-1033.0;-1136.0;20;-26
9.0;98;-1092.0;-1109.0;?;-98;-37
26.0;207;-1056.0;-1038.0;-973.0;-207;-59
?;583;-894.0;-927.0;-880.0;-583;-184
6.0;387;?;-857.0;-783.0;-387;-127
3.0;529;?;-810.0;-743.0;-529;-46
134.0;2182;-865.0;?;-687.0;-2182;-101
96.0;?;-911.0;-766.0;-716.0;-2328;-36
-489.0;1633;-925.0;-785.0;-740.0;-1633;-16
-546.0;1235;-914.0;?;-668.0;-1235;304
-660.0;238;-942.0;-910.0;-653.0;-238;266
-755.0;-254;?;-941.0;-689.0;254;?
-553.0;-690;-1032.0;-995.0;-738.0;690;-404
?;-928;-1051.0;-1055.0;-843.0;928;-134
-511.0;-651;-1024.0;-1103.0;-862.0;651;63
-433.0;-482;-816.0;-1081.0;-995.0;482;75
-348.0;-343;-941.0;-899.0;-1032.0;343;-246
-396.0;-268;-1029.0;-1012.0;-1131.0;268;-88
-451.0;-295;-922.0;?;-1147.0;295;-76
-424.0;-306;-821.0;-939.0;?;?;?
-478.0;-92;-793.0;-842.0;-1091.0;92;69
-438.0;?;-663.0;-712.0;-1054.0;-91;-53
-405.0;120;?;-661.0;-1043.0;?;34
-404.0;233;-588.0;-583.0;-1036.0;-233;76
-355.0;260;-579.0;-571.0;-1024.0;-260;-8
-378.0;165;-619.0;-539.0;?;-165;-63
?;-59;-648.0;-566.0;-997.0;59;-62
?;?;-641.0;-649.0;-1090.0;165;18
-326.0;-127;-668.0;-687.0;-1088.0;?;40
-263.0;-142;-716.0;-736.0;-1098.0;142;?
-285.0;-60;-745.0;-810.0;?;60;67
-329.0;-382;-755.0;-784.0;?;382;-29
-394.0;-596;-739.0;?;?;596;22
-381.0;-603;-764.0;-878.0;-970.0;603;39
-359.0;-500;-786.0;-890.0;-982.0;500;110
-373.0;-30;-832.0;-858.0;-1028.0;30;341
-361.0;-313;-796.0;-898.0;-1008.0;313;-78
-307.0;?;-750.0;-944.0;-1013.0;326;-168
-272.0;?;-731.0;-890.0;-979.0;-108;102
-276.0;?;-726.0;-885.0;-1067.0;38;-64
-266.0;-61;-755.0;-933.0;?;61;-23
-313.0;?;-805.0;-924.0;-1108.0;75;-1
-284.0;-74;-804.0;-1029.0;-1084.0;74;-45
-244.0;-22;-840.0;-1003.0;-1116.0;22;-7
-261.0;?;-804.0;-992.0;-1015.0;55;-18
-273.0;-33;-767.0;-1000.0;-918.0;33;-3
-231.0;-26;?;-1000.0;-931.0;26;-4
-194.0;2;-808.0;-1032.0;-929.0;?;-7
-226.0;-4;-787.0;-1055.0;-823.0;4;-7
-232.0;-9;-859.0;-1065.0;-881.0;9;-22
-214.0;28;-849.0;-1025.0;-993.0;?;-24
-188.0;?;-824.0;-970.0;-1078.0;-14;-18
-190.0;-14;-811.0;-985.0;-1002.0;14;-24
-179.0;-6;?;-1003.0;-981.0;6;-19
-180.0;-13;-840.0;-1053.0;-953.0;13;-13
-170.0;-33;-838.0;-1007.0;-923.0;33;-22
-210.0;-19;-813.0;-1041.0;-886.0;19;-17
-180.0;-29;-809.0;-1069.0;-875.0;29;-13
-160.0;-49;-814.0;-1063.0;-867.0;49;-21
-212.0;-5;-816.0;?;-892.0;5;?
-176.0;8;-815.0;-934.0;-925.0;-8;-23
-181.0;-7;-800.0;-884.0;-961.0;7;-20
-213.0;14;-800.0;-892.0;-988.0;-14;-11
-197.0;18;-791.0;-871.0;-998.0;-18;-14
-166.0;8;?;-866.0;-1010.0;-8;-11
-189.0;13;-775.0;-860.0;-1001.0;-13;-17
-160.0;27;-757.0;-837.0;-1076.0;-27;-20
?;24;-746.0;-859.0;-1089.0;?;-13
-191.0;1;-754.0;-876.0;-1054.0;-1;-15
-209.0;-26;-755.0;?;-991.0;26;-18
-183.0;-20;?;-946.0;-1001.0;20;-19
-176.0;16;-763.0;-918.0;-993.0;-16;-20
?;-1;-748.0;-894.0;-1044.0;1;-16
-194.0;-33;-760.0;-916.0;-1041.0;?;-13
-199.0;-22;?;-911.0;-1040.0;22;?
-181.0;?;-737.0;-905.0;-1017.0;26;?
-176.0;-37;-752.0;-912.0;-994.0;?;?
-151.0;-17;-750.0;-978.0;-988.0;?;-21
-213.0;9;-756.0;-967.0;-961.0;-9;12
-169.0;2;-750.0;?;-938.0;-2;5
-154.0;-3;-759.0;-985.0;-950.0;3;-23
-164.0;-14;-733.0;-934.0;-947.0;14;-8
?;-54;-728.0;-940.0;-981.0;54;?
-170.0;-42;-724.0;-935.0;-1017.0;42;-20
?;-21;-707.0;-903.0;-1027.0;21;-11
-96.0;-66;-696.0;-897.0;-1036.0;66;-19
-80.0;-62;-708.0;-881.0;-1020.0;62;?
-60.0;-16;-708.0;-870.0;-1008.0;16;-12
-3.0;-22;-706.0;-865.0;-999.0;22;-18
-55.0;-26;-699.0;-848.0;-986.0;?;-10
-74.0;-27;?;-881.0;-958.0;27;-16
-71.0;2;-685.0;-913.0;-937.0;?;-24
-62.0;40;-686.0;-941.0;-933.0;-40;-21
?;10;?;?;-951.0;?;-19
-51.0;18;-781.0;-939.0;-989.0;-18;-15
-39.0;47;-855.0;-999.0;-999.0;-47;-49
-30.0;68;-876.0;-1065.0;-938.0;-68;-6
-26.0;168;-904.0;-1083.0;-906.0;-168;5
3.0;?;?;-1083.0;-880.0;-303;?
26.0;375;-889.0;-1075.0;-847.0;-375;12
61.0;480;-888.0;-1052.0;-830.0;-480;-70
-303.0;701;-874.0;-1028.0;?;-701;-39
-185.0;731;?;-996.0;-741.0;-731;-15
-89.0;?;-812.0;?;-717.0;-545;-34
?;122;-761.0;-930.0;-699.0;-122;35
-390.0;-290;-685.0;-854.0;-659.0;290;10
-416.0;-152;-619.0;-786.0;-599.0;152;36
-387.0;-29;-611.0;-755.0;-650.0;29;16
?;-104;-534.0;-724.0;?;104;-47
-381.0;-53;-557.0;-781.0;-907.0;53;?
-411.0;-24;-544.0;-925.0;?;24;?
-462.0;?;-503.0;-918.0;-900.0;-22;-14
-357.0;25;-537.0;-949.0;?;-25;-16
-414.0;34;-534.0;?;-963.0;-34;-13
-338.0;97;-519.0;-984.0;-1114.0;-97;-13
-307.0;100;-428.0;-841.0;-877.0;-100;-18
-284.0;61;-409.0;-749.0;?;-61;?
-321.0;22;-426.0;-749.0;-1012.0;-22;-15
-284.0;34;-420.0;-687.0;-1013.0;-34;-21
-276.0;66;?;-635.0;-999.0;-66;-20
-286.0;?;-481.0;-594.0;-1006.0;-30;-21
-277.0;11;-452.0;-615.0;-957.0;-11;-16
-302.0;29;-472.0;-621.0;-912.0;-29;-14
-287.0;-23;-471.0;-645.0;-883.0;23;-25
-291.0;-54;-475.0;-663.0;-896.0;54;-27
-286.0;-35;-494.0;?;-882.0;35;-20
-264.0;-21;-483.0;-639.0;-881.0;21;-20
?;-14;?;-618.0;-894.0;14;-16
-280.0;6;?;?;-900.0;-6;-15
-243.0;25;-477.0;-583.0;?;-25;-22
?;-29;-473.0;-577.0;-916.0;?;-22
?;-44;-483.0;-567.0;-944.0;44;-23
-229.0;-23;-487.0;-574.0;?;23;-27
-285.0;-24;-494.0;-603.0;-898.0;24;-21
-283.0;-4;-509.0;-623.0;-862.0;4;-20
?;-29;-515.0;-626.0;-874.0;29;-24
-296.0;-26;-522.0;-618.0;-913.0;26;-17
-345.0;15;-519.0;-623.0;-889.0;-15;-25
-331.0;18;-522.0;-640.0;-871.0;-18;-25
-305.0;46;-563.0;-671.0;?;-46;-21
-349.0;102;-567.0;-714.0;-837.0;-102;-23
-346.0;115;-619.0;?;?;-115;-1
-352.0;185;-626.0;-721.0;-1001.0;-185;-30
?;404;-598.0;-679.0;-1097.0;-404;-58
-406.0;316;-588.0;-693.0;-1120.0;-316;-76
-413.0;206;-569.0;-685.0;-1035.0;-206;22
-376.0;238;-552.0;-670.0;?;-238;89
-356.0;-104;?;-653.0;-983.0;104;?
-363.0;-173;-470.0;-667.0;-936.0;173;-26
-347.0;-443;?;-641.0;?;443;45
-301.0;-936;?;?;-943.0;936;-57
-289.0;-1062;-339.0;-593.0;-966.0;1062;25
-268.0;-1088;-316.0;-574.0;-977.0;1088;30
-204.0;-504;-313.0;-535.0;?;504;-15
-201.0;-115;-319.0;-511.0;-993.0;115;-19
-167.0;-135;?;-529.0;-984.0;135;-40
-142.0;45;-310.0;-560.0;-937.0;-45;-26
-94.0;27;-316.0;-618.0;-899.0;-27;-13
-22.0;?;-319.0;-625.0;-849.0;-9;-11
179.0;33;-317.0;-578.0;-861.0;?;-13
204.0;17;-345.0;-607.0;-843.0;?;-10
241.0;115;-412.0;-606.0;-856.0;-115;-17
203.0;?;-499.0;-707.0;-911.0;-42;-28
233.0;-135;-618.0;-759.0;-901.0;135;-25
195.0;-68;-739.0;-825.0;-904.0;68;-27
225.0;-52;-822.0;-926.0;-918.0;52;-26
246.0;-95;-867.0;?;-947.0;95;-10
291.0;-55;-954.0;-955.0;-973.0;55;-2
159.0;-61;?;-923.0;-857.0;61;?
158.0;-48;-1077.0;-947.0;-930.0;48;-15
193.0;-37;?;-1010.0;-900.0;37;-26
191.0;-38;-1120.0;-1001.0;-892.0;38;-31
219.0;-32;-1076.0;?;-888.0;32;-25
?;-3;-1011.0;-1011.0;-839.0;?;-28
?;-6;-971.0;-940.0;-777.0;6;-26
141.0;46;-948.0;-934.0;-777.0;-46;-25
163.0;?;?;-957.0;-823.0;-104;-29
198.0;42;-1019.0;?;?;-42;-5
97.0;206;-1032.0;-1022.0;-900.0;?;6
77.0;146;-1057.0;?;-921.0;-146;-46
26.0;468;?;-944.0;-973.0;-468;-46
-118.0;1798;-1024.0;-1032.0;-957.0;-1798;-230
-10.0;2229;-1022.0;-1010.0;?;-2229;-445
11.0;1395;-982.0;-983.0;-856.0;-1395;-106
-92.0;407;?;?;-862.0;-407;?
-176.0;-669;-953.0;-948.0;-860.0;669;41
-245.0;?;-966.0;-932.0;-915.0;?;400
-172.0;-1140;-1015.0;-997.0;-943.0;1140;393
-226.0;-1425;-877.0;-984.0;-932.0;?;342
-248.0;-1600;-774.0;-869.0;-738.0;?;79
-217.0;-2015;-746.0;-842.0;-812.0;2015;?
-183.0;-2025;-789.0;-871.0;-833.0;2025;318
-202.0;-1040;-909.0;-866.0;-906.0;1040;?
?;-674;-1039.0;-1032.0;-1059.0;674;-391
-168.0;-604;-1028.0;-1077.0;-1009.0;604;-206
-186.0;-240;-1030.0;-1123.0;-961.0;?;-38
-151.0;-152;-1006.0;-1114.0;-927.0;152;-30
-196.0;-169;-999.0;-1112.0;?;169;28
-162.0;-76;-968.0;-1029.0;-900.0;76;-33
-187.0;-27;-940.0;-935.0;-897.0;27;-27
-138.0;-30;-937.0;-989.0;-897.0;30;-16
-42.0;-48;-935.0;-1034.0;-925.0;48;-36
-2.0;-2;-917.0;-931.0;-901.0;2;-22
144.0;68;?;-964.0;-893.0;?;-23
149.0;17;?;-981.0;-902.0;-17;-11
141.0;-17;?;-1060.0;-915.0;17;-12
117.0;16;?;-1114.0;-961.0;?;-9
100.0;45;-921.0;-998.0;-882.0;-45;-10
111.0;51;-905.0;-806.0;-809.0;-51;-23
113.0;35;-955.0;-869.0;-947.0;?;-14
138.0;-14;-1029.0;-1074.0;-953.0;14;0
100.0;-34;-1034.0;?;-949.0;34;-13
?;19;-1051.0;-1081.0;-941.0;?;-26
79.0;6;-1064.0;-1109.0;?;-6;-22
168.0;-13;?;-906.0;-883.0;13;-20
?;?;-928.0;-876.0;-836.0;8;-13
127.0;-36;-950.0;-1015.0;-811.0;36;-6
197.0;-20;-986.0;-1014.0;-804.0;20;-20
249.0;-56;-982.0;-1095.0;?;56;-24
224.0;-15;-1000.0;?;?;15;-31
160.0;-63;-998.0;-977.0;-808.0;63;-19
164.0;70;?;-964.0;?;-70;-33
161.0;168;-1015.0;-973.0;-880.0;-168;-32
162.0;422;-1029.0;-966.0;-929.0;-422;-39
190.0;2311;-1016.0;?;-911.0;-2311;-227
263.0;?;-1019.0;-1000.0;-894.0;-3549;-245
197.0;3227;-994.0;-981.0;-918.0;-3227;-281
15.0;1964;-995.0;-973.0;?;-1964;3
?;266;-985.0;-985.0;-820.0;-266;574
254.0;238;-991.0;-1012.0;-862.0;-238;332
?;-183;-990.0;-1036.0;-866.0;183;248
-239.0;-1381;-970.0;-1025.0;-857.0;1381;484
-302.0;-1690;-992.0;-1004.0;-919.0;1690;428
-194.0;-2124;-1043.0;-1049.0;-1005.0;?;365
-116.0;?;-954.0;-972.0;?;2321;59
-88.0;-2325;-920.0;-842.0;-967.0;2325;-220
-99.0;-3171;-1048.0;?;?;3171;-251
-144.0;-2891;-1007.0;-899.0;-1176.0;2891;-280
-89.0;-2652;-957.0;-789.0;-1129.0;2652;-544
-58.0;-2635;-1036.0;-925.0;-1194.0;2635;-973
-62.0;-3592;-1033.0;?;-1163.0;3592;-484
-19.0;-5132;?;-941.0;-1001.0;5132;669
43.0;792;-818.0;-851.0;-884.0;-792;558
60.0;3915;-782.0;-780.0;-827.0;-3915;-183
31.0;1261;-787.0;-769.0;-812.0;-1261;-524
?;2415;-830.0;-822.0;-794.0;-2415;-946
-14.0;?;-894.0;-905.0;-889.0;-1469;-800
?;164;?;-960.0;-963.0;-164;-165
86.0;429;-939.0;-985.0;-1002.0;-429;?
142.0;-24;?;-964.0;-985.0;24;-29
-16.0;178;-874.0;-919.0;-954.0;-178;-26
-384.0;138;-859.0;-915.0;-908.0;-138;-34
-397.0;99;-904.0;-917.0;-913.0;-99;-26
-116.0;?;-931.0;-895.0;-911.0;?;?
21.0;?;-1034.0;?;-965.0;-122;-16
68.0;102;-1211.0;?;-1135.0;-102;-5
?;-14;-1227.0;-1139.0;-1237.0;14;-7
-192.0;-69;-1257.0;-1171.0;-1082.0;69;-1
-76.0;-37;-1092.0;-1173.0;-982.0;37;-13
8.0;?;-934.0;-1115.0;-729.0;17;-13
34.0;-36;-992.0;-1012.0;-813.0;36;-16
-20.0;?;-973.0;-973.0;-923.0;-22;-19
-24.0;21;-1052.0;-963.0;-983.0;-21;-16
8.0;65;-1061.0;-1014.0;-1020.0;-65;-11
-43.0;165;?;-954.0;-977.0;-165;?
-61.0;54;-910.0;-902.0;-912.0;-54;-50
-79.0;429;-867.0;-856.0;-900.0;-429;27
-102.0;909;-874.0;?;-866.0;-909;48
23.0;1326;?;-820.0;-837.0;-1326;?
-2.0;2188;-877.0;?;-817.0;-2188;?
-78.0;2590;-915.0;?;-850.0;-2590;3
-150.0;?;-903.0;-899.0;-800.0;-2989;-64
-230.0;3495;-918.0;-941.0;-754.0;-3495;?
27.0;3138;-1001.0;-1013.0;-881.0;-3138;-102
-89.0;2893;-1000.0;-1083.0;-925.0;-2893;?
-194.0;2920;-904.0;-1065.0;-935.0;-2920;-197
?;1431;?;?;-943.0;-1431;?
-131.0;-941;-1005.0;?;-990.0;941;253
-181.0;-1806;-1065.0;-1083.0;-1029.0;1806;784
-251.0;-1858;?;-1104.0;-1138.0;1858;499
-198.0;-2513;-1009.0;-1005.0;?;2513;283
-217.0;-3166;-989.0;-930.0;-1034.0;3166;?
-246.0;-3340;-923.0;-892.0;-977.0;3340;23
-244.0;-3091;-896.0;-868.0;-997.0;3091;-130
-224.0;-2832;-861.0;-814.0;-984.0;?;-107
-210.0;?;-830.0;-776.0;-920.0;2735;-143
-214.0;-2050;-864.0;-803.0;-1127.0;2050;139
-220.0;?;-920.0;-858.0;-980.0;715;493
?;121;-901.0;?;-1020.0;?;-130
-213.0;-12;-902.0;-910.0;-1006.0;12;-49
-213.0;-206;-896.0;-922.0;-965.0;206;438
-214.0;-75;-877.0;-908.0;-959.0;75;86
-248.0;19;-866.0;?;?;-19;-19
-218.0;23;-887.0;-908.0;-981.0;-23;-2
-222.0;-9;-900.0;-943.0;-1012.0;9;-34
-227.0;9;-901.0;-956.0;-1054.0;-9;-3
-129.0;47;-914.0;-941.0;-979.0;?;-33
-207.0;12;-887.0;-904.0;-858.0;-12;-22
-195.0;18;-863.0;-882.0;-809.0;-18;-10
-153.0;20;-830.0;?;-769.0;?;-7
?;-37;-825.0;-853.0;-777.0;37;-35
-36.0;-4;-879.0;?;-889.0;?;?
-98.0;9;-928.0;-904.0;-1037.0;?;-14
-4.0;-25;-899.0;?;-1027.0;25;-16
-55.0;-4;-885.0;-852.0;?;4;-20
-33.0;-39;?;-854.0;-978.0;39;?
-10.0;-29;-896.0;-859.0;-922.0;29;-22
-84.0;8;?;-916.0;-990.0;-8;-15
-234.0;-29;?;-980.0;-1028.0;29;-1
-155.0;-20;-1001.0;-994.0;-1062.0;20;-10
-114.0;7;-992.0;-952.0;-1046.0;?;-17
-91.0;-18;-971.0;-921.0;-1040.0;18;-17
-125.0;?;-949.0;-908.0;?;26;-16
-204.0;-3;-939.0;?;-968.0;3;-17
-230.0;-9;-941.0;?;-1019.0;9;-22
-161.0;?;-906.0;-916.0;-1047.0;13;-19
-141.0;6;-919.0;-892.0;?;-6;-14
-142.0;1;-893.0;-895.0;-1038.0;-1;-10
?;1;-901.0;-875.0;-1006.0;-1;-11
-155.0;41;-897.0;?;-948.0;-41;-20
-179.0;61;-905.0;-845.0;?;-61;-21
-163.0;25;-885.0;-852.0;-939.0;-25;-15
-192.0;-12;-872.0;-863.0;-927.0;12;-16
-172.0;-17;-889.0;-885.0;-979.0;17;-17
-179.0;?;?;-891.0;-995.0;8;-17
-139.0;-1;-925.0;-899.0;?;1;?
-158.0;-5;-918.0;-904.0;-995.0;5;-19
-177.0;9;-896.0;-892.0;-979.0;-9;-20
-174.0;21;-898.0;-897.0;?;-21;-15
-168.0;-4;-900.0;-902.0;-1008.0;4;-15
-177.0;17;-895.0;-893.0;-1004.0;?;-16
?;25;-896.0;-889.0;-1016.0;-25;-18
-178.0;22;-908.0;-892.0;-1030.0;-22;-17
-129.0;28;-899.0;-892.0;-1021.0;-28;-12
-178.0;-12;?;-889.0;-988.0;12;?
?;10;-893.0;-894.0;-991.0;-10;-21
-178.0;4;-896.0;?;-976.0;-4;-22
-175.0;-13;-894.0;-890.0;-982.0;13;-20
-152.0;?;-893.0;-894.0;-979.0;7;-10
-172.0;-36;-892.0;?;-978.0;36;-11
-173.0;-1;-897.0;?;-965.0;1;-17
-195.0;2;-896.0;-901.0;-967.0;-2;-18
-203.0;-28;-893.0;-905.0;?;28;-18
-198.0;-23;-893.0;-901.0;-961.0;23;-15
-194.0;-26;-899.0;-906.0;-957.0;?;-17
?;-15;-894.0;-907.0;-947.0;15;-21
-200.0;3;-883.0;-917.0;-945.0;-3;-20
-177.0;18;-897.0;-911.0;-1006.0;-18;-22
-188.0;9;-886.0;-902.0;-1001.0;-9;-20
-211.0;-5;-880.0;-890.0;-1001.0;5;-18
-221.0;10;-881.0;?;-1013.0;-10;-20
?;8;-884.0;-896.0;-1015.0;-8;-19
-208.0;?;-889.0;-895.0;-1045.0;6;-20
-216.0;13;-869.0;-880.0;-1040.0;-13;-22
-192.0;9;?;-863.0;-1017.0;?;-22
-223.0;-21;-861.0;-845.0;-1033.0;?;-17
-202.0;2;-856.0;-834.0;-1044.0;-2;-14
-214.0;29;-866.0;?;-1062.0;?;-18
-213.0;26;-857.0;-854.0;-1114.0;-26;-18
-190.0;37;-865.0;-859.0;?;-37;-18
-180.0;7;-865.0;-860.0;-1027.0;-7;-13
-195.0;-13;-863.0;-864.0;-964.0;13;-15
-170.0;7;-864.0;-876.0;-969.0;-7;-22
-184.0;-3;-866.0;-877.0;-989.0;3;-21
-157.0;6;-869.0;-880.0;?;-6;?
-151.0;-8;-863.0;-875.0;-1000.0;8;-21
-165.0;?;-864.0;-858.0;-1034.0;25;-14
-157.0;22;-871.0;-859.0;-1054.0;?;-18
-108.0;39;?;-871.0;-1064.0;-39;-22
-183.0;29;-888.0;-866.0;-1060.0;-29;-22
-184.0;?;?;-881.0;?;-41;-19
-172.0;24;-886.0;-878.0;-1053.0;-24;-20
-192.0;0;-886.0;-869.0;-1090.0;0;-20
-192.0;-6;?;-867.0;-1031.0;6;-18
-178.0;-26;-893.0;-879.0;-1033.0;26;-21
-176.0;-19;-909.0;-883.0;-990.0;19;-22
-195.0;-1;-922.0;-903.0;-968.0;1;-18
-182.0;-14;-936.0;-932.0;-932.0;14;-17
-132.0;?;-935.0;-967.0;-942.0;9;?
-156.0;-6;-938.0;-958.0;-880.0;6;-15
-156.0;-14;-931.0;-947.0;?;14;-12
-146.0;13;-966.0;-945.0;-877.0;-13;-21
-149.0;15;-926.0;-942.0;-859.0;-15;-18
-189.0;5;-900.0;-925.0;-852.0;-5;-19
-184.0;28;-926.0;-935.0;-977.0;-28;-24
-143.0;?;-928.0;-940.0;-1058.0;-24;-17
?;-14;-949.0;-967.0;-1138.0;?;?
-142.0;-13;-944.0;-946.0;-1044.0;13;-18
-173.0;33;-936.0;-940.0;-1024.0;-33;-18
-193.0;?;-916.0;-929.0;-990.0;-26;-16
-175.0;4;-920.0;-936.0;-1023.0;-4;-14
-154.0;6;-911.0;-930.0;-1042.0;-6;-19
-158.0;-14;-907.0;-915.0;-1020.0;14;-25
-159.0;-1;-915.0;-918.0;-999.0;1;-21
-161.0;21;-922.0;-908.0;?;-21;-13
?;7;-927.0;-928.0;-996.0;-7;-16
-164.0;-6;-906.0;-942.0;-1035.0;6;-20
-162.0;-3;-917.0;-926.0;-1013.0;3;-20
-142.0;-13;-906.0;-913.0;-1012.0;13;-22
-149.0;-36;-906.0;-906.0;-1038.0;36;?
?;-20;-909.0;-898.0;-968.0;20;-13
-191.0;3;-912.0;-900.0;-967.0;-3;?
-174.0;-27;-924.0;-929.0;-1017.0;27;-16
-181.0;-20;?;-941.0;-1055.0;20;-16
-181.0;36;-915.0;-939.0;?;?;-17
-161.0;29;-902.0;-922.0;-915.0;-29;-23
-179.0;1;-898.0;-907.0;-974.0;-1;-21
-195.0;?;-900.0;-906.0;-998.0;4;-18
-160.0;16;-912.0;-912.0;-1009.0;-16;-15
-192.0;27;?;-924.0;-987.0;-27;-14
-189.0;-1;-912.0;-929.0;-946.0;1;-21
-195.0;3;-917.0;-925.0;-955.0;-3;-18
-184.0;8;-908.0;-922.0;?;-8;-12
?;12;-900.0;-926.0;-1005.0;-12;-13
-172.0;?;-905.0;-904.0;-1034.0;-16;-16
-192.0;8;-899.0;?;-1036.0;-8;?
-206.0;18;-905.0;-895.0;-1022.0;-18;-17
-192.0;-6;-910.0;-903.0;-1025.0;6;-22
-193.0;-10;-908.0;-909.0;-1009.0;10;-19
-182.0;15;-911.0;-912.0;-998.0;-15;-17
-192.0;3;-903.0;-912.0;-985.0;-3;-24
?;8;-900.0;-905.0;-970.0;-8;-23
?;11;-903.0;-904.0;-985.0;-11;-18
-205.0;-14;-899.0;-903.0;-1009.0;14;-18
-225.0;-5;-895.0;-897.0;-1011.0;5;-13
-202.0;-11;-897.0;-898.0;-992.0;11;?
-196.0;-10;-898.0;-906.0;-1001.0;10;-23
?;7;-899.0;-900.0;-994.0;-7;-18
?;-15;-892.0;-900.0;-983.0;15;-18
-207.0;17;-901.0;?;-991.0;-17;-17
?;?;-903.0;-907.0;-981.0;-15;-19
-214.0;-20;-897.0;-901.0;?;20;-20
-213.0;-2;-893.0;-889.0;-996.0;2;-16
-197.0;-14;-898.0;-892.0;-1004.0;14;-20
-181.0;-2;-899.0;-890.0;-982.0;2;-19
-201.0;24;-893.0;?;?;-24;-17
-202.0;5;?;-891.0;-973.0;-5;-23
-214.0;16;-904.0;-894.0;-1043.0;-16;-20
-220.0;13;-895.0;-897.0;-1015.0;-13;-17
-189.0;-15;-897.0;-903.0;-1000.0;15;-19
-195.0;14;-890.0;-901.0;-1000.0;-14;-17
-201.0;4;-886.0;-890.0;-994.0;-4;-18
-189.0;4;-889.0;-884.0;-980.0;-4;-15
-215.0;18;-890.0;-885.0;-979.0;-18;?
?;21;?;-895.0;-994.0;-21;-18
-197.0;21;-899.0;-913.0;-1001.0;-21;-20
-175.0;-36;-895.0;-905.0;-993.0;36;-21
-181.0;6;-893.0;-895.0;-998.0;-6;-19
-174.0;15;-887.0;-884.0;?;-15;-19
-165.0;-11;?;-883.0;?;?;?
-183.0;28;-886.0;-888.0;-993.0;-28;-25
-182.0;-20;?;-896.0;-1010.0;20;-21
-163.0;-10;-901.0;?;-1022.0;10;-16
-153.0;23;-891.0;-899.0;-1016.0;-23;-18
?;13;-894.0;-895.0;-1026.0;-13;-19
?;2;-898.0;-891.0;-1068.0;-2;-14
-185.0;-14;-900.0;-883.0;-1079.0;14;-20
-158.0;5;-896.0;-890.0;?;-5;-23
-152.0;7;-900.0;-890.0;-1037.0;-7;?
-168.0;10;-889.0;-890.0;-1031.0;-10;-18
-145.0;-28;-891.0;-889.0;?;28;-26
-138.0;-39;-899.0;-889.0;-1027.0;39;-20
-162.0;19;-899.0;-877.0;-963.0;-19;-14
-161.0;10;-895.0;-880.0;-944.0;-10;-16
-155.0;25;-898.0;-890.0;-974.0;-25;-20
?;47;-900.0;-896.0;?;-47;-18
-145.0;?;-908.0;-904.0;-987.0;-15;?
-141.0;9;-910.0;-906.0;-978.0;?;-17
-162.0;18;?;-914.0;-985.0;-18;-12
-152.0;10;-912.0;-912.0;?;-10;?
-163.0;-8;-908.0;-908.0;-991.0;8;-22
-172.0;-16;?;-907.0;-997.0;16;-20
-170.0;7;-920.0;-912.0;?;-7;?
-161.0;16;-919.0;-917.0;-1001.0;-16;?
-160.0;7;-917.0;-907.0;-1002.0;-7;-18
-152.0;10;-920.0;-892.0;-984.0;-10;-19
-170.0;-15;-915.0;-901.0;-962.0;15;-17
-172.0;-28;-917.0;-903.0;-945.0;28;-16
-199.0;-27;-920.0;-911.0;-930.0;27;-16
-187.0;-22;-923.0;-914.0;?;22;?
-190.0;6;-913.0;-908.0;-912.0;?;-16
-177.0;-1;-914.0;-904.0;-919.0;1;-22
-172.0;5;-924.0;-903.0;-913.0;-5;-24
?;26;-919.0;-904.0;-915.0;-26;?
-192.0;8;-922.0;-913.0;-925.0;-8;-22
-172.0;-16;-921.0;-922.0;-915.0;16;-15
-180.0;4;-924.0;-927.0;-931.0;-4;-22
-140.0;34;-925.0;-924.0;-949.0;-34;?
-142.0;-2;-917.0;-918.0;-937.0;?;-18
-146.0;-3;-916.0;-915.0;-961.0;3;-21
-144.0;38;-928.0;-914.0;-981.0;-38;?
-144.0;26;-927.0;-912.0;-992.0;?;-19
-173.0;-1;-930.0;-921.0;-980.0;1;-22
-160.0;-17;-926.0;-931.0;?;17;?
-151.0;1;-928.0;-928.0;-955.0;-1;-14
-150.0;0;-910.0;-915.0;-964.0;0;-15
-163.0;-17;-926.0;-907.0;-973.0;17;-19
?;-15;-922.0;-904.0;-949.0;15;-19
-143.0;-16;?;-921.0;-961.0;16;-19
-164.0;9;-941.0;-923.0;-973.0;-9;-17
-133.0;17;-933.0;-928.0;-938.0;-17;-17
-142.0;?;-931.0;-937.0;-945.0;-4;-18
-131.0;25;-934.0;-928.0;-951.0;-25;-18
-132.0;28;-929.0;-921.0;-945.0;-28;-19
-117.0;8;-927.0;-926.0;-943.0;-8;-18
-131.0;22;-929.0;-925.0;-973.0;-22;-19
-146.0;35;-914.0;-932.0;-943.0;-35;-22
-116.0;42;-929.0;-942.0;-934.0;-42;-19
-120.0;?;-943.0;-942.0;-953.0;-19;-16
-108.0;?;-937.0;-940.0;-984.0;15;-19
-113.0;12;-937.0;-930.0;?;-12;-20
-109.0;21;-930.0;-920.0;?;-21;-23
-114.0;18;-937.0;-936.0;-976.0;-18;-17
-102.0;6;-944.0;-926.0;?;-6;-14
-95.0;-46;-931.0;-942.0;?;46;-21
-80.0;-37;-950.0;-943.0;-996.0;37;-20
?;13;-945.0;-935.0;-984.0;-13;-20
-93.0;17;-946.0;-918.0;-933.0;-17;-20
-62.0;27;-930.0;-918.0;-889.0;-27;-15
-81.0;19;-914.0;-909.0;-886.0;-19;-21
-83.0;-4;-913.0;-909.0;?;4;?
-87.0;17;-923.0;-891.0;-850.0;-17;-16
-37.0;?;?;-902.0;-821.0;-19;-17
-43.0;18;-923.0;-914.0;-825.0;-18;-18
-74.0;11;-945.0;-938.0;-846.0;-11;-17
-41.0;10;?;-943.0;-888.0;-10;-19
-15.0;?;-964.0;?;-871.0;-17;-17
?;17;-977.0;-978.0;-872.0;-17;-17
-48.0;41;-1007.0;?;-958.0;-41;-21
?;16;-993.0;?;?;-16;-19
-29.0;19;-965.0;-964.0;-906.0;-19;?
-30.0;39;-974.0;-961.0;?;-39;-14
-29.0;3;?;-968.0;-879.0;-3;-15
-50.0;-14;-985.0;-966.0;-955.0;14;-22
-51.0;-34;-992.0;-983.0;-948.0;34;-21
?;-22;-995.0;-1009.0;-978.0;22;-16
-37.0;4;-991.0;-1005.0;-982.0;-4;-18
-19.0;-9;-975.0;-996.0;-977.0;9;-22
-18.0;-3;-977.0;-991.0;-948.0;3;-16
-12.0;7;-969.0;-963.0;-930.0;-7;-12
-42.0;-3;-969.0;-974.0;-924.0;3;-16
-48.0;1;-981.0;-967.0;?;-1;-16
-32.0;13;-973.0;-973.0;-929.0;-13;-17
-39.0;?;-961.0;-956.0;-921.0;-34;?
-62.0;27;-968.0;-948.0;-922.0;-27;-17
-52.0;6;-979.0;-938.0;-925.0;-6;-16
-65.0;29;-971.0;?;-938.0;-29;-14
-74.0;4;-982.0;-944.0;-943.0;-4;-22
-53.0;-13;-979.0;-968.0;-940.0;13;-25
-41.0;-9;-983.0;?;-932.0;9;-20
-40.0;-48;-973.0;-957.0;-937.0;48;-23
?;-24;?;?;-934.0;24;-21
-58.0;1;-956.0;-949.0;?;-1;-21
-72.0;-14;-959.0;-967.0;-931.0;14;-21
-31.0;?;-969.0;-973.0;-931.0;14;-18
-50.0;-17;-986.0;-1000.0;-944.0;17;-16
-30.0;?;?;-994.0;-947.0;?;-15
-63.0;-20;-971.0;-973.0;-954.0;20;?
-74.0;6;-978.0;-983.0;-965.0;-6;-22
-57.0;-9;-963.0;-967.0;-949.0;9;?
?;-28;-961.0;-961.0;-945.0;28;-19
-84.0;-13;-942.0;-959.0;-936.0;13;?
-74.0;-15;-952.0;?;-926.0;15;-20
-60.0;-17;-979.0;-980.0;-950.0;17;-22
-79.0;-9;-981.0;-984.0;-948.0;9;-13
-71.0;6;-973.0;-977.0;-949.0;-6;-18
-81.0;?;-969.0;-963.0;-946.0;-21;-21
-61.0;16;-974.0;-955.0;-939.0;-16;-12
-82.0;7;-973.0;-945.0;-939.0;-7;-19
-96.0;-1;-966.0;-945.0;-938.0;1;-21
-119.0;-14;?;-946.0;-938.0;14;?
-79.0;-8;-967.0;-950.0;?;8;-22
-55.0;13;-964.0;-953.0;-967.0;-13;-21
-59.0;17;-962.0;-961.0;-973.0;-17;-24
-90.0;-2;-953.0;-959.0;-971.0;2;?
-57.0;-25;?;-966.0;-950.0;25;-16
-41.0;?;-973.0;-989.0;-956.0;15;-13
?;-2;?;-988.0;-949.0;2;-10
-50.0;-23;?;-967.0;-930.0;23;?
-74.0;-25;-920.0;-920.0;-917.0;25;-19
-83.0;-15;-923.0;-912.0;-930.0;15;-18
-80.0;-20;-942.0;-922.0;-957.0;20;-25
-110.0;7;-988.0;-952.0;-986.0;-7;?
-100.0;8;?;?;-1012.0;-8;-14
-71.0;-35;-990.0;-964.0;-990.0;35;-14
-55.0;-11;?;-957.0;-981.0;11;-21
-35.0;19;-961.0;-968.0;-946.0;-19;-19
-80.0;-12;-954.0;-954.0;-914.0;12;-16
-93.0;?;-941.0;-943.0;-896.0;-6;-19
-62.0;32;-936.0;-933.0;-886.0;-32;-22
-49.0;13;-973.0;-949.0;?;-13;-19
-81.0;18;-960.0;-969.0;-951.0;-18;?
-85.0;19;-966.0;-955.0;?;-19;-16
-87.0;3;-975.0;-967.0;-954.0;-3;-18
-78.0;-18;-973.0;-970.0;-946.0;18;-13
?;-24;-966.0;-966.0;-941.0;?;?
-47.0;2;-965.0;-963.0;-941.0;?;-22
-89.0;17;-965.0;-962.0;-942.0;-17;-18
-62.0;0;-966.0;-961.0;-945.0;0;?
?;-10;-971.0;-962.0;-946.0;10;-17
-81.0;7;-966.0;?;?;-7;-16
-91.0;-2;-965.0;-962.0;?;2;-23
-80.0;-14;-964.0;-960.0;-940.0;14;-23
-76.0;6;?;-957.0;-937.0;-6;?
?;9;-954.0;-940.0;?;-9;-20
-64.0;3;-975.0;-947.0;-944.0;-3;-16
-89.0;14;-968.0;-968.0;-953.0;-14;-15
-107.0;17;-969.0;-965.0;-947.0;-17;?
-88.0;18;-969.0;-952.0;?;-18;-13
?;18;-974.0;-963.0;-945.0;-18;-17
-67.0;0;-971.0;-967.0;-943.0;0;-15
-91.0;-8;?;-970.0;-943.0;8;-19
-101.0;4;-980.0;-982.0;-950.0;-4;?
-120.0;26;?;-969.0;-942.0;?;-18
?;39;-962.0;-943.0;?;-39;-24
-111.0;9;-962.0;-929.0;?;-9;-23
?;?;-957.0;-935.0;-950.0;18;-17
-83.0;1;-962.0;-975.0;-950.0;-1;?
?;3;-962.0;-998.0;-941.0;-3;-17
-107.0;16;-959.0;-992.0;-936.0;-16;-14
-119.0;38;-956.0;-978.0;-937.0;-38;-19
-94.0;10;?;-962.0;-950.0;-10;-17
-115.0;9;-956.0;-953.0;-957.0;-9;-14
-107.0;27;-965.0;-958.0;-965.0;-27;-18
-88.0;0;?;-953.0;-962.0;0;-20
-90.0;-15;?;-953.0;-964.0;15;-16
-104.0;-4;-958.0;-956.0;-963.0;?;-18
-113.0;-4;-955.0;-949.0;-955.0;4;-23
-110.0;-6;-954.0;-947.0;-955.0;6;-20
-112.0;-3;-960.0;-949.0;-959.0;3;-19
?;-7;-958.0;-955.0;-960.0;7;-17
-101.0;-2;-956.0;-951.0;-958.0;2;-14
-121.0;7;-957.0;-957.0;-958.0;-7;-18
?;6;-959.0;-962.0;-955.0;-6;-14
-86.0;8;-961.0;-964.0;-954.0;-8;-14
-125.0;0;-961.0;-967.0;-950.0;?;-22
-98.0;-3;-957.0;-961.0;?;3;-20
-85.0;10;-959.0;-956.0;-958.0;?;-20
-107.0;17;-956.0;-958.0;-953.0;-17;-24
-112.0;18;?;-959.0;-947.0;-18;-17
-102.0;11;-954.0;-958.0;-947.0;-11;-16
-81.0;3;-952.0;-952.0;-943.0;-3;-22
-92.0;8;-958.0;-956.0;-949.0;-8;-22
-117.0;-11;-959.0;-957.0;-955.0;11;-19
-109.0;-26;-956.0;-952.0;-957.0;26;-17
-81.0;18;?;?;-951.0;-18;-17
-99.0;34;-947.0;-942.0;?;-34;-20
?;-13;-948.0;-940.0;-957.0;13;-17
-92.0;-21;-948.0;-944.0;-963.0;21;-17
-119.0;-3;-963.0;-969.0;-949.0;3;-19
-87.0;-5;-973.0;-1007.0;-948.0;5;-13
-83.0;20;-989.0;-1032.0;?;?;-18
-95.0;48;-993.0;-1011.0;-956.0;-48;-19
-115.0;44;-967.0;-959.0;?;-44;-11
-84.0;17;-962.0;-949.0;?;-17;-14
-82.0;-6;-965.0;-952.0;-930.0;6;-20
-102.0;5;-968.0;-950.0;-939.0;-5;-20
-76.0;20;-963.0;-949.0;-903.0;-20;-17
?;2;-963.0;-939.0;-924.0;-2;-16
-72.0;0;-950.0;-921.0;-875.0;0;-18
-69.0;26;-958.0;-926.0;-894.0;-26;-18
-88.0;26;-958.0;-925.0;-965.0;?;-14
-99.0;8;-972.0;?;-1008.0;-8;-18
-111.0;5;-955.0;-934.0;-1032.0;-5;-21
-91.0;17;-949.0;-922.0;-996.0;-17;-19
-101.0;37;-951.0;-923.0;-955.0;-37;-16
-103.0;16;-957.0;-927.0;-966.0;?;-16
-92.0;-15;-941.0;-931.0;-947.0;15;-16
?;?;-944.0;-943.0;-941.0;-4;-19
-119.0;10;-970.0;-945.0;?;-10;-23
-87.0;3;-944.0;-940.0;-911.0;-3;-22
-103.0;6;-946.0;-945.0;-917.0;-6;-19
?;-10;-946.0;-948.0;-927.0;10;-17
-99.0;-14;-946.0;-941.0;-932.0;14;-17
-97.0;?;-944.0;-936.0;-944.0;-5;-18
?;-12;-944.0;-937.0;-945.0;12;-15
-117.0;-46;?;-927.0;-951.0;46;-15
-105.0;-15;-940.0;-923.0;?;15;-16
-109.0;20;?;-920.0;-921.0;-20;-17
-93.0;6;-942.0;-920.0;-911.0;-6;-20
-91.0;14;-944.0;-923.0;-910.0;-14;-22
-100.0;12;-949.0;-937.0;-921.0;-12;-21
-82.0;-31;-948.0;-937.0;-923.0;31;-14
-103.0;-6;-948.0;-930.0;-933.0;?;-20
-99.0;13;-950.0;-929.0;-928.0;-13;-26
-86.0;?;-946.0;-929.0;-922.0;16;-17
-87.0;3;-939.0;?;-921.0;-3;-16
?;-1;-939.0;?;-923.0;1;-17
-92.0;6;?;-930.0;-928.0;-6;-17
-105.0;10;-951.0;-936.0;?;-10;-15
-97.0;-33;-951.0;-938.0;-939.0;33;-12
-110.0;-27;?;-936.0;-929.0;27;-16
-104.0;10;-945.0;-932.0;?;-10;-17
-101.0;23;-944.0;-927.0;-928.0;-23;-20
-101.0;-33;-945.0;-929.0;-931.0;33;-25
-101.0;-53;?;-931.0;?;53;-23
-91.0;-11;-951.0;-935.0;?;11;-18
-112.0;-15;-950.0;-933.0;-933.0;?;-18
?;?;-945.0;-927.0;-924.0;18;-18
-87.0;-4;-938.0;-915.0;-940.0;4;-16
-85.0;?;-940.0;-926.0;-962.0;-16;-25
-85.0;-8;-939.0;-925.0;-980.0;8;-23
-72.0;?;-944.0;-926.0;-965.0;21;-15
-81.0;36;?;-929.0;-940.0;-36;-21
-84.0;?;-949.0;-938.0;-943.0;?;-16
?;-15;-939.0;-924.0;-935.0;15;?
-58.0;19;-946.0;-932.0;-985.0;-19;-23
-78.0;39;-949.0;-937.0;-989.0;-39;?
-38.0;14;-951.0;-952.0;-965.0;-14;-18
?;-4;-949.0;-953.0;-974.0;4;-18
-7.0;9;-946.0;-949.0;-961.0;-9;-17
-60.0;27;-936.0;-941.0;-969.0;-27;-18
?;?;-947.0;-955.0;-954.0;1;-18
-40.0;?;-947.0;-1010.0;-892.0;16;-18
-37.0;-42;-942.0;-1054.0;-854.0;42;?
5.0;-54;-977.0;-1028.0;-885.0;54;-15
34.0;?;-958.0;-946.0;-880.0;-21;-15
?;?;-961.0;-848.0;?;9;?
34.0;-29;-969.0;-798.0;-1008.0;29;-21
60.0;8;-969.0;-851.0;-1142.0;-8;-18
79.0;-15;-992.0;-956.0;-1091.0;15;-15
68.0;21;-1005.0;-1042.0;?;-21;-15
52.0;15;-1016.0;-1096.0;?;-15;-16
110.0;-27;-988.0;-1020.0;-994.0;27;?
100.0;-26;?;-960.0;-987.0;26;-17
45.0;-41;?;-902.0;-958.0;41;-19
62.0;?;-973.0;-865.0;-960.0;26;?
108.0;-12;-992.0;-873.0;-947.0;12;-18
130.0;?;-990.0;-914.0;-916.0;38;-28
152.0;?;-973.0;-940.0;-835.0;9;-23
133.0;41;-980.0;-965.0;-785.0;-41;-28
173.0;22;-982.0;?;-812.0;-22;-44
133.0;28;-997.0;-995.0;-869.0;-28;-23
154.0;28;-976.0;-997.0;-894.0;-28;?
?;-25;-970.0;-999.0;-910.0;25;-31
-51.0;42;-975.0;-978.0;-927.0;-42;-17
58.0;96;-970.0;-937.0;-932.0;?;-21
9.0;57;-965.0;-918.0;-951.0;-57;-41
-32.0;71;-968.0;-905.0;-944.0;-71;-25
-112.0;80;-976.0;-931.0;?;-80;-18
-180.0;159;?;-960.0;-980.0;-159;-24
-136.0;304;-1074.0;?;-1057.0;-304;29
-64.0;229;-1083.0;-1172.0;-1163.0;-229;-33
-47.0;346;-948.0;-1035.0;-1015.0;-346;-104
53.0;463;-889.0;-928.0;-935.0;-463;-45
72.0;259;-905.0;-982.0;-925.0;-259;-11
52.0;276;-893.0;-980.0;-925.0;-276;30
83.0;-330;-820.0;-850.0;-841.0;330;-79
75.0;-444;-766.0;-768.0;-815.0;444;62
17.0;-71;?;-789.0;-894.0;71;173
?;-688;-945.0;?;-1060.0;688;-94
19.0;-687;-1128.0;-1045.0;-1248.0;687;?
18.0;-538;-1195.0;-1119.0;?;538;396
52.0;-278;-1091.0;-1115.0;-1155.0;278;59
83.0;245;-1007.0;-1090.0;-1042.0;-245;-112
141.0;62;-935.0;-1032.0;-941.0;-62;-57
170.0;?;-882.0;-962.0;-891.0;?;29
190.0;-1;-873.0;-943.0;?;1;61
142.0;-71;?;-978.0;?;71;17
81.0;32;-917.0;-1009.0;-950.0;-32;-255
100.0;-1265;-923.0;-1005.0;-959.0;1265;-361
101.0;-646;-950.0;-1019.0;-982.0;?;-382
110.0;2100;-1005.0;?;-1045.0;-2100;-476
71.0;1007;-994.0;-1020.0;-1083.0;-1007;-75
?;?;-887.0;-948.0;-1006.0;208;83
145.0;?;-875.0;-1027.0;-985.0;-446;-60
123.0;-14;-895.0;-1025.0;-1024.0;14;13
148.0;-211;?;-975.0;-1001.0;211;-29
174.0;-269;-878.0;-957.0;-950.0;269;-27
167.0;-189;-875.0;-962.0;-938.0;189;-12
131.0;54;-897.0;-981.0;-970.0;-54;-39
148.0;-21;-950.0;-1017.0;-998.0;21;-24
212.0;-57;-996.0;-1051.0;-1062.0;57;-32
156.0;-60;-916.0;-952.0;?;60;-29
150.0;-106;-911.0;-949.0;-983.0;106;?
222.0;-121;-935.0;-999.0;-1007.0;?;1
203.0;-122;-949.0;?;-1004.0;122;-23
193.0;-159;?;-988.0;-1019.0;159;-16
162.0;-124;-929.0;-980.0;-993.0;124;?
193.0;-72;?;-931.0;-945.0;72;17
204.0;?;-940.0;-922.0;?;73;9
209.0;-21;-967.0;-987.0;-983.0;21;41
193.0;94;-989.0;-997.0;-988.0;?;?
198.0;119;-968.0;-981.0;-982.0;-119;-37
184.0;63;-955.0;-1005.0;-994.0;-63;-21
206.0;29;-968.0;-1018.0;-977.0;-29;?
178.0;16;-958.0;?;-962.0;-16;?
207.0;37;-945.0;-991.0;-936.0;-37;-24
217.0;48;-941.0;-980.0;-931.0;-48;-31
181.0;-3;-956.0;-978.0;-968.0;3;-23
193.0;-25;?;-989.0;-962.0;25;-18
175.0;-6;-962.0;-996.0;-958.0;6;-14
172.0;-21;-959.0;-998.0;-957.0;21;?
171.0;?;-954.0;-1002.0;?;30;?
202.0;-26;-963.0;-1002.0;-978.0;26;-17
?;-25;-972.0;-996.0;-987.0;25;-17
?;-3;-966.0;-990.0;-994.0;3;-17
178.0;-3;-962.0;-981.0;-988.0;3;-21
187.0;?;-957.0;-986.0;-979.0;19;-26
171.0;-1;-954.0;-994.0;-963.0;1;-16
174.0;3;-955.0;-999.0;-953.0;-3;?
208.0;-9;-952.0;-982.0;-941.0;9;?
192.0;-42;-953.0;-975.0;-936.0;42;?
173.0;-72;-957.0;-968.0;-960.0;72;-2
176.0;-37;-955.0;-955.0;-976.0;37;-2
150.0;-28;-962.0;-958.0;-976.0;28;-9
153.0;-10;?;-975.0;-979.0;10;-8
179.0;35;-956.0;-987.0;-975.0;-35;?
191.0;?;-947.0;-991.0;-970.0;-27;-18
183.0;35;?;?;-985.0;-35;-10
172.0;38;-954.0;-983.0;-987.0;-38;-24
173.0;5;-946.0;-972.0;-967.0;-5;?
191.0;-4;-946.0;-970.0;-953.0;?;-23
169.0;6;-948.0;-976.0;-967.0;-6;-17
176.0;-17;-950.0;-969.0;?;17;-15
181.0;-23;-953.0;-973.0;-969.0;23;-23
188.0;19;-959.0;?;-961.0;-19;-26
204.0;-16;-963.0;-983.0;-965.0;16;-16
175.0;-27;-966.0;-984.0;-963.0;27;-15
160.0;38;-961.0;-984.0;?;-38;-19
162.0;?;-958.0;-982.0;-962.0;-39;-20
162.0;18;-957.0;-977.0;-960.0;-18;-21
166.0;15;-959.0;-977.0;-966.0;?;-14
?;23;-961.0;-980.0;-968.0;?;-12
184.0;23;-951.0;-978.0;-964.0;-23;-23
173.0;-10;-951.0;-978.0;-964.0;10;-22
153.0;-6;-947.0;-974.0;-962.0;6;-13
?;?;-954.0;-975.0;-964.0;?;-15
172.0;-8;-946.0;-970.0;-959.0;8;?
173.0;-5;?;-973.0;-965.0;5;-10
169.0;22;-950.0;-971.0;-968.0;-22;-15
182.0;15;-960.0;-972.0;-967.0;-15;-19
195.0;7;-957.0;-976.0;-964.0;-7;-20
149.0;-21;-943.0;-974.0;-967.0;21;-15
?;-25;-957.0;-976.0;-967.0;25;-13
188.0;-12;-939.0;?;-969.0;12;-19
169.0;-18;-958.0;-972.0;-967.0;18;-20
192.0;-2;-960.0;-973.0;-969.0;2;-18
?;16;-964.0;-976.0;-969.0;-16;-19
179.0;16;-960.0;-977.0;-967.0;-16;-16
?;20;-963.0;-980.0;-972.0;-20;-18
188.0;4;-966.0;-979.0;-969.0;-4;-19
183.0;?;-957.0;-976.0;-960.0;19;-17
202.0;9;-955.0;-974.0;-954.0;?;-20
182.0;10;-952.0;-977.0;-945.0;-10;-20
192.0;-29;-957.0;-977.0;-957.0;29;-14
181.0;6;-958.0;-974.0;-962.0;-6;?
181.0;19;-965.0;-979.0;-966.0;-19;-23
188.0;-39;-964.0;-984.0;-964.0;39;-21
?;0;-962.0;-981.0;-963.0;0;-17
194.0;51;-962.0;-977.0;-960.0;-51;-14
203.0;?;-965.0;-977.0;-969.0;-4;-9
203.0;2;-968.0;?;-970.0;-2;-18
194.0;-8;-963.0;-976.0;-963.0;8;-21
199.0;-23;?;-977.0;-962.0;23;-22
200.0;5;-956.0;-972.0;-956.0;-5;-27
220.0;-40;-954.0;?;-955.0;?;-18
215.0;?;-956.0;-969.0;-956.0;46;-18
231.0;-3;-960.0;-971.0;-958.0;3;-19
233.0;-15;-961.0;-973.0;-961.0;15;?
202.0;-28;-960.0;-970.0;-962.0;28;-21
203.0;-27;-964.0;-969.0;-970.0;27;-20
?;?;?;-976.0;-966.0;18;-15
221.0;-12;-964.0;-980.0;?;12;-15
214.0;-28;-966.0;-983.0;-955.0;28;-21
226.0;-37;?;-986.0;-957.0;37;-25
218.0;-12;-968.0;-985.0;-962.0;12;-18
211.0;-16;?;-981.0;-962.0;16;-17
218.0;-32;-969.0;?;-962.0;32;-20
228.0;11;?;-976.0;-957.0;-11;-12
237.0;28;-961.0;-976.0;?;-28;?
221.0;?;-961.0;-980.0;-957.0;-21;-8
?;79;-966.0;-978.0;-959.0;-79;-33
218.0;3;-968.0;-977.0;-959.0;?;-64
202.0;-290;-965.0;-975.0;-961.0;290;-33
202.0;?;-967.0;-978.0;-961.0;563;-105
233.0;-680;-965.0;-977.0;-959.0;680;3
223.0;-406;-965.0;-972.0;-966.0;406;108
245.0;-74;-966.0;-972.0;?;74;?
226.0;0;-961.0;-975.0;?;0;50
?;217;-964.0;-983.0;-949.0;-217;30
223.0;282;-964.0;-982.0;-947.0;?;?
226.0;140;-961.0;-980.0;-951.0;-140;23
235.0;354;-963.0;-974.0;-954.0;-354;-19
234.0;391;-960.0;-973.0;-957.0;-391;-139
250.0;17;-957.0;-973.0;-954.0;-17;-48
219.0;-45;-956.0;-972.0;-956.0;?;-6
221.0;40;-961.0;-972.0;-961.0;-40;-32
207.0;18;-970.0;-975.0;-972.0;-18;?
209.0;30;?;-973.0;-976.0;-30;-14
222.0;16;-963.0;?;-976.0;-16;-25
214.0;17;-966.0;-980.0;-975.0;-17;-27
182.0;3;-962.0;?;-969.0;-3;-21
214.0;26;-957.0;?;-956.0;-26;-26
211.0;9;-961.0;-973.0;-971.0;-9;-26
201.0;5;-957.0;-979.0;-966.0;-5;-15
205.0;36;-952.0;-968.0;-952.0;-36;-15
210.0;-31;-942.0;-984.0;?;31;-18
205.0;1;-943.0;-988.0;-916.0;-1;-19
233.0;34;-936.0;-964.0;-933.0;-34;-17
218.0;-8;-953.0;-958.0;-956.0;8;-16
196.0;?;-966.0;-958.0;-970.0;-12;-20
217.0;?;-947.0;-1009.0;-922.0;-5;-19
223.0;-16;-949.0;-1067.0;-864.0;16;-11
224.0;-8;-928.0;-1049.0;-877.0;8;?
214.0;-3;-944.0;-939.0;?;3;-15
230.0;19;?;?;-1057.0;-19;-22
225.0;54;?;-906.0;-1076.0;-54;-19
202.0;39;-963.0;-953.0;-1013.0;-39;-19
?;?;-969.0;?;-970.0;9;-22
231.0;-28;-975.0;-1043.0;-958.0;28;-19
207.0;-17;-953.0;-1046.0;-960.0;17;-20
194.0;12;-954.0;?;-964.0;-12;-21
200.0;-27;-966.0;-957.0;-1000.0;27;-20
192.0;-29;-1005.0;-963.0;-1020.0;29;-16
185.0;51;-1020.0;-985.0;-1022.0;-51;-28
?;-64;-981.0;-995.0;-999.0;64;-83
211.0;-236;-958.0;-1024.0;-963.0;236;-33
198.0;?;-926.0;-1019.0;-947.0;238;?
204.0;-246;?;-995.0;-943.0;246;-30
?;-118;-938.0;?;-932.0;118;59
209.0;?;-949.0;-969.0;-954.0;-88;-5
181.0;186;-953.0;-974.0;-972.0;-186;?
220.0;609;-968.0;-985.0;-980.0;-609;-424
203.0;539;?;-997.0;-973.0;-539;-867
?;-48;-972.0;-1008.0;-970.0;48;26
198.0;16;-967.0;-1004.0;-970.0;-16;38
186.0;71;-955.0;-988.0;-964.0;-71;-95
199.0;-29;-953.0;-972.0;-969.0;29;29
182.0;-11;-956.0;-956.0;-958.0;11;-42
211.0;-42;-955.0;-964.0;-972.0;42;3
210.0;22;-962.0;-984.0;-980.0;-22;-24
220.0;23;-954.0;-996.0;?;?;-25
213.0;-6;-946.0;-992.0;-940.0;6;-12
194.0;35;-946.0;-959.0;-938.0;-35;-19
185.0;23;-914.0;-938.0;-929.0;-23;-17
192.0;7;-924.0;-926.0;-954.0;-7;-18
222.0;16;?;-957.0;-981.0;?;-20
213.0;12;-964.0;?;-984.0;-12;-20
231.0;76;-968.0;-1016.0;-961.0;-76;?
233.0;87;-967.0;-1015.0;-968.0;-87;-40
233.0;72;?;?;-991.0;-72;?
224.0;75;-977.0;-1001.0;-999.0;-75;-22
?;-9;-972.0;-979.0;-984.0;9;?
239.0;-59;-962.0;-967.0;-973.0;59;-19
253.0;-53;-963.0;-981.0;-972.0;53;-13
271.0;-44;-967.0;-1009.0;-961.0;44;-8
241.0;-29;-970.0;?;-961.0;29;-4
210.0;32;-970.0;-1014.0;?;-32;-16
210.0;60;-970.0;-1002.0;-965.0;-60;-24
227.0;-7;-965.0;-990.0;-957.0;7;-17
224.0;-18;-969.0;-982.0;-959.0;18;-16
245.0;-27;-971.0;-977.0;-964.0;27;-20
231.0;-13;-969.0;-969.0;-967.0;13;-20
259.0;16;-976.0;-971.0;-968.0;-16;-16
247.0;16;-976.0;-976.0;-963.0;-16;-16
242.0;67;-966.0;-990.0;-962.0;-67;-22
263.0;?;-968.0;?;-960.0;-27;?
262.0;-19;-961.0;-975.0;-951.0;19;-17
?;-3;-966.0;-975.0;-957.0;3;-20
251.0;-17;-968.0;-996.0;-956.0;17;-16
242.0;?;-961.0;-987.0;-949.0;-4;-19
225.0;-5;-953.0;-1002.0;-951.0;5;-19
237.0;-42;-961.0;-1019.0;-954.0;42;-13
267.0;-19;-969.0;-1001.0;-952.0;19;-17
263.0;10;-973.0;-974.0;-950.0;-10;-20
251.0;3;-971.0;-958.0;-958.0;-3;?
242.0;-5;-968.0;-970.0;-954.0;5;-18
235.0;-7;-973.0;-991.0;-954.0;7;-19
235.0;-3;-964.0;-1009.0;-944.0;3;-18
222.0;-11;-967.0;-1000.0;-949.0;11;-15
250.0;2;-971.0;-984.0;-963.0;-2;-18
244.0;15;-969.0;-972.0;-971.0;-15;-20
?;-5;-962.0;-962.0;-972.0;5;-13
263.0;10;-956.0;-959.0;-965.0;-10;-22
260.0;18;-954.0;-964.0;-953.0;-18;-22
232.0;17;-952.0;?;-947.0;-17;-17
246.0;12;-954.0;-961.0;-953.0;-12;-23
256.0;6;-958.0;-970.0;-963.0;-6;?
?;7;?;-982.0;-956.0;-7;-21
226.0;-31;-961.0;-981.0;-960.0;31;-27
248.0;-30;-966.0;-986.0;-968.0;30;-21
235.0;-16;-968.0;-980.0;-967.0;16;-11
233.0;?;-964.0;-972.0;?;12;-16
237.0;16;-961.0;-973.0;-967.0;?;-16
252.0;8;-957.0;-977.0;-955.0;-8;-12
252.0;-8;-956.0;-993.0;-950.0;8;-20
255.0;-31;-954.0;-995.0;-943.0;31;-18
234.0;14;-954.0;-985.0;-942.0;-14;?
233.0;61;-955.0;-988.0;-947.0;-61;-23
202.0;?;?;-980.0;-954.0;-49;-19
215.0;80;-960.0;-979.0;-955.0;-80;-29
223.0;34;-960.0;-979.0;?;-34;-22
221.0;-9;-958.0;-975.0;-960.0;9;-12
211.0;12;?;?;-979.0;-12;-21
214.0;3;-966.0;-989.0;-979.0;-3;-21
211.0;5;-961.0;-1001.0;-968.0;-5;-16
217.0;4;-956.0;-1003.0;-957.0;-4;-17
229.0;24;-953.0;-999.0;-946.0;-24;-18
230.0;41;-952.0;-993.0;-941.0;?;-16
212.0;-5;-952.0;-988.0;-932.0;5;-17
223.0;-25;-975.0;?;-961.0;?;-22
?;4;-979.0;-970.0;-975.0;-4;-22
201.0;-1;-969.0;-980.0;?;1;-16
?;-10;-965.0;-997.0;-976.0;10;?
231.0;-2;-964.0;-1000.0;-977.0;2;-19
232.0;-10;-967.0;?;-975.0;10;-13
203.0;-17;-961.0;-992.0;-974.0;17;-13
213.0;-17;-962.0;-983.0;-967.0;17;-22
216.0;-9;-966.0;-973.0;?;?;-20
218.0;-1;-964.0;-979.0;-986.0;1;-19
?;-25;-971.0;-991.0;-976.0;25;?
?;-77;-968.0;-1003.0;-975.0;77;?
219.0;?;-964.0;-1004.0;-970.0;90;-17
?;-34;-961.0;-996.0;-976.0;34;-23
229.0;8;-961.0;-990.0;-973.0;-8;-21
238.0;-18;-962.0;-983.0;-967.0;18;-19
?;-22;-964.0;?;-966.0;22;-19
213.0;-1;-958.0;-975.0;-965.0;1;-18
?;19;-958.0;-980.0;-953.0;-19;-20
213.0;38;-959.0;-987.0;-953.0;-38;-16
223.0;18;-962.0;-992.0;-963.0;?;-18
202.0;25;-965.0;-994.0;-965.0;-25;-25
223.0;16;-969.0;-990.0;-971.0;-16;-20
213.0;9;-963.0;-985.0;-962.0;-9;-16
?;14;-958.0;-981.0;-950.0;-14;-15
209.0;-8;-958.0;-989.0;-954.0;8;-11
?;40;-956.0;?;-957.0;-40;-21
236.0;23;-952.0;-986.0;-956.0;-23;-26
227.0;-8;-957.0;-984.0;-950.0;8;-19
223.0;2;-960.0;-986.0;-968.0;-2;-18
217.0;-28;-963.0;-982.0;-968.0;28;-18
216.0;-9;-963.0;-988.0;-962.0;?;-18
232.0;-27;-960.0;?;-964.0;27;-16
232.0;-37;-963.0;-987.0;-967.0;37;-17
234.0;-30;?;?;-961.0;30;-16
?;-20;-962.0;-993.0;-957.0;20;?
214.0;?;-962.0;-996.0;-961.0;-27;-17
213.0;11;-963.0;-997.0;-956.0;-11;-18
223.0;-1;?;?;-958.0;1;?
236.0;-26;-965.0;-971.0;?;26;-22
250.0;-28;-964.0;-978.0;-968.0;?;-13
232.0;20;-962.0;-982.0;-967.0;-20;-18
231.0;-5;-960.0;-987.0;-966.0;?;-16
?;-15;-958.0;-993.0;-963.0;15;-18
232.0;21;-956.0;-991.0;-964.0;-21;-19
234.0;-14;-953.0;-983.0;?;14;-17
223.0;-35;-952.0;-983.0;-960.0;35;?
207.0;11;-959.0;-988.0;-964.0;-11;-13
235.0;27;-961.0;-990.0;-971.0;-27;-12
232.0;41;-965.0;-995.0;-981.0;-41;?
219.0;55;-966.0;-998.0;-974.0;?;-20
210.0;3;-956.0;-994.0;-962.0;-3;-25
241.0;-28;-959.0;-990.0;-960.0;28;-24
234.0;?;?;?;-961.0;-10;-23
213.0;17;-955.0;-987.0;-958.0;-17;-22
213.0;-4;-957.0;-979.0;-963.0;4;-18
213.0;-4;-955.0;-972.0;-966.0;4;-19
212.0;-10;-951.0;-974.0;-964.0;10;?
218.0;?;-955.0;-983.0;-964.0;-1;-21
252.0;1;-957.0;-983.0;-965.0;?;-20
244.0;-45;-966.0;-962.0;-979.0;45;-22
235.0;-42;?;-956.0;-990.0;42;-24
246.0;3;-970.0;-976.0;-978.0;-3;-16
240.0;17;-972.0;-992.0;-973.0;-17;-16
247.0;-2;-960.0;-998.0;-975.0;2;-21
232.0;-4;-966.0;?;-982.0;4;-17
243.0;15;-970.0;-1010.0;-978.0;-15;?
233.0;-7;-964.0;-1000.0;-971.0;?;-16
243.0;-22;-963.0;-992.0;-968.0;22;-18
242.0;-17;-967.0;-996.0;?;?;-19
273.0;-31;-966.0;-1002.0;-959.0;31;-15
222.0;-27;-956.0;-999.0;-956.0;27;?
235.0;-25;-958.0;-993.0;-958.0;25;?
245.0;-40;-955.0;?;-957.0;?;?
235.0;-26;-956.0;-985.0;-957.0;26;-16
234.0;-13;-956.0;-999.0;-965.0;13;-17
241.0;15;-970.0;-1007.0;-965.0;-15;-14
215.0;37;?;-1003.0;-962.0;-37;-16
233.0;-9;-969.0;?;-958.0;9;-19
224.0;-16;-966.0;?;-958.0;16;?
?;6;-964.0;?;-957.0;-6;?
?;26;-963.0;-965.0;-968.0;-26;-13
239.0;35;-963.0;-972.0;-966.0;-35;-21
246.0;5;-960.0;-976.0;-960.0;-5;-20
223.0;4;-958.0;?;-960.0;-4;-22
251.0;-6;-958.0;-975.0;-962.0;6;?
243.0;-23;-959.0;-982.0;-968.0;23;-24
254.0;-11;-962.0;?;-964.0;11;-18
238.0;-6;-961.0;-980.0;-967.0;6;-15
214.0;-6;-963.0;-987.0;-960.0;6;-19
240.0;-6;?;-981.0;-968.0;6;-12
253.0;0;-959.0;-982.0;?;0;-15
254.0;9;-962.0;-994.0;?;-9;-21
248.0;1;-963.0;-995.0;-959.0;-1;-20
244.0;8;-965.0;-989.0;-960.0;-8;-19
236.0;16;-967.0;-989.0;-961.0;-16;-16
239.0;-4;-963.0;-984.0;-960.0;?;-23
?;7;-967.0;-980.0;-968.0;-7;-20
225.0;12;-963.0;-989.0;-962.0;-12;-15
235.0;-12;-964.0;-983.0;-959.0;12;-20
264.0;-3;-964.0;-978.0;-962.0;3;-18
243.0;24;-967.0;-976.0;-967.0;-24;-20
273.0;47;-966.0;-982.0;-963.0;-47;-18
234.0;?;-965.0;?;-963.0;-31;-12
?;-16;-964.0;-988.0;-958.0;16;?
233.0;-5;-962.0;-987.0;-956.0;5;?
270.0;?;-962.0;-979.0;-953.0;-39;-18
255.0;31;?;-983.0;?;?;-5
259.0;18;-967.0;-982.0;-966.0;-18;0
257.0;54;-964.0;-982.0;-962.0;-54;?
231.0;47;-965.0;-984.0;-959.0;-47;-27
?;39;-965.0;-986.0;-953.0;-39;-20
199.0;-11;-965.0;-983.0;-963.0;11;-22
195.0;-31;-977.0;?;-970.0;31;-24
206.0;-5;-989.0;-999.0;-972.0;5;-30
184.0;-233;-980.0;-1000.0;?;233;-74
182.0;-57;-977.0;-1001.0;-953.0;57;-196
173.0;-453;-977.0;-1001.0;-948.0;453;-146
153.0;-1048;-975.0;-1004.0;-947.0;1048;156
121.0;-605;?;-1007.0;-951.0;605;459
152.0;-689;-982.0;-1010.0;-958.0;689;?
129.0;348;-980.0;-1006.0;-961.0;-348;238
149.0;?;-969.0;-998.0;-960.0;-1915;-126
141.0;1744;-955.0;?;-956.0;?;-254
122.0;1839;-939.0;-984.0;-945.0;-1839;?
109.0;2107;-935.0;-964.0;-942.0;-2107;-29
90.0;1882;-930.0;-973.0;?;-1882;-60
83.0;2101;-945.0;-1002.0;-966.0;-2101;88
98.0;1320;-948.0;-1019.0;-1016.0;-1320;?
103.0;422;-955.0;-1006.0;-1039.0;?;481
?;-35;?;-970.0;-1042.0;35;472
107.0;-1852;-915.0;-932.0;-1010.0;1852;-1089
107.0;?;?;?;-969.0;?;-9
64.0;-4754;-856.0;-868.0;-958.0;4754;-8
?;-4139;-871.0;-873.0;-972.0;4139;-1088
81.0;-975;-869.0;-885.0;-994.0;975;35
51.0;102;-873.0;-930.0;-973.0;-102;0
52.0;-49;?;-937.0;-955.0;49;-99
77.0;-128;-901.0;-945.0;-958.0;128;90
73.0;-215;-894.0;-924.0;-962.0;215;-91
?;-14;-901.0;-909.0;?;14;28
?;-38;-911.0;-908.0;-974.0;38;-25
54.0;-34;-912.0;?;-967.0;34;-20
46.0;0;?;-941.0;?;0;4
?;-62;-958.0;-957.0;-984.0;62;-22
149.0;-17;-997.0;?;-1022.0;17;-30
111.0;48;?;-1049.0;-1112.0;-48;-11
28.0;?;-1207.0;-1113.0;-1176.0;-27;-18
81.0;47;-993.0;-1066.0;-1166.0;-47;?
139.0;19;-876.0;-828.0;-915.0;-19;-9
171.0;1;-847.0;?;-807.0;-1;-4
122.0;24;-903.0;-975.0;-816.0;-24;-16
101.0;9;-916.0;-1029.0;-805.0;-9;-4
66.0;-31;-920.0;-1024.0;-842.0;31;?
83.0;-70;-971.0;-1043.0;?;70;-12
102.0;-48;-1003.0;-1083.0;-972.0;48;-13
94.0;-37;?;-1162.0;-1069.0;37;-21
128.0;-36;-1086.0;-1180.0;-1095.0;36;-19
78.0;-46;-1022.0;-1013.0;-1044.0;46;-22
79.0;?;-969.0;-962.0;-1008.0;59;-22
76.0;-4;-941.0;?;-951.0;4;-10
?;18;-942.0;-909.0;-930.0;-18;-13
88.0;20;-958.0;-925.0;-937.0;-20;?
125.0;23;-953.0;-942.0;-952.0;-23;?
85.0;3;-959.0;-942.0;-949.0;-3;-25
92.0;16;-966.0;?;-953.0;-16;-24
54.0;20;-981.0;-974.0;-970.0;-20;-25
70.0;-8;-971.0;-992.0;-966.0;8;-17
72.0;-21;?;-989.0;-944.0;21;-10
97.0;-12;-961.0;-997.0;-949.0;12;-20
64.0;-5;-1007.0;-1080.0;-974.0;5;-22
84.0;5;-1038.0;-1059.0;-1029.0;-5;-17
23.0;?;-1023.0;-1009.0;-1034.0;0;-18
68.0;?;-993.0;-993.0;-989.0;27;-14
85.0;-10;-970.0;-1021.0;-961.0;10;-18
85.0;20;-978.0;-984.0;-962.0;-20;-27
70.0;-12;-973.0;-986.0;-971.0;?;-20
?;-8;-981.0;-983.0;-987.0;8;-15
64.0;31;-976.0;-992.0;-986.0;-31;-21
?;-8;-976.0;-996.0;-975.0;8;-19
36.0;3;-973.0;-1001.0;-963.0;-3;-18
44.0;20;-978.0;-1023.0;-968.0;-20;-18
71.0;?;-984.0;-1055.0;-974.0;45;-17
?;?;-987.0;-1016.0;-981.0;32;-19
40.0;7;-991.0;-1001.0;-974.0;-7;-15
38.0;-5;-990.0;?;-968.0;5;-13
20.0;28;-986.0;-1003.0;-962.0;-28;-14
14.0;27;-985.0;-990.0;-960.0;-27;-17
-9.0;-17;-983.0;-981.0;-964.0;17;-22
35.0;12;-980.0;-978.0;-968.0;-12;-19
49.0;23;?;-972.0;-970.0;-23;-16
11.0;8;-975.0;?;-972.0;-8;-13
9.0;27;-961.0;-964.0;-971.0;-27;-20
22.0;19;-968.0;-972.0;-980.0;?;-29
22.0;?;-974.0;-991.0;-986.0;6;?
0.0;12;-971.0;?;-984.0;-12;-17
-7.0;31;-969.0;-1003.0;-987.0;-31;-19
?;15;-968.0;-989.0;?;-15;-16
-3.0;25;?;-974.0;-991.0;-25;-15
20.0;20;-963.0;-967.0;?;-20;-18
-40.0;-6;-962.0;-975.0;-993.0;6;-17
-38.0;4;-958.0;-973.0;-982.0;-4;-15
-19.0;-10;-951.0;-968.0;-978.0;10;-17
-8.0;-16;-958.0;-967.0;?;16;-18
-13.0;1;-957.0;-971.0;-974.0;-1;-20
-3.0;21;-969.0;-973.0;-981.0;-21;-24
-11.0;26;-971.0;-980.0;-988.0;-26;-23
-5.0;-4;-979.0;-996.0;?;4;-18
?;16;-978.0;-1008.0;-979.0;-16;-13
-17.0;17;?;-1000.0;-990.0;-17;-18
-19.0;-35;-977.0;-986.0;?;?;-22
-26.0;-18;-970.0;-947.0;-986.0;18;-22
-45.0;16;-962.0;-928.0;-991.0;-16;?
-61.0;-2;-964.0;-1022.0;-970.0;2;-16
-53.0;-1;?;-1050.0;-958.0;1;-19
-50.0;8;?;-1045.0;-959.0;-8;-21
-51.0;2;-989.0;-1046.0;-976.0;-2;-16
-20.0;-7;-992.0;-1040.0;-987.0;7;-19
?;4;?;-975.0;-981.0;-4;-20
-38.0;30;-947.0;-935.0;-960.0;-30;-15
-15.0;-10;-958.0;-932.0;-969.0;10;-14
-15.0;-23;-969.0;-947.0;-979.0;23;-17
-30.0;17;-967.0;-952.0;?;-17;-20
-16.0;28;-949.0;-957.0;-965.0;-28;-17
?;?;-956.0;-955.0;-957.0;-38;-12
-31.0;16;-959.0;-968.0;-959.0;-16;-18
-61.0;-11;-962.0;-976.0;-957.0;11;-18
-67.0;7;?;-995.0;-973.0;-7;-19
-59.0;14;-985.0;-1011.0;-996.0;-14;-23
?;5;-980.0;?;-997.0;-5;-19
?;?;-973.0;-982.0;-990.0;-5;-17
-59.0;-4;-969.0;-979.0;?;4;-14
-61.0;3;-968.0;?;-984.0;-3;-17
-39.0;25;-979.0;-991.0;-995.0;-25;-20
-32.0;25;-967.0;-1002.0;-994.0;-25;-19
-35.0;27;-947.0;-972.0;?;-27;-20
-11.0;19;-940.0;-935.0;-953.0;-19;-19
-32.0;-6;?;?;-959.0;6;-20
-17.0;12;-960.0;?;-954.0;-12;-25
?;?;-972.0;-948.0;-963.0;-29;-23
-17.0;12;-977.0;-985.0;-973.0;-12;-17
?;29;-974.0;-984.0;-984.0;-29;-14
-29.0;49;-976.0;-988.0;-992.0;-49;?
?;26;-967.0;-977.0;-985.0;-26;-17
-5.0;10;-964.0;-968.0;-977.0;?;-23
-13.0;21;-948.0;-920.0;-971.0;-21;-22
15.0;10;-945.0;-922.0;-975.0;-10;-17
21.0;?;-954.0;-994.0;-965.0;18;-17
1.0;-27;?;-1006.0;-967.0;27;-17
?;-34;?;-983.0;-965.0;34;-21
28.0;-44;-974.0;-992.0;-972.0;44;-21
26.0;-30;-977.0;-988.0;-971.0;30;-17
59.0;-14;-982.0;-979.0;-983.0;14;-21
41.0;?;-982.0;-956.0;-982.0;-5;-22
44.0;19;?;-979.0;-972.0;-19;-19
19.0;-10;-966.0;-976.0;-955.0;10;-23
29.0;-10;-964.0;?;-945.0;10;-23
20.0;-15;?;-981.0;-956.0;15;-14
0.0;-39;-978.0;-989.0;-977.0;39;-14
-19.0;-17;-968.0;-992.0;-973.0;17;?
30.0;-23;-972.0;-996.0;?;23;-20
13.0;-33;-974.0;-985.0;-964.0;33;-19
12.0;-18;-979.0;-995.0;-971.0;18;-19
-1.0;2;-985.0;-1000.0;-975.0;-2;-18
20.0;17;-997.0;-1018.0;-979.0;-17;-15
-20.0;16;-1021.0;-1041.0;-1006.0;-16;-14
?;-5;-989.0;-1017.0;-993.0;5;-19
1.0;-40;-955.0;-975.0;-961.0;40;?
6.0;14;-946.0;-952.0;-948.0;-14;-16
-35.0;44;-954.0;-961.0;?;-44;?
?;3;-965.0;-979.0;?;-3;-18
-16.0;15;-976.0;?;-979.0;-15;-22
-15.0;15;?;-995.0;-983.0;-15;-19
-13.0;28;-978.0;-992.0;-994.0;-28;-16
-27.0;?;-985.0;-1002.0;-998.0;-8;-19
-31.0;1;-976.0;-997.0;-999.0;?;-22
-24.0;12;?;-977.0;-997.0;-12;-21
-11.0;-26;?;-975.0;-987.0;26;-16
-16.0;3;-955.0;-981.0;-978.0;?;-14
-30.0;-32;?;-977.0;-970.0;32;-17
-21.0;-55;-966.0;-980.0;-971.0;?;-16
-20.0;-8;-970.0;-982.0;-977.0;8;-16
-20.0;?;-963.0;-975.0;-980.0;4;-18
-30.0;33;-966.0;-972.0;-977.0;-33;-18
-16.0;29;-966.0;?;?;-29;-20
-14.0;2;?;?;-974.0;?;-24
-29.0;10;-962.0;-970.0;-971.0;?;?
-3.0;18;-961.0;-972.0;-973.0;-18;-17
-24.0;15;-959.0;-974.0;-968.0;-15;-20
-38.0;4;-961.0;-975.0;-963.0;-4;-16
-31.0;22;-968.0;-984.0;-965.0;-22;-15
-43.0;26;?;-990.0;-975.0;-26;-18
-2.0;32;-975.0;-988.0;-983.0;-32;-15
-23.0;18;-972.0;-996.0;-984.0;-18;?
-22.0;-28;-968.0;-1013.0;-996.0;28;-22
-36.0;-12;-978.0;-1029.0;?;12;-14
-41.0;1;-982.0;-1031.0;-980.0;?;-14
-31.0;-16;-969.0;-989.0;-951.0;16;-14
0.0;-15;-960.0;-962.0;-964.0;15;-16
-20.0;-18;-962.0;-964.0;-992.0;18;-22
-8.0;-17;-969.0;?;-991.0;17;-21
-11.0;1;-963.0;-1059.0;-984.0;-1;-19
-11.0;9;-970.0;-984.0;-981.0;-9;?
-43.0;0;-995.0;-866.0;-982.0;0;-15
-38.0;?;-957.0;-861.0;-1000.0;?;?
-2.0;14;-965.0;-961.0;-990.0;?;-23
-24.0;5;-948.0;-1067.0;-986.0;-5;-22
-26.0;24;-951.0;-1025.0;?;-24;-20
-13.0;22;-961.0;?;-976.0;?;-19
-8.0;12;-948.0;-890.0;-967.0;-12;-17
-12.0;-2;-1009.0;-803.0;-989.0;2;-17
?;-16;-979.0;-738.0;-985.0;16;-18
-8.0;-6;-968.0;-670.0;-1005.0;6;?
-28.0;-7;-971.0;-665.0;-1018.0;7;-22
-51.0;8;-972.0;?;-1000.0;-8;?
-19.0;14;-974.0;-668.0;-993.0;-14;-15
-33.0;2;-977.0;-687.0;-991.0;-2;-15
?;-8;-970.0;-679.0;-990.0;8;?
-4.0;-17;-966.0;-673.0;-982.0;?;-17
-36.0;-3;-961.0;-684.0;-972.0;3;-12
-23.0;-29;-964.0;-654.0;?;29;-17
-24.0;-26;-965.0;-666.0;-938.0;26;-20
-35.0;13;-959.0;-669.0;-944.0;-13;-18
?;3;-967.0;-661.0;-961.0;-3;?
-35.0;?;-979.0;?;?;15;-19
-17.0;-24;?;-688.0;-960.0;24;-20
?;16;-979.0;-643.0;-967.0;-16;-13
-35.0;?;-977.0;-660.0;-981.0;-34;-12
-33.0;-18;-974.0;-686.0;?;18;-21
-28.0;?;-972.0;-644.0;-974.0;-9;-18
-40.0;43;-967.0;-657.0;-972.0;-43;-14
-21.0;?;-967.0;-690.0;?;27;-15
-27.0;-10;-971.0;-670.0;-983.0;10;-17
-14.0;31;-979.0;-666.0;-990.0;-31;-18
-38.0;-17;-976.0;-659.0;-984.0;17;-18
-20.0;-4;?;-651.0;-988.0;4;?
-28.0;28;-976.0;-622.0;-988.0;-28;?
-27.0;?;-972.0;-624.0;-991.0;10;-22
-34.0;-40;-966.0;-615.0;-989.0;?;?
-17.0;-12;-976.0;-654.0;-976.0;12;-19
-16.0;5;-981.0;?;-971.0;-5;-16
-18.0;5;-972.0;-640.0;-970.0;?;-16
-37.0;17;-975.0;-650.0;-971.0;-17;-17
-16.0;0;-973.0;-617.0;?;0;?
-49.0;?;-965.0;-619.0;-984.0;2;-21
-23.0;3;-965.0;-656.0;-977.0;-3;-21
-39.0;-5;-964.0;-651.0;-973.0;5;-16
-29.0;15;-971.0;-650.0;?;-15;-22
1.0;12;-975.0;-658.0;?;-12;-15
-3.0;-10;-976.0;-657.0;-977.0;10;-18
-38.0;9;-981.0;-659.0;-972.0;-9;-25
-46.0;10;-980.0;-664.0;-978.0;-10;-18
-28.0;-20;?;-631.0;-983.0;20;-20
-26.0;-18;-973.0;-623.0;-981.0;18;-21
-25.0;3;-973.0;-632.0;-974.0;?;-15
-47.0;5;-975.0;?;-973.0;-5;-16
-25.0;6;-967.0;-614.0;-977.0;-6;-16
-31.0;?;-963.0;-602.0;-984.0;-1;-19
-45.0;-20;?;?;-986.0;20;-21
-23.0;-38;-965.0;-607.0;-981.0;38;?
-13.0;-32;-974.0;-610.0;-990.0;32;-14
1.0;-23;-968.0;-611.0;-997.0;?;-15
?;-31;-973.0;-627.0;-985.0;31;-16
?;-3;-974.0;-647.0;?;3;-13
-16.0;13;-977.0;?;-995.0;-13;?
17.0;-34;-981.0;-657.0;-1000.0;34;-25
-7.0;-45;-976.0;-680.0;-1008.0;45;-32
18.0;-30;-948.0;-776.0;-1007.0;30;-13
?;-27;-890.0;?;-949.0;27;?
-6.0;-30;-915.0;-1065.0;-897.0;30;-21
-11.0;-26;-974.0;-1040.0;-899.0;26;-17
-34.0;?;-1006.0;-933.0;?;7;-14
2.0;-16;-977.0;-911.0;-899.0;16;?
-40.0;-2;-924.0;-769.0;-929.0;2;-21
-60.0;20;-959.0;-681.0;-956.0;-20;-25
-36.0;0;-961.0;-826.0;-999.0;0;-17
-11.0;6;-955.0;-758.0;-1074.0;?;-17
-28.0;27;-989.0;-932.0;-1075.0;-27;-18
6.0;5;-979.0;-887.0;?;-5;-15
?;-7;-978.0;-1032.0;?;7;-17
51.0;36;-1011.0;-985.0;-1029.0;-36;-31
-1.0;27;-1030.0;-973.0;-1039.0;-27;-33
-31.0;-17;-1014.0;-1029.0;-1034.0;17;-16
24.0;1;-923.0;-1013.0;-989.0;-1;-8
9.0;6;-942.0;-1024.0;-961.0;-6;-9
67.0;6;-955.0;?;-965.0;-6;-16
128.0;-22;-959.0;-1032.0;-994.0;22;-13
59.0;3772;-947.0;-978.0;-982.0;-3772;190
?;1816;-883.0;-908.0;-951.0;-1816;-391
74.0;-1522;?;-870.0;-959.0;1522;-55
74.0;-2735;-913.0;-905.0;-977.0;2735;718
?;-2881;?;-946.0;-992.0;2881;?
91.0;-3506;-975.0;-946.0;?;3506;452
102.0;-3269;?;?;-1009.0;3269;389
86.0;?;?;-1001.0;-1021.0;2790;-62
73.0;-2822;-936.0;-999.0;-987.0;2822;-214
63.0;-2639;-947.0;-1025.0;-960.0;2639;-159
57.0;-1629;-965.0;-1056.0;-973.0;1629;-70
44.0;-469;-986.0;-1068.0;-998.0;469;-115
2.0;-427;-994.0;-1042.0;-1020.0;?;-250
20.0;-286;-953.0;-999.0;?;286;?
40.0;13;-936.0;?;-942.0;-13;?
46.0;-160;-928.0;-956.0;-924.0;160;?
160.0;-102;-920.0;-1000.0;-929.0;102;?
206.0;-95;-940.0;-1045.0;-951.0;?;-6
188.0;-73;-962.0;?;-955.0;?;-23
111.0;-20;-961.0;-1050.0;-949.0;20;-22
71.0;-34;-957.0;-1038.0;-943.0;?;-22
71.0;11;-985.0;-1034.0;-974.0;-11;-17
90.0;-28;-1018.0;-1054.0;-1012.0;28;-18
58.0;-51;-1079.0;-1065.0;-1065.0;51;?
64.0;-49;-1134.0;-1082.0;?;49;-28
41.0;-34;-1018.0;-1034.0;?;34;-18
58.0;33;-979.0;-958.0;-1069.0;-33;-2
114.0;70;-925.0;?;-949.0;-70;-6
147.0;29;-935.0;-924.0;-874.0;?;-13
136.0;17;-938.0;-952.0;-866.0;?;-8
164.0;57;-950.0;?;-882.0;-57;-15
223.0;?;-927.0;-978.0;-880.0;-14;-28
303.0;?;-974.0;-981.0;-891.0;-5;-28
?;35;-917.0;-993.0;-890.0;-35;-23
241.0;?;-887.0;-941.0;-866.0;24;-15
203.0;-26;-925.0;?;-880.0;26;-13
181.0;-37;-984.0;?;?;37;-15
?;-121;-1015.0;-1043.0;-1004.0;121;-12
152.0;-34;-1024.0;-1039.0;-993.0;34;-20
8.0;13;-1018.0;-1045.0;-1110.0;-13;-57
120.0;-167;-1023.0;-1042.0;-1116.0;167;-63
-25.0;-219;-1014.0;?;-1085.0;219;-18
?;-197;-944.0;-918.0;-1004.0;197;-1
33.0;-275;?;-877.0;?;275;9
67.0;-203;-885.0;-857.0;?;203;12
140.0;-105;?;?;-860.0;105;-19
169.0;-144;-973.0;-925.0;-904.0;144;-10
134.0;-146;-1023.0;-986.0;-926.0;?;1
140.0;-158;-1106.0;-1052.0;-962.0;158;-23
116.0;-94;?;-1156.0;-1042.0;?;2
106.0;-88;-997.0;-1215.0;-982.0;88;11
141.0;-54;-1004.0;-1088.0;-966.0;?;18
96.0;262;-1000.0;?;-1021.0;-262;47
100.0;329;-1032.0;-1029.0;-1105.0;-329;-27
100.0;197;-1037.0;-972.0;-1110.0;-197;-51
89.0;152;-987.0;-940.0;-1032.0;-152;-33
56.0;88;-947.0;?;-943.0;-88;-53
57.0;48;-936.0;-931.0;?;-48;-16
69.0;54;-965.0;?;-917.0;-54;3
64.0;97;-953.0;-981.0;?;-97;?
87.0;36;-971.0;-980.0;-950.0;-36;-26
72.0;-49;-1002.0;-1015.0;-976.0;49;-15
82.0;-14;-1007.0;?;-992.0;?;-6
72.0;27;-993.0;-1030.0;-982.0;-27;-41
-3.0;21;-969.0;-992.0;-943.0;-21;-35
53.0;-4;-939.0;-959.0;-898.0;4;-24
61.0;8;-960.0;-962.0;-888.0;-8;-18
47.0;?;-988.0;-990.0;-928.0;-30;-10
53.0;12;-1000.0;-1021.0;-950.0;-12;-15
21.0;16;-1037.0;-1069.0;-972.0;?;-15
0.0;21;-1004.0;-1088.0;-984.0;-21;-25
24.0;-12;-971.0;-1037.0;-965.0;12;-27
19.0;-1;?;-1025.0;-998.0;1;-22
8.0;37;-1000.0;-1013.0;-1017.0;-37;-22
62.0;?;-985.0;?;-1014.0;-36;-16
29.0;27;-999.0;-993.0;-1029.0;-27;-16
?;19;-986.0;-982.0;-1004.0;-19;-17
20.0;9;-965.0;-981.0;-971.0;-9;?
?;-1;-970.0;-986.0;-983.0;1;-14
-3.0;-5;-978.0;-989.0;-981.0;?;-18
-21.0;6;-978.0;-976.0;-977.0;?;?
35.0;6;-978.0;-994.0;-1005.0;-6;-13
?;-12;-989.0;-1023.0;-1019.0;12;-14
3.0;?;-1010.0;-1039.0;-1038.0;16;-25
-1.0;6;-1003.0;-1057.0;-1016.0;-6;?
10.0;-4;-961.0;-1006.0;-1014.0;4;-17
-10.0;-28;-952.0;-963.0;-1000.0;28;-22
2.0;1;-971.0;-950.0;?;-1;-22
20.0;22;-973.0;-953.0;-980.0;-22;-15
?;-5;-964.0;-976.0;-979.0;?;-17
3.0;-24;-963.0;-985.0;-974.0;24;-12
?;-46;-980.0;-996.0;-976.0;?;-15
54.0;?;-993.0;-1019.0;-990.0;34;-24
9.0;22;-981.0;-1016.0;-993.0;-22;-17
-15.0;17;-989.0;-1009.0;-1000.0;-17;?
3.0;-9;-986.0;-1005.0;-998.0;9;-21
9.0;0;-976.0;-997.0;-992.0;0;-16
24.0;?;-951.0;?;-974.0;-6;?
?;?;-954.0;-956.0;-965.0;-16;-21
?;8;-958.0;?;-966.0;-8;?
-10.0;-2;-954.0;-985.0;-971.0;2;-18
-10.0;24;-966.0;?;?;-24;-19
9.0;13;-980.0;?;-972.0;-13;-16
29.0;-18;-980.0;-1012.0;?;18;-15
10.0;17;-991.0;-1018.0;-991.0;-17;-13
8.0;40;-995.0;-1024.0;-1001.0;-40;-18
?;21;-982.0;-1011.0;-997.0;?;?
18.0;9;?;?;-991.0;?;-20
-20.0;-19;-974.0;-995.0;-987.0;19;?
23.0;-24;-969.0;-989.0;-985.0;24;-19
16.0;5;?;-987.0;-990.0;-5;-15
25.0;6;-970.0;-992.0;?;-6;-15
10.0;17;-966.0;?;?;-17;?
14.0;32;-971.0;-993.0;-978.0;-32;-18
-7.0;0;-972.0;?;-983.0;0;-20
5.0;-30;-975.0;-1003.0;-988.0;30;-24
11.0;-28;-981.0;-1003.0;-991.0;28;-23
10.0;-20;-980.0;-999.0;-991.0;20;-18
0.0;2;-974.0;-996.0;-986.0;-2;-15
10.0;26;-970.0;-990.0;-981.0;-26;?
8.0;1;-972.0;-988.0;-977.0;-1;-20
-12.0;-28;-968.0;-992.0;-977.0;28;-19
-4.0;-8;-976.0;-993.0;-978.0;8;-22
9.0;7;-978.0;-997.0;-979.0;-7;-16
16.0;-4;-980.0;-1007.0;-980.0;4;-17
11.0;-5;-978.0;-1001.0;-979.0;5;-21
5.0;-7;-976.0;-994.0;-987.0;7;?
0.0;-4;-976.0;-996.0;-985.0;4;-20
-6.0;15;-971.0;-1001.0;-979.0;-15;-20
0.0;19;-975.0;-999.0;-979.0;?;-21
8.0;9;-973.0;-997.0;-980.0;-9;-20
-11.0;-2;-975.0;?;?;2;-18
-24.0;-22;-979.0;-999.0;-985.0;22;-19
-1.0;?;-973.0;-995.0;?;14;-19
0.0;5;-968.0;-991.0;-984.0;-5;-18
0.0;-12;-971.0;-990.0;-983.0;12;-13
?;-10;-974.0;-993.0;-983.0;10;-19
-2.0;?;-980.0;-1000.0;-991.0;-15;-24
?;13;-979.0;-998.0;-992.0;-13;?
-5.0;5;-973.0;-994.0;-984.0;-5;-20
-4.0;-4;-968.0;-990.0;-977.0;4;-21
?;-16;?;-994.0;-980.0;16;-17
0.0;?;-974.0;-995.0;?;13;?
-16.0;2;-977.0;-996.0;-988.0;-2;-21
6.0;20;-977.0;?;-986.0;-20;-16
-4.0;27;-972.0;-999.0;-977.0;-27;-18
-2.0;9;?;-1001.0;-983.0;-9;-22
-20.0;-18;-973.0;-997.0;-985.0;18;-15
-34.0;-33;-977.0;-996.0;?;?;-15
-11.0;2;-978.0;-999.0;-987.0;-2;-17
-19.0;?;-976.0;-998.0;?;-10;?
-10.0;-28;-971.0;-995.0;-988.0;28;?
-12.0;-20;-972.0;-995.0;-984.0;20;-22
?;-15;-972.0;-995.0;-982.0;15;-17
8.0;-16;-975.0;-999.0;-986.0;16;-14
-38.0;-22;-972.0;-998.0;-987.0;22;-19
-18.0;-25;-975.0;-997.0;-987.0;25;-18
-16.0;-6;-971.0;?;-979.0;?;-12
-12.0;-15;-969.0;-993.0;-977.0;15;-18
-1.0;-10;-973.0;-1000.0;-979.0;10;-18
-19.0;-4;-975.0;-996.0;-985.0;4;-13
-19.0;16;-976.0;-992.0;-996.0;-16;?
-22.0;24;-973.0;-991.0;?;-24;-17
-11.0;?;-963.0;-987.0;-987.0;?;-18
-11.0;18;-966.0;-987.0;-981.0;-18;-22
-1.0;-19;-970.0;?;-986.0;19;-18
-9.0;-40;-972.0;?;-990.0;40;-17
-10.0;-28;-973.0;-992.0;-987.0;28;-17
-31.0;-37;?;-1002.0;-988.0;37;-17
-36.0;2;-973.0;-1005.0;-980.0;-2;-19
3.0;12;-969.0;-999.0;-973.0;-12;-15
?;1;-968.0;-991.0;-970.0;-1;-14
?;34;-973.0;-999.0;-980.0;-34;-19
-30.0;?;-976.0;-1000.0;-981.0;-10;-19
0.0;-27;-975.0;-993.0;-980.0;27;-20
-10.0;2;?;-997.0;-979.0;-2;-21
-19.0;?;-973.0;-1002.0;-980.0;0;?
1.0;-5;-975.0;-1001.0;-984.0;5;?
-20.0;8;-974.0;-996.0;-984.0;-8;-14
-20.0;-13;-980.0;?;-994.0;?;-17
-18.0;-3;-972.0;-991.0;-990.0;3;-23
-30.0;17;-968.0;-992.0;-979.0;-17;-19
-11.0;-16;-965.0;-989.0;-974.0;16;-21
-29.0;-35;-968.0;-985.0;-977.0;35;-24
-20.0;-19;-970.0;?;-978.0;19;-21
-10.0;-1;-977.0;-999.0;-981.0;1;-19
-23.0;16;-978.0;-1002.0;-986.0;-16;-18
-40.0;17;-976.0;-1001.0;-981.0;-17;-18
-28.0;9;-970.0;-992.0;-978.0;-9;-16
-30.0;-2;-969.0;-988.0;?;2;-18
-15.0;-4;?;-988.0;-978.0;4;-15
-29.0;8;-974.0;-995.0;-981.0;-8;-14
-21.0;16;-978.0;-1003.0;-987.0;-16;?
-34.0;8;-978.0;-1002.0;-985.0;-8;-15
-32.0;1;-972.0;-995.0;-985.0;-1;-16
-45.0;15;-969.0;-997.0;-986.0;-15;-20
-37.0;9;-970.0;-999.0;-986.0;-9;-19
-28.0;-7;-970.0;-984.0;-989.0;7;-21
-31.0;-6;-972.0;-983.0;-989.0;6;-19
?;?;-973.0;-994.0;-977.0;24;?
-30.0;-25;-979.0;-1006.0;-976.0;25;-19
-40.0;-5;-979.0;-1005.0;?;5;-24
-54.0;10;-980.0;-1004.0;-988.0;-10;?
-55.0;15;-978.0;-1000.0;?;-15;-15
-29.0;5;-972.0;-996.0;-989.0;-5;-18
-24.0;12;-970.0;?;-987.0;-12;?
-15.0;?;-971.0;-995.0;-984.0;-26;-19
-51.0;26;-969.0;-994.0;?;-26;-19
-48.0;29;-972.0;-991.0;-985.0;-29;-19
-55.0;25;-967.0;-989.0;-985.0;-25;?
-37.0;16;-970.0;-990.0;-987.0;-16;-18
-33.0;10;-969.0;-991.0;-988.0;?;-18
-51.0;-12;-967.0;?;-983.0;12;-22
-35.0;-9;-966.0;-994.0;-984.0;?;-19
-20.0;7;-971.0;-990.0;-983.0;-7;?
-38.0;-8;-973.0;?;-987.0;8;-16
-71.0;-7;-971.0;-993.0;-991.0;7;-15
-59.0;-2;-973.0;-999.0;-985.0;?;-21
-18.0;-17;-970.0;-997.0;-979.0;17;-23
-37.0;-8;-969.0;-994.0;-975.0;8;-20
-45.0;?;-969.0;-993.0;-971.0;-7;-19
-36.0;5;-969.0;-994.0;-971.0;-5;-16
-48.0;?;-977.0;-1000.0;-983.0;-14;-16
-48.0;19;-977.0;-1003.0;?;-19;-16
-55.0;12;-974.0;-1000.0;-983.0;-12;-16
-32.0;19;-971.0;-1006.0;-983.0;?;-15
-27.0;-6;-965.0;-986.0;-983.0;6;-20
-47.0;-26;-968.0;-990.0;-979.0;26;-22
-42.0;11;?;-992.0;-984.0;-11;-15
-50.0;15;-969.0;?;-985.0;-15;-17
-25.0;-11;-970.0;-992.0;-983.0;11;-21
-37.0;-20;-974.0;-1000.0;-987.0;20;-20
-41.0;-30;-969.0;-995.0;-983.0;30;-22
-31.0;-27;?;-994.0;-991.0;27;-21
-39.0;0;-973.0;-994.0;-987.0;0;-18
-33.0;19;-972.0;-998.0;-985.0;-19;-21
-52.0;-4;-970.0;-994.0;-982.0;4;-20
-52.0;-40;-964.0;-987.0;-978.0;40;-19
-44.0;-33;-961.0;-981.0;-974.0;33;-17
-31.0;-6;-965.0;-988.0;-978.0;6;-14
-41.0;-5;?;-995.0;-982.0;?;-25
-45.0;-1;-972.0;-999.0;-982.0;1;-29
-43.0;11;-974.0;-1001.0;-982.0;-11;-15
-21.0;-2;?;-996.0;-982.0;2;-14
-51.0;-3;-968.0;-994.0;-983.0;3;-23
?;5;-971.0;-992.0;-986.0;-5;-17
-31.0;-22;-972.0;-996.0;-988.0;22;-12
-28.0;-27;-973.0;-997.0;-983.0;27;-17
-60.0;-3;-972.0;-994.0;-982.0;?;-16
-30.0;7;-970.0;-991.0;-978.0;-7;-18
?;18;-972.0;-990.0;-982.0;-18;-18
-29.0;?;-971.0;-993.0;-984.0;-17;-15
-43.0;12;-973.0;-996.0;-982.0;-12;-17
-56.0;24;-968.0;-995.0;-981.0;-24;-18
-53.0;1;-959.0;-994.0;-977.0;?;-19
-28.0;19;-963.0;?;-978.0;-19;-17
-25.0;19;-965.0;-992.0;-980.0;-19;?
-33.0;-37;-968.0;?;-989.0;37;-16
-51.0;4;-974.0;-1000.0;-995.0;-4;-21
-29.0;3;?;-1006.0;-999.0;-3;?
-38.0;-20;?;-1006.0;-1000.0;20;-23
-40.0;-3;-987.0;-1008.0;-1006.0;3;-21
-47.0;-4;?;?;-995.0;4;-21
-70.0;16;-956.0;-978.0;?;-16;?
-53.0;-24;-944.0;-963.0;-971.0;?;-22
-40.0;-39;-952.0;-966.0;-965.0;?;?
-51.0;-1;-956.0;-976.0;-964.0;?;-17
-37.0;-13;-964.0;?;-970.0;13;-19
-34.0;-15;?;-1003.0;-987.0;15;-10
-31.0;-5;-986.0;-1019.0;-988.0;5;-13
-19.0;-25;-984.0;-1021.0;-990.0;25;-21
-74.0;-14;-976.0;?;-981.0;14;-19
-63.0;?;-965.0;-995.0;-975.0;-15;-18
-41.0;12;-961.0;-986.0;-970.0;-12;-22
-53.0;-18;-961.0;-982.0;-976.0;18;-21
-50.0;-22;-962.0;-976.0;-977.0;22;?
-37.0;?;-957.0;-977.0;-971.0;-24;-18
-47.0;-1;-961.0;-983.0;-973.0;?;-11
-69.0;-27;-964.0;-989.0;-974.0;27;-15
-54.0;13;-965.0;-988.0;-976.0;-13;-22
-50.0;15;?;-992.0;-974.0;-15;-16
-61.0;-12;-967.0;-994.0;-971.0;12;-21
-70.0;?;-968.0;-995.0;-971.0;26;-24
-27.0;8;?;-996.0;-976.0;-8;-14
-35.0;5;-977.0;-1001.0;-989.0;?;-16
-52.0;-15;-979.0;-1001.0;-991.0;15;-17
-49.0;16;-974.0;-1001.0;-983.0;-16;-14
-34.0;-6;-970.0;?;-982.0;6;-23
-31.0;-34;-969.0;-988.0;-982.0;34;-21
-23.0;-15;-973.0;-989.0;-981.0;15;-18
-33.0;-21;-978.0;?;-986.0;21;-16
-64.0;2;-979.0;-1003.0;-996.0;-2;-15
-51.0;27;-982.0;-1005.0;-1000.0;-27;-21
-48.0;5;-975.0;-1000.0;-999.0;-5;-15
-19.0;25;-965.0;-991.0;-994.0;?;-20
-39.0;3;-964.0;-984.0;-993.0;-3;-24
-29.0;-27;-966.0;-984.0;-988.0;27;-17
-60.0;7;-970.0;-989.0;-989.0;-7;-20
-30.0;-14;-970.0;?;-990.0;14;-18
-51.0;-17;-958.0;-986.0;?;17;-13
-16.0;9;-965.0;-986.0;-980.0;-9;-18
-39.0;-33;-975.0;-999.0;-984.0;33;-22
-46.0;-24;-977.0;-1010.0;-978.0;24;?
-43.0;29;-980.0;-1013.0;-981.0;-29;-14
-28.0;8;-976.0;-1004.0;-984.0;-8;-13
-36.0;-1;-972.0;-999.0;?;1;-13
?;16;-970.0;-992.0;-984.0;-16;-16
-31.0;?;-969.0;-991.0;-979.0;-17;-16
?;32;-969.0;-993.0;-969.0;-32;-13
-44.0;24;-963.0;-991.0;-968.0;-24;-14
-51.0;-4;?;?;-978.0;?;-19
-60.0;0;-973.0;-989.0;-990.0;0;-20
?;2;-980.0;-999.0;-997.0;-2;-20
-39.0;-36;-984.0;-1002.0;-994.0;36;-19
-51.0;-28;-975.0;-1004.0;-993.0;28;-15
-39.0;17;-972.0;-995.0;-990.0;-17;-16
-43.0;18;-969.0;?;-988.0;-18;?
-44.0;8;-957.0;-982.0;-972.0;-8;-15
-24.0;?;-954.0;-978.0;-963.0;3;-16
-53.0;0;-958.0;-975.0;?;0;-18
-15.0;19;?;-976.0;?;-19;-21
-18.0;16;-961.0;-985.0;-956.0;-16;-20
-33.0;6;-973.0;-997.0;-986.0;-6;-18
?;-2;-968.0;-1007.0;?;2;-23
-25.0;-11;-977.0;?;?;11;-22
-32.0;-18;-974.0;-1003.0;-992.0;18;-15
-29.0;0;-973.0;-1002.0;-986.0;0;-18
-24.0;5;?;-1004.0;-987.0;-5;?
-1.0;-26;-975.0;-1003.0;-985.0;26;?
?;-8;-976.0;-1003.0;?;8;-18
-20.0;10;-976.0;-996.0;-1003.0;-10;-17
0.0;7;-983.0;-1020.0;-998.0;-7;-20
-23.0;31;-968.0;?;-987.0;-31;-20
-26.0;27;-952.0;-982.0;-983.0;-27;-14
-10.0;?;-964.0;-985.0;-966.0;-6;-18
-22.0;13;-971.0;-994.0;?;-13;-19
-22.0;6;-967.0;-991.0;-981.0;-6;-16
-54.0;-28;-971.0;-995.0;-982.0;28;-14
-52.0;-24;-975.0;-1013.0;-990.0;24;?
-33.0;-6;-972.0;-1006.0;-992.0;6;-19
-27.0;-17;?;-998.0;-997.0;17;-16
-46.0;-3;-968.0;-1002.0;-1000.0;3;?
-38.0;1;?;-1013.0;-1012.0;-1;-22
-26.0;-25;-975.0;-1014.0;-1009.0;25;-15
-57.0;-26;-975.0;-1003.0;-995.0;26;-10
-53.0;2;-967.0;-1004.0;-986.0;-2;-14
-50.0;21;-961.0;-986.0;-984.0;-21;-14
-60.0;-3;-959.0;?;-990.0;3;-20
-33.0;6;-946.0;-978.0;-977.0;-6;-22
-85.0;11;-948.0;?;-969.0;-11;-13
-63.0;-18;-960.0;-992.0;-983.0;18;-10
-52.0;-17;?;-1003.0;-996.0;17;-10
-49.0;?;-981.0;-1013.0;-1011.0;20;-16
-56.0;9;?;-1012.0;-997.0;-9;-26
?;26;-975.0;-1010.0;-996.0;-26;?
-58.0;-2;-964.0;-1001.0;-994.0;2;-21
-45.0;7;-967.0;?;-996.0;-7;-24
-70.0;?;-960.0;-987.0;-990.0;-26;-16
-48.0;35;-959.0;-983.0;-988.0;-35;-15
-47.0;37;-964.0;?;-1007.0;-37;-17
-52.0;17;-969.0;-1001.0;-1014.0;-17;-23
-42.0;21;-960.0;-990.0;-999.0;-21;-25
-11.0;26;?;-997.0;-991.0;-26;-16
-51.0;6;-963.0;?;-977.0;-6;-17
-3.0;11;-954.0;-987.0;?;-11;-19
48.0;-20;-964.0;-990.0;-982.0;20;-19
16.0;-15;-973.0;?;-995.0;15;-20
12.0;1;-991.0;-1022.0;-1015.0;-1;-21
?;-28;-1007.0;-1036.0;-1039.0;28;-26
73.0;-7;-1014.0;-1044.0;-1048.0;?;-19
?;-30;?;-1029.0;-1056.0;30;-13
?;-29;-996.0;-1014.0;-1046.0;29;-25
17.0;-23;-953.0;-990.0;-1005.0;23;-23
56.0;-34;-915.0;-936.0;-939.0;?;?
78.0;16;-883.0;-892.0;-888.0;-16;-15
69.0;9;-908.0;-893.0;-890.0;-9;-19
107.0;15;-939.0;-944.0;?;-15;?
?;29;-1007.0;-1025.0;-993.0;-29;-26
49.0;11;-1009.0;-1077.0;-999.0;?;-22
?;17;-1006.0;?;-963.0;-17;-15
68.0;16;-998.0;-1084.0;-946.0;-16;-23
34.0;31;-989.0;-1057.0;-941.0;-31;-21
68.0;45;-996.0;-1019.0;-960.0;-45;?
9.0;28;-991.0;-1020.0;-979.0;-28;-26
?;59;-986.0;-1019.0;-987.0;-59;-20
-20.0;?;-984.0;-1008.0;-972.0;-148;-29
-1.0;209;-978.0;-1006.0;-966.0;-209;-35
-59.0;352;-976.0;?;-976.0;?;-14
-15.0;580;-975.0;-1009.0;?;-580;-22
118.0;459;-978.0;-1008.0;-990.0;-459;0
168.0;63;-1010.0;-1024.0;-1024.0;-63;?
145.0;?;-982.0;?;-1028.0;283;61
133.0;-334;-945.0;-968.0;-1000.0;334;110
171.0;-155;-868.0;-904.0;-935.0;155;-29
162.0;-309;-808.0;?;-858.0;309;-97
172.0;-159;-773.0;-811.0;-797.0;159;-69
141.0;210;-782.0;-810.0;-791.0;-210;-70
133.0;138;-820.0;-864.0;-863.0;-138;-25
115.0;95;-953.0;-998.0;-1016.0;-95;-12
121.0;-7;-1078.0;-1100.0;-1187.0;7;-18
134.0;-73;-1123.0;-1141.0;?;73;-33
121.0;-80;-1142.0;-1129.0;-1254.0;80;-28
196.0;-164;-1070.0;-1048.0;-1174.0;164;-18
?;-145;-973.0;-990.0;-1047.0;145;-16
249.0;-57;-903.0;-981.0;-947.0;57;-1
238.0;40;-902.0;-982.0;-890.0;-40;-45
283.0;-68;-918.0;-997.0;-901.0;68;-47
257.0;-108;-922.0;-1005.0;-930.0;108;1
?;-16;-918.0;-998.0;-969.0;16;13
?;-28;-930.0;-976.0;-976.0;?;12
?;?;-966.0;-988.0;-1009.0;?;?
143.0;-18;-980.0;-1013.0;-1035.0;18;-12
152.0;-3;-994.0;-1037.0;-1043.0;3;-1
164.0;47;-979.0;-1040.0;-1019.0;-47;-4
182.0;22;-959.0;-1020.0;-1002.0;-22;-7
169.0;16;-949.0;-1013.0;-998.0;-16;-25
176.0;-12;-932.0;-1005.0;-969.0;12;-38
180.0;-2;?;-998.0;-929.0;2;-29
168.0;27;-935.0;-1014.0;-933.0;-27;-20
157.0;6;-937.0;-1014.0;-923.0;-6;-21
150.0;8;-931.0;-1001.0;?;?;-18
161.0;16;-932.0;?;-959.0;-16;-17
183.0;-19;-931.0;-977.0;-970.0;19;-20
166.0;-37;-941.0;?;-981.0;37;-19
175.0;-14;-947.0;-989.0;-992.0;14;-22
186.0;?;-941.0;-997.0;-986.0;29;-22
154.0;?;-941.0;-998.0;-983.0;48;-17
161.0;-19;-942.0;-995.0;-991.0;19;-21
152.0;-6;-938.0;-982.0;-994.0;?;-21
146.0;-1;?;-979.0;-991.0;1;-16
192.0;11;-935.0;?;-993.0;-11;-14
155.0;?;-935.0;-986.0;-992.0;-18;-22
?;15;?;-993.0;-994.0;-15;-21
173.0;15;?;-997.0;-998.0;-15;-18
172.0;21;-957.0;-1005.0;-1004.0;-21;?
171.0;-4;?;?;-995.0;4;-19
177.0;14;-947.0;-995.0;-982.0;-14;-21
180.0;58;?;-984.0;-970.0;-58;-19
157.0;73;-929.0;-977.0;-953.0;-73;0
152.0;111;-931.0;-979.0;-960.0;?;-22
146.0;115;-945.0;-992.0;?;-115;-35
112.0;58;-958.0;-1004.0;-989.0;-58;-23
62.0;-52;-970.0;-1014.0;-1004.0;52;-4
89.0;-123;-980.0;-1023.0;-1011.0;?;-4
71.0;-116;-985.0;-1031.0;-1012.0;116;-27
82.0;-134;-983.0;?;-1012.0;134;-21
90.0;-117;-984.0;-1033.0;-1007.0;117;-14
94.0;?;-978.0;-1039.0;-994.0;47;-26
?;-24;-983.0;-1043.0;-985.0;24;-24
60.0;-13;-988.0;-1039.0;-980.0;13;-25
?;-18;-997.0;-1030.0;-983.0;18;-19
40.0;-40;-980.0;-1021.0;-968.0;40;-3
35.0;-11;-967.0;?;-963.0;?;-23
27.0;-28;-963.0;-975.0;-979.0;28;-30
-9.0;-71;-944.0;-975.0;-1001.0;?;-15
-43.0;-56;-923.0;-930.0;-992.0;56;-16
-46.0;?;?;-927.0;-976.0;61;-9
-31.0;-64;-920.0;-949.0;-954.0;64;-15
-37.0;-48;-901.0;?;-926.0;48;-28
-78.0;-56;-883.0;-917.0;?;?;-18
-101.0;?;-868.0;-907.0;?;36;-11
-100.0;?;-855.0;-905.0;-887.0;18;-17
-82.0;-38;-867.0;-901.0;-885.0;38;-19
-103.0;-30;-869.0;-915.0;-891.0;30;-20
-100.0;-37;-868.0;?;-887.0;37;-20
-117.0;?;-862.0;-904.0;-882.0;67;-13
-117.0;-89;?;-891.0;?;89;-14
-110.0;-73;-848.0;-883.0;-862.0;73;?
-111.0;12;-840.0;-873.0;-847.0;-12;-7
-119.0;47;?;-864.0;-836.0;-47;-22
-144.0;-5;-834.0;-865.0;-856.0;5;-32
?;-11;-824.0;-858.0;-841.0;11;-29
-136.0;-14;-821.0;-852.0;-857.0;14;-24
?;-38;-825.0;-851.0;-862.0;38;-19
-145.0;-8;-828.0;-850.0;-859.0;8;-23
-145.0;-8;-828.0;-848.0;-867.0;8;-24
-141.0;-26;-818.0;-844.0;-864.0;26;-14
-142.0;-1;-814.0;-833.0;-853.0;1;-13
-145.0;1;-812.0;-828.0;-851.0;-1;-20
-158.0;-17;-809.0;-823.0;-842.0;17;-15
-131.0;2;-811.0;-838.0;-842.0;-2;-8
-162.0;26;-815.0;-841.0;-845.0;-26;-11
-169.0;28;-824.0;-848.0;-855.0;-28;-15
?;?;-826.0;-856.0;?;-57;-16
-147.0;83;?;-858.0;-832.0;-83;-23
-144.0;45;-820.0;-854.0;-841.0;-45;-26
-170.0;16;-819.0;-855.0;-837.0;-16;-19
-178.0;35;-816.0;-862.0;-813.0;-35;-22
-121.0;28;-802.0;-856.0;-790.0;-28;-27
-135.0;12;-809.0;-856.0;-804.0;-12;-18
?;19;-809.0;?;-817.0;-19;?
-194.0;28;-808.0;-866.0;-814.0;-28;?
-182.0;29;-808.0;-860.0;-809.0;?;-20
-162.0;-9;-803.0;-853.0;-813.0;9;-15
-163.0;-42;-804.0;-854.0;-823.0;42;-29
-170.0;-11;-791.0;-841.0;-807.0;11;-24
-166.0;-12;-791.0;-833.0;-799.0;12;-11
-179.0;-27;-794.0;-857.0;-810.0;27;-17
-163.0;3;-805.0;-874.0;-842.0;-3;-18
-186.0;-10;-804.0;-870.0;-873.0;10;-19
-158.0;-15;-804.0;-854.0;-898.0;15;-19
-157.0;-27;-792.0;-839.0;-910.0;27;-18
-167.0;-32;-786.0;-813.0;-906.0;32;-26
-172.0;16;-789.0;-811.0;-905.0;?;-26
-130.0;-6;-800.0;-823.0;-906.0;6;-17
?;-40;-811.0;-843.0;-903.0;40;-20
-160.0;-24;-815.0;-862.0;-903.0;24;-23
-163.0;22;-804.0;-847.0;-898.0;-22;-18
-143.0;5;?;-824.0;-874.0;?;?
-152.0;-39;-784.0;?;-871.0;39;-18
-183.0;1;-784.0;-800.0;-869.0;-1;-20
-178.0;-13;-786.0;-792.0;-870.0;13;-25
?;2;-781.0;-785.0;-867.0;-2;-23
-151.0;-21;-764.0;-771.0;-847.0;21;-29
-170.0;?;-745.0;-743.0;-809.0;111;-35
-166.0;-126;?;-731.0;?;126;-28
-186.0;-141;-765.0;-751.0;-777.0;141;-28
-174.0;-19;-774.0;-783.0;-799.0;19;-22
-151.0;66;-781.0;-816.0;-816.0;-66;-19
-168.0;-10;-785.0;-799.0;-836.0;10;-31
-162.0;-12;?;-773.0;?;12;-24
-173.0;?;-739.0;-748.0;-768.0;-6;-37
-153.0;-94;-739.0;-743.0;-774.0;94;-74
-186.0;-271;-748.0;-748.0;-796.0;271;-50
-166.0;?;-751.0;-758.0;-804.0;286;-22
-161.0;-374;-741.0;-757.0;-788.0;374;?
-172.0;-642;-737.0;-750.0;-779.0;642;-20
-172.0;-517;-742.0;-750.0;-791.0;517;55
-173.0;-38;-746.0;-753.0;-793.0;38;45
-199.0;165;-751.0;-761.0;?;-165;38
-194.0;0;-747.0;-766.0;-797.0;?;33
-205.0;201;-745.0;-761.0;-799.0;-201;45
-211.0;581;-739.0;-751.0;-795.0;-581;-4
-176.0;523;-740.0;-757.0;-776.0;-523;-129
-179.0;540;-743.0;-770.0;-769.0;?;-87
-174.0;482;-748.0;?;-766.0;-482;-51
-191.0;350;-748.0;-783.0;-769.0;-350;-27
-192.0;343;?;-784.0;-759.0;-343;-49
-185.0;336;-739.0;-788.0;-749.0;-336;?
-181.0;?;-729.0;-788.0;-736.0;109;?
-182.0;-850;-705.0;-784.0;-736.0;850;-169
-182.0;-266;-692.0;-770.0;-766.0;266;-97
-192.0;258;-711.0;-770.0;-811.0;-258;122
-215.0;-213;-717.0;?;-814.0;213;-51
-231.0;-190;-703.0;-751.0;-797.0;?;-77
-211.0;-184;-713.0;-764.0;-803.0;184;21
-214.0;-239;-729.0;?;?;?;18
-212.0;-139;-724.0;-775.0;-786.0;139;-4
?;-180;-708.0;-765.0;?;180;-33
-177.0;-142;-701.0;-751.0;-776.0;142;-13
-226.0;-51;-693.0;-759.0;-794.0;51;?
-214.0;-9;-700.0;-765.0;-784.0;9;-25
-167.0;10;-675.0;-778.0;?;-10;-28
-167.0;53;-665.0;-769.0;-745.0;-53;-5
?;57;-703.0;-771.0;-788.0;-57;-2
-175.0;98;-757.0;-802.0;-805.0;-98;1
-171.0;209;-706.0;-816.0;-769.0;-209;-30
-182.0;196;?;-771.0;-730.0;-196;-36
-182.0;101;-691.0;-762.0;-759.0;-101;-23
?;110;-706.0;-764.0;?;-110;-31
-173.0;98;-703.0;-747.0;-784.0;-98;-34
-180.0;33;-700.0;?;-811.0;-33;-28
-176.0;17;?;-730.0;-822.0;?;-24
?;5;-736.0;-778.0;-824.0;-5;-26
-194.0;17;-751.0;-819.0;-832.0;-17;-26
-176.0;-4;-749.0;?;-830.0;4;-20
-176.0;-22;-739.0;-796.0;-835.0;22;-15
-178.0;43;-723.0;-781.0;-851.0;-43;-11
-174.0;33;-725.0;-765.0;-858.0;?;-12
-179.0;-11;-726.0;-767.0;?;11;-20
-123.0;21;-735.0;-766.0;-882.0;-21;-18
-147.0;14;-739.0;-768.0;-889.0;-14;-22
?;?;-735.0;-761.0;-892.0;4;-26
-120.0;?;-730.0;-755.0;-883.0;-16;-18
-111.0;?;-735.0;-762.0;-866.0;2;-22
-100.0;-10;?;-767.0;-857.0;10;-23
-92.0;1;-737.0;-767.0;-850.0;-1;-19
-101.0;11;?;-773.0;-863.0;?;?
-101.0;13;-745.0;-774.0;-876.0;?;-18
-81.0;-18;-748.0;-773.0;-881.0;18;?
-60.0;-29;?;-780.0;-887.0;?;?
-55.0;-21;-772.0;?;-882.0;21;-22
?;-16;-775.0;-792.0;-873.0;16;-28
-43.0;-13;?;?;-863.0;13;-23
-40.0;?;-789.0;-795.0;?;-29;-12
-48.0;37;-793.0;-804.0;-859.0;-37;-22
-31.0;28;-798.0;-821.0;-860.0;-28;-20
?;98;-813.0;-823.0;-862.0;-98;-8
?;79;?;?;-872.0;-79;-26
-24.0;259;-838.0;-855.0;?;-259;-46
-38.0;319;-847.0;-857.0;-867.0;-319;-60
-71.0;584;-864.0;-862.0;-876.0;-584;-67
?;?;-862.0;-876.0;-864.0;-1651;-103
-29.0;2305;-870.0;-896.0;-866.0;-2305;?
34.0;2442;?;-913.0;-870.0;-2442;-271
16.0;1626;-889.0;-922.0;?;-1626;-48
65.0;561;-894.0;-918.0;-886.0;-561;101
121.0;-3;-893.0;-919.0;-889.0;3;72
93.0;-1937;-874.0;?;-885.0;1937;168
89.0;-3242;-825.0;-854.0;-861.0;3242;263
111.0;-2404;-779.0;-806.0;-830.0;?;146
148.0;-3064;-763.0;-789.0;-839.0;3064;73
161.0;?;-782.0;-784.0;-886.0;1627;97
?;1981;-878.0;-836.0;-956.0;?;283
174.0;?;-1047.0;-993.0;-1103.0;-823;570
118.0;-102;-1077.0;-1081.0;?;102;341
109.0;514;-1055.0;-1076.0;-1084.0;-514;-49
152.0;56;-1044.0;?;-1022.0;-56;-51
205.0;477;-1020.0;-1137.0;-980.0;-477;?
233.0;472;-988.0;-1138.0;-947.0;-472;-93
?;?;-983.0;-1111.0;-938.0;-409;-45
234.0;480;-964.0;-1061.0;-961.0;-480;9
?;179;?;-999.0;-950.0;?;-5
230.0;31;-930.0;-968.0;-926.0;-31;-1
211.0;-761;-932.0;-974.0;?;761;66
211.0;-1286;-948.0;-997.0;-973.0;?;101
226.0;-271;-1080.0;-1060.0;-1034.0;271;66
222.0;207;-998.0;-1031.0;-1061.0;-207;67
211.0;-20;-982.0;-990.0;-1031.0;20;30
?;133;-952.0;-993.0;-995.0;-133;-43
262.0;39;-944.0;?;-959.0;-39;-32
228.0;-4;-955.0;-991.0;-959.0;4;-16
231.0;33;-950.0;-986.0;-950.0;-33;?
243.0;22;-951.0;-988.0;-957.0;-22;-24
251.0;-14;-952.0;-1002.0;-975.0;14;?
212.0;-95;?;-1004.0;-982.0;95;-22
225.0;-93;-924.0;-983.0;?;93;-22
?;-85;-937.0;-987.0;-944.0;85;?
222.0;-48;-1076.0;-1078.0;-1044.0;?;-18
210.0;-46;-988.0;?;-1052.0;46;-21
239.0;-62;-915.0;-938.0;-956.0;62;-16
248.0;-47;-907.0;-966.0;-930.0;47;-17
218.0;-39;-948.0;-990.0;-947.0;39;?
212.0;-18;-958.0;-993.0;?;?;-18
223.0;-26;-976.0;-999.0;-977.0;26;-13
234.0;-17;?;-1013.0;-986.0;17;?
191.0;-6;-991.0;-1028.0;-983.0;6;-19
237.0;-2;-989.0;-1025.0;-995.0;2;?
217.0;16;-990.0;?;-999.0;-16;-24
202.0;-19;?;-954.0;-1034.0;19;-28
193.0;-32;-967.0;-946.0;-1020.0;32;-41
224.0;-33;?;-989.0;-966.0;33;-31
212.0;?;-929.0;?;?;60;-6
212.0;-86;-923.0;-1011.0;-926.0;86;-14
200.0;-84;-927.0;?;-940.0;84;-17
180.0;-20;-943.0;-984.0;-963.0;?;?
145.0;?;-940.0;-979.0;?;-15;2
165.0;53;-956.0;-986.0;-985.0;-53;0
193.0;86;?;-1004.0;?;-86;-12
177.0;66;-972.0;-1016.0;-980.0;-66;-47
185.0;20;-965.0;-1019.0;?;-20;-36
?;?;-937.0;-1004.0;-965.0;2;-1
181.0;98;-927.0;-987.0;-946.0;-98;-29
167.0;131;?;-1001.0;-939.0;-131;-56
177.0;82;-945.0;-971.0;-949.0;-82;-27
213.0;67;-934.0;-968.0;-956.0;-67;-16
?;10;-945.0;-980.0;-970.0;-10;-27
202.0;12;-937.0;-986.0;-986.0;?;-18
206.0;45;-950.0;-989.0;-989.0;-45;-19
233.0;21;-946.0;-987.0;-997.0;-21;-25
209.0;-15;-946.0;-990.0;-986.0;15;-11
?;-27;-939.0;-975.0;-969.0;27;-4
214.0;1;-937.0;-971.0;-963.0;-1;-16
226.0;?;-939.0;-972.0;-965.0;-11;-23
220.0;-5;-951.0;-980.0;-989.0;5;-22
230.0;?;-952.0;-991.0;-985.0;3;-24
?;-10;?;-1004.0;-972.0;10;-21
235.0;?;-964.0;-1015.0;-956.0;16;-19
230.0;-5;-954.0;-1012.0;-946.0;?;-25
251.0;?;-948.0;-998.0;-938.0;29;-23
236.0;-39;?;-996.0;-934.0;39;-23
251.0;-20;-959.0;-1007.0;-948.0;20;-22
263.0;-16;-968.0;-1013.0;-952.0;16;-17
232.0;?;-961.0;-1005.0;?;6;-21
223.0;-12;-966.0;-1005.0;-971.0;12;-22
237.0;?;-984.0;-1004.0;?;43;-20
255.0;-48;-990.0;-1004.0;-990.0;48;-19
?;-30;-978.0;?;-987.0;30;?
252.0;2;-971.0;-1000.0;-977.0;-2;?
232.0;27;-976.0;-998.0;-967.0;-27;-12
222.0;-7;-968.0;-1000.0;-970.0;7;-14
?;-28;-970.0;-1001.0;-981.0;28;?
263.0;6;-972.0;-1001.0;-984.0;-6;-13
239.0;14;-969.0;-999.0;-982.0;-14;-12
247.0;?;-967.0;-993.0;-977.0;-20;-10
246.0;38;-967.0;-986.0;-968.0;?;-17
251.0;27;-962.0;-986.0;-962.0;?;-35
244.0;38;-960.0;-988.0;-968.0;-38;-33
243.0;17;-958.0;-986.0;-973.0;-17;?
243.0;-24;-961.0;?;-969.0;24;-21
241.0;-1;-963.0;-987.0;-972.0;1;-17
250.0;16;-965.0;-991.0;-975.0;-16;-22
253.0;15;-968.0;-992.0;-978.0;-15;-18
246.0;14;-966.0;-993.0;-976.0;-14;-18
?;-7;-963.0;-990.0;-970.0;7;-24
?;3;-963.0;-991.0;-963.0;-3;-21
286.0;27;-962.0;-995.0;?;-27;-16
267.0;7;-963.0;-994.0;-965.0;-7;-19
275.0;?;-973.0;-998.0;?;?;-20
273.0;-6;-970.0;-999.0;-967.0;6;-20
255.0;-50;-965.0;-995.0;-956.0;?;-27
223.0;?;-969.0;-995.0;-952.0;54;-23
239.0;-13;-960.0;-996.0;-950.0;13;-11
261.0;5;-967.0;-1010.0;-956.0;-5;-14
273.0;3;-984.0;-1030.0;-985.0;-3;?
263.0;?;-985.0;?;-996.0;-9;-16
274.0;?;-975.0;-997.0;-983.0;5;-19
268.0;-17;-967.0;-976.0;-973.0;17;-22
242.0;-17;-951.0;-965.0;-950.0;17;-32
258.0;-18;-950.0;-964.0;-936.0;18;?
?;-43;-951.0;-973.0;-942.0;43;-32
260.0;-192;-960.0;-990.0;-958.0;192;-34
?;?;-969.0;-1005.0;-971.0;284;-4
294.0;-184;-971.0;-1001.0;-986.0;184;49
262.0;69;?;-1000.0;-989.0;-69;49
245.0;205;-972.0;-999.0;-971.0;?;45
254.0;7;-965.0;-995.0;-958.0;-7;68
254.0;-20;-964.0;-996.0;-951.0;20;-2
243.0;?;-961.0;-994.0;-953.0;-77;-49
262.0;15;-964.0;?;-963.0;-15;-16
244.0;16;-966.0;-994.0;-968.0;-16;-27
253.0;-7;-964.0;-996.0;-971.0;7;-23
243.0;-25;?;-1002.0;-977.0;25;-14
266.0;-5;-972.0;-1002.0;-983.0;5;?
270.0;18;-973.0;-1001.0;-986.0;-18;-15
249.0;35;-969.0;?;-978.0;?;-22
262.0;?;?;-991.0;-964.0;15;?
262.0;-33;-948.0;-982.0;-944.0;33;-15
224.0;-4;-946.0;-977.0;-938.0;4;-19
250.0;?;-959.0;?;-960.0;-8;?
266.0;5;-972.0;?;-977.0;-5;-16
256.0;18;?;?;?;-18;-17
252.0;7;-977.0;-1008.0;-982.0;-7;-20
253.0;-27;-979.0;?;-976.0;27;-17
253.0;-11;?;-995.0;-966.0;11;-20
253.0;?;-965.0;-995.0;-958.0;16;-25
262.0;-22;-966.0;-992.0;-967.0;?;-23
273.0;20;-969.0;?;-975.0;-20;-21
263.0;8;-970.0;?;-976.0;-8;-18
261.0;-20;?;-1000.0;-975.0;20;-14
255.0;11;-968.0;-997.0;-970.0;-11;-15
?;25;-966.0;?;-964.0;?;-18
228.0;-22;?;-990.0;?;22;-22
255.0;-23;-968.0;-997.0;-969.0;23;-23
258.0;25;-967.0;-992.0;-968.0;?;-15
254.0;5;-971.0;-992.0;-979.0;-5;?
?;-12;-970.0;?;-978.0;12;-19
269.0;?;?;-996.0;-970.0;3;-17
250.0;-5;-965.0;-996.0;-961.0;5;-18
225.0;?;-959.0;-988.0;?;?;?
260.0;19;-960.0;?;?;-19;?
255.0;-11;-963.0;-990.0;?;11;-20
?;-13;-968.0;-996.0;?;13;-17
253.0;-3;-968.0;-995.0;-968.0;3;-16
263.0;-7;-966.0;-994.0;-969.0;7;-18
240.0;-5;-966.0;-995.0;-969.0;5;-19
251.0;4;-968.0;-994.0;-971.0;?;-18
266.0;1;?;-991.0;-968.0;?;-18
245.0;?;-968.0;-995.0;-968.0;20;-21
246.0;-24;-969.0;-997.0;-966.0;24;-22
262.0;0;-969.0;-995.0;-970.0;0;-16
264.0;?;-971.0;-996.0;-975.0;-16;?
234.0;16;-968.0;?;-966.0;?;-21
265.0;22;-969.0;-997.0;-962.0;?;-21
?;33;-966.0;-995.0;-959.0;?;-16
243.0;18;-966.0;-995.0;-962.0;-18;-21
260.0;4;-970.0;-995.0;-964.0;-4;-24
247.0;-6;-970.0;-995.0;?;?;-23
?;-11;-970.0;-1002.0;-966.0;11;-20
253.0;14;-970.0;-1000.0;-967.0;-14;-13
253.0;-27;-968.0;-994.0;-966.0;27;-14
251.0;?;-965.0;-990.0;?;?;-16
246.0;28;-965.0;-989.0;-969.0;-28;-14
264.0;6;-964.0;-990.0;-968.0;-6;-20
?;?;-966.0;-994.0;-968.0;-17;-23
258.0;-9;-966.0;-993.0;-965.0;9;-24
241.0;6;-965.0;-990.0;-967.0;-6;-21
264.0;36;-968.0;-991.0;-972.0;-36;-17
271.0;-10;-968.0;-995.0;-976.0;10;-21
249.0;3;-971.0;-997.0;?;-3;-21
?;3;-968.0;-999.0;-967.0;-3;-16
262.0;-10;-968.0;-994.0;-964.0;10;-18
262.0;25;?;-994.0;-964.0;-25;-19
263.0;20;-965.0;-992.0;-965.0;?;-18
262.0;5;-968.0;-992.0;-967.0;-5;-17
273.0;-3;-970.0;-997.0;-968.0;3;?
263.0;-32;-966.0;-997.0;?;32;-23
263.0;8;-967.0;-992.0;-967.0;?;-20
262.0;18;-965.0;-993.0;-965.0;-18;-21
266.0;-24;-966.0;-991.0;?;24;-18
269.0;-4;-971.0;-995.0;-965.0;4;-13
268.0;-22;-968.0;-995.0;-963.0;22;-30
283.0;-55;-969.0;-993.0;-970.0;?;-23
266.0;-21;-972.0;-997.0;-969.0;21;5
259.0;-7;-969.0;-999.0;-963.0;?;-5
247.0;-14;?;-1001.0;-965.0;14;-8
240.0;30;-971.0;-999.0;-967.0;-30;-2
256.0;42;-969.0;-997.0;-965.0;-42;-22
271.0;?;-969.0;-996.0;-965.0;-1;-16
281.0;?;-970.0;-995.0;-966.0;0;-14
267.0;1;-965.0;-995.0;-963.0;?;-23
243.0;-4;-966.0;-997.0;?;4;-14
263.0;17;-968.0;-997.0;-961.0;-17;-19
253.0;26;-966.0;-996.0;-963.0;-26;-24
?;26;-970.0;-995.0;-966.0;-26;-23
?;-9;-968.0;-994.0;-969.0;9;-18
261.0;-6;-971.0;-994.0;-974.0;6;-15
266.0;16;-967.0;-989.0;-976.0;-16;-18
?;5;-968.0;?;-974.0;-5;-20
250.0;26;-965.0;-987.0;-965.0;-26;-23
253.0;-1;-963.0;?;-958.0;1;?
259.0;-16;-964.0;-993.0;?;16;-16
257.0;15;?;-993.0;-961.0;-15;-17
264.0;15;-969.0;-994.0;-966.0;-15;-19
270.0;6;-972.0;-997.0;-971.0;-6;?
267.0;-6;-970.0;-998.0;-970.0;6;-14
253.0;4;-967.0;-995.0;-963.0;-4;?
253.0;-4;-967.0;-992.0;-961.0;4;-28
253.0;-18;-968.0;-990.0;-961.0;18;-22
274.0;-18;?;-991.0;-960.0;18;-23
293.0;-17;-968.0;-993.0;-961.0;17;-27
256.0;4;?;-995.0;-964.0;?;-17
265.0;-9;-971.0;-998.0;-963.0;9;-12
?;?;-970.0;-994.0;-962.0;10;-16
248.0;9;-971.0;-995.0;-971.0;-9;-18
269.0;6;-971.0;?;-965.0;-6;?
261.0;16;-969.0;-995.0;-960.0;-16;-15
281.0;8;-972.0;-996.0;-962.0;-8;-13
257.0;9;-969.0;-994.0;-964.0;-9;-20
291.0;18;-969.0;-994.0;-963.0;-18;-17
268.0;-3;-968.0;-990.0;-964.0;3;-17
288.0;-17;-968.0;-992.0;-961.0;17;?
262.0;-7;-968.0;-996.0;-959.0;7;-10
259.0;4;-969.0;-998.0;?;-4;-16
273.0;1;-968.0;-993.0;-963.0;-1;-20
273.0;-10;-969.0;-994.0;?;10;-17
241.0;0;-970.0;-993.0;-963.0;0;-19
247.0;3;-967.0;?;-963.0;-3;-19
264.0;-34;-971.0;-997.0;-963.0;34;-17
262.0;-39;-967.0;-995.0;-962.0;39;-11
264.0;-4;-968.0;-992.0;-970.0;4;-18
279.0;3;-968.0;-992.0;-967.0;?;-20
?;-5;-967.0;?;-962.0;5;-12
269.0;29;-969.0;?;-963.0;-29;-17
253.0;34;-968.0;-993.0;-963.0;-34;?
266.0;-22;-970.0;-992.0;-966.0;22;-16
273.0;-4;-971.0;-995.0;-966.0;4;-19
275.0;11;-974.0;-993.0;-970.0;-11;-19
248.0;-20;-973.0;-994.0;-970.0;20;-16
258.0;-5;-969.0;-995.0;-963.0;5;-19
274.0;4;-967.0;-990.0;-962.0;-4;-20
253.0;14;-967.0;-990.0;?;-14;?
253.0;10;-969.0;-990.0;-965.0;-10;-16
265.0;7;-968.0;-993.0;-964.0;-7;-14
272.0;0;-969.0;-996.0;-967.0;0;-20
259.0;-27;-970.0;-998.0;-968.0;27;-18
254.0;-3;-969.0;-990.0;-966.0;?;-17
266.0;17;-971.0;-992.0;-975.0;-17;-20
256.0;16;-969.0;-994.0;-968.0;-16;-22
262.0;12;-969.0;-996.0;-958.0;-12;-18
272.0;-7;-966.0;-995.0;-961.0;7;-16
?;15;-967.0;-990.0;?;-15;-18
265.0;27;-971.0;-997.0;?;-27;-18
277.0;-30;-970.0;-996.0;-968.0;30;?
?;-16;-969.0;-996.0;-967.0;?;-20
249.0;20;-971.0;-993.0;-964.0;-20;-20
272.0;4;?;-994.0;-965.0;-4;-24
?;5;?;-993.0;-965.0;-5;-21
273.0;0;-969.0;-997.0;-965.0;0;?
272.0;29;-970.0;-995.0;-966.0;?;-17
262.0;-4;-969.0;-985.0;-963.0;4;?
263.0;-37;-971.0;-995.0;-964.0;?;-14
263.0;-5;-971.0;-993.0;-962.0;5;-14
280.0;-7;-972.0;-997.0;-972.0;7;-15
278.0;40;-971.0;-993.0;-966.0;-40;-19
274.0;34;-970.0;-999.0;-962.0;-34;-14
?;20;-968.0;-992.0;-961.0;?;-18
276.0;35;-968.0;-990.0;-965.0;-35;-27
273.0;-20;-970.0;?;-965.0;?;?
258.0;-21;-972.0;-992.0;-968.0;21;-20
280.0;13;-971.0;-992.0;-967.0;-13;-22
269.0;16;-971.0;-994.0;-965.0;-16;-22
251.0;15;-970.0;-995.0;-964.0;-15;-22
293.0;-1;-968.0;-993.0;-964.0;?;-16
253.0;-16;-968.0;-992.0;-965.0;16;-15
264.0;?;-968.0;-990.0;-960.0;-1;-18
262.0;13;-969.0;-994.0;-963.0;-13;-12
?;-13;-972.0;-996.0;-968.0;13;?
277.0;-8;-973.0;-995.0;-964.0;8;-14
262.0;4;-973.0;?;-967.0;-4;-12
277.0;?;-971.0;?;?;17;-17
265.0;-1;-970.0;-995.0;-957.0;1;-19
270.0;22;-971.0;-997.0;-959.0;-22;-19
270.0;-4;-970.0;-992.0;-960.0;4;-19
290.0;-14;-967.0;-993.0;-957.0;14;-21
279.0;8;-971.0;-994.0;?;-8;-23
278.0;-6;-971.0;-991.0;-967.0;6;-22
284.0;-12;-971.0;-995.0;-965.0;12;-18
?;29;-970.0;-996.0;-960.0;-29;-15
283.0;28;-971.0;-992.0;-963.0;-28;-17
283.0;-6;?;-995.0;-965.0;6;-20
274.0;-18;-971.0;?;-966.0;18;?
282.0;-27;-972.0;-996.0;-963.0;27;-19
287.0;-4;?;-995.0;-962.0;?;-25
286.0;27;-972.0;-993.0;-960.0;-27;-22
265.0;16;-970.0;-989.0;-961.0;?;-16
286.0;4;-970.0;-989.0;-968.0;-4;-19
283.0;4;-970.0;-992.0;-963.0;-4;-20
272.0;-15;-970.0;?;-958.0;15;-22
271.0;-21;-970.0;-993.0;?;21;-26
282.0;-6;-971.0;?;-962.0;6;-21
266.0;-9;-974.0;-993.0;-963.0;9;-18
285.0;?;?;-996.0;-967.0;1;-18
272.0;-10;-974.0;-996.0;-965.0;10;-16
284.0;-38;-971.0;-996.0;-958.0;38;-17
263.0;-5;-972.0;-994.0;-960.0;5;-14
294.0;?;-969.0;-995.0;-957.0;-2;-11
263.0;?;-970.0;-993.0;-959.0;28;-18
270.0;-5;-971.0;-993.0;-960.0;5;-22
258.0;16;-971.0;-993.0;-961.0;-16;-17
295.0;6;-972.0;-996.0;-962.0;-6;-14
284.0;5;-972.0;-995.0;-961.0;-5;-15
285.0;5;?;-993.0;-962.0;-5;-17
?;?;-973.0;-995.0;-968.0;-6;?
296.0;2;-971.0;-1000.0;-961.0;-2;-18
247.0;-17;?;-997.0;-955.0;?;-18
256.0;-18;-970.0;-992.0;-957.0;18;-22
268.0;-13;-968.0;?;-959.0;13;-28
290.0;-22;-973.0;-994.0;-964.0;22;-19
286.0;-4;-973.0;-994.0;-970.0;4;-10
274.0;18;-973.0;-998.0;-968.0;-18;-18
272.0;5;-974.0;-996.0;-963.0;-5;-23
283.0;3;-971.0;?;-962.0;-3;-23
?;11;-968.0;-993.0;-961.0;?;-22
273.0;-7;?;-991.0;-961.0;7;-12
276.0;3;-971.0;-995.0;-964.0;-3;-18
276.0;0;-970.0;-996.0;-965.0;0;-23
273.0;?;-971.0;-997.0;-963.0;16;-12
281.0;5;-972.0;-991.0;-964.0;-5;-18
?;-25;?;-989.0;-969.0;?;-16
254.0;-29;?;?;-968.0;29;-10
269.0;21;-967.0;-994.0;-959.0;-21;-19
273.0;11;?;-994.0;-958.0;-11;-17
272.0;5;-967.0;?;-964.0;-5;?
286.0;19;-967.0;-989.0;-964.0;?;-24
283.0;-9;?;?;-966.0;9;-17
259.0;-9;-968.0;-991.0;-967.0;9;?
250.0;7;-967.0;?;-965.0;-7;-20
282.0;-8;-966.0;-992.0;-963.0;8;?
?;-6;-968.0;-990.0;-966.0;?;-16
265.0;-4;?;-989.0;-965.0;4;-15
271.0;1;-969.0;?;-965.0;-1;-23
251.0;31;?;-993.0;-965.0;-31;-24
270.0;-4;-966.0;-989.0;-965.0;4;-15
266.0;-23;-970.0;-992.0;-965.0;23;-17
273.0;15;-968.0;?;-962.0;-15;?
274.0;-4;-971.0;-993.0;-969.0;4;-20
266.0;?;-972.0;-997.0;?;?;-21
273.0;10;?;-1001.0;-962.0;-10;-17
277.0;-33;?;-998.0;?;33;-19
254.0;11;-968.0;-994.0;?;-11;-18
277.0;28;?;?;-961.0;-28;?
268.0;10;-967.0;-993.0;-965.0;-10;-28
279.0;-6;-969.0;-990.0;-969.0;6;-19
284.0;-26;-970.0;?;-967.0;26;?
273.0;-42;-971.0;-994.0;-966.0;42;-23
272.0;-37;?;-991.0;-968.0;37;-20
252.0;-18;?;-991.0;-970.0;18;-19
256.0;-10;-969.0;-994.0;-964.0;10;-20
?;?;-968.0;-992.0;-964.0;-5;-22
253.0;-4;-970.0;-996.0;-963.0;4;-24
268.0;-15;-969.0;-992.0;-964.0;15;-20
271.0;5;-966.0;-989.0;-963.0;-5;-20
258.0;-21;-970.0;-996.0;-971.0;21;-20
273.0;-34;-971.0;-996.0;-967.0;34;?
258.0;22;?;-999.0;-963.0;-22;-22
267.0;7;-968.0;?;-960.0;-7;-21
259.0;-27;-966.0;-990.0;-960.0;27;-17
274.0;6;-968.0;-993.0;-963.0;?;-19
263.0;-1;-971.0;?;-969.0;1;-19
273.0;-11;-970.0;-995.0;-970.0;11;-19
243.0;?;-970.0;-997.0;-966.0;-3;-19
275.0;6;-969.0;-994.0;-966.0;-6;-20
279.0;4;?;-990.0;-969.0;-4;-23
265.0;?;-971.0;?;-971.0;?;?
255.0;?;-970.0;-995.0;-967.0;-16;-17
254.0;8;-969.0;-997.0;-965.0;-8;-23
278.0;8;-969.0;-996.0;-966.0;-8;-23
252.0;1;-970.0;-992.0;-966.0;-1;-18
285.0;?;-971.0;-995.0;-973.0;-11;-20
?;27;-972.0;?;-972.0;-27;-19
273.0;4;?;-999.0;-965.0;-4;-15
?;32;-972.0;-995.0;-962.0;-32;-15
252.0;19;-970.0;-992.0;-965.0;-19;-12
276.0;?;-971.0;-993.0;-965.0;2;-14
?;?;-969.0;-995.0;-967.0;-26;-19
262.0;-24;-967.0;-995.0;-965.0;?;-17
273.0;-38;-968.0;-994.0;-961.0;38;-23
264.0;-8;-968.0;-994.0;-964.0;8;-24
?;-42;-969.0;-993.0;-969.0;?;-25
277.0;-54;?;-992.0;?;54;-18
265.0;1;-968.0;-992.0;-965.0;?;-15
272.0;18;-969.0;-993.0;-963.0;-18;-21
276.0;1;-970.0;-993.0;?;-1;-9
262.0;37;-968.0;?;?;-37;-10
261.0;67;-973.0;-995.0;-971.0;?;-17
?;?;?;-994.0;-974.0;-37;-17
257.0;16;-970.0;-997.0;-963.0;-16;-27
248.0;7;-967.0;-996.0;-959.0;-7;-24
?;-2;-966.0;-989.0;?;2;-23
283.0;31;-969.0;-990.0;-960.0;-31;-20
279.0;26;?;-996.0;-967.0;-26;-15
226.0;5;-970.0;-996.0;-972.0;-5;-25
270.0;15;-972.0;-997.0;-965.0;-15;-27
283.0;-12;-968.0;-996.0;?;12;-18
271.0;?;-968.0;-991.0;-963.0;?;-18
266.0;1;-969.0;-995.0;-965.0;-1;-17
278.0;?;-972.0;-996.0;-974.0;12;-23
253.0;-18;-972.0;-996.0;-971.0;18;-27
261.0;-39;-974.0;-1000.0;?;39;-20
257.0;-43;-970.0;?;-963.0;43;-20
250.0;-16;?;-992.0;-969.0;16;-16
?;-34;-971.0;-994.0;-963.0;34;-17
?;-22;-973.0;?;-961.0;?;-12
?;35;-973.0;-996.0;-965.0;-35;-5
272.0;16;-971.0;-997.0;-964.0;-16;-18
275.0;-16;-972.0;-994.0;-967.0;16;-22
256.0;-11;-969.0;-996.0;-957.0;11;-18
261.0;-29;-969.0;-997.0;-962.0;29;-19
263.0;-18;-973.0;-997.0;-962.0;18;-20
273.0;-22;-972.0;-996.0;-960.0;22;-21
263.0;-39;-973.0;-1001.0;-962.0;39;-21
263.0;-15;-976.0;-1000.0;-963.0;15;-32
262.0;-43;-975.0;-1001.0;-962.0;43;-48
248.0;-59;-971.0;-998.0;-961.0;59;-46
232.0;-226;-969.0;-996.0;-962.0;226;-40
249.0;-421;-966.0;-996.0;?;421;-29
252.0;-362;-966.0;-992.0;-965.0;362;-6
251.0;-417;-964.0;-990.0;-967.0;417;10
229.0;-488;-963.0;-988.0;-964.0;488;17
229.0;?;-962.0;-989.0;-959.0;274;25
223.0;-167;-960.0;-986.0;-963.0;167;42
200.0;-159;?;-981.0;-967.0;159;31
219.0;-26;-955.0;?;-964.0;26;-6
232.0;32;-956.0;-976.0;-967.0;-32;-7
?;58;?;-980.0;?;-58;-7
213.0;14;-967.0;-994.0;-975.0;-14;?
252.0;71;-978.0;-1007.0;-981.0;?;?
197.0;355;-984.0;-1017.0;-986.0;?;42
171.0;353;-991.0;-1018.0;-995.0;-353;43
176.0;111;-980.0;-1009.0;-978.0;-111;-16
174.0;28;-964.0;-1001.0;-960.0;-28;-2
151.0;73;-965.0;-998.0;-950.0;-73;-26
165.0;56;-952.0;-995.0;-963.0;-56;-71
159.0;4;-953.0;-991.0;-971.0;-4;-21
134.0;4;-944.0;-986.0;-954.0;-4;-21
120.0;6;-930.0;-981.0;-944.0;?;-29
114.0;7;-924.0;-971.0;-936.0;-7;-19
112.0;1;-927.0;-965.0;-944.0;-1;-27
89.0;15;-926.0;-963.0;-937.0;-15;?
56.0;?;-930.0;-965.0;-955.0;-61;-21
22.0;63;-941.0;-976.0;-964.0;-63;-20
39.0;43;-942.0;-983.0;-972.0;-43;-15
18.0;27;-951.0;-977.0;-977.0;-27;-18
-5.0;12;-955.0;-980.0;-995.0;-12;?
38.0;19;-964.0;-977.0;-1003.0;-19;-18
?;27;?;-976.0;-987.0;-27;-16
-7.0;52;-940.0;-970.0;-948.0;-52;-23
28.0;81;-925.0;-964.0;-912.0;-81;-21
56.0;28;-923.0;-967.0;-888.0;-28;-25
5.0;?;-934.0;-980.0;-906.0;6;?
49.0;33;-940.0;?;-905.0;-33;-17
48.0;17;-933.0;?;-890.0;-17;-22
56.0;0;-921.0;-963.0;-900.0;0;-15
78.0;24;-910.0;-937.0;-893.0;-24;-18
47.0;-13;-887.0;?;-838.0;?;-25
30.0;-18;?;-928.0;-858.0;18;-14
6.0;?;-907.0;-923.0;-867.0;-2;-16
25.0;-48;-927.0;-933.0;-889.0;48;-21
80.0;-49;-951.0;-960.0;-940.0;49;?
52.0;-2;-968.0;-974.0;-975.0;2;-17
180.0;35;-968.0;-977.0;-966.0;-35;-19
?;?;-958.0;-992.0;-957.0;-27;-16
-25.0;-21;-967.0;-989.0;?;21;-20
-61.0;-18;?;-993.0;-922.0;18;-22
-55.0;-4;-965.0;-996.0;-948.0;4;-26
-30.0;-14;-958.0;-982.0;-914.0;14;-23
?;-16;-959.0;?;-954.0;16;-20
-56.0;-17;-954.0;-975.0;-987.0;?;-17
-103.0;-16;-935.0;-961.0;-988.0;16;-15
-94.0;-6;-919.0;-940.0;-939.0;6;-21
-60.0;?;-913.0;-961.0;-972.0;5;-20
-114.0;-6;-920.0;-985.0;-1017.0;?;-22
-114.0;-6;?;-956.0;-1032.0;6;-24
-100.0;-4;-880.0;-921.0;?;4;-18
-111.0;?;-863.0;-896.0;-1030.0;-6;-17
?;-4;?;-887.0;-1044.0;4;-24
-100.0;-10;-884.0;-905.0;-1053.0;10;-27
-81.0;10;?;-934.0;-1052.0;-10;-20
-108.0;11;-857.0;-936.0;-1017.0;-11;-18
-105.0;-9;-843.0;-917.0;-1002.0;9;-19
-108.0;7;-852.0;-922.0;-1007.0;-7;-17
-123.0;27;-856.0;-925.0;-1023.0;-27;-17
-124.0;7;-852.0;-915.0;-1031.0;-7;-19
-136.0;-23;-844.0;-911.0;-1030.0;23;-19
-123.0;-27;-852.0;-906.0;-1042.0;?;-20
-122.0;-28;-849.0;-907.0;-1028.0;28;-19
-113.0;-27;?;-910.0;-1027.0;27;-12
-111.0;-25;-839.0;-911.0;-1004.0;25;-16
-110.0;-45;-842.0;-922.0;-1001.0;45;-21
-120.0;-42;?;-946.0;-1022.0;42;-17
-111.0;-18;?;-956.0;-1009.0;18;-21
-111.0;-3;?;-908.0;-976.0;3;-23
-99.0;?;-836.0;-856.0;-996.0;6;?
-95.0;-26;-836.0;-846.0;-1006.0;26;-18
-109.0;-8;-836.0;-874.0;-999.0;8;-14
-101.0;?;-836.0;-912.0;-1013.0;-10;-12
-96.0;?;?;-919.0;-1023.0;13;-16
-95.0;14;-841.0;-904.0;-1009.0;-14;?
-76.0;?;-835.0;-884.0;-980.0;?;-21
-91.0;-44;-843.0;-891.0;-992.0;44;?
-77.0;-22;?;-916.0;-993.0;22;-14
-81.0;-8;-868.0;-921.0;-1012.0;8;-13
-108.0;-31;-867.0;-927.0;-1005.0;31;-19
-92.0;-15;-866.0;-923.0;-1012.0;15;-23
-75.0;-16;-857.0;?;?;16;-24
-70.0;0;-849.0;-892.0;-980.0;0;-26
-81.0;0;-856.0;-888.0;-981.0;?;-18
-91.0;-31;?;-901.0;-1002.0;31;-15
-101.0;-19;-864.0;-909.0;-1003.0;19;-19
-101.0;-6;-865.0;-913.0;-976.0;6;-16
-87.0;-6;-871.0;-915.0;?;6;-16
-82.0;14;-864.0;-915.0;-1012.0;-14;-21
-60.0;7;-865.0;-918.0;-985.0;-7;-23
-81.0;-14;-866.0;?;-986.0;14;-16
-84.0;?;-868.0;?;-992.0;16;-16
-70.0;-3;-874.0;-928.0;-982.0;3;-22
?;6;-871.0;-920.0;-1002.0;-6;-21
-91.0;-14;-865.0;-914.0;?;14;-19
-66.0;-5;-855.0;-908.0;-993.0;5;-9
-45.0;7;-858.0;-900.0;-1001.0;-7;-17
-69.0;7;-862.0;-909.0;-992.0;-7;-30
-71.0;4;-867.0;-916.0;-1000.0;-4;?
-71.0;?;-869.0;-914.0;?;16;-28
-81.0;14;-866.0;-916.0;-999.0;-14;?
-80.0;35;-860.0;-913.0;?;-35;-22
-45.0;?;-860.0;-908.0;-996.0;-17;-22
-8.0;-15;-861.0;-899.0;-997.0;?;-23
-11.0;-26;-864.0;-903.0;-994.0;?;-16
-52.0;13;-866.0;-902.0;-987.0;-13;-15
-123.0;-8;-865.0;-915.0;-989.0;8;-15
-53.0;-48;-860.0;-912.0;-998.0;48;-16
-40.0;-44;?;-900.0;-1037.0;44;-20
-13.0;-20;?;-884.0;-1010.0;?;-19
-23.0;5;-837.0;-901.0;-1034.0;-5;?
-27.0;-20;-907.0;?;-1081.0;20;-20
-9.0;-41;-934.0;?;-1120.0;41;-14
-40.0;-35;-927.0;-976.0;-1100.0;35;?
-55.0;-44;-923.0;?;-1072.0;?;-16
-46.0;-48;-927.0;-976.0;-1056.0;48;-24
50.0;-38;-914.0;-984.0;-1017.0;38;-20
-11.0;-37;-912.0;-988.0;?;37;-15
13.0;-27;?;-951.0;-992.0;27;-15
21.0;27;?;-935.0;-975.0;-27;-18
30.0;18;-900.0;-961.0;-962.0;?;-33
38.0;?;-913.0;-1034.0;-939.0;-68;-36
85.0;136;-895.0;-993.0;-923.0;-136;-29
99.0;384;-900.0;?;-919.0;-384;-11
9.0;1224;-909.0;-1071.0;-893.0;-1224;-113
14.0;1793;-939.0;-1114.0;-910.0;-1793;-439
53.0;1675;-949.0;-1133.0;-885.0;?;-264
33.0;375;-963.0;-1115.0;-838.0;-375;-94
-4.0;-1378;-984.0;?;-819.0;1378;-240
-44.0;-1293;-979.0;-1092.0;-831.0;1293;276
-102.0;-794;-964.0;-1032.0;-803.0;794;?
-131.0;-1046;-989.0;-1040.0;-822.0;1046;328
-103.0;-855;-955.0;-1071.0;-844.0;855;309
-31.0;?;-886.0;-997.0;-816.0;747;-26
-71.0;-1252;-829.0;-955.0;-808.0;1252;-143
-47.0;-1550;-823.0;?;-799.0;1550;-59
-5.0;-1628;-897.0;-954.0;-844.0;1628;-248
39.0;-2101;-978.0;-990.0;-896.0;2101;-287
42.0;-2278;?;-998.0;?;2278;19
91.0;-1762;-961.0;-1007.0;-960.0;1762;71
126.0;-1322;-1024.0;-1038.0;-982.0;1322;31
138.0;-932;-1020.0;-1061.0;-971.0;932;271
110.0;-201;-988.0;-1015.0;-969.0;201;?
155.0;538;-972.0;?;-958.0;-538;421
151.0;668;-922.0;-1000.0;?;-668;719
180.0;351;-908.0;-939.0;-842.0;-351;356
117.0;172;-939.0;?;-917.0;-172;-175
147.0;83;-954.0;-1077.0;-958.0;-83;-181
115.0;46;-1000.0;-1113.0;-997.0;-46;-59
101.0;16;-987.0;-1054.0;-986.0;-16;-57
?;-44;-987.0;-933.0;?;44;-52
-66.0;-3;-1011.0;-891.0;-957.0;3;-52
-145.0;45;-983.0;-905.0;-919.0;-45;-24
-165.0;71;-979.0;?;-883.0;-71;-5
-69.0;89;-944.0;-935.0;?;-89;-19
?;?;?;-849.0;-889.0;-49;-24
-164.0;14;-985.0;-870.0;-884.0;-14;-23
-170.0;16;-991.0;-834.0;?;-16;-23
-201.0;-18;?;-789.0;-909.0;18;-26
-203.0;-40;-1118.0;-924.0;-1024.0;40;-11
-143.0;0;-1056.0;-866.0;-1034.0;0;-8
-175.0;-11;-880.0;-791.0;-1081.0;11;?
-144.0;-67;-769.0;-731.0;-923.0;?;-25
-160.0;?;-816.0;-615.0;?;61;-25
-134.0;-32;-881.0;-594.0;-817.0;32;-31
-132.0;-5;?;-683.0;-926.0;5;-30
-100.0;44;-942.0;-799.0;-1050.0;-44;-13
-106.0;33;-888.0;-797.0;-1032.0;-33;-16
-166.0;-17;?;-765.0;-959.0;17;-35
?;84;-852.0;-698.0;-922.0;-84;-17
?;273;-866.0;-694.0;-920.0;-273;-3
-221.0;305;-841.0;-715.0;-915.0;-305;-14
-279.0;254;-824.0;-671.0;-875.0;-254;2
-306.0;227;-806.0;-669.0;-891.0;-227;6
-281.0;?;-830.0;-671.0;-899.0;-191;-13
-308.0;202;-846.0;-669.0;-875.0;-202;-4
-326.0;223;-839.0;-693.0;?;?;-9
-279.0;177;-829.0;-713.0;-958.0;-177;-26
?;171;-754.0;?;-959.0;-171;-21
-300.0;?;-699.0;-583.0;-922.0;-231;-9
-238.0;206;-715.0;-545.0;-994.0;-206;-13
-222.0;114;-790.0;-657.0;-1021.0;-114;-17
-273.0;56;-741.0;-629.0;?;-56;-1
-237.0;-17;-724.0;-598.0;-977.0;17;-11
-203.0;-112;-725.0;-579.0;?;112;-14
-229.0;-136;-728.0;-582.0;-1011.0;136;-8
-207.0;?;-731.0;-641.0;-1090.0;?;-26
-170.0;?;-742.0;-602.0;-1137.0;132;-25
-205.0;-90;?;?;-1023.0;90;-19
-207.0;-124;-746.0;-605.0;-971.0;124;-16
-166.0;-87;-744.0;-672.0;-980.0;87;-13
-124.0;7;-740.0;?;-1005.0;-7;-24
-127.0;-6;-747.0;-801.0;-1041.0;?;-18
-135.0;9;-754.0;-791.0;?;-9;-11
-121.0;37;?;-803.0;-975.0;-37;-22
-130.0;33;-762.0;-901.0;-963.0;-33;-10
-141.0;-3;-781.0;-901.0;-999.0;3;-12
-114.0;-28;-801.0;-935.0;-1012.0;28;-27
-72.0;-28;-823.0;-960.0;-1040.0;28;-15
-108.0;-42;-799.0;-975.0;-1034.0;42;-19
-90.0;15;-816.0;-981.0;-1013.0;-15;-22
-164.0;41;-830.0;-1009.0;-1018.0;-41;-16
?;3;-867.0;-1019.0;-1013.0;-3;-16
-73.0;-8;-871.0;-1084.0;-1010.0;8;-18
-52.0;-27;?;-1086.0;-1012.0;27;-23
-58.0;3;-864.0;?;-1032.0;-3;-23
-72.0;29;-857.0;-1050.0;-986.0;-29;-30
-38.0;-35;?;-1020.0;?;35;-21
-41.0;0;?;-1029.0;-994.0;?;?
?;-40;-842.0;?;-950.0;40;-105
-46.0;-385;-853.0;-1027.0;-916.0;385;-176
-29.0;-537;-867.0;-1040.0;-940.0;?;-103
-40.0;-165;-884.0;-1024.0;-934.0;165;139
-21.0;298;-854.0;?;-880.0;-298;129
-61.0;592;-853.0;-1006.0;-857.0;-592;-35
-88.0;579;-851.0;-1010.0;-876.0;-579;-106
-68.0;595;-871.0;-1025.0;-865.0;-595;-46
-122.0;701;?;-1005.0;-892.0;-701;129
-97.0;535;-856.0;-1013.0;-899.0;-535;89
-85.0;843;-856.0;-1021.0;-855.0;-843;265
-90.0;80;-865.0;-1002.0;-888.0;-80;201
-65.0;-1267;-874.0;-1001.0;?;1267;-187
-61.0;-760;-887.0;-1048.0;-912.0;760;-17
-84.0;-329;-914.0;-1129.0;-889.0;329;13
-53.0;-223;?;-1166.0;-870.0;223;-83
-50.0;-33;-902.0;-1202.0;-860.0;33;9
-16.0;-181;-883.0;-1235.0;-850.0;181;-26
-87.0;-72;-854.0;-1209.0;-883.0;72;-28
?;-71;-841.0;-1132.0;-891.0;71;-3
-19.0;-109;-848.0;-1097.0;-885.0;109;-15
?;-66;-862.0;-875.0;-879.0;66;-23
10.0;-21;-883.0;-711.0;-907.0;21;-17
35.0;28;-871.0;-820.0;-916.0;-28;-19
47.0;-68;?;-860.0;?;68;-29
29.0;-149;-889.0;-847.0;-927.0;149;-30
-7.0;-59;-945.0;-925.0;-960.0;59;-24
-22.0;15;-910.0;-954.0;-909.0;-15;-20
5.0;?;?;-954.0;-834.0;32;?
53.0;-43;-824.0;-937.0;-832.0;43;-34
77.0;6;-891.0;-995.0;?;-6;-14
86.0;19;?;-1019.0;-862.0;-19;?
67.0;5;-925.0;-1124.0;-865.0;-5;-36
108.0;9;-922.0;-1110.0;-836.0;-9;-38
132.0;2;-943.0;-1170.0;-840.0;-2;-19
?;26;-936.0;-1093.0;-825.0;-26;-10
233.0;49;-929.0;-1055.0;-819.0;-49;-11
154.0;-31;-948.0;-1072.0;-808.0;31;-30
192.0;-72;?;-1004.0;?;72;-28
169.0;-40;-975.0;-912.0;-939.0;40;-7
160.0;-43;-959.0;-904.0;-969.0;43;?
128.0;-34;?;-911.0;-937.0;34;-21
155.0;-27;-949.0;-925.0;?;27;-7
187.0;-51;-982.0;-973.0;-948.0;51;-19
174.0;-13;-979.0;-978.0;-949.0;?;-21
182.0;7;-957.0;-959.0;-932.0;-7;-12
191.0;-8;-947.0;-972.0;?;8;-20
201.0;-7;-969.0;-954.0;-987.0;7;-16
?;-16;-941.0;-929.0;?;16;-4
207.0;-14;-929.0;-932.0;-996.0;?;-2
249.0;-40;-964.0;-1003.0;-1006.0;?;-13
248.0;-43;-971.0;-1016.0;?;43;?
205.0;-27;-979.0;-1056.0;-930.0;27;-44
231.0;-36;-1005.0;-1102.0;-897.0;36;-48
212.0;12;-1002.0;-1098.0;?;-12;-27
195.0;-9;-1030.0;-1074.0;-903.0;9;-7
210.0;?;-1017.0;-1063.0;?;65;-44
242.0;62;?;-1046.0;-918.0;-62;-59
297.0;73;-1019.0;-1059.0;-880.0;-73;-59
184.0;223;-1021.0;-1059.0;-898.0;-223;-26
74.0;1059;-1004.0;-1028.0;-876.0;-1059;-98
58.0;1695;-995.0;-1039.0;-848.0;-1695;-234
53.0;?;-1008.0;-1046.0;-843.0;-1560;-123
-160.0;?;-1033.0;?;-819.0;-1471;-397
-143.0;1341;-1023.0;-985.0;-820.0;-1341;-492
?;?;?;-1024.0;-867.0;-830;-91
-225.0;325;?;-1046.0;-896.0;-325;-79
-267.0;-258;-1026.0;-1081.0;-888.0;?;165
?;-806;-1023.0;-1122.0;-835.0;806;415
-391.0;-1062;-1001.0;-1113.0;-862.0;1062;435
-253.0;-1479;?;-1095.0;-891.0;1479;272
-245.0;-1970;-947.0;-1030.0;-984.0;1970;78
-216.0;-2083;-824.0;-837.0;-949.0;2083;?
-224.0;-2166;-801.0;?;?;?;-313
?;-2686;-773.0;-639.0;-1024.0;?;?
-215.0;-3248;-699.0;-622.0;-917.0;3248;50
-240.0;-2725;-686.0;-682.0;-941.0;2725;-19
-258.0;-1428;-714.0;-738.0;-910.0;1428;-259
-217.0;-1340;?;-808.0;-900.0;1340;-371
-257.0;-1264;-734.0;-941.0;-848.0;1264;529
-281.0;516;-710.0;-817.0;-997.0;-516;231
-243.0;961;-694.0;-786.0;-1040.0;-961;-98
-289.0;?;-686.0;-699.0;-963.0;-379;254
-284.0;1998;-684.0;-707.0;-966.0;?;238
?;?;?;-721.0;-973.0;-2743;305
-222.0;1674;-667.0;?;?;?;-335
-263.0;2299;-670.0;-763.0;-853.0;-2299;1011
-149.0;1694;-656.0;-799.0;-981.0;-1694;-1019
-86.0;-55;-683.0;-715.0;-980.0;55;-3089
-188.0;?;-694.0;-642.0;-880.0;-537;538
-309.0;77;-657.0;-658.0;?;-77;15
-81.0;-1498;-634.0;-671.0;-760.0;1498;-781
-130.0;-1634;-590.0;-592.0;-575.0;1634;430
-85.0;-1016;-546.0;-610.0;-438.0;1016;-281
-107.0;-517;-472.0;-611.0;-445.0;517;-11
-87.0;?;?;?;-385.0;422;255
-145.0;-149;-484.0;-549.0;-471.0;149;8
-88.0;257;-516.0;-691.0;-646.0;?;-19
-65.0;169;-674.0;?;-928.0;-169;-33
-89.0;?;-740.0;-887.0;-865.0;-277;-48
-83.0;243;-682.0;-852.0;-798.0;-243;?
-72.0;532;-699.0;-872.0;-806.0;-532;187
-61.0;1733;-604.0;?;-897.0;-1733;?
-71.0;842;-664.0;-888.0;-968.0;-842;-282
-49.0;-159;-701.0;-1054.0;-1056.0;159;-195
-39.0;384;-747.0;-1111.0;-1026.0;-384;114
3.0;208;-778.0;-1067.0;-999.0;-208;-60
7.0;171;-805.0;-981.0;-1068.0;-171;-31
-11.0;338;-798.0;-1031.0;?;-338;58
24.0;305;-824.0;-1092.0;-937.0;-305;-40
31.0;374;-794.0;-1039.0;-829.0;-374;-43
55.0;318;-749.0;-913.0;-865.0;-318;-21
48.0;258;-696.0;-914.0;?;-258;-39
10.0;327;-679.0;-916.0;-813.0;-327;?
?;457;-630.0;?;-839.0;-457;?
27.0;539;?;-858.0;-805.0;-539;-22
17.0;532;-578.0;?;-780.0;-532;?
55.0;531;-607.0;-841.0;-787.0;-531;?
72.0;415;-610.0;-849.0;-828.0;-415;?
40.0;189;-604.0;-778.0;-780.0;-189;-18
58.0;161;?;?;-954.0;-161;-35
22.0;?;-703.0;-889.0;-783.0;-109;?
51.0;233;-711.0;-932.0;-807.0;-233;-85
46.0;90;-763.0;-918.0;-819.0;-90;-65
70.0;-531;-777.0;-823.0;-891.0;531;9
69.0;-600;-765.0;-843.0;?;600;-36
?;-516;-706.0;-858.0;-827.0;516;-13
90.0;-437;?;-862.0;-801.0;437;26
98.0;-79;-740.0;-898.0;-787.0;79;-19
196.0;45;?;-882.0;-757.0;-45;-39
155.0;47;-788.0;-861.0;-708.0;-47;?
137.0;216;-807.0;-895.0;-727.0;?;-5
68.0;293;-797.0;-896.0;-814.0;-293;6
117.0;192;-920.0;-1012.0;-1022.0;-192;9
27.0;158;?;-1116.0;-1076.0;-158;52
80.0;125;-1415.0;-1221.0;-1068.0;-125;36
38.0;81;-1213.0;?;-1329.0;-81;-26
67.0;116;-1135.0;-1189.0;-1029.0;-116;-24
40.0;98;-943.0;-937.0;-803.0;-98;-1
92.0;218;-848.0;-805.0;-707.0;-218;-2
141.0;356;-751.0;?;?;-356;-1
116.0;360;-700.0;-553.0;-617.0;-360;-5
73.0;436;-783.0;-508.0;-634.0;-436;-7
49.0;444;-898.0;-445.0;-630.0;-444;-5
70.0;490;-925.0;-671.0;-892.0;-490;-13
?;508;-1065.0;-679.0;-896.0;-508;-14
55.0;265;-1013.0;-813.0;-809.0;-265;-1
93.0;?;-983.0;-735.0;-820.0;-35;17
87.0;-90;-1042.0;-646.0;-699.0;90;18
57.0;-283;-923.0;-791.0;-694.0;283;-10
?;?;?;-714.0;-614.0;400;-20
51.0;?;-926.0;-617.0;-676.0;239;-17
51.0;-32;-958.0;-623.0;-756.0;32;-29
39.0;15;-897.0;-669.0;-827.0;-15;-23
29.0;23;-820.0;-612.0;-845.0;?;-10
33.0;47;-938.0;-585.0;-791.0;-47;-15
56.0;35;-970.0;-667.0;?;-35;?
60.0;-1;-1012.0;-761.0;-1014.0;1;-20
64.0;-17;-1047.0;-663.0;-971.0;17;-22
74.0;29;-1000.0;-739.0;?;-29;-23
61.0;79;-963.0;-692.0;-938.0;-79;-21
46.0;59;-938.0;-692.0;?;-59;-20
71.0;32;-973.0;-813.0;-843.0;-32;-13
86.0;-23;-964.0;-784.0;-797.0;23;?
64.0;?;-1012.0;-808.0;-804.0;45;?
76.0;-17;-976.0;-714.0;-848.0;17;-14
75.0;-23;?;-638.0;-837.0;23;-14
40.0;46;-953.0;-664.0;-776.0;?;-19
71.0;65;-974.0;-640.0;-706.0;-65;-18
60.0;?;-981.0;-714.0;-683.0;-31;?
?;35;?;-791.0;-699.0;-35;-13
63.0;16;-969.0;-821.0;-688.0;-16;-12
87.0;58;-971.0;-837.0;-689.0;?;-14
40.0;75;-1002.0;-834.0;-715.0;-75;-19
7.0;44;-978.0;-802.0;-765.0;-44;-18
90.0;79;-1004.0;-808.0;-781.0;-79;?
60.0;113;-996.0;-755.0;-748.0;-113;-17
117.0;63;-948.0;-682.0;-749.0;-63;-10
94.0;?;-952.0;?;-721.0;16;-20
139.0;-36;-942.0;-621.0;-721.0;36;-20
143.0;-14;-944.0;-566.0;-748.0;14;-15
110.0;12;-933.0;-505.0;?;-12;-22
139.0;12;-965.0;?;-770.0;-12;?
133.0;-16;-952.0;?;-769.0;16;-14
132.0;-14;-950.0;-542.0;-759.0;14;-22
120.0;6;?;-552.0;-749.0;-6;-20
126.0;0;-961.0;-570.0;-724.0;0;-16
151.0;12;-966.0;-590.0;-753.0;-12;-20
127.0;24;-963.0;-595.0;-769.0;-24;-21
123.0;-13;-959.0;-600.0;-771.0;13;-18
154.0;-21;-967.0;-624.0;-776.0;21;-19
126.0;?;-960.0;-606.0;-774.0;-37;-21
91.0;60;-970.0;-623.0;-769.0;-60;-20
129.0;26;-966.0;-588.0;?;-26;-18
130.0;4;-958.0;-605.0;-746.0;-4;-15
139.0;14;-957.0;-590.0;-741.0;-14;-16
150.0;18;-964.0;-584.0;-743.0;-18;-19
131.0;10;-959.0;?;-744.0;?;-16
99.0;24;-966.0;-610.0;-737.0;-24;-16
140.0;19;-966.0;-634.0;?;-19;-19
?;-18;-961.0;?;-724.0;18;-15
151.0;-20;-958.0;-612.0;?;20;-14
122.0;-8;-964.0;-662.0;-750.0;?;-21
?;-7;?;-693.0;-737.0;?;-24
134.0;-5;?;-662.0;-713.0;5;-15
151.0;9;-972.0;-677.0;-715.0;-9;-16
126.0;?;?;-697.0;?;-15;-23
137.0;-4;-956.0;-716.0;-733.0;4;-16
144.0;-1;-960.0;-680.0;-740.0;1;-13
130.0;6;-964.0;-684.0;-742.0;-6;-17
125.0;4;-971.0;-680.0;-754.0;-4;-13
139.0;4;-961.0;?;?;-4;?
144.0;4;-959.0;-642.0;-736.0;-4;-23
132.0;7;-961.0;-673.0;-726.0;-7;-18
142.0;?;-964.0;-684.0;-718.0;?;-13
132.0;?;-960.0;-676.0;-729.0;0;-17
152.0;33;-960.0;-637.0;-735.0;-33;-20
132.0;10;-962.0;-673.0;-737.0;-10;?
132.0;14;-967.0;-657.0;-727.0;-14;-15
120.0;62;-958.0;-672.0;?;-62;-25
137.0;75;-964.0;-666.0;-725.0;-75;-21
155.0;62;-961.0;-672.0;-729.0;-62;-13
164.0;?;-961.0;-685.0;-722.0;-39;-12
163.0;27;-962.0;-682.0;-726.0;-27;-19
176.0;37;-964.0;-669.0;-713.0;-37;-22
127.0;51;-963.0;-661.0;-713.0;-51;-15
96.0;91;-963.0;-669.0;-715.0;-91;-17
116.0;93;-968.0;-674.0;-718.0;-93;-21
162.0;44;-975.0;-691.0;-709.0;-44;-18
128.0;26;-969.0;-696.0;-714.0;-26;-18
138.0;17;-963.0;-720.0;-735.0;-17;-15
134.0;-22;-966.0;-736.0;-752.0;22;-13
104.0;-71;?;-742.0;-760.0;71;-12
31.0;-56;-975.0;-754.0;-719.0;56;-18
115.0;?;-981.0;-799.0;-700.0;38;-28
107.0;-11;-977.0;-784.0;-697.0;11;-27
135.0;55;-1005.0;-794.0;-665.0;-55;-17
182.0;33;-1001.0;-802.0;-648.0;-33;-12
114.0;-7;-982.0;-774.0;-650.0;7;-16
90.0;-27;-957.0;-804.0;-615.0;27;-24
137.0;-1;-994.0;-803.0;-582.0;1;-18
170.0;72;-1008.0;-760.0;-557.0;-72;-13
167.0;63;-981.0;-795.0;-536.0;-63;-16
119.0;50;-988.0;-784.0;-510.0;-50;0
139.0;29;-982.0;-778.0;-506.0;-29;-7
127.0;-12;?;-768.0;-471.0;12;-19
126.0;-31;-965.0;-765.0;-454.0;31;-15
151.0;-16;-964.0;-796.0;-456.0;16;-23
143.0;-1;-976.0;-827.0;-489.0;1;-20
142.0;-60;-982.0;?;-494.0;60;-19
120.0;-55;-978.0;-808.0;-491.0;55;-19
112.0;-23;-971.0;-808.0;-504.0;23;?
108.0;-28;-969.0;-809.0;-511.0;28;-23
103.0;-29;-972.0;-798.0;-521.0;29;-19
96.0;-60;-957.0;-802.0;?;60;-17
116.0;-33;-967.0;-833.0;-529.0;33;-15
120.0;?;-975.0;-807.0;-501.0;21;?
105.0;?;-982.0;-801.0;-501.0;43;-23
96.0;-24;?;-796.0;-522.0;24;-24
87.0;-7;-954.0;-815.0;-536.0;7;-20
112.0;-1;-951.0;-810.0;-526.0;1;-20
117.0;-46;-969.0;-811.0;-522.0;?;-20
116.0;-54;-972.0;-826.0;-517.0;54;-19
101.0;-18;-972.0;-828.0;-531.0;18;-22
102.0;-4;-977.0;-829.0;-514.0;?;-26
?;15;-960.0;-848.0;?;-15;-21
70.0;0;-972.0;-854.0;-516.0;?;-14
74.0;-17;?;-839.0;-515.0;17;-17
102.0;-15;-957.0;-826.0;-513.0;15;-18
?;1;-969.0;-832.0;-518.0;-1;-18
93.0;?;-960.0;-822.0;-507.0;-14;-21
86.0;-14;-964.0;-820.0;-517.0;14;-18
77.0;-34;-968.0;-822.0;-512.0;34;-18
72.0;-1;-960.0;-823.0;-515.0;1;-16
?;20;-962.0;-814.0;-511.0;-20;-12
?;-7;-968.0;-814.0;-516.0;?;-15
107.0;-28;-961.0;-814.0;?;28;-15
75.0;0;-967.0;-812.0;-517.0;0;-12
108.0;15;-972.0;-816.0;?;-15;-11
95.0;-32;-966.0;-820.0;-515.0;32;-15
90.0;-47;-964.0;?;-514.0;47;-20
101.0;-4;-966.0;-821.0;-510.0;4;?
91.0;27;?;-826.0;-508.0;-27;-20
?;10;-972.0;-836.0;-506.0;-10;?
99.0;-27;-969.0;-836.0;-495.0;27;-16
93.0;-11;-964.0;-828.0;-496.0;11;-16
99.0;7;-968.0;-825.0;-499.0;-7;-19
73.0;6;-969.0;?;-507.0;-6;-24
77.0;15;-972.0;-815.0;-499.0;-15;?
105.0;?;-966.0;?;?;-6;-20
?;12;?;-820.0;-505.0;-12;-23
88.0;?;-974.0;-828.0;-499.0;-16;-25
88.0;15;-969.0;-832.0;-508.0;-15;-19
89.0;-2;-969.0;-830.0;-504.0;2;-15
108.0;?;-970.0;-837.0;-506.0;6;-16
?;9;-968.0;-844.0;-503.0;-9;-16
127.0;-37;-969.0;?;-503.0;37;-18
133.0;?;-963.0;-822.0;-499.0;5;-23
121.0;24;-971.0;-833.0;-509.0;-24;-21
141.0;7;-975.0;-839.0;-499.0;?;-14
105.0;26;-967.0;-843.0;-493.0;-26;-19
95.0;-21;-970.0;-841.0;-488.0;21;-27
111.0;-1;-971.0;-848.0;-483.0;1;-21
117.0;38;-972.0;-853.0;-485.0;-38;-21
135.0;?;-967.0;-848.0;-483.0;1;-18
156.0;-17;-960.0;-835.0;-490.0;17;-12
171.0;-7;-967.0;-840.0;-494.0;7;-20
155.0;0;-971.0;-837.0;-496.0;0;-19
144.0;-40;-972.0;?;-489.0;40;-18
154.0;-39;-963.0;-858.0;-496.0;39;-20
?;-15;-982.0;-856.0;-499.0;15;-18
140.0;-29;-959.0;-853.0;?;29;-19
152.0;-28;-956.0;-856.0;?;28;-16
142.0;-45;?;?;-492.0;45;-15
152.0;-52;-970.0;-857.0;?;52;-15
121.0;-53;-965.0;?;-541.0;53;-11
144.0;-65;-967.0;-844.0;-544.0;65;-18
139.0;-87;-963.0;-854.0;-554.0;87;-22
150.0;-115;-976.0;-840.0;-557.0;115;-17
172.0;-94;-979.0;-825.0;-557.0;94;-20
139.0;-71;-971.0;-833.0;-564.0;71;?
135.0;-69;-965.0;-823.0;-573.0;69;-22
119.0;-41;-976.0;-820.0;-565.0;41;-22
118.0;-41;-972.0;-826.0;-580.0;41;-15
113.0;?;-967.0;-802.0;-588.0;43;-21
116.0;-7;-956.0;-806.0;-603.0;7;-20
78.0;-23;-970.0;-784.0;-620.0;23;-23
93.0;-18;-964.0;-779.0;-642.0;18;-22
103.0;-34;-975.0;-766.0;-641.0;34;-12
110.0;-118;-967.0;?;?;118;-13
102.0;-111;-953.0;-747.0;-656.0;111;-13
102.0;?;-938.0;-760.0;?;91;-16
122.0;-90;-950.0;-723.0;-708.0;90;-21
102.0;-58;-972.0;-720.0;-713.0;58;-23
12.0;-49;-994.0;-722.0;-712.0;49;-19
4.0;-27;-968.0;-703.0;-689.0;27;-10
65.0;-13;-981.0;-678.0;-730.0;?;-15
69.0;-53;-969.0;-657.0;-710.0;53;-22
46.0;-52;-978.0;-639.0;-746.0;52;-24
30.0;-39;-1017.0;?;-764.0;39;-27
43.0;-35;-968.0;-510.0;-788.0;?;-24
-1.0;-17;-950.0;-522.0;-785.0;17;-15
?;-36;-964.0;-546.0;-735.0;36;-13
-5.0;?;?;?;-732.0;37;-12
-2.0;-55;-974.0;-547.0;-721.0;55;-16
-51.0;-47;-960.0;-539.0;-725.0;47;-25
-11.0;-3;?;-524.0;-728.0;3;-25
-71.0;-6;-955.0;?;-749.0;6;-17
-51.0;35;?;-529.0;-744.0;-35;?
-70.0;68;-983.0;-526.0;-764.0;-68;-16
?;38;-970.0;-504.0;-771.0;-38;?
-26.0;8;-954.0;-498.0;-769.0;?;-17
-32.0;6;-959.0;-546.0;-744.0;?;-19
-59.0;16;-961.0;-538.0;-740.0;-16;-24
-40.0;7;-957.0;?;-779.0;-7;-20
-49.0;4;-950.0;-513.0;-752.0;-4;?
-38.0;5;?;-511.0;-767.0;?;?
?;7;-954.0;-534.0;-777.0;-7;-20
-29.0;16;-953.0;-513.0;-772.0;-16;-20
-29.0;6;-956.0;-497.0;-786.0;-6;-18
-39.0;-14;?;-495.0;-778.0;?;-16
-31.0;-14;-945.0;-480.0;?;14;-15
-30.0;2;-944.0;-457.0;-760.0;?;-20
-20.0;1;-940.0;-470.0;?;-1;-19
-20.0;-19;-956.0;-494.0;-794.0;19;-14
-19.0;-19;-957.0;-500.0;-799.0;19;-21
-22.0;?;-955.0;-487.0;-797.0;-1;-23
?;2;-949.0;-493.0;-814.0;-2;-19
-30.0;-15;-949.0;-474.0;-776.0;?;-21
-29.0;-31;-942.0;-467.0;-802.0;?;-25
-30.0;-27;?;-495.0;-812.0;27;?
-4.0;-8;-957.0;-488.0;-801.0;8;-20
-21.0;-11;-957.0;-506.0;-800.0;11;-21
-40.0;-23;-957.0;-491.0;-783.0;23;-21
-25.0;-7;-953.0;-474.0;-780.0;7;?
-40.0;5;-943.0;-466.0;-806.0;-5;-19
?;5;-951.0;-494.0;-803.0;-5;-25
-21.0;-3;-948.0;-488.0;-792.0;3;-17
-11.0;-15;-950.0;-512.0;-810.0;15;-13
-29.0;13;-951.0;-537.0;-802.0;-13;-23
-37.0;-16;-953.0;-525.0;-798.0;16;-23
8.0;1;?;-518.0;-810.0;?;-15
-33.0;70;-948.0;-514.0;-797.0;?;-15
-15.0;6;-948.0;-498.0;-799.0;?;-16
-6.0;2;-947.0;-513.0;-800.0;?;-18
12.0;7;-948.0;-517.0;-794.0;-7;-20
-5.0;-37;-949.0;-521.0;-795.0;37;-19
5.0;4;-955.0;-541.0;?;-4;-21
?;16;-950.0;-545.0;-811.0;-16;-25
-15.0;1;-948.0;?;-804.0;-1;-24
-10.0;25;-950.0;-529.0;-807.0;-25;-17
-3.0;15;-949.0;-499.0;-814.0;-15;-16
1.0;6;-951.0;-514.0;-840.0;-6;-17
-8.0;1;-936.0;?;-820.0;-1;-15
-20.0;?;-949.0;-664.0;-846.0;17;-20
-1.0;4;-947.0;-712.0;-836.0;-4;-21
-10.0;-12;-952.0;-716.0;-848.0;12;-17
2.0;-3;-950.0;-703.0;-823.0;3;-15
8.0;14;-954.0;-698.0;-786.0;-14;-22
?;-5;-955.0;-735.0;-762.0;5;?
0.0;24;-947.0;?;-786.0;-24;?
19.0;44;-948.0;-675.0;-784.0;-44;-14
3.0;75;-956.0;-744.0;-768.0;?;?
-16.0;93;-949.0;-734.0;-794.0;-93;-13
7.0;59;-963.0;-747.0;-792.0;-59;-11
?;49;-956.0;-792.0;?;-49;-17
22.0;49;-974.0;-763.0;-762.0;-49;?
56.0;?;?;-820.0;?;-60;-19
51.0;91;-964.0;-840.0;?;-91;-23
70.0;82;-947.0;-835.0;-736.0;-82;-24
35.0;?;-965.0;?;-727.0;-71;-15
39.0;69;-987.0;-872.0;-710.0;-69;-17
51.0;67;-931.0;?;-750.0;-67;?
71.0;116;-931.0;-868.0;-685.0;-116;-19
48.0;?;-956.0;-879.0;-781.0;-111;-17
56.0;?;-964.0;-876.0;-740.0;-90;-13
51.0;105;-978.0;-854.0;-760.0;-105;-17
19.0;?;-943.0;-853.0;-744.0;-92;?
81.0;109;-937.0;-871.0;-723.0;-109;?
159.0;123;-953.0;-893.0;-738.0;-123;-21
174.0;85;?;-916.0;-759.0;-85;-13
198.0;41;-999.0;-925.0;-778.0;-41;-11
80.0;-8;-976.0;-992.0;-835.0;8;-15
211.0;-50;-913.0;-1027.0;-947.0;50;-12
89.0;-44;-986.0;-916.0;-1028.0;?;-14
287.0;-9;-989.0;-806.0;-783.0;9;-22
?;25;-915.0;-771.0;-662.0;-25;-25
778.0;40;-923.0;-804.0;?;-40;?
135.0;22;-937.0;-828.0;-677.0;-22;-22
505.0;16;-943.0;-793.0;-798.0;-16;-8
-31.0;18;-993.0;?;-844.0;-18;-4
494.0;13;-1035.0;?;-928.0;-13;-24
106.0;62;?;-963.0;?;-62;-20
?;71;-1172.0;-983.0;-973.0;-71;?
182.0;22;-1003.0;-1018.0;?;-22;-14
222.0;26;?;-1103.0;-599.0;-26;-12
237.0;6;-981.0;-1021.0;-625.0;-6;-19
211.0;-40;-958.0;-1043.0;-693.0;40;-20
?;-60;-986.0;-969.0;-761.0;60;-16
201.0;-98;-1000.0;-903.0;-739.0;98;-19
212.0;-113;-967.0;-785.0;-708.0;?;-19
196.0;-84;-984.0;-721.0;-729.0;84;-20
223.0;-73;-975.0;-699.0;-727.0;73;-19
203.0;-60;-979.0;-725.0;-720.0;60;-19
192.0;-46;-942.0;-737.0;-729.0;46;-17
?;-52;-960.0;-749.0;-700.0;52;-19
223.0;-35;-981.0;-788.0;-727.0;35;-22
185.0;-8;-992.0;-817.0;-695.0;8;-18
173.0;3;-980.0;-849.0;-681.0;-3;-17
151.0;?;-977.0;-865.0;-683.0;-2;-19
130.0;-21;-992.0;-882.0;-671.0;?;-16
?;-43;-988.0;-849.0;-710.0;43;-12
165.0;-38;?;-838.0;-703.0;38;?
140.0;?;-977.0;-823.0;-683.0;29;-23
151.0;-19;-973.0;-784.0;-679.0;?;-27
?;-24;-980.0;-751.0;-685.0;24;-20
129.0;-58;-980.0;-765.0;-644.0;58;-16
117.0;-88;-971.0;?;-680.0;88;-19
117.0;-81;-983.0;-760.0;-712.0;81;-20
114.0;-54;-977.0;-751.0;-685.0;54;-19
91.0;-39;-979.0;-763.0;-708.0;39;-19
121.0;-40;-972.0;-758.0;-722.0;40;-16
109.0;?;?;-751.0;-737.0;?;-12
102.0;-71;-984.0;-761.0;-708.0;71;?
98.0;-93;-972.0;-744.0;-749.0;93;-23
73.0;-57;-963.0;-791.0;-740.0;57;-15
?;-41;-982.0;-784.0;-718.0;41;-13
78.0;-71;-956.0;-787.0;-726.0;71;-22
?;-81;-967.0;?;-720.0;81;-25
85.0;-34;-970.0;-774.0;-757.0;34;-22
55.0;?;-979.0;-776.0;-702.0;-38;-15
49.0;29;?;-764.0;-684.0;-29;-13
59.0;-46;-985.0;-765.0;-683.0;46;?
40.0;-58;-946.0;-777.0;-604.0;58;-19
26.0;-49;?;-806.0;-552.0;?;-19
9.0;-30;-969.0;-804.0;-573.0;30;?
20.0;?;?;-820.0;-588.0;-26;-19
10.0;22;-964.0;-808.0;-629.0;-22;-13
8.0;11;-961.0;-771.0;-609.0;-11;-20
5.0;20;-954.0;-749.0;-599.0;-20;-19
38.0;?;-954.0;-736.0;-620.0;-9;-17
8.0;-23;-980.0;-726.0;-608.0;23;-17
39.0;-39;-958.0;-753.0;-633.0;39;-15
19.0;-3;-950.0;-751.0;-624.0;3;-20
31.0;4;-965.0;?;-629.0;-4;-19
11.0;-17;-971.0;-770.0;-640.0;17;-17
15.0;-35;-957.0;-769.0;-654.0;35;-21
32.0;-49;-956.0;-758.0;-661.0;49;?
37.0;?;-956.0;-752.0;-659.0;20;-17
27.0;?;-959.0;-749.0;-647.0;-14;-21
10.0;11;-963.0;-739.0;-617.0;-11;-22
?;-3;-961.0;-761.0;?;3;-19
19.0;-24;?;-793.0;-608.0;24;-20
20.0;-26;-969.0;-792.0;-636.0;26;-21
29.0;-7;-959.0;-776.0;?;7;-18
9.0;-13;-959.0;-761.0;-608.0;13;-17
25.0;-15;-957.0;-791.0;-610.0;15;-17
24.0;?;?;-795.0;-613.0;1;-21
-4.0;-11;-964.0;-789.0;-636.0;?;-20
5.0;-17;-950.0;-781.0;?;17;-11
10.0;-25;-956.0;-782.0;-633.0;25;-17
13.0;-43;-954.0;-788.0;-622.0;43;-25
24.0;-18;-953.0;-776.0;-643.0;18;-23
5.0;-11;?;-767.0;-661.0;11;-23
12.0;-29;-964.0;-775.0;-665.0;29;-24
17.0;-5;-956.0;-768.0;-640.0;5;-17
5.0;-3;-954.0;-781.0;-632.0;3;-15
38.0;?;-959.0;-781.0;-645.0;9;-19
22.0;35;-962.0;-774.0;-655.0;-35;-19
20.0;21;?;-772.0;-659.0;-21;-19
20.0;?;-963.0;-784.0;-653.0;5;-20
20.0;16;-956.0;-779.0;-659.0;-16;-20
?;-2;-938.0;-789.0;-666.0;2;?
6.0;-1;-943.0;-786.0;-667.0;1;-16
?;6;-956.0;-790.0;?;-6;-19
22.0;9;-951.0;-798.0;-671.0;?;-17
18.0;?;-948.0;?;-685.0;-12;-15
21.0;-28;-949.0;-788.0;-670.0;28;-16
19.0;-33;-952.0;-789.0;-669.0;33;?
?;-16;-944.0;-796.0;-668.0;16;-19
?;-18;-951.0;-792.0;-672.0;18;-24
34.0;2;?;-789.0;-661.0;-2;-19
?;-14;-945.0;-792.0;-672.0;14;-16
33.0;-50;-949.0;-781.0;-672.0;50;-21
29.0;-15;-954.0;-792.0;-671.0;15;-22
39.0;-1;-948.0;-793.0;-666.0;?;-21
40.0;-3;-949.0;-790.0;-654.0;3;-21
21.0;24;-945.0;-781.0;-663.0;-24;-20
38.0;10;-952.0;-793.0;-668.0;-10;-20
9.0;-26;-957.0;-794.0;-677.0;26;-20
52.0;-18;-943.0;-799.0;-671.0;18;-21
35.0;24;?;-793.0;-664.0;-24;?
31.0;17;-949.0;-797.0;-672.0;-17;-16
50.0;23;?;-800.0;?;?;-17
42.0;22;-947.0;-792.0;-695.0;?;?
?;-16;-945.0;-790.0;-680.0;16;-21
43.0;?;-940.0;?;-666.0;-3;-21
?;-12;-938.0;-790.0;-660.0;12;-19
16.0;6;-945.0;-802.0;-668.0;-6;?
31.0;55;-953.0;-807.0;?;-55;-18
19.0;38;-948.0;-808.0;-655.0;-38;-21
?;74;-948.0;-805.0;-663.0;-74;-16
20.0;115;?;-803.0;-670.0;-115;-11
40.0;104;-950.0;-793.0;-673.0;-104;-15
?;76;-948.0;-783.0;-693.0;-76;-16
24.0;20;-938.0;-788.0;-681.0;-20;-15
28.0;-42;-948.0;-809.0;-680.0;42;-15
18.0;-63;-947.0;-800.0;-682.0;?;-16
23.0;-28;?;-798.0;-685.0;28;-20
34.0;-12;-937.0;-791.0;-676.0;12;-20
39.0;-21;-953.0;-794.0;-673.0;21;-17
19.0;-30;-943.0;-795.0;-652.0;30;?
36.0;-15;-946.0;?;?;15;-19
21.0;32;-950.0;-800.0;-663.0;-32;-17
?;43;-945.0;-806.0;-674.0;-43;-13
18.0;21;-930.0;-802.0;-689.0;-21;-20
21.0;-30;-937.0;?;-696.0;30;-20
10.0;-43;-936.0;-811.0;-695.0;43;-15
30.0;16;?;-821.0;-683.0;-16;-18
9.0;21;-937.0;-824.0;-684.0;-21;-16
12.0;3;-938.0;-820.0;-672.0;?;-15
?;15;-943.0;-811.0;-678.0;-15;-16
21.0;32;-944.0;-821.0;-677.0;?;-14
?;21;-941.0;?;-686.0;?;-15
?;-16;-938.0;-803.0;-708.0;16;-15
12.0;-4;-935.0;-794.0;-695.0;4;-18
15.0;28;-931.0;-810.0;-691.0;?;-15
21.0;17;-937.0;-811.0;-687.0;-17;-14
23.0;?;-941.0;-816.0;?;-20;-23
46.0;10;-947.0;-823.0;-671.0;-10;?
31.0;-17;-938.0;-819.0;-670.0;17;-16
23.0;19;-937.0;-813.0;-679.0;-19;-15
27.0;15;-943.0;?;-674.0;-15;-18
32.0;-25;-946.0;?;-678.0;25;-17
10.0;-24;-935.0;-814.0;-674.0;24;?
30.0;-3;?;-807.0;-691.0;?;-19
28.0;15;-938.0;-811.0;-683.0;-15;-18
24.0;-1;-940.0;-822.0;-676.0;1;-13
37.0;-3;-939.0;-811.0;-665.0;3;-18
19.0;7;-942.0;-815.0;-676.0;-7;-22
35.0;-15;-946.0;-825.0;-689.0;15;?
23.0;?;-942.0;-813.0;-690.0;27;?
24.0;1;-937.0;-805.0;-693.0;-1;-14
32.0;20;-943.0;-812.0;-661.0;-20;?
?;-1;-943.0;-817.0;-667.0;?;-22
37.0;-1;-936.0;-807.0;-681.0;1;-21
35.0;3;?;-808.0;-724.0;-3;-21
20.0;-18;?;?;-673.0;18;-21
?;-27;-932.0;-818.0;-671.0;27;-17
51.0;-37;-938.0;-811.0;?;37;-22
40.0;?;-948.0;-819.0;-710.0;31;-21
30.0;-6;-945.0;-821.0;-676.0;6;-16
23.0;7;-943.0;-838.0;-665.0;-7;-19
48.0;16;-957.0;-875.0;-685.0;-16;-19
19.0;17;-950.0;-857.0;-695.0;-17;-19
28.0;8;?;-904.0;-690.0;?;-20
7.0;3;-926.0;-898.0;?;-3;-22
27.0;9;-923.0;-875.0;-647.0;-9;?
29.0;16;?;-868.0;-658.0;-16;?
33.0;-7;-928.0;-847.0;-666.0;7;-14
46.0;-20;-932.0;-823.0;-683.0;20;?
22.0;?;-939.0;-772.0;-694.0;1;-20
42.0;-26;-951.0;?;-707.0;26;-23
52.0;-13;-954.0;-761.0;-706.0;13;-26
?;0;-944.0;-757.0;-694.0;0;-15
19.0;-17;-943.0;-766.0;-676.0;17;-13
59.0;33;-946.0;-765.0;-665.0;-33;-23
30.0;4;?;-769.0;-644.0;-4;-19
40.0;-19;-954.0;-767.0;-643.0;19;-16
20.0;-9;-945.0;-757.0;-628.0;9;-20
30.0;-27;-946.0;?;-633.0;27;-20
34.0;-7;-953.0;-726.0;-629.0;7;-25
33.0;-9;-948.0;-735.0;-635.0;9;-26
?;25;-954.0;-755.0;-626.0;?;-19
?;27;-953.0;-765.0;-614.0;-27;-18
31.0;2;-962.0;-770.0;-618.0;-2;-22
37.0;?;?;-769.0;-599.0;?;?
34.0;-17;-957.0;-791.0;-602.0;17;-23
36.0;13;-963.0;-798.0;-580.0;-13;-20
33.0;-13;-959.0;-781.0;-567.0;13;-13
52.0;?;?;?;-555.0;45;-15
33.0;?;-963.0;?;-560.0;22;-25
30.0;-28;-962.0;?;-552.0;28;-27
40.0;1;-953.0;-746.0;-560.0;-1;?
39.0;31;-953.0;-752.0;-560.0;-31;-17
?;1;-953.0;-751.0;-549.0;-1;-19
35.0;-23;-959.0;-783.0;-552.0;23;-20
35.0;-11;-963.0;-779.0;-551.0;11;-21
18.0;6;-958.0;-766.0;-563.0;?;-22
6.0;25;-955.0;-756.0;-571.0;-25;-16
21.0;31;-966.0;-764.0;-575.0;-31;-15
18.0;?;-986.0;-779.0;-566.0;-10;-15
3.0;-20;-971.0;-801.0;-542.0;20;?
30.0;-44;-962.0;-834.0;-558.0;44;-24
-6.0;-49;-959.0;-900.0;-540.0;?;-18
5.0;-31;-957.0;-914.0;-545.0;31;-21
3.0;-24;-962.0;-924.0;-557.0;24;-17
7.0;-33;-965.0;-826.0;-561.0;33;-19
11.0;-19;-954.0;-874.0;-582.0;19;-21
10.0;-1;-968.0;-927.0;-581.0;1;-16
?;40;-964.0;-848.0;-568.0;-40;-22
20.0;90;-963.0;-886.0;-576.0;-90;-23
-5.0;54;-961.0;-885.0;-563.0;-54;-17
-1.0;?;-954.0;-903.0;-516.0;-1;-19
11.0;14;-957.0;-881.0;-529.0;-14;-22
-39.0;13;-982.0;?;?;-13;-19
-22.0;16;-961.0;-884.0;?;?;-17
-25.0;39;-957.0;-921.0;?;-39;?
-33.0;?;?;-955.0;?;-2;-17
-19.0;-25;?;-962.0;-621.0;25;-14
2.0;-12;-952.0;-981.0;-613.0;12;-16
16.0;-4;-932.0;-1029.0;-633.0;4;-22
-16.0;15;-944.0;-1015.0;-623.0;-15;-24
-4.0;17;-930.0;?;-625.0;-17;-21
-8.0;?;?;-949.0;-644.0;-20;-21
-10.0;?;-930.0;-945.0;-669.0;-33;-19
-20.0;?;-940.0;-953.0;?;-19;-15
1.0;?;-945.0;-985.0;?;-5;-16
-1.0;?;?;-991.0;-683.0;-15;?
0.0;19;-938.0;-967.0;-636.0;-19;?
2.0;-3;-939.0;-966.0;-601.0;3;-17
12.0;-31;-946.0;-982.0;-584.0;31;-20
5.0;-37;-946.0;-993.0;?;37;?
-18.0;-14;-947.0;-990.0;-577.0;14;-20
13.0;-5;-941.0;-983.0;-607.0;5;-13
?;-17;-943.0;-971.0;-608.0;17;-20
2.0;?;-935.0;-963.0;-629.0;5;-18
-13.0;9;-917.0;?;-650.0;-9;-17
-10.0;1;-942.0;-959.0;-673.0;-1;-21
?;-19;?;-967.0;-685.0;19;-15
10.0;-20;?;?;-680.0;20;-17
20.0;20;-941.0;-969.0;?;-20;-21
20.0;?;-926.0;-961.0;-645.0;-19;-20
8.0;-2;-935.0;?;-632.0;2;-24
-17.0;-10;-938.0;-984.0;-636.0;10;-23
8.0;-29;-948.0;-992.0;-620.0;29;-19
-9.0;-29;-941.0;-1007.0;-614.0;?;-19
11.0;?;?;-984.0;-615.0;?;-18
-3.0;28;?;-967.0;-625.0;?;-14
-3.0;?;-937.0;-959.0;-638.0;-9;-16
-3.0;-17;-935.0;-960.0;-637.0;17;-18
11.0;-6;-933.0;?;-648.0;?;-16
-12.0;-8;-936.0;-975.0;-676.0;8;-16
4.0;21;-940.0;-964.0;-686.0;?;-18
12.0;16;-937.0;?;-659.0;-16;?
2.0;8;-941.0;-959.0;?;?;-15
-1.0;11;-930.0;-975.0;-640.0;?;-17
9.0;?;-943.0;-984.0;-619.0;17;-23
10.0;1;-933.0;-971.0;?;-1;-18
?;-7;?;-962.0;-608.0;7;-18
10.0;-20;-934.0;?;-614.0;?;-17
?;-18;-935.0;-968.0;?;18;-13
1.0;-13;-931.0;-963.0;-648.0;13;-15
-3.0;?;-932.0;-963.0;-649.0;-16;-19
11.0;24;-937.0;-964.0;-671.0;?;-22
28.0;42;-939.0;-977.0;-701.0;-42;-15
24.0;8;-947.0;-968.0;-667.0;-8;-12
22.0;-34;-935.0;-972.0;-636.0;34;?
7.0;-14;?;-977.0;-631.0;?;?
10.0;-17;?;-984.0;-618.0;17;-17
23.0;3;-940.0;-984.0;-624.0;-3;-18
26.0;44;-941.0;?;-619.0;-44;-15
2.0;7;?;-980.0;-622.0;-7;-13
0.0;-34;-933.0;-969.0;-632.0;?;-14
9.0;?;-940.0;-967.0;-641.0;12;-19
20.0;15;-939.0;-956.0;-650.0;-15;-25
?;27;?;-961.0;-669.0;-27;?
5.0;25;-941.0;-965.0;-674.0;?;-17
-4.0;29;?;-977.0;-663.0;-29;?
18.0;3;-945.0;?;-653.0;-3;-16
-1.0;-1;-933.0;-975.0;-643.0;1;-16
12.0;37;-939.0;-972.0;-633.0;-37;-16
11.0;-3;-934.0;-957.0;-642.0;3;-19
2.0;?;-945.0;-959.0;-637.0;28;-17
17.0;-33;-942.0;?;-620.0;33;-18
32.0;-14;-939.0;-979.0;?;?;-23
33.0;39;-948.0;-967.0;-665.0;?;-20
6.0;20;-946.0;-960.0;-652.0;-20;-18
14.0;?;-946.0;-965.0;-660.0;-6;-12
38.0;-3;-952.0;-995.0;-670.0;3;-10
32.0;3;-946.0;-978.0;-668.0;-3;-22
?;14;-945.0;-963.0;-658.0;-14;?
39.0;-6;-935.0;?;-637.0;6;-16
-4.0;4;-940.0;-959.0;?;-4;-18
-8.0;-9;-935.0;-950.0;-627.0;9;-21
-9.0;-17;-939.0;-960.0;-617.0;17;-16
19.0;-3;-941.0;-968.0;-640.0;3;-18
12.0;-23;-940.0;-965.0;-635.0;23;-17
20.0;-16;-934.0;-958.0;-651.0;16;-19
22.0;23;-939.0;-960.0;-635.0;-23;-26
11.0;22;-949.0;-962.0;-647.0;-22;-19
28.0;9;?;-955.0;?;-9;-21
32.0;1;-945.0;-963.0;-665.0;-1;-27
15.0;-6;-956.0;?;?;6;?
15.0;-6;-941.0;-986.0;-607.0;6;-22
30.0;?;-938.0;-964.0;-614.0;?;?
21.0;-27;-940.0;-965.0;-610.0;27;-14
20.0;0;-943.0;-972.0;-602.0;0;-21
20.0;3;-934.0;-961.0;-627.0;-3;-18
44.0;8;-941.0;-959.0;-642.0;-8;-18
43.0;16;-941.0;?;-638.0;-16;-19
12.0;-4;?;?;?;4;-13
29.0;12;-946.0;-966.0;-659.0;-12;-17
4.0;?;-953.0;-975.0;-672.0;?;-22
16.0;20;-947.0;-977.0;-653.0;-20;-16
21.0;16;-946.0;-980.0;-628.0;-16;?
?;6;-950.0;?;-617.0;-6;-12
37.0;-16;-947.0;?;-615.0;16;-16
51.0;-10;-940.0;?;-626.0;10;-20
20.0;-7;-945.0;-975.0;-617.0;7;-19
?;1;-949.0;-977.0;-614.0;-1;-21
32.0;43;-934.0;-974.0;-633.0;-43;-23
30.0;50;?;-956.0;-662.0;-50;-17
20.0;14;?;-958.0;-667.0;-14;-13
30.0;-10;?;-973.0;-673.0;?;-16
29.0;-22;-946.0;-968.0;-650.0;?;-24
20.0;-8;-945.0;-974.0;-658.0;?;-19
19.0;29;?;-973.0;-658.0;-29;-10
23.0;29;-944.0;-973.0;-658.0;-29;-20
31.0;22;-943.0;-964.0;-654.0;-22;-22
53.0;35;-946.0;-959.0;-631.0;-35;-20
69.0;?;?;-968.0;-610.0;-9;-20
35.0;-2;-935.0;-973.0;-626.0;2;-11
36.0;15;-936.0;-966.0;-670.0;-15;-14
35.0;-31;-940.0;-961.0;-693.0;31;-25
32.0;-51;-947.0;-960.0;-694.0;?;-18
59.0;-20;-952.0;-971.0;-690.0;20;-14
60.0;-45;-954.0;-965.0;-656.0;45;-19
79.0;-39;-941.0;-962.0;-635.0;39;-20
63.0;5;-946.0;-966.0;-643.0;-5;-23
51.0;-5;-957.0;?;-637.0;5;-17
39.0;11;-954.0;?;-665.0;-11;?
33.0;-1;-948.0;-978.0;-651.0;1;-18
65.0;-38;-950.0;-972.0;-669.0;38;?
53.0;-23;?;-967.0;-644.0;23;-10
44.0;-17;-964.0;-974.0;-641.0;17;-23
65.0;?;-965.0;-974.0;-655.0;9;-26
58.0;5;-961.0;-972.0;-686.0;-5;-19
61.0;-1;-956.0;-954.0;?;1;-19
?;-6;-955.0;?;-694.0;6;-20
64.0;8;?;?;-645.0;-8;-19
62.0;16;-958.0;-988.0;-668.0;-16;-17
72.0;6;-961.0;-982.0;-698.0;-6;?
44.0;22;-961.0;-968.0;-732.0;-22;-18
50.0;51;?;?;-744.0;-51;-21
?;18;-957.0;-947.0;-729.0;-18;-19
60.0;-18;-961.0;-952.0;-756.0;18;-17
70.0;-7;-958.0;-958.0;-686.0;7;-22
?;2;-958.0;-983.0;-704.0;-2;-26
63.0;12;-957.0;-963.0;-734.0;-12;-16
69.0;-19;-955.0;-950.0;-743.0;19;-13
61.0;-33;-954.0;-959.0;-759.0;33;-19
57.0;9;-959.0;-964.0;?;-9;-15
?;6;-961.0;-955.0;-711.0;-6;-13
?;-6;-955.0;-982.0;-709.0;6;?
64.0;-6;-953.0;-974.0;-764.0;6;-23
60.0;-2;?;-962.0;?;2;-16
54.0;6;-961.0;-957.0;-773.0;?;-16
58.0;?;-956.0;?;-749.0;?;-21
38.0;-7;-956.0;-970.0;-730.0;7;-19
58.0;?;-955.0;-969.0;-750.0;-13;-21
78.0;?;-959.0;-960.0;-756.0;-11;-21
91.0;7;-961.0;-957.0;-765.0;-7;-19
?;37;-961.0;-957.0;-787.0;-37;-19
92.0;48;-958.0;-964.0;-774.0;-48;-12
79.0;38;-963.0;-975.0;-741.0;-38;?
68.0;41;-958.0;-972.0;-744.0;-41;-20
65.0;26;?;-969.0;-788.0;-26;-16
81.0;44;-955.0;-958.0;-790.0;?;-22
73.0;89;-954.0;?;-769.0;-89;-25
99.0;80;-956.0;-962.0;-768.0;-80;-20
?;78;-969.0;-963.0;-766.0;-78;-22
90.0;103;-967.0;?;-764.0;-103;-14
46.0;89;?;-953.0;-764.0;-89;-12
73.0;54;-989.0;-974.0;-839.0;-54;-20
109.0;0;-951.0;-970.0;-867.0;0;-18
129.0;-62;-950.0;-954.0;-811.0;62;-19
122.0;-57;?;-956.0;-786.0;57;-22
159.0;-16;-964.0;-962.0;-743.0;16;?
151.0;7;-985.0;-956.0;-684.0;-7;-27
124.0;39;-958.0;-972.0;-673.0;-39;-21
163.0;15;-991.0;?;-629.0;-15;-16
?;-17;-964.0;-993.0;-669.0;17;-19
210.0;14;-1000.0;-970.0;?;-14;-21
208.0;7;-954.0;-965.0;-699.0;-7;-21
180.0;?;-999.0;?;-794.0;?;-20
179.0;45;-1035.0;-976.0;-834.0;-45;-20
?;?;-1018.0;-990.0;-783.0;46;-16
228.0;-18;?;-991.0;-796.0;18;?
181.0;-3;-1004.0;-1009.0;-862.0;3;-16
181.0;2;-995.0;-969.0;-813.0;-2;-25
231.0;25;-995.0;-942.0;-810.0;-25;-24
240.0;11;-999.0;?;-769.0;-11;-17
244.0;18;-987.0;-952.0;-795.0;?;?
224.0;17;-967.0;-924.0;?;-17;?
233.0;-12;-1001.0;-934.0;?;12;-13
241.0;-19;-999.0;-946.0;-755.0;?;-22
215.0;-18;?;-965.0;-730.0;18;-19
242.0;-13;-982.0;-965.0;-731.0;13;-18
205.0;6;-993.0;-948.0;-719.0;-6;-31
225.0;?;?;-952.0;-743.0;-5;-27
224.0;24;-988.0;-961.0;-750.0;-24;?
221.0;72;-991.0;-975.0;-733.0;?;?
253.0;66;-987.0;-975.0;-722.0;-66;-8
246.0;-7;-982.0;-981.0;-761.0;7;-16
235.0;?;-996.0;-982.0;-763.0;39;-16
193.0;-46;-991.0;?;-738.0;46;-12
177.0;-97;-994.0;-997.0;-760.0;97;-18
206.0;-83;-990.0;-979.0;-753.0;83;-25
223.0;-30;-978.0;-964.0;-705.0;30;-23
213.0;-32;-988.0;-964.0;-664.0;32;-19
223.0;-39;-968.0;-963.0;-697.0;39;-18
212.0;-38;-977.0;-939.0;-714.0;38;-15
178.0;-41;-998.0;-955.0;-816.0;41;-17
?;-31;-964.0;-936.0;-990.0;31;-24
180.0;-24;-979.0;-936.0;-945.0;?;-23
157.0;3;-1007.0;-927.0;-880.0;-3;-25
167.0;15;-993.0;?;-784.0;-15;-31
172.0;-6;-974.0;?;?;6;-21
174.0;13;-1014.0;-1003.0;-605.0;-13;-12
192.0;-1;-991.0;-1012.0;-553.0;?;-15
170.0;-13;-994.0;-1022.0;-634.0;13;-16
138.0;6;-981.0;-991.0;-625.0;-6;-16
163.0;-6;-994.0;-987.0;?;6;-19
183.0;12;?;-993.0;?;-12;-15
188.0;12;?;-983.0;-698.0;-12;-18
?;7;-997.0;-969.0;-732.0;?;-16
143.0;42;-1007.0;-970.0;-768.0;-42;-9
182.0;60;-1003.0;-953.0;-769.0;-60;-17
?;38;-982.0;-937.0;-810.0;-38;-23
172.0;7;-968.0;-929.0;-803.0;-7;-16
146.0;16;?;-931.0;-782.0;-16;-17
163.0;?;-970.0;-948.0;-787.0;-33;-23
163.0;20;-979.0;-956.0;-796.0;-20;-17
162.0;2;-984.0;-947.0;-811.0;-2;-14
182.0;-16;-982.0;-945.0;-789.0;16;-19
173.0;-20;-987.0;-954.0;-766.0;20;-14
173.0;-10;-988.0;-952.0;-776.0;10;-11
?;-31;-982.0;-957.0;-768.0;31;-15
159.0;-12;-981.0;-973.0;-750.0;12;?
138.0;27;-984.0;-979.0;-740.0;?;-17
146.0;7;-987.0;-991.0;-755.0;-7;?
162.0;10;-980.0;-981.0;-717.0;-10;-15
?;17;-981.0;-973.0;-728.0;-17;-11
172.0;-14;-977.0;-976.0;-731.0;14;-20
153.0;-48;-988.0;-988.0;-734.0;48;?
185.0;-46;?;-995.0;?;46;-11
?;-9;-984.0;-993.0;-737.0;9;-18
153.0;-3;-984.0;-989.0;-727.0;3;-20
159.0;-7;-994.0;-999.0;-732.0;7;?
118.0;?;-994.0;-1036.0;-738.0;11;?
138.0;-33;-983.0;-1032.0;-743.0;33;-17
153.0;-26;-972.0;-994.0;-766.0;26;?
178.0;-16;-945.0;-975.0;?;16;-24
128.0;-34;-959.0;-960.0;-817.0;34;-20
129.0;-38;-970.0;-946.0;-804.0;38;-18
150.0;-48;-976.0;-938.0;-761.0;48;-18
171.0;-78;-980.0;-947.0;?;78;-13
137.0;-82;-969.0;-973.0;-777.0;82;-8
141.0;-80;-983.0;-986.0;-735.0;?;-7
92.0;-118;-965.0;?;-718.0;118;-15
82.0;-158;-980.0;-1006.0;-702.0;158;-14
104.0;?;-972.0;-995.0;?;125;-18
90.0;-75;-967.0;-977.0;-687.0;75;?
54.0;-60;-978.0;-971.0;-681.0;60;-20
47.0;-58;-974.0;-942.0;-706.0;?;-20
29.0;-69;-967.0;?;-699.0;69;-21
13.0;-22;-963.0;-948.0;-709.0;22;-20
-22.0;27;-980.0;?;-685.0;-27;-23
22.0;27;-989.0;-941.0;?;-27;-20
39.0;?;-984.0;-947.0;-695.0;-38;-16
71.0;?;?;-946.0;-690.0;-30;-14
49.0;25;-982.0;-939.0;-695.0;-25;-15
54.0;24;-984.0;-931.0;-675.0;?;-14
32.0;14;-978.0;?;-677.0;-14;-15
39.0;17;?;-931.0;-660.0;-17;-14
51.0;16;-953.0;-912.0;-621.0;?;-14
72.0;8;-975.0;-908.0;-625.0;-8;-17
81.0;-4;-968.0;-941.0;-610.0;4;-18
80.0;-2;-967.0;-929.0;-601.0;2;?
69.0;8;-987.0;-913.0;-596.0;-8;-16
59.0;17;-972.0;?;-573.0;-17;-15
67.0;17;-969.0;-901.0;-553.0;-17;-15
89.0;11;-967.0;-910.0;-550.0;-11;-25
?;36;-972.0;-916.0;-553.0;-36;-20
67.0;22;?;-926.0;-543.0;-22;-14
85.0;?;-972.0;-942.0;-531.0;13;-14
93.0;-18;-967.0;-930.0;-533.0;18;-14
?;?;-973.0;-917.0;-529.0;37;-23
89.0;-28;-973.0;-912.0;-511.0;?;-20
100.0;?;-964.0;-910.0;-506.0;-7;-17
84.0;18;-972.0;-915.0;-510.0;-18;-17
90.0;14;-972.0;?;?;-14;-18
90.0;5;-974.0;-924.0;-496.0;-5;-18
41.0;14;-972.0;-936.0;-497.0;?;-12
75.0;34;-971.0;-935.0;-479.0;-34;-16
79.0;39;-993.0;-956.0;?;-39;-18
68.0;38;-980.0;-956.0;-500.0;-38;?
63.0;36;-957.0;-914.0;-491.0;-36;-17
70.0;14;-972.0;-915.0;-484.0;-14;-17
?;-5;-975.0;-928.0;-481.0;5;-24
84.0;-5;-965.0;-921.0;-475.0;5;-21
56.0;-1;-966.0;-916.0;-457.0;1;-19
46.0;34;-969.0;-924.0;-456.0;-34;-19
?;28;-979.0;-934.0;-457.0;-28;-17
73.0;?;-974.0;-947.0;?;17;-19
71.0;-7;-970.0;-935.0;-441.0;7;?
71.0;-21;-974.0;-927.0;-429.0;21;-14
62.0;-14;-973.0;-926.0;-425.0;14;-16
30.0;31;-980.0;-927.0;-432.0;-31;-18
?;21;-978.0;-932.0;?;-21;-19
78.0;?;-970.0;-935.0;-414.0;-5;-21
62.0;14;-978.0;-927.0;?;-14;-21
71.0;13;-972.0;-933.0;-417.0;-13;-20
55.0;-7;?;-941.0;-418.0;7;-21
52.0;-1;?;-937.0;-420.0;1;-16
48.0;-12;-979.0;-932.0;-416.0;12;-11
62.0;-28;-974.0;-942.0;-419.0;28;-17
68.0;11;?;-930.0;-415.0;-11;-24
54.0;-7;-978.0;-937.0;-417.0;?;-20
49.0;?;-976.0;-929.0;-414.0;33;-20
60.0;?;?;-932.0;?;-12;-18
53.0;11;-974.0;?;?;-11;?
50.0;-6;-982.0;-940.0;-411.0;?;-21
60.0;15;-976.0;-937.0;-405.0;-15;-18
81.0;-3;-981.0;-929.0;-419.0;3;-15
60.0;-21;-974.0;?;-420.0;21;?
64.0;-16;-974.0;-939.0;-420.0;16;-15
80.0;-16;-985.0;-942.0;-426.0;16;-16
70.0;-16;?;-937.0;-429.0;16;-16
72.0;-24;-974.0;-933.0;-430.0;24;-16
90.0;?;-977.0;-936.0;-440.0;-17;-17
?;10;-979.0;-936.0;-450.0;-10;-17
90.0;-15;-976.0;-938.0;-457.0;15;-18
87.0;?;-977.0;-941.0;-458.0;-31;-18
79.0;30;-982.0;-940.0;-477.0;-30;-18
78.0;7;-975.0;-937.0;-480.0;-7;-18
66.0;4;-980.0;-931.0;-492.0;-4;-15
90.0;7;-976.0;-931.0;-491.0;-7;-15
74.0;3;-972.0;-938.0;-514.0;-3;-19
?;7;?;-941.0;-531.0;-7;?
81.0;45;-982.0;-941.0;?;-45;-19
91.0;34;?;-939.0;-584.0;-34;-23
80.0;-12;-964.0;-939.0;-573.0;12;-21
82.0;20;-975.0;?;-584.0;-20;-20
?;64;-975.0;-932.0;-607.0;-64;-15
?;36;-979.0;?;-611.0;-36;-15
95.0;16;-977.0;-941.0;-614.0;-16;?
114.0;24;-982.0;-936.0;-645.0;-24;-18
107.0;28;-978.0;-932.0;-650.0;?;?
97.0;26;?;-938.0;-656.0;-26;-25
111.0;28;-975.0;-932.0;-642.0;-28;-16
95.0;27;-981.0;-932.0;-650.0;-27;-17
100.0;18;?;-941.0;-646.0;-18;-13
77.0;9;-980.0;-947.0;-647.0;-9;?
92.0;2;-979.0;-942.0;?;-2;-20
113.0;11;-989.0;-942.0;-631.0;-11;-21
82.0;12;-982.0;-942.0;-616.0;-12;-20
92.0;-28;-984.0;-943.0;-608.0;28;-18
133.0;-44;-995.0;-958.0;-631.0;44;-17
104.0;-2;-994.0;-973.0;-642.0;2;-14
87.0;24;-992.0;-953.0;-663.0;-24;-18
126.0;12;-996.0;-956.0;-663.0;-12;-21
97.0;33;-986.0;?;-653.0;-33;-17
87.0;49;-972.0;-956.0;-672.0;-49;-14
126.0;43;-981.0;-934.0;-650.0;-43;?
121.0;79;-982.0;?;-663.0;-79;-15
118.0;55;-979.0;-940.0;?;-55;-18
132.0;7;-989.0;-943.0;?;-7;?
70.0;?;-982.0;-947.0;-648.0;?;-19
106.0;17;-983.0;?;-636.0;-17;-22
85.0;17;-1013.0;?;-630.0;-17;-20
132.0;7;-964.0;-948.0;-603.0;-7;?
153.0;13;-974.0;-945.0;-615.0;-13;-15
132.0;29;?;-948.0;?;-29;-11
123.0;27;-987.0;-945.0;-620.0;-27;-16
151.0;28;-977.0;?;?;-28;-16
116.0;-14;-975.0;-972.0;-664.0;14;-20
130.0;-34;-983.0;-969.0;-624.0;34;-21
155.0;?;-988.0;?;?;-3;-18
146.0;-4;-990.0;-936.0;?;?;-22
129.0;-28;-976.0;?;?;28;-20
158.0;-18;?;-936.0;-610.0;18;-14
148.0;-18;-985.0;-954.0;-633.0;18;-13
150.0;-8;-980.0;-954.0;-624.0;8;-14
131.0;-14;-991.0;-948.0;-642.0;14;-13
125.0;-27;-995.0;-952.0;-655.0;27;-14
141.0;?;-985.0;-950.0;-640.0;5;?
150.0;5;-993.0;-956.0;-654.0;-5;-28
143.0;6;-980.0;-961.0;-705.0;-6;-21
142.0;-2;-1009.0;?;-729.0;2;-17
152.0;-5;-994.0;-961.0;?;5;-18
163.0;?;?;-964.0;-646.0;9;-18
158.0;-28;?;?;-644.0;28;-21
143.0;?;-978.0;-971.0;?;28;-21
?;-29;-992.0;?;-650.0;29;-20
156.0;-24;-983.0;-976.0;-663.0;24;?
156.0;-36;-971.0;-958.0;?;36;-19
118.0;-49;-956.0;-954.0;-681.0;49;-14
163.0;-50;?;-935.0;-774.0;50;-12
147.0;-103;-948.0;-930.0;-778.0;103;-16
139.0;-131;-994.0;-953.0;-784.0;131;?
118.0;-80;-1039.0;-944.0;-899.0;80;-18
?;-62;-994.0;-954.0;-964.0;62;-17
125.0;-71;-932.0;-967.0;-968.0;71;-12
71.0;-61;-997.0;-966.0;-996.0;61;-15
91.0;-69;-1024.0;-954.0;?;69;?
61.0;-67;-994.0;-980.0;-856.0;67;-21
72.0;-54;-993.0;-981.0;-861.0;54;-23
71.0;-46;-973.0;-954.0;-771.0;46;?
68.0;-38;-941.0;-913.0;-603.0;38;-18
49.0;-28;-953.0;-917.0;-790.0;28;-17
84.0;-23;-973.0;-924.0;-784.0;23;-19
66.0;-42;-960.0;-916.0;?;42;-21
73.0;?;?;-962.0;-782.0;20;-20
43.0;-8;-998.0;-975.0;-866.0;8;-25
55.0;0;-965.0;-1001.0;-880.0;?;-23
44.0;47;-967.0;-987.0;-946.0;?;-17
18.0;12;-970.0;-1001.0;-980.0;-12;-22
49.0;-23;-955.0;-1015.0;-929.0;23;-22
67.0;-11;-940.0;-1006.0;?;?;-17
72.0;-21;-971.0;-977.0;-954.0;21;-22
71.0;-28;-959.0;-936.0;-949.0;?;-22
61.0;-19;-958.0;-925.0;-975.0;19;-12
?;?;-949.0;-935.0;-969.0;-3;-15
59.0;-2;-961.0;-940.0;-921.0;2;-23
?;-2;?;-959.0;-876.0;2;-22
39.0;3;-942.0;-956.0;-895.0;-3;-21
42.0;-17;-941.0;-924.0;-884.0;17;?
57.0;10;-944.0;-894.0;-867.0;-10;-14
59.0;30;-946.0;-896.0;-840.0;-30;-16
72.0;-27;-929.0;-854.0;?;27;-16
73.0;-47;?;-871.0;-872.0;47;-15
60.0;?;-955.0;-887.0;-891.0;24;-18
92.0;-27;-946.0;-944.0;-910.0;27;-17
68.0;-1;-954.0;?;-919.0;1;-17
66.0;16;-947.0;?;?;-16;-20
98.0;-18;?;-991.0;-943.0;18;-23
93.0;1;-958.0;-970.0;-955.0;?;?
61.0;26;-955.0;-946.0;-930.0;-26;-18
82.0;-6;-959.0;?;-936.0;6;-22
80.0;-9;-957.0;-947.0;-936.0;9;-21
96.0;4;-960.0;-952.0;-925.0;-4;-24
78.0;4;-958.0;-955.0;-921.0;-4;-21
57.0;-16;-952.0;-956.0;-919.0;16;-14
79.0;-26;-955.0;-973.0;-922.0;26;-17
62.0;-17;-958.0;-981.0;-929.0;17;-22
86.0;?;-954.0;?;-923.0;19;-22
51.0;-4;-953.0;-945.0;-909.0;4;-17
71.0;-22;-952.0;-935.0;-909.0;22;-13
76.0;-14;-953.0;-938.0;-920.0;14;-18
70.0;30;-957.0;-956.0;-918.0;?;-18
71.0;7;-954.0;-951.0;-912.0;-7;-13
72.0;8;-960.0;?;-921.0;-8;-17
61.0;28;-956.0;-965.0;-917.0;-28;-16
71.0;-7;-956.0;-962.0;-929.0;?;?
51.0;-10;-953.0;-957.0;-922.0;?;-19
49.0;4;-955.0;-947.0;-913.0;-4;-14
45.0;-16;-950.0;-951.0;-911.0;16;-18
?;-1;-954.0;-957.0;-923.0;1;-19
51.0;9;-954.0;-959.0;?;-9;-14
77.0;4;-958.0;-965.0;-922.0;-4;?
68.0;3;-953.0;-954.0;-923.0;-3;-16
72.0;-5;-948.0;-945.0;-920.0;?;-8
71.0;4;-951.0;-955.0;?;-4;-19
66.0;-1;-952.0;?;-916.0;1;-18
?;-9;?;-954.0;-916.0;?;-14
68.0;0;-954.0;-961.0;-919.0;0;-17
72.0;7;-956.0;-961.0;-918.0;-7;-14
70.0;4;?;-955.0;-914.0;-4;-15
72.0;-5;-954.0;-958.0;-931.0;5;-21
61.0;-6;-957.0;-950.0;?;6;-26
71.0;-7;-952.0;-955.0;-920.0;?;-23
61.0;-3;-955.0;-952.0;?;3;-13
73.0;-9;-953.0;-955.0;-919.0;9;-17
81.0;-16;-956.0;?;-917.0;16;-22
80.0;-15;?;-960.0;-923.0;15;?
67.0;-29;-955.0;-958.0;-919.0;?;?
80.0;-9;-951.0;-954.0;-915.0;9;-20
?;0;?;-959.0;?;0;-22
77.0;-33;-954.0;-954.0;-920.0;33;-27
93.0;-15;-954.0;?;-926.0;15;?
100.0;7;-952.0;-951.0;-928.0;-7;-16
78.0;-14;-951.0;-945.0;-926.0;14;-16
106.0;-3;-956.0;-953.0;-923.0;3;-23
?;24;-955.0;-952.0;-925.0;-24;-23
81.0;28;-956.0;-954.0;-932.0;-28;-16
81.0;38;-953.0;?;-928.0;-38;-24
91.0;40;-954.0;-966.0;-934.0;-40;-26
91.0;20;-958.0;-958.0;?;-20;-17
103.0;-11;-950.0;-950.0;-946.0;11;-22
126.0;8;-947.0;-941.0;-950.0;-8;-18
140.0;25;-956.0;-935.0;-902.0;-25;?
132.0;5;-955.0;-957.0;-927.0;-5;-34
128.0;60;-927.0;-949.0;-847.0;-60;-25
118.0;158;-946.0;-968.0;-830.0;-158;-23
104.0;263;-959.0;-973.0;-903.0;-263;?
133.0;340;-962.0;-941.0;-860.0;-340;-20
140.0;310;-962.0;-939.0;-853.0;-310;-18
191.0;208;-968.0;-951.0;-821.0;-208;-3
126.0;83;-959.0;?;?;-83;-5
102.0;-33;-938.0;-933.0;-700.0;33;-5
99.0;-60;-954.0;-964.0;-710.0;60;-10
60.0;-6;?;-970.0;-669.0;6;-34
110.0;?;-965.0;-985.0;-703.0;-55;-33
132.0;72;-971.0;-975.0;-758.0;-72;-14
136.0;28;?;-967.0;-805.0;-28;-5
230.0;9;-975.0;-985.0;-847.0;-9;-2
215.0;18;-1020.0;-980.0;-883.0;-18;-11
?;-2;-1081.0;-978.0;-736.0;2;-28
?;9;-1038.0;-1000.0;?;-9;-24
182.0;37;-978.0;-1025.0;?;-37;-16
214.0;28;-1010.0;-1019.0;-493.0;-28;-15
207.0;32;-1005.0;-1008.0;-504.0;?;-12
?;?;?;-991.0;-496.0;-11;-18
179.0;-3;-1014.0;-965.0;-528.0;3;-17
194.0;15;-972.0;-936.0;-564.0;-15;-10
208.0;-13;-963.0;-939.0;-573.0;13;-23
173.0;-12;-966.0;-922.0;?;12;-23
209.0;-3;-965.0;-931.0;-571.0;?;-18
?;-3;-978.0;-939.0;-579.0;3;-23
162.0;6;?;?;-609.0;?;-27
173.0;17;-981.0;-972.0;-598.0;-17;-27
209.0;38;-972.0;-980.0;?;-38;-17
230.0;14;-968.0;-970.0;?;-14;-14
190.0;1;-965.0;-982.0;-601.0;-1;-11
174.0;?;-982.0;-989.0;-596.0;20;-13
204.0;-35;?;-984.0;-591.0;35;-20
212.0;5;-974.0;-987.0;-578.0;-5;-19
220.0;-17;-978.0;-989.0;-582.0;17;-16
212.0;-65;-1003.0;-993.0;-578.0;65;-17
204.0;-72;-1001.0;?;-568.0;72;-18
225.0;-72;-985.0;?;-554.0;72;-19
200.0;-72;-978.0;-977.0;?;72;-22
181.0;?;-967.0;-980.0;-600.0;82;-22
200.0;-101;-978.0;-961.0;-602.0;101;-15
193.0;-122;-963.0;-962.0;-600.0;122;-12
172.0;-155;-966.0;-969.0;-616.0;?;?
161.0;-127;-996.0;-980.0;-639.0;127;-24
152.0;-65;?;?;-623.0;65;-20
166.0;-60;-982.0;-968.0;?;?;-21
?;-32;?;-958.0;-619.0;32;-21
147.0;14;-989.0;-958.0;-616.0;-14;-17
?;?;-984.0;-973.0;-622.0;32;-16
?;-75;-998.0;-968.0;-621.0;75;-23
100.0;-32;?;?;-612.0;32;-25
52.0;-16;-992.0;-969.0;-636.0;16;-21
56.0;-18;-1009.0;-971.0;-613.0;18;-22
79.0;38;-991.0;-933.0;-590.0;-38;-14
115.0;33;-981.0;-916.0;-574.0;-33;-12
131.0;1;?;-945.0;-516.0;-1;-20
124.0;4;-978.0;-987.0;-503.0;-4;-17
102.0;?;-973.0;-1034.0;?;?;-13
101.0;-17;-979.0;-1024.0;-434.0;17;-17
101.0;?;-997.0;-1024.0;-401.0;-8;-16
?;4;-999.0;-1025.0;-407.0;-4;-17
73.0;24;-984.0;-989.0;-392.0;-24;?
94.0;25;-979.0;-977.0;-374.0;-25;-17
89.0;?;?;-960.0;-373.0;3;-14
95.0;-7;-966.0;-936.0;-372.0;7;-15
98.0;-6;-963.0;-939.0;?;6;-18
63.0;-1;-975.0;?;-365.0;1;-19
84.0;3;-1015.0;-959.0;-362.0;-3;-20
93.0;?;-992.0;-979.0;-364.0;18;-19
81.0;-19;-986.0;-973.0;?;19;-15
103.0;-1;-1005.0;-978.0;-370.0;1;-18
?;14;-975.0;-970.0;-392.0;-14;-19
?;9;-979.0;-960.0;-385.0;-9;-16
82.0;-23;-996.0;-962.0;-380.0;23;-15
90.0;-16;-973.0;-969.0;-376.0;16;?
110.0;7;-986.0;-962.0;-373.0;-7;-21
?;?;-983.0;-958.0;-381.0;?;-23
79.0;-46;-977.0;-960.0;-361.0;46;?
86.0;3;-985.0;-967.0;-378.0;-3;-16
82.0;13;-978.0;-973.0;?;?;-21
66.0;-17;-978.0;-961.0;-374.0;17;-18
97.0;-14;-975.0;-957.0;-378.0;14;-23
91.0;26;-979.0;-958.0;-384.0;-26;-18
107.0;?;?;?;-393.0;?;-11
82.0;-33;-976.0;-960.0;-385.0;33;-18
71.0;-12;-982.0;-957.0;-374.0;12;-24
100.0;5;-984.0;-968.0;-381.0;?;-22
78.0;-1;-978.0;-974.0;?;1;-17
84.0;?;-979.0;?;-360.0;25;-18
112.0;-11;-985.0;-964.0;-376.0;11;?
82.0;?;-980.0;-968.0;-370.0;-24;?
101.0;13;-979.0;?;-364.0;-13;-21
110.0;5;?;-964.0;-376.0;-5;-19
100.0;16;-986.0;-967.0;-375.0;-16;-19
?;5;-983.0;-970.0;-375.0;-5;-22
92.0;-12;-984.0;-969.0;-369.0;12;-26
91.0;2;-980.0;-960.0;-375.0;-2;-21
109.0;15;-985.0;-967.0;-376.0;-15;-16
104.0;-13;-969.0;?;-373.0;13;-19
108.0;-34;-982.0;-968.0;-372.0;34;-16
96.0;-2;-980.0;-968.0;-374.0;2;-12
80.0;0;-984.0;-968.0;-372.0;0;-17
110.0;-3;-984.0;-962.0;-370.0;3;-21
109.0;-8;-983.0;-968.0;?;8;-21
113.0;-19;?;-971.0;?;19;-20
100.0;25;-985.0;-976.0;-365.0;-25;-18
?;-5;-986.0;-968.0;-370.0;5;?
101.0;-21;-982.0;-963.0;-373.0;?;-15
92.0;6;-986.0;-964.0;?;-6;?
115.0;-16;-986.0;?;-381.0;16;-16
114.0;11;-980.0;?;-379.0;-11;-16
96.0;21;-983.0;-969.0;?;-21;-17
123.0;12;-987.0;-970.0;-378.0;-12;-14
111.0;-9;-980.0;-967.0;-385.0;9;?
119.0;?;-988.0;-966.0;-389.0;?;-19
89.0;6;-985.0;-962.0;-387.0;-6;-18
104.0;7;-978.0;-966.0;-393.0;-7;?
116.0;3;-983.0;-964.0;-397.0;-3;?
126.0;8;-986.0;?;-397.0;-8;-17
97.0;27;-982.0;?;-397.0;-27;-19
104.0;36;-1000.0;-961.0;-411.0;-36;-18
121.0;16;?;-973.0;-412.0;-16;-13
130.0;32;-992.0;-965.0;-423.0;-32;-18
?;55;-1019.0;-955.0;-443.0;-55;-25
121.0;63;-976.0;-946.0;?;-63;-24
?;55;-963.0;-947.0;-538.0;-55;-26
126.0;50;-1006.0;-951.0;-511.0;-50;?
151.0;49;-973.0;-942.0;-535.0;-49;-6
127.0;13;-971.0;-933.0;-523.0;-13;-25
139.0;5;-999.0;-929.0;-537.0;-5;-19
161.0;26;-1001.0;-943.0;-534.0;-26;-7
171.0;5;?;-951.0;-505.0;-5;-17
150.0;?;-1001.0;-954.0;-476.0;4;-17
143.0;-5;-972.0;-970.0;-470.0;?;-17
165.0;?;-998.0;-975.0;?;29;-22
?;2;-1003.0;-992.0;-473.0;-2;?
170.0;8;-991.0;-1011.0;-487.0;-8;-18
162.0;-21;-992.0;-1004.0;?;21;-16
181.0;11;-978.0;-995.0;-535.0;-11;-15
134.0;27;-1021.0;-998.0;-558.0;?;-15
143.0;18;-998.0;-984.0;-575.0;-18;-20
128.0;7;?;-980.0;-597.0;-7;-19
103.0;-20;-993.0;-971.0;-613.0;20;-21
141.0;-27;-989.0;-963.0;-589.0;27;-21
144.0;-27;-982.0;-964.0;-587.0;27;?
117.0;0;-984.0;-966.0;-585.0;0;-18
125.0;44;-978.0;?;-586.0;-44;-12
136.0;-5;-987.0;-984.0;-581.0;5;-10
119.0;-15;-979.0;-971.0;-601.0;15;-19
120.0;?;-971.0;-971.0;-604.0;?;-20
141.0;13;-980.0;-965.0;-610.0;-13;-12
141.0;-5;-980.0;-950.0;-620.0;5;-11
148.0;-19;?;-955.0;-626.0;19;-16
163.0;-33;-967.0;-947.0;-616.0;33;-21
136.0;6;-987.0;-957.0;-574.0;-6;-18
121.0;24;-983.0;-970.0;-554.0;-24;-16
121.0;-19;-984.0;-997.0;-565.0;19;-20
143.0;-31;?;-987.0;-557.0;31;-18
?;-7;-978.0;-980.0;-571.0;7;-20
134.0;-14;-999.0;-966.0;-577.0;14;-22
140.0;-9;-980.0;-968.0;-604.0;9;-17
114.0;?;-1002.0;?;-576.0;-5;-12
129.0;?;-990.0;-971.0;-597.0;17;-17
103.0;-20;?;-957.0;-585.0;20;-23
126.0;1;?;-967.0;-595.0;-1;-17
136.0;13;-991.0;?;?;-13;-20
177.0;?;-985.0;-970.0;-632.0;-36;-21
132.0;19;-994.0;?;-637.0;-19;-8
128.0;-6;-1002.0;-959.0;-603.0;6;-15
146.0;?;-971.0;?;-567.0;-7;-29
157.0;-22;-987.0;-976.0;-554.0;22;-17
172.0;-9;-983.0;-972.0;-539.0;9;-13
192.0;19;-983.0;-974.0;-556.0;-19;-22
168.0;4;-1000.0;-975.0;-562.0;-4;-18
135.0;5;-981.0;-968.0;-574.0;-5;-17
176.0;-6;?;-953.0;?;?;-19
168.0;2;-982.0;-931.0;-701.0;-2;-18
164.0;?;-965.0;-933.0;-821.0;35;-20
189.0;-59;-985.0;-955.0;-901.0;59;-19
144.0;-69;-1002.0;-998.0;-965.0;69;-20
?;-144;-1033.0;-1022.0;-914.0;144;-23
169.0;-144;-1018.0;-1021.0;-869.0;144;-17
148.0;-137;-966.0;-1003.0;?;137;-14
103.0;-114;-1032.0;-992.0;-754.0;114;-17
117.0;-38;-979.0;-998.0;-704.0;38;-21
128.0;-17;-985.0;-978.0;-712.0;17;-21
119.0;?;-976.0;-967.0;-623.0;36;-18
104.0;-75;?;-956.0;?;75;?
100.0;-72;-976.0;-972.0;-630.0;72;-19
?;-25;-986.0;-965.0;-629.0;25;-16
106.0;-3;-978.0;-948.0;-685.0;3;?
151.0;-6;-971.0;-938.0;-704.0;6;-18
99.0;3;-937.0;-905.0;-646.0;-3;-18
82.0;19;-934.0;-919.0;-1082.0;-19;-21
102.0;2;-1010.0;-951.0;-971.0;-2;-23
116.0;-8;-954.0;-952.0;-1071.0;8;-22
76.0;-23;-934.0;-983.0;-967.0;23;-20
101.0;-25;-954.0;-1032.0;-936.0;25;-16
97.0;22;-955.0;-1005.0;-965.0;-22;-16
72.0;18;-947.0;?;-946.0;-18;-24
106.0;-8;-940.0;-961.0;-948.0;8;-22
111.0;-1;-947.0;-959.0;-950.0;1;-17
104.0;9;-942.0;-934.0;-932.0;-9;-20
82.0;28;-944.0;-921.0;-934.0;-28;-21
81.0;?;-934.0;-934.0;-932.0;-29;-22
72.0;18;?;-938.0;-940.0;-18;-19
101.0;13;-950.0;-947.0;-955.0;-13;-15
91.0;-4;-958.0;-958.0;-962.0;4;-17
116.0;-17;-951.0;?;-945.0;17;-19
101.0;-5;-950.0;-949.0;-935.0;5;-20
?;-3;-950.0;-939.0;-922.0;3;-18
86.0;-21;?;?;-915.0;21;-17
94.0;-25;-945.0;-948.0;-918.0;25;-18
?;10;-947.0;-951.0;?;-10;-13
81.0;11;-950.0;-959.0;-927.0;-11;-16
83.0;-6;-941.0;-952.0;-920.0;6;-25
66.0;24;-939.0;-946.0;-915.0;-24;-15
66.0;10;-955.0;-958.0;?;-10;-16
87.0;-15;-954.0;?;-929.0;15;-20
93.0;-20;-948.0;-957.0;-929.0;20;-14
62.0;-25;-935.0;?;-923.0;25;-14
81.0;14;-936.0;-959.0;-916.0;-14;-20
70.0;32;-941.0;-957.0;?;-32;-25
72.0;9;?;-960.0;-927.0;-9;-23
69.0;8;-964.0;-949.0;-926.0;-8;-27
75.0;1;-944.0;-945.0;?;-1;-23
61.0;9;-941.0;-951.0;-929.0;-9;?
60.0;18;-956.0;-957.0;-934.0;-18;-17
85.0;-23;-949.0;-945.0;-921.0;23;-21
80.0;-9;-944.0;-947.0;-920.0;9;-19
?;4;-943.0;-957.0;-918.0;-4;-19
80.0;-3;-943.0;-956.0;-915.0;3;-19
101.0;16;-942.0;-949.0;-914.0;-16;-19
107.0;-13;-940.0;-942.0;-910.0;13;-14
114.0;-14;-943.0;-945.0;-915.0;14;-13
92.0;-3;-947.0;-945.0;?;?;-23
100.0;-27;-941.0;-946.0;-904.0;27;-25
91.0;-6;-950.0;-940.0;?;6;-18
103.0;3;?;-965.0;-954.0;-3;-20
119.0;-18;-964.0;-976.0;-949.0;18;-22
85.0;32;-951.0;-965.0;-933.0;-32;-15
88.0;54;-956.0;?;-939.0;-54;-20
?;23;-959.0;-964.0;-933.0;-23;-23
78.0;1;-951.0;-949.0;?;-1;-15
83.0;19;-951.0;-949.0;-929.0;-19;-18
110.0;?;-947.0;-950.0;-932.0;-59;-18
134.0;39;-944.0;-959.0;-946.0;-39;?
111.0;?;-941.0;?;-978.0;?;-18
143.0;81;-951.0;?;-1044.0;-81;-23
?;94;-943.0;-899.0;?;?;-23
153.0;170;-947.0;-911.0;-986.0;-170;-28
163.0;173;-959.0;-923.0;-906.0;-173;-21
180.0;170;-957.0;-910.0;-884.0;-170;-13
144.0;142;-953.0;-915.0;?;-142;-16
91.0;35;-955.0;-958.0;-796.0;-35;-13
79.0;-47;-956.0;-974.0;-785.0;47;-17
62.0;-17;-935.0;-956.0;-770.0;17;-30
102.0;105;?;-969.0;-787.0;-105;-25
119.0;150;-977.0;-960.0;-791.0;-150;-16
136.0;144;-1018.0;-980.0;-814.0;-144;-17
207.0;121;-1016.0;-983.0;-826.0;-121;-13
214.0;47;-1027.0;-971.0;-749.0;-47;-16
?;-5;-986.0;-990.0;-587.0;5;-26
182.0;-25;-966.0;-1025.0;-511.0;25;-21
166.0;-22;-1010.0;-1049.0;-476.0;22;-16
181.0;18;-1022.0;-1033.0;-450.0;-18;-16
?;19;-992.0;-1021.0;-472.0;-19;-12
190.0;-21;-991.0;-984.0;?;21;-18
185.0;-28;-983.0;-941.0;-475.0;28;?
162.0;-27;-964.0;-935.0;-529.0;27;-23
172.0;?;-965.0;-924.0;-551.0;23;-17
154.0;-8;-970.0;-910.0;-565.0;8;-18
194.0;10;-978.0;-939.0;-604.0;-10;-21
?;2;-978.0;-955.0;-607.0;?;-21
187.0;-26;-986.0;?;-568.0;26;-19
189.0;-35;-971.0;-977.0;-599.0;35;-19
179.0;-41;-987.0;-982.0;-556.0;41;-23
186.0;-7;-972.0;-975.0;-559.0;7;-19
169.0;-21;?;-984.0;-548.0;21;-14
175.0;-72;-978.0;-994.0;-532.0;72;-22
204.0;?;?;-990.0;-529.0;61;-25
194.0;-74;-989.0;-996.0;-506.0;74;-23
191.0;-39;-977.0;-1010.0;-521.0;39;-23
193.0;-23;-980.0;-998.0;-562.0;23;-20
183.0;-51;-987.0;-980.0;-566.0;51;-20
164.0;-27;-988.0;-976.0;-557.0;27;-18
142.0;-53;-977.0;-967.0;-559.0;53;-10
153.0;-77;-969.0;?;-566.0;77;-15
175.0;?;-980.0;-954.0;-585.0;53;-22
177.0;-31;-974.0;-930.0;-621.0;31;-21
168.0;-30;-953.0;-943.0;-634.0;30;-19
192.0;-27;?;-956.0;-628.0;27;-20
165.0;-6;-1007.0;?;-626.0;6;-21
?;-27;-983.0;-980.0;-618.0;27;-14
145.0;-44;-988.0;-983.0;-586.0;44;-14
153.0;-37;?;-975.0;-587.0;37;-19
129.0;-55;-993.0;-985.0;-600.0;55;-17
135.0;-71;-1000.0;-995.0;-556.0;71;-14
135.0;-72;-996.0;-985.0;-584.0;72;?
?;-60;-985.0;?;-547.0;60;-21
133.0;-32;-972.0;-980.0;-530.0;32;-19
133.0;-9;-1013.0;-981.0;?;9;-15
91.0;9;?;-969.0;-498.0;-9;-16
121.0;16;?;-964.0;-477.0;-16;-17
100.0;6;-979.0;-957.0;-450.0;-6;-18
97.0;7;-994.0;-957.0;-430.0;-7;-21
73.0;-4;-993.0;-963.0;-425.0;4;-20
108.0;-20;-977.0;-981.0;-407.0;20;-13
96.0;-17;-985.0;-979.0;-398.0;17;-17
?;-27;?;-966.0;-394.0;27;?
112.0;-16;-968.0;-972.0;-370.0;16;-24
105.0;?;-964.0;-977.0;-370.0;-14;-15
101.0;-22;-967.0;-979.0;-366.0;22;-13
?;-30;-972.0;-967.0;-369.0;30;-19
97.0;7;-981.0;-967.0;-377.0;-7;-22
96.0;?;-981.0;-964.0;?;?;-19
80.0;25;-977.0;?;-391.0;-25;?
108.0;?;-975.0;-950.0;-389.0;-5;-16
?;-19;-958.0;-958.0;-404.0;?;-16
111.0;16;-974.0;?;-399.0;-16;-20
?;1;-983.0;-952.0;-397.0;-1;-18
118.0;-18;-969.0;?;?;18;-13
101.0;17;-967.0;?;-400.0;-17;-16
114.0;33;-964.0;-951.0;?;-33;-18
126.0;24;-968.0;?;?;-24;-18
107.0;30;-975.0;?;-374.0;-30;-17
95.0;26;-985.0;-985.0;-378.0;-26;-13
97.0;-1;-977.0;-963.0;-380.0;1;-15
124.0;-27;-976.0;-959.0;-393.0;27;?
111.0;-20;-982.0;-965.0;?;?;?
113.0;-18;-986.0;-965.0;-414.0;18;-18
115.0;-14;-984.0;-957.0;-417.0;14;-18
?;-18;-982.0;-958.0;-410.0;18;-22
110.0;-21;-978.0;-954.0;-412.0;21;-23
132.0;?;-971.0;?;-408.0;-15;-18
?;-6;-973.0;-970.0;-399.0;?;-19
131.0;-2;-973.0;-969.0;-392.0;2;-19
112.0;25;-977.0;-957.0;-401.0;-25;-18
132.0;?;-970.0;-965.0;?;17;-16
103.0;-19;-968.0;-963.0;-400.0;19;-12
90.0;-18;-971.0;-964.0;-400.0;18;-20
116.0;0;-971.0;-965.0;-397.0;0;-21
?;12;-971.0;-966.0;-394.0;-12;?
110.0;-21;-966.0;-966.0;-393.0;21;-22
103.0;-17;-971.0;-959.0;?;17;-21
116.0;-7;-959.0;-963.0;-392.0;7;-23
107.0;7;-975.0;-963.0;-392.0;-7;-21
114.0;22;?;-967.0;-387.0;-22;-17
?;8;-979.0;-970.0;?;-8;-19
121.0;?;-973.0;-964.0;?;20;-19
111.0;-17;-975.0;-964.0;-390.0;17;-21
132.0;6;-979.0;-962.0;-393.0;-6;-22
110.0;-11;-972.0;-967.0;?;11;-19
?;-8;-975.0;-966.0;-383.0;8;-18
115.0;?;-964.0;-966.0;-387.0;-4;-18
133.0;-18;-974.0;-962.0;-391.0;18;-17
112.0;-7;-973.0;-972.0;-392.0;7;-18
?;0;-980.0;-961.0;-387.0;0;-18
131.0;-14;-971.0;-963.0;?;14;?
124.0;10;-975.0;-971.0;-389.0;-10;-24
131.0;11;-975.0;-962.0;-385.0;-11;-26
141.0;8;-976.0;-958.0;-381.0;-8;?
125.0;27;-977.0;-963.0;-380.0;-27;-14
146.0;-14;-977.0;-968.0;?;?;-19
?;-31;-976.0;-966.0;-379.0;31;-19
120.0;-6;-979.0;-967.0;-379.0;?;-21
103.0;-8;-973.0;-966.0;-382.0;8;-24
111.0;?;-976.0;-966.0;-379.0;?;-20
112.0;-5;-976.0;-961.0;?;5;-20
144.0;-6;-982.0;-963.0;-383.0;6;?
141.0;?;-973.0;-969.0;-381.0;9;-18
141.0;-22;-980.0;?;-379.0;22;-19
128.0;-10;-976.0;-960.0;-381.0;?;-19
117.0;?;-975.0;-963.0;-386.0;-5;-18
?;-14;-978.0;-969.0;-382.0;14;-19
?;-13;-975.0;-962.0;?;13;-19
133.0;?;-980.0;-970.0;-386.0;-2;-19
130.0;-17;-977.0;?;-383.0;?;-18
136.0;-26;-978.0;-962.0;-379.0;26;?
115.0;?;-973.0;-960.0;?;17;-23
111.0;-18;-978.0;-963.0;-377.0;18;-24
109.0;?;-979.0;-966.0;-381.0;0;-18
139.0;6;-976.0;-967.0;-387.0;-6;-14
152.0;6;?;-970.0;-384.0;-6;-18
?;-12;-979.0;-968.0;-387.0;12;-20
124.0;-16;-978.0;-964.0;-389.0;16;-12
150.0;41;-977.0;-964.0;-389.0;-41;-14
119.0;34;-986.0;-961.0;-391.0;?;-26
138.0;6;-976.0;?;-393.0;-6;-23
142.0;23;-975.0;-971.0;-386.0;-23;-13
?;12;-978.0;-966.0;-391.0;-12;-17
136.0;-5;-979.0;-963.0;-391.0;5;-18
138.0;0;-974.0;-973.0;-396.0;0;-20
132.0;28;-980.0;-966.0;-398.0;-28;-26
120.0;?;-977.0;-967.0;-403.0;-39;-7
112.0;23;-975.0;-971.0;-400.0;-23;-7
140.0;45;-977.0;?;-402.0;-45;-26
?;?;-973.0;-960.0;-405.0;-71;-17
132.0;38;-975.0;-964.0;-407.0;-38;-18
112.0;24;-975.0;-970.0;-405.0;-24;?
111.0;54;-976.0;-962.0;-410.0;-54;-7
133.0;?;-977.0;-960.0;-415.0;-39;-12
156.0;30;-982.0;-968.0;-429.0;-30;-11
170.0;59;-976.0;-957.0;-442.0;-59;-11
178.0;45;-949.0;-951.0;-455.0;-45;-19
170.0;36;-972.0;-951.0;?;-36;-12
163.0;33;-979.0;-926.0;-469.0;-33;-14
194.0;10;?;-924.0;-482.0;-10;?
186.0;?;-1000.0;-924.0;-464.0;-6;-11
205.0;6;-1004.0;-920.0;-449.0;-6;-20
176.0;-10;-970.0;-940.0;-459.0;10;-20
208.0;-21;-989.0;-952.0;-445.0;21;-28
199.0;19;-991.0;-969.0;-432.0;-19;-27
176.0;31;-999.0;-980.0;-447.0;-31;-16
?;-30;-1016.0;-979.0;-432.0;30;-19
171.0;-24;-999.0;?;-464.0;24;-15
182.0;20;-1020.0;-977.0;-471.0;-20;-21
233.0;-17;-1003.0;-980.0;-485.0;17;-21
?;-35;-989.0;-978.0;-495.0;35;-23
160.0;4;-985.0;-976.0;-505.0;-4;-29
231.0;16;-1024.0;?;-496.0;-16;-16
167.0;8;-1018.0;-1013.0;-513.0;-8;-11
182.0;-17;-990.0;-991.0;-477.0;17;-18
172.0;-38;-972.0;-984.0;-479.0;38;-21
163.0;?;-984.0;-941.0;?;32;-25
185.0;4;-980.0;-948.0;-491.0;-4;-21
188.0;27;-963.0;-951.0;-541.0;-27;-14
170.0;17;?;-934.0;-554.0;-17;-19
145.0;26;-974.0;-940.0;-543.0;-26;-23
156.0;13;-972.0;-957.0;-527.0;-13;-19
172.0;-10;-978.0;?;-553.0;?;-20
171.0;-5;-993.0;-973.0;-562.0;5;-14
163.0;-16;-971.0;-972.0;-562.0;16;-13
164.0;-26;-984.0;-967.0;-532.0;26;-30
188.0;-31;-974.0;-964.0;-543.0;31;-26
141.0;-16;?;?;-523.0;16;-15
165.0;-4;-977.0;?;-538.0;4;-22
149.0;-6;-982.0;-988.0;-555.0;6;?
188.0;-16;-996.0;-974.0;-581.0;16;-16
180.0;?;-982.0;-971.0;-566.0;39;-20
181.0;-17;-984.0;-959.0;-553.0;17;-20
185.0;-10;-986.0;-967.0;-526.0;10;-24
166.0;-33;-982.0;-968.0;-516.0;33;-26
186.0;-27;-987.0;-986.0;-530.0;27;-16
200.0;-37;-978.0;-988.0;-538.0;?;-14
195.0;-44;-983.0;-989.0;-532.0;44;-13
198.0;?;-992.0;-982.0;-524.0;25;-17
?;-35;-980.0;?;-537.0;35;-21
193.0;-16;-974.0;-958.0;-510.0;?;-19
213.0;-11;?;-949.0;-515.0;11;-15
222.0;?;-965.0;-928.0;-595.0;86;-19
213.0;?;?;-934.0;-694.0;96;-28
196.0;-59;-987.0;?;-803.0;59;-21
164.0;-71;-986.0;-953.0;-805.0;71;-16
112.0;-84;-1031.0;-958.0;-831.0;84;-20
102.0;-81;-1007.0;?;-788.0;81;-20
136.0;-63;?;?;?;63;-27
?;-48;-1006.0;-983.0;-644.0;48;-26
136.0;-62;-972.0;-980.0;-605.0;62;-21
98.0;?;-985.0;-967.0;?;76;-19
82.0;-83;-992.0;-962.0;-613.0;83;-15
96.0;?;-991.0;-972.0;-569.0;57;-16
79.0;-9;-944.0;-972.0;-606.0;9;-19
116.0;-13;-982.0;-966.0;-631.0;13;-17
132.0;-6;-991.0;-956.0;-639.0;6;?
152.0;1;-972.0;-987.0;-728.0;-1;-20
130.0;-35;-991.0;-979.0;-1052.0;?;-20
125.0;-26;-973.0;-916.0;-841.0;26;-20
?;4;-948.0;?;-942.0;-4;-19
98.0;-7;-951.0;-919.0;-919.0;7;-20
134.0;-25;?;-913.0;-929.0;25;-23
118.0;-4;-935.0;-922.0;-935.0;4;-20
121.0;18;-948.0;-923.0;-915.0;-18;-19
103.0;5;-941.0;-922.0;?;-5;-21
134.0;-21;-945.0;-935.0;-886.0;21;-19
?;-31;-950.0;-947.0;-892.0;31;-16
106.0;18;-957.0;-949.0;-882.0;-18;-16
127.0;33;-948.0;-936.0;-882.0;-33;-16
118.0;1;-947.0;-944.0;?;-1;-14
123.0;-16;-946.0;-954.0;-878.0;16;-18
111.0;-22;-946.0;-957.0;-875.0;22;-22
111.0;13;?;-945.0;-873.0;-13;-19
121.0;?;-947.0;-941.0;-872.0;8;-18
119.0;-39;?;-945.0;-867.0;39;-18
113.0;-2;?;-952.0;-873.0;2;-14
136.0;?;?;-952.0;-868.0;14;-16
140.0;-16;-948.0;-959.0;-860.0;16;-18
126.0;20;-951.0;-957.0;-869.0;-20;-12
122.0;-3;-949.0;-957.0;-868.0;3;?
112.0;-11;?;-949.0;-865.0;11;-26
98.0;4;-947.0;-944.0;-861.0;-4;?
111.0;-15;-947.0;-955.0;-860.0;15;-18
129.0;0;-950.0;-960.0;-854.0;0;-17
99.0;-1;?;-956.0;-853.0;1;-12
128.0;-28;-951.0;-958.0;?;?;-15
?;-22;-951.0;-963.0;?;22;-20
130.0;10;-951.0;-946.0;-877.0;?;-18
112.0;47;-947.0;-935.0;-873.0;?;-18
142.0;?;-947.0;-939.0;-875.0;-29;-24
129.0;2;-949.0;-950.0;-871.0;-2;-21
111.0;17;-952.0;-956.0;?;-17;-20
111.0;45;-948.0;-961.0;-859.0;-45;-25
110.0;61;-947.0;-960.0;-851.0;-61;-24
118.0;79;-949.0;-956.0;-858.0;-79;-21
152.0;?;-952.0;-956.0;-875.0;-77;-25
142.0;36;-950.0;-942.0;-884.0;-36;-32
130.0;112;-943.0;-932.0;-899.0;-112;-21
129.0;182;?;-922.0;-917.0;-182;-18
105.0;136;-948.0;-930.0;?;-136;-25
96.0;136;-973.0;-952.0;-912.0;-136;-12
67.0;115;-972.0;-942.0;-875.0;-115;-16
74.0;106;-974.0;-930.0;-873.0;-106;-17
127.0;108;-936.0;-937.0;?;-108;-10
123.0;61;-918.0;-909.0;-763.0;-61;-17
81.0;27;-952.0;-923.0;-851.0;-27;?
123.0;-28;?;?;-866.0;28;-11
120.0;-38;-999.0;-973.0;?;38;-17
154.0;21;-1015.0;-984.0;?;-21;-23
161.0;35;-1008.0;-990.0;?;-35;-16
152.0;14;-1029.0;-998.0;-624.0;-14;?
184.0;16;-1026.0;-1021.0;-558.0;-16;?
189.0;10;-986.0;-1038.0;-491.0;-10;-21
?;0;?;-1006.0;-493.0;0;-19
152.0;14;-983.0;?;-475.0;-14;-21
129.0;-5;-1015.0;-968.0;-498.0;5;-18
152.0;1;?;-967.0;-522.0;?;-13
172.0;27;-979.0;-961.0;-561.0;-27;-17
149.0;-18;-980.0;?;-568.0;?;-21
155.0;-18;-975.0;-938.0;-553.0;18;-19
?;-7;-963.0;-955.0;-590.0;7;-15
142.0;-34;-969.0;-946.0;-598.0;34;-17
161.0;?;-972.0;-960.0;-582.0;25;-15
153.0;-17;-967.0;?;-580.0;17;-15
161.0;?;-970.0;?;-552.0;15;?
152.0;-29;-980.0;-998.0;-562.0;29;-13
?;-42;?;-999.0;-573.0;42;-8
?;-37;-978.0;-1003.0;-553.0;?;-8
168.0;-39;-987.0;-999.0;-542.0;39;-9
?;?;-982.0;-1005.0;-552.0;38;-19
144.0;-45;-981.0;?;-522.0;45;?
150.0;-55;-994.0;-991.0;-538.0;55;-17
140.0;-33;-981.0;-994.0;?;33;-19
?;2;-974.0;-983.0;-598.0;-2;-23
153.0;?;-981.0;-965.0;-607.0;-5;-27
134.0;4;-976.0;-965.0;-582.0;-4;-27
132.0;11;-982.0;-966.0;-601.0;-11;-28
142.0;-20;-974.0;-958.0;-626.0;20;-21
130.0;-44;-988.0;-965.0;?;44;?
92.0;-35;-980.0;-964.0;-625.0;35;-12
?;-27;-995.0;-975.0;-562.0;?;-15
139.0;-17;-1002.0;-980.0;-561.0;17;-20
114.0;-17;-986.0;-968.0;?;17;-21
101.0;-3;-1001.0;-961.0;-576.0;3;-23
115.0;26;-975.0;-963.0;-521.0;-26;-21
103.0;?;-969.0;-978.0;-513.0;-7;-12
112.0;-27;-976.0;-975.0;-529.0;27;-11
?;-11;-989.0;-976.0;-491.0;11;-18
?;8;-989.0;-969.0;-497.0;-8;-26
114.0;?;-986.0;-955.0;?;3;-24
108.0;0;-983.0;-944.0;-478.0;0;-17
122.0;19;-981.0;-949.0;-485.0;-19;?
111.0;17;-975.0;-949.0;-473.0;-17;-17
?;-2;-986.0;-949.0;-464.0;2;-14
?;-18;-983.0;-958.0;-448.0;18;-20
89.0;-37;-970.0;-979.0;-451.0;37;-25
86.0;-8;-984.0;-966.0;-440.0;?;-23
122.0;43;-982.0;?;-441.0;-43;-20
110.0;29;-981.0;-951.0;-429.0;-29;-15
123.0;-3;-985.0;-948.0;-429.0;3;-19
103.0;1;-980.0;-948.0;-439.0;-1;-19
105.0;5;-979.0;-952.0;?;-5;-15
109.0;-13;-989.0;-949.0;-423.0;?;-21
98.0;-14;-986.0;-959.0;?;14;-25
139.0;?;-986.0;-962.0;-414.0;-5;-23
118.0;6;-978.0;-958.0;-404.0;-6;-22
119.0;2;-981.0;-955.0;-402.0;-2;-17
104.0;-14;-982.0;-961.0;-384.0;14;-13
110.0;9;-984.0;-954.0;-361.0;?;-18
?;38;-987.0;-955.0;-355.0;-38;-20
121.0;18;-985.0;-966.0;-350.0;-18;?
?;18;?;-966.0;-358.0;?;-13
119.0;2;-986.0;-957.0;-349.0;-2;-21
102.0;-1;?;-963.0;-355.0;1;-22
126.0;2;-985.0;-963.0;-355.0;-2;-18
112.0;-16;-983.0;-952.0;-350.0;16;-25
103.0;-6;-982.0;-952.0;-352.0;6;-21
115.0;-15;-994.0;-959.0;-341.0;15;-10
128.0;1;-991.0;-953.0;-356.0;-1;-20
124.0;14;-984.0;?;-356.0;-14;-25
95.0;-28;-980.0;-962.0;-353.0;28;-20
96.0;-25;-987.0;-959.0;-347.0;25;-21
109.0;4;-988.0;-953.0;-346.0;-4;?
111.0;-15;-979.0;?;-352.0;15;-19
?;-33;-989.0;-957.0;-346.0;33;-27
?;?;-988.0;-955.0;-344.0;-5;-18
121.0;27;-980.0;-961.0;-345.0;-27;-15
111.0;5;-987.0;-954.0;-342.0;?;-23
111.0;3;-985.0;-957.0;-339.0;-3;-20
112.0;10;-983.0;?;-336.0;-10;-16
108.0;-4;-994.0;-962.0;-335.0;4;-18
102.0;0;-986.0;-961.0;-330.0;0;-17
96.0;5;-992.0;-961.0;-321.0;-5;-15
114.0;6;-987.0;-954.0;-327.0;?;?
102.0;?;-986.0;?;-321.0;-18;-22
87.0;-1;-994.0;-956.0;-319.0;1;-22
96.0;4;-986.0;-964.0;-320.0;-4;?
66.0;17;-986.0;-965.0;-318.0;-17;-20
82.0;?;-984.0;-952.0;-311.0;-3;-20
79.0;-5;-988.0;-954.0;-316.0;5;-13
84.0;-17;-987.0;-962.0;-319.0;17;-22
70.0;-1;-989.0;-962.0;-310.0;1;?
101.0;6;-990.0;-955.0;-313.0;-6;-18
50.0;9;-985.0;-961.0;-307.0;-9;?
63.0;1;-981.0;-960.0;-301.0;-1;?
60.0;-27;-993.0;-959.0;-300.0;27;-19
75.0;-8;-989.0;-961.0;-300.0;8;-17
66.0;-14;-989.0;-962.0;?;14;-16
82.0;-2;-982.0;-962.0;-283.0;?;-23
77.0;18;-983.0;-957.0;-283.0;-18;-23
48.0;19;-986.0;-962.0;-269.0;-19;-17
?;19;-988.0;-970.0;-262.0;-19;-17
63.0;-41;-991.0;-959.0;-262.0;41;?
66.0;-23;?;-969.0;-264.0;23;-23
74.0;16;-986.0;-959.0;-262.0;-16;-24
62.0;0;-982.0;-963.0;-260.0;0;-23
69.0;-20;?;-965.0;-262.0;20;-18
63.0;-48;-990.0;-961.0;?;48;-14
70.0;-16;?;-970.0;-262.0;?;-18
91.0;?;-991.0;-956.0;-253.0;9;-22
81.0;-38;?;-961.0;-260.0;38;-22
80.0;-35;-989.0;-960.0;-259.0;35;-19
85.0;?;-987.0;-961.0;-260.0;15;-12
84.0;-13;-985.0;-960.0;-258.0;13;-12
80.0;-36;-988.0;-960.0;?;36;-19
99.0;16;?;-966.0;-275.0;-16;-21
99.0;29;-989.0;-955.0;-268.0;?;-23
103.0;-8;-991.0;-955.0;-273.0;8;-23
98.0;17;-988.0;-966.0;-276.0;-17;-22
115.0;1;-994.0;-964.0;-272.0;?;-24
104.0;-8;-1002.0;-966.0;-293.0;?;-18
85.0;22;-993.0;-969.0;-298.0;-22;-19
102.0;-21;-990.0;-975.0;-303.0;21;-23
123.0;-44;-1011.0;-955.0;-296.0;44;-18
101.0;6;-983.0;-967.0;-333.0;-6;-17
111.0;-7;-991.0;-964.0;-333.0;?;-19
91.0;-32;-998.0;-953.0;-350.0;32;-24
115.0;21;-976.0;-953.0;-359.0;-21;-20
114.0;7;?;-963.0;-378.0;-7;?
110.0;-40;?;-957.0;-400.0;40;-23
144.0;-16;-985.0;-940.0;-396.0;16;-19
127.0;2;-995.0;-950.0;-392.0;-2;-21
111.0;20;-971.0;-964.0;-398.0;-20;-19
112.0;-9;-999.0;-969.0;-387.0;9;-17
?;-41;-983.0;-979.0;-402.0;41;-19
?;-10;-991.0;-975.0;-407.0;10;-23
135.0;?;-994.0;-964.0;-386.0;-16;-25
133.0;38;-962.0;-962.0;-445.0;-38;-14
142.0;20;-961.0;-954.0;-440.0;-20;-12
115.0;-1;-1000.0;-951.0;-430.0;1;-19
129.0;9;-1026.0;-982.0;-434.0;-9;-18
122.0;5;-991.0;-1005.0;-475.0;-5;-19
123.0;5;-990.0;-992.0;-469.0;-5;-18
163.0;8;-993.0;?;-475.0;?;-16
?;2;-987.0;?;-515.0;-2;-18
123.0;11;-1000.0;-959.0;-514.0;-11;-14
144.0;-4;-950.0;-956.0;-501.0;4;-17
123.0;-27;-973.0;-987.0;-526.0;?;-20
128.0;-17;-984.0;-956.0;-567.0;17;-14
149.0;?;-978.0;-962.0;-567.0;16;-20
153.0;?;-986.0;-964.0;-588.0;10;-17
142.0;-5;-963.0;-938.0;-573.0;5;-22
129.0;?;-968.0;-959.0;-573.0;?;?
172.0;5;-974.0;-973.0;-567.0;-5;-16
?;-13;-977.0;-977.0;?;13;-20
139.0;?;-981.0;-983.0;-561.0;20;-15
133.0;-15;-983.0;-974.0;-542.0;15;-17
141.0;-43;-977.0;?;-531.0;43;?
142.0;?;-983.0;-986.0;-546.0;42;-16
141.0;-4;-997.0;?;-547.0;4;-25
132.0;-12;-996.0;-997.0;-547.0;12;-14
?;-17;-987.0;-987.0;-563.0;17;-14
135.0;20;-993.0;-982.0;-573.0;-20;-18
138.0;23;-986.0;-968.0;-577.0;-23;-17
118.0;?;-982.0;-965.0;-591.0;-18;-23
145.0;16;-987.0;-965.0;-580.0;?;-20
153.0;-22;-975.0;?;-558.0;22;-18
175.0;-28;?;-981.0;-554.0;?;-22
?;-39;-985.0;-986.0;?;39;-17
171.0;-70;-980.0;-994.0;-526.0;70;-13
146.0;-69;-975.0;-989.0;-527.0;69;-10
174.0;-71;-985.0;-974.0;-511.0;71;-11
175.0;-64;-981.0;-949.0;-533.0;64;-25
171.0;-47;?;-940.0;-612.0;47;-22
142.0;-61;-960.0;-938.0;-717.0;?;-19
122.0;-71;-998.0;-946.0;-842.0;71;-21
130.0;?;-1006.0;-939.0;-951.0;74;-21
110.0;-103;-1026.0;-966.0;-957.0;103;-26
112.0;-83;?;?;-850.0;83;-16
125.0;?;-1003.0;?;?;52;-10
91.0;-113;-1005.0;-972.0;-724.0;113;-16
78.0;?;-986.0;-1001.0;-657.0;105;-21
56.0;-33;?;-991.0;?;33;-23
39.0;?;-973.0;-978.0;-591.0;37;-23
79.0;-31;-923.0;-971.0;-562.0;31;?
83.0;-32;-966.0;-967.0;-615.0;32;-14
71.0;-35;-972.0;?;-639.0;35;-19
?;-28;-973.0;-943.0;-661.0;28;-17
74.0;-37;-967.0;-939.0;-658.0;37;-13
71.0;-18;-943.0;-970.0;-823.0;?;-20
51.0;-6;-992.0;-956.0;-1084.0;6;-20
63.0;-3;-957.0;-913.0;-799.0;3;-20
93.0;?;-945.0;-921.0;?;10;-21
?;3;-953.0;-963.0;-911.0;-3;?
60.0;15;-943.0;-970.0;-903.0;?;-18
75.0;-14;-949.0;-974.0;-915.0;14;-16
67.0;-9;-946.0;-951.0;?;9;-16
79.0;-1;-938.0;-934.0;-871.0;1;-16
73.0;17;?;-936.0;-873.0;-17;?
83.0;4;-952.0;-945.0;-873.0;-4;-15
81.0;-49;-951.0;-954.0;?;49;-20
69.0;-4;-953.0;-951.0;-884.0;4;-21
?;31;-949.0;-962.0;-872.0;-31;-20
67.0;-23;-947.0;-969.0;-880.0;23;-17
73.0;-29;-950.0;-954.0;-878.0;29;-15
70.0;-2;-949.0;-950.0;-884.0;2;-22
91.0;-16;-948.0;-950.0;-884.0;16;?
81.0;-9;-946.0;-949.0;-879.0;9;-15
79.0;9;-945.0;-956.0;-875.0;-9;?
48.0;-4;-945.0;-960.0;-870.0;4;-17
56.0;-2;-947.0;-954.0;-864.0;2;-13
?;-9;-945.0;-953.0;-879.0;9;-20
84.0;-15;-946.0;-955.0;-880.0;15;-18
73.0;5;-947.0;-956.0;-869.0;-5;-18
60.0;-10;?;-962.0;?;10;-19
82.0;-8;-946.0;?;-857.0;8;-21
67.0;8;-949.0;-969.0;-861.0;-8;-27
67.0;-6;-947.0;-970.0;?;6;-22
71.0;6;-950.0;-963.0;-866.0;-6;?
80.0;-6;-949.0;-967.0;-864.0;6;-16
65.0;-48;-951.0;-966.0;-864.0;?;-15
60.0;-22;-950.0;-960.0;-864.0;22;-17
80.0;?;-951.0;-961.0;-863.0;?;-19
70.0;10;-953.0;-966.0;-865.0;-10;-17
64.0;-16;-953.0;-968.0;-864.0;16;?
89.0;?;-951.0;-964.0;-863.0;-2;-24
?;7;?;-967.0;?;-7;-19
79.0;?;-953.0;-962.0;-866.0;-9;-20
77.0;19;?;-966.0;-871.0;-19;-19
?;17;-950.0;-966.0;-860.0;-17;-21
41.0;17;-948.0;-966.0;-857.0;-17;-23
69.0;12;-951.0;-962.0;-855.0;-12;-18
84.0;?;-953.0;-964.0;-865.0;?;-17
?;-43;-955.0;-958.0;-863.0;43;-19
71.0;6;-953.0;-958.0;-868.0;-6;-14
70.0;?;-949.0;-960.0;-868.0;?;?
72.0;-14;-954.0;-964.0;-860.0;14;-22
61.0;11;-953.0;-963.0;-863.0;-11;-16
80.0;10;-952.0;-962.0;-858.0;-10;-14
71.0;17;-953.0;-966.0;-855.0;-17;-17
61.0;22;-954.0;-966.0;-854.0;-22;-17
60.0;?;-955.0;-970.0;-856.0;3;-20
64.0;53;-953.0;-967.0;-853.0;-53;?
85.0;84;-954.0;-959.0;-853.0;-84;-25
?;89;-956.0;?;-864.0;-89;-24
93.0;117;?;-962.0;-867.0;-117;?
107.0;129;-943.0;-954.0;-893.0;-129;-16
107.0;149;-948.0;?;-915.0;-149;-18
98.0;151;-934.0;-913.0;-915.0;-151;-17
?;153;?;?;?;-153;-28
116.0;209;-978.0;-948.0;-813.0;-209;-25
137.0;185;-962.0;-969.0;-809.0;-185;-19
143.0;83;-974.0;-969.0;-800.0;-83;-21
142.0;38;-962.0;-947.0;-752.0;-38;-17
142.0;?;-948.0;-937.0;-714.0;-36;-20
142.0;63;-913.0;-952.0;-716.0;-63;-13
132.0;73;-961.0;-952.0;-811.0;-73;-8
179.0;73;-1007.0;-948.0;-842.0;-73;-11
177.0;68;-998.0;-957.0;?;-68;-11
114.0;61;-996.0;-952.0;-810.0;-61;-14
175.0;58;-1047.0;-970.0;?;-58;-11
188.0;3;-1031.0;?;-760.0;-3;?
221.0;16;-1044.0;-1013.0;-671.0;-16;-12
201.0;13;-1018.0;-1042.0;-606.0;-13;-18
?;-27;?;-1044.0;-531.0;?;-23
185.0;-16;-981.0;-1016.0;-500.0;16;-15
200.0;-54;-982.0;-1001.0;-523.0;54;-17
202.0;-39;-989.0;?;?;39;-24
188.0;?;-989.0;-905.0;-594.0;36;-23
170.0;?;-960.0;?;-600.0;42;-26
200.0;-17;-971.0;-888.0;-606.0;17;-23
183.0;-27;-982.0;-916.0;-616.0;27;-15
182.0;21;-995.0;-930.0;-606.0;?;-22
192.0;-6;-990.0;-948.0;-572.0;?;-25
192.0;-47;-972.0;-966.0;-579.0;47;-14
192.0;-19;-986.0;-971.0;-565.0;19;-16
206.0;-29;?;-987.0;-528.0;29;-23
189.0;-28;?;-1005.0;?;28;-23
159.0;-33;-998.0;-995.0;-531.0;33;-20
183.0;-42;-984.0;-991.0;-551.0;42;?
197.0;-33;-987.0;-979.0;-583.0;33;-16
199.0;-43;?;-942.0;-616.0;43;-15
186.0;-48;-973.0;-931.0;-609.0;48;-14
205.0;-57;-972.0;-952.0;-581.0;?;-21
164.0;-89;-972.0;-980.0;?;89;-15
148.0;-78;-985.0;-983.0;?;78;-14
?;-48;-996.0;-971.0;-611.0;48;-23
152.0;-33;-987.0;-968.0;-615.0;33;?
142.0;-15;-989.0;-953.0;-613.0;15;-20
133.0;-24;-987.0;-942.0;-622.0;24;?
?;?;-989.0;-947.0;-612.0;32;?
120.0;-9;-997.0;-951.0;-631.0;9;-17
119.0;14;-987.0;?;-600.0;-14;-24
112.0;17;-984.0;-979.0;?;-17;-19
123.0;17;-979.0;-981.0;-541.0;-17;-13
121.0;10;-982.0;-969.0;-518.0;-10;-19
120.0;-14;-987.0;-982.0;-515.0;14;-20
124.0;-2;-988.0;-972.0;-489.0;2;-15
111.0;?;-980.0;-966.0;-490.0;-25;-18
127.0;12;-983.0;-960.0;-470.0;?;-19
118.0;6;?;-963.0;-460.0;-6;-14
109.0;9;-989.0;-981.0;-465.0;-9;-17
120.0;-3;-986.0;-979.0;-457.0;3;-19
122.0;33;-986.0;-970.0;?;-33;?
111.0;21;-975.0;?;?;-21;-17
110.0;-31;-970.0;-948.0;?;31;-16
105.0;-16;-975.0;-946.0;?;16;-15
130.0;-5;?;?;-432.0;?;?
112.0;-2;-975.0;-948.0;-423.0;2;-19
135.0;-19;?;-965.0;-433.0;19;-17
112.0;-18;-986.0;?;-421.0;18;-19
114.0;21;?;-966.0;-407.0;-21;?
107.0;18;-986.0;-973.0;-419.0;-18;-17
124.0;31;?;?;-415.0;-31;-24
133.0;44;-974.0;-960.0;-411.0;-44;-21
133.0;2;-982.0;-962.0;-419.0;-2;-18
117.0;?;-988.0;-969.0;-407.0;-1;?
109.0;-10;?;-978.0;-409.0;10;-14
112.0;-18;-975.0;-974.0;-401.0;18;-18
101.0;40;-985.0;?;-392.0;-40;-26
?;?;-982.0;-969.0;-395.0;17;-20
142.0;-35;-980.0;-962.0;-394.0;35;-15
130.0;28;-984.0;-962.0;-387.0;-28;-21
108.0;-9;-982.0;-968.0;-393.0;9;-20
118.0;11;-985.0;?;-382.0;-11;-18
110.0;42;-983.0;-966.0;?;-42;-19
118.0;-20;-983.0;-972.0;-395.0;20;-18
150.0;-27;-985.0;-975.0;-395.0;27;-19
130.0;?;?;-969.0;-394.0;-16;-18
117.0;16;-984.0;-961.0;-389.0;-16;-18
106.0;-2;-983.0;-961.0;-397.0;2;-21
128.0;-18;-983.0;-966.0;-397.0;18;-16
104.0;2;-988.0;-971.0;-390.0;-2;-12
113.0;19;-981.0;-971.0;-392.0;-19;-16
150.0;1;-984.0;-969.0;-392.0;-1;-16
134.0;-5;-989.0;-967.0;-391.0;5;-18
132.0;-5;-984.0;?;-391.0;5;-18
132.0;-4;-986.0;-966.0;-392.0;4;-17
119.0;?;-987.0;-963.0;-393.0;11;-22
101.0;-13;-980.0;-969.0;-390.0;13;-22
128.0;13;-983.0;-974.0;-391.0;-13;-14
?;16;-983.0;-972.0;-391.0;-16;-15
?;-22;-985.0;-965.0;-392.0;22;-20
117.0;-13;-987.0;-970.0;-397.0;13;-20
?;29;?;-972.0;-394.0;-29;?
115.0;-5;-985.0;-967.0;-390.0;5;-23
101.0;-21;-985.0;-962.0;?;21;-25
128.0;17;-987.0;-966.0;-399.0;-17;-17
126.0;9;-985.0;-970.0;-400.0;-9;?
?;6;-987.0;-969.0;-401.0;-6;-20
139.0;-1;-985.0;?;-402.0;1;-22
135.0;2;-988.0;-971.0;-405.0;?;-21
121.0;16;-983.0;-967.0;-408.0;-16;-17
132.0;-4;-985.0;-967.0;-410.0;4;-25
122.0;4;-986.0;-967.0;-411.0;-4;-14
156.0;-4;-984.0;-968.0;-416.0;4;?
159.0;-25;-985.0;-971.0;-421.0;25;-21
139.0;-25;-980.0;-967.0;-418.0;25;-22
148.0;-12;-991.0;-970.0;-429.0;12;-23
144.0;6;-986.0;?;-424.0;-6;-18
135.0;-3;-982.0;-968.0;-427.0;?;-18
139.0;6;-991.0;-979.0;-438.0;-6;-20
134.0;20;-984.0;-974.0;-435.0;-20;-15
150.0;?;-989.0;-968.0;-440.0;2;-15
148.0;-2;-982.0;-968.0;-450.0;2;-20
131.0;26;-986.0;-974.0;-462.0;-26;-24
142.0;40;-979.0;-972.0;-469.0;-40;-18
123.0;28;-980.0;-973.0;-470.0;-28;-9
149.0;8;-980.0;-976.0;-486.0;-8;-21
?;10;-983.0;-975.0;-503.0;-10;-25
121.0;17;-983.0;-964.0;-511.0;-17;?
135.0;7;-972.0;-962.0;-512.0;-7;-22
152.0;?;-976.0;-962.0;-530.0;-7;-16
137.0;?;-978.0;-953.0;-531.0;1;-14
118.0;1;-977.0;-953.0;-525.0;-1;-16
149.0;21;?;-961.0;-519.0;-21;-15
173.0;?;-992.0;-954.0;?;-16;-20
172.0;15;?;-961.0;-487.0;-15;-16
139.0;23;-1008.0;-979.0;-491.0;?;-19
?;-5;-1004.0;-989.0;?;5;-14
?;-5;-975.0;-967.0;-438.0;5;-19
134.0;53;-968.0;?;-480.0;-53;-24
175.0;48;-976.0;-962.0;-502.0;?;-11
153.0;-2;-995.0;-950.0;-506.0;2;-13
153.0;12;-1003.0;-968.0;-562.0;-12;-16
142.0;7;-1002.0;-960.0;-551.0;-7;-19
162.0;-2;-990.0;-957.0;?;2;-18
142.0;?;-989.0;-957.0;-573.0;-20;-12
153.0;17;-985.0;-966.0;-570.0;?;?
?;1;-1007.0;-960.0;-554.0;-1;-20
161.0;-22;-985.0;-968.0;-547.0;22;-21
169.0;13;-978.0;?;-532.0;-13;-23
159.0;16;-965.0;-952.0;-534.0;-16;?
144.0;-28;-990.0;-965.0;-555.0;28;-18
149.0;?;-979.0;?;-559.0;-16;-15
147.0;20;?;-951.0;?;-20;-16
171.0;-38;-988.0;-957.0;-569.0;38;-15
142.0;?;-992.0;-968.0;-556.0;?;-18
145.0;17;-980.0;-967.0;-549.0;-17;-23
153.0;-7;-983.0;-967.0;?;7;-18
152.0;-5;-988.0;-955.0;-530.0;5;-17
142.0;-21;-981.0;-957.0;-564.0;21;-23
172.0;-25;-1004.0;-960.0;-551.0;25;-23
150.0;-14;-991.0;-983.0;-560.0;?;-20
156.0;-52;-989.0;-973.0;-558.0;52;-18
158.0;-40;-993.0;-971.0;-543.0;40;-15
158.0;?;-992.0;-969.0;-544.0;-15;-15
?;-18;-974.0;-964.0;-558.0;?;-16
142.0;-65;-1007.0;-977.0;-574.0;65;-12
?;-44;-994.0;-975.0;-582.0;44;-20
168.0;-40;?;-967.0;-592.0;40;-25
160.0;-22;-993.0;-960.0;-571.0;22;-15
?;-3;-985.0;-968.0;-540.0;3;?
?;-37;-990.0;-980.0;-558.0;37;-21
177.0;?;-992.0;-975.0;-549.0;14;-23
178.0;-25;-984.0;-981.0;-518.0;25;-19
192.0;?;-970.0;-989.0;-511.0;77;-8
174.0;-46;-990.0;?;-539.0;46;-8
162.0;-45;-974.0;-964.0;-544.0;45;-19
182.0;-75;-991.0;-963.0;-601.0;75;-21
158.0;-93;-985.0;-951.0;-710.0;93;-13
156.0;-110;-997.0;-954.0;-830.0;110;-13
155.0;-113;-990.0;-950.0;-947.0;113;-27
127.0;-102;-983.0;-943.0;-883.0;102;-28
?;-92;-980.0;-955.0;-824.0;?;-19
100.0;-99;-988.0;-967.0;-825.0;99;?
100.0;-109;-1028.0;-972.0;-766.0;109;-20
102.0;-115;-1001.0;?;-732.0;115;-13
59.0;-94;-972.0;-970.0;-650.0;94;-22
77.0;-47;-981.0;-962.0;-664.0;47;-24
?;-11;-995.0;?;-675.0;11;-22
59.0;17;-976.0;-1005.0;-690.0;-17;-24
70.0;3;-973.0;-956.0;-599.0;?;-16
80.0;-19;-904.0;-962.0;-807.0;19;-15
81.0;0;-990.0;-929.0;-763.0;0;-22
61.0;7;-960.0;-933.0;-828.0;-7;-19
74.0;4;-987.0;-980.0;-944.0;-4;-15
88.0;12;-985.0;-986.0;-974.0;-12;-15
57.0;?;-937.0;-983.0;-989.0;12;-20
66.0;-25;?;-969.0;-932.0;25;-22
52.0;-1;?;-961.0;-926.0;1;-18
65.0;-4;-924.0;-934.0;-932.0;4;-16
77.0;-32;-931.0;-920.0;-931.0;?;-14
80.0;-39;-932.0;-919.0;-928.0;39;-18
89.0;-4;-939.0;-930.0;-940.0;4;-20
72.0;3;-948.0;-944.0;-936.0;-3;-16
64.0;-3;-947.0;-937.0;-930.0;3;?
60.0;-3;-945.0;-938.0;-925.0;3;-18
54.0;-36;-946.0;-950.0;-932.0;36;-20
50.0;-15;-940.0;?;-920.0;15;-25
70.0;-12;-939.0;-950.0;-913.0;12;-20
71.0;-23;-943.0;-954.0;-917.0;23;?
70.0;8;-940.0;-950.0;-917.0;?;-19
60.0;?;-936.0;-950.0;-913.0;3;-20
61.0;9;-937.0;-955.0;-902.0;?;-20
43.0;16;-938.0;-957.0;-906.0;-16;-19
?;-25;-939.0;-963.0;-907.0;25;-23
59.0;-17;-940.0;-960.0;-898.0;?;-19
56.0;6;-942.0;-954.0;?;-6;?
53.0;-13;-941.0;-953.0;-910.0;13;-18
67.0;-18;?;-957.0;-906.0;18;-18
43.0;-10;-941.0;-958.0;-920.0;10;-17
54.0;2;-936.0;-951.0;?;-2;-21
63.0;5;-941.0;-955.0;?;-5;-20
61.0;-4;-939.0;?;-915.0;?;-21
52.0;-3;-936.0;-960.0;-909.0;3;-21
69.0;?;-938.0;-957.0;-902.0;22;-23
71.0;?;-939.0;-956.0;-912.0;18;-26
52.0;3;-941.0;-956.0;?;-3;-21
?;7;-940.0;-954.0;-916.0;-7;-10
?;6;?;-955.0;-914.0;-6;?
77.0;-4;-942.0;-960.0;?;4;-25
?;5;-943.0;-957.0;-913.0;?;-20
38.0;-5;?;-956.0;-909.0;5;-16
?;-37;-939.0;-957.0;-909.0;37;-15
44.0;-32;-943.0;-962.0;?;32;-19
60.0;-4;-940.0;-964.0;-905.0;?;-26
?;0;-942.0;-959.0;-910.0;?;-15
89.0;-9;-941.0;-956.0;-916.0;9;-17
?;47;-940.0;-955.0;?;-47;?
57.0;69;-936.0;-951.0;?;-69;-18
21.0;50;-933.0;-954.0;-915.0;-50;-20
58.0;51;-933.0;-952.0;?;-51;-17
71.0;12;-933.0;-949.0;-917.0;-12;-22
101.0;22;-930.0;-952.0;-931.0;-22;-28
88.0;50;-933.0;-942.0;-952.0;?;-23
67.0;54;-930.0;-934.0;-970.0;-54;-21
49.0;?;-924.0;-934.0;-1009.0;-76;-23
33.0;?;?;-933.0;-1041.0;-104;-24
42.0;129;-966.0;-908.0;-1071.0;-129;-21
74.0;94;-973.0;-928.0;-917.0;-94;?
54.0;?;-941.0;-949.0;-895.0;-66;?
?;72;?;-890.0;-894.0;-72;?
57.0;47;-916.0;-873.0;?;?;-25
99.0;49;-946.0;-896.0;-813.0;-49;-23
39.0;?;-951.0;-937.0;-828.0;-78;-17
68.0;82;-931.0;-951.0;-811.0;-82;-18
75.0;64;-963.0;-995.0;-844.0;-64;-22
105.0;82;-1006.0;-1019.0;-840.0;-82;-17
122.0;78;-1056.0;-1021.0;-807.0;-78;-12
102.0;13;-1038.0;-1022.0;-625.0;?;-15
?;-26;-961.0;-1022.0;-529.0;?;?
98.0;-61;-999.0;-1002.0;-480.0;61;-13
113.0;-34;-967.0;-1009.0;-528.0;34;-15
85.0;-5;-1002.0;-1008.0;-488.0;5;?
131.0;?;-1031.0;-1004.0;-589.0;26;-19
113.0;-15;-978.0;-967.0;-576.0;15;-19
108.0;-51;-980.0;-940.0;?;51;-12
102.0;-41;-932.0;-906.0;-568.0;41;-16
113.0;-10;-980.0;?;-568.0;10;-24
?;-31;-981.0;?;-555.0;31;-18
131.0;-38;?;-957.0;-535.0;38;-19
136.0;-57;-1005.0;-998.0;-560.0;57;-17
132.0;-45;-994.0;-1016.0;-579.0;45;-15
121.0;-34;-984.0;-1014.0;-552.0;34;-17
151.0;-38;-983.0;-1001.0;?;38;-18
121.0;-53;-981.0;-980.0;-542.0;53;-23
123.0;-47;-966.0;?;-579.0;?;-22
132.0;4;-995.0;-955.0;-598.0;-4;-19
129.0;-12;-979.0;-972.0;-577.0;12;-27
107.0;?;-964.0;-982.0;-599.0;?;-19
114.0;4;?;-979.0;?;-4;-11
105.0;-40;?;-973.0;-613.0;40;-19
103.0;-26;-982.0;-974.0;-622.0;26;-19
90.0;-36;-973.0;-973.0;-618.0;36;-22
81.0;-16;-981.0;-964.0;-587.0;16;-24
68.0;-10;-1002.0;-961.0;-657.0;10;-22
59.0;?;-994.0;-960.0;-628.0;28;-21
67.0;-14;-975.0;-968.0;-604.0;14;-18
75.0;-5;-980.0;-977.0;-585.0;5;-17
42.0;25;-972.0;-965.0;-540.0;-25;-17
87.0;16;-982.0;-951.0;-527.0;-16;-15
101.0;5;-970.0;-959.0;-518.0;-5;-16
70.0;?;-980.0;-967.0;-484.0;?;-19
61.0;-2;-979.0;-968.0;-462.0;?;-17
57.0;17;?;-973.0;-436.0;?;-17
24.0;-16;-982.0;-976.0;?;16;?
60.0;-19;-979.0;-976.0;-394.0;?;-19
87.0;28;-983.0;-970.0;-372.0;-28;-16
71.0;?;-970.0;-962.0;-368.0;-2;-14
83.0;-12;-975.0;-958.0;-368.0;12;-16
81.0;?;-982.0;-959.0;-363.0;-7;-17
69.0;-15;-979.0;-958.0;-374.0;15;-17
63.0;7;-981.0;-955.0;-367.0;-7;-15
82.0;7;-981.0;-959.0;-357.0;-7;-15
64.0;-14;-988.0;-967.0;-366.0;14;-20
68.0;33;-984.0;-963.0;-353.0;-33;-21
?;51;-981.0;-961.0;-349.0;-51;-19
51.0;24;-986.0;-958.0;-334.0;-24;-21
73.0;-29;-988.0;-958.0;-333.0;29;-25
86.0;-20;-979.0;?;-331.0;20;-22
52.0;22;-982.0;-959.0;-324.0;-22;-22
?;-6;-986.0;-964.0;-316.0;?;-22
73.0;?;-988.0;-959.0;-320.0;17;-16
80.0;-9;-981.0;-967.0;-309.0;?;-16
92.0;-28;-1000.0;-972.0;-302.0;28;-17
82.0;-17;-987.0;-959.0;-292.0;17;-15
36.0;-20;-978.0;?;-308.0;20;-17
57.0;-25;?;-959.0;-303.0;25;-16
90.0;14;-984.0;-949.0;-307.0;-14;-15
75.0;-3;-985.0;-946.0;-319.0;3;-18
85.0;-16;-981.0;-954.0;-311.0;16;?
101.0;1;?;-965.0;-311.0;-1;-15
93.0;10;-992.0;-961.0;?;-10;-20
71.0;?;?;-962.0;-311.0;-18;-22
101.0;?;-987.0;-961.0;-313.0;2;-14
79.0;5;-987.0;?;-311.0;-5;-16
85.0;-4;-984.0;-962.0;?;4;-23
84.0;-13;-983.0;-962.0;-312.0;13;-15
61.0;-5;-985.0;-954.0;-312.0;5;-16
91.0;-4;-981.0;-957.0;-307.0;4;-21
80.0;18;-982.0;?;-314.0;-18;-11
81.0;-12;-985.0;-962.0;-311.0;?;-19
109.0;-16;-985.0;-964.0;-314.0;16;-25
84.0;?;-981.0;-958.0;-316.0;-29;-15
91.0;13;?;-962.0;-309.0;?;-17
69.0;6;-983.0;-953.0;?;-6;-22
65.0;19;-987.0;-962.0;-313.0;-19;-21
88.0;-1;-982.0;-963.0;?;1;-23
101.0;-22;?;?;?;22;?
91.0;-9;-986.0;?;-315.0;9;-19
101.0;-6;-984.0;-960.0;-316.0;6;-21
91.0;?;-987.0;-955.0;-313.0;5;-23
?;?;-988.0;?;-321.0;-17;-20
89.0;-1;-986.0;-965.0;-318.0;1;-21
78.0;-17;-983.0;-963.0;?;17;-18
91.0;4;-986.0;-956.0;-319.0;-4;?
110.0;31;-988.0;-957.0;-322.0;-31;-18
102.0;31;-975.0;-958.0;-324.0;-31;-10
110.0;-4;-986.0;-957.0;-326.0;4;-18
95.0;?;-984.0;-954.0;-329.0;-21;-22
112.0;39;-982.0;-954.0;-333.0;-39;-13
100.0;31;-982.0;-958.0;?;-31;-11
124.0;63;?;-950.0;-335.0;-63;?
126.0;46;-990.0;-959.0;-337.0;-46;-20
110.0;8;-997.0;-962.0;-345.0;-8;-21
121.0;14;-987.0;-954.0;-361.0;-14;-11
111.0;13;-978.0;-953.0;-359.0;-13;-14
100.0;?;-993.0;-953.0;?;9;-27
94.0;-3;-973.0;-947.0;-387.0;3;-24
109.0;17;-1005.0;-953.0;-408.0;?;-17
122.0;-4;-1005.0;-956.0;-408.0;4;-19
129.0;-23;-994.0;-965.0;-419.0;23;-13
113.0;-1;-1000.0;-949.0;-406.0;1;-13
148.0;35;-982.0;-951.0;-404.0;-35;-23
90.0;28;-981.0;-961.0;-397.0;-28;-18
?;5;-994.0;-968.0;-407.0;?;-14
148.0;23;?;-980.0;-410.0;?;-18
161.0;?;-993.0;-979.0;-438.0;13;-19
128.0;?;-997.0;-984.0;-451.0;33;?
?;-2;-999.0;-988.0;-458.0;2;-18
133.0;-26;-1022.0;-980.0;-444.0;?;-20
94.0;-22;-997.0;-986.0;?;22;-14
120.0;-7;-968.0;-968.0;-551.0;7;-13
141.0;?;-978.0;-960.0;?;26;-20
?;0;-997.0;-956.0;-534.0;0;-23
129.0;15;-982.0;-956.0;-576.0;-15;-24
109.0;-14;-972.0;-951.0;?;14;-23
111.0;-8;-968.0;-957.0;-557.0;8;-21
115.0;-2;-984.0;-971.0;-526.0;2;-27
141.0;-1;-995.0;-983.0;-553.0;?;-29
?;?;-989.0;-973.0;-578.0;?;-21
126.0;7;-978.0;-968.0;-560.0;-7;-17
90.0;7;-979.0;-964.0;-561.0;-7;-15
116.0;-10;-979.0;-959.0;-580.0;10;-12
99.0;-14;-981.0;-964.0;-586.0;?;-16
111.0;?;-989.0;?;-583.0;-5;-19
133.0;-14;-978.0;-968.0;-582.0;14;-19
132.0;-24;-988.0;-975.0;-591.0;?;-17
122.0;-14;-979.0;-971.0;-591.0;14;-17
121.0;?;-987.0;-981.0;-566.0;50;-22
110.0;-57;-994.0;-983.0;-569.0;57;?
113.0;-41;?;-975.0;-598.0;?;-18
105.0;-17;-990.0;-981.0;-581.0;?;-16
114.0;-6;-986.0;-977.0;?;6;-17
136.0;-17;-978.0;-964.0;-656.0;17;-21
109.0;24;-984.0;-963.0;-628.0;-24;-15
?;5;-987.0;-961.0;-590.0;-5;-14
125.0;?;-975.0;-970.0;-550.0;9;-24
132.0;20;-991.0;-983.0;-563.0;-20;-24
141.0;-17;-981.0;-988.0;-571.0;17;-17
121.0;-28;-988.0;-987.0;-578.0;?;-17
128.0;-11;-997.0;-983.0;-596.0;11;-17
158.0;8;-988.0;-969.0;-578.0;-8;?
112.0;?;-970.0;-961.0;-563.0;9;-15
159.0;-55;-972.0;-954.0;-564.0;55;-16
132.0;-35;-963.0;-946.0;-622.0;35;-24
125.0;-4;-963.0;-944.0;-634.0;4;-24
159.0;-27;-998.0;-956.0;-689.0;?;-22
132.0;-41;?;-961.0;-791.0;41;-20
140.0;-33;-998.0;-976.0;-847.0;33;-23
116.0;-23;-1015.0;-962.0;-934.0;23;?
102.0;-15;-1011.0;?;-964.0;15;-19
?;-8;-959.0;-976.0;-865.0;8;-25
64.0;22;-980.0;-996.0;-870.0;-22;-16
44.0;12;-994.0;-978.0;-812.0;-12;-10
71.0;-45;-996.0;?;-783.0;45;-21
94.0;?;-985.0;-976.0;-751.0;?;-17
118.0;-5;-958.0;?;-689.0;5;?
107.0;-19;-977.0;-955.0;-657.0;19;-23
90.0;-28;-954.0;-940.0;-582.0;28;-24
?;6;-920.0;-969.0;-682.0;-6;-18
91.0;-4;-1013.0;?;?;4;-16
71.0;?;-960.0;-931.0;?;25;-19
84.0;-5;-972.0;?;-984.0;5;-20
98.0;-11;-980.0;-982.0;-937.0;11;-15
65.0;-18;-969.0;-974.0;-941.0;18;-15
66.0;-12;?;?;-959.0;12;-19
85.0;4;?;-947.0;-928.0;-4;-20
?;30;-945.0;-912.0;-921.0;-30;-18
?;20;-954.0;-909.0;-920.0;-20;-15
88.0;6;-955.0;-925.0;-914.0;-6;-14
93.0;7;-951.0;-944.0;?;-7;-19
90.0;-20;-955.0;-947.0;-921.0;?;-19
?;-19;-952.0;-963.0;-919.0;19;-17
88.0;?;-953.0;-975.0;-923.0;-8;-23
102.0;7;-950.0;-968.0;-926.0;-7;-23
90.0;?;-955.0;-958.0;?;?;-15
111.0;-7;-959.0;-952.0;-928.0;7;-14
39.0;?;-947.0;-938.0;-917.0;15;-20
33.0;-19;-947.0;-948.0;-910.0;19;-26
70.0;-24;?;-957.0;-909.0;24;-30
124.0;23;-953.0;-955.0;?;-23;-25
55.0;30;-957.0;-957.0;-928.0;-30;-18
47.0;-6;-948.0;-957.0;-928.0;6;-23
79.0;-13;-926.0;-956.0;-957.0;13;-27
57.0;19;-925.0;-948.0;-1092.0;-19;-25
?;74;-945.0;-912.0;-937.0;-74;?
42.0;88;-974.0;-880.0;-980.0;-88;-13
90.0;50;-974.0;-884.0;-956.0;-50;-11
74.0;34;-975.0;-889.0;-873.0;-34;?
79.0;20;-983.0;-921.0;-767.0;-20;-14
65.0;7;-977.0;-944.0;-724.0;-7;?
85.0;7;-942.0;-973.0;?;-7;-24
121.0;-4;-977.0;-1011.0;-684.0;?;-20
91.0;13;-1002.0;-1035.0;-647.0;-13;-20
114.0;16;?;-1050.0;-666.0;-16;-20
114.0;26;-1019.0;?;-634.0;-26;-23
56.0;23;-1048.0;-1025.0;-632.0;-23;-22
102.0;-4;-985.0;-989.0;-622.0;?;-12
137.0;17;-963.0;-962.0;-662.0;-17;?
87.0;-6;-984.0;-951.0;-676.0;6;-22
107.0;-5;-977.0;-925.0;-644.0;5;-18
118.0;-1;-1000.0;-933.0;?;1;-24
112.0;-39;-976.0;-959.0;-635.0;39;-18
127.0;-27;-962.0;-964.0;-648.0;27;-16
107.0;?;-978.0;-969.0;-611.0;26;-21
137.0;-1;-963.0;-971.0;-614.0;1;-17
?;18;-952.0;-972.0;-615.0;-18;-14
113.0;-32;-976.0;-972.0;-597.0;32;-21
153.0;-19;-994.0;-987.0;-609.0;19;-23
111.0;8;-985.0;?;-606.0;-8;-17
142.0;-47;-979.0;-991.0;?;47;-13
120.0;-58;-985.0;-994.0;-592.0;58;?
133.0;-48;?;-991.0;-598.0;48;-14
119.0;-57;-976.0;-980.0;-615.0;57;-23
138.0;-8;-972.0;-984.0;-624.0;8;-29
121.0;19;-993.0;-981.0;?;-19;-20
112.0;5;-971.0;-976.0;?;-5;-15
105.0;16;-972.0;-969.0;-666.0;-16;-22
105.0;-16;-977.0;-970.0;-662.0;16;-20
117.0;?;-990.0;-961.0;-682.0;31;-16
131.0;20;-987.0;-966.0;-669.0;-20;-21
118.0;12;-1000.0;-968.0;-662.0;-12;?
108.0;-15;-976.0;-975.0;-623.0;15;-14
120.0;-16;-983.0;-983.0;-645.0;16;-19
121.0;-32;?;-980.0;-653.0;32;-23
111.0;-2;-993.0;?;?;2;-22
91.0;16;-998.0;-969.0;?;?;-18
103.0;-14;-983.0;-973.0;-507.0;14;-16
?;5;-965.0;-984.0;-472.0;-5;-17
110.0;-13;-976.0;-972.0;-497.0;13;-19
111.0;-11;-979.0;-965.0;-499.0;11;?
92.0;48;-978.0;-972.0;-466.0;-48;?
102.0;16;-973.0;-961.0;-458.0;-16;-26
98.0;-16;-993.0;-957.0;-447.0;16;?
81.0;3;-983.0;?;-440.0;-3;-22
99.0;4;-983.0;?;?;-4;-23
?;?;-981.0;-962.0;-440.0;7;-19
86.0;-1;-980.0;-959.0;-443.0;1;-21
93.0;7;-983.0;-959.0;-426.0;-7;?
105.0;-2;-983.0;-955.0;-410.0;2;-24
81.0;-11;?;-959.0;-401.0;11;-25
110.0;-19;-987.0;?;-394.0;?;-26
101.0;-5;-985.0;-962.0;-389.0;5;-24
111.0;20;-979.0;-959.0;-386.0;-20;-19
99.0;8;?;-954.0;-373.0;-8;-16
88.0;-6;?;-968.0;-378.0;6;-16
84.0;?;-981.0;-974.0;-374.0;-7;-16
88.0;-1;?;-963.0;-367.0;1;-21
87.0;0;-976.0;-962.0;-355.0;0;-23
97.0;6;-977.0;-962.0;-363.0;-6;-21
77.0;-4;-987.0;-970.0;-358.0;?;-23
110.0;15;-982.0;-965.0;?;?;-23
91.0;8;-977.0;-969.0;-354.0;-8;-20
73.0;-12;-981.0;-967.0;-355.0;12;-16
74.0;-14;-984.0;-966.0;-352.0;14;-11
109.0;-1;-980.0;-964.0;-357.0;1;-16
93.0;18;-982.0;-958.0;-358.0;?;-24
101.0;-7;-980.0;-963.0;-361.0;7;-20
81.0;-14;-976.0;-968.0;-353.0;14;-21
112.0;-1;-981.0;-966.0;?;1;-22
110.0;-22;-986.0;-961.0;-366.0;22;-23
111.0;-11;-978.0;?;-366.0;11;-21
114.0;17;-979.0;-967.0;-368.0;-17;-13
117.0;16;-990.0;-966.0;-376.0;-16;-14
99.0;32;-989.0;-966.0;-380.0;?;-18
117.0;35;-993.0;-959.0;-386.0;-35;-20
98.0;15;-992.0;-963.0;-395.0;-15;-27
87.0;31;-987.0;-954.0;-399.0;-31;-23
69.0;68;-997.0;-968.0;-394.0;?;-17
97.0;84;-987.0;-975.0;-384.0;-84;-18
121.0;29;-994.0;-969.0;-402.0;-29;-14
135.0;-15;?;-968.0;-414.0;15;-19
161.0;-14;-970.0;-976.0;-416.0;14;-26
153.0;-3;-973.0;-976.0;-444.0;3;-19
?;18;-969.0;-955.0;-472.0;-18;-20
133.0;-11;-981.0;?;-449.0;11;-23
165.0;?;-975.0;-939.0;-480.0;31;-20
170.0;0;-994.0;-951.0;-510.0;0;?
176.0;20;?;-959.0;-502.0;?;-28
178.0;18;?;-963.0;-526.0;-18;-27
174.0;7;-983.0;-977.0;-484.0;-7;?
164.0;27;-1001.0;-982.0;-544.0;-27;-21
175.0;46;-992.0;-977.0;-501.0;-46;-21
169.0;16;-1002.0;-984.0;-490.0;-16;-25
179.0;?;?;-979.0;-552.0;-25;-24
188.0;40;-998.0;-966.0;-491.0;-40;-19
182.0;17;?;-952.0;-528.0;-17;?
172.0;34;-979.0;-945.0;-545.0;-34;-18
198.0;-1;-1000.0;-960.0;-498.0;1;-18
202.0;0;-988.0;?;-501.0;0;?
223.0;23;-958.0;-970.0;-527.0;?;-9
191.0;-35;-977.0;?;?;35;-21
204.0;-4;-1014.0;?;-602.0;4;-20
197.0;-5;-990.0;-963.0;-616.0;5;-16
184.0;?;-987.0;-950.0;-590.0;34;-27
194.0;-24;-976.0;-945.0;-575.0;24;-17
?;-23;-975.0;-947.0;-561.0;23;-12
206.0;6;-999.0;-961.0;?;-6;-23
195.0;-7;-981.0;?;-554.0;7;-15
227.0;-25;-999.0;-960.0;-534.0;25;-10
206.0;-54;-984.0;-969.0;-576.0;?;-14
212.0;-46;-1003.0;-961.0;-616.0;46;-15
203.0;-15;-992.0;-963.0;-590.0;?;-21
219.0;-26;-985.0;-958.0;-589.0;26;-11
215.0;17;-996.0;-958.0;-563.0;-17;-18
?;35;-986.0;-975.0;?;-35;-56
203.0;95;-999.0;-991.0;-542.0;-95;-25
?;119;-994.0;-986.0;-547.0;-119;-93
211.0;-170;-980.0;-985.0;-532.0;170;-168
193.0;-634;-997.0;-961.0;-525.0;634;-196
185.0;-1074;-990.0;-967.0;-554.0;?;?
?;-1370;-969.0;-951.0;-581.0;1370;-23
215.0;-1413;?;-952.0;-585.0;?;-97
208.0;-1375;-983.0;-946.0;-726.0;1375;179
211.0;-1364;-990.0;-938.0;-910.0;1364;-1
145.0;-812;-1004.0;-921.0;-1048.0;812;149
187.0;617;-985.0;-913.0;-1028.0;-617;1650
201.0;1360;-966.0;-937.0;-1016.0;-1360;-1626
217.0;?;-1018.0;-969.0;-1035.0;86;-2725
218.0;-802;-1037.0;-987.0;-948.0;802;455
193.0;346;-1028.0;-1006.0;-893.0;-346;-113
249.0;603;-991.0;-1021.0;-921.0;-603;-191
271.0;424;-962.0;?;-846.0;-424;177
273.0;264;-987.0;-1013.0;-770.0;-264;-187
201.0;-33;-978.0;-1044.0;?;33;86
?;-9;-977.0;-942.0;-614.0;9;-45
?;85;-976.0;-980.0;-623.0;-85;-25
181.0;373;-988.0;-972.0;-753.0;-373;-27
210.0;561;-982.0;-936.0;-795.0;-561;-37
202.0;634;-948.0;-923.0;-840.0;-634;?
226.0;637;-937.0;-896.0;-821.0;-637;-17
214.0;475;-932.0;-864.0;-765.0;-475;-5
195.0;403;-1020.0;-878.0;-864.0;-403;-15
245.0;?;-1013.0;-932.0;-895.0;-252;-2
275.0;45;-966.0;-915.0;-857.0;?;-35
294.0;17;-968.0;-908.0;-843.0;-17;2
322.0;-103;-991.0;-931.0;-867.0;103;18
239.0;-296;-1008.0;?;-863.0;296;-15
290.0;-371;-995.0;-1000.0;?;371;?
244.0;-609;-982.0;-991.0;-800.0;?;-147
284.0;-514;-981.0;?;-758.0;514;-85
233.0;128;-991.0;-1029.0;-739.0;-128;-27
?;?;-1004.0;-1074.0;-767.0;488;-385
195.0;-498;-1001.0;-1044.0;-811.0;498;-121
151.0;874;-1012.0;-993.0;-824.0;-874;414
94.0;548;-1020.0;-957.0;?;-548;42
18.0;326;-1041.0;-978.0;-880.0;-326;?
79.0;?;-1046.0;-1013.0;-853.0;?;91
-136.0;-1037;-1018.0;?;-811.0;1037;-219
-110.0;-484;-1015.0;-1031.0;-763.0;484;-60
-406.0;-84;-1044.0;-1103.0;-736.0;84;-17
-473.0;-15;-1025.0;-1138.0;-720.0;15;-48
?;-379;-1038.0;-1141.0;?;379;-6
-356.0;-511;-1073.0;-1192.0;-747.0;511;-45
-326.0;-150;?;-1134.0;-726.0;150;-25
-452.0;-301;-971.0;-1064.0;?;?;11
-398.0;-338;-921.0;-992.0;-796.0;?;14
-278.0;?;-945.0;?;-890.0;264;-16
-414.0;-289;-988.0;-854.0;-985.0;?;-36
-277.0;-231;-936.0;-902.0;-972.0;231;-13
?;-292;?;-753.0;-853.0;292;-44
-248.0;-330;-865.0;-581.0;-974.0;330;-20
-274.0;-337;-930.0;-514.0;-994.0;337;21
-295.0;-390;-831.0;-412.0;-949.0;390;?
-268.0;-204;-877.0;-441.0;-940.0;204;?
-333.0;-690;-760.0;-362.0;-889.0;690;-419
-289.0;-1681;-781.0;-490.0;-811.0;?;-66
-255.0;-1355;?;?;-842.0;?;291
-138.0;-118;-872.0;-515.0;-854.0;118;-621
30.0;?;-863.0;-584.0;-860.0;-436;258
130.0;368;-892.0;-629.0;-887.0;-368;1015
-140.0;500;-861.0;-639.0;?;-500;750
-183.0;337;-859.0;-658.0;-891.0;-337;721
-273.0;-161;-829.0;-804.0;-970.0;161;?
-80.0;-121;-826.0;-742.0;-767.0;121;-123
?;-73;-795.0;-689.0;-902.0;73;60
-59.0;-159;?;?;-1020.0;159;?
-146.0;?;-704.0;-784.0;?;123;14
-166.0;-133;-631.0;-732.0;-920.0;133;-30
-51.0;-42;-626.0;-725.0;-904.0;42;-19
-62.0;19;-636.0;-659.0;-652.0;-19;-8
59.0;-7;-470.0;?;-460.0;7;-28
113.0;111;-663.0;-612.0;-585.0;-111;-21
123.0;77;-802.0;-745.0;-871.0;-77;-11
124.0;213;-782.0;-747.0;-939.0;-213;-18
93.0;314;?;-778.0;-1006.0;-314;-29
182.0;483;-878.0;?;-980.0;?;-71
?;2001;-889.0;-833.0;?;-2001;-146
101.0;2531;-942.0;-941.0;-985.0;-2531;-86
-21.0;2754;-994.0;-977.0;-961.0;-2754;-191
?;3861;-994.0;-906.0;-979.0;?;-285
-95.0;4130;-923.0;?;-882.0;-4130;21
-98.0;4162;-895.0;-871.0;-816.0;-4162;51
-44.0;3205;?;-850.0;-784.0;-3205;-193
?;?;?;-805.0;?;-3346;-186
-168.0;2013;-906.0;-852.0;-821.0;-2013;-233
?;-2105;-850.0;-846.0;-720.0;2105;-384
-191.0;-3389;-888.0;-840.0;-760.0;3389;-131
-199.0;-3276;-903.0;-831.0;-866.0;3276;371
-189.0;-2065;-941.0;-867.0;-949.0;2065;481
-193.0;-899;-948.0;?;-934.0;899;299
-194.0;-1006;-935.0;-798.0;-915.0;1006;94
-128.0;-1275;-930.0;-846.0;-937.0;?;2
-119.0;-2593;-916.0;-878.0;-919.0;2593;136
-142.0;-3024;-933.0;-851.0;-941.0;3024;?
-143.0;-2847;-923.0;-813.0;-987.0;2847;269
?;-2990;-908.0;-791.0;-992.0;?;197
-158.0;-3076;?;-845.0;-964.0;3076;125
-86.0;-2766;-904.0;-805.0;?;?;18
-319.0;-1964;-873.0;-801.0;-949.0;1964;-136
401.0;-2007;-823.0;?;-905.0;2007;-99
852.0;-1576;-776.0;-714.0;-892.0;1576;-300
1.0;-1821;-755.0;-674.0;?;1821;-182
?;-741;-722.0;-660.0;-859.0;741;?
81.0;459;-688.0;-655.0;?;-459;621
154.0;-8;-719.0;-722.0;-795.0;8;583
?;4280;?;-786.0;-879.0;-4280;495
9.0;4640;-896.0;-856.0;-957.0;-4640;-554
-60.0;458;-942.0;-938.0;-991.0;-458;-599
27.0;431;-985.0;-1004.0;?;-431;227
-8.0;126;-977.0;-1038.0;-1005.0;-126;-17
?;-129;-959.0;-1022.0;-999.0;129;-56
-261.0;90;-969.0;?;-997.0;-90;74
-162.0;-95;?;-958.0;-964.0;?;?
-210.0;70;-946.0;-931.0;?;-70;?
-320.0;-4433;-952.0;-996.0;?;4433;1168
-282.0;-2941;?;-1006.0;?;?;774
-335.0;-4689;-993.0;-1033.0;-986.0;?;497
-218.0;-4734;-980.0;-1054.0;?;4734;-93
?;-5278;-973.0;-1023.0;-1029.0;5278;?
-172.0;-5150;-1203.0;-1043.0;-1175.0;?;-327
-173.0;-4385;-1244.0;-1155.0;-1300.0;4385;-718
-136.0;-4632;-1157.0;-1064.0;-1307.0;4632;-631
-91.0;-3243;-975.0;-866.0;-1193.0;3243;-1158
-70.0;-4397;-840.0;-725.0;-1034.0;4397;?
-71.0;-5442;-877.0;-857.0;-907.0;5442;?
-19.0;2375;-855.0;?;-981.0;-2375;1709
-66.0;7259;-994.0;-1057.0;-996.0;-7259;909
12.0;3663;-971.0;-1045.0;-1014.0;-3663;-250
?;964;-900.0;?;-895.0;-964;?
-111.0;?;-853.0;?;?;-681;508
135.0;358;-821.0;-863.0;-768.0;-358;-102
64.0;17;-811.0;-836.0;-727.0;-17;-54
25.0;73;-842.0;-799.0;-770.0;?;11
6.0;?;-862.0;-836.0;-790.0;-139;-193
5.0;120;-838.0;-775.0;-830.0;-120;39
-144.0;67;?;-758.0;-871.0;-67;-43
11.0;72;-854.0;-683.0;-916.0;-72;-28
126.0;87;?;?;-960.0;-87;5
31.0;14;-961.0;?;-1074.0;-14;-21
62.0;-29;-1194.0;-962.0;-1162.0;29;-4
107.0;10;-1265.0;-1122.0;-1357.0;-10;?
151.0;?;-1313.0;-1246.0;?;23;-2
98.0;?;-1267.0;-1410.0;-1165.0;39;44
69.0;-14;-1019.0;-1265.0;?;14;58
71.0;-81;?;-992.0;-696.0;81;-1
53.0;?;-943.0;-1094.0;-740.0;9;-46
82.0;-257;-1060.0;-1220.0;-891.0;257;-1
83.0;?;-1054.0;-1154.0;?;52;-30
185.0;939;-941.0;?;-703.0;-939;-116
151.0;966;-857.0;-1015.0;?;-966;-46
-279.0;666;-810.0;?;-713.0;-666;28
-269.0;481;-863.0;-956.0;-697.0;?;51
7.0;164;-895.0;-972.0;-667.0;-164;40
?;386;-897.0;-1044.0;-706.0;-386;-16
-217.0;502;-940.0;?;-716.0;-502;-15
-182.0;?;-861.0;-896.0;-714.0;-484;-16
-139.0;608;-850.0;-884.0;-713.0;-608;-70
?;?;?;-890.0;-845.0;-226;-197
-167.0;?;-1014.0;-949.0;-949.0;349;-78
?;-28;-1309.0;-1025.0;-1080.0;28;190
-195.0;?;-910.0;-912.0;-1041.0;-672;61
-225.0;993;-876.0;-1046.0;-982.0;-993;-39
-232.0;1361;-948.0;-942.0;-1061.0;-1361;114
-215.0;1227;?;-964.0;-940.0;-1227;-1
?;1089;-917.0;-945.0;-877.0;-1089;-219
-216.0;1049;-910.0;-912.0;-868.0;-1049;-189
-136.0;257;-955.0;-1091.0;-874.0;-257;-15
-125.0;92;-936.0;-1097.0;-823.0;-92;151
-200.0;324;-913.0;-1180.0;-767.0;-324;189
-185.0;583;-888.0;?;-762.0;-583;371
-199.0;286;-878.0;-1044.0;-784.0;-286;218
-253.0;-1086;-816.0;-1031.0;-812.0;1086;-292
-214.0;-1178;-846.0;-944.0;-792.0;?;-205
-215.0;-241;-836.0;-914.0;?;241;-101
-156.0;51;-849.0;-942.0;-923.0;-51;-116
-237.0;-34;-837.0;-909.0;-903.0;?;18
-186.0;?;-827.0;-929.0;-935.0;43;-8
-146.0;-25;-840.0;-964.0;-960.0;25;-26
-129.0;-4;-891.0;-1001.0;-984.0;4;-8
-173.0;50;-905.0;-1057.0;-916.0;?;-16
-126.0;59;?;-1003.0;-930.0;-59;-26
-208.0;33;-850.0;-947.0;-911.0;-33;-27
-212.0;31;-793.0;-919.0;-844.0;-31;-13
-156.0;31;-770.0;-955.0;-820.0;-31;?
-110.0;3;-793.0;-995.0;-784.0;-3;-15
-148.0;-3;-805.0;-904.0;?;3;-16
-149.0;-11;-823.0;-864.0;-750.0;?;?
-131.0;-27;-837.0;-937.0;-806.0;27;-50
?;2;-720.0;-947.0;-755.0;-2;-42
-130.0;30;-713.0;-913.0;-718.0;-30;-11
-249.0;20;-734.0;-973.0;-780.0;-20;-39
-185.0;33;-765.0;-1002.0;-994.0;-33;?
-191.0;71;-747.0;-908.0;-1028.0;-71;1
-220.0;83;?;?;-835.0;-83;-24
-322.0;47;-659.0;-888.0;?;-47;-28
-213.0;?;-672.0;-880.0;-1045.0;-1;-39
-222.0;-6;-663.0;-873.0;?;6;-23
-189.0;-4;-625.0;-882.0;-948.0;4;-16
-205.0;?;?;-911.0;?;22;-19
-352.0;?;-638.0;-921.0;-1036.0;23;-9
-282.0;-26;-622.0;-883.0;-1049.0;26;-20
-290.0;-35;-565.0;-862.0;-1052.0;?;-25
-267.0;-46;-501.0;-825.0;-1056.0;46;-27
-252.0;-84;-512.0;-814.0;-1024.0;84;-28
-295.0;-73;-500.0;-804.0;-980.0;73;-23
-278.0;0;-529.0;?;-938.0;0;-20
?;-16;-565.0;-894.0;-932.0;16;-22
-275.0;-49;-598.0;-922.0;-906.0;49;-41
-231.0;?;-577.0;-892.0;-972.0;61;-35
-286.0;-106;-609.0;?;-1026.0;106;1
-379.0;154;-555.0;-818.0;?;-154;-64
-357.0;282;-496.0;-755.0;-1120.0;?;-103
-289.0;-102;-460.0;-729.0;-1111.0;102;-44
-299.0;?;-459.0;-704.0;-1062.0;275;-66
-380.0;-316;-531.0;-742.0;-1019.0;316;-19
-465.0;-293;-477.0;-709.0;-1021.0;293;150
-476.0;321;?;-722.0;-1045.0;-321;216
?;385;-480.0;-762.0;-969.0;-385;6
-577.0;-254;-439.0;-797.0;-917.0;254;-184
-638.0;-152;-384.0;-782.0;-951.0;152;-24
-597.0;15;-431.0;-736.0;-931.0;-15;56
-602.0;-168;-400.0;-695.0;-906.0;168;-24
-526.0;-254;-352.0;-705.0;?;254;-4
-572.0;-268;-293.0;-713.0;-891.0;268;-26
-514.0;-181;?;-672.0;-860.0;181;-80
-453.0;-234;-204.0;-577.0;-892.0;234;-20
-432.0;-187;-241.0;-562.0;-981.0;187;16
-433.0;42;?;-640.0;-978.0;-42;-19
-407.0;24;-200.0;?;-918.0;-24;96
-365.0;325;-282.0;-635.0;-956.0;?;15
-371.0;755;-218.0;-698.0;-919.0;-755;?
-325.0;408;-213.0;-696.0;-858.0;?;-46
-332.0;183;-213.0;?;-829.0;-183;-9
-362.0;165;-228.0;-702.0;-826.0;-165;-90
-398.0;-27;-229.0;?;?;27;-11
-416.0;-9;-204.0;-565.0;-862.0;9;-31
-445.0;-19;?;-515.0;-912.0;19;-29
?;-31;-196.0;-478.0;-890.0;31;-19
-446.0;-30;-192.0;-481.0;?;30;-32
-464.0;-22;-199.0;-478.0;-870.0;22;-20
-447.0;9;-205.0;-478.0;?;-9;-19
-464.0;-14;-217.0;-494.0;-845.0;14;-14
-443.0;14;-220.0;-488.0;-885.0;?;-17
-430.0;25;-224.0;-525.0;-870.0;-25;-29
-400.0;15;-223.0;-544.0;-898.0;-15;-24
-404.0;19;-248.0;-524.0;-896.0;-19;-14
?;5;-253.0;-539.0;-912.0;-5;-21
?;20;-251.0;-527.0;-931.0;-20;-27
-463.0;24;-237.0;-533.0;-924.0;-24;-18
-439.0;-14;-242.0;-546.0;-919.0;?;-12
-453.0;?;-241.0;-564.0;-888.0;?;-25
-428.0;41;-238.0;-556.0;-892.0;-41;-26
-434.0;-2;-254.0;-536.0;-886.0;2;-19
-425.0;-14;-250.0;-545.0;-880.0;14;-19
-435.0;?;-243.0;?;-869.0;4;-18
-437.0;-3;-257.0;-534.0;-865.0;3;-28
-460.0;0;?;-523.0;-902.0;0;-26
-466.0;16;-275.0;-513.0;-890.0;-16;-22
-446.0;30;-272.0;-515.0;-882.0;-30;-27
-455.0;8;-274.0;?;-890.0;-8;-18
-433.0;10;-277.0;-503.0;-873.0;-10;-17
-432.0;46;-263.0;-493.0;-901.0;-46;-24
-465.0;14;-281.0;?;-890.0;-14;-24
-470.0;0;-295.0;-487.0;?;0;-22
-445.0;-9;-285.0;-509.0;?;9;-19
?;?;-282.0;-513.0;-874.0;15;-17
-449.0;66;?;-521.0;-877.0;-66;-25
-480.0;?;-280.0;?;-884.0;-49;-35
-487.0;76;-275.0;?;-881.0;-76;-29
?;134;-272.0;-522.0;-873.0;-134;-9
-509.0;?;?;-545.0;-874.0;-123;?
-535.0;?;?;-516.0;-886.0;-209;-77
?;179;-275.0;-531.0;-891.0;?;-49
?;8;-277.0;-536.0;-873.0;-8;22
-482.0;-80;-276.0;-534.0;-901.0;80;-8
-485.0;-122;-275.0;-539.0;-919.0;122;25
-423.0;-403;-273.0;-536.0;-889.0;403;2
-446.0;-716;-273.0;-546.0;-908.0;716;-39
-441.0;-547;-264.0;-566.0;-922.0;547;193
-411.0;-236;?;-571.0;-927.0;236;151
-389.0;?;-245.0;-582.0;-932.0;151;-36
-392.0;-161;-239.0;-596.0;-939.0;161;-7
-374.0;-151;-230.0;-572.0;-953.0;?;-24
-318.0;-69;-237.0;-573.0;-893.0;69;-29
-276.0;-2;-229.0;-569.0;?;2;-31
?;24;-220.0;-535.0;-900.0;?;?
-120.0;22;?;-516.0;-896.0;-22;-29
?;-26;-201.0;?;-888.0;26;-32
-47.0;-22;-207.0;-511.0;-859.0;22;-10
-12.0;10;-193.0;-499.0;-847.0;-10;-23
-32.0;-34;-199.0;-517.0;-814.0;34;-28
-11.0;-39;-234.0;?;-811.0;39;-29
11.0;?;-243.0;-602.0;-834.0;?;-30
?;-35;-374.0;-643.0;-897.0;35;-23
18.0;-13;?;-688.0;-946.0;?;-26
-2.0;4;-287.0;-815.0;-984.0;-4;-23
33.0;35;-612.0;-867.0;-1019.0;-35;-28
-12.0;28;-735.0;-871.0;-1056.0;?;-29
-52.0;1;-752.0;?;-1076.0;-1;-18
-16.0;-6;-672.0;-853.0;-1049.0;6;-14
-16.0;-25;-662.0;-835.0;?;25;-17
-40.0;?;?;-839.0;-940.0;15;-28
-33.0;-33;-707.0;?;-987.0;33;-28
-39.0;-46;-714.0;-838.0;-856.0;46;?
?;16;-738.0;-844.0;-892.0;-16;-31
-168.0;66;-745.0;-868.0;-897.0;-66;-12
-50.0;53;-746.0;-857.0;-877.0;-53;?
-95.0;79;-745.0;-859.0;-823.0;-79;-92
-79.0;114;-757.0;-870.0;-846.0;-114;52
?;-17;-743.0;-869.0;-838.0;17;31
?;-73;-744.0;-847.0;-830.0;73;47
-158.0;-99;-719.0;-810.0;-830.0;99;54
-143.0;-45;?;-800.0;-831.0;45;-263
-180.0;446;-700.0;-800.0;-816.0;-446;-197
-171.0;446;-733.0;-841.0;-849.0;-446;82
-184.0;-436;-644.0;-806.0;-882.0;436;168
-143.0;-1135;-628.0;-742.0;?;1135;?
-162.0;-1056;-663.0;-828.0;-855.0;?;176
?;-1118;-665.0;-862.0;-880.0;1118;207
-113.0;-1472;-653.0;?;-853.0;1472;-452
-99.0;-1022;-609.0;-819.0;-809.0;1022;?
-132.0;-710;-573.0;-793.0;-794.0;710;?
-134.0;-487;-612.0;-737.0;-785.0;487;-342
?;101;-711.0;-819.0;-789.0;-101;166
-87.0;65;-851.0;?;-839.0;-65;-10
-101.0;16;-914.0;-1031.0;?;-16;-113
-98.0;13;-890.0;-1051.0;-929.0;-13;19
-48.0;-45;-888.0;-1026.0;?;45;-45
-50.0;64;-872.0;-967.0;-911.0;-64;-13
71.0;39;-867.0;?;-937.0;-39;-27
69.0;39;?;?;-944.0;-39;-34
93.0;10;-838.0;-919.0;-910.0;-10;-18
77.0;10;-826.0;-906.0;-856.0;-10;-19
98.0;27;-815.0;-902.0;-820.0;-27;-18
?;-8;-833.0;-935.0;-781.0;8;-16
136.0;-3;-945.0;-1039.0;-795.0;3;-17
155.0;-4;?;-1030.0;-862.0;4;-23
66.0;10;?;-915.0;-834.0;-10;-26
62.0;-19;-865.0;-882.0;-846.0;19;-20
93.0;-54;-871.0;-804.0;-859.0;54;-21
?;-46;-949.0;-1124.0;-841.0;?;-31
?;-47;-1009.0;-1194.0;?;47;-29
150.0;-20;-978.0;-1021.0;-825.0;20;-21
103.0;-3;-951.0;-991.0;-893.0;3;?
135.0;?;-949.0;?;-849.0;-1;-23
?;10;?;-993.0;-810.0;?;-23
127.0;7;?;-951.0;-799.0;-7;-23
143.0;-3;-897.0;-976.0;-780.0;3;-23
?;-7;-906.0;-1002.0;-738.0;7;-20
143.0;?;-932.0;-991.0;?;-17;?
142.0;9;-961.0;-993.0;-792.0;-9;-24
149.0;22;-976.0;-1035.0;-824.0;-22;?
86.0;65;-963.0;-1046.0;-804.0;-65;-17
?;43;-997.0;-1120.0;-822.0;-43;-23
79.0;19;-1016.0;-1004.0;-827.0;?;-23
114.0;20;-961.0;-1008.0;-840.0;-20;-25
94.0;13;-1001.0;-1156.0;?;-13;-20
78.0;?;-984.0;-1063.0;-792.0;14;-21
17.0;-21;-977.0;-1044.0;-783.0;21;-31
81.0;16;-960.0;-1023.0;-776.0;-16;-23
90.0;24;-949.0;-1080.0;-781.0;-24;-15
?;5;-929.0;-1125.0;-794.0;-5;-17
137.0;-7;-903.0;-1120.0;-825.0;7;-19
149.0;1;-886.0;-1225.0;-857.0;-1;-23
83.0;-6;-939.0;-1152.0;-828.0;6;-25
39.0;?;-996.0;-949.0;?;25;-28
71.0;-20;-989.0;-892.0;-839.0;20;-30
20.0;-46;-960.0;-773.0;-834.0;46;-23
76.0;-24;-948.0;-905.0;-843.0;24;-20
49.0;5;-967.0;-892.0;-811.0;-5;-27
40.0;-51;-957.0;-912.0;?;51;-20
40.0;-53;-990.0;-1003.0;?;53;-14
46.0;?;-1021.0;-1051.0;-859.0;6;-23
38.0;13;-1017.0;-1055.0;-887.0;-13;-19
30.0;0;?;-992.0;?;0;-17
44.0;36;?;-926.0;-958.0;?;-24
3.0;49;-951.0;-912.0;-975.0;-49;?
40.0;47;-1009.0;?;-1008.0;?;-16
46.0;195;-1017.0;?;-1008.0;-195;-20
66.0;189;-976.0;-960.0;-981.0;?;-38
81.0;506;?;-949.0;-969.0;-506;-26
97.0;1212;-1015.0;-1002.0;-999.0;-1212;?
?;2815;-1028.0;-1046.0;-1018.0;-2815;-76
113.0;4667;?;-1015.0;-1008.0;-4667;-225
88.0;5275;-982.0;-1023.0;-964.0;-5275;-561
-138.0;5984;-975.0;-1011.0;-934.0;?;-166
?;3517;?;?;-938.0;-3517;?
-52.0;-475;-973.0;?;-955.0;475;625
-240.0;-962;-960.0;-967.0;-926.0;962;705
-391.0;-1769;-948.0;-974.0;-854.0;1769;808
-354.0;-3166;-891.0;-910.0;-831.0;3166;701
-334.0;-3769;-949.0;?;?;3769;513
-228.0;-4289;?;-967.0;-828.0;4289;340
?;-4526;-921.0;-985.0;-859.0;4526;75
-149.0;-4585;-1032.0;-1036.0;-941.0;4585;-527
-81.0;-4783;-1070.0;-1056.0;-1085.0;4783;-854
-127.0;-4760;-1079.0;-969.0;-1161.0;4760;-706
-87.0;-3226;-1031.0;-965.0;-1191.0;3226;-965
?;-3444;-918.0;-949.0;-1098.0;3444;?
-51.0;-1730;-959.0;-923.0;-995.0;1730;2313
-54.0;4587;-963.0;-1002.0;?;-4587;2233
-50.0;5458;-1004.0;-1056.0;-1085.0;-5458;211
8.0;2089;-952.0;-983.0;?;-2089;-788
-58.0;1138;-856.0;-871.0;-834.0;-1138;-523
-39.0;707;?;-797.0;?;-707;?
178.0;111;-782.0;?;-737.0;-111;-102
?;117;-823.0;-866.0;-745.0;-117;?
-357.0;132;-894.0;-969.0;?;-132;-22
-272.0;95;-914.0;-1033.0;-849.0;-95;-38
-12.0;139;-909.0;?;?;?;-21
-136.0;114;-871.0;?;-907.0;-114;-18
?;127;-875.0;-930.0;?;-127;?
-119.0;105;-936.0;-950.0;-987.0;-105;-11
-71.0;91;?;-942.0;-1134.0;-91;-13
-41.0;16;-1308.0;?;?;-16;-27
30.0;295;-1263.0;-1232.0;-1338.0;-295;3
23.0;?;-1227.0;-1220.0;-1082.0;-505;-47
?;1342;-1030.0;-1170.0;-820.0;-1342;-12
?;2101;-940.0;-958.0;-859.0;-2101;-22
-77.0;1754;-1103.0;-1057.0;-853.0;-1754;-120
-144.0;5048;-1058.0;-1288.0;-933.0;-5048;-287
4.0;9743;-953.0;-1143.0;?;-9743;-1861
74.0;7710;-860.0;-893.0;-802.0;?;-258
-270.0;5136;-696.0;-637.0;-682.0;-5136;1621
-478.0;4311;?;?;-638.0;-4311;-1026
-44.0;-2110;-726.0;-716.0;-645.0;2110;375
-164.0;-5529;?;?;-701.0;5529;1809
-227.0;-4408;-837.0;-709.0;-784.0;4408;83
-200.0;-5594;-840.0;-791.0;-803.0;5594;362
-74.0;-5641;-965.0;-910.0;-912.0;5641;-58
-78.0;-5687;-1121.0;-1038.0;-975.0;5687;-690
-109.0;-6368;-1141.0;-1277.0;-1138.0;6368;-963
-211.0;-6058;?;-1255.0;?;?;-1826
-84.0;-5737;-1356.0;-1220.0;-1283.0;5737;615
-110.0;-2335;-1275.0;-1159.0;?;?;1528
-73.0;2979;?;-914.0;-1134.0;?;1418
-35.0;3429;-942.0;-842.0;-1069.0;-3429;3390
34.0;2080;-1114.0;-1074.0;-1123.0;-2080;-1414
-98.0;2693;-1054.0;-1129.0;-1208.0;-2693;-2553
-93.0;1914;-996.0;-1061.0;-1144.0;?;956
217.0;323;-853.0;-854.0;-929.0;-323;-524
-168.0;162;-690.0;-717.0;-789.0;-162;-146
-461.0;213;-674.0;-713.0;-687.0;-213;179
-391.0;112;-676.0;-741.0;-632.0;-112;-230
?;161;-702.0;-770.0;?;-161;147
-222.0;137;-724.0;-760.0;-729.0;-137;-88
-174.0;187;-720.0;-731.0;-772.0;-187;-2
?;87;-826.0;-766.0;?;-87;-12
-173.0;36;-1030.0;-922.0;-1062.0;-36;-12
-117.0;?;-1034.0;-1095.0;-1137.0;-226;-47
?;254;-1402.0;?;-1192.0;-254;76
26.0;659;-1450.0;-1477.0;-1404.0;-659;-119
-33.0;1441;-992.0;?;-895.0;-1441;-8
-70.0;2511;-1010.0;-1002.0;-768.0;-2511;24
-12.0;3882;?;-1162.0;-1152.0;?;-282
?;5101;-1153.0;-1167.0;-1189.0;-5101;565
144.0;?;-985.0;?;?;-7554;-1147
80.0;6744;-870.0;-870.0;-852.0;-6744;-623
-253.0;335;-713.0;-685.0;-738.0;?;3023
-165.0;-3465;-650.0;?;-662.0;3465;1646
-481.0;-3456;-656.0;-546.0;-676.0;3456;929
-370.0;-3809;-700.0;-613.0;-749.0;?;1485
-157.0;-4625;-763.0;-690.0;-795.0;4625;501
36.0;-5342;-842.0;-844.0;-875.0;?;404
-152.0;-5907;-991.0;-1022.0;-1001.0;5907;109
-105.0;?;-1036.0;-1128.0;-1072.0;5822;?
-80.0;?;-1072.0;?;-1056.0;5621;-217
-54.0;-6029;-926.0;?;-1056.0;6029;-867
-151.0;-6066;-1342.0;-1151.0;-1088.0;6066;-1496
-48.0;?;-1274.0;-1266.0;-1317.0;4932;420
-51.0;-1115;-933.0;-964.0;-1038.0;1115;3013
-158.0;3690;-1043.0;-625.0;-1065.0;-3690;1894
-174.0;?;-1274.0;?;-1357.0;-4596;-283
51.0;3219;-1247.0;-1203.0;-1382.0;-3219;-191
-146.0;1627;-1135.0;-1151.0;-1286.0;?;?
-187.0;190;-957.0;-976.0;-1079.0;-190;-53
158.0;181;-782.0;-776.0;?;-181;-177
-334.0;185;-667.0;-669.0;-679.0;-185;-93
-407.0;120;-606.0;?;-578.0;-120;-60
-183.0;174;-580.0;-642.0;?;-174;-16
69.0;48;-636.0;-690.0;?;-48;3
-104.0;83;-732.0;?;-741.0;-83;-5
?;54;-784.0;-909.0;-796.0;?;-17
-131.0;28;?;-955.0;?;-28;11
-193.0;83;-1172.0;-988.0;-1166.0;-83;-13
-258.0;56;-1368.0;-1151.0;-1316.0;-56;-23
?;205;-1420.0;-1385.0;-1369.0;-205;-9
109.0;363;-1225.0;-1280.0;-1188.0;-363;10
?;918;-895.0;-1048.0;-883.0;-918;45
33.0;1775;?;-999.0;-923.0;-1775;-30
32.0;3129;-1219.0;-1142.0;-1066.0;-3129;?
-207.0;7593;-1133.0;-1166.0;-1027.0;-7593;-162
35.0;10159;-950.0;-982.0;-947.0;-10159;-1250
179.0;8526;-779.0;-789.0;-823.0;-8526;-1345
120.0;6125;-658.0;-604.0;-700.0;-6125;-543
-459.0;412;-646.0;-572.0;-668.0;-412;-935
-268.0;-4153;-676.0;-643.0;-685.0;4153;485
121.0;-4765;-714.0;?;-684.0;4765;1604
-541.0;-4485;-770.0;?;?;4485;609
-66.0;-4729;-823.0;-819.0;?;4729;859
-8.0;-5551;-957.0;-853.0;-824.0;5551;171
-122.0;-5845;-1017.0;-992.0;-866.0;?;-949
-256.0;-5682;-1073.0;-1074.0;-960.0;5682;-126
-62.0;-2132;-912.0;?;-1140.0;2132;-1583
-167.0;-2996;-1275.0;-1052.0;-1098.0;?;412
-114.0;-3142;-1235.0;-1159.0;-1155.0;3142;2704
-179.0;4617;-791.0;-876.0;-1010.0;-4617;?
?;3160;-1259.0;-679.0;-1210.0;-3160;-1249
88.0;490;?;-1108.0;-1466.0;-490;652
-56.0;2033;-1267.0;-1245.0;-1351.0;-2033;-1020
?;128;-1131.0;-1200.0;?;-128;-217
?;?;-892.0;-889.0;-938.0;5;-25
48.0;?;-1074.0;-803.0;-533.0;20;-24
-18.0;-14;-1115.0;-780.0;-660.0;14;-14
?;-49;-719.0;-908.0;-164.0;49;-24
168.0;-40;-977.0;-1143.0;-583.0;40;-29
37.0;?;-966.0;-1075.0;-817.0;3;?
-64.0;-44;-965.0;-970.0;-674.0;44;-28
-96.0;-49;-974.0;-933.0;-807.0;49;-22
-107.0;24;-979.0;-932.0;-887.0;-24;-24
?;37;-1009.0;-949.0;-857.0;-37;-28
-81.0;44;-991.0;-1052.0;?;-44;-30
-135.0;54;-1059.0;-1084.0;-778.0;-54;-74
-139.0;25;?;-990.0;-889.0;?;-49
-109.0;62;-948.0;-906.0;-911.0;-62;47
-142.0;42;-953.0;?;-872.0;-42;-72
-14.0;?;-956.0;-888.0;-829.0;122;38
123.0;-457;-938.0;-887.0;-775.0;457;-307
99.0;-1113;-976.0;-919.0;-735.0;1113;-649
26.0;-1355;-978.0;-966.0;-733.0;1355;538
?;-526;-968.0;-969.0;-740.0;526;737
0.0;272;-997.0;-1014.0;-786.0;-272;12
34.0;935;-1001.0;-1026.0;-877.0;-935;171
37.0;1244;-1023.0;-1063.0;-926.0;-1244;-21
-13.0;476;-1105.0;-1126.0;?;-476;-282
-47.0;68;?;-1048.0;-899.0;-68;?
45.0;163;-897.0;-926.0;?;-163;90
?;167;-975.0;-906.0;-889.0;-167;122
10.0;358;-1030.0;-970.0;-952.0;-358;74
62.0;332;-1040.0;-1011.0;-1008.0;-332;-89
66.0;88;-960.0;-989.0;-832.0;-88;-158
40.0;-18;-969.0;-971.0;-802.0;18;-55
40.0;-24;?;-972.0;-811.0;24;-12
?;-25;-1002.0;-1022.0;-808.0;25;-27
-14.0;-26;-993.0;-1000.0;-794.0;26;-21
-50.0;-25;-944.0;-949.0;-689.0;25;-23
-13.0;-22;-947.0;-936.0;-790.0;22;-24
?;-41;-973.0;-949.0;-845.0;41;-23
23.0;-15;-973.0;?;-825.0;15;-16
14.0;-29;-987.0;-1021.0;-921.0;29;-10
-7.0;-23;-1011.0;-999.0;-864.0;?;-19
11.0;61;-1011.0;-989.0;-853.0;-61;-21
-32.0;23;?;-1011.0;?;-23;-26
23.0;?;?;-1044.0;-842.0;-6;-40
?;?;-997.0;-1035.0;-870.0;-21;?
-25.0;9;-971.0;-965.0;-778.0;-9;-2
33.0;?;-966.0;-942.0;-735.0;-46;-5
69.0;52;?;-957.0;-708.0;-52;-32
15.0;51;-966.0;-992.0;-755.0;-51;-37
-10.0;38;-970.0;-991.0;?;-38;-23
10.0;1;-975.0;-976.0;-802.0;-1;-15
?;0;-971.0;-959.0;-869.0;0;-11
35.0;-6;?;-941.0;-855.0;6;-13
-47.0;-34;?;-937.0;-914.0;34;-19
-41.0;-16;-964.0;?;?;16;-15
-41.0;17;-973.0;-963.0;-776.0;-17;?
-2.0;19;-989.0;-946.0;-829.0;-19;?
-17.0;36;-1003.0;-971.0;-897.0;-36;-33
-26.0;14;-1041.0;-1034.0;-817.0;-14;-23
?;-34;-1016.0;-1028.0;-857.0;34;-21
-59.0;?;-996.0;-962.0;-810.0;17;-21
-56.0;-32;?;-952.0;-735.0;32;-20
-97.0;-42;-977.0;-957.0;-718.0;42;-17
-66.0;-7;-989.0;-953.0;-758.0;7;-19
-79.0;-15;-975.0;-924.0;-760.0;15;-22
-81.0;-15;?;-968.0;-795.0;15;-22
-102.0;-11;-995.0;-988.0;-753.0;11;-23
-100.0;-24;-990.0;-967.0;-728.0;24;-25
-101.0;-42;-977.0;-970.0;?;42;-24
-119.0;-30;-983.0;-966.0;-607.0;30;-21
-140.0;-26;-987.0;-954.0;-613.0;26;-21
-115.0;-48;-971.0;-953.0;?;48;-26
-107.0;-9;?;?;-638.0;9;-27
-101.0;11;-958.0;-959.0;-615.0;-11;-17
-97.0;-8;-953.0;-978.0;-637.0;8;-12
-121.0;-1;-964.0;-971.0;-683.0;?;-12
?;-3;-956.0;-950.0;-660.0;3;-12
-120.0;-3;-935.0;-941.0;-705.0;3;-14
-114.0;-4;-949.0;-929.0;-714.0;4;-8
-118.0;?;?;-938.0;-707.0;-6;?
-114.0;?;-943.0;-924.0;-717.0;-22;?
-101.0;2;?;-926.0;-720.0;-2;-20
-120.0;-24;-948.0;-905.0;-682.0;24;-24
-89.0;-27;-939.0;-923.0;-657.0;27;-24
-78.0;-16;?;?;-642.0;16;-19
-47.0;-23;-958.0;-956.0;-653.0;23;-16
?;?;-961.0;-958.0;-657.0;61;-15
-49.0;-64;-968.0;-964.0;-672.0;64;-15
-90.0;-16;-972.0;-983.0;-695.0;16;-20
-67.0;0;-971.0;-990.0;-666.0;?;-31
-61.0;-21;-924.0;?;-696.0;21;-16
-32.0;0;-926.0;?;-688.0;?;-24
-36.0;-49;-953.0;?;-640.0;49;-31
-21.0;5;-986.0;-972.0;-642.0;-5;-20
-29.0;20;-946.0;-1024.0;-628.0;-20;-29
39.0;?;-972.0;?;-690.0;73;-34
-69.0;174;-973.0;-1033.0;-851.0;-174;-57
?;-87;-981.0;-1031.0;?;87;9
-32.0;293;-948.0;-1009.0;-962.0;-293;-68
-77.0;-40;-969.0;-1005.0;-970.0;40;-6
-38.0;-117;-1013.0;-969.0;-982.0;?;5
-16.0;3631;-950.0;-960.0;-978.0;-3631;-415
-67.0;3905;-955.0;-994.0;-1173.0;-3905;-81
-109.0;427;-1003.0;?;-1138.0;-427;?
-64.0;?;-967.0;-1026.0;-1064.0;942;70
-308.0;-1633;-970.0;-1005.0;-1054.0;?;512
-338.0;-2169;-1015.0;-1010.0;-1049.0;2169;394
-283.0;?;-1046.0;-1035.0;-1048.0;2839;258
-216.0;-3346;-1027.0;-1021.0;-1096.0;3346;210
-150.0;-3002;-961.0;-960.0;-1050.0;3002;-47
-57.0;-3368;-917.0;-898.0;-906.0;3368;-209
-63.0;-4839;-863.0;?;-876.0;4839;-556
-70.0;-4891;-850.0;-848.0;?;4891;?
-137.0;?;-954.0;-859.0;-921.0;4060;-94
-142.0;-4684;-940.0;-898.0;-988.0;4684;-273
-151.0;-2572;-992.0;-858.0;-1019.0;2572;539
-107.0;1267;-1088.0;-978.0;-1162.0;-1267;1545
-101.0;3313;-1093.0;-1055.0;?;-3313;235
-125.0;4181;?;-1087.0;-1141.0;-4181;-1033
-168.0;1930;-953.0;-981.0;-1013.0;-1930;-488
?;555;-907.0;-858.0;-936.0;-555;-117
3.0;848;-845.0;-769.0;-903.0;-848;-285
-62.0;-71;-815.0;-794.0;-926.0;71;-138
-86.0;24;-845.0;-839.0;-948.0;-24;-31
-321.0;134;-891.0;-924.0;?;-134;-30
-260.0;3;-897.0;-950.0;-974.0;-3;-5
92.0;148;-883.0;-925.0;-973.0;-148;?
124.0;91;-898.0;-900.0;-971.0;-91;4
-98.0;97;-986.0;-912.0;-1000.0;-97;8
-91.0;85;-1007.0;-965.0;?;-85;3
-132.0;?;-997.0;-1030.0;-1058.0;-67;-17
?;43;-1233.0;-1206.0;?;-43;18
44.0;122;-1213.0;-1220.0;?;-122;-3
73.0;172;-1062.0;-1131.0;?;-172;-57
57.0;359;-983.0;-1073.0;?;-359;13
91.0;619;-1016.0;-1082.0;-734.0;-619;-16
50.0;1221;-1098.0;-1125.0;-838.0;?;-110
76.0;2527;-1183.0;-1178.0;-1037.0;-2527;-5
-96.0;3035;-1093.0;-1145.0;-1066.0;-3035;-126
-117.0;5359;-975.0;-1001.0;-889.0;-5359;188
35.0;8637;-832.0;-869.0;-775.0;-8637;-794
306.0;8545;-733.0;?;-690.0;-8545;-1409
-88.0;5796;-710.0;-653.0;-675.0;-5796;1492
-316.0;-142;-751.0;-644.0;?;142;1832
?;?;-794.0;-695.0;-777.0;3701;709
34.0;-3403;?;-759.0;-799.0;3403;1322
-284.0;-4000;?;?;-811.0;4000;1033
-182.0;-4277;-954.0;-963.0;-891.0;4277;822
-138.0;-5008;-1021.0;-1071.0;-981.0;5008;?
7.0;-6063;?;-1139.0;?;6063;-219
-10.0;-5797;-1010.0;-1139.0;-1067.0;5797;-76
-137.0;-5759;-1066.0;-1121.0;-1094.0;5759;-375
-162.0;-4756;-1265.0;-1288.0;-1332.0;4756;-1304
-122.0;-4192;-1226.0;-1199.0;-1319.0;4192;-1237
-3.0;-4797;-979.0;-941.0;-1204.0;4797;1150
49.0;?;-978.0;-804.0;-1049.0;?;3100
?;7344;-1017.0;-868.0;-1096.0;-7344;3044
19.0;4385;-1012.0;-963.0;?;-4385;3289
?;452;-1095.0;?;-1185.0;-452;2816
-231.0;?;?;-971.0;-1057.0;-425;554
9.0;321;-864.0;-842.0;-871.0;-321;-286
366.0;19;-775.0;-762.0;-760.0;?;17
-270.0;167;-749.0;-780.0;-712.0;-167;-77
-89.0;62;-757.0;?;-717.0;-62;-11
-55.0;129;-778.0;-837.0;-738.0;-129;-29
-61.0;186;-796.0;-884.0;-833.0;-186;?
0.0;?;-831.0;-907.0;-866.0;-122;-3
30.0;82;-865.0;-941.0;-953.0;-82;-8
-81.0;-16;-963.0;-933.0;-973.0;16;-1
67.0;-26;-1164.0;-1077.0;-1117.0;26;-12
?;6;-1225.0;?;?;-6;?
153.0;51;-1217.0;-1221.0;-1274.0;-51;-48
131.0;115;-1159.0;-1241.0;-1238.0;-115;10
148.0;?;-1031.0;-1161.0;-1000.0;-580;-119
142.0;710;-1096.0;-1068.0;-916.0;-710;37
?;1650;-1164.0;-1116.0;-1034.0;-1650;-117
136.0;3034;-1133.0;-1272.0;-1082.0;-3034;-69
39.0;4653;?;-1160.0;-958.0;-4653;290
-48.0;8295;-907.0;-886.0;?;-8295;-1281
303.0;8330;?;-751.0;-727.0;?;-1259
-143.0;7569;-744.0;-701.0;-682.0;-7569;-481
?;5026;-769.0;-702.0;-705.0;-5026;-371
?;-2988;-867.0;-780.0;-730.0;2988;1325
?;-4666;-931.0;-885.0;-824.0;4666;1488
-255.0;-3195;-960.0;-905.0;-888.0;3195;?
-85.0;-5022;-974.0;-925.0;-909.0;5022;849
-102.0;-5803;-982.0;-972.0;-896.0;?;-377
43.0;-6462;-974.0;-1030.0;-919.0;6462;-400
34.0;-6287;-992.0;-1100.0;-936.0;6287;-853
-72.0;-5583;-1110.0;-1245.0;-1112.0;5583;-1283
-123.0;?;-1417.0;-1327.0;-1273.0;6276;-1340
-34.0;-3606;-1113.0;-1168.0;?;3606;652
-49.0;-2693;-953.0;-732.0;-1135.0;2693;4256
?;-1993;?;-480.0;-887.0;1993;3203
12.0;4709;-947.0;-700.0;-1012.0;?;-657
44.0;5592;?;-960.0;-1138.0;-5592;-1922
-316.0;3749;-1150.0;-1036.0;-1192.0;-3749;-3131
293.0;2404;-961.0;-906.0;-1015.0;-2404;-2174
?;?;?;-813.0;-827.0;385;352
-283.0;122;-711.0;-819.0;-726.0;-122;-47
?;179;-737.0;-852.0;-669.0;-179;-94
-250.0;-16;-799.0;-890.0;-682.0;16;117
6.0;312;-845.0;-929.0;-768.0;-312;?
?;49;-801.0;-904.0;?;-49;81
-84.0;110;-862.0;-865.0;-851.0;-110;-33
10.0;62;?;-866.0;-961.0;-62;6
?;108;-1133.0;-1010.0;-1110.0;-108;25
16.0;216;-1270.0;-1177.0;-1237.0;-216;?
-132.0;4103;-1005.0;-720.0;-1251.0;-4103;-1243
-42.0;?;-1094.0;-1066.0;-1341.0;-4611;710
-151.0;4090;-1137.0;-1066.0;-1289.0;-4090;-1052
-69.0;3484;-1024.0;-1075.0;-1211.0;-3484;-1312
-6.0;1514;-920.0;-920.0;-1104.0;-1514;?
-203.0;313;-743.0;?;-997.0;-313;-313
-330.0;212;-719.0;?;-884.0;-212;87
-176.0;90;-663.0;-629.0;-741.0;-90;107
-238.0;84;-611.0;-641.0;-682.0;-84;-70
-229.0;90;-604.0;-625.0;-741.0;-90;113
-224.0;-18;-589.0;-588.0;-768.0;18;-12
-136.0;46;-629.0;-630.0;-819.0;-46;55
-222.0;?;-681.0;-698.0;-801.0;-34;30
-301.0;-73;-755.0;-747.0;-818.0;?;18
-230.0;-37;-766.0;-816.0;-949.0;37;29
-352.0;28;-814.0;-916.0;-979.0;-28;36
-294.0;-1;-740.0;?;-863.0;1;32
-384.0;-14;?;-564.0;-732.0;?;19
-298.0;-49;-540.0;-676.0;-950.0;49;8
-367.0;?;-697.0;-761.0;-953.0;128;?
-402.0;-110;-767.0;-675.0;-1006.0;110;3
-367.0;-86;-619.0;-589.0;-1100.0;86;-3
?;-131;-405.0;?;-1025.0;131;-6
-427.0;-126;-535.0;-552.0;-1044.0;?;-9
-294.0;-80;-500.0;-458.0;-986.0;80;-11
-328.0;-74;-472.0;-421.0;-1027.0;?;-11
?;-99;?;?;-1147.0;99;-11
-466.0;-91;-530.0;-432.0;-1192.0;91;-14
?;-75;-475.0;-436.0;-1125.0;?;-27
-348.0;-52;-430.0;-441.0;-1113.0;52;-15
-358.0;-36;-355.0;?;-1053.0;36;-15
-352.0;-56;-349.0;-354.0;-1066.0;56;-30
-375.0;-66;-340.0;?;-1035.0;66;-4
-353.0;-92;-338.0;?;-944.0;92;-43
-382.0;-11;-341.0;-300.0;-974.0;11;-19
-250.0;-884;-170.0;-500.0;-1043.0;884;-148
-277.0;-964;-201.0;-546.0;-1078.0;964;-175
-250.0;-952;-224.0;-503.0;-963.0;952;228
-267.0;?;-251.0;-511.0;-942.0;533;173
-261.0;-218;-242.0;-511.0;-838.0;218;222
-251.0;199;-234.0;-538.0;?;-199;34
-262.0;581;-201.0;-537.0;-774.0;-581;26
-332.0;688;-179.0;-468.0;-776.0;-688;610
-291.0;2181;-202.0;-463.0;-865.0;-2181;-1033
-255.0;1780;-192.0;-472.0;-861.0;?;-1169
-272.0;119;-205.0;?;-802.0;-119;242
-365.0;388;-212.0;-439.0;-768.0;-388;?
-395.0;183;-208.0;-439.0;-738.0;-183;-27
-518.0;-87;?;-436.0;-781.0;87;66
-535.0;48;-225.0;-419.0;-855.0;-48;-132
-509.0;-28;-189.0;-412.0;-704.0;28;30
-426.0;50;-138.0;-397.0;-652.0;-50;-45
-475.0;46;-124.0;-381.0;-772.0;-46;-10
-501.0;9;-122.0;-375.0;-830.0;-9;-11
-450.0;9;-113.0;-340.0;-781.0;-9;-39
-460.0;2;-122.0;-322.0;-665.0;-2;?
-458.0;?;-139.0;-317.0;-817.0;6;?
-475.0;-6;?;-330.0;-873.0;6;-24
-490.0;?;-204.0;-414.0;-892.0;25;-22
-468.0;-7;-223.0;-467.0;-982.0;7;-6
-456.0;0;-206.0;-487.0;-1001.0;0;-16
?;-41;-186.0;-468.0;-1029.0;41;?
-455.0;-7;-214.0;-464.0;-1068.0;?;-17
-424.0;48;-209.0;-413.0;-1104.0;-48;-7
-426.0;41;-181.0;-391.0;-1031.0;-41;-7
-423.0;41;-189.0;-386.0;-978.0;-41;?
-414.0;8;-201.0;-478.0;-943.0;-8;-17
-433.0;-37;-205.0;-509.0;-929.0;37;-17
-442.0;?;-185.0;-475.0;-935.0;-2;-15
-435.0;61;-195.0;-498.0;-969.0;-61;-21
-460.0;74;?;-518.0;-949.0;?;-17
-487.0;57;-191.0;-477.0;-932.0;?;-24
?;21;-177.0;-463.0;-871.0;-21;-36
?;1;?;-468.0;-814.0;-1;-25
-519.0;13;-146.0;-437.0;-818.0;-13;-14
-561.0;3;-111.0;-412.0;-837.0;-3;-17
?;-14;-114.0;-388.0;-815.0;14;-19
-535.0;-13;-111.0;-373.0;-794.0;13;-17
-567.0;-18;-104.0;-355.0;-804.0;18;-13
-537.0;?;?;-366.0;-841.0;-5;-18
-559.0;36;-97.0;-362.0;-908.0;?;-24
-540.0;?;-96.0;-362.0;-877.0;-13;-26
-547.0;-3;-85.0;-356.0;-827.0;3;-28
-561.0;-7;-87.0;-362.0;-831.0;7;?
-554.0;-47;?;-361.0;-924.0;?;-18
-582.0;-49;-80.0;-376.0;-876.0;49;-27
-578.0;-17;?;-392.0;?;17;-32
-594.0;-26;-96.0;-403.0;-802.0;26;-29
-608.0;4;-95.0;-427.0;-874.0;-4;-16
-614.0;26;-78.0;-431.0;-873.0;-26;?
-547.0;-58;-81.0;?;-833.0;58;-18
-529.0;-31;-59.0;-422.0;-824.0;31;-21
-458.0;?;-46.0;?;?;-20;-25
-432.0;-15;-31.0;-383.0;-789.0;15;-25
-446.0;-3;-17.0;-369.0;-847.0;3;-21
-355.0;-39;-17.0;?;-913.0;39;-15
-419.0;?;-37.0;-352.0;-846.0;?;-20
-398.0;18;-48.0;?;?;-18;-23
-383.0;5;-48.0;-413.0;-981.0;-5;-21
-359.0;9;?;-401.0;-874.0;-9;-22
-410.0;44;-60.0;-374.0;-767.0;-44;-23
-405.0;76;-117.0;-442.0;-688.0;-76;-23
-359.0;2;-83.0;-531.0;-654.0;-2;-23
-293.0;?;?;-522.0;-591.0;-172;-24
-286.0;269;-44.0;-567.0;-672.0;-269;-31
-260.0;61;34.0;-526.0;-873.0;-61;?
-210.0;34;-53.0;-556.0;-829.0;-34;1
-214.0;-83;?;-683.0;?;83;-10
-228.0;-296;-102.0;-706.0;-867.0;296;42
-235.0;-472;-128.0;-762.0;-764.0;472;-3
-213.0;?;-172.0;?;-859.0;416;-110
-221.0;-95;-161.0;-935.0;-944.0;95;-63
-147.0;-54;-167.0;-940.0;-883.0;54;-9
-137.0;-100;-126.0;-921.0;?;100;-17
-166.0;-80;-128.0;-928.0;?;80;-20
?;-100;-170.0;-886.0;-670.0;100;-19
-140.0;?;?;-865.0;-592.0;116;?
?;?;-208.0;-935.0;-602.0;112;-21
?;-48;-252.0;-1176.0;-510.0;?;-12
-140.0;-22;?;?;-663.0;22;-15
?;-20;-209.0;-857.0;-909.0;20;-20
-160.0;4;-254.0;?;-841.0;-4;-20
-111.0;-22;-257.0;-766.0;-713.0;22;-26
-130.0;-36;?;-815.0;-742.0;36;-26
-114.0;2;-276.0;-788.0;-752.0;-2;-17
-129.0;2;-283.0;-823.0;-750.0;-2;?
-132.0;6;-276.0;-916.0;-807.0;-6;-28
?;39;-299.0;-908.0;?;?;-28
-102.0;24;-321.0;-868.0;-764.0;-24;-27
-94.0;-13;?;-860.0;-783.0;13;-24
-19.0;-17;-325.0;-857.0;?;17;-22
-20.0;-9;-326.0;-870.0;-733.0;9;-25
-82.0;-26;-327.0;-872.0;-737.0;26;-22
-85.0;-32;?;-833.0;-796.0;32;-19
-21.0;2;-332.0;?;-817.0;-2;-23
-55.0;19;-344.0;-842.0;-821.0;-19;-21
-79.0;9;-354.0;?;-788.0;-9;-20
-120.0;13;-345.0;-801.0;-805.0;-13;-28
-152.0;20;-352.0;-787.0;?;-20;-28
-240.0;0;-405.0;?;?;0;-26
-224.0;-13;-401.0;-885.0;-667.0;13;-32
-209.0;6;-395.0;?;-756.0;-6;-30
-251.0;5;-395.0;-936.0;-785.0;?;?
-253.0;?;-405.0;-906.0;-802.0;22;?
-203.0;-12;-400.0;-913.0;-845.0;12;-26
?;?;-389.0;-870.0;-1090.0;-29;-25
-233.0;15;-303.0;-740.0;-1048.0;-15;-21
-247.0;-32;?;-604.0;-1131.0;32;-13
-255.0;?;-291.0;-630.0;-1129.0;?;-20
-248.0;21;-330.0;-680.0;-1073.0;-21;-28
-279.0;30;-321.0;-723.0;-961.0;-30;-26
-341.0;14;-282.0;-740.0;-999.0;-14;-36
-320.0;21;-274.0;-759.0;-1104.0;?;-32
-347.0;59;-274.0;-679.0;-1063.0;-59;-18
-331.0;52;-271.0;?;-832.0;-52;-20
-300.0;?;-255.0;-855.0;-782.0;-34;-18
-321.0;44;-219.0;-752.0;-882.0;-44;-10
?;25;-194.0;?;?;-25;-29
-344.0;41;?;-715.0;-894.0;-41;-25
-324.0;17;-202.0;-724.0;-894.0;-17;-18
-336.0;-57;-209.0;-726.0;-900.0;57;-33
-363.0;54;-220.0;-709.0;-887.0;-54;?
-355.0;-155;-254.0;-702.0;-855.0;155;-142
?;-540;?;-687.0;-863.0;540;-61
-398.0;-561;-207.0;-684.0;-874.0;561;152
?;-432;-169.0;-672.0;-806.0;?;-49
-403.0;-178;-213.0;-673.0;-801.0;178;0
-384.0;-169;-186.0;-674.0;?;169;60
-363.0;37;-180.0;?;-851.0;-37;102
-315.0;680;-175.0;?;-848.0;-680;80
-348.0;585;-183.0;-693.0;-849.0;-585;-228
-359.0;24;-198.0;-696.0;-794.0;-24;-92
-360.0;-22;-199.0;-709.0;-836.0;22;-22
-364.0;141;-203.0;-716.0;-921.0;-141;-49
?;?;-211.0;-709.0;-914.0;-172;7
-406.0;111;-223.0;-726.0;-922.0;-111;-111
-364.0;-38;-216.0;-744.0;-875.0;38;-47
?;-52;-207.0;-758.0;-874.0;52;?
?;46;-191.0;-773.0;-855.0;-46;-35
?;54;-185.0;-779.0;-849.0;-54;-16
-414.0;24;-197.0;-763.0;-851.0;?;?
-407.0;45;-195.0;?;-853.0;-45;-25
-362.0;?;-185.0;-753.0;-898.0;-55;-26
-392.0;9;-193.0;?;-869.0;-9;-18
-383.0;19;-189.0;-757.0;-837.0;-19;-21
-412.0;-24;-189.0;-764.0;-846.0;24;-32
-399.0;-40;-170.0;-767.0;-836.0;?;?
?;-43;-185.0;-773.0;-885.0;?;-31
?;-119;-185.0;-768.0;-868.0;119;-67
-395.0;-156;-195.0;?;?;156;?
-346.0;-405;?;-791.0;-787.0;405;-65
-344.0;-501;-201.0;-758.0;-771.0;501;15
-304.0;-312;-159.0;-712.0;-763.0;312;29
?;-315;-156.0;-693.0;-808.0;315;-42
-319.0;?;-194.0;-720.0;-861.0;315;?
-251.0;-116;?;?;-913.0;116;130
-256.0;112;?;-730.0;-892.0;-112;27
-279.0;?;-207.0;-765.0;-902.0;-48;13
-245.0;?;-225.0;-803.0;-927.0;-141;-74
?;400;-221.0;-797.0;?;-400;-72
-283.0;124;-204.0;-809.0;-898.0;-124;145
?;-102;-200.0;-829.0;-854.0;102;29
-148.0;-27;-202.0;-825.0;-828.0;27;-93
-58.0;?;-221.0;-819.0;-912.0;81;-14
-26.0;?;-249.0;-808.0;-902.0;58;?
-17.0;?;-277.0;-781.0;-870.0;?;?
65.0;-21;-295.0;-807.0;?;?;-14
-7.0;3;-336.0;-815.0;-836.0;-3;-24
-30.0;0;-357.0;-814.0;-793.0;0;?
-16.0;-56;-375.0;-839.0;-783.0;56;-33
38.0;14;-397.0;-838.0;-789.0;-14;-25
-1.0;31;-415.0;?;-839.0;-31;-22
?;32;-485.0;-871.0;-848.0;?;-21
34.0;117;-532.0;-957.0;-738.0;-117;-29
10.0;76;-530.0;-989.0;-702.0;-76;3
?;266;-583.0;-979.0;-857.0;-266;-38
?;609;-644.0;-943.0;-865.0;-609;-47
?;969;-665.0;-974.0;-959.0;?;-20
-54.0;1704;-680.0;-988.0;-959.0;-1704;-167
-54.0;1838;-697.0;-1023.0;-966.0;-1838;-232
-154.0;893;-732.0;-1084.0;-1006.0;-893;-187
-34.0;-266;?;-1109.0;-1049.0;266;-36
-121.0;-1216;-773.0;-1048.0;-990.0;1216;264
?;-1608;-783.0;-1007.0;-853.0;1608;220
-111.0;-1721;?;-930.0;-875.0;1721;90
-103.0;-1910;-733.0;-848.0;-968.0;1910;243
-151.0;-826;-671.0;-805.0;-943.0;826;?
-106.0;?;-733.0;-796.0;-996.0;-610;-413
-131.0;580;-692.0;-770.0;?;-580;-195
-139.0;312;-760.0;-755.0;-1161.0;-312;-350
-145.0;219;-816.0;-779.0;-1096.0;-219;-177
-114.0;?;-742.0;-788.0;-948.0;19;29
?;-119;-646.0;-831.0;-933.0;?;-47
-94.0;-37;-721.0;-927.0;-978.0;37;-2
-94.0;17;-790.0;-960.0;-1026.0;-17;-31
-112.0;-32;-817.0;?;-1019.0;32;-24
-89.0;-6;-816.0;-974.0;-1055.0;6;-18
-88.0;6;-781.0;-962.0;-984.0;-6;-32
-53.0;-21;-814.0;-930.0;-970.0;?;-19
-60.0;-10;-689.0;-905.0;?;10;?
-61.0;-15;-706.0;-896.0;-1100.0;15;-24
-81.0;-43;-732.0;?;-1076.0;43;-24
-70.0;-40;-871.0;-960.0;-1052.0;40;-23
-43.0;3;-849.0;-1030.0;-1032.0;-3;?
29.0;-2;-744.0;-1002.0;-943.0;2;-23
-16.0;-9;-746.0;-1006.0;-987.0;9;?
?;19;-789.0;-949.0;-972.0;-19;-22
-40.0;?;-816.0;?;-932.0;-1;-23
-49.0;4;-803.0;-909.0;-925.0;-4;-26
-73.0;-3;-764.0;-932.0;?;3;-22
-74.0;?;?;-924.0;-909.0;32;-20
-48.0;-21;-827.0;-922.0;-1046.0;21;-20
-62.0;-3;?;?;-974.0;3;?
-37.0;17;?;-936.0;-993.0;?;-21
-43.0;14;?;-920.0;-956.0;-14;-29
-79.0;3;-841.0;-921.0;?;-3;-19
-81.0;?;-858.0;-936.0;?;9;-16
-81.0;-26;-856.0;-955.0;-918.0;26;?
?;-15;-852.0;-961.0;-911.0;15;-23
?;6;-842.0;-941.0;-879.0;-6;-27
-76.0;4;?;-952.0;?;-4;-26
-70.0;-15;?;-945.0;-952.0;15;-26
-154.0;-21;?;-921.0;-947.0;21;-23
-116.0;?;-831.0;-908.0;-970.0;-28;-21
-116.0;53;?;-918.0;-989.0;-53;-28
-125.0;?;-810.0;-896.0;-945.0;-5;-20
-136.0;7;-810.0;-884.0;-992.0;-7;-14
-117.0;14;-819.0;-904.0;-972.0;-14;-19
-120.0;-25;-822.0;-922.0;-994.0;25;-23
-146.0;-22;-818.0;?;-1080.0;?;-26
-114.0;-4;-786.0;-890.0;-955.0;4;-22
-136.0;3;-774.0;-893.0;-735.0;-3;-17
-144.0;19;-789.0;-893.0;-850.0;-19;-16
?;?;?;-894.0;-850.0;-10;-20
-142.0;-2;-795.0;-938.0;-951.0;2;-26
-156.0;?;-799.0;-942.0;-1021.0;-21;-22
-180.0;22;-810.0;-943.0;-1104.0;-22;-18
?;-14;-827.0;-934.0;?;14;-19
?;-32;-816.0;-920.0;-1042.0;32;-20
-144.0;?;-813.0;-920.0;?;14;-21
-163.0;-2;-778.0;-910.0;-938.0;2;-19
-123.0;-2;-783.0;-899.0;-946.0;2;-19
-142.0;7;-760.0;?;-1000.0;-7;?
-168.0;10;-786.0;-878.0;-1058.0;-10;-19
-147.0;2;?;-880.0;-949.0;-2;-18
?;-5;-800.0;-893.0;-934.0;5;-24
-130.0;-1;-768.0;-892.0;-1013.0;1;-20
-142.0;8;-767.0;-890.0;-985.0;?;-17
-123.0;0;-787.0;-892.0;-969.0;?;-23
-131.0;-7;-777.0;-908.0;-929.0;?;-24
-141.0;7;-789.0;-922.0;-930.0;-7;-17
-113.0;-2;-785.0;?;-949.0;2;-21
-142.0;-42;-785.0;-927.0;-908.0;42;-24
-116.0;-25;-791.0;-926.0;-910.0;25;?
-129.0;19;-781.0;-920.0;-924.0;-19;-19
-142.0;-16;-795.0;-917.0;-933.0;16;-23
-143.0;-38;-799.0;?;-919.0;?;-18
-137.0;2;-793.0;-930.0;-965.0;-2;-16
-128.0;?;-795.0;-916.0;-966.0;-3;-23
-111.0;-24;-799.0;-914.0;-953.0;24;-27
-126.0;-10;-797.0;-908.0;-957.0;?;?
-125.0;8;-805.0;-909.0;?;-8;-21
-134.0;-31;-802.0;-906.0;-936.0;31;-21
?;-57;-814.0;-901.0;-948.0;?;-23
-125.0;-5;-816.0;-912.0;-950.0;5;-24
-111.0;10;-813.0;-919.0;-939.0;-10;-22
-132.0;-25;-822.0;-922.0;-947.0;25;-23
-131.0;-5;-824.0;-911.0;-945.0;5;?
-107.0;?;-828.0;-914.0;-944.0;21;-19
-108.0;-27;-822.0;-908.0;?;27;-23
-146.0;?;-823.0;-902.0;-958.0;-8;-23
?;-12;-829.0;-913.0;-952.0;12;-23
-127.0;2;?;-932.0;-949.0;-2;-21
-125.0;5;-837.0;-940.0;-941.0;-5;-23
-129.0;-1;-847.0;-936.0;-951.0;?;-22
-122.0;6;-851.0;-960.0;-934.0;?;-17
-149.0;-27;-846.0;-976.0;-915.0;27;-23
-139.0;-27;-846.0;-957.0;-924.0;?;-24
-135.0;-20;-847.0;?;-960.0;20;-21
-154.0;?;-839.0;-904.0;?;31;-23
-124.0;-10;-838.0;-902.0;-972.0;10;-18
-140.0;12;-835.0;-896.0;?;-12;-16
?;20;-838.0;-910.0;-936.0;-20;-26
-132.0;21;-837.0;-919.0;-936.0;?;-26
-154.0;-12;-843.0;-943.0;-907.0;12;-23
-147.0;-32;-859.0;?;-884.0;32;-25
-136.0;-13;-853.0;-959.0;-876.0;13;-23
-169.0;?;?;-953.0;?;-15;-19
-152.0;30;-860.0;-952.0;-894.0;-30;-21
-166.0;12;-856.0;-943.0;?;?;-20
-180.0;-7;?;?;-926.0;7;-14
-166.0;-22;-884.0;-966.0;-939.0;22;-17
-158.0;-25;-881.0;-971.0;-945.0;25;?
-174.0;-41;-889.0;-1000.0;-964.0;41;-27
?;?;-887.0;-979.0;-932.0;35;-19
-142.0;7;-889.0;-977.0;-941.0;-7;-19
-124.0;-22;-895.0;-959.0;-941.0;22;-22
?;-31;-881.0;?;-913.0;31;-22
-142.0;-9;-888.0;-911.0;-882.0;?;-20
-121.0;-13;-886.0;?;-879.0;13;-22
-122.0;-3;-877.0;-925.0;-871.0;3;-24
-117.0;-28;-878.0;-922.0;?;28;?
-101.0;-37;-885.0;-917.0;-812.0;37;-17
-116.0;-4;-875.0;-938.0;-818.0;4;-19
-141.0;9;-871.0;-932.0;-784.0;-9;-23
-129.0;-6;?;-927.0;-820.0;6;-20
-113.0;-14;-891.0;-961.0;-848.0;14;-13
-111.0;28;-935.0;-970.0;-836.0;-28;-20
-80.0;56;?;-998.0;-819.0;-56;-24
-117.0;12;-904.0;-1001.0;-792.0;-12;-21
-113.0;5;-895.0;?;-804.0;-5;?
-113.0;28;-901.0;-953.0;-812.0;-28;-23
-85.0;-20;-874.0;-935.0;-856.0;20;-22
-106.0;?;-880.0;-914.0;-925.0;36;-21
-122.0;10;-886.0;-909.0;-972.0;-10;-15
-101.0;13;-900.0;-927.0;-1054.0;-13;-21
-101.0;-6;-896.0;-900.0;?;?;-29
?;-2;-841.0;-905.0;-913.0;?;?
-125.0;-2;-860.0;-917.0;-936.0;2;-27
?;-4;-863.0;-902.0;-981.0;4;-19
-121.0;-1;-865.0;-886.0;-910.0;1;-17
-140.0;-3;-868.0;-906.0;-922.0;3;-22
-110.0;-3;-880.0;-916.0;-917.0;3;-20
-123.0;-15;-891.0;-929.0;-946.0;?;?
-137.0;-16;-894.0;-938.0;-977.0;16;?
-155.0;14;-883.0;-933.0;-931.0;-14;-20
-159.0;8;-865.0;-917.0;-950.0;-8;-20
-141.0;-24;-874.0;?;?;24;-22
-152.0;-4;-867.0;-900.0;-936.0;4;-21
-134.0;7;-866.0;-911.0;?;-7;-22
?;-21;-859.0;-903.0;-938.0;21;-26
?;-20;-860.0;-894.0;?;20;-25
-142.0;-6;?;?;?;6;-22
-128.0;3;-852.0;-887.0;-929.0;-3;-24
-111.0;23;-852.0;-880.0;-920.0;-23;-27
-108.0;8;-854.0;-890.0;-910.0;-8;-20
-105.0;-14;-864.0;-906.0;-911.0;14;-14
-127.0;5;-856.0;-922.0;-940.0;-5;-23
?;-1;-856.0;-926.0;-926.0;1;-26
-153.0;-16;-850.0;?;-907.0;16;-17
-121.0;-14;-849.0;-903.0;-917.0;?;-16
-114.0;-13;-843.0;-904.0;-931.0;13;-15
-125.0;13;-858.0;?;-930.0;-13;-14
-117.0;?;-872.0;-906.0;-957.0;-40;-19
-133.0;?;-892.0;-917.0;?;-70;-24
-112.0;62;-872.0;-923.0;-959.0;-62;-24
-121.0;13;-847.0;-920.0;-921.0;-13;-27
-72.0;?;-883.0;-906.0;-953.0;2;-27
?;-11;-860.0;-910.0;-961.0;11;-23
-120.0;-6;-851.0;-925.0;-897.0;6;-25
-111.0;28;-883.0;-922.0;-895.0;-28;-19
?;23;-864.0;-932.0;?;-23;-18
-104.0;7;-875.0;-947.0;-963.0;-7;-27
-126.0;-21;?;-947.0;-976.0;21;-27
-115.0;-70;-864.0;-913.0;-1020.0;70;-28
?;-21;-851.0;-902.0;-1026.0;21;-22
-83.0;11;-845.0;-885.0;-968.0;-11;-17
-91.0;-20;-842.0;?;-950.0;20;-22
-214.0;1;?;-895.0;-990.0;?;-22
?;0;-843.0;-903.0;-969.0;0;-20
-152.0;-24;-863.0;-914.0;-970.0;24;-19
-168.0;-13;-872.0;-930.0;-977.0;13;-22
?;1;-876.0;-941.0;-960.0;-1;-23
-214.0;?;-865.0;?;-956.0;23;-23
-215.0;-33;-857.0;-911.0;-941.0;33;-21
-254.0;-5;-855.0;-901.0;-940.0;5;-24
-265.0;?;-845.0;-898.0;-952.0;15;-40
-267.0;-28;-834.0;-899.0;-924.0;28;-30
-226.0;1;-866.0;?;-918.0;-1;-16
-260.0;-12;?;?;-966.0;12;-15
-262.0;?;-775.0;-862.0;-958.0;22;?
-243.0;?;-784.0;-846.0;-935.0;-26;-16
-260.0;1;-798.0;-855.0;-889.0;?;-15
-264.0;?;-753.0;?;-896.0;52;-22
?;-8;-756.0;-842.0;-931.0;?;-19
-246.0;0;-748.0;-833.0;-927.0;?;-26
?;-35;-748.0;-850.0;-984.0;35;-30
-267.0;-7;-743.0;-834.0;-1004.0;7;3
-207.0;9;-742.0;-823.0;-993.0;-9;-10
?;45;?;-817.0;-995.0;-45;?
-222.0;52;-743.0;-809.0;?;-52;-12
-179.0;124;?;-806.0;-1018.0;-124;-29
-138.0;206;-727.0;-799.0;-1041.0;-206;-33
-134.0;224;-713.0;-800.0;?;-224;?
-145.0;450;-705.0;?;-1018.0;?;-29
-152.0;531;-704.0;-798.0;-999.0;-531;-27
-151.0;588;-712.0;-793.0;-1000.0;-588;?
-124.0;867;-727.0;-810.0;-1020.0;-867;-59
-101.0;770;-727.0;-827.0;-1000.0;-770;-72
-141.0;430;-744.0;-849.0;-1029.0;?;9
-91.0;182;-743.0;-850.0;?;-182;53
-124.0;-118;-739.0;-816.0;-1110.0;118;?
-172.0;-198;-750.0;-828.0;-1086.0;198;24
-103.0;-245;?;-836.0;-1043.0;245;17
-79.0;?;-792.0;-846.0;-1031.0;577;-19
-101.0;?;-800.0;-858.0;-975.0;512;-64
-81.0;26;-805.0;-869.0;-938.0;-26;-119
-91.0;456;-817.0;-844.0;-908.0;-456;-112
-79.0;687;-852.0;-868.0;?;-687;-97
-86.0;888;-859.0;?;-892.0;-888;38
-82.0;?;-886.0;-909.0;-818.0;-967;123
-46.0;773;-884.0;-946.0;-803.0;?;52
-51.0;353;-915.0;-1003.0;-869.0;-353;212
-32.0;-143;-962.0;-1030.0;-824.0;143;-33
-35.0;-228;-969.0;-1045.0;-808.0;228;-233
-44.0;-257;-980.0;-1072.0;-823.0;257;-109
-76.0;?;-998.0;-1071.0;-841.0;139;-47
-142.0;1433;-963.0;-1042.0;-841.0;-1433;483
-165.0;2458;-924.0;-1000.0;-853.0;-2458;100
-206.0;581;-945.0;-951.0;-855.0;-581;-755
-214.0;-661;-923.0;-954.0;-931.0;661;-496
-239.0;38;-915.0;?;-956.0;-38;-86
-273.0;-53;-949.0;-946.0;-998.0;53;-50
-249.0;-71;-914.0;-933.0;?;71;-29
-102.0;71;-893.0;-912.0;-1051.0;-71;-7
-36.0;-109;-924.0;-909.0;-1040.0;?;-27
-138.0;-12;-976.0;-932.0;-1066.0;12;-28
-62.0;-28;-941.0;-964.0;-1054.0;28;-27
31.0;-52;-936.0;-962.0;-1034.0;52;-26
?;-22;-917.0;-969.0;-1015.0;22;-14
-70.0;17;?;-958.0;-994.0;-17;-21
-63.0;56;?;-953.0;-993.0;-56;-22
-9.0;-1;-829.0;-926.0;?;1;-13
-16.0;-45;-887.0;?;-984.0;45;-14
-37.0;?;-978.0;-1018.0;-1027.0;-24;-17
15.0;88;-982.0;-1061.0;-1079.0;?;-23
70.0;139;-917.0;-984.0;-982.0;-139;-11
26.0;157;?;-965.0;-942.0;-157;-28
?;206;?;-938.0;-904.0;-206;-23
51.0;195;-989.0;-958.0;-970.0;-195;-29
65.0;761;-1027.0;-1017.0;-1046.0;-761;-19
99.0;1743;-1037.0;-1017.0;-1025.0;?;48
?;1402;-1002.0;-1027.0;-1061.0;-1402;-131
72.0;2627;-976.0;-1034.0;-1008.0;-2627;108
43.0;5905;-953.0;-1006.0;-969.0;-5905;-302
103.0;?;-954.0;?;-938.0;-7490;-1379
14.0;6486;-958.0;-1006.0;-900.0;-6486;-1161
-161.0;2386;-935.0;-999.0;-856.0;-2386;-756
91.0;-1500;-922.0;-985.0;-825.0;1500;280
-26.0;-2711;-908.0;-972.0;-810.0;?;1244
-443.0;-3746;?;-966.0;-823.0;3746;765
-352.0;-4390;-906.0;-976.0;-842.0;4390;629
-54.0;-4471;?;-989.0;-836.0;4471;421
14.0;-5306;-935.0;-997.0;-850.0;5306;-232
-57.0;?;-946.0;?;-872.0;5105;-273
-101.0;-5703;-976.0;-1135.0;-959.0;5703;-712
-103.0;-4752;-1126.0;-1223.0;-1102.0;?;-988
-144.0;-4074;-1247.0;-1322.0;-1265.0;4074;-780
-99.0;-6129;?;-1082.0;-1251.0;6129;?
?;1772;-926.0;-832.0;-1212.0;-1772;3405
-40.0;8516;-975.0;-818.0;-1004.0;-8516;2271
-56.0;6770;-976.0;-884.0;-1155.0;-6770;255
41.0;7343;-1037.0;-1027.0;-1159.0;-7343;259
-67.0;4831;-1047.0;-1066.0;-1117.0;-4831;-2019
-286.0;525;-943.0;-964.0;-979.0;-525;-897
369.0;?;-816.0;-835.0;-847.0;131;459
-104.0;124;-752.0;-771.0;-755.0;-124;-338
-215.0;66;-722.0;-772.0;-720.0;-66;?
-61.0;92;-762.0;-810.0;-739.0;-92;-53
72.0;150;-812.0;?;-792.0;?;-66
181.0;150;-802.0;-887.0;?;-150;27
-80.0;147;-763.0;-840.0;-842.0;-147;-64
-106.0;69;-837.0;-831.0;-922.0;-69;5
2.0;-7;-1042.0;-903.0;-1069.0;7;-18
?;?;-1283.0;-1165.0;-1276.0;21;-27
80.0;40;-1243.0;-1334.0;-1314.0;-40;?
96.0;81;-1245.0;-1293.0;-1241.0;?;-4
100.0;528;-1089.0;-1168.0;-976.0;-528;-103
?;242;-887.0;-1026.0;-707.0;-242;49
56.0;764;-1056.0;-976.0;-737.0;-764;-104
29.0;2562;-1107.0;-1093.0;-931.0;-2562;-43
-130.0;4746;?;-1169.0;-1024.0;-4746;?
157.0;8294;-1013.0;-1051.0;-976.0;-8294;-1145
202.0;8779;-842.0;-884.0;-806.0;-8779;-1197
?;7685;-729.0;-752.0;-716.0;-7685;-603
-90.0;4343;-708.0;?;-687.0;-4343;-424
-186.0;?;?;-686.0;-694.0;2293;970
10.0;-3647;-811.0;-714.0;-726.0;3647;1378
?;-3297;-853.0;-794.0;-784.0;3297;1099
38.0;-4261;-880.0;-883.0;-827.0;4261;?
-155.0;-5035;-977.0;-975.0;-873.0;5035;154
88.0;-5962;-1057.0;-1088.0;-924.0;5962;?
41.0;-5799;?;-1193.0;-1005.0;5799;-397
20.0;-4749;-928.0;-1183.0;-1061.0;4749;-111
-52.0;-2579;-1244.0;?;-1184.0;2579;-2343
5.0;-2129;?;-1295.0;-1355.0;2129;-995
?;-502;-1053.0;-1011.0;?;502;1400
-22.0;3632;-721.0;-553.0;-1037.0;-3632;-316
18.0;3497;-1077.0;-782.0;?;-3497;-344
?;968;-1015.0;-1051.0;-1088.0;-968;-74
21.0;102;-1141.0;?;-1099.0;-102;-187
28.0;-26;-1081.0;-1147.0;-1119.0;26;97
24.0;36;-978.0;-1001.0;-890.0;-36;-144
-253.0;120;-891.0;-921.0;-878.0;-120;-13
-258.0;82;-842.0;-865.0;-787.0;-82;-18
-38.0;28;-796.0;?;-715.0;-28;-46
19.0;-45;-794.0;-842.0;-700.0;45;-10
-89.0;-76;-788.0;-863.0;-690.0;76;-42
-117.0;?;-756.0;?;-699.0;35;?
-7.0;1;-829.0;-826.0;-793.0;-1;-18
134.0;?;-1032.0;-936.0;-1057.0;-16;-81
23.0;-69;-967.0;-968.0;-992.0;69;-61
0.0;28;-1352.0;-1206.0;-1154.0;-28;-34
?;-4;-1213.0;-1282.0;-1100.0;4;9
-42.0;-30;-994.0;-1155.0;?;?;?
26.0;?;-1021.0;-1023.0;-688.0;?;-13
-6.0;325;-1133.0;-1115.0;-880.0;-325;-19
152.0;50;-1044.0;-1180.0;-936.0;-50;?
-276.0;-413;-923.0;-1012.0;-914.0;413;-142
-715.0;-471;-868.0;-833.0;-944.0;471;27
-332.0;-563;-826.0;-738.0;-949.0;563;-81
-220.0;-489;-763.0;?;-848.0;489;-29
-358.0;475;-796.0;-694.0;?;-475;?
-574.0;?;-882.0;-778.0;-788.0;-945;?
-523.0;1162;-878.0;-904.0;-787.0;-1162;46
-426.0;768;-907.0;-1003.0;?;?;88
-490.0;-201;-927.0;-1019.0;-895.0;201;-192
-432.0;-220;-860.0;-968.0;-767.0;220;198
-404.0;-111;-865.0;-964.0;-797.0;111;-14
-438.0;-177;-906.0;-1147.0;-1382.0;177;-148
?;-108;-959.0;-1075.0;-1307.0;108;39
-492.0;-33;-874.0;-1007.0;?;33;-76
-480.0;51;-710.0;-937.0;-1017.0;-51;-39
-457.0;85;-698.0;-839.0;-997.0;-85;-27
-505.0;187;-642.0;-806.0;-1029.0;-187;-49
-547.0;208;-614.0;-787.0;-1033.0;-208;?
?;198;-580.0;-761.0;-1007.0;-198;5
-514.0;220;-593.0;-766.0;-957.0;-220;?
-486.0;217;-568.0;-740.0;-916.0;-217;-6
?;217;-541.0;-712.0;-903.0;-217;-30
-515.0;165;-572.0;-782.0;-949.0;-165;-37
-546.0;116;-603.0;-766.0;-977.0;-116;0
-460.0;41;-602.0;-762.0;-952.0;-41;12
-510.0;36;?;-713.0;-901.0;-36;-2
-576.0;124;-602.0;-738.0;-923.0;-124;-13
?;149;-620.0;-778.0;-915.0;-149;-31
-577.0;185;-623.0;-782.0;-951.0;-185;-24
-537.0;210;-617.0;-816.0;-968.0;-210;1
-544.0;285;-606.0;-811.0;-938.0;?;-36
-557.0;317;-616.0;-833.0;-913.0;-317;-64
-499.0;245;-593.0;-835.0;-903.0;-245;-35
-523.0;219;-585.0;-792.0;-916.0;-219;-36
-537.0;146;-574.0;-758.0;-905.0;-146;-42
-557.0;71;-561.0;-756.0;-871.0;-71;-26
-521.0;-19;-583.0;-749.0;-910.0;19;-20
?;-68;?;-737.0;-895.0;68;-5
?;-75;-559.0;-763.0;-881.0;75;-29
?;-223;-574.0;-760.0;-904.0;223;?
-539.0;-262;-583.0;-762.0;-920.0;262;-1
-533.0;?;-599.0;-784.0;-916.0;188;-7
-562.0;-213;-595.0;-810.0;-912.0;213;-49
-490.0;?;-582.0;-845.0;?;258;14
-479.0;-197;-553.0;-872.0;-875.0;197;32
-507.0;?;-584.0;-794.0;-852.0;164;-35
-488.0;?;-562.0;-781.0;-853.0;308;-41
-467.0;?;-548.0;-775.0;-895.0;371;-37
-507.0;-407;-561.0;-742.0;-895.0;407;-33
-518.0;-528;-551.0;-704.0;-883.0;528;-20
-525.0;-561;-551.0;-697.0;?;561;-34
?;-497;-537.0;-666.0;-932.0;?;-22
-471.0;-364;-500.0;-626.0;-935.0;364;-21
?;-334;-508.0;-628.0;-923.0;334;-23
-431.0;-345;-450.0;-609.0;-919.0;?;-21
-423.0;-275;-496.0;?;-867.0;275;-27
-444.0;-233;-527.0;?;-881.0;233;-18
-373.0;-179;-565.0;-677.0;?;179;-24
-373.0;-142;-570.0;-772.0;-1301.0;142;-24
-384.0;-131;-589.0;-738.0;-1125.0;131;-17
-353.0;-181;?;-742.0;?;181;-22
-311.0;-201;-576.0;-892.0;-784.0;201;-25
-296.0;?;-604.0;-876.0;-811.0;96;-26
?;?;-606.0;?;?;68;-22
-331.0;-98;-608.0;-941.0;-931.0;98;-24
-318.0;-67;-610.0;-880.0;-984.0;67;-24
-322.0;-44;-676.0;-906.0;-928.0;44;-18
-334.0;-59;-677.0;-1050.0;-1021.0;59;-21
-314.0;-59;-717.0;-1033.0;-1030.0;?;-23
-314.0;-29;-682.0;-1056.0;?;29;-25
-331.0;-28;?;-1086.0;-998.0;?;?
-348.0;?;-729.0;-1084.0;-968.0;43;-20
-303.0;-66;-734.0;-1069.0;-957.0;66;-12
?;-92;-711.0;-1025.0;?;92;-23
?;-109;-722.0;-1014.0;-918.0;109;-33
-340.0;-141;-733.0;-986.0;-880.0;141;-16
-295.0;-124;-729.0;-981.0;-960.0;124;-14
-293.0;-61;-714.0;-967.0;-1014.0;61;-20
-305.0;-49;-717.0;-1010.0;-1036.0;?;-12
-261.0;-69;-689.0;-974.0;-1004.0;69;-20
-244.0;?;-702.0;-912.0;?;69;-21
?;-55;-698.0;-981.0;-1120.0;55;-8
-252.0;?;-769.0;-1030.0;-1056.0;22;-23
-243.0;7;?;-962.0;-970.0;-7;-33
-233.0;?;-692.0;-988.0;-1026.0;-6;-19
-222.0;-3;-706.0;-995.0;-1017.0;3;-25
-210.0;-20;?;-956.0;?;20;-20
-190.0;-21;-684.0;-955.0;-1013.0;21;-4
-213.0;40;-720.0;-977.0;-1039.0;-40;-40
-233.0;49;-744.0;-997.0;?;-49;-47
-215.0;77;?;?;-1049.0;-77;-22
-190.0;130;?;-1020.0;-1027.0;-130;-26
-189.0;180;-789.0;-1000.0;-1012.0;?;-23
-213.0;432;-798.0;-1005.0;-996.0;-432;-53
-214.0;729;?;-983.0;-1084.0;-729;-58
-243.0;816;-798.0;-957.0;-1026.0;-816;-92
-225.0;872;-786.0;?;-955.0;?;-96
-232.0;643;-782.0;-959.0;-954.0;-643;?
-231.0;439;-784.0;-1005.0;-962.0;-439;?
-244.0;154;-780.0;-1052.0;-986.0;-154;218
-203.0;?;-773.0;-1047.0;-987.0;1489;146
?;-1530;-768.0;-1035.0;-1028.0;1530;-7
-160.0;155;-792.0;-1039.0;-1070.0;-155;558
-221.0;273;?;-983.0;-1074.0;-273;198
-185.0;-488;-823.0;-967.0;-1056.0;488;-815
-241.0;-1583;?;-964.0;-1037.0;1583;-279
-207.0;-1048;?;-946.0;-1024.0;1048;-55
?;124;-809.0;?;-1028.0;-124;-345
-234.0;-193;-859.0;-1029.0;-1058.0;193;2
-172.0;-83;-865.0;-1025.0;-1078.0;83;-153
-74.0;39;-856.0;-991.0;-1049.0;-39;-131
-2.0;-18;-865.0;-966.0;-1040.0;18;49
116.0;100;-871.0;-943.0;-1019.0;-100;-48
146.0;15;-854.0;-885.0;-1011.0;?;-12
258.0;?;?;-868.0;-989.0;50;-17
268.0;-87;-868.0;?;-1010.0;87;-25
100.0;?;-871.0;-866.0;-968.0;77;-18
-12.0;?;-849.0;-866.0;-936.0;55;-29
-7.0;-31;-891.0;-845.0;-914.0;31;-19
-4.0;-27;?;-906.0;-972.0;?;-13
?;-20;-1126.0;-1074.0;-1015.0;20;?
2.0;19;-1058.0;-1151.0;-1034.0;-19;-21
29.0;-17;-973.0;-1069.0;-867.0;17;-28
-74.0;-52;-1159.0;-1228.0;-929.0;52;-18
-96.0;-60;-1261.0;-1375.0;?;60;-33
-111.0;-36;-1042.0;-1224.0;-1100.0;?;-19
-130.0;-37;-977.0;-1027.0;-923.0;37;-27
-33.0;-43;-901.0;-923.0;-842.0;?;-25
-51.0;-8;-835.0;-858.0;-784.0;8;12
-24.0;-95;-807.0;-846.0;?;95;-127
-38.0;?;-856.0;-908.0;-776.0;45;20
-31.0;-554;-904.0;-968.0;-833.0;554;-270
50.0;-2255;-926.0;-1011.0;-880.0;2255;-1038
129.0;-2970;-952.0;-1025.0;-894.0;2970;-44
131.0;-1733;-1019.0;-1095.0;-943.0;1733;1296
11.0;-425;-1026.0;-1155.0;?;425;331
-38.0;639;-1013.0;-1102.0;-922.0;-639;?
-52.0;558;-972.0;?;-909.0;-558;-350
-700.0;-147;-978.0;-1008.0;-879.0;147;203
?;-37;-961.0;-956.0;-889.0;37;?
-237.0;-1487;-938.0;-888.0;?;1487;388
?;-2486;-942.0;-885.0;-886.0;2486;495
-297.0;-2125;-941.0;-908.0;?;2125;650
?;-2291;-946.0;?;-852.0;2291;471
-186.0;-2834;-913.0;?;-877.0;2834;-243
-191.0;-2999;-871.0;-920.0;-859.0;?;-276
-165.0;-2334;-854.0;-690.0;-911.0;2334;-472
-89.0;-4068;-1089.0;-925.0;-1062.0;4068;-1035
-51.0;-2895;-1041.0;-1077.0;-1174.0;2895;498
-39.0;?;-1048.0;-1115.0;-1189.0;-869;?
-31.0;?;-1007.0;-1037.0;-1187.0;-1975;1008
3.0;?;-950.0;-988.0;-1184.0;-4895;573
44.0;4674;-939.0;-886.0;-1123.0;-4674;67
-5.0;1298;?;-800.0;-968.0;-1298;?
9.0;462;?;?;-889.0;-462;-211
-95.0;201;-810.0;-788.0;?;-201;-48
-265.0;?;-848.0;-837.0;-944.0;-151;3
-287.0;184;-874.0;-868.0;-957.0;-184;29
-133.0;182;?;-866.0;-1007.0;-182;-20
-101.0;279;-860.0;-819.0;-1033.0;-279;-5
-208.0;175;-820.0;-758.0;?;-175;-1
-126.0;131;-796.0;-721.0;-966.0;-131;3
-54.0;71;-884.0;-744.0;-1010.0;-71;?
91.0;?;-952.0;-784.0;-1095.0;36;7
-123.0;?;-901.0;-896.0;-1110.0;-139;-18
-59.0;37;-1230.0;-1130.0;-1256.0;-37;0
-41.0;265;-1287.0;-1309.0;-1280.0;-265;-5
-41.0;290;-1048.0;-1042.0;-892.0;?;?
?;202;-1000.0;?;-975.0;-202;-25
?;2463;-1222.0;-1264.0;-1177.0;-2463;10
?;4396;-1181.0;-1166.0;-1254.0;-4396;59
144.0;4609;?;-960.0;-1069.0;-4609;-157
2.0;5146;-822.0;-809.0;-862.0;-5146;-338
-178.0;2345;-741.0;-706.0;-796.0;-2345;127
-155.0;-2877;-724.0;-640.0;-750.0;2877;741
-40.0;-3985;-736.0;-634.0;-750.0;3985;993
-214.0;-3572;-759.0;-636.0;-793.0;3572;991
-171.0;-4293;-809.0;-712.0;-806.0;4293;744
-128.0;-4255;-871.0;-903.0;-816.0;4255;?
-242.0;?;-956.0;-1029.0;-870.0;4744;-24
?;-4980;-960.0;-1142.0;-921.0;4980;?
-213.0;-4197;-979.0;-1136.0;?;4197;-624
-220.0;-3962;-1009.0;-1122.0;-1062.0;3962;-251
-173.0;-2928;-1191.0;-1125.0;-1128.0;2928;-1499
-251.0;?;-1117.0;-1147.0;?;3548;-282
-272.0;-3502;-912.0;-813.0;-1104.0;3502;?
-229.0;2575;-998.0;-786.0;-1131.0;-2575;-1375
-240.0;4991;-1047.0;-1051.0;-1198.0;-4991;-1915
-157.0;2068;-1044.0;-1078.0;?;?;-230
-261.0;1340;-1017.0;-1033.0;-1165.0;-1340;-1365
-284.0;1152;-943.0;?;-1040.0;-1152;-750
72.0;215;-848.0;?;-969.0;-215;-58
-76.0;121;-770.0;-821.0;-948.0;-121;-98
-225.0;250;-765.0;-810.0;-948.0;-250;-72
-226.0;109;-805.0;-827.0;-945.0;-109;-74
-89.0;146;-811.0;-862.0;-921.0;-146;-17
-23.0;?;-752.0;-858.0;-910.0;-101;-27
-170.0;-9;-731.0;?;-851.0;9;-13
-192.0;-18;-807.0;-862.0;-924.0;18;-15
?;-4;-782.0;-819.0;-933.0;4;-13
-138.0;-49;-951.0;-869.0;-968.0;49;-29
-151.0;-76;-984.0;-1020.0;?;76;-22
-195.0;-33;-1199.0;-1027.0;-1146.0;33;-14
-228.0;-62;-940.0;-934.0;-948.0;62;-18
-188.0;-92;-742.0;-914.0;-951.0;92;?
-145.0;-46;-1004.0;-953.0;-1231.0;46;-31
-178.0;-102;?;-929.0;-1227.0;102;-34
-105.0;-158;-988.0;-993.0;-1099.0;158;-37
-111.0;-147;-867.0;-896.0;-1038.0;147;-36
-163.0;-194;-810.0;-771.0;-1000.0;194;-3
-102.0;-198;-793.0;-732.0;-982.0;198;2
-65.0;-212;-753.0;-723.0;-953.0;?;4
-59.0;-146;?;-702.0;?;146;-18
-100.0;-29;-760.0;-707.0;?;?;-63
-81.0;-48;-765.0;-741.0;-1008.0;?;-54
?;-67;-764.0;-840.0;?;67;-19
-139.0;-84;-762.0;-884.0;-951.0;84;-21
-94.0;-113;-780.0;-975.0;-912.0;113;-91
-133.0;?;-837.0;-1099.0;-928.0;267;?
-168.0;-494;-932.0;-1186.0;-1059.0;494;-128
-155.0;-800;-931.0;-1097.0;?;800;?
-152.0;-1022;?;-1020.0;-1009.0;1022;-51
-107.0;-953;-786.0;-1007.0;-971.0;953;-277
-20.0;-1201;-783.0;-991.0;-904.0;?;-255
-51.0;-1259;-820.0;-998.0;-869.0;1259;105
-59.0;-1040;-809.0;-992.0;-860.0;1040;18
-72.0;-810;-825.0;?;-888.0;810;?
-52.0;333;-813.0;-995.0;-923.0;-333;548
?;1387;-783.0;-988.0;-934.0;-1387;281
-7.0;1609;-769.0;-957.0;?;-1609;-285
?;1625;-755.0;?;-908.0;-1625;-79
-12.0;1581;-811.0;-975.0;-962.0;-1581;-45
-35.0;1200;-798.0;-1035.0;-1041.0;?;-58
12.0;785;-771.0;-1016.0;-986.0;-785;399
-1.0;601;-798.0;-997.0;-1041.0;?;-168
-45.0;-93;-843.0;-979.0;-1130.0;93;-922
-76.0;-54;-773.0;?;-1112.0;?;-474
-105.0;473;-762.0;-1054.0;-1133.0;-473;27
-12.0;-62;?;-1044.0;-1112.0;62;94
-61.0;-149;-765.0;-992.0;-1174.0;149;56
?;118;-723.0;-1000.0;?;-118;-11
-58.0;-18;-751.0;-1031.0;-1104.0;18;-41
-140.0;?;-686.0;-1046.0;-1072.0;54;-24
-101.0;-59;-796.0;-1014.0;-991.0;?;?
-80.0;?;-803.0;-1030.0;-895.0;?;-31
-82.0;-62;?;-1039.0;-861.0;62;-14
-61.0;-15;-756.0;-1045.0;-802.0;15;-11
-81.0;41;-783.0;?;?;-41;-25
-26.0;59;-733.0;-1017.0;-757.0;-59;-45
32.0;86;-724.0;-1005.0;-810.0;-86;-16
-37.0;68;-617.0;-963.0;-808.0;-68;18
-10.0;21;-612.0;-954.0;-843.0;-21;-16
6.0;5;-601.0;-946.0;-856.0;-5;-28
-4.0;23;?;-932.0;-742.0;?;-29
-28.0;-48;-523.0;-869.0;-661.0;48;-11
38.0;-15;-514.0;-848.0;?;15;-39
?;-108;-492.0;-917.0;-1051.0;?;111
-332.0;93;-406.0;-981.0;-995.0;-93;?
-592.0;-12;-364.0;-945.0;-955.0;12;-6
-635.0;-18;-301.0;-955.0;-901.0;18;-19
-591.0;?;?;-859.0;-829.0;?;-35
-607.0;-84;-221.0;-809.0;-792.0;84;-6
-618.0;-53;?;-848.0;-740.0;53;-39
-591.0;-81;-193.0;-866.0;?;81;-15
-598.0;-74;-189.0;?;-782.0;74;-18
-558.0;-36;-214.0;-893.0;-806.0;36;-24
-548.0;-58;?;-900.0;-840.0;58;-14
-506.0;-14;?;-891.0;-840.0;14;-21
-496.0;23;-208.0;-863.0;-872.0;-23;?
-486.0;-26;-199.0;-815.0;-848.0;26;-10
-445.0;?;-106.0;-833.0;-947.0;-17;-18
-452.0;45;-193.0;-805.0;-956.0;-45;-25
-444.0;-18;-201.0;-804.0;-930.0;18;-22
-369.0;-9;-59.0;-859.0;-927.0;9;-25
-392.0;-14;-106.0;-968.0;-818.0;14;-27
-405.0;-14;-197.0;-993.0;-774.0;14;-18
-414.0;31;-213.0;?;-844.0;-31;-16
-382.0;20;-168.0;-896.0;-850.0;-20;-21
?;47;-138.0;-871.0;-862.0;-47;-18
-321.0;24;-118.0;-819.0;-821.0;-24;-22
-326.0;-24;-114.0;-815.0;?;24;-22
-361.0;7;-164.0;-849.0;-743.0;-7;-31
-394.0;8;-118.0;?;-726.0;-8;-40
-451.0;-12;-122.0;-850.0;-714.0;12;-23
?;-16;?;-869.0;-705.0;16;-29
-498.0;2;?;?;-755.0;-2;?
-520.0;25;-86.0;?;-749.0;-25;-15
-545.0;-2;-107.0;?;-739.0;2;-18
-509.0;-35;-98.0;-959.0;?;35;-24
-506.0;-10;-108.0;-931.0;-782.0;10;-21
-488.0;30;-114.0;?;-748.0;-30;-15
-466.0;?;-104.0;?;-712.0;-47;-16
-423.0;?;-111.0;-872.0;?;-9;?
-415.0;-25;-127.0;-896.0;-657.0;25;?
?;?;-138.0;?;-691.0;2;-22
?;-6;-156.0;-919.0;-848.0;6;-22
-356.0;-45;-156.0;-932.0;-870.0;45;-21
-315.0;-66;-166.0;-917.0;-849.0;66;-25
-292.0;-63;-172.0;-936.0;-812.0;?;-23
-303.0;-29;-159.0;-935.0;-767.0;29;-21
-169.0;-34;?;-952.0;-802.0;34;-29
-148.0;-85;?;-935.0;-767.0;85;-19
-263.0;-67;-111.0;-929.0;-771.0;67;-12
-156.0;-32;-175.0;-931.0;-723.0;32;-23
-275.0;-37;-59.0;-941.0;-727.0;37;-23
-141.0;-36;-153.0;-938.0;-742.0;36;-28
-119.0;-75;-193.0;-947.0;-771.0;75;-40
?;-107;-165.0;-963.0;-781.0;107;-29
-134.0;-86;-177.0;-967.0;-772.0;86;-22
-129.0;-141;-160.0;-952.0;?;141;-20
-118.0;-178;-178.0;-969.0;-664.0;178;-13
-87.0;-168;-221.0;-968.0;-683.0;?;?
-75.0;-188;-220.0;?;-674.0;188;-42
-63.0;-173;-241.0;?;-672.0;173;-71
-74.0;-352;-264.0;-964.0;-687.0;?;-10
-107.0;-639;-288.0;-935.0;-698.0;639;-91
-22.0;-437;-316.0;-923.0;?;437;133
17.0;?;-348.0;-920.0;-764.0;260;18
-61.0;-96;-390.0;-899.0;-743.0;96;-9
-81.0;640;-417.0;-870.0;-729.0;-640;547
-84.0;613;-445.0;?;-780.0;-613;-888
-115.0;94;-480.0;-803.0;-753.0;-94;-1260
-44.0;51;-515.0;?;-712.0;-51;147
-117.0;6;-519.0;-761.0;-655.0;-6;-26
-79.0;6;-508.0;-742.0;-664.0;-6;-63
?;-42;-576.0;?;-609.0;42;36
-64.0;-54;-622.0;-836.0;-735.0;54;-103
-40.0;20;-732.0;?;-859.0;?;12
-30.0;?;-737.0;?;-870.0;16;-39
?;-58;-725.0;-961.0;-866.0;58;-23
8.0;-62;?;-900.0;-684.0;62;-12
0.0;-15;-679.0;-871.0;-758.0;15;?
5.0;-4;?;-900.0;-794.0;4;-17
-49.0;-18;-716.0;-871.0;-785.0;18;-19
-24.0;-43;-699.0;-901.0;-789.0;43;-19
-13.0;-57;-780.0;-920.0;-882.0;57;-17
-29.0;9;-877.0;-997.0;-939.0;-9;-30
-38.0;13;-822.0;-1044.0;-817.0;-13;?
-33.0;-10;-803.0;-1034.0;-729.0;?;-16
-19.0;0;-799.0;-1014.0;-833.0;0;-20
-51.0;-18;-802.0;-967.0;-831.0;18;-25
-39.0;-35;-840.0;-935.0;-802.0;35;-26
?;-29;-811.0;-942.0;-833.0;?;-26
-83.0;-5;-822.0;-966.0;?;5;-24
-31.0;-10;-830.0;-953.0;-893.0;10;-20
-24.0;-4;-830.0;-952.0;-878.0;4;-14
-22.0;34;-841.0;-985.0;-859.0;-34;-11
-25.0;21;-818.0;-990.0;-817.0;-21;-18
?;6;?;-983.0;-834.0;?;-24
-66.0;16;-811.0;-975.0;?;?;-27
-74.0;-15;?;-977.0;-848.0;15;-26
-14.0;?;-829.0;-990.0;-916.0;52;?
-36.0;-17;-827.0;-956.0;-889.0;17;-23
-74.0;9;-819.0;-961.0;-936.0;-9;-23
-41.0;-20;?;-1025.0;-932.0;?;-20
?;-12;-815.0;-1003.0;-895.0;12;-21
?;-4;-804.0;-967.0;-895.0;4;-17
-88.0;-12;-834.0;-949.0;?;?;-15
-42.0;11;-846.0;-1013.0;-871.0;-11;-19
?;?;-841.0;-1000.0;-852.0;-11;?
-29.0;-3;-837.0;-982.0;-853.0;3;-23
-37.0;?;-855.0;-1003.0;-825.0;0;-19
-22.0;-6;-850.0;-1023.0;-822.0;6;-16
-39.0;4;-837.0;-1050.0;?;-4;-15
-16.0;20;-825.0;-1007.0;-783.0;-20;?
-41.0;?;-816.0;-971.0;-759.0;?;-24
-3.0;8;-811.0;-928.0;-799.0;-8;-21
-26.0;?;-806.0;-934.0;-824.0;-26;-23
-55.0;?;-831.0;-965.0;-813.0;-102;-18
-74.0;124;?;-985.0;-843.0;-124;-13
-41.0;134;-837.0;?;-875.0;-134;-12
-121.0;272;-841.0;-971.0;-872.0;-272;-17
-134.0;337;-839.0;-947.0;-867.0;-337;-55
?;353;-834.0;-931.0;-884.0;?;-42
-132.0;395;-846.0;-917.0;-865.0;-395;-39
-133.0;379;-844.0;-913.0;-853.0;-379;-20
-128.0;385;-846.0;-1001.0;-840.0;-385;?
?;271;-838.0;?;-808.0;-271;-18
-67.0;?;-845.0;-995.0;-832.0;97;-67
?;-312;-850.0;-945.0;-840.0;312;-84
-178.0;-152;-828.0;-1017.0;-819.0;152;-51
-167.0;-116;?;-962.0;-842.0;116;-1
-166.0;-101;-826.0;-954.0;-924.0;101;-4
-146.0;168;-821.0;-1032.0;-976.0;-168;82
-213.0;174;-811.0;?;-946.0;-174;167
-160.0;50;-795.0;?;-915.0;-50;115
-157.0;?;-844.0;-1062.0;?;-16;6
-216.0;-22;?;-1102.0;-890.0;22;-70
-234.0;?;-832.0;-1075.0;-875.0;-39;-84
-192.0;39;-835.0;-1124.0;-903.0;?;-60
-180.0;36;-822.0;-1130.0;-877.0;-36;-36
-147.0;58;-819.0;-1069.0;-893.0;?;?
-62.0;?;-829.0;-1083.0;-918.0;-37;-25
92.0;70;?;-1093.0;-914.0;-70;-37
-17.0;76;-891.0;-1139.0;-947.0;-76;?
-38.0;34;-908.0;-1082.0;?;-34;-22
34.0;36;-869.0;-1074.0;-954.0;-36;-19
?;31;-895.0;-1024.0;-952.0;-31;-14
27.0;18;-871.0;-982.0;-967.0;-18;?
-26.0;43;-874.0;-943.0;-974.0;-43;-14
-13.0;51;-862.0;-966.0;-893.0;-51;-20
-68.0;?;-933.0;-957.0;?;-100;-28
4.0;207;-1084.0;-1086.0;-909.0;-207;-31
-44.0;263;-1164.0;-1155.0;-1034.0;-263;-5
-5.0;417;-1049.0;-1044.0;-1049.0;-417;-40
?;677;-1090.0;-983.0;-1066.0;-677;?
62.0;1032;-1009.0;-997.0;-1004.0;-1032;?
61.0;1727;-925.0;-925.0;-902.0;-1727;-82
13.0;2709;-851.0;-858.0;-822.0;-2709;-51
47.0;4256;-849.0;-834.0;-795.0;-4256;-302
214.0;5371;-877.0;-847.0;-820.0;-5371;-812
-96.0;6170;?;-890.0;-854.0;-6170;?
-162.0;4626;-965.0;-962.0;-885.0;-4626;?
60.0;-1194;-954.0;-1019.0;-909.0;1194;224
61.0;-4111;-943.0;?;-889.0;?;1126
-218.0;-3675;?;-998.0;-889.0;3675;1214
-351.0;-4385;-920.0;-990.0;-874.0;4385;?
?;-5001;-867.0;-958.0;-804.0;5001;385
-14.0;-5456;-866.0;-973.0;-801.0;5456;369
25.0;-5143;-927.0;-1013.0;-843.0;5143;-201
?;?;-972.0;-1064.0;-873.0;4584;-623
-82.0;?;-1031.0;-1135.0;-1011.0;3973;-1190
-102.0;-2302;-1275.0;-1274.0;-1213.0;2302;-61
-73.0;365;-1241.0;-1183.0;-1240.0;-365;1540
-7.0;2143;-1062.0;-908.0;-1146.0;-2143;-26
?;?;-882.0;-641.0;-985.0;-965;-426
-5.0;-79;-1039.0;-752.0;-1039.0;79;?
-250.0;173;-971.0;-904.0;-1117.0;-173;-142
1.0;22;-1086.0;-1023.0;-1124.0;-22;31
267.0;81;-1049.0;-1015.0;-1040.0;?;-11
-109.0;91;?;-883.0;-856.0;-91;-37
-32.0;49;-780.0;-836.0;-745.0;-49;36
-38.0;95;-765.0;?;-703.0;-95;-12
100.0;17;-809.0;-852.0;-719.0;-17;12
68.0;?;-807.0;-902.0;?;-70;-3
81.0;149;-800.0;-884.0;?;-149;1
75.0;156;-801.0;-899.0;-758.0;-156;6
117.0;185;-895.0;?;-829.0;-185;-12
193.0;365;-1353.0;-1155.0;-1077.0;?;-11
175.0;467;-1156.0;-1240.0;-999.0;?;-42
163.0;1054;-1090.0;-1218.0;-1011.0;-1054;-27
83.0;1703;-1176.0;-1215.0;-1068.0;-1703;-33
62.0;2371;-1108.0;-1160.0;-983.0;-2371;-55
?;4772;-1023.0;-1043.0;-974.0;-4772;-5
367.0;6588;?;-900.0;-823.0;-6588;-734
70.0;?;-769.0;-762.0;-710.0;-7925;-1469
38.0;5891;-759.0;-663.0;-691.0;-5891;?
-161.0;40;-825.0;-723.0;-738.0;-40;-158
-48.0;-1551;?;-821.0;?;1551;806
-229.0;-1942;-963.0;-911.0;-918.0;1942;997
-298.0;-2664;-981.0;-932.0;-913.0;2664;846
-157.0;-3038;-1007.0;-960.0;-913.0;3038;796
-179.0;-4803;-1009.0;-1009.0;?;4803;398
-149.0;-4867;-1001.0;?;-955.0;?;5
-71.0;-4805;-1007.0;-1041.0;?;4805;-239
-75.0;-4796;-1047.0;-984.0;-1049.0;4796;?
-99.0;-4878;-1265.0;?;-1123.0;4878;-444
-72.0;-4471;-1207.0;?;?;?;-370
?;-3603;-1065.0;-989.0;-1142.0;3603;144
?;-3743;-920.0;-681.0;-1117.0;3743;164
-61.0;-330;-984.0;-884.0;-996.0;330;529
-3.0;4056;-1013.0;-1001.0;-1010.0;-4056;1927
65.0;2929;-1091.0;-906.0;-1121.0;-2929;630
50.0;938;-992.0;-839.0;-1092.0;-938;-2143
121.0;1098;?;-776.0;-921.0;-1098;-1723
?;455;-844.0;-780.0;-782.0;-455;-232
-238.0;96;-791.0;-760.0;-785.0;-96;-3
?;322;-797.0;-738.0;-802.0;-322;-52
-216.0;139;?;-786.0;-859.0;-139;-17
-56.0;195;-817.0;-795.0;-913.0;-195;-17
152.0;174;-812.0;-767.0;-928.0;-174;-15
-189.0;125;-836.0;-778.0;-957.0;-125;-9
-117.0;63;-832.0;-785.0;-960.0;-63;-14
-95.0;?;-858.0;-780.0;-993.0;-60;-6
?;98;-1022.0;-763.0;?;-98;-14
-182.0;132;-1239.0;-922.0;-1232.0;-132;-12
-168.0;194;-1457.0;?;-1213.0;-194;-11
-91.0;143;?;-1196.0;-1086.0;-143;-14
-160.0;199;-935.0;-929.0;-824.0;-199;?
-210.0;252;-931.0;-1153.0;-953.0;?;?
?;296;?;-1211.0;-1054.0;-296;-24
-162.0;515;-1130.0;?;-1006.0;-515;?
-93.0;816;?;?;-866.0;-816;-35
-165.0;1581;-893.0;?;-797.0;-1581;-24
-79.0;2216;-813.0;-789.0;-852.0;-2216;-234
-237.0;1331;-831.0;-730.0;-899.0;-1331;-204
-433.0;318;-855.0;-763.0;-899.0;-318;-35
-372.0;49;-918.0;-815.0;-964.0;-49;15
-293.0;-436;-953.0;-920.0;-995.0;436;205
-414.0;-567;-962.0;-1045.0;-1000.0;567;294
-295.0;-733;-965.0;?;-992.0;733;239
-30.0;-1033;-1004.0;-1081.0;-987.0;1033;107
-249.0;-982;-980.0;-1114.0;-973.0;982;?
-246.0;-1011;-932.0;-1054.0;-1020.0;1011;-145
-380.0;-986;-935.0;-1009.0;-987.0;986;?
-344.0;-877;-866.0;-964.0;-985.0;877;80
-303.0;-745;-970.0;-1065.0;-1103.0;745;25
-309.0;-536;-994.0;-1024.0;-1356.0;536;-60
-324.0;-395;?;-876.0;?;395;-43
-301.0;-361;-826.0;?;-1100.0;361;-26
-292.0;-300;-875.0;-919.0;-1172.0;300;-29
-226.0;-230;-867.0;-907.0;-1204.0;230;1
?;-214;-807.0;-830.0;-1137.0;214;-15
-314.0;?;-737.0;-748.0;-1002.0;150;-40
?;-64;-702.0;-700.0;-938.0;64;-20
?;-35;-730.0;-692.0;-959.0;35;-23
-292.0;-34;-717.0;-702.0;-992.0;34;-29
-286.0;-29;-745.0;-734.0;-995.0;29;-26
-269.0;28;-780.0;-799.0;-1007.0;-28;-20
-241.0;52;-816.0;?;-1038.0;-52;?
?;43;-808.0;?;-1017.0;-43;-32
-242.0;63;-781.0;-791.0;-1041.0;-63;-24
-243.0;46;?;-777.0;-1042.0;-46;?
-205.0;36;?;-768.0;-1023.0;-36;-26
-231.0;6;-782.0;-771.0;-1006.0;-6;-12
-237.0;-7;-779.0;-780.0;?;7;-10
-240.0;50;-789.0;-782.0;-989.0;?;-27
?;53;?;-804.0;-992.0;-53;-25
-262.0;45;-826.0;-830.0;?;-45;-25
-243.0;72;-825.0;-833.0;-1025.0;-72;-27
-254.0;-56;-830.0;?;-1008.0;56;-40
-250.0;-372;-839.0;-834.0;-1007.0;372;-42
-246.0;-422;-835.0;-840.0;?;422;-20
-249.0;-341;-833.0;-825.0;-1024.0;341;-81
-230.0;-388;-835.0;-809.0;-1019.0;?;-96
-235.0;71;-831.0;-813.0;-960.0;-71;69
-263.0;711;-832.0;-822.0;-948.0;-711;26
-327.0;796;-832.0;-823.0;-937.0;-796;-70
-297.0;736;-814.0;-806.0;-926.0;-736;-26
-294.0;766;-817.0;-801.0;-971.0;-766;39
-301.0;759;-842.0;-820.0;-1022.0;-759;?
?;656;-864.0;?;?;-656;-195
-303.0;?;-876.0;-841.0;-1050.0;-172;-214
-312.0;-156;-850.0;-832.0;-1048.0;156;75
-332.0;-128;-775.0;?;-1082.0;128;3
-334.0;-308;-786.0;-753.0;-1089.0;308;-63
-324.0;-361;-768.0;-733.0;-1042.0;361;-85
-332.0;-346;-771.0;-734.0;-1036.0;346;-54
-283.0;-369;-791.0;-749.0;?;369;-12
-241.0;-270;-809.0;?;-1060.0;270;-48
-277.0;-219;-816.0;-818.0;-1000.0;219;-26
-292.0;-165;-822.0;-824.0;-971.0;165;-20
-303.0;-121;-818.0;-810.0;-988.0;121;-22
-282.0;-83;-804.0;-776.0;-1013.0;83;-20
-246.0;-20;-809.0;-778.0;-991.0;20;-31
-252.0;-4;-784.0;-809.0;-1040.0;4;-26
?;-25;?;?;-1130.0;25;-18
-217.0;-27;?;-890.0;-1032.0;27;-23
-198.0;-7;-812.0;-853.0;?;7;-26
-159.0;-4;-806.0;?;-1097.0;4;-20
-132.0;-18;-812.0;-824.0;-1049.0;18;-18
-161.0;-8;?;-825.0;-1002.0;8;-20
?;20;-839.0;-845.0;-1026.0;-20;-24
-88.0;29;?;-887.0;-1001.0;-29;-25
-57.0;54;-876.0;-899.0;-1028.0;-54;-25
-37.0;98;-882.0;-898.0;-935.0;-98;-26
10.0;56;-922.0;-921.0;?;-56;-23
66.0;-8;-918.0;-936.0;-840.0;8;-19
26.0;8;-929.0;-936.0;-793.0;-8;-18
?;12;-918.0;?;-783.0;-12;-17
-1.0;-2;-912.0;?;-751.0;2;-18
-14.0;26;-922.0;-943.0;-782.0;-26;-16
-14.0;47;-925.0;-937.0;-856.0;-47;-25
21.0;111;?;-902.0;-835.0;-111;-28
22.0;162;-1019.0;-956.0;-980.0;-162;-17
53.0;170;-1101.0;-1111.0;-1215.0;-170;-13
54.0;367;-1074.0;?;-1238.0;?;3
78.0;639;-1035.0;-1046.0;-1171.0;-639;-68
80.0;963;-981.0;-973.0;-1120.0;-963;-50
20.0;?;-945.0;?;-1059.0;-1279;-38
13.0;1873;-937.0;-908.0;-975.0;-1873;?
-19.0;3038;-958.0;-920.0;-927.0;-3038;-24
121.0;?;-976.0;-972.0;-917.0;-3846;-272
23.0;4583;-964.0;-1015.0;-895.0;?;-74
-155.0;5202;-962.0;-1061.0;-881.0;-5202;-573
?;5244;-947.0;-1071.0;-875.0;?;-767
73.0;2972;-925.0;-1042.0;-873.0;-2972;761
?;-1578;-928.0;-1069.0;-877.0;1578;1022
?;-2884;-946.0;-1089.0;-892.0;2884;758
-253.0;?;-943.0;?;-837.0;2501;958
-166.0;-3295;-952.0;-921.0;-846.0;3295;565
-44.0;-3640;-920.0;?;-873.0;3640;237
?;-4152;-961.0;-1062.0;-913.0;?;81
-58.0;-4378;-981.0;-1110.0;-948.0;4378;55
-111.0;-4245;?;?;?;4245;?
-142.0;?;-1212.0;-1297.0;-1168.0;?;-682
-103.0;-4336;-1182.0;-1204.0;-1273.0;4336;-634
-45.0;-4031;-1060.0;-916.0;-1246.0;4031;-577
-27.0;-3402;-881.0;-780.0;-992.0;3402;?
-22.0;-1743;-810.0;-657.0;-924.0;1743;975
-29.0;-3380;-824.0;-742.0;-941.0;?;1687
-14.0;1009;-935.0;-856.0;-939.0;?;1065
-9.0;6156;-1003.0;-909.0;-994.0;-6156;533
?;1757;-967.0;-912.0;-1005.0;-1757;587
31.0;285;-908.0;-848.0;?;-285;604
143.0;545;-881.0;-831.0;-917.0;-545;141
190.0;-246;-856.0;?;-871.0;?;-104
-84.0;?;-861.0;-895.0;?;-257;-8
-10.0;?;-879.0;-936.0;-870.0;57;-27
-84.0;8;-900.0;-953.0;-887.0;-8;-15
-201.0;12;-872.0;-920.0;-887.0;-12;-15
?;-18;-848.0;-881.0;-882.0;18;-36
-17.0;40;-840.0;-867.0;-889.0;-40;-13
-121.0;-27;-895.0;-880.0;-933.0;?;-33
60.0;-15;-942.0;-893.0;-982.0;15;-27
-34.0;-24;-1211.0;-1055.0;-1155.0;24;-18
93.0;?;-1104.0;-1225.0;-1253.0;1;-44
-7.0;9;-1405.0;-1256.0;-1262.0;-9;-8
59.0;22;-1413.0;?;-1404.0;-22;-69
90.0;102;-1193.0;-1296.0;-960.0;-102;-104
139.0;87;-842.0;-1040.0;-690.0;-87;-8
132.0;112;-712.0;-779.0;-660.0;-112;?
99.0;161;-776.0;-758.0;-669.0;-161;-43
41.0;122;-899.0;-845.0;-718.0;-122;10
-1.0;676;-975.0;-893.0;-806.0;-676;-101
82.0;457;-987.0;-963.0;-922.0;-457;22
270.0;1213;-898.0;-921.0;?;-1213;-28
173.0;3798;-880.0;-874.0;-938.0;-3798;-162
209.0;5185;-944.0;-880.0;-921.0;-5185;?
-50.0;5956;-939.0;-893.0;-882.0;-5956;-515
-29.0;3431;-942.0;-908.0;?;?;-743
-125.0;1750;-927.0;-915.0;-891.0;-1750;-784
-261.0;?;-912.0;-906.0;-873.0;-1457;-611
-186.0;-2994;-923.0;-903.0;-887.0;2994;692
-121.0;-4145;?;-928.0;?;?;666
-147.0;-3398;-978.0;-987.0;-920.0;3398;6
-49.0;-4167;-980.0;-1018.0;?;4167;-42
-109.0;-3278;-945.0;-1008.0;-1002.0;3278;-392
-117.0;-3506;-928.0;?;-944.0;3506;-366
-137.0;?;-1019.0;-987.0;-967.0;?;-125
?;-50;?;-1124.0;-1073.0;50;-217
-49.0;1698;-1184.0;-1082.0;?;-1698;-238
-32.0;304;?;-789.0;-1154.0;?;-373
-71.0;-140;-927.0;-646.0;-1136.0;140;-857
-165.0;-226;-898.0;-777.0;-1063.0;226;-730
-166.0;-899;-993.0;-881.0;-1271.0;899;-81
-212.0;-343;-1047.0;?;-1279.0;343;22
-333.0;92;-975.0;-951.0;-1252.0;-92;?
-191.0;-83;-923.0;?;-1143.0;83;-19
-216.0;85;-893.0;-804.0;-1144.0;?;-40
-134.0;-15;-852.0;-786.0;-1081.0;15;-24
-142.0;-46;-869.0;-789.0;-1144.0;46;-61
-122.0;12;-896.0;-808.0;-926.0;-12;-44
-82.0;-46;-855.0;?;-866.0;46;7
-159.0;-24;-852.0;-859.0;-761.0;24;-24
-102.0;-27;-851.0;-812.0;-682.0;?;-23
112.0;?;?;-783.0;?;24;?
145.0;24;-1017.0;-840.0;-651.0;-24;-21
?;120;-1349.0;-1144.0;-762.0;-120;-28
77.0;203;-994.0;-1156.0;-727.0;-203;?
97.0;212;-964.0;-1066.0;-552.0;-212;-19
-1.0;208;-1098.0;-1006.0;-509.0;-208;-33
-35.0;207;-1105.0;?;-514.0;-207;-31
56.0;145;-1078.0;-1077.0;-544.0;?;-16
-120.0;93;?;-954.0;-481.0;-93;-8
?;?;-917.0;-884.0;-403.0;-66;-14
-134.0;150;-876.0;-919.0;-359.0;-150;-24
-130.0;?;-921.0;-942.0;-359.0;-241;-22
-60.0;238;-943.0;-941.0;-343.0;-238;-22
-70.0;301;-901.0;-915.0;-320.0;?;-40
-104.0;317;-903.0;-863.0;-250.0;-317;-49
-126.0;?;-1002.0;-889.0;-366.0;-328;-43
-87.0;278;-1003.0;-929.0;-338.0;-278;-47
?;120;-975.0;-886.0;-370.0;-120;-37
-127.0;141;-966.0;-855.0;-388.0;-141;-21
-93.0;188;-864.0;?;-409.0;-188;-19
-134.0;122;-910.0;-827.0;-365.0;-122;5
-173.0;83;-895.0;?;-397.0;-83;4
-112.0;55;-910.0;-803.0;-331.0;?;-23
-72.0;66;-917.0;-783.0;-355.0;-66;-17
-197.0;70;-947.0;-798.0;-371.0;-70;-17
-156.0;-37;-942.0;-772.0;-326.0;37;-21
-127.0;-82;-940.0;-799.0;-379.0;82;-19
-103.0;-63;-929.0;-804.0;-349.0;63;-20
-134.0;-69;-922.0;-793.0;-349.0;?;-20
-153.0;?;-890.0;-782.0;-317.0;69;?
-114.0;-70;-877.0;?;-343.0;70;?
-93.0;-54;-873.0;-710.0;-367.0;54;-21
-137.0;-150;-886.0;-712.0;-342.0;150;-16
-73.0;-281;-880.0;-703.0;-349.0;281;-18
-57.0;-238;-901.0;?;-302.0;238;?
-91.0;-280;-904.0;-787.0;-342.0;280;-27
-91.0;?;-870.0;-707.0;-296.0;390;-22
-134.0;?;-894.0;-737.0;-318.0;278;?
-149.0;-263;-908.0;-792.0;-267.0;263;-36
-43.0;-255;-897.0;-800.0;-265.0;255;-21
-77.0;-114;-883.0;-814.0;-282.0;114;-31
-126.0;-112;-871.0;-793.0;-313.0;?;?
-18.0;-84;-888.0;-758.0;-339.0;?;?
?;-28;-921.0;-754.0;-379.0;28;-24
-14.0;-27;-936.0;-796.0;-428.0;27;-16
-26.0;-42;-953.0;-844.0;-430.0;42;-20
5.0;-41;-936.0;-888.0;-494.0;41;-22
?;-3;-911.0;?;-425.0;3;-18
39.0;-9;-939.0;-893.0;-446.0;9;-17
49.0;-14;?;-870.0;-497.0;14;-15
82.0;-24;?;-818.0;?;24;-21
80.0;-52;-879.0;?;-456.0;52;-24
51.0;-30;-916.0;-793.0;-548.0;30;?
0.0;-23;-964.0;-858.0;-585.0;23;-22
10.0;-63;-1005.0;-1045.0;-554.0;63;-24
43.0;-56;-954.0;-942.0;?;56;-16
89.0;-76;-988.0;-904.0;-660.0;76;-16
53.0;?;-1011.0;-862.0;?;80;-17
19.0;-58;-1013.0;-978.0;?;58;-25
-46.0;-22;-992.0;-950.0;-784.0;22;-27
-18.0;26;-947.0;-930.0;-795.0;?;-22
?;?;?;-1034.0;-843.0;85;-35
59.0;121;-922.0;-1127.0;-966.0;-121;-16
46.0;-105;-922.0;-1019.0;-893.0;?;-60
85.0;100;-962.0;-1059.0;-992.0;-100;-52
93.0;160;-973.0;-1086.0;-958.0;-160;?
-58.0;-1743;-956.0;-1040.0;-874.0;1743;-142
52.0;-1622;-941.0;-1045.0;-860.0;1622;411
153.0;-929;?;-1067.0;?;929;1139
?;-908;-969.0;-1033.0;-851.0;908;636
-119.0;-138;-976.0;-1014.0;-859.0;138;-216
-155.0;-177;-976.0;-1013.0;-899.0;177;-226
-110.0;705;-962.0;-1029.0;-893.0;-705;-60
-134.0;599;-963.0;-1016.0;-897.0;-599;166
-106.0;-504;?;-980.0;-883.0;504;396
-141.0;-1293;-975.0;-1000.0;-920.0;1293;?
-38.0;-2474;-1089.0;-1093.0;-1020.0;2474;-184
10.0;-2720;-936.0;-988.0;-1093.0;2720;-234
38.0;-3345;-860.0;-827.0;-1015.0;3345;-438
39.0;-3554;-868.0;-875.0;-1054.0;?;-427
57.0;-3636;-965.0;?;-1107.0;3636;-446
30.0;-3123;-1055.0;?;-1154.0;?;14
79.0;-2129;-1015.0;-1117.0;-1107.0;2129;738
50.0;-2214;-980.0;-1040.0;-981.0;2214;729
?;-1772;-959.0;-1056.0;-933.0;1772;827
-297.0;-2984;-897.0;-1007.0;-910.0;?;521
241.0;-230;-854.0;-965.0;-846.0;230;1085
?;?;-906.0;-960.0;-866.0;-3621;694
267.0;1565;-959.0;-992.0;-957.0;-1565;-958
284.0;1395;-983.0;-961.0;-1028.0;-1395;132
232.0;1118;-966.0;-951.0;?;?;296
-152.0;-103;-940.0;-922.0;-1063.0;103;-316
-127.0;361;-906.0;-867.0;-1040.0;-361;163
38.0;83;-872.0;-866.0;-987.0;-83;-71
-199.0;?;-866.0;-865.0;-1018.0;-127;-35
179.0;?;-888.0;-848.0;-997.0;-161;17
185.0;141;-881.0;-839.0;-994.0;-141;-36
-195.0;309;-866.0;-840.0;-990.0;-309;16
-94.0;233;-929.0;-846.0;-991.0;-233;-17
?;142;-921.0;-878.0;-1038.0;-142;26
?;126;-1098.0;-994.0;-1099.0;-126;13
70.0;145;-1348.0;-1369.0;-1360.0;-145;?
-50.0;95;-1478.0;-1529.0;-1240.0;-95;-10
-39.0;220;?;-1383.0;-922.0;-220;-27
14.0;174;-868.0;-1092.0;-952.0;-174;12
-573.0;-641;-921.0;-987.0;-1287.0;641;546
-552.0;-1141;?;-1038.0;-1287.0;1141;961
?;-1903;?;-919.0;-1182.0;1903;-99
-600.0;-1590;?;-894.0;-1088.0;1590;-1265
-651.0;752;-338.0;-706.0;-1140.0;-752;-551
-542.0;132;-389.0;-622.0;-1173.0;-132;7
-621.0;-346;?;-737.0;-1241.0;?;-15
-633.0;174;-339.0;-612.0;-1227.0;-174;37
-569.0;-155;-318.0;-536.0;-1108.0;155;-11
?;29;-316.0;-518.0;?;-29;?
-595.0;4;-326.0;-498.0;-1033.0;?;33
-388.0;-29;-337.0;-479.0;-1011.0;29;30
-387.0;17;-340.0;-573.0;-1000.0;-17;32
-454.0;-30;-315.0;-635.0;-990.0;30;22
-575.0;16;-281.0;-619.0;?;-16;19
-470.0;?;-290.0;-630.0;-957.0;-33;20
-342.0;62;-295.0;-659.0;-1018.0;-62;15
-475.0;71;-311.0;-650.0;-1058.0;-71;?
-470.0;29;-518.0;-744.0;-1029.0;-29;9
-463.0;?;-437.0;-865.0;-1056.0;-2;9
-445.0;12;-441.0;-788.0;-948.0;-12;8
-520.0;8;-440.0;-794.0;-857.0;-8;9
-509.0;8;-424.0;?;-910.0;-8;9
-514.0;10;-424.0;-642.0;?;-10;?
?;6;-390.0;-589.0;-916.0;-6;12
-456.0;17;-334.0;-563.0;-893.0;-17;-4
-466.0;34;-268.0;-612.0;-894.0;-34;-27
-466.0;29;-328.0;-613.0;-979.0;-29;-22
-432.0;11;-299.0;-556.0;?;-11;-7
-397.0;6;-236.0;-546.0;-855.0;-6;-1
-411.0;2;-232.0;-542.0;-883.0;?;-17
-361.0;-48;-244.0;-550.0;-911.0;48;-14
-397.0;-32;-239.0;-583.0;-867.0;32;-38
?;-16;-232.0;-586.0;-904.0;16;-21
-316.0;-30;-269.0;-565.0;-1082.0;30;-30
-294.0;6;-290.0;-590.0;-1018.0;-6;?
-311.0;-149;?;-584.0;-960.0;?;98
-344.0;?;-290.0;-557.0;-904.0;156;107
-321.0;92;?;-556.0;-880.0;-92;-132
?;16;-295.0;-574.0;-780.0;?;13
-252.0;-135;-305.0;-549.0;-847.0;135;54
-304.0;-132;-297.0;-577.0;-760.0;132;?
-326.0;-270;-320.0;-614.0;-774.0;270;116
-354.0;-227;-333.0;-626.0;-880.0;227;50
-312.0;?;-385.0;-620.0;-941.0;162;-189
?;-287;-391.0;-617.0;-898.0;287;-64
-242.0;-142;-416.0;-625.0;-920.0;142;-16
-201.0;-52;-414.0;-677.0;-782.0;52;-41
-187.0;-67;-424.0;?;-853.0;67;-20
-148.0;1;-421.0;-667.0;?;-1;-40
-93.0;37;?;-668.0;-809.0;?;-23
-46.0;53;-442.0;-663.0;-895.0;-53;-30
-37.0;-37;-455.0;-672.0;?;37;-25
-5.0;-63;-453.0;?;-921.0;63;-16
?;-36;-464.0;-686.0;?;36;-21
-1.0;-48;-492.0;-711.0;-908.0;48;-18
-27.0;?;-525.0;-725.0;-949.0;17;-23
-21.0;19;-585.0;-776.0;-946.0;-19;-27
0.0;16;-601.0;-835.0;-909.0;-16;-21
?;-16;?;-834.0;-861.0;16;-25
-20.0;-21;-648.0;-849.0;-910.0;21;-21
11.0;?;-659.0;-858.0;-842.0;?;-11
?;-11;-672.0;-835.0;-930.0;11;-22
-5.0;17;-690.0;-802.0;-958.0;-17;-32
-10.0;?;-710.0;?;-943.0;-27;-26
36.0;-9;-703.0;-829.0;-924.0;9;-8
?;-27;-738.0;-811.0;-834.0;27;-8
-2.0;-3;-753.0;-853.0;-864.0;3;?
-57.0;33;-742.0;-884.0;-894.0;-33;-17
-6.0;33;-762.0;-845.0;-921.0;-33;-18
-15.0;-11;-775.0;-856.0;-951.0;11;-34
54.0;-33;-785.0;-868.0;-915.0;33;-42
66.0;-12;-784.0;?;-940.0;12;-32
40.0;-2;-792.0;-811.0;-967.0;2;-23
10.0;-2;-804.0;-853.0;-970.0;2;?
43.0;-2;-785.0;-813.0;-955.0;2;-16
34.0;-10;-766.0;?;?;10;-20
11.0;-27;-771.0;-816.0;-953.0;27;-24
21.0;-59;-759.0;-786.0;-965.0;59;-34
20.0;-30;-730.0;-769.0;-973.0;30;-25
17.0;?;-729.0;-765.0;-992.0;-31;-21
-27.0;23;-755.0;?;-1059.0;-23;-39
-108.0;18;-759.0;-785.0;-1092.0;-18;-28
-104.0;10;?;-788.0;-1078.0;-10;-26
-91.0;?;-805.0;-851.0;-1072.0;4;-15
-133.0;12;-833.0;-885.0;-1069.0;-12;-5
-183.0;9;-842.0;-900.0;-972.0;-9;-30
-175.0;?;-846.0;-934.0;-934.0;-15;-22
-273.0;28;-837.0;-926.0;-798.0;-28;-22
?;-3;-825.0;-886.0;-637.0;3;-22
?;-7;-809.0;-881.0;-602.0;7;-9
-335.0;?;-781.0;-864.0;-663.0;-8;-20
-321.0;-13;-765.0;-882.0;-767.0;13;-23
?;-16;-725.0;-833.0;-940.0;16;-20
-332.0;?;-715.0;-802.0;-1134.0;1;-23
-308.0;21;-771.0;-836.0;-929.0;-21;-18
?;7;-680.0;-789.0;-966.0;-7;-24
-321.0;-27;-614.0;-784.0;-920.0;27;-27
?;-24;-495.0;-709.0;-970.0;24;-16
-302.0;?;-507.0;?;-1138.0;40;-29
-294.0;-48;?;-609.0;-1091.0;48;?
-277.0;-12;-504.0;-579.0;-1072.0;12;?
-277.0;12;-499.0;-571.0;?;-12;?
-222.0;-7;-471.0;-590.0;-1129.0;?;-15
-286.0;-34;-466.0;-616.0;-1095.0;34;-14
-267.0;-8;-475.0;-638.0;-1063.0;?;-22
?;39;-472.0;-649.0;-1065.0;-39;?
-232.0;0;-482.0;-653.0;-978.0;0;-20
-233.0;-19;-487.0;-662.0;-904.0;19;-19
-219.0;9;-498.0;-681.0;-944.0;?;-24
-197.0;-2;-525.0;-691.0;-984.0;2;?
-178.0;17;-534.0;-704.0;-1005.0;-17;-22
-184.0;-1;-529.0;-726.0;-1030.0;1;-23
-160.0;-30;-548.0;-719.0;-1113.0;30;-23
-175.0;-4;-570.0;-707.0;-1018.0;4;-21
-132.0;9;-573.0;-711.0;-1054.0;-9;?
-109.0;?;?;?;-1052.0;-10;?
-155.0;-3;-572.0;?;-964.0;3;?
-142.0;11;?;-715.0;-953.0;-11;-21
-143.0;16;-633.0;?;-932.0;-16;-24
?;-6;-634.0;-783.0;-935.0;6;?
-132.0;-1;-658.0;-811.0;-977.0;1;-27
-112.0;26;-689.0;-790.0;-1031.0;-26;-21
-102.0;47;-697.0;-814.0;?;-47;-25
-135.0;19;-724.0;-869.0;-1049.0;-19;-17
-124.0;13;-722.0;-840.0;-957.0;-13;-18
-90.0;15;-739.0;-932.0;-858.0;-15;-21
-86.0;-13;-777.0;-1025.0;-841.0;13;-17
-75.0;4;-786.0;-1030.0;-827.0;-4;-27
-115.0;24;-800.0;-1033.0;-791.0;-24;-24
-108.0;40;-814.0;-1019.0;-838.0;-40;-23
-58.0;8;-838.0;-990.0;-835.0;-8;-27
?;-36;-840.0;-953.0;-874.0;36;-23
-95.0;9;-863.0;-970.0;-884.0;-9;-25
-78.0;33;-863.0;-947.0;-873.0;-33;-20
-74.0;14;-874.0;-954.0;-918.0;-14;?
-78.0;5;-868.0;-936.0;-886.0;-5;-28
-99.0;-11;?;-952.0;?;11;-24
-121.0;-39;-882.0;-942.0;-928.0;39;-20
?;-36;-881.0;-947.0;-936.0;?;-18
-61.0;11;-884.0;-968.0;-927.0;-11;?
-74.0;20;-875.0;?;-888.0;-20;?
-93.0;-4;-884.0;?;-895.0;4;-23
-88.0;5;-889.0;-974.0;-896.0;-5;-19
-62.0;?;-878.0;?;?;-19;-17
-73.0;0;-891.0;-965.0;?;?;-20
-87.0;?;-880.0;-953.0;-900.0;22;-25
-58.0;-33;-887.0;-989.0;-915.0;33;-19
-48.0;-59;-879.0;-968.0;-887.0;59;?
-69.0;-24;-870.0;-930.0;-871.0;24;-28
-81.0;32;-874.0;-947.0;-846.0;-32;-16
-57.0;-8;-877.0;-968.0;-856.0;8;-25
-102.0;-40;-890.0;-971.0;-878.0;40;-22
-113.0;-8;-882.0;-914.0;-881.0;8;?
-101.0;14;-882.0;-985.0;-897.0;?;-31
-111.0;-15;?;-1004.0;-894.0;?;-17
-133.0;-33;-906.0;-974.0;-900.0;33;?
-129.0;-4;-894.0;?;-923.0;4;-34
-127.0;-7;-893.0;-976.0;-904.0;7;-22
-153.0;-25;-887.0;-945.0;-884.0;25;-23
-153.0;-43;-886.0;-931.0;-910.0;43;-20
-130.0;-24;-882.0;-957.0;-913.0;24;-7
-157.0;-4;-889.0;-946.0;?;4;-23
-185.0;-42;?;-970.0;-868.0;42;-29
-245.0;-19;-876.0;-974.0;-872.0;19;-18
-181.0;3;-880.0;-968.0;-883.0;-3;-20
-120.0;-46;-867.0;-914.0;?;46;-26
-122.0;-35;-843.0;?;?;35;-24
-122.0;-2;-850.0;-973.0;-711.0;2;-23
-153.0;-21;-886.0;-964.0;?;21;-27
-151.0;-13;-885.0;-974.0;-1026.0;13;-19
-182.0;11;-868.0;-945.0;-910.0;-11;?
-159.0;1;-849.0;-941.0;-946.0;-1;?
?;-32;-843.0;-931.0;-918.0;32;-20
-159.0;-57;-835.0;-937.0;-960.0;57;-18
-198.0;-31;-875.0;-908.0;-1036.0;31;-28
-175.0;-5;?;?;-1049.0;5;-30
-120.0;6;-834.0;-893.0;?;-6;-19
-105.0;30;?;?;-1251.0;-30;?
-112.0;25;-829.0;-835.0;-1102.0;?;-24
-140.0;-23;-806.0;-883.0;-995.0;23;-23
-180.0;-40;-800.0;-826.0;-1030.0;40;-27
-295.0;?;?;-819.0;-1003.0;-3;?
-141.0;27;-782.0;-875.0;-972.0;-27;-24
-113.0;16;-823.0;-874.0;-985.0;-16;-27
-193.0;22;-841.0;-889.0;-963.0;-22;?
-259.0;21;?;?;-985.0;-21;?
-234.0;-7;-880.0;-997.0;-995.0;7;-25
-244.0;-16;-849.0;-953.0;-1000.0;16;?
?;-5;-835.0;-907.0;-986.0;5;-29
-267.0;17;-828.0;-882.0;-966.0;-17;-28
-231.0;17;-840.0;-873.0;-959.0;-17;-22
?;-11;-838.0;-886.0;-995.0;11;-26
-295.0;-8;-763.0;-840.0;-989.0;?;-23
-275.0;14;-773.0;-821.0;-996.0;-14;-21
-278.0;23;-809.0;-864.0;-993.0;-23;-19
-279.0;17;-820.0;-866.0;-1007.0;-17;-11
-271.0;23;-797.0;-865.0;-999.0;-23;-14
-268.0;70;-756.0;-838.0;-991.0;-70;?
-276.0;99;-746.0;?;-971.0;-99;-15
-334.0;91;-765.0;-846.0;-927.0;-91;-13
-283.0;?;-751.0;-852.0;-974.0;-103;-29
-289.0;70;-742.0;-839.0;-1015.0;?;-22
-305.0;59;-727.0;-846.0;?;-59;-3
?;126;?;-822.0;-947.0;?;?
-283.0;109;-715.0;-813.0;-980.0;-109;-17
-286.0;104;-731.0;-817.0;-1004.0;-104;-23
-394.0;123;-712.0;-834.0;-993.0;-123;-33
-398.0;121;-723.0;-837.0;-1042.0;?;-22
-273.0;118;-732.0;-846.0;-1024.0;-118;-26
-302.0;103;-733.0;-833.0;?;-103;?
-278.0;217;-721.0;-828.0;-956.0;-217;-21
-319.0;337;-760.0;-824.0;?;-337;-16
?;348;-708.0;-829.0;-928.0;-348;-32
-216.0;357;-711.0;-823.0;-965.0;-357;-22
-191.0;417;-756.0;-803.0;?;-417;-26
-169.0;?;-653.0;-869.0;-847.0;-406;-41
?;?;-717.0;-946.0;-1058.0;-232;?
-69.0;132;-673.0;-755.0;-1011.0;?;1
-91.0;?;-632.0;-750.0;-1042.0;-7;?
-81.0;-160;-651.0;-757.0;?;160;16
-112.0;?;-675.0;-766.0;-999.0;185;-23
-122.0;-273;?;-769.0;-988.0;273;62
-102.0;-313;-694.0;-792.0;-1016.0;?;-10
-104.0;-165;-711.0;-825.0;-997.0;165;-66
-80.0;-71;-728.0;-827.0;?;71;-22
-15.0;?;-721.0;-837.0;-1037.0;?;-49
-68.0;?;-783.0;-830.0;-1170.0;35;-23
-44.0;-45;?;-828.0;-1184.0;45;-20
?;-46;-878.0;-871.0;-1114.0;46;-39
-51.0;-87;-888.0;-893.0;-1125.0;87;-33
-72.0;-81;-889.0;-912.0;-962.0;81;-14
-89.0;22;-832.0;?;?;-22;2
?;53;-875.0;-918.0;-1022.0;-53;?
-91.0;35;?;-902.0;-922.0;?;-45
?;16;?;-915.0;-918.0;-16;-25
-31.0;13;-974.0;?;-882.0;-13;-24
123.0;40;-976.0;?;-918.0;-40;-35
97.0;53;?;-1018.0;-950.0;-53;-26
89.0;?;-1001.0;-1033.0;-962.0;?;-16
73.0;42;-1000.0;-1058.0;-945.0;?;-20
107.0;-10;-1014.0;-1079.0;-960.0;10;-16
115.0;19;-969.0;-1034.0;?;-19;-23
85.0;-14;-910.0;-987.0;-863.0;14;-11
36.0;36;-882.0;-987.0;-852.0;-36;-16
?;79;-879.0;-946.0;?;?;-24
61.0;94;-920.0;-942.0;?;-94;0
52.0;620;-952.0;-962.0;?;-620;-59
73.0;335;-1009.0;-988.0;-891.0;-335;-11
80.0;1080;-1078.0;-1052.0;-972.0;-1080;?
101.0;1684;-1113.0;-1126.0;-1057.0;-1684;-62
57.0;1509;-1093.0;-1136.0;-1076.0;-1509;-35
84.0;5431;-1032.0;?;-1057.0;-5431;-701
-49.0;8177;-963.0;-972.0;-977.0;-8177;-1285
-4.0;7428;-890.0;-899.0;-850.0;?;-970
-51.0;3421;-862.0;-885.0;-805.0;-3421;-393
217.0;-2507;-878.0;-896.0;-808.0;2507;512
-160.0;-3645;-900.0;-927.0;?;3645;1218
?;-3719;?;-952.0;-877.0;3719;910
?;-4159;-959.0;-994.0;-920.0;4159;758
26.0;-4373;-964.0;-1016.0;?;4373;154
12.0;-5261;-987.0;-1043.0;-967.0;5261;-328
?;-5395;?;-1094.0;-983.0;5395;-390
-117.0;-5656;-988.0;-1114.0;-996.0;5656;-901
-166.0;-5624;?;-1281.0;-1132.0;5624;-765
-68.0;-5767;-1242.0;-1331.0;-1240.0;5767;-1181
?;-4172;-1155.0;?;?;4172;1659
-53.0;-17;-968.0;-848.0;-1179.0;17;2053
-53.0;4339;-910.0;-756.0;-990.0;-4339;-2017
40.0;5707;-954.0;-830.0;-1059.0;-5707;-109
-85.0;2056;-969.0;-952.0;-1157.0;-2056;298
49.0;278;-1068.0;-981.0;-1167.0;-278;-1322
219.0;?;-939.0;-923.0;-1004.0;-1115;-242
?;252;-815.0;-816.0;-853.0;-252;-280
-507.0;72;-741.0;-781.0;-770.0;-72;-70
-546.0;?;-735.0;-797.0;-699.0;-137;36
-222.0;27;-764.0;-807.0;?;-27;-93
-2.0;165;-788.0;-866.0;-764.0;-165;16
?;72;?;-867.0;-839.0;-72;-39
-276.0;?;-794.0;-834.0;-851.0;-120;?
-172.0;85;-877.0;-835.0;-926.0;-85;-7
56.0;61;-1064.0;-968.0;-1066.0;-61;-2
112.0;296;?;-1140.0;-1156.0;?;-58
105.0;38;?;?;-1370.0;-38;3
?;782;-930.0;-946.0;-1124.0;-782;2627
-26.0;3858;?;-1009.0;-1129.0;-3858;-1311
86.0;2400;-1114.0;-1202.0;-1146.0;-2400;-3135
-21.0;1479;-1175.0;-1133.0;-1135.0;-1479;-790
-180.0;777;-1095.0;-1143.0;-1122.0;-777;-45
26.0;241;-986.0;-1033.0;-988.0;-241;-49
-88.0;118;-871.0;?;-876.0;-118;-19
-141.0;103;-783.0;-825.0;-746.0;-103;-59
-74.0;111;-738.0;-804.0;-699.0;-111;15
?;64;-748.0;-799.0;-722.0;-64;?
-80.0;19;-770.0;?;-762.0;-19;-5
-117.0;20;-791.0;-880.0;-811.0;-20;?
-169.0;-33;-829.0;?;-870.0;33;-10
-68.0;-40;-924.0;-891.0;-995.0;40;1
-21.0;-20;-1019.0;-993.0;-1050.0;?;5
-37.0;-2;-1046.0;-1044.0;-1016.0;?;-10
?;17;-1147.0;-1231.0;-1115.0;-17;1
?;-12;-1279.0;-1296.0;-1106.0;12;-3
-70.0;1;-969.0;-1068.0;?;-1;?
-170.0;-32;-892.0;?;-666.0;32;-3
-97.0;9;-1141.0;-1197.0;?;-9;-25
-202.0;104;-1166.0;-1276.0;-949.0;-104;-23
-257.0;?;-1079.0;-1118.0;-1024.0;-82;-13
?;74;-885.0;-988.0;-935.0;-74;-14
-470.0;68;-829.0;-900.0;-861.0;-68;11
-354.0;75;-854.0;?;-881.0;-75;-58
-318.0;111;-825.0;-846.0;-907.0;-111;-76
-423.0;80;-828.0;-896.0;-896.0;-80;-14
-483.0;43;-889.0;-998.0;?;?;-26
-436.0;71;-899.0;?;-1028.0;?;-15
-415.0;46;-898.0;-1016.0;-863.0;-46;-7
-439.0;-71;-882.0;-1050.0;-880.0;71;-22
-499.0;-96;-863.0;-1011.0;-903.0;96;-19
-488.0;-96;?;-938.0;-968.0;96;?
-434.0;-96;-910.0;-1016.0;-1080.0;96;-24
-433.0;-4;-797.0;-975.0;-1202.0;4;-24
-462.0;27;-775.0;-841.0;-1139.0;-27;-23
-462.0;16;-763.0;-807.0;-1068.0;-16;-21
?;21;?;-808.0;-1061.0;-21;-18
-447.0;22;-752.0;-808.0;-1097.0;-22;-21
-431.0;18;-707.0;-790.0;-1054.0;-18;-27
-418.0;-37;-702.0;-778.0;-1078.0;37;-25
-420.0;-47;-670.0;-788.0;-1047.0;47;-23
-400.0;?;-678.0;-786.0;-1009.0;?;-25
-374.0;-30;-664.0;-776.0;-1018.0;30;-18
-413.0;-34;-667.0;-778.0;-1007.0;34;-17
-386.0;-35;-688.0;-815.0;-998.0;?;-24
-405.0;?;-699.0;?;-1013.0;35;-27
-380.0;?;-723.0;-851.0;?;44;-23
-382.0;-77;-734.0;-863.0;-1010.0;77;?
-399.0;-63;-728.0;-879.0;-1009.0;63;-13
-349.0;-3;-718.0;-881.0;-979.0;3;-32
?;20;-712.0;-851.0;-1011.0;-20;-22
-333.0;20;-720.0;-841.0;?;-20;-23
-317.0;13;-720.0;-832.0;-993.0;-13;?
-320.0;-24;-720.0;-840.0;-990.0;24;?
-356.0;-6;-731.0;-839.0;-998.0;6;?
-348.0;48;?;-858.0;-1059.0;?;-30
-323.0;84;-733.0;-835.0;-1019.0;-84;-30
-302.0;91;-723.0;-839.0;-994.0;?;?
-336.0;148;-737.0;-863.0;-961.0;-148;-45
?;457;-753.0;?;-967.0;?;-45
-263.0;536;?;-848.0;-1016.0;-536;-95
-355.0;532;-742.0;-822.0;-959.0;-532;-184
-319.0;533;-760.0;-853.0;-935.0;-533;-181
-295.0;-27;-778.0;-863.0;-1045.0;?;-113
-324.0;-153;-778.0;-858.0;-1239.0;153;51
?;-67;-720.0;-872.0;-1358.0;67;100
-287.0;-533;-778.0;-891.0;-1196.0;?;?
-291.0;-855;-800.0;-924.0;-1032.0;?;162
-264.0;-805;-813.0;-1000.0;-1030.0;805;129
-259.0;?;?;-922.0;-779.0;774;-32
-255.0;-1150;-712.0;-914.0;-842.0;1150;-59
-268.0;-1300;-723.0;-973.0;-866.0;1300;49
-247.0;?;-751.0;-983.0;?;1146;118
-249.0;-1177;?;-988.0;-883.0;1177;109
-255.0;-1176;-810.0;-1040.0;-957.0;?;108
-243.0;-1182;-834.0;-1071.0;-944.0;?;?
-262.0;-1152;?;-1052.0;-1004.0;1152;105
-263.0;-1212;-841.0;-1097.0;-956.0;1212;115
-276.0;?;-863.0;-1086.0;-989.0;1133;104
-276.0;-1189;-849.0;-1060.0;-941.0;1189;111
-246.0;-1250;-827.0;-1070.0;-928.0;1250;118
-277.0;-270;-835.0;-1058.0;-958.0;270;14
-310.0;269;-836.0;-1077.0;-956.0;-269;-30
-330.0;33;-837.0;-1098.0;-973.0;-33;-17
-365.0;?;-828.0;-1119.0;-981.0;-99;-23
-402.0;51;-794.0;-1088.0;-1042.0;-51;18
-394.0;-3;-807.0;-1025.0;-1068.0;3;10
-418.0;-16;-821.0;?;-1011.0;16;-10
-405.0;8;-803.0;-981.0;-1019.0;-8;?
-466.0;105;-826.0;-936.0;-957.0;-105;6
?;88;-817.0;-908.0;-967.0;-88;6
-512.0;75;?;?;-946.0;-75;-10
?;98;-755.0;-795.0;-925.0;-98;-17
-486.0;73;-789.0;-806.0;-951.0;-73;-7
-516.0;71;?;?;-973.0;-71;0
-530.0;112;-717.0;-691.0;-954.0;?;-9
-539.0;145;-694.0;-645.0;-963.0;-145;-8
-514.0;152;-681.0;-642.0;-945.0;-152;9
-598.0;114;-683.0;-603.0;?;-114;7
-593.0;92;-665.0;-624.0;-945.0;?;-2
-527.0;38;-672.0;?;-903.0;-38;-11
-497.0;13;-629.0;-564.0;-906.0;-13;?
-533.0;56;-630.0;-560.0;-927.0;-56;-20
-535.0;?;-642.0;-585.0;-896.0;-53;-16
?;66;-635.0;-617.0;-927.0;-66;?
-586.0;77;-634.0;?;-898.0;-77;-16
-603.0;52;-619.0;-602.0;?;-52;-25
-521.0;74;-602.0;-592.0;?;-74;-23
-447.0;55;-556.0;-551.0;-920.0;-55;-23
-465.0;-10;-551.0;-541.0;-931.0;10;-19
-455.0;1;-549.0;-504.0;-956.0;-1;-28
-438.0;10;-525.0;-477.0;-1000.0;-10;-19
-494.0;12;-513.0;?;-1040.0;-12;-12
-483.0;-20;-524.0;?;-994.0;20;-16
-440.0;-93;?;-496.0;-953.0;93;-6
-429.0;-66;-523.0;-489.0;-945.0;66;-19
-429.0;-30;-560.0;-510.0;-874.0;30;-35
-397.0;-118;-560.0;-551.0;-799.0;118;?
-360.0;8;-550.0;-564.0;-859.0;-8;-43
-392.0;101;-550.0;-559.0;-936.0;-101;-25
-385.0;483;-583.0;-530.0;-1224.0;-483;-96
-354.0;?;-552.0;-517.0;-1319.0;-745;-159
-385.0;685;-598.0;-520.0;-1176.0;-685;-62
-384.0;1444;-608.0;-544.0;-973.0;-1444;-372
-336.0;-620;?;-586.0;-1040.0;620;146
?;-2294;-630.0;-602.0;-991.0;2294;728
-303.0;-972;-610.0;-616.0;-923.0;972;?
-272.0;-1039;-622.0;-594.0;-848.0;1039;220
?;842;-626.0;-589.0;-720.0;-842;?
-227.0;2465;-638.0;-608.0;-625.0;-2465;-123
?;?;-643.0;-623.0;-564.0;-1779;173
-219.0;1597;-658.0;-655.0;-455.0;-1597;?
-223.0;869;-665.0;-692.0;-555.0;-869;251
-248.0;317;-697.0;-716.0;-645.0;-317;300
-232.0;-393;-763.0;-741.0;-712.0;?;-107
-207.0;-664;-748.0;-780.0;-747.0;664;?
-181.0;365;-774.0;-769.0;-808.0;-365;-398
-232.0;74;-755.0;?;-798.0;?;-1276
-250.0;-1387;-751.0;-819.0;-802.0;1387;-279
-257.0;?;-850.0;-831.0;-835.0;1423;215
-216.0;-718;-876.0;-827.0;-916.0;718;-180
-195.0;-219;-831.0;-819.0;?;219;-143
-81.0;48;-791.0;-836.0;-820.0;-48;-22
-134.0;-64;-803.0;-847.0;-818.0;64;10
-35.0;-60;-816.0;-835.0;-814.0;60;-13
103.0;-43;-842.0;-825.0;-859.0;43;-3
31.0;-76;-837.0;-787.0;-826.0;76;?
57.0;-59;-819.0;-755.0;-800.0;59;-2
67.0;-74;-851.0;-770.0;-807.0;74;6
-36.0;?;-859.0;-775.0;-829.0;77;-6
36.0;-59;?;-772.0;-794.0;59;?
28.0;-16;-922.0;-788.0;-986.0;16;11
31.0;25;-1076.0;-918.0;-977.0;-25;-8
-44.0;26;-916.0;-1000.0;-957.0;-26;-21
-25.0;39;-929.0;?;-915.0;-39;-4
-24.0;64;-1234.0;-1177.0;-1146.0;-64;-20
25.0;?;-1268.0;?;-1240.0;?;-21
98.0;39;-1127.0;-1245.0;-1099.0;-39;-9
190.0;7;-1006.0;?;-990.0;-7;-27
217.0;33;-883.0;-1001.0;-853.0;-33;-6
74.0;38;-855.0;-897.0;-773.0;-38;-42
106.0;171;-850.0;-849.0;-759.0;-171;-25
99.0;317;-876.0;-858.0;-767.0;-317;-27
?;646;-915.0;-888.0;?;-646;?
106.0;2231;-1021.0;?;-833.0;-2231;-120
31.0;3578;-1070.0;-1090.0;-884.0;-3578;-209
-97.0;4882;-1035.0;-1136.0;-895.0;-4882;-288
?;3356;-1028.0;-1136.0;-896.0;-3356;251
67.0;?;-981.0;-1087.0;?;1257;?
-238.0;-1456;-974.0;-1003.0;?;1456;449
-428.0;-755;-967.0;-960.0;-874.0;755;580
-387.0;-1309;-938.0;-919.0;-865.0;?;647
?;-1527;-961.0;?;-891.0;1527;560
-288.0;-3292;-989.0;-926.0;?;3292;426
-144.0;-3794;-964.0;-941.0;-934.0;3794;146
-202.0;-3820;-941.0;-933.0;-895.0;3820;-220
-167.0;-3975;-1095.0;?;-936.0;3975;-312
-139.0;-4023;-959.0;-1006.0;-1015.0;4023;-344
-119.0;-3592;-1074.0;-897.0;-1059.0;3592;?
-102.0;-3734;-1088.0;-890.0;-1219.0;3734;-1057
-65.0;-4335;-907.0;-769.0;-1169.0;4335;-831
-68.0;-2393;-858.0;-739.0;-933.0;2393;988
-21.0;-2655;-906.0;-857.0;-922.0;2655;1804
-53.0;-416;-973.0;-992.0;-958.0;416;1312
-41.0;4656;-937.0;-1033.0;-905.0;-4656;-452
-82.0;4105;-872.0;-1041.0;-843.0;-4105;-2000
54.0;2881;-862.0;-999.0;?;-2881;-211
-108.0;1512;-899.0;-985.0;-821.0;-1512;644
177.0;139;-913.0;?;?;-139;-132
63.0;592;-922.0;-1000.0;-875.0;-592;-39
-23.0;288;-950.0;-1008.0;-915.0;-288;-66
-18.0;122;-968.0;-1010.0;-968.0;?;-28
185.0;168;-952.0;-913.0;-1005.0;-168;?
206.0;33;?;-945.0;-996.0;-33;-42
?;-25;-926.0;-863.0;-992.0;25;-5
?;-41;?;-905.0;-1023.0;41;-21
191.0;2;-961.0;-920.0;-998.0;-2;-22
?;20;-965.0;-964.0;-998.0;-20;-19
118.0;7;-1262.0;-949.0;-1146.0;-7;-13
117.0;23;-1000.0;-1075.0;?;-23;-20
146.0;16;-1161.0;?;-1017.0;-16;-11
?;-34;-1095.0;-1259.0;-812.0;34;-12
146.0;4;-1133.0;-1243.0;-816.0;-4;-29
105.0;25;-1023.0;-1168.0;-801.0;-25;-18
?;-40;-979.0;-1076.0;-694.0;40;-14
?;?;-1011.0;-1140.0;-692.0;8;-22
142.0;42;-927.0;-1105.0;-637.0;-42;-21
142.0;10;-886.0;?;?;-10;-22
?;-14;-853.0;-1092.0;-536.0;14;-26
?;-32;-828.0;-1074.0;-518.0;32;-20
129.0;-60;?;-1010.0;-529.0;60;-24
135.0;?;-785.0;-999.0;-532.0;128;-52
134.0;-140;-799.0;-1057.0;-536.0;140;?
170.0;-12;-814.0;-1035.0;-554.0;12;-10
21.0;29;-826.0;-939.0;-603.0;-29;-31
-103.0;-38;-866.0;?;-680.0;?;-33
-119.0;-66;-891.0;-1043.0;-689.0;?;-29
-142.0;?;-865.0;-944.0;-683.0;128;?
-144.0;-69;-876.0;-910.0;-719.0;69;?
-165.0;-89;-917.0;-972.0;-757.0;89;-18
-168.0;-197;-915.0;-934.0;-747.0;197;36
-291.0;262;-921.0;-1000.0;-730.0;-262;180
-182.0;733;-930.0;-1000.0;-703.0;?;8
-171.0;709;-898.0;-1025.0;-668.0;?;-90
-183.0;881;-876.0;-1198.0;-637.0;-881;-86
-202.0;1107;-932.0;-1217.0;-661.0;-1107;-88
-220.0;518;?;-1134.0;-742.0;-518;120
-217.0;-244;-828.0;-1009.0;-875.0;?;?
-184.0;-307;-812.0;-1044.0;-943.0;307;435
-252.0;-430;-870.0;-932.0;?;430;98
-230.0;-461;-886.0;-988.0;-983.0;461;-201
-245.0;-158;-870.0;-1007.0;-1023.0;158;-15
-254.0;-130;-845.0;-968.0;-1054.0;130;-13
?;-98;-857.0;-971.0;-1043.0;?;-42
-217.0;-81;-787.0;-1043.0;-1096.0;81;3
?;?;-789.0;-1008.0;-1111.0;84;-16
-225.0;?;-755.0;-943.0;-1069.0;6;?
-187.0;-13;?;-891.0;-1064.0;13;-17
-199.0;8;?;-861.0;-1060.0;-8;-14
-183.0;-55;?;?;-1053.0;55;-17
-193.0;-120;-695.0;-864.0;-1061.0;120;-22
-211.0;?;-666.0;-813.0;-1020.0;6;-15
-190.0;?;-637.0;-771.0;-983.0;-51;-25
-174.0;9;-642.0;-844.0;-990.0;-9;-33
?;38;-616.0;-784.0;-970.0;-38;-24
-144.0;12;-583.0;-775.0;?;-12;-32
-174.0;-46;-539.0;-722.0;-998.0;46;-23
-89.0;?;-541.0;?;?;45;-21
-155.0;-98;-552.0;?;-1089.0;98;-14
-186.0;-107;-555.0;-729.0;-1070.0;107;1
-168.0;-49;-517.0;-732.0;-1018.0;49;-25
?;-77;-491.0;-690.0;-1030.0;77;-24
-133.0;-72;-509.0;-735.0;-1008.0;72;-13
-98.0;-17;-502.0;-888.0;-981.0;17;-5
-90.0;-27;-499.0;-792.0;-950.0;27;-30
-72.0;11;-529.0;-759.0;-951.0;-11;-69
-81.0;10;-579.0;-776.0;-973.0;-10;-39
-90.0;-34;-608.0;-787.0;-1009.0;?;-33
-66.0;99;-642.0;?;-1060.0;-99;?
-66.0;60;-702.0;-900.0;-1056.0;-60;-73
-252.0;?;-748.0;-991.0;-1043.0;216;-76
-301.0;-263;-744.0;?;-988.0;263;-98
?;-220;-693.0;-1013.0;-910.0;?;-228
?;-80;-657.0;-1014.0;-863.0;80;-91
-296.0;463;-674.0;-998.0;-828.0;-463;202
-526.0;929;-685.0;-1036.0;-811.0;-929;535
-546.0;947;-688.0;?;-849.0;-947;249
-563.0;801;-691.0;-975.0;-907.0;?;-26
-499.0;?;-677.0;-942.0;-901.0;-431;708
-536.0;25;-641.0;-927.0;?;-25;658
-541.0;?;-640.0;-950.0;-834.0;?;187
-536.0;187;-605.0;-928.0;?;-187;127
-537.0;-39;-549.0;-832.0;-986.0;39;-85
-505.0;-28;-494.0;-740.0;-1022.0;28;-45
-485.0;23;-404.0;-714.0;?;-23;-1
-505.0;-35;-321.0;-739.0;-898.0;35;-38
-566.0;-15;-254.0;-705.0;-906.0;15;-10
-519.0;-25;-245.0;-643.0;-907.0;25;-26
-484.0;-43;-248.0;-645.0;-873.0;43;-24
-540.0;-14;-227.0;-560.0;-905.0;?;-24
-531.0;-21;-216.0;-533.0;-934.0;?;-24
-539.0;-18;?;-542.0;-1014.0;18;-21
-500.0;-18;-285.0;-556.0;-1021.0;18;-22
-507.0;-18;-325.0;-599.0;-1006.0;18;-32
?;9;-342.0;-652.0;-1020.0;?;-22
-483.0;-19;-317.0;-655.0;?;19;-9
-485.0;-45;-331.0;-657.0;?;?;-15
-497.0;-39;-368.0;-683.0;-1001.0;39;-8
-436.0;1;-366.0;-683.0;-1028.0;-1;-2
-435.0;57;-371.0;?;-1068.0;-57;1
-413.0;113;-359.0;-653.0;-1106.0;-113;?
-404.0;141;-386.0;-675.0;-1095.0;-141;-52
-411.0;154;?;-691.0;?;-154;-57
-456.0;275;-380.0;?;?;-275;-16
-482.0;132;-371.0;-708.0;-1065.0;-132;-68
-483.0;-392;-354.0;-702.0;-1009.0;392;-190
?;-351;-353.0;-706.0;?;351;-82
-504.0;554;?;-696.0;?;-554;183
-503.0;1232;-328.0;-632.0;-989.0;?;59
-453.0;1246;-314.0;-620.0;?;-1246;-263
-472.0;1318;-302.0;-601.0;-906.0;-1318;97
-386.0;1079;-286.0;-590.0;-905.0;-1079;334
?;332;-295.0;-628.0;-957.0;-332;139
-380.0;-615;-312.0;-642.0;-1026.0;615;-11
-343.0;-1946;-325.0;-625.0;-1062.0;1946;-527
-303.0;-2093;-338.0;-626.0;-1074.0;2093;-284
-295.0;-669;-321.0;-642.0;-1021.0;669;?
-262.0;?;-278.0;-577.0;-1015.0;-261;-241
-191.0;151;-247.0;-526.0;-978.0;-151;?
-157.0;-181;-184.0;-624.0;-943.0;181;0
-106.0;-155;-137.0;?;?;155;-48
-27.0;-69;?;-577.0;-939.0;69;-2
?;-56;-216.0;-657.0;-946.0;56;-42
?;5;?;?;-849.0;-5;-21
23.0;-1;?;?;-865.0;1;-21
-37.0;-13;-247.0;-557.0;-822.0;13;-26
-21.0;-17;-285.0;-678.0;-840.0;?;-17
-52.0;?;-309.0;-708.0;-814.0;31;-18
-32.0;-51;-344.0;?;-799.0;51;-22
-32.0;-39;-396.0;?;-832.0;39;?
8.0;8;-518.0;-1003.0;?;-8;-15
-20.0;-20;-489.0;-1184.0;-806.0;20;-20
-51.0;-47;-398.0;-1223.0;-847.0;47;-28
-36.0;-23;-417.0;-1249.0;-895.0;23;-12
-52.0;-63;-577.0;-1175.0;-986.0;63;-17
-65.0;-32;-586.0;-1088.0;-979.0;32;-27
26.0;61;-595.0;-1046.0;-950.0;-61;-20
25.0;19;-614.0;-1016.0;-982.0;-19;-54
129.0;-14;-622.0;-962.0;-997.0;14;?
125.0;-6;?;-929.0;-984.0;6;-20
87.0;-75;-627.0;-885.0;-984.0;75;-24
119.0;-1;-646.0;-879.0;-923.0;1;-25
119.0;-6;-648.0;-875.0;-911.0;6;-31
?;-55;-649.0;-822.0;-895.0;55;-11
118.0;?;-670.0;-827.0;-882.0;-194;-38
84.0;-20;-695.0;?;-842.0;20;-5
55.0;658;-704.0;-841.0;-781.0;-658;-98
-29.0;1303;-698.0;-854.0;-715.0;-1303;?
-30.0;?;-692.0;-878.0;-707.0;?;-63
-95.0;?;-752.0;-900.0;-699.0;335;291
-198.0;-26;-863.0;-994.0;-748.0;26;205
-227.0;-190;-1006.0;-1083.0;-873.0;190;?
?;?;-974.0;-1112.0;?;-322;-33
-420.0;480;-959.0;-1099.0;-1001.0;-480;-85
-394.0;83;-876.0;-1119.0;-1080.0;-83;-46
-383.0;?;-831.0;?;-955.0;296;3
-396.0;-386;-726.0;?;?;386;-5
-439.0;-264;-641.0;-885.0;-887.0;264;-14
?;-154;-504.0;-775.0;-886.0;154;-8
-434.0;-43;-403.0;-718.0;-899.0;43;47
-343.0;193;-327.0;-685.0;-876.0;-193;13
-405.0;545;-269.0;?;-878.0;-545;-112
-476.0;753;-193.0;-634.0;-796.0;-753;-74
-446.0;974;-121.0;-720.0;-763.0;-974;-36
-447.0;893;-165.0;-592.0;-774.0;-893;?
-540.0;432;-287.0;-389.0;-781.0;-432;?
-478.0;252;-318.0;-312.0;?;-252;3
-468.0;51;-274.0;-348.0;-831.0;-51;-10
-562.0;-103;?;-410.0;-939.0;103;-35
-492.0;9;-366.0;-369.0;-1029.0;?;?
-490.0;-9;-353.0;-397.0;-1089.0;9;-8
-456.0;-139;-359.0;-325.0;-1071.0;139;-17
-447.0;-226;-419.0;-379.0;-1069.0;226;-27
-434.0;-234;-484.0;-367.0;-1035.0;234;-19
-458.0;?;-485.0;-357.0;-1031.0;310;-21
-436.0;-389;-529.0;-323.0;-1051.0;389;-9
-391.0;-398;-544.0;-376.0;-1050.0;398;?
-413.0;-379;-599.0;?;-1012.0;379;-21
-422.0;-257;-618.0;-373.0;?;257;-17
-436.0;-241;-626.0;-444.0;-1044.0;241;?
?;-287;-651.0;?;-1014.0;287;-26
-378.0;-211;-653.0;-467.0;-1122.0;211;-20
-422.0;-141;-658.0;-452.0;-1223.0;141;-28
-474.0;-133;-646.0;-451.0;-1161.0;133;?
-514.0;?;-626.0;-486.0;-976.0;135;-16
-525.0;-152;-591.0;-488.0;-879.0;152;-24
-556.0;-253;?;-503.0;-867.0;253;?
-564.0;-251;-509.0;-467.0;-987.0;251;-25
?;-127;-471.0;-418.0;-915.0;127;-24
-554.0;-83;-449.0;-334.0;-885.0;83;-17
-523.0;-8;-427.0;-312.0;-949.0;8;-18
-477.0;41;-402.0;?;-980.0;-41;-34
-438.0;22;-371.0;-274.0;-874.0;-22;-29
-383.0;?;-318.0;-303.0;?;-25;4
-326.0;91;-383.0;-290.0;-1025.0;-91;6
-181.0;112;?;-297.0;-1039.0;-112;-28
-101.0;-56;?;-318.0;-994.0;56;-51
-27.0;-178;-437.0;-410.0;-976.0;?;-44
-47.0;-354;-462.0;?;-1089.0;354;-10
-17.0;-452;-470.0;?;-1115.0;452;-65
54.0;-511;-490.0;-444.0;-1079.0;511;-27
23.0;-538;-504.0;-456.0;-1133.0;538;209
161.0;-8;-508.0;?;-1121.0;8;?
96.0;86;-513.0;-478.0;-1124.0;-86;-105
107.0;-277;-499.0;-540.0;-1085.0;277;-69
164.0;-89;-473.0;-526.0;-1136.0;89;-9
127.0;53;-471.0;-612.0;-1189.0;-53;-111
85.0;-67;-459.0;-573.0;-1192.0;?;-85
101.0;6;?;-620.0;-1241.0;?;45
121.0;212;-510.0;-808.0;-1173.0;-212;-24
122.0;174;-472.0;-843.0;-1034.0;-174;-130
111.0;-31;-549.0;-828.0;-869.0;31;-84
132.0;-131;-579.0;-889.0;-908.0;131;-70
79.0;?;-612.0;-826.0;-791.0;143;-80
86.0;-60;-589.0;-848.0;-750.0;60;-39
122.0;30;-598.0;-813.0;-716.0;-30;-49
109.0;55;-685.0;-877.0;-674.0;-55;45
156.0;13;-756.0;-964.0;-768.0;?;60
220.0;36;-823.0;?;-691.0;-36;-65
166.0;158;-888.0;-1018.0;-784.0;-158;16
168.0;120;-899.0;-937.0;-802.0;-120;2
200.0;120;-912.0;?;-825.0;-120;-65
?;24;-928.0;-903.0;-831.0;-24;-111
?;84;-963.0;-923.0;-876.0;-84;?
248.0;441;-958.0;-981.0;-878.0;-441;?
233.0;270;-963.0;-975.0;-862.0;-270;-84
203.0;31;-966.0;-998.0;-886.0;-31;-169
212.0;47;-947.0;-988.0;-846.0;-47;54
213.0;106;-936.0;-941.0;-871.0;-106;7
171.0;204;-934.0;-927.0;-878.0;-204;-54
121.0;74;-942.0;?;-843.0;-74;-24
142.0;5;-932.0;-977.0;-885.0;?;-13
74.0;30;-987.0;-1014.0;-912.0;-30;-48
139.0;-35;-982.0;-1021.0;-910.0;35;-43
51.0;-36;-1002.0;-991.0;-926.0;36;-17
-62.0;0;-992.0;-1012.0;-956.0;0;-35
-66.0;25;-1014.0;-1015.0;-903.0;-25;-22
-156.0;78;-1034.0;-1060.0;-900.0;-78;0
32.0;65;-1004.0;-1092.0;-881.0;-65;-15
?;19;-1066.0;-1161.0;-774.0;-19;-27
-180.0;56;-1082.0;-1198.0;-828.0;-56;-21
-231.0;86;-990.0;-1152.0;-833.0;-86;-25
-291.0;59;-967.0;?;-726.0;-59;-27
-336.0;41;-962.0;-1101.0;-813.0;-41;-19
-285.0;45;-813.0;-1006.0;?;-45;?
-344.0;35;-840.0;-958.0;-886.0;-35;-22
-342.0;18;-884.0;-1005.0;?;-18;-11
-332.0;?;-736.0;-823.0;-1001.0;-20;-24
-314.0;22;-631.0;-778.0;-1013.0;-22;-21
-356.0;12;-749.0;-861.0;-1080.0;-12;-6
-354.0;13;-711.0;-828.0;-1101.0;-13;?
?;20;-612.0;-771.0;?;-20;-27
-311.0;-10;-653.0;?;-1096.0;?;-22
-293.0;-34;-672.0;?;-1067.0;34;-17
-310.0;-24;-620.0;-844.0;-991.0;24;-25
-292.0;-34;-623.0;-872.0;-1019.0;34;-24
-310.0;-23;-644.0;?;-1107.0;23;-21
-301.0;-19;-617.0;-833.0;?;?;?
-284.0;-62;-577.0;-808.0;-1057.0;62;-20
-282.0;-68;-549.0;?;-996.0;68;?
-293.0;-57;-563.0;-817.0;-952.0;57;-29
-273.0;-53;-569.0;-804.0;-925.0;53;-27
-264.0;?;-563.0;-808.0;-974.0;28;-27
-271.0;?;-569.0;-813.0;-966.0;-7;-28
-250.0;-7;-576.0;-839.0;-919.0;7;-23
-243.0;-34;-598.0;-863.0;?;34;?
-239.0;-16;-607.0;?;-942.0;16;-17
-213.0;-15;-606.0;-850.0;-959.0;15;-16
-204.0;0;-612.0;-859.0;-951.0;0;-30
-213.0;5;-617.0;-869.0;-999.0;-5;-29
-189.0;-12;-624.0;-851.0;-957.0;12;-22
-217.0;8;-605.0;-858.0;-929.0;-8;-23
-238.0;0;-616.0;-862.0;-945.0;0;-19
-218.0;16;-632.0;-863.0;-961.0;-16;-27
-209.0;29;-644.0;-866.0;-961.0;-29;-23
-232.0;-16;-667.0;-885.0;-983.0;16;?
-215.0;-46;-675.0;-903.0;-962.0;46;?
?;-47;-676.0;-906.0;-956.0;47;-9
-192.0;?;-672.0;-886.0;-945.0;?;-20
-179.0;-74;?;-879.0;-962.0;74;-27
-124.0;-81;-673.0;-870.0;-970.0;81;-18
-85.0;?;-669.0;-862.0;-991.0;36;-23
-55.0;-47;-668.0;-856.0;-995.0;47;-22
-53.0;-51;-662.0;-856.0;-953.0;51;-25
?;-1;-653.0;-860.0;-955.0;1;-25
4.0;9;-652.0;-860.0;-979.0;-9;-20
-16.0;17;-659.0;-870.0;-982.0;-17;-20
2.0;13;-658.0;-866.0;-975.0;-13;-23
26.0;?;-663.0;-880.0;-987.0;24;?
26.0;10;-671.0;-889.0;-997.0;-10;-24
59.0;44;-678.0;-892.0;-1023.0;-44;-23
11.0;?;-694.0;-883.0;-1043.0;-35;-23
39.0;29;-736.0;-894.0;-1029.0;-29;-23
11.0;?;-741.0;-910.0;-905.0;-18;-23
?;9;-790.0;-947.0;?;-9;-20
-92.0;1;-811.0;-975.0;-962.0;-1;-13
1.0;-6;-827.0;-970.0;-928.0;6;-12
-136.0;15;-814.0;-976.0;-816.0;-15;-12
-103.0;32;-821.0;-976.0;-826.0;-32;-21
?;3;-848.0;-984.0;-870.0;-3;?
-208.0;?;-877.0;?;?;13;?
-178.0;15;-893.0;-1008.0;-1103.0;?;-23
-159.0;19;-941.0;-1032.0;-1222.0;-19;-21
-163.0;-1;-955.0;-1034.0;?;?;?
-163.0;0;-970.0;-1030.0;-1299.0;0;-18
-150.0;-17;-1011.0;-1022.0;-1092.0;17;-14
-125.0;-25;-931.0;-1008.0;-899.0;25;-20
-119.0;7;-884.0;-1011.0;-827.0;-7;-26
-132.0;-5;-870.0;-973.0;?;5;-18
-132.0;-9;-845.0;?;-978.0;9;-20
-121.0;-2;-852.0;-893.0;-1030.0;2;-26
-38.0;16;-822.0;-873.0;-922.0;-16;-24
-43.0;72;-807.0;-852.0;-922.0;-72;-17
-33.0;?;-798.0;-862.0;?;-47;-9
-24.0;21;-814.0;-900.0;?;-21;-23
-7.0;?;-793.0;-934.0;-931.0;-39;-30
-14.0;21;-821.0;-964.0;-975.0;-21;-22
6.0;-27;-845.0;-959.0;-986.0;27;-21
?;-29;-835.0;-956.0;-907.0;29;-16
-44.0;37;-836.0;-963.0;-884.0;-37;-19
-80.0;9;-858.0;-998.0;-854.0;-9;-24
?;-30;-888.0;-1029.0;-909.0;30;-13
-82.0;-7;-890.0;-1029.0;-1016.0;7;-15
-88.0;-1;-898.0;-1007.0;?;1;?
-28.0;?;-911.0;-1027.0;-970.0;?;-25
-96.0;12;-901.0;-1000.0;-1006.0;-12;-24
-102.0;?;-905.0;-956.0;-978.0;-19;-21
-70.0;29;-905.0;-974.0;-829.0;-29;-17
-61.0;?;-945.0;-1092.0;-753.0;-4;-22
-61.0;10;-947.0;-1089.0;-845.0;-10;-23
-60.0;?;-919.0;-1039.0;-800.0;-29;-18
-63.0;35;-926.0;-1039.0;-814.0;-35;-18
-73.0;23;-932.0;-1049.0;-879.0;-23;?
-68.0;23;-918.0;-1033.0;-960.0;-23;-28
-84.0;15;-899.0;-1002.0;?;-15;-21
-105.0;-13;-871.0;?;-1025.0;13;-19
-61.0;-22;?;-989.0;-1021.0;22;-25
-66.0;-23;?;-931.0;-1119.0;23;-20
-106.0;12;-852.0;-921.0;-1114.0;-12;-22
-101.0;9;-870.0;-912.0;-1169.0;-9;-30
-45.0;-25;-859.0;-893.0;-1043.0;25;?
-75.0;-13;-823.0;-894.0;-991.0;?;-20
-92.0;-29;-834.0;-919.0;-990.0;29;-22
-51.0;-27;-866.0;-924.0;-1099.0;27;-21
?;0;-878.0;-921.0;-1070.0;0;-19
-101.0;-8;-874.0;-937.0;-1012.0;8;-17
-86.0;-25;-835.0;-943.0;-960.0;25;-22
-70.0;-14;-826.0;-922.0;-994.0;14;-27
-69.0;8;-844.0;-935.0;-1015.0;-8;-28
-58.0;-1;-861.0;-930.0;-1037.0;1;-27
-61.0;6;-838.0;-924.0;-1029.0;-6;-21
?;21;-847.0;-949.0;?;-21;?
-80.0;9;-872.0;-972.0;-1006.0;-9;-17
-78.0;20;?;-981.0;-955.0;-20;?
-83.0;-3;-842.0;-969.0;-968.0;3;?
-111.0;41;-867.0;-959.0;-978.0;-41;-22
-160.0;?;-874.0;-972.0;-967.0;-208;-48
-125.0;?;-868.0;-989.0;-1003.0;-145;?
-121.0;366;?;?;-964.0;-366;-50
-112.0;1301;-854.0;-971.0;-991.0;-1301;-86
-174.0;1672;-876.0;-960.0;?;-1672;?
-185.0;1425;-870.0;-964.0;?;-1425;-158
-179.0;?;-859.0;-970.0;-937.0;-1804;-46
?;1313;-886.0;-952.0;-1150.0;?;-68
-208.0;-338;-831.0;-938.0;-668.0;338;-105
-213.0;?;-758.0;-986.0;-942.0;1324;157
-149.0;-2066;-860.0;-942.0;-840.0;?;141
-104.0;-2270;-874.0;-938.0;-1051.0;2270;161
-147.0;-2044;?;-908.0;-1061.0;2044;-114
-188.0;-2198;-830.0;-836.0;-1028.0;2198;-255
-236.0;-2342;?;-808.0;-890.0;2342;142
-186.0;-1887;-785.0;-811.0;-1015.0;1887;430
-262.0;-396;-814.0;-877.0;-940.0;396;901
-240.0;1172;-858.0;-913.0;-1029.0;-1172;280
-233.0;2059;-896.0;-927.0;?;-2059;-603
-202.0;1527;-933.0;-963.0;-1066.0;-1527;-265
?;207;-935.0;-1026.0;-957.0;-207;-25
-89.0;59;-875.0;-1069.0;-960.0;?;-28
-152.0;121;-919.0;-1062.0;-965.0;-121;1
-169.0;-63;-919.0;-1057.0;-1002.0;63;-28
?;-46;-893.0;-990.0;?;46;-19
-59.0;-65;-858.0;-954.0;-949.0;65;-17
36.0;-2;-823.0;-930.0;-915.0;?;-12
-71.0;-13;-836.0;-901.0;-933.0;13;-4
?;?;-837.0;-888.0;-966.0;15;-3
50.0;?;-872.0;-923.0;-955.0;-51;-2
?;36;-878.0;-950.0;-1000.0;-36;-1
-18.0;?;-1001.0;-992.0;?;-22;-10
12.0;?;-1011.0;-1036.0;-966.0;-41;-10
-3.0;63;?;-1087.0;-794.0;?;-2
4.0;67;-1043.0;-1200.0;?;-67;-18
70.0;129;-1070.0;-1235.0;-985.0;-129;?
91.0;267;-1004.0;-1025.0;-952.0;-267;-29
12.0;233;-965.0;-957.0;-913.0;-233;3
-71.0;625;-903.0;-938.0;-868.0;-625;-52
185.0;2884;-950.0;-955.0;-939.0;-2884;-166
189.0;6024;-946.0;-932.0;-918.0;-6024;-176
-212.0;?;-918.0;-928.0;-935.0;?;-1119
-83.0;7058;?;-933.0;-940.0;?;-1008
81.0;3927;-909.0;-941.0;-926.0;-3927;56
-137.0;-1070;-916.0;-940.0;?;1070;46
-215.0;-2872;?;-951.0;-897.0;?;924
-130.0;-3047;-911.0;-955.0;-886.0;?;1271
-55.0;-3465;-893.0;-940.0;?;3465;759
-55.0;-3647;-907.0;?;-854.0;3647;445
-49.0;-4583;-919.0;-925.0;-803.0;4583;-113
?;-4956;-935.0;-1000.0;?;4956;-358
-142.0;-4764;-869.0;-1037.0;-894.0;4764;?
-132.0;-4441;-1080.0;-1123.0;-1035.0;?;-453
-163.0;-3356;-1422.0;-1352.0;?;3356;-1286
-144.0;-5277;-1089.0;-1089.0;-1271.0;5277;-398
-97.0;-3933;-974.0;-932.0;-1134.0;3933;1284
-102.0;3490;-929.0;-832.0;-965.0;?;?
-45.0;4110;-923.0;-957.0;-994.0;-4110;753
-77.0;2779;-964.0;-976.0;-1060.0;-2779;427
-214.0;3537;?;-1056.0;-1146.0;-3537;-759
57.0;1727;-955.0;-963.0;-1081.0;-1727;22
61.0;800;-849.0;-908.0;-955.0;-800;27
-149.0;287;-812.0;-901.0;-905.0;-287;-87
-307.0;71;-802.0;-877.0;-877.0;-71;4
-203.0;?;?;-892.0;-925.0;-187;-96
-28.0;-37;?;-922.0;-939.0;37;-12
5.0;33;-847.0;-940.0;-885.0;-33;-24
?;31;?;-916.0;-889.0;-31;-30
-172.0;33;-828.0;?;-892.0;-33;-13
?;60;-923.0;-913.0;-968.0;?;-13
-52.0;24;-1026.0;-970.0;-974.0;-24;-14
-1.0;8;-1126.0;?;-1097.0;-8;-13
-49.0;5;-1084.0;-1155.0;-1096.0;-5;-16
-50.0;-2;-1080.0;-1168.0;-1054.0;2;?
-65.0;23;-1033.0;-1157.0;-959.0;-23;-13
-82.0;-7;-850.0;-1005.0;-724.0;7;-22
-106.0;40;-890.0;-939.0;-810.0;-40;-12
-89.0;41;-975.0;-1009.0;-1017.0;?;-31
-95.0;?;?;-1129.0;-1112.0;47;-39
-137.0;?;-1084.0;-1130.0;-1122.0;-45;-18
-61.0;146;-991.0;?;-1102.0;-146;?
-266.0;164;-902.0;-967.0;-1082.0;-164;-51
-239.0;299;-857.0;-898.0;-1009.0;?;-40
-113.0;710;-873.0;-876.0;?;-710;-36
-121.0;1134;-873.0;-891.0;-893.0;-1134;-72
-231.0;1151;-891.0;-926.0;-926.0;-1151;-119
-332.0;?;-894.0;-960.0;?;?;-143
-275.0;874;-904.0;-974.0;-927.0;-874;-34
-262.0;462;-899.0;-994.0;?;?;23
-254.0;-93;-914.0;-1003.0;-954.0;93;167
-303.0;-626;-897.0;-960.0;-945.0;626;104
-297.0;-1123;-918.0;-986.0;-910.0;1123;64
-246.0;-1279;?;-1041.0;-999.0;1279;?
-250.0;-1111;-871.0;-1005.0;-1061.0;1111;-487
-244.0;-339;-867.0;-916.0;-1059.0;339;-621
-217.0;224;?;-863.0;-1081.0;-224;?
-205.0;-137;-740.0;-831.0;-1008.0;137;-563
?;-200;-795.0;-872.0;-1039.0;200;-102
-241.0;58;-867.0;?;?;?;61
-198.0;11;-880.0;-923.0;-1059.0;-11;?
-162.0;-62;-885.0;-956.0;-1162.0;62;32
-183.0;-73;-869.0;-961.0;-1064.0;73;-41
-203.0;-99;-844.0;-989.0;-964.0;?;-24
-184.0;-39;-836.0;-964.0;?;39;-12
-153.0;28;-839.0;-956.0;-1134.0;-28;-23
-175.0;19;-827.0;-904.0;?;-19;-9
?;-15;-803.0;-851.0;-1261.0;15;-13
-127.0;-18;-754.0;-830.0;-1105.0;18;-13
?;9;-774.0;-823.0;?;-9;-20
-143.0;-9;-796.0;-895.0;-887.0;9;-15
-126.0;2;-898.0;?;-924.0;-2;?
-139.0;36;-985.0;-1088.0;-896.0;-36;?
-162.0;-2;?;-1038.0;-831.0;2;-24
?;-34;-827.0;-1035.0;-770.0;34;-20
-161.0;-2;-836.0;-1037.0;?;?;-19
-172.0;4;-890.0;-1071.0;-955.0;-4;-20
-153.0;-17;-935.0;-1046.0;?;17;-19
-152.0;?;-893.0;-988.0;-964.0;-7;-21
-164.0;15;-887.0;-985.0;?;?;-24
-192.0;-16;-895.0;-996.0;-927.0;16;-25
-166.0;-13;-894.0;-1005.0;-872.0;13;-25
-168.0;22;-878.0;-1002.0;-908.0;-22;-24
-200.0;52;-867.0;-979.0;-949.0;-52;-22
-197.0;48;-883.0;-938.0;-944.0;-48;-14
-221.0;64;-886.0;-943.0;-977.0;?;-12
-242.0;84;?;-992.0;-990.0;-84;-11
-235.0;46;-861.0;-995.0;-921.0;-46;-10
-246.0;15;-873.0;-977.0;-947.0;-15;-23
-250.0;-9;-868.0;-977.0;-887.0;9;-26
-291.0;-24;-863.0;-1005.0;-907.0;24;-21
-291.0;21;-881.0;-1035.0;-991.0;-21;12
-330.0;93;-869.0;-1007.0;-991.0;-93;20
-334.0;?;-849.0;-990.0;?;-82;?
-334.0;-22;-867.0;-982.0;-1140.0;22;-58
-304.0;-54;-867.0;-959.0;-1100.0;54;-17
-327.0;-11;?;-966.0;-1026.0;?;-4
-320.0;13;-850.0;-958.0;-929.0;-13;-16
-318.0;9;-840.0;-952.0;-940.0;-9;-20
-336.0;8;-817.0;-913.0;?;-8;-13
-333.0;16;?;-896.0;-974.0;-16;-17
-353.0;-16;?;-889.0;-1013.0;16;-16
-339.0;-6;-772.0;-878.0;-1002.0;6;-21
-321.0;34;-775.0;?;-1003.0;-34;?
-324.0;-16;-771.0;-873.0;-1006.0;16;?
-325.0;-48;-747.0;?;-1038.0;48;-22
?;?;-758.0;-841.0;-1032.0;10;-27
-342.0;-9;-770.0;-856.0;-1036.0;9;-17
-327.0;-29;-770.0;-862.0;-1012.0;29;-14
?;-20;-759.0;-866.0;-1004.0;20;-15
?;-1;-768.0;?;-987.0;1;-22
-324.0;?;-758.0;?;-978.0;-2;-27
-312.0;-21;-762.0;?;?;21;-19
-319.0;-12;-753.0;-888.0;?;12;-22
-328.0;-5;-760.0;-876.0;?;5;-21
-282.0;-26;-755.0;-893.0;-995.0;?;-16
-280.0;-23;-771.0;-891.0;-950.0;23;-23
-313.0;-23;-768.0;-901.0;-928.0;23;-22
-277.0;-12;-772.0;-899.0;-923.0;12;-18
-265.0;?;?;-897.0;-918.0;-6;-22
-310.0;?;-773.0;-892.0;-942.0;?;-17
-249.0;-21;?;-878.0;-987.0;21;-17
-277.0;19;-791.0;-877.0;-980.0;-19;-23
-299.0;44;-788.0;-892.0;-909.0;-44;-22
-283.0;30;-773.0;?;-925.0;-30;-26
-266.0;45;-787.0;-901.0;-988.0;-45;?
-243.0;49;?;-889.0;-964.0;-49;-20
-263.0;45;-779.0;-896.0;-941.0;?;-20
-272.0;74;-762.0;-871.0;-913.0;-74;-20
-263.0;83;-764.0;-884.0;-922.0;-83;-21
-276.0;106;-780.0;-880.0;-968.0;-106;-22
-281.0;127;-791.0;-891.0;-1002.0;-127;-21
-273.0;150;-778.0;-868.0;-983.0;-150;-19
-288.0;?;-765.0;-897.0;-968.0;-130;-20
-271.0;9;-760.0;-934.0;?;-9;-19
-261.0;-63;?;-955.0;-1015.0;?;?
-236.0;-78;?;-951.0;-980.0;78;-10
-250.0;-96;-795.0;-958.0;-997.0;96;-28
-221.0;?;-807.0;-923.0;-959.0;62;-32
-188.0;3;?;-927.0;-988.0;?;-26
-210.0;?;-781.0;-927.0;-1028.0;-39;-25
-214.0;52;?;-936.0;-1095.0;-52;-22
-202.0;44;?;-909.0;-1168.0;-44;-25
-192.0;19;-818.0;-913.0;-1161.0;-19;-21
-163.0;27;-830.0;-930.0;-1098.0;-27;-16
-179.0;53;-795.0;-983.0;-1047.0;-53;-22
-150.0;53;-797.0;-1011.0;-1050.0;?;-19
-150.0;53;-826.0;-1020.0;-985.0;-53;?
-145.0;49;-822.0;-1059.0;-912.0;-49;-29
-147.0;?;-832.0;-1092.0;-929.0;-30;-22
-154.0;-31;-795.0;-1078.0;-881.0;31;?
?;-66;-788.0;?;-822.0;66;-22
?;-29;-809.0;-991.0;-749.0;29;-20
-142.0;?;-795.0;-1040.0;-771.0;23;-19
?;-16;-786.0;-1014.0;-759.0;16;?
-164.0;-53;-773.0;-1010.0;-728.0;?;-19
-150.0;-132;-765.0;-1042.0;-753.0;132;-23
-144.0;-99;-781.0;?;-749.0;99;-24
-151.0;-40;?;?;-769.0;40;-21
-162.0;-18;-773.0;-1060.0;-789.0;18;?
-160.0;34;-768.0;-936.0;-774.0;-34;-27
-133.0;42;-772.0;?;-831.0;-42;-19
-140.0;-26;-779.0;-905.0;-877.0;26;-22
-154.0;?;-761.0;-933.0;-864.0;67;?
-171.0;-60;-747.0;-921.0;-861.0;60;-24
-136.0;-66;-756.0;-913.0;-886.0;66;-32
-199.0;-19;-761.0;-953.0;?;19;-32
-152.0;194;-777.0;-989.0;-877.0;-194;-20
?;54;-793.0;?;-848.0;?;-27
-197.0;-240;-781.0;-938.0;-862.0;240;?
-264.0;-12;-817.0;-1086.0;?;?;-105
-202.0;-46;?;-1253.0;-855.0;46;-201
-215.0;164;-847.0;-1372.0;-860.0;-164;-62
-200.0;999;-816.0;-1372.0;-861.0;-999;?
-189.0;1122;-816.0;?;-865.0;-1122;196
-223.0;51;?;-1163.0;-873.0;-51;-130
-180.0;396;-812.0;-1070.0;-889.0;-396;331
-192.0;2589;?;-970.0;-914.0;-2589;1330
-305.0;601;-872.0;-837.0;-938.0;-601;952
-355.0;-2198;-866.0;-727.0;-957.0;2198;445
-395.0;-1029;-853.0;-887.0;-941.0;1029;528
-305.0;-648;-851.0;-751.0;-865.0;648;-71
-282.0;-608;-827.0;-768.0;-863.0;?;-128
-343.0;-187;-808.0;-814.0;-911.0;187;54
-94.0;-225;-825.0;-857.0;-945.0;225;-73
-94.0;-53;-828.0;-805.0;-951.0;53;16
-108.0;-110;-828.0;-722.0;-1004.0;110;-11
-62.0;-115;-820.0;-704.0;-1024.0;115;-13
-57.0;6;-819.0;-693.0;-956.0;-6;-4
-82.0;19;-819.0;-686.0;-970.0;-19;?
-84.0;34;-841.0;-708.0;-976.0;?;-5
-62.0;67;-810.0;-693.0;-849.0;?;-6
10.0;42;-770.0;-701.0;-797.0;-42;-8
-33.0;69;-888.0;-803.0;-800.0;-69;-5
-11.0;?;?;-889.0;-853.0;-62;-7
32.0;10;-878.0;-920.0;-899.0;-10;-15
29.0;-2;-918.0;-957.0;?;?;-12
53.0;13;-879.0;-897.0;-825.0;-13;-12
84.0;-2;-919.0;-961.0;-924.0;2;-20
?;1;-964.0;-958.0;-954.0;-1;-21
?;20;-981.0;-987.0;-828.0;-20;-17
-14.0;-49;-977.0;-1039.0;-956.0;49;-11
18.0;150;-1028.0;?;-941.0;-150;-22
-73.0;328;-1010.0;-1095.0;-928.0;-328;-47
-103.0;577;-1007.0;-1079.0;-901.0;-577;41
-252.0;1577;-995.0;-1025.0;-910.0;-1577;?
-143.0;2153;-963.0;?;-924.0;-2153;-304
?;1904;-939.0;-941.0;-985.0;-1904;-348
-192.0;1640;-943.0;-913.0;-1036.0;-1640;-23
-153.0;495;-960.0;?;-1064.0;-495;208
-170.0;-1313;-977.0;-911.0;-1042.0;1313;?
-208.0;-2109;-1011.0;-946.0;-1031.0;2109;196
-113.0;-2289;-941.0;?;-814.0;2289;100
38.0;-2368;?;-949.0;?;?;-26
-202.0;-2411;-944.0;-903.0;-943.0;2411;-208
-206.0;-2798;-915.0;?;-950.0;2798;-277
-271.0;-2615;-961.0;?;-972.0;2615;-182
-213.0;-1676;-792.0;-926.0;?;1676;59
-263.0;-1190;-801.0;?;-913.0;1190;380
-258.0;-712;-910.0;-781.0;?;712;879
-254.0;541;-937.0;-849.0;-1117.0;-541;655
-248.0;1084;-943.0;-853.0;?;-1084;615
-346.0;1111;-958.0;-872.0;-1136.0;-1111;496
-317.0;1699;-942.0;-922.0;-1128.0;-1699;-502
-232.0;1221;-902.0;-870.0;-1074.0;-1221;683
-295.0;334;-862.0;?;-1028.0;-334;1040
-122.0;181;-815.0;-761.0;-1028.0;-181;-277
-105.0;35;-780.0;-741.0;?;-35;32
-285.0;73;-776.0;-765.0;-966.0;-73;24
-282.0;?;?;-812.0;-970.0;-79;?
265.0;49;-867.0;-861.0;-1037.0;-49;43
35.0;139;-883.0;-868.0;-982.0;?;-57
0.0;65;-880.0;?;-986.0;-65;16
-61.0;83;?;-900.0;-1023.0;-83;4
-107.0;99;-866.0;-965.0;-928.0;-99;?
-30.0;?;-852.0;-979.0;-953.0;7;-4
78.0;261;-1128.0;-1059.0;-1115.0;-261;2
-43.0;-45;-1111.0;-1054.0;?;?;-30
-17.0;563;?;-1115.0;-940.0;-563;-29
300.0;?;-1162.0;-1174.0;-1017.0;-1563;-35
-97.0;2465;-1152.0;-1087.0;-1000.0;-2465;-157
-140.0;5595;-1153.0;-1018.0;-912.0;-5595;-226
12.0;6780;-1070.0;-1059.0;-1038.0;-6780;-639
?;8293;-988.0;-1033.0;-1053.0;-8293;-1307
-370.0;7019;-901.0;?;-980.0;-7019;-711
-41.0;230;-787.0;-771.0;-799.0;-230;838
154.0;-2525;-699.0;-679.0;-692.0;2525;1150
-451.0;-5192;-716.0;-637.0;-646.0;5192;557
-110.0;-7630;-756.0;-681.0;-684.0;7630;344
?;-6909;-771.0;-771.0;-719.0;?;689
-281.0;-6531;-730.0;-868.0;-721.0;6531;795
-107.0;-6348;-890.0;-1219.0;-795.0;6348;683
135.0;-6412;-1168.0;-1295.0;?;6412;-223
22.0;-5865;-1108.0;-1188.0;-959.0;5865;-1301
?;-5644;-1045.0;-1211.0;-1073.0;5644;1249
-73.0;-1811;?;-1202.0;-1191.0;1811;2040
-78.0;3001;-1261.0;-1156.0;?;-3001;715
27.0;3449;-842.0;-709.0;-1191.0;-3449;-99
-166.0;4505;-1132.0;?;-1084.0;-4505;-2519
132.0;?;-1156.0;-1201.0;-1231.0;-3728;358
72.0;?;-1021.0;-1091.0;-1198.0;-927;1824
-101.0;219;-1037.0;-1020.0;-1128.0;-219;-714
-273.0;?;-886.0;-852.0;-953.0;-94;122
?;159;-755.0;-781.0;-768.0;-159;59
-94.0;212;-722.0;-742.0;-673.0;-212;-178
-44.0;125;-722.0;-725.0;-663.0;-125;150
61.0;151;-716.0;-723.0;-712.0;-151;-93
50.0;152;-797.0;-789.0;-796.0;-152;62
72.0;41;-959.0;-885.0;-897.0;?;19
83.0;-33;-1151.0;-907.0;-1114.0;33;-23
108.0;157;-991.0;-962.0;-1253.0;-157;17
162.0;535;-1075.0;-1085.0;-1240.0;-535;-105
124.0;672;-1151.0;-1245.0;-1346.0;-672;123
62.0;2053;?;-948.0;-903.0;-2053;?
-19.0;3332;-1182.0;-1014.0;?;-3332;42
364.0;5333;-1355.0;-1351.0;-1188.0;-5333;320
?;9733;-1302.0;-1497.0;-1318.0;-9733;-1397
-153.0;9922;-1154.0;-1288.0;-1093.0;-9922;?
27.0;8337;?;-941.0;-854.0;-8337;-1023
83.0;3648;-669.0;-645.0;-670.0;-3648;-1027
-19.0;-4345;-562.0;-518.0;-567.0;4345;1648
-325.0;-5113;-598.0;-482.0;-555.0;5113;1452
?;-4546;-722.0;?;-635.0;4546;1016
?;-6012;?;-743.0;?;6012;713
-173.0;-5932;-892.0;-812.0;-862.0;5932;227
-117.0;-6649;-1114.0;-927.0;-989.0;6649;-214
-52.0;-6513;-1244.0;-1264.0;-1098.0;6513;?
-107.0;-6306;?;?;-1187.0;6306;?
-59.0;-7418;-1356.0;-1508.0;-1281.0;7418;-1896
-49.0;-4086;-1456.0;-1426.0;-1425.0;4086;-62
-54.0;1062;-1023.0;-1114.0;-1247.0;-1062;1234
33.0;4923;-892.0;-746.0;-1058.0;-4923;-1272
-119.0;?;-1014.0;-801.0;-993.0;?;-1434
153.0;4394;-1048.0;-1023.0;-1124.0;-4394;-642
185.0;679;-1161.0;-1104.0;-1236.0;-679;-265
-547.0;342;?;-984.0;-987.0;-342;105
-579.0;297;-773.0;-782.0;-746.0;-297;-24
-190.0;300;-660.0;-651.0;-640.0;-300;54
-44.0;284;-637.0;?;-569.0;-284;69
-22.0;331;-640.0;-657.0;-579.0;-331;52
-84.0;1833;?;-983.0;?;-1833;-461
-126.0;845;-1077.0;-622.0;-1252.0;-845;462
-202.0;-22;-1441.0;-1182.0;-1524.0;22;-321
-463.0;49;-1285.0;?;-1425.0;-49;-16
-28.0;97;-1057.0;-1066.0;-1311.0;-97;?
101.0;12;-913.0;-917.0;-1140.0;?;-81
-556.0;105;-823.0;-799.0;-965.0;-105;66
-123.0;112;-721.0;-752.0;-836.0;-112;-30
-58.0;-4;-636.0;-704.0;-754.0;4;45
-89.0;-89;-618.0;-670.0;?;89;64
-117.0;-85;-636.0;-666.0;-828.0;85;7
-152.0;-45;-684.0;-684.0;-935.0;45;-93
-190.0;-40;-775.0;-632.0;-1060.0;40;-89
-157.0;?;-864.0;-646.0;-1075.0;37;?
-72.0;40;-1414.0;-1041.0;-1164.0;-40;-42
-50.0;139;-1064.0;-1001.0;?;?;-82
-45.0;-130;-1288.0;?;-1104.0;130;-24
-171.0;-599;-1390.0;-1372.0;-1094.0;599;-80
-239.0;-258;-1205.0;-1283.0;-966.0;258;-52
-133.0;-108;-1026.0;-1082.0;-879.0;?;126
-194.0;-157;-886.0;-921.0;-735.0;157;45
-210.0;65;-847.0;-743.0;-663.0;-65;144
-311.0;408;-752.0;-650.0;-548.0;-408;462
-330.0;1911;-730.0;?;-572.0;-1911;281
-205.0;1542;-814.0;-662.0;-668.0;-1542;417
-221.0;?;-959.0;-803.0;-800.0;76;?
-226.0;93;-964.0;?;-689.0;-93;108
-240.0;67;?;-1043.0;-660.0;-67;-11
-186.0;-19;-1057.0;-1122.0;-621.0;19;18
-183.0;65;-970.0;-1119.0;-683.0;-65;-15
-133.0;-19;-1067.0;-1080.0;-798.0;19;3
-152.0;33;?;-1013.0;-755.0;-33;-34
-145.0;-5;-876.0;-850.0;?;?;-15
-185.0;-12;-871.0;-868.0;-675.0;12;-16
-214.0;-59;-920.0;-903.0;-814.0;59;?
-249.0;-42;-906.0;?;-731.0;42;-3
-222.0;-10;-841.0;-822.0;-715.0;?;-34
-220.0;-26;?;-836.0;-717.0;26;-67
-165.0;-39;-924.0;-871.0;-838.0;39;-19
-151.0;-148;-1020.0;-933.0;?;?;10
-123.0;-180;-914.0;-903.0;-773.0;180;-50
?;-2;-888.0;-838.0;-737.0;2;-29
-89.0;150;-894.0;?;-723.0;-150;60
?;337;-849.0;-783.0;-727.0;-337;62
57.0;378;-901.0;-844.0;?;-378;41
28.0;242;-956.0;?;-901.0;-242;-39
-58.0;342;-902.0;-830.0;-1043.0;-342;-168
-39.0;262;-934.0;-742.0;-715.0;-262;-83
-14.0;203;-972.0;-722.0;?;-203;21
-75.0;428;-978.0;-745.0;-600.0;-428;2
-97.0;356;-754.0;-779.0;-389.0;?;11
-129.0;255;-774.0;-938.0;?;-255;-20
?;244;-887.0;-956.0;-508.0;-244;-30
-262.0;-72;-996.0;-995.0;-450.0;72;-53
-243.0;?;-1082.0;-990.0;-532.0;478;-65
-279.0;-755;-999.0;-1027.0;-680.0;755;29
-282.0;-968;-1044.0;-1074.0;-534.0;968;?
-273.0;-952;-995.0;-905.0;?;952;-25
?;-792;-957.0;-903.0;-514.0;792;-57
-241.0;-707;-925.0;-952.0;-525.0;707;-47
-233.0;-467;?;-935.0;-616.0;467;-36
?;-32;-1098.0;?;-728.0;32;-15
22.0;-2;-1149.0;-1178.0;?;2;-26
-11.0;-16;-1111.0;-1186.0;?;16;-26
-13.0;5;-1028.0;-974.0;-926.0;-5;-17
3.0;-3;-954.0;-943.0;-897.0;3;-21
5.0;-23;-902.0;?;-765.0;?;-22
-34.0;-19;?;-828.0;-715.0;19;-21
?;-39;-917.0;-801.0;-778.0;39;-25
-11.0;-35;-921.0;-841.0;-714.0;35;-22
-14.0;7;-976.0;-882.0;-701.0;-7;-19
-21.0;21;-978.0;-921.0;-456.0;-21;-20
-22.0;21;-928.0;-1012.0;?;-21;-21
21.0;19;-965.0;-1086.0;-485.0;-19;?
8.0;31;-995.0;-1018.0;-574.0;-31;-21
60.0;46;-981.0;-977.0;-625.0;-46;-14
?;57;-1001.0;-948.0;-652.0;?;-28
-15.0;75;-1029.0;-944.0;-630.0;-75;-36
36.0;?;-1015.0;-961.0;-583.0;-130;-37
92.0;197;-968.0;-965.0;-587.0;?;?
?;1;-978.0;?;-558.0;-1;14
12.0;-162;?;-946.0;-499.0;162;33
0.0;?;-971.0;-975.0;-501.0;132;12
0.0;84;-972.0;-991.0;?;-84;107
9.0;-96;-963.0;-986.0;-521.0;96;44
45.0;-875;-968.0;-935.0;-532.0;875;-36
-6.0;-246;-980.0;-937.0;-644.0;246;234
35.0;277;-988.0;-945.0;-525.0;-277;251
23.0;-315;-1004.0;-946.0;-658.0;315;-31
195.0;-49;-989.0;-952.0;-719.0;49;-26
7.0;4;-957.0;-938.0;-677.0;-4;2
-5.0;-125;-940.0;-910.0;?;125;-19
-10.0;-46;-973.0;-916.0;-579.0;46;-11
65.0;-125;-979.0;-932.0;-654.0;125;-49
43.0;-24;-962.0;?;-660.0;24;-33
53.0;-58;-1005.0;-1038.0;-730.0;58;-12
71.0;-108;-1092.0;-1100.0;-891.0;108;-21
-22.0;-32;-1025.0;-1090.0;-845.0;32;?
-70.0;?;-971.0;-1060.0;-805.0;8;-26
31.0;6;-992.0;-1052.0;-908.0;-6;-17
62.0;19;-1007.0;-1038.0;-731.0;-19;-21
23.0;-10;-1049.0;-1026.0;-736.0;10;-21
-6.0;9;-1003.0;-985.0;-714.0;-9;-15
46.0;20;-964.0;-934.0;-737.0;-20;-15
43.0;-21;-949.0;-918.0;-759.0;21;-21
18.0;-17;?;-931.0;-807.0;17;-21
46.0;-2;-967.0;?;-748.0;2;-20
?;-3;-962.0;-950.0;-811.0;3;-22
-29.0;23;-949.0;-940.0;-852.0;?;-17
-7.0;35;-960.0;-912.0;-836.0;-35;-18
7.0;35;-1004.0;-928.0;-909.0;?;-15
-23.0;80;-1000.0;-963.0;?;-80;-17
-35.0;142;?;-996.0;-920.0;-142;-20
-127.0;121;-1010.0;-1010.0;-885.0;-121;-15
-155.0;33;-978.0;-978.0;-845.0;-33;-28
-80.0;33;-954.0;-950.0;-803.0;-33;-27
-40.0;?;-957.0;-925.0;-794.0;?;-21
-45.0;-31;-950.0;-920.0;-787.0;31;-29
-29.0;-23;-962.0;-972.0;-784.0;23;-18
-53.0;-12;-953.0;-1047.0;-812.0;12;-16
-50.0;-17;-980.0;-1053.0;-783.0;17;-26
-28.0;-42;-960.0;-984.0;-649.0;42;?
-49.0;-56;-917.0;-804.0;-763.0;56;-22
28.0;-45;-944.0;-849.0;-956.0;45;-15
?;-56;-977.0;-1046.0;-970.0;56;-26
-51.0;-65;-970.0;-1099.0;-838.0;65;-32
-47.0;-78;-926.0;-1091.0;-847.0;78;-25
17.0;-69;-960.0;-1069.0;-904.0;69;-29
-5.0;-34;-998.0;-1080.0;-931.0;34;-25
-73.0;-23;-1042.0;-1030.0;-960.0;23;-16
-18.0;-44;-1047.0;-1012.0;-916.0;44;-20
7.0;-88;-1012.0;-975.0;-930.0;88;-14
-2.0;-61;-1021.0;-938.0;-925.0;61;-19
92.0;-42;-1045.0;-947.0;-871.0;42;2
90.0;?;-984.0;-941.0;?;26;-30
70.0;-51;-928.0;-946.0;-872.0;51;-14
110.0;19;-907.0;-958.0;-859.0;-19;-53
109.0;?;-944.0;-998.0;-901.0;-199;-147
-133.0;?;-979.0;-1023.0;-902.0;-766;-24
-5.0;2180;-976.0;-1052.0;-923.0;-2180;-514
52.0;?;-978.0;-1058.0;-945.0;-1370;-999
-322.0;?;-978.0;?;-867.0;650;-555
-203.0;?;-982.0;-1033.0;-930.0;-42;-206
-484.0;690;-990.0;-1033.0;-941.0;?;29
?;360;-967.0;-994.0;-994.0;-360;281
-342.0;-221;-942.0;?;-1060.0;221;332
-228.0;-1367;?;?;-1094.0;1367;388
-247.0;-2168;-970.0;-886.0;-1041.0;2168;421
-142.0;?;-911.0;-911.0;-978.0;2584;365
-135.0;-2811;-963.0;?;-925.0;2811;205
-85.0;-3570;-852.0;-968.0;-952.0;3570;-141
-49.0;-4356;-809.0;-871.0;-873.0;4356;-424
-40.0;-4733;-887.0;-879.0;-935.0;4733;-544
-25.0;-4486;-962.0;-938.0;-1096.0;4486;-509
2.0;-3831;-1033.0;-946.0;-1156.0;3831;-309
50.0;-2945;-1160.0;-1049.0;-1215.0;2945;334
-33.0;-178;-1038.0;-1067.0;?;178;?
?;1702;-915.0;-968.0;-1020.0;?;903
41.0;2598;-832.0;-890.0;-939.0;-2598;-1514
113.0;3457;-823.0;-834.0;-886.0;-3457;-1549
245.0;1862;-814.0;-798.0;-837.0;?;439
-69.0;946;-840.0;-822.0;-860.0;-946;265
-442.0;?;-882.0;-881.0;?;-714;-343
?;26;-919.0;-948.0;-989.0;?;8
-447.0;200;-926.0;?;-1025.0;-200;-87
-295.0;141;-952.0;-967.0;-1001.0;?;-56
-171.0;58;-890.0;-918.0;-933.0;-58;34
-221.0;199;-864.0;-844.0;-844.0;-199;-30
-109.0;227;-889.0;?;-842.0;?;-21
12.0;302;?;-899.0;-915.0;-302;0
16.0;284;-1032.0;-946.0;-1016.0;-284;?
115.0;165;-1055.0;-1032.0;-1126.0;-165;-46
-75.0;?;?;-1278.0;-1343.0;-130;-38
-152.0;?;-1461.0;-1386.0;-1259.0;-157;-34
-107.0;327;-1136.0;-1314.0;-1092.0;-327;?
1.0;321;-921.0;-1032.0;-823.0;-321;-46
-52.0;-4996;-1320.0;-1410.0;-1294.0;4996;-401
-96.0;-4378;-1212.0;-1129.0;-1381.0;4378;-398
-19.0;-3085;-1199.0;-994.0;-1400.0;3085;2234
8.0;700;-1164.0;-1046.0;-1259.0;?;?
-30.0;4686;-996.0;-1000.0;?;-4686;-911
-106.0;4302;-1038.0;-1071.0;-1080.0;-4302;1446
153.0;1888;-925.0;-978.0;-1003.0;-1888;-239
211.0;550;-817.0;-798.0;-849.0;-550;-776
-134.0;166;-714.0;-669.0;-746.0;?;211
-392.0;127;-663.0;-640.0;-697.0;-127;-361
-248.0;104;-665.0;-655.0;-690.0;-104;62
0.0;97;-738.0;?;-729.0;-97;-23
-8.0;107;-785.0;-844.0;-775.0;-107;-32
-12.0;83;-772.0;-843.0;?;-83;43
-135.0;76;-800.0;-822.0;?;-76;-33
-98.0;79;?;-850.0;-964.0;-79;-6
23.0;53;-1023.0;-906.0;-1042.0;-53;?
125.0;43;-1128.0;-1009.0;-1169.0;-43;13
103.0;480;?;-993.0;-874.0;-480;3
-65.0;1409;-1234.0;-1149.0;-1251.0;-1409;12
12.0;1923;-1281.0;-1332.0;-1280.0;-1923;-14
209.0;3208;-1130.0;-1171.0;-1131.0;-3208;42
-160.0;6834;-960.0;?;-992.0;?;-301
146.0;8136;-759.0;-828.0;-825.0;-8136;-1082
-60.0;8464;-737.0;-691.0;-740.0;-8464;-950
416.0;4387;-813.0;-690.0;-730.0;-4387;16
-55.0;-1005;-912.0;-807.0;-795.0;1005;138
-57.0;?;-970.0;-915.0;-871.0;642;173
-46.0;?;?;-955.0;-910.0;?;?
22.0;-4442;-938.0;-947.0;-890.0;?;676
?;-3989;-1039.0;?;-931.0;3989;498
6.0;?;-1036.0;-1095.0;-991.0;4702;410
-41.0;-5418;-1052.0;-1155.0;-1021.0;5418;-25
-19.0;-5270;-1064.0;-1161.0;-1069.0;5270;-507
?;-5075;-1160.0;-1214.0;-1156.0;5075;-1002
-6.0;-4862;-1274.0;?;-1261.0;4862;?
-5.0;-4119;-1046.0;-993.0;-1283.0;4119;?
11.0;-3786;-863.0;?;-1014.0;3786;?
?;-2574;-970.0;-753.0;-1022.0;2574;2775
71.0;?;-1000.0;-953.0;?;-2290;?
-14.0;6171;-1060.0;-1061.0;-1127.0;-6171;511
-235.0;3804;?;-1085.0;-1090.0;?;-465
218.0;1348;-965.0;-976.0;-943.0;-1348;-1345
79.0;1243;-893.0;-918.0;-856.0;-1243;-207
-134.0;425;-831.0;-891.0;-782.0;-425;-362
?;214;-819.0;-845.0;-752.0;?;-100
-34.0;250;-818.0;-841.0;?;-250;73
41.0;4;-826.0;-852.0;-816.0;-4;?
95.0;36;-849.0;-875.0;?;-36;34
65.0;-8;-816.0;?;-889.0;8;-34
-148.0;13;-859.0;-863.0;-914.0;-13;-13
104.0;17;-935.0;?;-949.0;?;-13
?;-2;-1081.0;-954.0;-1039.0;2;-4
93.0;?;-992.0;-1048.0;-1073.0;-74;2
4.0;-63;-1274.0;-1250.0;-1175.0;63;4
130.0;142;-1297.0;-1221.0;-1179.0;-142;-8
57.0;227;-1182.0;-1176.0;-1158.0;-227;-19
77.0;191;-1106.0;-1220.0;-1010.0;-191;-24
38.0;1329;-1173.0;-1121.0;-876.0;-1329;-41
69.0;2306;-1153.0;-1121.0;-986.0;-2306;48
26.0;?;-1045.0;-1150.0;-937.0;-5005;-136
146.0;7501;-996.0;-1029.0;-888.0;-7501;-1344
-140.0;6754;-878.0;-898.0;-836.0;-6754;?
-234.0;?;-739.0;-793.0;-735.0;-4808;?
-70.0;?;-740.0;-756.0;-680.0;-582;463
-330.0;-2336;-804.0;-727.0;-687.0;2336;461
-58.0;?;-881.0;-774.0;-762.0;2879;1026
-59.0;-4137;-916.0;-832.0;-835.0;4137;230
-108.0;-4530;-940.0;-889.0;-842.0;4530;191
-129.0;-4561;-956.0;-907.0;?;4561;-30
-123.0;-4442;-937.0;-917.0;-827.0;4442;-559
-111.0;-3987;-909.0;?;-810.0;?;?
-133.0;-3622;-937.0;-941.0;-873.0;3622;-1044
-139.0;?;-1038.0;?;-984.0;794;-2016
-73.0;1595;-1202.0;-1163.0;-1119.0;-1595;1410
-129.0;?;-942.0;-1007.0;-984.0;227;1050
?;-604;-857.0;-795.0;-886.0;604;-1096
-200.0;161;-1083.0;-922.0;-1182.0;?;-320
-179.0;-342;-1035.0;-1031.0;-1216.0;342;214
-39.0;-17;-1061.0;?;?;17;16
-311.0;58;-972.0;-932.0;-1029.0;-58;-18
-96.0;4;-910.0;?;-918.0;?;13
192.0;121;-888.0;-858.0;-914.0;-121;-4
-234.0;46;?;-859.0;-924.0;-46;36
-244.0;32;-921.0;-900.0;-863.0;?;-9
114.0;8;-900.0;-912.0;-846.0;-8;29
9.0;0;-848.0;-908.0;-888.0;0;132
-80.0;-51;-832.0;-894.0;-954.0;51;20
-49.0;-82;-846.0;-876.0;-948.0;82;-44
47.0;-33;-970.0;-871.0;-960.0;33;-1
-70.0;?;-1038.0;-1081.0;-860.0;-51;-10
6.0;61;-827.0;-987.0;-720.0;-61;-7
-31.0;?;-1019.0;?;-722.0;-23;-7
-102.0;40;?;-1151.0;-874.0;-40;8
-118.0;43;-1049.0;-1184.0;-918.0;-43;5
-328.0;-33;?;-1135.0;?;33;-1
-509.0;32;-855.0;-919.0;-968.0;-32;-8
-377.0;95;-859.0;-870.0;?;-95;?
-417.0;80;-874.0;-951.0;-825.0;-80;-44
-424.0;342;-939.0;-962.0;-839.0;-342;-31
-697.0;501;-810.0;-949.0;-838.0;-501;2
-613.0;394;-866.0;-954.0;-827.0;-394;18
-455.0;463;-960.0;?;-745.0;-463;18
-574.0;430;-953.0;-1026.0;-735.0;-430;16
-516.0;158;-989.0;-1028.0;-687.0;-158;-20
-484.0;81;?;-1034.0;-633.0;-81;-7
-633.0;90;-948.0;-1006.0;-674.0;-90;13
?;15;-900.0;-995.0;-857.0;-15;-12
-515.0;27;-760.0;-816.0;-1012.0;-27;?
-541.0;9;-758.0;-774.0;-1080.0;-9;-29
-486.0;?;-743.0;-830.0;-1135.0;63;?
-561.0;-56;-703.0;-851.0;-1077.0;56;-16
-512.0;-74;-655.0;-885.0;-1142.0;74;-22
-505.0;-70;-614.0;-972.0;-1136.0;?;-14
-485.0;-93;-563.0;-1042.0;-1067.0;93;-19
-478.0;-176;-525.0;-994.0;-1115.0;176;-10
-456.0;-142;-575.0;-989.0;-1109.0;142;-21
-495.0;-157;-587.0;?;-1104.0;?;-66
-500.0;-175;-602.0;-1150.0;-1052.0;175;?
-495.0;-133;-607.0;-1248.0;-965.0;133;?
-506.0;-97;-589.0;-1207.0;-939.0;97;-30
-472.0;-92;-567.0;-1187.0;-992.0;92;?
-431.0;-253;-569.0;-1147.0;-1067.0;?;-14
-506.0;?;?;-1049.0;-1169.0;397;-68
-584.0;-492;-565.0;-954.0;-1138.0;492;-93
-511.0;-496;-589.0;-896.0;-1108.0;496;-133
-573.0;-372;-592.0;-927.0;-1124.0;372;-69
-618.0;-246;-592.0;?;-1066.0;246;-43
-442.0;-13;-604.0;?;-1054.0;13;-41
-376.0;?;-633.0;?;-1022.0;-104;-34
-234.0;-28;-617.0;-1073.0;-1036.0;28;-35
-177.0;-81;-602.0;-1082.0;-1060.0;81;-19
-52.0;17;-563.0;-1026.0;-1120.0;-17;-21
-56.0;36;-561.0;-1027.0;-1154.0;-36;-27
-22.0;-18;-530.0;-968.0;?;18;-22
-47.0;-14;-548.0;-922.0;-1113.0;14;-18
6.0;-29;-602.0;-976.0;-1094.0;29;-14
79.0;-76;-661.0;-984.0;-1152.0;76;-14
-10.0;-65;-739.0;-998.0;-1149.0;65;-21
36.0;-37;-787.0;-1015.0;-1083.0;37;?
23.0;-26;-866.0;-937.0;-1044.0;26;-20
-7.0;-24;-896.0;-897.0;-938.0;24;-22
4.0;-47;-885.0;-891.0;?;47;-17
44.0;-53;-888.0;-741.0;?;53;-16
24.0;-34;-954.0;?;-715.0;34;-20
35.0;-43;-1079.0;-1051.0;-870.0;43;-17
?;-54;-1087.0;-1097.0;-927.0;54;-17
?;-52;-996.0;-1011.0;-795.0;52;-19
?;-18;?;-940.0;-826.0;18;-16
49.0;?;?;-909.0;-857.0;21;-20
11.0;-56;-935.0;-916.0;-854.0;56;-25
142.0;3;-969.0;-954.0;-846.0;-3;-25
76.0;42;-966.0;-974.0;-851.0;?;-30
101.0;-31;-967.0;-981.0;-856.0;31;-18
135.0;?;-946.0;-977.0;-860.0;56;-16
118.0;-75;-938.0;-990.0;-862.0;75;-15
?;-69;?;-1014.0;?;69;-17
155.0;-35;?;-1022.0;-869.0;35;-63
59.0;-69;-1014.0;-1052.0;-875.0;69;?
-48.0;-64;-998.0;-1021.0;-871.0;64;-90
9.0;-589;-991.0;-1038.0;-905.0;589;-138
142.0;-646;-986.0;-1061.0;-868.0;646;100
-228.0;573;-982.0;-1027.0;-879.0;-573;238
-178.0;1164;-952.0;-1079.0;-911.0;-1164;-140
-324.0;?;-969.0;-1061.0;-899.0;-1145;?
-297.0;1467;-986.0;-925.0;?;-1467;-105
-222.0;1471;-952.0;-803.0;-918.0;-1471;-130
-200.0;1083;-975.0;-879.0;-893.0;-1083;62
-180.0;684;-959.0;-935.0;-890.0;-684;256
-153.0;251;-967.0;-1007.0;-931.0;-251;229
-63.0;-302;-1054.0;-1065.0;-972.0;302;123
-123.0;-1038;-1120.0;-1199.0;-1099.0;1038;38
?;-1365;?;-993.0;-1051.0;1365;58
-71.0;-1369;-827.0;-974.0;-1089.0;1369;2
-22.0;-1625;-953.0;-1014.0;-1038.0;1625;-89
-39.0;?;-972.0;-999.0;-1007.0;1515;36
-77.0;-1341;-986.0;-1025.0;?;?;-140
?;-1673;-977.0;-1011.0;-1046.0;1673;-453
6.0;-2002;-888.0;-977.0;-1004.0;?;-325
-22.0;-2060;-908.0;-968.0;-996.0;2060;102
-78.0;-1830;-875.0;-915.0;-974.0;1830;171
-75.0;-1455;-845.0;-888.0;-1020.0;?;111
-47.0;-956;-880.0;-855.0;-1019.0;956;486
-47.0;343;-924.0;-887.0;-1076.0;-343;?
18.0;1654;-961.0;-919.0;-1151.0;-1654;-143
-10.0;1528;-973.0;-978.0;-1037.0;-1528;804
62.0;685;-985.0;-964.0;-985.0;-685;-343
?;220;?;-988.0;-911.0;-220;-374
-159.0;179;-954.0;-989.0;?;?;185
-60.0;131;-946.0;-989.0;-910.0;-131;-159
-230.0;2;?;-1000.0;-986.0;-2;?
-235.0;-1;-928.0;-978.0;-829.0;1;-29
-172.0;?;-961.0;?;-1005.0;?;-49
-134.0;5;-950.0;-967.0;-1023.0;-5;-14
-93.0;23;-946.0;-977.0;-1001.0;-23;-44
-133.0;32;-941.0;?;-926.0;-32;-7
-220.0;16;-972.0;-937.0;-984.0;-16;-23
-73.0;?;-935.0;-937.0;-946.0;-9;-17
6.0;12;?;-1017.0;-1056.0;-12;?
-89.0;?;-1086.0;-1072.0;-1052.0;8;-24
?;-13;-1269.0;-1211.0;-1231.0;13;-26
-111.0;-36;-1077.0;-1096.0;-996.0;36;-20
-71.0;-40;-828.0;-1029.0;-786.0;40;?
-90.0;-2;-759.0;-944.0;-746.0;2;-9
-58.0;-34;-946.0;-977.0;?;34;-18
-48.0;-44;-1052.0;-1034.0;-951.0;44;-21
-27.0;-8;?;-1094.0;-999.0;8;-16
-28.0;-39;-1047.0;-1103.0;-1044.0;39;?
-21.0;-26;-926.0;-979.0;-948.0;26;-20
-29.0;30;-900.0;-901.0;-1022.0;-30;-15
-16.0;-8;-904.0;-879.0;-971.0;8;-22
-16.0;-36;-924.0;-904.0;?;36;-24
34.0;-14;-978.0;?;?;14;-25
-9.0;-32;-980.0;-935.0;-928.0;32;-28
-157.0;-6;-967.0;-1004.0;-957.0;6;-20
?;22;-976.0;-1012.0;-965.0;-22;-16
-91.0;33;-980.0;-1045.0;-962.0;-33;-20
-32.0;133;-972.0;-1092.0;?;-133;-24
-61.0;78;-956.0;-1060.0;?;-78;-33
-164.0;228;-998.0;-1061.0;-928.0;-228;-45
?;435;-985.0;?;-902.0;-435;-49
-220.0;489;-983.0;-1020.0;-912.0;-489;-44
-176.0;1198;-983.0;-1007.0;-928.0;-1198;-45
?;1760;-952.0;-972.0;?;-1760;-78
-259.0;1706;-959.0;-960.0;-932.0;-1706;-165
-254.0;1498;-1035.0;-992.0;-985.0;-1498;-147
-192.0;970;-1061.0;-1089.0;-1124.0;-970;-52
?;212;-869.0;-995.0;?;-212;4
-207.0;-552;-863.0;-905.0;-977.0;552;126
-203.0;-901;-901.0;-924.0;-995.0;901;132
-191.0;-1223;-918.0;-930.0;-989.0;1223;85
-212.0;-1357;-897.0;-938.0;?;1357;?
-169.0;-1398;-914.0;-947.0;-992.0;1398;43
-187.0;?;-890.0;-907.0;-904.0;1427;8
-233.0;-743;-893.0;-921.0;-916.0;743;-2
-211.0;-762;-929.0;-962.0;-984.0;762;207
-193.0;-489;-940.0;-1029.0;-1021.0;489;-106
-161.0;424;?;-1030.0;-981.0;-424;-478
-170.0;162;-910.0;-1004.0;-988.0;-162;-105
-163.0;?;-925.0;-1036.0;-1014.0;34;17
-121.0;-17;-937.0;-1017.0;-1040.0;17;-36
-211.0;-122;?;-981.0;-1059.0;122;14
-123.0;-55;-959.0;-988.0;?;?;-21
-105.0;-84;-937.0;-963.0;-994.0;84;-5
-98.0;-47;-912.0;-953.0;-969.0;47;-19
-202.0;6;-890.0;-948.0;-954.0;-6;-22
-167.0;11;-893.0;-944.0;-931.0;-11;-15
-118.0;2;-900.0;-939.0;-995.0;-2;-22
-132.0;-19;-903.0;-951.0;-1024.0;19;-15
-131.0;?;-899.0;?;-1036.0;21;-10
-122.0;?;-1021.0;-963.0;?;-8;-13
-102.0;15;-1015.0;-1001.0;-1117.0;?;-13
-154.0;-9;-895.0;-893.0;?;9;?
-122.0;-7;-861.0;-874.0;-939.0;7;?
-93.0;-1;-883.0;-935.0;-976.0;1;-20
-117.0;12;-956.0;-961.0;-981.0;-12;-20
-139.0;21;-964.0;-1012.0;-969.0;-21;-11
-129.0;-2;-930.0;-988.0;-906.0;2;-17
-97.0;15;?;-974.0;-923.0;-15;-29
-153.0;10;-938.0;-991.0;-962.0;-10;-27
-138.0;4;-938.0;-1061.0;-884.0;-4;-21
-119.0;31;-928.0;-1027.0;-861.0;-31;-19
?;2;-903.0;-1004.0;-905.0;-2;-19
-126.0;3;-907.0;-1026.0;-934.0;-3;-10
-126.0;9;-914.0;-998.0;-937.0;-9;-17
-128.0;-7;-902.0;-1029.0;-956.0;7;-29
-134.0;2;-897.0;-1027.0;?;-2;?
-82.0;10;-913.0;-1057.0;-991.0;-10;-19
-156.0;19;-927.0;-1095.0;-952.0;-19;-21
?;9;-930.0;-1086.0;-923.0;-9;-20
-144.0;-12;-892.0;-1065.0;-891.0;12;-24
-152.0;11;-904.0;?;?;-11;-23
-136.0;-19;?;-1014.0;-946.0;19;-21
-138.0;-78;-891.0;-1005.0;-951.0;78;?
-161.0;-34;-883.0;-984.0;-974.0;34;-24
-181.0;-7;-881.0;?;-969.0;7;-25
?;-18;-889.0;?;?;18;-19
-141.0;-10;-902.0;-983.0;-975.0;10;-18
-138.0;-29;-894.0;-967.0;-988.0;29;?
-127.0;-34;-878.0;-973.0;-1005.0;34;-22
-152.0;-14;-877.0;-981.0;-998.0;14;-22
-133.0;-8;-880.0;-996.0;-979.0;8;?
-151.0;14;?;-982.0;-962.0;?;-26
-121.0;11;-876.0;-997.0;-939.0;-11;-24
-110.0;-29;-871.0;-1026.0;-938.0;29;-25
-89.0;-24;-874.0;-1032.0;-973.0;24;-26
-77.0;-2;-863.0;-1041.0;-1022.0;2;-21
-60.0;-4;-855.0;-967.0;-1117.0;4;-18
-59.0;10;-863.0;-840.0;-1075.0;-10;-21
-70.0;22;-857.0;?;-984.0;?;-20
-76.0;21;-847.0;-768.0;-896.0;-21;-22
-78.0;21;-859.0;-777.0;-843.0;-21;-22
-63.0;11;-866.0;-856.0;-851.0;-11;-15
-61.0;11;-877.0;?;?;-11;-23
-66.0;0;-888.0;-1085.0;-956.0;0;-22
-73.0;?;-892.0;-1067.0;-966.0;16;?
-77.0;-25;-914.0;-1051.0;?;25;-24
-35.0;-25;-919.0;-1151.0;-998.0;25;-31
-27.0;6;-917.0;?;-1033.0;-6;-24
-139.0;-2;-928.0;-1108.0;-1001.0;?;-20
-211.0;-13;-923.0;-1068.0;-950.0;13;-25
-145.0;-18;-908.0;-1080.0;-957.0;18;-30
-111.0;-32;-910.0;-1086.0;-944.0;32;-22
-125.0;15;-909.0;?;-947.0;-15;-18
?;32;?;-1084.0;-968.0;-32;-22
-178.0;-10;-905.0;-1018.0;-976.0;10;?
-268.0;9;-891.0;?;?;-9;?
-234.0;?;-894.0;-961.0;-984.0;-64;-26
?;51;?;?;-1008.0;-51;-18
-244.0;67;-882.0;-992.0;-1046.0;-67;?
-270.0;127;-888.0;-1000.0;-1043.0;-127;?
-263.0;-39;-957.0;-1078.0;-1016.0;?;?
-281.0;-220;-896.0;-1004.0;?;220;-11
-258.0;200;-811.0;-994.0;-1116.0;-200;57
-278.0;709;-855.0;-982.0;-1066.0;-709;-61
-304.0;?;-882.0;-994.0;-1003.0;-658;-156
-314.0;668;-876.0;-1020.0;-933.0;-668;-3
?;824;-849.0;?;?;-824;95
-270.0;756;-834.0;-947.0;-919.0;-756;4
-293.0;?;-823.0;?;-869.0;-461;?
-261.0;135;?;-941.0;?;-135;0
-77.0;-39;-797.0;?;-843.0;39;56
-220.0;-199;-793.0;-974.0;?;199;0
-249.0;-273;-790.0;-952.0;-786.0;273;-17
-192.0;-541;-798.0;-925.0;-860.0;541;?
-242.0;-714;-775.0;-866.0;-879.0;714;-22
-268.0;-520;?;-820.0;-878.0;520;50
-389.0;-478;?;-846.0;-887.0;478;2
-410.0;-463;-768.0;-851.0;-880.0;463;-55
-369.0;-653;-763.0;-848.0;-854.0;653;-24
-373.0;-587;-760.0;-827.0;-836.0;587;27
-356.0;-164;-765.0;-846.0;-885.0;164;119
-364.0;-93;-787.0;-862.0;-840.0;93;276
-450.0;-60;-778.0;-863.0;-947.0;60;289
-456.0;-107;-750.0;-876.0;-1046.0;107;20
-394.0;-128;-754.0;-830.0;-1028.0;128;-101
-421.0;-79;-755.0;-828.0;-1010.0;79;-30
-438.0;-147;?;-849.0;-1002.0;147;-25
-340.0;-84;-731.0;-832.0;-970.0;84;-32
-277.0;?;-711.0;?;-974.0;33;-48
-226.0;-24;-726.0;-820.0;-1042.0;24;?
?;28;-714.0;-797.0;-1058.0;-28;13
-129.0;?;-668.0;-722.0;-1040.0;-62;-58
-192.0;75;?;?;-972.0;-75;-6
-65.0;66;-648.0;?;-1003.0;-66;18
-89.0;27;-678.0;-950.0;-935.0;-27;-18
-126.0;-25;?;-721.0;-871.0;?;-10
-147.0;6;-714.0;-640.0;-947.0;-6;?
-182.0;66;-788.0;-752.0;-1029.0;-66;-48
?;62;-742.0;-933.0;-1029.0;-62;-19
-171.0;26;-654.0;-1109.0;-1002.0;?;-42
-198.0;-18;-673.0;-1249.0;-990.0;18;-27
-180.0;-21;-810.0;-1284.0;-971.0;21;-16
-127.0;-34;-843.0;-1274.0;-981.0;34;-39
-85.0;-22;?;-1210.0;-883.0;22;?
-157.0;32;-800.0;-1153.0;-820.0;-32;-21
-120.0;14;-792.0;-1100.0;-772.0;-14;-15
-90.0;11;-806.0;-1109.0;-769.0;-11;?
-107.0;29;-813.0;-1152.0;-739.0;?;-29
-91.0;8;-786.0;?;-687.0;-8;-27
-82.0;-16;-800.0;-1170.0;-848.0;?;-21
-48.0;0;-822.0;-1122.0;-967.0;0;-15
-111.0;14;-779.0;-1044.0;-966.0;-14;-19
-141.0;-24;-702.0;-966.0;-939.0;24;-19
-162.0;8;-666.0;-888.0;-1016.0;?;-14
-131.0;22;-689.0;-851.0;-1060.0;-22;-22
?;?;-718.0;-879.0;-1049.0;30;-26
-126.0;-12;-740.0;-923.0;-1028.0;?;-21
-116.0;-7;-754.0;-932.0;-1038.0;?;-21
-111.0;-22;-741.0;-935.0;-1024.0;22;-20
-99.0;11;-724.0;-930.0;-996.0;-11;-25
-118.0;15;-718.0;-934.0;?;?;-25
-96.0;-1;-721.0;-983.0;-972.0;1;-17
-74.0;20;-731.0;-978.0;-959.0;?;-19
-69.0;33;-733.0;-942.0;-951.0;-33;-18
-79.0;?;-727.0;-916.0;-944.0;-24;-22
-68.0;17;-735.0;?;-954.0;?;-29
-73.0;5;-714.0;-871.0;-945.0;-5;-26
-70.0;-2;-715.0;-954.0;?;2;?
-55.0;-12;?;-984.0;-971.0;12;-21
-39.0;-31;-728.0;-933.0;-988.0;31;-20
-60.0;-36;-709.0;-903.0;-1002.0;36;-23
-31.0;-34;?;-952.0;-981.0;34;-20
-65.0;-34;-722.0;-976.0;-955.0;?;-14
-84.0;-35;-730.0;-987.0;-948.0;35;-15
-87.0;-35;?;-955.0;-928.0;35;?
-69.0;-24;-720.0;-975.0;?;?;-17
-69.0;-29;-739.0;-922.0;-946.0;29;-19
-60.0;-33;-722.0;-943.0;-959.0;?;-17
-59.0;-19;-736.0;-1008.0;?;19;-17
-77.0;-12;?;-1067.0;-909.0;12;?
-87.0;-22;-747.0;-1080.0;-930.0;22;-19
-48.0;-15;-732.0;-1091.0;-927.0;15;?
-76.0;30;-723.0;-1115.0;-917.0;-30;-21
-65.0;10;?;?;-943.0;-10;-19
-68.0;-27;-715.0;?;-937.0;?;-18
-81.0;-11;-727.0;-1067.0;-951.0;11;-24
-71.0;-12;-716.0;-1070.0;-990.0;12;-24
-72.0;2;-727.0;-967.0;-955.0;-2;-21
-67.0;14;-726.0;-876.0;-931.0;-14;-24
-41.0;9;-726.0;-884.0;-935.0;-9;-22
-83.0;6;-724.0;-868.0;-937.0;-6;-19
-80.0;-36;?;-879.0;-944.0;36;-24
-47.0;-32;-748.0;?;-939.0;?;-23
-75.0;30;-753.0;?;-913.0;?;-20
-65.0;0;-759.0;-1007.0;-886.0;0;-26
-25.0;-20;?;-982.0;-924.0;20;-24
-62.0;-2;-738.0;?;-915.0;?;-18
-84.0;-23;-735.0;?;-901.0;23;-20
-36.0;4;-732.0;?;?;-4;-18
-44.0;2;-736.0;-942.0;?;-2;-17
-70.0;-22;-738.0;-955.0;?;22;-17
-62.0;?;-741.0;-980.0;?;4;-20
-40.0;-2;-744.0;-975.0;-894.0;2;-24
-41.0;10;-734.0;-958.0;-889.0;-10;-24
-61.0;?;-733.0;?;-916.0;-14;-23
-65.0;-17;-727.0;-953.0;-902.0;17;-20
?;-8;-725.0;-951.0;-888.0;8;-21
-74.0;28;-725.0;-955.0;-911.0;-28;-24
-91.0;-12;-726.0;-968.0;-893.0;?;-23
-75.0;-35;-723.0;-964.0;-893.0;35;-20
-69.0;6;?;-972.0;-879.0;-6;-15
-77.0;-6;-727.0;-975.0;-878.0;6;-21
?;4;-730.0;-958.0;-892.0;?;-25
-81.0;35;-716.0;?;-896.0;-35;-22
-95.0;5;-717.0;-935.0;-903.0;?;-20
-96.0;-2;-723.0;-956.0;-895.0;2;-16
-81.0;2;-721.0;-950.0;-895.0;-2;-19
-81.0;-11;-720.0;?;-885.0;11;-20
-110.0;-10;?;-957.0;-879.0;10;-20
-120.0;-16;-717.0;-957.0;-893.0;16;-20
-91.0;-23;-716.0;-960.0;-917.0;23;-24
-114.0;-13;-718.0;-956.0;-909.0;13;-29
-103.0;-10;-711.0;?;-923.0;?;-25
-80.0;?;-713.0;-954.0;-895.0;15;-20
-99.0;-9;-709.0;-933.0;-923.0;9;-21
-114.0;-15;-714.0;-951.0;?;15;?
-105.0;?;-714.0;-956.0;-882.0;10;-20
-105.0;0;-706.0;-952.0;-904.0;0;-23
-109.0;-21;-710.0;-957.0;?;21;-19
-95.0;-7;?;-946.0;-908.0;7;-24
-114.0;12;-705.0;-938.0;-917.0;-12;-24
?;-5;?;-945.0;?;5;?
-102.0;12;-707.0;-941.0;-920.0;?;-26
-73.0;32;-706.0;-944.0;-903.0;-32;-23
-109.0;9;-703.0;-940.0;-901.0;-9;-14
-121.0;-16;-706.0;-940.0;?;16;-19
-119.0;?;-702.0;-945.0;-924.0;21;-19
-93.0;8;-702.0;-939.0;-956.0;-8;-18
-121.0;20;-707.0;-942.0;-888.0;-20;-22
-98.0;-10;-696.0;-920.0;-907.0;10;-21
-119.0;20;-704.0;-939.0;-913.0;-20;-23
-119.0;62;-704.0;-944.0;-897.0;-62;?
-123.0;42;-707.0;-940.0;-901.0;-42;-16
-112.0;49;-699.0;-957.0;-924.0;-49;-17
-95.0;64;-693.0;-933.0;-907.0;-64;-21
-113.0;28;-699.0;-927.0;-959.0;-28;-29
-98.0;9;-696.0;-943.0;?;-9;-25
-133.0;10;-696.0;-947.0;-914.0;-10;-19
-136.0;12;-697.0;-935.0;-929.0;-12;?
-122.0;22;-697.0;-941.0;-910.0;-22;?
-102.0;21;-696.0;-932.0;-918.0;?;-29
-121.0;?;?;-935.0;-921.0;-4;-19
-131.0;-19;-699.0;-927.0;-933.0;19;-20
?;-15;-701.0;-941.0;-918.0;15;-20
?;22;-698.0;-943.0;-931.0;-22;-19
-148.0;16;-696.0;?;-927.0;-16;-20
-125.0;9;-694.0;-931.0;-913.0;-9;-16
-109.0;40;-694.0;-944.0;-910.0;-40;?
-129.0;46;-684.0;-949.0;-902.0;-46;-12
-107.0;?;-685.0;-933.0;-931.0;-106;-22
-137.0;115;-686.0;-931.0;-927.0;-115;?
-98.0;?;-680.0;-933.0;-911.0;-37;-22
-81.0;21;-677.0;-926.0;-938.0;-21;-31
-116.0;-14;-688.0;-936.0;-942.0;?;-27
-100.0;-15;-692.0;-942.0;-944.0;15;-15
-118.0;-3;-691.0;-943.0;-931.0;?;-15
-132.0;-29;-689.0;-942.0;?;29;-21
-102.0;-22;-694.0;-963.0;-942.0;22;-25
-123.0;-23;-702.0;-946.0;-949.0;23;-22
-137.0;-21;?;-971.0;-982.0;21;-26
-73.0;-45;-726.0;-964.0;-967.0;45;-26
-65.0;-78;?;-939.0;-973.0;78;-19
?;?;-725.0;-960.0;?;56;-18
-67.0;?;-703.0;-929.0;-916.0;?;-17
-100.0;?;?;-946.0;-859.0;31;-19
-73.0;?;-689.0;-943.0;-925.0;29;-26
-66.0;29;-692.0;-953.0;-900.0;-29;-25
-65.0;30;-710.0;-929.0;-981.0;-30;-19
-66.0;-6;?;?;-1018.0;?;-17
?;-1;-726.0;-947.0;-1009.0;1;-18
-91.0;-11;-730.0;-959.0;-1003.0;11;-23
-66.0;2;-720.0;-960.0;-955.0;-2;-24
-59.0;4;-721.0;-963.0;-940.0;-4;-25
-71.0;-45;-728.0;-970.0;-883.0;45;-23
?;-51;-735.0;-964.0;-854.0;51;-16
-62.0;-23;-735.0;?;-866.0;23;-18
-69.0;?;?;-960.0;-889.0;14;-20
-64.0;4;-737.0;-963.0;-924.0;?;-15
-83.0;12;-732.0;-960.0;-894.0;-12;?
-82.0;?;-727.0;-954.0;-901.0;-10;?
-72.0;?;-735.0;-939.0;-913.0;-7;?
-45.0;-12;-739.0;?;-892.0;12;-20
-59.0;-30;-740.0;-980.0;-904.0;30;-21
-60.0;-46;-734.0;-976.0;-861.0;46;-20
-62.0;-33;?;-946.0;-984.0;33;-20
-48.0;-27;?;-950.0;-936.0;27;-23
-29.0;?;-731.0;-969.0;-911.0;?;-25
-39.0;-14;-739.0;-969.0;-917.0;14;-20
-48.0;13;-738.0;-968.0;-920.0;-13;-21
-80.0;-15;-741.0;-979.0;-904.0;?;-25
-51.0;-17;-738.0;-979.0;-911.0;17;-21
?;4;-722.0;-972.0;-900.0;-4;-18
-62.0;-4;?;-972.0;-904.0;4;-18
-69.0;-22;?;-968.0;-916.0;22;-12
-30.0;-27;-733.0;-979.0;?;27;-11
-43.0;-2;-738.0;-996.0;-891.0;2;-14
-58.0;6;-745.0;-988.0;-892.0;-6;-22
-53.0;-36;-739.0;-978.0;-873.0;?;-26
?;-16;-731.0;-984.0;-895.0;?;-26
-47.0;21;-729.0;-976.0;-939.0;-21;-29
?;-24;?;-963.0;-955.0;24;?
-35.0;-26;?;-950.0;-927.0;26;?
-42.0;-12;-735.0;-970.0;-905.0;12;-19
-46.0;-24;-734.0;-975.0;-923.0;24;-16
-62.0;-12;-734.0;-976.0;-904.0;12;-23
-51.0;-22;-731.0;-970.0;-898.0;22;-16
-71.0;-3;-737.0;?;-898.0;3;-15
?;17;-737.0;-969.0;-917.0;-17;-23
-71.0;?;-736.0;-969.0;-891.0;23;-20
-59.0;-28;-737.0;-979.0;-896.0;28;-17
-78.0;0;-729.0;-979.0;?;0;-23
-55.0;0;-725.0;-961.0;-920.0;0;-23
-60.0;0;-724.0;-967.0;-943.0;0;-19
-99.0;-16;-727.0;-984.0;-913.0;16;-19
-58.0;-42;-736.0;-966.0;?;42;-20
-68.0;?;-734.0;-981.0;-896.0;27;-20
?;-1;-732.0;-985.0;-931.0;1;?
?;1;-725.0;-964.0;-914.0;?;-22
-95.0;1;-722.0;-983.0;?;-1;-23
-102.0;26;-723.0;-976.0;-908.0;-26;-21
-109.0;5;-722.0;?;-918.0;-5;-24
-103.0;-8;-713.0;-959.0;-912.0;8;-26
-81.0;21;-713.0;?;-912.0;-21;-20
?;-5;-711.0;-966.0;-900.0;5;-23
-81.0;-18;-710.0;-961.0;-905.0;18;-27
-92.0;?;-714.0;-969.0;-910.0;5;?
-90.0;3;-718.0;-983.0;?;?;-14
?;?;-716.0;-962.0;-914.0;-8;-17
-87.0;-12;-711.0;?;-900.0;12;-20
-82.0;-14;-711.0;-967.0;-911.0;14;-20
-95.0;-9;-709.0;-969.0;-893.0;9;-21
-82.0;-18;-705.0;?;-890.0;18;-21
-94.0;-25;-706.0;-960.0;?;25;-18
-96.0;-21;-711.0;-951.0;-909.0;21;-20
-84.0;-2;?;-974.0;-921.0;2;-24
-71.0;2;?;-968.0;-914.0;-2;?
-88.0;-11;-711.0;-974.0;-897.0;11;-22
-91.0;-9;?;-966.0;-896.0;9;-17
-101.0;-18;-710.0;-950.0;-921.0;18;-20
-101.0;?;-707.0;-955.0;-918.0;20;-22
-111.0;8;-712.0;?;-915.0;-8;-18
-101.0;12;-715.0;?;-926.0;-12;-19
-112.0;5;-712.0;-969.0;-914.0;-5;-23
-94.0;-11;-714.0;-963.0;-940.0;11;-23
-98.0;-5;?;-963.0;-915.0;5;-22
-107.0;21;-712.0;-948.0;-924.0;-21;-24
-79.0;11;-713.0;-961.0;-920.0;-11;-21
-78.0;?;-715.0;-956.0;?;-11;-20
-133.0;-2;-718.0;?;-916.0;2;?
-118.0;-14;-716.0;-965.0;-929.0;14;-23
-95.0;-13;-716.0;-963.0;-913.0;13;-23
-117.0;-11;-714.0;-972.0;-907.0;11;-23
-123.0;-9;-715.0;-962.0;-927.0;9;-23
-102.0;-44;-717.0;-958.0;-924.0;44;-24
-130.0;-17;-710.0;-961.0;-927.0;17;-19
-132.0;18;-711.0;-949.0;-935.0;-18;-22
-121.0;27;-714.0;-956.0;-937.0;-27;-28
-119.0;54;?;-966.0;-921.0;-54;-25
-112.0;36;?;-965.0;?;-36;-23
-122.0;25;-705.0;-966.0;-917.0;-25;-20
-121.0;9;-705.0;-959.0;-924.0;-9;-20
-137.0;26;?;?;-936.0;-26;-23
-120.0;53;-702.0;-945.0;-929.0;-53;?
-120.0;32;-705.0;-953.0;-926.0;-32;-20
-130.0;49;-708.0;-966.0;-930.0;-49;-20
-117.0;50;-705.0;-961.0;-923.0;-50;-23
-116.0;37;-702.0;-974.0;-908.0;-37;-23
-77.0;17;-710.0;-967.0;-931.0;-17;-21
-103.0;-44;-702.0;-957.0;-941.0;44;-23
-63.0;-34;-703.0;-954.0;-921.0;34;-22
-115.0;26;?;?;-938.0;-26;-17
-112.0;21;?;-960.0;-929.0;-21;-18
-101.0;2;-697.0;-966.0;-941.0;?;-19
-79.0;-6;?;-978.0;-937.0;6;-22
-100.0;-24;-707.0;-974.0;-939.0;24;-23
-130.0;?;-715.0;-951.0;-992.0;13;-21
-108.0;-10;-719.0;-951.0;-945.0;10;-26
-130.0;-7;-722.0;-943.0;-916.0;7;-22
-126.0;40;-714.0;-960.0;-915.0;-40;-19
-122.0;65;-715.0;-965.0;-880.0;-65;-24
-115.0;?;-736.0;-976.0;-916.0;-39;?
-116.0;41;-726.0;?;-990.0;-41;-23
-114.0;50;-724.0;-940.0;-976.0;-50;-23
-75.0;24;-727.0;-926.0;-1005.0;-24;-25
-85.0;59;-724.0;-915.0;-1003.0;-59;-19
-93.0;66;-712.0;-926.0;-921.0;?;-14
-89.0;19;-716.0;-965.0;-935.0;-19;-22
?;?;-732.0;-971.0;-942.0;-20;-22
-122.0;9;-719.0;-971.0;-936.0;?;-16
-115.0;26;-656.0;-1006.0;?;-26;?
-50.0;21;-632.0;-1034.0;-945.0;-21;-20
-76.0;15;-707.0;-1059.0;-954.0;-15;-25
-100.0;29;?;-1095.0;-957.0;-29;-25
-117.0;-19;-704.0;-1098.0;-925.0;19;-23
-87.0;11;-706.0;-1035.0;-871.0;-11;?
-111.0;37;-721.0;-968.0;-818.0;-37;-24
-101.0;-15;-714.0;-990.0;-821.0;15;-25
-82.0;?;-740.0;-1005.0;-832.0;17;-21
-89.0;10;-716.0;-1049.0;-829.0;-10;-22
-84.0;3;-691.0;-1063.0;-822.0;-3;-23
-87.0;-22;-671.0;-1048.0;-852.0;22;-27
-100.0;-19;-667.0;-1034.0;-884.0;19;-30
?;-34;-659.0;-1044.0;-876.0;34;-26
-73.0;-43;-661.0;-1025.0;-872.0;43;-18
-51.0;-46;?;-1003.0;-881.0;46;?
-63.0;-94;-655.0;-1004.0;-895.0;94;-27
-81.0;-89;-646.0;-977.0;-901.0;?;-24
-67.0;-72;-646.0;?;-906.0;72;-23
?;-78;-641.0;-985.0;?;?;-22
-74.0;-62;-650.0;-983.0;-908.0;?;-24
-84.0;-34;-643.0;-998.0;-898.0;34;-22
-96.0;-3;-667.0;-1000.0;-908.0;3;-11
-103.0;-11;-684.0;-961.0;-901.0;11;-15
-87.0;4;-679.0;-992.0;-875.0;-4;-19
-61.0;20;-680.0;-1016.0;-858.0;-20;-20
-108.0;?;-683.0;-1063.0;-837.0;3;-25
-118.0;20;-693.0;-1098.0;-843.0;-20;-19
-94.0;21;-692.0;-1116.0;-889.0;-21;-20
-74.0;-29;-693.0;-1118.0;-926.0;29;-26
-70.0;-14;-678.0;-1023.0;-956.0;14;-23
-101.0;12;-690.0;?;-964.0;?;-21
-79.0;?;-694.0;-947.0;?;16;-19
-76.0;-23;-703.0;-895.0;-1024.0;23;?
-97.0;?;-717.0;-902.0;-1006.0;?;-23
-68.0;-36;-734.0;-904.0;-989.0;36;?
-71.0;-4;-752.0;-997.0;-980.0;?;-20
-77.0;-10;-740.0;-1041.0;-947.0;10;-28
-89.0;?;-757.0;?;-949.0;20;-23
-59.0;9;-776.0;-995.0;-928.0;-9;-25
-77.0;-14;-776.0;-946.0;-976.0;14;-24
-97.0;-19;-769.0;-961.0;-1015.0;19;?
-70.0;12;-778.0;-948.0;-964.0;-12;-19
-57.0;5;-782.0;?;?;-5;-18
-91.0;12;-776.0;-982.0;-939.0;-12;-18
-106.0;?;-770.0;-959.0;-951.0;-13;-14
-62.0;-20;-772.0;-967.0;-942.0;20;-20
-90.0;-10;-777.0;-963.0;-930.0;10;-28
-70.0;?;-776.0;-961.0;-947.0;1;-23
-61.0;2;-786.0;?;-967.0;-2;-16
?;-3;-781.0;-986.0;-973.0;3;-18
-71.0;-24;-775.0;-986.0;-964.0;24;-20
?;8;-773.0;-964.0;-977.0;-8;?
?;?;-776.0;-954.0;-1011.0;20;-23
-56.0;?;-792.0;-940.0;-1026.0;?;-18
-50.0;?;-787.0;-931.0;-990.0;5;-24
-55.0;?;-783.0;-955.0;-978.0;-11;-24
-65.0;49;-779.0;-956.0;-971.0;-49;-14
-50.0;36;-777.0;-950.0;-955.0;?;-15
-56.0;12;-779.0;-965.0;-951.0;-12;-18
-30.0;28;-782.0;-984.0;-955.0;-28;-16
-58.0;32;-785.0;-991.0;-964.0;-32;-17
-34.0;32;-782.0;-969.0;-975.0;-32;-17
-30.0;14;?;-949.0;-975.0;-14;-23
-41.0;0;-778.0;-982.0;-975.0;0;-24
-81.0;-1;-777.0;-972.0;-971.0;1;-18
-59.0;-2;-768.0;-954.0;?;2;-21
-77.0;-16;-779.0;-966.0;-983.0;16;?
-76.0;-23;-781.0;-1012.0;-961.0;23;-18
-75.0;-11;-773.0;-996.0;-962.0;?;-25
-77.0;-28;-770.0;-991.0;-976.0;28;-19
?;-27;-773.0;-987.0;-973.0;27;-16
-82.0;-7;-772.0;-1007.0;-966.0;7;-22
?;-14;-765.0;-1062.0;-951.0;14;-20
-99.0;-33;-775.0;-1054.0;-958.0;33;-16
-102.0;-40;?;-1061.0;-970.0;?;-15
-94.0;-7;-792.0;-1068.0;-995.0;7;-21
-90.0;-12;-812.0;-1085.0;-1034.0;12;?
-100.0;-16;-827.0;-1070.0;-1041.0;16;-17
-92.0;24;-811.0;?;-1007.0;-24;-22
-81.0;12;-807.0;-1028.0;-997.0;-12;-21
?;-12;-819.0;-1080.0;-968.0;12;-17
-40.0;0;?;-1051.0;-951.0;0;?
-36.0;21;?;?;-951.0;-21;-17
-19.0;33;-843.0;-1005.0;?;-33;-22
?;19;-846.0;-930.0;-914.0;-19;-23
-19.0;10;-841.0;?;-936.0;-10;-21
-45.0;?;-848.0;-971.0;-917.0;?;-27
-17.0;10;-850.0;?;-933.0;?;-25
-37.0;33;-835.0;?;-975.0;-33;-19
-20.0;3;-840.0;-893.0;-961.0;-3;-22
-23.0;-45;-833.0;-865.0;?;45;-24
1.0;-25;?;-925.0;-958.0;25;-23
22.0;-27;-863.0;-956.0;-936.0;27;-22
1.0;8;-860.0;-999.0;-922.0;-8;-23
1.0;34;-856.0;-1014.0;-911.0;-34;-19
-20.0;?;-859.0;-989.0;?;-20;-21
-10.0;20;-858.0;-988.0;-926.0;-20;-27
3.0;-9;-877.0;-1005.0;-874.0;9;-20
4.0;-5;-867.0;-1026.0;-858.0;?;-11
-17.0;?;-883.0;-1010.0;-855.0;?;-14
-19.0;-36;-879.0;?;?;36;-18
-34.0;-4;-885.0;-1003.0;-824.0;4;-22
-33.0;-13;-894.0;-1080.0;-805.0;13;-21
-57.0;-28;-907.0;-1179.0;-802.0;?;-20
-12.0;?;-886.0;-1163.0;-855.0;-10;-21
1.0;?;-886.0;-1141.0;-860.0;12;-20
44.0;-13;-892.0;-1136.0;?;13;-22
?;-8;-948.0;-1130.0;-965.0;8;-21
-95.0;-34;-899.0;-1052.0;-983.0;34;-7
-86.0;8;-862.0;-973.0;?;-8;-11
-36.0;?;-877.0;-804.0;-1037.0;40;?
?;-70;-852.0;-745.0;-930.0;70;-17
-150.0;-52;-873.0;?;-930.0;52;-35
-61.0;-30;-883.0;?;-851.0;30;-39
-116.0;-137;?;-1022.0;-862.0;137;-94
-98.0;-457;-912.0;?;-847.0;457;-188
-134.0;-505;-910.0;-1118.0;?;505;7
-157.0;?;-941.0;-1194.0;-979.0;381;168
-153.0;0;-947.0;-1068.0;-967.0;0;?
-126.0;480;-916.0;?;-989.0;-480;46
-144.0;520;-969.0;-1149.0;-1025.0;-520;-22
-147.0;?;-875.0;-1099.0;-1033.0;-483;?
-108.0;358;-830.0;-1038.0;-929.0;?;-35
-142.0;212;-874.0;-1003.0;-921.0;-212;?
-159.0;268;-910.0;-1002.0;-971.0;-268;16
-174.0;252;-916.0;-1040.0;-1006.0;-252;?
-125.0;132;-884.0;-992.0;?;-132;-38
-159.0;64;-875.0;-980.0;-1000.0;-64;18
-162.0;-11;-860.0;-937.0;-981.0;11;8
-153.0;-189;-873.0;-901.0;-986.0;189;58
-164.0;38;-878.0;-921.0;-1001.0;-38;92
-171.0;450;-889.0;-925.0;-1011.0;-450;316
-178.0;-6;-898.0;-930.0;-1013.0;6;525
-189.0;-657;-926.0;-960.0;-1017.0;657;-28
-192.0;-386;-919.0;-986.0;-1001.0;386;-249
-233.0;-4;-911.0;-992.0;-971.0;4;-23
-198.0;-31;-900.0;-994.0;-1027.0;31;-59
-153.0;-7;-892.0;-981.0;-964.0;7;-13
-179.0;32;-883.0;-981.0;-961.0;-32;-2
-220.0;23;-883.0;-979.0;?;-23;-26
-173.0;7;?;-956.0;-1139.0;-7;-20
-151.0;-18;-875.0;-967.0;-1079.0;18;-30
-152.0;9;-849.0;-973.0;-1058.0;-9;-24
-161.0;20;-831.0;-953.0;-997.0;-20;-29
-172.0;-8;-819.0;-946.0;-951.0;?;-18
-183.0;?;-795.0;-931.0;-886.0;?;-18
-178.0;-15;-788.0;-924.0;-887.0;15;-24
-151.0;-22;-784.0;-930.0;-904.0;22;-22
-168.0;6;-844.0;-956.0;-948.0;-6;-24
-164.0;10;-907.0;-1003.0;-1106.0;-10;?
-136.0;-28;-841.0;-980.0;?;28;-27
-153.0;-32;-784.0;-940.0;-970.0;32;-19
-158.0;-8;?;-920.0;-1037.0;8;-18
-153.0;-2;-810.0;-892.0;-1101.0;2;-21
-181.0;-15;-832.0;-886.0;-1071.0;15;-21
-198.0;-23;-822.0;-896.0;-1049.0;23;-22
-169.0;-13;-810.0;?;-1034.0;13;-18
-153.0;-18;-824.0;-928.0;-988.0;18;-21
-151.0;-26;-836.0;-937.0;-986.0;26;-25
-171.0;-20;-839.0;-956.0;-985.0;20;-23
-162.0;-10;-832.0;-959.0;-1034.0;10;-22
-152.0;-1;-838.0;?;-1037.0;1;-21
-153.0;-16;-847.0;-995.0;-1014.0;16;-24
-162.0;-42;?;-991.0;-991.0;42;-20
-150.0;-35;-848.0;-1002.0;-972.0;35;-24
-169.0;2;-852.0;-998.0;-962.0;-2;-25
?;?;-858.0;-1004.0;-922.0;-34;-16
-146.0;23;-861.0;-990.0;-968.0;-23;-20
-174.0;?;-864.0;-1013.0;-967.0;9;?
?;-6;-866.0;-1048.0;-952.0;6;-22
-151.0;2;?;-1017.0;-973.0;-2;?
-159.0;18;-859.0;-989.0;?;-18;-20
?;30;-844.0;-970.0;-959.0;-30;-20
-150.0;-7;-846.0;-963.0;-984.0;7;-15
?;-28;-846.0;-975.0;-964.0;28;-18
?;-7;-846.0;-994.0;-860.0;7;-25
-182.0;0;-860.0;-1019.0;-938.0;0;-21
-181.0;0;?;-1011.0;-969.0;0;-17
-152.0;-1;-859.0;-1003.0;-954.0;1;-23
-178.0;-2;?;-1017.0;-990.0;2;-25
-186.0;2;-858.0;-1028.0;-975.0;-2;-22
-158.0;-11;-857.0;-1018.0;-972.0;11;-20
-166.0;-5;-851.0;-997.0;-1008.0;5;-20
-176.0;-6;-845.0;-1022.0;-904.0;6;-17
-184.0;-34;-853.0;-1006.0;-1028.0;34;-18
-180.0;-34;-858.0;-994.0;-1026.0;34;-24
-184.0;-36;-849.0;-974.0;-998.0;36;-19
-179.0;-17;-837.0;-974.0;-983.0;17;-19
-192.0;3;?;-961.0;-1025.0;-3;-23
-189.0;-1;-839.0;-970.0;-974.0;1;-18
-203.0;10;-850.0;-998.0;?;-10;-14
-166.0;11;-857.0;-990.0;-997.0;-11;-17
?;4;-845.0;?;?;-4;-25
-172.0;-17;-843.0;-981.0;-1023.0;17;-23
-182.0;-39;-811.0;-980.0;-1031.0;39;-23
-172.0;-31;-843.0;?;-964.0;31;?
-183.0;?;-845.0;-1012.0;-925.0;23;-20
-166.0;-24;?;-982.0;-976.0;24;-24
-165.0;-9;-839.0;-1000.0;-954.0;9;?
-175.0;2;-852.0;-1014.0;-957.0;-2;-16
-185.0;-21;-890.0;-972.0;-995.0;21;-19
-177.0;-4;-843.0;-953.0;-1039.0;4;-17
-198.0;?;-853.0;-956.0;-1047.0;-21;-20
-184.0;-18;-842.0;?;-1085.0;18;-26
-170.0;0;-833.0;-954.0;-1069.0;0;-22
-165.0;28;-839.0;-976.0;-1011.0;-28;-19
-169.0;-3;-844.0;-973.0;-992.0;3;-24
-173.0;-25;-838.0;-957.0;-966.0;25;-22
-163.0;-34;-841.0;-979.0;-973.0;34;-18
-162.0;-18;-849.0;-1023.0;?;18;-19
-171.0;-2;-844.0;-1049.0;?;2;-22
-152.0;2;-838.0;-1074.0;-941.0;-2;-27
-163.0;13;-850.0;-1141.0;-956.0;-13;-31
?;8;-841.0;-999.0;-1017.0;-8;-26
-146.0;-11;-833.0;-930.0;-1074.0;11;-22
-132.0;-6;-838.0;-872.0;-1056.0;6;-23
-148.0;1;?;-861.0;-1060.0;-1;-19
-148.0;-28;-831.0;-758.0;-1026.0;28;-19
?;-26;-827.0;-739.0;-1043.0;26;-20
-149.0;-1;-837.0;-811.0;-1060.0;1;-17
-142.0;-20;-831.0;-909.0;-1075.0;20;-20
-121.0;-7;-836.0;-1113.0;-1084.0;7;-21
-107.0;33;-868.0;-1038.0;?;-33;-17
-129.0;-6;-856.0;-901.0;-968.0;6;-17
-151.0;-31;-869.0;-1000.0;-958.0;31;-20
-122.0;?;-865.0;-946.0;-915.0;0;-22
-112.0;0;-866.0;-1005.0;-949.0;0;-21
-130.0;5;?;-1074.0;-980.0;-5;-21
-127.0;12;-880.0;-1069.0;-1007.0;-12;?
-165.0;8;-881.0;-1051.0;?;-8;-21
-162.0;-8;-873.0;-981.0;?;8;-23
-154.0;-34;-860.0;-907.0;-1018.0;34;-27
-144.0;-26;-872.0;-937.0;?;26;-21
-127.0;-10;-915.0;-999.0;-1080.0;10;-21
-147.0;?;-859.0;-950.0;?;-16;-20
-167.0;14;-851.0;-1003.0;-1040.0;-14;-18
-151.0;-1;-868.0;-1005.0;?;?;-22
-168.0;-1;-896.0;-989.0;-1004.0;1;-21
-131.0;-22;-890.0;-972.0;-988.0;22;-21
-93.0;5;-882.0;-919.0;-947.0;-5;-21
-116.0;22;-896.0;-924.0;-845.0;-22;-14
-142.0;-13;-893.0;-939.0;-851.0;13;-23
-121.0;-8;-855.0;-950.0;-716.0;?;-26
-112.0;-11;-852.0;-960.0;-666.0;11;-19
-134.0;-18;-877.0;-956.0;?;18;-25
-128.0;19;-910.0;-994.0;-802.0;-19;-22
-124.0;-1;-922.0;-1013.0;?;1;-17
-129.0;-21;-924.0;-1005.0;-1052.0;21;-22
-101.0;-1;?;-968.0;-1235.0;1;-19
-111.0;-22;-932.0;-898.0;-1172.0;22;-21
-115.0;-1;-885.0;-907.0;-1138.0;1;?
-86.0;21;-889.0;-915.0;-1074.0;-21;?
-85.0;-9;-891.0;-924.0;-1130.0;9;-21
-100.0;-22;?;-945.0;-1124.0;22;-20
-95.0;3;-891.0;-951.0;-1108.0;-3;-23
-81.0;21;?;-1003.0;?;?;-22
?;12;-902.0;-1026.0;?;?;-13
-110.0;8;-916.0;-1042.0;-965.0;-8;-19
-101.0;-15;-916.0;-1041.0;-975.0;?;-22
-82.0;-16;-896.0;?;-942.0;16;-20
-86.0;10;-915.0;-994.0;-1012.0;-10;-25
-51.0;?;-916.0;-958.0;-989.0;9;-21
-71.0;-10;-911.0;-972.0;-992.0;10;-19
-25.0;15;?;-993.0;-977.0;-15;-18
-48.0;-2;-929.0;-998.0;-1012.0;2;-20
-54.0;-11;-925.0;?;-1028.0;11;-20
-59.0;-13;-935.0;-1014.0;-975.0;13;?
-16.0;-24;-926.0;-957.0;-940.0;24;-24
-24.0;2;-924.0;-975.0;-964.0;-2;-30
-17.0;13;-918.0;-1002.0;-953.0;-13;-30
-37.0;10;-930.0;?;-984.0;?;-48
-134.0;10;-904.0;?;?;?;?
-84.0;?;?;-946.0;-1023.0;-60;-28
-128.0;203;-913.0;-964.0;-986.0;-203;-48
-102.0;126;-924.0;-984.0;-983.0;-126;-41
-116.0;?;-943.0;-1010.0;-924.0;?;-84
-203.0;-253;-961.0;-988.0;-951.0;253;69
-176.0;132;-950.0;-1037.0;-979.0;-132;78
-161.0;462;-931.0;-1057.0;-970.0;-462;-146
-131.0;637;-935.0;-1027.0;-965.0;-637;?
-150.0;722;-929.0;-1002.0;-1041.0;?;97
-185.0;574;-923.0;-984.0;-1030.0;?;6
-187.0;449;-933.0;-977.0;-960.0;-449;-40
?;252;-976.0;-1032.0;-941.0;-252;-98
-154.0;?;-1000.0;-1097.0;-992.0;302;-8
-188.0;-498;-913.0;-1013.0;-955.0;498;41
-221.0;-458;?;-899.0;-839.0;458;-84
-215.0;-890;-800.0;?;-875.0;890;-221
-228.0;-913;?;-861.0;-926.0;913;134
-269.0;-850;-938.0;-972.0;-1019.0;850;113
-294.0;-1420;-952.0;-1063.0;-1106.0;1420;21
-273.0;-843;-921.0;?;-1092.0;?;387
-311.0;172;-903.0;-1083.0;-1039.0;-172;148
?;?;-881.0;-1130.0;-998.0;222;510
-360.0;?;-880.0;-1005.0;?;-697;-1616
-368.0;?;-888.0;-1020.0;-1107.0;?;-2470
?;-212;-902.0;-995.0;-1111.0;212;1060
-107.0;-164;?;-1046.0;-1055.0;164;?
-67.0;285;-845.0;-1039.0;-1076.0;?;-531
106.0;-67;-827.0;-1027.0;-1055.0;?;249
155.0;100;-848.0;-1061.0;-998.0;-100;-183
114.0;56;?;-1076.0;-930.0;-56;-10
151.0;126;-807.0;-1102.0;-920.0;?;10
113.0;183;?;-1096.0;-948.0;-183;-51
115.0;88;-862.0;-1074.0;-1042.0;-88;18
7.0;49;-891.0;-1102.0;-1131.0;-49;-38
37.0;29;-885.0;-1061.0;-1105.0;?;?
?;5;-878.0;-1020.0;?;-5;-23
-86.0;-52;-1022.0;-1087.0;-1152.0;52;-18
-102.0;-45;-1059.0;-1175.0;-1059.0;45;-23
4.0;-27;-964.0;-1198.0;-852.0;27;-31
-33.0;-46;-1177.0;-1275.0;-814.0;46;-20
-43.0;-39;-1245.0;-1280.0;-925.0;39;-22
23.0;-23;-1204.0;-1308.0;-841.0;23;-23
?;10;?;-1284.0;-781.0;-10;-13
30.0;?;-905.0;-998.0;-678.0;-53;-18
52.0;?;-748.0;-729.0;?;48;?
52.0;88;-696.0;-654.0;-533.0;-88;-15
-2.0;37;?;-630.0;-573.0;?;-15
-17.0;114;-884.0;-682.0;-626.0;-114;-14
-43.0;508;-981.0;-816.0;-750.0;-508;-57
-76.0;1069;-1028.0;?;-780.0;-1069;41
-407.0;3465;-966.0;-1078.0;-719.0;-3465;29
98.0;4544;?;-1079.0;-855.0;-4544;-677
-91.0;4273;-942.0;-1058.0;?;-4273;-922
-170.0;4060;?;-955.0;-808.0;-4060;-619
-442.0;946;-900.0;-878.0;?;-946;-754
-294.0;-311;-903.0;-852.0;-797.0;?;-707
-223.0;994;-896.0;-861.0;-861.0;-994;-946
-245.0;-794;-901.0;-840.0;-809.0;794;-319
?;-2845;-889.0;-914.0;-810.0;2845;727
-220.0;-2395;-917.0;-997.0;-802.0;2395;285
-232.0;-2281;-923.0;-1021.0;-804.0;?;186
-242.0;-1791;-969.0;-1057.0;-833.0;?;413
-164.0;-128;-1135.0;-1110.0;-993.0;128;213
-136.0;-1100;-991.0;-1051.0;?;1100;-55
-138.0;-3121;-962.0;-898.0;-1059.0;3121;-128
-112.0;-2400;-792.0;-704.0;-885.0;?;?
-103.0;-1133;?;-619.0;-880.0;1133;218
-61.0;-712;-858.0;-763.0;-957.0;712;-130
-135.0;-252;-944.0;-886.0;-1006.0;252;-210
-154.0;-78;-957.0;-979.0;?;?;-117
-77.0;-167;-964.0;-958.0;?;167;-76
-96.0;221;-926.0;-937.0;-932.0;-221;105
-87.0;980;-900.0;-912.0;-888.0;-980;?
-112.0;1341;-902.0;?;-854.0;-1341;1
-105.0;1990;-901.0;-972.0;?;?;109
?;?;-887.0;-974.0;-836.0;-1599;-327
-256.0;1074;-915.0;-936.0;-844.0;-1074;-216
-289.0;963;-853.0;-907.0;-854.0;-963;324
-257.0;-611;-843.0;-896.0;-846.0;611;-1003
-280.0;-902;?;-855.0;-835.0;902;-580
-332.0;?;-826.0;-826.0;-861.0;2351;42
-306.0;-2790;-824.0;-841.0;-876.0;2790;?
-251.0;214;-855.0;-797.0;-859.0;-214;313
-256.0;195;-852.0;-830.0;-936.0;-195;87
-185.0;-329;-863.0;-830.0;-944.0;329;-146
-228.0;81;-875.0;-857.0;-996.0;-81;81
131.0;-182;-911.0;-931.0;-1018.0;182;-67
76.0;-71;-994.0;-1046.0;-1093.0;71;-13
108.0;-138;-1033.0;-1039.0;-1168.0;138;-28
19.0;-131;-1004.0;-941.0;?;131;-24
-25.0;-57;-963.0;-956.0;?;?;5
-28.0;-69;-974.0;?;-1146.0;69;-3
120.0;35;-951.0;-841.0;-1129.0;-35;-15
76.0;131;-897.0;-820.0;-1074.0;-131;-18
3.0;131;-827.0;-777.0;?;-131;-21
-18.0;132;-906.0;-726.0;-963.0;-132;-23
-23.0;100;-1017.0;?;-824.0;-100;-18
?;84;-863.0;-972.0;-535.0;-84;-36
-33.0;?;-835.0;-1083.0;-646.0;-78;-24
-14.0;52;-935.0;-1025.0;-709.0;-52;-8
30.0;54;-923.0;-925.0;-664.0;-54;-24
-78.0;36;-932.0;-985.0;-596.0;-36;-16
-141.0;29;?;?;-719.0;-29;?
?;-12;-852.0;-973.0;-756.0;12;?
-122.0;-67;-857.0;-923.0;-795.0;67;-14
-207.0;-40;-875.0;?;-839.0;40;-14
-187.0;-64;-866.0;-1056.0;-851.0;64;4
-154.0;-85;-815.0;?;-774.0;85;-17
?;-8;-768.0;-1008.0;-727.0;8;-33
?;-107;-760.0;-1040.0;-760.0;107;7
-203.0;-179;-762.0;-917.0;-785.0;179;?
-208.0;-38;-753.0;-881.0;-717.0;38;-36
?;10;?;-882.0;-742.0;-10;6
-173.0;38;?;-881.0;-783.0;-38;20
-181.0;57;-807.0;-829.0;-751.0;-57;?
-182.0;-33;-814.0;-815.0;-779.0;33;-39
-192.0;-60;-825.0;-816.0;-839.0;60;-4
?;6;-854.0;-801.0;-836.0;-6;-40
-162.0;51;-862.0;-736.0;?;-51;-71
-161.0;59;-900.0;?;-966.0;-59;-24
-148.0;33;-861.0;-625.0;?;-33;-24
-147.0;18;-849.0;-657.0;-829.0;-18;?
?;21;-868.0;-674.0;-878.0;-21;-37
-139.0;24;-844.0;-692.0;-879.0;-24;-39
-114.0;105;-820.0;-683.0;-815.0;-105;-31
-141.0;214;-813.0;-638.0;-852.0;-214;?
-152.0;231;-825.0;-630.0;-894.0;-231;-33
-147.0;?;-839.0;-614.0;-868.0;-233;-31
-99.0;222;-850.0;-620.0;-880.0;-222;-31
-132.0;221;-854.0;-642.0;-901.0;-221;-23
-63.0;295;-835.0;-618.0;-847.0;?;-21
-67.0;339;-827.0;-577.0;-842.0;-339;-15
-52.0;364;?;-591.0;-862.0;-364;-9
-62.0;303;-836.0;-579.0;-853.0;-303;-16
-70.0;171;-856.0;-578.0;-851.0;?;-20
-74.0;130;-876.0;-545.0;-863.0;-130;-12
-76.0;113;-900.0;-563.0;-882.0;-113;-11
-59.0;98;?;-509.0;-883.0;-98;-21
-40.0;92;-974.0;-524.0;-890.0;-92;-22
-19.0;57;-933.0;-455.0;-815.0;-57;-18
-12.0;?;-1027.0;-566.0;-1035.0;?;-17
1.0;-1;-1085.0;-630.0;?;1;-15
6.0;26;-961.0;-617.0;-962.0;-26;-17
9.0;?;-912.0;?;-862.0;-37;?
24.0;13;-930.0;-522.0;?;-13;-17
31.0;?;-1080.0;-521.0;-937.0;26;-20
37.0;-30;?;-492.0;-985.0;30;-20
41.0;-2;-1018.0;-515.0;-1039.0;2;-20
30.0;-16;-1001.0;-511.0;-1038.0;16;-23
0.0;-27;-966.0;?;?;27;-23
?;13;-970.0;-432.0;-933.0;-13;-26
50.0;10;-888.0;?;-882.0;?;?
42.0;-25;-978.0;-444.0;?;25;-20
28.0;-14;-942.0;-444.0;-932.0;14;-23
26.0;7;-973.0;-462.0;-908.0;-7;?
?;14;-988.0;-424.0;-904.0;-14;-20
39.0;-10;-986.0;-486.0;-880.0;10;-22
56.0;-58;?;-537.0;-840.0;58;-19
42.0;-51;-970.0;-508.0;-830.0;51;-19
47.0;-5;-967.0;-517.0;?;5;-25
45.0;19;-958.0;-486.0;-864.0;-19;-25
39.0;?;-968.0;-457.0;-888.0;-23;-20
33.0;9;-959.0;-414.0;-815.0;-9;-22
29.0;-36;-961.0;-399.0;-833.0;36;-22
-31.0;?;-961.0;-377.0;-838.0;31;-19
?;-20;-953.0;-338.0;-834.0;20;?
-71.0;-54;?;-377.0;-841.0;54;-27
-27.0;8;-957.0;-348.0;-855.0;-8;-28
-58.0;16;-957.0;-339.0;-866.0;-16;-23
-61.0;-25;-946.0;-355.0;?;25;-17
-69.0;?;-904.0;-328.0;?;2;-17
-25.0;-48;-944.0;-356.0;-791.0;48;-19
?;-64;-953.0;-379.0;-808.0;64;-23
-45.0;-52;-948.0;-469.0;-843.0;52;-25
-33.0;-49;-961.0;-522.0;?;49;-23
-69.0;1;?;-588.0;-947.0;?;-22
-75.0;20;?;-556.0;-964.0;-20;-19
-90.0;10;-964.0;-671.0;-927.0;-10;?
?;11;-934.0;-591.0;?;-11;-25
-82.0;0;-940.0;-662.0;-872.0;0;-23
-81.0;-16;-960.0;-657.0;-844.0;16;-19
-52.0;7;-941.0;-740.0;-865.0;-7;-19
-31.0;32;-945.0;-726.0;-918.0;-32;?
-64.0;?;-943.0;-707.0;-934.0;-14;-18
-55.0;6;-933.0;-731.0;-930.0;-6;?
-43.0;17;-938.0;-686.0;-930.0;-17;-22
-47.0;18;-928.0;-662.0;-883.0;-18;-19
-47.0;-8;-935.0;-641.0;-888.0;8;-17
-53.0;-23;-933.0;-576.0;-931.0;?;-18
-17.0;12;-940.0;-551.0;-948.0;?;-22
-3.0;38;-936.0;-523.0;-934.0;-38;-22
-11.0;47;-937.0;-475.0;-975.0;-47;-20
-23.0;34;-937.0;-481.0;-959.0;-34;?
-19.0;22;?;-433.0;-935.0;-22;-18
-20.0;32;-942.0;-444.0;-941.0;-32;-23
-28.0;-11;-941.0;?;-955.0;11;-18
-22.0;-29;-928.0;?;-925.0;29;-19
-10.0;9;-926.0;-393.0;-897.0;-9;-21
-10.0;-1;-926.0;-445.0;-928.0;1;-20
10.0;-22;-945.0;-509.0;-973.0;22;-23
-16.0;7;?;-511.0;-960.0;-7;-18
-23.0;8;-927.0;-548.0;-940.0;-8;-19
-2.0;-18;-923.0;-566.0;-902.0;18;-23
-24.0;6;-922.0;-588.0;-906.0;-6;-23
-19.0;19;-935.0;-630.0;-901.0;-19;-23
-14.0;11;-926.0;-578.0;-898.0;-11;-21
10.0;21;-920.0;?;?;-21;-22
-2.0;-4;-924.0;-608.0;?;4;-24
-4.0;-17;-931.0;-625.0;-943.0;17;-22
33.0;-8;-935.0;-660.0;-940.0;8;-25
-9.0;3;-928.0;-602.0;-927.0;-3;-24
?;?;-923.0;-622.0;-925.0;-8;-15
8.0;-19;-931.0;-602.0;-912.0;19;-18
?;-21;-928.0;-596.0;-908.0;21;-23
0.0;1;-931.0;-601.0;-917.0;-1;-21
1.0;-7;-928.0;?;-917.0;7;-20
-2.0;4;-931.0;-561.0;-895.0;-4;-19
-11.0;-4;-931.0;?;-896.0;?;-21
?;-44;?;-583.0;-910.0;44;?
16.0;-14;-926.0;-566.0;?;14;-21
-2.0;-1;-931.0;-583.0;-921.0;1;-24
0.0;-14;?;-579.0;-917.0;14;-24
-3.0;3;-930.0;-588.0;-912.0;-3;-17
-20.0;10;-932.0;-612.0;-913.0;-10;-19
-10.0;12;-934.0;-607.0;-921.0;-12;-17
?;-21;-935.0;-611.0;-913.0;21;-17
-7.0;-27;-933.0;-596.0;-909.0;27;-25
?;?;-933.0;-585.0;-910.0;-32;-20
-9.0;5;-932.0;?;-917.0;-5;-14
-20.0;-45;-933.0;-593.0;-926.0;45;?
-10.0;9;-934.0;-585.0;-924.0;-9;-22
-11.0;22;?;-584.0;-924.0;-22;-18
-19.0;2;?;?;-919.0;-2;-22
4.0;14;-934.0;-606.0;?;-14;-22
6.0;8;-930.0;?;?;-8;-23
-14.0;9;-934.0;-591.0;-933.0;-9;-23
-4.0;50;-933.0;-591.0;-927.0;-50;-23
-5.0;100;-931.0;-578.0;-917.0;-100;-26
-7.0;67;-930.0;?;-916.0;-67;-10
2.0;25;-930.0;-605.0;-920.0;-25;-12
-5.0;31;-932.0;-579.0;-919.0;-31;-20
-19.0;11;-935.0;-576.0;-928.0;-11;-11
-19.0;?;-932.0;-561.0;-918.0;-22;-22
-29.0;?;-928.0;-562.0;-929.0;?;-16
-37.0;46;?;-572.0;-927.0;-46;?
-52.0;25;-931.0;-590.0;-942.0;-25;-20
-1.0;22;-931.0;?;-935.0;-22;-19
-11.0;41;-930.0;-590.0;-934.0;-41;-19
-20.0;53;-931.0;?;-919.0;?;-19
-32.0;50;-939.0;-661.0;-894.0;-50;-18
?;32;-932.0;-651.0;-905.0;-32;?
-53.0;19;-936.0;-716.0;-950.0;-19;-22
-64.0;20;?;-755.0;-970.0;-20;-13
-40.0;11;-930.0;-738.0;-952.0;-11;-16
-85.0;3;-922.0;-757.0;-946.0;-3;-16
-93.0;-31;-931.0;-773.0;-957.0;31;-17
-72.0;-124;-933.0;-777.0;-979.0;124;-15
-76.0;-147;-933.0;-768.0;-936.0;147;-15
-90.0;-85;-956.0;-782.0;-912.0;85;-26
-73.0;-31;-939.0;-836.0;-892.0;?;-29
8.0;39;-958.0;-796.0;-804.0;?;-29
-27.0;41;-925.0;-806.0;-738.0;-41;-23
-11.0;-4;-960.0;-809.0;-703.0;4;-16
-10.0;18;-988.0;-809.0;-652.0;-18;?
-22.0;?;-1000.0;-837.0;-603.0;-8;-20
-38.0;-42;-1001.0;-861.0;-575.0;42;-19
-34.0;?;-979.0;-884.0;-582.0;30;-29
-47.0;-23;-979.0;-871.0;-547.0;23;-23
-35.0;-15;?;-881.0;-484.0;15;-20
?;-3;-997.0;?;-469.0;3;-27
-56.0;-23;-977.0;-902.0;-424.0;23;?
-43.0;-22;-957.0;?;-453.0;22;-20
?;-29;-948.0;?;-454.0;?;-24
-71.0;3;-990.0;?;-436.0;-3;?
?;20;-959.0;-857.0;-435.0;-20;-21
-54.0;25;-959.0;-824.0;-454.0;-25;-22
-40.0;21;-957.0;?;-406.0;-21;-18
-50.0;-28;-979.0;-849.0;-401.0;28;-14
?;?;-975.0;?;-405.0;?;-24
-71.0;66;-965.0;-899.0;-398.0;?;-22
?;-2;-959.0;-906.0;-409.0;2;-13
-80.0;?;-974.0;-903.0;-425.0;-36;-18
-47.0;2;-977.0;-883.0;-421.0;-2;-20
-56.0;-32;-980.0;-877.0;?;?;-19
-60.0;17;-979.0;-868.0;-419.0;-17;?
-44.0;28;-961.0;-859.0;-440.0;?;-25
?;4;?;-861.0;-430.0;-4;-25
-60.0;?;-958.0;-866.0;-432.0;-12;-15
-43.0;1;-964.0;-874.0;-430.0;-1;-17
-38.0;-34;-980.0;-885.0;-414.0;34;?
-54.0;-13;-960.0;-879.0;?;13;-17
-57.0;-3;-959.0;-889.0;-412.0;3;-21
-47.0;-12;-986.0;-895.0;?;12;-25
-70.0;-1;-978.0;-893.0;-438.0;1;-22
-53.0;-20;-982.0;-891.0;-443.0;20;-19
?;-29;-982.0;?;-436.0;29;-23
-31.0;-11;-971.0;-869.0;-429.0;11;-22
-39.0;-20;-967.0;-874.0;?;20;-21
-32.0;-19;-981.0;-886.0;-405.0;?;-23
-35.0;-1;-979.0;-881.0;-433.0;1;-26
-24.0;?;-979.0;-889.0;-437.0;1;-26
-37.0;8;-977.0;-899.0;-425.0;-8;-17
?;2;-976.0;-898.0;-429.0;-2;?
-16.0;-22;-973.0;-890.0;-425.0;?;-20
-18.0;-19;-973.0;-887.0;-424.0;19;-20
-30.0;0;-980.0;-887.0;-428.0;0;-19
-8.0;10;-977.0;-889.0;-424.0;-10;-17
-20.0;9;-972.0;-888.0;?;-9;-23
-5.0;12;-981.0;-883.0;?;?;?
-6.0;3;-979.0;-894.0;?;-3;-21
-21.0;-15;-975.0;-900.0;-425.0;15;-23
-10.0;-12;-978.0;-892.0;-431.0;12;-19
-30.0;-11;-974.0;-886.0;-435.0;11;-20
?;-15;-976.0;-885.0;-431.0;15;-26
-40.0;-7;-979.0;-888.0;-428.0;7;-22
?;-21;-975.0;-881.0;-434.0;21;-21
-4.0;-33;-977.0;-884.0;-432.0;33;-23
-22.0;-12;-979.0;-889.0;-430.0;12;-20
-1.0;-2;-966.0;?;-429.0;2;-19
-12.0;11;-969.0;-887.0;?;-11;-17
-36.0;28;-979.0;-884.0;?;-28;-21
?;?;-971.0;-891.0;-426.0;-11;-26
-20.0;-1;-980.0;?;-428.0;1;-24
-36.0;-1;-977.0;-895.0;-434.0;?;-25
-18.0;-12;-975.0;-890.0;-427.0;?;?
-39.0;-3;-977.0;-888.0;-429.0;3;-20
-22.0;-8;-982.0;-902.0;-423.0;8;-19
-39.0;-7;-982.0;-895.0;-429.0;7;-19
-20.0;10;-978.0;-887.0;-439.0;-10;-21
-11.0;-1;-974.0;-883.0;-439.0;?;-19
-8.0;7;-977.0;-883.0;-431.0;-7;-20
-3.0;9;-977.0;-895.0;-435.0;-9;-17
-23.0;18;?;-889.0;-438.0;-18;-19
-19.0;13;-986.0;-880.0;-441.0;?;-23
-39.0;-25;-975.0;-893.0;?;25;-20
-26.0;-15;-979.0;-882.0;-442.0;15;-22
-12.0;9;-984.0;-886.0;-449.0;-9;-25
-23.0;-4;-981.0;-881.0;-442.0;?;-21
-13.0;-42;?;-885.0;-437.0;42;-20
-8.0;-36;-978.0;-894.0;-432.0;?;-20
-19.0;-13;-981.0;?;-431.0;13;-20
-12.0;-23;-970.0;-903.0;-436.0;23;-23
-10.0;8;-984.0;?;-439.0;-8;?
-1.0;29;-991.0;-893.0;-454.0;-29;-24
-10.0;11;-981.0;-894.0;-454.0;-11;-22
-20.0;-6;-984.0;-894.0;-452.0;?;?
?;-11;?;-890.0;?;11;-25
-12.0;8;-984.0;-888.0;-442.0;-8;-18
-4.0;10;-980.0;?;-447.0;-10;-24
10.0;12;-980.0;-890.0;-447.0;-12;?
13.0;3;-981.0;-894.0;-442.0;-3;-22
2.0;?;-975.0;-891.0;-445.0;-3;-24
?;20;-975.0;-890.0;-449.0;-20;-22
?;-6;-979.0;-886.0;-456.0;6;-16
10.0;-19;-967.0;-886.0;-457.0;19;?
-14.0;1;?;-889.0;?;-1;-23
8.0;14;-973.0;-886.0;-457.0;-14;-23
?;?;-970.0;-897.0;?;-22;-26
6.0;21;-980.0;-895.0;-452.0;-21;-26
29.0;12;-977.0;-903.0;-473.0;-12;-20
40.0;6;-986.0;-906.0;-465.0;-6;-20
10.0;22;-984.0;-893.0;-494.0;-22;-22
?;?;-995.0;-897.0;-512.0;-33;-21
11.0;33;-976.0;-933.0;-505.0;-33;-20
7.0;42;-1008.0;-890.0;-542.0;-42;-21
22.0;52;-983.0;-878.0;-562.0;-52;-22
54.0;52;-986.0;-884.0;-554.0;-52;-24
53.0;25;-986.0;-868.0;-579.0;-25;-22
40.0;30;-969.0;-855.0;-597.0;-30;-10
28.0;52;-981.0;-824.0;-647.0;-52;-10
4.0;?;-980.0;-802.0;-672.0;-22;-26
42.0;16;-983.0;-785.0;-709.0;-16;-24
-15.0;40;-972.0;-791.0;-711.0;-40;-17
5.0;71;?;-806.0;-730.0;-71;-15
1.0;87;-970.0;-784.0;?;-87;-17
3.0;73;-966.0;-813.0;-727.0;-73;?
61.0;55;-971.0;-777.0;-801.0;?;-21
40.0;27;-963.0;-760.0;-803.0;?;-22
?;13;-958.0;-807.0;-846.0;-13;-23
?;8;-967.0;-795.0;?;-8;-20
48.0;35;-959.0;-808.0;?;-35;-19
57.0;89;-947.0;-774.0;-904.0;-89;-20
54.0;80;-952.0;-758.0;-918.0;-80;-19
79.0;?;-967.0;-750.0;-905.0;-38;-19
75.0;26;-953.0;-705.0;?;-26;-19
77.0;?;-932.0;-667.0;?;-12;-20
77.0;-6;-931.0;-609.0;-841.0;6;-22
60.0;-24;-932.0;-598.0;-891.0;24;?
38.0;-16;-933.0;-614.0;-913.0;16;-26
?;18;-904.0;-575.0;-909.0;-18;?
64.0;8;-925.0;-564.0;-887.0;-8;-20
?;?;-917.0;-560.0;?;-3;-21
52.0;22;-913.0;-552.0;-887.0;-22;-18
61.0;-3;?;-532.0;-859.0;?;-18
70.0;-14;-912.0;-528.0;-846.0;14;-19
51.0;?;-919.0;-522.0;-830.0;12;-22
64.0;-40;?;-506.0;-834.0;40;-22
70.0;6;-927.0;-530.0;-835.0;-6;-23
55.0;23;-920.0;-535.0;-840.0;-23;-23
58.0;-23;-919.0;-538.0;-813.0;23;-22
67.0;14;-913.0;-532.0;-793.0;-14;-24
38.0;10;-916.0;-550.0;-786.0;-10;-21
24.0;2;-919.0;-564.0;-816.0;-2;-22
27.0;23;-919.0;-575.0;-816.0;-23;-23
66.0;-8;-917.0;-555.0;-819.0;8;-21
57.0;-23;-913.0;-554.0;-814.0;23;-22
?;-32;-914.0;-562.0;-827.0;32;-22
52.0;-31;-918.0;-560.0;?;?;-20
31.0;-11;-917.0;-560.0;-819.0;11;-21
40.0;0;-918.0;-555.0;-819.0;0;-16
61.0;?;-923.0;-557.0;-849.0;16;-16
51.0;-24;?;-604.0;-870.0;24;-21
49.0;13;-917.0;?;-876.0;-13;-21
41.0;25;-918.0;-578.0;-872.0;-25;-20
51.0;?;-918.0;?;-852.0;-18;-13
36.0;21;-918.0;-606.0;-843.0;-21;-16
51.0;8;-919.0;-589.0;-850.0;-8;-26
86.0;19;-919.0;-561.0;-853.0;-19;-20
82.0;30;-923.0;-607.0;?;-30;?
?;?;-920.0;-613.0;-879.0;?;-27
45.0;-9;?;-592.0;-846.0;9;-24
65.0;8;-918.0;-595.0;-861.0;-8;?
32.0;-13;-918.0;-589.0;-847.0;13;-27
80.0;-12;-920.0;-568.0;-832.0;12;-27
94.0;-17;-919.0;-563.0;-831.0;17;-28
71.0;8;-920.0;?;-821.0;-8;-22
71.0;-8;-921.0;-584.0;-836.0;8;-19
81.0;-13;-880.0;-571.0;-858.0;13;-22
83.0;44;-841.0;-569.0;-863.0;?;-17
74.0;7;?;?;-867.0;-7;?
68.0;-29;-1056.0;-561.0;?;29;-22
92.0;-5;-1143.0;-581.0;-875.0;5;-23
97.0;-8;-1016.0;-563.0;-879.0;?;-21
92.0;-26;-954.0;-529.0;-852.0;26;-20
108.0;?;-935.0;-528.0;?;10;-20
79.0;11;-960.0;-546.0;-879.0;-11;-24
82.0;-4;-947.0;-516.0;?;4;-24
?;17;-940.0;-502.0;-853.0;-17;-20
108.0;7;-958.0;-525.0;-859.0;-7;?
95.0;-9;-960.0;-526.0;-865.0;9;-17
108.0;21;-941.0;-520.0;-887.0;-21;-19
102.0;12;-955.0;-548.0;-863.0;-12;?
101.0;13;-968.0;-539.0;-863.0;-13;-16
121.0;-11;-968.0;?;-842.0;11;-16
106.0;-13;-963.0;-541.0;?;?;-15
?;24;-964.0;-555.0;-860.0;-24;?
93.0;10;-954.0;-552.0;-867.0;-10;-29
74.0;25;-949.0;-548.0;-864.0;-25;-20
89.0;40;-952.0;-569.0;-847.0;-40;-20
62.0;16;?;-572.0;-862.0;-16;-23
65.0;8;?;-562.0;-837.0;-8;-21
83.0;-4;-974.0;-577.0;-806.0;4;-21
?;9;-962.0;-589.0;-815.0;-9;-23
97.0;?;-950.0;-601.0;-837.0;-44;-19
96.0;-1;-965.0;-584.0;-843.0;1;-13
75.0;-63;?;-597.0;?;?;-19
45.0;?;-959.0;-571.0;-850.0;82;-26
20.0;-88;-961.0;-587.0;-858.0;88;-24
40.0;-88;?;-592.0;-895.0;88;-24
39.0;-107;-952.0;-601.0;-860.0;107;-22
29.0;?;-960.0;-563.0;-845.0;102;-20
5.0;-74;-973.0;-559.0;?;?;-24
-12.0;-43;-981.0;-561.0;-800.0;43;-24
-44.0;3;-961.0;-543.0;-747.0;?;-21
-52.0;11;-966.0;-538.0;-711.0;-11;-21
-29.0;11;-972.0;-533.0;-666.0;-11;-20
-39.0;37;-977.0;-514.0;-639.0;?;-18
10.0;-23;-980.0;-519.0;-614.0;23;-22
41.0;-63;-989.0;-520.0;-672.0;63;-24
27.0;4;-980.0;-568.0;-650.0;-4;-21
5.0;3;?;-609.0;-688.0;-3;-22
-10.0;-27;-1032.0;-626.0;-615.0;27;-19
-9.0;7;-939.0;-650.0;-525.0;-7;-18
-20.0;43;-906.0;-659.0;-465.0;-43;-21
?;19;-947.0;-655.0;?;-19;-19
0.0;-12;-960.0;-648.0;-583.0;12;-20
-14.0;-2;-979.0;-657.0;-615.0;2;-24
-22.0;-15;-994.0;-662.0;-696.0;15;-19
21.0;-29;-964.0;-642.0;-676.0;29;?
-4.0;-19;-962.0;-644.0;-625.0;19;?
-2.0;-26;-975.0;-662.0;?;26;-18
-27.0;-22;-978.0;-684.0;-627.0;22;?
-11.0;?;-989.0;-694.0;-624.0;?;-18
-18.0;-38;-984.0;-718.0;-603.0;38;-24
-10.0;-8;-977.0;?;-605.0;8;-22
10.0;5;-971.0;-751.0;-607.0;-5;-18
4.0;-27;-984.0;-777.0;-617.0;27;-29
-9.0;0;-992.0;-761.0;-623.0;0;-29
-10.0;15;-973.0;-749.0;-633.0;-15;-17
?;-20;-987.0;-734.0;-629.0;20;-18
?;-5;-990.0;-769.0;-637.0;5;-21
-10.0;29;-982.0;-784.0;?;-29;-21
0.0;15;?;-818.0;-648.0;-15;-20
2.0;-12;-980.0;-855.0;-636.0;12;-19
7.0;-15;-979.0;-818.0;-601.0;15;-25
4.0;0;-982.0;-843.0;-628.0;0;-19
-2.0;-13;-983.0;-881.0;-634.0;13;-12
-48.0;-23;-972.0;-862.0;-629.0;23;-14
-9.0;-26;-966.0;-871.0;-646.0;26;-18
-6.0;-34;-965.0;-842.0;-690.0;?;?
-7.0;-6;-975.0;-798.0;-708.0;6;-25
-25.0;-6;-969.0;-744.0;?;?;-17
?;-8;-979.0;-740.0;-700.0;8;-18
-20.0;-4;-983.0;-764.0;?;4;-21
-12.0;-23;-959.0;-843.0;-718.0;23;-18
?;?;?;-874.0;-691.0;-17;-21
-2.0;35;-1006.0;-926.0;-689.0;-35;-22
?;-31;-970.0;-970.0;-663.0;31;-17
21.0;-30;-975.0;-972.0;-627.0;30;?
17.0;?;-984.0;-1000.0;-637.0;-4;-19
2.0;-1;-961.0;-955.0;-598.0;1;-22
22.0;9;-974.0;-993.0;-562.0;-9;-22
2.0;-6;-985.0;-944.0;-579.0;?;-17
4.0;-10;-979.0;?;-607.0;10;-24
-9.0;5;-968.0;-943.0;-574.0;-5;-22
6.0;13;-983.0;-910.0;-586.0;-13;?
12.0;8;-977.0;-949.0;-576.0;-8;-25
0.0;-12;-976.0;-948.0;-563.0;?;-22
22.0;6;-967.0;-937.0;-567.0;-6;-21
?;3;-975.0;?;-574.0;-3;-21
37.0;4;-973.0;-975.0;-565.0;-4;-18
32.0;6;-967.0;-941.0;-580.0;-6;-20
20.0;-11;?;-924.0;-554.0;11;-24
?;8;-966.0;-898.0;-532.0;-8;-22
11.0;-11;-964.0;-919.0;-520.0;11;-16
19.0;-25;-961.0;-953.0;?;25;-21
25.0;-6;-969.0;-953.0;-482.0;6;-23
35.0;-15;?;-953.0;-453.0;15;-17
25.0;-11;-970.0;-952.0;-456.0;11;-22
33.0;0;-970.0;-958.0;-447.0;0;?
6.0;-10;-974.0;-959.0;-430.0;10;-21
6.0;-12;-973.0;-968.0;?;12;-21
5.0;?;-970.0;?;-436.0;9;-21
3.0;17;-943.0;-952.0;-425.0;-17;-20
13.0;21;-972.0;-942.0;-432.0;-21;-21
9.0;-20;-969.0;-949.0;-426.0;?;-22
-4.0;-6;-971.0;?;-418.0;6;-20
11.0;-10;-965.0;?;-412.0;10;-17
0.0;3;-964.0;-934.0;-418.0;-3;-21
10.0;43;-969.0;-917.0;-403.0;-43;-24
21.0;1;-969.0;-914.0;-403.0;?;?
29.0;-25;-954.0;-931.0;?;25;-18
8.0;-15;-973.0;-943.0;-394.0;?;-25
16.0;0;-976.0;-959.0;-414.0;0;-22
46.0;26;-968.0;-943.0;-436.0;-26;-18
26.0;-8;-961.0;-930.0;-425.0;8;-22
-3.0;-4;-963.0;?;-429.0;?;-23
23.0;49;-968.0;-948.0;-416.0;-49;-22
29.0;-19;-967.0;-948.0;-416.0;19;-23
37.0;-27;-958.0;-949.0;-417.0;27;?
30.0;?;-971.0;-940.0;-412.0;-31;?
9.0;8;-971.0;-931.0;-400.0;-8;-24
11.0;19;-966.0;-932.0;?;-19;-22
16.0;17;-963.0;-924.0;-404.0;-17;-19
40.0;-1;-974.0;-933.0;-395.0;1;-22
11.0;-3;-963.0;?;-403.0;3;-23
20.0;-14;-970.0;-940.0;-404.0;14;-22
21.0;-12;-978.0;-940.0;-402.0;?;-20
41.0;-12;-962.0;-940.0;-407.0;?;-18
11.0;-12;-963.0;-950.0;-403.0;?;-22
9.0;-16;-972.0;?;-413.0;16;-21
44.0;-27;-968.0;-939.0;-419.0;27;-21
22.0;-18;-966.0;-938.0;-410.0;18;-20
42.0;0;-968.0;-939.0;-411.0;0;-18
20.0;18;-962.0;-937.0;-414.0;-18;-24
27.0;24;-965.0;-943.0;-416.0;?;-22
36.0;-29;-971.0;-935.0;-409.0;29;-19
?;-38;-970.0;-930.0;-420.0;38;-24
27.0;-23;-964.0;-942.0;?;23;-23
50.0;-10;-968.0;-950.0;-414.0;10;-20
24.0;41;-987.0;-943.0;-427.0;?;-19
38.0;-9;-976.0;-936.0;-443.0;9;-20
30.0;-29;-968.0;-940.0;-447.0;29;-22
20.0;?;-975.0;-943.0;-463.0;-29;-23
19.0;?;-979.0;-932.0;-485.0;4;-22
20.0;-33;-971.0;?;-484.0;33;-17
?;3;-976.0;?;-490.0;-3;-18
8.0;5;-965.0;-935.0;-496.0;-5;-22
15.0;-37;-977.0;?;-500.0;37;-15
0.0;-19;-983.0;-940.0;-540.0;19;-17
16.0;-4;?;-959.0;-543.0;4;-24
23.0;-23;-977.0;-959.0;-544.0;23;-18
1.0;5;-964.0;-946.0;-525.0;-5;-20
-12.0;-5;-967.0;-958.0;-499.0;5;-25
-22.0;-34;-977.0;-961.0;-501.0;34;-23
-42.0;-12;-986.0;-967.0;?;12;?
-22.0;?;-979.0;?;?;1;-22
-29.0;-1;-982.0;-962.0;-530.0;?;-22
?;8;?;-964.0;-539.0;-8;-20
-40.0;12;-979.0;-963.0;-575.0;-12;?
-26.0;3;-993.0;-957.0;-615.0;-3;-18
-15.0;-20;-975.0;-949.0;-594.0;?;-16
-58.0;-20;-981.0;-943.0;-644.0;20;?
-58.0;9;-985.0;-943.0;-665.0;-9;-17
-63.0;-2;-992.0;-961.0;?;2;-17
-37.0;-27;-959.0;-953.0;-629.0;27;-20
-37.0;-7;?;-950.0;-578.0;7;-16
-32.0;?;-975.0;-943.0;-618.0;-13;-15
-48.0;10;-964.0;-945.0;-645.0;-10;-22
?;10;-951.0;-971.0;-675.0;-10;-23
-68.0;-4;?;-932.0;-669.0;4;-17
-51.0;?;-965.0;-923.0;-675.0;?;-17
-27.0;24;-973.0;-930.0;-668.0;-24;-18
-60.0;39;-953.0;?;-677.0;-39;-17
-51.0;9;-969.0;-933.0;-671.0;-9;-21
-71.0;9;-967.0;-941.0;-643.0;-9;-21
-49.0;16;?;-944.0;-655.0;-16;-21
-39.0;38;?;-942.0;?;?;-22
-42.0;?;-969.0;-950.0;-654.0;-30;-19
-35.0;-6;-979.0;?;-649.0;6;-21
-53.0;12;?;-952.0;?;?;-24
-42.0;24;-972.0;-951.0;-654.0;-24;-22
-32.0;-10;-982.0;-937.0;-642.0;10;-21
-43.0;-35;-960.0;-949.0;-685.0;35;-22
-39.0;-22;-972.0;?;-684.0;22;-21
-47.0;19;-984.0;-931.0;?;?;-20
?;20;-964.0;-919.0;-670.0;-20;-19
-53.0;-19;-977.0;-926.0;-700.0;19;-21
?;-6;-953.0;-933.0;-680.0;6;-20
-33.0;-12;?;-907.0;-692.0;12;-20
-64.0;-2;-883.0;-961.0;-619.0;2;-20
-74.0;-4;-1003.0;-925.0;?;?;?
-80.0;?;-988.0;-933.0;-902.0;30;-15
-69.0;-27;-970.0;-922.0;-1060.0;27;-15
-69.0;-7;-957.0;-917.0;-922.0;7;-22
-60.0;-13;-938.0;-939.0;?;?;-22
?;?;-941.0;-952.0;-905.0;23;-19
-88.0;?;-958.0;-947.0;-907.0;13;-19
-107.0;?;-967.0;?;-924.0;9;-22
-93.0;10;-966.0;-970.0;-934.0;-10;-25
?;3;?;-962.0;-925.0;-3;-23
?;-22;-947.0;-967.0;?;?;-22
-89.0;?;-951.0;?;-946.0;4;-23
-81.0;1;-953.0;-930.0;-945.0;-1;-22
-92.0;-4;-947.0;?;-931.0;4;-20
-88.0;-21;-951.0;-927.0;-927.0;21;-23
-73.0;?;-949.0;-928.0;-925.0;16;-20
-78.0;-2;-957.0;-952.0;-911.0;2;-19
-77.0;-31;-948.0;-965.0;-906.0;31;-24
-105.0;-11;-957.0;-952.0;?;11;-20
-82.0;-6;-951.0;?;-927.0;6;-21
-87.0;-25;-944.0;-927.0;-939.0;25;-28
-90.0;-9;-954.0;-950.0;-927.0;9;-26
-92.0;-23;-960.0;?;-926.0;23;-24
-83.0;-26;-961.0;-975.0;-913.0;26;-23
-86.0;-5;-962.0;-963.0;-906.0;5;-21
-100.0;0;-954.0;-962.0;-897.0;?;-19
-109.0;0;-954.0;-962.0;?;?;-16
?;-3;-958.0;-965.0;?;3;-18
?;-22;-953.0;-950.0;-912.0;22;-24
-101.0;-27;-951.0;-946.0;-923.0;?;-24
-102.0;1;-952.0;-947.0;-924.0;-1;-26
-112.0;13;-950.0;?;-921.0;-13;-21
-123.0;7;-951.0;-944.0;-917.0;-7;-13
-100.0;-16;-953.0;-945.0;-936.0;16;-19
-104.0;-13;-952.0;-948.0;-925.0;13;-23
-129.0;15;-952.0;-945.0;?;-15;-19
-109.0;-21;-946.0;?;-917.0;21;-23
-129.0;?;-947.0;-949.0;-911.0;-6;-23
-137.0;23;-951.0;-952.0;-912.0;-23;-19
-138.0;-37;-951.0;?;-919.0;37;-19
?;?;-945.0;-946.0;-935.0;15;-21
-154.0;1;-951.0;-946.0;?;-1;?
-126.0;-1;-948.0;-947.0;-939.0;1;-18
-129.0;-10;-949.0;-942.0;-947.0;10;-22
-142.0;-19;-951.0;-945.0;-936.0;19;-28
-132.0;25;-948.0;-946.0;-919.0;-25;?
-141.0;25;?;-944.0;-916.0;-25;-20
-145.0;-17;?;-953.0;-910.0;17;-18
-158.0;-18;?;-949.0;-926.0;18;-15
-131.0;-9;-954.0;-944.0;-935.0;9;-20
-162.0;-13;-959.0;-953.0;-928.0;13;-19
-171.0;-23;-953.0;?;-912.0;23;-18
-150.0;-24;?;?;-948.0;24;-24
-147.0;-10;-952.0;-944.0;-920.0;10;-21
-146.0;-24;-947.0;-950.0;?;24;-22
-152.0;-5;-955.0;?;-964.0;5;-20
-166.0;20;-943.0;-927.0;-920.0;-20;-16
-160.0;-25;-932.0;-931.0;-933.0;25;-23
-164.0;-37;?;-919.0;-921.0;37;-20
-152.0;-20;-943.0;-912.0;-915.0;20;-16
?;-33;-944.0;-921.0;-910.0;33;-22
-162.0;-24;-941.0;-916.0;-902.0;24;-23
-173.0;5;-943.0;-917.0;-894.0;-5;-20
-180.0;?;-941.0;-919.0;-915.0;-22;-22
-173.0;41;-931.0;-913.0;-901.0;-41;-21
-165.0;39;-931.0;-911.0;-893.0;-39;-12
-140.0;20;-933.0;-906.0;?;-20;-16
-140.0;?;-932.0;-903.0;-915.0;-5;-24
-127.0;1;-926.0;-899.0;-904.0;?;-19
-94.0;21;-934.0;-921.0;-911.0;-21;-21
-107.0;34;-935.0;-931.0;-874.0;-34;-26
-102.0;6;-923.0;-905.0;-872.0;-6;-17
-135.0;-26;-938.0;-902.0;-908.0;26;-16
-78.0;-16;-959.0;-890.0;-957.0;16;-27
-207.0;-13;-944.0;-894.0;-934.0;13;?
-106.0;-2;-927.0;-907.0;-906.0;2;-25
-137.0;48;-928.0;-929.0;-908.0;-48;-24
-184.0;45;?;-955.0;-961.0;-45;-19
-49.0;?;-953.0;-918.0;-959.0;-27;-15
-46.0;36;-964.0;?;-934.0;-36;-17
?;46;-964.0;-977.0;-942.0;-46;-21
-18.0;64;-958.0;-933.0;-877.0;-64;-18
-27.0;43;-950.0;-941.0;-791.0;-43;-16
9.0;21;-940.0;-921.0;-789.0;-21;-25
?;54;-929.0;-858.0;-868.0;-54;-25
57.0;?;?;-863.0;-935.0;-60;-19
24.0;43;?;-866.0;-1121.0;-43;-19
126.0;44;-988.0;-841.0;-1232.0;-44;-14
53.0;25;-916.0;-984.0;?;-25;-14
50.0;?;-1035.0;?;-1084.0;-22;?
39.0;14;-1059.0;-991.0;-926.0;?;-19
?;15;-918.0;-1069.0;-761.0;?;-21
43.0;31;-930.0;-1086.0;?;-31;-21
69.0;12;-953.0;-1069.0;-598.0;-12;-16
71.0;31;-969.0;-1076.0;-676.0;-31;-20
62.0;51;-970.0;-1048.0;-744.0;?;-23
60.0;35;-985.0;-1008.0;-697.0;-35;-21
79.0;32;-975.0;-971.0;-692.0;-32;-23
101.0;20;-962.0;-955.0;-704.0;-20;-21
88.0;-8;-977.0;-961.0;-719.0;8;-17
98.0;?;?;-967.0;-687.0;17;-25
137.0;1;-986.0;-993.0;-643.0;-1;-25
98.0;-13;-984.0;-1023.0;-627.0;13;-21
?;-33;-1009.0;-1063.0;-626.0;?;-25
124.0;-11;?;-1048.0;-672.0;11;?
?;?;-978.0;-1047.0;-666.0;17;-20
116.0;-39;-978.0;?;-631.0;39;-20
114.0;-6;-969.0;-992.0;-649.0;6;-23
94.0;31;-989.0;-964.0;-684.0;-31;?
98.0;?;-985.0;-970.0;?;?;-25
132.0;-23;-997.0;-954.0;-687.0;23;-24
?;-26;-998.0;?;-677.0;26;-23
125.0;0;-991.0;-966.0;-684.0;0;-24
102.0;20;-991.0;-954.0;-713.0;-20;?
79.0;18;-1001.0;-981.0;-709.0;?;?
69.0;-7;-999.0;-993.0;-699.0;7;-22
71.0;?;-1001.0;-983.0;-695.0;33;?
52.0;-18;-1007.0;-1020.0;-749.0;18;?
65.0;?;?;-987.0;-728.0;-2;?
85.0;-13;-993.0;-964.0;-733.0;?;-23
78.0;?;-985.0;-970.0;-742.0;21;?
?;?;?;-1001.0;-745.0;-3;-21
59.0;1;-995.0;-1019.0;-744.0;-1;-23
48.0;-39;-989.0;-976.0;-710.0;39;?
61.0;-28;-997.0;-967.0;-584.0;28;-24
69.0;28;-1025.0;-1027.0;-684.0;-28;-21
101.0;21;-995.0;-992.0;-673.0;-21;-18
71.0;-14;-997.0;-1003.0;?;14;-20
69.0;-22;-1007.0;-984.0;-703.0;22;-26
50.0;-21;-1020.0;-991.0;-742.0;21;?
51.0;17;?;-998.0;?;-17;?
76.0;7;-999.0;-992.0;-749.0;-7;-23
111.0;11;-1002.0;-1033.0;-747.0;-11;-23
85.0;40;-991.0;-993.0;-758.0;-40;-22
98.0;-17;-1002.0;?;-836.0;17;-22
98.0;-15;-998.0;-984.0;-763.0;15;-20
79.0;11;-991.0;-939.0;-747.0;?;-15
103.0;-14;-952.0;-980.0;-776.0;14;-17
100.0;-24;-974.0;-1021.0;-743.0;24;-22
81.0;-34;-1004.0;-1038.0;-699.0;34;-23
81.0;-35;-1014.0;-1039.0;-730.0;35;-23
73.0;2;-1000.0;-1000.0;?;-2;?
61.0;48;?;-970.0;-727.0;-48;-24
81.0;22;-995.0;-950.0;-680.0;-22;-24
72.0;1;-1007.0;-969.0;?;-1;-24
95.0;9;?;-1005.0;-742.0;-9;-25
113.0;?;-968.0;-1002.0;-728.0;29;-20
102.0;?;-974.0;-971.0;-724.0;23;-25
?;-1;-982.0;-953.0;-741.0;?;-22
81.0;2;-986.0;-930.0;-726.0;-2;-23
74.0;10;-986.0;-919.0;-743.0;-10;-24
105.0;-12;-989.0;-923.0;-724.0;12;-12
112.0;-31;?;-947.0;-677.0;31;-18
94.0;-48;?;?;-654.0;48;-21
75.0;-63;?;-1018.0;-664.0;63;-20
86.0;-66;-990.0;-1025.0;-721.0;66;-21
78.0;-49;-989.0;-991.0;-735.0;49;-18
52.0;-12;-985.0;-972.0;-737.0;12;-21
60.0;-16;-1001.0;?;-694.0;16;-19
91.0;-54;-1002.0;-988.0;-692.0;?;-15
67.0;-71;?;-990.0;?;71;?
18.0;?;-978.0;-1027.0;-754.0;67;-13
4.0;-109;-964.0;-1003.0;-742.0;109;-17
-58.0;-132;-977.0;-1009.0;-751.0;132;-29
-111.0;-91;-968.0;-1020.0;-801.0;91;-15
-120.0;?;-1003.0;-1013.0;-865.0;111;?
?;-107;-1015.0;-1035.0;?;107;-29
-170.0;-69;-999.0;-1029.0;-971.0;69;?
-198.0;-62;-958.0;-1002.0;?;?;-31
-135.0;-5;-977.0;-998.0;-965.0;5;-25
-165.0;18;-981.0;-961.0;-849.0;-18;-15
-189.0;-19;-995.0;-951.0;-763.0;19;-22
-148.0;-38;?;-958.0;-645.0;38;-24
?;?;-1017.0;-977.0;-584.0;?;-21
-172.0;-35;-963.0;-991.0;-606.0;35;-15
-152.0;-35;-1001.0;-978.0;-742.0;35;-14
-162.0;-2;-1002.0;-981.0;-693.0;2;-16
-151.0;-19;-982.0;-988.0;-648.0;19;-16
-152.0;-31;-955.0;-980.0;-653.0;?;-19
-153.0;-5;-917.0;?;-717.0;5;-23
-147.0;0;-914.0;?;-697.0;0;-24
-146.0;9;-934.0;-929.0;-657.0;-9;-24
?;19;-944.0;-921.0;?;-19;-21
-143.0;25;-938.0;-931.0;-735.0;-25;-21
-178.0;15;-936.0;?;-741.0;-15;-26
-166.0;13;-944.0;?;?;-13;-25
-151.0;?;?;-902.0;-730.0;-21;-15
?;20;-929.0;-898.0;-751.0;-20;-15
-140.0;29;-923.0;-890.0;-748.0;-29;-22
-154.0;-13;-924.0;-877.0;-740.0;13;-18
-165.0;-26;-923.0;-897.0;-700.0;26;-21
-122.0;17;-947.0;-933.0;-713.0;?;?
-120.0;-1;?;-968.0;-764.0;1;-14
-89.0;3;-957.0;-960.0;-824.0;-3;-19
-95.0;32;-950.0;-950.0;-708.0;-32;-22
-96.0;-16;-949.0;-937.0;-674.0;16;-15
?;-20;-953.0;-932.0;-621.0;20;-21
-95.0;26;-947.0;-925.0;-588.0;-26;-27
-126.0;10;-949.0;-940.0;-586.0;-10;-22
?;7;-945.0;-957.0;-544.0;-7;-20
-96.0;5;-940.0;-969.0;-523.0;-5;-20
-121.0;-38;-948.0;-985.0;-531.0;38;-18
-112.0;-32;-982.0;-1013.0;-536.0;?;-19
-74.0;17;-995.0;-1030.0;?;-17;-22
-94.0;11;-981.0;?;-532.0;-11;-20
-94.0;-22;-997.0;?;-515.0;22;-19
-91.0;?;-997.0;-984.0;-466.0;-4;-29
-81.0;27;-983.0;-987.0;-449.0;-27;-25
-112.0;-2;-963.0;-980.0;-451.0;2;-16
-119.0;-9;-963.0;-973.0;-434.0;9;-22
-87.0;0;-952.0;-976.0;?;0;-22
-87.0;?;?;?;-419.0;18;-20
-111.0;-24;-946.0;-945.0;-444.0;24;-21
-98.0;-22;-957.0;-976.0;-462.0;22;-19
-100.0;?;-969.0;-997.0;-499.0;19;-22
-90.0;?;-982.0;-991.0;-436.0;?;?
-105.0;?;-979.0;-963.0;-431.0;-11;-20
-60.0;8;-971.0;-960.0;-420.0;-8;?
-75.0;21;-969.0;-969.0;-422.0;-21;-18
-90.0;?;-964.0;-972.0;-439.0;-13;-22
?;-3;-965.0;-971.0;-449.0;3;-25
-79.0;0;?;-990.0;-435.0;0;-17
-90.0;9;-968.0;-995.0;-445.0;-9;?
-82.0;?;-973.0;-969.0;-442.0;-17;-22
?;-6;-976.0;-964.0;-457.0;6;-22
-92.0;15;-970.0;?;?;-15;-18
-88.0;-4;-970.0;-981.0;-500.0;?;-22
-68.0;?;-965.0;-984.0;-472.0;5;-26
-45.0;73;-974.0;-990.0;-492.0;-73;?
-50.0;24;-979.0;-977.0;-506.0;-24;-16
-89.0;35;-974.0;-951.0;-482.0;-35;-19
-70.0;33;-973.0;-947.0;-481.0;-33;-16
-87.0;?;-975.0;-926.0;-491.0;26;-18
-99.0;11;-975.0;-956.0;-513.0;-11;-23
-79.0;-16;-962.0;?;-497.0;16;-21
-65.0;-11;-971.0;-1027.0;-529.0;?;-22
-96.0;?;-975.0;-1041.0;-552.0;2;-23
-107.0;-8;-964.0;-1020.0;-559.0;8;-25
-132.0;-5;-974.0;-1021.0;-583.0;?;-22
-102.0;-22;?;-1066.0;-594.0;?;-17
-132.0;17;-965.0;-1038.0;-638.0;-17;?
-133.0;1;-963.0;-970.0;-691.0;?;-26
-151.0;-12;-989.0;-1024.0;-734.0;?;-21
-129.0;-23;-972.0;-1005.0;-746.0;23;-21
-120.0;-42;-955.0;?;-758.0;42;-23
-145.0;-22;?;?;-806.0;22;-22
-155.0;-58;-976.0;-913.0;-786.0;58;?
-168.0;-69;-965.0;-898.0;-787.0;69;-20
-159.0;-66;-958.0;-872.0;-787.0;66;-19
-144.0;?;-939.0;-876.0;-753.0;11;-25
-186.0;70;-949.0;-832.0;-759.0;-70;-28
?;?;-937.0;-881.0;-774.0;-45;-20
-177.0;48;-952.0;-911.0;-771.0;-48;-18
-169.0;41;-946.0;-904.0;-789.0;?;-15
-189.0;-28;-958.0;-934.0;?;28;-14
-193.0;-42;-954.0;-973.0;-780.0;?;-16
-134.0;-47;-942.0;-1019.0;-807.0;47;?
-167.0;-56;-930.0;-1009.0;-824.0;56;-20
-294.0;-17;-966.0;-945.0;-834.0;17;-21
-249.0;-22;-957.0;-860.0;-824.0;22;-22
-270.0;-30;-949.0;-692.0;-796.0;?;?
-287.0;-4;-909.0;-740.0;-836.0;4;-22
?;0;-923.0;-820.0;-869.0;0;-25
?;?;?;-994.0;?;-10;-21
-273.0;12;-912.0;-1171.0;-930.0;-12;-20
-243.0;11;-894.0;-991.0;-926.0;-11;-19
?;7;-886.0;?;-895.0;-7;?
-230.0;-1;-918.0;?;-884.0;1;-26
-241.0;11;-915.0;-1057.0;-880.0;-11;-14
-238.0;3;-894.0;-946.0;-898.0;-3;-17
-215.0;-9;-910.0;?;-905.0;9;-20
-213.0;22;-932.0;?;-878.0;-22;-14
-212.0;3;-913.0;-875.0;-872.0;-3;-18
-233.0;-22;?;-864.0;-867.0;22;-22
-190.0;-12;-913.0;-870.0;-854.0;12;?
-207.0;-23;-906.0;-856.0;-851.0;23;-24
-208.0;?;-908.0;-875.0;-852.0;-17;-21
-209.0;31;-922.0;-871.0;-860.0;-31;-18
?;2;-917.0;-853.0;-850.0;-2;?
-199.0;16;-921.0;-832.0;-862.0;-16;-18
-196.0;21;-911.0;-830.0;-880.0;-21;-16
-181.0;?;-910.0;-830.0;-894.0;-4;-21
-200.0;-7;-905.0;?;-882.0;7;-21
-164.0;18;?;-882.0;-845.0;-18;-16
-149.0;11;-909.0;-877.0;-827.0;-11;?
-158.0;-11;?;-879.0;-854.0;11;-25
-187.0;11;-906.0;-910.0;-854.0;-11;-17
-177.0;-4;-923.0;?;-845.0;4;-17
-143.0;-24;-916.0;-835.0;?;24;-30
-182.0;-21;-928.0;-893.0;?;21;?
-190.0;-42;-899.0;-808.0;-859.0;42;-16
-163.0;-25;-921.0;-896.0;-860.0;?;-18
-168.0;10;?;-829.0;-844.0;-10;-19
-155.0;-16;-931.0;-901.0;-839.0;?;?
-171.0;-9;-946.0;-866.0;-802.0;9;-22
?;33;-935.0;-867.0;-740.0;-33;-26
?;44;-923.0;-889.0;-741.0;-44;-28
-148.0;28;-917.0;-904.0;-720.0;-28;-20
-152.0;-9;-939.0;-915.0;-703.0;9;-22
-164.0;-32;-955.0;-893.0;-711.0;32;-18
-161.0;-19;-934.0;?;-704.0;19;-23
-157.0;21;?;-892.0;-699.0;-21;-28
-135.0;9;-947.0;-906.0;-706.0;-9;-19
?;-21;-937.0;-886.0;-708.0;?;-22
?;?;-939.0;-908.0;-745.0;-8;-23
-121.0;7;-928.0;-922.0;-795.0;-7;-17
-171.0;-7;-945.0;-928.0;-762.0;7;-22
-129.0;12;-949.0;-934.0;-749.0;-12;-26
-133.0;19;-950.0;-944.0;-768.0;-19;?
-118.0;?;-946.0;-901.0;-718.0;15;-17
-124.0;-16;-941.0;-880.0;-685.0;16;-21
-138.0;41;-939.0;-900.0;-654.0;-41;-17
-136.0;5;-953.0;-918.0;-636.0;?;-22
-143.0;-44;-951.0;-913.0;-643.0;44;-25
-138.0;-11;-946.0;-909.0;-679.0;11;-21
-116.0;-1;?;-911.0;-684.0;1;-21
-129.0;-2;-950.0;-921.0;-719.0;2;?
-141.0;24;-943.0;-935.0;-766.0;-24;-24
-126.0;39;-955.0;-955.0;-711.0;-39;-25
-135.0;22;-953.0;-933.0;-798.0;-22;-20
?;11;-940.0;-898.0;-787.0;?;-21
-143.0;22;-944.0;?;-827.0;-22;-23
-110.0;23;-951.0;-889.0;-800.0;-23;-22
-102.0;4;-951.0;-897.0;-785.0;-4;-25
-109.0;-44;-963.0;-904.0;-820.0;44;-22
-103.0;?;-969.0;-904.0;-761.0;70;-15
-126.0;-65;-956.0;-929.0;-722.0;65;-23
-135.0;-55;-939.0;-938.0;-710.0;55;-33
-141.0;-2;-959.0;-924.0;-753.0;2;-27
?;54;-954.0;-908.0;-811.0;-54;?
-117.0;71;-946.0;-919.0;-837.0;-71;-16
-107.0;55;-947.0;-936.0;-790.0;-55;-14
-116.0;?;?;?;-819.0;-12;-20
-92.0;-33;-975.0;-951.0;-748.0;33;-19
-121.0;-38;-947.0;-929.0;-694.0;38;-23
?;-13;-972.0;-949.0;-663.0;13;-19
-109.0;-22;?;-971.0;-656.0;22;-17
-150.0;-30;-965.0;?;-730.0;30;-27
?;?;-966.0;-923.0;-802.0;-7;-27
-112.0;32;-945.0;-923.0;-820.0;?;-22
-118.0;26;-951.0;-978.0;-810.0;-26;-21
-102.0;1;-968.0;-1018.0;-822.0;-1;-20
-109.0;-18;-942.0;-1025.0;-819.0;18;-16
-103.0;-3;-953.0;?;-788.0;3;-21
-109.0;10;-946.0;-899.0;-741.0;-10;-21
-125.0;-9;-956.0;-926.0;-706.0;9;-12
-133.0;-32;-961.0;-939.0;-700.0;32;-16
-102.0;?;-961.0;-931.0;-686.0;?;-24
-128.0;?;-964.0;-953.0;-678.0;-39;-26
-132.0;49;-962.0;-970.0;?;?;-22
-126.0;?;-954.0;-959.0;-723.0;-6;?
-109.0;-21;?;-959.0;-736.0;21;-18
-139.0;-26;-965.0;-959.0;-767.0;26;-18
-124.0;-11;-961.0;-956.0;-814.0;11;-21
-121.0;-21;-964.0;-943.0;-855.0;21;-27
-141.0;-11;-949.0;-953.0;-824.0;11;-22
-120.0;46;-944.0;-930.0;-813.0;-46;-20
-109.0;29;-944.0;-924.0;-858.0;-29;-23
-117.0;-20;-947.0;?;-825.0;20;-20
-126.0;-2;-958.0;?;-809.0;2;-21
-97.0;32;-950.0;-952.0;-770.0;-32;-23
-118.0;13;-961.0;-967.0;-719.0;-13;-15
-94.0;1;-965.0;-963.0;-665.0;-1;?
-85.0;12;-958.0;-942.0;-612.0;-12;-24
-120.0;-10;-946.0;-933.0;?;10;-19
-111.0;6;-954.0;-950.0;?;-6;-21
-116.0;21;-971.0;-987.0;-680.0;-21;-24
-90.0;10;-970.0;?;-756.0;-10;-20
-118.0;10;-986.0;-977.0;-798.0;-10;-21
-102.0;7;-979.0;-979.0;-858.0;-7;-17
-121.0;34;-956.0;-960.0;-915.0;-34;-15
-81.0;0;-956.0;-954.0;-879.0;0;-16
-114.0;-37;-949.0;-901.0;-871.0;37;-20
-119.0;?;?;-905.0;-884.0;22;-25
-124.0;-44;-954.0;-893.0;-847.0;44;?
-113.0;-22;-962.0;-924.0;-839.0;22;-28
?;17;-954.0;-944.0;-814.0;-17;-24
-57.0;22;-950.0;-945.0;-792.0;?;-19
-73.0;20;-959.0;-959.0;-796.0;-20;-21
?;8;?;-975.0;-790.0;-8;-23
-103.0;0;-970.0;-970.0;-783.0;0;-21
-86.0;7;-966.0;-971.0;-757.0;-7;-18
-86.0;16;-976.0;-958.0;-679.0;-16;-21
-87.0;-5;-952.0;-918.0;-613.0;5;-22
-61.0;-26;-946.0;?;-654.0;26;-23
-79.0;-21;-947.0;-954.0;?;21;-27
-90.0;-12;-974.0;-965.0;-771.0;12;-24
-111.0;-8;-967.0;-972.0;-867.0;8;-23
-102.0;?;-992.0;-972.0;-877.0;18;?
-138.0;5;?;-956.0;-917.0;-5;?
-145.0;4;?;-947.0;-892.0;-4;-15
-107.0;-9;-953.0;-905.0;-845.0;9;-19
-134.0;10;-965.0;-909.0;-828.0;-10;-25
-130.0;-15;?;-936.0;-798.0;15;-25
-89.0;-18;-958.0;-954.0;-736.0;18;-20
-102.0;?;-965.0;?;-721.0;15;-19
?;-18;-967.0;-963.0;-718.0;?;?
-115.0;11;-979.0;?;?;-11;-30
-125.0;?;-972.0;?;-728.0;17;-19
-116.0;-38;-967.0;?;-715.0;38;-20
-141.0;-25;?;-998.0;-734.0;25;-22
-131.0;-43;-971.0;-1003.0;-707.0;43;-22
-161.0;-18;-973.0;-939.0;-710.0;18;-22
-142.0;33;-956.0;-874.0;-709.0;-33;-21
-172.0;7;-934.0;-845.0;-687.0;-7;-21
-161.0;?;-918.0;-909.0;-662.0;28;-15
-147.0;-44;-945.0;-948.0;-704.0;44;-16
-150.0;-60;?;-955.0;-719.0;?;-20
-112.0;-52;-956.0;-922.0;-752.0;52;-18
-103.0;-44;-942.0;?;-771.0;44;-20
-207.0;-18;-959.0;?;-767.0;18;-21
-151.0;13;?;-975.0;-803.0;-13;-23
-215.0;-8;-976.0;-948.0;-849.0;?;-25
?;-23;-981.0;-985.0;-741.0;23;-26
-246.0;-26;-964.0;-987.0;-713.0;26;-24
-272.0;-44;-957.0;-954.0;-698.0;44;-23
-319.0;?;-960.0;-971.0;-705.0;19;?
?;1;-950.0;-964.0;-665.0;-1;-21
-274.0;3;-937.0;?;-627.0;-3;-22
-253.0;36;-929.0;-945.0;?;?;-26
-242.0;?;-979.0;-941.0;?;-41;-20
-223.0;43;-958.0;-911.0;-701.0;-43;?
?;67;-938.0;-879.0;-712.0;-67;-24
?;49;-919.0;-872.0;-671.0;?;-21
-238.0;91;-907.0;-882.0;-704.0;-91;-27
-219.0;?;-922.0;-900.0;-741.0;-138;-22
?;133;-914.0;-930.0;-757.0;-133;-21
-207.0;163;-896.0;-903.0;?;-163;-30
-206.0;166;-879.0;-885.0;-753.0;-166;-19
-181.0;171;-871.0;-906.0;-766.0;-171;-24
-185.0;166;-869.0;-904.0;-751.0;-166;-11
-162.0;129;?;-883.0;-788.0;?;-22
-134.0;94;-883.0;-891.0;-794.0;-94;-55
?;86;-886.0;-887.0;-797.0;-86;-32
-146.0;?;-896.0;-897.0;?;-120;-21
-125.0;?;-879.0;-881.0;-765.0;-92;-14
-44.0;83;?;-876.0;-763.0;-83;-13
?;116;-901.0;-868.0;-759.0;-116;-35
-50.0;123;-907.0;?;-797.0;-123;?
-74.0;180;-910.0;-901.0;-759.0;?;-26
12.0;160;-943.0;-925.0;?;-160;-18
-76.0;27;-926.0;-915.0;-685.0;-27;-10
30.0;8;-913.0;-973.0;-622.0;-8;-10
132.0;-31;-938.0;-1068.0;-652.0;31;-10
-82.0;-183;-943.0;-978.0;-629.0;183;-14
321.0;-177;-949.0;-998.0;?;?;-26
286.0;-63;-945.0;-973.0;-607.0;63;-33
?;5;-945.0;-951.0;-636.0;-5;-26
?;24;-946.0;-820.0;-674.0;-24;-18
101.0;2;-940.0;-815.0;-709.0;-2;-19
?;-35;-932.0;-815.0;-752.0;35;-24
118.0;-65;-974.0;-746.0;-850.0;65;?
162.0;-48;-965.0;-876.0;-900.0;48;-31
126.0;?;-965.0;-923.0;-819.0;11;-21
62.0;0;-976.0;-930.0;?;?;-19
111.0;-15;-1007.0;?;?;15;-22
113.0;-22;-1006.0;-1039.0;-590.0;22;-16
86.0;?;-989.0;-989.0;-534.0;29;-18
82.0;-54;-973.0;-942.0;-464.0;54;-26
99.0;-40;-936.0;-916.0;-514.0;40;-26
91.0;?;-971.0;-934.0;-545.0;17;-22
76.0;-6;-1002.0;-946.0;-498.0;6;?
49.0;?;-1012.0;-958.0;-506.0;-43;-31
4.0;67;-983.0;?;-482.0;-67;-18
11.0;49;-1001.0;-1011.0;-474.0;-49;-13
54.0;42;-1008.0;-1019.0;-475.0;-42;-27
80.0;41;-975.0;-1014.0;-459.0;-41;-27
63.0;14;-1000.0;?;-469.0;-14;?
51.0;?;-991.0;-976.0;-491.0;32;-20
79.0;-54;?;-1045.0;-498.0;54;-23
15.0;-64;-987.0;-956.0;-502.0;64;?
14.0;-94;-977.0;-955.0;-504.0;94;-23
21.0;-70;-984.0;-977.0;-588.0;70;-19
50.0;?;?;-969.0;-631.0;18;-20
?;-11;-1012.0;-967.0;-672.0;11;-19
44.0;-2;?;-974.0;-688.0;2;-30
73.0;-3;?;-918.0;-677.0;3;-23
?;11;-967.0;-908.0;-626.0;-11;-15
35.0;20;-987.0;-922.0;-620.0;-20;-19
37.0;11;-987.0;-905.0;-608.0;-11;-14
59.0;?;-983.0;-909.0;-644.0;-12;-14
37.0;-34;-1009.0;-964.0;-618.0;34;-18
36.0;-31;-1013.0;-961.0;-691.0;?;-24
?;28;-994.0;-970.0;-702.0;-28;-21
30.0;42;?;-971.0;-695.0;-42;-14
40.0;19;-992.0;-954.0;-709.0;-19;-22
40.0;-9;-990.0;-929.0;-740.0;9;-27
55.0;-12;-975.0;-931.0;-728.0;12;-22
71.0;?;-977.0;-923.0;-723.0;17;-24
54.0;-18;?;-893.0;-753.0;18;-25
37.0;24;-977.0;-914.0;-761.0;-24;?
45.0;42;-985.0;-940.0;-787.0;-42;?
52.0;14;?;-930.0;-793.0;-14;-15
50.0;?;-973.0;-939.0;-787.0;-15;-19
56.0;31;-982.0;-929.0;-770.0;?;-33
73.0;33;?;-955.0;-774.0;-33;-22
92.0;33;-984.0;?;-782.0;-33;-13
81.0;44;-979.0;-954.0;-774.0;?;-24
90.0;30;-978.0;-935.0;-775.0;-30;-20
90.0;-21;-986.0;-921.0;-785.0;21;-17
92.0;3;-983.0;-915.0;?;-3;-25
?;19;-986.0;-963.0;-800.0;-19;-24
130.0;?;-990.0;-977.0;-770.0;-32;-23
129.0;87;-979.0;-947.0;?;-87;-24
167.0;70;-990.0;-974.0;-737.0;-70;-21
116.0;56;-985.0;-1005.0;-725.0;-56;-19
?;?;-986.0;-998.0;-725.0;2;-21
166.0;?;-990.0;-1018.0;-753.0;49;-20
?;?;-996.0;-990.0;-768.0;?;?
144.0;-65;-970.0;-1005.0;-776.0;65;-29
180.0;-46;-1009.0;?;-857.0;46;-25
165.0;-4;-996.0;-949.0;-820.0;4;?
139.0;-7;-974.0;?;-810.0;7;-22
159.0;-34;-970.0;-922.0;-766.0;34;?
?;-56;?;-929.0;-823.0;56;?
164.0;?;-986.0;-952.0;-842.0;45;-22
123.0;-35;-996.0;-937.0;-832.0;35;-24
142.0;-22;-970.0;?;-834.0;22;-21
131.0;-6;-980.0;?;?;6;?
146.0;-36;-992.0;-965.0;-827.0;36;-19
?;-54;-989.0;?;?;54;?
166.0;-44;-995.0;?;-787.0;44;-22
167.0;-57;-993.0;-982.0;-798.0;57;-22
148.0;-28;-985.0;-991.0;-738.0;?;-23
133.0;-13;-999.0;-1012.0;-796.0;13;-18
?;-39;-1001.0;-1003.0;-763.0;39;-21
72.0;-33;?;-959.0;-736.0;33;-24
172.0;-42;-961.0;-997.0;?;42;-15
102.0;-40;-982.0;?;-763.0;40;?
75.0;-35;-993.0;-963.0;?;?;-24
95.0;-116;-977.0;-971.0;-821.0;?;-19
-26.0;-181;-975.0;-989.0;?;181;-28
8.0;-126;-974.0;-990.0;?;126;-26
-20.0;-78;-992.0;-1016.0;-935.0;78;-17
-13.0;-93;-1024.0;-1012.0;-1001.0;?;-33
-95.0;-105;-1003.0;-954.0;-1012.0;105;-17
-109.0;-117;-1019.0;-921.0;-957.0;117;-8
-201.0;-136;?;-875.0;-867.0;136;-31
-227.0;-142;-1018.0;-943.0;-803.0;142;-27
-285.0;-124;-1007.0;-933.0;-793.0;124;-25
-280.0;-114;-959.0;-976.0;-759.0;114;-22
-263.0;-133;-976.0;-965.0;-786.0;133;-18
-255.0;-85;-978.0;-1048.0;-780.0;85;-21
-269.0;21;-976.0;-949.0;-809.0;-21;-23
-292.0;66;-950.0;-1100.0;-830.0;?;-20
-297.0;66;-932.0;?;-860.0;?;-16
-276.0;?;-959.0;-806.0;?;?;-22
-266.0;?;-983.0;-836.0;-968.0;-65;-24
?;65;?;-785.0;-970.0;-65;-18
-252.0;?;-1233.0;-658.0;?;-52;?
-242.0;55;?;?;-956.0;-55;-21
-233.0;?;-839.0;-671.0;-979.0;?;-18
-207.0;51;-871.0;-688.0;-970.0;-51;-23
-210.0;78;-886.0;-694.0;-975.0;-78;-25
-193.0;99;-874.0;-709.0;-990.0;-99;-25
-145.0;?;?;-716.0;-980.0;-103;-23
-202.0;120;-849.0;-653.0;-972.0;-120;-14
-120.0;60;-834.0;?;-955.0;-60;-22
-143.0;32;-838.0;-635.0;-968.0;-32;-23
-151.0;55;-847.0;-701.0;-970.0;-55;-15
-188.0;51;-852.0;-670.0;-1010.0;-51;?
-184.0;41;-880.0;-791.0;-984.0;-41;-24
?;12;-865.0;-784.0;-982.0;-12;-12
-102.0;28;-862.0;-779.0;-977.0;-28;-27
?;77;-870.0;-819.0;-991.0;-77;?
-104.0;55;-888.0;-845.0;-961.0;-55;-12
-132.0;34;-886.0;-786.0;-931.0;-34;-24
-132.0;68;-874.0;-712.0;-925.0;-68;-18
-153.0;66;-867.0;-552.0;-860.0;-66;-20
-109.0;101;?;-485.0;-877.0;-101;-38
-98.0;205;-864.0;-440.0;-920.0;-205;11
-107.0;216;-889.0;-361.0;-919.0;-216;21
-103.0;141;-852.0;-294.0;?;-141;-23
-84.0;82;-829.0;?;-1035.0;-82;-14
-57.0;27;-820.0;-189.0;-1032.0;-27;-14
-52.0;-5;-837.0;-90.0;-1059.0;?;-17
-44.0;-32;-909.0;-60.0;-973.0;32;-10
-75.0;-72;-873.0;-48.0;-786.0;?;?
-15.0;-73;-864.0;30.0;-547.0;73;-25
-36.0;-67;-820.0;78.0;-460.0;67;-21
?;-96;-830.0;91.0;-417.0;96;-22
?;-96;-835.0;102.0;-382.0;96;-26
?;-74;-811.0;58.0;-422.0;74;-17
-50.0;-61;?;-7.0;-458.0;61;-15
-44.0;-54;-888.0;?;-460.0;54;-19
-68.0;-43;-904.0;-57.0;-424.0;?;-20
-38.0;-15;-897.0;-54.0;-404.0;15;?
-73.0;-8;-908.0;-52.0;?;?;-19
-75.0;-14;-912.0;?;-548.0;14;-24
-33.0;-8;-918.0;-224.0;-534.0;8;?
-52.0;3;-941.0;-226.0;-531.0;-3;-20
-60.0;22;-927.0;-296.0;-564.0;-22;-22
-28.0;23;-909.0;-326.0;-545.0;-23;-20
?;8;-942.0;-387.0;-535.0;?;-15
-29.0;?;-929.0;-464.0;-545.0;9;-19
-23.0;-10;-924.0;?;?;10;-22
-18.0;-13;-958.0;?;-569.0;13;-20
-30.0;-22;-979.0;-618.0;-519.0;22;-19
-20.0;-6;-952.0;-615.0;-549.0;6;-20
-20.0;16;-885.0;-706.0;-642.0;-16;-22
3.0;28;-962.0;-764.0;?;-28;-22
6.0;?;-959.0;-788.0;-683.0;-30;?
-10.0;10;-966.0;-638.0;-631.0;-10;-23
-14.0;71;-915.0;-671.0;-656.0;?;-21
-34.0;?;-954.0;-698.0;-689.0;-193;-25
-22.0;191;-959.0;-772.0;-684.0;-191;-13
-6.0;126;-954.0;-818.0;-610.0;?;-2
-18.0;-25;-941.0;-784.0;?;25;-8
-12.0;-237;-964.0;-846.0;-524.0;237;-14
-17.0;-268;-946.0;-775.0;-566.0;268;-19
-25.0;-193;-995.0;-821.0;-594.0;193;?
-49.0;?;-967.0;-819.0;-630.0;128;-28
-33.0;-46;-968.0;-804.0;-647.0;46;-21
-48.0;-9;-977.0;-789.0;?;9;-18
-52.0;-38;-970.0;-769.0;?;38;-24
-40.0;-102;-975.0;-794.0;-553.0;102;-20
?;-155;-967.0;-820.0;-576.0;?;-16
-42.0;-119;-983.0;-771.0;-517.0;119;-15
-67.0;-75;-988.0;-763.0;?;75;-20
-63.0;-77;-981.0;-792.0;-560.0;77;?
-60.0;?;-968.0;-767.0;-591.0;40;?
?;?;-978.0;-794.0;-581.0;11;-22
?;-29;-994.0;-792.0;-567.0;29;-22
-66.0;?;-985.0;-791.0;?;28;-23
-72.0;-25;-974.0;-785.0;?;25;-26
-74.0;-49;-963.0;-805.0;-565.0;49;-20
-93.0;-31;-956.0;-809.0;-563.0;31;-16
-74.0;17;-977.0;-819.0;-595.0;-17;-19
?;35;-973.0;-846.0;-591.0;-35;-20
-50.0;57;-982.0;-868.0;-575.0;-57;-19
-89.0;16;-974.0;-876.0;-588.0;-16;-16
-71.0;-22;-953.0;-847.0;-608.0;22;-19
-82.0;?;-955.0;-858.0;?;0;-23
-81.0;-3;-961.0;-858.0;-674.0;3;-21
-93.0;29;-971.0;-865.0;-662.0;-29;-24
-86.0;4;-971.0;-889.0;-616.0;-4;?
-66.0;?;-945.0;-880.0;-621.0;38;-19
-59.0;-4;-957.0;-877.0;?;?;-25
-49.0;22;-963.0;-869.0;-654.0;?;-22
?;43;-967.0;-846.0;-676.0;-43;-21
-83.0;?;-958.0;-814.0;-642.0;-22;-24
-97.0;9;-949.0;-848.0;-630.0;-9;-25
-81.0;3;-949.0;?;?;-3;-24
-71.0;-22;-976.0;-884.0;-673.0;22;-25
-39.0;9;-987.0;-899.0;-685.0;-9;-27
-44.0;18;?;-908.0;-760.0;-18;-21
-72.0;-16;-972.0;-882.0;-814.0;16;-16
-30.0;-15;?;-839.0;-740.0;15;-19
-73.0;6;-965.0;-838.0;-689.0;-6;-20
?;11;-977.0;-837.0;-653.0;-11;-20
-56.0;21;-986.0;-854.0;-671.0;?;?
-40.0;34;-981.0;-879.0;-684.0;-34;-21
-56.0;15;-987.0;-876.0;-646.0;-15;-19
-61.0;-11;-1008.0;-917.0;-662.0;11;-21
-59.0;-7;?;-832.0;-758.0;7;-22
-46.0;0;-977.0;-735.0;-770.0;0;-21
?;9;-963.0;-717.0;-780.0;-9;-21
-34.0;?;-944.0;-729.0;-740.0;-10;-22
-75.0;-24;-979.0;-821.0;-747.0;24;-21
-63.0;1;-987.0;-844.0;-699.0;-1;-19
-88.0;35;-975.0;-768.0;-682.0;-35;-23
-48.0;21;-968.0;-723.0;-798.0;-21;-23
-66.0;13;-957.0;-719.0;-772.0;-13;-11
-72.0;-20;-974.0;-797.0;-749.0;?;-12
-51.0;2;-988.0;-822.0;?;-2;-24
-39.0;20;-993.0;-788.0;-743.0;-20;-20
-69.0;-3;-962.0;-731.0;-752.0;3;-14
-69.0;11;-953.0;-795.0;-717.0;-11;-16
-48.0;-15;-969.0;-830.0;?;15;?
-82.0;-40;-985.0;-831.0;-717.0;40;-19
-58.0;-12;-981.0;-811.0;-741.0;12;-17
-74.0;5;-978.0;-782.0;-763.0;?;-18
-52.0;28;-975.0;-789.0;-739.0;-28;-26
-79.0;20;-963.0;-784.0;-752.0;-20;-22
-70.0;-12;-973.0;-817.0;-732.0;12;-17
-94.0;24;-981.0;-808.0;-757.0;-24;-20
-82.0;14;-976.0;-770.0;-750.0;?;-22
-58.0;-13;-976.0;-791.0;?;13;-22
-63.0;-1;-962.0;-787.0;-745.0;?;?
-21.0;-22;-972.0;-830.0;-752.0;22;-24
-30.0;-6;-974.0;-886.0;-750.0;6;-24
-53.0;-7;-981.0;-957.0;-720.0;7;-19
-58.0;-31;-981.0;-914.0;-721.0;31;-20
-40.0;10;-969.0;-966.0;-763.0;-10;-20
-35.0;30;-986.0;?;-738.0;-30;-17
-20.0;1;?;-902.0;-742.0;-1;-20
-29.0;-3;-957.0;-937.0;?;?;-18
-19.0;5;-969.0;-872.0;-720.0;-5;-20
-43.0;?;-972.0;-786.0;-681.0;12;-17
-53.0;-23;-953.0;-757.0;-669.0;23;?
-44.0;-8;-957.0;-836.0;-696.0;8;-20
-45.0;0;-966.0;-915.0;-657.0;0;-18
-55.0;-27;-966.0;-938.0;-674.0;27;-20
-46.0;-28;?;-958.0;-717.0;28;-20
?;7;-967.0;-912.0;-692.0;-7;-22
-63.0;5;-969.0;?;-733.0;-5;-25
-71.0;3;-984.0;-910.0;-724.0;-3;?
-50.0;?;-975.0;-964.0;-700.0;-31;-17
-64.0;19;?;-928.0;?;?;-24
-68.0;-4;-972.0;-938.0;-658.0;4;-22
-59.0;-17;-982.0;-955.0;-702.0;17;-12
-30.0;-21;-980.0;-954.0;-733.0;21;-18
-47.0;-23;-969.0;-966.0;-723.0;23;-26
-65.0;-24;-971.0;-967.0;-715.0;?;-21
-30.0;6;-978.0;-969.0;-699.0;-6;-25
?;1;?;-926.0;-697.0;-1;-24
-78.0;-9;-966.0;-946.0;-725.0;9;-20
-79.0;17;-960.0;-919.0;-735.0;-17;-21
-40.0;9;-945.0;-934.0;-793.0;-9;-17
?;-1;-954.0;-961.0;-810.0;1;-20
-41.0;6;-955.0;-926.0;-846.0;-6;-19
-39.0;-26;-980.0;-935.0;?;26;-22
-71.0;-44;-991.0;-936.0;-999.0;44;-18
-82.0;-14;-962.0;-937.0;-894.0;14;-11
?;0;-954.0;-945.0;-835.0;0;-23
-68.0;-9;-947.0;-926.0;-765.0;9;-29
-74.0;-20;-956.0;-986.0;-763.0;20;-22
-85.0;-20;-994.0;-951.0;-755.0;20;-18
-106.0;-2;-948.0;-953.0;-869.0;2;-24
-94.0;14;?;-933.0;-1045.0;-14;-27
-94.0;33;-958.0;-935.0;-902.0;?;-26
-78.0;53;-976.0;-914.0;-973.0;-53;-28
-77.0;60;-970.0;-889.0;-901.0;-60;-21
-71.0;74;-955.0;?;-910.0;-74;-13
?;50;-961.0;-986.0;-918.0;-50;-14
?;20;-969.0;-1022.0;-903.0;-20;-19
-47.0;11;-943.0;-1009.0;-885.0;-11;-21
-86.0;-51;-935.0;-954.0;?;51;-20
-121.0;-90;-951.0;-976.0;-937.0;90;-28
?;-81;-982.0;-933.0;-963.0;81;-25
-141.0;-72;-970.0;-747.0;-939.0;?;?
-120.0;-36;-916.0;-617.0;-907.0;36;-32
-137.0;9;-926.0;-671.0;-894.0;-9;-23
-141.0;24;-933.0;-745.0;-890.0;-24;?
-138.0;?;?;-680.0;?;-8;-14
-91.0;-3;-953.0;-749.0;-882.0;3;?
-93.0;-2;-908.0;-757.0;-908.0;2;-18
-126.0;-40;-933.0;-746.0;-909.0;40;-19
-161.0;-56;?;-831.0;-910.0;56;-19
-143.0;-22;?;?;-934.0;22;-30
-176.0;-55;-982.0;-881.0;-892.0;55;-29
?;-77;-961.0;-864.0;-881.0;?;-31
?;-48;?;-827.0;-899.0;48;-31
-204.0;-55;-926.0;-833.0;-925.0;?;-22
-192.0;-18;-925.0;-821.0;-920.0;18;-25
-171.0;48;-932.0;-847.0;-916.0;-48;-19
-144.0;38;-943.0;-860.0;?;-38;-17
-160.0;-9;-941.0;-846.0;-971.0;9;-22
-143.0;-4;-944.0;-858.0;-959.0;4;-19
-150.0;-2;-928.0;-841.0;-889.0;2;-20
-149.0;-22;?;-814.0;-824.0;22;-21
-170.0;5;-944.0;?;-834.0;-5;?
-128.0;5;?;-809.0;-802.0;-5;-24
?;8;-908.0;-843.0;-785.0;-8;-20
-138.0;21;-934.0;-862.0;?;?;-17
?;12;-952.0;-874.0;-871.0;-12;-19
-108.0;31;-943.0;?;-862.0;-31;-20
?;6;-937.0;?;-833.0;?;-17
-116.0;-26;-930.0;-892.0;-874.0;26;-23
-98.0;-14;-922.0;?;-896.0;14;-26
-141.0;4;?;-883.0;-822.0;-4;-19
-91.0;10;?;-889.0;-822.0;-10;-18
-91.0;-17;-942.0;-919.0;-858.0;17;-22
-79.0;-27;-945.0;-916.0;-852.0;27;-22
?;-4;-929.0;-926.0;-823.0;4;-23
?;39;-933.0;-920.0;-862.0;-39;-21
-95.0;36;?;-898.0;-861.0;-36;-22
-98.0;0;-945.0;-888.0;-833.0;0;-26
-106.0;17;-937.0;?;-782.0;-17;-17
-85.0;19;-949.0;-913.0;?;-19;?
-103.0;5;-956.0;-933.0;-768.0;-5;-22
-109.0;-10;-961.0;-941.0;-738.0;10;-18
-88.0;-48;-948.0;-928.0;-737.0;48;-19
-102.0;-34;-954.0;-942.0;-749.0;?;-24
-96.0;-7;-962.0;-941.0;-803.0;?;?
-147.0;-38;-955.0;?;-858.0;38;-16
-134.0;?;-946.0;-917.0;-907.0;31;-19
-152.0;-6;-929.0;-883.0;-909.0;6;-21
-120.0;2;-904.0;-864.0;-975.0;-2;-17
-136.0;11;-927.0;-849.0;?;-11;-20
-149.0;-17;-964.0;?;-986.0;17;-20
-129.0;-11;-962.0;-860.0;-926.0;11;-18
-120.0;0;-938.0;-853.0;-848.0;?;-20
-144.0;-14;-960.0;?;-825.0;14;-19
-167.0;-11;?;-881.0;-769.0;?;-16
-167.0;-11;?;-905.0;-784.0;11;-17
-105.0;-7;-942.0;?;-764.0;7;-20
-119.0;-30;-929.0;-884.0;-805.0;30;-22
-143.0;-16;-921.0;?;-841.0;16;-23
-127.0;11;-947.0;-836.0;-856.0;-11;-18
-134.0;-37;-941.0;-855.0;-881.0;37;-16
-138.0;-28;-947.0;?;-886.0;28;-20
-162.0;11;-951.0;-870.0;-933.0;-11;-24
-114.0;-44;-943.0;-860.0;-923.0;44;?
-82.0;-29;-933.0;-836.0;-900.0;29;-31
-133.0;29;?;-830.0;-862.0;-29;?
-118.0;10;?;-842.0;-862.0;-10;-19
?;-8;-953.0;-839.0;-878.0;8;-16
?;?;?;-861.0;-825.0;40;-14
-103.0;-22;-948.0;-848.0;-808.0;22;-10
-105.0;-3;-921.0;?;-685.0;3;-19
-110.0;-37;?;-854.0;-672.0;37;-28
-85.0;2;-931.0;-839.0;-626.0;-2;-17
?;26;?;-841.0;?;-26;-18
?;?;?;-878.0;-683.0;9;-24
-92.0;4;-968.0;?;-748.0;-4;-20
-96.0;1;-946.0;-879.0;-743.0;-1;-18
-97.0;?;-966.0;-880.0;?;?;?
-53.0;-11;-965.0;-888.0;-888.0;11;-30
-79.0;-29;-911.0;-887.0;-853.0;?;-44
-71.0;-12;-965.0;-869.0;-926.0;12;-30
-83.0;37;-963.0;-857.0;-876.0;-37;?
-99.0;21;-952.0;-865.0;?;-21;-24
-78.0;14;-952.0;-868.0;-901.0;-14;-24
-89.0;33;-958.0;-864.0;-843.0;-33;-25
-113.0;47;-940.0;-876.0;-847.0;-47;-20
-91.0;79;-925.0;-870.0;-808.0;-79;-20
-82.0;48;-952.0;-890.0;-795.0;-48;-25
?;23;-949.0;-883.0;-776.0;-23;-19
-91.0;?;-937.0;-888.0;-733.0;-44;-18
-67.0;23;-965.0;-914.0;-729.0;-23;-26
-62.0;28;-958.0;-918.0;-718.0;-28;?
-96.0;31;-955.0;-912.0;-726.0;-31;?
?;17;-945.0;-896.0;-715.0;-17;-20
-87.0;23;?;-905.0;-726.0;-23;-20
-120.0;8;-960.0;-903.0;-733.0;-8;-21
-132.0;0;-964.0;-942.0;-799.0;0;-20
-152.0;11;-941.0;-952.0;-766.0;?;-20
-154.0;-5;-962.0;?;-752.0;?;-16
-159.0;?;-937.0;-906.0;?;32;-21
-158.0;-10;-953.0;-923.0;-776.0;10;-21
-184.0;9;-972.0;-911.0;-772.0;-9;-12
-186.0;-19;-931.0;-867.0;-783.0;19;-18
-182.0;-19;-954.0;-840.0;-797.0;19;-22
-164.0;2;?;-809.0;-810.0;-2;-21
-195.0;-7;-938.0;-826.0;-798.0;7;-25
-173.0;-10;-947.0;-844.0;-863.0;10;-23
-162.0;-11;-937.0;-800.0;-869.0;11;-21
-186.0;-4;-936.0;-810.0;-877.0;4;-21
-155.0;25;-932.0;-791.0;-895.0;-25;-18
-169.0;?;-931.0;?;-884.0;5;-22
-154.0;-18;-940.0;-789.0;?;18;-22
-161.0;2;-924.0;-796.0;-860.0;-2;-18
-183.0;1;-923.0;-807.0;-854.0;-1;?
-190.0;11;-932.0;-815.0;-845.0;-11;-17
-158.0;-7;-933.0;-815.0;-851.0;7;-23
-155.0;-3;-918.0;-816.0;-823.0;3;?
-160.0;-9;-924.0;-832.0;-819.0;9;-18
-149.0;-18;-925.0;-842.0;?;18;-29
-157.0;11;-936.0;-846.0;-823.0;-11;?
-158.0;3;-931.0;-835.0;-808.0;-3;-17
-150.0;-4;-931.0;?;?;4;-23
-158.0;-31;-923.0;?;-840.0;31;?
-174.0;-13;-940.0;?;-837.0;13;-20
-177.0;34;-939.0;?;-842.0;-34;-25
-123.0;-11;-929.0;-833.0;-836.0;11;-21
-148.0;?;-934.0;?;-805.0;27;-15
?;-3;-928.0;-860.0;-783.0;3;?
-161.0;?;-936.0;-880.0;-797.0;-3;-25
-152.0;16;-944.0;?;-814.0;?;-15
-147.0;7;?;-862.0;-813.0;-7;-19
-105.0;-11;-932.0;-859.0;-811.0;11;-24
?;6;-929.0;-848.0;-809.0;-6;-23
-126.0;20;-937.0;?;-795.0;-20;-20
-131.0;24;-946.0;-868.0;-803.0;-24;?
-106.0;19;-950.0;-875.0;?;-19;-26
-134.0;25;-947.0;-866.0;-783.0;?;-20
-114.0;24;-937.0;-874.0;-748.0;-24;-30
-103.0;-18;-945.0;-840.0;-765.0;18;-18
-115.0;-9;-934.0;-849.0;-769.0;?;-21
-106.0;3;-931.0;-863.0;-851.0;-3;-31
-129.0;42;-947.0;-851.0;?;-42;-23
-109.0;72;-968.0;-839.0;-855.0;-72;-19
-81.0;6;-944.0;-849.0;-851.0;?;-18
-109.0;-4;-916.0;-881.0;?;4;-23
-121.0;-6;-943.0;-879.0;-906.0;6;-19
-111.0;3;-949.0;-788.0;?;-3;-19
-121.0;37;-923.0;-816.0;-874.0;-37;-26
-120.0;7;-925.0;-795.0;-817.0;-7;?
-103.0;-20;?;-863.0;-853.0;20;-18
-81.0;-27;-951.0;-796.0;-978.0;27;?
-108.0;5;-952.0;-809.0;-816.0;?;-22
-72.0;21;-925.0;-905.0;-721.0;-21;?
?;-6;-954.0;-913.0;-734.0;?;-20
-95.0;?;-944.0;-862.0;-712.0;-2;-25
-89.0;20;-928.0;-842.0;-698.0;-20;-26
-104.0;36;-949.0;-845.0;-589.0;-36;-18
-108.0;46;-956.0;?;-633.0;?;-17
-90.0;-11;?;-897.0;-705.0;11;-22
-84.0;-57;-947.0;-861.0;-701.0;57;-21
-149.0;-32;-937.0;-851.0;?;32;-23
-152.0;?;-931.0;-815.0;-751.0;?;-23
-118.0;?;-939.0;-811.0;-751.0;-18;-21
-85.0;43;-941.0;-829.0;-731.0;?;-19
-103.0;28;-937.0;-857.0;-741.0;-28;-23
-66.0;71;?;-905.0;?;-71;-29
-116.0;120;-940.0;-839.0;-660.0;-120;-25
-83.0;61;-937.0;-854.0;-697.0;-61;-20
-108.0;-25;?;?;?;25;?
-68.0;-81;-954.0;-897.0;-774.0;81;-18
-84.0;?;-951.0;-834.0;-706.0;36;-21
-131.0;9;-925.0;-806.0;-750.0;-9;-23
-114.0;-32;-926.0;?;-472.0;32;-21
-81.0;-27;-956.0;-891.0;-568.0;27;-17
-117.0;-27;?;-922.0;-784.0;27;-21
-155.0;?;-935.0;-828.0;-993.0;17;-26
-97.0;62;-944.0;-769.0;-895.0;-62;-20
-109.0;84;-928.0;-799.0;-837.0;-84;?
-141.0;46;-939.0;-851.0;-710.0;-46;-17
-92.0;16;?;-919.0;-777.0;-16;-18
-124.0;2;-949.0;-835.0;-698.0;-2;-28
-104.0;?;-976.0;-878.0;-616.0;2;-19
-108.0;-20;-900.0;-873.0;-726.0;20;-27
?;-45;-962.0;-866.0;-810.0;45;-52
-127.0;-25;-946.0;-823.0;-760.0;25;-35
-147.0;16;-912.0;-851.0;-703.0;-16;-21
-130.0;20;-926.0;-799.0;-757.0;-20;?
?;-3;-1004.0;-842.0;-514.0;3;-17
-108.0;-27;-934.0;-940.0;-752.0;27;-24
-119.0;-6;-925.0;-798.0;-1101.0;6;-25
-127.0;22;-928.0;-750.0;-930.0;?;-18
-151.0;9;-908.0;?;-794.0;-9;-17
-125.0;20;-928.0;-774.0;-714.0;?;-19
-120.0;-15;-954.0;?;-767.0;15;-17
-101.0;-21;?;-829.0;-787.0;21;-19
-103.0;33;-931.0;-766.0;-756.0;-33;-19
-94.0;?;-946.0;-827.0;-707.0;-14;-20
-92.0;25;-936.0;-882.0;-689.0;-25;-24
-112.0;38;-930.0;-872.0;-743.0;-38;-22
-99.0;?;-942.0;-835.0;-718.0;?;-18
-74.0;23;-943.0;-809.0;-668.0;-23;-18
-89.0;-55;-948.0;?;-655.0;55;-17
-132.0;-10;-949.0;-870.0;?;?;-23
-101.0;20;-948.0;-858.0;-698.0;-20;-30
-93.0;?;-940.0;?;-629.0;-36;?
-99.0;34;-955.0;-823.0;-768.0;-34;?
-104.0;11;-944.0;-819.0;-727.0;-11;-22
-133.0;21;-928.0;-810.0;-682.0;-21;-18
-118.0;-23;-937.0;-824.0;-677.0;23;-16
-109.0;-56;-939.0;?;-679.0;56;?
-111.0;-80;-948.0;-858.0;-699.0;80;-25
-124.0;-30;-941.0;-865.0;-688.0;30;-22
-147.0;?;-946.0;-873.0;-727.0;-49;-18
-113.0;11;-920.0;-795.0;-628.0;-11;-18
?;-21;-976.0;-834.0;-565.0;21;-18
-112.0;-29;-948.0;-861.0;-703.0;29;?
-154.0;-21;-939.0;-737.0;-826.0;21;-25
-144.0;?;-915.0;-797.0;-814.0;-24;-21
-145.0;-12;-900.0;-788.0;-735.0;12;-17
-131.0;-44;-952.0;-841.0;-712.0;44;-18
-117.0;7;-964.0;-849.0;-727.0;-7;-20
-130.0;?;-947.0;?;-684.0;12;-18
-132.0;?;-965.0;-839.0;?;11;-17
-125.0;-9;-953.0;-828.0;-845.0;9;-21
-118.0;-30;-933.0;-825.0;-757.0;?;-25
?;9;-937.0;-826.0;?;-9;-25
-152.0;-8;-944.0;?;-549.0;8;-24
-141.0;20;-928.0;-872.0;-598.0;-20;-25
-111.0;41;-946.0;-897.0;?;-41;-26
-122.0;4;-954.0;-855.0;-632.0;-4;-23
?;24;-951.0;-828.0;-675.0;-24;?
-118.0;4;-954.0;-840.0;-710.0;-4;-16
-135.0;-12;-944.0;-828.0;-708.0;12;-19
?;32;?;-809.0;-678.0;-32;-25
-100.0;13;-937.0;-848.0;-716.0;-13;-18
?;-11;?;-849.0;-782.0;11;-17
-110.0;0;-950.0;-838.0;-832.0;0;-24
-142.0;-2;-944.0;-869.0;-874.0;?;-18
-170.0;30;-926.0;-820.0;-799.0;-30;?
-144.0;19;-914.0;-872.0;-894.0;-19;-27
?;21;-907.0;-866.0;-943.0;-21;-23
-112.0;?;-915.0;-783.0;?;-26;-20
-120.0;-11;?;-756.0;-816.0;11;-25
-132.0;17;-948.0;-790.0;-824.0;-17;-25
-163.0;13;-948.0;?;-909.0;-13;-17
-146.0;?;?;-882.0;-819.0;9;?
-140.0;3;-940.0;-839.0;-653.0;-3;-22
-156.0;-15;-922.0;-836.0;-526.0;15;-19
-130.0;13;-965.0;?;-641.0;-13;-19
-142.0;39;-942.0;-887.0;-789.0;-39;-15
?;-21;-915.0;?;-782.0;21;-15
-164.0;-21;-907.0;-801.0;-847.0;21;-26
-152.0;-21;-937.0;?;?;?;?
-153.0;-40;-942.0;-784.0;-933.0;40;-16
-113.0;0;-937.0;-763.0;-789.0;0;-22
-142.0;-25;-912.0;-785.0;-770.0;25;-16
-161.0;-11;-931.0;-848.0;-809.0;11;-19
-173.0;57;-953.0;-848.0;?;-57;-13
?;17;-938.0;-832.0;-651.0;-17;-15
-142.0;-20;-934.0;-851.0;-512.0;20;-31
-150.0;?;-940.0;?;-686.0;?;-26
-144.0;5;-944.0;-891.0;-744.0;-5;-23
-149.0;?;-925.0;-828.0;-764.0;-11;-24
-131.0;54;-905.0;?;-809.0;?;-19
-165.0;2;-911.0;-794.0;-908.0;-2;-24
-162.0;-54;-961.0;-767.0;-953.0;54;-25
-157.0;?;-924.0;-785.0;-977.0;3;-24
-151.0;40;-934.0;-776.0;-792.0;-40;-25
-151.0;44;-917.0;-781.0;-790.0;-44;-17
?;10;-929.0;-802.0;-824.0;-10;-16
-154.0;-10;-945.0;-854.0;-780.0;10;-18
-161.0;13;-934.0;-883.0;-715.0;-13;-21
-123.0;?;-914.0;-833.0;-568.0;-21;-26
-131.0;27;-946.0;-943.0;-760.0;-27;-11
-121.0;-6;-947.0;-860.0;-808.0;6;-15
-152.0;-24;-917.0;?;-759.0;24;-26
?;-25;-929.0;-843.0;-729.0;25;-18
-155.0;-30;?;?;-940.0;30;-23
-144.0;17;-920.0;-814.0;?;-17;-30
?;23;-904.0;-767.0;-1044.0;-23;-30
-118.0;?;-908.0;?;-846.0;-1;-20
-156.0;53;-915.0;-746.0;-735.0;-53;-16
-175.0;52;-925.0;-786.0;?;-52;-13
-185.0;-13;-944.0;-782.0;-874.0;13;-14
-136.0;-14;-936.0;-798.0;-728.0;14;-28
-112.0;-2;-937.0;-858.0;-593.0;2;-30
-118.0;13;-941.0;-961.0;?;-13;-26
-126.0;16;?;-910.0;?;-16;-22
?;-38;-933.0;-823.0;-721.0;38;-19
-141.0;?;-898.0;?;-796.0;88;-24
-171.0;-66;-931.0;-801.0;-922.0;66;-21
-133.0;39;-962.0;?;-1034.0;-39;-23
-131.0;111;?;-775.0;-910.0;-111;-26
-91.0;98;?;-717.0;-758.0;-98;-17
-156.0;70;?;-732.0;-826.0;-70;-11
-168.0;21;-941.0;-798.0;-836.0;-21;-18
-119.0;?;-931.0;-813.0;?;21;-26
-132.0;16;-945.0;-821.0;-629.0;-16;-29
-121.0;88;-935.0;-919.0;-731.0;-88;-27
-132.0;128;-921.0;-930.0;-751.0;-128;-25
-114.0;65;-974.0;-846.0;-718.0;-65;-24
-141.0;-54;-896.0;-798.0;-690.0;54;?
-159.0;-87;-865.0;-810.0;-921.0;87;-16
-171.0;-100;-956.0;?;-1164.0;100;-18
-152.0;-99;?;-714.0;-1044.0;99;-24
-129.0;0;-883.0;-747.0;?;0;-30
-151.0;86;-905.0;-758.0;-817.0;-86;-30
?;140;-943.0;-798.0;-936.0;-140;-19
-213.0;?;-956.0;-834.0;-798.0;-146;-9
-170.0;-18;-927.0;-896.0;-714.0;18;-12
-147.0;-110;-929.0;-876.0;-774.0;110;-25
-109.0;-57;-957.0;?;?;57;-31
-143.0;-30;-900.0;-902.0;-685.0;30;-25
-150.0;-2;?;-918.0;-799.0;2;?
-175.0;1;-971.0;-837.0;-748.0;-1;-21
-172.0;7;-888.0;-839.0;-801.0;-7;-22
?;3;-952.0;-833.0;-1013.0;-3;-23
-153.0;-7;-930.0;-736.0;-1066.0;7;-25
-176.0;50;-907.0;-731.0;-958.0;-50;-17
-192.0;39;?;-744.0;?;-39;-10
-158.0;-44;?;?;-919.0;44;-13
-135.0;-52;-965.0;-727.0;-795.0;52;-15
-147.0;-68;-924.0;-893.0;-562.0;?;?
-181.0;?;-923.0;-982.0;-473.0;46;?
-192.0;36;-972.0;-905.0;-581.0;-36;-15
-191.0;26;-1019.0;-980.0;-929.0;-26;-15
-193.0;7;-870.0;-775.0;-1002.0;-7;-23
-171.0;-32;-905.0;?;-1123.0;32;-20
-134.0;-52;-925.0;-725.0;-942.0;52;-23
-131.0;-14;-956.0;-721.0;-895.0;14;-26
-85.0;-23;-922.0;?;-877.0;23;-26
-136.0;-15;-937.0;-832.0;-698.0;15;-27
-176.0;5;-924.0;-728.0;-538.0;-5;?
-173.0;-13;-933.0;-854.0;-684.0;13;-20
-149.0;5;-973.0;-945.0;-902.0;-5;-27
-131.0;36;-962.0;-806.0;-885.0;-36;?
-148.0;21;-886.0;-768.0;-951.0;-21;-20
?;-32;-907.0;?;-847.0;32;-8
-170.0;-83;-952.0;-845.0;-954.0;83;-16
-170.0;-25;?;-849.0;-793.0;25;-30
-52.0;60;?;-838.0;-937.0;-60;-33
-165.0;92;-944.0;-712.0;-927.0;-92;-25
-167.0;?;-875.0;-669.0;-852.0;-76;-15
-155.0;-49;-904.0;-789.0;-760.0;49;?
-158.0;-127;-948.0;-846.0;-910.0;127;-20
?;-86;-931.0;-763.0;-773.0;86;-23
-167.0;-18;-964.0;?;-691.0;18;-29
-197.0;26;?;-829.0;-883.0;-26;-21
-183.0;22;-933.0;-731.0;-686.0;-22;-17
-160.0;11;-952.0;-835.0;-542.0;-11;-22
-146.0;17;-906.0;-826.0;?;?;-21
-138.0;26;-951.0;-844.0;-871.0;-26;-20
-158.0;15;-946.0;-766.0;-930.0;?;-18
-154.0;-16;-925.0;?;-923.0;16;-14
-167.0;-43;-942.0;-756.0;-767.0;43;-18
-183.0;?;-932.0;?;-758.0;47;-21
-172.0;-20;-925.0;-793.0;-779.0;?;-22
-172.0;21;-933.0;-799.0;-826.0;-21;?
-163.0;31;-947.0;-721.0;-707.0;-31;-24
-183.0;22;-957.0;-716.0;-871.0;-22;?
-180.0;32;-930.0;-761.0;-933.0;?;-24
-170.0;28;-931.0;-753.0;-834.0;?;-25
?;10;-924.0;-770.0;-806.0;-10;-21
-161.0;18;?;-807.0;-768.0;-18;-20
-161.0;18;-952.0;-848.0;-731.0;-18;?
-163.0;-1;-948.0;-827.0;-777.0;1;-22
-154.0;9;-924.0;?;-725.0;-9;-28
-160.0;23;-935.0;-783.0;-682.0;-23;-23
-148.0;23;?;-773.0;-737.0;-23;-21
-149.0;41;-939.0;-776.0;-763.0;-41;-21
-129.0;5;-943.0;-797.0;-776.0;-5;-19
?;-32;-940.0;-801.0;-761.0;32;-21
-122.0;-20;-943.0;-833.0;?;?;-22
-142.0;-62;-939.0;-849.0;-832.0;62;-23
-153.0;-22;-919.0;-811.0;-867.0;22;-25
-156.0;55;-944.0;-827.0;-766.0;-55;-22
-109.0;17;-923.0;-779.0;-869.0;?;-23
-158.0;-34;-917.0;-804.0;-791.0;34;-24
-181.0;-54;-945.0;-822.0;-959.0;54;-23
-160.0;-43;?;-797.0;-957.0;43;-23
-117.0;?;-929.0;?;?;8;-22
-141.0;38;-911.0;?;-880.0;-38;-19
-141.0;4;-905.0;-792.0;-895.0;-4;-20
-141.0;-66;?;-773.0;-831.0;66;-24
-156.0;-23;-932.0;-790.0;-801.0;23;-26
-150.0;7;-911.0;-801.0;-743.0;-7;-27
-154.0;-11;-917.0;-835.0;-792.0;11;-23
-135.0;-8;-923.0;-733.0;?;8;-20
-131.0;-13;-934.0;-760.0;-640.0;?;?
-162.0;-22;?;-886.0;-583.0;22;-26
-140.0;-22;-974.0;-912.0;-728.0;22;-25
-123.0;-16;-952.0;-822.0;-757.0;16;-23
-143.0;-4;-937.0;-740.0;?;4;-21
-126.0;0;-916.0;-720.0;-911.0;0;-18
-109.0;?;?;-779.0;?;0;?
-120.0;-10;-943.0;?;-766.0;10;-20
-174.0;-39;?;-770.0;-715.0;39;-20
?;-46;-941.0;?;-774.0;46;-19
-153.0;-44;-939.0;-765.0;-808.0;44;-22
-133.0;-39;-934.0;-802.0;-872.0;39;-23
-124.0;-19;-929.0;-782.0;-873.0;19;-19
-135.0;?;-934.0;-749.0;-822.0;1;-21
-116.0;-2;-916.0;-776.0;-777.0;2;-25
-108.0;-34;-929.0;-850.0;-838.0;34;-19
-141.0;-14;-924.0;-901.0;?;14;-18
-122.0;-4;-941.0;-871.0;-846.0;?;-23
-120.0;-8;-952.0;-859.0;-777.0;8;-23
-90.0;12;-940.0;-802.0;-698.0;-12;?
-90.0;-44;-944.0;-829.0;-661.0;44;-18
-82.0;-36;-949.0;-844.0;-702.0;36;-16
-110.0;-4;-935.0;?;-729.0;4;-22
?;-9;-930.0;-826.0;-827.0;9;-20
-106.0;?;-951.0;-832.0;-907.0;2;-17
-123.0;-31;-961.0;-825.0;-909.0;31;-21
-123.0;-3;?;-794.0;-931.0;3;-22
?;13;-949.0;-823.0;-995.0;-13;?
-117.0;-3;-928.0;-819.0;-970.0;3;-29
-130.0;16;-930.0;-783.0;-905.0;-16;?
-118.0;10;-935.0;-780.0;-882.0;-10;?
-100.0;-27;-946.0;-834.0;-943.0;27;-14
-119.0;?;-952.0;-845.0;-893.0;37;-22
-121.0;14;-939.0;-845.0;-893.0;-14;-20
?;?;-938.0;-887.0;-893.0;-4;?
-112.0;-35;-932.0;-850.0;?;35;-22
-120.0;-22;-913.0;-830.0;-896.0;?;-19
-112.0;-40;-918.0;?;-885.0;40;-18
-122.0;-23;-929.0;-855.0;-872.0;23;-20
-120.0;28;-932.0;-862.0;-841.0;-28;-22
?;6;?;-866.0;-827.0;-6;-19
-125.0;-7;-932.0;-860.0;-844.0;7;?
-136.0;22;-934.0;-855.0;-835.0;-22;-22
?;24;-940.0;-838.0;-828.0;-24;-14
-126.0;22;-938.0;-871.0;-841.0;-22;-24
-129.0;15;-937.0;-858.0;?;-15;-25
-124.0;-6;-932.0;-847.0;-851.0;6;-16
-120.0;3;-931.0;-839.0;-842.0;-3;-20
-120.0;1;-939.0;-863.0;-868.0;?;-24
-141.0;-22;-938.0;-855.0;-851.0;22;-26
-132.0;0;-935.0;-871.0;-853.0;0;-19
-144.0;10;-932.0;?;?;-10;-19
-136.0;-3;?;-851.0;-837.0;3;-27
-114.0;-13;-958.0;-871.0;?;13;-24
-131.0;-22;?;-863.0;-864.0;22;-22
-124.0;?;-926.0;-871.0;-829.0;1;-21
-140.0;-13;-930.0;-852.0;-843.0;13;-20
-95.0;-19;-935.0;?;-860.0;?;?
-122.0;-11;-935.0;-881.0;-855.0;11;-20
-128.0;-9;-924.0;-870.0;-854.0;9;-18
-145.0;1;-932.0;-905.0;-869.0;?;-24
-119.0;-22;-946.0;-936.0;-835.0;?;-25
-156.0;1;-931.0;-871.0;-796.0;-1;-18
-129.0;1;-935.0;-886.0;-836.0;-1;-18
-138.0;-22;-939.0;-882.0;?;22;-21
-123.0;1;-936.0;-862.0;-841.0;-1;-25
-132.0;-18;?;-861.0;-865.0;18;?
-120.0;-21;-929.0;-916.0;?;21;-20
-121.0;12;-938.0;-918.0;-846.0;-12;-22
-122.0;24;-938.0;-923.0;-837.0;-24;-20
-131.0;2;?;-909.0;-843.0;-2;-19
-104.0;-21;?;-903.0;-865.0;?;-22
-124.0;6;-931.0;-876.0;-873.0;-6;-15
-120.0;19;-926.0;-866.0;?;?;-22
-101.0;-14;?;-873.0;-866.0;14;-25
-118.0;-37;-931.0;-884.0;-866.0;?;?
-132.0;-13;-937.0;-897.0;?;13;-25
?;0;-925.0;-895.0;-852.0;0;-25
-111.0;-4;-929.0;-886.0;-861.0;4;-20
-121.0;25;-931.0;-881.0;-873.0;-25;-20
-103.0;-6;-918.0;-863.0;-876.0;6;-24
?;-14;-933.0;-865.0;-881.0;14;-22
-120.0;-4;-929.0;-880.0;-872.0;4;-23
-142.0;-21;-937.0;-877.0;-871.0;21;-28
-120.0;11;-935.0;-865.0;-855.0;?;-25
-120.0;-28;-932.0;?;-831.0;?;-24
-112.0;-29;-934.0;-835.0;-844.0;29;-24
-119.0;?;-927.0;?;-853.0;-4;-23
-114.0;-10;-932.0;-842.0;-853.0;10;-22
-136.0;?;?;-860.0;-849.0;-11;-20
-127.0;-14;-932.0;-874.0;-884.0;14;-26
-111.0;-10;?;-856.0;-869.0;?;-23
-97.0;26;-931.0;-855.0;-879.0;-26;-20
-108.0;-1;-933.0;-876.0;-880.0;1;-21
-123.0;6;-946.0;-881.0;-851.0;-6;-18
-144.0;?;-935.0;-868.0;-860.0;-23;-19
-123.0;-15;-938.0;?;-863.0;15;?
-131.0;-13;-933.0;-850.0;-870.0;13;-23
-112.0;?;-932.0;?;-864.0;?;-21
-111.0;1;-934.0;-855.0;?;-1;-21
-112.0;25;-927.0;-861.0;?;-25;-23
-120.0;24;-933.0;-866.0;-864.0;-24;-24
-113.0;-7;-926.0;-860.0;-885.0;?;-23
-138.0;?;-938.0;-865.0;-881.0;?;-22
-137.0;1;-932.0;-868.0;-901.0;-1;-26
-95.0;?;-925.0;-869.0;-918.0;16;-24
-106.0;5;-932.0;-867.0;-881.0;-5;-18
-119.0;24;-934.0;-878.0;-876.0;-24;-26
-134.0;?;?;-880.0;-873.0;3;-27
-101.0;?;-937.0;-887.0;-865.0;-28;-17
-118.0;10;-937.0;-875.0;?;-10;-18
?;?;-932.0;-895.0;-881.0;18;-21
-115.0;36;-936.0;-889.0;-888.0;-36;-23
-132.0;27;-938.0;-867.0;-874.0;-27;-26
-132.0;10;-937.0;?;-897.0;-10;-23
-111.0;12;-936.0;-873.0;-903.0;-12;-21
-103.0;13;-930.0;-881.0;-857.0;-13;-22
-133.0;?;-946.0;-895.0;-870.0;-6;-19
-117.0;?;-928.0;-875.0;-873.0;10;-21
-116.0;26;-926.0;-873.0;-863.0;-26;-25
?;37;-934.0;-875.0;-897.0;-37;-18
-115.0;-9;-933.0;-898.0;-915.0;9;-20
-129.0;-19;-943.0;-896.0;-910.0;19;-23
-102.0;-10;-936.0;?;-893.0;10;-18
-132.0;1;-937.0;-895.0;-867.0;-1;-21
?;21;-925.0;-874.0;-852.0;-21;-19
-123.0;20;-939.0;-872.0;-886.0;-20;-17
-122.0;30;-935.0;-898.0;-921.0;-30;-19
-98.0;4;-935.0;?;-940.0;-4;-21
-111.0;-18;-934.0;-923.0;-917.0;18;?
-101.0;?;-947.0;-945.0;-926.0;-11;-24
-111.0;-31;-933.0;?;-916.0;31;-21
-101.0;-51;-928.0;-932.0;?;51;-19
-102.0;-2;-934.0;-872.0;-872.0;2;?
-99.0;8;-936.0;-849.0;-880.0;?;?
-106.0;-14;-942.0;-877.0;-877.0;14;?
-122.0;-22;-941.0;-886.0;-878.0;22;-22
-123.0;-4;-933.0;-876.0;-869.0;4;-20
-112.0;-1;-933.0;-878.0;-866.0;1;-17
-94.0;-24;-924.0;-851.0;-881.0;24;-22
-83.0;-11;-926.0;-895.0;-895.0;11;-23
-141.0;11;-936.0;-907.0;-910.0;-11;-19
-80.0;-9;-934.0;-877.0;-873.0;?;-18
-306.0;0;-929.0;-876.0;-856.0;0;-18
-183.0;34;-937.0;-881.0;-869.0;-34;-18
?;23;?;-841.0;-871.0;-23;-17
-54.0;?;-936.0;-844.0;-878.0;-30;-16
-39.0;42;-939.0;-887.0;-868.0;-42;-14
-71.0;4;-943.0;-896.0;-874.0;-4;-14
-63.0;-19;-930.0;-917.0;-836.0;19;-20
-93.0;-29;-929.0;?;-858.0;29;-23
-104.0;-28;-930.0;-921.0;-869.0;28;-21
?;-5;-941.0;-974.0;-878.0;5;-23
-75.0;?;-947.0;-904.0;-846.0;12;-26
-84.0;-3;-936.0;-819.0;-843.0;3;?
-78.0;26;-928.0;?;-823.0;-26;-26
-83.0;-5;-918.0;-605.0;-859.0;5;-25
-77.0;-18;-914.0;-642.0;-876.0;18;-19
-96.0;2;-925.0;-756.0;-902.0;?;-22
-90.0;-23;-935.0;-888.0;?;23;-26
-70.0;?;-935.0;-885.0;?;16;-24
-87.0;13;-935.0;-940.0;?;-13;?
?;-11;-950.0;-952.0;-858.0;11;-24
-92.0;-34;-953.0;-980.0;-844.0;34;-23
-101.0;15;?;-947.0;-821.0;-15;-20
-109.0;?;-943.0;-910.0;-826.0;-20;-20
-79.0;-31;-952.0;-908.0;-842.0;31;-23
-85.0;?;-965.0;-898.0;-850.0;-1;-23
-103.0;2;-946.0;-879.0;-864.0;-2;-19
-79.0;-5;-946.0;-898.0;-868.0;5;-20
-82.0;8;-951.0;-880.0;-874.0;?;-24
-102.0;-22;-947.0;-868.0;-870.0;22;-26
?;-4;-946.0;-893.0;-896.0;4;-21
-90.0;0;-948.0;-891.0;-894.0;0;-20
-70.0;17;-949.0;-901.0;-881.0;-17;-21
-97.0;31;-946.0;-901.0;-859.0;-31;?
-110.0;11;-942.0;-895.0;-859.0;-11;-19
-95.0;22;?;-882.0;-871.0;-22;-26
-98.0;-2;-947.0;-907.0;-867.0;2;-25
?;-18;-945.0;-906.0;-875.0;18;-21
-71.0;-1;-940.0;-914.0;-895.0;1;-22
-89.0;1;-945.0;-913.0;-900.0;-1;-24
?;14;-943.0;-912.0;-902.0;-14;-25
-75.0;?;-945.0;?;-912.0;-23;-22
-84.0;5;-941.0;-901.0;-924.0;-5;-21
-106.0;?;-941.0;-907.0;-928.0;-1;-26
-112.0;29;-943.0;-921.0;-919.0;?;-24
-82.0;44;-939.0;-926.0;-924.0;-44;-20
-64.0;18;-948.0;-909.0;-910.0;-18;-19
-62.0;?;-946.0;?;-892.0;0;-18
-53.0;20;-943.0;-844.0;-887.0;-20;-21
-70.0;2;-933.0;-858.0;-887.0;-2;?
-73.0;-36;-942.0;-872.0;-868.0;36;-23
-55.0;-5;-953.0;-897.0;-862.0;5;?
-58.0;20;?;-910.0;-885.0;-20;?
-53.0;-18;-952.0;-924.0;?;18;?
-40.0;?;-953.0;-912.0;-850.0;?;-20
-28.0;33;-943.0;-937.0;-879.0;-33;-23
-5.0;36;-953.0;-943.0;-855.0;-36;-22
-49.0;-16;-951.0;-921.0;-836.0;16;-16
-2.0;-30;-945.0;-922.0;-895.0;30;-14
-20.0;?;-942.0;-886.0;-835.0;1;-18
-46.0;-24;-938.0;-892.0;-874.0;24;-19
-52.0;-26;-974.0;-885.0;-841.0;26;-23
-77.0;-8;-954.0;-894.0;-848.0;?;-28
?;-25;?;-899.0;-841.0;25;-24
-105.0;-9;-949.0;-881.0;-842.0;9;-21
-98.0;20;-965.0;?;-828.0;-20;-24
-102.0;11;-953.0;?;-792.0;-11;?
-128.0;-10;-948.0;-895.0;-817.0;10;-23
?;19;-962.0;-962.0;-831.0;-19;-25
-75.0;43;-954.0;-953.0;-819.0;-43;-25
-90.0;11;-966.0;-973.0;-812.0;?;-20
-91.0;-2;-972.0;?;-794.0;2;-18
-102.0;5;-966.0;-975.0;-806.0;-5;-21
?;-10;-960.0;-932.0;-803.0;10;-25
?;-1;-962.0;-937.0;-828.0;1;-24
-101.0;24;?;-946.0;-834.0;-24;-20
?;1;-954.0;-912.0;-848.0;?;-23
?;-15;-949.0;-894.0;-843.0;15;-25
-132.0;6;-946.0;-906.0;-884.0;-6;-22
?;-23;-943.0;-882.0;-929.0;23;-20
-108.0;-23;-949.0;-881.0;-934.0;23;?
-108.0;-1;-942.0;-865.0;-962.0;1;-24
-123.0;-21;-935.0;-848.0;-994.0;21;-20
-96.0;-4;-937.0;-859.0;-940.0;4;-20
-114.0;-11;-956.0;?;-930.0;11;-19
-107.0;-15;-937.0;-895.0;-920.0;15;-22
-90.0;20;-946.0;-866.0;-867.0;-20;-21
-101.0;?;-954.0;-847.0;-826.0;6;-20
-83.0;-12;-955.0;-864.0;-740.0;12;?
-110.0;29;?;-866.0;-727.0;?;-16
-90.0;21;-948.0;?;-751.0;-21;?
-118.0;10;-958.0;-909.0;-768.0;-10;-25
-98.0;8;?;-922.0;-746.0;-8;-23
-83.0;-11;-948.0;-908.0;-842.0;11;-26
-91.0;-1;-943.0;-887.0;-833.0;1;?
?;?;-949.0;-890.0;-858.0;-18;-19
-84.0;24;-951.0;?;-883.0;-24;-21
-84.0;-10;-949.0;-883.0;-867.0;10;-20
-60.0;-14;-945.0;-872.0;-861.0;14;?
-55.0;23;-945.0;-857.0;-871.0;-23;-17
-56.0;4;-948.0;-875.0;-861.0;-4;-23
-48.0;-10;-948.0;-880.0;-829.0;10;-22
-62.0;-14;-950.0;?;-844.0;14;-21
-40.0;2;-953.0;-912.0;-848.0;-2;-22
-81.0;26;-950.0;-912.0;-821.0;-26;-23
-59.0;34;?;-917.0;-842.0;-34;-24
-46.0;37;?;-898.0;-857.0;-37;?
-20.0;-10;-953.0;-902.0;-858.0;10;-21
-44.0;-15;-953.0;-869.0;-848.0;15;?
-21.0;2;?;-821.0;-825.0;-2;-25
-25.0;?;-954.0;-866.0;-826.0;13;-24
-30.0;-11;-957.0;-888.0;-816.0;11;-22
-31.0;-20;-951.0;-876.0;-803.0;20;-28
-24.0;-12;-960.0;-915.0;?;12;-24
-18.0;15;-960.0;-938.0;-776.0;-15;-20
-33.0;4;-961.0;-941.0;-775.0;-4;-27
-51.0;4;-966.0;-948.0;-760.0;-4;-25
-33.0;11;-962.0;-953.0;-736.0;-11;-22
-37.0;-9;-967.0;-940.0;-730.0;9;-26
-51.0;2;-949.0;-933.0;?;-2;-21
-20.0;16;-975.0;-939.0;-714.0;?;-23
-22.0;7;-974.0;-953.0;-723.0;-7;?
-41.0;-2;-972.0;-965.0;-722.0;2;-19
-22.0;-11;-975.0;-963.0;-744.0;11;-21
-21.0;-2;-973.0;-949.0;-712.0;?;-22
-70.0;2;-972.0;-963.0;-733.0;-2;-20
-72.0;0;-972.0;?;-734.0;0;-23
-55.0;-3;-973.0;-961.0;-734.0;3;-23
-18.0;-25;-974.0;-952.0;-725.0;25;-27
-27.0;-23;-976.0;-968.0;-727.0;23;-27
-26.0;8;-977.0;-987.0;-740.0;-8;-13
-9.0;6;-970.0;-991.0;-765.0;-6;-19
-20.0;2;-973.0;-966.0;-730.0;-2;-22
11.0;12;-972.0;?;-733.0;-12;-18
32.0;-15;-976.0;-949.0;-709.0;15;-25
2.0;-13;-977.0;-944.0;-640.0;13;-25
-20.0;17;-981.0;?;-719.0;-17;-27
-20.0;-23;-983.0;-983.0;-785.0;23;-26
-34.0;-13;-979.0;-974.0;-810.0;13;-24
-49.0;28;-983.0;-982.0;-865.0;-28;?
-24.0;9;-982.0;-962.0;-870.0;-9;-18
-5.0;-8;-965.0;-973.0;-890.0;8;-16
1.0;?;-960.0;-972.0;-875.0;34;-16
?;-9;-956.0;-967.0;-882.0;9;-18
-37.0;-14;-954.0;-971.0;-921.0;14;-22
-47.0;-44;-962.0;-917.0;-904.0;44;-23
-29.0;-9;-961.0;-911.0;-901.0;9;-19
0.0;-9;-968.0;-939.0;-857.0;9;?
35.0;0;-977.0;-960.0;-807.0;0;-21
5.0;26;-985.0;-976.0;-854.0;-26;-20
-18.0;15;-961.0;-990.0;-885.0;-15;-18
-29.0;?;-974.0;-986.0;-891.0;?;-19
-61.0;?;-967.0;-963.0;-834.0;1;-19
-60.0;-48;?;-976.0;?;48;?
?;-62;-966.0;-983.0;-732.0;62;-24
-67.0;-32;-973.0;-989.0;?;?;-22
-92.0;6;-993.0;-1025.0;?;-6;?
-94.0;36;-998.0;?;-694.0;-36;-18
-96.0;11;-1005.0;-1029.0;-755.0;-11;-21
-78.0;-14;-978.0;-980.0;-724.0;14;?
-80.0;25;?;-957.0;-765.0;-25;-20
-58.0;17;-952.0;-926.0;-820.0;-17;-18
-53.0;-17;-963.0;-922.0;-790.0;?;?
-78.0;6;-946.0;?;-788.0;?;-26
?;1;-951.0;?;-807.0;-1;-21
-72.0;-6;-964.0;-967.0;?;?;-16
-54.0;25;-976.0;-969.0;-806.0;-25;-22
-68.0;?;?;?;-801.0;3;-19
-91.0;-18;-962.0;-958.0;-763.0;18;-20
-71.0;0;-960.0;-958.0;-763.0;0;-25
-81.0;-10;?;-951.0;-795.0;10;-21
-54.0;1;-955.0;-921.0;?;-1;?
-48.0;-22;-952.0;-903.0;-758.0;22;-21
-66.0;-23;?;-912.0;-735.0;23;-17
-37.0;7;?;?;-749.0;-7;-22
-56.0;13;-952.0;-935.0;?;-13;-23
?;23;-962.0;-919.0;-760.0;-23;-21
-59.0;-6;-953.0;-926.0;-747.0;6;-18
-56.0;-3;-957.0;-979.0;-734.0;3;-23
-49.0;-13;-970.0;-974.0;-735.0;13;-20
-54.0;-29;-975.0;?;-717.0;29;-15
-34.0;15;?;-958.0;-698.0;-15;-24
-21.0;14;?;-939.0;-714.0;-14;-23
-19.0;-1;-979.0;-943.0;-708.0;1;-15
-30.0;-1;-975.0;-949.0;-713.0;1;-15
-30.0;-17;-967.0;-944.0;?;17;-19
-51.0;14;-974.0;-930.0;-699.0;-14;-21
-37.0;18;?;-935.0;-683.0;-18;-21
-30.0;-21;-976.0;-942.0;-699.0;21;-23
?;14;-986.0;-951.0;-695.0;-14;?
-30.0;8;-979.0;-964.0;?;-8;-17
-50.0;-9;-975.0;-963.0;-735.0;9;-23
-58.0;13;-979.0;-947.0;-742.0;-13;-24
?;-23;-980.0;-936.0;-728.0;23;-19
-47.0;-17;-982.0;-936.0;-723.0;?;-17
-37.0;17;-980.0;-933.0;-732.0;-17;-19
-43.0;-13;-978.0;-935.0;-741.0;13;-19
-37.0;-15;-981.0;-940.0;-730.0;15;-22
-52.0;-16;?;-949.0;-730.0;16;-22
-31.0;-32;-980.0;-952.0;?;?;-19
-68.0;14;-982.0;-948.0;-719.0;-14;-22
-81.0;23;?;-961.0;-734.0;?;-23
-81.0;2;-976.0;-957.0;-782.0;-2;-25
-67.0;20;-980.0;-967.0;-786.0;?;-21
-53.0;20;?;-948.0;-766.0;-20;-14
-57.0;11;-977.0;-933.0;-753.0;-11;-23
-22.0;-4;-980.0;-938.0;-775.0;4;-27
-63.0;-27;-971.0;?;-827.0;27;-18
-66.0;4;?;?;-824.0;-4;-18
-38.0;22;-970.0;?;-839.0;-22;-21
-66.0;11;-977.0;-934.0;-815.0;-11;-19
?;1;-979.0;-961.0;-797.0;-1;-21
-69.0;-40;-986.0;-961.0;-754.0;40;-22
-79.0;-18;?;-963.0;-816.0;18;-21
-87.0;3;-976.0;-956.0;-825.0;-3;-22
-111.0;-12;-970.0;-935.0;-827.0;12;-20
?;16;-968.0;-926.0;-819.0;-16;-21
-91.0;33;-975.0;-927.0;-848.0;-33;-26
-70.0;28;-984.0;-925.0;-869.0;-28;-22
-74.0;-4;-984.0;-933.0;-846.0;4;-19
-76.0;-35;-971.0;-915.0;-881.0;35;-20
-65.0;-45;-975.0;-901.0;-835.0;45;-18
?;-28;-969.0;-904.0;-897.0;28;-20
-100.0;-1;-974.0;-943.0;-883.0;?;-22
-106.0;-15;-964.0;-910.0;-881.0;15;?
-104.0;-21;-963.0;-890.0;-875.0;21;-19
-84.0;2;-976.0;-925.0;-855.0;-2;-21
-108.0;13;-974.0;-928.0;-850.0;-13;-20
-98.0;?;-963.0;-925.0;?;-10;-21
-82.0;-8;-963.0;-918.0;-891.0;8;-28
-101.0;-10;-974.0;-915.0;-899.0;10;-26
-117.0;28;-963.0;-881.0;-886.0;-28;?
-132.0;21;-957.0;-887.0;-891.0;-21;?
-121.0;0;-965.0;-888.0;-907.0;0;-22
-122.0;11;-964.0;-882.0;-886.0;-11;-21
-129.0;-7;-969.0;-908.0;-894.0;7;-17
-87.0;-13;-961.0;-899.0;-902.0;13;-16
?;-6;-966.0;?;-903.0;6;-20
-95.0;?;-957.0;-883.0;-875.0;-8;-18
?;7;-965.0;?;?;-7;-19
?;1;?;-907.0;-924.0;-1;-22
-101.0;22;-963.0;-891.0;-879.0;-22;-19
-89.0;-3;-964.0;-929.0;-874.0;3;-22
-84.0;2;-960.0;-924.0;-827.0;-2;-20
-94.0;26;-972.0;-942.0;-922.0;-26;-18
-89.0;?;-959.0;-913.0;-858.0;?;-20
-80.0;23;-952.0;-885.0;-869.0;-23;-20
-57.0;26;-961.0;-872.0;?;?;-24
-99.0;-2;-961.0;-878.0;-867.0;2;-21
-72.0;-11;-958.0;-839.0;-847.0;11;-21
?;7;-962.0;-842.0;-830.0;-7;-21
-70.0;?;-960.0;-820.0;?;5;-20
-83.0;-11;-960.0;-822.0;-815.0;11;-24
-80.0;21;-963.0;-792.0;-804.0;-21;-20
?;-3;-954.0;-772.0;-749.0;3;-22
-87.0;-31;-964.0;-751.0;-717.0;31;?
-102.0;?;-953.0;-734.0;-695.0;12;-21
-101.0;15;-959.0;-719.0;-645.0;-15;-25
-71.0;23;-955.0;-709.0;-636.0;-23;-22
-73.0;-6;-954.0;-710.0;-629.0;6;-26
-73.0;-6;-956.0;-713.0;-618.0;6;-27
-92.0;-1;-962.0;-706.0;-641.0;1;-21
-90.0;-13;-956.0;-697.0;-642.0;?;-20
?;-11;?;-697.0;-640.0;11;-22
-71.0;-21;-957.0;-682.0;-645.0;21;-23
-80.0;-17;-956.0;-681.0;-645.0;17;?
-81.0;11;-954.0;?;-647.0;-11;-18
-91.0;24;-958.0;-696.0;-654.0;-24;-23
-90.0;3;-954.0;-688.0;-660.0;?;-22
-80.0;?;-961.0;?;-656.0;-3;-11
?;22;-959.0;-701.0;-662.0;-22;?
-65.0;?;-962.0;-712.0;?;?;-25
-65.0;20;-963.0;?;-644.0;-20;-25
-70.0;11;-958.0;?;?;-11;-19
-83.0;-12;-961.0;-695.0;-633.0;?;-18
-109.0;26;-962.0;-704.0;-651.0;-26;-21
-80.0;37;-963.0;?;-656.0;?;-23
-70.0;3;-962.0;-704.0;-659.0;-3;-20
-77.0;10;-961.0;-705.0;-661.0;?;-17
-92.0;2;?;-698.0;-662.0;-2;-18
-73.0;-8;-962.0;-690.0;-660.0;?;-20
-80.0;11;-961.0;-684.0;?;-11;-20
-81.0;-16;-961.0;-677.0;-658.0;16;-18
-81.0;-23;-968.0;-680.0;-653.0;23;-19
-71.0;15;-960.0;-688.0;-645.0;-15;-18
-70.0;17;-960.0;-696.0;?;-17;-19
-61.0;-2;-961.0;-700.0;-654.0;2;-21
-92.0;1;-961.0;-691.0;-660.0;?;-21
-96.0;2;-964.0;-684.0;-652.0;-2;-21
-97.0;-16;?;-684.0;-645.0;16;-19
-85.0;-21;-961.0;-697.0;-652.0;21;-25
-57.0;?;-964.0;-689.0;-645.0;3;-28
-90.0;-1;-966.0;-681.0;-653.0;1;?
-80.0;0;-962.0;-679.0;-655.0;0;-25
-97.0;?;-960.0;-680.0;-651.0;-12;-22
-94.0;-5;-959.0;-666.0;-641.0;5;-25
-91.0;-3;-962.0;-681.0;-655.0;3;-25
?;?;?;-678.0;-656.0;-12;-20
-61.0;-16;-961.0;-682.0;-651.0;16;-20
-61.0;-11;-962.0;-690.0;-655.0;11;-20
-82.0;30;?;-687.0;-652.0;-30;-22
-81.0;16;-961.0;-686.0;-650.0;-16;?
-81.0;-5;-958.0;-685.0;?;5;-17
-82.0;21;-962.0;-697.0;-655.0;-21;?
-77.0;4;-959.0;-686.0;-654.0;-4;?
-73.0;-32;-958.0;-682.0;-648.0;?;-22
-85.0;16;-961.0;-696.0;-661.0;-16;-18
-92.0;50;-962.0;-713.0;-663.0;-50;-16
?;5;-961.0;-709.0;-669.0;-5;?
-75.0;?;-959.0;-702.0;?;5;-21
-91.0;24;-959.0;-703.0;?;-24;-20
?;23;-961.0;-718.0;-666.0;-23;-18
-81.0;1;-961.0;?;-665.0;-1;-25
?;-34;-961.0;-698.0;-666.0;?;-22
?;?;-958.0;?;-657.0;?;-19
-91.0;10;?;-708.0;-652.0;?;-23
-110.0;-23;-961.0;-717.0;-652.0;23;-22
-90.0;-23;-962.0;-730.0;-646.0;23;-24
-90.0;-19;-966.0;-727.0;-630.0;19;-25
-82.0;-24;-959.0;-712.0;-623.0;24;-23
-109.0;-14;-966.0;-733.0;-650.0;?;-26
-105.0;25;-962.0;-719.0;?;-25;-25
-79.0;42;-959.0;-720.0;-644.0;-42;-21
-54.0;-23;-963.0;-712.0;-641.0;23;-22
-77.0;-39;-959.0;-701.0;-650.0;39;-23
-71.0;10;?;-704.0;-651.0;-10;-26
-87.0;-1;-958.0;-711.0;-672.0;1;-23
-82.0;-6;-958.0;-707.0;-673.0;6;-18
?;-1;-958.0;-705.0;-659.0;1;-24
-101.0;-22;-959.0;-716.0;-678.0;22;-24
-120.0;12;-959.0;?;-708.0;?;-20
-101.0;18;?;-741.0;-697.0;-18;-23
-90.0;19;-963.0;-755.0;-698.0;-19;-25
-86.0;27;?;-723.0;-712.0;-27;-23
?;-33;-959.0;-730.0;-701.0;33;-23
-63.0;-30;-965.0;-733.0;-696.0;30;?
-67.0;-3;?;-733.0;-696.0;?;-21
-102.0;?;-957.0;?;-719.0;30;-18
-64.0;-22;-958.0;-810.0;-762.0;22;-25
-49.0;1;-958.0;-841.0;?;-1;-27
-59.0;-21;-959.0;-860.0;-803.0;21;-18
-83.0;-35;?;-858.0;?;35;-21
-69.0;-12;-957.0;?;-847.0;12;-22
?;11;?;-824.0;-846.0;?;-19
-107.0;8;-966.0;-793.0;-820.0;-8;-20
-90.0;0;-963.0;-780.0;-836.0;0;-21
-92.0;-10;-953.0;-783.0;?;10;-22
-81.0;-15;-966.0;-801.0;-838.0;15;-24
-90.0;10;-954.0;-817.0;-841.0;-10;-24
-72.0;-3;-955.0;-814.0;-821.0;3;-21
-92.0;-22;-956.0;-836.0;?;22;?
-77.0;-10;-956.0;-856.0;-809.0;10;-23
-69.0;-21;-962.0;?;-792.0;21;-19
-58.0;-13;-966.0;-903.0;?;?;-25
-67.0;-20;-966.0;-914.0;-768.0;20;-27
?;-36;-971.0;-922.0;-762.0;36;-20
-79.0;-12;?;-931.0;-787.0;12;-24
-72.0;-1;-968.0;?;-795.0;1;-24
-62.0;-19;-970.0;-919.0;-771.0;19;-19
-69.0;-25;-966.0;-901.0;-785.0;25;?
-69.0;-12;-970.0;-919.0;-822.0;12;-20
-90.0;-13;-967.0;-903.0;-819.0;13;-21
-56.0;-5;?;-892.0;-817.0;5;-24
-69.0;11;-964.0;-882.0;-846.0;-11;-19
-101.0;-7;-963.0;-868.0;-825.0;7;-23
-79.0;-16;-965.0;?;-834.0;?;?
-72.0;5;-961.0;-864.0;-842.0;-5;-18
-82.0;12;-968.0;-886.0;-851.0;-12;-17
-81.0;12;-963.0;-913.0;-853.0;-12;-23
-82.0;11;?;-933.0;-790.0;-11;-22
-98.0;-7;-952.0;-963.0;-796.0;7;-17
-93.0;-21;?;-902.0;-760.0;21;-18
-75.0;-17;-958.0;-899.0;-817.0;?;-21
-67.0;-8;-951.0;-876.0;-778.0;8;-23
-92.0;-12;-952.0;-864.0;-777.0;12;-22
-97.0;-10;-961.0;-897.0;?;?;-20
-89.0;-16;-960.0;-883.0;?;16;-21
-99.0;-46;?;-884.0;-741.0;46;-25
-111.0;-14;-962.0;?;-744.0;14;-18
-74.0;12;-957.0;-890.0;-737.0;?;-16
-61.0;-14;-962.0;-886.0;-734.0;14;-23
-91.0;-10;?;-908.0;-747.0;10;-23
-93.0;-17;-961.0;?;-754.0;17;-20
-99.0;-16;-960.0;-884.0;-760.0;16;-19
-95.0;20;-961.0;-881.0;-750.0;-20;-26
-111.0;-6;-960.0;-874.0;-760.0;?;?
-99.0;-16;?;-880.0;-762.0;16;-14
?;22;-960.0;-885.0;-757.0;-22;-25
-102.0;13;?;-892.0;-754.0;-13;-24
-63.0;27;-960.0;-896.0;-761.0;-27;-20
?;21;-960.0;-904.0;-769.0;-21;-18
-96.0;0;-964.0;-897.0;-768.0;0;-18
-83.0;25;-962.0;-934.0;-775.0;?;-27
-72.0;23;?;-1009.0;-825.0;-23;-26
-64.0;14;-963.0;-1033.0;-883.0;-14;-19
-40.0;-8;-955.0;-992.0;-864.0;?;-23
-51.0;?;-966.0;-965.0;-888.0;25;-26
9.0;-1;-952.0;?;-924.0;1;-21
-57.0;11;-952.0;-949.0;-908.0;-11;-19
-52.0;11;-957.0;-873.0;-884.0;-11;-21
?;14;-960.0;-778.0;-830.0;-14;-22
?;6;-962.0;-814.0;-795.0;-6;-22
-36.0;24;-973.0;-849.0;?;?;-21
-54.0;29;-983.0;-854.0;-747.0;-29;-17
-42.0;12;-974.0;-859.0;-747.0;-12;-17
-25.0;22;-978.0;-902.0;-746.0;-22;-22
-38.0;14;-958.0;-971.0;-748.0;?;?
4.0;21;-990.0;-969.0;-796.0;-21;-14
-25.0;33;-978.0;-965.0;-812.0;-33;-16
-22.0;?;-999.0;-957.0;-866.0;-2;?
-21.0;-9;-990.0;-940.0;-839.0;9;-23
?;18;?;-969.0;-745.0;-18;-20
-39.0;31;-969.0;-988.0;-694.0;-31;-19
-19.0;-8;?;-1001.0;?;8;-23
-23.0;-39;-972.0;-995.0;-655.0;39;-25
?;-11;-973.0;-979.0;-578.0;11;-23
-22.0;11;-991.0;-955.0;-652.0;-11;-22
-44.0;2;-970.0;-936.0;-667.0;-2;-21
-35.0;7;-926.0;-918.0;-637.0;-7;-22
-30.0;14;?;-966.0;-608.0;-14;-26
-30.0;11;?;-981.0;-634.0;-11;-21
-30.0;?;-999.0;-978.0;-596.0;-10;-15
-31.0;-10;-988.0;-992.0;-624.0;10;-21
-24.0;1;-978.0;-987.0;-603.0;-1;-22
-23.0;49;-974.0;-973.0;-609.0;-49;-19
-55.0;5;-977.0;-991.0;-617.0;-5;-19
-55.0;-35;-979.0;-994.0;-582.0;35;-19
-31.0;-6;-980.0;?;-664.0;6;-16
?;-10;-986.0;-975.0;-665.0;10;-20
-30.0;3;-977.0;-965.0;-677.0;-3;?
?;28;-978.0;-952.0;-680.0;-28;-29
-29.0;8;-986.0;-951.0;-671.0;?;-21
-17.0;1;-986.0;-964.0;-660.0;-1;-23
-12.0;-15;-988.0;-964.0;-663.0;15;-25
-21.0;-22;-985.0;?;-648.0;22;-26
-21.0;11;-986.0;-969.0;-663.0;-11;-22
-15.0;-11;-983.0;-971.0;-662.0;11;-23
-15.0;-10;-987.0;-982.0;-666.0;10;-25
-19.0;9;-985.0;-981.0;-650.0;-9;-20
-32.0;-37;?;-978.0;-655.0;37;-17
-43.0;-25;-991.0;-980.0;-658.0;?;-21
-32.0;13;-983.0;-977.0;-639.0;-13;-26
-28.0;-5;-984.0;-976.0;-655.0;5;-26
-32.0;-6;-987.0;-1002.0;-640.0;6;-24
-19.0;0;-981.0;-976.0;?;0;-24
-51.0;3;-995.0;-981.0;-696.0;-3;-23
-41.0;22;-977.0;-980.0;-712.0;-22;-22
-61.0;1;-987.0;-975.0;?;-1;-18
?;-27;-983.0;-972.0;-712.0;27;-22
-44.0;-33;-984.0;-965.0;-721.0;33;-27
?;-11;-980.0;-977.0;?;11;-25
-66.0;23;-982.0;?;-693.0;-23;-22
-72.0;5;-979.0;-981.0;-696.0;-5;-22
-60.0;-18;-978.0;-970.0;-639.0;18;-25
-22.0;-28;-980.0;-974.0;-645.0;28;-24
-39.0;-29;-983.0;-973.0;-662.0;29;?
-54.0;-3;-979.0;-967.0;-619.0;3;-19
-50.0;11;-977.0;-956.0;?;-11;-24
-51.0;?;-971.0;-948.0;-598.0;15;-23
-59.0;-31;-975.0;?;-579.0;31;-18
-53.0;5;-970.0;-954.0;-578.0;-5;-23
-30.0;2;-970.0;-959.0;-593.0;-2;-23
-41.0;-6;-969.0;-951.0;?;6;-18
-37.0;23;-967.0;-952.0;-587.0;-23;-22
-21.0;6;-965.0;-945.0;?;-6;-22
-45.0;3;-960.0;-948.0;-602.0;-3;-18
-50.0;?;-959.0;-944.0;-595.0;-11;-21
-32.0;-25;-959.0;-938.0;-590.0;25;-22
-18.0;-13;-955.0;-935.0;-582.0;13;?
-24.0;12;-955.0;-943.0;-565.0;-12;-20
-34.0;-9;-957.0;-946.0;-552.0;9;-17
-20.0;10;-955.0;-949.0;-541.0;-10;-18
-35.0;21;-956.0;-947.0;-526.0;-21;-20
-27.0;-6;?;-956.0;-511.0;6;-22
-18.0;19;-956.0;?;-511.0;-19;-27
-13.0;34;-956.0;-971.0;-514.0;-34;-25
?;-11;-956.0;-964.0;-504.0;11;-21
?;-24;-958.0;-974.0;-510.0;24;-21
-40.0;10;-953.0;-969.0;?;-10;-24
-29.0;19;-955.0;-966.0;-509.0;-19;-24
-34.0;-15;-956.0;-962.0;-515.0;15;-21
-33.0;-13;-958.0;-960.0;-530.0;13;-22
-13.0;25;-956.0;-954.0;-533.0;-25;-26
-29.0;1;-953.0;-952.0;-529.0;-1;-25
-22.0;?;-956.0;-956.0;-532.0;-19;-25
-27.0;?;-954.0;-960.0;-531.0;-6;-23
-28.0;-28;-955.0;-957.0;-517.0;28;-18
-40.0;20;-957.0;?;-518.0;-20;-20
-19.0;-12;-959.0;-972.0;-514.0;12;-20
-28.0;4;-957.0;-962.0;-518.0;-4;-21
-31.0;35;-959.0;-969.0;-519.0;-35;-24
-15.0;-13;-960.0;-962.0;-524.0;13;-20
-8.0;-22;?;-960.0;-524.0;22;-20
-39.0;-31;-960.0;?;-532.0;31;-25
-30.0;-11;-958.0;-969.0;-533.0;11;-23
-30.0;9;-960.0;-966.0;-535.0;-9;-21
-19.0;-9;-961.0;-954.0;?;9;-22
-23.0;-6;-960.0;-956.0;-536.0;6;-22
-29.0;13;-962.0;-969.0;-534.0;-13;-20
-17.0;22;-962.0;-965.0;-532.0;?;-18
-27.0;10;-961.0;?;-526.0;-10;-25
-43.0;?;-960.0;-965.0;-525.0;13;-23
-34.0;3;-961.0;?;-529.0;-3;-22
-30.0;23;-960.0;-961.0;-532.0;-23;-26
-25.0;?;-960.0;-954.0;-521.0;-11;-24
-17.0;11;-959.0;-957.0;-532.0;-11;-22
-22.0;12;-960.0;-961.0;-536.0;-12;-18
-17.0;12;-962.0;?;?;-12;-21
-39.0;10;-960.0;-966.0;-525.0;-10;?
-12.0;14;-957.0;-958.0;-537.0;-14;-20
-29.0;22;-961.0;-963.0;-540.0;?;-26
-38.0;-4;-958.0;-965.0;-528.0;4;-25
?;-22;-958.0;-957.0;-524.0;22;-19
-21.0;-20;-960.0;-957.0;-536.0;20;-22
-21.0;-19;-959.0;-960.0;-534.0;19;-24
-16.0;?;-959.0;-954.0;-525.0;-6;?
?;12;-958.0;-962.0;-532.0;-12;-24
-33.0;-1;-957.0;-963.0;-535.0;?;-21
-26.0;3;-957.0;-963.0;-531.0;-3;-17
-13.0;-38;-957.0;-962.0;-529.0;38;?
?;-23;-957.0;-961.0;-529.0;23;-18
-14.0;35;?;-956.0;-531.0;-35;-17
-15.0;-7;-958.0;-962.0;-528.0;7;-21
-23.0;-19;-958.0;-969.0;-522.0;19;-21
-18.0;11;-960.0;-965.0;-520.0;-11;-21
-30.0;?;-957.0;-955.0;-529.0;-2;-23
-10.0;-12;-954.0;-962.0;-526.0;12;-21
?;4;-960.0;-970.0;-528.0;-4;-22
-39.0;22;-961.0;-968.0;-528.0;-22;-25
-15.0;5;-958.0;-957.0;-527.0;-5;-23
-5.0;-1;-959.0;-957.0;-530.0;1;-21
-30.0;-3;-958.0;-960.0;-520.0;3;-20
13.0;-10;-958.0;-959.0;-521.0;10;?
-24.0;2;-956.0;-970.0;-529.0;-2;-18
?;1;-956.0;-959.0;-514.0;-1;-19
-1.0;-2;-958.0;?;-513.0;2;-22
-12.0;12;-956.0;-967.0;-517.0;-12;-23
-16.0;?;?;?;-517.0;-28;-21
-19.0;17;?;-959.0;-514.0;?;?
-30.0;0;-957.0;-964.0;-509.0;0;-24
-12.0;?;-957.0;-961.0;-508.0;18;-24
-27.0;-31;-960.0;-959.0;-506.0;31;-20
-30.0;11;-956.0;?;-512.0;-11;-21
-20.0;10;-956.0;-967.0;?;-10;?
-2.0;-23;-956.0;?;?;23;-17
-29.0;?;-956.0;-959.0;-506.0;-13;-20
-8.0;17;-957.0;-957.0;?;?;-26
?;-11;?;-959.0;-513.0;11;-19
-31.0;0;-956.0;?;?;?;-22
-23.0;-8;-955.0;-959.0;-510.0;8;-22
?;-20;-957.0;-967.0;-504.0;20;-15
-23.0;1;?;-963.0;-509.0;-1;?
?;3;-955.0;-959.0;-507.0;-3;?
?;-10;-955.0;?;-507.0;10;-24
-42.0;-6;-956.0;-963.0;-503.0;6;-22
-49.0;3;-956.0;-963.0;-511.0;-3;-23
-36.0;-1;-957.0;-962.0;-513.0;1;-26
-11.0;1;-960.0;-966.0;-515.0;-1;-25
-19.0;20;-961.0;-958.0;?;-20;-25
-10.0;12;-960.0;-967.0;-532.0;-12;-20
8.0;-8;-955.0;-969.0;-555.0;?;?
-31.0;11;-956.0;-966.0;-551.0;?;-19
-19.0;20;-954.0;-965.0;?;?;-23
-32.0;-9;-958.0;-960.0;-575.0;9;-27
-13.0;-6;-959.0;-966.0;-579.0;6;-27
-13.0;15;-961.0;-965.0;-593.0;-15;?
-6.0;-4;-961.0;-961.0;?;4;-20
-16.0;-22;-955.0;-968.0;-641.0;22;-23
15.0;5;-959.0;-966.0;-680.0;?;-18
12.0;?;-961.0;-955.0;-679.0;-3;-19
-17.0;-33;-967.0;-960.0;-722.0;33;-26
26.0;-5;-968.0;-952.0;-726.0;5;-22
-17.0;12;-974.0;-949.0;-705.0;-12;-21
7.0;-1;-973.0;-955.0;?;1;?
-17.0;13;?;-951.0;-700.0;-13;-25
-1.0;12;-975.0;?;-706.0;-12;-30
-31.0;18;-977.0;-970.0;-661.0;-18;-30
-25.0;23;-978.0;-956.0;-618.0;-23;-17
11.0;?;-979.0;-968.0;-611.0;3;-18
-5.0;-6;-984.0;-981.0;-633.0;6;-23
-7.0;12;-984.0;-976.0;-631.0;-12;-16
-18.0;12;-979.0;-953.0;?;-12;-17
-6.0;18;-983.0;-955.0;-726.0;-18;-22
4.0;?;-983.0;-976.0;-699.0;-27;-16
-12.0;16;-973.0;-982.0;?;-16;-17
-15.0;11;-971.0;-983.0;-707.0;-11;-26
-15.0;-1;-981.0;-985.0;-669.0;?;-19
-14.0;?;-972.0;-990.0;-618.0;12;-17
-23.0;?;-984.0;-983.0;-604.0;-9;-30
-25.0;?;-977.0;-989.0;?;3;-23
-60.0;-25;-990.0;-967.0;-578.0;25;-11
-13.0;-7;-978.0;-978.0;-574.0;7;-21
-2.0;-45;-974.0;-978.0;-591.0;45;-27
-51.0;-73;-985.0;-968.0;?;73;-20
-27.0;4;-974.0;-957.0;-581.0;-4;?
-22.0;9;-985.0;-958.0;-603.0;-9;-20
-32.0;-28;-973.0;?;-591.0;28;-17
?;-6;-987.0;-976.0;-588.0;6;-20
29.0;?;-978.0;?;-593.0;10;-19
-20.0;-13;-978.0;-987.0;-621.0;?;-19
-3.0;-7;-985.0;-983.0;-608.0;7;?
-23.0;-15;-980.0;-974.0;-622.0;15;-24
-40.0;-8;?;-990.0;?;8;-18
-14.0;-25;-1000.0;-987.0;-638.0;?;-21
-15.0;20;-974.0;-986.0;-615.0;-20;?
-32.0;198;-973.0;-992.0;-621.0;-198;-12
-18.0;401;-972.0;-985.0;-626.0;-401;-35
-69.0;668;-970.0;?;-583.0;-668;-6
-40.0;746;-970.0;-981.0;-553.0;-746;9
-65.0;659;-966.0;-994.0;-534.0;-659;-28
-88.0;557;?;-998.0;-752.0;-557;-3
-85.0;337;-985.0;-977.0;-974.0;-337;14
-85.0;?;-970.0;-963.0;-1008.0;-301;13
-95.0;?;-984.0;-974.0;-929.0;-116;12
-115.0;-135;-966.0;-958.0;-934.0;135;-19
-83.0;-149;-973.0;-968.0;-804.0;149;-24
-46.0;-273;-977.0;-963.0;?;273;?
-47.0;-279;-972.0;?;-811.0;279;-27
-34.0;-209;-972.0;-924.0;-728.0;209;-28
38.0;-173;-977.0;-958.0;-725.0;173;-21
44.0;-127;-973.0;-977.0;-793.0;127;-16
64.0;-166;-961.0;-961.0;-850.0;166;-19
41.0;-130;-957.0;-945.0;-874.0;130;?
51.0;-7;-955.0;-917.0;-974.0;?;-29
20.0;78;-950.0;?;-998.0;-78;-38
30.0;35;?;?;-1025.0;?;-6
31.0;?;-945.0;-846.0;-996.0;-26;-34
39.0;?;-929.0;-889.0;-1000.0;42;-29
31.0;-50;-773.0;-897.0;-1011.0;50;-8
41.0;284;-968.0;-935.0;-965.0;-284;-182
45.0;244;-916.0;?;-971.0;-244;-136
63.0;-15;-867.0;-980.0;-967.0;15;-98
41.0;276;-912.0;?;-968.0;?;-105
48.0;845;-1000.0;-985.0;-1002.0;-845;61
44.0;1366;-970.0;-988.0;-997.0;-1366;28
?;1604;-930.0;-948.0;-952.0;-1604;-20
?;1610;-960.0;-921.0;-924.0;-1610;-151
?;1964;-981.0;-957.0;-933.0;-1964;-69
66.0;2864;-999.0;-978.0;-942.0;-2864;245
99.0;3486;-981.0;-965.0;-936.0;-3486;204
111.0;3542;-955.0;-947.0;-917.0;?;82
70.0;3244;-962.0;-969.0;-895.0;-3244;32
74.0;1990;-978.0;-991.0;-918.0;-1990;-2
59.0;958;-974.0;-1002.0;-922.0;-958;-89
14.0;19;-964.0;-992.0;-922.0;-19;-5
58.0;-991;-954.0;-969.0;-923.0;991;219
45.0;-754;-969.0;-974.0;-950.0;754;124
38.0;-854;-969.0;-958.0;-948.0;854;-51
56.0;-614;-959.0;-926.0;-938.0;614;-183
93.0;306;-984.0;-943.0;-946.0;-306;-26
?;475;-990.0;-963.0;-952.0;-475;64
71.0;?;-974.0;-951.0;-952.0;-451;-194
48.0;213;?;-948.0;-944.0;-213;-78
68.0;97;-948.0;-932.0;-902.0;-97;23
?;-14;-964.0;-954.0;-887.0;14;-51
70.0;-212;-967.0;-973.0;-886.0;212;-11
?;-58;-963.0;-964.0;-888.0;58;-24
51.0;102;-978.0;-947.0;-891.0;-102;8
49.0;113;-973.0;?;-901.0;-113;28
45.0;49;-966.0;-970.0;-904.0;-49;?
71.0;119;-956.0;-944.0;-907.0;?;43
60.0;200;?;-974.0;-936.0;-200;-29
?;-56;-958.0;-971.0;-954.0;56;-145
40.0;-138;-934.0;?;-957.0;138;-104
55.0;?;-954.0;-938.0;-945.0;-133;-24
44.0;53;-951.0;-927.0;?;-53;?
43.0;-128;-976.0;-962.0;-948.0;128;-112
62.0;?;-958.0;-980.0;-947.0;32;-10
51.0;-28;-952.0;?;-933.0;28;-39
61.0;?;-954.0;-944.0;-913.0;23;-29
42.0;65;?;?;-921.0;?;16
50.0;-29;-951.0;-972.0;-931.0;29;-132
40.0;-514;-990.0;-952.0;-924.0;?;81
71.0;-1724;-962.0;-949.0;-940.0;1724;?
?;-3039;-962.0;?;-937.0;3039;-477
55.0;-3082;-958.0;-961.0;?;3082;669
69.0;-2378;-968.0;?;-949.0;2378;363
27.0;-2332;-968.0;-974.0;-957.0;2332;-156
19.0;-2621;-965.0;-961.0;-943.0;2621;194
58.0;?;-963.0;-965.0;-950.0;2417;123
?;-1813;-959.0;-964.0;-942.0;1813;12
77.0;-1175;-955.0;-968.0;-951.0;1175;-117
?;-761;?;-965.0;-959.0;?;38
57.0;-555;?;-957.0;-933.0;555;-15
38.0;-366;-948.0;-953.0;-926.0;366;-196
58.0;-153;-973.0;-973.0;-945.0;153;-45
58.0;22;-973.0;-984.0;-980.0;-22;-50
105.0;49;-968.0;-979.0;-957.0;-49;-39
85.0;-52;-958.0;-968.0;-954.0;52;-1
61.0;-103;?;-954.0;-938.0;103;-21
61.0;-119;-953.0;-951.0;-926.0;119;-15
73.0;-153;-947.0;-942.0;-922.0;?;-27
81.0;-90;-945.0;-949.0;?;90;-34
82.0;34;-968.0;-973.0;-952.0;-34;-30
96.0;75;-967.0;-973.0;-950.0;-75;-20
96.0;7;-961.0;-970.0;?;?;-22
77.0;-55;-939.0;-969.0;-946.0;55;-19
85.0;-38;-974.0;?;-959.0;38;-15
72.0;-21;-989.0;-976.0;-946.0;?;-19
83.0;-16;-966.0;-967.0;-959.0;16;-15
92.0;?;-916.0;-941.0;-921.0;-5;-21
?;?;-939.0;-930.0;-909.0;21;-21
102.0;-43;-944.0;-957.0;-936.0;43;-20
93.0;-19;-975.0;-978.0;-948.0;?;-27
73.0;-11;-976.0;-991.0;-950.0;11;-19
?;29;-976.0;-994.0;-961.0;-29;?
71.0;59;-964.0;-980.0;-953.0;-59;-18
93.0;14;?;-971.0;-951.0;-14;-21
99.0;?;-972.0;-964.0;-947.0;27;?
78.0;-7;-951.0;-955.0;-932.0;7;-22
84.0;3;-970.0;-952.0;-945.0;-3;-20
73.0;-22;-968.0;-959.0;-941.0;?;-20
64.0;-3;-969.0;-972.0;?;3;-21
91.0;14;-974.0;?;-947.0;-14;-25
82.0;12;-951.0;-947.0;-938.0;-12;?
93.0;11;?;-945.0;-944.0;-11;-23
97.0;0;-959.0;-935.0;-935.0;0;-20
89.0;20;-959.0;?;-947.0;-20;-23
92.0;-1;-959.0;-959.0;-946.0;1;-25
83.0;-41;-952.0;-957.0;-931.0;41;-26
71.0;7;-954.0;-963.0;-929.0;-7;-25
90.0;?;-959.0;-961.0;-940.0;-32;-20
101.0;2;-961.0;-960.0;-938.0;-2;-21
?;18;-959.0;-966.0;-947.0;-18;-22
98.0;5;-959.0;-963.0;-938.0;-5;-20
80.0;-29;-957.0;-963.0;-933.0;?;-26
81.0;-1;-955.0;-959.0;-936.0;1;-30
84.0;23;?;-956.0;-943.0;-23;-20
107.0;14;-959.0;-953.0;-950.0;-14;-18
91.0;3;-957.0;-952.0;-948.0;-3;-24
101.0;?;-951.0;-957.0;-940.0;0;-24
85.0;-1;-951.0;-965.0;-932.0;1;-24
100.0;-13;-955.0;?;-939.0;13;-27
100.0;-21;-960.0;-950.0;-961.0;21;-25
94.0;-22;-953.0;?;-947.0;22;-21
104.0;-16;-952.0;-953.0;-943.0;16;-19
99.0;1;-957.0;-962.0;-937.0;-1;-23
102.0;10;?;-971.0;-938.0;-10;-23
81.0;-29;-969.0;?;-930.0;29;-21
101.0;-34;-963.0;-966.0;-929.0;34;-22
?;20;-960.0;-961.0;-928.0;-20;-19
85.0;-5;-959.0;-963.0;-925.0;5;?
?;-12;?;?;?;12;-23
95.0;33;-964.0;?;-934.0;-33;-21
78.0;6;-963.0;?;-940.0;-6;-19
82.0;-11;-961.0;-966.0;-936.0;11;-17
80.0;-4;-960.0;-967.0;-938.0;4;-22
85.0;-35;-955.0;?;-931.0;?;-27
99.0;-49;-956.0;-951.0;-948.0;49;-23
94.0;-94;-963.0;-955.0;?;94;-18
101.0;?;-959.0;-958.0;-943.0;?;-19
152.0;-24;?;-951.0;-944.0;24;-26
144.0;?;-955.0;-964.0;-954.0;?;-28
37.0;?;-960.0;-965.0;-969.0;-64;-24
20.0;120;-957.0;-950.0;-973.0;-120;-24
32.0;33;-953.0;-940.0;-965.0;-33;-23
85.0;36;-952.0;-934.0;-930.0;-36;-22
128.0;46;-951.0;?;-922.0;-46;-23
148.0;?;?;-957.0;-908.0;-53;-21
121.0;89;-965.0;-964.0;-913.0;-89;-27
164.0;73;-968.0;?;-917.0;-73;-15
117.0;37;-965.0;-969.0;-933.0;-37;-2
116.0;22;-966.0;-965.0;-971.0;?;-23
28.0;21;-960.0;-931.0;?;-21;-28
141.0;52;-934.0;-852.0;-1084.0;-52;?
80.0;75;-967.0;?;-959.0;-75;?
55.0;27;-946.0;-882.0;-830.0;?;-14
71.0;-29;-945.0;-965.0;-834.0;29;-12
?;-32;-961.0;-1018.0;-781.0;32;-22
96.0;-30;-957.0;-1018.0;-712.0;30;-36
100.0;-38;-971.0;-1016.0;-752.0;38;-41
70.0;-15;-1018.0;-1020.0;-717.0;15;-30
64.0;?;-1052.0;-1018.0;?;?;-18
65.0;-44;-1071.0;-1020.0;-681.0;44;-18
?;-32;-1034.0;-1012.0;?;32;-25
33.0;-48;-1028.0;-1007.0;-479.0;48;-28
25.0;-58;-959.0;-995.0;-493.0;58;-24
37.0;-15;-1036.0;-980.0;?;15;-24
9.0;-3;-999.0;-933.0;-542.0;3;-24
-7.0;-23;?;-897.0;?;23;-21
10.0;?;-967.0;?;-638.0;11;-22
73.0;2;-992.0;-853.0;-614.0;-2;-23
57.0;-13;-964.0;-899.0;-607.0;13;?
68.0;-29;-991.0;-955.0;?;?;-20
51.0;-28;-992.0;-959.0;-589.0;28;-19
105.0;?;-966.0;-970.0;-576.0;?;-23
75.0;23;-968.0;-991.0;-605.0;-23;-25
81.0;-13;-965.0;-995.0;?;13;-20
?;-22;-963.0;-979.0;-679.0;22;-25
75.0;3;?;-971.0;?;?;-20
102.0;12;-957.0;-974.0;-667.0;-12;-16
100.0;-2;-959.0;-953.0;-670.0;2;-24
84.0;-20;-950.0;-967.0;-654.0;20;?
88.0;-13;-955.0;-986.0;-626.0;13;-18
77.0;-18;-966.0;-997.0;-630.0;18;-22
74.0;-41;-950.0;-980.0;-666.0;41;-22
116.0;-21;-962.0;-962.0;-647.0;21;-26
?;0;-976.0;-956.0;-615.0;0;-22
111.0;-19;-956.0;-951.0;-647.0;19;-18
103.0;-10;-978.0;-956.0;-649.0;10;-28
95.0;15;-998.0;-949.0;-626.0;-15;-23
64.0;3;-969.0;?;-631.0;-3;-16
79.0;4;?;-962.0;-605.0;-4;-21
?;-1;-996.0;-957.0;-612.0;1;-19
?;-22;-987.0;-956.0;-622.0;22;-22
71.0;6;-978.0;-963.0;-576.0;-6;-25
71.0;2;-983.0;-953.0;-584.0;-2;-19
73.0;-9;-973.0;-960.0;-571.0;9;-15
82.0;0;-974.0;-949.0;-522.0;0;-22
102.0;-22;-972.0;-956.0;-527.0;22;-27
120.0;-14;?;-948.0;-513.0;?;-22
85.0;5;-980.0;?;-515.0;?;-18
92.0;22;-979.0;-956.0;?;-22;-22
102.0;11;-965.0;-949.0;-489.0;?;-18
?;-25;-977.0;-949.0;-500.0;25;?
94.0;1;-989.0;-935.0;-514.0;-1;-23
?;9;-976.0;-936.0;-522.0;-9;-22
112.0;-40;-975.0;-933.0;-524.0;40;-23
101.0;-16;-973.0;-926.0;-518.0;16;-22
101.0;11;-952.0;-920.0;-501.0;-11;?
81.0;-27;-973.0;-923.0;-502.0;27;-16
90.0;-22;-970.0;-932.0;-498.0;22;-16
71.0;-1;-983.0;-939.0;-475.0;1;-25
111.0;?;-977.0;-953.0;-471.0;-2;-24
113.0;?;-985.0;-958.0;-465.0;7;-23
105.0;-26;-978.0;-959.0;-461.0;26;-25
106.0;-3;-980.0;-938.0;?;3;-21
104.0;23;-982.0;-941.0;-463.0;-23;-23
?;-11;-969.0;-937.0;-469.0;11;-21
85.0;-28;-972.0;-941.0;-480.0;28;-18
?;-10;-980.0;-941.0;-484.0;10;-23
88.0;4;-975.0;-947.0;-482.0;-4;-26
62.0;-2;-971.0;-942.0;-478.0;2;-25
92.0;-21;-979.0;-946.0;-482.0;21;-19
96.0;?;?;?;-476.0;5;-18
61.0;1;-969.0;-942.0;-479.0;-1;-24
81.0;-25;?;-948.0;-478.0;25;-21
84.0;-28;-975.0;?;-478.0;28;-21
109.0;4;-977.0;-953.0;-477.0;-4;?
93.0;13;-973.0;-950.0;-465.0;-13;-21
94.0;?;-979.0;-947.0;-471.0;9;-17
75.0;7;-976.0;-952.0;-471.0;-7;?
103.0;24;-976.0;-950.0;?;-24;-17
91.0;-11;-980.0;-938.0;-467.0;11;-16
104.0;-20;-967.0;-947.0;-470.0;20;?
101.0;-10;-973.0;-954.0;-463.0;10;-19
89.0;-16;-973.0;-949.0;?;16;-20
84.0;13;-975.0;-948.0;-466.0;-13;-20
88.0;13;-970.0;-950.0;-463.0;-13;-22
68.0;-12;-985.0;-950.0;-453.0;12;-25
107.0;1;?;?;-454.0;-1;-21
111.0;-7;-974.0;-952.0;-447.0;7;-21
?;-7;-987.0;?;-449.0;7;-23
101.0;12;-979.0;-945.0;-456.0;?;-24
100.0;9;-974.0;-949.0;-453.0;-9;-24
91.0;15;-981.0;-946.0;?;?;-24
104.0;22;-981.0;-949.0;-446.0;-22;-21
?;-3;-974.0;-950.0;-464.0;3;-17
105.0;-33;-980.0;-949.0;-464.0;33;-22
?;-16;-980.0;-947.0;-454.0;16;-22
?;6;-979.0;-943.0;-470.0;-6;-17
132.0;-2;-973.0;-953.0;-475.0;?;-23
91.0;?;?;-946.0;-467.0;10;-25
91.0;-2;-975.0;-947.0;-466.0;2;-19
112.0;-5;-974.0;-946.0;-479.0;5;-21
103.0;-49;-977.0;-953.0;-492.0;49;-20
93.0;-39;-985.0;-950.0;-489.0;39;-19
81.0;4;-975.0;?;-486.0;-4;-22
101.0;1;-976.0;-955.0;-500.0;?;-21
100.0;-14;-981.0;-954.0;-510.0;14;-25
81.0;-40;?;-951.0;-533.0;40;-20
81.0;?;-978.0;-943.0;-524.0;-3;-20
82.0;28;-986.0;-948.0;-557.0;-28;-24
75.0;-26;?;-937.0;-558.0;26;-22
?;?;-971.0;-946.0;-576.0;?;-22
?;-18;-985.0;-952.0;-593.0;18;-17
49.0;?;-982.0;?;-620.0;?;?
42.0;1;-976.0;-961.0;-628.0;-1;-30
59.0;15;-982.0;-950.0;-640.0;-15;-22
30.0;10;-976.0;?;-624.0;?;-21
50.0;1;-960.0;-966.0;?;-1;?
25.0;13;-959.0;-966.0;-574.0;-13;-21
?;-6;-962.0;-971.0;-559.0;6;-25
14.0;-26;-969.0;-981.0;-535.0;26;-29
19.0;-18;-985.0;-972.0;-545.0;18;-19
30.0;-8;-981.0;-980.0;-564.0;8;-18
21.0;19;-1002.0;-966.0;-577.0;-19;-24
30.0;23;?;-983.0;-620.0;-23;-19
17.0;-17;-977.0;-973.0;-675.0;17;-27
26.0;-31;-982.0;-959.0;-646.0;31;-29
?;-1;-973.0;-964.0;-594.0;?;-24
1.0;11;-972.0;-971.0;-600.0;?;-20
14.0;-8;-981.0;-974.0;-587.0;8;-10
6.0;?;-979.0;-967.0;?;18;-22
20.0;?;-958.0;?;-555.0;29;-25
?;?;-965.0;-971.0;-596.0;31;-16
1.0;-34;-973.0;-958.0;-594.0;34;?
?;-31;-973.0;?;-612.0;?;?
8.0;-11;-964.0;-972.0;-632.0;11;-19
19.0;-14;-961.0;?;-631.0;14;-22
11.0;4;-973.0;-977.0;-622.0;-4;-22
20.0;-19;?;-975.0;-643.0;19;-24
?;-53;-960.0;-979.0;-661.0;53;-23
11.0;-10;-969.0;-965.0;?;10;-21
?;10;-962.0;-964.0;-652.0;-10;-23
43.0;32;-957.0;-984.0;-676.0;-32;-21
?;46;-974.0;?;-678.0;-46;-20
66.0;6;-967.0;-977.0;-673.0;-6;-21
59.0;-9;?;-971.0;-687.0;9;?
39.0;1;-964.0;-968.0;?;-1;-17
26.0;9;-955.0;-969.0;-673.0;-9;-19
?;22;-953.0;-971.0;-672.0;?;-21
46.0;15;-964.0;-975.0;?;-15;-23
35.0;-7;-961.0;-987.0;-667.0;7;-26
45.0;-24;-969.0;-987.0;-676.0;24;-27
68.0;-42;?;-984.0;?;42;-27
91.0;-37;-953.0;-976.0;-555.0;?;-29
61.0;-26;-956.0;-978.0;-613.0;26;?
60.0;-45;-964.0;-954.0;-722.0;45;-23
40.0;-50;-974.0;-928.0;-946.0;50;-24
38.0;-17;-989.0;-937.0;-1059.0;17;-20
35.0;-9;-1010.0;?;-1007.0;9;-27
50.0;?;-939.0;?;-851.0;8;-21
61.0;23;?;-997.0;-862.0;-23;-20
58.0;9;-995.0;-1019.0;-948.0;-9;-23
50.0;5;-991.0;-1006.0;-788.0;-5;?
73.0;-4;-951.0;-1009.0;?;4;-22
?;-43;-948.0;-1005.0;-761.0;43;-22
34.0;2;-950.0;-954.0;-714.0;-2;-26
66.0;-12;-945.0;-954.0;-718.0;12;-26
?;-46;-982.0;-983.0;-887.0;46;?
29.0;5;-987.0;-955.0;-943.0;-5;-25
57.0;10;-971.0;?;-930.0;-10;-21
91.0;0;-958.0;-985.0;?;0;-24
40.0;5;-965.0;-971.0;-1050.0;-5;?
64.0;-14;-943.0;-954.0;-1034.0;14;?
56.0;-19;?;-963.0;-1002.0;19;-24
58.0;-6;-959.0;-946.0;-965.0;6;-16
83.0;13;-959.0;-936.0;-957.0;-13;-18
79.0;24;-964.0;-938.0;-955.0;?;?
63.0;-2;-970.0;-942.0;-964.0;2;-23
69.0;?;-957.0;-954.0;-942.0;0;-22
58.0;34;-960.0;-958.0;-948.0;?;-26
63.0;13;-963.0;-952.0;-960.0;-13;-23
55.0;-21;-958.0;-961.0;-960.0;21;-16
33.0;-22;-952.0;-962.0;-955.0;22;-18
58.0;?;-964.0;-966.0;-966.0;22;-19
61.0;-12;-954.0;-936.0;?;?;-21
61.0;?;-958.0;-940.0;-974.0;?;-21
61.0;25;-952.0;-939.0;-956.0;-25;-16
?;23;?;-942.0;?;?;-17
31.0;3;-952.0;-954.0;-956.0;-3;-17
42.0;4;-960.0;-972.0;-961.0;?;-19
65.0;-13;-956.0;-962.0;-950.0;13;-22
50.0;?;-958.0;-955.0;-951.0;?;-23
35.0;0;?;-946.0;?;0;-19
48.0;-30;-952.0;-951.0;-945.0;30;-16
24.0;-38;?;-941.0;-944.0;?;-22
37.0;-14;?;-949.0;-953.0;14;-24
40.0;-11;-961.0;-966.0;-953.0;?;-20
39.0;-7;-959.0;-965.0;-958.0;?;?
48.0;2;-957.0;-959.0;-957.0;-2;-19
58.0;11;-954.0;?;-948.0;-11;-19
71.0;15;-959.0;-963.0;-946.0;?;-17
45.0;-4;-954.0;-953.0;-954.0;4;-16
29.0;-5;-956.0;-954.0;-956.0;5;?
?;18;-955.0;-953.0;-944.0;?;?
61.0;10;-954.0;-955.0;-942.0;-10;-20
59.0;1;-964.0;-961.0;-949.0;?;-23
52.0;4;-961.0;-954.0;-953.0;-4;-22
61.0;-6;-960.0;-949.0;-953.0;6;?
47.0;19;-955.0;-954.0;-951.0;-19;-16
56.0;29;?;-958.0;-944.0;-29;-14
39.0;-12;-958.0;?;-944.0;12;-25
35.0;-12;-963.0;-952.0;?;12;?
?;-14;-958.0;-959.0;-951.0;14;-18
35.0;-22;-957.0;-958.0;-951.0;22;-23
36.0;26;-960.0;-952.0;-947.0;-26;-20
22.0;21;-964.0;-958.0;-947.0;-21;?
11.0;?;?;-958.0;-941.0;33;-20
26.0;-15;-964.0;-961.0;-954.0;15;-23
?;-4;-963.0;-964.0;-945.0;4;-23
30.0;-19;-962.0;-971.0;-946.0;19;-21
40.0;-18;-969.0;-971.0;-956.0;18;-22
29.0;8;-978.0;-1003.0;-980.0;-8;-23
17.0;11;-984.0;-982.0;-992.0;-11;-20
-1.0;-4;-931.0;?;-989.0;4;-19
16.0;?;-984.0;-900.0;?;-36;-24
17.0;-6;-964.0;-930.0;-902.0;6;-23
11.0;-23;-947.0;-874.0;-883.0;23;-19
29.0;-4;-926.0;-838.0;-811.0;4;-22
19.0;?;?;-845.0;-804.0;?;-23
9.0;11;?;-913.0;-822.0;-11;-24
3.0;17;-961.0;-975.0;?;-17;-24
6.0;-9;-992.0;-962.0;?;9;-21
5.0;-19;-1000.0;-955.0;-793.0;19;-20
-11.0;?;-985.0;?;-793.0;42;-18
1.0;-21;-976.0;-876.0;-733.0;21;-17
-39.0;-14;?;-829.0;-710.0;14;-21
-29.0;7;-966.0;?;?;-7;-22
-12.0;-28;-943.0;-806.0;-737.0;28;-16
-31.0;-27;-954.0;-794.0;?;27;-18
-30.0;23;-967.0;-801.0;-774.0;-23;-23
-26.0;-18;-974.0;-827.0;-792.0;18;-19
-5.0;-11;-968.0;-848.0;?;11;-21
-21.0;11;-945.0;?;?;-11;-28
-47.0;-9;-959.0;?;-772.0;9;-20
-18.0;10;-960.0;?;-784.0;-10;-19
5.0;9;-956.0;-857.0;-796.0;-9;-22
-13.0;?;-954.0;-860.0;-806.0;10;-16
-19.0;7;-959.0;?;-807.0;-7;-21
5.0;10;-947.0;-885.0;?;-10;-20
-29.0;-8;-950.0;-863.0;-832.0;8;-15
-2.0;-26;-945.0;-873.0;-837.0;26;-23
-20.0;-30;-940.0;-869.0;?;30;?
?;-11;-941.0;-855.0;-811.0;11;-23
-20.0;-11;?;-871.0;-822.0;11;-20
-1.0;6;?;-874.0;?;-6;-19
-33.0;28;?;-863.0;-811.0;-28;-17
?;?;-947.0;-874.0;?;?;-18
-24.0;-21;-949.0;-888.0;-822.0;?;-23
-15.0;-3;-948.0;-886.0;-818.0;3;-24
-9.0;8;-951.0;-877.0;-819.0;-8;-24
-11.0;?;-955.0;-874.0;-821.0;17;-21
-7.0;-8;-949.0;-869.0;-814.0;8;-20
-24.0;30;-951.0;-873.0;?;-30;?
-26.0;22;-959.0;-881.0;-808.0;-22;-24
-11.0;-7;-954.0;?;-805.0;7;?
-10.0;-19;-955.0;?;-811.0;19;-21
-18.0;-22;-959.0;-880.0;-819.0;22;-21
-21.0;-20;-945.0;-878.0;-820.0;20;-20
?;-22;-955.0;-865.0;-800.0;22;-22
0.0;-21;-954.0;-857.0;-809.0;21;?
-13.0;-11;?;-878.0;-817.0;11;-25
-27.0;-11;-963.0;-872.0;-823.0;11;-29
7.0;-4;-946.0;-861.0;-809.0;4;-22
?;0;-959.0;-870.0;-812.0;0;-15
-2.0;?;-954.0;-862.0;-821.0;12;-17
?;-10;-953.0;-860.0;-817.0;10;-19
-23.0;16;-949.0;-862.0;-805.0;-16;-26
-20.0;27;-952.0;-860.0;-804.0;?;-16
-21.0;-18;-950.0;-856.0;-817.0;18;-15
-7.0;?;-955.0;-839.0;-810.0;24;-23
?;2;?;-839.0;-805.0;-2;-21
-18.0;1;?;-841.0;-798.0;-1;-26
?;13;-952.0;-839.0;-804.0;-13;-22
-18.0;-15;?;-830.0;-797.0;15;-17
-30.0;-26;-952.0;-853.0;-808.0;26;-20
-10.0;29;-955.0;-843.0;-808.0;?;?
-19.0;2;-958.0;-854.0;-797.0;?;-18
-11.0;-43;-970.0;-869.0;?;43;-19
-20.0;-6;-953.0;-836.0;-811.0;6;-21
-9.0;-14;-953.0;-817.0;-818.0;14;?
?;-31;-949.0;-832.0;-805.0;31;-22
-26.0;17;-949.0;-836.0;-798.0;-17;-24
-18.0;21;-956.0;?;-794.0;-21;-20
-23.0;?;-945.0;?;-800.0;-20;-20
-12.0;56;-957.0;-844.0;-809.0;-56;-21
-7.0;31;-951.0;-844.0;-798.0;-31;-23
?;6;-958.0;?;-821.0;-6;-22
-23.0;-6;?;-855.0;-804.0;?;-19
?;-19;-941.0;?;-779.0;?;-22
-9.0;19;-956.0;-857.0;-800.0;-19;-22
-10.0;6;-954.0;-847.0;-797.0;-6;-23
-10.0;-28;-955.0;-858.0;-791.0;28;?
-9.0;-6;-949.0;-842.0;?;6;-21
-2.0;13;-935.0;-822.0;-792.0;-13;-17
-10.0;-12;?;-818.0;-763.0;12;-19
-13.0;-15;-958.0;?;-759.0;?;-22
-17.0;30;-945.0;-769.0;-711.0;-30;?
-11.0;15;-951.0;-760.0;-682.0;-15;-20
-1.0;4;-949.0;-738.0;-645.0;-4;-22
0.0;8;-943.0;-721.0;?;-8;-24
-34.0;-9;-954.0;?;-586.0;9;-17
-19.0;27;-947.0;-714.0;-576.0;-27;-17
-25.0;26;-951.0;-718.0;-591.0;-26;-22
-7.0;-1;-954.0;-715.0;-586.0;1;-22
-38.0;3;-951.0;-678.0;?;?;-24
-5.0;2;-962.0;-685.0;-577.0;?;-23
-27.0;12;-958.0;-656.0;-579.0;-12;-17
-40.0;?;-949.0;-664.0;?;-13;-17
-10.0;6;?;-627.0;-544.0;-6;-23
-20.0;-10;?;-571.0;-537.0;?;-22
-19.0;-23;-957.0;-571.0;-532.0;23;-20
-5.0;-20;-962.0;-582.0;-542.0;20;-20
-6.0;-21;-966.0;-557.0;-540.0;?;-20
-20.0;?;?;-561.0;-518.0;5;?
-27.0;10;-962.0;-552.0;-514.0;-10;-24
-15.0;-20;-969.0;?;-503.0;20;?
-6.0;-27;-955.0;-523.0;-498.0;27;-24
-30.0;-9;-971.0;-521.0;-494.0;9;-21
-25.0;-10;-964.0;-513.0;-481.0;10;-21
-10.0;-6;-967.0;-522.0;-483.0;6;-22
-26.0;-29;-976.0;-522.0;-475.0;29;-22
-38.0;-16;-964.0;?;-458.0;16;-21
-42.0;-1;-966.0;-502.0;?;1;-21
0.0;-20;-966.0;-493.0;-459.0;20;-23
-31.0;?;-961.0;-479.0;?;1;-21
-30.0;-6;-964.0;-465.0;-452.0;6;-21
-13.0;0;?;-495.0;-467.0;0;-21
3.0;12;-965.0;-434.0;?;-12;-21
?;-21;?;-470.0;-457.0;21;-23
-30.0;-31;-966.0;-502.0;-483.0;31;-23
-13.0;-31;-958.0;-512.0;-476.0;31;-23
7.0;-43;-968.0;-525.0;-479.0;43;-23
11.0;-28;-974.0;-524.0;-501.0;28;-23
8.0;-1;-967.0;-560.0;-510.0;1;-24
9.0;-18;-960.0;-593.0;-493.0;18;-23
-27.0;-19;-965.0;-586.0;-513.0;19;-24
-7.0;11;-986.0;-667.0;-572.0;-11;-25
-7.0;-11;-1003.0;-727.0;-667.0;11;-21
-11.0;-24;-963.0;-724.0;-696.0;24;?
-19.0;-24;-954.0;?;?;24;-23
-20.0;-31;?;-736.0;-775.0;31;-23
-34.0;-21;-949.0;-722.0;-721.0;21;-20
-58.0;?;-945.0;-732.0;-747.0;21;-19
-25.0;-12;-989.0;-758.0;?;12;-25
?;-16;-970.0;-723.0;-646.0;16;?
-21.0;-13;-942.0;-732.0;-638.0;13;-23
-13.0;15;-943.0;-846.0;-658.0;-15;-32
-24.0;-10;-939.0;-870.0;-695.0;10;?
-38.0;-34;-943.0;-852.0;-713.0;34;-24
-28.0;-6;?;?;-725.0;6;-25
-24.0;1;-949.0;-866.0;-735.0;-1;?
-33.0;6;-944.0;-919.0;-778.0;-6;-30
-21.0;?;-952.0;-902.0;?;-8;-29
-20.0;-20;-967.0;-904.0;-755.0;20;-16
-20.0;-6;-954.0;-896.0;-753.0;6;?
-29.0;?;-954.0;-847.0;-704.0;-9;-25
-40.0;-8;-943.0;-839.0;-728.0;8;-22
-20.0;13;-955.0;-834.0;-731.0;-13;-21
?;19;-948.0;-821.0;-742.0;-19;-21
-6.0;-9;?;-823.0;-771.0;9;-22
-15.0;-2;-939.0;-835.0;-774.0;2;?
-17.0;-9;?;-859.0;-754.0;9;?
-30.0;-27;-944.0;?;-739.0;27;?
-31.0;-17;-943.0;-854.0;-750.0;17;-26
-2.0;-23;-944.0;?;-746.0;23;-26
-27.0;-22;-943.0;-848.0;-742.0;22;-24
-17.0;7;-945.0;-883.0;-727.0;-7;-24
-15.0;15;?;-884.0;-733.0;-15;-23
-22.0;12;-948.0;?;-737.0;-12;-26
-19.0;10;-948.0;?;-734.0;?;-23
-21.0;-13;-939.0;-835.0;-751.0;13;-14
-1.0;-31;-947.0;-837.0;-751.0;31;-22
0.0;-33;-945.0;-851.0;-753.0;33;-23
-10.0;-19;-947.0;-835.0;-759.0;19;-17
3.0;21;-954.0;-842.0;-754.0;-21;-19
3.0;12;-953.0;-854.0;-760.0;-12;-21
-33.0;-33;-953.0;-853.0;-717.0;33;-23
-29.0;-42;-949.0;-860.0;-719.0;42;-28
-28.0;-48;-953.0;-865.0;-720.0;48;-25
-41.0;-12;-961.0;-867.0;-740.0;12;-17
-42.0;16;-956.0;-853.0;-723.0;-16;-21
-37.0;-2;-946.0;-841.0;-731.0;2;-25
-48.0;13;-952.0;-854.0;-722.0;-13;-19
0.0;16;-955.0;-861.0;-728.0;-16;-21
-18.0;-9;-954.0;-860.0;-743.0;9;-25
4.0;-5;-969.0;-883.0;-750.0;5;-20
?;?;-959.0;-908.0;-776.0;21;?
-39.0;-26;-955.0;-987.0;-870.0;26;-27
-40.0;24;-953.0;-1020.0;-911.0;-24;-29
-39.0;?;-955.0;-946.0;-913.0;-12;-21
-7.0;-34;-937.0;-894.0;-890.0;34;-19
-4.0;-10;-926.0;-927.0;-943.0;?;-23
0.0;-2;-954.0;-889.0;-971.0;2;-24
27.0;9;-952.0;-854.0;-890.0;-9;-24
-5.0;45;-917.0;-748.0;-845.0;-45;?
39.0;19;-919.0;-756.0;-815.0;-19;-16
?;?;-918.0;-823.0;-785.0;-3;-24
-12.0;?;-923.0;?;?;10;-26
15.0;-18;?;-954.0;-890.0;18;-23
26.0;2;-996.0;-1067.0;-986.0;-2;-26
33.0;-20;-982.0;-1035.0;-991.0;20;-20
27.0;-26;-970.0;-1057.0;-1005.0;?;-17
41.0;-1;-973.0;-1047.0;-991.0;1;-25
12.0;-7;-954.0;?;-956.0;7;-25
19.0;-24;-958.0;-968.0;-952.0;24;-25
20.0;-19;-962.0;?;-958.0;19;-25
41.0;-10;?;-948.0;-961.0;?;-20
25.0;-9;-958.0;-961.0;-964.0;9;-18
11.0;-10;-963.0;-967.0;-957.0;10;-16
23.0;-9;-968.0;-979.0;-947.0;9;-18
15.0;-12;-957.0;-991.0;-943.0;12;-23
?;-21;-976.0;-989.0;-963.0;21;-21
?;-12;-963.0;-976.0;-958.0;12;-19
36.0;3;-967.0;-985.0;-943.0;-3;-21
22.0;-6;-968.0;-971.0;-933.0;6;-22
22.0;20;-964.0;?;-952.0;?;?
?;29;-963.0;-970.0;-948.0;-29;-19
18.0;0;-963.0;-960.0;-948.0;0;-22
20.0;-8;-958.0;-961.0;-953.0;?;-26
20.0;-30;-961.0;-964.0;-961.0;30;-21
19.0;-13;-962.0;?;-946.0;13;-25
40.0;-2;-961.0;-976.0;-943.0;2;-23
20.0;-23;-964.0;-974.0;-948.0;23;-18
31.0;3;-959.0;-975.0;-944.0;-3;-23
15.0;14;-960.0;-971.0;?;?;-20
16.0;-4;?;-974.0;-955.0;4;?
30.0;?;-961.0;-972.0;-950.0;13;-25
32.0;-4;-963.0;-967.0;-962.0;4;-19
25.0;0;-955.0;-962.0;-964.0;0;-22
46.0;-10;-959.0;-963.0;-953.0;10;?
28.0;-18;-956.0;-960.0;-943.0;18;-26
?;-32;-955.0;-970.0;-953.0;32;-23
35.0;-20;-960.0;?;-954.0;20;-14
28.0;-9;-960.0;-973.0;-954.0;9;-18
24.0;-7;-956.0;-967.0;-948.0;7;-22
9.0;12;-955.0;-969.0;-944.0;-12;-20
20.0;6;-960.0;-981.0;-953.0;-6;-29
10.0;-22;-963.0;-976.0;-956.0;22;-23
20.0;-32;-961.0;-975.0;-950.0;32;-20
33.0;12;-960.0;-976.0;-950.0;-12;-27
51.0;?;-957.0;-974.0;-947.0;-30;-19
41.0;-9;?;-976.0;-947.0;?;-18
68.0;?;-957.0;-973.0;-950.0;4;-26
32.0;5;-962.0;-968.0;-969.0;-5;-23
35.0;2;-963.0;-962.0;-963.0;-2;?
36.0;17;-949.0;-967.0;?;-17;-18
2.0;8;-955.0;-983.0;-957.0;-8;-20
21.0;-20;?;-977.0;-971.0;20;-25
12.0;-17;-958.0;-973.0;-996.0;?;-23
?;5;-963.0;-984.0;-968.0;-5;-21
-16.0;-11;-967.0;-974.0;-958.0;11;-19
-30.0;0;-951.0;-955.0;-931.0;0;-21
-3.0;8;-948.0;-926.0;?;?;-22
?;-30;-951.0;-942.0;-870.0;30;-19
0.0;?;-973.0;-961.0;-923.0;9;-30
-1.0;?;-957.0;-948.0;-1014.0;-8;-34
-24.0;-3;-957.0;-968.0;-1038.0;?;-33
-41.0;2;-1014.0;-994.0;-853.0;-2;-32
-39.0;-11;-1062.0;-1001.0;-874.0;11;-22
-44.0;-11;-1039.0;-986.0;-642.0;11;-22
-49.0;2;-954.0;-990.0;-546.0;-2;-25
-36.0;-6;?;-988.0;-525.0;6;-19
-48.0;-10;-982.0;-995.0;-571.0;10;?
-41.0;-10;-985.0;-971.0;-666.0;10;-17
-24.0;3;-970.0;-964.0;-655.0;-3;?
-48.0;5;-976.0;-923.0;-656.0;-5;?
-37.0;-37;-970.0;-936.0;-665.0;37;-21
-4.0;-23;?;-963.0;-623.0;?;-24
10.0;7;-962.0;-977.0;-658.0;-7;-20
10.0;-16;-960.0;-983.0;-650.0;16;-17
10.0;-8;-987.0;-967.0;?;8;-25
1.0;12;-969.0;-978.0;-673.0;-12;-25
21.0;2;-934.0;-993.0;-716.0;-2;-24
20.0;12;-957.0;-1008.0;-727.0;-12;-23
35.0;?;-978.0;-1002.0;-719.0;-27;-19
39.0;20;-959.0;-984.0;-730.0;-20;-18
22.0;1;-950.0;-984.0;-710.0;-1;-22
7.0;-19;-939.0;-984.0;-718.0;19;-25
16.0;-19;?;?;-714.0;19;-20
16.0;-27;-955.0;-986.0;-681.0;27;-22
10.0;-3;-974.0;-983.0;-678.0;3;-23
40.0;?;-967.0;-972.0;-716.0;-37;-18
?;23;-965.0;-969.0;-700.0;-23;-25
57.0;12;-972.0;-980.0;-711.0;-12;-26
52.0;?;-982.0;-978.0;-695.0;-13;-20
?;?;-970.0;-977.0;-698.0;-10;?
30.0;-8;-975.0;-969.0;-666.0;8;?
62.0;-19;-982.0;-962.0;-644.0;19;-20
61.0;1;?;-962.0;-653.0;?;-25
58.0;4;-972.0;-966.0;-615.0;-4;-24
43.0;-6;-977.0;-981.0;-572.0;6;-21
78.0;-10;-973.0;-978.0;-588.0;10;-19
43.0;11;-971.0;-982.0;-584.0;-11;-18
38.0;22;-978.0;-977.0;-566.0;-22;-22
54.0;?;-970.0;-964.0;-569.0;-12;-27
46.0;16;-966.0;-965.0;-555.0;-16;-25
31.0;-11;-970.0;-955.0;-557.0;11;-18
43.0;-10;-977.0;-967.0;-550.0;10;-20
54.0;34;-976.0;-962.0;-554.0;-34;-21
49.0;20;-969.0;-950.0;-545.0;-20;-17
52.0;20;-973.0;?;-535.0;-20;-17
40.0;51;-965.0;-942.0;-529.0;-51;-18
51.0;9;-964.0;?;-503.0;-9;-24
40.0;-5;-975.0;-986.0;?;5;-25
53.0;11;-981.0;-977.0;?;-11;-22
?;-22;-970.0;-933.0;-452.0;22;-23
38.0;-5;-945.0;-931.0;-452.0;5;-20
62.0;28;?;-940.0;-450.0;-28;-25
65.0;1;?;-947.0;-469.0;-1;-24
71.0;?;-975.0;-949.0;-465.0;10;-21
68.0;-12;-968.0;-948.0;-460.0;12;-27
53.0;-8;-969.0;-950.0;-447.0;?;-23
54.0;21;-977.0;-949.0;-445.0;-21;-16
31.0;9;-964.0;-938.0;-440.0;-9;-15
66.0;-2;-974.0;-936.0;-440.0;2;-24
71.0;-1;-977.0;-944.0;?;1;-27
72.0;?;-975.0;-948.0;-418.0;9;-22
52.0;13;-978.0;-938.0;-422.0;-13;-25
61.0;15;-970.0;-941.0;-421.0;-15;-26
?;8;?;-944.0;-420.0;-8;?
51.0;23;-987.0;-942.0;?;-23;?
50.0;14;-973.0;-941.0;-420.0;-14;-23
53.0;?;?;-943.0;-416.0;13;-21
64.0;2;-978.0;-946.0;-407.0;?;?
54.0;7;-982.0;-940.0;-414.0;-7;-18
38.0;-29;-973.0;-943.0;-414.0;29;-19
41.0;-11;-975.0;-944.0;-413.0;11;-25
43.0;15;?;-941.0;-413.0;-15;?
?;0;-976.0;?;-417.0;0;-19
59.0;12;-970.0;-941.0;-417.0;-12;-21
64.0;16;-976.0;-939.0;-406.0;-16;-28
56.0;6;-975.0;-941.0;-416.0;-6;-16
82.0;24;-972.0;-949.0;-414.0;-24;-17
35.0;14;-972.0;-943.0;-405.0;-14;-26
39.0;-11;-977.0;-943.0;?;11;-21
51.0;1;-976.0;-946.0;-404.0;-1;?
49.0;-4;-972.0;-941.0;-399.0;4;-24
44.0;-17;-972.0;-940.0;-389.0;17;-25
57.0;5;-973.0;-948.0;-392.0;-5;?
44.0;7;-979.0;?;-391.0;-7;?
58.0;-24;-971.0;-944.0;-403.0;24;-22
63.0;?;-968.0;-944.0;-405.0;32;-16
90.0;-36;?;-936.0;-401.0;36;-25
61.0;-53;-973.0;-935.0;-402.0;53;-31
62.0;-18;-971.0;-939.0;-411.0;?;-25
58.0;-3;-975.0;?;?;3;-26
32.0;-32;-978.0;-942.0;-417.0;32;-25
52.0;-13;-977.0;-954.0;-418.0;13;-17
?;3;-979.0;-950.0;-434.0;-3;-25
60.0;-9;-973.0;-949.0;-437.0;9;-29
70.0;-29;?;-955.0;-448.0;29;-21
71.0;-9;-985.0;-949.0;-453.0;?;-19
39.0;11;-981.0;-940.0;-489.0;-11;?
55.0;-19;-980.0;?;-491.0;19;-26
57.0;10;-980.0;-942.0;-518.0;-10;-23
56.0;22;-977.0;-939.0;-535.0;?;-21
54.0;-9;-964.0;-952.0;-568.0;9;?
67.0;8;?;-965.0;?;-8;-16
80.0;11;?;-950.0;-600.0;-11;-19
41.0;-8;-969.0;-944.0;?;8;-31
34.0;-3;-964.0;-951.0;-657.0;3;-25
37.0;4;-972.0;-942.0;-662.0;-4;-21
?;-2;-981.0;-936.0;-655.0;2;-23
20.0;-12;-974.0;-932.0;-628.0;12;-22
?;-9;-961.0;-949.0;-582.0;9;-23
21.0;2;-966.0;-969.0;-566.0;-2;-20
-26.0;-15;-986.0;-1002.0;-554.0;15;-26
-30.0;-18;-975.0;-1004.0;-542.0;18;-24
-40.0;-8;-976.0;-987.0;-548.0;8;-17
-28.0;-9;-992.0;-984.0;-563.0;9;-22
-22.0;1;-994.0;-965.0;-605.0;-1;-21
-31.0;1;?;?;-602.0;-1;-18
-45.0;9;-995.0;-974.0;-610.0;-9;-18
-48.0;13;-1007.0;-974.0;-608.0;-13;-21
-42.0;13;-990.0;-960.0;-584.0;-13;?
-55.0;11;?;-991.0;?;?;-21
-43.0;12;-971.0;-992.0;-523.0;-12;-22
-45.0;26;-967.0;-979.0;-577.0;?;-28
?;?;-964.0;-974.0;-562.0;0;-23
-36.0;-5;-968.0;?;-576.0;5;-20
-27.0;?;-969.0;-976.0;-598.0;1;?
-48.0;-8;-955.0;-971.0;-604.0;?;-25
-52.0;2;-970.0;-963.0;-621.0;-2;-23
-51.0;-27;-962.0;?;-616.0;27;-20
-61.0;-15;-958.0;?;-631.0;15;-22
-26.0;7;-967.0;-975.0;?;-7;-21
0.0;1;-959.0;-972.0;-642.0;-1;-16
-12.0;0;-961.0;-980.0;-623.0;0;-18
-5.0;-19;-955.0;?;-623.0;19;-23
16.0;-6;-969.0;-994.0;-607.0;6;-21
12.0;?;-962.0;-984.0;-619.0;-5;-15
-22.0;4;-959.0;?;-672.0;-4;-20
-6.0;30;-976.0;-981.0;-667.0;?;-21
-12.0;8;?;-977.0;?;-8;-20
-15.0;-21;-955.0;-977.0;-657.0;21;-27
-9.0;0;-957.0;-976.0;-628.0;0;-19
-10.0;-9;-952.0;-984.0;-619.0;?;-16
-12.0;?;-968.0;-977.0;-553.0;-5;-21
17.0;17;-951.0;-969.0;-544.0;-17;-21
?;-45;-953.0;-964.0;-586.0;?;-25
20.0;?;-972.0;-978.0;-697.0;30;-24
6.0;23;-973.0;-957.0;-825.0;-23;-22
-16.0;8;-1001.0;-954.0;-998.0;-8;-23
23.0;4;-976.0;-954.0;-1013.0;-4;-22
19.0;?;-927.0;?;-877.0;4;-25
18.0;-20;-969.0;-979.0;-874.0;20;-27
9.0;17;-1000.0;-976.0;-854.0;-17;?
9.0;11;-930.0;-994.0;?;-11;-22
?;-29;-938.0;-1013.0;-796.0;29;-25
33.0;16;-935.0;-985.0;-844.0;-16;-23
29.0;26;-956.0;-946.0;-825.0;-26;-22
26.0;-20;-916.0;-952.0;-776.0;?;-24
3.0;13;-972.0;-962.0;-1049.0;-13;-26
14.0;29;-962.0;-953.0;-969.0;-29;-24
32.0;-13;-950.0;-960.0;-1078.0;13;-25
1.0;-15;-950.0;-976.0;-1053.0;15;-25
20.0;4;-948.0;-985.0;-1049.0;-4;-25
29.0;12;-956.0;-977.0;-1042.0;-12;-25
19.0;5;-955.0;-980.0;-992.0;-5;-20
-4.0;-10;-948.0;-953.0;-948.0;10;-24
11.0;0;-950.0;-957.0;-933.0;0;?
40.0;14;-956.0;-977.0;?;-14;-23
11.0;-1;-956.0;-984.0;?;1;-27
20.0;?;-953.0;-978.0;-955.0;-1;-26
?;14;-954.0;-977.0;-959.0;-14;-23
?;2;-960.0;-983.0;-964.0;-2;?
30.0;12;?;-961.0;-972.0;-12;-18
?;22;?;-951.0;-981.0;-22;-20
20.0;12;-950.0;-960.0;-965.0;?;-20
26.0;13;-959.0;-972.0;-966.0;-13;-19
49.0;-6;-942.0;-973.0;-975.0;?;-17
51.0;-6;-957.0;-983.0;-978.0;6;-20
41.0;?;-946.0;?;-937.0;-6;-24
21.0;14;-952.0;?;-967.0;-14;-20
38.0;-15;-954.0;-933.0;-952.0;?;-20
?;-44;?;?;?;?;-20
14.0;12;?;-945.0;-914.0;-12;?
?;13;-956.0;-956.0;-916.0;-13;-23
30.0;9;-957.0;-971.0;-923.0;-9;-25
26.0;18;-961.0;-974.0;-932.0;-18;?
?;-21;-959.0;-985.0;-938.0;21;?
16.0;-3;-956.0;-985.0;?;?;-26
16.0;5;-961.0;-969.0;-968.0;?;-20
18.0;1;?;?;-963.0;?;-21
44.0;-4;-956.0;-950.0;-962.0;4;-15
22.0;-6;-964.0;-955.0;-953.0;6;-17
21.0;?;-965.0;-963.0;?;-12;-25
2.0;-7;?;-963.0;-942.0;7;-17
9.0;-15;-960.0;?;-949.0;15;-20
10.0;-39;-961.0;-968.0;-954.0;39;?
11.0;-26;?;-968.0;-939.0;26;-22
21.0;14;-956.0;-970.0;-941.0;-14;-28
30.0;-21;?;-968.0;-955.0;21;-21
0.0;?;-959.0;-970.0;-956.0;?;-21
?;33;-959.0;-961.0;-955.0;-33;-27
29.0;-14;-961.0;-958.0;-958.0;14;-26
-6.0;-21;?;-967.0;-959.0;21;-21
-2.0;13;-970.0;-989.0;-1000.0;-13;-23
-12.0;-20;-985.0;-984.0;?;20;-24
-20.0;-34;-980.0;?;-982.0;34;-17
-35.0;-24;-944.0;-1007.0;?;24;-22
-20.0;-9;-982.0;-939.0;-929.0;9;-23
-29.0;23;-957.0;-898.0;-914.0;-23;-19
-30.0;21;-928.0;-865.0;-878.0;-21;-19
-21.0;12;-931.0;-865.0;-838.0;-12;-17
0.0;23;-943.0;-877.0;-876.0;-23;-20
-10.0;22;-971.0;-914.0;-888.0;-22;-22
-24.0;23;-984.0;?;-900.0;-23;-22
-49.0;-16;-977.0;-964.0;-860.0;16;-23
-28.0;-26;-986.0;-931.0;-818.0;26;-21
-45.0;2;-969.0;-897.0;-773.0;-2;-21
-32.0;-39;-957.0;-867.0;-744.0;39;-23
-17.0;-5;-960.0;-863.0;-685.0;5;-24
?;22;-960.0;?;-674.0;-22;-25
?;-19;-960.0;-847.0;-723.0;19;-22
-25.0;?;-947.0;-859.0;-770.0;8;-19
-27.0;-9;-953.0;-879.0;?;9;-19
-10.0;-10;-951.0;-851.0;-768.0;10;?
-11.0;-8;-947.0;-835.0;-787.0;8;-25
0.0;?;-941.0;-852.0;-782.0;-17;-28
-9.0;15;-948.0;-870.0;-780.0;-15;-26
0.0;-8;-957.0;-864.0;-773.0;8;-26
0.0;21;-953.0;-864.0;-790.0;?;?
-11.0;-2;?;-884.0;-793.0;2;-22
-20.0;-38;-950.0;?;-808.0;38;-23
-7.0;?;-949.0;-877.0;-782.0;22;-28
1.0;-23;-942.0;-875.0;-776.0;23;-24
0.0;-20;-950.0;-887.0;-780.0;20;-21
-1.0;-27;-952.0;-886.0;?;27;-22
-19.0;-43;-946.0;-874.0;?;43;-18
-13.0;11;-946.0;-867.0;?;-11;-24
-13.0;29;-959.0;-877.0;-788.0;?;-29
?;-2;-943.0;-873.0;-786.0;2;?
15.0;1;-951.0;-875.0;-794.0;?;-22
?;-17;-959.0;-875.0;-791.0;17;-26
2.0;-9;-947.0;-872.0;-776.0;9;-22
?;7;-953.0;-865.0;-780.0;-7;-24
?;0;-955.0;-874.0;-794.0;0;-26
-9.0;1;-965.0;-872.0;?;-1;-25
10.0;-9;-952.0;?;-762.0;9;-22
-2.0;-19;-961.0;-884.0;-756.0;?;-18
6.0;-24;-955.0;-877.0;?;24;-20
15.0;-8;-953.0;-862.0;-755.0;8;?
?;?;-959.0;-863.0;-758.0;2;-20
-14.0;-23;-958.0;-861.0;-799.0;23;-21
10.0;?;-955.0;-851.0;-762.0;21;-24
?;-10;-957.0;-857.0;?;?;-29
11.0;-10;-967.0;-877.0;-764.0;10;-21
?;?;-952.0;-863.0;-798.0;11;?
-20.0;-26;-952.0;-837.0;-784.0;26;-21
-6.0;-16;-936.0;-810.0;-787.0;16;-21
?;12;-952.0;-835.0;-770.0;-12;-24
8.0;4;-959.0;-848.0;-721.0;-4;-24
?;1;-967.0;-877.0;-753.0;-1;-21
10.0;-1;-961.0;-872.0;-783.0;1;?
?;8;-963.0;?;?;-8;-23
40.0;22;-950.0;-842.0;-762.0;-22;-24
14.0;?;-950.0;-845.0;-759.0;-3;-18
19.0;1;-959.0;-851.0;-740.0;-1;-11
37.0;-6;-956.0;-847.0;-742.0;?;-20
14.0;-2;-955.0;-853.0;-745.0;2;-28
4.0;14;-951.0;-857.0;-736.0;-14;-22
12.0;-12;-966.0;-836.0;-757.0;12;-21
38.0;-12;-950.0;-832.0;-753.0;12;-22
?;19;-953.0;-802.0;-748.0;-19;-17
9.0;19;?;-798.0;-739.0;?;-21
40.0;10;-953.0;-814.0;-741.0;-10;-27
16.0;14;-958.0;-834.0;-748.0;-14;-23
8.0;?;?;-829.0;-734.0;-12;-25
20.0;12;-964.0;?;-758.0;-12;-27
10.0;6;-964.0;-842.0;-745.0;-6;-15
-10.0;?;-966.0;-857.0;-750.0;0;-19
4.0;23;-960.0;-851.0;-730.0;-23;-22
30.0;0;-961.0;-843.0;-743.0;0;?
?;-30;-967.0;-829.0;-755.0;30;-26
22.0;25;-957.0;-823.0;-753.0;-25;-18
18.0;32;-957.0;-822.0;-749.0;?;-15
22.0;-16;-954.0;-813.0;-762.0;16;?
17.0;-15;-957.0;-826.0;-755.0;15;-25
31.0;-10;-962.0;-831.0;-758.0;?;-22
42.0;-9;-956.0;-820.0;-767.0;9;-21
34.0;1;-948.0;?;-754.0;-1;-22
21.0;-7;-962.0;-800.0;-737.0;7;-22
21.0;?;?;-795.0;-711.0;3;-24
-5.0;19;-954.0;-803.0;-720.0;-19;-24
-12.0;8;-953.0;-795.0;-711.0;-8;-18
19.0;-9;-959.0;-807.0;-718.0;9;-19
30.0;-1;-960.0;-801.0;-704.0;1;-26
31.0;4;-960.0;-802.0;-692.0;-4;-28
39.0;-4;-962.0;-784.0;-698.0;4;?
29.0;?;-967.0;-765.0;-683.0;11;-26
31.0;-8;?;?;-669.0;8;-25
30.0;1;-965.0;-718.0;-664.0;-1;?
?;-5;-973.0;-706.0;-652.0;5;-21
20.0;-15;-961.0;-690.0;-628.0;15;-28
44.0;-1;-959.0;-685.0;-609.0;1;-27
42.0;-22;-959.0;-691.0;-622.0;22;-20
19.0;-26;-958.0;-682.0;-609.0;26;-19
23.0;21;-959.0;-690.0;-602.0;-21;-25
16.0;9;-966.0;-688.0;-606.0;-9;-24
48.0;-1;-975.0;-725.0;-620.0;1;-22
42.0;?;-967.0;-691.0;-608.0;?;-23
40.0;-8;-964.0;-700.0;-628.0;8;-21
?;1;-968.0;-682.0;?;-1;-19
29.0;-9;-965.0;-660.0;-584.0;9;-21
9.0;9;-959.0;-682.0;-609.0;-9;-22
25.0;2;-966.0;-681.0;-628.0;?;-22
?;-12;-963.0;?;-604.0;12;-24
?;-9;-967.0;-665.0;-604.0;9;-22
19.0;?;-972.0;-666.0;-591.0;9;-23
21.0;-17;-960.0;-671.0;-602.0;17;-27
18.0;-48;-971.0;-668.0;-613.0;48;-21
24.0;-2;-971.0;?;-598.0;2;-20
?;?;-968.0;-676.0;-613.0;-14;-23
49.0;?;-960.0;-681.0;-625.0;?;-22
18.0;-18;-960.0;?;-612.0;18;-22
25.0;-6;-966.0;-686.0;-618.0;6;-19
22.0;-25;-964.0;-685.0;-612.0;25;-19
29.0;3;-960.0;-695.0;-613.0;-3;-22
10.0;30;-967.0;?;-618.0;-30;-21
20.0;19;-968.0;-686.0;?;-19;-19
22.0;1;-959.0;-682.0;-609.0;-1;-21
25.0;-8;-962.0;-685.0;-615.0;8;-25
?;-11;-967.0;?;-621.0;11;-21
40.0;-6;-965.0;-690.0;-618.0;6;-18
?;-13;-960.0;-691.0;?;13;-23
9.0;-7;?;-689.0;-625.0;7;-28
41.0;-9;-968.0;?;-630.0;9;-23
29.0;-40;?;-685.0;-630.0;40;-20
16.0;-29;-961.0;-681.0;-627.0;29;-29
29.0;-19;-965.0;-692.0;?;19;-27
22.0;-17;-958.0;-691.0;-640.0;17;-22
20.0;-11;-958.0;-694.0;-619.0;?;-26
11.0;-20;-965.0;-708.0;-639.0;20;-23
28.0;-2;-961.0;-703.0;-661.0;2;-22
40.0;-14;?;-693.0;?;14;-25
20.0;-42;-962.0;-687.0;-641.0;?;-26
19.0;-21;-963.0;-687.0;?;21;-25
9.0;-10;-962.0;-670.0;-656.0;10;-26
11.0;?;-957.0;-666.0;-648.0;?;-26
8.0;2;-963.0;?;-661.0;-2;-23
15.0;?;-963.0;-712.0;?;7;-28
16.0;1;-971.0;-678.0;-655.0;-1;-24
13.0;30;-957.0;-677.0;-655.0;-30;-20
22.0;7;-961.0;-693.0;-648.0;-7;-26
15.0;-39;-963.0;-692.0;-652.0;39;-21
2.0;-40;-973.0;-674.0;?;40;-16
0.0;-8;-959.0;-681.0;-635.0;8;-19
6.0;-1;-959.0;-687.0;-635.0;1;-20
21.0;-29;-963.0;-694.0;-646.0;?;-20
1.0;-28;?;-739.0;-648.0;28;?
20.0;9;?;-699.0;-656.0;-9;-24
-11.0;17;-966.0;-680.0;-649.0;-17;-23
-8.0;5;-966.0;-726.0;-668.0;-5;-25
2.0;-4;-949.0;-744.0;-695.0;4;-27
26.0;-26;-956.0;-746.0;-699.0;?;-27
40.0;?;-960.0;-787.0;-708.0;18;-24
23.0;-7;-960.0;-837.0;?;?;?
28.0;-33;-968.0;-931.0;-786.0;33;-18
36.0;-2;-987.0;-902.0;-850.0;2;-23
2.0;28;-991.0;-812.0;-783.0;-28;-24
-6.0;6;-958.0;-839.0;-762.0;-6;-22
33.0;-22;?;?;-757.0;22;-22
-2.0;-52;-924.0;-784.0;-666.0;52;-23
4.0;-19;-901.0;-807.0;?;19;-24
-4.0;15;-949.0;?;-688.0;-15;-26
-4.0;-12;-964.0;-845.0;-758.0;12;-24
29.0;-18;-957.0;-855.0;-758.0;18;?
20.0;?;-959.0;-906.0;-741.0;9;-19
9.0;-11;-960.0;-902.0;-741.0;11;-19
0.0;13;-966.0;?;-786.0;-13;-24
16.0;26;-977.0;?;-746.0;-26;-26
28.0;2;-991.0;-972.0;-784.0;-2;-22
1.0;-9;-957.0;-892.0;-737.0;9;-19
-12.0;1;-959.0;-819.0;-722.0;-1;?
-6.0;12;?;-870.0;-678.0;-12;-25
2.0;12;-965.0;-861.0;-647.0;-12;-22
-2.0;?;-956.0;-861.0;-650.0;-17;-20
7.0;24;?;-864.0;-708.0;-24;?
5.0;9;-968.0;-862.0;-733.0;-9;-23
-3.0;?;?;-865.0;-688.0;-1;-24
17.0;?;-948.0;-856.0;-663.0;-13;-24
21.0;?;-960.0;-832.0;-678.0;2;-26
20.0;-4;-965.0;-850.0;-668.0;4;-23
20.0;17;-958.0;-865.0;-673.0;-17;-22
9.0;-3;-952.0;-866.0;-649.0;3;-26
-1.0;-20;-959.0;-870.0;-672.0;?;-22
2.0;-3;-962.0;?;-677.0;3;-20
10.0;12;-959.0;-863.0;-683.0;?;-23
13.0;34;-958.0;-856.0;-678.0;-34;-22
19.0;9;-963.0;-862.0;?;-9;-23
4.0;-18;-956.0;-868.0;-688.0;18;-27
-1.0;20;-958.0;-870.0;?;?;-26
2.0;4;-959.0;-863.0;-683.0;-4;-22
?;-19;-965.0;-873.0;-705.0;19;-21
-3.0;-2;-966.0;-875.0;-707.0;?;-22
6.0;-15;-956.0;-860.0;-702.0;15;-21
21.0;-7;-961.0;-871.0;-717.0;7;-22
-6.0;22;?;-883.0;-728.0;-22;-23
-2.0;3;-955.0;-851.0;-720.0;-3;-22
0.0;-22;-961.0;-865.0;-727.0;22;-24
?;-18;-953.0;-861.0;-735.0;?;-26
1.0;-21;-952.0;-850.0;?;21;-25
11.0;-8;-964.0;?;-726.0;8;-27
8.0;4;-960.0;-868.0;?;-4;-26
-4.0;?;-956.0;-858.0;-726.0;18;-26
-11.0;-5;-948.0;-871.0;-730.0;5;?
-9.0;13;-955.0;-858.0;-735.0;-13;-22
-8.0;-17;-959.0;-858.0;-739.0;17;-25
10.0;?;-956.0;-865.0;?;20;-20
-2.0;1;-958.0;-859.0;-743.0;-1;-16
-15.0;-12;-959.0;-863.0;-746.0;12;?
-31.0;-20;-957.0;-869.0;-740.0;20;-18
-6.0;20;-956.0;-865.0;?;-20;?
-7.0;29;-956.0;-865.0;-728.0;-29;-28
-11.0;-20;-960.0;?;-747.0;20;-15
0.0;-26;-955.0;-864.0;-738.0;26;?
0.0;1;-955.0;-858.0;-753.0;-1;-24
?;-7;-952.0;-857.0;?;?;-19
-12.0;-5;-960.0;-869.0;-753.0;5;?
-18.0;1;-961.0;-857.0;-760.0;-1;-22
?;1;-953.0;-842.0;-764.0;-1;-18
-31.0;23;-954.0;-857.0;-738.0;-23;-21
5.0;3;?;-855.0;-737.0;-3;-25
?;-11;-964.0;-872.0;-739.0;?;-24
11.0;-14;-959.0;-875.0;-727.0;14;-23
11.0;-31;?;-888.0;-724.0;31;-23
-5.0;-21;-960.0;-892.0;-731.0;?;-22
9.0;-30;-956.0;-898.0;-757.0;30;-20
9.0;?;-956.0;-968.0;-789.0;14;-21
?;10;-968.0;-974.0;?;?;-21
9.0;13;-950.0;-937.0;-789.0;?;-18
20.0;-1;-962.0;?;-813.0;1;-21
20.0;-1;-956.0;-960.0;-805.0;1;-23
30.0;31;-946.0;-893.0;-799.0;-31;-20
19.0;-19;-934.0;-892.0;-791.0;?;-23
37.0;-13;?;-871.0;-817.0;13;-29
47.0;-11;?;?;-825.0;11;-21
45.0;-50;-956.0;-869.0;-829.0;50;-17
61.0;?;-949.0;-890.0;-812.0;2;-26
45.0;-26;-961.0;?;-802.0;26;-23
28.0;-4;-962.0;-895.0;-820.0;4;?
-6.0;?;-965.0;-896.0;-833.0;?;-18
-5.0;?;-953.0;?;-811.0;51;-15
7.0;15;-953.0;-995.0;-808.0;-15;-27
11.0;?;-964.0;-1008.0;-794.0;-7;-27
9.0;-2;-958.0;-1031.0;?;2;-26
19.0;-3;-969.0;-1042.0;-772.0;?;-24
11.0;-1;-982.0;-1030.0;-808.0;1;-20
0.0;27;?;-995.0;-834.0;-27;?
?;24;-965.0;?;-861.0;-24;-24
0.0;26;-963.0;-929.0;-919.0;-26;?
-1.0;-8;-959.0;-931.0;-978.0;8;-21
3.0;-13;-954.0;-918.0;-933.0;13;-22
9.0;24;-962.0;-945.0;-924.0;-24;-17
-4.0;?;-958.0;-972.0;-927.0;-4;-20
-12.0;-20;-954.0;-999.0;-904.0;20;-24
-1.0;-2;-952.0;-1010.0;-879.0;2;-22
9.0;6;-963.0;-998.0;-885.0;-6;-24
-6.0;-6;-961.0;-1000.0;?;6;-26
14.0;-9;-964.0;-980.0;-902.0;9;-24
-15.0;-9;-950.0;-983.0;-897.0;9;-25
-12.0;1;-956.0;-983.0;-928.0;-1;-23
-19.0;-2;-952.0;-964.0;-940.0;2;-22
-2.0;-32;?;-959.0;-935.0;32;-28
?;-9;-946.0;-964.0;-930.0;9;-26
0.0;12;-950.0;-963.0;-946.0;-12;?
?;-11;-948.0;-962.0;-939.0;11;-22
?;11;-948.0;-980.0;-939.0;-11;-23
6.0;28;-953.0;-974.0;-934.0;-28;-19
3.0;6;-950.0;-964.0;-932.0;-6;-20
29.0;?;-949.0;-966.0;-943.0;-11;?
23.0;43;?;-969.0;?;-43;-28
31.0;29;-952.0;-976.0;-931.0;-29;-26
32.0;-8;-946.0;-966.0;-935.0;8;-20
21.0;-3;-948.0;-972.0;-950.0;3;-21
35.0;9;-945.0;-969.0;-933.0;-9;-20
25.0;19;-947.0;-965.0;-924.0;-19;-16
41.0;21;-940.0;-969.0;-919.0;-21;-26
22.0;2;-951.0;-961.0;-910.0;-2;-14
20.0;21;-950.0;-973.0;-900.0;-21;-14
29.0;11;-951.0;-964.0;-905.0;-11;-29
71.0;-12;?;?;-905.0;12;5
39.0;?;-954.0;-959.0;-880.0;-258;-50
52.0;?;-963.0;-974.0;-885.0;-673;-14
37.0;859;-961.0;-996.0;-882.0;-859;110
45.0;792;-967.0;-990.0;-896.0;?;17
54.0;539;-963.0;?;-887.0;-539;?
83.0;292;-962.0;-970.0;-900.0;-292;37
84.0;-7;-970.0;-955.0;-907.0;7;-2
61.0;-297;-968.0;?;-901.0;297;2
40.0;-478;-963.0;-966.0;-914.0;478;?
55.0;-606;-965.0;-948.0;-931.0;606;-42
49.0;-557;-958.0;-1005.0;-920.0;557;?
37.0;-517;-964.0;-1037.0;-870.0;517;-28
35.0;-321;-983.0;-1011.0;?;?;-39
-6.0;-5;-995.0;-966.0;-911.0;5;-31
-11.0;22;-974.0;-948.0;-858.0;-22;?
0.0;-18;-967.0;-975.0;-818.0;?;-21
0.0;-61;-961.0;-960.0;?;61;-20
10.0;-150;?;-938.0;-835.0;150;-29
?;-174;-981.0;-955.0;-839.0;174;-26
-18.0;-141;?;-975.0;?;141;-22
?;-75;-962.0;-985.0;-879.0;75;-24
-33.0;-34;-973.0;-988.0;-859.0;34;-19
-8.0;?;-1024.0;-973.0;-754.0;29;-21
?;-37;-1016.0;-961.0;-691.0;37;-23
?;-64;-975.0;-971.0;-578.0;64;-22
-29.0;-72;-946.0;-978.0;-456.0;72;-25
-43.0;-43;-967.0;-990.0;-489.0;43;-23
-62.0;-25;-937.0;-986.0;-617.0;?;-20
-44.0;3;-954.0;-943.0;?;-3;-22
-40.0;18;-993.0;?;-660.0;-18;-28
