Accelerometer RUA^ accY;Accelerometer RKN_ accZ;Accelerometer RUA_ accY;Accelerometer LUA^ accY;Accelerometer RWR accY;InertialMeasurementUnit RLA accX;InertialMeasurementUnit BACK Quaternion4;InertialMeasurementUnit BACK Quaternion2;InertialMeasurementUnit L-SHOE EuX;Accelerometer RWR accX;InertialMeasurementUnit LUA magneticZ;InertialMeasurementUnit LLA magneticZ;InertialMeasurementUnit BACK magneticY
1038.0;-182.0;-187.0;921.0;-182.0;125.0;131.0;72.0;-154;-645.0;317.0;-163.0;214.0
984.0;2.0;847.0;889.0;891.0;-811.0;-115.0;289.0;-81;-95.0;670.0;503.0;-315.0
466.0;36.0;276.0;969.0;375.0;299.0;-138.0;-50.0;-160;-718.0;-32.0;-709.0;255.0
621.0;29.0;42.0;961.0;106.0;261.0;-133.0;-55.0;-159;-620.0;-29.0;-709.0;242.0
909.0;-106.0;851.0;998.0;830.0;-800.0;-103.0;204.0;83;-346.0;475.0;264.0;-196.0
980.0;-148.0;912.0;965.0;914.0;-843.0;-69.0;195.0;84;-284.0;473.0;259.0;-162.0
971.0;-138.0;883.0;974.0;923.0;-718.0;-66.0;189.0;83;-314.0;477.0;261.0;-163.0
996.0;-59.0;977.0;946.0;882.0;-848.0;-64.0;186.0;83;-374.0;480.0;255.0;-157.0
1160.0;-250.0;969.0;1043.0;815.0;-805.0;-60.0;178.0;83;-360.0;465.0;241.0;-141.0
918.0;-109.0;830.0;886.0;807.0;-1029.0;-53.0;198.0;78;-512.0;410.0;222.0;-125.0
990.0;-21.0;902.0;1047.0;969.0;-883.0;-103.0;201.0;83;-238.0;481.0;272.0;-200.0
910.0;-88.0;879.0;937.0;971.0;-799.0;-68.0;208.0;78;-290.0;483.0;294.0;-156.0
849.0;19.0;680.0;877.0;707.0;-703.0;-257.0;409.0;-85;-109.0;698.0;646.0;-485.0
952.0;20.0;894.0;977.0;903.0;-1005.0;-66.0;229.0;76;-371.0;512.0;340.0;-170.0
1007.0;-64.0;927.0;1044.0;877.0;-783.0;-98.0;197.0;83;-366.0;492.0;280.0;-192.0
1026.0;-141.0;920.0;991.0;886.0;-936.0;-39.0;198.0;83;-284.0;428.0;172.0;-103.0
1060.0;-117.0;952.0;1016.0;957.0;-857.0;-31.0;192.0;83;-315.0;409.0;155.0;-90.0
1010.0;-168.0;951.0;987.0;960.0;-893.0;-31.0;185.0;83;-354.0;402.0;144.0;-87.0
1067.0;-178.0;963.0;1014.0;951.0;-863.0;-34.0;185.0;83;-311.0;402.0;145.0;-82.0
1063.0;-154.0;971.0;1013.0;952.0;-872.0;-35.0;186.0;83;-325.0;405.0;149.0;-85.0
1067.0;-160.0;960.0;1000.0;951.0;-874.0;-39.0;188.0;83;-334.0;408.0;159.0;-92.0
796.0;22.0;-62.0;903.0;36.0;336.0;-146.0;-57.0;-157;-569.0;-352.0;-566.0;268.0
1035.0;-168.0;961.0;996.0;941.0;-871.0;-41.0;189.0;83;-312.0;409.0;162.0;-93.0
291.0;-137.0;-530.0;1026.0;-666.0;535.0;-695.0;556.0;73;-488.0;-652.0;-812.0;284.0
786.0;37.0;-102.0;868.0;-140.0;291.0;-140.0;-60.0;-157;-593.0;-323.0;-552.0;256.0
745.0;30.0;-125.0;853.0;104.0;77.0;-134.0;-68.0;-157;-510.0;-318.0;-505.0;226.0
760.0;27.0;-113.0;858.0;-19.0;293.0;-145.0;-58.0;-157;-167.0;-282.0;-520.0;267.0
1023.0;-197.0;952.0;984.0;933.0;-896.0;-44.0;193.0;83;-313.0;412.0;167.0;-98.0
1039.0;-161.0;960.0;1005.0;960.0;-891.0;-55.0;205.0;83;-298.0;425.0;187.0;-115.0
1032.0;-184.0;950.0;999.0;915.0;-897.0;-56.0;207.0;83;-323.0;430.0;195.0;-121.0
889.0;15.0;-179.0;882.0;5.0;125.0;-134.0;-66.0;-157;-980.0;-298.0;-528.0;218.0
1021.0;-173.0;961.0;999.0;954.0;-886.0;-59.0;207.0;83;-317.0;429.0;199.0;-120.0
753.0;21.0;39.0;865.0;420.0;427.0;-142.0;-59.0;-157;-607.0;-122.0;-673.0;262.0
696.0;43.0;46.0;854.0;356.0;359.0;-143.0;-58.0;-157;-604.0;-107.0;-673.0;264.0
742.0;47.0;26.0;863.0;382.0;358.0;-143.0;-58.0;-157;-590.0;-85.0;-674.0;262.0
1030.0;-142.0;967.0;979.0;946.0;-888.0;-59.0;211.0;83;-304.0;433.0;203.0;-122.0
1050.0;-151.0;955.0;985.0;941.0;-886.0;-54.0;210.0;83;-284.0;427.0;198.0;-113.0
1029.0;-142.0;969.0;1005.0;943.0;-891.0;-53.0;209.0;83;-311.0;425.0;195.0;-115.0
1026.0;-171.0;945.0;1016.0;930.0;-897.0;-50.0;206.0;83;-322.0;424.0;195.0;-108.0
1017.0;-172.0;950.0;1016.0;920.0;-895.0;-50.0;205.0;83;-291.0;423.0;195.0;-110.0
1025.0;-163.0;951.0;1008.0;961.0;-891.0;-50.0;205.0;83;-304.0;423.0;195.0;-110.0
1018.0;-166.0;962.0;1005.0;951.0;-886.0;-47.0;203.0;83;-316.0;414.0;174.0;-104.0
1038.0;-149.0;952.0;1016.0;938.0;-894.0;-47.0;202.0;83;-298.0;412.0;174.0;-103.0
1025.0;-168.0;969.0;997.0;930.0;-892.0;-47.0;202.0;83;-284.0;411.0;174.0;-102.0
998.0;8.0;419.0;977.0;352.0;16.0;-76.0;-81.0;-157;-1103.0;-28.0;-746.0;103.0
1050.0;-171.0;967.0;991.0;960.0;-891.0;-47.0;203.0;83;-284.0;413.0;176.0;-104.0
562.0;20.0;280.0;997.0;-27.0;-6.0;-73.0;-79.0;-157;-962.0;-26.0;-751.0;89.0
599.0;30.0;243.0;987.0;-103.0;-28.0;-74.0;-75.0;-157;-894.0;-28.0;-749.0;93.0
652.0;25.0;218.0;997.0;-148.0;-12.0;-80.0;-63.0;-157;-1049.0;-32.0;-746.0;114.0
1022.0;-156.0;957.0;1024.0;933.0;-898.0;-45.0;205.0;83;-297.0;413.0;179.0;-100.0
630.0;14.0;183.0;991.0;-165.0;111.0;-99.0;-41.0;-157;-946.0;-55.0;-729.0;192.0
1045.0;-170.0;976.0;995.0;965.0;-896.0;-45.0;204.0;83;-303.0;412.0;180.0;-99.0
1039.0;-154.0;971.0;995.0;991.0;-888.0;-44.0;204.0;83;-314.0;412.0;180.0;-100.0
1037.0;-148.0;960.0;1006.0;962.0;-888.0;-43.0;204.0;83;-305.0;410.0;176.0;-100.0
711.0;9.0;244.0;1012.0;-188.0;-222.0;-104.0;-50.0;-157;-957.0;-41.0;-710.0;177.0
1020.0;-163.0;966.0;1000.0;954.0;-894.0;-40.0;204.0;83;-328.0;407.0;170.0;-91.0
1030.0;-167.0;978.0;1000.0;942.0;-896.0;-41.0;204.0;83;-314.0;406.0;171.0;-93.0
1028.0;-186.0;961.0;999.0;935.0;-906.0;-42.0;202.0;83;-312.0;406.0;173.0;-97.0
1040.0;-188.0;964.0;987.0;950.0;-894.0;-44.0;201.0;83;-315.0;410.0;177.0;-99.0
1014.0;-155.0;961.0;995.0;946.0;-894.0;-46.0;204.0;83;-328.0;412.0;181.0;-100.0
1022.0;-151.0;972.0;1015.0;948.0;-898.0;-46.0;204.0;83;-296.0;412.0;181.0;-100.0
1029.0;-163.0;961.0;986.0;944.0;-898.0;-48.0;205.0;83;-283.0;414.0;185.0;-102.0
1028.0;-150.0;971.0;1003.0;977.0;-900.0;-47.0;205.0;83;-322.0;414.0;187.0;-101.0
1049.0;-150.0;971.0;1007.0;956.0;-900.0;-47.0;206.0;83;-298.0;414.0;184.0;-105.0
1040.0;-149.0;982.0;1015.0;954.0;-905.0;-47.0;206.0;83;-302.0;415.0;183.0;-100.0
1013.0;-126.0;953.0;987.0;953.0;-886.0;-34.0;194.0;83;-342.0;400.0;159.0;-88.0
883.0;30.0;-213.0;876.0;-261.0;321.0;-142.0;-60.0;-157;-583.0;-350.0;-568.0;257.0
808.0;20.0;-24.0;811.0;-245.0;636.0;-124.0;-95.0;-157;-707.0;-180.0;-549.0;252.0
1028.0;-121.0;962.0;967.0;979.0;-904.0;-34.0;193.0;83;-348.0;400.0;158.0;-83.0
1030.0;-104.0;976.0;971.0;948.0;-905.0;-33.0;192.0;83;-357.0;398.0;155.0;-83.0
1020.0;-83.0;961.0;985.0;947.0;-884.0;-32.0;193.0;83;-292.0;393.0;150.0;-78.0
1027.0;-142.0;949.0;996.0;959.0;-896.0;-30.0;192.0;83;-290.0;392.0;151.0;-79.0
1044.0;-135.0;977.0;1016.0;965.0;-893.0;-29.0;190.0;83;-288.0;389.0;151.0;-72.0
1118.0;-463.0;1283.0;1232.0;1368.0;-1116.0;-306.0;419.0;160;-546.0;198.0;40.0;-19.0
1034.0;-95.0;982.0;1001.0;977.0;-914.0;-29.0;199.0;83;-279.0;395.0;152.0;-75.0
1034.0;-109.0;943.0;1002.0;942.0;-912.0;-27.0;197.0;83;-290.0;398.0;158.0;-75.0
1013.0;-153.0;962.0;990.0;984.0;-894.0;-24.0;188.0;83;-385.0;391.0;147.0;-65.0
1040.0;-119.0;941.0;987.0;910.0;-886.0;-21.0;184.0;83;-387.0;382.0;134.0;-61.0
877.0;18.0;-191.0;881.0;-131.0;64.0;-117.0;-74.0;-157;-795.0;-261.0;-519.0;202.0
877.0;29.0;-157.0;867.0;-59.0;149.0;-120.0;-71.0;-157;-992.0;-244.0;-530.0;213.0
1060.0;-166.0;958.0;1015.0;924.0;-885.0;-19.0;183.0;83;-384.0;381.0;136.0;-58.0
719.0;9.0;196.0;834.0;690.0;303.0;-133.0;-69.0;-157;-854.0;-102.0;-621.0;245.0
734.0;29.0;188.0;835.0;461.0;302.0;-133.0;-69.0;-157;-518.0;-79.0;-624.0;244.0
1047.0;-143.0;967.0;1009.0;906.0;-886.0;-19.0;183.0;83;-325.0;383.0;134.0;-55.0
1040.0;-197.0;971.0;1001.0;946.0;-889.0;-18.0;183.0;83;-338.0;383.0;138.0;-55.0
1040.0;-148.0;977.0;993.0;940.0;-872.0;-18.0;183.0;83;-320.0;380.0;138.0;-55.0
1040.0;-132.0;955.0;1007.0;830.0;-903.0;-22.0;186.0;83;-301.0;383.0;134.0;-58.0
560.0;22.0;302.0;977.0;6.0;50.0;-64.0;-87.0;-157;-985.0;-49.0;-727.0;96.0
694.0;26.0;187.0;998.0;-277.0;93.0;-62.0;-86.0;-157;-778.0;-47.0;-722.0;86.0
715.0;30.0;145.0;961.0;-62.0;90.0;-63.0;-81.0;-157;-959.0;-51.0;-715.0;88.0
1051.0;-110.0;1013.0;921.0;1038.0;-942.0;103.0;119.0;141;-271.0;131.0;-69.0;160.0
956.0;-239.0;895.0;998.0;839.0;-777.0;95.0;40.0;140;-265.0;145.0;-25.0;144.0
906.0;-281.0;854.0;995.0;939.0;-806.0;88.0;63.0;141;-197.0;168.0;6.0;129.0
1056.0;-141.0;972.0;997.0;868.0;-890.0;-39.0;206.0;83;-315.0;407.0;159.0;-90.0
1069.0;-133.0;945.0;1016.0;821.0;-874.0;-60.0;246.0;83;-276.0;457.0;206.0;-141.0
580.0;43.0;366.0;992.0;-99.0;-116.0;-1.0;-80.0;-157;-1113.0;-60.0;-726.0;-23.0
631.0;37.0;274.0;977.0;-154.0;-122.0;-24.0;-51.0;-157;-945.0;-110.0;-678.0;49.0
645.0;10.0;398.0;959.0;-160.0;-258.0;-38.0;-39.0;-157;-980.0;-124.0;-671.0;91.0
584.0;-2.0;258.0;969.0;23.0;-170.0;-51.0;-33.0;-157;-989.0;-134.0;-664.0;133.0
963.0;-233.0;642.0;1039.0;1025.0;-270.0;-85.0;264.0;141;-347.0;384.0;287.0;-152.0
540.0;-203.0;261.0;969.0;398.0;714.0;-112.0;-59.0;-166;-1152.0;-141.0;-655.0;186.0
925.0;-239.0;496.0;1068.0;812.0;-267.0;-87.0;267.0;141;-303.0;386.0;292.0;-154.0
979.0;-221.0;347.0;961.0;327.0;-97.0;-92.0;267.0;141;-702.0;383.0;295.0;-156.0
1009.0;-213.0;197.0;949.0;48.0;-94.0;-91.0;265.0;141;-956.0;380.0;293.0;-153.0
998.0;-206.0;212.0;935.0;37.0;-84.0;-93.0;264.0;141;-716.0;384.0;293.0;-152.0
995.0;-180.0;216.0;965.0;59.0;-89.0;-93.0;265.0;141;-720.0;382.0;291.0;-151.0
1006.0;-192.0;237.0;951.0;82.0;-106.0;-93.0;265.0;141;-729.0;382.0;292.0;-153.0
983.0;-213.0;247.0;959.0;94.0;-74.0;-93.0;266.0;141;-824.0;383.0;292.0;-152.0
971.0;-231.0;219.0;958.0;94.0;-72.0;-94.0;266.0;141;-735.0;382.0;290.0;-154.0
979.0;-241.0;238.0;949.0;98.0;-54.0;-94.0;267.0;141;-704.0;384.0;292.0;-154.0
987.0;-213.0;240.0;937.0;99.0;-44.0;-93.0;268.0;141;-728.0;383.0;291.0;-150.0
1007.0;-212.0;200.0;962.0;70.0;-81.0;-92.0;268.0;141;-759.0;382.0;289.0;-148.0
990.0;-236.0;168.0;941.0;47.0;-154.0;-88.0;263.0;141;-679.0;377.0;282.0;-144.0
997.0;-241.0;243.0;947.0;102.0;-156.0;-79.0;256.0;141;-764.0;369.0;277.0;-129.0
983.0;-162.0;353.0;956.0;282.0;-164.0;-51.0;226.0;141;-735.0;347.0;232.0;-94.0
983.0;-173.0;499.0;957.0;344.0;-136.0;-50.0;223.0;141;-543.0;355.0;234.0;-92.0
1019.0;-241.0;392.0;966.0;462.0;-759.0;-72.0;247.0;141;-1029.0;403.0;287.0;-138.0
1026.0;-250.0;603.0;987.0;498.0;-814.0;-78.0;254.0;141;-935.0;412.0;295.0;-149.0
1023.0;-242.0;746.0;970.0;687.0;-826.0;-79.0;256.0;141;-875.0;411.0;291.0;-150.0
1289.0;13.0;985.0;895.0;935.0;-573.0;-103.0;275.0;108;-972.0;375.0;441.0;-188.0
991.0;-221.0;883.0;968.0;762.0;-789.0;-78.0;258.0;141;-591.0;411.0;295.0;-149.0
1000.0;-181.0;876.0;975.0;790.0;-780.0;-75.0;256.0;141;-638.0;409.0;288.0;-142.0
990.0;-217.0;862.0;972.0;811.0;-824.0;-72.0;251.0;141;-621.0;405.0;284.0;-138.0
1006.0;-217.0;905.0;979.0;812.0;-768.0;-70.0;244.0;141;-566.0;409.0;287.0;-138.0
1027.0;-212.0;858.0;978.0;816.0;-772.0;-65.0;234.0;141;-572.0;389.0;260.0;-124.0
1003.0;-200.0;859.0;989.0;777.0;-764.0;-63.0;231.0;141;-599.0;388.0;262.0;-125.0
990.0;-202.0;842.0;940.0;775.0;-761.0;-59.0;223.0;141;-648.0;386.0;273.0;-114.0
999.0;-188.0;850.0;1001.0;773.0;-771.0;-59.0;219.0;141;-604.0;384.0;269.0;-115.0
985.0;-169.0;876.0;978.0;763.0;-772.0;-60.0;219.0;141;-591.0;381.0;266.0;-116.0
980.0;-163.0;860.0;978.0;773.0;-778.0;-61.0;219.0;141;-617.0;381.0;268.0;-116.0
990.0;-181.0;857.0;980.0;766.0;-811.0;-73.0;231.0;141;-627.0;390.0;276.0;-134.0
982.0;-171.0;916.0;997.0;812.0;-690.0;-78.0;239.0;141;-732.0;405.0;290.0;-146.0
997.0;-143.0;814.0;968.0;754.0;-781.0;-81.0;247.0;141;-639.0;407.0;296.0;-152.0
1007.0;-214.0;952.0;968.0;893.0;-814.0;-89.0;265.0;139;-500.0;421.0;297.0;-176.0
1014.0;-218.0;170.0;987.0;-75.0;-46.0;-21.0;-112.0;-166;-648.0;-98.0;-690.0;15.0
743.0;-156.0;734.0;970.0;552.0;-40.0;-21.0;-111.0;-166;-1037.0;-99.0;-691.0;15.0
594.0;-168.0;217.0;987.0;23.0;-32.0;-32.0;-99.0;-166;-1008.0;-94.0;-674.0;35.0
570.0;-164.0;198.0;959.0;46.0;609.0;-72.0;-50.0;-166;-1113.0;-95.0;-657.0;124.0
1002.0;-206.0;888.0;950.0;921.0;-862.0;-89.0;263.0;139;-473.0;425.0;298.0;-175.0
990.0;-206.0;879.0;1018.0;885.0;-853.0;-82.0;235.0;139;-343.0;417.0;267.0;-156.0
960.0;-210.0;941.0;956.0;882.0;-885.0;-74.0;223.0;139;-361.0;403.0;254.0;-140.0
739.0;-184.0;-96.0;985.0;-116.0;-3.0;-36.0;-76.0;-166;-1093.0;-137.0;-703.0;48.0
1078.0;-91.0;955.0;1017.0;964.0;-865.0;-58.0;243.0;83;-371.0;455.0;200.0;-134.0
661.0;-159.0;219.0;982.0;-79.0;-31.0;-35.0;-78.0;-166;-977.0;-134.0;-710.0;39.0
649.0;-175.0;210.0;997.0;-131.0;2.0;-35.0;-76.0;-166;-980.0;-132.0;-709.0;35.0
632.0;-172.0;205.0;980.0;-99.0;-30.0;-36.0;-75.0;-166;-922.0;-141.0;-710.0;37.0
637.0;-180.0;212.0;983.0;-86.0;0.0;-36.0;-76.0;-166;-980.0;-142.0;-708.0;39.0
920.0;-157.0;-77.0;948.0;122.0;358.0;-115.0;-87.0;-166;-792.0;-306.0;-468.0;180.0
878.0;-174.0;-41.0;1010.0;320.0;340.0;-114.0;-87.0;-166;-961.0;-313.0;-465.0;178.0
801.0;-156.0;-180.0;884.0;125.0;265.0;-117.0;-78.0;-166;-715.0;-255.0;-466.0;184.0
880.0;-162.0;976.0;946.0;1199.0;-314.0;-205.0;386.0;142;-594.0;406.0;366.0;-250.0
921.0;-209.0;680.0;957.0;1015.0;-292.0;-60.0;228.0;139;-144.0;354.0;210.0;-113.0
936.0;-211.0;680.0;987.0;842.0;-187.0;-64.0;239.0;139;-198.0;352.0;209.0;-115.0
887.0;-196.0;279.0;936.0;596.0;-244.0;-71.0;267.0;139;-544.0;349.0;232.0;-122.0
950.0;-221.0;311.0;934.0;606.0;-159.0;-70.0;273.0;139;-597.0;351.0;231.0;-122.0
947.0;-236.0;352.0;940.0;485.0;-143.0;-70.0;275.0;139;-722.0;349.0;231.0;-122.0
989.0;-241.0;438.0;943.0;55.0;-142.0;-70.0;277.0;139;-783.0;349.0;230.0;-124.0
1000.0;-210.0;157.0;961.0;-243.0;-76.0;-45.0;268.0;139;-842.0;315.0;180.0;-83.0
791.0;214.0;-53.0;998.0;-915.0;114.0;-310.0;409.0;-59;-617.0;527.0;416.0;-379.0
1005.0;-188.0;192.0;959.0;-195.0;-104.0;-34.0;258.0;139;-656.0;299.0;163.0;-64.0
795.0;-164.0;-117.0;972.0;392.0;313.0;-87.0;-107.0;-166;-669.0;-165.0;-644.0;119.0
804.0;-174.0;-186.0;914.0;342.0;187.0;-79.0;-105.0;-166;-764.0;-160.0;-648.0;107.0
797.0;-180.0;-57.0;925.0;431.0;219.0;-78.0;-103.0;-166;-964.0;-154.0;-646.0;110.0
1009.0;-172.0;203.0;947.0;-176.0;-210.0;-23.0;251.0;139;-603.0;283.0;144.0;-51.0
1033.0;-177.0;265.0;943.0;-212.0;-255.0;-22.0;250.0;139;-671.0;278.0;138.0;-45.0
1069.0;-170.0;262.0;921.0;38.0;-277.0;-19.0;248.0;139;-847.0;276.0;136.0;-44.0
1059.0;-182.0;377.0;947.0;210.0;-263.0;-19.0;248.0;139;-981.0;279.0;138.0;-47.0
1055.0;-164.0;389.0;930.0;151.0;-373.0;-18.0;246.0;139;-896.0;275.0;135.0;-43.0
972.0;-171.0;-176.0;966.0;-64.0;326.0;-103.0;-69.0;-166;-589.0;-105.0;-582.0;165.0
958.0;-240.0;-41.0;895.0;137.0;595.0;-104.0;-64.0;-166;-629.0;-144.0;-642.0;169.0
1031.0;-165.0;415.0;927.0;235.0;-300.0;-18.0;245.0;139;-835.0;276.0;136.0;-42.0
1039.0;-175.0;482.0;936.0;373.0;-261.0;-18.0;246.0;139;-801.0;274.0;135.0;-40.0
1049.0;-169.0;357.0;935.0;262.0;-232.0;-22.0;263.0;139;-929.0;258.0;130.0;-38.0
1053.0;-164.0;377.0;926.0;232.0;-180.0;-22.0;265.0;139;-919.0;254.0;127.0;-38.0
1021.0;-154.0;338.0;950.0;318.0;-129.0;-24.0;269.0;139;-746.0;255.0;132.0;-38.0
1051.0;-169.0;332.0;922.0;258.0;-104.0;-24.0;272.0;139;-786.0;254.0;133.0;-40.0
1027.0;-180.0;279.0;913.0;241.0;-129.0;-25.0;275.0;139;-957.0;256.0;134.0;-41.0
882.0;-193.0;-223.0;950.0;139.0;285.0;-111.0;-120.0;-166;-834.0;41.0;-548.0;157.0
757.0;-184.0;-328.0;908.0;56.0;540.0;-50.0;-121.0;-166;-868.0;-84.0;-542.0;71.0
1144.0;-166.0;526.0;919.0;273.0;-463.0;-25.0;284.0;139;-1232.0;260.0;142.0;-43.0
1122.0;-178.0;537.0;904.0;666.0;-479.0;-25.0;284.0;139;-1090.0;260.0;143.0;-46.0
1184.0;-173.0;580.0;905.0;580.0;-386.0;-26.0;284.0;139;-1088.0;262.0;141.0;-45.0
1205.0;-158.0;664.0;909.0;474.0;-363.0;-26.0;285.0;139;-803.0;262.0;144.0;-46.0
1089.0;-153.0;565.0;944.0;540.0;-356.0;-28.0;287.0;139;-863.0;267.0;147.0;-50.0
1079.0;-143.0;497.0;927.0;537.0;-347.0;-28.0;287.0;139;-909.0;266.0;146.0;-52.0
1094.0;-171.0;489.0;921.0;427.0;-303.0;-30.0;287.0;139;-826.0;266.0;147.0;-54.0
1082.0;-161.0;508.0;930.0;472.0;-292.0;-30.0;288.0;139;-883.0;268.0;149.0;-54.0
1076.0;-147.0;474.0;928.0;479.0;-490.0;-29.0;286.0;139;-896.0;265.0;143.0;-52.0
1094.0;-152.0;442.0;909.0;415.0;-285.0;-29.0;284.0;139;-826.0;267.0;144.0;-50.0
1079.0;-150.0;603.0;931.0;332.0;-297.0;-30.0;283.0;139;-885.0;268.0;148.0;-55.0
1080.0;-157.0;434.0;927.0;696.0;-356.0;-31.0;284.0;139;-1130.0;270.0;150.0;-58.0
1071.0;-178.0;373.0;908.0;429.0;-359.0;-32.0;285.0;139;-985.0;270.0;151.0;-59.0
1073.0;-181.0;512.0;930.0;317.0;-426.0;-36.0;290.0;139;-986.0;278.0;157.0;-64.0
1101.0;-179.0;576.0;933.0;282.0;-453.0;-39.0;295.0;139;-965.0;284.0;163.0;-69.0
1081.0;-192.0;589.0;928.0;157.0;-495.0;-40.0;295.0;139;-963.0;282.0;164.0;-71.0
1061.0;-162.0;579.0;935.0;166.0;-491.0;-40.0;294.0;139;-916.0;285.0;165.0;-72.0
1070.0;-189.0;578.0;941.0;164.0;-490.0;-40.0;292.0;139;-933.0;284.0;162.0;-70.0
1094.0;-151.0;620.0;920.0;113.0;-484.0;-40.0;283.0;139;-942.0;291.0;170.0;-72.0
1110.0;-188.0;534.0;949.0;150.0;-340.0;-38.0;286.0;139;-1026.0;292.0;171.0;-71.0
1023.0;-221.0;702.0;923.0;348.0;-542.0;-14.0;272.0;139;-1185.0;278.0;136.0;-45.0
983.0;-117.0;-83.0;848.0;180.0;505.0;-119.0;-123.0;-166;-1084.0;63.0;-436.0;201.0
1079.0;-239.0;641.0;948.0;295.0;-451.0;-5.0;264.0;139;-910.0;271.0;123.0;-33.0
1073.0;-133.0;645.0;959.0;243.0;-700.0;7.0;250.0;139;-944.0;256.0;99.0;-18.0
1061.0;-148.0;576.0;947.0;430.0;-730.0;16.0;235.0;139;-1034.0;248.0;82.0;-3.0
1101.0;-133.0;645.0;934.0;0.0;-629.0;20.0;227.0;139;-844.0;246.0;77.0;0.0
980.0;-203.0;-254.0;646.0;-330.0;259.0;-265.0;20.0;-167;-1048.0;-180.0;-480.0;452.0
1030.0;-67.0;853.0;964.0;791.0;62.0;27.0;207.0;139;-1111.0;243.0;85.0;14.0
1093.0;-92.0;735.0;954.0;756.0;111.0;27.0;206.0;139;-732.0;241.0;82.0;15.0
994.0;-111.0;-22.0;967.0;-246.0;-193.0;30.0;214.0;139;-567.0;222.0;75.0;25.0
1107.0;-161.0;622.0;880.0;387.0;-587.0;18.0;265.0;139;-846.0;200.0;88.0;25.0
927.0;-161.0;-114.0;879.0;60.0;426.0;-159.0;-91.0;-166;-769.0;4.0;-582.0;250.0
1130.0;-182.0;701.0;902.0;370.0;-517.0;15.0;268.0;139;-918.0;204.0;94.0;21.0
1085.0;-152.0;575.0;902.0;304.0;-387.0;-7.0;282.0;140;-968.0;217.0;123.0;-5.0
1060.0;-178.0;595.0;912.0;159.0;-479.0;-10.0;285.0;140;-1067.0;221.0;126.0;-7.0
1075.0;-209.0;552.0;908.0;188.0;-435.0;-13.0;288.0;140;-1097.0;224.0;133.0;-11.0
1074.0;-224.0;492.0;916.0;81.0;-685.0;-16.0;290.0;140;-963.0;229.0;138.0;-17.0
1107.0;-221.0;502.0;904.0;155.0;-558.0;-21.0;290.0;140;-921.0;235.0;147.0;-24.0
1132.0;-201.0;612.0;903.0;131.0;-594.0;-24.0;289.0;140;-1054.0;239.0;151.0;-29.0
1173.0;-213.0;531.0;888.0;-58.0;-507.0;-27.0;287.0;140;-766.0;242.0;156.0;-30.0
731.0;-132.0;-40.0;762.0;111.0;69.0;-176.0;-85.0;-166;-277.0;-126.0;-515.0;272.0
1147.0;-203.0;837.0;920.0;-67.0;-415.0;-36.0;265.0;140;-923.0;263.0;170.0;-43.0
1112.0;-152.0;584.0;927.0;-31.0;-345.0;-35.0;255.0;140;-1151.0;261.0;165.0;-44.0
1088.0;-159.0;574.0;916.0;-146.0;-241.0;-34.0;252.0;140;-989.0;257.0;163.0;-42.0
1113.0;-135.0;577.0;949.0;-101.0;-266.0;-33.0;250.0;140;-820.0;256.0;160.0;-37.0
950.0;-194.0;-173.0;844.0;279.0;52.0;-166.0;-87.0;-166;-956.0;-146.0;-498.0;248.0
1011.0;-6.0;-181.0;820.0;528.0;188.0;-167.0;-78.0;-166;-879.0;-161.0;-515.0;259.0
970.0;-248.0;-128.0;900.0;274.0;284.0;-172.0;-79.0;-166;-687.0;-127.0;-504.0;259.0
1047.0;-155.0;366.0;938.0;272.0;-300.0;-17.0;239.0;140;-577.0;239.0;135.0;-18.0
884.0;-159.0;-242.0;895.0;371.0;77.0;-186.0;-73.0;-166;-850.0;-121.0;-512.0;288.0
977.0;-125.0;-113.0;802.0;439.0;138.0;-195.0;-60.0;-166;-856.0;-102.0;-515.0;316.0
953.0;-149.0;75.0;774.0;355.0;199.0;-197.0;-50.0;-166;-537.0;-90.0;-497.0;319.0
970.0;-119.0;-70.0;874.0;284.0;279.0;-196.0;-52.0;-166;-849.0;-95.0;-504.0;317.0
1029.0;-135.0;415.0;937.0;375.0;-273.0;-4.0;233.0;140;-723.0;226.0;116.0;-2.0
870.0;-180.0;29.0;841.0;278.0;453.0;-195.0;-44.0;-166;-598.0;-90.0;-492.0;322.0
860.0;-190.0;35.0;897.0;439.0;271.0;-203.0;-26.0;-166;-811.0;-106.0;-499.0;346.0
1027.0;-152.0;-25.0;804.0;386.0;-20.0;-204.0;-26.0;-166;-943.0;-117.0;-508.0;347.0
1019.0;-121.0;414.0;927.0;369.0;-279.0;0.0;230.0;140;-599.0;222.0;109.0;6.0
1059.0;-141.0;425.0;940.0;341.0;-323.0;10.0;223.0;140;-590.0;213.0;91.0;17.0
1080.0;-139.0;415.0;930.0;381.0;-347.0;24.0;212.0;140;-752.0;201.0;75.0;36.0
1111.0;-129.0;452.0;929.0;407.0;-331.0;28.0;209.0;140;-764.0;200.0;67.0;39.0
1059.0;-94.0;479.0;904.0;331.0;-283.0;35.0;207.0;140;-625.0;193.0;58.0;48.0
1049.0;-16.0;383.0;908.0;-59.0;-713.0;38.0;221.0;140;-787.0;212.0;73.0;42.0
1121.0;-296.0;809.0;983.0;490.0;-792.0;-14.0;248.0;140;-876.0;293.0;174.0;-47.0
1103.0;-301.0;843.0;1016.0;522.0;-898.0;-20.0;251.0;140;-891.0;304.0;190.0;-61.0
949.0;-138.0;923.0;899.0;555.0;-399.0;-36.0;260.0;139;-1000.0;321.0;223.0;-84.0
1050.0;161.0;943.0;875.0;664.0;-61.0;-57.0;269.0;140;-964.0;342.0;262.0;-116.0
1056.0;-110.0;970.0;1014.0;927.0;-882.0;-55.0;240.0;83;-272.0;442.0;192.0;-125.0
1007.0;114.0;644.0;882.0;649.0;-411.0;-137.0;355.0;143;-902.0;419.0;392.0;-222.0
1002.0;-165.0;905.0;1028.0;931.0;-793.0;-57.0;212.0;83;-243.0;432.0;192.0;-110.0
1064.0;-155.0;643.0;883.0;661.0;-354.0;-187.0;398.0;155;-333.0;444.0;442.0;-300.0
990.0;2.0;586.0;931.0;432.0;-352.0;-191.0;391.0;164;-731.0;446.0;445.0;-299.0
1116.0;-35.0;543.0;1026.0;379.0;-309.0;-190.0;368.0;149;-816.0;448.0;446.0;-294.0
1020.0;-413.0;494.0;1084.0;103.0;-142.0;-180.0;331.0;136;-717.0;441.0;434.0;-270.0
962.0;47.0;463.0;1070.0;97.0;-124.0;-173.0;321.0;138;-761.0;437.0;430.0;-258.0
897.0;-515.0;356.0;849.0;113.0;-548.0;-147.0;280.0;137;-651.0;439.0;414.0;-226.0
1037.0;-522.0;476.0;1043.0;591.0;-426.0;-507.0;552.0;-138;-1057.0;501.0;535.0;-522.0
996.0;231.0;631.0;1004.0;454.0;-195.0;-155.0;286.0;137;-813.0;403.0;375.0;-201.0
830.0;14.0;485.0;1026.0;207.0;-183.0;-152.0;301.0;137;-1077.0;387.0;378.0;-184.0
989.0;112.0;410.0;917.0;141.0;-423.0;-194.0;369.0;137;-635.0;363.0;382.0;-177.0
968.0;184.0;466.0;901.0;192.0;-419.0;-200.0;376.0;139;-743.0;359.0;379.0;-179.0
993.0;-194.0;535.0;920.0;258.0;-400.0;-205.0;379.0;140;-761.0;352.0;365.0;-171.0
1035.0;270.0;574.0;995.0;383.0;-529.0;-211.0;379.0;135;-760.0;340.0;355.0;-154.0
919.0;46.0;774.0;867.0;561.0;-952.0;-258.0;409.0;135;-564.0;291.0;347.0;-130.0
913.0;-11.0;797.0;1029.0;623.0;-675.0;-518.0;494.0;66;-668.0;96.0;74.0;-392.0
988.0;-188.0;931.0;1044.0;920.0;-874.0;-53.0;203.0;83;-349.0;443.0;203.0;-111.0
1048.0;-125.0;971.0;1017.0;999.0;-882.0;-38.0;194.0;83;-316.0;425.0;191.0;-87.0
1081.0;-88.0;1007.0;1010.0;972.0;-870.0;-26.0;189.0;83;-324.0;417.0;173.0;-68.0
808.0;-183.0;-132.0;919.0;225.0;389.0;-184.0;-12.0;-166;-878.0;-173.0;-407.0;351.0
921.0;-160.0;797.0;841.0;761.0;-901.0;-7.0;185.0;101;-345.0;400.0;145.0;-39.0
966.0;-41.0;808.0;915.0;844.0;-920.0;8.0;189.0;111;-342.0;380.0;114.0;-14.0
1017.0;49.0;894.0;983.0;840.0;-924.0;32.0;206.0;110;-190.0;363.0;81.0;32.0
1013.0;52.0;890.0;1035.0;854.0;-1145.0;39.0;162.0;111;-296.0;294.0;95.0;34.0
933.0;-157.0;-21.0;859.0;438.0;346.0;-136.0;-97.0;-166;-305.0;-82.0;-391.0;222.0
982.0;-131.0;-239.0;850.0;221.0;20.0;-125.0;-98.0;-166;-514.0;-70.0;-393.0;202.0
1022.0;-212.0;58.0;875.0;263.0;341.0;-110.0;-106.0;-166;-328.0;49.0;-406.0;172.0
789.0;-173.0;-408.0;848.0;-152.0;191.0;-169.0;-73.0;-166;-952.0;-114.0;-401.0;289.0
890.0;-213.0;-178.0;921.0;-84.0;351.0;-139.0;-95.0;-166;-605.0;80.0;-380.0;237.0
887.0;-171.0;-64.0;925.0;86.0;723.0;-155.0;-104.0;-166;-486.0;34.0;-417.0;264.0
1086.0;641.0;891.0;1122.0;1001.0;-1347.0;-121.0;263.0;114;-501.0;-73.0;30.0;129.0
1032.0;74.0;956.0;970.0;882.0;-910.0;27.0;199.0;113;-501.0;340.0;60.0;53.0
968.0;171.0;898.0;1024.0;837.0;-981.0;-19.0;231.0;117;-275.0;410.0;163.0;-42.0
1060.0;82.0;969.0;1021.0;938.0;-911.0;-23.0;254.0;116;-353.0;412.0;162.0;-78.0
890.0;138.0;1045.0;818.0;1008.0;-961.0;-8.0;199.0;120;-14.0;273.0;130.0;7.0
875.0;-136.0;992.0;694.0;898.0;-1020.0;96.0;188.0;135;13.0;81.0;-50.0;178.0
960.0;-91.0;1104.0;805.0;1062.0;-965.0;63.0;197.0;120;28.0;165.0;-15.0;108.0
1046.0;1.0;969.0;1103.0;934.0;-856.0;66.0;154.0;117;-204.0;212.0;4.0;92.0
982.0;34.0;858.0;962.0;828.0;-925.0;24.0;161.0;111;-484.0;318.0;128.0;14.0
682.0;-149.0;-111.0;847.0;357.0;477.0;-15.0;-158.0;-166;-853.0;-13.0;-603.0;-4.0
1040.0;87.0;970.0;988.0;1034.0;-811.0;-8.0;200.0;108;-330.0;403.0;215.0;-49.0
1030.0;79.0;963.0;1011.0;972.0;-834.0;-13.0;208.0;107;-283.0;409.0;214.0;-59.0
1044.0;103.0;924.0;969.0;882.0;-893.0;-53.0;257.0;104;-265.0;448.0;247.0;-117.0
835.0;-259.0;251.0;948.0;301.0;301.0;33.0;-146.0;-164;-1167.0;177.0;-371.0;-119.0
765.0;-236.0;-2.0;975.0;-53.0;90.0;24.0;-140.0;-164;-1003.0;162.0;-406.0;-86.0
988.0;104.0;910.0;796.0;876.0;-856.0;-962.0;92.0;-102;-526.0;-475.0;-53.0;440.0
954.0;-513.0;996.0;416.0;790.0;-887.0;-868.0;242.0;-27;-543.0;-257.0;333.0;93.0
1119.0;-511.0;832.0;980.0;969.0;-844.0;-917.0;180.0;-26;-707.0;-3.0;534.0;58.0
876.0;-164.0;877.0;887.0;851.0;-877.0;-168.0;64.0;-166;-402.0;-16.0;288.0;245.0
866.0;-248.0;-232.0;928.0;-90.0;324.0;-1.0;-127.0;-164;-833.0;-22.0;-442.0;0.0
844.0;-196.0;953.0;1131.0;819.0;-856.0;-122.0;29.0;-166;-581.0;39.0;369.0;185.0
916.0;-116.0;954.0;1043.0;746.0;-788.0;-77.0;-12.0;-166;-723.0;102.0;408.0;115.0
949.0;42.0;926.0;1020.0;752.0;-701.0;-60.0;-30.0;-166;-682.0;127.0;411.0;89.0
929.0;14.0;926.0;1001.0;726.0;-712.0;-54.0;-36.0;-166;-692.0;131.0;409.0;83.0
133.0;-461.0;-66.0;107.0;311.0;140.0;462.0;115.0;160;-316.0;277.0;-497.0;-505.0
516.0;-345.0;77.0;987.0;744.0;-158.0;51.0;-206.0;-165;-832.0;294.0;-432.0;-159.0
478.0;-365.0;109.0;950.0;699.0;-42.0;38.0;-203.0;-165;-808.0;295.0;-395.0;-134.0
925.0;59.0;834.0;982.0;655.0;-712.0;-43.0;-48.0;-166;-723.0;143.0;417.0;62.0
935.0;45.0;785.0;997.0;618.0;-691.0;-36.0;-55.0;-166;-736.0;151.0;422.0;52.0
960.0;20.0;830.0;1002.0;591.0;-650.0;-14.0;-82.0;-166;-778.0;170.0;437.0;16.0
762.0;-163.0;-138.0;965.0;334.0;263.0;-121.0;-81.0;-166;-258.0;-213.0;-682.0;188.0
812.0;-297.0;-194.0;896.0;134.0;40.0;-133.0;-101.0;-167;-623.0;-329.0;-606.0;162.0
809.0;-309.0;-230.0;877.0;78.0;-68.0;-133.0;-94.0;-167;-616.0;-325.0;-612.0;172.0
971.0;72.0;780.0;1025.0;575.0;-740.0;-1.0;-101.0;-166;-775.0;175.0;429.0;-8.0
957.0;48.0;741.0;1023.0;594.0;-774.0;17.0;-128.0;-166;-723.0;199.0;420.0;-34.0
1260.0;654.0;1020.0;1221.0;997.0;-538.0;280.0;-410.0;-98;-725.0;332.0;288.0;-263.0
1127.0;109.0;866.0;964.0;697.0;-618.0;56.0;-196.0;-166;-774.0;245.0;412.0;-97.0
872.0;-221.0;-7.0;948.0;-183.0;430.0;-151.0;-51.0;-167;-595.0;-372.0;-607.0;247.0
1029.0;38.0;745.0;981.0;486.0;-663.0;58.0;-199.0;-168;-585.0;221.0;356.0;-94.0
1035.0;77.0;764.0;1103.0;503.0;-648.0;57.0;-206.0;-147;-841.0;201.0;314.0;-85.0
1104.0;-56.0;779.0;1032.0;600.0;-759.0;42.0;-211.0;172;-669.0;121.0;201.0;-63.0
842.0;-249.0;-34.0;959.0;234.0;-41.0;-142.0;-62.0;-167;-1018.0;-372.0;-612.0;239.0
1137.0;25.0;877.0;1005.0;686.0;-648.0;40.0;-209.0;175;-840.0;110.0;199.0;-59.0
1150.0;-37.0;867.0;988.0;686.0;-606.0;41.0;-210.0;172;-784.0;110.0;198.0;-63.0
846.0;-322.0;272.0;981.0;-42.0;54.0;-151.0;-63.0;-167;-317.0;-367.0;-619.0;264.0
301.0;-148.0;320.0;282.0;436.0;-261.0;330.0;76.0;93;-357.0;512.0;-142.0;-595.0
1096.0;105.0;861.0;1058.0;654.0;-565.0;43.0;-210.0;174;-660.0;118.0;206.0;-69.0
820.0;-52.0;785.0;1027.0;-2.0;-667.0;55.0;-41.0;130;-78.0;124.0;-337.0;-110.0
887.0;305.0;918.0;854.0;114.0;-943.0;333.0;-297.0;88;-399.0;203.0;-84.0;-378.0
998.0;-217.0;889.0;1047.0;608.0;-528.0;46.0;-211.0;173;-703.0;136.0;223.0;-75.0
1052.0;-471.0;656.0;833.0;546.0;-448.0;64.0;-189.0;173;-680.0;259.0;289.0;-103.0
1037.0;-406.0;631.0;984.0;492.0;-427.0;71.0;-190.0;173;-720.0;269.0;294.0;-111.0
790.0;-30.0;682.0;988.0;376.0;-664.0;78.0;-125.0;143;-396.0;77.0;-456.0;-138.0
796.0;-151.0;559.0;970.0;329.0;-446.0;109.0;-145.0;143;-501.0;136.0;-411.0;-201.0
890.0;-262.0;-1.0;917.0;-173.0;586.0;-148.0;-53.0;-167;-568.0;-365.0;-617.0;240.0
748.0;96.0;567.0;1059.0;297.0;-416.0;93.0;-220.0;173;-848.0;283.0;330.0;-123.0
1259.0;294.0;566.0;1270.0;453.0;-372.0;105.0;-233.0;173;-977.0;299.0;338.0;-132.0
1033.0;60.0;509.0;875.0;369.0;-289.0;118.0;-245.0;174;-1048.0;316.0;358.0;-138.0
916.0;183.0;574.0;940.0;354.0;-355.0;111.0;-236.0;176;-729.0;316.0;370.0;-111.0
886.0;-186.0;896.0;940.0;573.0;-904.0;133.0;-246.0;122;-315.0;164.0;-488.0;-237.0
928.0;68.0;626.0;946.0;352.0;-467.0;79.0;-229.0;164;-859.0;262.0;416.0;-46.0
984.0;39.0;424.0;863.0;-1.0;-242.0;-175.0;26.0;-150;-1046.0;-138.0;-11.0;296.0
1011.0;39.0;820.0;941.0;687.0;-836.0;170.0;-272.0;114;-759.0;214.0;-549.0;-308.0
1080.0;226.0;521.0;1000.0;40.0;-169.0;-197.0;48.0;-151;-1067.0;-173.0;-40.0;316.0
933.0;-12.0;782.0;895.0;292.0;-737.0;191.0;-289.0;114;-443.0;257.0;-536.0;-337.0
1017.0;101.0;952.0;986.0;975.0;-894.0;-43.0;228.0;103;-284.0;416.0;195.0;-101.0
1029.0;114.0;956.0;986.0;950.0;-885.0;-36.0;221.0;103;-285.0;410.0;183.0;-87.0
1010.0;116.0;956.0;989.0;976.0;-902.0;-30.0;213.0;103;-349.0;397.0;174.0;-83.0
990.0;151.0;947.0;1000.0;946.0;-896.0;-31.0;211.0;103;-255.0;396.0;175.0;-79.0
1000.0;176.0;942.0;1001.0;956.0;-891.0;-31.0;210.0;103;-285.0;398.0;178.0;-79.0
829.0;-75.0;790.0;894.0;280.0;-812.0;213.0;-265.0;115;-636.0;235.0;-466.0;-359.0
970.0;10.0;785.0;926.0;359.0;-639.0;197.0;-254.0;118;-563.0;163.0;-506.0;-325.0
881.0;84.0;906.0;881.0;511.0;-856.0;194.0;-253.0;120;-568.0;112.0;-450.0;-286.0
989.0;119.0;952.0;1000.0;958.0;-886.0;-33.0;210.0;103;-280.0;399.0;178.0;-78.0
887.0;379.0;1016.0;917.0;-55.0;-901.0;343.0;-330.0;109;-511.0;242.0;-98.0;-398.0
736.0;-171.0;886.0;629.0;837.0;-962.0;198.0;-172.0;110;-411.0;43.0;-203.0;-179.0
1033.0;-17.0;978.0;1006.0;975.0;-905.0;-36.0;211.0;103;-353.0;403.0;184.0;-84.0
725.0;-183.0;-142.0;973.0;282.0;238.0;-35.0;-117.0;-167;-430.0;124.0;-683.0;45.0
706.0;-36.0;525.0;574.0;614.0;-499.0;124.0;-249.0;110;-98.0;376.0;240.0;-170.0
1014.0;-271.0;-21.0;988.0;50.0;254.0;30.0;-149.0;-166;-291.0;268.0;-457.0;-118.0
1053.0;150.0;974.0;550.0;936.0;-892.0;-195.0;350.0;119;-278.0;508.0;-43.0;-318.0
1001.0;129.0;948.0;1020.0;934.0;-891.0;-51.0;226.0;103;-308.0;424.0;216.0;-111.0
890.0;-348.0;816.0;1005.0;821.0;-796.0;-44.0;-86.0;113;-444.0;258.0;-33.0;83.0
925.0;-197.0;902.0;1041.0;793.0;-807.0;-89.0;-71.0;111;-495.0;171.0;-109.0;153.0
1000.0;-261.0;179.0;1015.0;290.0;266.0;31.0;-150.0;-166;-399.0;275.0;-444.0;-119.0
835.0;-210.0;360.0;1035.0;741.0;104.0;31.0;-151.0;-166;-1137.0;279.0;-433.0;-123.0
991.0;139.0;924.0;992.0;894.0;-900.0;-52.0;226.0;105;-286.0;425.0;213.0;-106.0
986.0;42.0;893.0;962.0;912.0;-878.0;-620.0;445.0;-81;-228.0;-733.0;-657.0;752.0
1023.0;145.0;959.0;998.0;914.0;-901.0;-52.0;228.0;109;-282.0;427.0;217.0;-110.0
1030.0;114.0;952.0;997.0;942.0;-891.0;-47.0;226.0;108;-324.0;423.0;212.0;-108.0
774.0;-237.0;-85.0;997.0;109.0;160.0;22.0;-136.0;-166;-916.0;204.0;-552.0;-99.0
990.0;131.0;952.0;988.0;930.0;-900.0;-44.0;223.0;108;-286.0;425.0;208.0;-100.0
1016.0;132.0;964.0;994.0;963.0;-879.0;-37.0;216.0;108;-281.0;415.0;200.0;-95.0
1023.0;131.0;949.0;987.0;914.0;-880.0;-36.0;215.0;108;-333.0;414.0;198.0;-94.0
1030.0;115.0;967.0;995.0;945.0;-895.0;-34.0;213.0;108;-294.0;410.0;191.0;-91.0
1010.0;119.0;944.0;989.0;966.0;-892.0;-34.0;213.0;108;-281.0;409.0;192.0;-89.0
690.0;-231.0;-154.0;994.0;-191.0;535.0;-16.0;96.0;-167;-361.0;320.0;-764.0;-50.0
795.0;-235.0;-4.0;981.0;263.0;202.0;12.0;-120.0;-166;-564.0;100.0;-555.0;-70.0
774.0;-260.0;-112.0;959.0;192.0;189.0;-11.0;-132.0;-166;-681.0;50.0;-559.0;-39.0
680.0;-275.0;51.0;1020.0;399.0;-3.0;-64.0;-105.0;-166;-696.0;98.0;-539.0;71.0
915.0;-150.0;53.0;1066.0;200.0;226.0;-133.0;-107.0;-166;-27.0;110.0;-566.0;204.0
1030.0;132.0;961.0;1006.0;956.0;-906.0;-34.0;213.0;108;-286.0;408.0;189.0;-89.0
1027.0;111.0;963.0;1016.0;921.0;-899.0;-36.0;214.0;108;-287.0;408.0;189.0;-92.0
1003.0;114.0;947.0;1007.0;960.0;-908.0;-38.0;216.0;108;-285.0;409.0;191.0;-93.0
1031.0;120.0;961.0;991.0;934.0;-902.0;-39.0;216.0;108;-281.0;410.0;193.0;-94.0
1001.0;108.0;951.0;995.0;937.0;-901.0;-42.0;215.0;108;-289.0;410.0;191.0;-97.0
1009.0;103.0;956.0;1015.0;963.0;-905.0;-44.0;215.0;108;-278.0;409.0;191.0;-99.0
1016.0;119.0;959.0;996.0;927.0;-903.0;-44.0;215.0;108;-258.0;409.0;193.0;-99.0
1005.0;145.0;947.0;979.0;954.0;-898.0;-47.0;216.0;109;-301.0;415.0;202.0;-110.0
1034.0;121.0;966.0;997.0;935.0;-900.0;-49.0;216.0;109;-268.0;415.0;198.0;-111.0
1004.0;113.0;958.0;992.0;935.0;-905.0;-49.0;216.0;109;-290.0;415.0;200.0;-107.0
1004.0;-225.0;-91.0;988.0;-174.0;260.0;-128.0;-96.0;-166;-606.0;123.0;-570.0;191.0
1004.0;-221.0;-99.0;978.0;-244.0;263.0;-126.0;-98.0;-166;-639.0;122.0;-567.0;186.0
986.0;-202.0;-112.0;997.0;-232.0;259.0;-128.0;-97.0;-166;-625.0;123.0;-573.0;189.0
1039.0;-247.0;-105.0;998.0;-236.0;238.0;-128.0;-88.0;-166;-589.0;135.0;-582.0;198.0
975.0;-207.0;-96.0;1005.0;-233.0;266.0;-127.0;-80.0;-166;-615.0;138.0;-600.0;206.0
516.0;-242.0;262.0;1024.0;122.0;105.0;-69.0;-97.0;-166;-1006.0;147.0;-676.0;95.0
685.0;-210.0;120.0;1006.0;-93.0;71.0;-69.0;-97.0;-166;-994.0;149.0;-677.0;89.0
673.0;-212.0;163.0;1010.0;-159.0;124.0;-68.0;-96.0;-166;-1039.0;147.0;-680.0;89.0
703.0;-209.0;183.0;1022.0;-139.0;120.0;-69.0;-95.0;-166;-966.0;148.0;-683.0;88.0
670.0;-240.0;57.0;985.0;-89.0;144.0;-69.0;-95.0;-166;-926.0;148.0;-679.0;87.0
676.0;-231.0;85.0;1019.0;-63.0;96.0;-72.0;-85.0;-166;-1109.0;142.0;-688.0;96.0
680.0;-205.0;123.0;975.0;-47.0;643.0;-107.0;-49.0;-166;-1084.0;125.0;-689.0;213.0
999.0;106.0;952.0;987.0;949.0;-900.0;-49.0;216.0;109;-297.0;415.0;205.0;-111.0
998.0;100.0;969.0;1005.0;935.0;-907.0;-52.0;215.0;109;-276.0;419.0;210.0;-112.0
1020.0;121.0;952.0;997.0;938.0;-904.0;-52.0;215.0;109;-299.0;419.0;211.0;-116.0
514.0;-175.0;114.0;616.0;322.0;284.0;-81.0;-109.0;-166;-870.0;375.0;-246.0;128.0
988.0;122.0;943.0;987.0;945.0;-903.0;-53.0;214.0;109;-304.0;420.0;211.0;-115.0
1010.0;126.0;958.0;987.0;924.0;-900.0;-53.0;213.0;109;-283.0;422.0;213.0;-115.0
1031.0;38.0;919.0;1013.0;875.0;-857.0;-132.0;-98.0;158;-153.0;-49.0;-302.0;289.0
1046.0;98.0;953.0;998.0;903.0;-881.0;-111.0;-111.0;159;-102.0;-15.0;-253.0;262.0
978.0;-790.0;862.0;893.0;714.0;-1078.0;31.0;113.0;79;-495.0;-16.0;-129.0;146.0
926.0;-280.0;774.0;862.0;831.0;-760.0;-74.0;-104.0;149;-62.0;31.0;-234.0;184.0
921.0;-370.0;751.0;928.0;870.0;-699.0;-85.0;-95.0;8;-236.0;54.0;-177.0;198.0
932.0;-50.0;811.0;991.0;913.0;-735.0;-86.0;-96.0;69;-430.0;57.0;-173.0;194.0
1004.0;100.0;966.0;994.0;955.0;-898.0;-55.0;212.0;109;-319.0;423.0;216.0;-117.0
1001.0;129.0;971.0;988.0;931.0;-905.0;-46.0;216.0;109;-290.0;416.0;206.0;-108.0
770.0;127.0;809.0;759.0;646.0;-842.0;-32.0;-199.0;142;-184.0;214.0;-23.0;75.0
938.0;-6.0;811.0;848.0;958.0;-792.0;-6.0;-217.0;142;-152.0;259.0;9.0;13.0
991.0;40.0;845.0;949.0;860.0;-816.0;4.0;-209.0;141;-45.0;286.0;-13.0;5.0
1120.0;6.0;819.0;961.0;879.0;-759.0;16.0;-204.0;141;25.0;296.0;-9.0;-11.0
1008.0;110.0;975.0;988.0;924.0;-898.0;-45.0;212.0;109;-304.0;414.0;205.0;-104.0
947.0;-34.0;983.0;978.0;1043.0;-886.0;374.0;-521.0;86;-419.0;290.0;286.0;-474.0
1004.0;119.0;968.0;1013.0;953.0;-894.0;-45.0;212.0;109;-307.0;413.0;203.0;-104.0
997.0;109.0;966.0;982.0;944.0;-901.0;-47.0;216.0;109;-279.0;416.0;206.0;-113.0
660.0;-222.0;-36.0;823.0;158.0;134.0;-82.0;-41.0;-166;-1034.0;466.0;-147.0;135.0
628.0;-222.0;30.0;887.0;171.0;147.0;-82.0;-42.0;-166;-1040.0;466.0;-145.0;135.0
589.0;-231.0;69.0;902.0;289.0;140.0;-82.0;-42.0;-166;-1021.0;466.0;-143.0;136.0
576.0;-261.0;-3.0;922.0;313.0;120.0;-81.0;-42.0;-166;-917.0;467.0;-143.0;132.0
486.0;-234.0;-49.0;940.0;142.0;151.0;-81.0;-44.0;-166;-531.0;465.0;-144.0;135.0
494.0;-256.0;-28.0;953.0;83.0;157.0;-81.0;-44.0;-166;-377.0;464.0;-145.0;135.0
440.0;-240.0;-53.0;922.0;-42.0;125.0;-81.0;-43.0;-166;-46.0;449.0;-186.0;139.0
1017.0;108.0;971.0;991.0;960.0;-901.0;-45.0;214.0;109;-316.0;413.0;202.0;-105.0
1001.0;85.0;962.0;988.0;915.0;-902.0;-51.0;220.0;109;-284.0;421.0;213.0;-115.0
1103.0;887.0;1423.0;1282.0;1486.0;-1163.0;-437.0;481.0;148;-666.0;43.0;145.0;-179.0
1025.0;126.0;939.0;997.0;865.0;-913.0;-61.0;238.0;126;-615.0;421.0;227.0;-128.0
970.0;82.0;885.0;996.0;773.0;-831.0;-75.0;250.0;125;-564.0;421.0;242.0;-138.0
1061.0;67.0;866.0;984.0;808.0;-776.0;-95.0;273.0;125;-610.0;423.0;258.0;-155.0
967.0;-100.0;838.0;965.0;809.0;-745.0;-101.0;280.0;125;-582.0;422.0;260.0;-162.0
994.0;-269.0;848.0;963.0;899.0;-801.0;-106.0;277.0;125;-615.0;415.0;237.0;-181.0
1080.0;-123.0;668.0;900.0;673.0;-538.0;-53.0;263.0;125;-549.0;333.0;140.0;-92.0
1091.0;-211.0;595.0;939.0;576.0;-551.0;-55.0;276.0;125;-595.0;329.0;136.0;-95.0
1096.0;-181.0;514.0;925.0;642.0;-564.0;-56.0;288.0;125;-583.0;321.0;130.0;-91.0
1112.0;-203.0;544.0;920.0;675.0;-542.0;-57.0;295.0;125;-707.0;319.0;135.0;-93.0
1123.0;-234.0;555.0;919.0;658.0;-540.0;-59.0;304.0;125;-549.0;320.0;145.0;-90.0
1122.0;-220.0;501.0;928.0;631.0;-377.0;-66.0;327.0;125;-598.0;321.0;163.0;-88.0
1061.0;-216.0;480.0;864.0;593.0;-373.0;-67.0;331.0;125;-659.0;316.0;165.0;-85.0
1101.0;-191.0;516.0;920.0;492.0;-276.0;-67.0;329.0;125;-739.0;312.0;163.0;-82.0
1112.0;-203.0;473.0;896.0;454.0;-293.0;-66.0;327.0;125;-685.0;308.0;160.0;-82.0
1118.0;-193.0;507.0;921.0;544.0;-355.0;-63.0;321.0;125;-785.0;294.0;167.0;-74.0
396.0;-198.0;35.0;919.0;-34.0;-106.0;-72.0;-65.0;-166;-123.0;425.0;-288.0;132.0
427.0;-245.0;35.0;922.0;50.0;-105.0;-72.0;-65.0;-166;-55.0;418.0;-299.0;138.0
419.0;-242.0;-40.0;911.0;-42.0;123.0;-82.0;-45.0;-166;4.0;437.0;-234.0;143.0
424.0;-218.0;110.0;893.0;55.0;32.0;-81.0;-67.0;-166;-272.0;385.0;-357.0;155.0
405.0;-238.0;207.0;948.0;169.0;10.0;-99.0;-66.0;-166;-549.0;376.0;-366.0;170.0
388.0;-276.0;135.0;951.0;150.0;180.0;-115.0;-56.0;-166;-271.0;374.0;-379.0;199.0
472.0;-222.0;51.0;877.0;101.0;243.0;-150.0;-30.0;-167;-652.0;318.0;-441.0;275.0
1080.0;-188.0;498.0;911.0;468.0;-351.0;-63.0;320.0;125;-828.0;297.0;175.0;-73.0
1101.0;-215.0;513.0;913.0;375.0;-340.0;-56.0;303.0;125;-822.0;289.0;156.0;-60.0
1072.0;-210.0;526.0;917.0;510.0;-351.0;-54.0;301.0;125;-789.0;289.0;156.0;-59.0
1111.0;-173.0;563.0;901.0;362.0;-281.0;-52.0;296.0;125;-913.0;287.0;152.0;-56.0
1072.0;-211.0;491.0;921.0;416.0;-361.0;-48.0;290.0;125;-963.0;282.0;145.0;-52.0
1094.0;-210.0;496.0;912.0;377.0;-367.0;-48.0;289.0;125;-841.0;282.0;146.0;-55.0
1064.0;-183.0;475.0;899.0;399.0;-339.0;-42.0;280.0;125;-863.0;284.0;140.0;-48.0
1193.0;-275.0;609.0;1050.0;421.0;-395.0;-23.0;263.0;125;-930.0;269.0;103.0;-27.0
1150.0;-196.0;-7.0;658.0;253.0;37.0;-222.0;-44.0;-168;-1019.0;24.0;-70.0;361.0
949.0;-193.0;-22.0;521.0;75.0;-23.0;-229.0;-45.0;-168;-1010.0;11.0;-73.0;364.0
955.0;-229.0;78.0;643.0;45.0;-61.0;-229.0;-47.0;-168;-1009.0;12.0;-84.0;357.0
945.0;-215.0;95.0;651.0;79.0;-82.0;-228.0;-49.0;-168;-1004.0;12.0;-86.0;350.0
948.0;-175.0;94.0;676.0;91.0;-140.0;-225.0;-52.0;-168;-980.0;10.0;-93.0;344.0
970.0;-132.0;212.0;666.0;60.0;-440.0;-193.0;-56.0;-168;-989.0;44.0;-99.0;272.0
933.0;-32.0;210.0;677.0;97.0;-564.0;-180.0;-54.0;-168;-984.0;59.0;-89.0;244.0
898.0;-136.0;297.0;682.0;104.0;-462.0;-163.0;-52.0;-168;-1050.0;97.0;-78.0;209.0
1053.0;-163.0;330.0;651.0;151.0;-527.0;-157.0;-54.0;-167;-1134.0;115.0;-76.0;202.0
887.0;-85.0;481.0;873.0;91.0;-674.0;-132.0;-71.0;-167;-1022.0;168.0;-68.0;157.0
799.0;-309.0;814.0;936.0;505.0;-190.0;-65.0;-179.0;-170;-1283.0;273.0;219.0;50.0
665.0;-255.0;519.0;1053.0;319.0;-164.0;-51.0;-195.0;-170;-933.0;281.0;251.0;29.0
640.0;-492.0;483.0;1129.0;112.0;-480.0;-7.0;-231.0;-168;-599.0;295.0;288.0;-26.0
999.0;-270.0;463.0;783.0;257.0;-480.0;13.0;-243.0;-168;-878.0;304.0;314.0;-55.0
1191.0;-273.0;278.0;837.0;77.0;-566.0;48.0;-263.0;-167;-931.0;321.0;357.0;-110.0
1036.0;-172.0;491.0;1018.0;356.0;-425.0;3.0;237.0;125;-799.0;225.0;21.0;3.0
870.0;-109.0;483.0;1129.0;300.0;-386.0;59.0;157.0;124;-773.0;69.0;-198.0;76.0
884.0;-150.0;489.0;1030.0;294.0;-372.0;82.0;118.0;126;-818.0;39.0;-162.0;114.0
864.0;24.0;471.0;1038.0;272.0;-383.0;95.0;98.0;121;-809.0;21.0;-131.0;132.0
905.0;32.0;569.0;964.0;361.0;-374.0;153.0;15.0;144;-864.0;3.0;-30.0;208.0
955.0;212.0;589.0;1004.0;406.0;-349.0;163.0;4.0;211;-826.0;2.0;-25.0;221.0
737.0;38.0;616.0;936.0;23.0;-260.0;-351.0;392.0;120;-416.0;99.0;74.0;47.0
679.0;23.0;71.0;938.0;20.0;163.0;-738.0;646.0;160;-169.0;-303.0;72.0;82.0
359.0;53.0;303.0;973.0;-92.0;-181.0;-468.0;504.0;118;-226.0;152.0;112.0;20.0
971.0;128.0;418.0;965.0;238.0;-423.0;251.0;-63.0;-144;-977.0;21.0;10.0;340.0
1020.0;-39.0;451.0;925.0;319.0;-338.0;292.0;-77.0;-112;-809.0;14.0;8.0;392.0
823.0;79.0;323.0;846.0;-24.0;-306.0;690.0;-643.0;40;-691.0;-170.0;-78.0;24.0
933.0;113.0;605.0;946.0;194.0;-18.0;692.0;-646.0;39;-1085.0;-186.0;-94.0;15.0
1087.0;-119.0;587.0;882.0;397.0;-309.0;225.0;10.0;174;-882.0;-85.0;-276.0;285.0
975.0;-155.0;636.0;799.0;430.0;-437.0;200.0;40.0;174;-985.0;-54.0;-248.0;249.0
1088.0;55.0;501.0;1007.0;259.0;-403.0;403.0;-447.0;97;-555.0;447.0;104.0;-328.0
1099.0;23.0;714.0;972.0;385.0;-434.0;404.0;-444.0;97;-490.0;447.0;109.0;-330.0
916.0;-29.0;626.0;808.0;479.0;-457.0;120.0;151.0;174;-902.0;-8.0;-192.0;124.0
1090.0;20.0;532.0;974.0;309.0;-425.0;405.0;-444.0;97;-530.0;451.0;120.0;-328.0
955.0;157.0;617.0;678.0;243.0;-475.0;63.0;228.0;174;-1005.0;33.0;-143.0;49.0
1031.0;41.0;733.0;764.0;329.0;-533.0;36.0;255.0;167;-1069.0;50.0;-113.0;19.0
1099.0;13.0;564.0;1018.0;560.0;-472.0;408.0;-439.0;97;-601.0;473.0;155.0;-339.0
1123.0;-239.0;474.0;1179.0;423.0;-218.0;437.0;-551.0;-41;-863.0;507.0;451.0;-458.0
985.0;25.0;450.0;1034.0;665.0;-208.0;391.0;-450.0;97;-543.0;470.0;253.0;-321.0
846.0;319.0;513.0;1138.0;241.0;288.0;-117.0;216.0;181;-451.0;114.0;-25.0;19.0
1028.0;-3.0;706.0;731.0;239.0;-521.0;10.0;280.0;156;-820.0;58.0;-31.0;11.0
821.0;-93.0;-5.0;983.0;223.0;-68.0;377.0;-417.0;84;-254.0;633.0;569.0;-572.0
963.0;86.0;281.0;950.0;209.0;-509.0;39.0;156.0;209;-870.0;14.0;-124.0;155.0
964.0;-153.0;687.0;744.0;657.0;-740.0;229.0;-21.0;-179;-957.0;-126.0;-242.0;319.0
1099.0;-79.0;829.0;795.0;751.0;-582.0;250.0;-45.0;-211;-1024.0;-143.0;-250.0;334.0
1042.0;71.0;791.0;1009.0;521.0;-522.0;23.0;281.0;154;-1034.0;9.0;-143.0;38.0
951.0;74.0;698.0;983.0;470.0;-518.0;835.0;-550.0;-62;-975.0;-285.0;-409.0;44.0
923.0;-529.0;922.0;831.0;873.0;-1137.0;741.0;-606.0;46;-749.0;-372.0;-340.0;434.0
1006.0;-6.0;783.0;1083.0;487.0;-635.0;30.0;258.0;154;-942.0;-2.0;-275.0;43.0
1048.0;37.0;710.0;1055.0;425.0;-648.0;47.0;205.0;154;-884.0;41.0;-326.0;68.0
989.0;79.0;728.0;1039.0;441.0;-653.0;51.0;193.0;154;-898.0;47.0;-318.0;76.0
945.0;75.0;617.0;1012.0;290.0;-577.0;70.0;139.0;154;-899.0;51.0;-265.0;106.0
906.0;71.0;667.0;1044.0;294.0;-591.0;85.0;101.0;154;-956.0;40.0;-220.0;136.0
888.0;47.0;782.0;1019.0;409.0;-498.0;98.0;70.0;157;-898.0;31.0;-171.0;155.0
962.0;54.0;781.0;1035.0;421.0;-513.0;101.0;64.0;159;-929.0;30.0;-166.0;155.0
1038.0;-33.0;984.0;996.0;932.0;-903.0;390.0;-537.0;83;-314.0;577.0;604.0;-483.0
902.0;120.0;854.0;1019.0;533.0;-611.0;104.0;53.0;172;-960.0;31.0;-165.0;160.0
1031.0;90.0;649.0;995.0;719.0;-411.0;337.0;-309.0;145;-421.0;516.0;139.0;-384.0
999.0;167.0;541.0;1080.0;649.0;-281.0;327.0;-295.0;145;-557.0;508.0;222.0;-380.0
900.0;184.0;850.0;1162.0;504.0;-677.0;102.0;53.0;172;-895.0;33.0;-169.0;155.0
899.0;181.0;838.0;1281.0;510.0;-672.0;99.0;53.0;174;-763.0;29.0;-175.0;154.0
1041.0;-50.0;964.0;1021.0;917.0;-888.0;344.0;-504.0;83;-364.0;629.0;580.0;-474.0
892.0;-96.0;799.0;942.0;573.0;-564.0;188.0;-184.0;145;-611.0;530.0;469.0;-230.0
910.0;-126.0;779.0;998.0;596.0;-566.0;178.0;-174.0;145;-524.0;511.0;426.0;-218.0
944.0;-110.0;679.0;805.0;454.0;-527.0;106.0;-94.0;144;-606.0;330.0;240.0;-140.0
1087.0;-54.0;662.0;1058.0;381.0;-530.0;62.0;-35.0;145;-747.0;262.0;289.0;-93.0
979.0;-31.0;646.0;961.0;415.0;-504.0;55.0;-38.0;145;-759.0;239.0;187.0;-87.0
980.0;-20.0;637.0;1007.0;386.0;-517.0;56.0;-37.0;145;-785.0;248.0;213.0;-90.0
1041.0;-40.0;665.0;962.0;433.0;-526.0;72.0;-36.0;144;-784.0;249.0;130.0;-104.0
971.0;-43.0;688.0;1028.0;446.0;-641.0;82.0;-43.0;145;-782.0;274.0;129.0;-119.0
946.0;-46.0;638.0;973.0;423.0;-611.0;85.0;-46.0;145;-696.0;282.0;132.0;-123.0
955.0;-35.0;571.0;978.0;351.0;-581.0;87.0;-49.0;144;-775.0;279.0;93.0;-123.0
1005.0;-24.0;585.0;967.0;321.0;-609.0;92.0;-35.0;144;-656.0;299.0;18.0;-135.0
1020.0;-43.0;709.0;986.0;304.0;-648.0;100.0;38.0;144;-825.0;246.0;-14.0;-153.0
970.0;-85.0;717.0;967.0;271.0;-653.0;103.0;41.0;145;-792.0;245.0;-34.0;-155.0
959.0;-84.0;717.0;1094.0;324.0;-649.0;107.0;38.0;144;-788.0;248.0;-20.0;-161.0
887.0;0.0;763.0;1012.0;326.0;-649.0;125.0;32.0;144;-672.0;274.0;90.0;-175.0
903.0;-53.0;734.0;1005.0;314.0;-613.0;138.0;-14.0;144;-772.0;280.0;129.0;-176.0
873.0;-90.0;756.0;1052.0;260.0;-593.0;143.0;-33.0;144;-723.0;295.0;-42.0;-213.0
852.0;-52.0;745.0;1018.0;151.0;-689.0;146.0;-64.0;144;-808.0;317.0;130.0;-182.0
853.0;-31.0;760.0;1072.0;302.0;-396.0;144.0;-91.0;144;-696.0;344.0;149.0;-169.0
993.0;-38.0;708.0;1120.0;287.0;-645.0;131.0;-124.0;145;-789.0;307.0;128.0;-151.0
1037.0;-49.0;543.0;1007.0;33.0;-539.0;125.0;-116.0;144;-694.0;320.0;190.0;-178.0
970.0;-54.0;773.0;955.0;458.0;-456.0;122.0;-107.0;144;-792.0;291.0;60.0;-125.0
1009.0;-46.0;432.0;995.0;-133.0;-438.0;116.0;-103.0;145;-697.0;294.0;91.0;-137.0
937.0;-71.0;597.0;954.0;226.0;-459.0;113.0;-101.0;145;-792.0;305.0;157.0;-159.0
960.0;-66.0;547.0;997.0;11.0;-448.0;111.0;-101.0;144;-1028.0;310.0;192.0;-168.0
961.0;-70.0;593.0;947.0;308.0;-488.0;109.0;-99.0;144;-860.0;281.0;59.0;-121.0
967.0;-36.0;569.0;986.0;223.0;-421.0;108.0;-99.0;144;-641.0;286.0;81.0;-125.0
980.0;-43.0;574.0;987.0;136.0;-433.0;108.0;-98.0;145;-606.0;305.0;189.0;-170.0
939.0;-38.0;586.0;1001.0;-10.0;-480.0;109.0;-98.0;145;-788.0;306.0;189.0;-169.0
964.0;-50.0;537.0;978.0;314.0;-443.0;108.0;-94.0;144;-725.0;286.0;82.0;-128.0
976.0;-50.0;651.0;981.0;196.0;-480.0;109.0;-94.0;145;-900.0;285.0;65.0;-123.0
961.0;-28.0;581.0;953.0;319.0;-494.0;109.0;-94.0;145;-962.0;310.0;176.0;-161.0
982.0;-49.0;579.0;983.0;310.0;-479.0;109.0;-94.0;145;-911.0;294.0;91.0;-129.0
954.0;-39.0;615.0;968.0;266.0;-494.0;108.0;-94.0;145;-839.0;285.0;57.0;-119.0
950.0;-48.0;604.0;1003.0;194.0;-475.0;108.0;-93.0;145;-828.0;293.0;89.0;-129.0
941.0;-60.0;608.0;969.0;317.0;-507.0;107.0;-94.0;145;-805.0;293.0;82.0;-123.0
957.0;-61.0;619.0;981.0;233.0;-483.0;107.0;-91.0;144;-758.0;295.0;92.0;-125.0
934.0;-33.0;557.0;986.0;388.0;-530.0;106.0;-91.0;145;-754.0;319.0;188.0;-160.0
922.0;-45.0;555.0;986.0;157.0;-502.0;105.0;-90.0;145;-800.0;296.0;81.0;-117.0
947.0;-40.0;592.0;978.0;112.0;-522.0;104.0;-89.0;144;-721.0;317.0;165.0;-146.0
944.0;-53.0;662.0;982.0;298.0;-457.0;102.0;-89.0;145;-1122.0;320.0;187.0;-153.0
959.0;-55.0;637.0;998.0;252.0;-526.0;100.0;-91.0;144;-905.0;300.0;111.0;-124.0
926.0;-30.0;604.0;979.0;312.0;-509.0;100.0;-93.0;144;-810.0;303.0;111.0;-114.0
949.0;-39.0;633.0;989.0;185.0;-585.0;100.0;-96.0;145;-766.0;324.0;197.0;-143.0
956.0;-31.0;634.0;987.0;265.0;-577.0;98.0;-98.0;144;-938.0;301.0;129.0;-117.0
920.0;-61.0;578.0;1016.0;124.0;-634.0;98.0;-100.0;145;-911.0;302.0;137.0;-118.0
950.0;-25.0;600.0;1008.0;171.0;-568.0;96.0;-102.0;144;-967.0;293.0;105.0;-110.0
976.0;-43.0;666.0;1005.0;176.0;-665.0;96.0;-103.0;144;-791.0;311.0;178.0;-136.0
949.0;-40.0;727.0;988.0;215.0;-587.0;96.0;-103.0;145;-905.0;292.0;99.0;-108.0
938.0;-53.0;613.0;997.0;36.0;-580.0;95.0;-102.0;144;-881.0;297.0;117.0;-113.0
892.0;-50.0;850.0;992.0;237.0;-453.0;95.0;-102.0;144;-933.0;284.0;99.0;-117.0
940.0;-39.0;657.0;986.0;385.0;-483.0;95.0;-103.0;144;-677.0;305.0;188.0;-147.0
922.0;-42.0;682.0;1000.0;-10.0;-575.0;95.0;-105.0;145;-694.0;278.0;63.0;-103.0
926.0;-66.0;655.0;978.0;-235.0;-662.0;99.0;-119.0;144;-930.0;300.0;167.0;-147.0
1014.0;-52.0;564.0;983.0;-43.0;-679.0;101.0;-120.0;144;-836.0;295.0;139.0;-145.0
1020.0;-37.0;671.0;968.0;150.0;-391.0;99.0;-113.0;144;-944.0;273.0;41.0;-111.0
933.0;-47.0;837.0;950.0;405.0;-480.0;103.0;-106.0;144;-848.0;297.0;131.0;-150.0
1078.0;-44.0;408.0;978.0;151.0;-479.0;104.0;-105.0;144;-994.0;281.0;57.0;-122.0
1009.0;-57.0;553.0;976.0;-75.0;-498.0;102.0;-104.0;145;-1046.0;275.0;34.0;-110.0
964.0;-70.0;603.0;954.0;169.0;-496.0;102.0;-104.0;145;-759.0;276.0;34.0;-114.0
946.0;-56.0;574.0;963.0;149.0;-504.0;98.0;-101.0;145;-837.0;290.0;134.0;-141.0
957.0;-54.0;632.0;969.0;193.0;-445.0;96.0;-101.0;144;-648.0;268.0;22.0;-99.0
946.0;-55.0;577.0;960.0;207.0;-495.0;96.0;-100.0;145;-916.0;265.0;14.0;-100.0
976.0;-40.0;620.0;950.0;158.0;-564.0;96.0;-100.0;145;-899.0;296.0;170.0;-152.0
961.0;-28.0;658.0;970.0;329.0;-536.0;96.0;-96.0;145;-553.0;276.0;54.0;-113.0
950.0;-48.0;693.0;949.0;382.0;-560.0;98.0;-95.0;145;-709.0;291.0;141.0;-153.0
980.0;-38.0;634.0;959.0;501.0;-579.0;98.0;-95.0;145;-833.0;272.0;31.0;-108.0
944.0;-45.0;584.0;959.0;145.0;-587.0;98.0;-94.0;145;-1048.0;275.0;39.0;-111.0
958.0;-39.0;683.0;967.0;139.0;-532.0;100.0;-93.0;145;-757.0;282.0;58.0;-121.0
966.0;58.0;853.0;799.0;526.0;-712.0;67.0;98.0;175;-854.0;136.0;-122.0;94.0
950.0;-40.0;642.0;973.0;289.0;-577.0;101.0;-92.0;145;-713.0;304.0;171.0;-162.0
1000.0;80.0;903.0;953.0;561.0;-732.0;65.0;107.0;175;-932.0;173.0;-63.0;83.0
920.0;-22.0;597.0;985.0;177.0;-537.0;102.0;-91.0;145;-843.0;279.0;29.0;-112.0
918.0;-31.0;588.0;968.0;175.0;-521.0;104.0;-90.0;145;-798.0;307.0;164.0;-166.0
906.0;-37.0;618.0;949.0;297.0;-584.0;105.0;-91.0;145;-793.0;289.0;55.0;-128.0
973.0;115.0;862.0;901.0;828.0;-721.0;141.0;68.0;117;-243.0;103.0;-58.0;180.0
1094.0;58.0;941.0;930.0;911.0;-808.0;138.0;67.0;117;-237.0;98.0;-79.0;181.0
947.0;-34.0;611.0;971.0;67.0;-542.0;106.0;-91.0;145;-813.0;313.0;159.0;-165.0
952.0;149.0;962.0;965.0;609.0;-756.0;62.0;116.0;175;-912.0;230.0;4.0;76.0
874.0;71.0;603.0;783.0;763.0;-650.0;20.0;186.0;98;-777.0;55.0;-56.0;146.0
1326.0;-597.0;752.0;647.0;966.0;-749.0;-157.0;307.0;20;-1322.0;-6.0;-102.0;120.0
1189.0;231.0;392.0;1170.0;386.0;-446.0;-16.0;186.0;97;-791.0;54.0;-69.0;123.0
1192.0;219.0;337.0;1295.0;193.0;-372.0;-20.0;177.0;97;-655.0;60.0;-73.0;116.0
890.0;180.0;309.0;852.0;262.0;-251.0;-50.0;192.0;97;-556.0;82.0;-111.0;86.0
842.0;311.0;419.0;1022.0;95.0;-376.0;-62.0;210.0;97;-238.0;78.0;-110.0;84.0
819.0;182.0;349.0;1101.0;341.0;-404.0;-66.0;215.0;97;-499.0;77.0;-91.0;87.0
934.0;-47.0;641.0;959.0;105.0;-574.0;105.0;-91.0;145;-770.0;293.0;79.0;-133.0
952.0;-60.0;691.0;982.0;14.0;-601.0;105.0;-93.0;145;-732.0;287.0;47.0;-121.0
902.0;-23.0;700.0;989.0;195.0;-606.0;103.0;-94.0;145;-669.0;312.0;164.0;-161.0
928.0;-63.0;717.0;978.0;-69.0;-581.0;85.0;-93.0;145;-619.0;282.0;132.0;-108.0
913.0;-29.0;756.0;1003.0;-4.0;-580.0;73.0;-87.0;145;-650.0;260.0;80.0;-80.0
867.0;127.0;956.0;951.0;582.0;-765.0;60.0;121.0;174;-891.0;285.0;78.0;71.0
918.0;-13.0;663.0;981.0;249.0;-591.0;69.0;-83.0;145;-961.0;258.0;82.0;-79.0
960.0;-43.0;680.0;993.0;110.0;-590.0;49.0;-63.0;145;-776.0;260.0;84.0;-100.0
534.0;-394.0;94.0;942.0;9.0;28.0;-377.0;442.0;24;-284.0;129.0;25.0;-49.0
371.0;-161.0;-478.0;1004.0;-727.0;408.0;-690.0;598.0;70;-368.0;-501.0;177.0;342.0
523.0;-134.0;-107.0;983.0;34.0;121.0;-759.0;641.0;-102;-250.0;-394.0;-7.0;168.0
568.0;-90.0;241.0;1037.0;-19.0;-102.0;-438.0;466.0;-11;-453.0;86.0;33.0;-78.0
315.0;217.0;263.0;892.0;-172.0;-44.0;-488.0;552.0;118;-137.0;170.0;84.0;8.0
898.0;92.0;848.0;1010.0;560.0;-753.0;51.0;136.0;174;-781.0;367.0;245.0;47.0
881.0;69.0;857.0;1096.0;601.0;-775.0;47.0;137.0;174;-747.0;370.0;272.0;40.0
911.0;-52.0;741.0;1094.0;65.0;-474.0;37.0;-45.0;145;-807.0;223.0;43.0;-55.0
952.0;-9.0;704.0;900.0;75.0;-450.0;5.0;14.0;145;-726.0;134.0;171.0;-16.0
833.0;-17.0;736.0;1087.0;541.0;-763.0;27.0;123.0;174;-890.0;357.0;335.0;11.0
917.0;-2.0;684.0;975.0;552.0;-765.0;28.0;116.0;174;-863.0;359.0;343.0;10.0
1023.0;8.0;620.0;1019.0;126.0;-490.0;-5.0;27.0;144;-940.0;169.0;-910.0;-56.0
990.0;31.0;715.0;1096.0;183.0;-481.0;-9.0;29.0;145;-828.0;136.0;423.0;8.0
930.0;44.0;670.0;1096.0;262.0;-501.0;-11.0;30.0;145;-807.0;134.0;557.0;13.0
971.0;65.0;560.0;1001.0;301.0;-478.0;-21.0;18.0;145;-971.0;141.0;-4.0;-2.0
988.0;53.0;635.0;937.0;96.0;-493.0;-22.0;18.0;145;-914.0;132.0;-13.0;-1.0
951.0;61.0;648.0;908.0;282.0;-482.0;-25.0;18.0;144;-834.0;130.0;-17.0;2.0
999.0;55.0;630.0;970.0;172.0;-469.0;-8.0;-10.0;145;-878.0;146.0;14.0;-25.0
1017.0;-15.0;732.0;966.0;678.0;-726.0;31.0;104.0;173;-1090.0;363.0;338.0;17.0
963.0;80.0;632.0;1015.0;125.0;-473.0;12.0;-23.0;145;-1205.0;164.0;26.0;-52.0
1041.0;-83.0;591.0;967.0;94.0;-535.0;107.0;-36.0;145;-867.0;260.0;55.0;-170.0
1057.0;102.0;618.0;988.0;133.0;-306.0;149.0;-75.0;145;-785.0;284.0;65.0;-206.0
955.0;-218.0;845.0;999.0;289.0;-454.0;395.0;-353.0;118;-907.0;495.0;490.0;-420.0
537.0;-352.0;221.0;967.0;130.0;-67.0;626.0;-533.0;35;-296.0;424.0;525.0;-542.0
566.0;-36.0;84.0;927.0;-231.0;118.0;722.0;-594.0;36;-148.0;133.0;325.0;-381.0
987.0;-64.0;748.0;910.0;756.0;-683.0;40.0;89.0;174;-895.0;342.0;276.0;27.0
985.0;-162.0;751.0;999.0;754.0;-610.0;52.0;81.0;173;-811.0;283.0;166.0;42.0
967.0;-158.0;690.0;996.0;729.0;-561.0;60.0;78.0;173;-700.0;234.0;90.0;51.0
1018.0;-119.0;612.0;949.0;484.0;-676.0;82.0;68.0;173;-922.0;127.0;-77.0;81.0
1044.0;-79.0;547.0;1013.0;329.0;-676.0;100.0;56.0;172;-773.0;53.0;-187.0;104.0
1022.0;-49.0;445.0;1029.0;459.0;-655.0;110.0;48.0;172;-915.0;16.0;-239.0;122.0
959.0;14.0;482.0;1052.0;438.0;-614.0;119.0;41.0;172;-726.0;-20.0;-293.0;136.0
1000.0;63.0;433.0;1091.0;217.0;-593.0;128.0;33.0;172;-790.0;-55.0;-346.0;151.0
885.0;-245.0;443.0;1126.0;60.0;-166.0;164.0;-50.0;166;-862.0;-225.0;-594.0;251.0
1028.0;-153.0;826.0;871.0;439.0;-167.0;131.0;1.0;163;-1139.0;-114.0;-470.0;210.0
1032.0;-89.0;853.0;761.0;619.0;-219.0;122.0;17.0;171;-1141.0;-71.0;-429.0;197.0
963.0;-275.0;801.0;710.0;495.0;-382.0;109.0;50.0;220;-904.0;-4.0;-365.0;178.0
965.0;62.0;595.0;835.0;533.0;-682.0;117.0;89.0;-162;-819.0;25.0;-371.0;193.0
853.0;-24.0;698.0;924.0;478.0;-699.0;128.0;90.0;-154;-1241.0;18.0;-392.0;212.0
918.0;2.0;827.0;663.0;1006.0;-436.0;172.0;121.0;177;-835.0;-64.0;-431.0;300.0
694.0;-252.0;-230.0;831.0;226.0;-137.0;155.0;75.0;-175;-596.0;-19.0;-679.0;278.0
923.0;-263.0;-9.0;740.0;47.0;217.0;143.0;79.0;-168;-1162.0;64.0;-524.0;256.0
1002.0;-242.0;117.0;685.0;299.0;301.0;142.0;80.0;-168;-1112.0;98.0;-498.0;253.0
943.0;-139.0;-32.0;729.0;-30.0;263.0;133.0;86.0;-169;-1143.0;164.0;-415.0;230.0
986.0;8.0;294.0;973.0;-16.0;-275.0;407.0;-458.0;97;-615.0;437.0;360.0;-321.0
1114.0;135.0;230.0;1002.0;112.0;-224.0;240.0;-372.0;130;-663.0;416.0;429.0;-282.0
1076.0;4.0;429.0;902.0;232.0;-94.0;211.0;-324.0;158;-412.0;415.0;461.0;-247.0
1004.0;-9.0;801.0;1074.0;470.0;-133.0;339.0;-395.0;118;-608.0;518.0;609.0;-387.0
1050.0;-7.0;422.0;973.0;308.0;76.0;176.0;-289.0;160;-560.0;387.0;425.0;-207.0
996.0;-114.0;239.0;1002.0;168.0;136.0;81.0;-211.0;160;-777.0;261.0;299.0;-82.0
1044.0;-267.0;158.0;1094.0;13.0;-30.0;13.0;-143.0;160;-926.0;155.0;184.0;10.0
1050.0;-222.0;233.0;1053.0;268.0;-68.0;-13.0;-112.0;160;-1231.0;126.0;151.0;46.0
981.0;-322.0;25.0;982.0;448.0;35.0;-55.0;-73.0;160;-763.0;72.0;109.0;105.0
1041.0;-119.0;152.0;902.0;76.0;93.0;-91.0;-59.0;160;-871.0;31.0;68.0;157.0
1090.0;-6.0;10.0;911.0;438.0;18.0;-107.0;-50.0;160;-756.0;14.0;58.0;178.0
1061.0;-128.0;195.0;1105.0;182.0;-57.0;-137.0;-38.0;160;-755.0;-13.0;61.0;218.0
975.0;-351.0;277.0;1070.0;210.0;81.0;-159.0;-27.0;160;-1018.0;-37.0;79.0;247.0
777.0;-147.0;-329.0;845.0;-73.0;234.0;131.0;70.0;-169;-884.0;146.0;-232.0;254.0
1028.0;145.0;167.0;1003.0;468.0;263.0;-208.0;-10.0;165;-855.0;-85.0;229.0;302.0
944.0;2.0;131.0;957.0;431.0;47.0;-220.0;-7.0;163;-874.0;-100.0;253.0;320.0
1017.0;-111.0;-41.0;972.0;130.0;165.0;-743.0;605.0;70;-1294.0;-362.0;378.0;387.0
1107.0;129.0;71.0;998.0;-220.0;-46.0;-147.0;-21.0;-141;-884.0;-10.0;291.0;182.0
1206.0;17.0;35.0;998.0;74.0;-63.0;-127.0;-33.0;-136;-1077.0;10.0;278.0;140.0
1073.0;-56.0;225.0;944.0;-56.0;-118.0;-66.0;-65.0;-147;-927.0;60.0;197.0;33.0
1092.0;116.0;183.0;995.0;-113.0;-66.0;-32.0;-73.0;-165;-939.0;121.0;164.0;-18.0
925.0;-22.0;-60.0;852.0;-703.0;247.0;405.0;-519.0;91;-743.0;508.0;459.0;-371.0
927.0;3.0;-74.0;914.0;-947.0;182.0;556.0;-516.0;67;149.0;512.0;488.0;-494.0
772.0;-202.0;-70.0;850.0;-57.0;130.0;409.0;-520.0;107;-224.0;539.0;426.0;-430.0
911.0;-330.0;345.0;930.0;-25.0;-61.0;374.0;-396.0;143;-621.0;521.0;596.0;-372.0
1061.0;-46.0;460.0;1159.0;408.0;-459.0;243.0;-345.0;115;-770.0;471.0;252.0;-289.0
1046.0;-34.0;446.0;1186.0;557.0;-504.0;221.0;-334.0;115;-634.0;452.0;228.0;-266.0
1166.0;1.0;729.0;961.0;677.0;-677.0;44.0;-225.0;115;-1046.0;218.0;-42.0;-50.0
1217.0;-53.0;637.0;958.0;605.0;-778.0;14.0;-204.0;120;-1135.0;185.0;-58.0;-10.0
1214.0;-39.0;582.0;957.0;526.0;-846.0;-17.0;-183.0;118;-1028.0;150.0;-93.0;34.0
990.0;132.0;836.0;979.0;663.0;-1060.0;-102.0;-122.0;121;-676.0;45.0;-229.0;156.0
760.0;-143.0;-101.0;711.0;130.0;470.0;133.0;51.0;-168;-446.0;-18.0;-369.0;289.0
111.0;-351.0;-245.0;145.0;242.0;247.0;460.0;115.0;129;-473.0;270.0;-201.0;-511.0
567.0;-231.0;-175.0;873.0;-217.0;286.0;-15.0;54.0;-167;-242.0;463.0;-14.0;-48.0
750.0;-242.0;-187.0;821.0;-518.0;382.0;26.0;90.0;-167;-936.0;229.0;-479.0;37.0
777.0;-190.0;-15.0;882.0;-405.0;176.0;120.0;74.0;-168;-907.0;225.0;-338.0;229.0
760.0;-251.0;210.0;722.0;397.0;-67.0;-51.0;153.0;-166;-1120.0;455.0;48.0;-164.0
618.0;-242.0;241.0;828.0;-43.0;87.0;-23.0;-106.0;-166;-1122.0;686.0;397.0;27.0
891.0;-267.0;181.0;968.0;56.0;75.0;324.0;-133.0;-126;-371.0;-271.0;-415.0;457.0
809.0;-150.0;397.0;980.0;-464.0;180.0;-124.0;284.0;-44;-1051.0;463.0;235.0;-184.0
765.0;-229.0;203.0;804.0;-229.0;10.0;-79.0;177.0;-167;-1003.0;513.0;-5.0;-210.0
789.0;-241.0;50.0;827.0;-349.0;71.0;-55.0;163.0;-167;-869.0;447.0;-192.0;-145.0
771.0;-278.0;224.0;960.0;158.0;143.0;-30.0;89.0;-167;-994.0;332.0;-586.0;-72.0
753.0;-226.0;-372.0;950.0;-158.0;257.0;-62.0;90.0;-167;-1401.0;406.0;-666.0;-144.0
738.0;-205.0;82.0;1027.0;31.0;248.0;-15.0;76.0;-167;-1298.0;411.0;-548.0;-49.0
852.0;-170.0;157.0;931.0;16.0;192.0;-12.0;75.0;-167;-1002.0;413.0;-544.0;-43.0
829.0;-191.0;80.0;921.0;34.0;195.0;-10.0;76.0;-167;-908.0;414.0;-541.0;-40.0
781.0;-162.0;103.0;924.0;-172.0;138.0;-8.0;76.0;-167;-896.0;416.0;-540.0;-38.0
879.0;-131.0;-55.0;951.0;-570.0;220.0;252.0;-103.0;-126;-524.0;-198.0;-275.0;308.0
757.0;-43.0;26.0;944.0;145.0;30.0;32.0;77.0;113;-181.0;57.0;1.0;80.0
788.0;96.0;241.0;955.0;355.0;71.0;20.0;90.0;149;212.0;67.0;12.0;73.0
745.0;5.0;201.0;997.0;503.0;90.0;7.0;103.0;128;-461.0;82.0;37.0;70.0
621.0;-44.0;-91.0;958.0;300.0;163.0;-5.0;115.0;131;-95.0;90.0;64.0;68.0
661.0;-135.0;128.0;969.0;333.0;82.0;-47.0;156.0;133;-206.0;114.0;109.0;41.0
616.0;20.0;57.0;1012.0;335.0;-20.0;-83.0;194.0;131;-233.0;114.0;121.0;36.0
658.0;28.0;124.0;983.0;334.0;201.0;-106.0;228.0;131;-210.0;114.0;130.0;44.0
636.0;73.0;31.0;993.0;377.0;54.0;-119.0;243.0;131;-335.0;118.0;126.0;44.0
693.0;75.0;-16.0;983.0;222.0;220.0;-134.0;259.0;131;-156.0;121.0;120.0;42.0
671.0;66.0;40.0;979.0;160.0;139.0;-162.0;289.0;131;-168.0;133.0;112.0;37.0
643.0;-112.0;13.0;995.0;310.0;188.0;-173.0;298.0;131;-219.0;138.0;123.0;30.0
558.0;-170.0;232.0;1111.0;393.0;270.0;-198.0;318.0;131;-332.0;148.0;141.0;14.0
798.0;-225.0;-97.0;990.0;-113.0;-50.0;7.0;73.0;-167;-940.0;416.0;-529.0;-18.0
797.0;-33.0;181.0;823.0;472.0;-486.0;-393.0;467.0;91;-307.0;-18.0;75.0;-1.0
1052.0;9.0;-14.0;950.0;-486.0;156.0;-729.0;624.0;100;-812.0;-152.0;-15.0;-69.0
721.0;237.0;520.0;934.0;951.0;-12.0;-369.0;437.0;94;-635.0;95.0;193.0;-39.0
692.0;-118.0;441.0;1152.0;352.0;-318.0;-334.0;401.0;110;-721.0;98.0;173.0;-19.0
598.0;191.0;412.0;1121.0;264.0;-484.0;-318.0;385.0;114;-769.0;83.0;156.0;-3.0
668.0;516.0;368.0;1117.0;211.0;-743.0;-300.0;372.0;115;-665.0;58.0;131.0;6.0
790.0;-181.0;196.0;923.0;277.0;-540.0;-280.0;367.0;114;-595.0;11.0;95.0;23.0
986.0;-283.0;913.0;843.0;636.0;-793.0;-868.0;85.0;-27;-452.0;431.0;599.0;-288.0
910.0;-10.0;752.0;799.0;711.0;-886.0;-285.0;441.0;114;-212.0;323.0;263.0;-167.0
833.0;222.0;493.0;826.0;610.0;-1049.0;60.0;134.0;166;-139.0;40.0;129.0;136.0
662.0;-217.0;87.0;933.0;-228.0;261.0;19.0;109.0;-167;-929.0;344.0;-363.0;-6.0
784.0;203.0;511.0;815.0;679.0;-911.0;-71.0;265.0;144;-406.0;321.0;214.0;-65.0
688.0;-216.0;104.0;937.0;-199.0;147.0;-7.0;130.0;-167;-1038.0;349.0;-386.0;-76.0
1075.0;116.0;713.0;938.0;833.0;-584.0;-413.0;490.0;-86;-392.0;499.0;468.0;-419.0
1059.0;144.0;885.0;1020.0;988.0;-690.0;211.0;-41.0;163;-98.0;-48.0;-247.0;364.0
919.0;-147.0;1033.0;802.0;953.0;-1015.0;219.0;111.0;134;-205.0;-86.0;-270.0;346.0
1027.0;-241.0;782.0;973.0;745.0;-572.0;-83.0;258.0;118;-439.0;390.0;400.0;-163.0
702.0;-240.0;119.0;931.0;-185.0;99.0;-24.0;144.0;-167;-996.0;363.0;-403.0;-106.0
959.0;98.0;911.0;930.0;1056.0;-470.0;-54.0;251.0;118;-955.0;347.0;350.0;-106.0
900.0;118.0;775.0;1028.0;777.0;-541.0;-15.0;229.0;118;-747.0;293.0;318.0;-52.0
957.0;97.0;628.0;1055.0;677.0;-626.0;17.0;207.0;118;-726.0;248.0;267.0;-7.0
941.0;150.0;668.0;693.0;1075.0;-558.0;203.0;59.0;118;-326.0;-40.0;-43.0;279.0
1044.0;101.0;695.0;714.0;991.0;-576.0;216.0;47.0;118;-294.0;-72.0;-76.0;300.0
1051.0;47.0;744.0;705.0;718.0;-591.0;228.0;38.0;118;-208.0;-94.0;-103.0;314.0
675.0;-199.0;160.0;944.0;-81.0;82.0;-26.0;144.0;-167;-987.0;364.0;-413.0;-107.0
1068.0;72.0;635.0;769.0;945.0;-567.0;257.0;7.0;125;-644.0;-76.0;-125.0;359.0
1001.0;203.0;611.0;853.0;778.0;-541.0;277.0;-16.0;135;-540.0;-84.0;-131.0;390.0
895.0;86.0;645.0;860.0;757.0;-548.0;296.0;-37.0;143;-436.0;-145.0;-155.0;422.0
1047.0;136.0;723.0;873.0;872.0;-632.0;323.0;-60.0;151;-510.0;-222.0;-202.0;454.0
1062.0;42.0;221.0;1013.0;1256.0;-881.0;807.0;-364.0;-137;-538.0;-632.0;-100.0;699.0
884.0;59.0;746.0;1174.0;472.0;-609.0;355.0;-70.0;153;-668.0;-244.0;-174.0;481.0
885.0;90.0;820.0;967.0;464.0;-498.0;353.0;-85.0;153;-834.0;-234.0;-167.0;487.0
955.0;-41.0;818.0;994.0;443.0;-443.0;344.0;-84.0;154;-851.0;-215.0;-164.0;470.0
790.0;62.0;618.0;992.0;224.0;-354.0;262.0;-11.0;153;-902.0;-101.0;-87.0;365.0
1100.0;81.0;363.0;1050.0;161.0;-461.0;64.0;270.0;167;-539.0;142.0;29.0;50.0
1104.0;60.0;425.0;933.0;306.0;-448.0;57.0;278.0;167;-494.0;147.0;39.0;41.0
1032.0;61.0;719.0;939.0;813.0;-468.0;36.0;300.0;167;-477.0;181.0;109.0;12.0
989.0;49.0;755.0;956.0;899.0;-448.0;33.0;302.0;167;-281.0;186.0;118.0;10.0
1018.0;70.0;577.0;997.0;671.0;-402.0;21.0;309.0;167;-336.0;201.0;144.0;-4.0
984.0;83.0;509.0;959.0;807.0;-459.0;4.0;329.0;167;-733.0;217.0;163.0;-19.0
1033.0;88.0;561.0;967.0;850.0;-485.0;3.0;330.0;167;-601.0;216.0;165.0;-16.0
1006.0;51.0;577.0;956.0;664.0;-526.0;5.0;330.0;167;-433.0;208.0;152.0;-11.0
958.0;63.0;613.0;965.0;849.0;-427.0;11.0;326.0;167;-415.0;194.0;128.0;-1.0
1057.0;61.0;665.0;978.0;784.0;-463.0;36.0;296.0;167;-529.0;146.0;34.0;24.0
1040.0;52.0;563.0;932.0;604.0;-543.0;63.0;256.0;166;-729.0;93.0;-64.0;68.0
1041.0;-14.0;644.0;917.0;652.0;-44.0;108.0;184.0;152;-894.0;45.0;-158.0;144.0
1043.0;54.0;601.0;941.0;479.0;100.0;121.0;163.0;186;-746.0;15.0;-212.0;164.0
1009.0;86.0;643.0;956.0;767.0;159.0;134.0;143.0;-221;-1032.0;-16.0;-260.0;190.0
967.0;97.0;722.0;992.0;751.0;145.0;147.0;128.0;-184;-798.0;-50.0;-312.0;212.0
1180.0;100.0;246.0;1016.0;199.0;-56.0;166.0;107.0;-178;-474.0;-105.0;-378.0;239.0
1061.0;133.0;82.0;1064.0;-16.0;-64.0;173.0;95.0;-174;-880.0;-123.0;-394.0;247.0
1038.0;101.0;179.0;1016.0;-19.0;-177.0;170.0;92.0;-174;-758.0;-130.0;-394.0;244.0
1059.0;89.0;217.0;1018.0;-75.0;-318.0;165.0;95.0;-174;-686.0;-129.0;-390.0;237.0
1061.0;119.0;248.0;997.0;-114.0;-137.0;156.0;102.0;-174;-603.0;-116.0;-368.0;231.0
841.0;104.0;260.0;1071.0;-72.0;-954.0;108.0;193.0;-174;-572.0;4.0;-220.0;150.0
999.0;38.0;852.0;1054.0;990.0;-628.0;31.0;257.0;-163;-628.0;84.0;-131.0;35.0
1122.0;35.0;832.0;1013.0;680.0;-505.0;32.0;242.0;-157;-746.0;73.0;-140.0;41.0
1164.0;-11.0;869.0;903.0;880.0;-523.0;39.0;219.0;-153;-728.0;71.0;-126.0;65.0
858.0;-1070.0;874.0;886.0;718.0;-1150.0;-249.0;369.0;-86;-98.0;786.0;566.0;-518.0
997.0;61.0;730.0;928.0;547.0;-773.0;111.0;134.0;75;-587.0;92.0;-219.0;191.0
1002.0;134.0;636.0;991.0;604.0;-543.0;98.0;131.0;73;-569.0;96.0;-240.0;171.0
1204.0;107.0;800.0;990.0;869.0;-649.0;84.0;122.0;73;-425.0;102.0;-233.0;148.0
1408.0;238.0;1320.0;1513.0;1426.0;-979.0;253.0;-36.0;48;-248.0;-47.0;-277.0;159.0
954.0;-192.0;644.0;1034.0;584.0;-479.0;14.0;209.0;-153;-677.0;114.0;-87.0;42.0
812.0;122.0;610.0;887.0;577.0;-573.0;109.0;90.0;85;-277.0;145.0;-212.0;163.0
940.0;-25.0;801.0;879.0;790.0;-671.0;94.0;99.0;84;-295.0;182.0;-169.0;120.0
948.0;-401.0;660.0;1026.0;579.0;-332.0;7.0;209.0;-153;-667.0;126.0;-68.0;36.0
965.0;-509.0;590.0;959.0;596.0;-156.0;-12.0;208.0;-153;-615.0;145.0;-19.0;23.0
863.0;262.0;367.0;1009.0;294.0;-82.0;-17.0;203.0;-153;-990.0;150.0;34.0;35.0
1065.0;48.0;729.0;904.0;724.0;-562.0;73.0;100.0;76;-542.0;-4.0;-138.0;151.0
1192.0;138.0;866.0;1060.0;815.0;-603.0;66.0;104.0;77;-576.0;-9.0;-138.0;145.0
689.0;-240.0;122.0;957.0;-144.0;92.0;-28.0;141.0;-167;-948.0;370.0;-429.0;-110.0
1124.0;78.0;798.0;1180.0;881.0;-551.0;-111.0;255.0;31;-898.0;16.0;-93.0;108.0
1084.0;246.0;261.0;1188.0;491.0;-163.0;16.0;170.0;-151;-587.0;104.0;8.0;96.0
688.0;-245.0;138.0;950.0;-35.0;60.0;-29.0;141.0;-167;-1010.0;371.0;-429.0;-107.0
1230.0;-88.0;1087.0;1079.0;934.0;-1037.0;-614.0;678.0;34;-785.0;-113.0;161.0;-95.0
762.0;-897.0;789.0;783.0;696.0;-1088.0;-215.0;334.0;160;-94.0;140.0;11.0;31.0
608.0;36.0;247.0;916.0;130.0;-463.0;-301.0;420.0;11;-359.0;82.0;-2.0;10.0
896.0;166.0;389.0;1292.0;517.0;-33.0;-317.0;421.0;11;-856.0;88.0;8.0;-33.0
610.0;-266.0;-112.0;1081.0;272.0;299.0;-124.0;242.0;10;-398.0;45.0;-90.0;57.0
734.0;-297.0;-65.0;1000.0;365.0;126.0;-121.0;241.0;10;-458.0;35.0;-98.0;55.0
961.0;-183.0;373.0;887.0;117.0;311.0;-119.0;242.0;7;-324.0;14.0;-98.0;63.0
1072.0;-179.0;-55.0;864.0;605.0;59.0;-115.0;239.0;4;-229.0;-8.0;-98.0;69.0
978.0;-289.0;-270.0;819.0;205.0;340.0;-96.0;219.0;7;-413.0;-21.0;-90.0;89.0
786.0;-182.0;-172.0;1062.0;-71.0;236.0;-64.0;200.0;-2;-230.0;39.0;-81.0;102.0
709.0;-111.0;-170.0;1151.0;-24.0;303.0;-66.0;210.0;-2;-243.0;43.0;-65.0;102.0
906.0;9.0;-214.0;909.0;-3.0;289.0;-135.0;291.0;-51;-277.0;50.0;-22.0;70.0
852.0;50.0;-200.0;932.0;24.0;315.0;-141.0;297.0;-49;-284.0;45.0;-24.0;68.0
483.0;42.0;-64.0;999.0;140.0;618.0;-392.0;461.0;88;-356.0;-46.0;63.0;27.0
920.0;-72.0;167.0;927.0;212.0;-167.0;42.0;158.0;-152;-345.0;61.0;-22.0;136.0
850.0;-202.0;331.0;918.0;32.0;65.0;-25.0;137.0;-167;-1154.0;371.0;-424.0;-92.0
970.0;153.0;-112.0;961.0;-61.0;289.0;-163.0;305.0;-47;-218.0;54.0;-16.0;31.0
1013.0;-219.0;-51.0;952.0;-209.0;-123.0;-18.0;136.0;-167;-506.0;369.0;-413.0;-80.0
1013.0;-154.0;-67.0;898.0;-93.0;49.0;93.0;82.0;-167;-714.0;322.0;-208.0;165.0
1009.0;57.0;236.0;912.0;363.0;-348.0;81.0;115.0;-162;-529.0;22.0;-37.0;194.0
1018.0;-74.0;376.0;945.0;328.0;-179.0;86.0;100.0;-159;-609.0;14.0;-55.0;190.0
1235.0;215.0;363.0;1051.0;458.0;-131.0;93.0;88.0;-148;-703.0;1.0;-66.0;202.0
1175.0;-266.0;603.0;996.0;650.0;-237.0;117.0;68.0;-113;-635.0;-39.0;-95.0;231.0
1377.0;-221.0;537.0;1078.0;611.0;-312.0;124.0;64.0;-97;-610.0;-53.0;-109.0;241.0
1327.0;204.0;475.0;1352.0;469.0;-413.0;130.0;60.0;-102;-553.0;-69.0;-122.0;250.0
913.0;-493.0;503.0;957.0;473.0;-637.0;216.0;2.0;-136;-699.0;-231.0;-229.0;373.0
886.0;-77.0;719.0;987.0;714.0;-730.0;336.0;-68.0;-136;-652.0;-362.0;-281.0;515.0
935.0;-179.0;-42.0;930.0;-99.0;218.0;95.0;88.0;-167;-604.0;328.0;-182.0;154.0
1018.0;-173.0;-160.0;960.0;-186.0;349.0;110.0;111.0;-167;-602.0;275.0;-216.0;177.0
1027.0;-186.0;-190.0;927.0;-273.0;337.0;113.0;107.0;-167;-639.0;292.0;-197.0;184.0
1022.0;-180.0;-152.0;936.0;-266.0;307.0;108.0;102.0;-167;-662.0;309.0;-187.0;178.0
1032.0;-184.0;-155.0;951.0;-261.0;295.0;105.0;102.0;-167;-667.0;311.0;-192.0;174.0
1020.0;-181.0;-158.0;951.0;-239.0;305.0;104.0;100.0;-167;-629.0;315.0;-193.0;176.0
1019.0;-202.0;-161.0;940.0;-246.0;307.0;103.0;100.0;-167;-661.0;319.0;-191.0;176.0
1020.0;-191.0;-143.0;942.0;-202.0;287.0;103.0;99.0;-167;-670.0;316.0;-192.0;174.0
1032.0;-31.0;807.0;945.0;592.0;-576.0;538.0;-4.0;-123;-767.0;-602.0;-407.0;748.0
1057.0;-66.0;602.0;1001.0;606.0;-513.0;522.0;-153.0;-121;-1022.0;-523.0;-378.0;654.0
1004.0;-185.0;-150.0;942.0;-232.0;298.0;103.0;99.0;-167;-681.0;318.0;-191.0;172.0
1022.0;-186.0;-158.0;943.0;-219.0;302.0;103.0;99.0;-167;-635.0;318.0;-191.0;174.0
1093.0;-79.0;437.0;1032.0;966.0;-285.0;536.0;-160.0;-121;-278.0;-533.0;-388.0;660.0
987.0;-4.0;499.0;715.0;-328.0;-878.0;905.0;-90.0;-113;631.0;-594.0;-246.0;672.0
880.0;-170.0;294.0;1059.0;248.0;-444.0;211.0;91.0;-121;-639.0;-234.0;-183.0;416.0
1000.0;21.0;604.0;1053.0;355.0;-539.0;222.0;93.0;-121;-734.0;-265.0;-220.0;439.0
1022.0;-208.0;-157.0;938.0;-226.0;296.0;104.0;98.0;-167;-667.0;319.0;-192.0;175.0
971.0;97.0;600.0;1048.0;617.0;-504.0;232.0;85.0;-121;-966.0;-278.0;-229.0;449.0
1015.0;92.0;822.0;982.0;925.0;-782.0;496.0;-164.0;-136;-1027.0;-503.0;-335.0;673.0
1024.0;-190.0;-154.0;939.0;-226.0;294.0;103.0;98.0;-167;-643.0;321.0;-192.0;176.0
1026.0;-202.0;-169.0;950.0;-243.0;297.0;103.0;99.0;-167;-673.0;320.0;-191.0;176.0
834.0;87.0;898.0;810.0;559.0;-919.0;306.0;55.0;-172;-559.0;-81.0;-83.0;398.0
818.0;64.0;1035.0;895.0;733.0;-770.0;235.0;139.0;153;-717.0;-41.0;48.0;322.0
823.0;-73.0;1068.0;797.0;709.0;-580.0;225.0;159.0;157;-722.0;-36.0;70.0;303.0
870.0;-22.0;703.0;845.0;747.0;-621.0;-287.0;434.0;160;-147.0;290.0;139.0;10.0
1079.0;5.0;990.0;665.0;706.0;-635.0;163.0;270.0;155;-799.0;-39.0;109.0;229.0
1003.0;54.0;606.0;653.0;175.0;-392.0;174.0;251.0;155;-1116.0;-30.0;88.0;240.0
1043.0;6.0;595.0;587.0;251.0;-326.0;191.0;239.0;155;-750.0;-35.0;66.0;254.0
950.0;-32.0;643.0;689.0;209.0;-328.0;220.0;217.0;155;-1125.0;-54.0;0.0;285.0
919.0;-38.0;609.0;732.0;47.0;-269.0;229.0;208.0;155;-970.0;-63.0;-24.0;299.0
945.0;-22.0;462.0;698.0;185.0;-402.0;279.0;150.0;157;-761.0;-163.0;-294.0;359.0
1002.0;56.0;383.0;745.0;225.0;-166.0;292.0;112.0;157;-1031.0;-236.0;-458.0;390.0
1221.0;183.0;294.0;953.0;18.0;-63.0;759.0;-492.0;3;-1071.0;-665.0;-606.0;582.0
1010.0;-185.0;-151.0;956.0;-263.0;294.0;103.0;98.0;-167;-643.0;319.0;-190.0;176.0
1028.0;-182.0;-165.0;951.0;-236.0;298.0;103.0;97.0;-167;-744.0;320.0;-190.0;174.0
1020.0;-193.0;-162.0;939.0;-279.0;294.0;103.0;96.0;-167;-643.0;321.0;-190.0;176.0
1037.0;107.0;85.0;1155.0;-170.0;-205.0;250.0;102.0;156;-942.0;-259.0;-531.0;352.0
1003.0;103.0;134.0;1092.0;-71.0;37.0;232.0;130.0;156;-968.0;-221.0;-459.0;326.0
1024.0;141.0;223.0;1065.0;-87.0;175.0;212.0;167.0;156;-1032.0;-170.0;-377.0;295.0
987.0;71.0;367.0;1095.0;-131.0;-973.0;170.0;238.0;161;-895.0;-77.0;-221.0;229.0
974.0;93.0;61.0;1018.0;368.0;-685.0;162.0;252.0;166;-634.0;-52.0;-176.0;218.0
1142.0;138.0;575.0;1000.0;483.0;-443.0;152.0;266.0;175;-713.0;-39.0;-146.0;208.0
1080.0;131.0;589.0;940.0;527.0;-510.0;132.0;287.0;175;-840.0;-26.0;-117.0;184.0
1044.0;160.0;713.0;977.0;667.0;-571.0;128.0;282.0;175;-984.0;-39.0;-138.0;165.0
1069.0;195.0;656.0;912.0;495.0;-608.0;141.0;240.0;175;-788.0;-74.0;-230.0;167.0
1201.0;410.0;1290.0;1225.0;1239.0;-888.0;-273.0;400.0;145;-400.0;60.0;32.0;50.0
1070.0;196.0;710.0;889.0;624.0;-669.0;141.0;228.0;175;-783.0;-89.0;-262.0;163.0
1115.0;-80.0;850.0;915.0;600.0;-155.0;207.0;42.0;160;-880.0;-207.0;-438.0;279.0
1041.0;-100.0;700.0;1075.0;591.0;-98.0;212.0;9.0;-221;-829.0;-215.0;-452.0;296.0
838.0;-147.0;827.0;1096.0;698.0;-231.0;215.0;-26.0;-171;-601.0;-202.0;-434.0;305.0
1052.0;-40.0;626.0;1155.0;252.0;13.0;698.0;-645.0;25;-1283.0;-200.0;-101.0;9.0
1023.0;342.0;518.0;1195.0;424.0;-32.0;440.0;-270.0;-145;-960.0;-433.0;-153.0;565.0
1087.0;185.0;130.0;1047.0;51.0;-244.0;478.0;-288.0;-142;-753.0;-523.0;-178.0;663.0
882.0;-100.0;104.0;932.0;104.0;-5.0;581.0;-449.0;-133;-884.0;-607.0;-61.0;674.0
980.0;-61.0;472.0;1055.0;288.0;-220.0;826.0;-512.0;-81;-841.0;-312.0;170.0;403.0
1009.0;-220.0;899.0;1028.0;692.0;-629.0;-11.0;147.0;-200;-407.0;162.0;-8.0;109.0
1076.0;-215.0;897.0;979.0;851.0;-557.0;14.0;128.0;191;-413.0;174.0;-26.0;107.0
1059.0;-513.0;1100.0;908.0;855.0;-1048.0;-165.0;312.0;149;-434.0;-18.0;-125.0;191.0
956.0;226.0;1326.0;1187.0;1120.0;-1147.0;132.0;46.0;51;-859.0;-62.0;-155.0;81.0
1198.0;-197.0;1172.0;1087.0;1349.0;-494.0;34.0;155.0;108;-394.0;144.0;57.0;95.0
999.0;89.0;809.0;1038.0;776.0;-707.0;36.0;90.0;-125;-565.0;192.0;184.0;-1.0
542.0;-141.0;238.0;911.0;216.0;331.0;61.0;36.0;-160;-760.0;346.0;-276.0;157.0
910.0;-39.0;842.0;917.0;733.0;-601.0;-146.0;286.0;173;7.0;299.0;221.0;-39.0
820.0;-19.0;788.0;874.0;718.0;-707.0;-131.0;273.0;174;-89.0;294.0;193.0;-10.0
653.0;-345.0;104.0;951.0;56.0;-84.0;-24.0;91.0;-160;-1063.0;337.0;-398.0;-92.0
606.0;-215.0;96.0;969.0;-164.0;87.0;-39.0;83.0;-160;-892.0;363.0;-465.0;-100.0
1068.0;62.0;815.0;980.0;956.0;-524.0;-194.0;341.0;164;-147.0;220.0;39.0;116.0
674.0;-292.0;55.0;933.0;-131.0;-85.0;-37.0;81.0;-159;-1027.0;372.0;-450.0;-106.0
688.0;-291.0;30.0;928.0;-198.0;-67.0;-35.0;83.0;-160;-983.0;375.0;-440.0;-106.0
969.0;179.0;489.0;930.0;597.0;-543.0;505.0;-561.0;126;-667.0;225.0;328.0;-351.0
1100.0;92.0;438.0;836.0;-60.0;-692.0;320.0;-492.0;67;-145.0;207.0;406.0;-177.0
1121.0;140.0;601.0;843.0;392.0;-469.0;353.0;-528.0;40;-287.0;182.0;328.0;-206.0
979.0;111.0;945.0;972.0;905.0;-876.0;838.0;-513.0;-94;-432.0;99.0;465.0;15.0
933.0;100.0;793.0;920.0;777.0;-534.0;-246.0;370.0;153;-159.0;40.0;3.0;121.0
926.0;-379.0;771.0;914.0;782.0;-354.0;-182.0;297.0;-145;-346.0;55.0;-38.0;74.0
888.0;200.0;397.0;883.0;187.0;38.0;-185.0;336.0;-44;-562.0;465.0;300.0;-251.0
684.0;-256.0;356.0;547.0;313.0;-914.0;-190.0;302.0;138;-79.0;104.0;1.0;56.0
648.0;-257.0;202.0;959.0;-198.0;218.0;11.0;72.0;-159;-1090.0;343.0;-343.0;-22.0
614.0;-254.0;214.0;935.0;-85.0;7.0;-34.0;117.0;-159;-993.0;363.0;-373.0;-140.0
755.0;60.0;502.0;784.0;609.0;-784.0;-152.0;311.0;161;-80.0;93.0;-80.0;150.0
567.0;-209.0;202.0;950.0;-76.0;25.0;-35.0;118.0;-160;-993.0;363.0;-368.0;-141.0
519.0;-218.0;531.0;904.0;455.0;10.0;-35.0;118.0;-159;-1249.0;361.0;-362.0;-137.0
1011.0;54.0;783.0;778.0;480.0;-506.0;222.0;-365.0;85;-537.0;223.0;329.0;-131.0
960.0;-224.0;52.0;1009.0;67.0;-76.0;-30.0;116.0;-159;-482.0;355.0;-356.0;-131.0
1156.0;-224.0;18.0;935.0;-158.0;438.0;91.0;46.0;-160;-697.0;322.0;-287.0;203.0
907.0;110.0;693.0;968.0;799.0;-434.0;-345.0;456.0;156;-152.0;59.0;-10.0;-11.0
971.0;-9.0;168.0;1061.0;-400.0;-35.0;28.0;166.0;-55;-890.0;264.0;15.0;83.0
843.0;-239.0;310.0;879.0;599.0;-107.0;69.0;120.0;-49;-483.0;180.0;-69.0;162.0
736.0;196.0;399.0;911.0;-141.0;-654.0;60.0;110.0;-47;-1090.0;196.0;-71.0;142.0
1254.0;-49.0;1055.0;964.0;849.0;-334.0;111.0;-227.0;119;-641.0;186.0;171.0;-36.0
1126.0;-304.0;1045.0;937.0;857.0;-331.0;79.0;-189.0;123;-710.0;159.0;121.0;-1.0
728.0;-101.0;583.0;776.0;623.0;-730.0;-105.0;268.0;147;-116.0;452.0;264.0;-171.0
860.0;-121.0;165.0;880.0;127.0;-123.0;-594.0;347.0;-127;-702.0;-559.0;-575.0;618.0
929.0;2.0;692.0;912.0;764.0;-453.0;-122.0;291.0;140;-174.0;383.0;149.0;-23.0
751.0;156.0;487.0;817.0;547.0;-663.0;-163.0;315.0;139;-98.0;278.0;-184.0;110.0
637.0;127.0;462.0;719.0;451.0;-864.0;-152.0;312.0;142;-174.0;236.0;-269.0;153.0
965.0;138.0;547.0;972.0;271.0;-568.0;-851.0;285.0;-46;-943.0;-698.0;-776.0;599.0
492.0;-181.0;247.0;914.0;275.0;391.0;49.0;70.0;-158;-641.0;323.0;-184.0;116.0
1070.0;-24.0;564.0;938.0;488.0;-28.0;-473.0;276.0;-162;-1176.0;-498.0;85.0;647.0
920.0;144.0;1020.0;996.0;987.0;-959.0;-872.0;475.0;-26;-286.0;-131.0;52.0;64.0
1113.0;441.0;294.0;1084.0;271.0;-26.0;-713.0;399.0;-128;-1167.0;-407.0;-316.0;529.0
1090.0;880.0;225.0;1203.0;318.0;-224.0;-437.0;249.0;-141;-994.0;-391.0;47.0;558.0
889.0;-178.0;195.0;906.0;335.0;-467.0;-235.0;78.0;-136;-700.0;19.0;103.0;335.0
774.0;-338.0;289.0;706.0;456.0;-311.0;-189.0;32.0;-140;-711.0;55.0;151.0;279.0
880.0;-654.0;300.0;802.0;448.0;-240.0;-184.0;30.0;-140;-768.0;54.0;123.0;276.0
1006.0;-454.0;390.0;942.0;602.0;-185.0;-184.0;31.0;-140;-737.0;55.0;84.0;281.0
1065.0;-788.0;572.0;1212.0;755.0;-246.0;-192.0;37.0;-140;-802.0;45.0;33.0;300.0
813.0;290.0;285.0;932.0;346.0;-340.0;-278.0;82.0;-139;-430.0;-86.0;-134.0;450.0
765.0;192.0;323.0;898.0;302.0;-296.0;-284.0;88.0;-137;-462.0;-82.0;-115.0;450.0
868.0;-117.0;554.0;856.0;427.0;-132.0;-287.0;105.0;-144;-922.0;-112.0;-72.0;446.0
1111.0;35.0;420.0;859.0;350.0;19.0;-319.0;152.0;-150;-841.0;-172.0;-91.0;480.0
919.0;-9.0;328.0;1014.0;144.0;-43.0;-828.0;437.0;-97;-1006.0;-319.0;-304.0;346.0
806.0;-733.0;622.0;750.0;741.0;-784.0;-721.0;681.0;29;-274.0;-435.0;-206.0;156.0
504.0;-150.0;311.0;899.0;284.0;278.0;36.0;70.0;-158;-714.0;323.0;-196.0;95.0
934.0;39.0;662.0;891.0;703.0;-713.0;-532.0;640.0;-126;-137.0;-50.0;-72.0;101.0
554.0;-165.0;255.0;889.0;373.0;159.0;24.0;71.0;-158;-852.0;323.0;-206.0;70.0
570.0;-376.0;177.0;949.0;93.0;-123.0;-40.0;113.0;-158;-1001.0;323.0;-329.0;-101.0
595.0;-253.0;157.0;975.0;-40.0;57.0;-55.0;120.0;-158;-801.0;338.0;-356.0;-139.0
564.0;-207.0;82.0;957.0;-46.0;69.0;-58.0;119.0;-158;-657.0;345.0;-363.0;-146.0
593.0;-181.0;217.0;958.0;-125.0;13.0;-61.0;111.0;-158;-1054.0;352.0;-377.0;-147.0
823.0;138.0;524.0;881.0;568.0;-535.0;-423.0;531.0;146;-405.0;39.0;94.0;-11.0
579.0;-233.0;246.0;929.0;-51.0;54.0;-61.0;108.0;-158;-1201.0;351.0;-382.0;-145.0
615.0;-252.0;229.0;911.0;-88.0;33.0;-61.0;107.0;-158;-1171.0;355.0;-379.0;-149.0
851.0;-507.0;708.0;943.0;676.0;-731.0;-774.0;534.0;-36;-122.0;-180.0;219.0;-48.0
533.0;-218.0;176.0;936.0;57.0;-83.0;-46.0;107.0;-157;-875.0;358.0;-427.0;-159.0
1071.0;-506.0;777.0;456.0;846.0;-768.0;-910.0;179.0;-27;-430.0;-391.0;13.0;382.0
601.0;-178.0;190.0;947.0;-114.0;-44.0;-50.0;110.0;-157;-1012.0;364.0;-433.0;-167.0
1165.0;101.0;1048.0;1087.0;1076.0;-741.0;-441.0;492.0;87;-695.0;-135.0;-152.0;178.0
567.0;-242.0;261.0;927.0;-87.0;-19.0;-58.0;114.0;-157;-1082.0;373.0;-442.0;-179.0
955.0;-250.0;689.0;1314.0;628.0;-622.0;-273.0;17.0;-89;-657.0;-107.0;-276.0;368.0
989.0;214.0;970.0;866.0;899.0;-847.0;-395.0;195.0;-105;-588.0;-333.0;-265.0;531.0
1106.0;60.0;697.0;903.0;632.0;-687.0;-191.0;-98.0;-86;-569.0;-72.0;-299.0;268.0
1053.0;-55.0;851.0;1140.0;893.0;-700.0;-243.0;-26.0;-89;-546.0;-96.0;-293.0;333.0
1067.0;35.0;714.0;1000.0;570.0;-495.0;-172.0;-142.0;146;-880.0;-30.0;-292.0;251.0
1068.0;128.0;581.0;1081.0;681.0;-648.0;-173.0;-158.0;168;-1025.0;-35.0;-286.0;259.0
983.0;-514.0;739.0;880.0;800.0;-715.0;32.0;127.0;-77;-135.0;103.0;-90.0;113.0
1118.0;192.0;882.0;1003.0;1013.0;-833.0;117.0;72.0;-68;-261.0;-65.0;-234.0;253.0
988.0;405.0;1244.0;1138.0;1201.0;-1035.0;195.0;-23.0;117;-442.0;-20.0;-338.0;298.0
1148.0;94.0;466.0;959.0;110.0;-560.0;-175.0;-164.0;165;-507.0;-42.0;-301.0;270.0
545.0;-227.0;327.0;948.0;260.0;-9.0;-57.0;115.0;-157;-1218.0;376.0;-435.0;-176.0
922.0;-465.0;804.0;1001.0;609.0;-855.0;184.0;-68.0;-68;-109.0;-121.0;-288.0;237.0
689.0;-200.0;-342.0;995.0;-159.0;315.0;-17.0;106.0;-167;-452.0;315.0;-747.0;-59.0
982.0;-185.0;-132.0;925.0;-325.0;281.0;143.0;86.0;-158;-610.0;280.0;-162.0;222.0
1119.0;94.0;664.0;1011.0;280.0;-528.0;-178.0;-160.0;165;-806.0;-70.0;-182.0;278.0
1118.0;88.0;429.0;967.0;420.0;-207.0;-178.0;-164.0;165;-842.0;-50.0;-79.0;292.0
1050.0;170.0;816.0;981.0;959.0;-410.0;-307.0;434.0;150;-242.0;-59.0;-44.0;10.0
988.0;-209.0;-117.0;929.0;-302.0;272.0;142.0;87.0;-158;-579.0;280.0;-164.0;221.0
1084.0;108.0;559.0;1086.0;359.0;-478.0;-178.0;-178.0;165;-716.0;-49.0;-59.0;291.0
1001.0;70.0;556.0;992.0;464.0;-375.0;-175.0;-211.0;165;-775.0;-67.0;8.0;292.0
962.0;87.0;530.0;1033.0;348.0;-461.0;-175.0;-218.0;165;-604.0;-69.0;42.0;291.0
1080.0;134.0;692.0;1105.0;263.0;-552.0;-166.0;-287.0;165;-861.0;-74.0;134.0;292.0
1011.0;142.0;345.0;1069.0;739.0;-747.0;-162.0;-303.0;165;-1040.0;-75.0;151.0;286.0
964.0;-219.0;-126.0;941.0;-322.0;274.0;141.0;88.0;-158;-621.0;281.0;-163.0;219.0
1201.0;94.0;591.0;859.0;9.0;-294.0;-139.0;-379.0;164;-337.0;-93.0;125.0;254.0
902.0;91.0;1100.0;728.0;504.0;-361.0;-150.0;-352.0;162;-1016.0;-96.0;99.0;261.0
906.0;46.0;945.0;729.0;471.0;-420.0;-151.0;-346.0;162;-537.0;-94.0;81.0;256.0
823.0;128.0;523.0;894.0;271.0;-302.0;-160.0;-323.0;160;-364.0;-111.0;45.0;266.0
858.0;102.0;602.0;910.0;293.0;-370.0;-159.0;-325.0;160;-373.0;-110.0;42.0;262.0
937.0;102.0;592.0;896.0;516.0;-278.0;-179.0;-269.0;156;-491.0;-105.0;46.0;289.0
925.0;72.0;596.0;928.0;537.0;-227.0;-181.0;-264.0;156;-480.0;-108.0;36.0;289.0
930.0;24.0;484.0;949.0;482.0;-385.0;-182.0;-260.0;155;-566.0;-111.0;23.0;289.0
965.0;67.0;404.0;900.0;239.0;-559.0;-184.0;-255.0;155;-564.0;-118.0;6.0;291.0
910.0;73.0;537.0;875.0;686.0;-351.0;-211.0;-194.0;156;-756.0;-141.0;-64.0;312.0
1066.0;-21.0;526.0;870.0;699.0;-234.0;-300.0;-5.0;177;-751.0;-256.0;-265.0;398.0
771.0;-514.0;648.0;886.0;781.0;63.0;-402.0;227.0;-158;-944.0;-294.0;-142.0;528.0
968.0;-218.0;-114.0;944.0;-320.0;279.0;140.0;89.0;-158;-623.0;281.0;-159.0;219.0
1080.0;154.0;186.0;1030.0;286.0;-168.0;-445.0;252.0;-160;-761.0;-415.0;119.0;606.0
855.0;-154.0;170.0;994.0;252.0;-137.0;-596.0;376.0;-153;-787.0;-657.0;-72.0;721.0
960.0;-184.0;-124.0;958.0;-348.0;280.0;139.0;89.0;-158;-626.0;281.0;-162.0;219.0
955.0;-174.0;-113.0;935.0;-336.0;267.0;135.0;90.0;-158;-629.0;280.0;-162.0;217.0
736.0;-508.0;200.0;714.0;232.0;-204.0;-410.0;228.0;-158;-579.0;-350.0;174.0;521.0
734.0;-516.0;277.0;703.0;239.0;-190.0;-412.0;228.0;-160;-585.0;-354.0;168.0;527.0
953.0;-183.0;-114.0;941.0;-349.0;260.0;131.0;90.0;-158;-608.0;284.0;-164.0;218.0
690.0;-770.0;715.0;753.0;650.0;-1104.0;-284.0;365.0;154;22.0;-7.0;-60.0;85.0
995.0;-51.0;377.0;965.0;206.0;-141.0;-851.0;491.0;-57;-874.0;-381.0;172.0;276.0
746.0;-289.0;584.0;647.0;696.0;-801.0;-151.0;290.0;196;-295.0;-59.0;-72.0;74.0
1292.0;291.0;940.0;1206.0;964.0;-505.0;-160.0;287.0;160;-248.0;-20.0;-18.0;54.0
1097.0;99.0;776.0;954.0;909.0;-409.0;-254.0;389.0;147;-124.0;-67.0;-99.0;144.0
694.0;63.0;413.0;777.0;527.0;-932.0;-229.0;372.0;150;-175.0;-96.0;-174.0;184.0
1031.0;-192.0;-139.0;896.0;-374.0;261.0;127.0;87.0;-158;-649.0;284.0;-166.0;219.0
1002.0;-286.0;983.0;984.0;1009.0;-762.0;-723.0;624.0;-25;-303.0;-559.0;-323.0;468.0
922.0;-591.0;857.0;942.0;800.0;-926.0;-721.0;657.0;-139;-169.0;-170.0;-10.0;-78.0
1123.0;89.0;1123.0;1151.0;1176.0;-963.0;-737.0;648.0;-44;-612.0;-280.0;-124.0;113.0
855.0;143.0;972.0;928.0;1012.0;-919.0;-170.0;137.0;108;-165.0;64.0;-16.0;-19.0
830.0;168.0;993.0;822.0;914.0;-1005.0;6.0;189.0;120;21.0;229.0;76.0;30.0
505.0;-181.0;109.0;949.0;221.0;492.0;108.0;41.0;-155;-572.0;303.0;-213.0;237.0
1049.0;140.0;1005.0;986.0;928.0;-856.0;-713.0;682.0;82;-386.0;-361.0;-291.0;384.0
853.0;40.0;737.0;870.0;792.0;-1143.0;-727.0;611.0;89;-298.0;-622.0;-552.0;527.0
670.0;-364.0;701.0;690.0;594.0;-1323.0;-631.0;679.0;-123;-154.0;-98.0;-80.0;163.0
639.0;-219.0;259.0;931.0;-16.0;33.0;-44.0;82.0;-155;-1108.0;372.0;-404.0;-136.0
678.0;-272.0;195.0;921.0;-24.0;8.0;-43.0;83.0;-155;-1201.0;369.0;-397.0;-133.0
655.0;-284.0;132.0;940.0;-81.0;33.0;-42.0;85.0;-155;-1065.0;369.0;-394.0;-135.0
681.0;-263.0;-48.0;951.0;-115.0;-46.0;-39.0;89.0;-155;-1056.0;369.0;-386.0;-130.0
1170.0;196.0;1157.0;1051.0;1092.0;-813.0;-294.0;400.0;43;-245.0;-207.0;-194.0;165.0
665.0;-184.0;642.0;788.0;624.0;-1004.0;-363.0;396.0;43;-281.0;-125.0;-184.0;104.0
637.0;-263.0;-40.0;948.0;-190.0;-62.0;-37.0;91.0;-155;-1069.0;369.0;-384.0;-130.0
1458.0;-219.0;1333.0;1185.0;1237.0;-856.0;-728.0;672.0;65;-445.0;-237.0;-183.0;150.0
743.0;-631.0;616.0;662.0;688.0;-653.0;-152.0;294.0;124;-228.0;-55.0;-84.0;77.0
583.0;-205.0;599.0;730.0;499.0;-963.0;-181.0;254.0;44;-20.0;-85.0;-78.0;51.0
1077.0;160.0;943.0;987.0;928.0;-705.0;-9.0;211.0;43;-174.0;-109.0;-102.0;117.0
642.0;-133.0;493.0;720.0;451.0;-810.0;116.0;15.0;50;-58.0;-22.0;-97.0;36.0
619.0;-258.0;178.0;948.0;-36.0;152.0;-6.0;79.0;-156;-1057.0;350.0;-370.0;-55.0
611.0;-256.0;137.0;951.0;7.0;110.0;-10.0;82.0;-156;-1000.0;354.0;-379.0;-66.0
1093.0;105.0;1019.0;988.0;944.0;-754.0;208.0;14.0;49;-258.0;-44.0;-142.0;103.0
1051.0;143.0;993.0;953.0;961.0;-651.0;217.0;7.0;49;-289.0;-43.0;-141.0;104.0
895.0;46.0;683.0;794.0;694.0;-625.0;248.0;-19.0;51;-252.0;-40.0;-146.0;124.0
790.0;19.0;640.0;806.0;606.0;-709.0;258.0;-26.0;53;-257.0;-41.0;-150.0;135.0
1031.0;-194.0;558.0;998.0;352.0;257.0;-237.0;61.0;-158;-667.0;-166.0;-364.0;424.0
708.0;110.0;668.0;678.0;594.0;-931.0;277.0;-38.0;53;-291.0;-46.0;-162.0;160.0
794.0;90.0;756.0;671.0;616.0;-1034.0;284.0;-44.0;52;-265.0;-48.0;-173.0;167.0
878.0;128.0;860.0;736.0;745.0;-1014.0;291.0;-50.0;52;-300.0;-54.0;-183.0;178.0
620.0;-221.0;200.0;953.0;-52.0;87.0;-25.0;84.0;-156;-1078.0;364.0;-418.0;-96.0
-80.0;-354.0;4.0;-6.0;416.0;22.0;418.0;173.0;167;16.0;378.0;-565.0;-419.0
711.0;-412.0;824.0;897.0;871.0;-1480.0;678.0;-500.0;12;-276.0;-398.0;-388.0;320.0
607.0;-265.0;217.0;951.0;49.0;85.0;-26.0;81.0;-156;-1069.0;369.0;-412.0;-93.0
778.0;-43.0;504.0;627.0;406.0;-773.0;241.0;-351.0;141;-501.0;417.0;240.0;-260.0
759.0;95.0;961.0;796.0;591.0;-878.0;337.0;-232.0;83;-276.0;723.0;321.0;-469.0
586.0;-240.0;203.0;963.0;72.0;68.0;-26.0;81.0;-156;-1024.0;367.0;-413.0;-96.0
890.0;-269.0;255.0;884.0;256.0;15.0;-19.0;88.0;-156;-764.0;360.0;-376.0;-84.0
968.0;-273.0;-134.0;968.0;63.0;-56.0;-14.0;90.0;-156;2.0;352.0;-358.0;-74.0
777.0;-217.0;-274.0;962.0;-128.0;-163.0;12.0;95.0;-156;-909.0;338.0;-320.0;-7.0
860.0;90.0;694.0;731.0;725.0;-655.0;379.0;-143.0;57;-148.0;-269.0;-533.0;387.0
629.0;-325.0;534.0;649.0;678.0;-591.0;342.0;-163.0;59;-68.0;-181.0;-461.0;279.0
987.0;-202.0;2.0;962.0;-212.0;387.0;105.0;57.0;-156;-514.0;306.0;-265.0;196.0
749.0;96.0;612.0;742.0;678.0;-532.0;741.0;-642.0;13;8.0;-679.0;-219.0;430.0
969.0;-213.0;-104.0;940.0;-370.0;171.0;126.0;70.0;-156;-581.0;300.0;-202.0;213.0
950.0;-192.0;-94.0;946.0;-316.0;241.0;137.0;88.0;-156;-609.0;287.0;-165.0;216.0
963.0;-212.0;-92.0;942.0;-377.0;251.0;137.0;88.0;-156;-630.0;287.0;-160.0;218.0
970.0;-193.0;-107.0;939.0;-351.0;261.0;137.0;90.0;-156;-615.0;287.0;-160.0;217.0
957.0;-201.0;-90.0;955.0;-338.0;242.0;132.0;90.0;-156;-608.0;290.0;-163.0;213.0
975.0;-202.0;-91.0;949.0;-340.0;241.0;129.0;92.0;-156;-598.0;293.0;-159.0;207.0
975.0;-192.0;-80.0;947.0;-307.0;242.0;128.0;92.0;-157;-642.0;292.0;-159.0;211.0
960.0;-194.0;-75.0;954.0;-330.0;238.0;126.0;91.0;-156;-601.0;293.0;-166.0;208.0
899.0;-447.0;295.0;890.0;-6.0;-192.0;350.0;-99.0;-142;-842.0;-154.0;-538.0;467.0
1008.0;-80.0;535.0;829.0;87.0;-202.0;330.0;-53.0;-143;-933.0;-120.0;-546.0;425.0
994.0;23.0;559.0;802.0;-37.0;-28.0;326.0;-41.0;-143;-921.0;-124.0;-558.0;426.0
960.0;-187.0;-76.0;950.0;-303.0;238.0;125.0;91.0;-157;-618.0;293.0;-164.0;205.0
908.0;-388.0;250.0;748.0;241.0;-160.0;336.0;12.0;-141;-615.0;-112.0;-527.0;462.0
971.0;-177.0;-85.0;941.0;-324.0;235.0;124.0;91.0;-156;-593.0;293.0;-167.0;209.0
955.0;-186.0;-77.0;942.0;-352.0;231.0;123.0;91.0;-156;-606.0;294.0;-169.0;206.0
961.0;-202.0;-78.0;955.0;-326.0;227.0;122.0;91.0;-156;-605.0;295.0;-168.0;202.0
816.0;-390.0;145.0;1056.0;-224.0;5.0;239.0;-82.0;-167;-644.0;182.0;-377.0;602.0
811.0;33.0;755.0;800.0;786.0;-593.0;-192.0;325.0;50;-204.0;325.0;-53.0;93.0
918.0;-373.0;84.0;992.0;-218.0;12.0;235.0;-79.0;-168;-648.0;193.0;-350.0;576.0
920.0;-308.0;144.0;981.0;-149.0;16.0;233.0;-77.0;-168;-671.0;191.0;-352.0;567.0
867.0;-185.0;131.0;996.0;-117.0;-9.0;213.0;-63.0;-166;-687.0;161.0;-401.0;492.0
956.0;-201.0;-68.0;954.0;-328.0;230.0;121.0;91.0;-156;-623.0;295.0;-171.0;200.0
850.0;-355.0;186.0;888.0;-85.0;473.0;128.0;-1.0;-162;-767.0;284.0;-328.0;304.0
838.0;-370.0;447.0;858.0;-8.0;460.0;111.0;10.0;-163;-691.0;295.0;-326.0;270.0
831.0;-316.0;225.0;927.0;280.0;357.0;91.0;22.0;-163;-723.0;305.0;-324.0;225.0
1053.0;-255.0;239.0;891.0;216.0;-120.0;-30.0;68.0;-153;-738.0;371.0;-392.0;-105.0
946.0;-239.0;457.0;876.0;127.0;-74.0;-35.0;68.0;-152;-1034.0;377.0;-398.0;-116.0
597.0;-240.0;256.0;921.0;-221.0;7.0;-32.0;78.0;-152;-1016.0;379.0;-388.0;-116.0
679.0;-272.0;338.0;933.0;-229.0;-9.0;-25.0;79.0;-151;-837.0;375.0;-365.0;-107.0
647.0;22.0;100.0;969.0;10.0;154.0;-126.0;-45.0;-160;-1084.0;-38.0;-702.0;213.0
951.0;-207.0;-74.0;957.0;-299.0;225.0;120.0;90.0;-156;-611.0;296.0;-172.0;200.0
587.0;-182.0;338.0;847.0;443.0;387.0;65.0;43.0;-150;-991.0;316.0;-249.0;160.0
632.0;-229.0;229.0;842.0;382.0;171.0;32.0;53.0;-150;-1222.0;320.0;-262.0;90.0
636.0;-240.0;150.0;960.0;88.0;46.0;-19.0;98.0;-152;-1082.0;352.0;-320.0;-100.0
623.0;-244.0;173.0;966.0;37.0;-7.0;-16.0;98.0;-152;-1022.0;348.0;-310.0;-89.0
1034.0;-202.0;-172.0;947.0;-302.0;309.0;138.0;84.0;-153;-668.0;276.0;-171.0;235.0
1005.0;-201.0;-148.0;948.0;-273.0;298.0;138.0;82.0;-153;-628.0;276.0;-180.0;231.0
1017.0;-155.0;-151.0;928.0;-280.0;312.0;137.0;83.0;-153;-653.0;276.0;-188.0;229.0
1022.0;-180.0;-141.0;909.0;-289.0;308.0;136.0;82.0;-153;-692.0;277.0;-189.0;225.0
1096.0;147.0;1020.0;971.0;1077.0;-724.0;-344.0;482.0;111;-355.0;310.0;266.0;-213.0
1030.0;-219.0;20.0;939.0;-148.0;466.0;104.0;62.0;-153;-342.0;302.0;-260.0;200.0
592.0;-323.0;94.0;962.0;-37.0;-186.0;-38.0;108.0;-150;-1049.0;356.0;-332.0;-139.0
581.0;-311.0;41.0;961.0;134.0;-46.0;-42.0;110.0;-151;-947.0;363.0;-354.0;-153.0
610.0;-221.0;396.0;929.0;244.0;43.0;-10.0;95.0;-153;-1185.0;353.0;-340.0;-80.0
569.0;-219.0;246.0;955.0;133.0;79.0;-12.0;94.0;-153;-1148.0;359.0;-348.0;-87.0
1078.0;38.0;921.0;893.0;369.0;-787.0;790.0;-560.0;9;-382.0;-358.0;-152.0;274.0
730.0;-393.0;618.0;676.0;571.0;-922.0;722.0;-568.0;-3;-165.0;-325.0;-269.0;353.0
1025.0;-6.0;905.0;882.0;878.0;-818.0;739.0;-651.0;52;-266.0;-222.0;-149.0;216.0
595.0;-270.0;171.0;949.0;-24.0;90.0;-9.0;89.0;-152;-942.0;350.0;-340.0;-88.0
633.0;-236.0;113.0;960.0;-100.0;107.0;-3.0;84.0;-152;-1028.0;345.0;-327.0;-75.0
617.0;-250.0;130.0;941.0;-11.0;269.0;17.0;63.0;-152;-1044.0;328.0;-318.0;-13.0
670.0;-271.0;252.0;942.0;58.0;20.0;-42.0;102.0;-152;-1242.0;350.0;-351.0;-117.0
592.0;-222.0;340.0;938.0;31.0;-26.0;-38.0;103.0;-152;-1195.0;338.0;-348.0;-108.0
940.0;155.0;977.0;930.0;291.0;-910.0;799.0;-569.0;-53;-647.0;-114.0;160.0;156.0
540.0;-108.0;481.0;650.0;409.0;-711.0;359.0;-215.0;-73;-255.0;62.0;114.0;171.0
461.0;206.0;384.0;512.0;317.0;-610.0;345.0;-204.0;-73;-273.0;67.0;115.0;155.0
1107.0;-36.0;632.0;954.0;875.0;-648.0;288.0;-137.0;-72;-212.0;84.0;113.0;104.0
543.0;-354.0;223.0;946.0;135.0;-332.0;-6.0;93.0;-152;-1147.0;328.0;-248.0;-25.0
624.0;-292.0;177.0;912.0;90.0;-249.0;4.0;86.0;-152;-1041.0;325.0;-236.0;5.0
547.0;-230.0;402.0;892.0;239.0;228.0;46.0;68.0;-152;-1217.0;324.0;-208.0;110.0
653.0;-191.0;302.0;931.0;255.0;411.0;61.0;69.0;-152;-1086.0;321.0;-201.0;139.0
868.0;230.0;688.0;888.0;620.0;-808.0;-477.0;565.0;-36;-366.0;164.0;206.0;-108.0
1093.0;59.0;1154.0;1003.0;1206.0;-816.0;545.0;-583.0;108;-347.0;100.0;275.0;-225.0
593.0;-195.0;194.0;942.0;163.0;22.0;-48.0;104.0;-151;-1106.0;372.0;-386.0;-157.0
622.0;-185.0;263.0;888.0;81.0;67.0;-49.0;100.0;-151;-1154.0;374.0;-394.0;-155.0
720.0;-283.0;10.0;916.0;-131.0;-23.0;-51.0;92.0;-151;-1086.0;380.0;-392.0;-149.0
618.0;-231.0;146.0;936.0;-161.0;183.0;24.0;66.0;-151;-1096.0;331.0;-334.0;-11.0
575.0;-144.0;579.0;542.0;582.0;-532.0;50.0;164.0;-94;-354.0;78.0;130.0;75.0
751.0;392.0;700.0;766.0;583.0;-534.0;6.0;204.0;-95;-175.0;59.0;106.0;68.0
689.0;2.0;634.0;721.0;435.0;-645.0;-21.0;226.0;-95;-233.0;69.0;106.0;63.0
561.0;-212.0;190.0;921.0;-174.0;74.0;7.0;77.0;-151;-1027.0;338.0;-352.0;-56.0
1022.0;-212.0;-227.0;944.0;-175.0;366.0;123.0;118.0;-154;-607.0;284.0;-139.0;192.0
597.0;-256.0;175.0;947.0;-202.0;14.0;-5.0;84.0;-151;-1020.0;348.0;-367.0;-86.0
581.0;-247.0;196.0;923.0;-114.0;57.0;-13.0;85.0;-151;-1052.0;354.0;-378.0;-104.0
574.0;-254.0;254.0;943.0;-178.0;57.0;-23.0;84.0;-151;-1060.0;361.0;-399.0;-115.0
804.0;448.0;877.0;838.0;873.0;-382.0;-83.0;296.0;-98;-288.0;13.0;48.0;76.0
1011.0;-212.0;-220.0;947.0;-176.0;368.0;126.0;116.0;-154;-637.0;282.0;-136.0;190.0
658.0;6.0;557.0;570.0;566.0;-611.0;-166.0;329.0;-99;-363.0;66.0;110.0;13.0
1019.0;-210.0;-228.0;948.0;-179.0;363.0;127.0;115.0;-154;-629.0;285.0;-135.0;192.0
1020.0;-202.0;-227.0;931.0;-188.0;363.0;127.0;116.0;-154;-609.0;285.0;-136.0;191.0
1020.0;-209.0;-225.0;939.0;-165.0;370.0;128.0;115.0;-154;-614.0;285.0;-136.0;192.0
690.0;50.0;591.0;703.0;596.0;-602.0;-685.0;693.0;-123;-424.0;-139.0;-228.0;223.0
545.0;-242.0;266.0;952.0;2.0;11.0;-24.0;84.0;-152;-1140.0;362.0;-400.0;-116.0
506.0;-251.0;288.0;960.0;308.0;14.0;-25.0;84.0;-152;-1239.0;362.0;-397.0;-117.0
1030.0;-211.0;-221.0;942.0;-185.0;361.0;129.0;115.0;-154;-650.0;286.0;-132.0;190.0
1009.0;-215.0;-205.0;940.0;-199.0;360.0;133.0;113.0;-154;-609.0;284.0;-134.0;191.0
991.0;-190.0;-198.0;943.0;-185.0;366.0;138.0;108.0;-154;-646.0;285.0;-134.0;198.0
552.0;-234.0;319.0;948.0;213.0;23.0;-24.0;84.0;-152;-987.0;362.0;-394.0;-110.0
1059.0;-171.0;-228.0;932.0;-181.0;208.0;131.0;85.0;-154;-636.0;310.0;-141.0;195.0
672.0;-230.0;561.0;891.0;238.0;-26.0;-22.0;85.0;-152;-1112.0;362.0;-387.0;-109.0
935.0;-263.0;257.0;899.0;30.0;-37.0;-20.0;86.0;-152;-763.0;358.0;-380.0;-102.0
874.0;-222.0;-266.0;1000.0;54.0;55.0;26.0;89.0;-153;-617.0;341.0;-319.0;29.0
1040.0;-193.0;-169.0;929.0;-216.0;308.0;129.0;68.0;-154;-639.0;319.0;-176.0;218.0
620.0;-217.0;266.0;919.0;-216.0;166.0;-2.0;72.0;-151;-1140.0;349.0;-336.0;-49.0
774.0;172.0;958.0;995.0;964.0;-917.0;-195.0;96.0;105;-131.0;89.0;-106.0;-91.0
1123.0;171.0;230.0;1044.0;30.0;-44.0;289.0;52.0;156;-1103.0;-331.0;-619.0;411.0
1019.0;121.0;971.0;985.0;947.0;-911.0;-48.0;216.0;109;-302.0;415.0;203.0;-109.0
1001.0;111.0;970.0;996.0;969.0;-907.0;-48.0;216.0;109;-287.0;415.0;201.0;-107.0
964.0;-157.0;-294.0;900.0;-253.0;464.0;-136.0;-110.0;-166;-912.0;-137.0;-588.0;188.0
1021.0;118.0;961.0;997.0;967.0;-902.0;-49.0;216.0;109;-288.0;416.0;200.0;-110.0
998.0;120.0;962.0;989.0;962.0;-904.0;-50.0;215.0;109;-255.0;415.0;204.0;-112.0
1018.0;-214.0;-225.0;949.0;-191.0;360.0;129.0;115.0;-154;-636.0;285.0;-136.0;192.0
1029.0;-228.0;842.0;864.0;816.0;-723.0;-721.0;672.0;-18;-446.0;-186.0;36.0;40.0
1010.0;111.0;971.0;997.0;944.0;-899.0;-53.0;213.0;109;-283.0;419.0;212.0;-113.0
1041.0;-180.0;-236.0;949.0;-199.0;362.0;124.0;117.0;-154;-640.0;285.0;-136.0;191.0
1028.0;-186.0;-228.0;949.0;-209.0;367.0;123.0;117.0;-154;-626.0;284.0;-137.0;193.0
1026.0;-201.0;-224.0;942.0;-207.0;365.0;123.0;118.0;-154;-656.0;287.0;-137.0;189.0
993.0;118.0;941.0;996.0;943.0;-896.0;-53.0;212.0;109;-238.0;420.0;213.0;-113.0
999.0;125.0;972.0;983.0;949.0;-904.0;-54.0;212.0;109;-279.0;420.0;213.0;-112.0
1005.0;99.0;969.0;990.0;949.0;-902.0;-54.0;213.0;109;-262.0;422.0;216.0;-116.0
1019.0;131.0;965.0;986.0;945.0;-900.0;-55.0;214.0;109;-301.0;423.0;220.0;-116.0
1007.0;132.0;961.0;992.0;949.0;-900.0;-52.0;215.0;109;-286.0;423.0;215.0;-117.0
769.0;-282.0;-62.0;907.0;-183.0;-61.0;-49.0;93.0;-151;-1119.0;382.0;-390.0;-147.0
996.0;110.0;960.0;1002.0;963.0;-903.0;-48.0;216.0;109;-292.0;418.0;208.0;-111.0
1015.0;116.0;971.0;978.0;949.0;-909.0;-47.0;215.0;109;-279.0;418.0;209.0;-108.0
1009.0;138.0;958.0;996.0;956.0;-903.0;-47.0;216.0;109;-300.0;418.0;205.0;-109.0
1001.0;126.0;960.0;987.0;973.0;-900.0;-48.0;215.0;109;-280.0;417.0;208.0;-108.0
1019.0;121.0;961.0;995.0;967.0;-900.0;-47.0;216.0;109;-276.0;416.0;203.0;-108.0
991.0;111.0;943.0;998.0;998.0;-902.0;-47.0;216.0;109;-305.0;415.0;202.0;-109.0
934.0;-246.0;-374.0;968.0;-87.0;-170.0;19.0;100.0;-153;-969.0;327.0;-289.0;-4.0
1009.0;110.0;965.0;997.0;963.0;-894.0;-45.0;215.0;109;-243.0;413.0;202.0;-108.0
1009.0;123.0;963.0;1002.0;968.0;-901.0;-48.0;217.0;109;-290.0;417.0;209.0;-109.0
826.0;-226.0;-324.0;1027.0;566.0;-170.0;13.0;-142.0;-166;-1382.0;221.0;-545.0;-78.0
642.0;-242.0;289.0;948.0;97.0;71.0;-28.0;91.0;-152;-1311.0;361.0;-350.0;-112.0
1010.0;121.0;961.0;999.0;962.0;-902.0;-44.0;215.0;109;-271.0;414.0;204.0;-106.0
1010.0;91.0;957.0;976.0;977.0;-901.0;-48.0;216.0;109;-294.0;416.0;206.0;-112.0
1010.0;135.0;960.0;991.0;948.0;-900.0;-50.0;219.0;109;-275.0;420.0;210.0;-109.0
982.0;-332.0;88.0;924.0;-133.0;478.0;159.0;-22.0;-163;-685.0;258.0;-332.0;369.0
1010.0;100.0;971.0;986.0;965.0;-896.0;-53.0;222.0;109;-301.0;420.0;212.0;-116.0
369.0;-168.0;-377.0;861.0;-639.0;207.0;723.0;-623.0;-24;-762.0;-632.0;-556.0;246.0
1010.0;89.0;981.0;979.0;951.0;-906.0;-56.0;228.0;114;-315.0;419.0;215.0;-115.0
1026.0;77.0;1137.0;1257.0;1206.0;-1184.0;-206.0;328.0;165;-723.0;300.0;56.0;36.0
1010.0;112.0;974.0;992.0;935.0;-902.0;-50.0;220.0;109;-260.0;418.0;211.0;-109.0
1011.0;133.0;961.0;998.0;964.0;-904.0;-46.0;216.0;108;-291.0;417.0;202.0;-98.0
998.0;100.0;973.0;993.0;960.0;-902.0;-44.0;215.0;108;-273.0;411.0;200.0;-100.0
1023.0;116.0;955.0;993.0;960.0;-902.0;-44.0;215.0;108;-248.0;410.0;196.0;-97.0
1019.0;131.0;961.0;996.0;985.0;-901.0;-41.0;213.0;108;-285.0;407.0;189.0;-94.0
1020.0;129.0;952.0;983.0;967.0;-897.0;-42.0;213.0;108;-257.0;409.0;190.0;-96.0
1021.0;121.0;961.0;997.0;957.0;-907.0;-43.0;215.0;109;-261.0;411.0;191.0;-97.0
1007.0;-199.0;-197.0;465.0;28.0;235.0;-226.0;-11.0;-166;-1009.0;83.0;-42.0;393.0
799.0;-192.0;541.0;848.0;547.0;-976.0;434.0;-514.0;69;-817.0;500.0;490.0;-459.0
1063.0;-183.0;979.0;1016.0;997.0;-860.0;-43.0;197.0;84;-347.0;430.0;195.0;-92.0
814.0;156.0;694.0;985.0;564.0;-784.0;480.0;-424.0;92;-911.0;185.0;396.0;-418.0
1036.0;133.0;922.0;975.0;900.0;-993.0;-25.0;231.0;117;-309.0;420.0;180.0;-56.0
759.0;-202.0;-139.0;993.0;-775.0;255.0;11.0;81.0;-167;-533.0;318.0;-693.0;12.0
1045.0;120.0;201.0;712.0;-67.0;-273.0;672.0;-660.0;40;-829.0;-121.0;-93.0;-16.0
1124.0;55.0;221.0;1020.0;440.0;-198.0;360.0;-453.0;97;-684.0;442.0;374.0;-281.0
1050.0;125.0;1002.0;990.0;993.0;-838.0;-32.0;239.0;117;-327.0;432.0;196.0;-79.0
1013.0;121.0;961.0;996.0;938.0;-912.0;-42.0;220.0;108;-285.0;422.0;208.0;-101.0
1024.0;49.0;917.0;901.0;897.0;-815.0;633.0;-474.0;-70;-559.0;-712.0;-621.0;730.0
1070.0;-40.0;970.0;1007.0;916.0;-890.0;328.0;-520.0;83;-449.0;605.0;583.0;-463.0
828.0;-148.0;-237.0;919.0;395.0;282.0;-80.0;-105.0;-166;-738.0;-240.0;-621.0;103.0
923.0;40.0;519.0;987.0;362.0;-576.0;313.0;-329.0;118;-913.0;491.0;397.0;-342.0
1028.0;121.0;967.0;988.0;953.0;-894.0;-52.0;228.0;109;-284.0;428.0;220.0;-111.0
822.0;-284.0;-334.0;966.0;-44.0;-307.0;-7.0;93.0;-156;-229.0;346.0;-345.0;-59.0
1026.0;100.0;970.0;994.0;971.0;-883.0;-53.0;228.0;109;-296.0;428.0;220.0;-111.0
1254.0;3.0;1153.0;1135.0;1221.0;-814.0;16.0;192.0;108;-400.0;363.0;96.0;-6.0
1013.0;99.0;969.0;1006.0;964.0;-906.0;-53.0;228.0;109;-334.0;427.0;216.0;-113.0
1059.0;-121.0;955.0;1015.0;976.0;-894.0;-57.0;241.0;83;-309.0;447.0;193.0;-131.0
519.0;-216.0;-20.0;833.0;-89.0;292.0;59.0;50.0;-167;-526.0;361.0;-119.0;117.0
788.0;-253.0;-62.0;996.0;414.0;257.0;-99.0;-106.0;-167;-921.0;-31.0;-748.0;127.0
1002.0;13.0;-139.0;979.0;-305.0;307.0;-147.0;-59.0;-157;-644.0;-40.0;-704.0;274.0
1039.0;96.0;966.0;996.0;986.0;-879.0;-62.0;247.0;103;-418.0;437.0;226.0;-132.0
853.0;-202.0;9.0;910.0;12.0;505.0;-18.0;59.0;-167;-1129.0;321.0;-653.0;-37.0
749.0;-246.0;160.0;950.0;-37.0;-6.0;-53.0;122.0;-167;-1108.0;402.0;-653.0;-133.0
635.0;30.0;376.0;958.0;-176.0;-84.0;-1.0;-80.0;-157;-1112.0;-70.0;-727.0;-19.0
932.0;-96.0;785.0;962.0;728.0;-1096.0;3.0;235.0;128;-246.0;427.0;279.0;-39.0
1065.0;126.0;1010.0;1044.0;958.0;-886.0;-18.0;246.0;118;-325.0;405.0;148.0;-71.0
1061.0;-162.0;-179.0;930.0;-174.0;421.0;90.0;79.0;-167;-725.0;311.0;-258.0;170.0
1009.0;-170.0;-167.0;934.0;-256.0;399.0;113.0;108.0;-167;-638.0;284.0;-206.0;181.0
959.0;-39.0;651.0;928.0;648.0;-49.0;431.0;-112.0;-121;-778.0;-475.0;-325.0;614.0
967.0;-122.0;741.0;610.0;269.0;-683.0;794.0;44.0;-101;-837.0;-829.0;-799.0;844.0
1038.0;87.0;999.0;1037.0;979.0;-898.0;-18.0;246.0;119;-303.0;404.0;151.0;-74.0
785.0;-41.0;910.0;878.0;-15.0;-830.0;44.0;-102.0;144;-87.0;13.0;-411.0;-82.0
734.0;-470.0;1006.0;1036.0;1091.0;-983.0;198.0;-221.0;142;147.0;286.0;-361.0;-369.0
616.0;-252.0;282.0;924.0;-105.0;54.0;-38.0;76.0;-159;-1205.0;370.0;-459.0;-104.0
947.0;34.0;733.0;944.0;633.0;-782.0;437.0;-536.0;132;-527.0;235.0;357.0;-309.0
1618.0;-2.0;1611.0;1390.0;1758.0;-1006.0;-179.0;285.0;28;-612.0;-91.0;-151.0;122.0
1000.0;-213.0;954.0;1080.0;961.0;-863.0;-53.0;218.0;83;-258.0;436.0;196.0;-105.0
1097.0;180.0;766.0;845.0;558.0;-704.0;322.0;-492.0;67;-798.0;206.0;417.0;-168.0
923.0;-45.0;991.0;908.0;961.0;-928.0;491.0;-484.0;85;-177.0;493.0;649.0;-495.0
641.0;-181.0;-352.0;964.0;-374.0;63.0;-35.0;110.0;-158;-879.0;343.0;-338.0;-94.0
920.0;-133.0;-395.0;834.0;318.0;456.0;-181.0;-81.0;-166;-754.0;-130.0;-513.0;281.0
602.0;115.0;547.0;736.0;625.0;-906.0;-95.0;264.0;150;-135.0;425.0;192.0;-140.0
676.0;239.0;902.0;868.0;1001.0;-906.0;344.0;-152.0;85;10.0;710.0;158.0;-526.0
849.0;-85.0;770.0;1038.0;665.0;-836.0;-629.0;544.0;67;-572.0;-16.0;-70.0;-348.0
825.0;-526.0;522.0;624.0;649.0;-586.0;-381.0;479.0;167;-302.0;216.0;174.0;-161.0
1000.0;98.0;980.0;997.0;989.0;-871.0;-49.0;253.0;104;-422.0;439.0;247.0;-106.0
719.0;49.0;-363.0;958.0;-411.0;-67.0;-74.0;-70.0;-157;-579.0;-39.0;-760.0;103.0
1037.0;-239.0;-268.0;967.0;-452.0;377.0;108.0;49.0;-160;-336.0;315.0;-262.0;225.0
594.0;-335.0;444.0;636.0;471.0;-1085.0;-236.0;345.0;150;-373.0;140.0;-156.0;31.0
949.0;-186.0;944.0;882.0;858.0;-1026.0;-668.0;682.0;75;-498.0;-156.0;-206.0;196.0
1089.0;82.0;1053.0;1165.0;933.0;-1601.0;-104.0;287.0;-92;-485.0;86.0;122.0;15.0
1414.0;421.0;1197.0;1226.0;1278.0;-741.0;-273.0;401.0;145;-268.0;64.0;27.0;50.0
1060.0;-200.0;986.0;995.0;972.0;-892.0;-45.0;207.0;83;-318.0;414.0;182.0;-103.0
1021.0;-181.0;-130.0;911.0;-381.0;272.0;129.0;87.0;-158;-580.0;284.0;-168.0;221.0
800.0;13.0;-481.0;778.0;-763.0;538.0;-127.0;-73.0;-157;-319.0;-181.0;-588.0;226.0
890.0;18.0;-218.0;886.0;-25.0;284.0;-113.0;-90.0;-157;-826.0;-273.0;-559.0;191.0
832.0;141.0;943.0;873.0;988.0;-909.0;-206.0;186.0;178;-142.0;-19.0;-53.0;4.0
846.0;151.0;932.0;897.0;952.0;-908.0;-220.0;196.0;171;-88.0;-24.0;-55.0;3.0
835.0;166.0;951.0;898.0;952.0;-935.0;-238.0;212.0;129;-158.0;-2.0;-36.0;4.0
842.0;178.0;950.0;922.0;998.0;-933.0;-186.0;154.0;108;-149.0;12.0;-50.0;-14.0
821.0;168.0;967.0;921.0;1000.0;-921.0;-183.0;151.0;108;-156.0;16.0;-52.0;-16.0
1009.0;126.0;973.0;1001.0;952.0;-906.0;-47.0;216.0;109;-259.0;414.0;202.0;-110.0
960.0;-187.0;-400.0;932.0;-584.0;-96.0;19.0;-143.0;-165;-986.0;170.0;-304.0;-105.0
767.0;-160.0;-164.0;921.0;436.0;334.0;-75.0;-100.0;-166;-804.0;-245.0;-641.0;93.0
1537.0;-330.0;705.0;1259.0;527.0;-405.0;467.0;-539.0;54;-1655.0;496.0;434.0;-464.0
1135.0;79.0;717.0;996.0;678.0;-501.0;366.0;-439.0;99;-790.0;498.0;427.0;-353.0
1033.0;-5.0;744.0;1011.0;601.0;-278.0;398.0;-439.0;97;-893.0;537.0;533.0;-385.0
606.0;57.0;-59.0;923.0;-61.0;128.0;-694.0;641.0;-101;-155.0;-90.0;196.0;-159.0
1007.0;115.0;960.0;1002.0;987.0;-907.0;-49.0;216.0;109;-270.0;415.0;198.0;-109.0
1010.0;103.0;961.0;986.0;1001.0;-900.0;-47.0;216.0;109;-283.0;415.0;200.0;-108.0
754.0;128.0;956.0;1023.0;955.0;-906.0;-202.0;92.0;100;-101.0;96.0;-103.0;-99.0
986.0;-4.0;456.0;926.0;284.0;-408.0;329.0;-354.0;109;-770.0;486.0;526.0;-340.0
941.0;74.0;687.0;896.0;616.0;-410.0;324.0;-343.0;104;-850.0;501.0;484.0;-347.0
1059.0;121.0;968.0;1014.0;955.0;-924.0;-35.0;264.0;116;-274.0;428.0;187.0;-90.0
1024.0;99.0;976.0;1017.0;975.0;-911.0;-49.0;228.0;108;-329.0;425.0;216.0;-110.0
1016.0;-68.0;1012.0;987.0;967.0;-960.0;311.0;-432.0;83;-340.0;602.0;599.0;-432.0
1032.0;54.0;339.0;952.0;182.0;-30.0;261.0;-400.0;118;-707.0;459.0;471.0;-298.0
1147.0;109.0;131.0;1041.0;-67.0;202.0;573.0;-601.0;25;-943.0;332.0;793.0;-224.0
825.0;161.0;961.0;902.0;990.0;-931.0;-214.0;182.0;113;-133.0;11.0;-23.0;-11.0
836.0;183.0;971.0;910.0;997.0;-948.0;-219.0;187.0;114;-171.0;12.0;-21.0;-9.0
770.0;-108.0;-407.0;810.0;-265.0;123.0;127.0;79.0;-169;-656.0;191.0;-221.0;227.0
996.0;110.0;982.0;1006.0;996.0;-888.0;-50.0;224.0;103;-326.0;424.0;214.0;-103.0
862.0;193.0;973.0;889.0;979.0;-937.0;-238.0;213.0;129;-193.0;-1.0;-35.0;4.0
947.0;436.0;1150.0;1278.0;1062.0;-972.0;-430.0;476.0;149;-485.0;33.0;113.0;-154.0
727.0;-342.0;441.0;1046.0;142.0;-501.0;685.0;-630.0;36;-723.0;-64.0;-7.0;-175.0
1143.0;3.0;997.0;987.0;866.0;-1013.0;-154.0;-81.0;131;-801.0;-35.0;-314.0;238.0
957.0;-151.0;934.0;890.0;715.0;-925.0;-791.0;-5.0;-114;-348.0;-771.0;-722.0;728.0
856.0;-177.0;-522.0;997.0;-367.0;46.0;-89.0;-96.0;-166;-613.0;-80.0;-558.0;137.0
562.0;-204.0;-644.0;932.0;-812.0;797.0;90.0;52.0;-152;-360.0;318.0;-266.0;186.0
955.0;-242.0;924.0;970.0;969.0;-795.0;-91.0;249.0;139;-324.0;430.0;309.0;-170.0
838.0;189.0;962.0;884.0;992.0;-926.0;-241.0;213.0;142;-63.0;-14.0;-53.0;7.0
867.0;119.0;991.0;887.0;797.0;-876.0;129.0;-248.0;118;-383.0;145.0;-516.0;-234.0
912.0;-217.0;1046.0;1017.0;807.0;-958.0;228.0;-289.0;114;-640.0;331.0;-466.0;-405.0
811.0;-171.0;-682.0;680.0;-879.0;810.0;-119.0;-74.0;-166;-85.0;-102.0;-529.0;178.0
830.0;-202.0;-200.0;601.0;-324.0;377.0;121.0;67.0;-168;-878.0;157.0;-253.0;245.0
800.0;-181.0;-182.0;671.0;-268.0;395.0;115.0;58.0;-168;-707.0;169.0;-302.0;224.0
1005.0;111.0;973.0;997.0;972.0;-920.0;-40.0;219.0;108;-271.0;417.0;206.0;-97.0
522.0;-215.0;-213.0;873.0;-244.0;319.0;-15.0;65.0;-167;107.0;462.0;-21.0;-59.0
1089.0;-131.0;1031.0;1002.0;1044.0;-897.0;-106.0;312.0;120;-249.0;488.0;385.0;-229.0
1129.0;12.0;463.0;927.0;404.0;-628.0;378.0;-470.0;97;-600.0;461.0;407.0;-325.0
835.0;-148.0;-311.0;770.0;59.0;562.0;-53.0;-120.0;-166;-966.0;-51.0;-561.0;89.0
835.0;164.0;965.0;903.0;981.0;-917.0;-197.0;187.0;179;-106.0;-36.0;-66.0;19.0
970.0;-185.0;-191.0;894.0;-109.0;495.0;-138.0;-100.0;-166;-780.0;-144.0;-616.0;196.0
694.0;-198.0;-120.0;979.0;-321.0;247.0;-211.0;25.0;-158;-912.0;-151.0;-387.0;370.0
1008.0;101.0;971.0;996.0;981.0;-903.0;-53.0;212.0;109;-290.0;419.0;212.0;-113.0
1050.0;42.0;-196.0;941.0;-278.0;346.0;-104.0;-99.0;-157;-751.0;-77.0;-615.0;172.0
887.0;-16.0;149.0;931.0;-596.0;13.0;-209.0;359.0;-43;-690.0;484.0;320.0;-279.0
1050.0;54.0;-141.0;993.0;-189.0;304.0;-120.0;-65.0;-122;-796.0;-124.0;-622.0;229.0
1039.0;39.0;-122.0;963.0;-384.0;297.0;-141.0;-61.0;-157;-767.0;-59.0;-676.0;270.0
1065.0;31.0;-114.0;953.0;-530.0;286.0;-152.0;-68.0;-157;-677.0;-65.0;-609.0;265.0
1036.0;22.0;464.0;1031.0;802.0;-137.0;361.0;-455.0;97;-645.0;441.0;326.0;-282.0
874.0;267.0;557.0;986.0;608.0;-703.0;-410.0;459.0;60;-562.0;270.0;424.0;-291.0
989.0;-64.0;838.0;1021.0;457.0;-277.0;398.0;-434.0;97;-420.0;536.0;537.0;-385.0
1015.0;-190.0;-410.0;893.0;-19.0;664.0;-136.0;-145.0;-164;154.0;-248.0;-598.0;148.0
518.0;-222.0;-185.0;980.0;102.0;458.0;-105.0;-77.0;-167;5.0;-110.0;-652.0;178.0
1010.0;114.0;964.0;1003.0;970.0;-895.0;-55.0;213.0;109;-269.0;422.0;217.0;-119.0
764.0;-166.0;-156.0;968.0;416.0;424.0;-136.0;-86.0;-166;-659.0;-198.0;-563.0;208.0
1013.0;125.0;480.0;1157.0;196.0;-208.0;-156.0;313.0;137;-1184.0;381.0;373.0;-182.0
1210.0;227.0;763.0;1100.0;817.0;-492.0;-432.0;572.0;100;-230.0;52.0;149.0;-62.0
1013.0;452.0;1280.0;1147.0;1334.0;-1113.0;118.0;53.0;118;-389.0;138.0;-58.0;143.0
892.0;-193.0;-203.0;893.0;207.0;472.0;-224.0;-26.0;-166;-831.0;-56.0;-493.0;378.0
667.0;45.0;-343.0;980.0;-348.0;708.0;-136.0;-36.0;-157;-905.0;-70.0;-691.0;293.0
1014.0;132.0;970.0;1005.0;979.0;-905.0;-47.0;216.0;109;-269.0;417.0;210.0;-110.0
1008.0;108.0;961.0;993.0;999.0;-902.0;-37.0;215.0;108;-265.0;409.0;189.0;-95.0
977.0;-204.0;-2.0;959.0;-501.0;221.0;-142.0;-98.0;-166;-777.0;110.0;-583.0;228.0
990.0;-141.0;628.0;1000.0;807.0;101.0;-253.0;71.0;-158;0.0;-212.0;-351.0;447.0
1007.0;126.0;960.0;993.0;995.0;-902.0;-45.0;213.0;109;-308.0;417.0;208.0;-104.0
993.0;48.0;797.0;953.0;793.0;-711.0;-708.0;647.0;-127;-660.0;-84.0;91.0;-128.0
776.0;-52.0;-500.0;684.0;-908.0;680.0;438.0;-581.0;86;-296.0;-142.0;-28.0;-463.0
1225.0;122.0;1205.0;1019.0;1269.0;-847.0;740.0;-601.0;48;-437.0;-336.0;-335.0;441.0
1267.0;25.0;905.0;1218.0;1115.0;-1012.0;-36.0;205.0;-53;31.0;444.0;192.0;-55.0
1019.0;123.0;981.0;984.0;961.0;-904.0;-48.0;215.0;109;-275.0;416.0;206.0;-110.0
1121.0;-156.0;-318.0;880.0;-485.0;471.0;-196.0;-109.0;-166;-944.0;-201.0;-263.0;229.0
913.0;-179.0;-179.0;868.0;0.0;410.0;-159.0;-90.0;-166;-1089.0;5.0;-578.0;250.0
697.0;-209.0;-253.0;804.0;-118.0;475.0;12.0;115.0;-167;-974.0;291.0;-478.0;7.0
611.0;23.0;253.0;984.0;-201.0;58.0;-92.0;-45.0;-157;-1198.0;-43.0;-735.0;159.0
788.0;-258.0;-269.0;770.0;-244.0;142.0;-91.0;-41.0;-166;-920.0;466.0;-158.0;149.0
710.0;20.0;194.0;982.0;-280.0;128.0;-64.0;-79.0;-157;-1023.0;-51.0;-711.0;89.0
538.0;-204.0;561.0;561.0;458.0;-1123.0;219.0;-30.0;-70;-463.0;130.0;193.0;86.0
1111.0;129.0;702.0;714.0;1190.0;-572.0;247.0;20.0;121;-246.0;-86.0;-124.0;345.0
1129.0;-374.0;960.0;1049.0;978.0;-823.0;-65.0;208.0;78;-158.0;446.0;264.0;-153.0
882.0;145.0;-142.0;930.0;8.0;339.0;-159.0;300.0;-47;-170.0;51.0;-20.0;34.0
950.0;-232.0;-242.0;950.0;-229.0;-180.0;-13.0;133.0;-167;-241.0;364.0;-407.0;-63.0
580.0;-248.0;236.0;939.0;-24.0;71.0;-62.0;107.0;-158;-1262.0;352.0;-383.0;-150.0
913.0;309.0;802.0;975.0;651.0;-635.0;326.0;-414.0;39;-598.0;316.0;452.0;-318.0
815.0;108.0;657.0;786.0;631.0;-752.0;664.0;-549.0;-26;-135.0;-507.0;-626.0;689.0
989.0;107.0;923.0;930.0;894.0;-792.0;-203.0;345.0;-75;-196.0;636.0;526.0;-385.0
1004.0;134.0;967.0;983.0;1003.0;-902.0;-44.0;215.0;108;-303.0;412.0;198.0;-100.0
981.0;-173.0;-257.0;879.0;-18.0;321.0;-147.0;-106.0;-166;-935.0;197.0;-483.0;218.0
921.0;-156.0;-256.0;877.0;49.0;435.0;-221.0;-27.0;-166;-905.0;-53.0;-494.0;372.0
968.0;141.0;944.0;1035.0;970.0;-975.0;-10.0;228.0;117;-147.0;393.0;135.0;-28.0
1278.0;418.0;611.0;1223.0;363.0;-434.0;112.0;-241.0;173;-941.0;304.0;339.0;-140.0
829.0;-80.0;915.0;1154.0;53.0;-823.0;40.0;-101.0;144;-45.0;10.0;-412.0;-76.0
1008.0;131.0;957.0;544.0;944.0;-877.0;-198.0;347.0;119;-337.0;484.0;-68.0;-322.0
1043.0;49.0;-208.0;952.0;-280.0;358.0;-114.0;-90.0;-157;-729.0;-75.0;-589.0;208.0
961.0;109.0;414.0;607.0;-11.0;-298.0;573.0;-268.0;-51;-906.0;-530.0;-729.0;679.0
918.0;-111.0;63.0;818.0;526.0;653.0;-183.0;-73.0;-166;-786.0;-131.0;-514.0;280.0
707.0;-261.0;215.0;957.0;602.0;759.0;-117.0;-90.0;-166;-389.0;135.0;-502.0;181.0
763.0;-219.0;-306.0;897.0;247.0;283.0;-206.0;-15.0;-166;-844.0;-167.0;-493.0;356.0
997.0;117.0;973.0;986.0;977.0;-898.0;-49.0;219.0;109;-255.0;417.0;205.0;-106.0
905.0;259.0;971.0;1085.0;883.0;-904.0;-730.0;635.0;67;-517.0;-208.0;-251.0;-105.0
604.0;-333.0;141.0;945.0;77.0;-52.0;-28.0;93.0;-160;-1299.0;344.0;-413.0;-99.0
1017.0;-463.0;859.0;965.0;840.0;-839.0;-104.0;277.0;125;-705.0;409.0;231.0;-175.0
1079.0;-110.0;994.0;1018.0;980.0;-890.0;-56.0;240.0;83;-324.0;444.0;197.0;-129.0
816.0;-182.0;-180.0;979.0;-268.0;221.0;-155.0;-43.0;-167;-933.0;-391.0;-589.0;265.0
1022.0;102.0;999.0;1025.0;951.0;-926.0;-19.0;245.0;120;-276.0;402.0;148.0;-69.0
575.0;-257.0;690.0;612.0;547.0;-12.0;327.0;6.0;-140;-945.0;-117.0;-537.0;443.0
1012.0;-191.0;-186.0;928.0;-311.0;347.0;100.0;126.0;-160;-713.0;290.0;-125.0;139.0
1023.0;110.0;985.0;1005.0;964.0;-927.0;-19.0;244.0;120;-270.0;402.0;149.0;-71.0
910.0;-198.0;-300.0;846.0;223.0;527.0;-160.0;-76.0;-166;-1305.0;-99.0;-401.0;278.0
1040.0;-191.0;962.0;993.0;997.0;-887.0;-58.0;207.0;83;-310.0;429.0;197.0;-121.0
1040.0;122.0;883.0;935.0;838.0;-799.0;837.0;-502.0;-94;-628.0;92.0;445.0;4.0
994.0;-253.0;961.0;916.0;924.0;-945.0;-58.0;201.0;78;-363.0;420.0;239.0;-134.0
1013.0;116.0;970.0;1004.0;975.0;-905.0;-48.0;216.0;109;-284.0;416.0;207.0;-112.0
1056.0;-169.0;964.0;997.0;985.0;-894.0;-56.0;211.0;83;-308.0;432.0;203.0;-120.0
989.0;100.0;970.0;977.0;982.0;-907.0;-50.0;219.0;109;-283.0;422.0;212.0;-115.0
1011.0;-180.0;-269.0;627.0;-334.0;411.0;-240.0;15.0;-167;-966.0;-192.0;-587.0;408.0
1014.0;117.0;968.0;989.0;969.0;-902.0;-52.0;220.0;109;-275.0;421.0;211.0;-116.0
827.0;-202.0;-528.0;986.0;-474.0;139.0;91.0;86.0;-165;-892.0;327.0;-212.0;171.0
1123.0;-212.0;1041.0;987.0;909.0;-844.0;-63.0;204.0;78;-305.0;435.0;248.0;-145.0
840.0;-164.0;-500.0;816.0;-140.0;461.0;-49.0;-120.0;-166;-917.0;-97.0;-526.0;69.0
811.0;-189.0;-284.0;768.0;25.0;459.0;-51.0;-119.0;-166;-1108.0;-83.0;-541.0;81.0
842.0;-296.0;-116.0;948.0;-144.0;446.0;15.0;-125.0;-164;-876.0;-38.0;-452.0;-22.0
964.0;-366.0;511.0;555.0;-503.0;-21.0;290.0;-36.0;-157;-709.0;113.0;-473.0;459.0
950.0;-217.0;734.0;959.0;12.0;-591.0;-839.0;513.0;-57;-145.0;-411.0;150.0;271.0
782.0;-210.0;-199.0;957.0;-310.0;154.0;33.0;57.0;-167;-971.0;415.0;-502.0;34.0
691.0;-200.0;321.0;980.0;-218.0;0.0;-35.0;-75.0;-166;-1149.0;-142.0;-707.0;47.0
919.0;-289.0;350.0;1110.0;542.0;-524.0;314.0;-209.0;145;-500.0;514.0;496.0;-383.0
850.0;-177.0;-197.0;883.0;382.0;459.0;-206.0;-24.0;-166;-788.0;-54.0;-503.0;352.0
1272.0;9.0;1225.0;1271.0;1355.0;-1297.0;-465.0;544.0;94;-391.0;326.0;302.0;-210.0
822.0;-407.0;735.0;958.0;780.0;-739.0;-367.0;422.0;128;-148.0;-34.0;-261.0;103.0
848.0;171.0;971.0;883.0;988.0;-915.0;-236.0;208.0;128;-110.0;2.0;-34.0;2.0
1307.0;58.0;1182.0;988.0;1107.0;-1035.0;-93.0;-146.0;146;-699.0;85.0;-203.0;208.0
1030.0;-177.0;-205.0;940.0;-377.0;338.0;92.0;130.0;-160;-668.0;293.0;-129.0;126.0
848.0;183.0;970.0;892.0;1008.0;-916.0;-236.0;209.0;128;-113.0;0.0;-37.0;-1.0
996.0;98.0;1296.0;1143.0;1294.0;-843.0;-95.0;250.0;-52;-220.0;497.0;219.0;-150.0
1057.0;119.0;589.0;956.0;952.0;-533.0;338.0;-313.0;139;-698.0;513.0;121.0;-383.0
846.0;140.0;967.0;873.0;977.0;-933.0;-239.0;209.0;130;-99.0;-6.0;-45.0;1.0
969.0;-173.0;-219.0;869.0;-173.0;388.0;-149.0;-105.0;-166;-1062.0;39.0;-550.0;219.0
756.0;170.0;945.0;1019.0;978.0;-945.0;-215.0;91.0;100;-57.0;108.0;-107.0;-112.0
1095.0;-6.0;551.0;1077.0;608.0;-484.0;298.0;-395.0;145;-854.0;405.0;479.0;-273.0
798.0;-81.0;-763.0;541.0;-1128.0;891.0;435.0;-555.0;86;-191.0;-88.0;54.0;-487.0
663.0;-109.0;-439.0;480.0;-479.0;447.0;-93.0;-246.0;-166;-999.0;339.0;-107.0;-14.0
856.0;126.0;984.0;891.0;999.0;-929.0;-237.0;215.0;154;-118.0;-23.0;-61.0;14.0
730.0;-226.0;-245.0;814.0;-323.0;360.0;25.0;93.0;-167;-946.0;235.0;-451.0;42.0
623.0;-233.0;-23.0;916.0;-287.0;535.0;41.0;56.0;-151;-1009.0;335.0;-289.0;62.0
880.0;-165.0;500.0;916.0;716.0;-695.0;669.0;-671.0;82;-333.0;88.0;268.0;-250.0
947.0;-179.0;-296.0;871.0;-175.0;378.0;-150.0;-107.0;-166;-859.0;42.0;-552.0;221.0
475.0;-154.0;0.0;813.0;-94.0;424.0;84.0;44.0;-167;-304.0;302.0;-221.0;176.0
934.0;20.0;-161.0;951.0;-386.0;419.0;-138.0;-63.0;-157;-914.0;-217.0;-693.0;254.0
595.0;20.0;-625.0;929.0;-924.0;775.0;-110.0;-50.0;-157;-118.0;-80.0;-669.0;217.0
1263.0;95.0;329.0;1366.0;327.0;-85.0;-406.0;229.0;-173;-995.0;-284.0;-257.0;537.0
522.0;-78.0;-707.0;407.0;-830.0;770.0;386.0;-572.0;86;146.0;552.0;273.0;-550.0
824.0;198.0;961.0;904.0;964.0;-927.0;-224.0;200.0;169;-103.0;-29.0;-61.0;8.0
1194.0;380.0;1103.0;1187.0;933.0;-902.0;77.0;52.0;178;-708.0;126.0;-40.0;75.0
1066.0;-140.0;-201.0;967.0;-267.0;373.0;-114.0;-94.0;-161;-657.0;-97.0;-593.0;191.0
651.0;-203.0;-409.0;929.0;-526.0;707.0;110.0;28.0;-160;-886.0;331.0;-265.0;230.0
1145.0;-74.0;1055.0;1010.0;1117.0;-870.0;-507.0;599.0;25;-509.0;187.0;380.0;-218.0
803.0;101.0;1001.0;748.0;773.0;-1001.0;86.0;180.0;135;83.0;88.0;-63.0;173.0
938.0;-274.0;-173.0;945.0;-118.0;-165.0;-14.0;90.0;-152;17.0;352.0;-359.0;-82.0
787.0;182.0;986.0;962.0;983.0;-947.0;-254.0;126.0;100;-99.0;83.0;-44.0;-80.0
1001.0;-184.0;-350.0;861.0;-576.0;304.0;137.0;84.0;-153;-597.0;275.0;-175.0;233.0
884.0;20.0;-196.0;884.0;-95.0;344.0;-122.0;-90.0;-157;-935.0;-255.0;-637.0;211.0
768.0;179.0;979.0;993.0;980.0;-933.0;-229.0;93.0;100;-59.0;107.0;-110.0;-117.0
844.0;15.0;-368.0;798.0;-640.0;449.0;-125.0;-79.0;-157;-704.0;-237.0;-570.0;218.0
776.0;-311.0;13.0;815.0;-440.0;-36.0;-61.0;167.0;-167;-794.0;465.0;-128.0;-168.0
995.0;-190.0;-207.0;928.0;-176.0;280.0;99.0;89.0;-167;-1043.0;324.0;-201.0;178.0
574.0;-201.0;-555.0;914.0;-611.0;656.0;56.0;56.0;-152;-638.0;368.0;-286.0;134.0
1143.0;183.0;461.0;1208.0;207.0;-282.0;-163.0;324.0;137;-1127.0;383.0;370.0;-186.0
940.0;-162.0;-283.0;919.0;175.0;316.0;-63.0;-91.0;-166;-1115.0;-225.0;-660.0;76.0
1031.0;82.0;970.0;1007.0;939.0;-897.0;-54.0;243.0;122;-367.0;458.0;333.0;-146.0
617.0;-242.0;102.0;927.0;-43.0;438.0;28.0;53.0;-156;-1073.0;348.0;-326.0;36.0
1049.0;-11.0;955.0;1083.0;923.0;-930.0;-87.0;271.0;71;-234.0;482.0;317.0;-156.0
1005.0;121.0;978.0;1004.0;931.0;-896.0;-55.0;248.0;122;-312.0;452.0;312.0;-146.0
903.0;15.0;1113.0;922.0;649.0;-1101.0;136.0;-245.0;125;-416.0;171.0;-477.0;-242.0
901.0;-90.0;1200.0;829.0;1524.0;-403.0;106.0;164.0;174;298.0;-25.0;-517.0;229.0
830.0;168.0;988.0;910.0;995.0;-924.0;-237.0;204.0;125;-130.0;16.0;-25.0;-12.0
935.0;-179.0;-301.0;847.0;-198.0;427.0;-176.0;-81.0;-166;-919.0;-24.0;-560.0;279.0
459.0;-172.0;168.0;957.0;191.0;486.0;-196.0;2.0;-166;-734.0;183.0;-539.0;357.0
571.0;408.0;34.0;918.0;329.0;52.0;561.0;-530.0;32;-382.0;465.0;521.0;-564.0
1017.0;121.0;977.0;997.0;1006.0;-901.0;-39.0;217.0;109;-262.0;416.0;198.0;-96.0
867.0;-204.0;80.0;910.0;-176.0;434.0;89.0;59.0;-156;-121.0;311.0;-283.0;169.0
905.0;-150.0;-138.0;843.0;45.0;373.0;-148.0;-110.0;-166;-1073.0;106.0;-551.0;219.0
891.0;-237.0;1183.0;977.0;1333.0;-603.0;-55.0;213.0;139;-306.0;359.0;215.0;-106.0
1110.0;-172.0;821.0;873.0;-246.0;-507.0;-31.0;281.0;140;-1079.0;249.0;158.0;-39.0
1177.0;238.0;1129.0;1088.0;1167.0;-858.0;361.0;-124.0;58;-209.0;-268.0;-514.0;354.0
743.0;-34.0;227.0;949.0;139.0;-136.0;588.0;-564.0;32;-384.0;380.0;480.0;-534.0
760.0;-212.0;-208.0;983.0;-897.0;352.0;1.0;87.0;-167;-275.0;319.0;-726.0;-14.0
949.0;149.0;1101.0;1177.0;1003.0;-1280.0;-219.0;332.0;-75;-455.0;646.0;553.0;-435.0
897.0;-43.0;-86.0;922.0;-644.0;185.0;-204.0;312.0;-47;-361.0;81.0;39.0;-2.0
840.0;-1.0;512.0;1036.0;382.0;-653.0;243.0;-217.0;145;-356.0;515.0;602.0;-293.0
786.0;90.0;991.0;1003.0;918.0;-1005.0;-266.0;139.0;100;-127.0;82.0;-52.0;-69.0
580.0;-213.0;-499.0;965.0;-514.0;310.0;-3.0;86.0;-152;-691.0;346.0;-324.0;4.0
1131.0;315.0;938.0;1026.0;1053.0;-762.0;728.0;-587.0;19;-235.0;-358.0;-343.0;435.0
847.0;180.0;965.0;917.0;1002.0;-939.0;-229.0;195.0;121;-120.0;16.0;-21.0;-11.0
899.0;-176.0;-264.0;860.0;23.0;430.0;-151.0;-80.0;-166;-536.0;-257.0;-449.0;229.0
880.0;-198.0;-208.0;939.0;-712.0;411.0;-788.0;605.0;86;-778.0;-474.0;-313.0;294.0
1033.0;111.0;982.0;1016.0;971.0;-937.0;-125.0;332.0;103;-323.0;475.0;285.0;-230.0
533.0;-206.0;72.0;978.0;376.0;669.0;93.0;36.0;-161;-603.0;350.0;-252.0;225.0
799.0;95.0;790.0;845.0;790.0;-1040.0;488.0;-296.0;-22;-249.0;-376.0;-485.0;525.0
568.0;52.0;472.0;930.0;904.0;24.0;-66.0;-88.0;-157;-1501.0;-49.0;-725.0;94.0
939.0;-160.0;-152.0;873.0;147.0;633.0;-188.0;-60.0;-166;-841.0;-60.0;-544.0;306.0
1293.0;-170.0;95.0;954.0;-263.0;410.0;75.0;48.0;-160;-696.0;329.0;-296.0;176.0
948.0;-234.0;987.0;968.0;1009.0;-860.0;-69.0;218.0;139;-236.0;393.0;211.0;-135.0
955.0;-133.0;-174.0;784.0;623.0;381.0;-183.0;-66.0;-166;-751.0;-136.0;-522.0;291.0
836.0;-883.0;930.0;900.0;901.0;-1214.0;719.0;-570.0;-1;-252.0;-339.0;-226.0;325.0
543.0;-414.0;63.0;978.0;679.0;356.0;5.0;-186.0;-165;-481.0;274.0;-325.0;-67.0
826.0;-464.0;984.0;940.0;870.0;-774.0;-313.0;63.0;-90;-871.0;-109.0;-246.0;419.0
909.0;-244.0;-151.0;977.0;-81.0;368.0;13.0;-126.0;-164;-1136.0;83.0;-489.0;-49.0
1026.0;-190.0;-216.0;943.0;-379.0;357.0;113.0;117.0;-160;-683.0;295.0;-127.0;158.0
808.0;-161.0;-356.0;846.0;488.0;459.0;-204.0;-29.0;-166;-755.0;-103.0;-491.0;341.0
836.0;143.0;963.0;889.0;989.0;-946.0;-239.0;213.0;144;-67.0;-16.0;-53.0;7.0
884.0;-198.0;-324.0;532.0;-394.0;526.0;189.0;45.0;-168;-940.0;-37.0;-471.0;366.0
868.0;-84.0;467.0;1028.0;666.0;-297.0;-807.0;552.0;-57;-431.0;-453.0;149.0;351.0
1039.0;131.0;975.0;993.0;945.0;-911.0;-224.0;352.0;119;-297.0;519.0;456.0;-338.0
1016.0;121.0;958.0;979.0;935.0;-904.0;-89.0;270.0;122;-290.0;473.0;361.0;-193.0
1020.0;18.0;659.0;932.0;986.0;-490.0;-132.0;346.0;142;-1623.0;415.0;397.0;-216.0
777.0;-229.0;-172.0;813.0;-665.0;334.0;26.0;90.0;-167;-630.0;232.0;-479.0;35.0
1083.0;391.0;507.0;1284.0;573.0;-245.0;-382.0;220.0;-172;-1072.0;-226.0;-248.0;505.0
624.0;20.0;-707.0;435.0;-887.0;818.0;-102.0;-97.0;-157;229.0;-91.0;-418.0;140.0
737.0;-230.0;107.0;1033.0;310.0;337.0;28.0;-152.0;-166;-1212.0;268.0;-438.0;-116.0
839.0;205.0;218.0;929.0;668.0;-337.0;445.0;-580.0;42;-448.0;155.0;333.0;-259.0
885.0;-151.0;-182.0;837.0;373.0;451.0;-218.0;-3.0;-166;-820.0;-62.0;-520.0;378.0
798.0;-242.0;-172.0;935.0;62.0;335.0;-144.0;-61.0;-167;-1304.0;-370.0;-627.0;242.0
626.0;-173.0;-573.0;978.0;-758.0;718.0;-94.0;-62.0;-166;-373.0;-87.0;-654.0;143.0
1014.0;-328.0;1061.0;1187.0;1151.0;-988.0;11.0;-111.0;110;-399.0;358.0;115.0;-11.0
820.0;-193.0;-364.0;883.0;323.0;568.0;-206.0;-24.0;-166;-932.0;-110.0;-493.0;348.0
1001.0;-57.0;-72.0;921.0;-220.0;296.0;-753.0;609.0;70;-1006.0;-371.0;284.0;378.0
1267.0;77.0;1118.0;1010.0;1213.0;-913.0;-60.0;235.0;44;-282.0;-108.0;-107.0;110.0
887.0;240.0;705.0;1263.0;611.0;-705.0;408.0;-103.0;-136;-635.0;-425.0;-298.0;597.0
950.0;-177.0;-257.0;968.0;-34.0;449.0;-148.0;-106.0;-166;-1008.0;113.0;-369.0;220.0
952.0;-210.0;1110.0;814.0;1263.0;-1043.0;154.0;53.0;177;-117.0;-174.0;-694.0;309.0
881.0;-132.0;-136.0;916.0;185.0;447.0;397.0;-434.0;83;-217.0;635.0;606.0;-596.0
1016.0;132.0;971.0;977.0;989.0;-901.0;-70.0;256.0;114;-294.0;458.0;354.0;-159.0
987.0;135.0;990.0;994.0;963.0;-878.0;-75.0;250.0;122;-278.0;478.0;369.0;-175.0
667.0;-594.0;117.0;776.0;321.0;-809.0;-273.0;371.0;114;-953.0;-6.0;82.0;30.0
1100.0;-112.0;876.0;768.0;756.0;-812.0;849.0;-435.0;-49;-547.0;-475.0;-117.0;476.0
1001.0;144.0;964.0;982.0;1000.0;-887.0;-83.0;272.0;122;-397.0;492.0;387.0;-198.0
885.0;-22.0;769.0;790.0;651.0;-847.0;-572.0;671.0;48;-492.0;4.0;251.0;-170.0
810.0;-212.0;-479.0;880.0;243.0;57.0;-202.0;-31.0;-166;-798.0;-100.0;-501.0;337.0
896.0;5.0;447.0;1279.0;592.0;-1000.0;-450.0;524.0;79;-374.0;359.0;548.0;-480.0
940.0;-203.0;-371.0;583.0;-327.0;546.0;-138.0;-60.0;-166;-884.0;143.0;-376.0;199.0
1012.0;91.0;972.0;1004.0;962.0;-898.0;-61.0;261.0;122;-334.0;469.0;331.0;-162.0
1012.0;111.0;971.0;994.0;934.0;-907.0;-59.0;246.0;122;-378.0;461.0;342.0;-149.0
990.0;104.0;961.0;995.0;922.0;-923.0;-85.0;268.0;122;-381.0;471.0;372.0;-186.0
817.0;90.0;1006.0;727.0;968.0;-1002.0;168.0;101.0;123;39.0;-2.0;-177.0;264.0
