aimp;bed1;bed2;ced1;adfl;bso2;adbr;bfo1;cfo1;bfo2;bso3;cso1
0.0;0.3017476817759243;0.0003194468400939;306.0713311293273;0.0;-0.5000460382413687;0.0;0.5765387692096338;38.42066119432214;42.461997920740274;0.3929314680882405;80.47787900396334
0.0;0.3381891560132765;0.0001663413931339;319.1782094625336;1.0;0.8305905663225858;0.0;25.03992727417228;12.529402301564758;54.75561938524583;0.4713009549800909;90.87546305687565
0.0;0.1758782299552021;2.126827262317015e-06;296.07378011516306;1.0;1.084913218451162;1.0;10.80070243897296;20.2823639572772;45.85518543239072;0.3307642666037791;72.52964554082291
0.0;0.1655858622146071;1.5634134732894072e-06;291.7955062725227;1.0;1.2051761035069908;1.0;10.868698481953734;20.110780289149886;46.29488098007904;0.3349904809491599;73.024194825965
0.0;0.1639300035924611;1.4852427996249368e-06;291.0840497572976;1.0;1.2166461992493771;1.0;10.87806702739126;20.085683462422573;46.36753859109368;0.3356922507350127;73.10546967327737
0.0;0.4052529408569899;0.0004187698816588;330.08819821456825;1.0;1.4890183246675666;1.0;29.310298140747584;11.790976039441352;54.56938238056068;0.4646846570405324;89.5771408979767
0.0;0.4176577950270894;0.000488432578112;331.8414451032873;1.0;1.5437226787790503;1.0;29.448009147382187;11.755113827654208;54.41886056179981;0.4629914279579847;89.42801856899827
0.0;1.5581529959817113;0.404587378625606;358.669685726163;1.0;0.8739860378468118;1.0;25.23670608235006;20.508748323118184;52.66471095919621;0.4408265704367212;87.17194736038726
0.0;1.6717207645157497;0.5793581137492206;354.13617004279854;1.0;1.1485836310076385;1.0;24.167047073055137;21.3599709931134;52.278620484792405;0.436679211077853;86.60923672206619
0.0;1.6886068328441917;0.6098506460518112;353.3299742760685;1.0;1.1918179602062664;1.0;23.99112329558688;21.477219125293107;52.22292314434627;0.4360843368072811;86.54055944287269
0.0;1.757874085739948;0.7487366070571112;349.5251149690428;1.0;1.3583249383941116;1.0;23.30489060502296;21.92847665948709;51.99876662104573;0.4336991632224265;86.30780626550045
0.0;1.775630389636311;0.7881437969022224;348.3926722864059;1.0;1.3960423386080074;1.0;23.13629435600717;22.03680801809053;51.94238402846413;0.4331015253163565;86.26179424473342
0.0;1.8299827059868257;0.9192521322667704;344.3974329364353;1.0;1.4923736962994587;1.0;22.590234632405583;22.349640882577727;51.77240656465882;0.4313057687078137;86.15840523165939
0.0;1.848467379784673;0.9676338234387056;342.819117024002;1.0;1.5173834953720142;1.0;22.39143245441251;22.449004143663245;51.7154697214898;0.4307063619493935;86.13659516525938
0.0;0.9516916055844856;0.1661975095106231;335.0298616555371;1.0;1.536552702110052;1.0;20.674592940747207;23.11425182749826;51.254927527334445;0.4259078713823687;86.23230159475975
0.0;0.971014800106607;0.1841523651087236;335.1175094303305;1.0;1.4825559690757588;1.0;20.24034060377191;23.239802395348622;51.13837731182;0.4247134480162882;86.33971770290223
0.0;1.0210567399824135;0.2379903098979142;335.14723577584954;1.0;1.243217214569614;1.0;19.15779468299385;23.470990336943007;50.84449574790077;0.4217701541129867;86.76500421648967
0.0;1.0313704444266802;0.250516115682015;335.118053571172;1.0;1.1793459914366609;1.0;18.923600463353264;23.501527619261303;50.785287028045225;0.4211953634867115;86.87681920061813
0.0;1.0736776269002828;0.307568070450061;334.8690056260553;1.0;0.8849667747682566;1.0;17.921840573663083;23.560272908867173;50.54699902776339;0.4189930096656581;87.4088170572954
0.0;1.199186588748205;0.5407314004101295;332.68685949863027;1.0;0.0683146216718162;1.0;14.629812302078046;23.022412108897083;49.87956149193791;0.4159786995729942;89.41612189224757
0.0;1.2235349339334811;0.5991483661054066;331.9266226049934;0.0;-0.0246793975567843;1.0;13.929751345152823;22.78202165108597;49.85639087919059;0.4167566721647543;89.82814482415979
0.0;1.235893872660082;0.6306824906372701;331.482453491253;0.0;-0.0712790353818911;1.0;13.572611544505024;22.64140464953796;49.89488468007706;0.4171968897058434;90.035000518876
0.0;1.32597341531402;0.9031201600789236;326.5530860987228;0.0;-0.4042300292513061;0.0;12.153118596130817;21.241523418982595;50.36746459258303;0.4202910351323792;91.44476414458536
0.0;1.3393670861757778;0.9506528000830774;325.46690509374514;0.0;-0.4467920928562153;0.0;12.398627855586676;21.00540098830635;50.50732561078068;0.4207348138158238;91.63347386397491
0.0;0.3636982483154159;0.0008014672485048;324.0808495545588;0.0;-0.5837316170572538;0.0;13.431273114751598;20.06026576740521;51.070189736200376;0.4225140071640357;92.33635913196656
0.0;0.3673719679953696;0.0008436497352682;324.69122498067054;0.0;-0.6071601952959623;0.0;13.702602803879822;19.82466897471056;51.21176496166489;0.4229597497244743;92.49678708969424
0.0;0.3786172798234045;0.0009839915267744;326.51109080270663;0.0;-0.6444905440325449;0.0;14.549924354489043;19.122580059705776;51.63856615660587;0.4242988568593148;92.93413251791092
0.0;0.4062132345909146;0.0014090490831271;330.68610375434474;0.0;-0.5036609539450098;0.0;16.736396515767996;17.540630174315805;52.64665169683764;0.4274272659675669;93.68002047662844
0.0;0.4103163985766814;0.0014832095611865;331.27371165191204;0.0;-0.4559720403015219;0.0;17.074494115303946;17.324531683854552;52.792072577340896;0.4278730934762729;93.75707131056782
0.0;0.4186474834982975;0.0016434454971595;332.4418366640954;0.0;-0.3410949967023626;0.0;17.771317360242765;16.90228604589324;53.08397944925142;0.4287619726766831;93.88821679734204
0.0;0.4228762459578763;0.001729942628589;333.0222559439902;0.0;-0.2745512986361172;0.0;18.13032174415699;16.696701833732117;53.230467175353205;0.4292043653226606;93.94221447286796
0.0;0.427147723189774;0.00182099224062;333.6001802335558;0.0;-0.2024930717883639;0.0;18.496578496472416;16.495204746718542;53.37731225488;0.4296448266708548;93.98848821345176
0.0;0.4582808749933258;0.0026076113230755;337.5714866556945;0.0;0.4049187830089509;0.0;21.27612926261853;15.226967715045433;54.41530727935701;0.432608253405901;94.10396154774196
0.0;0.4629099747407332;0.00274485402429;338.12758852855603;0.0;0.497198282807964;0.0;21.705935531578746;15.070499348843136;54.56504278139994;0.4329986120311747;94.09287590714938
0.0;2.020257899886776;1.191897461290917;354.0941411878675;0.0;-0.3139022435774721;1.0;28.3687775186304;13.812232632852975;47.00151180276135;0.3266257286677513;85.3494819373915
0.0;2.0612773185254314;1.3206620069705453;348.46478165924344;0.0;-0.1903839502130128;1.0;28.41643486821906;13.85879349175003;47.064412183402816;0.3272873462195828;85.34401376562175
1.0;2.103129597516;1.4633374038454796;341.3909475595685;0.0;-0.0486763106047497;1.0;28.4502613937176;13.907377326462706;47.12761865559755;0.327935760394862;85.32201654562108
0.0;1.1255275966901337;0.5133932452581491;336.94633826598465;0.0;0.106854044251923;1.0;28.471790810054195;13.957450457853438;47.19113271607038;0.3285635344925245;85.2840872205042
0.0;1.136896562313266;0.540413942376999;336.69558100737805;0.0;0.1881782844462613;1.0;28.47010837869033;13.982768202563136;47.22300556163786;0.3288663816007691;85.25944147507134
0.0;1.4543101888093175;0.396631276488287;292.9578723425581;1.0;1.5003223696677372;0.0;7.179875376035379;20.512444996468204;46.487606517514;0.3350554101900303;73.85841247124625
0.0;1.3555121320972368;0.2769824131690429;296.7977862627805;1.0;1.511072864328368;0.0;6.241883803244292;21.03587862664798;46.294859890816525;0.3326642649669575;74.12801982572397
0.0;1.2761877646417747;0.2036075257663067;299.3654205215635;1.0;1.346543244783633;0.0;5.536054306371764;21.52883620159539;46.13223175051935;0.330580336176331;74.34944483163356
0.0;1.119881592767216;0.1045203114482613;303.1332549691316;0.0;0.4539410919952826;0.0;4.2685834052502125;22.651685417617774;44.79997596641744;0.3260802662818398;74.56317450062167
0.0;1.108682776839544;0.0992942958758483;303.33351695899404;0.0;0.3556242049700646;0.0;4.18405978442669;22.73838876040079;44.67646238934109;0.3257362503213779;74.54987820068882
0.0;1.0438028263772094;0.0729904316836554;304.29238904057115;0.0;-0.195286412581131;0.0;3.7109280892773584;23.25344936868195;43.94166539783306;0.3236795065045246;74.34282594435102
0.0;0.9728924445135732;0.0509719407026795;304.91741975065963;0.0;-0.6058493859851605;0.0;3.226125835018491;23.83653947144705;43.09786467856115;0.3212961463951439;73.80757915367597
0.0;0.9631635200684376;0.0484233436675455;304.96594455551104;0.0;-0.6362844674441649;0.0;3.162244253243886;23.91779530674904;42.978491821743326;0.3209570946954291;73.70593723908911
0.0;0.9067993347716256;0.0355956072469601;305.0558546888892;0.0;-0.6676073984858154;0.0;2.8046589912422424;24.392741592924928;42.26832818400232;0.3189302705148508;72.9812001284262
0.0;0.8977313414239094;0.0338158268846121;305.0384571349876;0.0;-0.6497270821467989;0.0;2.749123010505785;24.469662412595447;42.15097326591832;0.3185937116575089;72.84368286621918
0.0;0.8537335731775174;0.0261660422291129;304.8198366023047;0.0;-0.4849012599588215;0.0;2.4875093068820604;24.84397250007024;41.568466914398776;0.3169162347452549;72.10262162835998
0.0;0.8037732120238186;0.0192344454523722;304.2828262455408;0.0;-0.1905789712361837;0.0;2.206222763342557;25.26942651837436;40.87875834548969;0.3149149144000862;71.1387112244783
0.0;0.7877781251045446;0.0173590870207659;304.04100554584323;0.0;-0.0880264463442009;0.0;2.119715503096088;25.405297471638768;40.65108609023076;0.3142506198286808;70.8101617234799
0.0;0.7491691585032992;0.0134321306290723;303.30688216737013;0.0;0.1413096038617037;0.0;1.917997830977011;25.731736367325308;40.08673358210918;0.3125960073596002;69.99315352946917
0.0;0.7342606922490835;0.0121224978927377;302.9634876161083;1.0;0.2338226859384067;0.0;1.842792029564639;25.85699223805108;40.06242290271976;0.3119366042500603;69.67313628711752
0.0;0.7269180853265926;0.0115163729981008;302.7815167659668;1.0;0.2887952645495807;0.0;1.806302286780014;25.918479925054605;40.05031134974999;0.3116074244877869;69.51595723778686
0.0;0.6982746123615645;0.0093801577842844;301.98732239809823;1.0;0.5490098227496641;0.0;1.6674271046346043;26.15685372764111;40.00215539360756;0.3102941755117119;68.91513407246445
0.0;0.6912918662379489;0.0089111498950701;301.7726530047637;1.0;0.6202407373233394;0.0;1.6344098192475982;26.21456158927877;39.99018861542631;0.3099667289579997;68.77367332963983
0.0;1.6343512084536274;0.8646331872842217;308.06323773060626;1.0;0.9071417007113688;0.0;1.508750355129843;26.43792494788421;39.94260824051365;0.3086603945608108;68.25187786250355
0.0;1.6018276194054002;0.7803314515240101;310.4603067854906;1.0;1.042153691128956;0.0;1.4495913731843235;26.545170620193968;39.91898911969882;0.308009293359112;68.02070295573122
0.0;1.5699512497792327;0.7042491350004191;312.5067922332912;1.0;1.1651703951662642;0.0;1.3927520475598725;26.64949866490652;39.89548330372725;0.3073595656164261;67.8112062902462
0.0;1.538709219908626;0.6355848443378782;314.27818739765246;1.0;1.2724008189013003;0.0;1.3381414232604003;26.750942962734147;39.87209024128386;0.3067112084359325;67.62422449240766
0.0;1.52332212770954;0.6038056021209843;315.07881113726825;1.0;1.3191551400125097;0.0;1.31164442971744;26.800595084955013;39.86043582108321;0.3063875429028833;67.53931481584242
0.0;1.434177544381827;0.4438526016330808;318.9990457356705;1.0;1.490063952095097;0.0;1.163324144848366;27.08384102758169;39.79109455994248;0.3044527097990833;67.1488144448012
0.0;1.3101459227465335;0.2797378401839813;323.0072667575665;1.0;1.405234846304983;0.0;0.9716898438049189;27.463553586712106;39.68893959025943;0.301573345593126;66.90218143219879
0.0;1.2585209459080884;0.2278482191913539;324.29649343465627;1.0;1.2764167202582208;0.0;0.8969827011440777;27.61590211531973;39.64424167308353;0.3003023845449842;66.8904230319488
0.0;1.184872488177835;0.1674893782209117;325.78134166637955;1.0;1.0512448661303788;0.0;0.7955521730612363;27.826684744141364;39.577994978384105;0.2984059791304911;66.9399354934435
0.0;1.1381837845024003;0.1364211453695465;326.5036890083548;1.0;0.9149634120722924;0.0;0.734387135189535;27.955981719781544;39.53435793241882;0.2971483667401176;66.99671882079136
0.0;1.1268019466573764;0.1296000881010692;326.6531566747624;1.0;0.8854432216095417;0.0;0.7198452748107909;27.98696219216471;39.52351401056788;0.2968347926611728;67.01212726787344
0.0;2.0516774394791155;1.002782077670928;333.7259269877305;0.0;0.7002145721301907;0.0;0.6513428391521894;28.134124015768123;39.07162782896109;0.2952718789045088;67.0852504226634
0.0;2.0311606650843244;0.9526429737873816;335.6204606499777;0.0;0.646632911520868;0.0;0.6384453657201244;28.162053034497475;38.96203046621398;0.2949602850415447;67.0965707629786
0.0;2.010849058433481;0.9050108250980126;337.3656925498571;0.0;0.5888187877925108;0.0;0.6258032793337667;28.18949575059116;38.852699680863445;0.2946490199966713;67.1059443843056
0.0;1.970833162170655;0.8167722696509564;340.478636504934;0.0;0.4634275902349569;0.0;0.6012651398340879;28.242947420714327;38.63483524636896;0.2940274749735845;67.1175084590603
0.0;1.874242727237246;0.6320028125345198;346.6525604957358;0.0;0.1269092957792282;0.0;0.5440470944133763;28.368502892377936;38.09479400048816;0.2924793424876505;67.09066401950382
0.0;1.836945296965225;0.5703825383124042;348.6639960842724;0.0;-0.0025927108318444;0.0;0.5227146604344537;28.41562413663228;37.88061196626288;0.2918623742734646;67.05247362731001
0.0;1.800390085555617;0.5147702408269448;350.4836908733258;0.0;-0.1220387960650042;0.0;0.5022186831101886;28.461045535438373;37.66747055043022;0.2912467075179528;66.99642417646756
0.0;1.7823861847000608;0.4890317287855975;351.33157891693963;0.0;-0.1767709523864848;0.0;0.4922740655077914;28.48313354783871;37.5612884910145;0.290939361329051;66.96140701159023
0.0;1.7294475326282843;0.4192835784675516;353.6632800266697;0.0;-0.3163733944145971;0.0;0.4636061927992698;28.546976549505143;37.24428934344593;0.2900192674073368;66.82758725160015
0.0;1.159980167649491;0.5987966120520765;336.08588466532103;0.0;0.3542422740610063;1.0;28.46041796427259;14.032983258117197;47.28698382690673;0.3294405676067145;85.19957915184423
0.0;1.2697955849708942;0.95009468126868;330.3516373412352;0.0;0.9891747203907144;1.0;28.3463670427254;14.243424477958962;47.57876117604583;0.3306671660780969;84.80042781601594
0.0;0.2854765686877809;0.0001049099929975;327.9126630819011;0.0;1.063598268681609;1.0;28.29080856763166;14.282879250026255;47.64447088208194;0.3302147892156284;84.69581102140152
0.0;0.3062838558785992;0.0001502282544328;332.7975994704584;1.0;1.1290051607686276;1.0;28.033030224679248;14.387859889308984;47.37392215656633;0.3256277811377369;84.33422308228968
0.0;0.3093776322006052;0.0001581350046661;333.49179098753905;1.0;1.131665258457985;1.0;27.9942515276542;14.397930955308306;47.30611142955208;0.3249153793186946;84.28450204642347
0.0;0.3125026587884901;0.0001664578996485;334.18496826011483;1.0;1.1330916830897653;1.0;27.95391204430834;14.406681910342014;47.23813473644919;0.3242022249245269;84.23527180772358
0.0;0.363350529765888;0.0003592943030481;344.4365005557416;1.0;0.9924366061560628;1.0;27.366838089640336;14.37015834755934;46.19829043710188;0.3134140577419295;83.52808531638406
0.0;0.3670207371372606;0.0003782045295243;345.10847545228614;1.0;0.9742228285646664;1.0;27.321984150884447;14.35549395657081;46.12760248745818;0.3126887535604221;83.47968502956253
0.0;0.3744727447579437;0.0004190631906087;346.44740528684696;1.0;0.9365246109493378;1.0;27.224526757458325;14.32109222463354;45.98570718854767;0.3112358458649616;83.3804258987603
0.0;0.3820760583184814;0.0004643359452728;347.77935814473284;1.0;0.8983212220987887;1.0;27.13203236431617;14.279503084971813;45.843116535281176;0.3097798670456098;83.27690885833994
0.0;0.4224719494963032;0.0007755258024725;354.32200892875426;1.0;0.7554307157411575;1.0;26.70263263027222;13.975838034610938;45.11961335889642;0.3024536838187227;82.64935989521703
0.0;0.4310498413389482;0.0008593083683906;355.60450443944904;1.0;0.7473729756098996;1.0;26.61365623076354;13.897877975042457;44.97277858805447;0.3009791461370797;82.4921581048485
0.0;0.4398018991316684;0.0009521422364439;356.8774094884833;1.0;0.7491294277342011;1.0;26.538020580968546;13.814594465321427;44.82522430861224;0.2995014946356552;82.32123951759354
0.0;0.4442443425572409;0.0010022549857304;357.510138002496;1.0;0.7539347222435656;1.0;26.50641590148629;13.771432925884104;44.75117625432806;0.2987614996284454;82.23025558618843
0.0;0.4578427294650833;0.0011689808843626;359.3928007007861;1.0;0.7846865624954997;1.0;26.39864307854994;13.636899566358814;44.52794313300608;0.2965368312065005;81.93356992387183
0.0;2.385964297411149;0.9530720766104378;356.0730570727054;0.0;-0.6230606436157112;1.0;8.913768208937164;30.41157979349335;35.53401072661212;0.254860608130168;65.51138173272356
0.0;2.4589990275277502;1.1116163599480249;348.95252396759486;0.0;-0.6280324389378351;1.0;8.03991147783779;30.95949178911325;35.54379038940827;0.2556691602602429;65.75689631188607
0.0;2.5598680422665407;1.3647732720872612;336.03777856358965;0.0;-0.5423615295196924;1.0;6.781260278211651;31.63490748930169;35.556936489564926;0.2567512214114082;66.07572116636645
0.0;2.585725295218728;1.43660344430238;331.931670532773;0.0;-0.5038687002919271;1.0;6.450099705699766;31.79191624178238;35.56024216540684;0.2570224515022293;66.15258778287719
0.0;2.6118437325441697;1.512214151897242;327.36313012271944;0.0;-0.4586684068955953;1.0;6.118302209252233;31.943536002642663;35.563555538992425;0.2572939681185116;66.22796875839875
1.0;2.6382259924688585;1.5918043704181497;322.2599475505666;0.0;-0.4069477026014493;1.0;5.784124324912404;32.08959348933376;35.56687662911296;0.2575657715629386;66.30171038379666
0.0;1.6714886159257816;0.6557389145907473;315.58819842476174;0.0;-0.2850641061703978;1.0;5.091579874954653;32.36391349036018;35.573542034353494;0.2581102401485596;66.44372768012812
0.0;1.7933169811314325;0.9390002771708128;306.7744425976915;0.0;0.2848321207388728;1.0;2.5126887287375768;33.10044681253079;35.59711680763452;0.2600249599305976;66.87300920252568
0.0;0.2391448710795617;5.3754954376533376e-05;304.3627922387812;1.0;1.473467423261296;0.0;0.0854536707623669;33.42878858681305;36.889368959404585;0.2796755669651474;67.46008628111306
0.0;0.2540094671477815;7.312684993821533e-05;308.4122701447041;1.0;1.694030651946236;0.0;0.096348781965208;33.41193576720673;36.92877788854465;0.2814529383872939;67.44693156901542
0.0;0.2617847355792199;8.529155846416717e-05;310.4303407940398;1.0;1.729571223015207;0.0;0.1023066812795242;33.4020499389938;36.94869459466869;0.282345855399925;67.48029079033437
0.0;0.2697980061601835;9.94798757418483e-05;312.4429797834132;1.0;1.700400995036038;0.0;0.1086329999031284;33.39111722042201;36.968754181263314;0.2832416052157805;67.54780688764954
0.0;0.2752759985309494;0.0001102270091322;313.7813401170622;1.0;1.6420611769064313;0.0;0.1130664162223136;33.38321809449534;36.98220713480107;0.2838403499761773;67.61382058362487
0.0;0.2894625433356486;0.0001424524743248;317.1136074328567;1.0;1.361152219209114;0.0;0.1249577715205208;33.361198873869114;37.01612143724505;0.2853427551131683;67.8566638665427
0.0;0.3013363998208244;0.0001748942679381;319.7633464871375;1.0;1.0178104561563606;0.0;0.1353651888365064;33.34108632973563;37.0435454581314;0.2865504029568119;68.12909539422289
0.0;0.3105603528611535;0.0002039880658266;321.73991114784207;1.0;0.7162522785789058;0.0;0.1437357458538749;33.324436803185705;37.0642858171104;0.2874594918128121;68.37315283549331
0.0;0.3468637147848416;0.0003586287495318;328.8924819312768;1.0;-0.2679186777906293;0.0;0.1791059561113634;33.2506006134415;37.14161630605454;0.2908175624480341;69.41793172337893
0.0;0.3759043177158432;0.0005405753766657;333.9797752437811;1.0;-0.2856121219904258;0.0;0.2101829394049349;33.18252458139666;37.19914537631871;0.2932844090292691;70.09685935280234
0.0;0.3797013310261042;0.0005690267122797;334.6076940079311;0.0;-0.223667820199284;0.0;0.2144289351800076;33.173060435069615;37.20641406369633;0.2935942325092125;70.1648558110711
0.0;0.3874108060668342;0.0006305005122212;335.85773025052526;0.0;-0.0754198956432321;0.0;0.2231799844589228;33.1534544913063;37.421492369225405;0.2942148617005478;70.28648291026433
0.0;0.6080896747311609;0.0020219145770478;352.03735357297006;1.0;1.1194829961398522;0.0;1.0769789744886822;27.92603587007872;36.65890381523721;0.276501773732119;64.91165213901286
0.0;0.5959886902040108;0.0018247779057856;351.1244892427101;1.0;1.149000965415719;0.0;1.0347499865856762;27.961862128118803;36.65113108577172;0.2759185107145653;64.9118236656621
0.0;0.584128515268951;0.0016468620599715;350.19328966947853;1.0;1.170540675977652;0.0;0.9941768205927608;27.997675037161287;36.64339455360491;0.2753364775697316;64.91095099182603
0.0;0.4973607636438601;0.0007248279121842;342.1510023337784;0.0;0.9756522278232552;0.0;0.7219202601717749;28.275197244190025;36.085820464311325;0.2707241892927518;64.86923398100396
0.0;0.4682552860616168;0.0005328151203452;338.89795618538625;0.0;0.530020818188192;0.0;0.6402857126810532;28.37179687197971;35.47525609615951;0.2690145698221968;64.77763915397287
0.0;0.4498041594521977;0.0004339812456157;336.66783397685435;0.0;0.1824257538307835;0.0;0.5910581255219809;28.43320536216683;35.07314087247101;0.2678808256063012;64.6512507455599
0.0;0.4453061178576757;0.0004122821833349;336.1031365928516;0.0;0.0974546431323545;0.0;0.5793543692284427;28.4481603344445;34.97322253806298;0.267598136915838;64.60949287681082
0.0;0.436444526112308;0.0003720846704598;334.9655177252566;0.0;-0.0646400783976774;0.0;0.5566375173243102;28.4775803534027;34.77411427618155;0.2670336541645535;64.5127310600142
0.0;0.4150544016661258;0.0002879120251377;332.0759190809557;1.0;-0.3520621541571149;0.0;0.5036663513401991;28.54820688064517;34.5794704945455;0.2656276512936072;64.19184947471295
0.0;0.4067948190729699;0.0002598406026868;330.9029182149292;1.0;-0.3728766539582691;0.0;0.4839172688759464;28.57526633676641;34.58178576121106;0.2650673251656319;64.0356521306967
0.0;0.3986996021734177;0.0002345061439248;329.7206971243744;1.0;-0.3394906040988701;0.0;0.4649425590065235;28.601637118390062;34.58408813610554;0.26450818101294;63.86752855485403
0.0;0.3753677610203486;0.0001723835647009;326.12245484508054;0.0;-0.0183945959760975;0.0;0.412366935555619;28.676598528649887;34.2920131800215;0.2628378155003205;63.32271328263454
0.0;0.371614083410145;0.0001637643864658;325.51570156395985;0.0;0.0385988254155121;0.0;0.4042015018590842;28.68848714393813;34.19399039242882;0.2625604485849314;63.22904938559015
0.0;0.3642189631502832;0.0001477973587854;324.2965502077958;0.0;0.1443170966386462;0.0;0.3883524922071382;28.7117483551244;33.99865938277411;0.2620065925427094;63.04080058000287
0.0;0.3569710057835926;0.0001333871163038;323.0701556244878;0.0;0.2363780224700872;0.0;0.373124931241286;28.73432482012116;33.80427726285718;0.2614539048276741;62.85217019861973
0.0;0.3534012957257567;0.0001267177604886;322.45434645334217;0.0;0.2764814507081435;0.0;0.3657365414570038;28.74535775962898;33.7074405927287;0.2611779983224886;62.75797702780999
0.0;0.3463686099408141;0.000114362778841;321.2177087546044;0.0;0.343663868906036;0.0;0.3513957648461793;28.766916578094904;33.51447315678813;0.2606270584788986;62.57023892133944
0.0;0.342904923841406;0.0001086446398989;320.5969605521833;0.0;0.3704276975389244;0.0;0.3444376415215041;28.777444040990503;33.41834124503923;0.260352024526314;62.47681231502471
0.0;0.3394758746029919;0.000103212407904;319.97464554513084;0.0;0.392513955781373;0.0;0.337617298321492;28.78780468479746;33.322443109139144;0.2600772808109562;62.3837359664896
0.0;0.336081115856962;9.805178750882184e-05;319.35080272435334;0.0;0.4098897412975481;0.0;0.3309320070196452;28.79799943099903;33.226778179602995;0.2598028270265448;62.291034257085606
0.0;0.3293931016514084;8.84917382267117e-05;318.09868731066894;0.0;0.4306133643488896;0.0;0.3179559362539839;28.81789514859652;33.036145668616015;0.2592547880270535;62.10678797168346
0.0;0.3260991706348943;8.406715131537612e-05;317.4704904193724;0.0;0.4341241234407181;0.0;0.3116599661892874;28.8275981867158;32.94117695511837;0.2589812022010269;62.01523004156182
0.0;0.3196097971392599;7.587060406212694e-05;316.2100041728019;0.0;0.4281573139068814;0.0;0.2994395633481495;28.846520084631084;32.751931792331725;0.2584348963714613;61.83313035630529
0.0;0.3913240465321558;0.0006636847497066;336.4797587203689;0.0;0.0048298725925219;0.0;0.2276885384925543;33.14330485154402;37.52942503496872;0.2945256681038094;70.34009195540303
0.0;0.3952768146789452;0.0006986155260069;337.09973387516993;0.0;0.0883054578864107;0.0;0.2322881715234511;33.13291877225442;37.63762089704926;0.2948368028406561;70.38901488920666
0.0;0.4114912102111951;0.0008577165933434;339.55817673230484;0.0;0.4392905442836116;0.0;0.2516348538760997;33.08892770998808;38.07304918670321;0.2960846320663749;70.54065061325115
0.0;0.4459426455616848;0.0012928703321314;344.36204640243034;0.0;1.0382008249307246;0.0;0.2952964126828449;32.98829898231674;38.95673608508019;0.2985961563230975;70.6779895494925
0.0;0.4549970876050248;0.0014325433043007;345.53712086793564;0.0;1.1229685147505892;0.0;0.307347730231852;32.96029329558013;39.18036137796058;0.2992273590870306;70.69086290486065
0.0;0.4930909821021645;0.0021593294941448;350.1209791233674;1.0;1.211674268921635;0.0;0.360676085336031;32.83568745832576;39.4814240029266;0.3017655413809824;70.7242383285584
0.0;0.5081845720774365;0.0025185356397665;351.7878236236013;1.0;1.2076388338191046;0.0;0.3829791148712053;32.783388938234275;39.520012587759005;0.302722900672624;70.73717581051348
0.0;0.5185027773466345;0.0027906212074975;352.88197714572766;1.0;1.1937692465824477;0.0;0.3986088327920447;32.74671363197861;39.54589374059548;0.303362826966262;70.74671667985344
0.0;1.104536007363869;0.540370891313549;309.50860207122383;0.0;0.5368596785416476;1.0;8.232230341963238;26.03698569950131;33.55996538003229;0.2576747625550559;59.374581052241865
0.0;1.0398987252317191;0.3972222601343931;310.8965291145548;0.0;0.5995251043356028;1.0;9.199454747154412;25.23215577100071;33.58152833371599;0.2568019674074581;59.43373611524526
0.0;1.019204740599608;0.3584930897712897;311.17921210901017;0.0;0.5726585412917188;1.0;9.485440283767389;24.960099938181607;33.58864290376858;0.2563654365118512;59.482190901589234
0.0;1.009012693193612;0.3405684352827252;311.2941886289975;0.0;0.5515755252567635;1.0;9.61935243123493;24.82397943258067;33.592186586099764;0.2561333976346076;59.51076648424416
0.0;0.9790440071930686;0.2919948622005265;311.5463965721809;0.0;0.4626188175404876;1.0;10.019745712647644;24.415671835518005;33.60276348710113;0.2554010216692223;59.6108145157398
0.0;0.969253567121138;0.2773951190905002;311.6023559636602;0.0;0.4259067973515605;1.0;10.151975310683916;24.279624639524453;33.606271145343186;0.2551484607942757;59.64806502181741
0.0;0.940465766924073;0.2378316402302176;311.69502040313364;0.0;0.3013549407086413;1.0;10.520736569647235;23.87296585625151;33.61674049990154;0.2543757712535223;59.76786812083485
0.0;0.9310611092548324;0.2259400582187067;311.70253044485565;0.0;0.25668087967969;1.0;10.63987760160962;23.73812555293465;33.620212483892985;0.2541148117249711;59.809641128865394
0.0;0.894373586616366;0.1840295895445005;311.6262229873442;0.0;0.0750272824353287;1.0;11.101250235934195;23.20300792186536;33.634011992601664;0.2530622184168299;59.97960935591951
0.0;0.8854298507502023;0.1748281100672754;311.5821177672515;0.0;0.0311134741012782;1.0;11.215023720132548;23.070371100902754;33.6374398705691;0.2527978487965524;60.021749377619
0.0;0.8765755522427003;0.1660867045639117;311.5285284336298;0.0;-0.0113831914571421;1.0;11.321649647595573;22.938362609999885;33.6408589917111;0.2525332611764427;60.06336310616416
0.0;0.8088554400971758;0.1101853131731693;310.78239508058425;1.0;0.0095978159257048;1.0;11.989759640453864;21.92323781678485;34.46014554972622;0.2546966075415839;60.38747560455364
0.0;0.7848316246708495;0.0944701328818461;310.3678819046446;1.0;0.1692814626463984;1.0;12.18748111586802;21.56734274889005;34.7632733086263;0.2565955753039344;60.51687568783189
0.0;0.7539061271806357;0.0769465136705941;309.7102709106298;1.0;0.4587982366605866;1.0;12.447995216884166;21.114631536472302;35.16400312731035;0.2594269276015265;60.7113506667156
0.0;0.7463670659088293;0.0730991879870644;309.52789776868065;1.0;0.5390058560464687;1.0;12.51053784659208;21.005190914759392;35.26357518689952;0.2601643216190101;60.76535259884524
0.0;0.738903395249741;0.0694442285877112;309.3385523654781;1.0;0.6205836851406616;1.0;12.571628904068175;20.89724344843316;35.36290427730618;0.2609091093489071;60.82191002281828
0.0;0.7169572255074284;0.0595397454853889;308.72970680477533;1.0;0.8651598803820099;1.0;12.751406433672772;20.582187326172864;35.65943964514475;0.2631739876405545;61.00862374124175
0.0;0.7026897767198305;0.0537346203005635;308.29079077309024;1.0;1.0203149549063688;1.0;12.863831109822732;20.37926798896773;35.85592585742809;0.264699555951044;61.148707510213626
0.0;0.6956628789526321;0.0510478892855353;308.0617143047547;1.0;1.0934298647021157;1.0;12.913476386897942;20.280142131704263;35.95380951212766;0.265464985250831;61.22375232074017
0.0;0.6615684759687414;0.0394998836287577;306.82380919262584;1.0;1.3926168442332851;1.0;13.153634921309028;19.807492699125014;36.43965656039372;0.2693029424681905;61.65093719063407
0.0;0.6355000383573539;0.0321729020898958;305.7277163531782;1.0;1.5312042360964504;1.0;13.323562605324652;19.455406703976465;36.82408340798684;0.2723731533075289;62.05398466728143
0.0;0.598310671057023;0.0236500394241545;303.91976824049283;1.0;1.5575161034589335;1.0;13.572244232349156;18.968241538972467;37.393724884814645;0.276962951835992;62.74600099680836
0.0;0.5805402458159583;0.0202769525512845;302.946681510868;1.0;1.49897946129448;1.0;13.671794411189468;18.74228168569052;37.67542928436963;0.2792485761688125;63.12139752698752
0.0;0.5747348433577987;0.0192631049237202;302.61258345759984;1.0;1.471042532604548;1.0;13.704685459439514;18.669687795457587;37.76887281316202;0.2800089564633422;63.24950509800858
0.0;0.535690431728556;0.013452144606801;300.14497485469747;1.0;1.2025596047563678;1.0;13.92056791452874;18.196240680162653;38.416623420715645;0.2853099753127432;64.16526179269033
0.0;0.5250301921371577;0.0121405605076379;299.4005828995943;1.0;1.1162363170968996;1.0;13.984231585940952;18.071279303902426;38.59966916978676;0.2868174982665235;64.42668820740023
0.0;0.509436270400492;0.010409013065236;298.2531978540256;1.0;0.9918162189203736;1.0;14.063104254022855;17.89223704373831;38.87256598621714;0.2890728664300775;64.81304830278548
0.0;0.494305503733327;0.0089244275768067;297.07039284753915;1.0;0.8821543588577311;1.0;14.136188201996134;17.72314631471881;39.14346963745969;0.2913211329183127;65.18897545365436
0.0;0.4893624486959937;0.0084782061979664;296.6685447271058;1.0;0.8502637150571776;1.0;14.156773682804348;17.66897379559603;39.23333044354662;0.2920689781243645;65.3114245813334
0.0;0.4844688242090338;0.0080542958880681;296.2630084396293;1.0;0.8210901160901304;1.0;14.17915363452369;17.615853557148856;39.3229719378369;0.2928160356127338;65.43229669865508
0.0;0.474827894607274;0.0072690020389814;295.44111074494697;1.0;0.771575462726822;1.0;14.22396953271643;17.512647127978664;39.50159912677117;0.2943077897195797;65.66905563092135
0.0;0.4700796156612013;0.0069055519370323;295.024867357676;1.0;0.7514866133328785;1.0;14.247174632512529;17.46249389674543;39.590585886036415;0.2950524875957052;65.78485002635371
0.0;0.4653788195045893;0.0065602743401807;294.60517185744334;1.0;0.734619519910203;1.0;14.27235737861706;17.413210196525398;39.67935546275389;0.2957964002521899;65.89888197672539
0.0;0.5343742262401945;0.0032548432220411;354.49634958729024;1.0;1.1557642822257668;0.0;0.4232574929315601;32.688868233214286;39.58495013546991;0.3043252536893586;70.76272593966573
0.0;0.5507315025988839;0.0037962889307958;356.07695297362875;1.0;1.0981305321631032;0.0;0.4494303412677772;32.627477266051635;39.62428996681069;0.3052907337371048;70.78078164716045
1.0;1.6470383378841342;1.017387229925625;362.715982447463;0.0;0.2188458743804893;0.0;3.975805971842227;26.19264373684349;43.949350963220624;0.3425270264115283;76.79202383297833
0.0;0.6535740786708426;0.0183023472901315;361.0991677192325;0.0;0.3066146686858367;0.0;4.056122587366838;26.081845793906822;44.07317052884338;0.3428888693956181;76.84319091387692
0.0;0.6668442798396517;0.0202796091857413;361.955862644022;0.0;0.4826401610777188;0.0;4.22165610400134;25.857476352870908;44.32171637128567;0.343613702488309;76.93385253496206
0.0;0.7226747375156456;0.0305682614361708;365.1594395505821;0.0;1.057575916064562;0.0;4.954159375842733;24.926275739893047;45.32809798036391;0.3465283887855718;77.17921489093852
0.0;0.4357197160292362;0.0001589615687729;363.38584471769406;0.0;0.3881232395471592;1.0;16.681845376459993;20.08464403618224;48.53561426258161;0.3707264028689015;79.00548366394972
0.0;0.4445665911939967;0.0001761347022415;364.6962194901152;0.0;0.2012477024615344;1.0;16.64325270978266;20.21087131617179;48.605432948544895;0.3705068740980388;79.06951549427504
0.0;0.4490571628222189;0.0001854049497279;365.3476959868764;0.0;0.0984508153871022;1.0;16.621300834813592;20.275846463101377;48.64046965077169;0.3702201460749654;79.10323580176895
0.0;0.4535930937598171;0.0001951631049767;365.9966287101784;1.0;-0.0095449150005708;1.0;16.597408378517258;20.342082254693977;48.67559153566413;0.3697789703350778;79.1378387691006
0.0;0.4628028708905388;0.0002162472077305;367.2866496166004;1.0;-0.217022188555862;1.0;16.5544397998374;20.47846416091277;48.54560292142616;0.368782934681669;79.20865231243916
0.0;1.6498410965358434;0.5730788364764108;327.33503577529893;0.0;1.0954338056182469;1.0;22.255335663677634;11.667794061143812;50.76079355085066;0.3818886026204074;81.0915455403583
0.0;1.683339553653549;0.634990400527879;325.5670897596212;0.0;1.1676910740969653;1.0;22.33385290901001;11.63274267864144;50.841357175193394;0.3815445029143809;80.96248277496879
0.0;1.7003429834884332;0.6684109479240832;324.6015184985291;0.0;1.188233642123359;1.0;22.38006795225286;11.616222164158156;50.88178603221524;0.3811692800060673;80.89667893817797
0.0;1.7175181651398317;0.703590471499035;323.57326722172513;1.0;1.1975014740131973;1.0;22.4249883648689;11.600621551556443;50.92231323837927;0.3806167494236645;80.83042980912788
0.0;1.7348668334745772;0.7406215489463526;322.47486855072765;1.0;1.2000030807242574;1.0;22.462054825279235;11.58597915198461;50.8628169008512;0.3799624375414154;80.76402441981075
0.0;1.787971371169688;0.8638245212962269;318.66478352182804;1.0;1.1955651136739227;1.0;22.54061210802375;11.546399006799122;50.68345245335912;0.3779953517139556;80.56487619809072
0.0;1.8060316880501897;0.909288969785502;317.18378386088284;1.0;1.1898807672725118;1.0;22.56066687633464;11.53417131844955;50.62337130389619;0.3773382706083299;80.49857219716938
1.0;1.8427014468423524;1.0075224041944622;313.8129591665207;1.0;1.1720006849236435;1.0;22.58336797493485;11.51061311772466;50.50276735577616;0.3760220252592729;80.36613047873195
0.0;0.8861306665942144;0.0097216199442264;312.17126194144487;1.0;1.090489714016745;1.0;22.64236402898;11.454695442245766;50.19866437352189;0.3727192259863746;80.03561163901915
0.0;0.8950814814082974;0.0102332841518173;312.22179574329124;1.0;1.0684926161926045;1.0;22.65322034044064;11.444217344777554;50.13739634343466;0.3720565712337987;79.96942472437578
0.0;0.9132552611042724;0.0113388190047837;312.2962685486118;1.0;1.019885965394966;1.0;22.66818496889024;11.42376866146376;50.014409931731706;0.3707291609305193;79.83664880876493
0.0;1.0098113245946203;0.0189378978674795;312.1053186894643;1.0;0.7437984691768901;1.0;22.78792215497449;11.3371584801944;49.39037496355816;0.3640499010673391;79.14718686767979
0.0;1.0200114389844652;0.019934629334189;312.0315953589837;1.0;0.7198006464590279;1.0;22.79656740411522;11.32986996407849;49.32712816905367;0.3633780883261425;79.07391745448034
0.0;1.0943561428122648;0.028545846606928;311.2151622715728;1.0;0.6204095542396035;1.0;22.8210356321864;11.282054568442604;48.88004420468373;0.3586554880246347;78.52411244374015
0.0;1.105410245264914;0.03004825958624;311.05394470184456;1.0;0.6190974806400984;1.0;22.81965455553192;11.275670435295316;48.81554815314854;0.3579779776659147;78.43940354217253
0.0;1.1392470210367256;0.0350468110059658;310.50024229689865;1.0;0.6386254403607265;1.0;22.81012622137072;11.256402297749592;48.62111118709454;0.3559411512386763;78.174925553068
0.0;1.174119545662446;0.0408768753532187;309.8383146802216;1.0;0.6949403786366626;1.0;22.816798932674377;11.23656451472452;48.42524287771138;0.3538978677956733;77.89470288235458
0.0;1.1859793390529758;0.0430282898454933;309.59290554926173;1.0;0.7218731361585777;1.0;22.81661903608005;11.230146874529565;48.35963355031208;0.3532153355219636;77.79788158305685
0.0;1.2100595235720597;0.0476767754520702;309.0639912286296;1.0;0.7873878491656618;1.0;22.817417291381428;11.217339027698722;48.227932713158815;0.3518481110166843;77.5994415221438
0.0;1.3113697980374388;0.0718650997218033;306.416203848939;1.0;1.1676841347394844;1.0;22.893615490050426;11.17262815236442;47.69464242899504;0.3463503711943677;76.7583919645512
0.0;1.3246159576135743;0.0756474733913719;306.0225304884076;1.0;1.222307301372462;1.0;22.90737260009698;11.16867108342261;47.62724480870536;0.3456599110526989;76.65065861322067
0.0;1.3789521753411975;0.0928752522050897;304.30061104222614;1.0;1.4347715813850883;1.0;22.96855489629112;11.157384091944278;47.3560006560128;0.342890913995765;76.22355778494124
0.0;1.4069504900940697;0.1029088667092407;303.34858518496253;1.0;1.5292658773298593;1.0;22.986955836635268;11.155192779606455;47.21938071271661;0.3415021656365789;76.01602635862056
0.0;1.4211621112061308;0.1083251228518323;302.8490921422288;1.0;1.5715154845265271;1.0;22.988920238277124;11.154668946142843;47.1508198514003;0.3408067468852283;75.91474319832805
0.0;1.4646640996292184;0.1263450915315146;301.25408181102256;1.0;1.671452698369567;1.0;22.98592791436134;11.15430686530707;46.94412880032734;0.3387164201333536;75.62425685417904
0.0;1.4944027136304645;0.1399945612537558;300.1079821592638;1.0;1.7105197685796356;1.0;22.96808441765629;11.154684676170312;46.80549026662859;0.3373196170431365;75.44454428882895
0.0;1.5247451419553766;0.1551186274279842;298.89334611123024;1.0;1.7233505162884155;1.0;22.94211430479147;11.154735651786975;46.66617227809298;0.3359204143488684;75.27847764178085
0.0;0.3281445998905262;0.0001426169519382;317.30562561948034;1.0;0.7614759353092974;0.0;23.58171560935325;12.922272682171029;54.60475764182016;0.4703736140418617;91.08327672937408
0.0;0.3248631538916209;0.0001354861043413;316.678571896516;1.0;0.7445671853693673;0.0;23.114766412331765;13.071106372469462;54.55471446514183;0.4700002907694657;91.14752684128293
0.0;0.312062249424307;0.0001103542787741;314.15704601962625;1.0;0.7085295086863261;0.0;21.337618927710803;13.743094510794217;54.35575420433721;0.46832171347334;91.37460191991865
0.0;0.308941626930064;0.0001048365648354;313.52351650849863;1.0;0.7072424146536417;0.0;20.915105814934964;13.928073258522511;54.30631577565455;0.4678716962656816;91.4232482538302
0.0;0.3058522106607633;9.959473659366589e-05;312.88879816963487;1.0;0.7088732055644889;0.0;20.500959020949093;14.119030744462837;54.25699741410913;0.4674139668756799;91.4684646540284
0.0;0.2997657516686142;8.988424977578347e-05;311.61593243895925;1.0;0.7203446893052223;0.0;19.69710501305383;14.517378943587378;54.15871972320925;0.4664811833334134;91.54840322182925
0.0;0.296768094151928;8.539003728699429e-05;310.9778527357949;1.0;0.7298604142654797;0.0;19.30707624687212;14.724054584961609;54.10975981102396;0.4660083822445147;91.58306727012254
0.0;0.2794012696196072;6.276952394983588e-05;307.1283877902037;1.0;0.8271487917950598;0.0;17.12384072933306;16.048723953451738;53.81848715595604;0.4631259512857247;91.71730410885016
0.0;0.2683917447855289;5.1126169566666e-05;304.54440598801017;1.0;0.9134173778605924;0.0;15.807297426340256;16.9915732966828;53.62665271097785;0.461188113332604;91.73991643232982
0.0;0.2657078273376737;4.856986108833271e-05;303.8964805973839;1.0;0.9355072618810224;0.0;15.494291998307167;17.232450002575003;53.57898490043906;0.4607034745322011;91.7378540564816
0.0;0.1830928175052508;2.6111859329710672e-06;298.9338666926015;1.0;0.9651321906698116;1.0;10.755461614073228;20.418974160485217;45.55845164954923;0.3279318798114274;72.18979423317748
0.0;2.7425541343358795;1.1049693610942697;294.5826307037362;0.0;-0.1182125333225025;0.0;19.530263435391312;22.653005736579207;39.85940395408473;0.3509222041278892;76.87434080462255
0.0;2.715128592992521;1.049720893039556;297.57071350371126;0.0;-0.1413027238853554;0.0;19.143538353264223;22.616899701649995;39.74528063016155;0.3505522284500761;76.8695282755698
0.0;2.687977307062596;0.9972348483875784;300.35770613247325;0.0;-0.1621035453995118;0.0;18.764470939569165;22.591767700795845;39.63143495153111;0.3501825790283477;76.8616995432213
0.0;2.6344865586520503;0.9000044506697894;305.4226062161708;1.0;-0.1769965415864801;0.0;18.02870559212831;22.57247180401907;39.60408697765477;0.349444303120454;76.8370273423687
0.0;2.5053705038733924;0.6964062875934421;315.90977692515185;1.0;-0.0226749948034276;0.0;16.313047597996352;22.68381894669201;39.53629148275567;0.3476049074417832;76.73045498010745
0.0;2.4803167988346586;0.66158597321377;317.73193792731183;1.0;0.0355180938602732;0.0;15.99002764722498;22.73011345613214;39.52283022068183;0.3472381416978957;76.70317679749618
0.0;2.4066489095924704;0.567227273784156;322.79355166758927;1.0;0.2493768431334271;0.0;15.058841023267432;22.91025785773345;39.48264068128075;0.3461401119342596;76.61405339517343
0.0;2.265812174958873;0.4169641691000597;331.51963930608173;1.0;0.7684028637643892;0.0;13.355994014100144;23.426610705318048;39.40312864315506;0.3439543319033922;76.42747862167177
0.0;2.243154053209284;0.3961159606450567;332.8303881468028;1.0;0.8558606632377227;0.0;13.091527637725966;23.52943324393952;39.3899881206045;0.3435913714126793;76.39828995160626
0.0;2.2207225126771912;0.3763101626128038;334.1059085282326;1.0;0.9413009621974496;0.0;12.83229804559608;23.636331530813777;39.37687924387937;0.3432287926645477;76.37024203393378
0.0;2.1985152875504195;0.3574946544821636;335.3477947750322;1.0;1.023966031282449;0.0;12.578201542436489;23.747060113100414;39.36380193589556;0.3428665954947098;76.34352058475024
0.0;2.176530134674916;0.3396199217580555;336.55745386154143;1.0;1.1031550220303732;0.0;12.329136486340106;23.86138279315633;39.35075611975669;0.3425047796946456;76.31829147247737
0.0;2.1332171849948844;0.3065069793866451;338.8849357714972;1.0;1.2486128818740676;1.0;12.2953352217968;24.087947683598088;39.42463688639915;0.3418833817389732;76.27299105589691
0.0;2.0907661630134866;0.2766225488964472;341.096773086127;1.0;1.3733621110563732;1.0;12.728060240111738;24.27997694837075;39.59779159868509;0.3418615327822036;76.2365392838517
0.0;2.8134230758566905;0.8924348219630489;366.3161475014747;1.0;1.60420098414754;1.0;14.79804646858413;24.82877508685177;40.53516460786676;0.3469850804922759;76.26859203014685
0.0;0.4510004586621096;0.0059209133391042;366.5598048826421;1.0;1.5299011255229404;0.0;9.396825776392625;25.70004572744051;42.8121990390097;0.3962847665782626;79.4621990747328
0.0;0.4420255495347336;0.0053436242885415;365.2509219538538;1.0;1.5441763218059017;0.0;9.028370989307517;26.02165220390287;42.768912278501006;0.3954488271926374;79.3944410723502
0.0;0.4376052940393863;0.0050764430741144;364.5927746128529;1.0;1.5429759328569947;0.0;8.849597275932174;26.18305407523289;42.74734741155521;0.3950315189471708;79.36629554813099
0.0;0.4288969486880025;0.0045814898743883;363.2693260102032;1.0;1.5250319171568665;0.0;8.502599621648784;26.50653516044688;42.70437406729071;0.3941982230526262;79.32058775306118
0.0;1.3978767306347613;0.953545069530151;363.7835229084175;1.0;1.4045362745152807;0.0;7.69347032280554;27.31485955953711;42.59784707033302;0.3921226653011652;79.25855627904126
0.0;0.6319012999387043;0.0165770040171308;357.67770466872923;0.0;0.2587717058069498;1.0;6.521806727961452;35.85180815004516;40.68667251059468;0.3607422617346625;78.43426516243508
0.0;0.8685450332985563;0.0734884260047592;290.08921313844644;1.0;-0.0618468197934833;1.0;13.839019604105328;16.122946819166966;45.36488914222031;0.3321774696276457;72.51731664017696
0.0;0.8427483772645559;0.0630071392458304;290.03327777520497;1.0;0.1835174948551835;1.0;13.830090212019996;16.149763439117354;45.58819201796496;0.3335982583131671;72.40308513228314
0.0;0.6255822869393172;0.0157481538162743;357.230257747273;0.0;0.1758189774009788;1.0;6.942949008715405;35.79278516744202;40.67014871611207;0.3603615784292105;78.39855421549677
0.0;0.6131331994292247;0.0142127088191875;356.32069916672594;0.0;0.0152426347138793;1.0;7.757768520621373;35.64676921835843;40.63722070751104;0.3596014165743127;78.3206024515629
0.0;0.5772527362013395;0.0104476469967991;353.48016866279465;1.0;-0.3347981125814072;1.0;10.07342682428516;35.01169161701892;40.83829171430488;0.358130746666972;78.03542757479563
0.0;0.5601077526834236;0.0089575513438807;352.0006164259441;1.0;-0.3401940980248448;1.0;11.124789592312922;34.604181695600154;41.08663020202823;0.3588828309813108;77.87397624384859
0.0;0.5116680925256091;0.0056454914470586;347.34728377604614;1.0;0.2312502176783895;1.0;13.902492569451049;33.13731646498549;41.82081616924231;0.3636843226057231;77.43579446924522
0.0;0.4964710385095059;0.0048403032294219;345.7304967593558;1.0;0.5300091101733672;1.0;14.69406406108656;32.59632862943767;42.06197874852986;0.3655872509383456;77.34108568621146
0.0;0.4915063281244109;0.0045982880679508;345.18481169442947;1.0;0.6322559537449608;1.0;14.945560228137076;32.41231543300226;42.14197421680113;0.3662328314944649;77.31832415377028
0.0;0.4627434512341073;0.0033801642695083;341.8439041169922;1.0;1.2047970200598932;1.0;16.330726977394637;31.284489115104268;42.61786372875681;0.3701609258531885;77.29062794074517
0.0;0.4581160167217662;0.0032111560560329;341.2764884544749;1.0;1.2856334645952048;0.0;16.007356951490788;31.10826415019905;42.5966242798066;0.3707188011197739;77.30242020679935
0.0;0.4227241238624621;0.0021303465356298;336.638018320126;1.0;1.6860412843174042;0.0;13.640570024137268;30.125344530705213;42.42854790466688;0.3709467818623768;77.50812266435862
0.0;0.4143119137975991;0.0019226377484059;335.4527732735153;1.0;1.710772115011764;0.0;13.10571567247926;29.97976989203297;42.38703515692807;0.3704365975807135;77.58502354646976
0.0;0.4020064356458966;0.0016484215395395;333.65731331190165;1.0;1.6939601236289503;0.0;12.342498274375968;29.822485166079847;42.32514179845232;0.3695118729224128;77.71280640966708
0.0;1.5204596094660752;0.7823042883878731;293.5728374983456;1.0;1.073797634675809;1.0;13.875660723142545;16.498980023117397;48.34689851820673;0.3596950261992825;74.35621318948094
0.0;1.361325652410245;0.4449747514232925;301.8476485875631;0.0;0.3342255162845267;1.0;13.889670408876992;16.553180863365014;48.18841061686329;0.3619432458723025;75.44198537124872
0.0;1.2816610786146112;0.3270973313041375;304.5986200816338;0.0;-0.1370121521915591;1.0;13.864407256903272;16.577900345428812;47.99660634018876;0.3602325858343276;75.85839914099402
0.0;1.182645960346398;0.2170030526072922;307.2102499546489;0.0;-0.527925888859102;1.0;13.819577649498903;16.6064159607092;47.74517230713015;0.3573939555938491;76.11749951712709
0.0;1.1591113057355045;0.1958452549780812;307.71241842312327;0.0;-0.5656506274867348;1.0;13.80703186622542;16.61364872808191;47.683072606359936;0.3566556222268109;76.1278367244064
0.0;1.136044990751368;0.1767503426177183;308.1609787851865;0.0;-0.5788026743765973;1.0;13.803781409479107;16.620372866865367;47.62127347829705;0.3559136102893819;76.11789023417842
0.0;1.091280285296251;0.1439642587517729;308.9064708971558;0.0;-0.5377118448311851;1.0;13.801425725014653;16.63196792123095;47.49857109704104;0.3544250235179051;76.04289366047325
0.0;1.0588681695426672;0.1234313563473013;309.3403732282773;0.0;-0.4579901877291702;1.0;13.784401611616468;16.639838714932818;47.40732248809802;0.3533082768682649;75.94536419167235
0.0;1.0482794878472406;0.1172597885299362;309.46224390188183;0.0;-0.4242464732745205;1.0;13.78107449057376;16.642383791186592;47.37705354782225;0.3529363385951581;75.90629732138471
0.0;1.0274187260390804;0.1058269591482674;309.6729210235776;0.0;-0.3487318532900518;1.0;13.778463195504605;16.647108067021854;47.31673548623659;0.3521931698489743;75.81987457871571
0.0;1.0171445387786897;0.1005356111908541;309.7620629538387;0.0;-0.3079042738451824;1.0;13.77165098693296;16.64942943851203;47.28668600808949;0.3518219947501341;75.77303718344939
0.0;0.9969033624569936;0.0907333890997458;309.9087495500552;0.0;-0.2224736677796512;1.0;13.757769099464529;16.654158407385168;47.226805268251255;0.3510805644723422;75.6733886561931
0.0;0.8925657162068892;0.0516091600924913;310.01018668474387;1.0;0.2022355127786164;1.0;13.720323936854436;16.679344286222292;47.00248151464124;0.3471289809639485;75.05867067656996
0.0;0.8836400590448202;0.0490287020878668;309.9639140395968;1.0;0.2414822425916759;1.0;13.719784829521991;16.680988756960488;47.073070147564486;0.347040505841249;75.00288966292717
0.0;0.8660556218698283;0.0442484036342997;309.8453424783529;1.0;0.3369737754298623;1.0;13.726126955825103;16.684052053838325;47.21373074759882;0.347268980207896;74.89524389397492
0.0;0.8072204345049061;0.0309003105504417;309.1690244363931;1.0;0.7757429038606642;1.0;13.716788148644572;16.69652085841373;47.70066173084199;0.3503530412512841;74.59513317375078
0.0;0.799148230159857;0.0293552950229196;309.0406908896804;1.0;0.8422299547215599;1.0;13.711375787989429;16.699024235931315;47.76954551753641;0.3509383274416306;74.5659260849113
0.0;0.7911567478582585;0.0278875302717736;308.9047472534019;1.0;0.9076553363056034;1.0;13.705404954650678;16.701786263584207;47.83826109548731;0.3515415646928096;74.54085790692174
0.0;0.7754127285758792;0.0251684960702757;308.6104415685052;1.0;1.0329639999825575;1.0;13.693221395069315;16.708101495305748;47.97518926324643;0.3527887043180587;74.50384950657798
0.0;0.7676586012901204;0.0239100712667619;308.4522825142745;1.0;1.0917721283331343;1.0;13.686001904637964;16.711657755924943;48.04340266960543;0.3534274952980126;74.49220321629349
0.0;0.7448583731732026;0.02049989735234;307.9349745221613;1.0;1.2473441047871483;1.0;13.66014229325777;16.724120215796546;48.247045057044105;0.3553831362672811;74.48838417188607
0.0;0.7155079812852694;0.0166972945178394;307.14890391699265;1.0;1.3939402217206762;1.0;13.611743876106024;16.7477771051215;48.51625505163556;0.358041142259847;74.60320283540014
0.0;1.5606098402837738;0.6402466967377822;319.8444718127043;1.0;1.4213236559083395;1.0;13.524341149628778;16.85832189036561;49.17787262808097;0.3647434248405589;75.43789585226688
0.0;1.545003741880936;0.6082343619008931;320.6549578568173;1.0;1.4008648429347552;1.0;13.51289737334364;16.874414753454424;49.2431489600043;0.3654126920958551;75.55417599319735
0.0;1.5295537044621268;0.5778226438058485;321.41546953864645;1.0;1.3772819612705505;1.0;13.50565527597544;16.891413128294385;49.3082658712693;0.366081457750018;75.67480728030093
0.0;1.4991155857433305;0.5214849360347783;322.8054274701739;1.0;1.3221713146776122;1.0;13.486726455023469;16.9283198928862;49.43802298433128;0.3674173416891582;75.92749231927175
0.0;1.484124429885897;0.4954106892330394;323.442725130575;1.0;1.291386167641086;1.0;13.480513741318166;16.948150126560186;49.502663960018886;0.3680844056272575;76.05874137022126
0.0;1.440044450193856;0.4247527396811771;325.160582873226;1.0;1.1906758162351154;1.0;13.48526038359862;17.011802179415575;49.69564118728097;0.3700818554919564;76.46743066692332
0.0;2.401387565634998;1.3333393475622624;333.15912948698696;1.0;1.1203414398478693;1.0;13.492540914512912;17.057374360996956;49.823508423185416;0.3714102443660674;76.74863400291608
0.0;2.3535999530788616;1.2033387611749418;339.6557051061783;1.0;1.0508037621392037;1.0;13.501958510849994;17.105328836853843;49.95075182114327;0.3727359617223743;77.03359986012977
0.0;2.283695680872466;1.0317125703623655;347.36781798508395;1.0;0.9535968271055784;1.0;13.501261226491774;17.18223798772438;50.14045385859458;0.3747194487449145;77.46267851145423
0.0;2.2608587240637417;0.9801269418442474;349.528131047412;1.0;0.9242004802289424;1.0;13.506003140549437;17.209073894903387;50.20337923145146;0.3753792429591236;77.60502996397423
0.0;2.2382501368231043;0.931120594752035;351.5250649031971;1.0;0.8966991876529904;1.0;13.510748017707456;17.236412587843102;50.26615091080226;0.3760383503035325;77.74663224943856
0.0;2.2158676354548734;0.8845645650144333;353.3784888415578;0.0;0.8663581465606064;1.0;13.515185142083952;17.264218549672712;50.22889104102368;0.3765956791276185;77.88713623219928
0.0;2.171771869509321;0.798319519925526;356.7207142618232;0.0;0.7844432486681878;1.0;13.523675365687264;17.32099054386039;50.15464217096044;0.3772113343982858;78.16300827735382
0.0;2.150054150814228;0.7584035439292497;358.2368217376758;0.0;0.7342182297434096;1.0;13.526222576729868;17.349904797434277;50.11765273096441;0.3773293986445277;78.2974825638715
0.0;2.065333438556085;0.6177244265525235;363.5058486265756;0.0;0.488641595657223;1.0;13.527957887178744;17.468640622290952;49.97058983286925;0.3770066745206171;78.80254228834963
0.0;2.0446801041705243;0.5868382052248973;364.6621059855692;0.0;0.4198902713391005;1.0;13.527427641008428;17.499005999894134;49.93404673520916;0.3767941816595808;78.91868982642745
0.0;2.024233303128819;0.5574962949636524;365.7656240004939;0.0;0.3497221186047906;1.0;13.522812679295434;17.52968885089083;49.89759225470613;0.3765475878881729;79.03010283933952
0.0;2.003990970097531;0.5296214802154697;366.8208763477241;0.0;0.27887995573831;1.0;13.521542187505275;17.560567280121962;49.86122617548982;0.3762732863134843;79.13647993925562
0.0;0.3940065075765433;0.0014877004394344;332.4491712747237;1.0;1.6506417600105558;0.0;11.85854203568702;29.754045878082085;42.28412864669262;0.3688302085937572;77.80338382351417
0.0;0.3784810790920622;0.0012117413060471;330.0077545178514;1.0;1.503358411914605;0.0;10.946814068550458;29.692694876482182;42.20269579538717;0.3673836694774804;77.98806749287397
0.0;0.3709493056181302;0.0010935965287075;328.7751995484781;1.0;1.4080386552960908;0.0;10.517583381311418;29.695066050925394;42.16227417228789;0.3666372989736353;78.07801190090734
0.0;0.3672398125619489;0.0010389167022721;328.156113763516;1.0;1.356973305286575;0.0;10.309321291792266;29.70357253500338;42.1421366429028;0.3662608688731822;78.12151311891867
0.0;0.3635674144363294;0.0009869708671585;327.5352128376232;1.0;1.3044138882129257;0.0;10.105183067267005;29.71662972711676;42.12204780965172;0.3658828952293977;78.16372406311945
0.0;0.3288038526735136;0.0005909359161199;321.2354077286988;0.0;0.4751963592134546;0.0;8.273424240750659;30.050301952547787;41.03361725077845;0.3620725600150669;78.43588059264545
0.0;0.3222606560053107;0.0005333196642982;319.95768632403394;0.0;0.2678133970643226;0.0;7.9490186505417935;30.15171626764023;40.799361350246514;0.3613104117860102;78.43706358179507
0.0;0.312689192261297;0.0004572549471777;318.0314133768232;0.0;-0.0302871564706526;0.0;7.486103859319674;30.319668681779746;40.45011044010409;0.3601692391887928;78.39384096856733
0.0;0.3064666773352972;0.0004126725898278;316.74118747020765;0.0;-0.2101148824151417;0.0;7.19256953763938;30.440690489360342;40.218690391047474;0.3594100637659028;78.33285046662442
0.0;0.3003679904563248;0.0003724370123196;315.446450811172;0.0;-0.3680664826166563;0.0;6.91054485939418;30.567870506883764;39.988395034634415;0.3586522937117384;78.24510064313938
0.0;0.2943906674462439;0.0003361244036184;314.1474740095107;0.0;-0.4997721491296132;0.0;6.6395785250750965;30.700369949678667;39.759218897969696;0.3578959922617767;78.13034795604503
0.0;0.2799625955247978;0.0002600866561485;310.8831992546951;0.0;-0.6976615829501758;0.0;6.007739094840794;31.05003787871284;39.19113946679384;0.356011895834958;77.72858849000802
0.0;0.2743913398738544;0.000234728207174;309.5714208285229;0.0;-0.7224370593808367;0.0;5.772172274785626;31.195565728009274;38.96583788353095;0.3552609696361621;77.52500801123969
0.0;0.2635792262613785;0.0001911875917945;306.9387990843828;0.0;-0.6856941209413082;0.0;5.328386574930128;31.493260529288868;38.51851414727019;0.3537638118836352;77.05442503774289
0.0;0.2557506596621892;0.0001639194615148;304.9573187320742;0.0;-0.5943566053798145;0.0;5.018085488992098;31.720490789197893;38.18586993127687;0.3526450599156307;76.65525507453611
0.0;0.2506612215349116;0.0001479373140171;303.63341423069863;0.0;-0.5104701987666691;0.0;4.821323535085543;31.873093827842776;37.96545369716095;0.3519011850476759;76.37198440321306
0.0;0.2383763275754805;0.0001144710735314;300.31501429405944;0.0;-0.2537314958204766;0.0;4.362513915039783;32.25599749617133;37.41908798370978;0.3500483440403333;75.62328723403785
0.0;0.2289833491474596;9.323740483556672e-05;297.65311243825846;0.0;-0.0381158119260583;0.0;4.027107881376152;32.56137733707525;36.9867610597308;0.3485730920025942;75.00362233678258
1.0;3.247460541387962;1.6671353002898863;290.76454339784266;1.0;0.8409486567320572;1.0;17.337909983827714;23.280343802192647;44.83907487454633;0.3690113091102894;78.86684405358895
0.0;3.119497638689716;1.3578921216817392;312.63999694740767;0.0;0.6656801714422903;1.0;17.35332304358064;23.18516797746056;44.73203915997591;0.3703319725490492;79.26460341384383
0.0;3.0574196356797905;1.2254976398177695;320.8841715305167;0.0;0.5484428197608467;1.0;17.35990566685214;23.140691614059502;44.67890949357822;0.3703135189500371;79.4524376368386
0.0;3.0268454393229924;1.1642227578268811;324.52636901360177;0.0;0.4849547135624651;1.0;17.35543394227088;23.119410618309413;44.65244115705482;0.3702019225851628;79.5424025377204
0.0;2.93694510292966;0.998175486991822;333.98353716415016;0.0;0.2838442220607578;1.0;17.324384943161213;23.06003304444472;44.573420256372216;0.3695943501284225;79.79285644671693
0.0;2.737424759145864;0.6970631706129311;350.50604984102023;0.0;-0.1606949939246729;1.0;17.278630622436918;22.94354297625428;44.3912588661731;0.3673768419089148;80.2335376567748
0.0;2.6829500064388614;0.6290995114781703;354.32953732706187;0.0;-0.2610595035293493;1.0;17.262823704228847;22.914844819115046;44.33977824985996;0.3666550882756033;80.31675516117919
0.0;2.629559301310728;0.5677623091090487;357.8803066632714;0.0;-0.3437054185193747;1.0;17.240791270384307;22.88833254506652;44.28854672491274;0.3659169587283088;80.37995285636485
0.0;2.577231071214644;0.5124054839709165;361.199914027894;0.0;-0.4068285222606382;1.0;17.229731118386717;22.863596250980915;44.2375630792654;0.365168533343158;80.42321124159884
0.0;2.500684731168498;0.4393236518195645;365.81213103098486;0.0;-0.4631358703372297;1.0;17.211999474397157;22.82905039530104;44.16154974759497;0.3640349394007367;80.45179463518281
0.0;0.1849422399042937;2.748616771548492e-06;299.6497230442289;1.0;0.9321449768970166;1.0;10.744219936960084;20.45626084430472;45.48381373442056;0.3272219120775689;72.10291149484188
0.0;0.5762036082867401;0.0127840412421858;355.7651733713181;1.0;1.7102304478204209;1.0;13.129650226759033;26.8005032759166;53.38304358049752;0.4458760377670668;87.42812533517798
0.0;0.5534988870678456;0.0104126814920181;353.7527581635039;1.0;1.7031422318744602;1.0;13.14149422679108;26.855161246136;53.59034477866249;0.4482086491781433;87.69121456070106
0.0;0.5479638981971671;0.0098920474174172;353.2394647551732;1.0;1.684458265768558;1.0;13.14355602716044;26.868201272046093;53.64185396034075;0.4487905471940311;87.7649034059855
0.0;0.531688822456813;0.008481194154508;351.6762109417073;1.0;1.5945161787157625;1.0;13.15470464341669;26.90571263708073;53.79562774212975;0.4505329482676153;88.00103108567787
0.0;0.5263719342322449;0.0080571344467826;351.14755476616284;1.0;1.5549351107819618;1.0;13.16116956068439;26.917553798721848;53.84663543428789;0.4511126152935274;88.08387892328662
0.0;0.4808498405124803;0.0050780042291566;346.23163972646165;1.0;1.093855881778962;1.0;13.262956922866534;27.00471755478202;54.30013349731821;0.4563030869330643;88.87080181648994
0.0;1.4472834138233708;0.9539292628730658;347.2526923446532;1.0;0.8521805022273042;0.0;13.0565333606143;27.04660675923112;54.44791798705336;0.4590646277938718;89.29878996609388
0.0;1.3625886046720166;0.7012256653678747;352.48808627869687;1.0;0.6657781684424501;0.0;11.58010639182104;27.253972653094337;54.14696175782829;0.4591254510266222;89.75166104830444
0.0;1.3489627186252964;0.6661643820994809;353.0752118264789;1.0;0.6485506974884622;0.0;11.350804940573076;27.3068667343217;54.09722795549682;0.4588684347318084;89.8169183413785
0.0;0.5480697890681622;0.0007084523953425;364.42348872336856;0.0;0.6583828629002075;1.0;12.792458266368142;20.318071235682744;54.49824544023534;0.4278296941216795;84.50297874889858
0.0;0.5264736525804181;0.0005770389038339;362.1983817261223;0.0;0.300059133963144;1.0;12.788411214414433;20.33241037273952;54.30843414921631;0.4263975706197874;84.65697704118416
0.0;0.5006712051384871;0.0004465017039826;359.3369144244825;0.0;-0.1287760835091543;1.0;12.795325527898331;20.34545506659656;54.073750366078826;0.4243396900641267;84.75177868889006
0.0;0.4907078481562312;0.0004029677878443;358.169012318071;1.0;-0.2695482896984318;1.0;12.801994471335238;20.349097217566747;54.08055070241348;0.4235809681202872;84.75553879707246
0.0;0.457371781212428;0.000281407435376;353.9851407968009;1.0;-0.3224053921846858;1.0;12.855793955441982;20.35559115058841;54.45068591432318;0.4246942001520405;84.63672117911021
0.0;0.4482700827663007;0.0002539702104269;352.7641255702992;1.0;-0.2225135859806602;1.0;12.865079672623336;20.356494196624613;54.55527969332752;0.4255771608061426;84.5766646181051
0.0;0.4349560130380588;0.0002177477091647;350.91287967132826;1.0;-0.0018325565057499;1.0;12.869714496166957;20.3584949790064;54.71121379878072;0.4270941493917428;84.47734460801415
0.0;0.4306064529076782;0.0002068603237065;350.29074748523084;1.0;0.0864091965792685;1.0;12.873485385434456;20.359329990533983;54.76293799200659;0.4276332553631543;84.44354168034822
0.0;0.4263003883786014;0.0001965173075212;349.66617563116137;1.0;0.1801390824794335;1.0;12.879545467406682;20.36015750808738;54.81453577938071;0.4281839174646683;84.41011726214371
0.0;0.4054074276165555;0.0001520613464487;346.50846439452124;1.0;0.6917371049354558;1.0;12.92138063152602;20.36334618184665;55.07063938006819;0.431044689389042;84.26292108924642
0.0;0.3973398198069861;0.0001372353651699;345.2300212974266;1.0;0.8962871449898657;1.0;12.935177291942525;20.364428952280782;55.17220669960551;0.4322165606021131;84.22015130953923
0.0;0.3933664216089163;0.0001303735969114;344.58769765514546;1.0;0.9945864047524706;1.0;12.94018674816834;20.3649993483052;55.22280426313008;0.4328053695270085;84.20346374287517
0.0;0.3894327573928271;0.0001238549170659;343.94336731957475;1.0;1.0890843248761355;1.0;12.949505206270205;20.36549871539763;55.27327816538725;0.4333954768773179;84.19023975223278
0.0;0.3740875529148477;0.0001008806040434;341.34687827036475;1.0;1.4146843076399902;1.0;12.987432030153828;20.36669233215602;55.47394317577418;0.4357626789493317;84.17572636507536
0.0;0.3593470107206666;8.216788249713455e-05;338.7218166814141;1.0;1.6316414844725775;1.0;13.01478890945842;20.36763000837934;55.6726535743333;0.4381314966269772;84.22777085399807
0.0;0.3451873047036995;6.692625384318169e-05;336.0708719859715;1.0;1.7243661204562952;1.0;13.029559118361863;20.36943093620751;55.86942833812064;0.4404954353825714;84.3467791394748
0.0;0.3383180773400959;6.040094409347148e-05;334.7364996946058;1.0;1.7249421402044312;1.0;13.037887401095231;20.37079774863328;55.967095736877255;0.4416746126452188;84.42956163661702
0.0;0.3249869952037675;4.91969464700331e-05;332.0515017583608;1.0;1.6458178715154863;1.0;13.0443458657455;20.374671224126743;56.16100222794753;0.4440264667461847;84.63491791273673
0.0;0.3217371252517298;4.673709914653144e-05;331.37708437833754;1.0;1.6118299727923835;1.0;13.042792893855104;20.376087571613493;56.20918297589311;0.4446130025042094;84.69330494136663
0.0;0.3121812108946282;4.00712203807574e-05;329.34681011886704;1.0;1.48417029381169;1.0;13.044210245642754;20.381192083995543;56.353019724736;0.4463690666799894;84.88159194452642
0.0;0.2968812253265249;3.100634647299157e-05;325.9417070690309;0.0;1.2158808704894306;1.0;13.036742054945703;20.39302609030174;56.490534890338935;0.4491827309666245;85.22426215073097
0.0;0.2823310912876451;2.399211984232124e-05;322.513588256038;0.0;0.7946195783086719;1.0;13.036492698132983;20.406149391034354;56.22928745436551;0.44950104720209;85.56635578718154
0.0;0.276712702571021;2.165288815769492e-05;321.13679130840075;0.0;0.5902114972337776;1.0;13.048501835634724;20.410296519874347;56.125674475891486;0.4490592271552608;85.69044290789438
0.0;0.2739455755453108;2.057024374981017e-05;320.44732651002084;0.0;0.4848678496571318;1.0;13.05686303175981;20.411944147184908;56.07405661111623;0.4487707000690239;85.74804847938148
0.0;0.2712061197898577;1.954173156231966e-05;319.7571906502806;0.0;0.3789057614191479;1.0;13.062523507111242;20.41333338086481;56.02256408762912;0.4484481522861313;85.80218997234256
0.0;0.2502540081324741;1.2964383981209193e-05;314.2153993929616;0.0;-0.3751329195698852;1.0;13.11631375204572;20.41451820368883;55.615099701974685;0.4452090499512115;86.07550534384606
0.0;0.224061986762576;7.374142804819248e-06;306.55412816262134;0.0;-0.7318253414424702;1.0;13.1212662485615;20.3978285382782;55.06761930922725;0.4401828537657848;85.90442437542424
0.0;0.2130807199720353;5.705971132771916e-06;303.0639002862171;0.0;-0.6061983643264612;1.0;13.084554021960493;20.390605836391654;54.82356304815828;0.437873828266821;85.64125058941399
0.0;0.2067520095081458;4.892156999960322e-06;300.9691517399803;0.0;-0.4726010591593407;1.0;13.06870015223679;20.387493316995418;54.67854672926319;0.4364912830513585;85.44511954988266
0.0;0.2046844894130643;4.647549149962306e-06;300.27092877417346;0.0;-0.4217814439127754;1.0;13.06254340603888;20.386599728931323;54.63044247228704;0.4360311498378912;85.37507110365804
0.0;0.1888715266375929;3.083279061505109e-06;294.6885408927083;0.0;0.012887430465246;1.0;13.040907932270036;20.37928608271042;54.2497887634385;0.4323653540691619;84.77024863110897
0.0;1.2958082051502124;0.5425950527474154;354.9085083524316;1.0;0.6202964770303953;0.0;10.478113650047185;27.56104781315505;53.899497828519;0.4574932631358578;90.04243038709397
0.0;1.23230070967663;0.419849708597757;356.3778253888543;1.0;0.6673186915443331;0.0;9.480989366026463;27.95790218729688;53.65502466854668;0.4553664558673126;90.23900098181592
0.0;1.2199777025798637;0.3988572231678692;356.5921226480225;1.0;0.6856629827690758;0.0;9.293253209811157;28.045835258613227;53.60648573106565;0.454915254601421;90.26678985090967
0.0;1.160186656253312;0.3086281160714805;357.36209865207024;1.0;0.8067607100529675;0.0;8.408883286306692;28.5189361323394;53.365553682462654;0.4526025009203585;90.35061500729384
0.0;1.114470672852173;0.2513795294659463;357.6792145816903;1.0;0.92050369502105;0.0;7.762377644266696;28.92875824412607;53.17490609420155;0.4507208997438659;90.35663099414036
0.0;1.1033259661236512;0.238810552992649;357.72312238458784;1.0;0.9487885969172968;0.0;7.608672274459535;29.034477136913218;53.12753323173418;0.4502490427642139;90.35050413934135
0.0;1.0922927064624146;0.2268700253430165;357.7539227260064;1.0;0.9764660208299268;0.0;7.458010474367379;29.141268410608703;53.080275420180655;0.4497769833736659;90.3415456054907
0.0;1.0813697793977906;0.2155265240758657;357.7720423069101;1.0;1.0032887008682898;0.0;7.31033197728748;29.24902389996909;53.03313237927775;0.4493048515512369;90.32986668621206
0.0;1.0705560816038129;0.2047501978720724;357.777865931151;1.0;1.029027434834561;0.0;7.165577709872814;29.35763992742787;52.98610382944504;0.4488327531284456;90.31557779369504
0.0;0.9024179621237016;0.0856102213704638;356.2491830813199;0.0;1.1090393831797565;0.0;5.100245560455936;31.254156034242005;51.80581254005109;0.4408570234736928;89.7613782948643
0.0;0.8933937825024647;0.0813297103019406;356.0743672717184;0.0;1.0610859419844698;0.0;4.999253928571925;31.364816595524875;51.6618892443306;0.4403918473002112;89.71186351633905
0.0;0.866859093768359;0.0697300603701263;355.4995026767149;0.0;0.8697379492721046;0.0;4.708120032476373;31.694026894802526;51.232217465350246;0.4389992123952559;89.54628659892428
0.0;0.8581905028306754;0.06624355735162;355.2914853620828;0.0;0.7932045781783441;0.0;4.614893004898604;31.8027117262714;51.08969007124487;0.4385359684050731;89.48463108163872
0.0;0.81613062911065;0.0512580019108715;354.1336937613901;0.0;0.3586023116535635;0.0;4.175727843677652;32.33673772640992;50.38223902324837;0.4362270225260002;89.11811559674314
0.0;0.7998896295913481;0.0462603467245615;353.6177279646166;0.0;0.1784018243693553;0.0;4.011995199560918;32.54542880906694;50.10166301515018;0.4353068385782832;88.94096403125725
0.0;0.7918907332954347;0.0439473293883335;353.3488503924733;0.0;0.090531789470959;0.0;3.932552364703714;32.648620655479284;49.961886899147245;0.4348474731904493;88.84528510444348
0.0;0.7839718259624804;0.0417499629189168;353.0728484399238;0.0;0.0052204787517992;0.0;3.8546826030744703;32.751014743910744;49.82245093364357;0.434388591767505;88.74474912280027
0.0;0.7530802079719731;0.034005605734726;351.89962270376947;0.0;-0.2966733668876152;0.0;3.5583204891107933;33.15223899784964;49.26809203450993;0.4325578980867011;88.29317762110696
0.0;0.7455494058922534;0.0323053254479897;351.5895069564881;0.0;-0.3594424526720263;0.0;3.48786101372862;33.25037459326071;49.13034443252968;0.4321014305717951;88.16793291400441
0.0;0.7019199660452655;0.0237473827608186;349.59496351223254;0.0;-0.6017690993128187;0.0;3.093455157446484;33.81995311197478;48.31086969826067;0.4293727198286011;87.31851057604301
0.0;0.6810722411337552;0.0203604122945569;348.5157658944645;0.0;-0.6319329841272663;0.0;2.913306321450762;34.09195169113951;47.90560284531404;0.4280148319954526;86.83779300755754
0.0;0.6675189035351935;0.0183752720958376;347.7675789979373;0.0;-0.6201382891516636;0.0;2.799073923931301;34.26842270250543;47.6370659360551;0.4271119598110749;86.50044238382617
0.0;0.6542352773548432;0.0165836830664934;346.99720975725;0.0;-0.5854904920980327;0.0;2.689320641908002;34.44096550821017;47.36983436954287;0.4262109920865908;86.15199369269
0.0;0.6476929245812948;0.0157544989131687;346.60391496289293;0.0;-0.5605381968871064;0.0;2.636068513048679;34.52575686358579;47.23670610361734;0.4257612211517363;85.97429445448152
0.0;0.6159495266674424;0.0121905309388744;344.5595783308955;1.0;-0.3582843286829202;0.0;2.385213365193054;34.93486404131112;46.77542151246428;0.4235194758159518;85.06306338430139
0.0;0.5857618711013524;0.009432800458505;342.3926286804322;1.0;0.0706488300100832;0.0;2.1582302361607906;35.31927142007381;46.61717027030624;0.4212895337378958;84.15565540154056
0.0;0.5799042523903388;0.0089611604355797;341.94535576638395;1.0;0.1767632628767767;0.0;2.1154943997488886;35.39321058269472;46.585749898108375;0.4208449562467751;83.98040065294944
0.0;0.5459683421787314;0.0065872763667842;339.17058493687153;1.0;0.853327485691135;0.0;1.876275130945819;35.81655719894543;46.39882117975285;0.418187326177534;83.01185956034735
0.0;0.5244550110832041;0.0053653777712231;337.2389920286132;1.0;1.261479570287069;0.0;1.7320201820513563;36.07982857909803;46.2757061642575;0.4164249031761335;82.47152599019255
0.0;0.5192104609723721;0.0050971088826619;336.7464856459253;1.0;1.3497253149942428;0.0;1.697723868321732;36.14332903932719;46.24511375106261;0.4159854592152781;82.35194926706365
0.0;0.5088781727990219;0.0046001407666024;335.7503921350558;1.0;1.505033310677406;0.0;1.63115513061413;36.26759432481975;46.18415126406517;0.4151079620101943;82.13232965434554
0.0;0.5037893910710317;0.0043701337282722;335.24693043318274;1.0;1.5711350077666155;0.0;1.5988560782688606;36.32837281639832;46.15378082933631;0.4146699077877901;82.03239733193722
0.0;0.4937639821887182;0.0039440456897657;334.2294854305095;1.0;1.678534565162202;0.0;1.5361640011909037;36.447256879949855;46.09326067839719;0.4137951856616562;81.85228391843238
0.0;0.4743077111721938;0.0032124498645997;332.1541921060479;1.0;1.7904011329774234;0.0;1.4180580328335275;36.67454032395936;45.973098243616406;0.4120512730433833;81.56884251764227
0.0;0.4695646340604718;0.0030518273713697;331.62729419221387;1.0;1.7971683094465647;0.0;1.3899785847634574;36.7292214033009;45.94323948585504;0.4116164444767238;81.5131484251994
0.0;0.4465512947764433;0.0023614458445066;328.9471967728569;1.0;1.717398932163441;0.0;1.2577045468894004;36.99018424749435;45.795027969966846;0.4094491749403712;81.31465156193042
0.0;0.4420857818286789;0.0022433735522813;328.40244097565727;1.0;1.6818293531662776;0.0;1.2328003098348248;37.03994520671176;45.765600893066015;0.4090170923100428;81.28902469036012
0.0;0.4162149879241225;0.0016490857059246;325.0772067965527;1.0;1.3793380503213326;0.0;1.093395681593221;37.322186188467626;45.59053039221489;0.4064341550162173;81.2077705192317
0.0;0.4038529865677881;0.0014138848571171;323.38042598161326;1.0;1.199705397016508;0.0;1.0297212173020267;37.45319035420157;45.503946496662486;0.4051488095274028;81.19940384685069
0.0;0.3879395675236008;0.0011516180529022;321.08558255120136;1.0;0.9682203867758;0.0;0.9505524116204002;37.617883361549616;45.389477516586126;0.403441336492541;81.20365775245452
0.0;2.719116049451819;1.1959251238852031;360.1697995143346;1.0;1.6124877394905583;1.0;15.400369915651485;17.86332721508515;49.16010944177769;0.3839498100877436;77.2497717070068
0.0;1.7642241092254047;0.272493212061167;353.1284707680104;1.0;1.7185701702511411;1.0;15.416533834335572;17.865152217470623;49.03064059846555;0.3826482586828075;77.09045205151344
0.0;1.8365932096942656;0.3345501794015295;350.07547721899346;1.0;1.862488614955809;1.0;15.43066465832423;17.87384806749065;48.76979579679111;0.3800381773302249;76.80787695319133
0.0;1.9312433499040185;0.4323577425962752;345.65659819004253;1.0;1.8665082394048167;1.0;15.4052101869685;17.88981179857165;48.44013181127584;0.3767653190952916;76.5445054431214
0.0;2.0720042368711;0.6191245190751379;337.95048232885176;1.0;1.4793270420847902;1.0;15.347247944367886;17.916490451427993;47.971779092768784;0.3721853889366295;76.3839409013057
0.0;2.178786452170533;0.8001289371064895;330.7329241542134;1.0;0.9536114831152924;1.0;15.346759172737483;17.939484331841758;47.63229993774958;0.3689638451651654;76.42131976576181
0.0;2.2007943961318515;0.8422409864278837;329.0289770339988;1.0;0.8318640626501315;1.0;15.348744800358412;17.945024445177555;47.56390471278171;0.3683331947948027;76.44206515140311
0.0;2.291071765051212;1.034050980490185;320.9262239124079;1.0;0.3240743678340307;1.0;15.362238814185671;17.971320011362334;47.28864558003446;0.3659065920269653;76.55879040197142
0.0;2.3850523437539697;1.2695433343699756;309.7393468869113;1.0;-0.1560966507710912;1.0;15.358372959574616;18.00464311915954;47.01068154264477;0.3637828022184998;76.70870199442255
0.0;2.409143781569666;1.3363614045999743;306.22680081914325;1.0;-0.2616414627035672;1.0;15.354789461109004;18.01375120819008;46.940764789958514;0.3633379503411024;76.74762046379159
0.0;2.458059158830391;1.48073285828252;298.01511901104266;1.0;-0.445731086893374;1.0;15.349178970156204;18.032784176345924;46.80041747791668;0.3626135880225502;76.82334383979824
0.0;0.3681987888438352;0.0006884627756376;288.6794164917535;0.0;0.8747906077195376;1.0;12.088633065151022;22.72701136611197;44.88881039173722;0.3725568149159763;73.62264647901715
0.0;0.3794694097838246;0.0008029890953639;290.1707009731155;0.0;0.6883530766119291;1.0;11.994501938288073;22.87395890870863;44.963599658340655;0.3726221935678533;73.64555171734783
0.0;0.3833024341250753;0.0008452516793304;290.6632212264934;0.0;0.6058668866522949;1.0;11.964889730332668;22.92390998176712;44.98865047914612;0.3724634680649127;73.65952841797456
0.0;0.3910850261453681;0.0009365669577069;291.6411281363709;1.0;0.4128152741258344;1.0;11.89435968563377;23.025477396674063;45.03893460645407;0.3717401716373205;73.69700268299664
0.0;0.4030561982908032;0.0010923656016409;293.0894573742466;1.0;0.1094702038566301;1.0;11.774016803698272;23.181792232017287;44.813718751572736;0.3703119787069426;73.77531492676165
0.0;0.4112398717383973;0.0012103773979401;294.04210131149176;1.0;-0.0692013899023332;1.0;11.688595568214089;23.288199568884792;44.662654747476005;0.3696036711984482;73.83852279056127
0.0;0.4238279867735587;0.0014117246221782;295.4507251944811;1.0;-0.2791720684015528;1.0;11.577594107668968;23.451209140508222;44.43466958408597;0.3691769332356935;73.94157809999611
0.0;0.4412135615403594;0.0017332274886512;297.28879173421035;0.0;-0.4282132586081088;1.0;11.411895570053806;23.67479411684865;44.32856598578859;0.3703588549177491;74.07646281751698
0.0;0.4781534526339395;0.0026125627232847;300.8146858329075;0.0;-0.5126913857367889;1.0;11.047636854121835;24.13516269162022;44.51812228924654;0.373499412977232;74.27329177583246
0.0;0.5130042155388165;0.0037411187085359;303.71670478804646;0.0;-0.3125175470636839;1.0;10.671173364189892;24.5459436256996;44.6870244959959;0.3762661482983741;74.32472534033855
0.0;0.5181860763018348;0.0039380196931957;304.1160486661455;0.0;-0.262483026839749;1.0;10.609328712891754;24.60460403073721;44.71138806391831;0.376662450732422;74.32178685398806
0.0;0.5672427945167114;0.0062483512597282;307.5224343732317;0.0;0.3444222286015349;1.0;10.064412082225004;25.126082196642333;44.933337096172245;0.3802246619929812;74.1981455338312
0.0;0.57297251971385;0.0065772118523455;307.8788278182222;0.0;0.4186347078771065;1.0;10.001293450850998;25.182980858747328;44.95829820722114;0.380617141629649;74.17669689661402
0.0;0.596476056270367;0.0080750907096729;309.25693024479256;0.0;0.6950994358721384;1.0;9.758165199111763;25.408382405024224;45.05874972979504;0.382165004719857;74.08653862253563
0.0;0.6025010669397647;0.0085000954838662;309.5892213259469;0.0;0.7550944640202848;1.0;9.692641430616948;25.464119506954315;45.084015122150646;0.3825431410738189;74.0643454885622
0.0;0.6529444932905317;0.0128125319676242;312.0594776325673;0.0;0.9860757346129158;1.0;9.17207574394446;25.894776593890214;45.288357782439824;0.3852135522412881;73.93843908961817
0.0;0.6662019113259174;0.0141967113214673;312.6218850307958;0.0;0.9527796201457644;1.0;9.053584938005685;25.99898343687419;45.34006552058702;0.3856676802185336;73.93153922980959
0.0;0.7591862688931854;0.0276554597487335;315.67622361547325;1.0;-0.0333930176997657;1.0;8.260503674429096;26.65615485102604;45.07793338604557;0.3828024237868717;74.23952785000293
0.0;2.57289954102298;0.8361715065642062;363.5162365443902;1.0;-0.3066231645828367;0.0;14.19058274164694;23.1187627059712;47.48904357847576;0.4103679359116985;83.91343451619095
0.0;2.6784407953380738;1.0265992514657885;354.3740134541616;1.0;-0.2253883392644221;0.0;15.372474642698114;22.850389721164923;47.62529723322504;0.4121003365926195;84.03312501408263
0.0;2.7054957528667414;1.0806307910166195;351.6686394427115;0.0;-0.1702122628765194;0.0;15.68301919733941;22.79904510173713;47.65956799201527;0.4125338949333471;84.0557747032497
0.0;2.7883113894446367;1.2603945659911002;342.1288122039824;0.0;0.0332389685479208;0.0;16.652802837422506;22.68836305312308;48.06398163478797;0.4138344964878793;84.10673325118807
0.0;2.8736620252567886;1.4700621851478062;329.6242386877814;0.0;0.259474921541404;1.0;17.331053639395723;22.65076687476056;48.37124000230131;0.4151322746621106;84.13884457761438
0.0;2.9026889144007963;1.5474338791029538;324.5472923949983;0.0;0.336835267638606;1.0;17.32919599925907;22.64677115900889;48.40732993387645;0.4155633327817765;84.14713480867607
0.0;1.981439653550912;0.7522191329382756;305.49391521151455;0.0;0.5640465659164954;1.0;17.33203647360992;22.633549518388005;48.51612730090016;0.4168473833821421;84.16842240252782
0.0;2.0216709045514865;0.8334838038097235;302.4081766314136;0.0;0.7032671151771676;1.0;17.32487009208597;22.623359420150056;48.58910067270682;0.4176907278703635;84.18208786952694
0.0;1.1157581455905483;0.0245257448071;292.5128101566374;0.0;0.9602149673784204;1.0;17.366805142682313;22.5940523241574;48.77309300784572;0.4197004097909892;84.22976481464416
0.0;1.1384125554438818;0.0271753405064819;292.02288184403164;0.0;1.010442352200112;1.0;17.389556948616956;22.58239896370025;48.84731808338205;0.4204288492204499;84.25974015138058
0.0;0.8227479100964791;0.0416861743238709;316.9780534410296;0.0;-0.3925973396834224;1.0;7.738198066675243;27.034202597495405;44.87618417374072;0.3846977004236061;74.62473008097834
0.0;0.839453025299948;0.0461896668408542;317.22709103763583;0.0;-0.4441298375093881;1.0;7.5888180682025315;27.12210300089133;44.92585818039765;0.3855096676809403;74.72085824803233
0.0;0.8916311468001052;0.062835228397884;317.7768598999645;0.0;-0.5034318186926869;1.0;7.137800213232803;27.36117134166416;45.07633284720732;0.387950649085115;74.98712464464208
0.0;0.9097348707275842;0.0696235217705086;317.8912429982135;0.0;-0.4840442177132425;1.0;6.993878873906209;27.432235128270825;45.12697923768311;0.3887643191783997;75.06487750845315
0.0;0.9189241118460446;0.0732879176531669;317.9349755586807;0.0;-0.466237749370081;1.0;6.918273298865385;27.466098634881472;45.15239463594658;0.3891706668755007;75.10118668759756
0.0;0.9375819935170336;0.0812054489231767;317.9948858721506;0.0;-0.4141997543569664;1.0;6.756164013886101;27.52991174689666;45.2034105896384;0.3899814567209082;75.1682780135976
0.0;0.9662815209714052;0.0947140386915605;318.01386964714624;0.0;-0.2961395659482095;1.0;6.490578778598112;27.614091215151937;45.28039967745109;0.3911886672892336;75.25437912944989
0.0;1.068443910680116;0.1581897365678509;317.41425901829814;0.0;0.345877007928514;1.0;5.487054435531499;27.756121790785635;45.54111087621829;0.394898233941066;75.42243710794372
0.0;1.1122718599259185;0.1942154975088907;316.8600466054475;0.0;0.6225411656529506;1.0;5.042736341078053;27.736647709379668;45.64717775371043;0.3959259253451784;75.454720611
0.0;1.1348554840586864;0.2151972271566656;316.5079932298594;0.0;0.7420060236261324;1.0;4.809909943214363;27.70688619406302;45.70059812732506;0.3961807314463838;75.46874832824669
0.0;1.14631867076635;0.2265233970070164;316.3121083201881;0.0;0.7942965398652455;1.0;4.69026404124351;27.686525757260064;45.72740559957759;0.3962057494870594;75.47593588024546
0.0;1.1933410703697906;0.2781113060912871;315.38647818863416;1.0;0.941936456679518;1.0;4.189978347471058;27.565322444304584;45.7351656281653;0.3952990003427752;75.51043785672347
0.0;1.26751591218257;0.3783354294043803;313.50509617520964;1.0;1.1463412043025587;0.0;3.3367605503323152;27.2441849849771;45.293075067581576;0.3951117772245213;75.58722508623316
0.0;1.4299836928946374;0.7001542823802828;306.8551220538021;1.0;1.467731171379283;0.0;4.241854124568397;26.35767999387976;45.60693764767602;0.4001496990145318;75.82522068992573
0.0;1.4886421326012351;0.8596057824974122;302.94710291048136;1.0;1.465565104128089;0.0;4.5951457396853765;26.06376847595245;45.71360379752157;0.4018432405594037;75.95646768522889
0.0;0.5674147193488183;0.0035395233426507;298.96981729574736;1.0;1.1694589097901458;0.0;5.501388299721869;25.431318139014177;45.95741840453707;0.4056799586748912;76.39473509370308
0.0;0.5731461811604225;0.0037258140448954;299.3003034423818;1.0;1.1139174568084336;0.0;5.612523716931638;25.3651463732807;45.98483878146621;0.4061085149728423;76.45585347515119
0.0;0.5966568413712467;0.0045743222288294;300.5739775149664;1.0;0.8623263952805801;0.0;6.079974361793951;25.11259522806364;46.09518756329188;0.4078272692849353;76.72154389023117
0.0;0.6087713920735096;0.0050685010845755;301.18081912684823;1.0;0.7264707343504141;0.0;6.328102821063895;24.9949846542349;46.15076460404359;0.4086893695244291;76.86492224372948
0.0;0.6211319172263132;0.0056160676837401;301.7668568563198;1.0;0.5906529129854425;0.0;6.5863575930444895;24.884302778970905;46.20661182884047;0.4095532889462741;77.01321940206186
0.0;0.6337434111073494;0.0062227896772744;302.33146862545306;1.0;0.4605131386455506;0.0;6.855151940337756;24.781501469937105;46.2627305588253;0.4104190297585469;77.16455292041422
0.0;0.6531423933316941;0.0072579555938468;303.1368176687626;1.0;0.2888091865420987;0.0;7.279050850798005;24.64434620899513;46.34742063193614;0.4117210587703899;77.39269537640372
0.0;0.6597397912441355;0.0076399532566808;303.3938564624844;1.0;0.2407749000528431;0.0;7.426097427315613;24.6037334642662;46.375787851263375;0.4121559798092135;77.46795103882948
0.0;0.744303983851635;0.0141386335355151;305.9976722383237;0.0;-0.1590917331428644;0.0;9.440419933787991;24.384659206417066;47.63156675253055;0.4174101716237108;78.25303410968317
0.0;0.8313103794139475;0.0248569466276444;307.51160180108866;0.0;-0.4657510669342276;1.0;9.714919636140428;24.602281616840344;48.187222392500935;0.4222764021254842;78.72046234004779
0.0;0.9378661639434888;0.0460007080374214;308.0466777266707;0.0;-0.2574239856241311;1.0;9.594322938670867;24.884280316930425;48.58674011927282;0.4275421796503351;78.72563577639013
0.0;0.9473395595388776;0.0484217979341278;308.03281266021315;0.0;-0.2080562947388728;1.0;9.584812894827476;24.909524205605425;48.62056150175433;0.4279644645643241;78.6947593169215
0.0;0.9569086459988662;0.0509703136148714;308.0093877307045;0.0;-0.1545529133891144;1.0;9.574944495886513;24.935088707604223;48.65446507987341;0.4283805163265826;78.65890603024131
0.0;0.9861997652258389;0.0594492650414012;307.8804701972616;0.0;0.0267387342210078;1.0;9.548326494675416;25.013838013313105;48.75667099766702;0.429574227237489;78.5221667099302
0.0;1.0062236151676756;0.0658717618187271;307.74433944558814;0.0;0.1599881856441301;1.0;9.529893138163986;25.0682365996863;48.82522294726923;0.4303000496996194;78.40782381239046
0.0;1.037024273103111;0.0768295807770546;307.46213550907936;0.0;0.3665684961314612;1.0;9.499174844637755;25.15289711532985;48.92867693691996;0.4312048368118775;78.20493807526803
0.0;1.047499265760718;0.0808732429232153;307.346697820982;0.0;0.4345156652727757;1.0;9.489057398086604;25.18194252097722;48.96332936706256;0.4314326354981879;78.12984098876703
0.0;1.0687677438636036;0.0896102414661666;307.0828822361749;0.0;0.5646969313679624;1.0;9.468205216713873;25.24143869536569;49.03288710801184;0.4317218532848089;77.97005169636356
0.0;1.090468058222226;0.0992911262783009;306.77411721822034;0.0;0.6822829088850306;1.0;9.446502039919876;25.302969085291824;49.10278339683634;0.4316963739458149;77.79950845602194
0.0;1.1014828870931574;0.1045169750297904;306.6024777089422;0.0;0.7344919747433336;1.0;9.435307486322031;25.334574477110817;49.13785901371104;0.4315182985617856;77.71102857432993
0.0;1.1126089768617753;0.110017868452411;306.41911043081143;0.0;0.7813441800217289;1.0;9.423899831123542;25.366793089814312;49.17301988897605;0.4311958948461244;77.62087590252347
0.0;1.1238474513755303;0.1158082825814853;306.22384132920706;1.0;0.8221433257195876;1.0;9.412229860473593;25.39967542515526;49.20826623082648;0.4306962455541538;77.52941322451652
0.0;1.1466661069028985;0.1283194266830862;305.796869801906;1.0;0.9034474060362302;1.0;9.379971250949056;25.467574610447706;49.07852738504076;0.429492885354937;77.34392051397536
0.0;1.2679000818229784;0.2143168698532522;302.87734261406865;1.0;1.4052390517618667;1.0;9.1997723242411;25.84782979832675;48.4202306264993;0.4234392225741641;76.41357047234764
0.0;1.3603124337474042;0.3068959241502128;299.94053719272944;1.0;1.662287997944043;1.0;9.046115241595896;26.1591799970744;47.94975199547246;0.4191690301418382;75.84416134964357
0.0;1.387932286243653;0.3400508854850003;298.9387185321396;1.0;1.6909687215303202;1.0;8.989184903371092;26.255188799234748;47.813843969262976;0.4179457684415104;75.70829450070505
0.0;1.4594603659518826;0.4394666099990351;296.0423459104137;1.0;1.64291358569922;1.0;8.845986101657937;26.50783482768651;47.47115226134011;0.4148891261403923;75.43925505515864
0.0;1.4890933230811985;0.4869436121872966;294.6950526850615;1.0;1.571781959884562;1.0;8.797714084075588;26.614625036652868;47.33289833857277;0.413671405501536;75.36331235149272
0.0;1.5041346697789884;0.512572223355049;293.9724154209214;1.0;1.5250183919735532;1.0;8.772789994988905;26.669491544031047;47.26351746677761;0.4130649556926133;75.33255109570939
0.0;0.3764173744285824;0.000987368528107;319.3417285062491;0.0;0.8137544613406948;0.0;0.8951964898834897;37.73421307160489;45.20447378384164;0.4021654557736921;81.20957042220536
0.0;0.3689266686774536;0.0008911000966166;318.1690141220583;0.0;0.6934680634697762;0.0;0.8600952935198493;37.80846760694997;44.94903962514107;0.4013171110634462;81.21027447619495
0.0;0.3615850279707722;0.0008042178371964;316.9885902773335;0.0;0.5558602765914133;0.0;0.8263704344522483;37.88016040727152;44.69484705059043;0.4004705558871768;81.20455141589818
0.0;0.3438637637930176;0.0006222884320201;314.00600988075126;0.0;0.1790994516484401;0.0;0.7477307914491158;38.04861262328557;44.06475796847547;0.3983619724043422;81.1426659391292
0.0;0.3404251261550874;0.0005911740104191;313.4044169774707;0.0;0.1044212882860125;0.0;0.7329247090259616;38.08051938510143;43.93965856161215;0.397941589852844;81.11959097491787
0.0;0.3370208748935366;0.0005616153098981;312.80122460160896;0.0;0.0316485478481157;0.0;0.7184118066210899;38.11185007265112;43.81486355258242;0.3975216509217259;81.09233837678453
0.0;0.355617975234166;0.0002149722034654;322.2682887085929;1.0;0.9983633143067372;0.0;27.673399055767348;12.086102079807617;55.00951427418881;0.4715978332901549;90.49464159284597
0.0;0.9207407020954004;0.0948589710476053;356.5728372175336;0.0;1.1761249266939833;0.0;5.308390536063328;31.03170243166512;52.0947133143385;0.4417888132491804;89.85331643676201
0.0;0.5597736226692123;0.0032608836534185;371.24512887373817;1.0;1.3847916213011908;1.0;25.479244944460618;12.667323132643526;42.99715318444565;0.2815279539964822;78.94240299761093
0.0;0.3592100759941071;0.0002262865299636;322.8813146773809;1.0;1.037742032544055;0.0;28.23243872548244;12.034617599281548;55.06066475671151;0.4713178356010282;90.41625579783002
0.0;0.3665034955556648;0.0002507329971896;324.1020500379206;1.0;1.11980243531818;1.0;28.84648723056775;11.974293106980047;55.063217516126045;0.4703018148553533;90.2604539566824
0.0;0.3815375993032334;0.0003078343440454;326.5210699390129;1.0;1.2861814764514867;1.0;29.0251705840689;11.890378424320524;54.86713205620679;0.4680609621904074;89.96199066615559
0.0;0.3892843580279904;0.0003410906859228;327.7186594887392;1.0;1.3636276193841508;1.0;29.11903519945088;11.853419513509827;54.76836738649212;0.4669373790738332;89.82328257666698
0.0;0.1527934758308013;1.0372004407327897e-06;286.118536453808;1.0;1.227332632343123;1.0;10.937184228215488;19.9340801737062;46.87119860160317;0.3405839472251361;73.66728876545965
0.0;0.1512655410724933;9.8534041869615e-07;285.41144638551907;0.0;1.2149527754723806;1.0;10.938031052790963;19.916028011842563;46.8425707690812;0.3411787237542154;73.74631756270436
0.0;0.471192377435845;0.0009039020261929;338.6211969002707;1.0;1.27064473197488;1.0;29.91934049342649;11.709320847828478;53.80560410566496;0.4562627451450449;89.25660679693202
0.0;0.4759518963998435;0.0009514758170452;339.16750704322607;1.0;1.211311864044148;1.0;29.95772615061013;11.712932106214875;53.75368218032161;0.4557177123039481;89.27746147519362
0.0;0.485615647790882;0.0010542668332911;340.2506797545336;1.0;1.0793841981083112;1.0;30.027982076692364;11.724009954648771;53.649456532308335;0.4546474808365813;89.3357093499307
0.0;0.505535774389571;0.0012943630982464;342.3775977280642;1.0;0.7775596529714056;1.0;30.155603981076407;11.760498143073049;53.43946932534676;0.4526429139447464;89.51524324441176
0.0;0.510642196353102;0.0013624874718384;342.9007642442388;1.0;0.6979730133532175;1.0;30.192213482133017;11.772968923243171;53.38665071626941;0.4521878817836084;89.57227284387011
0.0;0.5158001983364667;0.0014341973387772;343.4203831949412;1.0;0.6182173018800787;1.0;30.22325079599829;11.786912378884356;53.33370275517703;0.4517603666203291;89.63371066241622
0.0;0.5262730316666328;0.0015891383255149;344.44872804952297;1.0;0.4614496446668956;1.0;30.277304654589432;11.818898926426154;53.22741751263652;0.4510149123331617;89.76870201133303
0.0;0.5315889208753867;0.0016727771847526;344.95732699482767;1.0;0.3861217988456408;1.0;30.299589082333565;11.83677098192772;53.17407959710271;0.4507144513369798;89.8416420304553
0.0;0.5533948874880156;0.0020537315517868;346.9530511270002;1.0;0.1252634888489596;1.0;30.379492419356843;11.9199927186607;52.95941853935213;0.4503070284717786;90.16159048806352
0.0;0.5937297086848017;0.0029408876817473;350.28627861409086;0.0;-0.1831477053652856;1.0;30.55037264891151;12.112386771891275;53.08173265928865;0.4532655121982529;90.77265122371271
0.0;0.611903865390773;0.0034301066414898;351.6478107489668;0.0;-0.31412134085809;1.0;30.598659979645785;12.214929609110534;53.22134401598942;0.454703078382205;91.0346013525083
0.0;0.6243279924403357;0.0038006721789361;352.53169371495693;0.0;-0.3949505086059853;1.0;30.64255983720527;12.29008276477805;53.31498555022544;0.4556637994935168;91.20456637390708
0.0;0.6306343357983188;0.0040007075567748;352.96626446099845;0.0;-0.4319811350426635;1.0;30.65958717677889;12.329963984704326;53.36197733813344;0.4561448368928617;91.28737110724646
0.0;0.6370043795942615;0.0042112711123946;353.3958175137073;0.0;-0.4661193110048676;1.0;30.67665419135149;12.371310695168315;53.409083511197466;0.4566263087022746;91.36836642906748
0.0;0.6903365399344714;0.0063478164279804;356.641938092549;0.0;-0.5836748822132702;1.0;30.774567265259304;12.76187625275844;53.79008442364778;0.4604907025054341;91.9190887850917
0.0;0.6973096362974459;0.0066819120294531;357.02266930474497;0.0;-0.5737199959718956;1.0;30.75886228851437;12.81745267739627;53.838232714816456;0.4609746509655845;91.97197021878608
0.0;0.7186543903450854;0.0077934533074245;358.1294180059973;0.0;-0.5060269995130938;1.0;30.69666768808811;12.990088906297046;53.98338198953449;0.4624255871391191;92.10406110703532
0.0;0.7332459854556529;0.0086354053267862;358.8368181845683;0.0;-0.4292532814772939;1.0;30.625720494138218;13.109583654186254;54.08073804462351;0.4633904007848073;92.16835034041397
0.0;0.763323996583801;0.0106020123563032;360.1752693046607;0.0;-0.2052496078301916;1.0;30.48299637591555;13.35595996379453;54.27687624607161;0.4653035599189875;92.23588616901324
0.0;0.7710343399836374;0.011160013006635;360.4934243895511;0.0;-0.1364567046273442;1.0;30.445737786835053;13.419191570942369;54.32620959404376;0.4657756140861045;92.23975250702004
0.0;0.7788225656400377;0.0117473821122473;360.8048030688402;0.0;-0.0634652439522411;1.0;30.41778707317804;13.483084976402235;54.37566304513389;0.4662437312636119;92.23841026662708
0.0;0.8272320623388074;0.0159808348616924;362.5251753189676;0.0;0.4265999867816563;1.0;30.17929622792397;13.882473634645493;54.67492239136908;0.4688937306769684;92.12526138107172
0.0;0.8440282239963344;0.0177072962456425;363.0398248420824;0.0;0.5913726808436883;1.0;30.10751487509831;14.02154281719326;54.77564971119922;0.4696612408056951;92.0508087334156
0.0;0.2427286830643701;3.061112628132797e-05;298.0364258111878;1.0;1.102083990442076;0.0;12.941920781346685;19.450572365146368;53.15514983853721;0.4563538843994643;91.59924561907832
0.0;0.2308325624195466;2.368630599189684e-05;294.7632224726286;1.0;1.1470149325774837;0.0;11.710334286857334;20.69299358303467;52.9236623476495;0.4539519635131575;91.44456825971426
0.0;0.2262389944273976;2.1376891157686897e-05;293.4513736653076;1.0;1.153397980002646;0.0;11.251165548557836;21.186912228059192;52.83185234528241;0.4529945478391896;91.37020041848368
0.0;0.2108695270511;1.4928280369949462e-05;288.8518498700747;1.0;1.1292514286893869;0.0;9.781293528209831;22.88684592638301;52.514009847967934;0.4496591304734759;91.06326658778782
0.0;1.021617378880636;0.0469249428829442;366.2629226871724;1.0;1.1583671970516145;1.0;29.315937835618303;15.582741687234464;54.84744260511583;0.465081177875669;90.84162824754002
0.0;1.0423603498425018;0.0519943965461986;366.4073875513448;1.0;1.1531814610259463;1.0;29.223804133059268;15.774477957667942;54.74850925357005;0.4639504123719339;90.6892223614204
0.0;1.107150639878796;0.0707318325903326;366.5896753386629;1.0;1.0968913730736836;1.0;28.89276782496965;16.386236372368653;54.44878813527961;0.4605437537627631;90.214611092357
0.0;1.1525663529237395;0.0868401348551133;366.4902122580094;1.0;1.028298701970212;1.0;28.608635149588764;16.823702868826814;54.24651596171047;0.4582606290384689;89.88498526957004
0.0;1.1642084372967063;0.0914106682685403;366.436299925253;1.0;1.008140921043774;1.0;28.528047950533395;16.936131922693946;54.195637899038;0.4576883396795423;89.80101326469166
0.0;1.2119646814863476;0.1122283202474386;366.09941952018;1.0;0.9203030058522907;1.0;28.20286810951018;17.39651346290537;53.99087646400017;0.4553931305325366;89.45895704081524
0.0;1.2490631047608496;0.1308975888583626;365.7143526100277;1.0;0.852578961548592;1.0;27.93269151854199;17.753381513378823;53.835985181654;0.4536653516970827;89.19596967525872
0.0;1.261679903798838;0.1377869356403817;365.55972586015946;1.0;0.8308694089587724;1.0;27.83541267788164;17.874256398575298;53.78410164645558;0.4530882083604309;89.10709216551932
0.0;1.2744241452513516;0.1450388796214544;365.3916048529279;1.0;0.8099980217661397;1.0;27.732898039610102;17.99593645954078;53.732091042086815;0.4525104554582424;89.01761763313986
0.0;1.3003001175914208;0.1607078998575672;365.0139449977907;1.0;0.771756652384041;1.0;27.5257214717654;18.241267995470192;53.62768738384018;0.4513531185011747;88.83692569554071
0.0;1.3134344622135563;0.1691662103763866;364.8039059905685;1.0;0.7548750760050622;1.0;27.409742412922547;18.3649503620188;53.57529370706694;0.4507735332343956;88.74574370044185
0.0;1.3267014769833902;0.1780696951330385;364.5793685696493;1.0;0.7398034104462082;1.0;27.298291955616705;18.48897205689713;53.522771715328965;0.4501933359816115;88.65403714016
0.0;1.3401025020034243;0.1874417843505669;364.3400408359177;1.0;0.7267691605253711;1.0;27.191216465391545;18.61345811816167;53.47012109527394;0.4496125261611857;88.56183874902028
0.0;1.35363889091255;0.1973071414216493;364.0856095035756;1.0;0.7159883478879324;1.0;27.084348047735585;18.73853252166413;53.41734153278431;0.4490311032057016;88.46918879893552
0.0;1.4669701154464772;0.2974089010769094;361.4586124334239;1.0;0.7309380129489653;1.0;26.1018151302624;19.754902419662145;52.9904251571169;0.444357586885667;87.71970950871892
0.0;1.481787995400482;0.3130620011335888;361.04848133366943;1.0;0.7469963475903104;1.0;25.95285035793133;19.881973823364728;52.93647085023965;0.4437706250339293;87.62645522529027
0.0;1.527145751361675;0.3651401092096094;359.6912795654697;1.0;0.8142848608284059;1.0;25.51250134507157;20.259474500869555;52.7738138815259;0.4420060398973173;87.3506351109384
0.0;0.1453050752047282;8.025659294056311e-07;282.5893043136498;0.0;1.0584771216917024;1.0;10.940193861164442;19.851599215340915;46.728751051484494;0.3420841358182345;74.05221168488865
0.0;0.1424135042081541;7.243157512885821e-07;281.1821457640942;0.0;0.9273159077712302;1.0;10.938484626867108;19.823402690443576;46.6722538058411;0.3419840248300425;74.19473478331402
0.0;0.1409893691660726;6.880999637241529e-07;280.47958869596795;0.0;0.8517013867927444;1.0;10.937312600592406;19.810191355018617;46.64410775058772;0.3418506260671034;74.26230795888199
0.0;0.1395794754744118;6.536949655379453e-07;279.7777294053545;0.0;0.7707097864218174;1.0;10.93543781780652;19.79754056028284;46.61602985166808;0.3416752385255678;74.32702075888729
0.0;0.1381836807196677;6.21010217261048e-07;279.0765798978581;0.0;0.6853452148433655;1.0;10.934089647629596;19.78540313686596;46.58801994305537;0.3414657097077685;74.38858372227216
0.0;0.1945787373029273;9.903726201435916e-06;283.5874631938034;0.0;0.8847680919461715;0.0;8.335068605453783;24.748677798195786;51.56169090215412;0.4458770626607541;90.62934834401834
0.0;0.714641668647485;0.0565787220003077;279.701745703132;1.0;1.4902676422807586;1.0;15.080478728039765;15.247220591507006;45.16941335875723;0.3370828764441542;70.81827970576998
0.0;0.721860271361096;0.0595565494740081;279.82640212377896;1.0;1.5423802692606152;1.0;15.09000819710877;15.247359245953849;45.09409768822297;0.3363829717216823;70.72122629594057
0.0;1.6690928892206622;0.2461226064388764;292.51361568985993;1.0;1.4081296320375296;1.0;22.770540357319504;11.138513817500304;46.030743607663744;0.3296058791806879;74.7446657720589
0.0;1.6195191613179194;0.2110193696955317;294.8149044815761;1.0;1.5822784257504376;1.0;22.817398385049284;11.147618107564272;46.24410827648815;0.3317119003166347;74.88000408224336
0.0;1.60332396970474;0.2004684012107551;295.541840077724;1.0;1.6252474429196555;1.0;22.836885166175843;11.149862070034482;46.31488284749957;0.3324140515055074;74.93497116388092
0.0;1.5872907300076926;0.1904449811502174;296.24941259190985;1.0;1.6604076519452782;1.0;22.85652075791345;11.151713350842526;46.38548462999949;0.3331160322941566;74.99471422580523
0.0;1.5714178227076157;0.1809227320927065;296.9380043269614;1.0;1.6877208644413382;1.0;22.87935019643688;11.15309718235568;46.45591404491665;0.3338177371249451;75.05910266665059
0.0;0.7291517892536323;0.0626911047094822;279.94416309566105;1.0;1.5910905240546995;1.0;15.095731104767566;15.247960007299936;45.018597690300965;0.3356824182027452;70.6266987164217
0.0;0.7365169588420528;0.0659906365362971;280.0549297085451;1.0;1.635762991830096;1.0;15.10274830669222;15.24893144159543;44.94291291485727;0.3349812359187635;70.53500471935105
0.0;0.7514712364473551;0.0731198188767835;280.25507470111927;1.0;1.7105361116134477;1.0;15.106488653006664;15.252019659122414;44.79098722537028;0.3335770900675133;70.3613385921844
0.0;0.7822968538536353;0.0897719555580863;280.5668516106647;1.0;1.78621744220639;1.0;15.11716233823263;15.261793432074896;44.484898587898186;0.3307627902152192;70.06107675160999
0.0;0.7901988422763994;0.0944967953243014;280.62570840949013;1.0;1.786989358952935;1.0;15.12140021099144;15.26511705185949;44.40790767337848;0.3300583233924488;69.99739189937367
0.0;0.8393154574519168;0.1285509968610278;280.80908760817783;1.0;1.6176441819441674;1.0;15.151584748148975;15.29483609325278;43.94198925630518;0.3258336302875776;69.72707206060802
0.0;0.2518125929276705;0.0001268888588715;294.7738642213041;0.0;-0.1368488862439789;0.0;0.4022371243878008;38.80301085802432;40.32494430254014;0.3855343079391743;78.37354131982472
0.0;0.2543561544723945;0.0001335672198647;295.40827645774766;0.0;-0.1770850405565039;0.0;0.4103628750190699;38.78524551694765;40.4412271218573;0.3859415835298498;78.51207150749619
0.0;0.267464580201592;0.0001726163225167;298.5701446411499;0.0;-0.3673727098780237;0.0;0.4535212286775917;38.690659731500055;41.026909263964725;0.3879844242243539;79.18036437343895
0.0;0.2728951945736068;0.0001912646232872;299.8296034714345;0.0;-0.4303707185360781;0.0;0.4720298252042648;38.65002434036983;41.26318687462204;0.3888045849523051;79.43195401478359
0.0;0.2784360724146584;0.000211927560429;301.08568787635767;0.0;-0.4807532078821862;0.0;0.4912937718944488;38.607713215267765;41.50061846665116;0.389626479418978;79.67171239498194
0.0;0.8563569609753258;0.1424387776853493;280.8022135438961;1.0;1.4941136786654825;1.0;15.15622606453959;15.30840921301643;43.785158502768255;0.3244320080774051;69.6826127295945
0.0;0.9095857852342056;0.1937700299812083;280.5585839996661;1.0;0.9555424584093164;1.0;15.134399625036451;15.357457472974716;43.31004004046085;0.3203079496543591;69.68682847994711
0.0;0.9661231687284254;0.2635997382809631;279.939160818422;1.0;0.2884374482230943;1.0;15.104036539221282;15.418590604176766;42.82790277449688;0.3165669466885535;69.86805646129592
0.0;0.9857393824389608;0.2920772723334771;279.6357659976342;1.0;0.0755287891180382;1.0;15.086891617267716;15.441379257993974;42.66561277824585;0.3155356044775406;69.95604400358965
0.0;2.3577324429636373;0.8784690225924553;366.449571134395;0.0;0.1547360600912637;1.0;21.944845668894736;11.898725743107969;50.28554672953236;0.3791400925108794;81.66656996356356
0.0;2.310813567348661;0.7928182928896909;369.96996168755993;0.0;-0.0167589165950996;1.0;21.893702039031155;11.93744701974878;50.20767722486165;0.378405629031142;81.709364891496
0.0;0.0726116448362238;3.128237090249593e-07;302.59590833064624;1.0;-0.3810613745682434;1.0;25.3007710834032;10.526024409712512;32.4362092070867;0.246470317026574;62.19430971775397
0.0;0.0740859553476418;3.466190681717e-07;304.27307159724234;1.0;-0.449104054914969;1.0;25.23468852595303;10.674448469462604;32.22625196456689;0.2458153361281028;62.19784638637774
0.0;0.0748342983309513;3.648621770228421e-07;305.11432862777804;1.0;-0.4630590446724037;1.0;25.19241090166119;10.750465104461163;32.12088807672028;0.2456526086191849;62.19856482893784
0.0;0.0771249875872812;4.255572847620261e-07;307.64877536511307;0.0;-0.4217184965291181;1.0;25.03412507605709;10.984031910369495;31.90336994244689;0.2460512536081027;62.1921811174827
0.0;0.0779040278659406;4.4795503659160644e-07;308.4971418029345;0.0;-0.3907398395230353;1.0;24.97510490462511;11.062986731527062;31.89733818101088;0.2463108350740521;62.18624795630497
0.0;0.0802886820103294;5.224727063322426e-07;311.05285901723965;0.0;-0.266997413161643;1.0;24.78298671475841;11.302370107648596;31.87915207993464;0.2470906765451827;62.15593490032152
0.0;0.0835821523038904;6.414594195345249e-07;314.4851556262434;0.0;-0.0397177273230736;1.0;24.475877576133232;11.625654477566655;31.854690655543664;0.2481320425910901;62.08692545110013
0.0;0.0844264164685761;6.752204416152893e-07;315.3476163229082;0.0;0.0256549364899154;1.0;24.38752033167968;11.706355714192036;31.848536963540827;0.2483923855297047;62.06495082254448
0.0;0.088777392021561;8.726248074769732e-07;319.6860779456463;0.0;0.3761477043127844;1.0;23.92184369588212;12.103566350862044;31.817536609719262;0.2496899424940854;61.93250440662381
0.0;0.4966496992729383;0.0039305562507455;341.9339777593994;0.0;1.0511416206655648;0.0;24.96776848550392;14.208240536324086;55.62346936597167;0.4350586623334591;93.86646190948942
0.0;0.5328485823319101;0.0056284495654631;345.5748936936901;1.0;1.2340068502855264;1.0;28.1500237444742;13.88508664146311;56.39949263713654;0.4335700479969046;93.49105593889172
0.0;0.5547062207055284;0.0069102595166865;347.57292974099977;1.0;1.2279717492560656;1.0;28.148033877830454;13.864777342701917;56.21614446139198;0.4311727629966059;93.26746900462383
0.0;0.5603093138439681;0.0072739573859857;348.06241042158246;1.0;1.220276174401466;1.0;28.14577032485304;13.8597539804585;56.17002631390813;0.4305718581164481;93.21207760618309
0.0;0.5716858625078748;0.0080597865772695;349.0288610852155;1.0;1.1972063269779916;1.0;28.13301963426424;13.849372737143891;56.07745077021406;0.4293681433146477;93.10205572807337
0.0;0.6133538424013193;0.0115413949997417;352.27263764147705;1.0;1.0414727998289084;1.0;28.13767222289948;13.813983980800783;55.74984514098861;0.4251350680542237;92.7248010769387
0.0;0.6195493357589084;0.0121488368418334;352.71743456541435;1.0;1.0114201826458602;1.0;28.133013774400247;13.808989596228992;55.70258458608807;0.4245277850303494;92.6716035393532
0.0;0.658058840808365;0.0165269634950047;355.28107765137435;1.0;0.8129062047594567;1.0;28.06716922703541;13.775063899018452;55.41657994045496;0.4208705912929747;92.35097557361613
0.0;0.691972372242551;0.0213587110951602;357.2708980621843;1.0;0.6594972049286519;1.0;27.99747844070095;13.737047456570604;55.175014405165136;0.4178051827082816;92.07310458445616
0.0;0.698961992164193;0.0224828537843792;357.65187156089706;1.0;0.6344149380898034;1.0;27.99205161790352;13.728151323323685;55.126345667297386;0.4171901568522713;92.0152880216011
0.0;0.734983496659814;0.0290558382803004;359.4669600496456;1.0;0.5560391593659259;1.0;27.952434456398365;13.678771974937604;54.88120785000456;0.4141052702703532;91.71023411724468
0.0;0.7651327811155639;0.0356729469912605;360.8057979055892;1.0;0.5663373843859849;1.0;27.954294094183044;13.635219354005692;54.68292705642097;0.4116256135614461;91.44317196101484
0.0;0.7728613950662262;0.0375504705171163;361.1239917036495;1.0;0.5806418106111123;1.0;27.953244339628;13.62404635532669;54.63305293520575;0.4110040626780553;91.3729054184099
0.0;0.8126913579668845;0.0485285546558406;362.61091045010056;1.0;0.72435412040938;1.0;27.96338467894195;13.56659656100218;54.381843902884704;0.4078864615676043;91.00133985084054
0.0;0.8209003615827116;0.0510826891114112;362.8867651016921;1.0;0.7668461539736474;1.0;27.95928210021476;13.554801632871117;54.3312323126413;0.4072609691319985;90.9234138596792
0.0;0.8291922844269815;0.0537712516962223;363.1551970339413;1.0;0.8134491433614767;1.0;27.95660467930864;13.542738572939568;54.28049675820834;0.4066348186584776;90.84451371496498
0.0;0.837567964067658;0.0566013175749708;363.4160975708522;1.0;0.8638557629593372;1.0;27.96114674247299;13.530438841365676;54.22963693685815;0.4060080100757635;90.7647759510601
0.0;0.8807326261255113;0.0731490203905041;364.6037009145051;1.0;1.1586989390086817;1.0;27.970056721034545;13.467877467455246;53.97346317903015;0.4028641050727274;90.3596087126872
0.0;0.9168605917127548;0.0898078073563021;365.4064228433874;1.0;1.4143339830463288;1.0;27.999326039676983;13.415602399889831;53.76625621599435;0.4003372112209356;90.04096252336471
0.0;0.9641116558571416;0.1160636079333527;366.21214359246966;1.0;1.6913194611180666;1.0;28.07619211834776;13.352410039235895;53.50438011347306;0.3971642291908793;89.67797910307917
0.0;1.0448303432997446;0.1749472920329493;366.99920402192856;1.0;1.8423571063290305;1.0;28.21699978628924;13.267032379115935;53.07865916789557;0.3920579532632079;89.26636092471465
0.0;1.076812759056481;0.2040499105210081;367.1178343346747;1.0;1.7625250846094165;1.0;28.28760431177183;13.241795448578904;52.91685386103944;0.390136870433813;89.18855619269162
0.0;1.109774161424964;0.237993772294513;367.1288945007721;1.0;1.6001451416197008;1.0;28.378073722214268;13.2225567810303;52.75385692536746;0.3882161771838022;89.159530897902
0.0;1.1209840014393575;0.2505197603100137;367.1069610086318;1.0;1.528290037593712;1.0;28.4094487183288;13.217761761864251;52.69925829633211;0.3875768793987754;89.16096545554834
0.0;1.2520229043128082;0.4404355127781009;365.8121323604296;1.0;0.3407974324840854;1.0;28.452553515410948;13.194743788247983;52.08977689959881;0.3807449796410319;89.50770702782606
0.0;1.264669600315968;0.4636163292401062;365.57138641910376;1.0;0.2207816206007335;1.0;28.44125197532449;13.193061973411716;52.033552135774656;0.3801724209265538;89.56259618278636
0.0;1.3033813291737577;0.5407392672285829;364.672427203587;1.0;-0.1157163236569798;1.0;28.43080043862699;13.186974730786677;51.86405046747163;0.3785803122516417;89.73883892956606
0.0;1.3298452496416262;0.5991570828017538;363.8945691412311;1.0;-0.3072201142128729;1.0;28.439836743513844;13.183199139330725;51.75035650228416;0.3776792911274386;89.86096171780831
0.0;1.3705520150403394;0.6988273308666031;362.3722733312767;1.0;-0.5196263775434874;1.0;28.425758159232345;13.178456044062203;51.578769493312016;0.3767471914538462;90.04049912254256
0.0;1.398379772513355;0.7743239123175657;361.0463713298904;1.0;-0.5978148565866833;1.0;28.40597760869575;13.174264056735064;51.46367679967816;0.3765786099959257;90.15148979936724
0.0;1.4125048207205606;0.8150778024395429;360.26451789913136;1.0;-0.6148893753002005;1.0;28.390301845833665;13.171698310703858;51.40591901808407;0.3766966523398964;90.20280172451425
0.0;0.0896741333551121;9.185524289231296e-07;320.558977486083;0.0;0.4462883100176915;1.0;23.84009402777494;12.181779691706142;31.81128989545148;0.2499476129578597;61.90260992475404
0.0;0.0924190722190913;1.0713543419427086e-06;323.1880232831787;0.0;0.6435147829339969;1.0;23.62538840463956;12.41578437640852;31.79245578071185;0.2507125933186659;61.80951554307675
0.0;0.0933525982011024;1.1277414125712722e-06;324.0678076338612;0.0;0.7022896050267572;1.0;23.56258456982501;12.494165598757956;31.78614629087249;0.2509636120652213;61.77804576921808
0.0;0.09524803407928;1.249574972378141e-06;325.83250490547147;0.0;0.8048124427128469;1.0;23.45709839947757;12.652317990048372;31.77347990311668;0.2514562785426354;61.71574056167096
0.0;0.1063821786081724;2.196861409387389e-06;335.6590216143647;0.0;0.8042079309203644;1.0;22.83053202163932;13.569550742392185;31.70267191526576;0.2534317608353661;61.45197738474159
0.0;0.1107460134132479;2.6971694930362894e-06;339.28205849043337;0.0;0.5128600517176696;1.0;22.55334018619313;13.922926749756146;31.67643735905197;0.2531431392642333;61.40928243384103
0.0;0.120018044083047;4.065550842013624e-06;346.6055631165646;1.0;-0.3043818144344828;1.0;22.07501278527157;14.666593905251474;31.120114026118173;0.2491079845047461;61.388276081247525
0.0;0.1236918146705779;4.741858395700392e-06;349.3779347887908;1.0;-0.5010223322540511;1.0;21.94012058300236;14.965579161663197;30.795070157452404;0.2482956563790902;61.37250783113512
0.0;0.1300663605088029;6.128166469208724e-06;354.02934068526434;0.0;-0.6028939703772425;1.0;21.69889847398077;15.495920101526332;30.54910988643736;0.2492160097985464;61.28144837605866
0.0;0.1381509324350124;8.336599202581802e-06;359.6605463003572;0.0;-0.5082495064833721;1.0;21.32907959938275;16.1794370388321;30.49260777866634;0.2507502716328624;61.01457279736103
0.0;1.4287524530493927;0.2895576081731357;273.1950878609731;1.0;0.3778744516227067;0.0;6.520479457159499;25.092953902714367;53.15841619419754;0.4719519416741652;84.24368956560944
0.0;1.216522379119772;0.1274420254680155;281.03346846968464;1.0;1.6755764922366356;0.0;4.734839856712369;26.26948649344696;52.455006464476256;0.4640485391137522;83.22138357437115
0.0;1.1569006780235784;0.0986122099435399;282.7167006367845;1.0;1.7326258962930463;0.0;4.28426024535985;26.66551140437601;52.24074050284356;0.4616052627662067;83.00103266730757
0.0;1.1453316712433426;0.0936815994463629;283.0147043785122;1.0;1.7218412672578247;0.0;4.199426202376394;26.744969988383342;52.198198790806416;0.4611181474038146;82.96283862127176
0.0;1.0675239626263202;0.0654213548511108;284.7609029964497;1.0;1.4871022196605506;0.0;3.6508057038878254;27.298176583882583;51.9032834047852;0.4577226792160975;82.73379794901963
0.0;1.056848723000057;0.0621502871085552;284.9637090757758;1.0;1.437229456892443;0.0;3.578514898898902;27.37632903684867;51.86156058211213;0.4572396558653598;82.70451322803646
0.0;0.9654495364416128;0.0391701817643819;286.3013339414487;1.0;0.9532221621173278;0.0;2.989026813929673;28.062240728586747;51.49058161148816;0.452915312297842;82.43583627641111
0.0;0.9367747197597605;0.0335835345902369;286.5627194556392;1.0;0.818229554927526;0.0;2.8149594100522104;28.28213253700193;51.36871350082591;0.4514829708282994;82.33344179128683
0.0;0.8998620580700939;0.0273539988208392;286.7773188820846;1.0;0.6868135053725921;0.0;2.5985349989162656;28.56721465527967;51.20759808520143;0.4495802257713145;82.18044893380063
0.0;0.8644039025325204;0.0222800030020661;286.84596280821535;1.0;0.620520838067584;0.0;2.398750083963824;28.84230600621392;51.04804056203016;0.4476854995646482;82.00762399710229
0.0;0.8056809241461335;0.0155589570534235;286.6370022769952;1.0;0.6559013978192288;0.0;2.085373047732759;29.29800831562797;50.77251816586087;0.4443889227091615;81.66505911329895
0.0;0.7817513950180691;0.013339860803679;286.4268849346241;1.0;0.717244843448935;0.0;1.963930331796564;29.482905813682976;50.65586363891554;0.4429835455130069;81.50830313395582
0.0;0.7661945422572095;0.0120392243753202;286.2487118628398;1.0;0.768031810806434;0.0;1.886923491652165;29.60263912478897;50.57856483325686;0.4420490974129885;81.40252558930565
0.0;0.7585325968346374;0.0114372631565542;286.1484998202056;1.0;0.7954526242546214;0.0;1.8495598875670176;29.66144161267296;50.540056006444615;0.441582612809085;81.34957507355017
0.0;0.7141433825934028;0.0084074393973271;285.3976287151565;1.0;0.9687559008396678;0.0;1.6404123709773055;29.99934054082525;50.31095677387916;0.4387940247068685;81.03728202875585
0.0;0.7070019487674688;0.0079870674274607;285.2484382872994;1.0;0.9963922704225222;0.0;1.607930013035464;30.053177188204163;50.27309707890386;0.4383309751079198;80.9869575986893
0.0;0.6860032838871262;0.0068479119356191;284.76149321075496;1.0;1.0721553465431812;0.0;1.5142914088648305;30.21046742974995;50.160068090134885;0.4369447561244792;80.84035929987591
0.0;0.6393998894615919;0.0047821523050084;283.40692194326004;1.0;1.18624504415207;0.0;1.316461590581277;30.553216378293737;49.89951414318251;0.4337272697405558;80.52877973543814
0.0;0.6266758316613062;0.0043158924552701;282.9668139523302;1.0;1.199561775430329;0.0;1.2648423571943388;30.64503161840145;49.8258800240492;0.4328123472138516;80.44805691875617
0.0;0.6080629327851338;0.0037003382938372;282.26486277176474;0.0;1.184009593036337;0.0;1.191183618105624;30.777786360583253;49.51658402478344;0.4314435808562193;80.33279776291401
0.0;0.5601796746309744;0.0005730625235259;378.936764113034;0.0;-0.152775812094606;1.0;15.473698037856312;21.953750852709216;48.39337873189476;0.3717857906102793;79.35396521765726
0.0;0.5117337944651692;0.0003611723171875;373.56542710082215;0.0;-0.5935363380417316;1.0;16.122387472417152;21.231486660254312;48.08652881241596;0.3683576171959086;79.46864082817845
0.0;0.5066164565205175;0.0003431137013281;372.9513472760806;0.0;-0.6100152488121665;1.0;16.179796534536447;21.152667780588875;48.05284643074464;0.3679719760157064;79.45763925032583
0.0;0.4965347890357592;0.0003096601154486;371.713576184729;1.0;-0.6183434268920018;1.0;16.293725039409967;20.996449362562057;48.08560472611264;0.3673013958882092;79.42263373230732
0.0;0.4817872092666082;0.0002654948414828;369.83378567280647;1.0;-0.5222802094637023;1.0;16.431769465754037;20.76773960320037;48.28371112536964;0.3673816470257707;79.34350806133688
0.0;0.4721996438022026;0.0002396090944382;368.5658495358351;1.0;-0.3912672215865679;1.0;16.4999671414247;20.62044994586549;48.41497715656136;0.3679549822094422;79.27858220665115
0.0;0.344240886554542;0.0014080891755029;280.6717995602421;1.0;1.1195623052346175;1.0;14.831317276713758;16.28230446877607;42.24403136638652;0.3177525065001526;68.71884028732885
0.0;0.3619815860226299;0.0018197516987848;283.14789355956657;1.0;1.0427516316048004;1.0;14.77685772834073;16.426805501953563;41.82953572687755;0.3141412788295436;68.29193284694769
0.0;1.2724916653521887;0.5160858415421292;282.05931944014856;0.0;0.6038131199740574;1.0;14.274925079907469;15.7237048369522;45.71817575961141;0.3428705939779147;73.52322997507629
0.0;1.1980256432073058;0.3793705169839979;284.8303070471758;0.0;0.4216357476630426;1.0;14.214038275733987;15.786365591486367;45.56247766453741;0.3407848222330898;73.4815794677617
0.0;1.1508186527426216;0.3089996571491974;286.2301207964423;0.0;0.2422918359967886;1.0;14.179493168550724;15.825811438260558;45.45992953278384;0.3393670037376102;73.43762076038797
0.0;1.1393104662151954;0.2935496742917376;286.5360364899817;0.0;0.1948594601574931;1.0;14.166807544256486;15.83549889022636;45.43444743148245;0.3390115649257758;73.42369750334123
0.0;2.7852888450981235;0.8478130808648965;368.6118849420529;1.0;1.587908707850053;1.0;14.949730129139091;24.845768595164984;40.61913767649106;0.3476199474264937;76.29327911898854
0.0;0.3730618974384492;0.0021224688132787;284.6080479847893;1.0;0.9817199391857184;1.0;14.74396736727867;16.5218070698298;41.57839624943481;0.3119653736615643;68.03358167651864
0.0;0.376830199432777;0.0022341776981881;285.09025684833443;1.0;0.9597764434399916;1.0;14.731657739740267;16.555040319409628;41.494273087979614;0.3112385390027896;67.94678254837547
0.0;0.3806365650836131;0.0023517659980927;285.5701370488964;1.0;0.9373474628497404;1.0;14.720260511935562;16.58905137717414;41.4099440906661;0.3105109365281937;67.85953335068474
0.0;1.2687380826669243;0.5404416893255123;372.59942211420383;0.0;0.7969742646692535;0.0;15.183775393117193;19.50614257296737;47.59300044635575;0.3674965955347146;78.73128171002185
0.0;1.2560507018402551;0.5134196048592367;372.873011798718;0.0;0.7708300851780715;0.0;14.883116526527289;19.50778049052681;47.460631188443145;0.3671343449875885;78.71596241619994
0.0;1.0170592571789254;0.1748510155990631;373.7591920721644;1.0;0.7419709646835219;0.0;9.778904733351649;20.851699791275884;46.61073278670592;0.359192666346656;78.14054756961536
0.0;0.9968197779610648;0.1578030415781545;373.5291876274288;1.0;0.8114032090168256;0.0;9.395468418567452;21.063628193754283;46.55059286794634;0.358435478859379;78.06846068137634
0.0;0.9672132337358432;0.1352963827730702;373.1084103336297;1.0;0.9181826372599446;0.0;8.848318964435881;21.396223718982085;46.46092845229411;0.3573023885092724;77.96089698829415
0.0;0.9479656903844998;0.1221049854526958;372.77968957355006;1.0;0.9870161511198808;0.0;8.501371433447705;21.626054669802887;46.40151375329827;0.3565488614429382;77.89066199868554
0.0;0.892490879810221;0.0897583846111603;371.57681901427327;1.0;1.156832564528412;0.0;7.540040103897567;22.34318018941628;46.2249897889489;0.3542975123632906;77.69333909527542
0.0;0.8747303113019975;0.0810069421115722;371.1074975996056;1.0;1.1957041714472063;0.0;7.2443909121790275;22.588457031330247;46.16671720251421;0.3535501772590367;77.63322058577248
0.0;0.8659830081889776;0.0769565950059935;370.8606138763863;1.0;1.211235546599451;0.0;7.100942365107199;22.71181851680049;46.13768676892446;0.3531770963725964;77.60431452356376
0.0;0.7753477147696307;0.0437729183406913;367.6431762254357;1.0;1.213157649557428;0.0;5.698639743578952;24.07609869292565;45.82295720547684;0.349099009831045;77.33111048321432
0.0;0.7599182952457151;0.0395050588024739;366.9659690543263;1.0;1.1863042891801523;0.0;5.475192880357588;24.32157248617662;45.76663047101688;0.3483626076666913;77.28762408314535
0.0;0.3844813788723365;0.0024755431558871;286.0476434010086;1.0;0.9146418349012018;1.0;14.703367407148102;16.623886757722932;41.3254087548366;0.309782565428248;67.77176189944991
0.0;0.3883650291639763;0.0026058349009338;286.522730197558;1.0;0.8918797290182814;1.0;14.683310344615643;16.659418691202642;41.24066657660596;0.3090534248929312;67.68339214115197
0.0;0.3962504123701421;0.0028873516907854;287.465459654391;1.0;0.8471127550822547;1.0;14.633761996206657;16.732245302806383;41.07055967124516;0.307592832274152;67.504537473831
0.0;0.4042959007959821;0.0031992816518398;288.3979491201746;1.0;0.80496284142869;1.0;14.58087310429081;16.80711691267567;40.89961931883848;0.3061291521854853;67.3223057930491
0.0;1.4895519496347058;0.6091473160658817;372.24585960940846;0.0;-0.475249615063778;0.0;3.255114538269101;27.24618928841628;42.72760386388708;0.3389295314912414;76.03205886229696
0.0;1.6799624752148192;0.9011465193397298;282.4925052782667;1.0;0.6270272598652344;1.0;8.41586892129462;27.3357746307084;46.4890276932688;0.4068055122721713;75.3017854213675
0.0;0.4751982534076779;0.0007386489015732;354.6442371104892;0.0;-0.53612708241628;1.0;28.41017112297612;13.154117848048609;51.5169598700918;0.3785728414054412;90.40019860845378
0.0;0.4946910547834546;0.0009068670763093;356.98780380094286;0.0;-0.350372090158899;1.0;28.44017948924441;13.139318801103038;51.68755022595284;0.3801431761197444;90.47463344864784
0.0;0.4996879341247017;0.0009545969224309;357.5658101759414;0.0;-0.2885936719856595;1.0;28.45042333163297;13.135637699579512;51.73045756783248;0.380531809983518;90.48079334424722
0.0;0.5047352869946482;0.0010048388657167;358.1405438725645;0.0;-0.2213520592232049;1.0;28.46425363128834;13.132022904981458;51.773469318627605;0.3809179248378204;90.48190799704078
0.0;0.5415234973900299;0.0014389019050499;362.0668767417516;0.0;0.3550468486869346;1.0;28.56301667115;13.112907984811937;52.077496519123336;0.3834689927274864;90.3530316300124
0.0;0.5694312968332034;0.001859572697279;364.7593583720765;0.0;0.7808987459431785;1.0;28.63020831004768;13.105306085439034;52.297847655374696;0.3848555416451498;90.13342448324272
0.0;1.4453107671786054;0.5222676801119853;373.7730922844061;0.0;-0.5742626784500713;0.0;3.06555139462239;27.54199397578273;42.3668455211994;0.3378576689630426;75.71262583453351
0.0;1.4308576595068194;0.496154296106386;374.2047685164214;0.0;-0.5939689385238481;0.0;3.004849399191704;27.63845342823896;42.24717739815657;0.3375011352624482;75.59733672401055
0.0;0.6097069501212383;0.027585480042544;384.705096986536;0.0;-0.1644657162364091;1.0;17.12213199930317;21.89448131779113;43.99037358174909;0.4090375153978404;82.31352111752234
0.0;0.5569778148463992;0.0173857325137834;379.5988689710957;1.0;0.3006229495383658;0.0;14.301607084020622;22.690912815440047;43.2796007472518;0.4051694613343311;81.1929329255467
0.0;0.5458939563309558;0.0156906235936895;378.4203482710261;1.0;0.4423612555777068;0.0;13.740833102750916;22.92503784382542;43.23405467358545;0.4043148064390722;80.95825173484765
0.0;0.5037207519246562;0.0104094802717198;373.56398339801177;1.0;1.0496593220097137;0.0;11.70916575220702;24.00138844387049;43.05406161544712;0.4009141132384054;80.14373039321762
0.0;0.4936967089613555;0.0093945559452271;372.3168475695185;1.0;1.1820311039752276;0.0;11.250042832798282;24.29671510456629;43.00960584183424;0.4000684115527047;79.97952229011472
0.0;0.4790334230084943;0.0080546574035391;370.4233258138681;1.0;1.347422813043067;0.0;10.594891390428094;24.753285011276315;42.94332476790921;0.3988032007514936;79.76673629239833
0.0;1.116638187937513;0.2649285810482932;287.1007882184551;0.0;0.1003155476385413;1.0;14.141473043841795;15.8548133858495;45.38366809139145;0.3383004105493267;73.39173489357499
0.0;1.061911806066941;0.204996685814093;288.2647940557123;0.0;-0.1141330426951128;1.0;14.039381583790776;15.90578291046921;45.25779112075054;0.3365241841347001;73.28501062763969
0.0;1.0512926880062716;0.1947468515233884;288.458678396112;0.0;-0.1503559314339058;1.0;14.017549826242636;15.916602712993043;45.23279820080667;0.3361695791360298;73.25877134738113
0.0;1.0407797611262088;0.1850095089472189;288.6404147234312;0.0;-0.1836858503474563;1.0;13.99354445380438;15.927684958803107;45.207865760150405;0.3358152513350407;73.23087220521886
0.0;0.9798734849986404;0.135998989715614;289.490595090364;0.0;-0.3136978950128863;1.0;13.8675980298048;15.998371176050531;45.05953295612672;0.3336958950228708;73.03000982033574
0.0;1.3563583938581782;0.8175457039884132;366.5379476936782;1.0;1.296146867410816;0.0;7.245437505165153;27.79633384841654;42.53454734757719;0.3908825798707793;79.24835341647824
0.0;1.2390567865586557;0.5152576973615877;370.6573964159751;1.0;0.9402151435717686;0.0;6.051898134570295;29.205133058089395;42.34738427343615;0.3871858044605528;79.27291586542935
0.0;1.1548818948403103;0.3598236671669829;371.7374354672367;1.0;0.7562216195265571;0.0;5.261267474936842;30.24726265855225;42.204606968610086;0.3843347230985798;79.28819368512123
0.0;1.087298378894765;0.2645034597893981;371.9036784982332;1.0;0.7139328809542598;0.0;4.666325625599762;31.093960976519924;42.08413771315109;0.3819076546275241;79.2704193363025
0.0;1.0550045297432116;0.2267786538369352;371.79501794293896;1.0;0.7314070328104176;0.0;4.394579961088967;31.499725136828463;42.02455612946256;0.3806998740440703;79.24920040444316
0.0;0.91653076766672;0.1105942752737753;369.9790299722937;1.0;0.9913946142500218;0.0;3.3213519884382223;33.22914526598562;41.752158737763125;0.3751138734358314;79.07449872274223
0.0;0.8457239031444147;0.0733705018002293;368.1335106114514;1.0;1.1183499302582889;0.0;2.83026938825505;34.094370804790465;41.60059726122526;0.3719587504638459;78.95637145663845
0.0;0.7803872445773808;0.048675489948203;365.7919841778261;1.0;1.1490964114487632;0.0;2.41179638723157;34.87243685054789;41.45194153939413;0.3688301655691421;78.84430667707156
0.0;0.772583372131607;0.0462417154507929;365.4672904759109;1.0;1.1460869743744797;0.0;2.3640396056806097;34.96375744278055;41.43356107687162;0.3684409472782102;78.83067996618936
0.0;0.757208963026188;0.0417331481943406;364.7977050738792;1.0;1.136223380156931;0.0;2.271344259811099;35.14254026415101;41.396933289570455;0.3676637424631906;78.80347597930968
0.0;0.7421405046619668;0.0376641662453924;364.10184605136055;1.0;1.121898863168258;0.0;2.182283549695987;35.316244882894146;41.36048229930356;0.3668881771166637;78.77616578951125
0.0;0.684806213196889;0.0249871774146611;361.07079325281296;0.0;0.8770296813663437;1.0;2.8915211732591475;35.92108128371627;40.82031073629342;0.3638022413575441;78.64996517537699
0.0;0.6578221160201408;0.0203522121741003;359.4167733312043;0.0;0.5896723741763998;1.0;4.763174635662839;35.982812326024344;40.75316856543639;0.3622690207172843;78.55663369853741
0.0;0.9603740026471674;0.1227390882183416;289.68779468492386;0.0;-0.3287263501179956;1.0;13.84833336603146;16.022043673194567;45.01056588540299;0.3329921648755272;72.95154040947676
0.0;0.8259776845569912;0.056863943169362;289.9538817070061;1.0;0.3716594146047421;1.0;13.821733444153326;16.16781376239556;45.7361534240721;0.3347300639669581;72.34052333503212
0.0;0.801445321347964;0.0487537232748317;289.77390142616224;1.0;0.6692709660357368;1.0;13.788499426139465;16.196081648910354;45.95674358856878;0.3365857254253488;72.27387747671708
0.0;1.6183329102309143;0.163624679688064;274.35597411680385;0.0;-0.558152566906255;1.0;17.768519801176527;22.52828227652268;49.15893189074468;0.4258948775515413;85.77158342765885
0.0;1.4059199394293418;0.0797956622496618;283.6913046847525;0.0;-0.250231325874524;1.0;17.63654077063193;22.52316665628801;48.63655714492317;0.4196691079133652;85.20479118903086
0.0;1.3236457146197818;0.0586571442267778;286.7084230936487;1.0;0.1637394405150628;1.0;17.596015137649427;22.529206697254644;49.013696282283725;0.4197022454755059;84.83978205053256
0.0;1.271488792117361;0.0477766105798619;288.4240799877658;1.0;0.5491306513417955;1.0;17.577259654789906;22.5361626822505;49.26206671204807;0.4213065771716275;84.61960244135246
0.0;1.2587739041961874;0.0453877800508688;288.81767515312123;0.0;0.6444365540264304;1.0;17.563214555647892;22.53869288960986;49.22390253589158;0.4216931477337123;84.57135761258478
0.0;1.2461861651542254;0.0431183910483254;289.197488458341;0.0;0.7296935359539775;1.0;17.545414879858082;22.541691055647448;49.18583098441678;0.4219253707148524;84.52624773739181
0.0;1.2337243035026833;0.0409624714959091;289.5636890283856;0.0;0.8044605830739835;1.0;17.530162423833573;22.54504326788545;49.147851831992135;0.4220319201819641;84.48433215062595
0.0;1.2213870604676564;0.0389143479211137;289.91644395079544;0.0;0.8684166969083744;1.0;17.518465945834997;22.54861798171753;49.10996485353573;0.4220361592151229;84.44563376087663
0.0;1.19708145796435;0.0351201989988051;290.582275354296;0.0;0.963201901340022;1.0;17.484169081655292;22.556723847223434;49.03446652094029;0.4218103240919694;84.37780489476313
0.0;2.42233384427608;0.6146628936470369;373.9150351538621;0.0;-0.0676048120236026;0.0;12.585917984393834;23.676698192174044;47.18725087826513;0.4077788957300505;83.66143524478582
0.0;2.39811050583332;0.583929748964685;375.3905053882687;0.0;-0.0085732390222409;0.0;12.336700132503667;23.78430935489153;47.054248683799045;0.4073487614591335;83.61326666705484
0.0;0.7698651779200221;0.0397102123181209;289.42482559099346;1.0;1.0527723759118397;1.0;13.760158803809624;16.23618528289737;46.24835856886107;0.3392181557365;72.24733332699567
0.0;0.7621665261408218;0.0377247017022148;289.3187713283882;1.0;1.140363948568955;1.0;13.755135012755296;16.246355250063786;46.32081785127924;0.3398915633359629;72.2532108846824
0.0;0.6823968469693538;0.0214578138093217;287.6908932067836;1.0;1.6890051079786683;1.0;13.755671072920205;16.354925323334122;47.1062875784513;0.3474204380527162;72.67046561082144
0.0;0.6755728784996602;0.0203849231188556;287.5034018765176;1.0;1.6953569787479337;1.0;13.756485204235137;16.36414771476289;47.17665204387427;0.348107047348295;72.7387960753213
0.0;0.6688171497146636;0.0193656769629128;287.3097160833018;1.0;1.6946491149273757;1.0;13.753220859344651;16.373399558791043;47.24684469306498;0.348793310814007;72.81151833258444
0.0;0.6424630854354785;0.0157734649217735;286.47474023263976;1.0;1.6276908198006286;1.0;13.753081621649038;16.40985971819444;47.525905483416416;0.3515336904690866;73.14149490470005
0.0;0.6360384545811237;0.0149847916756848;286.25135783126774;1.0;1.5969615261655536;1.0;13.753404289867255;16.418827451417272;47.59524530948352;0.3522174049342293;73.2324421414553
0.0;0.6171474764416098;0.0128475857629403;285.5473884134572;1.0;1.4790550663744328;1.0;13.769454343695667;16.444691495136208;47.802250515875954;0.354264810384383;73.52105756656391
0.0;0.6109760016771937;0.0122052064747933;285.3017240680678;1.0;1.4330006683589511;1.0;13.77623505462414;16.452870550770033;47.870915532319785;0.3549459782034805;73.62155294661281
0.0;1.5828294034513797;0.960464438901326;288.4361299684022;1.0;1.28250386326451;1.0;13.818716087694062;16.47517210166193;48.07590615721197;0.3569854297628229;73.93188589314967
0.0;1.9250257299517173;0.4313800057697514;370.6293506639638;0.0;0.0027131433571076;1.0;13.487235347673256;17.687327227954942;49.71664157246363;0.3749897389686895;79.5065483434748
0.0;1.9057754726522005;0.4098110054812638;371.4920638186158;0.0;-0.0613500362460693;1.0;13.479582478561284;17.719665137938716;49.68071427998658;0.3746382171776096;79.58418458673803
0.0;1.830680314985568;0.3337936252832736;374.6441407952035;0.0;-0.2819959458809729;1.0;13.44039615336215;17.851033139295428;49.53787416113445;0.3731678439550232;79.83129988337377
0.0;1.7942497767173549;0.3012487468181544;376.0599631826277;0.0;-0.3656568528542889;1.0;13.410052139169396;17.9179534999938;49.46697257395962;0.3724094426618858;79.91612017459906
0.0;1.6892505478465665;0.2214455108469691;379.75600647912177;0.0;-0.4914674034771681;1.0;13.3208253189491;18.12256102841393;49.25632157543156;0.3700977830695784;80.0196670141732
0.0;0.2050175520800006;5.3033444474088006e-05;290.3132173946377;1.0;0.5154037430036312;0.0;3.2318296903165;33.381838341572866;36.414984284841736;0.3445481208018341;73.35277433374749
0.0;0.3608716329458429;0.0006213376550129;287.6742329915686;0.0;0.946442542292071;1.0;12.130042867092886;22.63202584522312;44.83925207139412;0.3722120205658212;73.62258145713804
0.0;0.3501533845757184;0.0005327193719667;286.1508294879089;0.0;0.9761902626999364;1.0;12.16711809422189;22.495710985094444;44.76536344817698;0.3714346389233118;73.64270790819559
0.0;0.3431853322226616;0.0004807792332;285.1252970960876;0.0;0.9477247964349572;1.0;12.184943473396396;22.40913277842342;44.716401906156;0.3708095434877248;73.66739441044932
0.0;0.339753478900435;0.00045674027154;284.60967468379505;0.0;0.920402583192553;1.0;12.199748833399706;22.36691873428069;44.69200996266023;0.3704762265007331;73.68243471464059
0.0;0.3329923846703163;0.0004122080950648;283.57291738386533;0.0;0.8425843933935013;1.0;12.217744695937975;22.284834391274188;44.64340301001904;0.369780425594037;73.71663168008989
0.0;0.326365836215377;0.000372017805796;282.52907134558643;0.0;0.7384665500674068;1.0;12.237503295374736;22.205712867736267;44.595031013032;0.3690572793971353;73.75451513311943
0.0;0.3103706628681166;0.0002878602865355;279.890441157093;0.0;0.4032686320735945;1.0;12.299300832186995;22.01892949750128;44.47512146242044;0.3671859506924917;73.85091794274405
0.0;0.3011523438102707;0.0002468042131684;278.2888368391332;0.0;0.182367910437831;1.0;12.34608293148743;21.91289988500876;44.40386979919123;0.3660432340375777;73.89948929701501
0.0;0.1910897560064852;3.703523221657265e-05;285.6375744757796;0.0;0.9427159586631272;0.0;2.809617684972571;33.88036442036834;36.07327883997818;0.3420110065055933;72.4833274896627
0.0;0.1872870698619562;3.342429707545682e-05;284.3022181588283;0.0;0.9929513187966976;0.0;2.699450976250143;34.0186148199494;35.863122009681454;0.3412895541421811;72.27313338021965
0.0;0.7445332223859732;0.0176868747334249;369.6005032531049;1.0;0.7345624000836034;0.0;0.8189163521386477;31.777897196140387;40.03374283966793;0.3151156134458783;70.80646583453012
0.0;0.666609075568674;0.0100602959804542;365.18254297707625;1.0;0.6132600759635952;0.0;0.6571955594155914;32.14478125808003;39.880159839827854;0.3114769731955953;70.87409497171522
0.0;0.6468101194152088;0.0086254462662419;363.85993532481046;1.0;0.6606890458180426;0.0;0.6189234074088245;32.23285162109329;39.8389759411164;0.3104919292040154;70.8713416190337
0.0;0.6151099877384945;0.0066742058982485;361.5540388268058;1.0;0.7870778482656292;0.0;0.5600249558341425;32.36921805012091;39.770994772286926;0.3088571070083536;70.85157370847234
0.0;0.5908721999327466;0.0054361824179103;359.62355055418;1.0;0.9076305495741044;0.0;0.5169681082509962;32.46947333817195;39.7171968797222;0.3075554490262884;70.82729105948354
0.0;0.579113843154085;0.004906154632164;358.6313685488809;1.0;0.9674064133482534;0.0;0.4966974564534822;32.51681344920126;39.6904918711692;0.3069066786395151;70.81392442441907
0.0;0.5562944470695798;0.0039960936113641;356.59600944465245;1.0;1.075012481918717;0.0;0.4585094582194808;32.60619638304718;39.63746658910667;0.3056132406096453;70.78719005661529
0.0;0.4083796977737193;0.0033676648966734;288.8602338882976;1.0;0.7854841739971647;1.0;14.552507126294747;16.845340974517242;40.81383532715228;0.305396152312733;67.22970985649705
0.0;0.4251315782310186;0.0041346090305304;290.68182433522696;1.0;0.723863301923665;1.0;14.475522391357016;17.00453842596212;40.468595311948654;0.3024564017339533;66.84747985002113
1.0;1.2461133336192631;1.0000199934287497;301.44662182340346;1.0;-0.0913574445593646;1.0;5.881340699609488;27.498722265939723;33.0127750373687;0.2534087193405352;59.74445984959167
0.0;0.2511104312001461;2.2153383656093768e-05;300.7544146777255;1.0;-0.1370676493412709;1.0;5.449363462681714;27.7116500023255;32.802339407697005;0.2527686289918944;59.86577381370206
0.0;0.2536469002021678;2.331935121694081e-05;301.40752682700634;1.0;-0.1439201701628044;1.0;5.2318533567628505;27.81368719088797;32.69673541128081;0.2526133979336688;59.93084789460738
0.0;0.2614110704042443;2.7198543480904865e-05;303.3632799584322;0.0;-0.0996805821930557;1.0;4.548744478675236;28.09991784094544;32.47849327343127;0.2530348206867729;60.13988035038111
0.0;0.2667187740069833;3.013689028355109e-05;304.6638505853768;0.0;-0.0471850788694851;1.0;4.069771223562084;28.27168771739838;32.465928890128154;0.2535697112900396;60.28825909766076
0.0;0.2978972167650868;5.298327249374521e-05;311.7590985611419;0.0;0.2961444776142297;1.0;1.1938108922765511;28.85848018068919;32.39568906902202;0.2565318851813745;61.20315946558456
0.0;0.3009062795606937;5.5771865782889695e-05;312.3983965339786;0.0;0.3232181389244174;1.0;0.8967921948276193;28.87441299269241;32.38920723525679;0.2568028835670243;61.29226557467142
0.0;0.3070158958888825;6.179708119987777e-05;313.6736753436823;0.0;0.37045229522327;0.0;0.2764174766427645;28.88245996537295;32.37619481919043;0.2573457394828176;61.47180179313771
0.0;0.6267033921823695;0.0023582616440271;353.3709624333823;1.0;1.0615702952374002;0.0;1.1435756945608848;27.87247398630923;36.670631166700936;0.2773789793812442;64.90872128324442
0.0;0.6330337294771409;0.0024823806779233;353.8056760562535;1.0;1.039109423229282;0.0;1.1666774752573033;27.854718117026074;36.67455857475851;0.2776719986682416;64.90681891292468
0.0;0.6524109882388223;0.0028953266399455;355.0792508827043;1.0;0.9646088258511905;0.0;1.2388208394787326;27.80194143085898;36.68639598473328;0.2785529122043369;64.89740774482323
0.0;0.6590009982210326;0.0030477122525743;355.49331982968323;1.0;0.938094231915244;0.0;1.2638466992676802;27.78456397284104;36.69036025823595;0.2788471693036137;64.89277934760922
0.0;0.6656575739606391;0.0032081181606045;355.90202487778674;1.0;0.911128643288495;0.0;1.2893781148390342;27.767321185387665;36.69433380441995;0.2791417363078402;64.88726521405499
0.0;0.6723813878390293;0.0033769664848468;356.3052831201686;1.0;0.8839685388602446;0.0;1.3154252990957385;27.75023052252056;36.6983166459234;0.2794366133280134;64.8807757551439
0.0;0.6791731190293225;0.0035547015629967;356.703010725997;1.0;0.8568829110713578;0.0;1.341998671251555;27.733310195566773;36.70230880543969;0.2797318004257561;64.87321847427391
0.0;0.6860334535649723;0.0037417911189439;357.09512293084333;1.0;0.8301508609857141;0.0;1.369108861005474;27.716579199900785;36.70631030571766;0.2800272976019457;64.86449872432337
0.0;0.714174789842165;0.0045939378843856;358.60568922920515;1.0;0.7325582368287061;0.0;1.4831379973743892;27.651957417138583;36.72241017136973;0.2812123841046525;64.81607566595362
0.0;0.7286754309174217;0.0050902358829758;359.3250058290141;1.0;0.6934564318665376;0.0;1.543666042698389;27.62133872466982;36.73051674433106;0.2818067804137635;64.78242216805482
0.0;0.7360357888054765;0.0053581430347113;359.67535633521175;1.0;0.6773232018277799;0.0;1.5748501826314047;27.606536699013347;36.7345842715912;0.2821044391460073;64.76292646862655
0.0;0.7585659562727328;0.0062494743078715;360.6880624728119;1.0;0.6456704269675431;0.0;1.6722335313534586;27.564479071771544;36.74684409502461;0.2829992397708923;64.69286901434992
0.0;0.2077561053955464;2.6214946252932167e-05;294.8719795746408;1.0;0.774787805112948;0.0;0.064584450503037;33.4549538450686;36.79957513717905;0.2755718937206832;67.65190093388206
0.0;0.203621758898175;2.365898899327128e-05;293.51408481261586;1.0;0.7109687599298857;0.0;0.06205203600166;33.45738219525262;36.78698996543941;0.2749905907893287;67.67469378043154
0.0;0.1975739890371403;2.0284625688105965e-05;291.4772978129188;1.0;0.6454197475399743;0.0;0.058438374375343;33.46048139786962;36.76822414164493;0.274120934755308;67.70127437384788
0.0;0.195598249146769;1.9270394403700668e-05;290.7984641686268;1.0;0.631876571123515;0.0;0.057281206114472;33.461375010998154;36.761998570810576;0.2738316610144536;67.7079547313206
0.0;0.1897887855488608;1.652195440187286e-05;288.7625233659245;1.0;0.6157493548674111;0.0;0.0539453765551108;33.46365574538579;36.74341046399381;0.2729656700886422;67.7213735371973
0.0;1.0105506971481706;0.4876787120122359;289.0446703878923;1.0;1.19347233768208;0.0;0.0302037164253101;33.446475630475064;36.57039725824743;0.2647343370223108;67.46267811119971
0.0;1.0004451901766889;0.4632947764116241;289.27742410739927;1.0;1.1985640023971988;0.0;0.0296056343834056;33.442670594673444;36.56464125896776;0.2644549687497948;67.43907980397142
0.0;0.990440738274922;0.4401300375910429;289.485292121508;1.0;1.2015111949255386;0.0;0.0290193952447464;33.43846770476864;36.55889890762205;0.2641758952884189;67.41498114545286
0.0;0.7662282386593261;0.0065783940082858;361.0125338740824;1.0;0.641451046427133;0.0;1.706014906240157;27.551337663034705;36.75094986108852;0.2832981072064159;64.66545819927018
0.0;0.7739679178377031;0.0069246252718798;361.3302962394597;1.0;0.6407145905051227;0.0;1.7404787100106067;27.53868550616284;36.75506524527207;0.2835972695801545;64.63594234080568
0.0;0.8138549061781335;0.0089490771047585;362.8150106572984;1.0;0.6933813407857281;0.0;1.9235265375348576;27.483928621039706;36.77578726185354;0.2850973061790813;64.45628520711129
0.0;0.838767128666662;0.0104377630613891;363.61890136164055;1.0;0.7711030969238694;0.0;2.0424708229225788;27.459196856277025;36.788337400927375;0.2860003477967174;64.32367412621011
0.0;0.8557974988946658;0.0115653884336722;364.1168580647935;1.0;0.8408143689548068;0.0;2.1258256686681705;27.44677074027764;36.79675327815468;0.2866033387187886;64.22610267700901
0.0;0.8731736546216364;0.0128148348295537;364.5834279445361;1.0;0.9229386862399788;0.0;2.212582289452628;27.438017719946004;36.805208673821625;0.2872068012701844;64.12238068991716
0.0;0.890902616693844;0.0141992629690345;365.01772330888485;1.0;1.015101312947627;0.0;2.302879514327341;27.43333223928932;36.81370378112579;0.2878103291522899;64.01386921243433
0.0;0.9274477589115157;0.0174329699361233;365.78584106409534;1.0;1.2170433555499487;0.0;2.494679652382406;27.437894279488663;36.83081390816429;0.2890148100190239;63.78943621733757
0.0;2.3384836078926665;0.8601475491409202;360.00972835492456;0.0;-0.5903234147882755;1.0;9.467738339738244;30.03083230427857;35.52752872746361;0.2543229944548669;65.34789388081523
0.0;1.1429878555291395;0.2940054002592965;280.4863454926209;0.0;-0.5777302422032022;1.0;4.912117195816701;29.066451144285875;40.25245634870785;0.3215390031939602;71.03687746812116
0.0;1.1315579769738482;0.2793051302463317;280.7982334050042;0.0;-0.5537594589831031;1.0;5.11548800540199;29.023345406817885;40.23887113210075;0.3211996902175016;70.92207107371479
0.0;1.1090399732320686;0.2520728800473144;281.37653500427143;0.0;-0.4928208017957596;1.0;5.506737660132583;28.924650664752416;40.211798723214784;0.3205221380950843;70.69326228151401
0.0;1.0546859794850596;0.1950491894413359;282.580988076578;1.0;-0.2441448041455589;1.0;6.414885364758738;28.61624454039525;40.44359116227082;0.3196347118696151;70.14176798597032
0.0;0.992965913536734;0.1433790774313054;283.6232870867938;1.0;0.3268500128171467;1.0;7.393536318733705;28.1585408211694;40.955404895487646;0.3219662104314801;69.58652222153471
0.0;0.973205891857353;0.1293996173817531;283.88207926427555;1.0;0.5488905658487284;1.0;7.693866155249014;27.990448643849746;41.12434865528513;0.3231225452289484;69.44366747241347
0.0;0.9255091196603982;0.1001269572497942;284.3497133085483;1.0;1.0865187021521248;1.0;8.414858145062412;27.546235359724573;41.54311321955237;0.3263403635473111;69.20622519578876
0.0;0.8890403675643911;0.0815540324734402;284.54965695742584;1.0;1.4368880206187964;1.0;8.959328120564825;27.16998071226708;41.87446023330618;0.3290709362612034;69.15337469354087
0.0;0.764626595737117;0.0377832680291085;284.06805465490623;1.0;1.6576559798064157;1.0;10.507362362903844;25.720121726253883;43.08855929660067;0.3395322932443602;70.00499216887137
0.0;0.7569803297797458;0.0358941046276531;283.97287706621;1.0;1.6167458032567497;1.0;10.594782723403704;25.62541363120439;43.16792769385842;0.3402285360995806;70.10858636417841
0.0;0.7055551344349067;0.0250661919713814;283.10792487384526;1.0;1.24131683831016;1.0;11.133830326664958;24.97880269761044;43.7181081467373;0.3450843885973101;70.92343840664608
0.0;0.6845994413870554;0.0214911263414631;282.6359790679165;1.0;1.066978626313279;1.0;11.340011192305123;24.711987929352848;43.95103354567237;0.3471552057001182;71.30088867794385
0.0;0.670975912503453;0.0193957415231705;282.28941879787027;1.0;0.9577709525318688;1.0;11.4763427077176;24.537859159340368;44.10537102230337;0.348532205867582;71.55540401781657
0.0;0.6510472569261878;0.0166294238884283;281.72342879898173;0.0;0.8087814577187916;1.0;11.666707470788085;24.2822847612126;44.235589023870766;0.350491253460056;71.9360031226264
0.0;0.6253933973247409;0.0135447696910241;280.8861736747619;0.0;0.5578015181453441;1.0;11.901621388814238;23.952494725694667;44.14268545890875;0.3513573367845994;72.42570640044981
0.0;0.6129480687179786;0.0122241546461493;280.4336186727395;0.0;0.4124915722830471;1.0;12.03430597915923;23.79060149789498;44.09657011343033;0.3512376428967028;72.65528959356872
0.0;0.588795469147696;0.0099566503602551;279.4638124551249;0.0;0.1140761052739549;1.0;12.290524884228931;23.471421478302943;44.00500684837584;0.3504430289940802;73.06926723081307
0.0;0.582907514456219;0.0094588178422424;279.20832937848894;0.0;0.0421581339524697;1.0;12.352466364235092;23.39258740440127;43.98225428997373;0.3501734860147559;73.16160277135079
0.0;0.5770784393116568;0.0089858769501302;278.94778355523863;0.0;-0.0273528084109058;1.0;12.41327637958811;23.314162158264534;43.95955676545001;0.349885658763258;73.24898722782113
0.0;0.5543392462598047;0.007319052937612;277.85643068389123;0.0;-0.2704005983855946;1.0;12.627090511031582;23.005853902398545;43.86931432984619;0.348611739079478;73.54561255969914
0.0;2.223874642960179;0.6655657769625886;367.9586756907146;0.0;-0.4284522132517033;1.0;10.773713066801026;29.036760686638093;35.511454876010525;0.2529839165687914;64.95297801277552
0.0;2.1578233421896185;0.5706394580232994;371.8294832554518;0.0;-0.2956830780673016;1.0;11.494121260522126;28.41951190345837;35.50189976635675;0.2521838565051992;64.7341705378298
0.0;2.2701621630181434;0.7022476845156698;283.7347511017465;1.0;0.8735335728884962;1.0;17.33979078870667;23.30588320333291;44.76587433929778;0.3683447784412283;78.76491003642684
0.0;2.426411893968062;0.3766651159787991;370.0483607832068;0.0;-0.4740912385021856;1.0;17.17893783474153;22.79863507440037;44.086087385761736;0.3628951662649084;80.43952274821694
0.0;0.5827357357743057;0.0040035096764678;373.443368879878;1.0;1.4636391655122682;1.0;25.207452454837576;12.48350741410565;42.681913989238765;0.2784922301548166;78.15226122739863
0.0;1.1433330758919071;0.3418324838086337;371.805499173422;1.0;0.7415017530193146;0.0;5.157087396091471;30.391521395694344;42.18440703684878;0.3839291431925621;79.28751026424017
0.0;0.543147786302314;0.0027958001223497;369.5549282157564;1.0;1.295138671237682;1.0;25.683199935168496;12.809273611322526;43.23156857263944;0.2837983038402473;79.5000667348556
0.0;0.5217455963623354;0.0022771966734046;367.249406791392;1.0;1.154547777014366;1.0;25.87949564151644;13.004338362362208;43.54146098785703;0.2868154991601247;80.18864864889932
0.0;0.5165281403987121;0.0021633368397344;366.66418672154094;1.0;1.118222319980483;1.0;25.92300750656245;13.053866984013476;43.61846191764708;0.2875679335244679;80.35014396283796
0.0;0.5062492304047778;0.0019524114978603;365.48357959581153;1.0;1.0467133863743507;1.0;26.014514281358444;13.153132031082995;43.77190038520828;0.2890705118078123;80.65973121437511
0.0;0.4961748707197227;0.0017620513768189;364.2898255308919;1.0;0.9789125492427416;1.0;26.09083367707672;13.252590945461442;43.924590710256766;0.2905700068748609;80.9510844122981
0.0;0.3992546485777303;0.0006892226118888;373.6682229890868;0.0;-0.5514499076886531;1.0;14.789230411355122;25.213325106790133;53.42102895495523;0.4494771810799531;90.41683316378374
0.0;0.3758903261920053;0.0005066419528348;369.2880258229171;0.0;-0.5948787976929727;1.0;14.681032574843409;25.293839996204905;53.13524325372776;0.4466531205651013;90.11169363743686
0.0;0.3574679600622624;0.0003920298852413;365.5946364611185;0.0;-0.4795011046598033;1.0;14.574732914830667;25.36228649656635;52.90025291689693;0.4443051858491367;89.76361943943475
0.0;1.2875390383454892;0.7740691154895236;371.1200814078964;0.0;-0.23349266614855;1.0;14.442750012650396;25.44742028336826;52.62200968903835;0.4415009083328616;89.28026550132668
0.0;1.2000705217193195;0.5405613331006346;373.7959893229858;1.0;0.0771614138592329;1.0;14.31438903830137;25.54844134640524;52.40235963815573;0.4383514330867679;88.69363092729675
0.0;1.1880698165021266;0.5135332664456028;373.9980983239125;1.0;0.1290692962611987;1.0;14.299194604763237;25.562681741749746;52.45678996263764;0.4381666931762695;88.61220211582892
0.0;1.152782954882197;0.4402905843187987;374.4250846181956;1.0;0.3204328725065315;1.0;14.241603795691203;25.60619872380256;52.61928454249641;0.4383752588175116;88.37914076373734
0.0;0.4370521188051025;0.0010935712136406;380.1123431756853;0.0;-0.0667163554720077;1.0;14.980320389476494;25.095234917042365;53.857602134906685;0.4536596600183469;90.56574714169436
0.0;1.0962851197872898;0.3406884611066229;374.67527833789046;1.0;0.7069389332640171;1.0;14.139789928931888;25.683191971053;52.88747353508043;0.4401496606965704;88.05027051372461
0.0;0.4980531603806561;0.002130297221405;389.087519569434;0.0;0.9672137524186262;1.0;15.25625628027754;24.944945330874656;54.505318396860616;0.4582002281808172;90.13833864370096
0.0;1.0218093715797965;0.2379154587395397;374.33881724833566;0.0;1.0049326682245237;1.0;13.969893498437877;25.80066152977687;52.5634121867468;0.4403126111677773;87.75680523741738
0.0;1.0014753650853585;0.2147187015124346;374.1275962343656;0.0;0.9952287974548945;1.0;13.926837341370195;25.83546891743742;52.471831751944;0.4397432054952715;87.70604129030602
0.0;0.9914606114345048;0.2039827664368128;374.0051615697029;0.0;0.9760892551897764;1.0;13.904962260779332;25.852899151330423;52.426208258879086;0.4394107149665377;87.68518526226107
0.0;0.98154600532016;0.1937836281149722;373.8719690714344;0.0;0.9481398959963516;1.0;13.879492082867312;25.870448670606493;52.38069555443285;0.4390542125938539;87.66700434281171
0.0;0.952393107416146;0.1661452381550743;373.4107562518407;0.0;0.8178957513605589;1.0;13.798907685674394;25.923926177734923;52.244819477291465;0.4378819549743759;87.62570711538835
0.0;0.9428691763419844;0.1578379762473206;373.2373253495834;0.0;0.7614143456269034;1.0;13.776467537403004;25.9419055482347;52.19974723508604;0.4374671174428244;87.61537685073382
0.0;0.9057163687460966;0.1285600181407941;372.4508731708618;0.0;0.4912100003938734;1.0;13.688505918951815;26.013830997791302;52.02055006119166;0.4357394533624743;87.583206575144
0.0;0.8966592050586356;0.1221320172337544;372.2320015056225;0.0;0.4166893340584149;1.0;13.67075630681845;26.031652841955413;51.97602238826989;0.4352965822120591;87.57597329360054
0.0;0.8876926130080492;0.1160254163720667;372.0045600363466;0.0;0.3410094097958865;1.0;13.651859006196158;26.049384511848803;51.93160283456002;0.4348510488525597;87.56849853453348
0.0;0.8788156868779687;0.1102241455534634;371.76870119619;0.0;0.2649569316503121;1.0;13.630329427504282;26.06709804357228;51.88729113668487;0.4344034244131135;87.56051918358197
0.0;0.7947851544489851;0.0659952675388462;368.9767884609434;1.0;-0.3501778323906318;1.0;13.40584050415081;26.244534839300144;51.64956189386543;0.430262619416318;87.40782510138953
0.0;0.7789689298754503;0.0595607289538087;368.3301512322126;1.0;-0.3686638606716652;1.0;13.362753100665335;26.28055950352348;51.76192395584235;0.4303176402614282;87.35720886702231
0.0;0.7711792405766958;0.0565826925061183;367.9965211743027;1.0;-0.3574035871082907;1.0;13.340534386976024;26.29879428535893;51.81789925163933;0.4304990459936464;87.3302608794083
0.0;0.7482744459523274;0.0485125859874332;366.9556130165402;1.0;-0.2495518618947217;1.0;13.290463256131645;26.353854561280148;51.98500620211125;0.4314533373393967;87.24642911087444
0.0;0.7333837844778761;0.0437826088536584;366.2293165728226;1.0;-0.1243768687991464;1.0;13.271539158397465;26.39023312792995;52.09573170863144;0.4323170786813905;87.19132028103905
0.0;0.7187894471667663;0.0395138044904267;365.4780314172787;1.0;0.0342534177984686;1.0;13.251165583500912;26.426198640486977;52.20591699732238;0.4332917760874549;87.14002491372577
0.0;0.7046216749454355;0.0025539979292276;376.7561064836916;1.0;1.0828475861394553;1.0;12.692789922962628;20.132886098371745;54.19952995890243;0.4187312781743001;83.00581754004541
0.0;1.5750603346932788;0.7599950070707242;283.0009124276202;0.0;-0.7000305840186178;1.0;15.371059051498037;18.11102711622281;46.50425158532119;0.3633044109159414;77.00765664922619
0.0;1.559309731346346;0.721995256717188;284.0875790519401;0.0;-0.6984554771801689;1.0;15.370720721600048;18.098722759767224;46.475357003356486;0.3629241024690622;76.99322081340277
0.0;1.5282794676925535;0.6516007191872623;286.0513475238006;1.0;-0.67038526592891;1.0;15.365929574707678;18.07500637265657;46.51765589003873;0.3622641708083531;76.95053967074783
0.0;0.6975754581959811;0.0024262980327662;376.3234136367199;1.0;1.1061116348643725;1.0;12.694529901851112;20.14361244709067;54.25251998810839;0.4193446781358427;83.06510536337194
0.0;0.6700882018169813;0.0019762349120508;374.5367285966651;1.0;1.1784585002582542;1.0;12.701105254562938;20.183790857656174;54.46318835779104;0.4217918117737159;83.30590874921295
0.0;0.6633873197988115;0.0018774231664483;374.0765057372913;1.0;1.1908986458735416;1.0;12.702679053668744;20.19325192974217;54.51553408492163;0.4224019820379238;83.36704669835173
0.0;0.643684053013467;0.0016096556873336;372.6646454100191;1.0;1.2140720454255172;1.0;12.712482223302173;20.2201733306401;54.67180499088558;0.4242286321616174;83.55254163488063
0.0;0.6372472124833323;0.0015291729029669;372.18389868984815;1.0;1.217136699676196;1.0;12.719416770591414;20.22853677869776;54.723640903957175;0.4248362309082803;83.61498522268158
0.0;0.630874740358499;0.0014527142578185;371.69822173720286;1.0;1.2179544371186195;1.0;12.727697182731514;20.236545884061247;54.77535013879136;0.4254431884701857;83.67768027729136
0.0;0.5821363195143965;0.0009637603194617;367.64455856417806;0.0;1.0816745617824497;1.0;12.783551066335468;20.289884636587125;54.78644503887973;0.4289373500848243;84.17887470524774
0.0;0.57055180675606;0.0008697936883142;366.5871378334497;0.0;0.9661574604781336;1.0;12.784671828976997;20.30026075430454;54.68991112478192;0.4287952982674247;84.29608769997755
0.0;0.1832618534249298;2.6435263853579422e-06;292.5979747537684;0.0;0.1540500466897572;1.0;13.068778300888328;20.37426497090002;54.10894102119766;0.4309981897537257;84.53896323296007
0.0;0.1796149425417737;2.385782562785544e-06;291.2055201767464;1.0;0.2374728992879495;1.0;13.084388192094616;20.369350380201325;54.11548967354464;0.4301901893924332;84.38772682544055
0.0;1.845540435911648;0.7511926714308609;369.25207777219646;0.0;-0.5805252987572684;1.0;28.321473777447626;13.6128767540565;46.72220820682636;0.3235842600581153;85.1731352595093
0.0;2.5858523075520767;0.925384063539696;373.3934959592984;1.0;1.293029038916805;1.0;15.368254877971571;17.86491307025829;49.48102509774483;0.3871925757134314;77.681546408097
0.0;2.0898583689972794;0.4746895980569701;382.9084143061916;0.0;-0.5841497604275437;0.0;19.66655849246391;12.29282052782974;49.32699041542055;0.3745429852767148;81.62515826837272
0.0;1.028371900469857;0.1667703158555397;357.684731718204;1.0;1.1172702840784456;0.0;6.61466192726641;29.798784350410124;52.79912897300951;0.4469461928182575;90.23445838064796
0.0;1.864182258496614;0.7907291278219588;368.08690722267016;0.0;-0.575594061375077;1.0;28.324423709444304;13.634715147583686;46.7529415154059;0.3239240469050367;85.20783696207643
0.0;1.960254220002238;1.0219030858743;360.59043156332655;0.0;-0.4580767385068866;1.0;28.33515396343833;13.745067228020025;46.90773189729118;0.3256188602013725;85.32636669458026
0.0;1.9800547676790283;1.0756874588150525;358.63893514773247;0.0;-0.4158971974890813;1.0;28.34477900247078;13.767280015123742;46.93891602423171;0.3259558406106161;85.33822315396628
0.0;1.0180881814651586;0.1584318000627627;357.63374244334324;1.0;1.1348770385176965;0.0;6.483682847414634;29.91029435732922;52.75266870860035;0.446475273727285;90.2086960345768
0.0;1.007907299650507;0.1505102100596246;357.572158072117;1.0;1.150472365922503;0.0;6.355297326659292;30.02212871971777;52.70632127202322;0.4460047156330252;90.18093126820943
0.0;0.9394354679067444;0.1051068931275405;356.8609533684709;1.0;1.1999828171639149;0.0;5.525030067717719;30.808050812966048;52.3850253922348;0.4427225021859214;89.93732809512254
0.0;1.6909436213963391;0.8561165216779941;279.0254518637383;1.0;0.6426175533570483;0.0;9.691817873109883;19.7672415054334;46.91181625964743;0.3383283525027603;73.49249836803232
0.0;1.6740341851823757;0.8133106955940944;280.4003938062688;1.0;0.7199409999924195;0.0;9.49990703345802;19.79301586562065;46.88305309927959;0.3383724363945241;73.50276763682886
0.0;1.644687395353604;0.3244336404249769;356.966793401228;0.0;-0.4529334763209133;0.0;0.4194881278348961;28.645653269555016;36.72107663577176;0.2884922391952267;66.50878314900577
0.0;1.628240521400068;0.308211958403728;357.55341201761195;0.0;-0.4649427975506634;0.0;0.4111816850660765;28.66427919515552;36.61719637462826;0.2881877997356358;66.43119745270353
0.0;1.5484405346954528;0.2384885381223477;360.1684716111443;0.0;-0.4528133970932994;0.0;0.3720524722721879;28.75215655916004;36.101572537389;0.2866704146856134;65.98126321154291
0.0;1.4874257993507187;0.1942504048540155;361.9162541735208;0.0;-0.3704617893742812;0.0;0.3434476371415008;28.816465568636826;35.69356974845001;0.2854622610604249;65.55795641530797
0.0;1.4003818637956162;0.1427918973588099;364.0289758254653;1.0;-0.1566064296960489;1.0;0.8293553729978412;28.882962024655058;35.48799485525498;0.2840383694279733;64.85086290845594
0.0;1.3052474090813002;0.0997169075056476;365.7970846747144;1.0;0.3997360392278656;1.0;2.529187644565764;28.71244739626217;36.17506345581201;0.2867159574549267;64.03724919825828
0.0;1.292194934990487;0.0947310621303652;365.9927384697818;1.0;0.4963465607452317;1.0;2.752763822534296;28.666705397136287;36.27226039889634;0.2873176375988235;63.93382393332964
0.0;1.228864525707131;0.0733010900656047;366.7702405315495;1.0;0.9771407879383792;1.0;3.797846439087994;28.37675070493988;36.754698881420765;0.290645313447593;63.498869405124914
0.0;1.180442360224812;0.0597041959902479;367.1619316817174;1.0;1.306880137387901;0.0;4.031588251020327;28.104118560314525;36.93691547325995;0.2931228600378535;63.27099394092986
0.0;1.1453820416837748;0.0511888850371388;367.3283486046829;1.0;1.494283468540415;0.0;3.796806806934765;27.93570096521364;36.92332359007099;0.2937159454095819;63.17496260774026
0.0;1.1002494191670875;0.041693666793281;367.38846858782335;1.0;1.6457046968458438;0.0;3.5048943947997167;27.758370942259248;36.90534940878285;0.293479150961602;63.14018072765066
0.0;1.0675709111684062;0.0357471075668893;367.3174540572893;1.0;1.68236055883927;0.0;3.300785207435924;27.656006740456508;36.89197911945837;0.2929134573165912;63.1763547616479
0.0;1.0568952020567222;0.0339597521885449;367.27243606175983;1.0;1.6805314786447607;0.0;3.235425271329747;27.62708364084164;36.88754323844449;0.2926835468944936;63.19879297076128
0.0;1.046326250036155;0.0322617645791176;367.21697858234745;1.0;1.6721086638063754;0.0;3.171359548430218;27.600579788940617;36.883117756113016;0.2924392131385027;63.22589739315731
0.0;1.015249314083831;0.027660430406021;366.9893393991951;1.0;1.6109218609810625;0.0;2.986673914757018;27.534589177858365;36.86990344826158;0.291644541905984;63.331838323868645
0.0;0.4766236010756315;0.0014352018592401;361.864790259326;1.0;0.8632771657323407;1.0;26.26435393889276;13.448248255604511;44.22774147768074;0.2935596666030526;81.47847961070121
0.0;0.4814379808844762;0.0015107387992001;362.4755934356009;1.0;0.8891124133542392;1.0;26.219107989676832;13.400050943022377;44.15223138968314;0.292813421675333;81.35352388351544
0.0;0.4912131220125255;0.0016739488079779;363.6881691810023;1.0;0.9471407313282032;1.0;26.134388841043872;13.302065493738402;44.00065645773344;0.2913185906875961;81.08984622239836
0.0;0.6728209449664141;0.0415905597243525;278.8143356380742;1.0;1.141970988169007;1.0;14.999064817314558;15.25731841725533;45.61746157649061;0.3412679658908434;71.436795011283
0.0;0.0676787980063737;2.184564631145081e-07;296.7822199144;1.0;0.1773340140337845;1.0;25.52408207058225;10.04670297157334;33.16303438936714;0.2506158961387633;62.20165913741946
0.0;1.1703084064247642;0.1778643304966589;378.0998541089629;1.0;0.2456304364188001;0.0;2.01421056855679;29.341543088813665;40.70626813144812;0.33044894649968;72.74789176572148
0.0;0.620841957267738;0.0275920270698834;277.2843385417996;0.0;0.6992061476773865;1.0;14.872032961201098;15.298535397399128;45.90582249576637;0.3460080198858594;72.28254854218306
0.0;0.602402330294929;0.0236567142090413;276.6163205615198;0.0;0.4886656691427338;1.0;14.82729191164814;15.320040638542867;45.82637699483803;0.3461915502723303;72.57838806895943
0.0;0.5963783069919797;0.0224738784985892;276.3828612578262;0.0;0.4135521945657079;1.0;14.813654581444018;15.327580734690551;45.8000232689619;0.3461054091613127;72.67144499412329
0.0;0.5786652748960109;0.0192685415777279;275.65119500108824;0.0;0.1847116225650295;1.0;14.776790078147958;15.350647923098876;45.721344233719;0.3455740407479938;72.92935977833915
0.0;0.4877819547212313;0.0080565690636642;270.7037645942135;1.0;-0.317762388052222;1.0;14.56932722087628;15.491796320103598;45.980199863077765;0.343517975457069;73.60183919680038
0.0;0.0315302508777692;4.429542775346438e-09;239.3529566690765;0.0;-0.3357104224796174;1.0;26.496143192686024;7.566550804882506;36.67440268590339;0.2736384420846054;67.6889916845733
0.0;1.7252766262588912;0.9486055641861432;275.9275481078658;1.0;0.4902366193377224;0.0;10.0873484364963;19.7295085835896;46.96955224153394;0.3379453820335985;73.47874621635862
0.0;0.8484505816641258;0.0344543634927252;373.8193028727004;1.0;1.4007957647679814;0.0;1.0620775542447325;31.243404773122045;40.22058368492635;0.3194706647407388;70.65729741744778
0.0;0.9146931205273544;0.0266909118418863;364.7814130593525;0.0;1.0703700990066318;1.0;29.87394000047296;14.626019720356252;55.18349381418847;0.4708790857128035;91.61651703178111
0.0;0.9618324824991992;0.0344941449812936;365.59378363672033;1.0;1.1374958168983709;1.0;29.60397860240532;15.042251632949023;55.14135465628732;0.468459182828734;91.2788418613442
0.0;0.9715479621204032;0.0363096262960985;365.7290974037105;1.0;1.1442876348537958;1.0;29.5600351046468;15.128885208630257;55.09266843984418;0.4678976670444497;91.20821021716908
0.0;1.0012871930409113;0.0423497609518571;366.0784599899582;1.0;1.15708654588616;1.0;29.41151682469542;15.397237819544037;54.945893058041285;0.4662095581017813;90.99083898578031
0.0;0.1300971923687329;4.564995747038658e-07;274.88523855229374;0.0;0.1367717533634862;1.0;10.911379597511036;19.72290671922304;46.42137904116064;0.3397778956739343;74.67748480538441
0.0;0.1575558261574836;3.3728291014732324e-06;269.80082255934263;1.0;-0.318868367244518;0.0;5.4765303628458994;29.062713223293542;49.33439788214321;0.4360996482419981;88.51293974494583
0.0;0.8656775652118415;0.038176580047341;374.35909946619984;1.0;1.506992476178916;0.0;1.1054218010626586;31.150324273784182;40.24985221764438;0.3201459941524197;70.65083701138131
0.0;1.182129703459358;0.1872256110491146;378.0580931157165;1.0;0.1422486127339948;0.0;2.054900336294736;29.26646644212224;40.722058743519526;0.3307980303220295;72.8933951228891
0.0;0.1131257353300198;2.253806896007826e-07;259.74058346857885;1.0;0.9417680090894918;1.0;12.990323863986411;20.392715027240232;56.43020823246949;0.4531824256978544;84.83422516452195
0.0;1.7907260394246365;0.6440538166680344;372.2880985952632;0.0;-0.5610482783131223;1.0;28.34270900552833;13.546690420385412;46.6304545381912;0.3225650468119086;85.05001262470468
0.0;1.5094803261483545;0.2692919977244292;382.3545279566657;1.0;0.5374992603132711;1.0;28.561391664609538;13.146645999506964;47.20832355962533;0.3238013440973494;84.13984462935196
0.0;1.1940704075347048;0.1970795905780153;378.0034107447465;1.0;0.0433917791882123;0.0;2.096412091690377;29.19035546319876;40.73788754000695;0.3311474829139397;73.0412706522471
0.0;0.9011879668455436;0.0468708251745655;375.3430961278566;1.0;1.6778750768682278;0.0;1.1974892208657475;30.95478865010097;40.30881482348248;0.3215009387324422;70.67203749981263
0.0;1.20613172478253;0.2074522006084372;377.93549217048667;1.0;-0.0497476272421528;0.0;2.138762439987329;29.113204234682488;40.75375461415024;0.3314973046649743;73.19104277587627
0.0;1.2480485266758208;0.3075580179943066;388.5783036387864;0.0;0.246413683416938;1.0;23.668877882149747;10.671938458006904;40.65034399421172;0.2805446299157492;69.43303221356517
0.0;0.6233394042660378;0.0029505346115144;369.3404739158297;1.0;1.1820710621785089;1.0;28.644000105628542;13.10249500383069;52.6011695110744;0.3833028629746326;89.58223857469284
0.0;0.1396551007567298;1.8225422289431689e-06;261.98925713954765;1.0;0.6283258027359007;0.0;4.307991321734195;31.110526611111112;48.89353818495592;0.4306091131422912;86.84839182828658
0.0;0.6109349501211436;0.0026628574868918;368.3539448197524;0.0;1.1544427146669416;1.0;28.659606928652565;13.101820260254485;52.61087313220669;0.384502658987938;89.71341006851817
0.0;0.6662891775545259;0.048496229534661;270.7984928003028;1.0;0.7958494607732944;0.0;3.880790909403504;25.39775116784148;43.46344463735544;0.3432917130173032;74.32392382889148
0.0;1.6562321917657308;0.9821836778845748;276.0941834084953;0.0;-0.5981752074675981;1.0;15.3710330530934;18.17697361874633;46.64978044764772;0.3651976534380027;77.00206038120608
0.0;0.9006784581086253;0.1499434551958692;273.42866433229824;1.0;1.5174620616568986;1.0;15.04345048127041;18.66313346272091;46.85500585148348;0.3643611306972383;74.63706178843367
0.0;0.8087139300543614;0.0852677401005075;275.780868184098;0.0;-0.3575890935738063;1.0;7.909149158960137;28.270414774825003;45.84756277299651;0.4062978530120559;75.69346365017869
0.0;0.9032496112030034;0.1499080982199699;275.50401981430394;0.0;-0.661555787885333;1.0;7.297853317951767;29.16594937401373;46.14935361451677;0.4110218411866838;75.88099839357896
0.0;0.9215892370196952;0.1661031559224043;275.33336998221927;0.0;-0.6449000402926194;1.0;7.159323765952778;29.335429060940204;46.20509471678629;0.4118780831753992;75.87609070423187
0.0;1.1154977451710848;0.4401790649576816;271.2470842202441;0.0;0.6732845556532581;1.0;5.4102852620431845;30.93507844682738;46.74833944899945;0.4184154275083011;75.17701283030013
0.0;1.0247704875771178;0.9500000051876868;181.72106465039707;1.0;1.0817135941759202;1.0;10.835933086638576;30.42220077892731;43.89570357160082;0.4160808113425943;78.57172917892258
0.0;1.1550301901543278;0.0230198466986123;405.4564551506368;1.0;1.019363730221606;0.0;6.043115795057251;22.072877608692604;46.2553435370562;0.3519386547319669;77.59952643398032
0.0;0.6962054858050533;0.005187296295445;374.4079014200916;1.0;1.1790290365400429;1.0;28.530820617958;13.102642450703447;51.98879365468144;0.3760986739075426;88.85087576564614
0.0;0.6271130881492304;0.0290442390209299;277.49596346857675;0.0;0.7616942476072461;1.0;14.888922374764224;15.291847478686131;45.93243295897973;0.3457394238433244;72.17960483772572
0.0;0.8013914721338541;0.0106367899063695;379.8462888860185;1.0;0.8375656882978084;1.0;28.31531844796777;13.09019896243823;51.18519758144903;0.3668078612271687;87.91462727951662
0.0;2.1054073407599723;0.0948655602019732;542.1259696064972;0.0;0.0010917313072963;1.0;15.297186049529316;18.27912464739901;52.298557617680096;0.4204101190647624;82.29305249777606
0.0;1.3515862933082436;0.702069833886122;278.0120382992827;0.0;0.597005599579267;1.0;14.345151449480786;15.657422687265566;45.876154416144864;0.3447762427497003;73.55387107187386
0.0;0.919485732930868;0.0519344323263884;375.7854561182931;1.0;1.733027056476236;0.0;1.2463597212861053;30.85218597287116;40.33851028487852;0.3221805599426874;70.70444629415464
0.0;0.9287734676069372;0.0546678235014615;375.9938117438082;1.0;1.7511465692410786;0.0;1.2715378765547003;30.799643656531646;40.3534118605518;0.3225209091026781;70.72709763119923
0.0;0.9927887433356656;0.1049129333350771;240.4967029869744;1.0;1.2429584520273402;1.0;9.593920603806309;24.50943232842996;55.27045468936969;0.4828581161927122;84.41179973365153
0.0;0.2183295273900651;4.7808810503466215e-05;260.5881895992044;1.0;0.1752069252738781;1.0;12.778215779830866;20.979661826272185;44.46745737820013;0.3581833207151703;73.31670653028159
0.0;1.2246734296947923;0.0428965386328375;388.80943474923583;1.0;1.7737717511497553;1.0;13.079330229270496;19.125737175666924;51.07609838614369;0.3839881822101482;79.52705886680472
0.0;1.4387808382725735;0.0261566954530216;406.8481657022968;1.0;1.308518610048963;1.0;16.615920754428398;22.90639599092302;46.76329197141776;0.3809257442580855;80.69970392530911
0.0;1.9212672621704097;0.5046857373844686;278.8626644604127;1.0;0.087644439487254;1.0;22.728908349938447;11.072385357417884;45.01409102770576;0.3201356916159488;74.66410229635572
0.0;0.9766384703021878;0.0706502588162577;376.9023939455824;1.0;1.7309560022392767;0.0;1.4052667780570556;30.524155670243367;40.42846170408561;0.3242280556400287;70.91468725213186
0.0;1.0223547651272331;0.0336568580701387;435.016281160719;1.0;1.6642292339080424;1.0;15.257439999070693;24.37637223070724;49.74509446877386;0.4029942228134789;83.77102916682198
0.0;0.7917828415753639;0.1046807458781106;397.2106571873166;0.0;-0.2279492385536423;0.0;17.470679320058323;18.47663800283886;45.66174884710576;0.4203166671665694;84.37082385758933
0.0;0.2863928824676313;0.0001909723954444;275.59183335943715;0.0;-0.155998756392502;1.0;12.433952428544355;21.743750882099693;44.28626164448694;0.3641298607851855;73.94626552504447
0.0;0.3498518966628288;0.0002203127954167;262.6908348266648;1.0;1.6951734470701516;1.0;0.6390195064222427;32.326445383918575;45.23021986524141;0.4072039282635046;74.98891377575652
0.0;0.2232028728786991;6.856567490324266e-05;287.12045188871696;1.0;0.2789828511825076;0.0;0.3164107023216507;38.98892710837927;39.25032769856213;0.3806803950120989;76.67903716312145
0.0;1.0057538847453942;0.3236313266852932;279.27657182889465;1.0;-0.1167423042879749;1.0;15.063819038628957;15.4649874638555;42.50252756098918;0.3147113535331703;70.05204667522476
0.0;1.1564639500152032;0.0946231056174748;418.67281146544974;1.0;1.2087827085793468;1.0;15.865522005813878;23.761938399612088;48.57120072262805;0.3934584319160981;82.50878599410234
0.0;0.4589168232065467;0.0008800399308143;273.6452051329284;0.0;-0.6170739995412008;0.0;0.680414444389359;31.75480144268121;45.83623796287158;0.4188753453135815;78.29604378275981
0.0;0.5335880068253633;0.0018995393685973;278.69121201195475;0.0;0.2883250056080725;0.0;0.918463793492367;31.28731563316732;47.77661093710678;0.4255621052378781;79.73204492485665
0.0;1.0159130148943376;0.3406645544055718;279.0741441260128;1.0;-0.2020950851555157;1.0;15.05466752872607;15.476950384504551;42.42068553002119;0.314408299155232;70.10182625976495
0.0;1.0405959330906007;0.0833553027936767;202.8268304358901;0.0;0.6422547837555662;1.0;22.95194833074141;12.36792606060597;44.96771297096824;0.3295622415964298;75.67384969125195
0.0;1.1286803533094238;0.8573815627568573;283.71855198979216;1.0;1.0015444317494289;0.0;0.0376362586350456;33.46625644017214;36.63462360239804;0.2678269348616908;67.6597991944382
0.0;1.0842058439544229;0.6983426415002274;286.44490790199075;1.0;1.0975212277637434;0.0;0.0347426098303962;33.4630275746945;36.6110742046535;0.2666981958439894;67.60593464416577
0.0;0.5554759766547056;0.0023321360254722;279.877563565957;0.0;0.6471871860284234;0.0;0.994960032914212;31.141526955594;48.30613036236564;0.4273631993589521;79.95732485323788
0.0;1.70181818720379;0.0564217360771908;620.623603563635;1.0;1.4549151305311527;1.0;4.055501889636734;37.92544332549111;29.47776577296528;0.3034106754610873;64.5923058247631
0.0;0.8789855129537998;0.0078940745678634;384.65043381406446;1.0;0.5874547460284608;1.0;12.782256238499278;19.82260316535568;53.000340085681415;0.4050713302171388;81.68677865044074
0.0;1.3172073680712355;0.6635428698603724;476.4878449093409;1.0;0.9521412478127916;0.0;1.3976710363377338;30.10807427228791;46.46187947857839;0.4231010879802864;76.35669396801028
0.0;0.0926768826109407;9.219654635962066e-07;238.73478521952867;0.0;0.982336464443932;0.0;0.665675711343935;37.42863362026105;33.76699790160137;0.3169749658462236;69.86637932228395
0.0;0.1527572651566181;1.3923642682187508e-05;369.16074270114655;0.0;0.1238048137745772;1.0;20.61956060555605;17.43093803807464;30.396549691319183;0.252938281493349;60.12475822291557
0.0;0.2787414392244055;0.0004795411395679;269.7965992908724;0.0;0.3464134529831374;1.0;14.863664633875697;15.851156652199444;42.55427691158663;0.3228512050046416;70.36057241598037
0.0;0.1399356722299858;7.551736642039574e-06;265.06588572954865;1.0;0.2261986008421375;0.0;1.5114178572000487;35.776021767260175;34.30450121517524;0.3309979010608043;70.08603164515408
0.0;0.8315664150890096;0.0310950630521845;373.24882905000027;1.0;1.2874078042239063;0.0;1.02043285924843;31.333458537527747;40.191456079118566;0.3187967598972944;70.67195902420711
0.0;0.1108322827442347;5.601708707845556e-07;247.2537849786696;1.0;1.622659654458078;0.0;2.71956429105056;34.219676950896734;48.08364278296611;0.4202780614525996;85.04369331264417
0.0;0.6379033755295804;0.0063522624768776;378.1359483291454;1.0;1.381064691181816;1.0;24.75642947049466;12.147287450040157;41.96125779794717;0.2716514616819002;76.24505483284115
0.0;0.6082055880830137;0.0008902993676829;378.406372059005;0.0;0.8769559788276036;1.0;22.395298409917;11.996142090252809;40.08735878585899;0.2786411170700869;68.92127493260988
0.0;1.3054962138357156;0.0439078389895198;398.921153364289;1.0;1.069427789276395;1.0;18.74116816443867;19.109587809762782;39.52417742062507;0.2796644257598925;66.88099664335259
0.0;1.289493866604697;0.5440916288451951;275.1706542846019;0.0;-0.402749386285144;1.0;2.0573139660715585;29.15179409579608;40.41805891334085;0.3256388264166966;72.31097181263918
0.0;0.3340165879829855;0.0012072604568468;279.16247559425994;1.0;1.14651520337274;1.0;14.841776217378372;16.20485430778259;42.49030839911055;0.3199101099457374;68.9743377236042
0.0;2.114882657680045;0.5150021108660278;374.1420012950272;0.0;-0.2008462408412822;1.0;11.926016388365456;28.00368171881125;35.495566559408395;0.2516518892822451;64.59911724533374
0.0;1.1779748876677596;0.3429134279157855;279.4512727237769;0.0;-0.6186342523679483;1.0;4.260370061485814;29.167556184913032;40.29340900597898;0.3225590943246723;71.37907851282814
0.0;0.5218993963875187;0.0053801764614937;276.0796512186137;0.0;-0.4888596885533469;1.0;12.872303632766783;22.564827734453328;43.73557905149584;0.3465219328261806;73.8229385022059
0.0;0.4311769060940997;0.0020302289700203;269.4960465713005;0.0;0.4282752142862383;1.0;13.37963156282624;21.39599507082005;44.30777274987044;0.3472230127927751;73.68734472534265
0.0;0.0650119833265185;1.779341545596613e-07;293.49964652836115;1.0;0.6121552109035286;1.0;25.704294161851;9.792420701190387;33.57281709008905;0.2535279175337195;62.25704082507704
0.0;1.1355490764455425;0.1524964303595729;378.1504109307713;1.0;0.5711068226393528;0.0;1.896912031900212;29.560630255265167;40.65912447273503;0.3294039037605161;72.33007058285632
0.0;1.037343666697122;0.0961107852192308;377.6823076897747;1.0;1.4397235439269411;0.0;1.5844339791878956;30.16427066985023;40.51972554011686;0.3262885634155342;71.3260047600919
0.0;0.0542533947451433;7.067799393385515e-08;279.08594697772696;1.0;1.7706931737382474;1.0;26.204912659995976;8.815849722561111;35.368085983556966;0.2673938074302863;63.422335131161546
0.0;1.3113547127985348;0.1313269693662403;385.9331993361434;1.0;1.6900181319091605;1.0;28.3793253056932;12.939730592563476;48.14574482224197;0.333217763641871;84.04141864389389
0.0;0.0668225634244615;1.4552559708788525e-07;212.7699825167749;1.0;1.2678338089162229;1.0;8.77996710184603;33.759592101288206;38.6065510950749;0.3746056293278494;71.86872647554992
0.0;0.403974775966325;0.0012993256896352;224.7698824229257;1.0;1.782325159781542;0.0;11.635154898234395;26.23783610785059;48.99768905107287;0.4514949732524997;84.26899436655084
0.0;1.1018221333260332;0.1307466269795388;378.0940070005226;1.0;0.8958808794161153;0.0;1.7864444287775303;29.770646190844364;40.61232113887311;0.328362165962491;71.94855851196198
0.0;0.1716415756880797;9.89230440881342e-06;281.98773737097144;1.0;0.7752321287472895;0.0;0.0441666436690088;33.46729118477659;36.6823991609056;0.2700987645031492;67.70658358365341
0.0;1.140081164959014;0.9025069081651128;282.8080318495078;1.0;0.9743384757527792;0.0;0.0383965711027109;33.46662201371449;36.64054599938999;0.2681098652542611;67.66858468354467
0.0;1.016700527729849;0.0867399836603558;377.4616143440639;1.0;1.568969335752068;0.0;1.5223074005664723;30.287890365773496;40.48915724898491;0.3256002766101603;71.1650672368823
0.0;1.0478218855526489;0.1011692475991904;377.77740844588936;1.0;1.3639936541451974;0.0;1.6164416858766792;30.10105879176231;40.53506512977874;0.3266332522399998;71.41544756942918
0.0;1.069096914144117;0.1120988893065821;377.9363327933973;1.0;1.1926940255867975;0.0;1.6824099566466508;29.97178888783544;40.565855648944165;0.3273237226537622;71.61193832504131
0.0;0.2854362725134018;0.0016422930730838;123.39002846432308;1.0;0.9152406444061618;1.0;11.194997176925517;22.990987509703032;47.13208087236101;0.4096004731467589;75.47560284189805
