InertialMeasurementUnit RUA Quaternion4;InertialMeasurementUnit R-SHOE AngVelNavFrameZ;InertialMeasurementUnit RLA gyroZ;InertialMeasurementUnit R-SHOE AngVelNavFrameY;InertialMeasurementUnit R-SHOE AngVelBodyFrameX;InertialMeasurementUnit BACK Quaternion4;InertialMeasurementUnit R-SHOE AngVelBodyFrameZ;InertialMeasurementUnit RUA Quaternion2;InertialMeasurementUnit BACK Quaternion2
762.0;0;104.0;?;-31;579.0;0;-636.0;-716.0
?;-7;228.0;44;-44;?;-7;-638.0;-710.0
?;25;319.0;21;-21;562.0;25;?;?
764.0;13;298.0;-49;49;552.0;13;-642.0;-692.0
?;-4;183.0;-23;?;540.0;-4;?;-682.0
766.0;-17;4.0;-15;?;525.0;-17;-641.0;?
?;27;-167.0;?;0;511.0;27;-632.0;-661.0
777.0;48;-183.0;?;28;496.0;48;?;-647.0
785.0;-5;?;?;10;482.0;-5;?;-635.0
?;-8;-348.0;47;-47;470.0;-8;-586.0;?
807.0;37;-114.0;?;2;460.0;37;-568.0;?
815.0;20;17.0;?;0;453.0;20;-555.0;-602.0
?;-34;138.0;15;-15;449.0;?;?;-595.0
819.0;-12;271.0;25;-25;445.0;-12;?;-591.0
?;1;?;15;-15;440.0;1;-550.0;-590.0
807.0;?;208.0;-26;26;437.0;-26;-558.0;?
795.0;-5;271.0;?;?;?;-5;-570.0;-583.0
781.0;7;241.0;-34;?;434.0;7;-583.0;-583.0
?;16;132.0;-4;4;431.0;16;?;-584.0
?;35;44.0;22;-22;428.0;?;-606.0;-583.0
743.0;22;-217.0;4;-4;426.0;22;-621.0;-582.0
731.0;43;-613.0;?;?;423.0;43;?;-581.0
?;50;-925.0;?;-87;421.0;?;-648.0;?
720.0;-14;-974.0;45;-45;418.0;-14;-658.0;-581.0
715.0;-12;-925.0;-8;8;416.0;-12;-666.0;?
713.0;12;?;?;?;415.0;12;-670.0;-582.0
?;6;-634.0;-18;18;415.0;6;-671.0;-581.0
714.0;?;-394.0;-10;?;?;4;?;?
?;-22;-266.0;16;-16;414.0;-22;-663.0;-579.0
716.0;-6;?;?;26;?;-6;-660.0;-577.0
718.0;?;-93.0;-50;?;416.0;16;-658.0;-576.0
721.0;-2;51.0;?;-10;416.0;?;?;-577.0
725.0;15;?;?;-35;418.0;15;-647.0;?
?;14;-219.0;6;-6;419.0;14;-637.0;-576.0
747.0;-22;?;13;-13;420.0;-22;-621.0;-575.0
765.0;?;-81.0;31;-31;422.0;-4;-601.0;-576.0
789.0;8;-4.0;?;-22;?;8;-572.0;-576.0
813.0;?;?;?;-64;422.0;-10;-537.0;-575.0
?;-1;143.0;96;-96;423.0;-1;-496.0;-576.0
868.0;-16;513.0;55;-55;423.0;-16;-450.0;?
896.0;?;766.0;45;?;424.0;?;-400.0;-579.0
921.0;14;536.0;52;-52;429.0;14;?;-584.0
938.0;27;-432.0;39;?;434.0;27;-301.0;-591.0
945.0;-7;-1620.0;36;-36;437.0;-7;-250.0;-594.0
?;3;-2351.0;?;-7;432.0;3;-209.0;?
934.0;?;-2752.0;?;?;420.0;16;-174.0;-586.0
926.0;-4;-2361.0;17;-17;413.0;-4;-137.0;-586.0
913.0;23;?;45;-45;411.0;23;-117.0;-583.0
892.0;44;-2106.0;12;?;409.0;44;-104.0;-579.0
867.0;33;-1247.0;?;22;408.0;?;-71.0;?
?;25;-1366.0;-21;21;406.0;25;-59.0;-567.0
?;17;-1574.0;-23;23;399.0;17;-37.0;?
?;12;-1226.0;?;58;400.0;12;-25.0;-564.0
755.0;-21;-815.0;-50;?;400.0;-21;?;?
?;-3;-195.0;12;-12;?;-3;-17.0;-565.0
742.0;?;140.0;9;?;406.0;34;-22.0;?
638.0;32;?;22;-22;390.0;?;-516.0;-622.0
640.0;-4;-69.0;-10;10;389.0;-4;-513.0;-622.0
?;-30;-104.0;-3;3;388.0;-30;-508.0;-621.0
653.0;-28;?;?;-35;387.0;?;-499.0;-618.0
665.0;2;-660.0;59;-59;?;2;-487.0;?
677.0;6;-786.0;47;-47;387.0;?;-470.0;?
694.0;?;-1016.0;22;-22;390.0;?;-448.0;-603.0
?;?;-1261.0;-6;6;394.0;8;-422.0;?
730.0;1;-1582.0;?;16;398.0;1;-394.0;-594.0
748.0;-2;-1958.0;-12;12;401.0;-2;-365.0;-591.0
767.0;23;-2373.0;-15;?;?;23;-334.0;-588.0
782.0;16;-2742.0;-33;?;406.0;16;?;-588.0
793.0;-24;-3221.0;-53;?;406.0;-24;?;?
799.0;9;-3684.0;-47;47;406.0;9;-260.0;-582.0
796.0;30;-4080.0;-40;40;?;30;-243.0;-580.0
781.0;11;-4631.0;-26;26;401.0;11;-230.0;-575.0
763.0;21;-4863.0;-13;13;396.0;21;-215.0;-569.0
735.0;57;-4614.0;-23;23;399.0;57;-194.0;?
?;70;-4222.0;-23;23;401.0;70;?;-567.0
667.0;-15;-3722.0;-29;29;404.0;?;-161.0;?
631.0;-43;-3320.0;-31;?;408.0;-43;-145.0;-570.0
593.0;-5;-2875.0;-6;6;?;-5;-130.0;?
559.0;-17;-2290.0;-32;32;?;?;-116.0;-577.0
534.0;-15;-1401.0;-55;55;421.0;-15;-104.0;-582.0
526.0;-7;-784.0;-8;8;426.0;-7;-104.0;-585.0
?;11;?;?;23;426.0;?;?;-582.0
529.0;3;94.0;-21;21;?;?;-105.0;-581.0
533.0;-49;345.0;12;?;423.0;-49;-106.0;-580.0
?;-27;457.0;7;?;?;-27;-110.0;-579.0
539.0;16;455.0;8;-8;422.0;16;?;-578.0
543.0;-9;475.0;?;28;?;-9;-116.0;-578.0
549.0;-9;?;-15;15;424.0;-9;-119.0;-576.0
?;-8;702.0;15;-15;?;-8;-125.0;?
561.0;-8;793.0;5;-5;425.0;?;-135.0;-576.0
?;?;979.0;30;-30;?;?;-147.0;-576.0
570.0;2;1077.0;39;?;423.0;2;-164.0;-574.0
?;3;-7.0;10;-10;360.0;?;-515.0;-596.0
609.0;26;?;33;-33;?;?;-515.0;-596.0
611.0;-26;?;?;?;362.0;?;-515.0;?
614.0;-47;-193.0;23;-23;364.0;-47;-515.0;-596.0
620.0;-17;-267.0;-29;29;?;?;-512.0;-594.0
629.0;-55;-456.0;-34;34;?;-55;-508.0;-592.0
640.0;?;-1111.0;-28;?;?;6;-502.0;-589.0
657.0;44;-1354.0;-60;60;377.0;44;-488.0;-580.0
678.0;3;?;-43;43;381.0;3;-467.0;?
?;-20;?;-7;7;385.0;?;-444.0;?
721.0;-10;-2663.0;-13;?;391.0;-10;-421.0;-574.0
?;?;-3415.0;5;?;395.0;7;-395.0;-572.0
753.0;-17;-4115.0;4;-4;399.0;-17;-365.0;-571.0
756.0;13;-4792.0;-21;21;?;13;-338.0;-570.0
751.0;-7;-5405.0;?;17;?;-7;-310.0;-567.0
742.0;-11;-5281.0;2;-2;399.0;-11;-276.0;?
723.0;47;-4962.0;6;?;403.0;47;-249.0;?
695.0;-16;-4453.0;-21;21;406.0;?;-225.0;-555.0
?;-40;-3767.0;-32;32;409.0;?;-200.0;-556.0
627.0;?;-3157.0;9;?;414.0;9;-180.0;-558.0
591.0;16;-2371.0;26;-26;423.0;?;?;-566.0
557.0;17;-1759.0;-15;15;428.0;?;-139.0;-570.0
?;-7;-1213.0;2;?;?;-7;?;?
521.0;-25;-691.0;46;?;436.0;-25;-121.0;?
514.0;?;-422.0;10;-10;441.0;-11;?;-579.0
512.0;-40;?;?;1;441.0;-40;-119.0;-579.0
?;?;160.0;25;-25;442.0;-49;?;?
517.0;?;278.0;12;-12;442.0;?;-114.0;-581.0
521.0;?;343.0;8;?;440.0;?;-112.0;-581.0
524.0;?;350.0;8;-8;439.0;30;-112.0;-581.0
527.0;-10;404.0;-3;3;438.0;?;-112.0;-581.0
?;?;407.0;8;-8;438.0;?;-115.0;-581.0
531.0;-3;?;41;-41;437.0;-3;-121.0;-581.0
533.0;-10;680.0;43;?;434.0;-10;-133.0;-579.0
?;?;895.0;16;-16;428.0;-24;?;-573.0
544.0;?;1157.0;-9;?;422.0;1;-180.0;-566.0
660.0;-2;41.0;-4;4;385.0;-2;-504.0;-566.0
660.0;?;7.0;?;?;385.0;18;-506.0;?
660.0;17;10.0;23;-23;386.0;17;-507.0;-569.0
661.0;-14;-55.0;4;-4;386.0;?;?;-571.0
662.0;1;-76.0;-17;?;386.0;1;-505.0;-572.0
?;?;-100.0;40;?;386.0;-5;-503.0;-573.0
?;-5;-229.0;39;-39;?;-5;-497.0;-573.0
683.0;-2;-425.0;38;-38;?;-2;-487.0;-573.0
697.0;?;-833.0;?;?;386.0;-11;-473.0;-572.0
713.0;-11;-1357.0;-5;?;?;-11;-456.0;-571.0
731.0;13;-2025.0;8;-8;?;13;-435.0;-571.0
?;?;-2846.0;-15;15;388.0;4;-415.0;-570.0
?;?;-3853.0;-32;32;?;-16;-392.0;-570.0
?;14;-4680.0;-44;44;?;14;-362.0;-569.0
761.0;1;-5400.0;-25;25;?;?;?;-569.0
753.0;10;?;6;-6;389.0;10;?;-567.0
?;?;-5674.0;-10;10;387.0;35;-266.0;-562.0
712.0;-16;-5512.0;-23;23;389.0;-16;-234.0;-559.0
?;-12;?;-14;14;393.0;-12;?;-561.0
644.0;21;-4455.0;-13;?;401.0;21;-175.0;-566.0
606.0;-4;?;-12;?;410.0;-4;-149.0;-570.0
569.0;-16;-2733.0;-16;16;420.0;-16;?;-576.0
541.0;?;-1842.0;-9;9;428.0;-29;-106.0;-571.0
519.0;-24;?;6;?;435.0;-24;?;-559.0
505.0;0;-752.0;-10;10;444.0;0;-92.0;-557.0
502.0;-59;-166.0;-6;6;445.0;-59;-82.0;-563.0
?;-55;?;23;?;445.0;-55;-78.0;-565.0
517.0;15;551.0;?;?;443.0;?;?;-564.0
528.0;-15;802.0;?;?;441.0;-15;-81.0;?
538.0;-35;930.0;27;-27;439.0;?;-87.0;-563.0
?;-6;774.0;14;-14;438.0;-6;-92.0;-562.0
550.0;?;571.0;-8;?;439.0;-11;-97.0;-562.0
556.0;-7;696.0;8;-8;439.0;-7;-100.0;-561.0
565.0;8;918.0;1;-1;439.0;8;-107.0;-561.0
577.0;?;1176.0;28;-28;?;-7;-120.0;-558.0
589.0;-14;1589.0;67;-67;435.0;-14;-140.0;-555.0
602.0;-13;1859.0;29;?;431.0;-13;?;-551.0
657.0;49;?;?;?;373.0;?;-526.0;-572.0
661.0;36;-123.0;34;-34;?;36;-523.0;-572.0
665.0;-27;-201.0;-3;3;?;?;?;-571.0
670.0;-47;?;-23;?;370.0;-47;-515.0;-569.0
?;7;-718.0;-3;?;371.0;?;-513.0;?
683.0;-2;-888.0;-1;1;?;-2;-505.0;?
?;7;-866.0;-14;14;?;7;?;-564.0
?;-15;-1169.0;-3;3;371.0;-15;-475.0;-563.0
?;?;?;6;-6;373.0;-6;-452.0;-563.0
?;?;-2326.0;-20;20;374.0;50;-425.0;-562.0
?;-4;-3019.0;-33;33;?;?;?;-563.0
746.0;?;-3647.0;-30;?;?;-30;?;-561.0
740.0;-8;-4293.0;-59;59;376.0;-8;-322.0;-559.0
726.0;?;-4621.0;?;48;375.0;-30;-283.0;?
701.0;-7;?;-16;16;?;?;-243.0;?
671.0;27;-4875.0;-13;13;377.0;27;-204.0;-557.0
636.0;-3;-4794.0;-13;13;?;-3;?;-554.0
?;-10;-4336.0;-24;24;377.0;?;-130.0;?
?;10;-3654.0;-4;4;383.0;10;?;?
?;?;?;2;-2;389.0;-10;?;-555.0
477.0;-27;-2103.0;-34;34;404.0;-27;?;-562.0
?;-24;?;-18;?;401.0;-24;-53.0;?
449.0;-15;-732.0;-3;3;408.0;-15;-54.0;?
448.0;?;-172.0;-24;24;413.0;-3;-57.0;-552.0
451.0;?;90.0;?;-3;415.0;?;?;-554.0
457.0;-21;366.0;12;-12;416.0;?;?;-555.0
?;-14;411.0;-22;?;418.0;-14;-66.0;-555.0
474.0;-12;?;?;10;416.0;-12;-72.0;-554.0
480.0;15;353.0;-11;11;416.0;15;-75.0;-553.0
483.0;20;314.0;?;23;417.0;20;-76.0;?
?;?;285.0;?;-21;418.0;7;-77.0;-551.0
490.0;-19;182.0;9;-9;419.0;?;-76.0;?
?;?;152.0;-14;14;420.0;-36;-73.0;-551.0
496.0;-36;205.0;-16;16;423.0;-36;-72.0;-551.0
500.0;?;424.0;-18;18;424.0;-36;?;-551.0
506.0;-3;670.0;?;-56;?;-3;-80.0;-550.0
514.0;?;?;?;-50;423.0;6;-93.0;-550.0
679.0;-7;-102.0;-4;4;353.0;-7;-514.0;-563.0
?;?;-72.0;-39;39;355.0;41;-516.0;-563.0
681.0;?;?;-49;?;?;18;?;-563.0
682.0;-24;-123.0;-5;5;358.0;-24;-518.0;-564.0
684.0;-10;-108.0;2;-2;360.0;-10;-519.0;-564.0
?;1;?;-16;16;361.0;1;-519.0;-563.0
690.0;-14;?;-5;5;?;-14;-518.0;-563.0
694.0;-25;?;-10;?;364.0;-25;-516.0;?
?;1;?;?;?;366.0;1;-513.0;?
710.0;27;?;-25;?;369.0;27;?;-563.0
718.0;?;-1060.0;-11;11;?;9;-504.0;?
729.0;12;-1411.0;-22;?;377.0;12;?;-566.0
741.0;13;-1702.0;?;13;380.0;13;-486.0;-567.0
754.0;6;-2027.0;13;-13;382.0;6;-473.0;-566.0
765.0;5;?;5;?;?;5;-463.0;?
775.0;-13;-3144.0;14;?;383.0;?;-451.0;-559.0
786.0;-7;?;?;?;383.0;-7;-437.0;-553.0
794.0;?;-4054.0;-11;11;383.0;?;?;-551.0
798.0;-15;-4657.0;-3;3;382.0;-15;?;-545.0
796.0;0;-5148.0;58;?;380.0;0;-417.0;-542.0
795.0;-5;-5328.0;44;-44;380.0;?;-411.0;-538.0
795.0;?;-4960.0;19;-19;381.0;11;-399.0;-536.0
789.0;33;-4626.0;1;?;382.0;33;-390.0;-533.0
781.0;-37;-4426.0;?;-3;384.0;-37;-384.0;-530.0
?;-35;-3972.0;?;-26;386.0;-35;-375.0;-532.0
771.0;?;-3701.0;25;-25;385.0;8;-372.0;-532.0
769.0;?;-3679.0;27;-27;384.0;-26;?;?
?;?;?;?;?;384.0;-25;-371.0;-530.0
759.0;-42;-2964.0;4;-4;384.0;-42;?;?
751.0;?;-2512.0;-6;?;382.0;?;-379.0;?
742.0;?;-2023.0;-4;4;380.0;13;-384.0;?
736.0;-9;-1455.0;-16;16;378.0;?;?;?
736.0;7;?;-13;13;376.0;7;-402.0;-529.0
739.0;28;-223.0;12;-12;375.0;28;-418.0;?
745.0;12;196.0;33;-33;?;12;-440.0;-527.0
?;4;579.0;39;-39;?;4;-466.0;-526.0
?;7;?;36;-36;?;7;-495.0;-524.0
760.0;6;747.0;38;-38;374.0;?;-517.0;-521.0
760.0;?;758.0;37;-37;374.0;?;-537.0;-521.0
758.0;6;580.0;?;-36;375.0;?;?;-523.0
756.0;12;529.0;31;-31;376.0;12;-569.0;-525.0
753.0;21;587.0;?;4;376.0;?;-583.0;-527.0
751.0;8;?;12;?;377.0;8;?;?
748.0;?;?;34;-34;?;-17;-601.0;-531.0
744.0;?;446.0;-2;2;379.0;-15;?;-533.0
740.0;11;?;2;-2;380.0;11;?;-535.0
737.0;16;?;22;?;381.0;?;-620.0;-537.0
734.0;-7;341.0;60;-60;382.0;-7;-623.0;-540.0
?;8;267.0;33;-33;382.0;8;-625.0;-541.0
729.0;38;148.0;-35;35;383.0;38;-627.0;-541.0
729.0;28;112.0;13;-13;382.0;28;-627.0;-541.0
?;33;22.0;59;-59;?;?;?;-540.0
728.0;44;?;56;-56;379.0;?;-627.0;?
729.0;23;-53.0;51;-51;378.0;23;?;-539.0
729.0;1;-48.0;-20;?;377.0;1;-625.0;-538.0
729.0;-3;-11.0;-38;38;376.0;-3;?;-537.0
?;15;8.0;?;12;375.0;?;-624.0;-537.0
728.0;-1;31.0;?;34;374.0;-1;-624.0;?
727.0;-86;23.0;10;-10;373.0;-86;-624.0;?
728.0;-116;?;?;83;373.0;-116;-623.0;-533.0
729.0;-260;98.0;-175;175;?;-260;-623.0;-531.0
730.0;-578;77.0;-565;?;372.0;?;-622.0;-530.0
731.0;-854;87.0;-1500;1500;371.0;-854;-621.0;-527.0
?;?;?;-2011;2011;371.0;-934;?;-524.0
734.0;-649;-37.0;-2000;2000;370.0;-649;-619.0;-521.0
735.0;-556;-56.0;-1650;?;370.0;-556;?;-515.0
736.0;-602;-79.0;-1279;1279;369.0;-602;-613.0;?
737.0;-314;?;-1220;?;370.0;-314;-610.0;-505.0
738.0;?;-170.0;?;1035;371.0;-127;-607.0;-499.0
739.0;-89;?;-915;915;371.0;-89;-603.0;-493.0
740.0;-71;-243.0;-862;862;370.0;?;?;-485.0
740.0;-65;-319.0;?;684;370.0;?;-596.0;?
739.0;34;-356.0;-660;660;369.0;34;-592.0;-471.0
?;76;-462.0;-621;621;368.0;76;-589.0;?
?;-1;-502.0;-384;384;?;?;?;?
739.0;-91;-465.0;?;?;367.0;-91;-580.0;-451.0
?;-178;-474.0;?;182;367.0;-178;-575.0;-446.0
738.0;-75;-481.0;-69;69;366.0;-75;?;-439.0
737.0;1;?;-190;190;364.0;1;?;-431.0
736.0;-24;-494.0;-162;162;361.0;-24;-561.0;-424.0
735.0;99;?;-24;24;359.0;99;-557.0;-416.0
734.0;-36;-350.0;-380;380;356.0;-36;-554.0;-409.0
?;253;-308.0;439;?;352.0;253;-552.0;-403.0
729.0;-242;-269.0;-497;?;348.0;-242;?;-397.0
727.0;202;-209.0;618;-618;343.0;202;-545.0;?
725.0;19;?;201;-201;?;19;-543.0;-387.0
722.0;335;-163.0;328;?;334.0;335;-542.0;-383.0
720.0;4518;-142.0;10055;-10055;?;4518;?;-380.0
717.0;178;-64.0;2039;-2039;326.0;178;-541.0;-376.0
?;-968;?;?;5283;322.0;-968;-542.0;-375.0
713.0;4391;22.0;3849;?;318.0;?;-542.0;-374.0
?;282;43.0;?;-491;315.0;282;-543.0;-373.0
710.0;-686;81.0;-750;750;313.0;?;-543.0;?
708.0;542;58.0;?;-986;?;542;-542.0;-372.0
710.0;-439;-13.0;-1296;1296;328.0;-439;-578.0;-449.0
710.0;-385;41.0;-1203;1203;329.0;-385;-579.0;-450.0
711.0;?;61.0;-1122;1122;331.0;-311;-579.0;?
711.0;-235;93.0;-891;891;331.0;-235;?;-451.0
712.0;-296;71.0;?;847;332.0;-296;?;-451.0
712.0;?;21.0;?;827;333.0;?;-581.0;-451.0
713.0;-220;4.0;-699;?;?;-220;?;-451.0
713.0;-146;?;?;528;?;-146;-580.0;-450.0
?;?;?;-436;436;335.0;33;-580.0;-450.0
?;?;-163.0;-467;?;336.0;67;-579.0;-449.0
714.0;-52;-158.0;-316;?;337.0;-52;-577.0;-447.0
714.0;-141;-156.0;-166;166;337.0;?;-575.0;-444.0
715.0;-363;-179.0;-108;108;?;?;?;-440.0
715.0;-402;-155.0;-44;44;334.0;-402;-570.0;-435.0
714.0;109;-219.0;-320;320;331.0;109;-566.0;-429.0
714.0;361;-268.0;-242;?;329.0;?;-563.0;-422.0
713.0;?;-286.0;106;-106;?;137;-558.0;?
712.0;-3;-297.0;-172;?;323.0;-3;-553.0;?
710.0;?;-333.0;?;84;319.0;21;?;-398.0
708.0;32;-357.0;302;-302;?;32;-542.0;-389.0
706.0;?;-380.0;-214;214;310.0;-257;?;-380.0
704.0;179;?;669;?;?;?;-531.0;-371.0
701.0;-482;-347.0;-246;246;302.0;?;-526.0;-363.0
699.0;-37;-330.0;766;?;?;-37;-521.0;?
?;-72;-353.0;?;-544;294.0;-72;-517.0;-348.0
694.0;?;-314.0;-1153;1153;290.0;-745;?;-341.0
692.0;?;?;8231;?;287.0;4087;-510.0;?
689.0;-186;?;1506;-1506;285.0;-186;-509.0;-334.0
687.0;?;?;-9269;9269;?;-5298;-508.0;-334.0
686.0;524;?;-387;387;283.0;524;-509.0;-335.0
686.0;497;?;420;-420;283.0;497;-511.0;-338.0
686.0;-385;113.0;-584;584;?;-385;-514.0;-343.0
?;521;?;967;-967;285.0;521;-517.0;?
689.0;-265;398.0;?;396;?;-265;?;?
691.0;99;442.0;118;-118;288.0;99;-524.0;-355.0
692.0;?;463.0;?;90;291.0;-39;-528.0;-364.0
691.0;-37;429.0;-56;?;?;-37;-532.0;-370.0
686.0;-22;?;64;?;297.0;-22;-540.0;-372.0
?;-115;?;?;11;295.0;-115;-553.0;-391.0
688.0;-42;-276.0;9;-9;?;-42;-561.0;?
687.0;?;249.0;-11;?;?;?;-568.0;-416.0
684.0;-4;442.0;?;25;295.0;-4;-569.0;-422.0
682.0;-11;?;-43;?;296.0;-11;?;-426.0
681.0;-48;607.0;?;34;296.0;-48;?;-428.0
683.0;-45;334.0;-43;?;297.0;-45;-582.0;-430.0
685.0;-15;?;-55;55;298.0;-15;-587.0;-433.0
688.0;-15;?;?;?;?;-15;?;-435.0
689.0;-15;492.0;-53;53;299.0;?;-592.0;-437.0
689.0;-78;370.0;-56;56;300.0;-78;?;-438.0
689.0;-207;215.0;-170;170;?;?;?;?
691.0;-303;76.0;-414;414;?;-303;-591.0;?
692.0;?;?;?;763;304.0;-391;?;-438.0
694.0;?;-30.0;?;?;305.0;?;-586.0;-436.0
695.0;-590;?;-1037;?;306.0;-590;-583.0;-434.0
?;?;-56.0;?;1140;306.0;?;?;-433.0
697.0;-362;-66.0;-1049;1049;308.0;-362;-577.0;-430.0
698.0;-416;?;-1416;?;309.0;-416;-574.0;-427.0
700.0;-412;?;-1584;1584;310.0;-412;?;-426.0
701.0;-400;?;-1176;1176;312.0;-400;-570.0;-426.0
702.0;-296;-206.0;?;1056;314.0;-296;-569.0;-426.0
703.0;-99;-175.0;?;835;315.0;-99;-568.0;-427.0
704.0;-83;?;?;629;316.0;-83;-567.0;?
705.0;?;-54.0;?;604;318.0;-202;-566.0;-425.0
706.0;-97;-19.0;-247;247;320.0;-97;-565.0;-423.0
?;-384;8.0;143;-143;?;-384;-563.0;-422.0
709.0;-689;-54.0;100;-100;322.0;-689;-562.0;-422.0
?;-28;-63.0;-197;197;?;?;-560.0;-421.0
713.0;315;-80.0;?;245;325.0;315;-559.0;-420.0
?;-29;-59.0;-259;?;325.0;-29;-558.0;?
714.0;194;-93.0;46;-46;325.0;194;-557.0;-416.0
714.0;?;?;-209;209;325.0;?;-556.0;?
714.0;?;-103.0;-184;?;324.0;114;-555.0;-410.0
715.0;341;?;308;-308;?;?;-553.0;-406.0
715.0;?;-145.0;-752;?;322.0;-603;-552.0;-402.0
714.0;651;-209.0;?;-1206;320.0;651;?;?
713.0;?;?;-412;412;?;-647;-548.0;-393.0
713.0;5416;-287.0;10681;?;318.0;5416;-544.0;?
712.0;14564;-345.0;24564;-24564;317.0;14564;-540.0;?
710.0;3453;?;4538;-4538;315.0;3453;-536.0;-379.0
709.0;-2432;?;-4815;4815;315.0;-2432;?;?
708.0;1353;-257.0;2291;?;314.0;?;?;-373.0
707.0;?;-97.0;-1012;1012;?;-769;-526.0;-371.0
706.0;4;-14.0;196;-196;313.0;4;-524.0;-370.0
700.0;-97;71.0;?;98;308.0;-97;-561.0;-436.0
700.0;-118;47.0;-203;?;?;-118;-563.0;?
700.0;-240;83.0;?;496;309.0;-240;?;?
700.0;-343;73.0;-567;567;?;-343;-565.0;-438.0
700.0;-319;57.0;-451;451;309.0;?;-565.0;-438.0
700.0;-550;58.0;-1257;1257;309.0;-550;-566.0;-438.0
700.0;-654;17.0;-1745;1745;309.0;-654;-567.0;?
?;-312;13.0;-1776;1776;310.0;-312;-567.0;-438.0
701.0;-131;23.0;-1709;?;309.0;-131;-567.0;-437.0
701.0;-234;-28.0;-1218;1218;310.0;-234;-567.0;-435.0
701.0;-260;-13.0;?;1218;310.0;-260;-567.0;?
701.0;?;-26.0;-872;872;309.0;-209;-566.0;-434.0
702.0;-249;43.0;-647;647;?;-249;?;-433.0
702.0;-176;18.0;-546;?;311.0;-176;-566.0;-432.0
703.0;-91;?;?;8;?;-91;-566.0;-431.0
705.0;-156;24.0;?;69;313.0;-156;-565.0;-430.0
706.0;-78;-3.0;?;?;?;-78;-565.0;-429.0
707.0;-26;-1.0;-99;99;315.0;-26;-564.0;-428.0
709.0;-59;?;15;-15;316.0;-59;-562.0;-426.0
?;-27;?;-155;?;317.0;-27;-560.0;?
?;62;-49.0;110;-110;318.0;62;-559.0;-420.0
712.0;28;-81.0;264;?;319.0;28;-556.0;-418.0
713.0;?;-117.0;333;-333;319.0;?;-554.0;-417.0
?;?;-128.0;5288;-5288;319.0;1700;-552.0;?
713.0;?;-90.0;7940;-7940;319.0;2858;-551.0;-414.0
?;1577;-82.0;3552;-3552;320.0;1577;-550.0;?
712.0;52;-97.0;358;-358;319.0;52;-549.0;-412.0
711.0;121;-39.0;?;90;319.0;121;-549.0;-412.0
710.0;-3;35.0;22;-22;318.0;-3;?;-412.0
709.0;-276;66.0;?;-67;?;-276;-549.0;-413.0
709.0;-80;159.0;?;40;316.0;-80;-549.0;-414.0
?;-12;269.0;19;-19;315.0;-12;-548.0;?
707.0;39;437.0;?;37;314.0;39;-547.0;-415.0
703.0;54;377.0;-95;95;314.0;54;?;-419.0
701.0;39;43.0;-76;76;312.0;39;-553.0;-431.0
702.0;?;?;-85;?;307.0;59;?;-441.0
?;33;-71.0;-43;43;303.0;33;-568.0;-447.0
?;15;277.0;57;?;301.0;15;-571.0;-444.0
701.0;17;?;47;-47;301.0;17;-573.0;-441.0
699.0;?;341.0;43;-43;300.0;15;-575.0;-438.0
698.0;33;83.0;?;-51;300.0;33;?;-434.0
?;25;-109.0;8;-8;301.0;25;-575.0;-434.0
700.0;-16;?;-18;18;303.0;-16;-575.0;-436.0
701.0;4;-1.0;-12;12;305.0;4;-575.0;?
701.0;27;21.0;?;13;306.0;27;?;-448.0
701.0;-7;53.0;-31;?;?;-7;-577.0;?
701.0;-23;84.0;-17;?;307.0;?;-579.0;-459.0
701.0;-22;172.0;?;?;308.0;-22;?;-464.0
702.0;14;266.0;18;-18;309.0;?;-581.0;-466.0
703.0;34;309.0;-35;35;309.0;?;?;?
703.0;-12;324.0;?;6;309.0;-12;-584.0;-466.0
703.0;?;270.0;8;-8;309.0;-25;-586.0;-467.0
703.0;-18;167.0;-43;?;309.0;-18;-587.0;?
703.0;22;?;?;37;310.0;22;?;-468.0
704.0;7;41.0;?;-10;310.0;?;-588.0;-470.0
705.0;-55;-19.0;13;-13;311.0;-55;-588.0;-472.0
705.0;18;-71.0;-29;?;312.0;18;-588.0;-472.0
705.0;92;-70.0;?;31;313.0;92;-587.0;-475.0
705.0;37;?;21;-21;?;?;-586.0;-475.0
706.0;-43;58.0;-22;22;313.0;-43;-585.0;?
707.0;?;94.0;-78;78;313.0;-21;-585.0;-477.0
708.0;-292;76.0;?;733;313.0;-292;-585.0;?
?;?;?;-1887;1887;?;-748;-585.0;-476.0
709.0;-729;141.0;-2096;?;314.0;?;-584.0;?
710.0;-663;135.0;-1692;1692;314.0;-663;-584.0;-476.0
709.0;-573;?;-1564;1564;314.0;-573;-585.0;-477.0
710.0;?;30.0;-1348;?;315.0;?;?;-477.0
?;-322;?;?;1051;316.0;-322;-586.0;-477.0
710.0;?;11.0;?;793;316.0;-430;-586.0;-478.0
711.0;-362;31.0;?;542;317.0;-362;-587.0;-480.0
711.0;-79;45.0;-705;705;318.0;?;-587.0;-480.0
711.0;97;-11.0;-252;252;318.0;?;-587.0;-481.0
711.0;130;-8.0;-744;744;318.0;130;-588.0;-481.0
712.0;473;?;?;196;318.0;473;-587.0;?
713.0;?;-47.0;682;-682;319.0;394;-586.0;?
714.0;372;4.0;310;-310;319.0;372;-584.0;?
715.0;2503;-72.0;7845;-7845;?;?;?;?
717.0;4038;?;10473;-10473;318.0;?;-578.0;-461.0
718.0;2524;-285.0;?;-3189;318.0;2524;?;-454.0
718.0;726;?;?;-1088;317.0;?;-570.0;-447.0
?;124;-280.0;405;-405;?;124;-566.0;-440.0
714.0;?;-235.0;?;?;?;-21;-562.0;-434.0
?;-141;-166.0;327;-327;?;?;?;-429.0
708.0;-162;-37.0;-152;152;306.0;-162;-556.0;?
705.0;-58;54.0;23;-23;302.0;-58;-553.0;-422.0
699.0;6;105.0;9;-9;299.0;6;-553.0;-422.0
?;39;-150.0;-44;44;297.0;?;-555.0;-422.0
688.0;10;-310.0;12;-12;295.0;10;?;-424.0
689.0;?;-602.0;-24;24;290.0;25;-568.0;-435.0
685.0;23;-429.0;?;?;288.0;23;-571.0;?
685.0;-15;21.0;23;-23;284.0;-15;-571.0;-444.0
?;25;162.0;-52;52;282.0;25;-572.0;?
684.0;26;123.0;18;?;?;26;-574.0;-440.0
683.0;2;56.0;25;-25;280.0;2;-575.0;?
685.0;15;?;-21;?;280.0;15;-574.0;?
687.0;?;?;-27;27;282.0;?;-572.0;-433.0
688.0;?;263.0;-3;3;283.0;5;?;-433.0
689.0;-3;235.0;65;?;283.0;-3;-572.0;-435.0
689.0;-6;213.0;-8;8;?;?;?;-437.0
689.0;?;182.0;-48;48;283.0;0;-574.0;-439.0
689.0;?;?;-28;28;283.0;-10;-575.0;?
?;5;120.0;-31;?;?;?;-576.0;-443.0
691.0;14;?;?;13;284.0;?;-578.0;?
692.0;?;189.0;-32;32;285.0;-13;-579.0;-446.0
692.0;9;204.0;-9;9;?;9;-579.0;-447.0
692.0;12;134.0;35;-35;286.0;?;-580.0;-448.0
?;-12;103.0;?;-53;?;-12;-580.0;-449.0
694.0;2;?;37;-37;287.0;2;-580.0;-450.0
695.0;6;65.0;-5;5;?;6;-580.0;?
695.0;6;58.0;?;13;290.0;?;-580.0;-454.0
695.0;?;62.0;-14;14;?;-16;?;?
696.0;-53;?;-10;10;?;-53;-580.0;-457.0
?;?;28.0;-24;24;291.0;23;-580.0;-459.0
695.0;?;73.0;-27;27;?;44;-581.0;-460.0
695.0;?;?;?;-18;292.0;-36;-582.0;-461.0
695.0;-19;131.0;5;-5;292.0;-19;-582.0;-462.0
695.0;-14;62.0;-27;27;?;-14;?;-463.0
695.0;4;96.0;?;-27;292.0;4;-583.0;-463.0
?;?;73.0;20;?;292.0;5;-583.0;-463.0
695.0;?;56.0;2;-2;292.0;-38;-584.0;-464.0
695.0;?;-13.0;37;-37;292.0;8;?;-464.0
695.0;22;?;?;-4;292.0;22;-584.0;-465.0
695.0;-6;-22.0;-5;5;293.0;-6;-583.0;-467.0
695.0;?;2.0;-12;?;?;9;-583.0;-467.0
695.0;-9;38.0;2;-2;293.0;?;-582.0;-467.0
694.0;-33;21.0;?;-37;?;-33;-582.0;-468.0
694.0;6;77.0;?;-7;295.0;?;-582.0;-470.0
?;?;78.0;?;-13;295.0;29;?;-470.0
696.0;3;79.0;9;-9;296.0;3;-582.0;-470.0
696.0;-28;114.0;-13;13;296.0;-28;-582.0;?
697.0;7;129.0;6;-6;297.0;7;?;-473.0
697.0;36;?;19;-19;298.0;36;-583.0;-474.0
697.0;17;131.0;36;-36;?;17;-584.0;-477.0
697.0;44;148.0;57;-57;299.0;?;-586.0;-478.0
?;?;?;44;?;299.0;18;-587.0;-478.0
697.0;?;127.0;37;?;300.0;-36;-588.0;-479.0
?;10;111.0;53;-53;300.0;10;-588.0;?
?;?;43.0;56;-56;300.0;34;?;-479.0
696.0;-2;?;38;-38;299.0;-2;-589.0;?
695.0;-13;-2.0;26;?;299.0;-13;-590.0;-478.0
694.0;?;-2.0;28;-28;?;-17;-590.0;-478.0
694.0;?;-52.0;-5;5;299.0;-7;-589.0;-478.0
693.0;-26;-69.0;-21;21;299.0;-26;-589.0;-478.0
693.0;-29;?;-3;3;?;-29;-588.0;-479.0
693.0;33;-24.0;-21;21;?;33;-588.0;-479.0
693.0;19;4.0;?;-6;298.0;19;?;?
694.0;-2;48.0;60;-60;?;-2;?;-481.0
694.0;10;83.0;12;-12;298.0;10;-587.0;-482.0
694.0;?;154.0;-7;7;298.0;-14;-586.0;-483.0
694.0;-36;158.0;16;-16;298.0;-36;-587.0;-485.0
692.0;-36;81.0;?;-14;?;?;-589.0;-485.0
692.0;-12;58.0;?;-64;?;-12;?;-484.0
693.0;5;146.0;36;-36;300.0;5;-590.0;-485.0
?;9;152.0;28;?;303.0;9;-591.0;-484.0
694.0;18;-13.0;39;-39;?;18;-592.0;-484.0
694.0;5;-155.0;-14;14;309.0;5;-594.0;-485.0
694.0;-14;-189.0;5;-5;310.0;-14;-595.0;-486.0
693.0;?;-94.0;-27;27;311.0;-6;-594.0;-488.0
693.0;?;9.0;-35;?;311.0;-5;-594.0;-490.0
693.0;1;108.0;12;?;312.0;?;?;-491.0
693.0;4;156.0;?;-5;312.0;4;-593.0;-492.0
693.0;-14;124.0;?;-39;?;-14;?;-493.0
693.0;9;121.0;61;-61;313.0;9;-594.0;?
694.0;40;133.0;19;?;314.0;40;-595.0;?
694.0;?;182.0;7;-7;314.0;23;?;-500.0
694.0;?;?;27;?;315.0;?;-598.0;-503.0
?;1;185.0;?;-68;316.0;1;-600.0;-506.0
693.0;7;?;87;?;316.0;7;-602.0;-509.0
692.0;40;211.0;43;-43;?;?;-603.0;-511.0
691.0;-4;176.0;?;-43;?;?;-604.0;-513.0
690.0;5;176.0;?;-34;313.0;5;-604.0;-514.0
689.0;17;?;?;11;312.0;?;?;-515.0
?;-41;22.0;?;66;311.0;?;-605.0;-516.0
686.0;-15;32.0;?;104;310.0;-15;?;?
?;3;-20.0;-62;?;309.0;3;-603.0;?
684.0;?;6.0;-54;54;307.0;-26;-602.0;-516.0
?;-17;-31.0;-30;30;306.0;-17;-601.0;-515.0
?;?;-27.0;15;-15;305.0;-36;?;-515.0
?;-26;?;?;?;305.0;-26;-600.0;-516.0
681.0;26;17.0;-32;?;305.0;26;-599.0;-516.0
?;-4;49.0;-44;44;?;-4;-598.0;-516.0
683.0;-16;70.0;-23;?;308.0;-16;-598.0;-516.0
684.0;4;77.0;11;-11;309.0;?;-597.0;?
685.0;-11;73.0;0;0;310.0;-11;-597.0;-516.0
685.0;-26;61.0;?;?;?;-26;-598.0;-518.0
685.0;-26;53.0;16;-16;310.0;-26;-598.0;-520.0
684.0;?;40.0;16;-16;310.0;2;-598.0;-522.0
?;?;?;24;-24;308.0;?;-598.0;?
682.0;25;34.0;19;-19;?;25;-599.0;-524.0
681.0;67;49.0;-12;12;306.0;?;?;-525.0
681.0;54;122.0;-23;23;306.0;54;-598.0;-526.0
680.0;2;69.0;?;23;305.0;2;-598.0;-529.0
680.0;-31;59.0;-19;19;304.0;-31;-597.0;?
681.0;9;42.0;?;-13;?;9;-598.0;-532.0
?;21;34.0;55;-55;303.0;?;-598.0;-531.0
684.0;-9;?;?;-50;?;?;-599.0;-530.0
684.0;9;28.0;25;?;302.0;?;-600.0;-531.0
685.0;18;-4.0;-32;32;302.0;18;?;-532.0
684.0;?;?;-104;104;?;0;-601.0;-533.0
685.0;-2;-7.0;-15;?;303.0;?;?;-534.0
684.0;12;32.0;64;-64;304.0;?;-601.0;-538.0
?;1;?;40;-40;306.0;1;?;-540.0
?;-3;32.0;?;-15;306.0;-3;-601.0;-541.0
684.0;?;122.0;-23;23;306.0;16;-602.0;-537.0
687.0;1;196.0;11;-11;?;1;?;?
?;4;260.0;?;12;306.0;4;-603.0;?
692.0;17;229.0;-41;41;306.0;17;-603.0;?
692.0;?;80.0;6;-6;307.0;-12;-604.0;-536.0
691.0;-24;-125.0;27;-27;308.0;-24;-604.0;-536.0
689.0;1;?;32;?;309.0;?;-604.0;-535.0
689.0;18;-226.0;?;16;309.0;?;-604.0;?
690.0;?;?;-1;1;310.0;10;-604.0;-533.0
691.0;?;-71.0;5;-5;311.0;4;-605.0;?
691.0;?;9.0;?;?;311.0;-7;-606.0;-532.0
689.0;?;39.0;?;?;312.0;-4;?;-533.0
687.0;10;48.0;?;45;?;10;-608.0;-535.0
687.0;-25;113.0;-48;48;314.0;-25;-608.0;-533.0
688.0;-26;215.0;-22;22;?;-26;?;-532.0
689.0;2;277.0;-20;20;315.0;2;?;-534.0
689.0;-5;219.0;13;-13;317.0;-5;-610.0;-535.0
690.0;6;152.0;18;-18;319.0;6;-610.0;-535.0
691.0;10;73.0;?;23;321.0;10;?;?
692.0;?;48.0;-54;54;322.0;-14;-610.0;-535.0
693.0;?;27.0;-36;?;323.0;-29;-610.0;-535.0
693.0;2;-45.0;14;?;323.0;2;-610.0;?
692.0;?;-94.0;38;-38;323.0;40;-610.0;-533.0
692.0;?;?;38;-38;?;38;-609.0;?
691.0;15;-168.0;12;-12;323.0;15;-609.0;-534.0
691.0;-15;-121.0;-46;46;324.0;-15;?;-533.0
691.0;4;?;?;33;324.0;4;?;-532.0
691.0;30;?;?;?;324.0;30;-608.0;-532.0
689.0;15;-58.0;-26;26;327.0;15;-607.0;-539.0
687.0;16;-48.0;-25;25;328.0;16;-607.0;-542.0
?;4;?;12;-12;?;4;-607.0;?
687.0;-15;32.0;50;-50;?;-15;-607.0;-543.0
688.0;?;?;2;-2;331.0;-13;-607.0;-545.0
688.0;-34;?;-15;15;331.0;?;-607.0;-544.0
688.0;-43;46.0;26;?;331.0;-43;-607.0;-543.0
688.0;-17;25.0;8;-8;332.0;-17;?;-541.0
689.0;-7;12.0;27;-27;330.0;?;-606.0;-539.0
690.0;?;47.0;-5;5;331.0;?;-606.0;-535.0
691.0;-1;40.0;-34;34;330.0;-1;-605.0;-532.0
?;-15;43.0;-11;11;331.0;?;-604.0;?
?;-4;38.0;-23;?;330.0;-4;?;?
689.0;-12;75.0;-6;?;332.0;-12;-604.0;?
?;-16;?;-9;9;?;-16;-605.0;-533.0
?;-18;126.0;?;7;331.0;?;-606.0;-532.0
698.0;-22;40.0;9;-9;?;-22;-608.0;-533.0
699.0;?;-35.0;-5;5;?;20;-611.0;?
699.0;47;-101.0;?;-30;331.0;47;-612.0;-533.0
698.0;5;?;52;-52;330.0;5;?;-532.0
697.0;-27;?;10;-10;329.0;-27;-613.0;-530.0
696.0;-7;?;27;-27;327.0;-7;-613.0;-529.0
696.0;29;-45.0;29;-29;326.0;?;-614.0;-527.0
696.0;?;-55.0;24;-24;323.0;20;-612.0;-524.0
?;-4;-104.0;57;-57;322.0;-4;-611.0;-522.0
696.0;-10;-132.0;38;-38;?;-10;-608.0;-519.0
698.0;-37;-85.0;52;-52;322.0;-37;-607.0;-517.0
700.0;-1;-125.0;4;-4;321.0;-1;-606.0;-515.0
700.0;42;-119.0;-26;26;321.0;?;-605.0;-514.0
?;-5;-146.0;33;-33;?;-5;-605.0;-514.0
?;-35;-166.0;7;-7;321.0;-35;-605.0;-515.0
700.0;?;-123.0;-7;?;320.0;-27;-605.0;?
?;-21;?;?;-1;?;?;-607.0;-515.0
699.0;?;32.0;-8;8;320.0;-31;-607.0;-515.0
701.0;-13;98.0;-1;1;?;-13;-608.0;?
702.0;6;57.0;?;4;321.0;?;-603.0;-513.0
?;6;247.0;-4;4;318.0;6;?;-510.0
?;35;294.0;0;?;316.0;35;-601.0;-508.0
?;23;?;-12;12;312.0;23;-600.0;-506.0
699.0;21;312.0;-7;?;310.0;21;-600.0;?
696.0;4;175.0;-7;7;309.0;4;-599.0;?
695.0;-11;-13.0;?;23;?;-11;-600.0;-502.0
695.0;?;-41.0;?;?;309.0;16;-600.0;?
695.0;-21;?;22;-22;308.0;?;-601.0;-502.0
694.0;11;-90.0;7;-7;309.0;11;-602.0;-503.0
693.0;?;-123.0;44;-44;310.0;34;-602.0;-504.0
692.0;0;-125.0;66;?;312.0;0;-602.0;-505.0
693.0;6;-11.0;48;-48;315.0;6;?;-507.0
?;5;39.0;83;-83;317.0;5;-602.0;-508.0
695.0;42;?;89;?;319.0;42;-602.0;-510.0
?;?;75.0;57;-57;321.0;30;-603.0;-511.0
697.0;?;88.0;?;-65;322.0;23;-604.0;-513.0
697.0;32;83.0;?;-40;324.0;32;-604.0;-515.0
697.0;-16;120.0;-59;59;323.0;-16;?;-516.0
697.0;-8;77.0;-55;55;324.0;-8;-606.0;-518.0
700.0;9;161.0;30;-30;324.0;?;-606.0;-520.0
701.0;1;176.0;-20;20;325.0;1;-607.0;-521.0
703.0;?;164.0;-3;3;324.0;?;-607.0;-522.0
703.0;-66;?;44;-44;324.0;-66;-608.0;?
703.0;-52;-25.0;-15;15;324.0;-52;-609.0;-525.0
702.0;1;-174.0;3;?;324.0;1;-610.0;-525.0
701.0;2;-131.0;-21;21;323.0;?;-609.0;-524.0
700.0;-10;-174.0;-53;53;322.0;?;-609.0;-523.0
?;?;-172.0;-23;23;?;?;-608.0;-521.0
696.0;?;-137.0;-37;37;320.0;-8;-607.0;-521.0
?;16;-104.0;-12;12;?;16;-605.0;-519.0
696.0;-9;27.0;27;-27;?;-9;?;-519.0
697.0;-7;?;-10;10;321.0;-7;-602.0;-518.0
698.0;12;143.0;?;61;?;12;-601.0;?
697.0;?;?;-77;77;321.0;-36;-600.0;-517.0
?;-23;47.0;-72;72;320.0;-23;?;?
?;16;25.0;-63;?;320.0;16;-600.0;-515.0
697.0;?;?;-57;57;?;-29;-600.0;?
?;-4;39.0;-46;46;320.0;-4;-601.0;-515.0
697.0;55;?;-66;66;321.0;55;-602.0;-516.0
?;56;37.0;-28;28;?;56;-603.0;-517.0
695.0;57;26.0;4;-4;323.0;57;-603.0;-517.0
695.0;38;54.0;-22;22;?;38;?;-518.0
694.0;4;?;6;-6;323.0;?;-605.0;?
694.0;-18;5.0;-37;37;?;-18;-605.0;-523.0
692.0;?;-15.0;-55;55;324.0;4;-606.0;?
692.0;32;-41.0;19;-19;325.0;32;-605.0;-523.0
692.0;26;?;-15;15;?;26;?;?
693.0;27;?;-91;91;326.0;27;-604.0;-523.0
695.0;15;?;?;79;?;15;-604.0;-524.0
696.0;-18;9.0;-23;23;328.0;-18;-603.0;-522.0
697.0;?;?;-21;21;329.0;-24;?;-519.0
698.0;-27;?;-34;34;329.0;-27;-602.0;?
698.0;?;?;-22;22;330.0;-22;-602.0;?
698.0;?;-3.0;-5;5;330.0;-5;-602.0;-520.0
698.0;-1;-7.0;10;-10;330.0;-1;-602.0;?
698.0;32;-13.0;?;13;330.0;32;?;-521.0
697.0;20;64.0;-18;18;329.0;20;-602.0;-520.0
697.0;-21;47.0;-3;3;329.0;-21;-602.0;-520.0
696.0;-14;17.0;-25;25;329.0;-14;-601.0;?
696.0;-14;?;-25;25;328.0;-14;-601.0;-520.0
?;7;-20.0;?;6;328.0;7;-601.0;-520.0
696.0;?;-26.0;2;?;328.0;15;?;-520.0
696.0;?;-22.0;10;?;328.0;-18;?;-520.0
696.0;12;?;4;-4;?;12;-600.0;-520.0
697.0;58;68.0;-2;2;328.0;58;-599.0;-520.0
?;?;?;6;-6;328.0;24;-599.0;-519.0
697.0;-17;56.0;3;-3;?;-17;?;?
698.0;-32;33.0;-14;14;?;-32;-599.0;-519.0
699.0;-7;31.0;-5;5;330.0;-7;-598.0;-520.0
700.0;31;3.0;?;?;?;31;?;-519.0
?;5;?;27;?;331.0;5;-595.0;?
702.0;-17;71.0;2;-2;333.0;?;-595.0;-520.0
?;16;50.0;-14;14;334.0;?;-597.0;-521.0
701.0;26;1.0;-9;9;333.0;?;-598.0;-522.0
701.0;-11;-34.0;-20;20;334.0;-11;-599.0;?
700.0;-22;23.0;?;20;334.0;-22;-599.0;-524.0
700.0;-4;60.0;7;-7;?;-4;?;-526.0
700.0;-4;82.0;9;-9;?;-4;-599.0;-526.0
701.0;6;86.0;?;-7;333.0;6;-599.0;?
701.0;?;?;-3;?;334.0;?;-600.0;-526.0
701.0;?;73.0;?;?;334.0;?;-600.0;-527.0
701.0;10;83.0;-3;?;335.0;?;-600.0;-529.0
701.0;7;45.0;27;-27;?;7;-600.0;?
?;?;142.0;-15;15;337.0;-57;-601.0;-530.0
704.0;-44;85.0;-23;23;?;-44;-601.0;-530.0
705.0;17;125.0;-5;5;?;17;-601.0;-530.0
706.0;22;51.0;1;-1;?;?;-602.0;-533.0
705.0;-9;?;18;-18;341.0;-9;-604.0;-535.0
705.0;?;?;-1;1;?;-6;?;-536.0
704.0;22;-15.0;-31;31;341.0;?;?;-536.0
703.0;?;63.0;?;19;341.0;?;-610.0;-539.0
702.0;2;67.0;12;-12;341.0;2;?;-542.0
702.0;20;23.0;14;-14;342.0;?;-613.0;?
703.0;-13;-5.0;7;?;343.0;?;-615.0;-547.0
704.0;?;-27.0;-2;?;344.0;15;-616.0;-547.0
?;-10;-21.0;-16;16;345.0;-10;-616.0;-548.0
?;?;-37.0;3;-3;346.0;?;-616.0;-549.0
707.0;70;-29.0;-3;3;347.0;?;-616.0;?
707.0;18;?;-26;26;348.0;18;-615.0;-545.0
707.0;9;-11.0;-24;24;349.0;9;-614.0;-543.0
708.0;18;-71.0;-41;41;350.0;?;-613.0;?
708.0;3;-75.0;-35;35;?;?;?;?
709.0;?;?;5;?;354.0;16;?;-536.0
710.0;-15;-207.0;22;-22;357.0;-15;-609.0;-534.0
712.0;-15;-255.0;29;-29;360.0;-15;-606.0;-534.0
712.0;-9;?;25;-25;?;-9;?;-530.0
712.0;-72;-246.0;?;1;?;-72;-602.0;-527.0
710.0;?;-88.0;-13;13;358.0;-21;-599.0;-526.0
?;?;-6.0;-14;14;357.0;19;-597.0;-522.0
708.0;10;41.0;?;8;?;10;-597.0;?
?;?;64.0;?;?;354.0;55;-598.0;-522.0
705.0;13;?;6;-6;352.0;?;-600.0;-523.0
703.0;?;24.0;4;-4;?;5;-602.0;?
702.0;81;-16.0;29;-29;350.0;81;-605.0;-526.0
701.0;28;8.0;6;-6;351.0;28;-608.0;-527.0
700.0;?;63.0;-16;16;?;?;-610.0;-529.0
701.0;?;85.0;-14;?;352.0;?;-612.0;-530.0
702.0;?;?;-23;23;354.0;-16;?;-532.0
703.0;-51;56.0;1;-1;355.0;-51;-613.0;-535.0
?;-11;3.0;16;?;?;-11;-613.0;-535.0
705.0;-2;105.0;23;?;357.0;-2;?;-535.0
?;16;266.0;?;-20;357.0;?;?;-534.0
707.0;26;237.0;-20;20;357.0;26;-609.0;-532.0
707.0;17;210.0;-23;?;?;17;-609.0;-534.0
?;10;197.0;-3;3;356.0;10;-608.0;-533.0
707.0;?;78.0;-13;13;356.0;-16;-607.0;-533.0
706.0;-23;?;-6;6;356.0;-23;-608.0;-533.0
706.0;-12;-205.0;-6;6;356.0;?;-609.0;?
?;-14;?;1;-1;357.0;-14;-609.0;?
707.0;-4;-225.0;8;-8;357.0;-4;-610.0;-539.0
707.0;3;-175.0;-24;24;?;?;-610.0;-542.0
?;17;-83.0;?;?;356.0;17;-611.0;-544.0
706.0;?;-38.0;14;-14;355.0;6;-612.0;-547.0
706.0;-4;?;-34;34;354.0;?;?;-548.0
705.0;-6;?;-20;20;352.0;-6;-613.0;-550.0
704.0;-15;167.0;-13;13;351.0;-15;-614.0;?
702.0;19;215.0;-12;12;350.0;19;-615.0;-550.0
?;?;212.0;-22;22;?;22;-616.0;-550.0
701.0;-6;146.0;?;12;348.0;?;-617.0;-550.0
700.0;0;133.0;11;?;347.0;0;?;?
?;-6;101.0;6;-6;347.0;-6;-618.0;-548.0
700.0;-6;56.0;7;-7;347.0;-6;-618.0;?
700.0;?;-43.0;0;0;346.0;?;-617.0;?
?;12;-86.0;0;0;346.0;12;-617.0;-548.0
701.0;-10;-172.0;?;-12;347.0;-10;-616.0;?
702.0;-1;-85.0;2;-2;347.0;-1;-616.0;-548.0
702.0;-5;-42.0;-14;14;348.0;-5;-615.0;?
703.0;?;-4.0;-14;14;348.0;?;?;-547.0
?;-1;13.0;-6;6;348.0;-1;-614.0;-547.0
703.0;-8;31.0;0;0;?;-8;-614.0;-547.0
703.0;1;40.0;-7;7;349.0;?;-614.0;-546.0
?;-11;?;3;?;349.0;?;?;-547.0
704.0;-23;4.0;?;?;350.0;-23;-614.0;-548.0
704.0;12;13.0;?;1;350.0;12;-614.0;-549.0
705.0;20;7.0;-4;4;351.0;20;-613.0;-550.0
705.0;16;8.0;?;?;351.0;16;-613.0;-551.0
705.0;9;39.0;31;-31;?;9;-614.0;?
705.0;-19;41.0;14;?;351.0;-19;?;?
705.0;-14;48.0;-44;?;351.0;-14;-615.0;-553.0
704.0;-3;61.0;-21;21;351.0;?;-615.0;-554.0
703.0;-19;75.0;-7;7;?;-19;-615.0;-553.0
703.0;-28;122.0;-15;?;349.0;-28;?;-553.0
702.0;?;69.0;?;-2;349.0;-19;-616.0;?
702.0;-1;45.0;-20;20;?;-1;-615.0;-551.0
702.0;-4;-42.0;-13;13;348.0;-4;-615.0;-550.0
702.0;-8;-20.0;57;-57;347.0;-8;-614.0;-551.0
?;15;-5.0;64;-64;346.0;15;-613.0;-551.0
702.0;?;-35.0;23;-23;345.0;2;-612.0;-551.0
702.0;-14;-19.0;-1;?;345.0;?;-612.0;?
701.0;?;-1.0;-12;12;344.0;10;?;-551.0
?;7;-24.0;16;-16;344.0;7;-611.0;-551.0
700.0;-5;26.0;10;?;343.0;-5;?;-551.0
700.0;?;-19.0;-39;39;?;-2;-610.0;-550.0
?;-6;48.0;3;-3;?;-6;-610.0;-551.0
701.0;?;-15.0;18;-18;344.0;15;-610.0;-550.0
702.0;-2;-19.0;-25;25;346.0;-2;?;-547.0
704.0;-35;5.0;-14;14;348.0;?;-610.0;-547.0
706.0;-6;64.0;-22;22;349.0;-6;-609.0;-542.0
708.0;-26;104.0;-1;?;350.0;-26;-607.0;-539.0
709.0;?;115.0;20;-20;?;-17;-605.0;?
709.0;20;?;?;?;350.0;20;-603.0;-533.0
710.0;-20;?;7;-7;349.0;-20;-602.0;-529.0
?;-26;-45.0;-3;3;347.0;?;-600.0;-527.0
?;?;-56.0;22;?;346.0;7;-599.0;-526.0
707.0;27;-134.0;56;?;346.0;27;-599.0;-523.0
708.0;-8;?;1;-1;345.0;-8;-599.0;-520.0
709.0;-17;-140.0;-17;17;344.0;-17;?;-517.0
?;?;-117.0;18;?;?;30;-598.0;-519.0
?;?;?;9;?;346.0;?;-598.0;-520.0
709.0;14;-29.0;?;?;?;14;-598.0;-521.0
708.0;-44;?;?;66;?;-44;-598.0;-522.0
709.0;-15;-47.0;?;41;346.0;-15;-598.0;-520.0
708.0;25;?;40;-40;345.0;25;-598.0;-520.0
708.0;-27;71.0;14;?;344.0;-27;?;-521.0
708.0;-19;78.0;13;-13;?;-19;-597.0;?
708.0;-1;61.0;32;?;343.0;-1;-598.0;-519.0
707.0;-7;32.0;18;-18;342.0;-7;-598.0;?
708.0;-1;?;50;-50;342.0;-1;-598.0;-516.0
708.0;9;64.0;?;?;?;9;-597.0;-516.0
709.0;5;?;86;-86;340.0;5;-596.0;-515.0
?;?;100.0;29;?;341.0;-14;-595.0;?
?;8;155.0;?;30;?;8;-595.0;-512.0
711.0;15;68.0;?;14;?;15;-596.0;-515.0
?;5;43.0;15;?;333.0;5;?;-513.0
710.0;?;-8.0;?;-34;?;19;-595.0;-515.0
710.0;16;32.0;47;?;333.0;16;-595.0;-513.0
711.0;7;72.0;-19;19;333.0;7;-595.0;-513.0
712.0;-5;94.0;-48;48;333.0;-5;-594.0;-512.0
712.0;-29;34.0;-3;?;335.0;-29;-594.0;?
714.0;-34;?;21;-21;336.0;-34;-594.0;-509.0
717.0;-36;?;15;-15;339.0;-36;-594.0;-506.0
719.0;-35;?;17;-17;339.0;?;-594.0;-504.0
720.0;-9;99.0;-1;?;338.0;?;-594.0;-503.0
719.0;8;26.0;-55;?;?;8;?;-503.0
717.0;31;-40.0;-16;16;338.0;?;-596.0;-504.0
716.0;31;?;16;-16;338.0;31;-596.0;-506.0
714.0;3;-5.0;-2;2;338.0;?;-597.0;?
714.0;6;?;16;-16;338.0;?;?;-510.0
713.0;-5;96.0;13;?;?;-5;-599.0;-511.0
713.0;-32;31.0;46;-46;?;?;-600.0;-512.0
715.0;-5;?;6;-6;340.0;-5;-601.0;-512.0
716.0;7;98.0;-62;62;?;7;-602.0;-512.0
717.0;47;53.0;-3;3;342.0;47;?;-511.0
?;80;10.0;28;-28;341.0;80;-605.0;-511.0
718.0;-7;-41.0;5;-5;?;?;-606.0;?
?;-18;5.0;-26;26;341.0;-18;-606.0;-510.0
720.0;?;82.0;-29;29;342.0;-10;-606.0;-509.0
718.0;-18;10.0;-8;8;?;-18;-606.0;-508.0
?;29;-46.0;?;2;343.0;29;-604.0;-507.0
715.0;10;-168.0;6;-6;?;10;-602.0;-507.0
715.0;?;-162.0;?;-8;345.0;?;-601.0;-507.0
716.0;7;-97.0;7;-7;345.0;?;-600.0;-506.0
716.0;13;-79.0;5;-5;343.0;13;-600.0;?
715.0;?;-39.0;?;?;342.0;10;-599.0;?
714.0;?;25.0;-2;2;340.0;?;-599.0;-505.0
?;-17;105.0;7;-7;?;-17;-600.0;-505.0
711.0;-6;?;9;-9;?;-6;-600.0;-506.0
709.0;4;133.0;33;?;335.0;4;?;-506.0
?;-3;147.0;6;?;334.0;?;-599.0;-507.0
706.0;-29;67.0;-25;25;334.0;-29;-599.0;-507.0
706.0;-24;30.0;-24;24;?;-24;-599.0;-508.0
706.0;1;?;-27;27;333.0;1;?;-508.0
?;33;15.0;15;-15;333.0;33;-599.0;?
708.0;?;?;?;8;334.0;25;-599.0;-507.0
?;-6;10.0;-12;12;334.0;-6;-598.0;-506.0
?;-14;?;?;0;335.0;-14;-599.0;?
709.0;7;19.0;-32;?;335.0;7;?;-505.0
710.0;20;?;35;-35;?;20;-599.0;-505.0
710.0;?;-10.0;34;?;336.0;-17;-599.0;-504.0
710.0;-6;-71.0;-26;?;336.0;?;-598.0;-503.0
?;37;-105.0;-33;33;?;37;-598.0;-503.0
710.0;7;?;?;32;338.0;7;-597.0;?
711.0;?;-26.0;-23;23;339.0;-4;-597.0;-502.0
711.0;26;-20.0;-25;25;339.0;?;?;-502.0
?;6;-20.0;0;0;340.0;6;-596.0;-502.0
712.0;3;?;-2;2;?;3;-597.0;-501.0
713.0;34;?;-32;32;341.0;?;?;-501.0
713.0;-5;61.0;-43;43;340.0;?;-598.0;?
?;-25;48.0;-15;15;340.0;-25;-599.0;-501.0
?;?;19.0;9;-9;?;15;-599.0;-502.0
?;-10;23.0;?;65;341.0;-10;-599.0;?
714.0;-18;40.0;-28;28;341.0;-18;-599.0;-503.0
714.0;13;54.0;?;-48;342.0;13;-600.0;-503.0
715.0;4;39.0;12;-12;?;4;-600.0;-503.0
715.0;6;19.0;16;-16;343.0;6;-600.0;-503.0
?;7;-9.0;19;-19;343.0;7;-599.0;?
715.0;6;-6.0;19;-19;343.0;6;-599.0;-504.0
715.0;6;10.0;?;-6;344.0;6;-599.0;-504.0
716.0;8;?;2;-2;344.0;8;-599.0;?
716.0;4;74.0;16;-16;?;4;-600.0;-505.0
716.0;?;73.0;?;2;346.0;-13;-601.0;-506.0
717.0;-1;52.0;14;?;347.0;-1;-602.0;-507.0
717.0;?;-4.0;2;-2;349.0;8;?;-509.0
718.0;-15;9.0;-17;17;350.0;-15;-603.0;-510.0
718.0;?;34.0;-13;13;352.0;10;-604.0;-511.0
719.0;36;36.0;-11;11;353.0;36;-605.0;?
?;0;56.0;6;-6;?;?;-605.0;-512.0
722.0;-9;?;?;?;357.0;?;-606.0;-512.0
723.0;0;78.0;-41;?;359.0;0;-606.0;-512.0
724.0;-7;13.0;?;29;362.0;-7;-606.0;-513.0
725.0;-2;?;-35;35;364.0;-2;-606.0;-513.0
726.0;-5;3.0;?;22;365.0;-5;?;-514.0
?;-14;5.0;?;12;366.0;-14;-608.0;-515.0
727.0;-16;-8.0;-21;21;?;?;-609.0;-517.0
727.0;-9;12.0;15;?;368.0;-9;-611.0;-518.0
726.0;0;38.0;16;-16;369.0;0;-612.0;-520.0
726.0;?;40.0;-31;31;?;7;-613.0;-521.0
?;?;65.0;-22;22;370.0;7;-615.0;-522.0
725.0;39;28.0;?;11;371.0;39;?;-523.0
725.0;?;-12.0;-20;20;371.0;66;?;-525.0
725.0;-5;14.0;12;-12;373.0;-5;-618.0;-526.0
726.0;-4;13.0;26;-26;374.0;-4;-618.0;-527.0
726.0;53;?;16;-16;375.0;53;-618.0;?
726.0;48;60.0;17;?;376.0;?;-619.0;-528.0
726.0;52;41.0;16;-16;?;52;-619.0;-528.0
727.0;0;13.0;?;?;378.0;0;-619.0;-529.0
?;1;?;9;-9;379.0;?;-619.0;?
727.0;27;26.0;-17;17;379.0;27;-619.0;-529.0
727.0;7;?;0;0;380.0;7;?;-529.0
728.0;?;15.0;-3;3;?;37;?;?
728.0;24;-4.0;?;-16;382.0;24;-621.0;-531.0
?;?;?;?;?;384.0;7;-621.0;-532.0
729.0;-2;-3.0;10;-10;385.0;?;?;-533.0
730.0;-13;41.0;-25;?;?;-13;-622.0;-534.0
730.0;23;52.0;0;0;388.0;23;-623.0;-535.0
731.0;37;?;7;-7;390.0;37;-624.0;-537.0
731.0;?;105.0;?;-24;?;35;-625.0;-539.0
733.0;38;?;19;-19;394.0;38;-626.0;?
734.0;?;67.0;?;-3;395.0;4;-626.0;-542.0
734.0;-14;84.0;26;-26;397.0;-14;-627.0;-544.0
735.0;-5;84.0;23;-23;398.0;-5;-627.0;-545.0
735.0;-14;95.0;-11;11;399.0;-14;?;-547.0
?;7;73.0;?;31;399.0;7;-628.0;-547.0
735.0;24;44.0;-35;35;?;24;-627.0;-547.0
?;8;-4.0;-23;23;?;8;-627.0;-548.0
734.0;?;12.0;?;-27;400.0;9;-627.0;-548.0
734.0;?;-18.0;80;-80;?;4;-627.0;-548.0
735.0;-13;?;?;-53;402.0;?;-628.0;-549.0
?;-9;44.0;?;9;?;-9;-628.0;-549.0
735.0;8;14.0;4;-4;403.0;8;-629.0;-549.0
?;24;45.0;12;-12;403.0;24;-630.0;-549.0
?;26;99.0;-20;20;403.0;26;?;-548.0
734.0;?;79.0;?;11;403.0;?;-630.0;-548.0
735.0;29;?;-10;?;404.0;29;?;-547.0
735.0;?;-9.0;-28;28;405.0;-5;-629.0;-547.0
?;-14;-68.0;7;-7;407.0;-14;-629.0;-547.0
736.0;1;?;51;-51;408.0;1;-628.0;?
737.0;-7;-60.0;22;-22;?;-7;-628.0;?
737.0;-4;-4.0;?;35;409.0;-4;-628.0;-548.0
738.0;-2;?;-37;?;410.0;-2;-628.0;-549.0
?;-21;42.0;-9;9;411.0;-21;-629.0;-549.0
739.0;-25;80.0;-1;1;412.0;-25;-630.0;-550.0
?;-28;114.0;?;?;412.0;?;-630.0;?
740.0;-36;?;-29;?;?;-36;-630.0;?
740.0;-34;60.0;-22;22;413.0;-34;-629.0;-550.0
?;?;60.0;38;-38;414.0;?;-629.0;?
741.0;39;28.0;45;-45;414.0;39;-628.0;-550.0
741.0;-50;?;6;-6;414.0;-50;?;-550.0
740.0;-70;10.0;34;-34;413.0;-70;-628.0;-551.0
740.0;?;?;26;-26;412.0;5;-629.0;-550.0
738.0;-4;8.0;-33;?;412.0;-4;-630.0;-550.0
738.0;?;84.0;-3;?;411.0;9;-630.0;-550.0
?;26;67.0;17;-17;410.0;26;-630.0;-549.0
737.0;2;?;-8;8;409.0;2;-630.0;-549.0
736.0;-6;-39.0;-7;7;408.0;-6;-630.0;-548.0
?;-16;-52.0;36;?;?;-16;-630.0;?
736.0;-5;-18.0;?;-38;?;?;-630.0;-546.0
?;18;-2.0;?;34;407.0;18;-630.0;-545.0
736.0;-4;?;-24;24;407.0;?;-630.0;-544.0
736.0;?;-94.0;3;-3;408.0;-21;-630.0;-543.0
737.0;-28;-111.0;-1;1;410.0;-28;-630.0;-542.0
739.0;-22;-160.0;?;-16;?;-22;?;-541.0
741.0;-14;-108.0;-11;11;?;-14;-629.0;-538.0
?;-64;-151.0;-17;17;421.0;-64;-628.0;?
?;-58;-183.0;-10;10;426.0;-58;-627.0;-537.0
748.0;18;-196.0;?;-4;433.0;18;?;-535.0
752.0;?;?;-30;30;?;-71;?;-533.0
?;?;-185.0;-18;18;445.0;-151;-616.0;-530.0
762.0;-256;-131.0;-56;56;454.0;-256;-610.0;-524.0
767.0;-253;-173.0;99;-99;463.0;-253;-604.0;-515.0
772.0;538;-276.0;?;-748;472.0;?;-598.0;-506.0
?;1055;-307.0;646;-646;482.0;1055;-591.0;?
782.0;840;-313.0;1124;-1124;491.0;840;-583.0;-484.0
787.0;576;-350.0;2300;?;499.0;576;-576.0;-474.0
791.0;193;?;2305;?;507.0;193;-568.0;-464.0
795.0;21;-481.0;2255;?;514.0;21;-558.0;-454.0
800.0;?;-490.0;?;-1364;?;?;-549.0;-445.0
805.0;283;-503.0;480;?;527.0;283;-541.0;-437.0
809.0;135;?;499;-499;?;?;-533.0;-429.0
?;-805;-460.0;?;593;536.0;-805;-525.0;-424.0
815.0;?;-421.0;-1890;?;538.0;?;-518.0;?
?;-1683;-379.0;-2270;2270;539.0;?;-512.0;-419.0
819.0;-1634;-316.0;?;2406;539.0;?;-508.0;-419.0
821.0;-1640;?;-2455;2455;537.0;-1640;?;?
?;-1700;-182.0;-2393;?;535.0;-1700;?;?
?;-1653;-69.0;?;?;533.0;?;-505.0;-429.0
822.0;-1395;43.0;-1179;1179;530.0;?;-506.0;?
822.0;-1144;124.0;-755;755;527.0;-1144;-509.0;-436.0
821.0;-628;370.0;428;-428;524.0;-628;-512.0;-439.0
?;39;528.0;877;-877;520.0;?;?;-443.0
817.0;409;584.0;3100;-3100;515.0;409;?;-447.0
815.0;430;598.0;4471;-4471;509.0;430;-524.0;?
811.0;334;491.0;371;?;503.0;334;-530.0;-455.0
807.0;522;405.0;-353;353;496.0;522;?;-458.0
802.0;?;247.0;?;-596;490.0;554;-541.0;-461.0
797.0;224;106.0;-333;333;483.0;224;-546.0;-465.0
792.0;48;-6.0;?;-150;476.0;48;-551.0;?
?;?;-138.0;26;?;?;57;-556.0;-473.0
781.0;81;?;-73;?;466.0;81;-559.0;-476.0
776.0;46;-431.0;122;-122;?;46;-560.0;-478.0
771.0;22;-483.0;57;-57;457.0;22;?;?
766.0;44;-569.0;111;?;451.0;44;-563.0;-485.0
762.0;20;-581.0;56;-56;446.0;20;?;-488.0
761.0;5;-437.0;18;-18;441.0;5;-570.0;-487.0
761.0;43;-29.0;2;-2;439.0;43;-569.0;-487.0
762.0;35;342.0;?;?;?;35;-566.0;?
766.0;?;533.0;?;-105;?;22;-566.0;-495.0
?;24;559.0;31;-31;?;24;-567.0;?
770.0;-21;588.0;70;-70;436.0;-21;-569.0;?
771.0;-10;694.0;198;-198;439.0;-10;?;?
771.0;72;849.0;281;-281;?;72;-576.0;?
772.0;116;1028.0;?;?;448.0;116;-580.0;-531.0
?;?;?;?;-998;452.0;264;-583.0;-538.0
773.0;?;1053.0;?;-1393;455.0;?;-586.0;-543.0
774.0;464;901.0;2046;-2046;459.0;?;?;-547.0
774.0;577;755.0;?;-2857;463.0;577;?;?
775.0;244;616.0;?;-2790;467.0;244;-598.0;-550.0
777.0;2068;481.0;4037;-4037;471.0;2068;-599.0;?
779.0;?;321.0;?;?;472.0;3255;-598.0;-550.0
781.0;1210;132.0;2188;?;?;1210;-597.0;-548.0
784.0;472;-132.0;-2239;2239;?;?;-595.0;-545.0
787.0;1188;-410.0;-2817;2817;484.0;1188;-592.0;-541.0
790.0;?;-626.0;-3688;3688;491.0;685;-589.0;-540.0
793.0;661;?;-4181;4181;497.0;661;-586.0;-539.0
797.0;-120;-1148.0;?;?;506.0;?;-581.0;-539.0
802.0;-2424;-1117.0;-4513;4513;519.0;-2424;-575.0;-539.0
809.0;-3117;?;-3973;3973;527.0;-3117;-568.0;-539.0
815.0;-3261;-158.0;-3770;3770;?;-3261;-560.0;-537.0
821.0;-4101;277.0;?;?;539.0;?;-554.0;?
823.0;-4017;?;-2789;2789;546.0;-4017;-552.0;-537.0
823.0;-4038;559.0;-2515;2515;553.0;-4038;?;-542.0
822.0;-3704;?;-2929;2929;561.0;?;-555.0;?
822.0;-2248;714.0;-2053;2053;569.0;-2248;-559.0;?
?;-1119;774.0;-358;?;578.0;-1119;?;?
823.0;-637;774.0;-1876;1876;588.0;?;?;?
823.0;-1436;787.0;4521;-4521;600.0;-1436;-566.0;-580.0
822.0;938;714.0;?;-7160;611.0;?;-569.0;-585.0
821.0;3933;654.0;704;-704;622.0;3933;-570.0;-589.0
?;?;607.0;1571;-1571;632.0;3717;?;?
820.0;3899;533.0;2076;-2076;642.0;3899;-567.0;?
820.0;1384;391.0;138;-138;?;1384;-564.0;-603.0
820.0;-459;294.0;42;-42;?;-459;-562.0;?
820.0;448;125.0;-251;251;665.0;448;-559.0;-613.0
?;-10;-28.0;-78;78;670.0;?;-558.0;?
814.0;-6;-156.0;-32;32;?;-6;-560.0;-623.0
810.0;?;-270.0;-20;20;676.0;110;-563.0;-626.0
?;-16;-317.0;3;-3;677.0;-16;-566.0;-629.0
802.0;?;-322.0;?;26;678.0;29;-569.0;-629.0
798.0;-22;-3.0;-27;27;682.0;-22;-569.0;-625.0
798.0;42;528.0;?;27;688.0;42;-565.0;?
799.0;29;?;-26;26;?;?;-558.0;?
797.0;36;1106.0;39;-39;696.0;36;-554.0;-619.0
?;48;996.0;8;-8;698.0;48;-552.0;-620.0
794.0;61;892.0;?;?;?;61;-551.0;-618.0
794.0;28;?;85;-85;705.0;28;-549.0;-616.0
796.0;76;?;87;?;707.0;76;-547.0;?
797.0;101;701.0;?;-106;708.0;101;-546.0;?
798.0;112;?;72;-72;708.0;112;-545.0;?
797.0;743;348.0;1204;-1204;707.0;743;-545.0;-620.0
796.0;1766;137.0;2284;-2284;?;1766;-546.0;-620.0
795.0;5260;-27.0;?;-3790;704.0;5260;-548.0;-621.0
795.0;6346;?;3381;?;701.0;6346;?;-620.0
795.0;?;-260.0;?;409;?;4271;?;-618.0
796.0;?;-328.0;-1209;1209;692.0;?;?;-617.0
798.0;236;-414.0;-378;378;?;236;-558.0;-614.0
800.0;-3737;-509.0;?;1154;677.0;-3737;-560.0;-609.0
804.0;-1341;-553.0;?;1375;667.0;-1341;-561.0;?
808.0;?;-686.0;?;1025;658.0;-616;-560.0;-594.0
814.0;?;-872.0;-694;694;653.0;-518;?;?
?;-571;-742.0;-770;770;651.0;-571;-539.0;?
?;1027;-215.0;-891;891;642.0;1027;-523.0;-544.0
841.0;3026;1.0;-885;885;634.0;3026;-511.0;?
847.0;?;63.0;?;1360;627.0;2326;?;?
848.0;1074;-79.0;?;1540;620.0;1074;-494.0;-486.0
848.0;-163;-369.0;?;1263;611.0;-163;?;-466.0
845.0;?;-568.0;-1333;1333;?;-502;-492.0;?
842.0;?;?;-611;?;595.0;-95;-492.0;?
839.0;-6;-601.0;136;-136;588.0;-6;-492.0;-410.0
835.0;-20;-500.0;?;?;581.0;-20;?;-396.0
831.0;7;-487.0;-1;1;?;7;-492.0;?
827.0;8;?;88;-88;562.0;8;-494.0;-374.0
824.0;26;-578.0;?;?;551.0;26;?;?
?;52;?;?;?;540.0;52;-504.0;-351.0
?;-106;-438.0;167;-167;530.0;-106;-512.0;-337.0
811.0;-187;-334.0;202;-202;522.0;-187;-520.0;?
804.0;?;-123.0;120;-120;515.0;-9;-528.0;-308.0
797.0;27;?;114;-114;508.0;27;-531.0;-293.0
791.0;-153;-19.0;157;-157;501.0;?;?;-277.0
784.0;-251;-424.0;128;-128;494.0;?;-537.0;-268.0
777.0;-195;-724.0;172;-172;483.0;-195;-543.0;-255.0
772.0;-248;?;117;-117;?;-248;-544.0;?
766.0;-468;-409.0;-98;98;468.0;-468;-543.0;-237.0
760.0;-508;-456.0;-116;?;460.0;?;-542.0;?
754.0;?;?;-135;135;452.0;-363;-545.0;?
?;-297;-663.0;-196;196;?;-297;-550.0;-197.0
740.0;-331;-866.0;-159;159;?;-331;-555.0;-185.0
?;?;-650.0;-119;119;433.0;-421;-560.0;-174.0
?;-516;-1070.0;-85;?;428.0;-516;-567.0;-167.0
?;?;-898.0;-186;186;420.0;-494;-574.0;?
709.0;-363;-721.0;?;363;?;-363;-576.0;-157.0
?;-273;-644.0;-394;394;?;-273;-574.0;-154.0
705.0;-530;-504.0;-184;?;394.0;-530;-570.0;-152.0
705.0;-341;-212.0;-366;366;386.0;-341;-569.0;-152.0
704.0;174;695.0;?;?;377.0;174;-570.0;-155.0
704.0;-220;?;-312;?;367.0;-220;-573.0;?
?;-427;732.0;-181;?;358.0;-427;?;-161.0
688.0;-247;812.0;-312;312;?;-247;-566.0;-165.0
?;-318;1045.0;-277;?;346.0;-318;-546.0;-170.0
698.0;-179;?;-331;331;?;-179;-532.0;-175.0
709.0;-141;665.0;-97;97;332.0;-141;-526.0;-177.0
714.0;-159;588.0;13;-13;?;-159;-529.0;-179.0
715.0;-97;638.0;?;236;321.0;-97;?;?
716.0;-191;720.0;-243;243;317.0;-191;-531.0;-189.0
719.0;?;820.0;-348;348;?;-42;-526.0;-194.0
724.0;660;?;-758;758;309.0;?;-524.0;-195.0
733.0;?;633.0;?;941;309.0;1171;?;-198.0
738.0;?;684.0;-966;966;311.0;?;-520.0;-203.0
742.0;1214;751.0;-810;810;312.0;1214;-519.0;-217.0
747.0;995;573.0;-443;443;315.0;995;-521.0;-229.0
752.0;1497;560.0;-424;?;320.0;1497;-524.0;-247.0
758.0;?;439.0;-599;599;322.0;2042;-524.0;-265.0
766.0;?;539.0;-657;?;?;1325;-524.0;?
772.0;?;422.0;-732;732;?;1261;-525.0;-289.0
777.0;?;298.0;?;438;333.0;707;-527.0;-297.0
782.0;-6;?;-188;?;336.0;-6;-527.0;-309.0
788.0;625;214.0;-471;471;340.0;625;-525.0;-318.0
792.0;638;373.0;?;661;343.0;638;-523.0;-330.0
796.0;184;376.0;-643;?;345.0;184;-521.0;?
798.0;?;?;-616;616;347.0;158;-520.0;-355.0
802.0;370;?;-627;627;?;370;-519.0;-365.0
805.0;480;-3.0;-732;?;347.0;480;-516.0;-370.0
809.0;481;-148.0;?;658;352.0;481;-513.0;-370.0
814.0;601;-217.0;-400;400;?;601;-507.0;?
819.0;603;-189.0;?;?;?;603;?;-371.0
823.0;?;-171.0;-346;346;359.0;?;-495.0;-369.0
827.0;608;-254.0;-312;312;361.0;608;-490.0;-369.0
830.0;562;-382.0;-348;?;360.0;562;-486.0;-367.0
832.0;601;-438.0;-321;321;?;601;-481.0;-364.0
835.0;?;?;-326;326;358.0;596;-476.0;-361.0
?;200;?;-243;243;?;?;-470.0;-352.0
840.0;-161;-728.0;300;-300;353.0;-161;-462.0;-344.0
844.0;-349;-766.0;375;-375;350.0;-349;-453.0;-333.0
847.0;-364;-745.0;230;?;347.0;-364;-445.0;?
?;-138;?;579;-579;344.0;-138;-437.0;?
855.0;-143;-971.0;?;-572;?;-143;-429.0;-297.0
?;?;-952.0;171;?;341.0;?;-421.0;-284.0
865.0;-405;-926.0;?;53;340.0;?;-415.0;-269.0
869.0;-663;-718.0;205;?;338.0;-663;-408.0;-250.0
873.0;-58;-589.0;-21;21;337.0;-58;?;-232.0
878.0;?;?;-1560;1560;336.0;?;?;-213.0
880.0;847;-434.0;-2510;2510;337.0;847;-392.0;?
880.0;328;-356.0;-2147;?;339.0;328;?;-180.0
?;?;?;-2060;2060;342.0;?;-382.0;?
886.0;-110;?;-2058;2058;344.0;-110;-374.0;-152.0
889.0;-162;-450.0;?;1848;345.0;-162;-364.0;-139.0
891.0;-90;-641.0;-1874;?;346.0;?;?;-128.0
894.0;?;-815.0;-1630;1630;?;802;-336.0;-114.0
?;1386;?;-1218;?;344.0;?;?;-101.0
?;1155;-1035.0;-553;?;342.0;1155;?;-87.0
?;?;-1279.0;290;-290;336.0;1059;-277.0;?
895.0;1374;-1253.0;?;?;325.0;?;-253.0;-42.0
892.0;1585;-1335.0;658;-658;321.0;1585;?;-20.0
?;1695;-1203.0;2024;-2024;?;1695;-202.0;?
882.0;1856;-884.0;2139;-2139;316.0;1856;-172.0;16.0
879.0;1331;-826.0;2572;-2572;316.0;1331;-145.0;31.0
?;?;-687.0;2746;?;?;861;-120.0;44.0
881.0;121;?;?;-1791;319.0;121;-100.0;55.0
885.0;-1157;-637.0;?;?;326.0;-1157;-83.0;?
889.0;?;-513.0;1884;?;330.0;?;-64.0;?
892.0;-2809;-380.0;3678;-3678;334.0;?;-48.0;87.0
895.0;-3119;-392.0;3459;?;?;?;-33.0;102.0
898.0;-3127;-564.0;3037;-3037;343.0;-3127;-17.0;122.0
?;-2880;-532.0;2679;-2679;347.0;-2880;?;142.0
900.0;?;-223.0;154;-154;361.0;-1267;22.0;?
898.0;-1162;-49.0;?;3828;374.0;-1162;46.0;166.0
899.0;-2339;105.0;-7902;7902;384.0;-2339;67.0;181.0
901.0;?;?;-2685;2685;394.0;-1630;86.0;191.0
?;?;339.0;2358;-2358;400.0;?;101.0;198.0
906.0;-987;531.0;480;-480;404.0;-987;115.0;204.0
906.0;-391;630.0;1485;-1485;410.0;-391;127.0;206.0
907.0;-381;814.0;490;?;?;-381;138.0;208.0
908.0;-585;738.0;?;709;409.0;?;149.0;211.0
908.0;-362;?;?;?;410.0;-362;?;213.0
?;-290;?;-590;590;407.0;?;167.0;215.0
?;-100;393.0;?;-199;?;-100;170.0;214.0
901.0;-2;274.0;?;?;?;-2;172.0;?
899.0;?;?;?;?;412.0;-104;169.0;211.0
898.0;-253;-86.0;148;-148;408.0;-253;?;?
?;?;-169.0;-47;47;404.0;-350;154.0;?
898.0;-389;-324.0;-186;186;400.0;-389;?;217.0
900.0;-323;-646.0;?;340;?;-323;138.0;218.0
902.0;-312;-703.0;?;?;?;-312;137.0;218.0
?;-457;-687.0;-206;206;401.0;-457;142.0;218.0
897.0;-434;-596.0;?;98;405.0;-434;148.0;214.0
897.0;-438;-432.0;-131;131;406.0;-438;149.0;211.0
898.0;-485;?;-188;188;406.0;-485;152.0;?
899.0;-525;198.0;-258;?;402.0;-525;156.0;210.0
898.0;?;216.0;-567;567;400.0;-560;?;210.0
895.0;-307;96.0;-1019;1019;399.0;-307;163.0;209.0
892.0;-267;-48.0;-961;961;398.0;?;?;206.0
890.0;-439;?;-568;568;399.0;-439;?;204.0
888.0;838;?;?;365;?;?;168.0;202.0
?;?;?;?;-13;?;1197;167.0;199.0
?;1693;-208.0;-247;247;404.0;1693;161.0;195.0
888.0;5297;-248.0;-1966;1966;?;5297;156.0;190.0
889.0;4550;-343.0;-3130;3130;412.0;4550;147.0;182.0
892.0;2029;-193.0;-2957;2957;418.0;2029;139.0;173.0
895.0;3106;?;-2697;2697;424.0;3106;130.0;163.0
900.0;2591;?;-1944;?;432.0;2591;120.0;153.0
?;1515;?;-487;487;?;?;?;145.0
907.0;1206;175.0;532;-532;443.0;1206;103.0;138.0
?;?;328.0;989;-989;448.0;425;98.0;?
911.0;142;300.0;2435;-2435;?;?;94.0;125.0
914.0;776;401.0;?;-2702;457.0;776;91.0;120.0
916.0;1335;425.0;2990;-2990;462.0;1335;89.0;?
918.0;?;552.0;3541;-3541;466.0;?;87.0;111.0
920.0;-1496;479.0;?;?;471.0;-1496;83.0;106.0
922.0;-2096;?;-896;896;?;?;78.0;101.0
924.0;-1686;568.0;1720;-1720;477.0;?;?;97.0
926.0;?;?;619;-619;480.0;?;66.0;94.0
928.0;?;410.0;273;-273;483.0;-901;62.0;91.0
929.0;-633;367.0;460;-460;484.0;-633;59.0;?
930.0;-530;?;162;-162;?;-530;57.0;85.0
?;-374;-36.0;386;-386;483.0;-374;56.0;86.0
927.0;-328;-208.0;317;-317;482.0;-328;58.0;87.0
940.0;-543;-53.0;?;?;485.0;?;-43.0;?
939.0;-441;-246.0;179;-179;485.0;-441;-43.0;96.0
?;-232;-415.0;127;-127;?;-232;-39.0;96.0
932.0;-253;-583.0;91;-91;485.0;?;-31.0;97.0
926.0;?;-804.0;48;-48;484.0;?;-20.0;98.0
919.0;-55;-1022.0;4;-4;?;-55;?;99.0
?;?;-1095.0;-20;?;480.0;-88;4.0;?
901.0;-111;-1024.0;-12;12;478.0;-111;?;?
892.0;-155;-890.0;64;-64;477.0;?;28.0;98.0
884.0;?;-865.0;80;?;475.0;-157;38.0;97.0
877.0;-68;?;?;-46;?;-68;44.0;?
871.0;-89;-794.0;128;-128;471.0;-89;46.0;93.0
867.0;-113;-761.0;190;?;470.0;-113;46.0;92.0
861.0;-107;-397.0;169;?;469.0;-107;48.0;90.0
853.0;-129;-187.0;?;-99;?;-129;51.0;89.0
?;?;-224.0;49;-49;469.0;-126;54.0;?
?;-144;-129.0;?;-135;468.0;-144;?;89.0
838.0;-126;-67.0;180;?;468.0;-126;66.0;89.0
834.0;-124;26.0;142;-142;468.0;-124;73.0;?
832.0;-220;17.0;196;-196;468.0;-220;?;89.0
?;-268;65.0;234;-234;467.0;-268;80.0;89.0
829.0;-203;110.0;185;-185;467.0;-203;?;89.0
827.0;-167;-25.0;201;-201;466.0;-167;82.0;89.0
825.0;-167;-123.0;210;-210;467.0;-167;82.0;90.0
?;?;-129.0;110;-110;467.0;-56;83.0;91.0
822.0;96;?;10;-10;?;96;84.0;93.0
820.0;?;-219.0;-11;11;?;77;?;95.0
818.0;-25;-220.0;?;-18;469.0;-25;91.0;98.0
?;-35;?;53;-53;469.0;-35;95.0;100.0
812.0;-45;?;67;-67;468.0;-45;101.0;104.0
?;-59;?;?;-65;468.0;-59;?;106.0
803.0;?;-441.0;?;-68;467.0;-49;?;109.0
795.0;-24;-422.0;64;-64;466.0;-24;?;111.0
789.0;51;-329.0;36;-36;465.0;51;138.0;113.0
783.0;140;-319.0;31;-31;?;140;?;114.0
779.0;159;-401.0;81;-81;464.0;159;?;114.0
?;?;-469.0;120;-120;462.0;72;139.0;114.0
782.0;48;-388.0;179;-179;461.0;48;132.0;114.0
785.0;77;-152.0;136;-136;461.0;77;127.0;115.0
785.0;?;10.0;57;-57;?;-12;127.0;115.0
784.0;-32;118.0;11;?;462.0;-32;129.0;?
784.0;72;77.0;-187;187;462.0;72;130.0;116.0
784.0;10;?;?;85;461.0;10;?;?
?;-198;?;108;-108;?;-198;130.0;116.0
783.0;?;96.0;37;-37;463.0;-267;131.0;117.0
?;-220;133.0;73;-73;464.0;-220;132.0;?
?;-191;100.0;77;-77;464.0;-191;132.0;117.0
780.0;-184;?;?;-58;466.0;-184;130.0;116.0
?;-195;116.0;68;-68;?;-195;129.0;115.0
783.0;-164;94.0;?;-70;468.0;?;128.0;115.0
786.0;-35;?;?;-59;?;?;?;113.0
789.0;38;92.0;?;0;?;38;127.0;112.0
792.0;8;71.0;2;-2;?;8;125.0;112.0
796.0;30;44.0;-46;?;472.0;?;122.0;111.0
?;?;119.0;-38;38;472.0;?;119.0;?
800.0;-81;74.0;27;-27;472.0;-81;118.0;111.0
801.0;-103;-65.0;-22;22;471.0;-103;?;?
?;-60;?;-89;?;469.0;-60;122.0;113.0
790.0;-14;?;-87;87;465.0;-14;128.0;114.0
?;47;-613.0;-106;106;463.0;47;?;115.0
?;113;-694.0;-391;391;?;113;149.0;116.0
752.0;-71;-849.0;-499;499;?;-71;?;116.0
741.0;?;-862.0;-395;395;?;97;174.0;116.0
730.0;867;-756.0;-658;658;460.0;867;186.0;116.0
721.0;?;?;-796;?;?;1120;199.0;115.0
713.0;1029;-1026.0;-679;679;?;1029;213.0;113.0
?;1013;-1025.0;-664;664;460.0;1013;223.0;110.0
701.0;375;-978.0;?;332;459.0;375;229.0;?
694.0;-211;?;?;-137;?;-211;236.0;104.0
687.0;-9;-689.0;101;-101;447.0;?;240.0;103.0
677.0;115;-603.0;?;84;435.0;115;243.0;?
?;?;-607.0;-102;102;420.0;67;?;102.0
662.0;?;-580.0;?;118;403.0;?;?;100.0
657.0;144;-560.0;-178;178;386.0;144;222.0;92.0
651.0;161;-577.0;?;170;368.0;161;204.0;84.0
?;125;-550.0;-79;?;351.0;125;182.0;76.0
641.0;230;-500.0;-132;132;336.0;?;?;?
633.0;?;?;-167;?;318.0;?;136.0;?
624.0;164;-371.0;?;47;?;?;?;67.0
613.0;181;-249.0;-196;?;279.0;181;92.0;67.0
?;-26;?;-487;487;260.0;-26;?;64.0
593.0;-146;-6.0;-331;331;239.0;-146;?;61.0
586.0;-268;25.0;-26;26;220.0;-268;30.0;59.0
579.0;-377;200.0;?;42;199.0;?;8.0;57.0
576.0;-867;?;?;142;183.0;-867;-11.0;52.0
575.0;-926;572.0;-135;135;?;-926;?;45.0
573.0;?;691.0;-98;98;153.0;-221;?;37.0
573.0;-120;732.0;-256;?;137.0;-120;-79.0;28.0
571.0;?;?;-850;850;123.0;-133;-104.0;19.0
563.0;-506;442.0;-1347;1347;110.0;-506;-126.0;8.0
549.0;-1251;192.0;?;?;98.0;-1251;-146.0;-5.0
533.0;-1560;142.0;-1545;1545;?;-1560;-162.0;?
520.0;-1773;353.0;-1800;1800;73.0;-1773;-178.0;-23.0
510.0;-1974;268.0;-1819;1819;64.0;-1974;-192.0;-32.0
507.0;-2280;34.0;-1470;1470;55.0;-2280;-208.0;-41.0
?;?;3.0;-1544;?;52.0;-2140;-224.0;-53.0
?;-1854;-45.0;?;1412;51.0;-1854;-238.0;?
503.0;-2100;74.0;-1155;?;?;-2100;?;-77.0
506.0;-2069;139.0;-1098;?;?;-2069;?;-89.0
508.0;?;104.0;?;?;?;?;-270.0;-96.0
?;-1505;196.0;377;-377;40.0;-1505;-277.0;-100.0
511.0;-752;195.0;461;-461;38.0;-752;-282.0;?
514.0;-172;109.0;718;-718;?;-172;-289.0;-101.0
516.0;-248;122.0;754;-754;?;-248;-292.0;?
519.0;-239;164.0;894;-894;33.0;?;-294.0;-100.0
523.0;?;166.0;818;-818;36.0;-156;?;-100.0
528.0;-226;244.0;1000;-1000;38.0;-226;?;?
532.0;-222;299.0;1364;-1364;?;-222;-302.0;-101.0
536.0;?;452.0;1710;-1710;?;?;-306.0;-102.0
?;18;531.0;1806;-1806;?;18;-309.0;-108.0
539.0;420;?;?;?;64.0;420;-311.0;-116.0
?;?;?;1030;-1030;78.0;491;-311.0;-125.0
545.0;336;?;420;-420;93.0;336;-306.0;?
553.0;446;?;?;-438;109.0;446;-302.0;-145.0
?;216;678.0;508;-508;124.0;216;?;?
586.0;?;853.0;1454;-1454;139.0;112;?;-169.0
?;209;877.0;2957;?;?;209;-314.0;-180.0
623.0;?;?;?;-1288;168.0;-682;-329.0;-193.0
633.0;-924;103.0;878;-878;180.0;-924;-343.0;?
638.0;-355;-236.0;1125;?;190.0;?;-355.0;-214.0
?;-277;-367.0;-212;212;?;-277;-366.0;-221.0
644.0;?;-430.0;127;-127;202.0;-84;?;?
645.0;47;-563.0;39;-39;203.0;?;-386.0;-235.0
643.0;51;-388.0;-286;286;199.0;51;-393.0;-239.0
638.0;?;-298.0;-115;115;192.0;40;-400.0;-239.0
631.0;8;?;?;?;183.0;?;?;-238.0
620.0;50;-468.0;4;-4;175.0;50;-425.0;-238.0
?;?;-271.0;7;-7;166.0;-23;-438.0;-240.0
?;?;83.0;-19;19;155.0;-122;-450.0;-242.0
599.0;-119;?;?;101;148.0;-119;-461.0;-242.0
594.0;-181;?;-140;140;142.0;-181;?;?
?;-285;340.0;-99;99;136.0;-285;-465.0;?
593.0;-252;?;-119;119;133.0;?;?;-246.0
592.0;-325;381.0;-235;235;?;?;?;-247.0
?;-733;420.0;-272;?;129.0;-733;?;-248.0
589.0;?;?;0;0;129.0;-899;-491.0;-251.0
587.0;-410;429.0;163;-163;130.0;-410;-497.0;-252.0
587.0;-221;?;310;-310;132.0;?;-501.0;?
588.0;?;441.0;240;?;135.0;-94;-507.0;-255.0
590.0;?;476.0;-82;?;140.0;362;?;-256.0
593.0;134;527.0;217;-217;145.0;134;?;-257.0
597.0;-152;474.0;440;-440;152.0;?;-520.0;?
?;48;486.0;?;-209;162.0;48;-523.0;-265.0
607.0;110;432.0;1;-1;?;?;-524.0;?
?;355;205.0;?;6;178.0;355;-526.0;-279.0
619.0;605;?;455;?;185.0;605;-526.0;-285.0
?;1635;?;?;-941;191.0;1635;-524.0;-289.0
643.0;3207;525.0;1122;-1122;196.0;?;-526.0;-291.0
656.0;780;126.0;965;-965;199.0;780;-531.0;-293.0
667.0;?;628.0;-74;74;201.0;-2252;-533.0;-293.0
675.0;-1473;-55.0;?;1652;204.0;?;-539.0;-295.0
677.0;-1005;36.0;-1985;1985;207.0;?;-538.0;?
681.0;?;-142.0;-1171;1171;209.0;-879;-537.0;-298.0
683.0;-802;-205.0;-999;999;214.0;?;-533.0;-300.0
?;?;-245.0;-820;820;216.0;-1280;-529.0;-299.0
694.0;-975;-701.0;-145;?;219.0;-975;-527.0;-294.0
699.0;-471;-682.0;561;-561;224.0;-471;-527.0;-293.0
700.0;?;?;1094;?;228.0;?;-524.0;-295.0
700.0;114;-115.0;752;-752;230.0;114;-520.0;-294.0
702.0;612;119.0;?;-542;?;612;-516.0;-289.0
?;989;167.0;?;-761;226.0;?;-512.0;-282.0
707.0;?;?;393;-393;?;837;-508.0;-274.0
?;?;244.0;189;-189;218.0;1124;-505.0;?
718.0;1270;418.0;?;-208;213.0;1270;-500.0;-265.0
?;?;458.0;357;-357;205.0;9;-495.0;-260.0
?;508;410.0;1166;-1166;197.0;508;-495.0;?
744.0;534;415.0;285;?;192.0;534;-498.0;-248.0
?;-597;509.0;-652;?;190.0;-597;-503.0;-247.0
755.0;98;673.0;119;-119;191.0;98;-509.0;-250.0
757.0;101;?;-288;288;194.0;?;-518.0;?
758.0;82;663.0;-387;387;194.0;82;-527.0;-256.0
756.0;?;541.0;-208;?;193.0;?;-536.0;-256.0
750.0;?;268.0;?;627;191.0;-249;?;?
741.0;-21;-69.0;-444;444;190.0;-21;-562.0;?
731.0;49;-420.0;-306;306;?;?;-577.0;-250.0
722.0;36;-536.0;-272;272;?;36;-592.0;-242.0
716.0;112;-558.0;?;381;180.0;?;-608.0;-234.0
706.0;23;-87.0;-410;410;181.0;23;-622.0;-232.0
595.0;173;-144.0;33;?;198.0;173;-617.0;-172.0
591.0;60;131.0;50;-50;203.0;60;-616.0;-161.0
588.0;2;195.0;?;-41;?;2;-617.0;-147.0
584.0;2;247.0;48;-48;210.0;2;-616.0;-136.0
581.0;-84;575.0;14;-14;212.0;-84;-610.0;-122.0
585.0;-96;806.0;9;-9;?;-96;-603.0;-109.0
589.0;?;1076.0;71;-71;217.0;-87;-596.0;-102.0
?;-64;520.0;?;-70;?;-64;?;-95.0
607.0;-66;169.0;84;-84;?;?;-579.0;-92.0
616.0;-110;106.0;120;-120;?;-110;-567.0;-86.0
624.0;-70;?;173;?;213.0;-70;-557.0;-88.0
632.0;-14;?;198;-198;213.0;-14;?;-99.0
640.0;?;430.0;125;-125;212.0;-9;-544.0;-108.0
649.0;39;470.0;149;-149;212.0;39;-540.0;-122.0
659.0;58;698.0;125;-125;212.0;58;-537.0;-133.0
667.0;39;981.0;?;-16;?;39;-537.0;?
672.0;-8;1171.0;-110;?;210.0;-8;-537.0;-158.0
678.0;?;1250.0;-166;166;206.0;-35;?;-166.0
?;-11;1329.0;-63;63;202.0;-11;-536.0;-175.0
686.0;-81;?;?;51;198.0;-81;-534.0;-185.0
688.0;?;1498.0;190;-190;?;28;?;?
?;1;1440.0;681;-681;185.0;1;?;?
688.0;181;1269.0;1185;-1185;178.0;181;-523.0;-212.0
686.0;488;1082.0;1081;?;?;488;-520.0;-224.0
681.0;691;?;-360;?;?;691;-515.0;-236.0
675.0;1899;872.0;-1549;1549;?;1899;?;-246.0
666.0;2292;775.0;-1623;?;?;2292;-502.0;-253.0
657.0;2477;659.0;-1720;1720;134.0;2477;-493.0;-252.0
647.0;2814;479.0;-1423;1423;?;2814;?;-249.0
636.0;1567;203.0;?;622;110.0;1567;-474.0;?
623.0;602;-228.0;-1269;1269;?;602;-463.0;-222.0
613.0;362;-454.0;-2872;2872;79.0;362;-453.0;-202.0
604.0;1624;-691.0;-3256;3256;61.0;?;-444.0;-181.0
598.0;2817;-1042.0;-3011;3011;43.0;2817;-435.0;-152.0
599.0;2687;?;-3003;3003;28.0;2687;-424.0;-131.0
595.0;3092;?;?;1722;11.0;3092;-415.0;-111.0
584.0;1713;-1206.0;347;-347;-5.0;?;-404.0;-97.0
571.0;-322;?;?;-881;-17.0;-322;?;-92.0
556.0;338;-1513.0;1125;-1125;-31.0;338;-387.0;-88.0
539.0;1233;-1544.0;?;-1134;?;1233;-378.0;-86.0
523.0;618;?;?;?;?;618;-367.0;-83.0
506.0;180;-1368.0;-110;110;-73.0;180;-356.0;-77.0
487.0;95;-1029.0;28;-28;-89.0;95;-343.0;-71.0
465.0;21;-789.0;-57;57;-105.0;21;-330.0;?
443.0;42;-659.0;30;-30;-121.0;?;-320.0;?
?;-28;-471.0;50;-50;-138.0;-28;-311.0;-61.0
?;-55;-317.0;82;-82;-155.0;-55;-302.0;-61.0
373.0;-48;-327.0;163;-163;-176.0;?;-293.0;-61.0
353.0;?;-369.0;122;-122;-197.0;-38;-284.0;?
?;-39;-103.0;114;-114;-217.0;-39;-275.0;?
305.0;0;97.0;119;-119;-236.0;0;-257.0;-43.0
283.0;-19;?;208;-208;-255.0;-19;?;-34.0
267.0;0;182.0;?;-195;-274.0;0;?;?
260.0;86;?;234;-234;-293.0;86;-223.0;2.0
259.0;67;474.0;489;-489;-312.0;67;?;20.0
263.0;353;355.0;280;-280;?;353;?;36.0
260.0;570;38.0;1970;?;-339.0;?;-205.0;55.0
251.0;1939;-189.0;5618;-5618;-353.0;1939;-192.0;74.0
?;3760;?;7890;-7890;-363.0;3760;-175.0;91.0
216.0;4327;-538.0;7487;?;-375.0;4327;?;?
196.0;4778;-522.0;3442;?;-388.0;4778;?;126.0
174.0;1776;-525.0;-1346;1346;?;1776;-129.0;147.0
?;-2506;?;?;1906;?;?;?;160.0
130.0;-2360;-758.0;-2339;2339;-422.0;-2360;-108.0;170.0
106.0;-966;-935.0;-5024;5024;-438.0;-966;?;185.0
79.0;?;-1244.0;-5801;5801;-452.0;-768;-84.0;200.0
49.0;-856;-1667.0;-5813;5813;-462.0;-856;-70.0;?
?;-512;-1751.0;-5971;?;-475.0;-512;-50.0;?
-23.0;326;-1656.0;?;6415;?;326;-22.0;253.0
?;1226;-1359.0;?;6376;-508.0;1226;-4.0;273.0
-87.0;?;-744.0;-3451;3451;-527.0;1310;13.0;292.0
-115.0;?;?;-484;484;?;?;?;309.0
?;2522;-477.0;415;-415;-566.0;?;55.0;329.0
-172.0;1767;-613.0;210;?;?;1767;74.0;350.0
-199.0;650;?;484;-484;?;650;94.0;?
-225.0;1282;-604.0;819;-819;-616.0;1282;116.0;393.0
-253.0;892;-643.0;158;-158;-629.0;892;137.0;411.0
-282.0;?;-623.0;42;-42;?;295;158.0;426.0
-309.0;249;-677.0;166;?;-651.0;249;178.0;437.0
-335.0;110;-761.0;63;-63;-660.0;110;197.0;446.0
-358.0;98;?;207;-207;-669.0;98;213.0;?
-376.0;?;-789.0;178;-178;?;33;225.0;460.0
-390.0;?;-667.0;100;-100;-688.0;60;236.0;467.0
-407.0;105;-411.0;93;?;-698.0;?;248.0;472.0
?;95;?;120;-120;?;95;260.0;482.0
-436.0;43;-178.0;190;-190;-709.0;43;?;492.0
?;113;287.0;201;-201;-715.0;113;273.0;501.0
-450.0;134;750.0;139;-139;-718.0;134;282.0;515.0
-449.0;103;?;?;-271;-720.0;103;292.0;?
-448.0;?;1075.0;518;-518;-719.0;250;298.0;549.0
-455.0;120;1405.0;?;-608;?;120;306.0;562.0
-471.0;?;1461.0;1237;-1237;-720.0;447;324.0;578.0
-488.0;770;1146.0;2112;-2112;?;770;351.0;593.0
-504.0;1240;713.0;3537;-3537;-720.0;1240;378.0;?
-519.0;?;436.0;6296;-6296;?;?;403.0;616.0
?;2440;?;7933;?;-726.0;2440;?;624.0
-542.0;?;69.0;6094;-6094;-730.0;?;444.0;629.0
-549.0;?;-131.0;1434;-1434;-733.0;2675;?;?
-556.0;?;?;-1950;1950;?;-108;477.0;638.0
-561.0;-644;-308.0;-1798;1798;-736.0;-644;492.0;?
-566.0;-582;-236.0;-1667;1667;-739.0;-582;503.0;?
?;-749;-307.0;-2090;2090;-741.0;-749;?;644.0
-580.0;?;?;-1277;1277;-738.0;?;512.0;?
-589.0;-887;-1165.0;-2965;2965;-735.0;-887;516.0;657.0
-601.0;-1536;-1764.0;-5869;?;-730.0;-1536;518.0;664.0
-611.0;-1634;-1959.0;?;?;-728.0;?;521.0;669.0
-617.0;-1544;-1970.0;-5077;5077;-732.0;-1544;521.0;666.0
-623.0;-1729;-1394.0;-6035;6035;?;-1729;516.0;665.0
-633.0;-1558;-916.0;-3938;?;-734.0;-1558;?;666.0
-649.0;-1637;-770.0;?;2372;?;-1637;520.0;666.0
-666.0;-1432;-919.0;-2264;2264;-735.0;-1432;525.0;?
-683.0;-607;?;2159;-2159;-732.0;-607;536.0;667.0
-697.0;?;-947.0;6154;?;-730.0;-211;549.0;668.0
-707.0;956;?;3297;-3297;?;956;560.0;666.0
-714.0;1862;-1034.0;820;-820;-732.0;?;568.0;663.0
-719.0;?;-1065.0;822;-822;-733.0;1442;571.0;661.0
?;850;?;-37;37;-735.0;850;?;?
-728.0;?;-1130.0;-41;?;-738.0;314;569.0;654.0
-732.0;267;-1084.0;46;-46;-741.0;267;567.0;649.0
-736.0;186;-820.0;13;-13;-740.0;186;564.0;649.0
?;-4;-480.0;187;-187;?;-4;565.0;648.0
-739.0;79;-232.0;16;-16;?;79;568.0;649.0
?;?;-88.0;?;-102;?;?;572.0;646.0
-745.0;42;-250.0;49;-49;-724.0;42;581.0;652.0
-743.0;28;-276.0;5;-5;-716.0;?;590.0;?
-741.0;96;202.0;309;-309;?;?;591.0;?
-737.0;-110;?;?;28;?;-110;592.0;?
-728.0;80;1361.0;573;?;-708.0;80;589.0;?
-717.0;88;1577.0;895;-895;-704.0;88;588.0;670.0
-710.0;43;1824.0;802;-802;-704.0;43;586.0;672.0
-707.0;737;2018.0;2373;-2373;?;737;583.0;673.0
-706.0;?;2123.0;?;-1633;-704.0;292;?;673.0
-705.0;?;2104.0;4513;-4513;-702.0;2173;584.0;676.0
-703.0;4283;1970.0;7932;-7932;?;?;?;?
-699.0;4126;1682.0;?;-7718;-694.0;4126;?;685.0
?;?;1362.0;8042;?;-691.0;4292;590.0;686.0
-690.0;823;950.0;?;-1955;-687.0;823;594.0;688.0
-687.0;?;569.0;-1353;1353;?;-2173;?;690.0
-686.0;-2451;?;-566;566;-681.0;-2451;602.0;691.0
?;-3028;?;-3546;3546;-679.0;-3028;603.0;697.0
-695.0;-2164;-639.0;-4910;?;-680.0;-2164;605.0;696.0
-696.0;?;-1493.0;-5444;5444;-684.0;-2178;605.0;692.0
-695.0;-3570;-1884.0;-4734;?;-684.0;-3570;605.0;?
?;?;-1194.0;-2980;2980;-676.0;-4646;?;?
-695.0;-5528;?;-1262;1262;-678.0;-5528;602.0;695.0
-699.0;-4336;1033.0;-1149;1149;-680.0;?;597.0;688.0
-702.0;253;1117.0;-752;752;?;?;597.0;?
-705.0;3882;1084.0;2063;-2063;-678.0;3882;598.0;682.0
-710.0;?;946.0;742;?;-676.0;?;?;680.0
-713.0;992;704.0;-656;656;-675.0;992;612.0;678.0
-716.0;251;602.0;?;-363;-676.0;?;?;?
-717.0;224;525.0;-235;235;?;224;?;673.0
?;?;343.0;-132;132;-684.0;216;629.0;668.0
-718.0;?;?;90;-90;?;?;629.0;?
?;-3;-756.0;-26;26;-713.0;-3;656.0;?
-621.0;27;584.0;-48;48;-715.0;27;650.0;658.0
-619.0;?;273.0;-34;34;-718.0;?;653.0;653.0
-623.0;39;311.0;-53;53;-720.0;39;647.0;651.0
-628.0;42;340.0;-28;28;-721.0;?;649.0;?
-630.0;51;-135.0;-38;?;-721.0;51;653.0;650.0
-636.0;20;-517.0;-50;50;?;20;?;?
?;8;?;-33;?;?;?;651.0;652.0
-645.0;5;-427.0;-54;54;-719.0;5;647.0;653.0
-650.0;?;-682.0;-39;?;-719.0;-24;?;653.0
?;10;-689.0;-17;17;-719.0;?;639.0;?
?;34;-638.0;-7;7;?;?;635.0;?
-660.0;?;-559.0;?;29;-719.0;21;632.0;653.0
?;-14;-546.0;-66;66;-719.0;-14;630.0;653.0
-662.0;-24;?;-43;?;-718.0;-24;629.0;654.0
-663.0;49;-566.0;-31;31;-718.0;49;627.0;655.0
-663.0;31;?;-32;32;-717.0;31;626.0;657.0
-661.0;-8;-127.0;-3;3;-716.0;-8;626.0;659.0
-658.0;-6;5.0;2;-2;-715.0;-6;628.0;?
-653.0;-12;72.0;-29;29;-715.0;-12;?;661.0
-646.0;26;-21.0;-43;?;-715.0;26;?;663.0
-635.0;24;?;-43;43;-715.0;?;639.0;?
-624.0;3;-381.0;-54;54;-716.0;3;645.0;662.0
-620.0;?;?;?;72;-717.0;7;646.0;?
-630.0;-32;-272.0;-53;53;-718.0;-32;639.0;661.0
-639.0;-38;377.0;-48;48;-718.0;?;?;660.0
-638.0;24;409.0;-73;73;-721.0;24;623.0;?
-643.0;28;338.0;-44;44;-723.0;?;614.0;656.0
-650.0;-8;235.0;-16;16;-726.0;?;609.0;?
-658.0;?;48.0;-13;13;-728.0;16;604.0;?
?;40;-239.0;-33;33;-730.0;40;597.0;?
-675.0;24;-610.0;-39;39;-733.0;24;588.0;645.0
-682.0;-2;-1169.0;13;-13;-734.0;-2;579.0;?
-688.0;-37;-1680.0;?;?;-734.0;-37;571.0;641.0
-693.0;-47;-2277.0;-26;?;-735.0;?;565.0;638.0
-697.0;-18;-2807.0;-10;10;-738.0;-18;?;635.0
-701.0;-3;-3139.0;-6;6;?;-3;553.0;631.0
-702.0;-4;-3156.0;-11;11;-741.0;-4;550.0;628.0
-704.0;5;?;6;?;?;?;546.0;625.0
-709.0;-3;-2871.0;?;0;-745.0;-3;?;621.0
-718.0;-39;?;-3;?;-746.0;?;538.0;618.0
-726.0;-39;-1401.0;-6;6;?;-39;535.0;616.0
-733.0;-21;-608.0;4;-4;-748.0;-21;?;613.0
-734.0;?;53.0;27;-27;-749.0;?;534.0;610.0
-731.0;-9;?;2;-2;-750.0;-9;?;?
-725.0;-50;756.0;-36;36;-750.0;-50;538.0;605.0
-719.0;-2;959.0;-46;46;-750.0;-2;?;603.0
?;?;1133.0;-13;13;?;?;?;601.0
-708.0;8;?;20;-20;-751.0;8;554.0;599.0
-703.0;49;1445.0;?;-7;-752.0;49;558.0;598.0
-700.0;35;1490.0;29;-29;-752.0;35;560.0;597.0
-698.0;-12;1495.0;?;?;?;-12;562.0;598.0
?;-42;1283.0;?;?;-750.0;-42;?;?
-691.0;-33;?;-71;71;-750.0;-33;567.0;601.0
-687.0;?;562.0;-40;?;?;17;568.0;602.0
-684.0;16;131.0;-33;33;-751.0;16;568.0;603.0
-682.0;-8;-167.0;11;-11;-753.0;?;?;?
-683.0;36;?;-3;3;-754.0;36;?;?
?;?;?;-21;?;-755.0;-26;554.0;607.0
?;56;39.0;-49;?;-755.0;?;545.0;609.0
-686.0;-63;132.0;-18;18;-757.0;?;535.0;609.0
-686.0;4;203.0;-3;3;-761.0;4;527.0;?
-685.0;127;179.0;?;56;-764.0;127;521.0;606.0
-681.0;-284;?;-12;12;-766.0;-284;?;605.0
?;459;44.0;?;140;-767.0;459;509.0;?
?;-1056;?;281;-281;-766.0;-1056;503.0;607.0
-652.0;?;?;632;-632;-764.0;-2818;497.0;608.0
?;-2783;-337.0;635;-635;-763.0;?;487.0;?
-624.0;-6619;-196.0;?;-2070;-762.0;?;?;604.0
-611.0;-8319;194.0;3214;-3214;-760.0;?;460.0;601.0
-596.0;?;456.0;2979;-2979;-757.0;-5806;447.0;597.0
-580.0;?;509.0;?;?;-752.0;-4913;434.0;593.0
-563.0;-4755;471.0;2771;-2771;-746.0;-4755;424.0;587.0
-545.0;-4550;386.0;?;-1009;?;-4550;414.0;?
-524.0;-4346;334.0;680;-680;?;?;?;570.0
?;-3425;?;1038;-1038;-724.0;-3425;390.0;558.0
-477.0;-3077;381.0;540;?;?;?;373.0;545.0
-451.0;-3037;528.0;-350;350;?;-3037;355.0;536.0
-422.0;?;474.0;-730;730;?;-2646;335.0;525.0
-394.0;-2813;476.0;?;?;-671.0;-2813;312.0;511.0
?;-3218;650.0;278;?;-658.0;?;290.0;495.0
-339.0;-3353;849.0;864;-864;-644.0;-3353;?;?
?;-1933;1032.0;2280;-2280;-629.0;-1933;242.0;459.0
-283.0;-2049;?;2783;?;-613.0;?;?;439.0
?;-1423;963.0;2915;-2915;-597.0;-1423;196.0;417.0
-225.0;2232;706.0;3060;-3060;-580.0;2232;172.0;395.0
-194.0;1504;465.0;?;-1312;?;1504;146.0;372.0
-162.0;?;289.0;?;-215;-547.0;175;?;350.0
-128.0;860;?;?;-247;-531.0;?;87.0;?
-95.0;?;324.0;-166;166;-516.0;283;56.0;309.0
-66.0;324;415.0;-44;44;-501.0;324;29.0;?
-41.0;321;548.0;?;-88;-486.0;321;?;275.0
-19.0;107;722.0;44;-44;?;107;-15.0;260.0
1.0;75;819.0;116;-116;-455.0;75;-31.0;?
19.0;?;826.0;123;-123;-439.0;18;-43.0;234.0
33.0;17;681.0;?;-127;-422.0;17;-49.0;218.0
?;?;?;117;-117;-405.0;-45;-55.0;?
73.0;4;254.0;88;-88;?;4;-71.0;?
100.0;10;411.0;?;-59;-365.0;10;-95.0;146.0
127.0;?;587.0;6;-6;?;-20;?;116.0
160.0;12;610.0;?;-86;-321.0;12;-151.0;?
196.0;-12;520.0;110;?;-299.0;-12;?;63.0
229.0;79;611.0;210;-210;-278.0;?;-206.0;40.0
260.0;?;852.0;339;?;-259.0;116;-229.0;?
288.0;-40;1019.0;222;-222;-238.0;-40;-249.0;-2.0
313.0;536;1084.0;?;?;?;536;-268.0;-22.0
339.0;?;1040.0;2595;-2595;-196.0;826;?;-44.0
363.0;?;939.0;?;-3879;-177.0;1404;-301.0;-62.0
384.0;2423;?;?;-5356;-160.0;2423;-316.0;-76.0
401.0;3177;797.0;?;?;?;3177;?;-89.0
?;4299;?;4538;-4538;-132.0;4299;-341.0;-98.0
?;1042;595.0;?;?;-121.0;?;-352.0;-106.0
?;-3061;397.0;?;-6;-111.0;-3061;-362.0;-111.0
442.0;-1831;?;-57;57;-105.0;-1831;?;-111.0
444.0;-637;15.0;-2683;2683;?;-637;?;-108.0
443.0;-1167;-381.0;-4402;?;?;-1167;-377.0;-105.0
439.0;?;-830.0;-4554;?;-79.0;-1751;-380.0;-105.0
?;?;-1113.0;?;4607;-70.0;-2719;-381.0;-107.0
437.0;-2986;-1154.0;?;3803;-61.0;-2986;-383.0;-111.0
441.0;-3518;-777.0;-3847;?;-56.0;?;?;-116.0
449.0;-3928;-271.0;-3613;3613;-54.0;-3928;-394.0;-117.0
457.0;-3179;14.0;-3266;3266;?;-3179;-398.0;-116.0
459.0;-3564;?;-4314;4314;?;-3564;-399.0;-114.0
456.0;-1562;224.0;-727;727;-57.0;-1562;-397.0;-113.0
?;?;227.0;3298;-3298;?;888;-395.0;-112.0
448.0;181;?;?;?;-63.0;?;-393.0;-111.0
445.0;?;710.0;4935;-4935;?;670;?;-110.0
444.0;893;?;6352;-6352;-70.0;893;-386.0;-107.0
442.0;819;752.0;1913;-1913;-74.0;?;-382.0;?
439.0;973;507.0;-746;?;-79.0;973;?;-101.0
435.0;249;99.0;?;72;-83.0;249;?;-97.0
428.0;33;-248.0;138;-138;-85.0;33;-376.0;-95.0
419.0;46;-526.0;146;-146;-86.0;?;?;-96.0
412.0;23;-774.0;217;-217;-88.0;23;-365.0;?
409.0;45;-884.0;136;-136;-91.0;45;?;?
402.0;-3;-720.0;201;-201;-97.0;-3;-356.0;-103.0
387.0;22;-674.0;?;?;-100.0;?;-342.0;-106.0
376.0;90;?;26;-26;-102.0;90;-331.0;-116.0
?;66;-920.0;-32;32;-105.0;66;-330.0;-126.0
383.0;20;-533.0;-19;?;-103.0;20;-335.0;-133.0
?;-27;43.0;170;-170;-93.0;-27;?;?
?;-61;?;168;-168;-82.0;-61;?;-161.0
447.0;-4;756.0;480;?;?;?;-377.0;-175.0
472.0;113;1070.0;1119;-1119;-58.0;?;-396.0;-184.0
492.0;316;1437.0;1487;-1487;?;316;?;?
503.0;678;1621.0;2475;-2475;-32.0;678;?;-199.0
513.0;1150;1766.0;?;-4106;-19.0;?;-426.0;-209.0
?;1766;1811.0;6429;-6429;-11.0;1766;-431.0;-214.0
?;?;?;6813;-6813;?;2726;-433.0;-217.0
544.0;3245;?;5373;-5373;?;3245;-434.0;-216.0
556.0;?;1051.0;4053;-4053;0.0;?;-437.0;-212.0
565.0;808;532.0;?;125;4.0;808;-440.0;-209.0
569.0;881;86.0;-2991;?;8.0;?;?;?
?;1045;-368.0;-2713;2713;16.0;1045;-445.0;-204.0
566.0;-91;-843.0;-3695;3695;26.0;?;?;?
561.0;-1496;-1498.0;-4520;4520;35.0;-1496;-445.0;?
555.0;-2167;-1915.0;-4836;4836;46.0;?;-444.0;-196.0
550.0;-2380;-2046.0;?;5214;60.0;?;-440.0;-204.0
545.0;?;-1833.0;-4225;?;72.0;?;-435.0;-212.0
543.0;-4135;-1040.0;-3943;3943;?;-4135;-432.0;-224.0
549.0;?;-556.0;-3278;3278;81.0;-3638;-428.0;-228.0
554.0;-3122;?;-3359;?;81.0;-3122;-422.0;-231.0
554.0;-3381;-53.0;-4373;?;?;-3381;-417.0;-239.0
?;-1028;82.0;?;-391;91.0;-1028;-414.0;-248.0
549.0;?;191.0;1925;-1925;?;344;-412.0;-258.0
552.0;?;405.0;2806;-2806;104.0;-1158;-415.0;-269.0
559.0;?;652.0;?;-5745;112.0;?;?;-279.0
568.0;2631;807.0;1779;-1779;121.0;2631;?;-287.0
576.0;2605;914.0;490;-490;131.0;2605;?;-295.0
586.0;1278;865.0;238;-238;142.0;1278;-431.0;-305.0
?;3122;1148.0;4087;-4087;361.0;3122;?;-506.0
809.0;?;1086.0;1266;-1266;362.0;807;?;-506.0
809.0;?;1234.0;-1165;1165;362.0;-412;?;-506.0
811.0;?;1556.0;?;1674;360.0;-541;-556.0;-502.0
812.0;-365;1561.0;-1329;?;364.0;-365;?;?
?;-717;1239.0;-1841;1841;364.0;-717;-556.0;-499.0
814.0;-2480;980.0;-4202;4202;368.0;-2480;-556.0;-498.0
816.0;-3255;827.0;-4662;4662;?;-3255;-555.0;-496.0
?;-3634;1019.0;-3858;3858;?;-3634;-549.0;-501.0
?;-4021;?;?;3638;?;?;-538.0;?
832.0;-4195;1462.0;-3033;3033;371.0;-4195;?;-499.0
?;-4708;954.0;-1484;1484;373.0;?;-525.0;-498.0
829.0;-5028;706.0;-124;124;?;?;-522.0;-497.0
824.0;-3858;556.0;1444;?;380.0;-3858;-520.0;?
817.0;-468;609.0;3666;-3666;383.0;-468;-518.0;-506.0
811.0;1212;668.0;1862;?;388.0;1212;-515.0;-511.0
803.0;230;575.0;-820;820;392.0;?;-511.0;-514.0
?;181;384.0;-158;?;399.0;181;-505.0;-516.0
794.0;619;164.0;?;248;409.0;619;-501.0;-520.0
790.0;299;-262.0;-376;376;420.0;299;-499.0;-526.0
788.0;?;?;85;-85;431.0;-1;?;-531.0
?;?;-858.0;62;-62;?;?;-501.0;-539.0
778.0;-12;?;86;-86;447.0;-12;-509.0;-543.0
774.0;16;182.0;-11;11;450.0;16;-516.0;-544.0
776.0;-21;1031.0;-11;11;451.0;-21;-521.0;-544.0
?;2;1120.0;39;-39;451.0;?;-542.0;-546.0
782.0;22;1107.0;40;-40;444.0;22;-539.0;-544.0
788.0;4;1285.0;104;-104;435.0;4;-519.0;-546.0
794.0;34;1009.0;135;-135;425.0;34;-504.0;?
806.0;26;647.0;97;-97;418.0;26;-497.0;?
808.0;16;606.0;92;-92;414.0;?;-503.0;-529.0
803.0;23;612.0;?;-15;?;23;-513.0;?
?;25;528.0;-21;?;?;25;-517.0;-509.0
?;13;?;5;?;378.0;13;-513.0;?
804.0;?;144.0;?;5;365.0;?;?;-488.0
806.0;66;204.0;-2;2;353.0;66;-504.0;-475.0
?;18;?;4;-4;342.0;18;-498.0;-462.0
823.0;78;17.0;41;-41;330.0;78;?;-446.0
832.0;116;-53.0;65;-65;?;116;-468.0;-433.0
?;52;?;48;-48;?;52;-451.0;-423.0
850.0;54;168.0;34;-34;311.0;54;?;-417.0
854.0;58;-206.0;38;-38;310.0;58;?;-414.0
856.0;49;?;110;?;310.0;49;-427.0;-412.0
858.0;141;-787.0;144;?;312.0;141;-423.0;-408.0
862.0;200;?;100;-100;314.0;?;-420.0;-406.0
?;126;166.0;299;-299;319.0;126;-419.0;-406.0
867.0;94;475.0;654;?;327.0;94;-422.0;-409.0
867.0;151;329.0;?;-959;335.0;151;?;-412.0
867.0;?;197.0;?;-1550;341.0;?;-431.0;-413.0
868.0;416;408.0;2329;-2329;347.0;416;-432.0;-414.0
869.0;830;675.0;2909;-2909;352.0;830;-434.0;-417.0
869.0;1156;660.0;3689;-3689;?;1156;-436.0;-420.0
?;1348;496.0;3586;-3586;?;1348;-434.0;?
?;1620;279.0;?;-2938;367.0;1620;-433.0;-422.0
?;1447;?;2442;-2442;377.0;1447;?;-419.0
877.0;638;?;82;-82;?;638;-428.0;?
881.0;?;148.0;?;?;?;?;-423.0;-422.0
886.0;-206;53.0;-1148;1148;403.0;-206;-416.0;-427.0
891.0;-898;?;?;2214;409.0;-898;-407.0;-434.0
?;?;-74.0;-3324;3324;417.0;-1353;-399.0;-435.0
899.0;-1702;-2.0;-3496;3496;427.0;-1702;-393.0;?
903.0;-2164;117.0;-3570;3570;435.0;?;-389.0;-439.0
?;?;142.0;-2370;2370;443.0;-2703;-387.0;-440.0
903.0;-4110;93.0;-1661;1661;451.0;-4110;-387.0;-440.0
902.0;-2710;70.0;-1289;1289;?;-2710;-388.0;-441.0
900.0;439;244.0;?;-128;467.0;439;-388.0;-443.0
892.0;?;179.0;-121;121;474.0;-468;-388.0;-448.0
888.0;-730;-49.0;-237;237;479.0;-730;-384.0;?
890.0;294;?;215;-215;485.0;294;-381.0;-459.0
892.0;-197;134.0;-101;?;491.0;-197;-382.0;-464.0
?;15;?;41;-41;498.0;15;-384.0;-471.0
891.0;?;-351.0;?;32;?;31;-385.0;?
888.0;-60;-380.0;-117;117;514.0;-60;-388.0;-484.0
882.0;77;-319.0;8;?;523.0;77;-396.0;?
876.0;?;?;67;-67;531.0;?;-404.0;-501.0
872.0;15;-307.0;?;-89;?;?;-407.0;-509.0
868.0;14;-393.0;15;-15;?;14;-409.0;?
865.0;-17;-480.0;-9;?;554.0;?;?;-523.0
861.0;74;-642.0;-41;41;?;74;-417.0;-530.0
?;151;-770.0;-6;6;568.0;?;-417.0;-537.0
857.0;?;-684.0;?;75;573.0;45;-414.0;-547.0
858.0;19;-558.0;?;?;578.0;?;-409.0;-556.0
859.0;57;-556.0;?;-110;?;57;-407.0;-561.0
856.0;-4;-599.0;106;-106;588.0;-4;-414.0;-564.0
855.0;?;-629.0;?;-39;591.0;?;?;-565.0
?;-47;-385.0;99;?;594.0;-47;-414.0;-564.0
857.0;-60;-533.0;?;-311;594.0;-60;-412.0;-563.0
858.0;-235;?;621;-621;?;?;?;-559.0
859.0;-650;-249.0;?;?;602.0;-650;-401.0;-549.0
863.0;-1078;-58.0;808;-808;611.0;-1078;-395.0;-541.0
869.0;-1668;206.0;?;-1082;617.0;-1668;-386.0;-536.0
874.0;-2148;?;?;?;622.0;-2148;-377.0;-535.0
878.0;-2511;326.0;1455;-1455;?;-2511;-370.0;-533.0
884.0;-2919;270.0;1689;-1689;631.0;-2919;-363.0;-532.0
891.0;?;331.0;?;-1553;634.0;-2916;-354.0;-530.0
?;-2539;?;1214;-1214;637.0;-2539;-338.0;-528.0
904.0;-1648;?;409;-409;632.0;-1648;-344.0;-521.0
895.0;?;-486.0;-836;836;629.0;-49;-359.0;-512.0
892.0;797;-303.0;?;1526;629.0;797;-372.0;?
887.0;466;69.0;-989;989;628.0;466;-385.0;-499.0
877.0;?;?;-157;157;627.0;125;-401.0;?
?;-82;-225.0;-41;41;?;-82;-417.0;-506.0
858.0;-58;-109.0;-29;?;?;-58;?;-517.0
843.0;-2;?;64;-64;?;?;-462.0;?
819.0;-82;21.0;-26;26;631.0;-82;-496.0;-535.0
800.0;-38;?;?;3;632.0;?;-525.0;-548.0
?;?;290.0;?;-30;633.0;-32;-557.0;-558.0
759.0;?;531.0;-24;?;631.0;-57;-582.0;-570.0
754.0;?;147.0;11;-11;?;-86;-586.0;?
758.0;-59;483.0;10;-10;624.0;-59;-576.0;-580.0
765.0;?;328.0;-42;42;625.0;-5;?;-584.0
?;?;15.0;?;33;625.0;8;?;-585.0
767.0;27;-33.0;-50;?;626.0;27;?;-590.0
?;0;?;-46;?;630.0;?;-575.0;-596.0
766.0;?;-103.0;-8;?;637.0;13;-578.0;-601.0
764.0;21;?;-13;?;?;?;-583.0;-607.0
766.0;13;-579.0;-56;56;649.0;13;-583.0;-612.0
?;94;-621.0;-49;49;656.0;94;-583.0;-618.0
?;115;-1161.0;21;-21;664.0;115;-583.0;?
?;?;-1194.0;1;-1;672.0;68;-588.0;-629.0
?;91;-1265.0;-51;51;679.0;91;-589.0;?
789.0;51;-1408.0;-9;9;686.0;51;?;-640.0
780.0;?;-1159.0;-3;3;?;?;-603.0;-644.0
769.0;55;-2188.0;-32;32;?;55;-620.0;?
761.0;22;-2568.0;50;-50;702.0;?;-630.0;-651.0
755.0;?;-2639.0;132;-132;707.0;119;-638.0;-655.0
754.0;77;-1828.0;?;-186;710.0;77;-640.0;-659.0
755.0;578;265.0;439;-439;713.0;578;-627.0;?
747.0;748;?;1055;-1055;714.0;748;-600.0;-668.0
710.0;?;?;1322;-1322;?;1811;-566.0;-670.0
659.0;3563;5077.0;1094;?;721.0;3563;-536.0;?
612.0;184;?;?;-1683;724.0;?;?;-670.0
578.0;?;3631.0;2748;-2748;725.0;-4556;-486.0;-671.0
562.0;-4919;2623.0;2977;-2977;726.0;-4919;?;-671.0
556.0;-3364;1798.0;?;?;730.0;-3364;?;-666.0
555.0;?;1079.0;581;-581;731.0;?;-472.0;-662.0
?;?;?;-1106;1106;727.0;-1519;-470.0;-660.0
544.0;?;185.0;-1839;1839;725.0;?;-459.0;-658.0
?;?;-222.0;-2216;2216;?;-3112;-446.0;-655.0
530.0;-3747;?;?;2099;720.0;-3747;?;-651.0
520.0;-4148;?;-2193;2193;717.0;-4148;-417.0;-647.0
511.0;-4001;-891.0;-2303;2303;716.0;-4001;-402.0;-642.0
?;?;-957.0;-2420;2420;716.0;-3162;-386.0;-636.0
497.0;-2373;-1011.0;-3188;3188;716.0;-2373;-374.0;-631.0
498.0;-543;-1052.0;102;-102;715.0;-543;-369.0;-628.0
506.0;?;-966.0;2419;-2419;714.0;557;-370.0;?
?;477;-617.0;2354;-2354;713.0;?;-373.0;-621.0
?;1483;-287.0;4404;?;713.0;1483;-374.0;-617.0
526.0;2141;-144.0;2427;-2427;?;2141;-370.0;-613.0
?;2224;-104.0;370;-370;?;2224;?;-610.0
524.0;1329;-190.0;335;-335;713.0;1329;-364.0;-606.0
525.0;89;-401.0;?;388;713.0;89;-358.0;-602.0
527.0;?;-249.0;54;-54;712.0;?;-356.0;-598.0
528.0;184;-299.0;-23;23;711.0;184;-356.0;?
?;74;-319.0;-11;11;?;74;-355.0;-588.0
522.0;?;?;?;?;709.0;183;-353.0;-584.0
517.0;147;-128.0;220;-220;?;?;-350.0;-582.0
519.0;?;204.0;316;-316;706.0;201;?;-582.0
?;217;282.0;409;-409;703.0;217;-370.0;?
516.0;150;273.0;350;?;699.0;150;?;-577.0
506.0;223;?;293;-293;698.0;223;-374.0;-575.0
496.0;132;1110.0;272;-272;?;132;-375.0;-571.0
482.0;77;1344.0;294;-294;692.0;?;-369.0;-566.0
461.0;112;1411.0;?;-413;688.0;112;-358.0;-560.0
439.0;38;1230.0;515;-515;683.0;38;-344.0;-554.0
416.0;85;1107.0;635;-635;679.0;85;-327.0;-546.0
400.0;67;?;891;-891;?;67;-310.0;-537.0
?;113;1128.0;1120;-1120;?;?;-296.0;-529.0
?;147;1014.0;1142;-1142;664.0;?;-285.0;-524.0
366.0;362;864.0;1546;?;660.0;362;-275.0;?
359.0;285;454.0;?;-1420;?;285;-265.0;-510.0
354.0;?;118.0;1237;-1237;654.0;149;?;-503.0
?;2040;-149.0;3513;?;652.0;2040;-240.0;-498.0
347.0;3543;-327.0;4637;?;650.0;?;-225.0;-492.0
?;1596;?;1590;-1590;647.0;1596;-212.0;-485.0
342.0;-554;-670.0;-1124;1124;?;-554;?;-480.0
338.0;-776;?;-1459;?;?;-776;-197.0;-477.0
332.0;-830;-827.0;-1536;1536;?;-830;-193.0;-474.0
327.0;-1319;-832.0;-2148;?;?;?;-189.0;?
?;?;-878.0;?;?;?;-1916;-186.0;-468.0
312.0;-2271;-887.0;-3433;3433;610.0;?;?;-462.0
303.0;-2629;-643.0;-3471;3471;606.0;-2629;-163.0;-449.0
289.0;-2867;?;-3180;3180;603.0;-2867;-138.0;-439.0
267.0;-2639;420.0;?;?;601.0;-2639;-120.0;-428.0
?;-2560;143.0;-3149;?;601.0;-2560;-106.0;?
246.0;?;?;-3855;3855;?;-1266;-98.0;?
246.0;185;-310.0;?;4614;?;185;?;?
249.0;?;-118.0;?;4655;595.0;2518;-88.0;-387.0
?;4314;?;?;2234;593.0;4314;-80.0;-379.0
245.0;?;-42.0;1750;-1750;592.0;1240;-74.0;-373.0
241.0;-202;-147.0;1886;-1886;592.0;-202;-68.0;?
239.0;?;-69.0;?;-160;593.0;1122;-63.0;-367.0
238.0;1264;-41.0;430;-430;596.0;?;-59.0;-366.0
?;1242;-22.0;455;-455;600.0;?;-57.0;-366.0
246.0;620;?;?;95;604.0;620;-57.0;-367.0
253.0;71;59.0;-29;29;609.0;71;-59.0;-369.0
259.0;14;?;71;?;612.0;14;-64.0;-373.0
267.0;-24;-24.0;96;-96;?;-24;-72.0;?
274.0;-16;14.0;146;?;620.0;-16;-81.0;-388.0
282.0;-21;165.0;?;-66;?;-21;?;-398.0
299.0;33;262.0;?;-125;631.0;33;-112.0;?
?;?;115.0;121;-121;633.0;7;-142.0;-427.0
?;2;-156.0;?;?;635.0;2;-172.0;-441.0
?;64;-351.0;31;?;?;64;-193.0;-454.0
366.0;59;-77.0;87;-87;647.0;59;-207.0;-465.0
375.0;?;210.0;179;?;650.0;49;-220.0;-480.0
379.0;?;251.0;191;-191;649.0;42;-231.0;-496.0
378.0;?;197.0;248;-248;653.0;55;-241.0;-510.0
?;234;?;561;-561;662.0;234;-245.0;?
385.0;?;307.0;1940;?;669.0;479;-255.0;-539.0
403.0;996;?;2683;-2683;?;996;-268.0;?
425.0;1789;506.0;?;-4812;?;?;?;-565.0
?;2248;357.0;7750;?;688.0;2248;?;-576.0
464.0;2788;120.0;6571;?;694.0;2788;-329.0;-586.0
480.0;3227;-295.0;6072;-6072;701.0;?;?;?
497.0;1791;-814.0;?;-1836;708.0;1791;-361.0;?
?;153;-1057.0;-4033;4033;714.0;153;?;-610.0
534.0;-673;?;?;2685;719.0;?;?;-616.0
556.0;-1981;-1454.0;-2515;?;723.0;-1981;-396.0;-620.0
579.0;?;-1595.0;-4191;4191;?;-1745;-406.0;-627.0
?;-791;-1752.0;-5204;5204;724.0;-791;-416.0;-635.0
?;-1047;-1939.0;-5462;5462;723.0;-1047;-427.0;-646.0
628.0;-1583;-1733.0;-5300;5300;724.0;-1583;-437.0;-653.0
643.0;-1525;-916.0;-5256;5256;724.0;-1525;?;?
655.0;-2108;85.0;-3598;3598;?;-2108;-454.0;-661.0
668.0;-3551;678.0;-3100;3100;735.0;-3551;-463.0;-661.0
681.0;-775;902.0;-525;525;738.0;-775;-474.0;-661.0
693.0;3047;?;3550;?;737.0;3047;-485.0;?
700.0;?;399.0;2461;-2461;?;2489;-500.0;-668.0
702.0;1199;264.0;-84;84;734.0;1199;?;-670.0
706.0;667;171.0;-112;112;734.0;667;-523.0;-671.0
?;?;925.0;6660;-6660;?;?;-555.0;-674.0
?;3846;?;5877;-5877;716.0;3846;-558.0;-673.0
?;3509;?;5111;-5111;716.0;3509;-555.0;-673.0
735.0;999;?;-442;442;?;999;?;-673.0
738.0;-812;?;?;?;714.0;-812;-546.0;-674.0
744.0;?;-7.0;-2637;2637;?;?;-542.0;-673.0
?;-795;-304.0;?;2810;711.0;?;-541.0;?
?;-1530;?;-2384;2384;712.0;-1530;?;-678.0
764.0;-2423;-1383.0;-4159;4159;710.0;-2423;-538.0;-681.0
765.0;?;?;?;?;709.0;-2853;-541.0;-683.0
769.0;-2733;-1774.0;-4502;4502;?;-2733;-539.0;-686.0
772.0;-3629;-1044.0;-4474;4474;707.0;-3629;-536.0;?
775.0;-3605;-245.0;-3954;3954;709.0;-3605;-532.0;?
778.0;-3391;?;-4330;4330;711.0;?;-530.0;-678.0
779.0;-3127;710.0;?;2377;711.0;-3127;-530.0;?
?;413;965.0;2755;?;?;413;-534.0;?
?;?;?;?;?;709.0;1076;?;-678.0
779.0;924;973.0;4452;-4452;709.0;924;?;-678.0
536.0;?;575.0;?;-2284;755.0;16;?;-629.0
525.0;-328;?;1748;-1748;753.0;?;-575.0;-630.0
?;-360;-66.0;94;-94;753.0;-360;-583.0;-631.0
?;?;?;-1643;1643;753.0;690;-585.0;-631.0
506.0;?;-246.0;-3739;3739;?;2041;-572.0;-625.0
502.0;2122;-175.0;-4566;4566;759.0;2122;-560.0;-624.0
500.0;1266;-366.0;-2834;2834;758.0;1266;-548.0;-622.0
497.0;454;?;-2048;2048;760.0;?;-536.0;-618.0
499.0;-181;-142.0;?;1526;761.0;-181;-533.0;-614.0
504.0;-402;-200.0;-817;817;?;-402;-536.0;-611.0
507.0;?;-152.0;-1014;1014;?;-370;-537.0;-606.0
509.0;-333;-286.0;-892;892;769.0;-333;-541.0;?
515.0;-118;-250.0;-871;871;773.0;-118;-540.0;-595.0
519.0;-36;-192.0;-796;796;776.0;-36;-538.0;-590.0
?;-66;?;?;743;778.0;?;-540.0;-586.0
524.0;-62;167.0;?;669;780.0;?;-542.0;-582.0
527.0;-128;?;-505;505;781.0;-128;-551.0;-579.0
527.0;-128;76.0;-510;510;783.0;-128;-557.0;-575.0
524.0;-101;178.0;-124;124;784.0;-101;-564.0;-571.0
?;-65;146.0;43;-43;786.0;-65;-565.0;-567.0
515.0;-2;362.0;?;28;786.0;?;-563.0;-564.0
513.0;0;369.0;18;-18;788.0;0;-566.0;?
510.0;?;237.0;-29;29;788.0;1;-569.0;-560.0
508.0;?;168.0;-15;15;788.0;?;-569.0;-559.0
507.0;-13;156.0;-9;9;789.0;-13;-565.0;-559.0
507.0;-27;156.0;-9;9;789.0;-27;-561.0;-560.0
508.0;?;146.0;-3;3;789.0;-1;-560.0;?
508.0;9;?;4;-4;790.0;9;-557.0;-560.0
509.0;?;137.0;?;?;790.0;16;-552.0;-560.0
512.0;-2;172.0;?;?;?;-2;-545.0;-561.0
518.0;-9;238.0;10;-10;790.0;?;?;-560.0
526.0;0;271.0;-9;9;790.0;0;-533.0;-560.0
536.0;-39;252.0;?;-26;791.0;-39;?;-560.0
546.0;-51;318.0;35;-35;?;-51;-519.0;-561.0
555.0;-23;436.0;-13;13;?;-23;-509.0;-562.0
562.0;-15;?;23;-23;790.0;?;?;-563.0
571.0;5;147.0;1;-1;790.0;5;-491.0;-563.0
581.0;-14;91.0;-8;8;?;-14;-486.0;-564.0
592.0;-40;-169.0;29;-29;788.0;-40;-485.0;?
604.0;?;-642.0;?;-10;787.0;-19;?;?
618.0;-26;-901.0;?;?;786.0;-26;-481.0;-568.0
633.0;-27;-1083.0;49;-49;786.0;?;-481.0;-569.0
?;2;-983.0;14;?;785.0;2;-480.0;-569.0
658.0;-1;-1045.0;8;-8;785.0;-1;?;?
?;-24;-1190.0;4;-4;785.0;-24;-482.0;-571.0
?;?;-1224.0;28;-28;784.0;-36;?;-572.0
689.0;?;-745.0;34;-34;784.0;-23;-480.0;?
692.0;-4;-177.0;-13;?;783.0;-4;-473.0;-575.0
692.0;-26;109.0;?;-34;782.0;-26;-468.0;-576.0
692.0;?;201.0;31;-31;782.0;-32;?;-577.0
695.0;?;153.0;?;-32;782.0;-2;-465.0;-577.0
697.0;-12;-46.0;61;-61;782.0;-12;?;?
698.0;-56;-248.0;?;35;783.0;-56;-461.0;-577.0
700.0;-61;-103.0;-46;46;784.0;-61;?;-577.0
703.0;?;-4.0;1;-1;786.0;-28;-445.0;?
?;?;-16.0;-25;25;?;-39;-440.0;?
705.0;?;-37.0;-30;?;790.0;-53;-433.0;-571.0
708.0;-18;-102.0;-24;24;793.0;-18;-427.0;-569.0
711.0;?;-13.0;?;?;796.0;?;-421.0;?
?;?;-52.0;2;-2;?;-41;?;-563.0
715.0;4;-86.0;5;-5;?;4;-406.0;-561.0
717.0;?;-167.0;-13;?;803.0;11;-400.0;-559.0
?;-5;-323.0;-32;32;804.0;-5;-395.0;-558.0
?;7;?;-53;53;804.0;?;-389.0;-558.0
725.0;-13;-199.0;-16;?;805.0;-13;-384.0;-558.0
726.0;-5;?;7;-7;805.0;?;-381.0;?
728.0;29;?;-38;?;807.0;29;-378.0;-556.0
729.0;-19;-88.0;?;-6;808.0;-19;-376.0;-555.0
729.0;-41;-48.0;?;-26;808.0;-41;-375.0;-556.0
729.0;-13;-17.0;?;39;?;-13;?;-556.0
?;?;?;-35;35;807.0;?;?;?
728.0;24;-59.0;-18;18;807.0;24;-373.0;?
728.0;47;-25.0;-2;2;806.0;?;-374.0;-559.0
727.0;28;?;-42;42;?;28;-375.0;-560.0
726.0;?;?;-35;35;805.0;?;-376.0;?
726.0;4;24.0;39;-39;804.0;?;-377.0;?
725.0;4;-1.0;?;-11;803.0;4;-378.0;-564.0
725.0;23;-22.0;16;-16;803.0;23;-380.0;-565.0
724.0;-6;-13.0;32;-32;802.0;-6;-381.0;?
?;21;7.0;?;-8;802.0;21;-382.0;-566.0
?;45;33.0;23;-23;801.0;45;-383.0;-567.0
728.0;17;62.0;3;-3;?;17;-385.0;-567.0
728.0;?;127.0;-24;?;800.0;36;-387.0;-567.0
728.0;22;116.0;-2;2;800.0;22;-389.0;-568.0
727.0;22;13.0;-14;14;799.0;?;-392.0;?
726.0;?;17.0;?;-27;799.0;?;-395.0;-569.0
725.0;?;-31.0;50;?;798.0;38;-397.0;-571.0
724.0;55;-77.0;-4;4;797.0;55;-400.0;-572.0
725.0;1;-99.0;-3;3;797.0;?;-401.0;-572.0
725.0;?;-32.0;-22;22;797.0;8;-402.0;-573.0
726.0;-29;42.0;?;-2;797.0;-29;-403.0;-573.0
727.0;?;81.0;?;-3;797.0;-43;?;-572.0
?;13;39.0;-36;?;798.0;13;-406.0;?
727.0;?;1.0;?;24;798.0;-15;-406.0;?
?;?;-10.0;-36;36;798.0;?;?;-573.0
?;15;2.0;24;-24;797.0;?;-406.0;-574.0
727.0;17;-16.0;39;-39;797.0;17;-405.0;-574.0
727.0;14;-4.0;-22;22;797.0;?;-405.0;-574.0
727.0;22;-12.0;?;5;797.0;22;-405.0;-574.0
727.0;?;?;7;-7;797.0;?;-405.0;-575.0
?;46;27.0;?;10;797.0;46;-405.0;?
729.0;5;71.0;-5;5;797.0;?;-405.0;-575.0
?;-3;?;22;-22;797.0;-3;?;-574.0
731.0;13;?;?;?;798.0;?;-407.0;?
730.0;30;251.0;-24;24;798.0;30;-408.0;-574.0
?;?;296.0;-13;?;798.0;?;-410.0;-573.0
725.0;64;265.0;-20;20;799.0;?;?;-573.0
721.0;32;354.0;-20;20;?;32;-414.0;-573.0
715.0;34;503.0;3;?;?;?;-416.0;-573.0
709.0;29;?;40;?;799.0;?;-418.0;-571.0
703.0;7;705.0;29;-29;800.0;7;?;-570.0
696.0;26;656.0;-31;31;800.0;26;?;-569.0
689.0;21;661.0;-23;23;800.0;21;-435.0;?
680.0;19;643.0;0;0;800.0;19;-442.0;?
?;33;553.0;-7;7;800.0;33;-450.0;?
661.0;21;425.0;-2;2;800.0;21;?;?
?;7;301.0;?;?;799.0;?;-466.0;-570.0
640.0;34;291.0;-36;36;797.0;?;-474.0;?
629.0;51;?;12;-12;795.0;51;-485.0;-574.0
618.0;-7;-16.0;-3;3;794.0;-7;?;-575.0
606.0;10;-136.0;-32;32;794.0;10;-507.0;-575.0
?;?;?;-38;38;794.0;32;-516.0;-575.0
582.0;-15;-114.0;-65;65;793.0;-15;-528.0;?
575.0;3;-25.0;-48;48;792.0;3;-537.0;-576.0
570.0;?;95.0;-22;22;791.0;?;?;-576.0
564.0;-22;?;-36;36;?;-22;-556.0;?
559.0;-6;41.0;-44;44;789.0;-6;-563.0;-574.0
554.0;-4;13.0;?;30;789.0;-4;?;-573.0
548.0;?;108.0;-35;35;788.0;?;-575.0;-571.0
541.0;-4;4.0;-38;38;?;-4;-581.0;-569.0
535.0;?;?;19;-19;786.0;5;-587.0;-566.0
530.0;2;30.0;?;-38;785.0;2;?;-564.0
525.0;?;-69.0;-24;24;786.0;-4;-591.0;-562.0
523.0;9;-29.0;-36;36;784.0;?;-587.0;-560.0
526.0;?;72.0;?;?;783.0;-5;?;?
531.0;-9;-775.0;10;-10;783.0;?;-583.0;-558.0
538.0;28;-114.0;?;13;?;28;-567.0;-556.0
547.0;?;401.0;-33;33;787.0;-4;-569.0;?
551.0;?;95.0;?;6;790.0;-38;-570.0;?
554.0;?;181.0;18;-18;793.0;-8;-566.0;-548.0
558.0;-14;308.0;27;?;795.0;-14;-561.0;-546.0
558.0;-42;88.0;42;?;797.0;-42;-560.0;-544.0
560.0;?;172.0;-13;13;?;?;-554.0;-541.0
563.0;-12;209.0;?;-6;801.0;?;-552.0;-539.0
565.0;8;?;?;-52;?;8;?;-537.0
568.0;-6;341.0;10;-10;?;-6;-550.0;-535.0
569.0;6;145.0;17;-17;806.0;6;-551.0;-533.0
569.0;35;141.0;23;-23;807.0;35;-550.0;?
571.0;22;?;3;-3;809.0;22;-548.0;-530.0
575.0;?;147.0;19;-19;809.0;-5;-547.0;?
578.0;21;-105.0;5;-5;?;21;-548.0;-528.0
582.0;33;-239.0;-25;?;810.0;?;-545.0;?
586.0;-12;-166.0;?;24;810.0;-12;-542.0;-526.0
?;?;-101.0;-31;31;811.0;1;?;-525.0
592.0;47;-92.0;?;39;?;47;-539.0;-524.0
595.0;12;-205.0;-47;47;813.0;12;-536.0;-523.0
600.0;19;-253.0;-17;17;814.0;19;?;-521.0
608.0;20;-375.0;17;-17;815.0;20;-527.0;-520.0
?;-24;?;-3;3;?;?;-527.0;-518.0
616.0;46;-214.0;50;-50;819.0;46;?;-516.0
?;?;-107.0;125;-125;?;?;-534.0;?
600.0;-7;-311.0;78;-78;?;?;?;-511.0
?;?;-105.0;9;-9;?;69;-541.0;?
568.0;20;-106.0;-61;61;824.0;?;-542.0;-504.0
559.0;-59;44.0;-63;?;823.0;-59;-546.0;-499.0
?;30;237.0;?;-122;?;30;-548.0;-494.0
547.0;-40;289.0;343;-343;821.0;?;-549.0;-490.0
?;-30;395.0;581;-581;820.0;?;?;-485.0
540.0;-528;110.0;505;-505;820.0;?;-545.0;-479.0
?;-264;245.0;-83;83;820.0;-264;-540.0;-474.0
536.0;1746;-53.0;-852;852;819.0;?;-536.0;-469.0
536.0;?;?;-1441;1441;822.0;2443;-535.0;-461.0
539.0;1658;-329.0;?;872;?;1658;?;-454.0
542.0;697;-371.0;640;-640;828.0;697;-523.0;-448.0
546.0;-237;-214.0;842;-842;832.0;-237;?;-444.0
?;-253;-27.0;68;-68;833.0;?;-516.0;-443.0
551.0;-63;6.0;-16;16;837.0;-63;-517.0;-440.0
?;-330;48.0;211;-211;840.0;-330;-521.0;-438.0
555.0;-481;88.0;674;-674;842.0;?;?;-437.0
?;-348;123.0;-193;193;?;-348;-521.0;?
552.0;-110;91.0;-945;945;847.0;?;-519.0;-434.0
?;?;-73.0;12;?;849.0;90;-516.0;-435.0
554.0;?;?;-5;5;?;18;-513.0;-436.0
554.0;?;-53.0;-159;159;?;-137;-508.0;-437.0
556.0;-187;-9.0;45;-45;853.0;-187;-505.0;?
559.0;-134;-72.0;-113;?;?;-134;-502.0;?
561.0;-42;-119.0;-52;52;856.0;?;-498.0;-443.0
565.0;-24;-118.0;-43;43;858.0;?;-494.0;-445.0
569.0;-48;-216.0;?;87;859.0;-48;-489.0;-447.0
?;-70;?;-115;115;860.0;?;-482.0;-449.0
?;6;-86.0;-9;?;861.0;6;-473.0;-450.0
712.0;?;-45.0;32;?;838.0;23;-531.0;-497.0
712.0;34;-63.0;47;-47;837.0;34;-532.0;-500.0
713.0;?;-95.0;18;-18;837.0;?;-533.0;-501.0
713.0;-7;-62.0;23;?;837.0;-7;?;-502.0
714.0;?;-69.0;8;-8;?;?;-536.0;-501.0
715.0;7;?;-1;?;?;?;-538.0;?
716.0;-1;-407.0;?;-26;839.0;-1;-540.0;-497.0
716.0;?;-411.0;15;-15;841.0;-28;-538.0;-494.0
?;-31;-335.0;29;-29;840.0;-31;-537.0;-494.0
?;4;-469.0;-14;?;839.0;4;-534.0;-495.0
716.0;29;-482.0;-31;31;840.0;29;-531.0;-494.0
?;5;-279.0;48;?;?;5;-528.0;-491.0
?;-24;-183.0;?;?;843.0;-24;-525.0;-490.0
722.0;-2;-267.0;36;-36;844.0;-2;-523.0;-489.0
722.0;2;-243.0;44;-44;845.0;2;-521.0;-489.0
?;-22;?;25;?;846.0;?;-517.0;-488.0
724.0;-24;-36.0;52;-52;847.0;-24;-514.0;-487.0
723.0;-24;?;47;?;848.0;-24;-515.0;-487.0
721.0;-1;?;?;-36;848.0;-1;-515.0;-487.0
720.0;?;-93.0;40;-40;849.0;?;-513.0;-488.0
718.0;-17;-80.0;30;-30;849.0;-17;-513.0;-489.0
717.0;4;-171.0;24;-24;?;4;?;-489.0
715.0;?;-135.0;2;-2;849.0;22;-512.0;-491.0
715.0;-14;-72.0;-3;3;849.0;-14;-511.0;-492.0
714.0;11;-43.0;19;-19;848.0;11;-510.0;-494.0
712.0;7;-46.0;?;12;848.0;?;?;?
712.0;0;?;-20;20;847.0;0;-511.0;-498.0
711.0;?;-10.0;-19;19;846.0;?;-512.0;?
709.0;4;27.0;-30;30;845.0;4;?;-501.0
708.0;-4;31.0;15;-15;844.0;?;-513.0;-503.0
707.0;-6;43.0;15;-15;843.0;-6;-514.0;?
707.0;8;95.0;-2;2;?;8;-514.0;-507.0
707.0;-11;108.0;22;-22;840.0;-11;-516.0;-509.0
706.0;?;95.0;20;-20;839.0;?;-517.0;-511.0
705.0;-23;123.0;-19;?;838.0;-23;-517.0;-513.0
704.0;-33;?;-43;43;838.0;-33;-518.0;-513.0
703.0;-44;?;?;17;837.0;-44;-518.0;?
?;-46;?;11;-11;837.0;-46;-517.0;-514.0
?;-38;100.0;-31;?;836.0;-38;?;-514.0
704.0;?;?;-37;37;836.0;-19;-520.0;-515.0
704.0;?;58.0;-38;38;835.0;-2;-521.0;?
?;6;71.0;-74;74;835.0;?;-523.0;-515.0
702.0;4;65.0;-4;4;835.0;4;-523.0;-515.0
702.0;20;52.0;15;-15;835.0;20;-524.0;-516.0
702.0;22;87.0;-30;30;834.0;22;?;-516.0
703.0;?;56.0;-35;35;834.0;2;-521.0;-517.0
706.0;?;145.0;?;53;834.0;7;-518.0;-517.0
709.0;8;44.0;-21;21;?;8;-517.0;-518.0
712.0;?;-114.0;20;-20;832.0;?;-516.0;-519.0
714.0;20;-295.0;-6;6;?;?;-515.0;?
717.0;28;-423.0;-28;?;830.0;28;-513.0;-520.0
721.0;27;?;-20;20;829.0;27;-513.0;-521.0
724.0;?;-312.0;-13;13;827.0;15;-514.0;?
?;?;-255.0;-21;21;826.0;-12;-516.0;-524.0
729.0;-13;-151.0;-36;36;825.0;-13;?;?
729.0;-26;-73.0;?;13;823.0;-26;-526.0;-525.0
728.0;-33;64.0;7;-7;821.0;-33;?;-526.0
728.0;-23;339.0;-33;33;?;-23;-537.0;-528.0
727.0;-13;541.0;-22;22;817.0;-13;-542.0;-529.0
726.0;31;693.0;19;-19;815.0;31;-547.0;-530.0
724.0;27;607.0;-22;22;813.0;27;-553.0;-532.0
?;?;538.0;-18;?;810.0;-24;-560.0;-534.0
719.0;-33;453.0;10;?;?;-33;-566.0;-535.0
716.0;?;382.0;-4;4;806.0;-22;-573.0;-537.0
712.0;-4;257.0;17;-17;804.0;-4;?;-539.0
?;?;602.0;28;-28;801.0;8;?;-541.0
701.0;-6;59.0;28;-28;799.0;-6;-588.0;-542.0
701.0;16;-161.0;?;-17;797.0;16;-592.0;-544.0
?;37;?;-13;?;795.0;37;-595.0;-546.0
697.0;?;35.0;?;24;?;1;-598.0;-548.0
695.0;5;44.0;-23;23;791.0;?;-599.0;-550.0
696.0;38;?;-22;22;790.0;38;-601.0;-550.0
696.0;3;145.0;-36;36;790.0;3;-601.0;-552.0
695.0;-42;201.0;-49;?;791.0;-42;?;-552.0
692.0;-1;320.0;?;38;791.0;-1;-599.0;-552.0
686.0;?;?;-9;9;791.0;65;?;-554.0
680.0;89;300.0;16;?;790.0;89;?;-555.0
675.0;85;326.0;24;?;789.0;85;?;-557.0
668.0;54;212.0;45;-45;788.0;?;-602.0;-560.0
662.0;33;?;59;-59;786.0;33;?;-565.0
?;59;-95.0;43;?;783.0;59;-603.0;-571.0
648.0;67;122.0;86;-86;781.0;67;?;-578.0
640.0;57;224.0;119;?;779.0;57;-597.0;-584.0
?;?;144.0;84;-84;777.0;140;-596.0;-591.0
626.0;272;231.0;214;-214;775.0;?;-594.0;-596.0
619.0;284;200.0;?;-396;773.0;284;-593.0;-600.0
614.0;234;121.0;431;-431;?;234;-594.0;-602.0
610.0;?;?;456;-456;771.0;198;?;?
606.0;?;-172.0;507;-507;770.0;?;-595.0;?
603.0;-28;-208.0;445;-445;770.0;-28;-594.0;-605.0
?;?;-241.0;?;?;770.0;-83;?;-605.0
599.0;-86;?;228;-228;769.0;?;-586.0;?
?;?;-393.0;?;-253;770.0;?;-584.0;-603.0
?;-169;?;194;-194;771.0;-169;-582.0;?
?;?;-238.0;178;-178;772.0;?;-578.0;-599.0
593.0;?;-68.0;119;-119;773.0;-264;-574.0;-597.0
590.0;?;?;88;-88;774.0;-334;-570.0;-594.0
590.0;?;79.0;160;-160;776.0;?;-567.0;-590.0
589.0;-568;102.0;239;?;778.0;-568;-566.0;-586.0
?;-566;250.0;302;-302;781.0;-566;-563.0;-581.0
?;-492;238.0;300;-300;?;-492;-561.0;-577.0
580.0;-352;244.0;?;?;788.0;-352;-559.0;-570.0
576.0;-192;290.0;125;-125;792.0;?;?;-564.0
575.0;-196;?;?;-110;795.0;-196;-563.0;-557.0
572.0;-148;45.0;?;-92;798.0;-148;-564.0;-550.0
569.0;7;?;7;-7;801.0;7;?;-544.0
564.0;-1;-43.0;-5;5;804.0;-1;-561.0;-537.0
?;-44;-265.0;?;29;805.0;-44;-558.0;-532.0
557.0;-87;-15.0;?;126;806.0;-87;-552.0;-527.0
?;?;108.0;-193;?;807.0;-113;-546.0;-522.0
554.0;-56;173.0;?;187;807.0;?;-537.0;-518.0
556.0;?;565.0;-125;?;808.0;-55;-532.0;-514.0
554.0;-53;?;?;101;?;?;-534.0;-510.0
559.0;-14;-305.0;-116;116;810.0;-14;-532.0;-506.0
561.0;2;-422.0;-56;56;810.0;?;-520.0;-503.0
?;?;?;47;-47;?;13;?;-501.0
560.0;43;41.0;69;-69;810.0;43;-505.0;-500.0
561.0;68;-205.0;169;-169;809.0;?;-506.0;-499.0
559.0;125;74.0;489;-489;810.0;125;-500.0;-499.0
558.0;229;229.0;797;-797;809.0;229;-497.0;?
556.0;?;202.0;977;?;809.0;283;?;?
553.0;415;341.0;1099;-1099;809.0;415;-498.0;-500.0
551.0;458;?;1176;?;808.0;458;-500.0;-502.0
?;?;392.0;1307;-1307;?;254;-501.0;-504.0
?;?;391.0;1642;-1642;806.0;87;-501.0;-507.0
544.0;-90;374.0;2099;-2099;805.0;-90;-502.0;-511.0
?;-280;362.0;2267;-2267;802.0;-280;-504.0;-516.0
539.0;-306;?;2465;-2465;799.0;-306;?;-523.0
538.0;?;6.0;2358;?;795.0;-772;-500.0;-531.0
542.0;-1293;-134.0;2099;-2099;789.0;-1293;-489.0;-540.0
?;-1281;-313.0;2197;?;?;?;-472.0;-551.0
566.0;-1418;-467.0;?;-1895;774.0;?;-451.0;-563.0
577.0;-1101;-629.0;2477;-2477;766.0;-1101;?;-575.0
586.0;-1762;-979.0;1410;-1410;?;-1762;-405.0;-586.0
?;-3968;?;-1348;1348;751.0;-3968;?;-595.0
601.0;-3925;-1609.0;?;1170;744.0;-3925;-368.0;-603.0
605.0;-1598;?;-1212;1212;738.0;?;-352.0;-610.0
608.0;159;-1479.0;-2279;?;733.0;?;-339.0;-615.0
618.0;176;?;-1688;1688;?;176;?;?
?;-221;-1185.0;-724;724;731.0;-221;-337.0;-618.0
647.0;?;-901.0;-232;232;732.0;?;-345.0;-616.0
658.0;-69;-392.0;-49;49;732.0;-69;-359.0;-614.0
663.0;-59;85.0;-102;102;731.0;-59;-371.0;-613.0
660.0;19;644.0;-107;107;731.0;19;?;-609.0
649.0;-14;1108.0;-35;35;731.0;-14;?;?
635.0;?;1458.0;-77;77;733.0;?;-383.0;-596.0
617.0;-25;1702.0;-73;73;737.0;-25;-377.0;?
594.0;?;1803.0;-44;44;739.0;?;-368.0;-572.0
569.0;3;1786.0;-47;47;739.0;3;?;-562.0
541.0;-7;1735.0;-38;38;738.0;-7;?;-554.0
509.0;?;1673.0;-55;55;736.0;-4;-324.0;-548.0
479.0;1;1574.0;-87;?;732.0;1;-309.0;-547.0
452.0;48;?;-54;54;728.0;48;-291.0;-545.0
438.0;?;?;-19;19;729.0;66;-281.0;-539.0
427.0;9;963.0;-53;53;?;9;?;-538.0
413.0;-31;296.0;-29;29;?;-31;?;?
398.0;-38;-84.0;16;-16;?;-38;-268.0;-535.0
?;-31;-411.0;5;-5;713.0;-31;-260.0;?
374.0;5;-604.0;26;-26;706.0;5;-248.0;-528.0
367.0;24;-668.0;8;-8;?;24;?;-524.0
361.0;49;-929.0;-54;?;691.0;49;-229.0;-517.0
351.0;?;?;26;-26;683.0;9;-217.0;?
340.0;79;-787.0;-72;72;676.0;79;-201.0;?
331.0;6;-603.0;104;-104;669.0;?;-187.0;-499.0
321.0;-27;-409.0;195;?;663.0;-27;-173.0;-495.0
314.0;79;-234.0;74;-74;?;79;-161.0;-490.0
307.0;?;-48.0;1604;-1604;651.0;117;-153.0;-487.0
300.0;1912;?;2385;-2385;647.0;1912;-147.0;-484.0
295.0;2437;-42.0;1773;-1773;641.0;2437;-144.0;?
?;3267;-177.0;757;-757;?;3267;-145.0;?
?;?;?;921;?;?;3075;-147.0;-463.0
281.0;-3245;-372.0;?;?;615.0;-3245;?;-454.0
272.0;?;-389.0;2055;-2055;600.0;?;-140.0;-442.0
261.0;-933;-449.0;?;?;583.0;-933;-132.0;-425.0
?;-1931;-481.0;225;-225;567.0;-1931;?;-403.0
228.0;?;-223.0;-2247;2247;546.0;-1899;-98.0;-385.0
203.0;-2878;54.0;-2880;2880;522.0;?;-76.0;-364.0
170.0;?;440.0;-2674;2674;500.0;?;-52.0;-344.0
?;-3968;748.0;?;2584;479.0;-3968;-27.0;?
89.0;-4381;1356.0;-2317;2317;?;-4381;2.0;-299.0
45.0;-3958;?;-2501;2501;437.0;-3958;?;-276.0
5.0;-2838;2309.0;-2679;2679;416.0;-2838;47.0;-252.0
-34.0;-1875;?;-3468;3468;394.0;-1875;65.0;-230.0
-72.0;?;2093.0;-2828;2828;?;-1257;86.0;-209.0
-115.0;?;?;251;-251;356.0;656;111.0;-190.0
-153.0;44;1839.0;?;-2100;340.0;44;?;-172.0
-184.0;?;1660.0;3109;-3109;323.0;-289;?;-152.0
?;2090;1361.0;?;-3726;304.0;2090;?;-131.0
-228.0;1081;1072.0;1352;-1352;286.0;1081;?;?
?;279;485.0;-561;561;?;279;223.0;?
-265.0;1034;-170.0;-127;127;257.0;1034;248.0;?
-277.0;392;-544.0;209;-209;?;392;?;-63.0
-282.0;22;-812.0;158;-158;234.0;22;?;-51.0
?;6;-1027.0;149;-149;222.0;6;297.0;-37.0
-282.0;-24;-1240.0;?;-198;212.0;?;305.0;-21.0
-286.0;49;-1373.0;242;-242;204.0;?;317.0;-6.0
-291.0;58;-1138.0;270;?;?;58;330.0;12.0
-286.0;14;-814.0;231;-231;196.0;14;334.0;25.0
-279.0;31;-651.0;165;-165;202.0;31;333.0;33.0
-277.0;37;-440.0;?;?;208.0;?;336.0;42.0
-277.0;43;?;109;-109;214.0;43;339.0;44.0
?;?;669.0;195;-195;?;-2;331.0;41.0
?;?;?;237;?;223.0;39;?;43.0
-293.0;?;1366.0;513;-513;221.0;96;337.0;44.0
-315.0;140;1253.0;925;-925;213.0;140;?;50.0
-339.0;355;1190.0;?;-1329;?;355;365.0;55.0
-362.0;?;1197.0;2471;?;196.0;784;373.0;58.0
-379.0;1528;1347.0;4577;?;191.0;1528;375.0;58.0
-392.0;2354;1379.0;6792;-6792;187.0;?;376.0;56.0
-403.0;?;1250.0;7467;?;184.0;3483;?;56.0
-413.0;3716;917.0;5552;?;183.0;3716;376.0;59.0
?;?;?;1505;-1505;184.0;1792;?;56.0
?;-247;324.0;-2553;2553;186.0;-247;380.0;51.0
-445.0;?;35.0;-3614;?;190.0;?;?;42.0
-449.0;-200;-133.0;-3000;3000;195.0;-200;386.0;32.0
-443.0;-815;-315.0;?;3548;196.0;-815;391.0;?
-435.0;-1891;-870.0;-4494;4494;198.0;-1891;387.0;4.0
?;-2056;?;-4679;4679;195.0;-2056;385.0;-5.0
-411.0;?;-1863.0;-4928;4928;191.0;-2890;379.0;-12.0
-390.0;-4055;-1666.0;-5127;5127;187.0;-4055;365.0;-10.0
-379.0;-3694;-1345.0;-4060;?;?;-3694;350.0;-14.0
-382.0;-4391;-649.0;-5173;5173;195.0;-4391;346.0;-23.0
?;-3016;86.0;?;4592;203.0;-3016;341.0;-29.0
-377.0;?;563.0;-234;234;207.0;1990;331.0;-32.0
?;2367;778.0;1885;?;209.0;?;317.0;?
?;435;712.0;6073;-6073;211.0;435;304.0;-30.0
-326.0;749;613.0;5159;-5159;213.0;749;292.0;-27.0
?;4088;1074.0;6770;-6770;150.0;4088;344.0;68.0
-394.0;?;977.0;?;-3252;145.0;2721;?;70.0
?;?;727.0;-695;695;?;905;?;70.0
-419.0;-67;388.0;-2753;2753;141.0;-67;346.0;68.0
-427.0;-280;152.0;-2473;2473;138.0;-280;352.0;67.0
-431.0;-1287;?;?;2585;135.0;?;356.0;65.0
-429.0;-2652;?;-3425;?;129.0;-2652;358.0;64.0
-423.0;-3058;-601.0;-4338;4338;123.0;-3058;358.0;60.0
-417.0;-3323;-1031.0;?;5160;116.0;-3323;357.0;58.0
-410.0;-3422;-1457.0;-5539;5539;111.0;-3422;357.0;56.0
-403.0;-3447;-1326.0;-5194;5194;108.0;-3447;?;62.0
-401.0;-3461;-739.0;?;5140;111.0;-3461;355.0;?
?;-3461;-67.0;-4278;4278;?;-3461;356.0;53.0
?;-3917;?;-1041;?;127.0;-3917;353.0;48.0
-400.0;-1144;?;332;-332;130.0;-1144;346.0;47.0
?;1605;757.0;?;-4000;132.0;1605;339.0;49.0
-372.0;?;?;6703;-6703;134.0;1046;?;52.0
-363.0;?;567.0;?;-1471;135.0;1850;?;55.0
-592.0;3335;2791.0;5881;-5881;20.0;3335;395.0;?
-617.0;?;2785.0;?;-3998;12.0;?;395.0;193.0
-637.0;?;2733.0;?;?;5.0;?;395.0;195.0
-655.0;1026;2532.0;-768;768;1.0;1026;395.0;?
-673.0;-221;?;-1688;1688;-5.0;-221;?;?
-688.0;-1753;?;-1314;1314;-10.0;-1753;392.0;?
-704.0;?;?;-2620;2620;-16.0;-3252;385.0;186.0
-718.0;-4034;2489.0;-3093;?;-20.0;-4034;381.0;177.0
?;-3939;2131.0;-3461;3461;?;-3939;379.0;173.0
-743.0;-3570;1810.0;-3758;?;-39.0;-3570;375.0;180.0
-754.0;?;?;?;1614;-50.0;-5019;367.0;192.0
-763.0;-4913;1565.0;118;-118;-58.0;-4913;?;204.0
-766.0;-4950;1137.0;?;-490;-62.0;-4950;354.0;210.0
?;-4278;?;?;?;?;-4278;348.0;215.0
-761.0;-53;587.0;-858;858;-74.0;-53;345.0;223.0
-758.0;564;570.0;-507;507;-83.0;564;344.0;?
?;-288;746.0;112;-112;-92.0;-288;347.0;242.0
?;192;1087.0;?;10;-99.0;192;?;?
-765.0;-97;988.0;65;-65;-106.0;-97;379.0;?
-754.0;54;386.0;-12;12;-111.0;54;402.0;250.0
?;?;878.0;?;-110;?;?;398.0;249.0
-750.0;-42;1414.0;88;?;?;?;389.0;?
?;82;1314.0;4;-4;-103.0;82;388.0;226.0
-751.0;-4;1130.0;59;?;-100.0;?;393.0;219.0
?;50;1085.0;22;-22;-96.0;50;?;?
?;?;?;30;-30;-94.0;33;400.0;212.0
?;-7;1248.0;41;-41;?;?;407.0;216.0
-779.0;55;?;-12;12;-88.0;55;415.0;214.0
-784.0;?;?;-9;?;?;?;?;215.0
?;12;847.0;?;-45;-88.0;12;427.0;219.0
-792.0;?;807.0;11;-11;-91.0;26;431.0;225.0
-792.0;7;?;10;-10;?;7;434.0;230.0
-791.0;24;281.0;57;?;?;24;437.0;236.0
-795.0;30;184.0;71;-71;-108.0;?;442.0;243.0
-798.0;51;389.0;?;-213;?;51;448.0;251.0
-802.0;25;?;?;-186;?;25;?;261.0
-805.0;151;?;593;-593;-139.0;151;461.0;274.0
-804.0;?;839.0;1403;?;-153.0;329;471.0;?
-801.0;439;?;1825;?;-167.0;439;479.0;302.0
-800.0;782;?;2362;-2362;-183.0;782;483.0;315.0
-803.0;772;563.0;2402;?;?;772;?;?
?;985;?;2866;-2866;-213.0;985;486.0;340.0
-807.0;?;738.0;3263;-3263;-227.0;1497;484.0;350.0
-808.0;?;?;3062;-3062;-240.0;1409;485.0;358.0
-809.0;1132;407.0;2991;-2991;-251.0;1132;486.0;365.0
-810.0;535;215.0;?;-590;-261.0;535;484.0;?
-811.0;?;65.0;-1387;1387;-267.0;155;482.0;372.0
-811.0;427;?;-1153;1153;-271.0;427;479.0;369.0
-811.0;-100;-372.0;?;1603;-280.0;-100;477.0;369.0
-810.0;-1218;-591.0;?;2015;-287.0;-1218;472.0;375.0
-810.0;-1590;?;-1865;1865;-291.0;-1590;?;376.0
?;-1642;-782.0;?;1760;?;-1642;455.0;374.0
-812.0;?;-864.0;?;?;?;-1744;445.0;?
-812.0;?;?;-1683;1683;-294.0;-1793;?;372.0
-811.0;?;-608.0;?;1310;-296.0;-2007;418.0;374.0
-812.0;-2092;?;-1257;1257;-298.0;-2092;409.0;378.0
-811.0;?;-571.0;?;1210;-300.0;-2115;403.0;?
-813.0;?;?;-1124;1124;-302.0;-2166;399.0;387.0
-815.0;-1589;-663.0;?;861;-306.0;-1589;393.0;393.0
-817.0;-821;-626.0;-412;412;?;-821;384.0;401.0
-820.0;-526;-709.0;-167;167;-317.0;?;372.0;408.0
?;-216;-751.0;77;-77;?;-216;358.0;412.0
-829.0;152;-707.0;?;?;?;152;343.0;416.0
-835.0;324;-697.0;349;-349;-339.0;324;331.0;421.0
?;177;-671.0;15;-15;?;177;320.0;426.0
-851.0;?;-701.0;-207;207;-359.0;21;308.0;431.0
?;-12;?;-83;83;-368.0;?;298.0;438.0
-862.0;-155;-761.0;112;-112;-377.0;-155;289.0;442.0
-867.0;-107;-796.0;-18;18;?;-107;281.0;444.0
-870.0;4;?;-78;78;?;?;275.0;446.0
-872.0;-22;-1090.0;31;-31;-398.0;-22;?;446.0
?;-52;-1212.0;32;-32;-404.0;-52;270.0;447.0
-868.0;?;-869.0;71;?;-410.0;?;266.0;448.0
?;-12;-670.0;?;-102;-415.0;?;259.0;449.0
-869.0;0;-467.0;42;-42;-419.0;0;248.0;448.0
-873.0;-31;?;19;-19;-423.0;?;238.0;449.0
-878.0;15;?;10;-10;-426.0;15;230.0;451.0
-881.0;43;?;11;-11;?;43;226.0;?
-882.0;-15;104.0;17;?;?;-15;?;457.0
-881.0;-23;176.0;70;-70;-435.0;-23;?;461.0
?;40;118.0;243;-243;-437.0;40;223.0;463.0
-879.0;?;13.0;300;-300;-438.0;-16;226.0;466.0
-879.0;-235;101.0;506;-506;?;-235;225.0;467.0
-879.0;-161;200.0;728;-728;-438.0;-161;223.0;466.0
?;-270;272.0;810;?;-437.0;-270;222.0;463.0
-880.0;-848;221.0;1040;?;-434.0;-848;?;460.0
-879.0;-646;181.0;912;?;-429.0;-646;?;456.0
-879.0;-127;291.0;688;-688;-425.0;-127;225.0;452.0
-875.0;-69;264.0;506;?;-419.0;-69;?;?
?;126;-198.0;130;-130;-410.0;126;236.0;439.0
-867.0;264;31.0;-66;66;?;264;?;431.0
-862.0;277;-150.0;-238;238;?;277;?;?
-860.0;215;-433.0;-324;?;-387.0;?;226.0;403.0
-860.0;-473;-587.0;-139;139;-383.0;-473;222.0;?
?;-942;302.0;168;-168;-380.0;-942;223.0;393.0
-863.0;-954;-118.0;?;-219;-379.0;-954;228.0;397.0
-862.0;-1307;-83.0;133;-133;-376.0;-1307;?;397.0
?;-1380;?;154;-154;?;-1380;203.0;?
-861.0;-1165;62.0;?;-94;-377.0;-1165;206.0;410.0
?;-875;120.0;86;?;?;?;203.0;418.0
-858.0;-476;?;-954;954;-377.0;-476;?;422.0
-713.0;0;-229.0;?;47;-391.0;0;344.0;552.0
-719.0;?;-187.0;-21;21;-400.0;4;341.0;?
-725.0;-5;-247.0;-9;?;-409.0;-5;338.0;561.0
-692.0;-198;1429.0;841;?;-584.0;-198;661.0;?
?;-674;496.0;808;-808;-595.0;?;654.0;?
-697.0;-2694;-449.0;420;-420;-611.0;-2694;646.0;650.0
-703.0;-3645;-1139.0;-791;791;-624.0;-3645;633.0;654.0
?;-3582;-1786.0;-2046;2046;-631.0;-3582;621.0;663.0
-705.0;-2957;-2502.0;-2599;2599;?;-2957;616.0;?
-699.0;-2591;-3109.0;-3005;3005;-643.0;-2591;?;674.0
-698.0;-2460;-3150.0;?;?;?;?;608.0;678.0
-702.0;-2536;-2211.0;-3156;3156;-656.0;?;611.0;684.0
-712.0;-2315;-1150.0;-2635;2635;-663.0;-2315;611.0;688.0
-718.0;-2313;-434.0;-3325;?;-669.0;-2313;605.0;690.0
?;-2392;21.0;-3628;3628;-673.0;-2392;?;691.0
-725.0;-922;?;392;-392;-677.0;?;?;692.0
-725.0;74;775.0;1626;-1626;-682.0;74;598.0;?
?;276;867.0;?;?;-690.0;276;602.0;687.0
-716.0;698;706.0;?;-4918;?;?;606.0;682.0
-708.0;?;?;332;-332;-705.0;1083;604.0;677.0
-699.0;?;193.0;313;-313;-710.0;1472;597.0;?
?;694;?;?;-428;-713.0;?;588.0;674.0
-685.0;6;?;-476;?;-716.0;6;580.0;673.0
-680.0;126;48.0;276;-276;-718.0;126;?;672.0
-677.0;?;-70.0;-42;42;-720.0;12;571.0;?
?;-13;-137.0;74;-74;-721.0;-13;?;671.0
-673.0;-16;-59.0;154;-154;-722.0;-16;570.0;669.0
-670.0;-28;-27.0;124;-124;-720.0;-28;571.0;?
-669.0;-3;-25.0;167;-167;-717.0;-3;576.0;671.0
-667.0;-6;?;59;-59;?;-6;584.0;673.0
-662.0;-20;-267.0;?;-57;-706.0;-20;?;677.0
-656.0;-4;56.0;77;-77;-709.0;-4;?;673.0
?;35;415.0;76;-76;-711.0;?;580.0;673.0
-647.0;?;595.0;105;-105;-710.0;-8;574.0;676.0
-642.0;?;579.0;341;-341;-706.0;?;570.0;682.0
-637.0;-25;450.0;433;-433;?;-25;569.0;?
-633.0;172;383.0;646;-646;-704.0;172;566.0;687.0
-629.0;520;463.0;1216;-1216;-706.0;520;564.0;688.0
-627.0;551;611.0;2094;-2094;-707.0;551;560.0;688.0
-626.0;?;801.0;3653;?;-708.0;?;555.0;689.0
-628.0;1368;827.0;4667;-4667;?;1368;553.0;689.0
-631.0;1985;764.0;4953;-4953;-706.0;?;552.0;690.0
-633.0;3504;563.0;6933;?;-706.0;?;553.0;?
-635.0;2438;248.0;5692;-5692;-706.0;2438;?;690.0
-638.0;?;-95.0;-1163;1163;-706.0;124;554.0;690.0
?;-61;-329.0;-3970;3970;?;-61;553.0;688.0
-648.0;-117;-594.0;-3503;3503;-711.0;?;552.0;686.0
-656.0;71;?;-3889;?;-711.0;71;550.0;?
-664.0;-301;-1143.0;-3844;3844;?;-301;?;688.0
-674.0;-2634;-1422.0;-4907;4907;-712.0;-2634;543.0;689.0
-689.0;-3161;-1518.0;-5383;5383;?;-3161;535.0;?
-703.0;-2763;-1394.0;?;?;-716.0;-2763;?;688.0
?;-3386;-1318.0;-4433;4433;-712.0;?;520.0;691.0
-715.0;-2860;-1026.0;-4355;4355;?;-2860;508.0;686.0
-719.0;-2719;-502.0;-3829;3829;-721.0;-2719;501.0;680.0
?;-2499;-222.0;-1327;1327;?;-2499;500.0;675.0
-729.0;-430;-123.0;?;-2370;-724.0;-430;506.0;674.0
-736.0;-39;61.0;3572;-3572;-725.0;-39;?;673.0
-742.0;744;218.0;2683;-2683;-725.0;744;521.0;672.0
?;3035;353.0;1990;-1990;-726.0;3035;?;671.0
-747.0;?;353.0;744;-744;-727.0;2297;533.0;670.0
?;?;365.0;?;?;-729.0;515;536.0;668.0
-746.0;?;191.0;-155;155;-732.0;?;?;665.0
-619.0;249;993.0;-3146;3146;-718.0;249;484.0;681.0
-613.0;?;533.0;-3524;3524;-719.0;-869;476.0;680.0
-612.0;-816;63.0;-3711;3711;?;-816;469.0;679.0
-613.0;-2433;-623.0;-4122;?;-717.0;-2433;462.0;?
-615.0;?;?;-5331;5331;?;-3859;458.0;682.0
?;-2727;-2172.0;-5535;5535;-719.0;?;458.0;681.0
-622.0;-2890;-2211.0;?;5411;-712.0;-2890;454.0;685.0
-620.0;-3002;-1381.0;?;?;-713.0;-3002;?;?
-619.0;?;?;?;5178;?;-2884;?;683.0
-622.0;-2646;-144.0;-2477;2477;-720.0;-2646;449.0;679.0
-627.0;-326;120.0;1418;-1418;-721.0;-326;455.0;?
-635.0;-11;?;2731;-2731;-721.0;-11;464.0;676.0
-643.0;-426;273.0;3900;-3900;-722.0;-426;474.0;674.0
-647.0;2237;311.0;3648;-3648;-723.0;2237;479.0;?
-646.0;?;?;1264;-1264;-725.0;2787;483.0;670.0
-642.0;2239;?;632;-632;-726.0;2239;?;667.0
-635.0;1414;-249.0;514;-514;-729.0;1414;481.0;662.0
-629.0;-142;-306.0;-231;231;?;-142;?;659.0
?;106;-234.0;48;?;-729.0;106;469.0;657.0
-625.0;129;-139.0;150;-150;-728.0;129;464.0;654.0
-620.0;-52;-176.0;113;-113;-729.0;-52;458.0;649.0
-614.0;46;-91.0;222;-222;?;46;451.0;?
-613.0;-33;?;171;-171;-728.0;?;450.0;644.0
?;?;48.0;209;-209;-725.0;4;456.0;646.0
?;-15;-269.0;?;?;-719.0;-15;461.0;647.0
-611.0;-5;-530.0;67;-67;-716.0;-5;466.0;644.0
-606.0;-16;-291.0;112;-112;?;?;460.0;638.0
-595.0;25;184.0;259;?;-721.0;25;451.0;630.0
?;-11;?;285;-285;-716.0;-11;434.0;626.0
-557.0;?;534.0;?;?;-713.0;?;412.0;620.0
-535.0;169;1040.0;?;-1120;-710.0;?;391.0;615.0
?;370;1290.0;1454;-1454;-708.0;?;?;?
-515.0;936;1516.0;2654;-2654;-706.0;936;370.0;606.0
-510.0;?;1669.0;1876;?;-702.0;195;368.0;603.0
?;1925;1631.0;3925;-3925;?;1925;370.0;601.0
-492.0;4462;?;?;?;-700.0;4462;372.0;599.0
-480.0;?;?;3613;-3613;-702.0;?;371.0;?
-467.0;2859;836.0;3062;-3062;?;2859;?;598.0
-456.0;1612;842.0;?;-574;-707.0;1612;355.0;599.0
-452.0;-374;642.0;-1649;1649;-709.0;-374;350.0;?
-451.0;-1202;517.0;-768;768;-709.0;-1202;343.0;601.0
-454.0;-1884;281.0;-1573;1573;-709.0;?;?;602.0
-458.0;?;-108.0;-2253;?;?;-2248;328.0;?
-460.0;-2530;-665.0;-3045;?;-705.0;-2530;324.0;609.0
?;-2768;-1270.0;?;4553;-702.0;-2768;318.0;610.0
-463.0;?;?;-4486;4486;-704.0;-3094;308.0;603.0
-457.0;?;-1268.0;-3880;3880;-703.0;-3321;294.0;602.0
-446.0;-3285;?;-4012;4012;-707.0;?;282.0;599.0
?;-3136;-726.0;-3998;3998;?;-3136;277.0;597.0
-448.0;?;-304.0;-3381;3381;-711.0;-2424;?;594.0
-462.0;-1759;131.0;-2251;2251;-708.0;-1759;298.0;593.0
?;-1725;?;?;2460;-705.0;-1725;321.0;?
-490.0;?;384.0;-986;986;-703.0;-1480;340.0;590.0
-494.0;-614;?;?;?;?;-614;?;587.0
?;-158;?;3875;-3875;-698.0;-158;?;582.0
-484.0;-251;?;4371;-4371;?;?;358.0;576.0
-475.0;567;-69.0;1833;-1833;-696.0;?;351.0;568.0
?;?;-92.0;-171;?;-695.0;1789;344.0;?
?;-35;-421.0;6;?;-720.0;-35;262.0;228.0
-182.0;-19;?;?;-55;-724.0;-19;252.0;218.0
-185.0;-30;?;?;-52;-726.0;-30;242.0;211.0
-191.0;?;-590.0;-32;32;-729.0;?;239.0;206.0
-194.0;?;-276.0;21;-21;-734.0;-6;234.0;203.0
-195.0;-11;290.0;15;-15;-738.0;-11;228.0;203.0
?;?;123.0;-86;86;-742.0;?;231.0;204.0
-201.0;-104;-62.0;?;?;-746.0;-104;236.0;204.0
?;?;36.0;-14;14;-749.0;-98;?;205.0
-197.0;-47;?;44;-44;?;-47;?;?
?;?;?;78;-78;-756.0;-39;?;211.0
?;-11;238.0;58;-58;-759.0;-11;230.0;218.0
?;-18;437.0;63;?;-765.0;-18;211.0;229.0
-209.0;-51;686.0;142;-142;-773.0;?;216.0;244.0
-222.0;-31;?;88;-88;-780.0;-31;218.0;?
?;-6;700.0;-38;38;-787.0;?;217.0;275.0
-239.0;-5;?;19;?;-793.0;-5;?;?
-243.0;-42;904.0;63;?;?;-42;?;302.0
?;-34;777.0;12;-12;-802.0;-34;203.0;314.0
-247.0;-49;?;?;-28;-806.0;-49;203.0;?
-247.0;-85;739.0;34;-34;-810.0;?;?;331.0
-247.0;-49;850.0;?;?;-813.0;-49;197.0;337.0
-248.0;-67;?;8;-8;-816.0;-67;197.0;?
-252.0;-63;1052.0;-6;6;-819.0;-63;196.0;344.0
?;-16;1092.0;-11;?;-821.0;-16;198.0;346.0
-268.0;1;1101.0;-2;2;-823.0;1;202.0;347.0
?;40;1016.0;-2;?;?;40;?;346.0
-270.0;58;921.0;15;?;-828.0;58;?;?
?;46;918.0;?;?;-830.0;46;?;342.0
-259.0;20;?;?;-46;?;20;185.0;339.0
-250.0;16;?;16;-16;-834.0;?;169.0;337.0
-245.0;-18;?;?;12;-835.0;-18;154.0;332.0
-241.0;-22;740.0;29;-29;?;?;139.0;327.0
-237.0;41;364.0;26;-26;-837.0;41;126.0;324.0
-232.0;?;?;?;24;-838.0;16;115.0;?
-232.0;17;-371.0;-29;?;?;17;?;322.0
-235.0;49;-668.0;-39;39;-841.0;49;101.0;?
-240.0;15;-769.0;-25;25;-842.0;15;96.0;317.0
?;122;?;-13;13;-843.0;122;93.0;316.0
?;200;-1340.0;-20;20;-844.0;200;?;316.0
-291.0;170;?;-3;3;-846.0;170;100.0;317.0
-317.0;337;?;-118;118;-848.0;337;108.0;?
-347.0;?;?;-29;29;-850.0;485;122.0;320.0
-378.0;1110;-2361.0;-195;195;-852.0;?;137.0;321.0
-406.0;3009;-2358.0;-871;871;?;3009;?;323.0
-433.0;4853;-2054.0;?;1540;?;4853;155.0;326.0
?;5592;-1762.0;-2517;2517;?;?;161.0;328.0
-485.0;5240;-1605.0;?;2621;-867.0;?;?;328.0
?;2338;-1350.0;-1414;?;-872.0;?;166.0;?
-532.0;?;-1208.0;?;724;-877.0;-277;?;?
-552.0;?;?;-585;585;?;53;167.0;323.0
?;188;-1147.0;-254;?;-886.0;188;169.0;?
-582.0;-75;-1140.0;?;69;-891.0;?;171.0;319.0
-591.0;14;-1249.0;-124;124;-897.0;14;?;314.0
?;?;-1419.0;-145;145;-903.0;-64;178.0;308.0
?;-2;-1370.0;-156;156;-909.0;-2;180.0;302.0
-599.0;-79;-1214.0;-147;?;-914.0;-79;185.0;299.0
-601.0;?;?;-105;?;-919.0;-72;192.0;?
-604.0;-20;-904.0;-67;?;-923.0;?;200.0;290.0
-606.0;?;-854.0;-46;?;-927.0;-30;210.0;283.0
-608.0;-34;-932.0;?;57;-931.0;-34;223.0;276.0
-612.0;-66;-876.0;-51;?;-934.0;-66;238.0;?
-617.0;-48;-412.0;-42;42;-938.0;-48;?;?
-624.0;-61;164.0;-83;83;?;-61;260.0;259.0
-633.0;-105;670.0;-89;?;-943.0;-105;272.0;258.0
-640.0;?;823.0;?;49;-945.0;-132;282.0;256.0
-646.0;-185;764.0;-94;94;-948.0;?;?;?
-650.0;-197;?;-98;98;?;-197;304.0;248.0
-654.0;-145;248.0;?;44;-952.0;-145;?;244.0
-658.0;-106;?;-65;?;-953.0;-106;322.0;240.0
?;-97;-38.0;9;-9;-953.0;?;?;237.0
-663.0;-181;-235.0;10;-10;-954.0;-181;331.0;235.0
?;-275;?;?;62;-953.0;-275;334.0;?
-669.0;-260;-159.0;-57;57;-953.0;-260;337.0;?
-671.0;?;?;-109;109;?;-234;341.0;232.0
-671.0;?;-386.0;-62;?;-952.0;?;345.0;232.0
-672.0;-149;-449.0;-27;27;-951.0;-149;349.0;234.0
?;8;-420.0;-34;34;?;?;353.0;235.0
?;86;-326.0;44;-44;-950.0;86;356.0;237.0
-676.0;25;-291.0;35;-35;-950.0;25;359.0;240.0
-677.0;31;-209.0;?;?;-950.0;?;?;242.0
-678.0;?;-214.0;-39;39;-949.0;41;364.0;244.0
?;?;-149.0;-30;30;?;32;?;246.0
?;43;-8.0;-69;69;?;43;368.0;?
-681.0;89;17.0;?;22;-949.0;89;?;?
-681.0;78;38.0;17;-17;-948.0;?;369.0;?
-681.0;-49;?;-77;77;?;-49;371.0;254.0
-681.0;-51;-77.0;-42;?;-947.0;-51;373.0;257.0
-679.0;-21;-110.0;-69;69;-946.0;-21;375.0;260.0
-678.0;?;-130.0;?;76;?;-70;378.0;264.0
-677.0;?;?;-84;?;-943.0;-8;381.0;271.0
-675.0;?;-132.0;-221;221;-940.0;36;386.0;278.0
?;157;-169.0;?;?;-937.0;157;?;?
-665.0;?;33.0;-549;549;-933.0;684;402.0;?
-659.0;1236;396.0;-942;?;-929.0;1236;407.0;310.0
-652.0;?;697.0;?;1210;?;1618;411.0;323.0
-646.0;?;?;-1058;1058;-920.0;1421;416.0;339.0
-641.0;738;933.0;-494;494;-915.0;?;423.0;354.0
-637.0;?;793.0;-309;309;-910.0;509;431.0;369.0
-635.0;?;642.0;?;159;-904.0;375;441.0;?
-635.0;357;?;-97;97;-898.0;357;451.0;?
-636.0;459;168.0;-199;199;?;459;459.0;410.0
-636.0;222;152.0;-10;10;-889.0;?;463.0;420.0
-638.0;135;164.0;?;?;?;135;463.0;429.0
?;223;193.0;169;-169;-881.0;?;463.0;?
-645.0;?;94.0;142;-142;-878.0;240;?;445.0
-649.0;244;?;105;-105;?;244;458.0;450.0
-651.0;226;-398.0;96;-96;-873.0;226;455.0;456.0
-652.0;237;-617.0;?;-100;-871.0;?;?;460.0
-655.0;273;-690.0;93;-93;?;?;444.0;461.0
-660.0;274;-662.0;49;-49;-870.0;274;437.0;?
?;281;-539.0;?;-119;-870.0;?;432.0;461.0
-669.0;251;?;?;?;-871.0;251;428.0;460.0
-672.0;210;-411.0;12;-12;-872.0;210;423.0;?
-673.0;?;-363.0;-12;12;-874.0;234;415.0;454.0
-672.0;177;-269.0;-12;12;-876.0;177;407.0;451.0
-669.0;91;-179.0;-16;16;-879.0;?;400.0;445.0
-666.0;?;?;-48;48;-882.0;?;393.0;439.0
-660.0;77;48.0;-62;62;-884.0;77;387.0;436.0
-653.0;-3;207.0;-56;56;-885.0;-3;382.0;434.0
-646.0;51;365.0;?;?;-886.0;51;?;433.0
-642.0;78;570.0;-35;35;-886.0;78;375.0;434.0
-640.0;10;595.0;-75;?;-885.0;10;375.0;436.0
-639.0;35;479.0;-123;123;?;35;376.0;438.0
-639.0;?;339.0;-36;36;-884.0;29;378.0;?
-639.0;-13;209.0;?;?;-883.0;-13;380.0;444.0
-641.0;49;93.0;?;54;-881.0;49;382.0;447.0
-643.0;55;41.0;-61;61;?;?;385.0;?
-646.0;?;?;-31;?;-879.0;?;387.0;454.0
?;66;219.0;-47;?;?;66;390.0;458.0
?;?;205.0;-47;?;-876.0;47;?;461.0
?;70;130.0;-19;19;-876.0;70;397.0;463.0
-664.0;100;80.0;-32;32;-876.0;?;399.0;?
-670.0;29;-36.0;?;50;-876.0;29;401.0;?
-672.0;?;-242.0;4;?;-876.0;32;401.0;465.0
?;?;-342.0;40;-40;?;33;398.0;467.0
-678.0;-75;-311.0;55;-55;?;-75;395.0;?
-683.0;-99;-346.0;79;-79;?;?;394.0;469.0
-690.0;-28;-279.0;87;-87;-874.0;-28;393.0;?
-698.0;-6;-264.0;?;-92;-874.0;-6;395.0;471.0
-706.0;-40;?;64;-64;?;-40;398.0;472.0
-713.0;-6;-421.0;?;-62;-873.0;-6;400.0;?
?;11;-421.0;43;-43;-872.0;11;401.0;475.0
-727.0;?;-402.0;8;-8;-871.0;-27;403.0;477.0
-733.0;-34;?;44;-44;-870.0;-34;405.0;477.0
-740.0;-67;?;45;?;-870.0;-67;407.0;477.0
?;-71;?;?;-37;-869.0;-71;409.0;476.0
-755.0;-48;-395.0;?;-85;?;-48;412.0;475.0
-763.0;?;-431.0;109;-109;-868.0;?;?;472.0
-769.0;?;-534.0;95;-95;-867.0;-60;415.0;470.0
-775.0;-25;-570.0;?;-88;-866.0;-25;415.0;466.0
-780.0;-32;?;91;?;-866.0;-32;415.0;463.0
-785.0;7;-454.0;72;-72;-865.0;7;416.0;464.0
-787.0;1;-426.0;44;-44;-868.0;1;419.0;459.0
?;-25;?;?;-22;-865.0;-25;?;458.0
-792.0;?;-49.0;18;-18;-866.0;-27;419.0;?
?;-56;-10.0;?;-10;-866.0;-56;420.0;453.0
-791.0;16;-17.0;?;13;-865.0;16;423.0;452.0
-789.0;63;128.0;18;-18;?;63;426.0;451.0
-788.0;56;?;56;-56;-863.0;56;429.0;451.0
?;51;389.0;11;?;-861.0;?;432.0;451.0
-785.0;?;404.0;?;1;?;16;?;452.0
-785.0;17;467.0;22;-22;-858.0;17;436.0;451.0
?;18;445.0;?;79;-857.0;18;438.0;451.0
-784.0;?;?;-148;148;-854.0;23;442.0;452.0
-784.0;-53;252.0;?;?;-850.0;?;446.0;455.0
?;6;204.0;-108;?;-845.0;6;?;?
?;?;92.0;-147;147;-838.0;-416;458.0;465.0
-796.0;-757;73.0;-366;?;-831.0;-757;464.0;?
-804.0;1485;39.0;-1343;1343;?;1485;468.0;479.0
-813.0;4414;?;-2227;2227;-815.0;4414;471.0;489.0
-821.0;4281;-151.0;-1262;1262;-806.0;4281;?;500.0
?;?;-266.0;220;?;-797.0;1990;476.0;?
-832.0;236;-389.0;451;-451;-790.0;236;478.0;519.0
-837.0;?;-514.0;-9;9;-788.0;63;479.0;?
-841.0;355;-360.0;-771;771;-785.0;355;?;526.0
?;353;-134.0;-1189;1189;?;353;484.0;?
-844.0;266;-66.0;-1121;1121;-766.0;266;491.0;547.0
-844.0;178;?;-1144;1144;-759.0;178;?;?
-843.0;39;-55.0;-1250;1250;-752.0;?;513.0;559.0
-840.0;495;-193.0;-1092;1092;-744.0;?;525.0;569.0
?;1309;-326.0;?;691;-735.0;?;538.0;579.0
-827.0;1363;-406.0;?;1029;-727.0;1363;551.0;590.0
-819.0;2176;-396.0;-346;346;-719.0;2176;563.0;599.0
-811.0;2171;?;819;-819;-712.0;2171;573.0;610.0
-803.0;413;-204.0;712;-712;?;413;584.0;619.0
-796.0;435;-16.0;?;-1023;-699.0;435;?;626.0
-790.0;487;208.0;537;-537;-694.0;?;599.0;632.0
-785.0;63;424.0;-199;199;-690.0;?;?;637.0
-780.0;269;396.0;-14;14;-685.0;269;610.0;?
-776.0;18;?;-122;122;-680.0;18;615.0;649.0
-772.0;32;270.0;-113;113;-675.0;?;618.0;655.0
-770.0;72;206.0;-94;94;-670.0;72;621.0;660.0
-769.0;-32;169.0;-54;54;?;-32;?;?
-768.0;35;?;55;-55;-656.0;35;628.0;670.0
-767.0;21;7.0;80;?;-649.0;21;?;675.0
-767.0;?;?;?;-136;-641.0;?;634.0;678.0
?;4;18.0;?;?;?;4;637.0;677.0
-766.0;8;12.0;44;-44;-624.0;8;640.0;678.0
-764.0;3;?;82;-82;-614.0;3;?;678.0
?;?;270.0;126;-126;-604.0;?;?;676.0
-763.0;-22;485.0;191;?;-594.0;?;645.0;675.0
-762.0;-57;?;339;-339;-588.0;-57;645.0;671.0
-763.0;-71;?;427;-427;-584.0;-71;?;668.0
-762.0;34;843.0;524;-524;?;34;643.0;668.0
?;?;673.0;?;-1036;-574.0;141;643.0;?
-761.0;198;570.0;1555;-1555;?;198;643.0;?
?;295;599.0;1579;-1579;-573.0;295;642.0;671.0
-763.0;?;?;3051;?;-573.0;753;641.0;673.0
-764.0;1760;?;?;-5386;-571.0;1760;639.0;674.0
-765.0;2981;447.0;5824;-5824;-572.0;2981;638.0;672.0
-765.0;?;260.0;5810;?;-572.0;3744;636.0;669.0
-766.0;3180;69.0;4214;-4214;?;3180;633.0;664.0
-767.0;?;-81.0;3714;-3714;?;3237;631.0;661.0
?;3074;-194.0;3482;-3482;-572.0;3074;630.0;658.0
?;237;-375.0;-1237;1237;?;?;?;652.0
-772.0;-1359;?;?;3122;-578.0;-1359;?;647.0
-775.0;-1250;-947.0;?;?;-582.0;-1250;626.0;?
-775.0;-1688;-1318.0;?;5431;-581.0;-1688;?;?
-776.0;-1917;?;-4959;4959;-586.0;-1917;?;?
?;-2371;-1988.0;-4858;4858;-593.0;-2371;625.0;638.0
-781.0;-3060;-1701.0;?;4463;?;-3060;620.0;642.0
-786.0;-3615;-981.0;-3309;3309;-589.0;-3615;613.0;641.0
-790.0;-4315;-119.0;-4038;4038;?;-4315;608.0;632.0
?;?;338.0;-1977;1977;-586.0;-3447;606.0;624.0
-793.0;?;626.0;1872;?;?;-1032;?;623.0
-791.0;46;718.0;3237;-3237;-580.0;46;610.0;622.0
-789.0;320;?;3845;-3845;-576.0;320;613.0;622.0
-786.0;1322;774.0;1223;-1223;?;?;617.0;621.0
-784.0;1673;593.0;-255;255;?;1673;620.0;619.0
-784.0;1277;414.0;914;-914;-574.0;1277;620.0;619.0
-785.0;?;?;-48;48;-576.0;904;618.0;?
-787.0;382;238.0;-389;?;-580.0;382;?;?
-788.0;247;192.0;-209;209;-586.0;247;613.0;623.0
-788.0;?;184.0;-363;363;?;338;?;626.0
-788.0;?;226.0;?;128;-599.0;191;607.0;?
-785.0;51;250.0;10;-10;-605.0;51;604.0;631.0
-779.0;31;166.0;50;-50;-611.0;?;?;?
-770.0;50;171.0;75;-75;-622.0;50;598.0;630.0
-753.0;-11;?;52;-52;?;-11;593.0;?
-734.0;-6;81.0;?;60;-643.0;-6;586.0;628.0
-714.0;18;114.0;-115;115;-657.0;18;577.0;624.0
-701.0;?;163.0;-95;95;-671.0;23;565.0;?
-695.0;47;?;-64;64;-683.0;?;560.0;?
-692.0;45;184.0;-122;?;-695.0;45;568.0;607.0
-691.0;78;326.0;-111;111;-709.0;78;579.0;600.0
-689.0;13;709.0;?;-108;-724.0;13;581.0;591.0
-682.0;111;1148.0;147;-147;-738.0;111;573.0;584.0
-673.0;?;1265.0;1183;-1183;?;51;563.0;578.0
-663.0;?;1205.0;2842;-2842;-759.0;115;556.0;572.0
-657.0;-519;1132.0;4012;?;-766.0;-519;555.0;?
-652.0;-2306;?;4722;-4722;-774.0;-2306;554.0;558.0
-648.0;?;?;2217;-2217;-782.0;-1298;552.0;551.0
-645.0;1105;1753.0;-1159;1159;?;?;?;542.0
-642.0;2634;1920.0;?;2693;-799.0;2634;548.0;531.0
-638.0;2281;1878.0;-2425;2425;?;2281;546.0;518.0
-634.0;-1202;?;-115;115;?;-1202;544.0;508.0
-627.0;-1819;1383.0;-33;33;-825.0;?;540.0;496.0
-619.0;?;1244.0;-1074;1074;-835.0;376;533.0;?
-612.0;1057;1177.0;-98;?;-846.0;1057;524.0;456.0
-605.0;912;818.0;?;?;-853.0;912;518.0;437.0
-598.0;944;?;434;-434;?;944;519.0;417.0
-591.0;1033;476.0;523;?;-863.0;1033;518.0;?
-586.0;162;459.0;-261;?;-866.0;162;515.0;376.0
?;-635;?;?;526;-868.0;-635;512.0;355.0
?;-799;?;-34;34;-871.0;-799;511.0;335.0
-566.0;-845;186.0;-150;150;-875.0;-845;506.0;315.0
-565.0;-558;4.0;-335;335;-879.0;-558;502.0;296.0
-566.0;-551;-207.0;-513;?;-881.0;-551;497.0;281.0
-571.0;?;-319.0;-608;608;-883.0;-738;492.0;266.0
-576.0;?;-413.0;?;?;-884.0;?;487.0;251.0
-581.0;-516;-373.0;-432;?;-887.0;-516;480.0;?
-582.0;-358;219.0;-296;296;-888.0;?;?;227.0
-580.0;9;689.0;148;-148;-893.0;?;468.0;213.0
-581.0;65;748.0;180;-180;-898.0;65;?;205.0
?;-52;729.0;?;?;-902.0;-52;?;?
?;-36;657.0;?;-142;-906.0;-36;?;?
-570.0;-4;609.0;?;48;-910.0;-4;481.0;184.0
-566.0;30;?;-99;99;-912.0;30;486.0;181.0
-565.0;29;306.0;-248;248;-911.0;29;488.0;180.0
-567.0;-2;245.0;-143;143;-910.0;?;493.0;179.0
-566.0;-27;?;-206;206;-908.0;-27;?;180.0
-564.0;6;132.0;-420;420;-908.0;6;506.0;181.0
-563.0;-22;?;-315;315;-907.0;-22;511.0;182.0
-564.0;?;?;?;206;-907.0;-26;513.0;183.0
-566.0;126;?;?;45;?;?;515.0;182.0
-569.0;613;?;-73;?;?;613;516.0;?
?;1755;-108.0;-786;786;-908.0;1755;?;184.0
-574.0;2439;-86.0;-1265;1265;-909.0;2439;516.0;186.0
-580.0;1886;-245.0;-961;961;-909.0;?;521.0;189.0
-583.0;730;-202.0;-411;?;-910.0;730;526.0;190.0
-587.0;?;?;-36;36;-911.0;-129;528.0;191.0
-598.0;-157;-320.0;-123;123;-913.0;-157;529.0;?
-613.0;-74;-516.0;?;244;-915.0;?;526.0;184.0
-631.0;-70;-447.0;-147;147;-917.0;-70;?;180.0
-650.0;63;?;-81;81;?;63;514.0;174.0
-667.0;102;?;?;0;-918.0;102;513.0;?
-682.0;152;-436.0;55;-55;-918.0;152;?;160.0
?;52;-789.0;35;-35;-917.0;52;517.0;153.0
-711.0;-37;?;-8;8;-917.0;-37;?;146.0
-725.0;?;-305.0;?;-43;-915.0;?;510.0;140.0
-732.0;34;?;?;-112;-914.0;34;509.0;135.0
?;48;?;?;-67;-913.0;?;?;130.0
-730.0;-23;-149.0;34;-34;-911.0;-23;517.0;126.0
-729.0;-24;-64.0;?;-60;-909.0;-24;524.0;124.0
-727.0;12;-252.0;61;-61;-906.0;12;533.0;?
?;2;-252.0;42;-42;-903.0;?;?;122.0
-722.0;-4;-165.0;65;-65;-900.0;-4;542.0;122.0
-721.0;6;-349.0;97;-97;?;6;543.0;122.0
-721.0;29;-434.0;53;-53;-896.0;29;?;120.0
-723.0;-2;-237.0;7;-7;-893.0;?;542.0;119.0
-725.0;-11;-145.0;55;-55;-891.0;-11;540.0;?
?;?;-236.0;107;-107;-890.0;-5;538.0;115.0
-730.0;?;-78.0;91;?;?;2;537.0;112.0
-731.0;37;?;?;-40;-886.0;37;?;108.0
-731.0;-8;-95.0;-45;45;-885.0;-8;539.0;105.0
-731.0;-33;-99.0;-79;?;-883.0;-33;539.0;102.0
-731.0;13;52.0;2;-2;-882.0;13;539.0;100.0
-730.0;?;-6.0;81;-81;-880.0;25;?;?
-731.0;4;-11.0;?;-23;?;?;539.0;96.0
-732.0;-13;-10.0;-53;53;-876.0;-13;537.0;93.0
-732.0;?;-88.0;11;-11;-874.0;-2;538.0;92.0
-733.0;?;-133.0;71;-71;?;29;?;?
-733.0;?;-97.0;51;?;-872.0;35;538.0;?
-734.0;?;-78.0;19;?;?;7;537.0;?
-735.0;-15;-100.0;5;?;-871.0;?;537.0;86.0
-735.0;-32;-122.0;?;19;-870.0;-32;537.0;85.0
-736.0;-42;-56.0;?;51;-869.0;-42;536.0;85.0
?;-7;49.0;0;?;-868.0;-7;535.0;85.0
?;7;?;28;-28;-867.0;7;533.0;84.0
-740.0;12;46.0;-1;1;?;12;533.0;84.0
-741.0;38;-47.0;-25;25;?;38;?;84.0
-741.0;22;?;-36;?;-866.0;22;535.0;83.0
-740.0;?;-8.0;15;-15;-865.0;-8;536.0;83.0
-740.0;-21;-58.0;10;?;-864.0;-21;539.0;?
-739.0;-22;-13.0;-37;37;-863.0;-22;541.0;83.0
?;-13;?;0;0;-863.0;?;543.0;?
-737.0;?;107.0;5;-5;?;-25;545.0;85.0
-736.0;-35;122.0;-25;25;-860.0;-35;?;86.0
-736.0;-20;?;?;-14;-859.0;?;550.0;88.0
-734.0;-8;76.0;17;-17;-857.0;-8;?;90.0
-732.0;-3;28.0;-29;29;-855.0;-3;557.0;92.0
-731.0;?;-11.0;-15;15;-853.0;-20;559.0;93.0
-730.0;-24;?;6;?;-851.0;-24;560.0;95.0
-729.0;21;?;?;26;-849.0;21;561.0;97.0
-727.0;30;61.0;-44;44;?;30;563.0;97.0
-725.0;31;?;?;?;-844.0;31;?;99.0
-722.0;?;?;69;-69;?;35;?;100.0
-718.0;13;278.0;-7;7;-839.0;13;576.0;100.0
-714.0;?;?;-64;64;-836.0;?;581.0;101.0
-710.0;28;326.0;?;-9;-833.0;28;586.0;?
-708.0;15;255.0;-14;14;-830.0;15;590.0;101.0
-708.0;-5;173.0;-31;?;-827.0;-5;591.0;100.0
?;-18;80.0;-35;35;-825.0;?;592.0;98.0
-709.0;-24;43.0;-59;59;-823.0;-24;592.0;97.0
?;-5;?;?;-24;-820.0;-5;591.0;?
?;26;-37.0;?;-32;-819.0;?;592.0;96.0
-712.0;23;-173.0;-1;1;-818.0;23;594.0;97.0
?;38;-379.0;40;-40;-816.0;?;?;98.0
-706.0;?;-320.0;-13;13;-815.0;8;604.0;100.0
-701.0;-21;-271.0;-37;37;-814.0;-21;611.0;101.0
-696.0;6;-428.0;-2;2;-813.0;6;?;?
-693.0;?;-407.0;-75;75;-812.0;-15;624.0;106.0
-689.0;22;-348.0;-41;41;-812.0;22;629.0;108.0
?;17;-138.0;?;?;-812.0;?;?;?
-682.0;?;?;-13;13;-813.0;-29;631.0;?
-679.0;10;72.0;18;?;-813.0;10;631.0;116.0
-679.0;18;-199.0;8;-8;-814.0;18;630.0;119.0
-684.0;14;?;17;-17;?;14;?;121.0
?;?;-511.0;?;-4;-813.0;-31;619.0;124.0
-698.0;-51;120.0;28;-28;-813.0;-51;611.0;127.0
-702.0;-1;?;?;?;?;-1;609.0;129.0
-702.0;-6;-122.0;-31;31;-813.0;-6;609.0;132.0
?;-24;-371.0;30;?;-814.0;?;?;?
?;-4;-123.0;9;-9;?;-4;?;141.0
-695.0;20;-67.0;-24;24;-814.0;20;619.0;?
-689.0;8;18.0;13;-13;-814.0;8;625.0;153.0
-683.0;14;-39.0;14;-14;-813.0;14;630.0;160.0
?;?;?;7;-7;-813.0;38;631.0;168.0
?;37;-42.0;21;-21;-814.0;37;?;?
-679.0;?;-105.0;74;-74;-815.0;38;635.0;184.0
-675.0;-3;-228.0;94;-94;-816.0;-3;639.0;193.0
?;-4;-112.0;99;?;-819.0;?;641.0;202.0
?;-2;175.0;?;-41;-821.0;-2;642.0;210.0
-663.0;-56;270.0;?;?;?;-56;641.0;219.0
-658.0;-41;47.0;-27;27;-830.0;-41;?;227.0
-655.0;-18;-276.0;-5;5;-835.0;?;637.0;?
?;-2;-44.0;-93;?;?;-2;633.0;242.0
?;1;119.0;-94;?;-846.0;1;627.0;245.0
?;-27;61.0;22;-22;-851.0;?;?;248.0
-666.0;7;-180.0;87;-87;-857.0;7;609.0;247.0
?;32;-106.0;?;-98;-862.0;32;601.0;246.0
-667.0;?;69.0;171;-171;-868.0;?;593.0;242.0
-670.0;22;194.0;204;-204;-874.0;22;584.0;?
-671.0;?;246.0;175;?;?;?;576.0;233.0
-671.0;?;?;140;-140;-884.0;23;568.0;228.0
-671.0;7;361.0;117;-117;-888.0;7;559.0;223.0
-672.0;?;380.0;110;?;-892.0;?;551.0;?
-676.0;?;?;6;-6;?;27;542.0;217.0
-679.0;25;436.0;-58;58;-894.0;?;?;?
?;-11;42.0;?;-18;-895.0;-11;530.0;?
-677.0;-1;-31.0;43;?;?;?;531.0;215.0
?;26;327.0;?;-27;-895.0;26;533.0;?
-672.0;52;?;?;-76;-894.0;52;?;?
?;4;367.0;?;?;-893.0;4;539.0;?
-670.0;-33;545.0;212;-212;-892.0;-33;539.0;221.0
-668.0;-22;491.0;227;-227;-891.0;-22;?;?
-666.0;-22;403.0;215;-215;-890.0;-22;541.0;223.0
-665.0;23;554.0;190;-190;?;23;539.0;224.0
-662.0;79;523.0;134;-134;-890.0;?;540.0;?
-659.0;107;264.0;93;-93;?;107;539.0;226.0
-657.0;91;166.0;?;-87;-886.0;91;539.0;229.0
?;-3;195.0;?;-83;-884.0;-3;542.0;231.0
-653.0;-6;258.0;42;-42;-887.0;-6;546.0;231.0
-652.0;?;?;33;?;?;39;548.0;233.0
?;-5;209.0;?;-58;-883.0;-5;?;235.0
?;82;217.0;-68;68;?;82;549.0;236.0
-654.0;93;257.0;?;177;-881.0;93;549.0;237.0
-656.0;111;399.0;-201;201;?;111;?;236.0
-657.0;74;389.0;?;186;-883.0;74;547.0;234.0
-656.0;?;270.0;?;35;-884.0;-105;547.0;233.0
-656.0;67;?;43;-43;-886.0;67;548.0;231.0
-654.0;?;170.0;28;-28;-887.0;?;551.0;230.0
?;260;124.0;78;-78;-888.0;260;555.0;230.0
?;621;-10.0;241;-241;-888.0;621;556.0;229.0
?;926;-72.0;158;-158;?;926;553.0;?
?;1100;?;39;-39;-889.0;1100;551.0;?
-655.0;43;-134.0;450;-450;-890.0;43;554.0;230.0
-655.0;-711;87.0;471;-471;-890.0;-711;562.0;234.0
-652.0;?;?;124;-124;-889.0;-296;565.0;237.0
-650.0;511;63.0;-392;?;-887.0;511;567.0;242.0
-651.0;880;-109.0;-826;826;-885.0;?;566.0;247.0
?;871;?;-874;874;-883.0;871;561.0;251.0
-642.0;1950;-136.0;-1586;1586;-882.0;?;554.0;257.0
?;2030;-333.0;-1671;1671;-881.0;?;?;265.0
?;1026;-413.0;-982;982;?;1026;?;?
-627.0;335;-250.0;-537;537;-879.0;335;527.0;?
-621.0;-519;-339.0;-30;30;-878.0;-519;511.0;?
-619.0;-400;-346.0;?;92;-878.0;-400;491.0;317.0
-623.0;-62;-391.0;?;125;-876.0;-62;?;334.0
?;-104;-448.0;67;-67;-874.0;?;450.0;353.0
-635.0;-24;-569.0;-18;?;-869.0;-24;431.0;374.0
-651.0;-29;-801.0;-21;21;-864.0;-29;416.0;396.0
-672.0;-35;-1041.0;?;-36;-857.0;-35;408.0;420.0
-699.0;-52;-1430.0;14;-14;-847.0;-52;409.0;441.0
-729.0;?;-1769.0;13;-13;-835.0;?;?;463.0
-760.0;?;?;?;-39;-824.0;-22;433.0;481.0
-788.0;-23;-2055.0;20;?;?;-23;454.0;502.0
-808.0;-14;-1897.0;46;?;-793.0;?;479.0;517.0
-822.0;-5;-1701.0;87;?;-774.0;-5;?;534.0
-828.0;12;-1393.0;87;-87;-755.0;12;524.0;553.0
-830.0;-36;-1189.0;142;-142;-735.0;-36;539.0;567.0
-829.0;?;-1021.0;105;?;-716.0;-76;548.0;?
-827.0;-59;-1031.0;3;-3;-698.0;?;554.0;588.0
-824.0;?;-1000.0;-1;1;-681.0;-55;559.0;596.0
-820.0;?;?;7;?;?;-47;565.0;?
-814.0;-30;-1067.0;5;-5;-645.0;-30;571.0;?
-806.0;?;-1078.0;-29;29;-626.0;?;579.0;611.0
-796.0;-22;-997.0;-11;?;-607.0;-22;587.0;614.0
-786.0;?;-932.0;31;-31;-588.0;-38;593.0;615.0
-773.0;-46;-861.0;17;-17;-571.0;?;598.0;?
-761.0;-47;-886.0;43;-43;?;-47;600.0;612.0
-750.0;-33;-911.0;47;-47;-536.0;-33;602.0;609.0
?;?;-840.0;24;-24;-521.0;-52;?;?
-732.0;?;-778.0;35;?;-507.0;-56;?;599.0
-727.0;-91;-662.0;?;-51;?;-91;602.0;?
?;-92;?;57;-57;-478.0;-92;600.0;582.0
-719.0;?;-296.0;42;-42;-464.0;?;598.0;572.0
-716.0;-49;-53.0;?;-36;-450.0;-49;596.0;562.0
-710.0;?;128.0;74;-74;?;26;593.0;551.0
-703.0;50;217.0;?;-19;-420.0;?;589.0;540.0
-695.0;151;184.0;?;43;-404.0;151;587.0;529.0
-685.0;358;90.0;33;?;-386.0;358;?;?
-675.0;287;?;132;-132;-368.0;287;584.0;505.0
-665.0;?;-56.0;14;-14;-352.0;737;?;494.0
?;1897;-185.0;-380;380;-335.0;1897;579.0;483.0
?;2268;-299.0;-342;342;-317.0;2268;576.0;?
?;?;?;-424;?;-301.0;1545;?;459.0
-627.0;-82;?;?;982;-284.0;?;?;445.0
-617.0;?;-503.0;-1495;1495;?;-789;561.0;?
-608.0;1329;-601.0;-2828;2828;?;1329;555.0;424.0
?;2950;-734.0;-4134;4134;-246.0;?;550.0;?
-591.0;3030;-746.0;-4179;4179;-234.0;3030;545.0;409.0
?;3044;?;-3496;3496;-222.0;3044;538.0;396.0
-573.0;2124;-445.0;-2824;2824;-208.0;?;529.0;379.0
-565.0;1491;-296.0;-2837;2837;-195.0;1491;521.0;360.0
-555.0;1680;-203.0;-2633;2633;-182.0;1680;513.0;?
-546.0;1667;-152.0;-1671;1671;?;1667;505.0;314.0
-536.0;1657;-130.0;-1366;?;-157.0;1657;496.0;?
-525.0;1632;-343.0;-1024;?;?;1632;489.0;276.0
-513.0;2019;-754.0;-512;512;-125.0;2019;?;?
-497.0;2287;-1119.0;-647;?;-107.0;2287;?;236.0
-478.0;833;-1427.0;564;-564;?;833;?;220.0
-459.0;94;-1559.0;1303;-1303;-71.0;94;440.0;207.0
-439.0;?;-1575.0;368;-368;?;456;424.0;196.0
-421.0;123;-1552.0;164;-164;?;123;408.0;186.0
-405.0;99;?;271;-271;-19.0;99;?;?
-389.0;-14;-1424.0;243;-243;-2.0;-14;385.0;167.0
?;-216;-1258.0;236;-236;13.0;-216;?;158.0
-355.0;-129;?;134;-134;?;-129;?;149.0
-336.0;-123;-635.0;80;-80;43.0;-123;363.0;140.0
-315.0;-118;-405.0;90;-90;59.0;-118;351.0;130.0
-295.0;-120;-213.0;91;?;?;-120;339.0;?
-282.0;-43;-73.0;38;-38;89.0;-43;329.0;117.0
-277.0;?;197.0;20;-20;105.0;0;325.0;113.0
-283.0;?;566.0;28;-28;123.0;-26;326.0;102.0
-293.0;-5;964.0;20;-20;?;-5;?;93.0
?;16;1375.0;?;-6;143.0;16;331.0;92.0
-310.0;?;1779.0;?;4;147.0;-2;330.0;91.0
-325.0;-12;1857.0;?;-26;150.0;-12;331.0;89.0
?;9;?;125;-125;153.0;9;333.0;87.0
-364.0;0;1456.0;199;?;152.0;0;?;88.0
-376.0;?;1446.0;286;-286;149.0;?;339.0;92.0
?;58;1453.0;395;-395;?;58;338.0;?
?;?;1369.0;582;-582;136.0;206;337.0;112.0
-402.0;605;1209.0;1104;-1104;130.0;?;340.0;120.0
-415.0;?;?;1866;-1866;123.0;766;344.0;129.0
-427.0;1063;778.0;2870;?;119.0;1063;?;133.0
?;1216;640.0;5120;-5120;115.0;1216;358.0;135.0
-445.0;?;607.0;?;?;111.0;1864;366.0;134.0
?;3810;542.0;?;-7132;107.0;?;372.0;?
-449.0;3463;355.0;4695;-4695;101.0;3463;378.0;132.0
?;709;216.0;-228;228;98.0;709;383.0;131.0
?;351;?;-3797;?;94.0;351;?;129.0
-456.0;886;-289.0;-4360;4360;90.0;886;396.0;?
?;-377;-558.0;-4941;4941;84.0;-377;403.0;122.0
-455.0;-1625;?;-5067;?;77.0;?;410.0;123.0
-451.0;-2707;?;-4859;4859;?;?;413.0;121.0
-445.0;-3296;-1716.0;-4760;4760;64.0;-3296;417.0;119.0
-440.0;-3736;?;-4737;4737;?;-3736;422.0;119.0
-442.0;-3591;?;-4665;4665;53.0;-3591;428.0;122.0
-443.0;-3359;-1874.0;-5004;?;54.0;-3359;431.0;119.0
-440.0;-3245;-1200.0;-3777;?;61.0;-3245;427.0;?
-429.0;64;-471.0;303;-303;69.0;64;413.0;91.0
-413.0;1250;-118.0;?;-720;73.0;1250;396.0;?
-395.0;437;-23.0;2651;-2651;?;437;379.0;74.0
-378.0;1871;?;5960;?;82.0;1871;362.0;?
?;?;1247.0;8657;?;119.0;3839;348.0;83.0
-395.0;3700;1153.0;7324;-7324;109.0;3700;349.0;90.0
-407.0;4177;?;8810;?;101.0;?;348.0;96.0
-420.0;3837;769.0;7848;?;96.0;3837;347.0;99.0
-434.0;?;494.0;?;2032;94.0;244;?;99.0
-445.0;-801;307.0;?;4431;93.0;-801;359.0;99.0
-451.0;?;161.0;?;2007;?;-1130;366.0;97.0
-452.0;?;?;-3542;3542;89.0;?;371.0;96.0
-448.0;-3217;-494.0;-3881;3881;86.0;-3217;375.0;88.0
-438.0;-3349;-1084.0;-5259;5259;83.0;-3349;379.0;77.0
-426.0;-3393;-1572.0;-6032;6032;?;-3393;382.0;70.0
-413.0;?;-1589.0;-4734;4734;76.0;-3691;382.0;75.0
-406.0;-3596;-1058.0;?;?;79.0;-3596;381.0;72.0
?;-2759;-269.0;-4013;4013;88.0;-2759;380.0;59.0
-410.0;-338;196.0;?;1456;95.0;-338;376.0;54.0
-405.0;?;?;-722;722;100.0;?;369.0;51.0
-393.0;-563;?;?;-5032;?;?;?;?
-378.0;2215;221.0;?;-3773;108.0;2215;?;?
-364.0;?;152.0;152;-152;112.0;3524;336.0;51.0
?;3518;1633.0;?;-5326;95.0;3518;?;91.0
-418.0;?;?;?;723;88.0;?;335.0;95.0
?;1091;1700.0;-3393;3393;82.0;1091;?;98.0
-446.0;1674;1714.0;-3703;3703;78.0;1674;?;99.0
-460.0;-5;?;-4127;?;73.0;-5;345.0;?
-476.0;?;1360.0;-4197;4197;66.0;-2015;351.0;104.0
-491.0;?;1011.0;-4631;4631;58.0;-3281;357.0;104.0
-501.0;-3811;648.0;-4808;4808;53.0;?;364.0;96.0
-509.0;-3665;165.0;?;4770;49.0;-3665;?;?
-512.0;-3613;?;-5337;5337;39.0;-3613;382.0;90.0
-510.0;-3810;-20.0;-4488;4488;?;-3810;390.0;108.0
-513.0;-4599;839.0;-3531;3531;28.0;-4599;395.0;113.0
-530.0;-4462;898.0;-1145;1145;?;?;?;112.0
-543.0;-2213;?;1910;-1910;31.0;-2213;412.0;113.0
-541.0;-808;392.0;2411;-2411;26.0;-808;419.0;119.0
-534.0;-166;?;8044;-8044;16.0;-166;420.0;132.0
-524.0;?;255.0;7700;-7700;5.0;197;418.0;147.0
-520.0;915;278.0;-157;157;-8.0;915;415.0;164.0
-522.0;1773;296.0;?;175;-22.0;1773;414.0;179.0
-532.0;554;?;76;?;-36.0;554;418.0;194.0
-545.0;?;122.0;-637;637;-48.0;43;423.0;205.0
-557.0;378;?;59;?;-63.0;378;?;218.0
-566.0;37;-83.0;-265;265;-80.0;37;428.0;?
-573.0;34;?;?;-83;-97.0;34;422.0;?
-590.0;2;199.0;96;-96;-111.0;?;?;255.0
-611.0;-48;?;117;?;-127.0;-48;425.0;?
?;?;379.0;253;?;?;-55;428.0;277.0
?;-47;550.0;148;?;-148.0;-47;433.0;292.0
-668.0;2;718.0;121;-121;-157.0;2;?;307.0
?;-39;1113.0;208;-208;-166.0;-39;?;322.0
?;-28;?;221;-221;-177.0;-28;451.0;?
-741.0;-9;1207.0;213;-213;-191.0;-9;454.0;340.0
-762.0;-14;1241.0;?;-362;-206.0;-14;454.0;347.0
-779.0;68;1382.0;?;-541;-221.0;68;451.0;355.0
-791.0;116;?;646;-646;-235.0;116;447.0;362.0
-801.0;229;1874.0;990;-990;-251.0;229;?;373.0
?;506;1928.0;?;-1875;-266.0;506;435.0;?
?;?;1903.0;2802;?;-278.0;803;425.0;399.0
?;?;1929.0;?;-2984;-287.0;?;416.0;409.0
-820.0;1369;1824.0;2713;-2713;-294.0;1369;409.0;415.0
-821.0;?;1748.0;2398;-2398;-298.0;?;?;419.0
-821.0;1016;1597.0;1941;?;?;1016;?;420.0
-821.0;?;1338.0;1388;-1388;?;958;390.0;422.0
?;600;1172.0;?;-909;?;600;383.0;423.0
-821.0;323;?;684;-684;-311.0;323;?;?
?;317;?;509;-509;-315.0;?;370.0;422.0
-822.0;?;249.0;255;-255;-317.0;335;367.0;421.0
?;85;-772.0;-341;341;-129.0;85;318.0;242.0
-795.0;248;-609.0;-481;481;?;248;309.0;240.0
-793.0;257;?;-875;875;-124.0;257;297.0;242.0
-790.0;-77;211.0;?;1315;-121.0;-77;302.0;241.0
-784.0;-421;428.0;-1786;1786;-119.0;-421;?;242.0
-777.0;-404;780.0;-1710;1710;-115.0;-404;?;239.0
-768.0;-320;986.0;-1754;1754;-110.0;-320;320.0;?
-762.0;?;1046.0;-1353;1353;-104.0;-193;329.0;228.0
-755.0;?;802.0;-840;?;-96.0;?;?;219.0
-750.0;?;849.0;-392;392;-88.0;?;325.0;208.0
-754.0;-40;806.0;1;?;-81.0;-40;327.0;?
-760.0;?;?;?;124;-76.0;-44;330.0;195.0
-763.0;-27;?;-229;229;-71.0;-27;332.0;?
-765.0;-28;477.0;-138;138;-68.0;-28;333.0;194.0
-765.0;-36;?;-42;?;-65.0;-36;331.0;196.0
?;-19;307.0;-12;12;-64.0;-19;328.0;?
-770.0;-61;318.0;-40;40;-66.0;-61;326.0;210.0
-771.0;-72;?;-43;43;-69.0;-72;324.0;221.0
-770.0;?;238.0;-27;27;-72.0;-34;324.0;228.0
-771.0;-80;?;?;-3;?;-80;326.0;232.0
-772.0;-53;?;-9;?;-85.0;-53;327.0;241.0
-774.0;-31;328.0;-43;43;-94.0;-31;329.0;250.0
-776.0;-65;436.0;-26;26;-102.0;?;330.0;257.0
-776.0;?;451.0;-14;14;-110.0;-13;332.0;265.0
?;?;523.0;-40;40;-119.0;6;333.0;?
-776.0;19;?;-40;40;-128.0;19;335.0;283.0
-775.0;28;412.0;-30;30;?;28;341.0;291.0
-772.0;28;266.0;?;34;-141.0;28;346.0;297.0
?;?;131.0;-6;?;-146.0;11;352.0;303.0
-766.0;17;?;-24;24;?;17;355.0;305.0
-763.0;35;-52.0;-42;42;-149.0;35;356.0;305.0
?;-182;-80.0;?;?;-150.0;?;355.0;?
-758.0;-615;-49.0;-85;85;-151.0;-615;355.0;300.0
-757.0;-1293;-89.0;?;410;-152.0;-1293;356.0;298.0
-757.0;-1735;-161.0;-739;?;?;-1735;356.0;296.0
-758.0;-854;-118.0;-386;?;-154.0;-854;360.0;296.0
?;697;-294.0;439;?;-155.0;697;365.0;297.0
?;1354;-354.0;547;-547;-159.0;?;366.0;300.0
-750.0;1298;-437.0;1448;-1448;?;?;366.0;?
-743.0;477;-657.0;1538;?;-166.0;477;?;308.0
-735.0;-348;?;201;-201;-170.0;-348;366.0;311.0
-730.0;?;?;?;-303;-175.0;?;360.0;?
-724.0;-306;?;?;-437;?;-306;?;315.0
?;-33;?;?;-68;-189.0;-33;340.0;320.0
?;310;-533.0;46;-46;-201.0;310;325.0;330.0
-714.0;87;-655.0;29;-29;?;?;316.0;?
-712.0;-93;-910.0;98;-98;?;-93;310.0;337.0
-709.0;-90;-945.0;?;-94;?;-90;305.0;333.0
-702.0;-13;-1326.0;3;-3;-209.0;-13;300.0;330.0
-696.0;29;?;-19;19;-209.0;29;288.0;325.0
-695.0;46;-1041.0;9;-9;-206.0;?;284.0;318.0
-692.0;?;-1013.0;-16;?;-207.0;19;281.0;314.0
-687.0;-35;-846.0;?;21;-207.0;-35;277.0;311.0
?;-17;-773.0;-12;12;-207.0;-17;273.0;310.0
-674.0;-13;-838.0;-44;44;-206.0;-13;271.0;310.0
-669.0;4;-947.0;-9;9;-207.0;4;269.0;314.0
-663.0;44;-908.0;?;-44;-204.0;?;266.0;312.0
-656.0;63;-824.0;30;?;-199.0;63;259.0;306.0
-650.0;79;?;?;?;-194.0;79;253.0;299.0
-645.0;45;?;8;-8;-190.0;45;246.0;294.0
-639.0;5;?;10;-10;-186.0;5;239.0;?
-633.0;23;?;?;-31;-181.0;23;232.0;283.0
?;17;?;?;-34;-176.0;?;224.0;277.0
-620.0;-6;-704.0;?;-10;-173.0;-6;215.0;275.0
?;7;-658.0;8;?;-168.0;7;208.0;272.0
-617.0;-9;-641.0;26;-26;-162.0;-9;196.0;268.0
-616.0;-19;-615.0;13;-13;-157.0;-19;188.0;?
-614.0;36;-526.0;8;-8;-153.0;?;182.0;261.0
-614.0;55;-492.0;20;-20;-150.0;55;177.0;?
?;18;-502.0;3;?;-147.0;18;176.0;260.0
-612.0;-14;?;?;-18;-145.0;-14;176.0;?
-608.0;-33;-416.0;?;-71;-143.0;-33;177.0;?
-601.0;-23;?;?;-69;?;-23;170.0;?
-597.0;?;-179.0;40;-40;?;-2;162.0;257.0
?;-3;-26.0;34;?;-132.0;-3;160.0;253.0
-603.0;25;-37.0;12;-12;-131.0;?;?;250.0
-607.0;17;?;17;-17;-128.0;17;167.0;245.0
-609.0;?;?;17;?;-127.0;?;174.0;242.0
?;-18;?;-22;22;?;?;181.0;238.0
-604.0;-134;-135.0;38;-38;-126.0;?;185.0;?
-599.0;-57;-76.0;25;-25;-129.0;-57;186.0;237.0
-595.0;-301;-64.0;265;?;-131.0;-301;185.0;238.0
-594.0;-1116;73.0;?;-886;-134.0;-1116;183.0;238.0
-595.0;-1538;96.0;?;?;-137.0;-1538;182.0;?
-599.0;-1863;111.0;?;-1372;-141.0;?;183.0;?
-601.0;-2189;78.0;1558;-1558;-143.0;-2189;183.0;241.0
-604.0;-2189;43.0;1551;-1551;-145.0;-2189;?;240.0
-606.0;-2309;90.0;1323;-1323;-147.0;?;184.0;240.0
-608.0;-2610;45.0;1166;-1166;-149.0;-2610;184.0;240.0
-611.0;-3470;?;1865;-1865;-150.0;-3470;184.0;241.0
?;-4399;97.0;2743;-2743;-154.0;-4399;184.0;244.0
?;5;1764.0;21;?;-434.0;5;668.0;591.0
-746.0;?;?;0;0;?;?;663.0;601.0
-750.0;?;1156.0;-16;16;-467.0;-23;659.0;608.0
-754.0;14;?;-46;46;-483.0;14;654.0;613.0
?;1;333.0;-22;22;-497.0;1;650.0;617.0
-754.0;-3;-125.0;37;-37;-512.0;-3;648.0;621.0
-752.0;61;?;?;-7;-526.0;61;649.0;624.0
-751.0;-48;-227.0;?;-17;-540.0;-48;652.0;628.0
-750.0;172;-38.0;144;-144;-552.0;172;656.0;633.0
-748.0;-4;-3.0;177;-177;?;?;659.0;?
?;?;5.0;474;-474;-574.0;?;?;640.0
-746.0;650;?;1122;-1122;-582.0;650;661.0;642.0
-744.0;318;-141.0;1205;-1205;-590.0;318;660.0;644.0
-743.0;2320;-280.0;?;-1037;-598.0;2320;659.0;644.0
-742.0;400;-395.0;1787;?;?;400;657.0;645.0
-742.0;-3654;-378.0;?;-2869;-609.0;-3654;655.0;?
-744.0;?;?;2762;-2762;-612.0;-2916;652.0;647.0
?;-1764;-300.0;1625;?;-616.0;?;647.0;647.0
-750.0;?;?;532;-532;?;-1470;642.0;645.0
?;-1542;?;-60;?;-630.0;-1542;636.0;645.0
?;?;-243.0;-297;297;-635.0;-2073;632.0;649.0
-762.0;-2670;?;-817;817;?;-2670;628.0;655.0
-761.0;-3358;262.0;-1700;?;-637.0;-3358;627.0;?
?;-3228;448.0;-2078;2078;?;-3228;627.0;658.0
-755.0;-2907;715.0;-2296;2296;-643.0;-2907;628.0;?
-750.0;-2712;950.0;?;2718;-646.0;?;?;665.0
-746.0;-1888;?;-2463;2463;-649.0;-1888;630.0;669.0
-740.0;-1447;1113.0;?;2658;-651.0;-1447;631.0;673.0
-734.0;-1406;977.0;-2309;?;-653.0;-1406;630.0;674.0
?;-368;812.0;379;-379;?;-368;?;675.0
-726.0;294;834.0;1724;-1724;?;294;?;674.0
?;?;714.0;1223;-1223;-663.0;?;618.0;?
?;756;390.0;?;-2317;-669.0;756;?;672.0
?;2097;-78.0;3049;-3049;-674.0;2097;614.0;672.0
-728.0;2010;-470.0;1446;-1446;-679.0;2010;614.0;?
-728.0;794;-840.0;120;-120;?;794;614.0;673.0
-728.0;338;-1121.0;?;20;-689.0;338;612.0;674.0
-728.0;173;-1210.0;?;-55;-693.0;173;?;675.0
-731.0;-15;?;?;-106;-696.0;-15;604.0;?
-734.0;37;-1116.0;73;-73;-698.0;37;598.0;?
-737.0;-15;-929.0;27;-27;-700.0;-15;596.0;674.0
?;33;-730.0;?;-19;-700.0;33;?;671.0
-741.0;57;-423.0;17;-17;-698.0;57;603.0;670.0
-741.0;20;?;61;-61;-697.0;20;?;?
-739.0;23;138.0;87;-87;-697.0;23;620.0;662.0
-735.0;-9;536.0;61;-61;-691.0;-9;624.0;660.0
-730.0;17;?;57;-57;-691.0;17;?;658.0
-725.0;29;1339.0;45;-45;-691.0;?;633.0;660.0
-720.0;8;1425.0;?;-60;-691.0;8;?;663.0
-717.0;10;1405.0;?;-63;-697.0;10;637.0;665.0
?;9;1216.0;77;-77;-700.0;9;632.0;666.0
-702.0;-45;?;?;-102;?;-45;625.0;668.0
-694.0;-25;581.0;108;-108;-702.0;-25;617.0;668.0
-690.0;68;335.0;125;-125;-703.0;68;?;670.0
-689.0;?;242.0;266;?;-704.0;?;602.0;671.0
-691.0;276;272.0;772;?;-706.0;?;598.0;672.0
-694.0;521;337.0;?;-1801;?;?;596.0;673.0
-696.0;687;231.0;2528;-2528;?;687;596.0;673.0
-698.0;?;-61.0;?;-3965;-707.0;1162;597.0;674.0
-699.0;2004;-370.0;5814;?;-708.0;2004;597.0;?
?;?;-644.0;5366;?;-708.0;?;?;674.0
-702.0;2744;?;4822;-4822;?;2744;595.0;675.0
?;1842;-932.0;?;?;-711.0;1842;593.0;673.0
-709.0;854;-1053.0;-1816;1816;-713.0;854;?;671.0
-712.0;?;?;?;2974;-714.0;322;588.0;671.0
-717.0;-729;-969.0;-3215;3215;-717.0;-729;?;670.0
-722.0;?;-809.0;?;?;-719.0;-1599;?;668.0
-728.0;-1803;?;-4024;4024;-719.0;-1803;573.0;668.0
-733.0;-1815;-349.0;-4579;4579;?;-1815;?;668.0
-736.0;-2007;-120.0;-4602;?;-719.0;-2007;?;?
?;-1913;188.0;-4297;4297;-719.0;-1913;571.0;670.0
-739.0;-1423;?;-3809;3809;-721.0;-1423;565.0;667.0
?;-1500;973.0;?;4301;?;?;561.0;662.0
?;303;1182.0;-2778;2778;-723.0;303;?;658.0
-737.0;?;?;-368;368;-723.0;3553;564.0;?
-737.0;2880;1119.0;?;6;-721.0;?;570.0;657.0
-735.0;132;?;544;?;-718.0;132;575.0;657.0
-733.0;?;787.0;676;-676;-715.0;-249;578.0;657.0
?;-16;552.0;647;?;-712.0;-16;581.0;657.0
-731.0;-25;351.0;345;-345;-710.0;-25;584.0;?
-731.0;359;85.0;?;371;-709.0;359;587.0;654.0
-732.0;173;-178.0;-142;142;-708.0;173;591.0;650.0
-735.0;-33;-384.0;10;?;?;-33;594.0;648.0
-739.0;-23;-557.0;-29;?;-708.0;-23;598.0;647.0
-742.0;?;-551.0;30;?;-704.0;-37;?;648.0
-743.0;23;?;12;-12;-699.0;23;605.0;649.0
-741.0;?;-440.0;34;?;-687.0;18;?;655.0
?;-4;-302.0;47;-47;?;-4;?;658.0
-743.0;2;-34.0;?;-23;?;2;625.0;664.0
?;15;23.0;-28;28;-658.0;?;633.0;671.0
-743.0;9;120.0;-12;12;-645.0;9;?;678.0
-742.0;-17;598.0;90;-90;-634.0;-17;643.0;?
?;?;1474.0;?;-20;-626.0;-19;644.0;?
-747.0;17;?;27;-27;-619.0;?;648.0;674.0
-741.0;-15;?;123;-123;-613.0;-15;661.0;673.0
-733.0;-10;3983.0;119;-119;-608.0;-10;672.0;673.0
?;?;?;510;-510;-604.0;99;673.0;673.0
-732.0;143;2305.0;254;-254;-602.0;143;666.0;675.0
-741.0;?;?;847;?;-600.0;?;652.0;676.0
-750.0;944;101.0;3663;-3663;-597.0;?;638.0;?
-761.0;2021;-661.0;5711;-5711;-595.0;2021;625.0;?
-770.0;?;?;7024;-7024;-592.0;2734;615.0;668.0
?;3224;-1900.0;7263;-7263;-589.0;3224;?;664.0
-781.0;?;-2624.0;3787;-3787;-587.0;2731;608.0;?
-781.0;1245;-3475.0;-1191;1191;-585.0;1245;613.0;651.0
-776.0;115;-4208.0;?;3352;-581.0;115;?;?
?;-963;-4903.0;-3225;3225;-579.0;-963;637.0;643.0
-764.0;?;-5079.0;-3854;3854;-579.0;-2070;643.0;?
?;-2364;-4335.0;?;4270;?;-2364;645.0;636.0
-761.0;-2317;-3347.0;-4199;4199;-577.0;-2317;646.0;633.0
-760.0;?;-2445.0;-4396;4396;-571.0;-2300;642.0;629.0
-758.0;-2274;-1862.0;-4743;4743;?;-2274;635.0;623.0
-758.0;-2494;-1386.0;-4871;4871;-553.0;-2494;623.0;616.0
-757.0;-2840;-534.0;-4222;?;-540.0;-2840;611.0;602.0
-757.0;-3436;507.0;-4979;?;-528.0;-3436;599.0;?
-758.0;-2585;?;-3216;3216;?;-2585;590.0;574.0
-757.0;492;1719.0;2814;-2814;-503.0;492;583.0;563.0
-757.0;2437;1835.0;4165;-4165;-486.0;2437;581.0;554.0
?;414;1671.0;2131;-2131;-404.0;?;?;?
-750.0;612;1699.0;?;-2033;-409.0;612;?;518.0
?;560;1716.0;2191;-2191;-413.0;560;?;514.0
-759.0;821;1566.0;6028;-6028;-415.0;821;?;511.0
-763.0;2579;1456.0;?;-6800;-417.0;2579;593.0;508.0
?;2295;1255.0;?;-2600;-417.0;2295;591.0;504.0
-772.0;1730;?;-970;970;-416.0;1730;590.0;500.0
-773.0;2050;705.0;-2617;?;?;2050;?;496.0
-773.0;2060;424.0;-2514;2514;-413.0;2060;590.0;490.0
-772.0;2517;?;-2270;2270;-412.0;2517;592.0;489.0
-770.0;-1102;-292.0;?;3619;?;-1102;592.0;485.0
-768.0;-3802;?;-4139;4139;-416.0;-3802;592.0;476.0
-767.0;-3356;?;-3659;?;-421.0;-3356;?;472.0
-764.0;-3981;-1395.0;-4073;4073;-428.0;-3981;592.0;473.0
-765.0;-4102;-980.0;-3834;3834;-432.0;-4102;?;?
-770.0;-4860;160.0;-2565;2565;-429.0;-4860;582.0;482.0
-778.0;?;?;-1096;1096;-422.0;-5176;577.0;484.0
-782.0;-4777;917.0;499;-499;-414.0;-4777;575.0;483.0
-782.0;?;641.0;557;-557;?;-2524;?;481.0
?;-1;?;439;-439;-412.0;?;575.0;483.0
?;?;573.0;469;-469;-417.0;-71;576.0;489.0
-766.0;?;871.0;-1227;?;?;942;576.0;499.0
-768.0;?;1183.0;-601;601;-432.0;968;575.0;510.0
-772.0;168;1320.0;747;-747;-443.0;168;?;519.0
?;?;1413.0;-58;58;-455.0;541;?;525.0
-790.0;245;1431.0;-210;?;-470.0;245;566.0;533.0
-799.0;?;1505.0;-4;4;?;?;562.0;542.0
?;7;?;?;-30;-507.0;7;557.0;552.0
-816.0;122;1658.0;22;-22;-528.0;122;551.0;563.0
-823.0;-392;1765.0;580;-580;-546.0;-392;546.0;573.0
-829.0;-244;1913.0;711;-711;-565.0;-244;541.0;579.0
?;?;2036.0;1013;?;?;-702;536.0;?
-836.0;-3129;2178.0;2147;?;?;-3129;533.0;?
-835.0;-3637;2252.0;2033;-2033;-615.0;-3637;533.0;612.0
?;?;?;2440;-2440;-628.0;?;533.0;612.0
?;-2452;2075.0;1019;-1019;-645.0;-2452;?;612.0
-820.0;?;1399.0;-1023;?;-661.0;461;541.0;621.0
-814.0;?;869.0;156;?;-674.0;?;548.0;?
-815.0;-252;928.0;296;-296;?;?;543.0;637.0
-817.0;141;843.0;-231;231;-697.0;141;?;642.0
-821.0;-73;360.0;-143;143;-707.0;-73;?;645.0
-829.0;110;119.0;-184;184;-716.0;110;526.0;?
-838.0;44;20.0;?;29;-723.0;44;?;644.0
-845.0;48;?;-114;114;-729.0;48;510.0;?
-849.0;51;?;-17;17;-734.0;51;507.0;?
?;?;-247.0;21;-21;-739.0;1;?;638.0
-855.0;?;-147.0;?;?;?;7;503.0;638.0
-857.0;43;-93.0;-2;2;-745.0;?;501.0;636.0
-858.0;44;-366.0;-9;9;-746.0;44;?;?
-859.0;?;?;-24;24;-748.0;37;498.0;634.0
?;41;-830.0;?;-12;-751.0;41;494.0;?
?;14;-576.0;?;-9;-753.0;14;489.0;629.0
-865.0;16;?;?;16;-754.0;16;?;628.0
-866.0;42;-348.0;-21;21;-755.0;42;478.0;626.0
-867.0;10;-135.0;13;-13;-755.0;10;474.0;626.0
-869.0;-14;-2.0;?;?;-755.0;-14;471.0;?
?;-2;?;-66;66;-754.0;-2;?;625.0
-872.0;-19;?;-37;37;-753.0;-19;475.0;625.0
-886.0;-19;?;6;?;-753.0;?;451.0;625.0
-891.0;-20;650.0;-36;36;-752.0;-20;440.0;?
-888.0;-46;?;-6;6;-752.0;-46;448.0;624.0
-898.0;-27;?;19;-19;-751.0;?;428.0;625.0
-906.0;?;889.0;-47;47;?;-5;410.0;626.0
-912.0;-1;852.0;-72;72;-748.0;?;395.0;627.0
-916.0;16;?;-51;51;-747.0;16;380.0;?
-917.0;31;1788.0;-23;?;-747.0;?;364.0;629.0
-914.0;38;1512.0;-3;3;-746.0;38;351.0;631.0
-914.0;38;-532.0;-13;?;-745.0;38;350.0;634.0
?;41;-162.0;7;-7;-743.0;41;358.0;635.0
-908.0;?;63.0;18;-18;-742.0;56;371.0;636.0
-903.0;?;?;-30;30;-741.0;40;385.0;639.0
-898.0;9;-188.0;-39;?;-739.0;9;?;641.0
?;21;-272.0;-45;45;-739.0;21;411.0;643.0
-888.0;20;-656.0;?;?;-739.0;20;417.0;644.0
?;?;-810.0;69;-69;-738.0;?;421.0;646.0
?;129;?;-7;7;?;129;422.0;?
-883.0;-47;-1002.0;211;-211;-738.0;?;?;648.0
?;155;-1074.0;-20;20;-738.0;?;423.0;648.0
-881.0;50;-907.0;?;-142;-739.0;50;421.0;649.0
-881.0;1010;-572.0;1225;-1225;-740.0;1010;416.0;649.0
-880.0;?;?;?;-1074;-740.0;2739;411.0;?
-876.0;-2265;-435.0;1551;?;-741.0;-2265;407.0;649.0
-874.0;-5741;-459.0;2282;?;-742.0;-5741;402.0;649.0
-871.0;-4158;-524.0;2282;-2282;-744.0;-4158;400.0;648.0
?;-4372;-582.0;2238;-2238;-745.0;?;397.0;648.0
-866.0;?;-406.0;421;-421;-746.0;-2710;392.0;649.0
-866.0;-2080;-261.0;-1041;1041;-746.0;-2080;?;649.0
?;-2812;-109.0;-915;915;?;-2812;382.0;649.0
?;-2472;54.0;-819;819;?;-2472;380.0;648.0
-867.0;-1654;176.0;-823;823;-753.0;-1654;380.0;?
-870.0;?;?;?;1906;-755.0;2557;377.0;642.0
-873.0;6124;434.0;-3216;3216;-757.0;6124;375.0;641.0
-876.0;6565;?;-3000;3000;-759.0;6565;376.0;?
-878.0;8094;?;-3357;3357;-759.0;?;376.0;640.0
-881.0;5187;381.0;?;2205;-758.0;5187;376.0;?
-883.0;-298;228.0;?;-340;-757.0;-298;377.0;642.0
-884.0;-8;130.0;?;-105;-757.0;-8;?;643.0
-884.0;326;55.0;?;315;-759.0;326;?;641.0
-883.0;-207;-104.0;?;-45;-761.0;-207;?;638.0
-882.0;172;-178.0;37;-37;-763.0;172;?;?
-880.0;-53;-211.0;71;-71;-765.0;-53;372.0;635.0
?;59;-306.0;-35;?;-765.0;59;371.0;?
-881.0;18;-474.0;-37;37;-765.0;18;?;634.0
-886.0;-1;-676.0;-34;34;-763.0;-1;367.0;635.0
-891.0;?;-802.0;-37;37;-761.0;?;360.0;637.0
-896.0;-25;-549.0;-13;13;-758.0;-25;351.0;639.0
-900.0;-1;-508.0;-28;28;-755.0;-1;?;642.0
-902.0;5;-619.0;?;53;-749.0;5;341.0;647.0
?;-30;-452.0;?;11;-749.0;-30;336.0;644.0
?;-19;-380.0;25;?;-745.0;-19;?;?
?;62;-236.0;-22;?;-740.0;62;329.0;?
?;?;?;103;-103;-734.0;-32;328.0;651.0
-907.0;168;?;147;?;-726.0;168;?;652.0
?;117;-134.0;2;-2;-718.0;117;333.0;652.0
-901.0;38;-189.0;?;25;-712.0;38;338.0;649.0
-898.0;1560;-206.0;-359;?;-704.0;1560;342.0;645.0
?;2842;-331.0;-909;909;-694.0;2842;346.0;641.0
?;3024;-336.0;?;1001;-684.0;3024;347.0;636.0
-890.0;3116;?;-1183;1183;?;3116;349.0;?
-887.0;?;?;-1282;1282;-660.0;2731;?;628.0
-885.0;1785;-630.0;-1020;1020;-648.0;?;352.0;625.0
-883.0;728;?;?;1103;-638.0;728;352.0;622.0
-885.0;1064;-526.0;-975;?;-628.0;1064;350.0;622.0
-888.0;2399;-625.0;-1335;1335;-617.0;2399;350.0;618.0
-890.0;3547;?;?;2108;-614.0;3547;348.0;612.0
-893.0;?;-422.0;-1631;1631;-609.0;?;344.0;610.0
-893.0;?;-483.0;-1272;1272;-600.0;4700;342.0;?
-894.0;5372;?;?;1509;-589.0;5372;341.0;614.0
-893.0;3016;?;-669;669;-578.0;?;?;615.0
-891.0;768;-362.0;320;?;-569.0;768;?;613.0
?;?;-388.0;?;-342;-559.0;993;344.0;610.0
-884.0;924;?;372;-372;-549.0;924;346.0;605.0
-880.0;949;-500.0;414;?;?;949;346.0;600.0
-875.0;343;-712.0;107;-107;-526.0;343;346.0;594.0
-870.0;-203;-1147.0;-82;82;?;-203;342.0;?
-867.0;?;-900.0;-20;?;-506.0;72;?;580.0
-865.0;18;-712.0;3;-3;-494.0;18;340.0;574.0
-860.0;36;-808.0;5;-5;-482.0;36;339.0;565.0
-854.0;1;-613.0;80;-80;-468.0;1;?;555.0
?;-46;-505.0;83;-83;-456.0;-46;338.0;?
-844.0;-17;-298.0;104;-104;?;-17;337.0;533.0
?;-39;-678.0;?;-35;-429.0;?;339.0;523.0
-826.0;18;-637.0;-38;38;?;18;335.0;512.0
-816.0;49;-598.0;?;-43;?;49;332.0;503.0
-809.0;-5;?;9;?;-394.0;-5;331.0;495.0
-802.0;5;-738.0;?;19;-381.0;5;326.0;484.0
-795.0;67;-901.0;28;-28;-371.0;67;316.0;473.0
-789.0;59;-751.0;?;-30;-361.0;59;?;462.0
-784.0;37;-615.0;72;-72;-353.0;37;302.0;452.0
-770.0;38;-686.0;?;-54;-343.0;38;?;443.0
-754.0;22;-779.0;?;18;-334.0;22;292.0;?
-741.0;14;-846.0;-7;7;?;14;285.0;425.0
-732.0;17;-810.0;?;19;-319.0;17;276.0;416.0
-723.0;0;-751.0;-49;49;-310.0;?;266.0;409.0
-714.0;-2;?;-44;?;-302.0;-2;?;404.0
-706.0;-1;-706.0;-69;?;-292.0;-1;246.0;399.0
-699.0;-28;?;-70;70;-281.0;-28;239.0;396.0
-692.0;?;-856.0;-9;9;-270.0;-17;231.0;392.0
-686.0;-32;-777.0;?;?;-260.0;?;224.0;388.0
-682.0;39;-711.0;-44;44;-250.0;39;217.0;?
-677.0;98;?;-150;150;?;?;?;381.0
-674.0;100;-581.0;?;32;-232.0;?;?;376.0
-673.0;168;-626.0;364;-364;-223.0;?;193.0;370.0
?;?;-595.0;-389;389;-215.0;30;185.0;364.0
-672.0;467;-524.0;?;-1408;-209.0;467;176.0;359.0
?;?;-420.0;3631;-3631;-202.0;1339;?;352.0
?;1183;-544.0;3441;-3441;-197.0;?;?;347.0
-648.0;1337;-615.0;3784;-3784;-192.0;?;166.0;342.0
-637.0;3034;?;2102;-2102;-189.0;?;160.0;?
-626.0;3476;-931.0;711;-711;-187.0;3476;155.0;337.0
-616.0;990;-886.0;35;?;-185.0;990;152.0;336.0
?;-1477;?;?;?;-183.0;-1477;160.0;335.0
-584.0;-2165;-434.0;?;1774;-178.0;?;179.0;?
?;-2277;-230.0;-2491;2491;?;-2277;201.0;325.0
-543.0;-2396;-22.0;-3003;3003;-169.0;-2396;?;316.0
-527.0;-2415;-235.0;-2875;?;-160.0;-2415;239.0;?
?;-2574;-317.0;-2595;2595;-148.0;-2574;254.0;303.0
?;-2525;-622.0;?;2117;-135.0;-2525;257.0;295.0
?;-2091;-689.0;-2511;2511;-124.0;-2091;253.0;284.0
?;-1498;-498.0;-2326;2326;-115.0;-1498;237.0;276.0
?;-608;-371.0;-156;156;?;-608;229.0;273.0
?;?;-456.0;1725;-1725;-96.0;?;221.0;265.0
-476.0;?;-478.0;566;?;?;-200;213.0;254.0
?;-328;-690.0;?;-1424;-76.0;-328;201.0;246.0
?;208;-727.0;3570;?;-65.0;208;188.0;?
-450.0;730;?;893;-893;-54.0;730;176.0;226.0
-443.0;915;-634.0;-354;354;-44.0;915;165.0;216.0
?;590;-583.0;335;-335;-35.0;590;?;208.0
-424.0;366;-532.0;-343;343;-26.0;?;147.0;202.0
-411.0;352;-587.0;-65;65;-18.0;352;137.0;194.0
-396.0;11;-738.0;44;-44;-10.0;11;127.0;189.0
-381.0;-46;-795.0;?;41;-4.0;-46;?;187.0
-366.0;55;-770.0;?;-28;?;?;111.0;184.0
-348.0;90;?;-102;102;9.0;90;105.0;180.0
-325.0;?;-1301.0;-155;?;18.0;214;94.0;175.0
?;195;-1816.0;-157;?;28.0;195;81.0;166.0
-275.0;144;?;-46;46;38.0;144;67.0;157.0
-247.0;125;-2424.0;40;-40;47.0;125;56.0;150.0
-219.0;121;?;93;-93;54.0;121;?;141.0
?;136;-2727.0;157;-157;64.0;136;?;127.0
-167.0;125;-2421.0;153;-153;69.0;?;27.0;120.0
-152.0;158;-2333.0;98;?;69.0;158;15.0;?
-144.0;?;?;132;-132;?;197;11.0;?
-138.0;113;?;211;-211;66.0;?;?;?
-134.0;93;-3211.0;362;?;60.0;93;15.0;110.0
-132.0;-5;-3571.0;?;-440;?;-5;23.0;113.0
-142.0;80;-4310.0;690;?;44.0;?;24.0;?
-168.0;113;-3807.0;962;-962;37.0;113;36.0;125.0
-210.0;?;?;1338;-1338;31.0;153;85.0;132.0
-242.0;419;665.0;1713;-1713;?;?;137.0;139.0
-262.0;-116;2032.0;?;-1427;20.0;-116;153.0;145.0
?;?;3196.0;3537;?;16.0;1518;172.0;149.0
-348.0;3983;3262.0;6077;-6077;11.0;?;217.0;154.0
?;3830;?;4035;-4035;?;3830;253.0;160.0
-430.0;3264;2508.0;794;?;-1.0;3264;?;170.0
-472.0;2522;?;-216;?;?;2522;306.0;178.0
-516.0;2231;2357.0;322;-322;-12.0;2231;?;?
-560.0;490;2685.0;?;-755;-20.0;490;345.0;193.0
-600.0;-2079;?;-90;90;-28.0;-2079;366.0;200.0
-632.0;-1809;?;?;?;-36.0;-1809;389.0;205.0
-648.0;?;?;-2588;2588;-48.0;?;?;216.0
-651.0;-1753;671.0;-3315;3315;-52.0;-1753;416.0;220.0
-644.0;-1471;?;-3395;3395;-84.0;-1471;?;236.0
-638.0;-1812;78.0;-3473;?;-95.0;-1812;426.0;250.0
-640.0;?;480.0;-3360;3360;-104.0;-1512;436.0;?
-647.0;-1604;?;?;3398;-107.0;-1604;?;265.0
-645.0;-3185;436.0;?;4197;-112.0;-3185;458.0;?
-634.0;-3591;276.0;?;4026;-118.0;-3591;458.0;?
-623.0;-4532;217.0;-3360;3360;-124.0;-4532;458.0;281.0
-614.0;?;?;-707;707;-131.0;?;458.0;291.0
-607.0;3368;146.0;?;-2237;?;3368;?;299.0
-604.0;3130;-22.0;?;-2108;-139.0;3130;459.0;306.0
-604.0;?;-145.0;2059;-2059;?;2981;?;311.0
?;493;537.0;?;-1758;?;493;519.0;335.0
-623.0;728;666.0;3286;?;?;728;515.0;333.0
-628.0;1191;?;?;-4600;?;1191;513.0;334.0
-633.0;?;444.0;6862;?;-193.0;2454;514.0;337.0
-638.0;3152;232.0;?;-6618;?;3152;516.0;340.0
?;?;59.0;3050;-3050;-200.0;?;520.0;?
-647.0;1706;?;-1173;1173;-203.0;1706;526.0;345.0
-649.0;1440;-247.0;?;3376;-205.0;1440;530.0;347.0
?;?;-268.0;-3023;3023;-208.0;1076;?;?
-646.0;?;-324.0;-2677;2677;-210.0;-249;?;347.0
-642.0;-1922;-402.0;-2945;2945;-214.0;?;?;344.0
-642.0;-2744;-760.0;-4184;4184;-216.0;-2744;533.0;337.0
-643.0;-2266;-838.0;-5317;5317;-219.0;-2266;527.0;332.0
-642.0;-2114;-787.0;-5480;5480;-223.0;-2114;517.0;?
-640.0;-2512;-565.0;?;4773;-225.0;-2512;508.0;341.0
?;-3198;-114.0;-3678;?;-219.0;-3198;498.0;333.0
-645.0;-4204;174.0;-3777;3777;?;-4204;489.0;318.0
-648.0;-2198;515.0;-1669;1669;-198.0;-2198;481.0;306.0
-644.0;210;781.0;2427;?;?;210;?;304.0
-635.0;-487;950.0;5653;-5653;-187.0;-487;468.0;304.0
-627.0;446;972.0;6031;-6031;-183.0;446;467.0;307.0
?;2784;?;2211;-2211;-178.0;2784;469.0;309.0
?;2364;547.0;426;?;-173.0;2364;474.0;310.0
-615.0;815;305.0;265;-265;-169.0;815;479.0;309.0
-611.0;296;98.0;-521;521;-165.0;296;484.0;309.0
-606.0;131;?;-17;?;-164.0;131;?;310.0
?;39;?;68;?;-164.0;39;487.0;311.0
-597.0;36;-805.0;14;-14;-166.0;36;488.0;314.0
-593.0;7;?;?;-157;-168.0;7;489.0;?
-591.0;-8;-1482.0;85;?;-168.0;-8;?;323.0
-591.0;?;-1590.0;?;-137;?;5;496.0;327.0
-583.0;25;-1356.0;145;-145;-162.0;25;495.0;326.0
?;-3;-1216.0;?;-128;-160.0;-3;490.0;333.0
?;21;-1222.0;?;-104;-157.0;21;485.0;?
-553.0;?;-1063.0;?;?;-151.0;11;?;?
?;22;-493.0;184;-184;-150.0;22;478.0;333.0
-557.0;?;?;253;-253;-154.0;14;477.0;?
-571.0;27;584.0;531;-531;-162.0;27;482.0;336.0
-588.0;128;820.0;?;-793;-171.0;128;494.0;?
?;151;1134.0;771;-771;-180.0;151;?;?
?;386;1377.0;1514;?;-190.0;386;510.0;350.0
-627.0;901;1535.0;3109;-3109;-201.0;901;512.0;354.0
-636.0;3045;1540.0;6309;-6309;-210.0;3045;?;361.0
-647.0;?;?;6985;?;-219.0;4335;514.0;?
-659.0;3624;1167.0;5205;-5205;-226.0;3624;517.0;373.0
-670.0;4019;889.0;5920;-5920;-233.0;4019;522.0;?
-680.0;1426;543.0;1344;-1344;-237.0;1426;528.0;378.0
-688.0;-1341;250.0;-3412;3412;-241.0;-1341;?;?
-693.0;-756;?;-1962;1962;?;?;534.0;374.0
-695.0;-1476;-286.0;-2229;?;-247.0;-1476;534.0;?
-693.0;-2469;-367.0;-3356;3356;-254.0;?;?;?
?;-2765;-734.0;-4471;4471;-260.0;-2765;531.0;?
-683.0;?;-1287.0;-5138;5138;-265.0;-2590;531.0;?
-676.0;-3182;?;-5134;5134;-272.0;-3182;?;?
-671.0;-3415;-1480.0;?;?;-272.0;-3415;528.0;379.0
-667.0;?;-978.0;-4244;4244;-268.0;-3762;526.0;?
-667.0;-4167;-263.0;?;4988;-260.0;-4167;522.0;?
-667.0;199;259.0;-1207;1207;-256.0;?;518.0;357.0
-663.0;1906;535.0;3127;-3127;-252.0;1906;515.0;354.0
-658.0;?;?;?;-5655;-248.0;?;512.0;354.0
-653.0;663;648.0;4881;?;-245.0;?;513.0;356.0
-667.0;1078;1096.0;?;-4063;-244.0;1078;548.0;405.0
-672.0;2675;1262.0;6616;-6616;-251.0;2675;546.0;407.0
-677.0;4077;1310.0;?;-8320;-257.0;4077;544.0;?
?;3213;1190.0;?;-4981;?;?;544.0;411.0
-687.0;1549;956.0;-94;94;?;1549;?;412.0
-692.0;621;639.0;-2563;?;-266.0;621;548.0;411.0
-695.0;121;322.0;-2700;2700;-266.0;121;551.0;408.0
-695.0;?;?;-2208;2208;-267.0;-491;552.0;406.0
-693.0;-1007;-303.0;-2578;?;-267.0;-1007;552.0;402.0
-688.0;-744;-644.0;?;2149;-274.0;-744;?;?
-683.0;-900;-1007.0;-2439;?;-276.0;?;549.0;401.0
-680.0;-2892;-1449.0;-5132;5132;-276.0;?;549.0;395.0
-675.0;-3839;?;?;5270;?;-3839;?;394.0
-672.0;-3024;-1396.0;-4683;4683;-276.0;-3024;546.0;402.0
-668.0;-4236;-571.0;-4499;4499;-268.0;?;544.0;?
-669.0;-2403;?;-991;991;-256.0;?;539.0;374.0
?;3663;551.0;1976;-1976;?;3663;536.0;?
-657.0;4214;780.0;1947;-1947;-241.0;?;?;363.0
-647.0;1591;819.0;3546;-3546;-234.0;1591;526.0;361.0
-609.0;2524;?;?;-6552;-167.0;2524;502.0;328.0
-613.0;3630;1235.0;7822;-7822;?;3630;501.0;329.0
-619.0;3361;1177.0;?;-5252;-174.0;3361;501.0;328.0
?;4027;994.0;6155;?;-174.0;4027;502.0;325.0
-634.0;2096;621.0;2150;?;-172.0;2096;506.0;320.0
?;-469;296.0;?;3964;-170.0;-469;510.0;?
-640.0;-178;65.0;-2672;2672;-168.0;-178;512.0;308.0
-636.0;-1449;-183.0;-2475;2475;-165.0;-1449;?;303.0
?;-2855;-482.0;-3646;3646;-167.0;-2855;?;300.0
-619.0;-2871;-947.0;-4444;4444;-168.0;?;?;293.0
-613.0;-3424;-1502.0;?;5625;?;-3424;503.0;286.0
-603.0;-3287;?;-5358;5358;-171.0;-3287;492.0;285.0
-598.0;-3437;-1540.0;-5498;5498;-170.0;?;475.0;?
-597.0;?;-880.0;-5297;5297;-164.0;-3867;470.0;282.0
?;-2961;-75.0;?;3668;?;-2961;?;?
?;-3224;526.0;-3232;3232;-140.0;-3224;?;?
-595.0;-1611;912.0;-2502;2502;-133.0;-1611;447.0;?
?;2159;?;2026;-2026;-127.0;2159;?;?
-567.0;2304;905.0;4668;?;-121.0;2304;433.0;?
-582.0;3082;?;4106;-4106;?;3082;455.0;298.0
-586.0;604;?;?;?;-119.0;604;458.0;294.0
-589.0;-684;462.0;-3154;3154;-115.0;-684;?;289.0
-587.0;?;?;-1421;1421;-114.0;-793;464.0;?
-580.0;?;-150.0;-2917;2917;-111.0;?;?;276.0
-570.0;-2816;?;-4455;4455;-113.0;?;457.0;273.0
-561.0;-2821;-1093.0;?;?;-114.0;-2821;453.0;269.0
-554.0;-2969;-1781.0;-5371;5371;?;-2969;?;262.0
-550.0;-3782;-2298.0;-4951;?;?;-3782;448.0;260.0
-545.0;-3446;-1910.0;?;?;-116.0;-3446;447.0;?
-539.0;?;-1081.0;-4189;4189;-107.0;-4627;444.0;250.0
-534.0;-3348;-212.0;-554;554;?;-3348;?;?
-525.0;2714;283.0;2723;-2723;?;2714;?;231.0
?;2607;496.0;?;-1417;?;2607;415.0;227.0
-498.0;859;?;4894;-4894;-73.0;859;405.0;223.0
-539.0;2431;723.0;?;-2604;?;2431;?;250.0
-541.0;1095;243.0;-2777;2777;-74.0;1095;434.0;?
?;?;?;-2791;?;-72.0;459;435.0;240.0
-537.0;-958;-531.0;-1997;?;?;-958;434.0;234.0
-531.0;-1368;-816.0;-1938;1938;-68.0;?;431.0;230.0
-520.0;-1630;?;-2826;?;-71.0;-1630;426.0;228.0
-510.0;-2950;-1564.0;-4867;4867;-70.0;-2950;421.0;220.0
?;?;-1996.0;-4587;?;-69.0;-2473;419.0;211.0
?;-2109;?;-5217;5217;?;-2109;?;207.0
?;-2749;-1749.0;-5562;5562;-65.0;-2749;402.0;?
-464.0;?;-893.0;-2930;2930;-54.0;-3292;?;?
-455.0;-5681;-90.0;?;2799;-40.0;-5681;381.0;180.0
-447.0;-2871;384.0;-1508;?;?;?;?;169.0
-434.0;3075;671.0;2435;-2435;-18.0;3075;358.0;161.0
-421.0;1471;771.0;2288;-2288;?;1471;?;?
-409.0;431;755.0;2068;?;7.0;?;338.0;145.0
?;1674;733.0;1367;?;20.0;1674;332.0;?
-390.0;879;603.0;-153;153;32.0;879;?;127.0
-379.0;426;420.0;205;?;42.0;426;322.0;?
?;59;133.0;35;-35;50.0;59;317.0;109.0
?;362;666.0;5014;-5014;99.0;?;276.0;?
-339.0;888;?;5702;-5702;99.0;?;?;?
-347.0;1588;?;5700;-5700;103.0;1588;?;96.0
-350.0;?;-38.0;3540;-3540;108.0;?;287.0;87.0
-346.0;?;-85.0;-658;?;113.0;?;287.0;79.0
-338.0;1533;-169.0;?;2889;117.0;?;284.0;72.0
?;1899;?;-3565;3565;119.0;1899;278.0;69.0
-315.0;352;-552.0;-4011;?;129.0;?;269.0;49.0
-303.0;-1090;-850.0;-3912;3912;140.0;-1090;?;25.0
-292.0;-1070;-1220.0;-3994;3994;147.0;-1070;?;5.0
-280.0;-2615;?;-4526;4526;149.0;-2615;?;?
-264.0;?;-1646.0;-4805;4805;150.0;-3134;216.0;-31.0
?;-3677;-1329.0;-4093;?;146.0;-3677;198.0;-29.0
-241.0;-3172;-615.0;-4377;4377;152.0;-3172;187.0;-40.0
?;-1975;-95.0;-4063;4063;163.0;-1975;?;-54.0
-244.0;714;174.0;-1515;1515;175.0;714;173.0;-65.0
?;3810;274.0;400;?;184.0;?;161.0;-68.0
-220.0;180;186.0;1759;-1759;194.0;180;146.0;-73.0
-195.0;-812;20.0;2557;-2557;?;?;?;-74.0
-173.0;2681;?;2551;-2551;211.0;2681;?;-76.0
-157.0;1972;-14.0;?;-1385;221.0;1972;106.0;-78.0
?;642;-72.0;-192;192;?;?;105.0;-76.0
-133.0;661;-251.0;-215;215;237.0;661;104.0;-76.0
-123.0;334;-379.0;?;183;245.0;?;106.0;-78.0
-110.0;29;-494.0;-183;?;253.0;29;?;-82.0
-95.0;?;-579.0;149;?;260.0;0;109.0;-84.0
?;?;-599.0;104;-104;267.0;-32;108.0;-86.0
-75.0;-13;-566.0;99;-99;274.0;-13;111.0;-88.0
-77.0;-36;-297.0;134;-134;276.0;-36;?;-79.0
?;-126;-80.0;?;-177;287.0;?;?;-85.0
-50.0;-105;-21.0;?;-153;294.0;-105;?;-89.0
-25.0;-104;?;?;-117;300.0;-104;79.0;-86.0
-9.0;-130;?;152;-152;?;-130;60.0;-73.0
-7.0;-86;-383.0;47;-47;310.0;-86;54.0;-69.0
-11.0;-26;?;38;-38;314.0;-26;?;-62.0
-24.0;-41;998.0;194;-194;314.0;-41;63.0;?
-42.0;-13;1426.0;?;-213;312.0;-13;75.0;-49.0
-64.0;?;1553.0;209;-209;312.0;?;90.0;-54.0
-85.0;25;1554.0;494;-494;306.0;25;104.0;-55.0
?;91;1399.0;?;?;302.0;?;?;-58.0
-116.0;46;1227.0;415;-415;294.0;46;124.0;-55.0
-124.0;317;1037.0;1201;-1201;287.0;?;128.0;-53.0
?;?;800.0;2359;-2359;282.0;374;125.0;-51.0
-122.0;826;536.0;4360;-4360;?;826;119.0;-49.0
-125.0;1130;182.0;6451;-6451;273.0;1130;119.0;-48.0
?;1174;-226.0;?;-6838;271.0;1174;129.0;-47.0
?;2368;?;?;-5232;273.0;2368;137.0;-52.0
?;2166;-827.0;990;-990;282.0;2166;141.0;-66.0
-141.0;1197;-842.0;?;?;289.0;1197;141.0;-80.0
?;1623;-832.0;-3304;3304;287.0;1623;138.0;-80.0
?;?;-872.0;-3508;3508;?;?;132.0;?
-101.0;?;?;-3507;3507;?;-971;119.0;?
-80.0;-2435;-1072.0;-3621;3621;?;-2435;106.0;-133.0
-59.0;-3229;-1237.0;-4205;4205;?;?;?;-152.0
-44.0;-3023;-1328.0;-4562;4562;310.0;-3023;77.0;-157.0
-30.0;-3694;-1032.0;?;4871;305.0;-3694;67.0;?
?;-3263;-298.0;-4371;?;309.0;-3263;63.0;-161.0
-33.0;-3106;401.0;-4411;4411;?;-3106;61.0;?
?;-3928;833.0;-4829;4829;320.0;-3928;?;-170.0
-52.0;2668;1002.0;?;1256;332.0;2668;52.0;-179.0
?;?;1128.0;?;-1049;345.0;3165;39.0;-186.0
-15.0;?;1053.0;1755;-1755;355.0;?;17.0;-189.0
177.0;?;839.0;1676;-1676;488.0;339;-99.0;-296.0
166.0;960;?;?;?;485.0;960;-91.0;-299.0
162.0;819;1053.0;4878;-4878;482.0;819;?;?
?;?;?;5618;-5618;484.0;1437;-101.0;-308.0
183.0;3040;612.0;6446;?;493.0;3040;-115.0;?
194.0;1762;274.0;?;-3116;501.0;1762;-130.0;-335.0
206.0;1761;?;1383;-1383;505.0;1761;-142.0;-342.0
216.0;1862;-493.0;-1350;?;510.0;1862;-152.0;-350.0
?;-220;-702.0;-4859;?;516.0;-220;-150.0;?
213.0;-947;-794.0;-3849;3849;510.0;?;-144.0;-346.0
210.0;-1523;-885.0;-3956;3956;515.0;-1523;-136.0;-356.0
212.0;-1877;-1056.0;-5218;5218;522.0;-1877;-128.0;-371.0
209.0;-1317;-1294.0;-5683;5683;529.0;?;?;-386.0
?;?;?;-5328;5328;524.0;-1737;?;?
220.0;?;-1135.0;-4567;?;521.0;-1666;?;-377.0
220.0;-2274;-478.0;-4229;?;516.0;-2274;-108.0;-376.0
212.0;-2448;252.0;-2666;2666;522.0;-2448;-106.0;-379.0
206.0;1723;596.0;?;?;527.0;1723;-106.0;-382.0
211.0;?;871.0;2331;-2331;?;?;-112.0;-383.0
219.0;89;1078.0;1547;-1547;545.0;89;-119.0;?
228.0;?;?;-169;169;?;93;-126.0;-388.0
231.0;696;913.0;-198;198;561.0;696;?;?
251.0;878;632.0;148;-148;575.0;878;?;-400.0
262.0;364;252.0;-162;162;586.0;364;-165.0;-412.0
267.0;?;-145.0;-238;238;594.0;24;-176.0;?
450.0;?;449.0;?;?;717.0;3040;-375.0;-582.0
452.0;2026;79.0;-2890;2890;721.0;?;-376.0;-586.0
465.0;910;?;-4112;?;726.0;910;-381.0;?
490.0;-646;-792.0;-3282;3282;728.0;-646;-398.0;-587.0
516.0;-1565;?;-3707;3707;729.0;-1565;-414.0;-582.0
537.0;-1390;-1850.0;-3820;3820;728.0;-1390;-427.0;?
550.0;-1053;-2137.0;-4248;4248;730.0;?;-429.0;?
554.0;-1192;?;?;4134;727.0;-1192;-423.0;-573.0
?;-1676;-1901.0;-3541;3541;722.0;-1676;?;-572.0
561.0;-2213;-1064.0;?;3239;719.0;-2213;-406.0;?
?;-1906;-27.0;-2222;2222;719.0;-1906;-404.0;-572.0
564.0;-906;930.0;-1193;1193;720.0;?;-410.0;-582.0
569.0;1698;1415.0;-211;211;724.0;1698;-420.0;-587.0
578.0;?;?;547;-547;728.0;2590;?;?
?;?;832.0;1129;-1129;732.0;-229;-448.0;-592.0
582.0;642;25.0;3710;-3710;?;642;-449.0;-597.0
581.0;1846;-243.0;?;-3095;735.0;?;-446.0;-602.0
587.0;451;-606.0;-17;17;?;451;-446.0;-605.0
598.0;649;-982.0;-63;63;737.0;649;-451.0;-606.0
609.0;209;-1232.0;-46;?;739.0;209;-457.0;?
620.0;-154;-1409.0;-105;105;?;-154;-462.0;?
630.0;85;-1514.0;33;-33;741.0;85;-466.0;-606.0
637.0;-55;-1525.0;-153;153;742.0;-55;-470.0;-607.0
?;?;-1512.0;?;-44;744.0;8;-471.0;?
?;-39;-1203.0;18;-18;746.0;-39;?;?
?;?;-794.0;-49;49;746.0;-35;-473.0;-605.0
?;4;-495.0;-2;2;745.0;4;-486.0;-607.0
?;-3;-507.0;-2;2;?;-3;-501.0;-609.0
674.0;1;-679.0;-35;35;741.0;1;-510.0;-606.0
?;21;-446.0;-2;2;?;21;-514.0;-603.0
660.0;?;166.0;?;13;740.0;39;-510.0;-601.0
648.0;74;744.0;62;-62;737.0;74;-501.0;-597.0
631.0;105;990.0;269;-269;734.0;105;-493.0;-596.0
612.0;?;1080.0;347;-347;?;177;-484.0;?
?;?;1258.0;1197;-1197;727.0;366;-474.0;-596.0
587.0;839;1331.0;2927;-2927;728.0;839;-468.0;-593.0
582.0;1993;1282.0;4825;-4825;729.0;?;-466.0;-594.0
579.0;?;1062.0;?;-5937;732.0;3830;?;-597.0
575.0;4915;747.0;4444;?;737.0;?;-469.0;-601.0
576.0;3677;398.0;1340;-1340;742.0;?;-470.0;-602.0
580.0;996;?;-1182;1182;748.0;996;-470.0;-601.0
584.0;-660;-258.0;?;?;752.0;-660;-469.0;-602.0
591.0;-1507;-583.0;-2192;?;?;-1507;-469.0;-605.0
?;-2645;-920.0;?;?;753.0;?;?;-609.0
606.0;-3142;-1156.0;-3509;3509;754.0;-3142;-473.0;-612.0
618.0;-3082;?;-3515;3515;755.0;-3082;-477.0;-614.0
628.0;-3628;-1222.0;-3354;3354;752.0;?;-480.0;?
630.0;?;-1180.0;-2527;2527;749.0;?;-475.0;-622.0
630.0;?;-751.0;-2537;2537;746.0;?;-472.0;?
630.0;-3441;-114.0;-1402;1402;744.0;?;-468.0;-624.0
629.0;199;?;2127;-2127;743.0;199;?;-624.0
628.0;?;506.0;?;-1377;740.0;949;-470.0;-628.0
626.0;-190;381.0;3456;-3456;738.0;-190;-478.0;-631.0
?;?;210.0;6022;-6022;736.0;800;-482.0;-632.0
615.0;792;132.0;?;?;737.0;792;-481.0;-632.0
611.0;340;204.0;?;862;738.0;340;-480.0;?
610.0;?;172.0;410;-410;739.0;323;-480.0;-632.0
?;76;29.0;-357;?;?;76;-482.0;?
613.0;79;-175.0;?;-344;742.0;79;?;-628.0
615.0;?;-387.0;-43;43;744.0;?;-486.0;?
616.0;?;-494.0;-1;1;746.0;-7;-486.0;-623.0
616.0;-51;-482.0;178;-178;749.0;?;-485.0;?
618.0;-48;-251.0;45;-45;750.0;-48;?;-622.0
628.0;?;48.0;?;0;748.0;?;?;-626.0
637.0;-17;?;-117;?;743.0;?;-511.0;-631.0
644.0;-29;159.0;-29;?;742.0;-29;?;-634.0
646.0;-59;-2.0;?;4;740.0;-59;-535.0;-631.0
640.0;-9;167.0;68;-68;737.0;-9;-540.0;-634.0
?;3;550.0;?;?;737.0;3;-534.0;-630.0
619.0;37;868.0;97;-97;736.0;37;?;-632.0
613.0;119;795.0;165;-165;735.0;119;?;-634.0
611.0;244;746.0;173;-173;735.0;?;-522.0;-638.0
617.0;442;?;120;?;736.0;442;?;-643.0
623.0;529;491.0;643;-643;?;?;-535.0;?
630.0;730;?;1431;-1431;739.0;730;-542.0;-651.0
637.0;1142;?;2712;-2712;740.0;1142;?;?
644.0;2818;7.0;3941;-3941;742.0;2818;-551.0;?
649.0;4662;-135.0;?;-3015;746.0;4662;-556.0;-654.0
651.0;5190;?;1407;-1407;749.0;?;-558.0;?
657.0;5037;-539.0;652;?;749.0;5037;?;?
667.0;?;-402.0;-1203;1203;746.0;1657;-557.0;?
679.0;-2330;-275.0;-1679;1679;743.0;-2330;-562.0;-651.0
692.0;-3734;-274.0;-30;30;740.0;-3734;-569.0;-649.0
701.0;-4471;?;-601;601;739.0;-4471;-575.0;-644.0
?;?;-623.0;-2635;?;738.0;?;-579.0;-639.0
?;-3799;-727.0;-3292;3292;736.0;-3799;-584.0;?
724.0;-4204;-861.0;-2882;2882;?;?;?;?
728.0;-3325;-763.0;-2863;?;746.0;-3325;-584.0;-627.0
730.0;-2790;-621.0;-3424;3424;?;-2790;?;-630.0
732.0;-2444;-401.0;?;2403;748.0;-2444;-587.0;-631.0
732.0;-1164;-257.0;60;-60;750.0;?;-588.0;-635.0
731.0;-311;-395.0;970;-970;750.0;-311;-591.0;-641.0
728.0;1062;-622.0;1069;-1069;748.0;1062;-594.0;-648.0
?;-352;-863.0;1713;-1713;746.0;-352;-593.0;-651.0
720.0;-452;-868.0;4491;-4491;747.0;-452;-587.0;-651.0
716.0;3318;-522.0;5978;?;748.0;3318;?;-652.0
714.0;1831;-128.0;1804;?;?;1831;-574.0;-651.0
711.0;457;?;-424;424;750.0;457;-570.0;?
532.0;808;191.0;-537;537;730.0;808;-455.0;?
533.0;1419;-199.0;-3417;3417;733.0;1419;-452.0;-625.0
539.0;1610;-544.0;-4284;4284;734.0;1610;?;-625.0
547.0;2;?;?;?;?;?;-451.0;-619.0
552.0;-1916;-1351.0;-5300;5300;738.0;-1916;-447.0;-616.0
555.0;-3188;-1711.0;?;4837;738.0;-3188;-437.0;-614.0
560.0;-3771;-1794.0;-4586;4586;737.0;-3771;?;-615.0
567.0;?;-1674.0;-4415;?;732.0;-4441;?;-619.0
569.0;-4081;-1276.0;-4206;4206;724.0;-4081;-417.0;?
563.0;-4196;-577.0;-4585;4585;?;-4196;-407.0;?
552.0;-2669;324.0;-4085;4085;729.0;-2669;-401.0;-612.0
541.0;1106;1161.0;?;411;733.0;1106;-398.0;-614.0
?;1812;1660.0;3792;?;?;1812;-409.0;-611.0
?;2192;1701.0;4400;-4400;736.0;2192;-417.0;-604.0
541.0;2225;?;2497;-2497;?;?;-421.0;-601.0
535.0;1047;?;?;?;738.0;1047;-426.0;-601.0
526.0;781;826.0;?;252;734.0;?;-434.0;?
512.0;169;243.0;-4;4;731.0;169;-435.0;-602.0
?;-5;-53.0;138;?;730.0;-5;?;-600.0
502.0;?;-506.0;106;?;730.0;57;-414.0;-599.0
513.0;-53;-1119.0;189;-189;730.0;-53;-413.0;-597.0
529.0;?;-1667.0;176;-176;?;36;-414.0;-591.0
545.0;-28;-2000.0;?;-154;?;-28;-413.0;-584.0
556.0;38;?;58;?;?;38;-406.0;-582.0
573.0;?;-1730.0;-9;9;742.0;90;-404.0;-583.0
590.0;?;-1369.0;?;-59;737.0;36;-405.0;?
?;-40;?;24;?;731.0;-40;-407.0;-574.0
613.0;-12;-771.0;271;-271;724.0;-12;-409.0;-563.0
606.0;22;13.0;615;-615;720.0;?;?;-552.0
587.0;265;1013.0;1201;-1201;714.0;265;-383.0;-550.0
564.0;743;1793.0;?;?;708.0;743;-371.0;-548.0
539.0;1350;2308.0;4149;-4149;704.0;1350;-359.0;-545.0
516.0;3665;?;?;-6461;702.0;3665;-348.0;-544.0
?;5334;3127.0;7817;-7817;701.0;5334;-337.0;-543.0
491.0;4877;3149.0;6525;-6525;701.0;4877;?;-543.0
486.0;3525;2968.0;3325;?;699.0;3525;-344.0;-543.0
478.0;?;2509.0;?;?;?;448;-350.0;-544.0
473.0;-795;1968.0;-3154;3154;703.0;-795;-354.0;-544.0
466.0;-1278;1395.0;-2251;2251;707.0;-1278;-355.0;-551.0
462.0;-2792;869.0;-2688;?;?;-2792;-350.0;?
465.0;?;309.0;-3282;3282;?;-3457;-343.0;-559.0
479.0;-3878;-462.0;-4467;?;716.0;-3878;-337.0;-558.0
491.0;-3818;-1531.0;-5430;5430;?;-3818;?;?
499.0;-4820;-2582.0;?;5331;717.0;-4820;-338.0;-568.0
499.0;?;?;-5188;?;713.0;-3604;-343.0;?
486.0;?;-2857.0;-5029;5029;710.0;-4617;-339.0;-573.0
471.0;-3876;-1864.0;-4994;4994;714.0;-3876;-331.0;-570.0
461.0;3440;?;219;?;719.0;3440;-324.0;-570.0
463.0;490;?;8761;-8761;720.0;?;-322.0;-571.0
475.0;-1996;545.0;5520;-5520;722.0;-1996;-325.0;-568.0
?;?;704.0;6796;-6796;712.0;5104;-333.0;-546.0
472.0;2451;623.0;1136;-1136;710.0;?;-331.0;-545.0
467.0;329;458.0;-2833;?;708.0;329;-332.0;-548.0
?;-458;225.0;-2616;2616;707.0;-458;?;?
460.0;?;-113.0;-1705;1705;709.0;-1771;?;-554.0
462.0;?;-394.0;?;2293;713.0;-3596;-337.0;-554.0
467.0;-3907;-573.0;?;3578;711.0;-3907;?;-558.0
476.0;-3329;-880.0;-5267;5267;709.0;-3329;?;-557.0
482.0;-2760;-1098.0;-6127;?;710.0;-2760;-328.0;-559.0
490.0;-3588;-1351.0;-5276;5276;708.0;-3588;-323.0;?
497.0;-3922;-1261.0;-5212;5212;?;-3922;-325.0;-557.0
490.0;?;-905.0;-4974;?;703.0;-4247;-323.0;?
481.0;-3182;0.0;-2631;2631;711.0;-3182;-311.0;?
473.0;2338;833.0;954;-954;?;2338;-309.0;-555.0
?;2521;1104.0;5753;-5753;721.0;2521;-314.0;-556.0
481.0;290;1366.0;4439;?;725.0;290;-321.0;-556.0
498.0;-1037;1115.0;-2379;2379;727.0;-1037;-369.0;-586.0
497.0;?;931.0;-1653;1653;729.0;-2822;-368.0;-593.0
?;-3755;476.0;-2141;2141;?;-3755;-372.0;-595.0
511.0;-3565;?;-3612;3612;739.0;?;?;-596.0
528.0;?;-923.0;-5303;5303;735.0;?;-380.0;-600.0
546.0;-3008;-1866.0;?;5824;?;-3008;?;-601.0
554.0;-3907;-2782.0;?;5509;740.0;-3907;-382.0;-602.0
556.0;-4135;-3179.0;-4828;4828;737.0;-4135;?;-602.0
550.0;-3775;?;?;5188;736.0;-3775;-381.0;-605.0
546.0;?;-1288.0;-4290;4290;738.0;-2825;?;-608.0
?;?;91.0;3190;-3190;743.0;?;-367.0;-608.0
557.0;1317;780.0;?;-9829;744.0;1317;-373.0;-613.0
614.0;4143;1528.0;?;?;741.0;4143;-438.0;-641.0
611.0;?;1358.0;?;-472;741.0;1814;-444.0;-642.0
?;?;1153.0;-2869;2869;?;139;-449.0;?
604.0;-821;802.0;-3072;3072;741.0;-821;-455.0;-646.0
602.0;?;413.0;-2955;2955;742.0;-2174;-459.0;-649.0
603.0;-2382;?;?;?;746.0;-2382;-460.0;-647.0
610.0;?;-277.0;?;4179;749.0;-3265;-462.0;-644.0
621.0;-3529;?;?;5397;748.0;-3529;-461.0;?
626.0;-3756;-1717.0;-5968;5968;750.0;-3756;-456.0;-643.0
634.0;?;-2092.0;-5292;5292;750.0;-3967;-454.0;-642.0
?;-4592;-2142.0;-4778;4778;747.0;-4592;-453.0;-642.0
623.0;-5355;-1555.0;-5598;5598;751.0;-5355;-445.0;-638.0
615.0;1197;?;-726;726;755.0;?;?;-634.0
?;4634;320.0;3270;-3270;758.0;4634;-433.0;?
602.0;1899;?;5056;-5056;759.0;1899;-436.0;-630.0
587.0;4649;1230.0;5961;?;770.0;4649;-485.0;-624.0
587.0;?;1382.0;?;-4405;769.0;5070;-493.0;-625.0
589.0;3723;1497.0;2228;?;767.0;3723;-501.0;-626.0
?;?;1494.0;?;2921;763.0;-516;-507.0;-628.0
604.0;-1508;1352.0;-3031;3031;759.0;-1508;-515.0;?
613.0;-2275;920.0;-2280;2280;?;-2275;?;-633.0
623.0;-3767;?;?;3739;?;-3767;-532.0;-627.0
635.0;-3824;-379.0;-4165;4165;760.0;?;-535.0;-624.0
647.0;-4123;-1097.0;-4711;4711;757.0;-4123;?;-627.0
658.0;-3854;-1918.0;-5053;5053;757.0;-3854;-544.0;-629.0
672.0;-3468;-2516.0;-5165;5165;?;-3468;-549.0;?
?;-3716;-2931.0;?;4417;755.0;-3716;-554.0;-637.0
682.0;-2750;-2811.0;?;1491;757.0;-2750;-552.0;-638.0
688.0;65;?;?;-1676;?;65;?;-636.0
694.0;?;-969.0;2213;-2213;761.0;779;-539.0;-636.0
700.0;?;-380.0;2387;-2387;762.0;51;-536.0;-634.0
706.0;2508;?;3258;-3258;764.0;2508;-536.0;?
712.0;4147;?;1737;?;765.0;4147;-542.0;-629.0
553.0;-1363;2496.0;-1909;1909;758.0;-1363;-492.0;-639.0
?;-2851;?;-1831;1831;759.0;?;-495.0;-639.0
565.0;-2811;1213.0;-2003;?;761.0;-2811;-499.0;-639.0
?;-3668;353.0;-3456;?;763.0;-3668;-498.0;?
591.0;?;?;-4092;?;?;-3511;-498.0;-635.0
?;-4285;-1516.0;-3908;3908;769.0;-4285;-494.0;-633.0
625.0;-4143;?;-3524;3524;769.0;-4143;-492.0;-632.0
?;-4011;-3439.0;-3817;3817;766.0;-4011;-488.0;-634.0
636.0;-5678;-4188.0;-3181;3181;760.0;-5678;-494.0;-638.0
627.0;-2557;-4654.0;?;-294;760.0;-2557;-499.0;-638.0
?;12;-4254.0;3088;-3088;760.0;12;-486.0;-638.0
633.0;-1520;-2851.0;6006;-6006;760.0;?;-484.0;-637.0
647.0;240;?;?;?;758.0;240;-487.0;-638.0
?;5816;3392.0;7753;?;?;5816;-434.0;-624.0
467.0;?;2994.0;3026;-3026;?;?;?;-620.0
473.0;-802;2460.0;-2594;2594;740.0;-802;-439.0;-619.0
?;?;1954.0;-3739;3739;743.0;-1463;-446.0;?
482.0;-1575;1282.0;-3864;3864;748.0;?;-450.0;-622.0
?;-2168;505.0;-4040;?;750.0;-2168;-449.0;-626.0
?;-2848;-449.0;-4472;4472;754.0;-2848;-446.0;-628.0
508.0;-3653;?;-4866;4866;?;-3653;-447.0;-625.0
529.0;-4244;-2687.0;-5359;?;758.0;-4244;-442.0;?
552.0;?;-3782.0;-5276;5276;755.0;-4579;?;?
572.0;-4650;-4924.0;-4823;?;?;-4650;-463.0;-632.0
578.0;-3866;-5750.0;-5325;?;748.0;?;-470.0;-625.0
?;?;-5679.0;?;1519;749.0;-332;-455.0;-618.0
578.0;?;-3787.0;2541;-2541;745.0;1715;-440.0;-616.0
?;515;-1616.0;2515;-2515;?;515;-427.0;-607.0
236.0;-3310;267.0;-4259;4259;639.0;?;-246.0;?
?;-3379;-1077.0;-4202;4202;641.0;-3379;-247.0;?
258.0;?;-3128.0;-4193;4193;651.0;-2445;-227.0;-495.0
267.0;?;-3495.0;-4061;4061;668.0;-2121;-212.0;-494.0
261.0;-526;-2890.0;-2182;2182;678.0;?;-194.0;-500.0
267.0;?;?;182;-182;678.0;?;?;?
300.0;2137;-2886.0;88;-88;681.0;2137;-176.0;-495.0
?;1445;-2678.0;590;-590;?;1445;?;-489.0
381.0;1395;-2769.0;1453;?;675.0;1395;?;-481.0
419.0;?;-2841.0;222;-222;675.0;326;-219.0;-477.0
456.0;-1493;-2647.0;472;?;678.0;?;-243.0;-474.0
483.0;-214;-2102.0;2419;-2419;681.0;-214;-261.0;-475.0
500.0;2584;-1222.0;2235;-2235;685.0;2584;-270.0;-476.0
?;?;-392.0;967;-967;690.0;1214;-273.0;-480.0
456.0;4695;-266.0;?;-4792;?;4695;-272.0;-542.0
499.0;1916;20.0;789;-789;725.0;?;-354.0;?
?;?;-299.0;632;-632;723.0;1751;-350.0;-575.0
503.0;168;-550.0;171;-171;?;168;-349.0;-575.0
509.0;-178;-902.0;133;-133;720.0;-178;-352.0;-575.0
512.0;171;-1269.0;?;?;?;171;-357.0;-575.0
?;-38;-1506.0;?;-212;?;-38;-358.0;-578.0
?;64;-1567.0;173;?;725.0;?;-355.0;?
?;43;?;166;-166;727.0;43;?;-582.0
?;41;-1391.0;160;-160;729.0;?;-382.0;-581.0
558.0;19;-1008.0;245;-245;?;19;-385.0;?
563.0;-23;-414.0;304;?;732.0;-23;-388.0;?
566.0;-33;?;374;-374;731.0;-33;-393.0;-562.0
?;29;555.0;486;?;725.0;29;-389.0;-560.0
544.0;143;745.0;957;-957;718.0;?;-379.0;-560.0
523.0;?;1061.0;1530;?;?;216;-366.0;-561.0
501.0;368;1323.0;1653;?;708.0;368;-352.0;-560.0
482.0;618;?;2728;-2728;706.0;618;?;-562.0
470.0;1761;1625.0;5432;-5432;?;1761;-336.0;?
462.0;1792;1543.0;7343;?;710.0;?;-335.0;-566.0
453.0;1960;1392.0;7112;?;711.0;1960;-335.0;-570.0
?;3650;1257.0;?;-3874;712.0;3650;-336.0;-574.0
?;2279;1043.0;-1348;1348;713.0;2279;-331.0;-579.0
417.0;1398;?;-3500;3500;713.0;1398;-322.0;-586.0
415.0;1272;925.0;-3385;3385;?;1272;-322.0;-592.0
421.0;-1005;526.0;-3595;3595;714.0;-1005;-329.0;-596.0
436.0;?;?;-3352;?;716.0;-2283;-341.0;-589.0
?;-2776;-573.0;-3760;?;?;-2776;?;?
?;-2780;?;-4031;4031;?;?;-353.0;?
470.0;-3115;-1911.0;-4192;4192;?;-3115;-355.0;?
465.0;-2556;-2140.0;-3926;?;698.0;-2556;-354.0;-593.0
455.0;-3250;-1638.0;-4275;4275;698.0;-3250;-342.0;-598.0
452.0;-4396;-664.0;-4687;4687;700.0;-4396;-334.0;-599.0
?;964;35.0;-821;821;705.0;964;?;?
471.0;5003;?;2326;-2326;?;5003;-349.0;?
502.0;?;223.0;1543;?;706.0;2629;-377.0;-603.0
448.0;459;1442.0;1959;?;669.0;459;-399.0;-563.0
?;797;1341.0;2830;-2830;664.0;?;-384.0;-549.0
415.0;1260;1282.0;4893;-4893;662.0;?;-373.0;-541.0
406.0;?;1168.0;?;-6467;660.0;2629;-371.0;-541.0
396.0;4497;930.0;7004;-7004;?;4497;-366.0;-543.0
386.0;3246;669.0;4384;-4384;666.0;3246;-362.0;?
373.0;508;263.0;-859;859;?;508;?;-550.0
365.0;1004;110.0;-2809;2809;?;?;?;-555.0
359.0;957;98.0;?;2953;674.0;?;-329.0;-560.0
368.0;864;-121.0;-3304;3304;675.0;864;-329.0;-566.0
381.0;?;-538.0;-3311;3311;?;?;-335.0;-560.0
398.0;-2571;-1133.0;-4034;4034;668.0;-2571;?;?
?;-2711;-1751.0;-4098;?;?;-2711;-352.0;-574.0
425.0;?;-2295.0;-4254;?;?;-3225;?;?
429.0;-4278;-2356.0;?;4943;655.0;-4278;-349.0;-572.0
433.0;-3488;-1505.0;?;4663;654.0;-3488;-337.0;-571.0
428.0;-3645;-376.0;?;?;658.0;-3645;-326.0;-564.0
418.0;-1988;258.0;-3101;3101;662.0;-1988;?;-562.0
416.0;2459;500.0;1073;-1073;663.0;2459;-311.0;-559.0
430.0;3915;491.0;1697;-1697;661.0;3915;?;-559.0
446.0;2227;?;?;-2316;659.0;?;-345.0;-560.0
457.0;1143;312.0;?;-2631;658.0;1143;-358.0;-559.0
462.0;?;178.0;84;-84;658.0;836;?;?
462.0;680;28.0;-283;283;658.0;680;-372.0;-550.0
459.0;418;-120.0;-115;115;?;418;-372.0;-546.0
454.0;159;-135.0;-216;216;658.0;159;-366.0;-543.0
450.0;67;?;?;-127;656.0;67;-357.0;-540.0
449.0;17;?;?;1;?;17;-349.0;?
450.0;-4;-116.0;83;-83;?;-4;-345.0;-535.0
451.0;-4;?;?;-78;658.0;-4;-342.0;-529.0
?;-13;?;11;?;669.0;-13;-336.0;?
?;-39;68.0;74;-74;668.0;?;-329.0;-533.0
450.0;16;245.0;63;-63;670.0;16;-336.0;?
459.0;27;52.0;-90;90;671.0;27;-345.0;-534.0
465.0;-14;-230.0;?;38;667.0;-14;?;-528.0
466.0;13;-336.0;45;-45;671.0;13;-363.0;?
458.0;9;-81.0;-5;5;670.0;9;-356.0;-512.0
442.0;1;?;220;-220;?;1;-336.0;?
422.0;?;678.0;132;-132;665.0;62;?;-494.0
?;-25;833.0;350;-350;658.0;-25;-290.0;-488.0
?;15;?;189;-189;?;?;-268.0;-483.0
352.0;23;932.0;48;-48;652.0;?;-248.0;-479.0
?;550;1098.0;3266;-3266;651.0;550;-236.0;?
337.0;?;1117.0;6696;-6696;652.0;3203;?;-474.0
?;5046;1070.0;?;-7436;?;5046;-227.0;-473.0
335.0;4429;?;?;?;657.0;4429;-230.0;-475.0
335.0;?;527.0;2801;-2801;660.0;2296;?;-479.0
?;-226;115.0;-1176;1176;664.0;-226;-235.0;-487.0
332.0;-326;?;?;1558;668.0;-326;-228.0;-497.0
?;-584;-434.0;-1406;1406;672.0;?;-229.0;?
346.0;?;-704.0;?;2681;668.0;-2424;?;?
364.0;?;?;-3382;?;658.0;?;-250.0;?
376.0;-3409;-1475.0;?;3857;656.0;-3409;-255.0;-519.0
381.0;?;-1794.0;-4186;4186;650.0;-3429;-257.0;-521.0
?;-3280;-1710.0;?;3913;644.0;-3280;-253.0;-517.0
383.0;-3302;-1161.0;-4022;?;642.0;?;-248.0;-515.0
377.0;-3212;-524.0;-3556;?;647.0;-3212;-236.0;-511.0
?;-2161;339.0;?;3026;?;-2161;-232.0;-504.0
370.0;841;?;-2296;2296;653.0;?;-230.0;-499.0
?;3085;?;124;-124;?;3085;?;-499.0
378.0;1393;1092.0;1181;?;?;1393;-240.0;-498.0
?;-135;?;?;-1347;654.0;?;?;-499.0
373.0;281;?;1668;-1668;654.0;281;-241.0;?
369.0;62;1084.0;1652;-1652;655.0;?;-242.0;-502.0
363.0;101;?;1645;?;657.0;?;-239.0;-502.0
360.0;661;?;479;-479;660.0;661;-237.0;-501.0
?;639;1429.0;857;-857;650.0;639;?;-474.0
313.0;2514;1158.0;5789;-5789;649.0;2514;-208.0;?
311.0;2895;296.0;7054;-7054;649.0;2895;?;-491.0
297.0;2938;-361.0;6166;?;650.0;?;?;-504.0
288.0;1369;-413.0;?;-4535;?;1369;?;-519.0
286.0;-6;-635.0;?;1052;653.0;?;-222.0;-522.0
295.0;756;?;-4422;4422;654.0;756;-226.0;?
309.0;287;-642.0;?;2565;653.0;287;-234.0;-535.0
331.0;-1509;-774.0;-1470;1470;652.0;-1509;-249.0;-543.0
?;?;?;-1438;1438;650.0;-2567;?;-549.0
375.0;-1882;-1190.0;-1270;1270;646.0;-1882;-288.0;?
393.0;?;-1477.0;-1977;1977;642.0;-1508;?;-559.0
?;-1124;-1856.0;-1357;1357;635.0;-1124;-326.0;-548.0
408.0;?;-1894.0;-393;393;644.0;-397;?;?
402.0;-580;-881.0;115;-115;655.0;-580;-301.0;-548.0
392.0;-226;360.0;860;-860;656.0;-226;?;-546.0
?;?;688.0;-162;162;659.0;?;-280.0;?
411.0;361;641.0;?;-3812;662.0;?;-285.0;-546.0
421.0;2575;?;?;?;666.0;2575;-293.0;-547.0
426.0;246;259.0;-5205;?;669.0;246;-298.0;-550.0
?;284;221.0;?;3888;?;284;-300.0;-553.0
428.0;666;5.0;?;-706;?;666;-299.0;-555.0
428.0;-183;-12.0;35;-35;?;-183;-298.0;-553.0
401.0;?;231.0;-4675;4675;?;-1160;-318.0;-553.0
391.0;-527;471.0;?;3812;646.0;?;-317.0;?
379.0;-140;?;-4663;4663;639.0;-140;?;-548.0
371.0;?;918.0;-3074;3074;?;-1078;-308.0;-549.0
?;-2691;1097.0;-1632;?;?;-2691;?;-538.0
350.0;?;?;?;1689;626.0;?;-299.0;-528.0
?;?;436.0;-1326;1326;622.0;-2529;-288.0;-516.0
313.0;-2054;-105.0;-1774;1774;?;-2054;?;-510.0
292.0;-360;-80.0;-500;500;632.0;-360;-237.0;-500.0
281.0;-42;-165.0;-305;?;627.0;?;-223.0;?
282.0;109;-741.0;296;-296;?;109;-215.0;-493.0
296.0;?;?;-83;83;625.0;8;?;?
?;-1184;?;-5310;5310;621.0;-1184;-225.0;-487.0
326.0;-337;-1293.0;-2812;?;617.0;-337;-232.0;-485.0
339.0;?;-910.0;1010;?;615.0;?;-238.0;-483.0
?;-36;-596.0;-461;461;612.0;-36;-246.0;-477.0
363.0;55;-198.0;-155;?;609.0;55;-252.0;-469.0
375.0;32;-67.0;-265;265;608.0;32;-261.0;-464.0
382.0;?;25.0;?;44;609.0;59;-270.0;-463.0
?;17;?;327;-327;606.0;17;?;-460.0
?;-58;200.0;193;-193;604.0;?;-277.0;-457.0
371.0;32;?;462;-462;600.0;32;-274.0;-457.0
356.0;-60;503.0;276;-276;598.0;-60;-265.0;-457.0
345.0;-68;702.0;-17;17;?;-68;?;-461.0
336.0;-51;648.0;?;24;594.0;-51;-260.0;-452.0
316.0;-94;594.0;-50;50;593.0;-94;-247.0;?
286.0;-26;?;28;-28;?;-26;-226.0;-444.0
260.0;-104;588.0;-84;?;585.0;-104;-202.0;-444.0
243.0;-43;572.0;13;-13;575.0;?;-192.0;-437.0
232.0;?;357.0;5;-5;566.0;-48;-184.0;-428.0
225.0;-154;-33.0;-180;?;?;-154;-175.0;-418.0
222.0;118;-133.0;292;-292;?;118;-168.0;-404.0
?;-408;-148.0;-625;?;?;-408;?;?
193.0;?;-79.0;1247;-1247;522.0;663;-132.0;-371.0
171.0;3920;8.0;6947;-6947;516.0;3920;-111.0;?
153.0;3904;161.0;6919;?;509.0;3904;-98.0;-351.0
142.0;3196;224.0;5697;-5697;503.0;3196;-95.0;?
134.0;?;334.0;8261;-8261;498.0;?;-100.0;-336.0
127.0;1289;?;2369;-2369;490.0;1289;?;-327.0
118.0;-2378;464.0;-4282;4282;489.0;?;?;-329.0
114.0;?;619.0;-2475;2475;496.0;-1825;-101.0;-340.0
123.0;?;596.0;?;1820;499.0;-2766;-111.0;-348.0
132.0;-3139;358.0;?;415;497.0;?;?;-350.0
140.0;?;-77.0;283;?;484.0;-3644;-143.0;-336.0
136.0;-2655;?;300;-300;479.0;-2655;-142.0;-328.0
122.0;-4006;?;?;175;482.0;-4006;-121.0;-326.0
?;-2666;?;435;-435;472.0;-2666;-99.0;-306.0
?;5369;-421.0;3050;?;466.0;5369;-91.0;-299.0
101.0;1552;-586.0;-3933;?;462.0;1552;-84.0;-294.0
100.0;-2567;?;-8605;8605;456.0;-2567;-79.0;-286.0
?;447;-330.0;?;2599;451.0;?;?;-283.0
98.0;-146;16.0;509;-509;451.0;-146;-71.0;-284.0
101.0;226;248.0;5;?;448.0;?;?;-280.0
106.0;352;?;-22;?;?;352;?;-278.0
122.0;43;389.0;46;?;?;?;?;-276.0
133.0;372;468.0;-44;44;436.0;372;-104.0;?
140.0;89;587.0;93;?;439.0;89;-115.0;-270.0
135.0;52;531.0;319;-319;430.0;52;?;-257.0
109.0;39;512.0;301;-301;427.0;39;-113.0;-254.0
84.0;-54;456.0;?;?;429.0;-54;-102.0;-262.0
70.0;-72;443.0;-14;14;420.0;-72;-94.0;-251.0
63.0;-73;286.0;-48;48;414.0;-73;-88.0;-243.0
?;-38;230.0;?;-3;412.0;-38;-75.0;-240.0
49.0;-51;?;-549;549;415.0;?;?;?
47.0;-41;220.0;?;456;410.0;-41;-51.0;?
59.0;34;61.0;?;60;399.0;34;-68.0;-235.0
72.0;?;-89.0;-1360;1360;388.0;-226;-91.0;-229.0
?;668;-192.0;2750;-2750;?;?;-102.0;?
71.0;2111;-19.0;6926;-6926;?;2111;-105.0;?
?;3339;30.0;6169;-6169;345.0;3339;-92.0;?
40.0;?;25.0;6073;-6073;332.0;3667;-78.0;?
26.0;3337;50.0;5722;-5722;322.0;3337;-64.0;-183.0
14.0;4399;146.0;7128;-7128;315.0;4399;-52.0;?
?;1050;269.0;2061;-2061;306.0;1050;-42.0;-161.0
?;-3239;256.0;-5039;?;299.0;-3239;-32.0;?
-19.0;-2378;?;-3464;?;288.0;-2378;-23.0;-137.0
?;-2548;48.0;-2473;?;283.0;?;-11.0;-127.0
-13.0;-3131;-101.0;-2131;2131;277.0;?;-18.0;-117.0
-2.0;-2874;?;-1570;1570;276.0;-2874;?;?
9.0;-3146;-1146.0;-1958;1958;253.0;-3146;-39.0;-87.0
13.0;?;-1461.0;-1740;1740;?;-2928;?;?
?;-3049;?;-1822;1822;248.0;-3049;-1.0;-78.0
?;-3070;-111.0;-1822;1822;240.0;-3070;19.0;-60.0
-40.0;-2833;94.0;-1807;1807;230.0;?;30.0;-47.0
?;-3425;-43.0;-1754;?;?;-3425;36.0;?
?;?;-160.0;-2229;2229;?;-1886;?;-30.0
-5.0;311;-109.0;-3939;?;215.0;311;27.0;?
?;-14;83.0;?;3357;?;-14;14.0;-16.0
29.0;63;212.0;-308;308;203.0;?;?;-7.0
43.0;210;396.0;130;?;209.0;210;-12.0;-14.0
55.0;-19;462.0;?;274;208.0;-19;-22.0;-15.0
64.0;?;?;?;-98;212.0;?;?;-14.0
69.0;28;379.0;-37;37;202.0;28;-40.0;0.0
65.0;-45;291.0;?;-162;?;-45;-41.0;?
?;-77;252.0;176;-176;189.0;-77;-34.0;21.0
37.0;-52;341.0;143;-143;189.0;-52;-26.0;25.0
35.0;-173;550.0;-41;41;190.0;?;-25.0;24.0
45.0;?;478.0;-293;?;185.0;-212;?;32.0
49.0;-167;228.0;-220;?;178.0;-167;-32.0;38.0
47.0;-85;-120.0;-106;106;168.0;-85;-27.0;50.0
37.0;142;-576.0;-41;41;152.0;142;-11.0;66.0
24.0;136;?;-11;?;134.0;136;3.0;83.0
25.0;328;-164.0;157;-157;?;328;4.0;102.0
34.0;691;-416.0;298;-298;97.0;691;2.0;?
46.0;847;?;1471;-1471;82.0;847;?;134.0
?;1554;-424.0;5341;-5341;?;?;-1.0;?
61.0;2244;-227.0;7365;-7365;?;?;?;164.0
60.0;2825;-18.0;6368;?;34.0;2825;-5.0;178.0
52.0;3931;124.0;8303;-8303;?;3931;-5.0;192.0
?;1662;354.0;3278;-3278;6.0;1662;-5.0;?
36.0;-2181;579.0;?;5360;-8.0;-2181;?;?
34.0;-1964;?;-4907;4907;-21.0;-1964;-12.0;?
35.0;-1203;635.0;-4899;4899;-32.0;-1203;-18.0;235.0
?;-2314;?;-4403;4403;?;-2314;-26.0;?
52.0;-2663;483.0;-1043;?;-48.0;?;?;249.0
61.0;-3110;434.0;-1464;1464;-56.0;-3110;-46.0;255.0
?;-2386;204.0;?;-92;-66.0;-2386;?;267.0
?;-1735;?;?;667;-57.0;-1735;-52.0;258.0
62.0;-1290;564.0;-3240;3240;?;-1290;-35.0;?
?;?;?;2053;-2053;-77.0;2227;-16.0;?
67.0;-1620;?;-6985;?;-83.0;?;-27.0;?
97.0;-4630;-215.0;-13602;13602;-86.0;-4630;-49.0;?
124.0;1249;-882.0;-1749;1749;-93.0;1249;-66.0;301.0
144.0;1193;-1045.0;-1882;1882;-97.0;1193;-77.0;308.0
166.0;381;-894.0;-3244;3244;-100.0;381;-91.0;314.0
188.0;?;-559.0;-1960;1960;-103.0;1414;-104.0;?
211.0;283;?;-1922;1922;-99.0;283;-122.0;315.0
?;-30;-72.0;893;-893;?;-30;-142.0;305.0
?;-125;64.0;276;-276;-78.0;?;?;?
?;-131;76.0;234;-234;?;-131;?;296.0
275.0;?;111.0;492;-492;-88.0;-106;-193.0;298.0
278.0;-92;156.0;?;-248;-91.0;-92;-202.0;?
287.0;-61;312.0;?;-293;-95.0;?;-214.0;295.0
306.0;-132;385.0;-85;85;-96.0;-132;-232.0;296.0
317.0;?;?;-4;4;?;-114;-243.0;291.0
322.0;-101;-355.0;28;-28;-89.0;?;?;280.0
328.0;-181;-459.0;?;98;?;?;-247.0;283.0
345.0;110;-562.0;141;-141;?;110;-260.0;287.0
367.0;339;?;57;-57;-113.0;339;-277.0;?
395.0;668;-842.0;808;-808;-124.0;668;-295.0;?
423.0;1050;-839.0;1021;?;-137.0;1050;-312.0;304.0
443.0;1014;?;679;-679;-152.0;1014;-325.0;317.0
461.0;1529;-410.0;5017;?;-166.0;1529;-336.0;?
473.0;?;-124.0;8566;-8566;-179.0;1822;-346.0;342.0
482.0;?;?;6245;-6245;-189.0;?;-355.0;353.0
487.0;1700;268.0;7943;-7943;?;?;-365.0;363.0
493.0;1557;401.0;?;-7160;-208.0;1557;-374.0;368.0
499.0;2637;?;-3704;3704;-216.0;2637;-387.0;376.0
502.0;3234;584.0;-6975;6975;?;3234;-399.0;382.0
?;1119;678.0;-3784;3784;-234.0;1119;-409.0;388.0
?;-1960;647.0;-2869;2869;-245.0;-1960;-420.0;399.0
521.0;-3384;488.0;?;?;-258.0;?;-431.0;413.0
525.0;-3649;?;-1054;1054;?;-3649;?;425.0
?;-3711;?;-842;?;-285.0;-3711;-454.0;447.0
?;-3601;-396.0;?;?;-288.0;-3601;-458.0;450.0
525.0;-3989;?;-295;?;-300.0;-3989;-447.0;453.0
?;-2233;260.0;92;-92;-308.0;?;-445.0;464.0
534.0;737;373.0;?;-849;-314.0;737;-453.0;474.0
550.0;961;97.0;2046;-2046;-319.0;?;-466.0;474.0
568.0;731;-248.0;2609;-2609;-326.0;731;-479.0;?
583.0;900;?;2651;?;-334.0;900;-492.0;482.0
597.0;745;-350.0;2633;?;-340.0;745;-501.0;?
?;?;?;2657;-2657;-350.0;856;-507.0;494.0
?;804;-302.0;2632;-2632;-363.0;?;-511.0;501.0
659.0;1911;324.0;4752;-4752;-510.0;1911;-539.0;632.0
659.0;?;378.0;-824;824;-514.0;?;-543.0;630.0
660.0;-2811;?;?;5018;-521.0;-2811;-548.0;636.0
662.0;?;?;-4651;4651;-532.0;-2629;-551.0;640.0
665.0;-1207;520.0;-3442;3442;-540.0;-1207;?;641.0
666.0;-1368;486.0;-2910;2910;-545.0;?;-558.0;648.0
667.0;-2667;?;-1452;1452;-552.0;-2667;-564.0;657.0
?;?;-102.0;250;-250;-564.0;-2699;-569.0;664.0
665.0;-2704;-494.0;-277;277;-582.0;-2704;-569.0;673.0
658.0;?;?;?;1221;?;-2380;-558.0;669.0
647.0;?;-257.0;-626;626;-611.0;-465;-535.0;671.0
640.0;651;375.0;325;-325;?;651;-525.0;?
640.0;?;593.0;?;-2414;-626.0;737;-521.0;679.0
638.0;419;485.0;-212;?;-631.0;419;-518.0;?
637.0;-225;379.0;-4774;4774;-635.0;-225;-514.0;679.0
?;-71;364.0;-2428;?;-639.0;-71;?;677.0
?;158;422.0;64;-64;-644.0;158;?;675.0
?;147;529.0;135;-135;-651.0;147;-505.0;673.0
639.0;124;595.0;?;-155;?;124;-501.0;?
639.0;30;648.0;?;169;-668.0;30;-498.0;669.0
640.0;39;?;56;?;-675.0;39;-495.0;668.0
641.0;2;568.0;104;-104;?;2;-493.0;669.0
640.0;-4;540.0;132;-132;-684.0;-4;-492.0;670.0
637.0;38;289.0;?;-161;-686.0;38;-493.0;670.0
635.0;?;-13.0;160;?;?;70;-495.0;670.0
638.0;43;-226.0;93;-93;-689.0;43;?;670.0
637.0;44;-494.0;?;109;-688.0;44;?;671.0
631.0;48;-1096.0;-106;106;-684.0;?;-501.0;672.0
626.0;?;-1411.0;-133;133;-681.0;-61;-495.0;672.0
633.0;9;-1165.0;-164;164;?;9;?;676.0
?;63;-739.0;?;230;?;?;?;681.0
640.0;96;-700.0;?;-89;-682.0;96;?;684.0
?;?;-483.0;126;-126;-684.0;221;-500.0;687.0
657.0;346;-109.0;34;?;-685.0;346;-506.0;691.0
?;436;124.0;321;-321;-685.0;436;-512.0;693.0
660.0;239;177.0;-374;374;-683.0;239;-518.0;696.0
658.0;1387;246.0;2646;?;-682.0;1387;?;697.0
655.0;4139;347.0;7922;-7922;?;4139;-526.0;698.0
652.0;3744;475.0;6196;-6196;-681.0;3744;-527.0;696.0
650.0;-444;512.0;-245;?;-681.0;-444;-528.0;693.0
648.0;-2786;470.0;-4099;4099;-683.0;?;-530.0;690.0
?;-2497;?;-4127;4127;?;-2497;-531.0;687.0
650.0;-1847;335.0;-3187;3187;-694.0;?;-533.0;685.0
648.0;-1865;196.0;?;2455;-693.0;-1865;-536.0;688.0
647.0;-2456;9.0;-1357;1357;-688.0;-2456;-537.0;698.0
646.0;-2387;?;-769;769;-684.0;-2387;-541.0;702.0
646.0;-2411;-302.0;-1217;1217;-692.0;?;-544.0;698.0
647.0;-2750;-521.0;-2501;2501;-694.0;-2750;-543.0;?
?;-2612;?;-3227;3227;-697.0;-2612;-532.0;697.0
628.0;-1336;?;-2206;2206;-695.0;?;?;699.0
621.0;?;249.0;?;34;-697.0;398;-512.0;698.0
621.0;875;345.0;1613;-1613;-699.0;875;-514.0;697.0
622.0;482;271.0;1622;?;-698.0;482;-518.0;698.0
621.0;-111;117.0;1235;-1235;-696.0;-111;-519.0;701.0
620.0;627;?;?;-1468;-694.0;627;-519.0;?
621.0;?;227.0;1043;-1043;-693.0;?;-521.0;?
623.0;86;?;187;?;?;86;-525.0;704.0
626.0;?;222.0;122;?;-695.0;-98;-529.0;704.0
629.0;158;?;156;-156;?;?;-532.0;705.0
630.0;-32;38.0;244;-244;-698.0;-32;-536.0;703.0
?;211;-223.0;550;?;?;211;-538.0;694.0
631.0;?;?;703;-703;-714.0;350;-534.0;?
632.0;376;-42.0;?;-880;?;376;-525.0;685.0
636.0;406;?;922;-922;-714.0;406;-518.0;685.0
642.0;?;748.0;840;-840;-708.0;274;?;?
648.0;206;1068.0;834;-834;-697.0;?;?;702.0
649.0;137;1533.0;776;-776;-696.0;137;-515.0;704.0
?;176;1542.0;795;-795;-690.0;176;-509.0;710.0
632.0;177;?;?;-785;-695.0;177;?;?
612.0;276;?;1682;?;?;276;-475.0;701.0
584.0;821;?;3421;?;-701.0;821;-455.0;700.0
556.0;278;3228.0;3188;-3188;-703.0;278;-443.0;?
526.0;1295;3721.0;?;?;?;1295;-433.0;696.0
500.0;3627;4429.0;?;-6982;-710.0;?;?;692.0
473.0;2427;5047.0;3635;-3635;-708.0;?;-438.0;692.0
446.0;949;5316.0;?;2532;-708.0;949;-453.0;692.0
422.0;?;5454.0;-4614;4614;?;906;-477.0;688.0
407.0;-174;5035.0;-4951;4951;?;-174;?;681.0
395.0;-1724;4135.0;-5606;5606;-724.0;-1724;-543.0;678.0
390.0;-2469;3312.0;-5512;5512;-727.0;-2469;-566.0;675.0
383.0;?;?;-5538;5538;?;?;?;676.0
377.0;?;1907.0;?;5747;-726.0;-2493;?;678.0
370.0;-2502;1111.0;-5384;?;-724.0;-2502;?;680.0
359.0;?;733.0;-5865;5865;?;-3053;-597.0;680.0
348.0;-3254;512.0;-5035;5035;-723.0;-3254;-595.0;678.0
341.0;-3547;265.0;?;4190;-726.0;-3547;?;674.0
340.0;-3797;227.0;-4528;4528;?;?;?;668.0
202.0;?;-627.0;7193;-7193;-687.0;5279;-594.0;?
191.0;1568;-1046.0;?;-772;-684.0;1568;?;596.0
185.0;-823;-1517.0;?;3244;-684.0;-823;-537.0;?
183.0;-1059;-1875.0;?;1986;?;-1059;-509.0;606.0
188.0;-2199;?;-2379;2379;-692.0;?;-484.0;612.0
202.0;-2981;-3610.0;-3658;?;?;-2981;-465.0;606.0
?;?;-4927.0;-4506;?;-689.0;-3102;?;?
234.0;-3192;-5886.0;-4827;?;?;-3192;-380.0;617.0
240.0;-3572;-6188.0;-5326;?;-682.0;?;-326.0;611.0
256.0;-3834;?;-4908;4908;-679.0;-3834;-289.0;?
282.0;-4282;-5538.0;?;4761;-669.0;-4282;-275.0;603.0
293.0;-3831;-4995.0;-4930;?;-671.0;-3831;?;597.0
278.0;-2295;-4596.0;-2868;?;-676.0;?;-280.0;590.0
270.0;-3071;-4542.0;-3326;3326;-677.0;-3071;-277.0;584.0
253.0;-535;-4747.0;-59;59;-674.0;?;-242.0;582.0
416.0;2546;902.0;5577;-5577;-693.0;2546;-353.0;?
407.0;3342;878.0;4618;-4618;-694.0;?;-358.0;?
397.0;1606;830.0;-186;186;-699.0;1606;-359.0;?
?;-378;717.0;-3538;?;?;-378;-360.0;597.0
398.0;?;?;-3069;3069;-705.0;-1159;?;600.0
411.0;-2230;-26.0;-2108;2108;-707.0;-2230;-375.0;?
?;-2727;?;?;3166;-709.0;-2727;-379.0;597.0
444.0;-2906;?;-4742;4742;?;-2906;-380.0;606.0
?;-2718;-1280.0;-4653;4653;-714.0;-2718;-383.0;604.0
471.0;-2691;-1800.0;-4642;?;-711.0;-2691;-384.0;607.0
?;?;-1990.0;-5098;5098;-711.0;-3576;-390.0;613.0
479.0;-2945;-1812.0;?;4880;-714.0;?;-388.0;?
476.0;-4057;-787.0;-5700;5700;-722.0;?;?;615.0
?;-502;127.0;-1772;1772;-729.0;-502;-384.0;616.0
485.0;?;388.0;2469;-2469;?;4515;-390.0;616.0
610.0;?;1191.0;?;-1849;-732.0;642;-489.0;659.0
610.0;1225;1220.0;4858;-4858;-731.0;1225;?;663.0
?;2785;1222.0;7189;-7189;-730.0;2785;-495.0;667.0
614.0;3825;1017.0;7530;-7530;-727.0;?;-504.0;673.0
615.0;?;674.0;6270;-6270;-724.0;2786;-515.0;678.0
614.0;1510;236.0;?;1909;-720.0;?;-524.0;682.0
613.0;1070;-235.0;?;?;-718.0;1070;?;?
616.0;-1149;-627.0;?;1455;-716.0;-1149;?;?
623.0;-3081;-884.0;-2745;?;-713.0;-3081;-539.0;690.0
631.0;-1860;-1070.0;-4659;4659;?;-1860;-543.0;686.0
644.0;-574;-1356.0;-5899;?;-716.0;?;-549.0;686.0
658.0;?;-1765.0;-6635;6635;-715.0;?;-555.0;687.0
?;-977;-2156.0;-5250;5250;?;-977;?;687.0
680.0;-1292;-2051.0;-4663;?;-710.0;-1292;-557.0;?
?;-990;-1532.0;?;4931;-705.0;?;-553.0;?
685.0;-1411;19.0;?;?;?;-1411;-553.0;677.0
704.0;-1285;?;-2740;2740;-695.0;-1285;-561.0;666.0
726.0;-1749;1443.0;2039;-2039;-690.0;-1749;-572.0;658.0
?;-2734;1077.0;4996;-4996;-681.0;-2734;?;?
756.0;-2151;630.0;3819;?;-673.0;?;-596.0;645.0
761.0;-2492;185.0;4375;-4375;-666.0;-2492;-612.0;640.0
?;-2588;-282.0;4491;-4491;-658.0;-2588;-627.0;635.0
?;274;?;?;-875;-647.0;?;-638.0;633.0
756.0;927;-1524.0;-481;?;-638.0;?;-645.0;628.0
753.0;?;?;?;-290;-635.0;-117;-650.0;625.0
751.0;?;-2233.0;-4;4;?;222;-652.0;623.0
?;31;-2386.0;136;-136;-631.0;31;-653.0;?
756.0;-31;-2358.0;143;-143;-629.0;?;?;617.0
?;26;-2057.0;68;-68;-626.0;26;-647.0;?
?;-39;-1706.0;147;-147;?;-39;-645.0;?
766.0;80;-1266.0;27;-27;-596.0;80;?;621.0
?;?;-1219.0;45;?;-575.0;?;-638.0;621.0
766.0;32;-1288.0;135;-135;-558.0;32;-635.0;611.0
765.0;51;-735.0;235;-235;?;51;-632.0;597.0
765.0;?;93.0;225;-225;-534.0;17;-630.0;594.0
765.0;139;564.0;339;-339;?;?;-630.0;?
763.0;132;824.0;727;-727;-507.0;132;-632.0;?
?;311;1154.0;1386;-1386;-496.0;311;-631.0;578.0
?;798;1375.0;2683;-2683;-485.0;798;?;571.0
?;1430;?;4941;-4941;?;1430;-629.0;565.0
760.0;2457;1347.0;7346;-7346;?;2457;-630.0;559.0
760.0;2640;1059.0;8044;-8044;-460.0;2640;?;552.0
?;2534;1039.0;5664;-5664;-451.0;2534;-629.0;544.0
?;2615;?;1260;-1260;?;2615;-631.0;536.0
757.0;1348;424.0;-2154;2154;-437.0;1348;?;530.0
756.0;-316;154.0;-2979;2979;-432.0;?;-632.0;528.0
755.0;-1368;-183.0;?;3376;-426.0;-1368;-632.0;523.0
?;-1883;-631.0;-4615;4615;?;-1883;-631.0;511.0
?;-2163;?;-5642;5642;-421.0;?;-630.0;515.0
753.0;?;-1874.0;-5620;5620;-422.0;-2000;-628.0;500.0
754.0;-2324;-2481.0;-5388;5388;-419.0;?;-627.0;494.0
757.0;-2942;-2677.0;?;5353;-431.0;?;-623.0;509.0
755.0;-2291;-1906.0;?;5233;?;?;-619.0;?
?;-3519;-821.0;?;5080;?;-3519;-614.0;494.0
?;?;374.0;?;489;-403.0;-3065;-604.0;479.0
759.0;-723;1108.0;2625;?;-391.0;-723;-598.0;470.0
693.0;?;1214.0;2301;-2301;-262.0;498;-566.0;390.0
697.0;1123;1363.0;4044;-4044;-264.0;1123;?;?
?;2615;?;6576;?;-266.0;2615;-561.0;383.0
704.0;3931;1359.0;8581;?;-266.0;3931;-560.0;382.0
709.0;?;1225.0;6993;-6993;?;4352;-561.0;383.0
?;3482;982.0;?;-3494;?;3482;-563.0;385.0
715.0;828;793.0;?;?;-268.0;828;-565.0;387.0
716.0;-652;574.0;-3656;3656;-267.0;-652;-568.0;385.0
715.0;-934;300.0;-2657;?;?;-934;?;382.0
714.0;-2367;72.0;?;3278;-265.0;-2367;-570.0;375.0
713.0;-3121;-167.0;-4221;4221;?;-3121;?;?
711.0;?;-706.0;?;4619;-272.0;-3118;-568.0;370.0
709.0;?;-1353.0;-4681;4681;-278.0;-3286;-562.0;359.0
704.0;?;-1796.0;-4927;4927;-285.0;-3513;-553.0;357.0
705.0;-3391;-1749.0;-4665;4665;-287.0;?;-542.0;363.0
713.0;-3361;?;-4421;4421;-282.0;?;-535.0;344.0
719.0;?;-604.0;-4400;4400;-277.0;-2903;?;329.0
719.0;72;-56.0;-1155;1155;-273.0;72;-526.0;320.0
715.0;2162;167.0;1118;?;-269.0;?;-520.0;311.0
752.0;3474;717.0;5288;-5288;?;3474;-474.0;334.0
?;3716;?;4725;-4725;?;3716;-476.0;339.0
?;3288;485.0;1983;-1983;-339.0;3288;-478.0;341.0
774.0;1076;341.0;-1969;1969;-342.0;1076;-480.0;342.0
777.0;-214;198.0;-3155;?;-348.0;-214;-482.0;346.0
?;-553;114.0;-1852;1852;-355.0;-553;-483.0;351.0
777.0;-2145;144.0;-1462;1462;?;-2145;-482.0;356.0
777.0;-3273;23.0;-2234;2234;-365.0;-3273;-482.0;352.0
?;-3209;-535.0;-3221;3221;-378.0;-3209;-482.0;351.0
777.0;-2594;-773.0;-3815;3815;-386.0;?;-484.0;353.0
781.0;?;-870.0;-4115;4115;-391.0;-2198;-488.0;350.0
?;-2145;-626.0;-3925;3925;-393.0;?;-488.0;336.0
785.0;?;-107.0;-3913;3913;-393.0;?;-485.0;324.0
?;-2840;153.0;-3539;3539;?;-2840;-483.0;?
781.0;-2554;?;-2555;2555;-394.0;?;-481.0;?
?;?;43.0;-2280;?;-396.0;?;-480.0;300.0
771.0;?;55.0;-50;50;-398.0;-1408;-477.0;297.0
?;?;?;1196;?;?;-427;-473.0;293.0
764.0;400;24.0;2149;?;-400.0;400;-471.0;291.0
?;2990;30.0;4445;-4445;-398.0;?;-469.0;291.0
758.0;2585;-17.0;2464;?;-397.0;2585;?;293.0
611.0;5598;854.0;9160;-9160;-200.0;5598;-491.0;328.0
607.0;?;827.0;1856;-1856;-192.0;2906;?;325.0
385.0;1818;669.0;4786;?;98.0;1818;-372.0;113.0
386.0;2039;517.0;2567;-2567;105.0;?;-373.0;108.0
386.0;?;327.0;517;?;111.0;1892;-375.0;?
382.0;1857;13.0;-374;374;?;1857;-377.0;97.0
375.0;?;-294.0;?;-118;124.0;2003;-377.0;90.0
364.0;1049;-515.0;384;-384;131.0;?;-375.0;81.0
?;-446;-808.0;-796;796;?;-446;-370.0;71.0
337.0;-1045;-1070.0;-1434;1434;139.0;-1045;-363.0;?
324.0;-1376;-1350.0;?;1810;142.0;-1376;-355.0;50.0
313.0;-1678;-1650.0;-2529;2529;?;-1678;-345.0;?
305.0;-1855;-1743.0;-2391;2391;146.0;?;-336.0;28.0
302.0;-1591;-1485.0;-3019;3019;?;-1591;?;17.0
295.0;-1169;-538.0;-2952;2952;154.0;-1169;?;8.0
?;-1731;56.0;-2034;2034;159.0;?;-320.0;-3.0
284.0;-1344;296.0;-1360;1360;165.0;-1344;-311.0;-12.0
276.0;67;?;375;?;170.0;67;-302.0;-20.0
268.0;?;460.0;-2013;2013;175.0;-1290;?;?
?;?;488.0;-2534;2534;181.0;-1805;-285.0;-31.0
199.0;1648;344.0;?;-4743;?;1648;-239.0;-88.0
?;1817;?;2985;-2985;307.0;1817;-240.0;-88.0
197.0;2829;-124.0;474;-474;312.0;2829;-243.0;-87.0
194.0;3256;-321.0;-494;494;?;3256;-247.0;-88.0
188.0;3100;-581.0;-126;126;319.0;3100;-250.0;-89.0
181.0;971;-844.0;?;356;?;971;-251.0;-93.0
175.0;-1994;-1120.0;-1191;1191;324.0;?;-252.0;-99.0
168.0;-2918;-1465.0;-1750;?;323.0;?;-250.0;-105.0
?;?;-1532.0;-2321;2321;322.0;-2728;-246.0;-111.0
149.0;-1979;?;-2922;2922;322.0;-1979;-240.0;-122.0
144.0;?;?;-3589;3589;320.0;?;-235.0;-129.0
140.0;-1216;-499.0;-3375;3375;319.0;-1216;-230.0;?
140.0;-1948;147.0;?;2508;319.0;-1948;-222.0;-141.0
?;-1472;589.0;-2659;2659;322.0;?;-216.0;-147.0
148.0;2661;842.0;?;?;326.0;2661;-210.0;-154.0
148.0;2586;807.0;-476;476;330.0;?;-205.0;-159.0
142.0;?;800.0;10;-10;334.0;496;-196.0;-163.0
135.0;369;796.0;-324;324;338.0;?;?;-166.0
?;-78;686.0;76;-76;341.0;-78;-171.0;-168.0
?;64;574.0;180;-180;344.0;64;-162.0;?
?;?;438.0;152;-152;350.0;33;-154.0;?
106.0;-61;201.0;228;-228;355.0;?;?;-175.0
?;27;?;156;?;363.0;27;-145.0;?
90.0;-87;-430.0;75;-75;370.0;-87;?;-179.0
81.0;-37;?;39;-39;378.0;-37;-145.0;?
?;-21;?;50;-50;385.0;-21;-145.0;-184.0
65.0;?;-1001.0;15;?;394.0;-61;-143.0;-189.0
59.0;-47;-1048.0;-42;42;?;?;-141.0;-183.0
?;-27;-1006.0;?;57;402.0;-27;?;-180.0
?;-33;-663.0;-87;87;401.0;-33;-150.0;-174.0
?;-2;-6.0;29;-29;398.0;-2;-150.0;-163.0
?;68;471.0;?;-85;396.0;?;-153.0;-156.0
76.0;82;600.0;30;-30;393.0;82;-156.0;-152.0
87.0;86;733.0;377;-377;391.0;86;?;-149.0
95.0;294;796.0;?;-702;387.0;294;-156.0;-147.0
100.0;584;885.0;1824;-1824;383.0;584;-153.0;-145.0
106.0;?;991.0;?;-4037;379.0;?;-152.0;-143.0
113.0;2782;951.0;4535;-4535;374.0;2782;-153.0;?
122.0;3222;843.0;?;-2648;370.0;3222;-157.0;-135.0
132.0;1982;732.0;780;-780;365.0;1982;-164.0;?
144.0;855;495.0;?;-265;?;855;-172.0;-127.0
153.0;831;231.0;?;?;361.0;831;-181.0;-124.0
159.0;195;-165.0;?;-168;359.0;195;-190.0;-124.0
160.0;-1079;-529.0;-1345;1345;358.0;-1079;-195.0;-127.0
154.0;-1400;-879.0;-1639;1639;354.0;?;-197.0;-129.0
147.0;-1946;-1156.0;?;?;351.0;?;-195.0;-132.0
141.0;-1698;-1425.0;-2500;2500;351.0;-1698;-194.0;-142.0
135.0;?;?;-3337;?;348.0;-2061;-193.0;-144.0
130.0;-1602;-1046.0;?;3159;?;-1602;?;?
125.0;-1559;-387.0;?;2279;346.0;-1559;-188.0;-153.0
121.0;-2992;-41.0;-2120;?;347.0;?;?;-158.0
?;4535;183.0;3130;?;346.0;4535;-180.0;?
118.0;6855;264.0;?;-4788;345.0;6855;-177.0;?
?;?;?;196;-196;344.0;562;-173.0;-163.0
115.0;671;579.0;-329;329;342.0;?;-165.0;-163.0
112.0;243;671.0;?;97;341.0;243;?;-163.0
111.0;-379;649.0;-339;339;341.0;?;-146.0;-162.0
112.0;?;472.0;?;-141;342.0;233;-139.0;-161.0
?;-261;308.0;143;-143;345.0;-261;-133.0;-160.0
108.0;9;67.0;?;-250;?;9;-130.0;-158.0
105.0;?;?;261;-261;349.0;?;?;-154.0
102.0;-108;?;277;?;?;-108;-133.0;-149.0
100.0;-37;-629.0;230;-230;356.0;-37;-138.0;-145.0
96.0;-104;-636.0;142;?;359.0;-104;-140.0;-141.0
90.0;-53;-579.0;94;?;?;-53;?;-135.0
92.0;-24;-510.0;-45;45;365.0;-24;-144.0;-128.0
95.0;-52;-410.0;-102;?;364.0;?;-153.0;-122.0
93.0;?;109.0;-4;?;357.0;-37;-159.0;-108.0
100.0;36;629.0;?;-50;350.0;36;-165.0;-97.0
115.0;59;946.0;368;-368;344.0;59;-174.0;-89.0
132.0;78;?;316;-316;337.0;78;-183.0;-83.0
147.0;83;990.0;573;-573;328.0;83;-187.0;-78.0
?;395;930.0;2198;?;318.0;395;-186.0;-73.0
165.0;918;939.0;3709;-3709;310.0;918;-184.0;-70.0
170.0;1378;1058.0;4570;-4570;302.0;1378;-179.0;-66.0
179.0;2640;1051.0;?;-4353;292.0;2640;-174.0;-60.0
196.0;3435;907.0;2454;-2454;283.0;?;-180.0;?
216.0;2580;638.0;489;-489;274.0;2580;-192.0;-43.0
232.0;1979;288.0;-77;77;?;1979;-204.0;?
?;1331;-60.0;?;339;259.0;?;-211.0;-35.0
244.0;-535;-442.0;-1490;1490;253.0;-535;-216.0;-36.0
244.0;?;-850.0;-2071;2071;?;-1881;-219.0;?
241.0;-2329;-1231.0;-2253;2253;239.0;-2329;-218.0;-44.0
239.0;-2382;-1692.0;-3019;3019;233.0;-2382;-216.0;-52.0
232.0;?;-1928.0;-3438;3438;?;-1959;-215.0;-52.0
229.0;?;-1582.0;-3334;?;219.0;-1857;-218.0;?
225.0;-1603;-601.0;-2763;2763;216.0;-1603;-221.0;?
222.0;-1130;172.0;-1684;1684;?;-1130;-220.0;?
?;-765;?;504;-504;?;-765;-220.0;-52.0
218.0;17;601.0;?;-1225;?;17;-217.0;?
?;353;532.0;-430;430;?;353;-211.0;-49.0
205.0;-23;581.0;-275;275;225.0;-23;-201.0;-52.0
?;?;644.0;418;-418;230.0;-29;?;-52.0
187.0;103;728.0;150;-150;236.0;103;?;-54.0
179.0;?;694.0;272;-272;?;-24;-162.0;-56.0
172.0;-52;555.0;?;?;252.0;-52;-154.0;?
164.0;-61;170.0;238;-238;262.0;-61;-148.0;-55.0
153.0;-39;-305.0;246;-246;?;-39;?;?
142.0;-54;-683.0;117;-117;280.0;-54;-145.0;-59.0
131.0;-85;?;38;?;290.0;-85;-143.0;-66.0
122.0;-61;-947.0;-5;5;295.0;-61;?;-66.0
123.0;-83;-862.0;-12;12;304.0;-83;-149.0;-70.0
129.0;?;-731.0;-95;?;302.0;?;?;?
122.0;?;-122.0;?;123;297.0;-15;-161.0;-57.0
124.0;-36;?;21;?;?;-36;?;?
?;-46;711.0;44;-44;284.0;?;-169.0;-44.0
143.0;-35;816.0;93;-93;277.0;-35;-174.0;-38.0
149.0;-1;800.0;211;-211;268.0;-1;-174.0;?
?;30;?;279;-279;?;30;-166.0;?
144.0;93;?;?;-828;248.0;93;-157.0;-19.0
139.0;397;698.0;?;-1990;237.0;397;-147.0;-10.0
?;1285;?;4305;-4305;227.0;1285;-138.0;-2.0
132.0;1578;419.0;4671;-4671;217.0;1578;-131.0;7.0
153.0;2180;199.0;3422;-3422;208.0;2180;-147.0;?
170.0;3652;-14.0;?;-3141;199.0;3652;-163.0;20.0
181.0;2724;?;?;-104;190.0;2724;-177.0;26.0
184.0;1397;?;-1772;1772;178.0;?;?;33.0
167.0;1022;?;-990;?;?;1022;-182.0;40.0
?;-471;-814.0;-1453;1453;155.0;-471;-175.0;44.0
134.0;-1669;-1059.0;-1958;?;?;-1669;-169.0;?
116.0;-1828;?;-2848;2848;?;-1828;-159.0;46.0
98.0;-1812;-1556.0;-3154;3154;136.0;-1812;?;30.0
83.0;-2723;-1555.0;-3691;3691;117.0;?;-141.0;?
?;-2369;?;-2584;2584;?;-2369;-139.0;38.0
78.0;-2867;332.0;-2651;?;108.0;-2867;-127.0;33.0
70.0;?;803.0;-2484;2484;?;-2844;-110.0;30.0
60.0;-49;985.0;1338;?;?;-49;-95.0;28.0
?;-3245;955.0;-2753;2753;116.0;-3245;-80.0;15.0
-212.0;?;1105.0;792;-792;65.0;215;124.0;163.0
-215.0;864;1161.0;2801;-2801;48.0;864;132.0;175.0
-218.0;1371;1222.0;4297;-4297;28.0;1371;139.0;187.0
-220.0;1679;?;3992;?;8.0;1679;145.0;?
-221.0;2346;?;2913;?;-9.0;2346;150.0;211.0
-222.0;3148;?;2060;-2060;?;3148;153.0;221.0
-226.0;2638;307.0;1077;-1077;?;2638;153.0;229.0
?;2001;-99.0;426;-426;?;2001;154.0;?
-250.0;2401;?;632;-632;?;2401;154.0;240.0
-268.0;505;?;-392;392;-94.0;?;?;245.0
-286.0;?;-1322.0;-1955;1955;-112.0;-2428;157.0;250.0
-306.0;-1302;-1694.0;-2921;?;-128.0;-1302;156.0;250.0
-324.0;-1063;-1859.0;-4320;4320;-144.0;-1063;151.0;249.0
-326.0;-2255;?;-4184;?;-160.0;-2255;142.0;255.0
-318.0;-1594;-760.0;-2848;2848;-169.0;?;129.0;?
-317.0;-5104;103.0;-2522;2522;-174.0;-5104;?;253.0
-331.0;2681;539.0;-489;?;?;?;134.0;254.0
-350.0;10828;?;?;-2229;-181.0;10828;151.0;254.0
-370.0;774;627.0;1460;?;-183.0;774;?;256.0
?;-803;?;-132;132;-185.0;-803;?;?
-403.0;1334;?;-169;169;-188.0;1334;?;267.0
-418.0;-861;335.0;139;-139;-188.0;-861;220.0;271.0
-432.0;424;167.0;276;?;-188.0;424;236.0;275.0
-446.0;-152;24.0;201;-201;-185.0;-152;?;277.0
-462.0;-160;-214.0;?;-152;-183.0;-160;260.0;279.0
-478.0;46;-439.0;?;-160;?;?;?;280.0
-494.0;-238;-779.0;198;-198;-181.0;?;276.0;?
-509.0;?;?;179;-179;-179.0;-97;282.0;285.0
-524.0;-143;?;146;-146;-178.0;-143;289.0;294.0
?;-68;-1051.0;?;-113;?;-68;298.0;295.0
-540.0;0;?;?;-28;-172.0;?;304.0;308.0
-547.0;?;-761.0;24;-24;-156.0;35;310.0;304.0
-552.0;15;-67.0;83;-83;-158.0;15;309.0;308.0
-554.0;66;569.0;?;-146;-162.0;?;?;312.0
-556.0;101;855.0;120;-120;?;101;?;317.0
-560.0;83;1037.0;237;-237;-180.0;83;?;325.0
-567.0;108;1017.0;527;-527;?;108;338.0;?
-574.0;272;954.0;1318;-1318;-206.0;272;352.0;343.0
-579.0;819;936.0;3403;-3403;-221.0;819;364.0;351.0
-580.0;?;849.0;4529;-4529;-237.0;1480;375.0;362.0
-577.0;?;?;3833;?;-249.0;?;382.0;368.0
-573.0;3242;752.0;1934;?;?;3242;?;379.0
-569.0;3205;609.0;-712;712;-279.0;3205;390.0;?
-568.0;2808;428.0;?;?;-294.0;2808;?;400.0
?;1324;173.0;-1132;1132;?;1324;?;407.0
-581.0;-825;-82.0;-1591;1591;-322.0;-825;402.0;?
-594.0;-2293;-220.0;?;2039;-334.0;-2293;?;420.0
-611.0;-2744;-505.0;?;?;?;-2744;?;426.0
-628.0;-2406;-827.0;?;2920;-357.0;-2406;420.0;422.0
-641.0;-2165;-1290.0;-3380;3380;-370.0;?;422.0;?
-638.0;-1843;-1490.0;-2383;2383;-376.0;?;414.0;?
-637.0;-2637;-940.0;-2920;?;-366.0;?;410.0;407.0
-635.0;-684;-283.0;-132;?;-353.0;-684;405.0;393.0
-641.0;3820;-203.0;4795;-4795;-363.0;3820;?;396.0
-653.0;2959;-244.0;612;-612;?;2959;416.0;399.0
-675.0;90;1131.0;?;-87;-383.0;90;502.0;?
-678.0;158;1171.0;93;-93;-384.0;158;512.0;475.0
?;?;?;239;-239;-386.0;264;518.0;479.0
-676.0;?;821.0;?;-609;-385.0;?;522.0;480.0
-673.0;288;445.0;840;-840;-386.0;288;524.0;480.0
-673.0;267;137.0;?;-1476;-391.0;267;525.0;?
-676.0;?;-37.0;?;-2075;-395.0;?;524.0;481.0
-683.0;?;-120.0;3114;-3114;-403.0;1706;522.0;484.0
-694.0;2380;-278.0;3724;-3724;-416.0;2380;520.0;488.0
?;2084;-394.0;2450;?;?;2084;514.0;?
-713.0;2194;-685.0;661;-661;-441.0;2194;?;492.0
-722.0;3247;-996.0;-1997;1997;-455.0;?;502.0;494.0
-730.0;2917;-1225.0;-1892;1892;-472.0;2917;491.0;497.0
?;?;-1239.0;668;-668;-484.0;346;481.0;501.0
-746.0;-1241;-1124.0;501;-501;-491.0;-1241;475.0;502.0
?;-626;-1022.0;-480;480;-495.0;-626;473.0;500.0
?;-329;-843.0;-896;896;?;-329;472.0;478.0
-788.0;-33;-811.0;-1349;1349;?;-33;465.0;472.0
-792.0;-795;-936.0;-2029;2029;-505.0;?;459.0;461.0
?;-315;-817.0;-3045;3045;-495.0;-315;449.0;?
-807.0;?;-113.0;-3047;3047;?;-766;433.0;410.0
?;-1488;153.0;-2509;2509;-479.0;-1488;?;385.0
-819.0;?;53.0;-2166;2166;-467.0;4872;411.0;?
-826.0;?;-213.0;-755;755;-455.0;?;409.0;?
-833.0;?;-233.0;96;-96;-444.0;-1950;407.0;326.0
?;216;-152.0;-400;400;-433.0;?;405.0;307.0
-841.0;126;-224.0;-183;183;-421.0;126;403.0;290.0
?;?;-301.0;47;-47;?;-296;398.0;277.0
-843.0;166;-455.0;-64;?;-401.0;166;398.0;?
-847.0;-217;-437.0;-46;46;-392.0;?;398.0;242.0
-851.0;88;-402.0;-25;25;-383.0;88;396.0;224.0
-855.0;-46;?;56;-56;?;-46;393.0;213.0
-859.0;-30;-294.0;33;-33;-362.0;-30;392.0;200.0
-862.0;-23;-246.0;13;-13;-349.0;-23;?;?
?;?;?;39;-39;?;-33;389.0;?
-865.0;-15;-107.0;60;-60;-333.0;?;391.0;187.0
-867.0;-14;6.0;54;-54;?;-14;394.0;178.0
-870.0;22;150.0;?;-52;-296.0;22;396.0;164.0
-873.0;?;226.0;61;?;?;12;?;152.0
-876.0;0;?;40;-40;-266.0;0;407.0;142.0
-878.0;1;67.0;58;-58;-256.0;1;412.0;?
-878.0;20;-84.0;61;-61;-260.0;20;412.0;?
-879.0;-7;?;25;-25;-266.0;-7;415.0;140.0
-880.0;-51;-289.0;75;-75;-267.0;-51;419.0;140.0
-881.0;-7;-264.0;79;-79;-266.0;-7;424.0;140.0
-882.0;-1;-284.0;0;0;?;-1;427.0;139.0
?;-22;?;?;-37;-267.0;-22;429.0;139.0
-885.0;-23;-168.0;25;-25;-260.0;?;431.0;132.0
-886.0;-33;-72.0;-3;?;-254.0;-33;432.0;126.0
-887.0;-20;-53.0;59;-59;-251.0;-20;433.0;122.0
-887.0;-2;?;3;-3;-247.0;-2;435.0;?
-886.0;-22;-114.0;-25;25;-242.0;-22;437.0;112.0
-886.0;?;-103.0;2;-2;-239.0;-60;438.0;109.0
-884.0;9;-82.0;-26;26;-240.0;9;440.0;107.0
?;14;-93.0;-26;26;-241.0;14;441.0;104.0
-882.0;-41;-117.0;10;-10;?;?;?;102.0
?;40;-114.0;47;-47;-243.0;40;441.0;99.0
-880.0;19;-118.0;40;?;-245.0;19;440.0;98.0
-878.0;?;-129.0;23;?;-245.0;?;440.0;96.0
-876.0;?;-247.0;54;?;-244.0;2;441.0;94.0
-873.0;-40;?;38;-38;-243.0;-40;?;?
-870.0;-21;-116.0;?;1;-241.0;-21;442.0;91.0
-866.0;20;-42.0;26;-26;-239.0;?;442.0;91.0
-863.0;3;54.0;?;?;-236.0;3;?;?
-859.0;?;67.0;-5;5;-235.0;2;445.0;91.0
-854.0;-8;65.0;-23;23;-232.0;?;447.0;92.0
-851.0;-5;67.0;-37;?;-229.0;-5;448.0;93.0
-847.0;30;93.0;9;?;-227.0;?;450.0;?
-843.0;7;86.0;-3;3;-226.0;?;451.0;95.0
?;-11;44.0;-12;12;-224.0;-11;452.0;94.0
-835.0;?;10.0;3;-3;-220.0;-12;452.0;94.0
-830.0;-8;-25.0;-18;18;-217.0;-8;452.0;92.0
-825.0;-14;?;?;?;-215.0;-14;?;91.0
-821.0;-13;-42.0;20;-20;?;-13;?;91.0
-816.0;39;?;?;32;-210.0;?;449.0;92.0
-812.0;2;-73.0;?;35;?;2;447.0;90.0
-809.0;-12;-94.0;-13;13;-204.0;-12;?;91.0
-807.0;45;?;-9;?;-202.0;45;447.0;92.0
-804.0;?;-67.0;-13;?;-200.0;38;447.0;93.0
-799.0;21;-11.0;-40;40;?;21;448.0;95.0
?;?;?;-17;17;-195.0;-9;?;96.0
-789.0;-32;?;25;-25;-192.0;-32;449.0;?
-785.0;?;108.0;?;-27;-190.0;?;450.0;99.0
-781.0;?;?;32;-32;-188.0;-33;452.0;100.0
-776.0;-14;150.0;26;-26;-186.0;-14;454.0;?
?;41;146.0;-15;15;-184.0;?;455.0;?
?;?;137.0;-25;25;-184.0;-2;457.0;106.0
-764.0;40;172.0;?;-19;-182.0;40;458.0;109.0
-760.0;16;137.0;?;-5;?;?;?;112.0
-757.0;-42;?;?;-7;-180.0;-42;461.0;116.0
-754.0;-1;102.0;17;-17;-181.0;-1;?;120.0
?;-30;64.0;-13;?;-183.0;-30;463.0;125.0
-751.0;16;86.0;52;?;-183.0;16;465.0;129.0
?;5;71.0;43;-43;-183.0;5;466.0;?
?;-29;145.0;-32;32;-181.0;-29;466.0;132.0
-738.0;32;?;15;-15;-178.0;?;465.0;131.0
?;19;?;-4;4;-174.0;19;465.0;129.0
-730.0;0;?;-72;72;-172.0;0;?;?
-727.0;-3;44.0;-19;19;?;?;461.0;?
-726.0;9;-12.0;0;0;-167.0;?;?;126.0
-724.0;2;?;16;-16;-169.0;2;457.0;129.0
-723.0;?;?;47;-47;?;8;455.0;132.0
-723.0;51;?;-1;1;-169.0;51;454.0;133.0
-725.0;?;?;-4;4;?;20;455.0;134.0
-725.0;-10;82.0;-8;8;-170.0;-10;455.0;137.0
?;-11;95.0;-30;?;-169.0;-11;455.0;138.0
?;-9;?;-12;?;-171.0;-9;456.0;140.0
-727.0;?;192.0;0;0;-173.0;-13;?;142.0
-727.0;-11;186.0;9;-9;-175.0;-11;?;144.0
?;11;174.0;32;-32;-176.0;11;459.0;?
?;-8;136.0;65;-65;-180.0;-8;459.0;148.0
-725.0;?;98.0;54;-54;-183.0;1;459.0;?
-725.0;-18;124.0;2;-2;-186.0;-18;459.0;154.0
-724.0;-49;105.0;?;-3;-190.0;-49;459.0;157.0
-723.0;-2;117.0;10;-10;?;?;459.0;161.0
-722.0;-14;83.0;-7;7;-196.0;-14;459.0;165.0
-722.0;?;118.0;?;-34;?;?;459.0;?
-721.0;20;102.0;21;-21;-205.0;20;?;173.0
-721.0;-18;115.0;23;-23;-207.0;-18;459.0;175.0
-720.0;-39;76.0;?;-55;-210.0;-39;459.0;178.0
-718.0;5;116.0;-24;24;?;5;459.0;180.0
-719.0;30;70.0;-43;43;-214.0;?;460.0;182.0
-719.0;-16;47.0;-6;6;-216.0;-16;461.0;184.0
-718.0;3;45.0;5;?;-219.0;3;461.0;187.0
?;?;49.0;?;?;-222.0;46;461.0;?
-718.0;?;-21.0;17;-17;-225.0;17;461.0;192.0
-718.0;9;23.0;?;?;?;9;461.0;195.0
-718.0;-2;?;?;23;-232.0;-2;460.0;197.0
?;-17;?;?;?;-234.0;-17;459.0;198.0
-716.0;24;91.0;0;0;-235.0;24;458.0;199.0
-716.0;35;29.0;?;?;?;35;457.0;200.0
-715.0;-3;74.0;-34;?;-237.0;-3;457.0;200.0
-714.0;-11;66.0;?;38;?;-11;456.0;?
-713.0;?;?;28;-28;-238.0;-19;455.0;202.0
?;?;6.0;-14;?;-238.0;-14;455.0;203.0
-710.0;7;59.0;-25;?;-237.0;7;454.0;?
-710.0;10;73.0;55;-55;-239.0;?;455.0;207.0
-709.0;21;13.0;48;-48;-240.0;21;?;209.0
?;?;?;31;-31;-241.0;22;457.0;211.0
?;9;53.0;4;-4;-241.0;9;457.0;?
-702.0;20;?;?;?;?;20;457.0;214.0
-703.0;27;-57.0;?;-34;-240.0;27;458.0;215.0
-704.0;?;-85.0;43;-43;-238.0;-11;458.0;214.0
-702.0;-21;-89.0;?;-19;?;?;458.0;?
?;-16;?;37;-37;?;?;457.0;214.0
-702.0;-48;-102.0;?;-7;-238.0;?;457.0;213.0
-702.0;-1;-89.0;-52;52;-238.0;-1;457.0;212.0
?;?;-108.0;?;16;?;22;456.0;212.0
-702.0;-40;-105.0;31;-31;-237.0;?;456.0;209.0
-703.0;?;-73.0;9;?;-235.0;?;455.0;208.0
-703.0;31;-68.0;3;?;-235.0;31;453.0;207.0
-705.0;14;?;35;-35;-235.0;14;453.0;208.0
-706.0;9;-23.0;?;-33;?;?;453.0;208.0
?;?;18.0;33;-33;-236.0;-12;452.0;?
-704.0;-18;66.0;?;-50;-236.0;?;451.0;208.0
-704.0;-1;43.0;49;-49;-236.0;-1;451.0;209.0
?;-5;30.0;36;-36;-237.0;-5;452.0;209.0
-706.0;?;48.0;-5;5;?;30;?;209.0
-704.0;22;?;-22;22;?;22;452.0;?
-704.0;-33;?;9;-9;?;?;451.0;209.0
-703.0;8;27.0;-7;7;-239.0;8;451.0;209.0
-701.0;?;-35.0;-13;13;-239.0;22;?;210.0
-700.0;-22;7.0;49;-49;-241.0;-22;449.0;211.0
-699.0;-1;-1.0;?;-43;?;-1;448.0;211.0
-698.0;-23;-23.0;3;-3;-241.0;?;448.0;?
-698.0;-15;-3.0;15;-15;-242.0;-15;448.0;?
-697.0;40;-24.0;18;-18;-242.0;40;447.0;212.0
-696.0;-15;?;?;-9;-243.0;-15;447.0;213.0
-694.0;?;29.0;9;-9;?;-24;?;?
-694.0;-3;66.0;3;?;-242.0;?;446.0;213.0
-694.0;?;1.0;-6;?;-241.0;-41;?;213.0
-694.0;?;?;-11;11;-241.0;?;447.0;?
-694.0;42;?;12;-12;-240.0;42;448.0;213.0
-692.0;34;30.0;13;?;-239.0;34;448.0;?
?;?;23.0;?;31;-239.0;?;449.0;?
-690.0;10;-5.0;-3;3;-239.0;10;449.0;215.0
-689.0;45;21.0;16;-16;?;45;449.0;215.0
-687.0;29;?;-20;?;-238.0;29;450.0;215.0
-687.0;-1;-28.0;?;32;?;-1;450.0;?
-685.0;?;-24.0;-18;?;-236.0;?;450.0;?
-685.0;12;-52.0;46;-46;-236.0;12;451.0;214.0
-685.0;?;-58.0;46;-46;-237.0;?;451.0;215.0
-683.0;39;?;?;-11;-237.0;?;451.0;215.0
-682.0;?;25.0;19;-19;?;-16;450.0;213.0
-681.0;?;?;-13;13;?;-30;449.0;212.0
?;7;?;-26;26;-233.0;7;448.0;?
?;7;?;?;-10;-232.0;7;447.0;210.0
-678.0;26;?;20;?;-229.0;26;446.0;207.0
-675.0;16;12.0;26;-26;-227.0;16;443.0;204.0
-675.0;?;-10.0;52;?;-225.0;-27;?;202.0
?;-32;-85.0;28;-28;-224.0;?;441.0;200.0
?;?;-98.0;?;?;-221.0;?;?;198.0
?;13;-46.0;6;?;-220.0;13;439.0;196.0
-671.0;3;-19.0;0;0;-219.0;3;436.0;194.0
-672.0;-27;5.0;7;-7;-220.0;-27;435.0;196.0
-674.0;-21;-42.0;13;-13;-223.0;?;?;?
-674.0;?;-30.0;-21;21;?;-2;434.0;199.0
-673.0;48;18.0;?;-9;?;48;433.0;198.0
-672.0;19;45.0;27;-27;-217.0;?;?;195.0
?;-2;32.0;6;-6;-213.0;-2;431.0;192.0
-671.0;7;-18.0;?;26;-209.0;7;430.0;189.0
-671.0;-11;?;-50;?;-206.0;-11;430.0;?
-671.0;?;?;-4;4;?;8;430.0;185.0
-671.0;19;-19.0;15;-15;-202.0;19;431.0;184.0
?;?;?;-2;2;-193.0;?;?;178.0
-667.0;-32;-41.0;26;-26;-193.0;-32;431.0;180.0
-666.0;-25;?;-1;1;-195.0;-25;432.0;183.0
?;?;28.0;-25;25;-195.0;31;433.0;184.0
-662.0;2;55.0;62;-62;-196.0;?;?;185.0
-664.0;3;-9.0;57;-57;-197.0;3;?;187.0
-662.0;?;-73.0;-31;31;-194.0;5;435.0;186.0
?;-16;-52.0;1;?;-193.0;-16;435.0;?
-658.0;25;-46.0;40;-40;-188.0;25;435.0;183.0
-655.0;14;-37.0;18;-18;-185.0;14;435.0;181.0
-654.0;-13;33.0;19;-19;-184.0;-13;435.0;181.0
-653.0;?;?;?;14;?;?;435.0;181.0
-650.0;35;-54.0;-57;57;-180.0;35;435.0;181.0
-649.0;28;0.0;-59;59;-179.0;28;435.0;182.0
-649.0;50;21.0;-47;47;-176.0;?;?;183.0
-654.0;7;56.0;-31;31;-174.0;7;441.0;185.0
-658.0;7;?;-31;31;-174.0;7;445.0;190.0
-662.0;9;-6.0;-31;31;-174.0;9;?;196.0
-667.0;-23;19.0;?;39;-177.0;-23;456.0;205.0
-671.0;-23;?;-41;41;-183.0;-23;?;216.0
-674.0;?;101.0;?;47;-189.0;?;469.0;225.0
-675.0;26;171.0;-84;84;-192.0;26;476.0;231.0
?;-57;310.0;?;119;-198.0;-57;482.0;238.0
-676.0;-21;385.0;?;?;-201.0;-21;487.0;244.0
-677.0;7;425.0;-83;83;-205.0;?;492.0;249.0
-676.0;9;?;-116;116;?;9;495.0;254.0
-674.0;31;468.0;-111;111;-211.0;31;?;?
-673.0;20;431.0;?;?;?;20;500.0;262.0
-676.0;?;404.0;-108;108;-213.0;22;502.0;265.0
-681.0;35;308.0;-89;89;?;35;506.0;270.0
-685.0;95;?;-76;76;?;95;509.0;275.0
-688.0;11;147.0;-72;72;?;11;512.0;?
-694.0;176;239.0;?;-36;-223.0;176;?;?
-701.0;?;268.0;?;300;-231.0;331;520.0;?
?;?;?;-784;784;-240.0;?;525.0;287.0
-719.0;-1612;304.0;3;-3;-252.0;-1612;530.0;295.0
-728.0;-2591;245.0;1747;-1747;-266.0;-2591;?;305.0
-737.0;-3368;149.0;3334;-3334;?;?;544.0;318.0
-746.0;-3012;193.0;3520;-3520;-299.0;?;548.0;331.0
-754.0;?;211.0;3343;?;-318.0;-1475;?;346.0
-762.0;-667;132.0;3289;-3289;?;-667;554.0;?
-768.0;?;?;?;-753;-354.0;-1850;556.0;369.0
-773.0;-2581;40.0;-1392;1392;-379.0;-2581;?;390.0
-774.0;-2316;209.0;-1721;1721;-388.0;-2316;556.0;?
?;-2757;392.0;-2378;2378;-391.0;-2757;553.0;413.0
-783.0;?;617.0;-2478;2478;-391.0;-3293;?;420.0
?;-3307;666.0;-2550;2550;-390.0;-3307;?;?
-788.0;-2759;637.0;-2694;2694;?;-2759;559.0;434.0
-787.0;-2296;574.0;-2589;2589;-381.0;-2296;562.0;433.0
-785.0;-2413;622.0;?;?;-377.0;-2413;562.0;431.0
-782.0;?;673.0;?;1186;-372.0;-2150;560.0;427.0
-779.0;-650;?;?;-1778;-370.0;-650;556.0;425.0
?;358;253.0;2046;?;-367.0;358;551.0;422.0
-776.0;207;?;2127;-2127;-362.0;207;547.0;416.0
?;2171;-375.0;3187;?;-358.0;?;545.0;411.0
-784.0;?;-582.0;?;?;?;?;?;?
-826.0;3726;?;6899;-6899;-353.0;?;?;464.0
-825.0;?;2095.0;777;-777;-351.0;1458;540.0;466.0
-823.0;396;?;-4502;?;-350.0;396;546.0;469.0
-819.0;37;?;-3532;3532;-347.0;37;552.0;466.0
-817.0;-1637;1187.0;-3453;3453;-348.0;?;554.0;465.0
?;-1949;619.0;-3446;3446;-345.0;-1949;553.0;461.0
-821.0;?;-61.0;-4135;4135;?;-2781;549.0;466.0
-825.0;-3341;-813.0;-5336;5336;-350.0;-3341;?;456.0
-827.0;-3146;?;-5749;5749;?;?;540.0;445.0
-827.0;?;-2335.0;?;5718;-358.0;-3383;537.0;?
-823.0;-3073;-2465.0;-5268;5268;-350.0;-3073;536.0;451.0
-818.0;-3274;-2254.0;-4628;?;?;-3274;536.0;438.0
-812.0;-1705;-2190.0;-1275;1275;-324.0;-1705;538.0;425.0
?;?;-2300.0;?;-1059;-312.0;1050;545.0;414.0
-765.0;?;2360.0;7503;-7503;-229.0;3102;546.0;372.0
-766.0;4355;2415.0;8227;-8227;-234.0;?;545.0;373.0
-769.0;?;2272.0;4226;-4226;?;3305;545.0;376.0
-775.0;1270;2020.0;-1886;?;-248.0;1270;547.0;384.0
-781.0;?;?;-4566;?;-254.0;386;?;389.0
-785.0;-944;1221.0;-4423;4423;-257.0;?;550.0;?
-787.0;-2203;746.0;-4053;4053;-256.0;-2203;549.0;?
-788.0;-3056;252.0;-4673;4673;-256.0;-3056;547.0;384.0
-789.0;?;?;-5327;5327;-271.0;-3094;543.0;393.0
-787.0;-3055;-1100.0;-6178;?;-271.0;?;539.0;391.0
-783.0;-3416;-1824.0;-5903;5903;-269.0;-3416;538.0;?
?;-3433;-2389.0;?;5401;-268.0;?;536.0;386.0
-768.0;-3716;-2369.0;?;5377;-259.0;-3716;?;383.0
-763.0;-2683;-1986.0;-1838;1838;-244.0;-2683;539.0;?
-755.0;193;-1392.0;?;-1000;-231.0;193;542.0;357.0
-740.0;1498;-797.0;3200;?;-219.0;1498;?;348.0
-723.0;1172;-407.0;3944;-3944;-211.0;1172;538.0;342.0
-693.0;3996;1771.0;6260;-6260;?;3996;505.0;315.0
-698.0;2975;1835.0;3774;-3774;-167.0;2975;504.0;327.0
-706.0;?;1711.0;6173;?;-172.0;4094;504.0;333.0
-715.0;?;?;3026;-3026;-174.0;2487;503.0;333.0
-718.0;-1688;?;-4410;4410;-171.0;-1688;501.0;?
-722.0;-2713;991.0;?;4551;-163.0;-2713;496.0;314.0
-727.0;-3301;473.0;?;4548;?;-3301;491.0;295.0
-727.0;-3327;-215.0;-6165;?;-162.0;-3327;487.0;285.0
-721.0;-3846;?;?;?;-169.0;-3846;487.0;283.0
-712.0;?;?;-5412;?;-171.0;-3662;485.0;287.0
-700.0;?;-1669.0;-4955;4955;-170.0;-3665;?;288.0
-693.0;-3646;-1443.0;-3336;3336;-159.0;?;480.0;275.0
-690.0;1726;?;304;-304;-146.0;1726;483.0;261.0
-660.0;2031;1617.0;-114;?;-152.0;2031;?;292.0
?;-743;?;-4902;4902;-157.0;-743;483.0;?
-679.0;-2106;1002.0;-3486;3486;-160.0;-2106;483.0;287.0
-687.0;-3364;540.0;-4748;4748;-163.0;-3364;483.0;287.0
-691.0;-3272;-74.0;-5307;5307;-180.0;-3272;481.0;302.0
-692.0;-3161;-671.0;?;5361;?;-3161;478.0;304.0
-687.0;-3724;-1244.0;-5281;5281;?;-3724;478.0;301.0
-680.0;-3626;-1800.0;-4176;4176;-187.0;?;?;310.0
-669.0;?;-1841.0;-4036;4036;-187.0;-3353;472.0;?
-667.0;-3579;-1302.0;-2254;?;-177.0;-3579;472.0;310.0
-666.0;-1466;?;?;577;?;-1466;475.0;306.0
-657.0;?;-525.0;211;-211;-158.0;?;?;297.0
?;1027;-145.0;5469;-5469;-152.0;1027;475.0;290.0
-628.0;?;-104.0;?;-6109;-151.0;?;?;290.0
-623.0;4077;-172.0;799;-799;-152.0;4077;?;294.0
-624.0;740;-344.0;-144;144;?;740;483.0;297.0
-628.0;?;-511.0;-39;39;-155.0;-43;487.0;299.0
-636.0;?;-696.0;-32;32;-164.0;330;490.0;306.0
-646.0;-123;-786.0;324;-324;-172.0;-123;494.0;310.0
-654.0;128;-914.0;35;?;?;128;495.0;312.0
-664.0;-17;-979.0;222;?;-192.0;-17;496.0;324.0
?;74;-895.0;?;?;-200.0;74;493.0;?
?;94;-761.0;200;-200;-208.0;94;491.0;341.0
?;?;-495.0;151;-151;-222.0;36;487.0;355.0
-669.0;33;-317.0;109;-109;-225.0;33;486.0;?
-670.0;23;-199.0;?;-178;?;23;485.0;372.0
-673.0;1;?;?;?;-228.0;1;?;372.0
?;50;345.0;771;-771;-230.0;50;485.0;376.0
-685.0;292;514.0;?;?;-235.0;?;486.0;378.0
-690.0;583;807.0;?;-3025;-240.0;583;488.0;381.0
?;1459;1019.0;?;-4654;-245.0;1459;?;381.0
-695.0;?;?;6778;?;-253.0;3062;489.0;385.0
?;?;918.0;?;-8456;-261.0;4586;?;?
-701.0;?;?;?;-5483;-267.0;4119;488.0;?
-705.0;1482;?;-116;116;-271.0;?;485.0;402.0
-709.0;-47;695.0;?;3116;?;-47;?;406.0
-715.0;-777;681.0;-3806;3806;?;?;483.0;405.0
-719.0;-2125;526.0;-4079;4079;-273.0;?;483.0;401.0
-722.0;-3052;189.0;-4263;4263;-273.0;-3052;484.0;400.0
-721.0;-3179;-209.0;-4893;4893;-285.0;?;484.0;407.0
-719.0;-3227;-668.0;?;5717;-284.0;-3227;485.0;404.0
-716.0;-3941;-1046.0;-5653;5653;-287.0;-3941;485.0;402.0
-709.0;-4112;-1148.0;-4928;4928;-284.0;?;?;403.0
?;-4312;?;?;5109;-275.0;-4312;480.0;394.0
-696.0;-3678;-369.0;?;3001;?;-3678;476.0;?
-687.0;-840;115.0;632;?;?;-840;476.0;359.0
-674.0;1128;?;1890;-1890;-236.0;?;477.0;345.0
-658.0;2397;-15.0;5084;-5084;-226.0;2397;477.0;334.0
-612.0;2048;?;-306;306;-140.0;2048;471.0;289.0
?;881;2118.0;-3232;3232;?;881;467.0;296.0
-633.0;-436;1740.0;?;3648;-146.0;?;465.0;300.0
-643.0;-1918;1208.0;-3776;3776;-143.0;?;464.0;?
-651.0;?;?;-3558;?;-142.0;-2782;464.0;294.0
-655.0;-3175;-283.0;-4055;4055;-145.0;-3175;461.0;297.0
-654.0;?;-1115.0;-6396;6396;-155.0;-3340;461.0;300.0
-647.0;-3783;-2015.0;-6730;6730;-151.0;-3783;459.0;296.0
-642.0;-4299;-2729.0;-5123;5123;-147.0;?;457.0;?
-635.0;-4677;-2767.0;-6031;6031;?;?;?;296.0
-635.0;-3945;-2161.0;-3963;?;-140.0;?;463.0;?
?;3195;1437.0;7198;-7198;-261.0;3195;560.0;402.0
-720.0;4535;1540.0;?;-8413;-278.0;?;?;?
-724.0;3507;1499.0;?;-4797;-293.0;3507;560.0;422.0
-733.0;2973;?;?;-1866;-307.0;2973;?;?
-741.0;346;1063.0;-3270;3270;-321.0;?;562.0;?
-747.0;-1191;744.0;-4867;4867;?;-1191;?;443.0
-752.0;?;453.0;-3977;3977;-332.0;-2230;?;441.0
?;-3911;80.0;-5009;?;?;?;563.0;444.0
-759.0;?;?;?;5243;-355.0;-3619;562.0;?
-760.0;-3955;?;-6263;?;-361.0;-3955;565.0;444.0
?;-4201;-1586.0;-5938;5938;-380.0;-4201;568.0;454.0
-757.0;-3115;-1898.0;-4596;4596;-383.0;-3115;572.0;464.0
-750.0;-3788;-1688.0;-6838;?;-376.0;-3788;574.0;466.0
-747.0;-1432;?;-2783;2783;-364.0;-1432;577.0;450.0
-742.0;2905;-12.0;?;-1991;?;2905;?;438.0
-735.0;?;?;1836;-1836;-353.0;2487;581.0;438.0
-725.0;1744;?;6267;-6267;-352.0;1744;?;441.0
-714.0;?;?;3202;?;-350.0;1961;585.0;444.0
-764.0;1574;1451.0;?;-104;-397.0;1574;580.0;474.0
-768.0;1402;1457.0;159;-159;-404.0;?;577.0;477.0
?;-1314;1225.0;-2942;2942;-410.0;-1314;576.0;475.0
-776.0;-2523;887.0;?;3684;-414.0;-2523;575.0;470.0
-781.0;-3073;?;?;3941;?;-3073;573.0;467.0
-785.0;?;-27.0;-5309;5309;-430.0;?;571.0;476.0
?;-3421;-600.0;-6109;?;-434.0;?;569.0;478.0
-789.0;-3400;?;?;5736;-437.0;-3400;?;?
-788.0;-3437;-1785.0;-5066;5066;-431.0;-3437;?;?
-783.0;-3689;-1528.0;?;5689;?;?;?;477.0
-780.0;-2230;-356.0;-2651;2651;-420.0;?;578.0;?
-774.0;3895;1323.0;3221;-3221;-443.0;3895;?;521.0
-776.0;1787;?;-1063;?;-450.0;1787;?;526.0
-775.0;-696;1062.0;-4135;4135;?;-696;?;527.0
-775.0;-1892;682.0;-2798;2798;-459.0;-1892;617.0;525.0
-773.0;-3692;216.0;-3357;?;?;-3692;?;521.0
?;-3986;-241.0;-5145;5145;-463.0;-3986;621.0;519.0
-771.0;-3172;-654.0;-5786;5786;-475.0;-3172;619.0;527.0
-772.0;-3795;?;-6647;6647;-475.0;-3795;616.0;524.0
-773.0;-3897;-1618.0;-5006;5006;-476.0;?;?;525.0
-775.0;?;-1795.0;?;4774;?;-4797;612.0;536.0
-774.0;-3918;-1269.0;-5017;5017;-464.0;-3918;610.0;?
-771.0;?;?;6059;-6059;-423.0;4733;588.0;?
-772.0;2183;1094.0;?;-547;-425.0;?;588.0;?
-773.0;-916;817.0;-4537;4537;-424.0;-916;589.0;516.0
-774.0;-867;488.0;-2840;2840;?;-867;?;510.0
?;-1894;?;?;?;-415.0;-1894;586.0;507.0
-777.0;-3052;-193.0;-4126;4126;-424.0;-3052;582.0;?
?;-3297;-744.0;-4968;4968;-427.0;-3297;576.0;510.0
-777.0;-3204;-1320.0;-5927;?;?;-3204;574.0;507.0
-775.0;-4094;-1916.0;?;5643;-429.0;?;572.0;?
-770.0;-3643;-2201.0;?;5083;-425.0;-3643;?;522.0
-766.0;-4012;-1806.0;-4952;4952;-413.0;-4012;?;?
-762.0;-4948;-782.0;-2454;?;-400.0;?;569.0;489.0
?;?;165.0;?;-2291;-394.0;1505;567.0;480.0
?;2898;544.0;?;-1447;-389.0;2898;?;480.0
-741.0;-98;612.0;2893;-2893;-384.0;-98;568.0;479.0
?;2132;586.0;?;-5965;-381.0;2132;?;479.0
-728.0;1592;?;1350;-1350;?;1592;577.0;479.0
-726.0;766;?;?;181;-377.0;766;581.0;480.0
?;?;204.0;466;?;-380.0;633;587.0;484.0
-731.0;-134;-88.0;-281;281;-382.0;-134;593.0;?
-736.0;150;-254.0;?;?;-389.0;150;599.0;490.0
?;15;-244.0;110;-110;-400.0;?;?;498.0
?;15;-289.0;110;?;?;15;607.0;?
-745.0;80;-386.0;?;-214;-411.0;80;610.0;504.0
-746.0;25;-484.0;163;-163;-410.0;25;611.0;514.0
?;-6;-330.0;176;?;-404.0;-6;610.0;519.0
-738.0;?;-555.0;155;-155;-396.0;6;608.0;530.0
-736.0;?;-659.0;130;?;-387.0;-27;607.0;527.0
?;?;-246.0;243;-243;?;-22;604.0;518.0
-747.0;83;292.0;778;-778;-381.0;83;602.0;?
-754.0;?;502.0;1260;-1260;-389.0;114;603.0;525.0
-762.0;577;826.0;?;-2608;-395.0;577;604.0;529.0
-767.0;1222;1041.0;?;-4176;-404.0;1222;603.0;?
-772.0;?;1280.0;6161;-6161;-411.0;2496;?;533.0
-776.0;4481;1430.0;8766;-8766;-418.0;4481;594.0;533.0
-779.0;4383;1478.0;?;?;-423.0;4383;590.0;531.0
-781.0;2133;1309.0;1890;-1890;-428.0;?;589.0;533.0
-783.0;?;941.0;-2482;2482;?;357;?;541.0
-784.0;-421;?;-4199;4199;-442.0;-421;?;543.0
-786.0;-1291;134.0;-3938;3938;-443.0;-1291;598.0;?
-790.0;-2858;-33.0;?;4139;-444.0;-2858;597.0;?
-791.0;-3639;-80.0;-5363;5363;-459.0;-3639;596.0;545.0
-793.0;-2953;-279.0;-5559;5559;-466.0;?;595.0;546.0
-792.0;-3824;-624.0;-5858;5858;-476.0;-3824;594.0;548.0
-788.0;-3330;?;-5350;5350;-478.0;-3330;596.0;?
-787.0;?;?;?;3572;?;-3518;?;560.0
-783.0;-4569;-541.0;-3640;3640;-460.0;?;602.0;546.0
-772.0;?;1008.0;6282;-6282;?;2803;609.0;516.0
-775.0;4806;1117.0;8302;-8302;-425.0;4806;604.0;520.0
-778.0;?;1193.0;7547;-7547;-429.0;4870;600.0;523.0
?;2349;1164.0;?;-1367;-434.0;2349;?;528.0
?;615;1018.0;-3175;3175;-438.0;615;597.0;530.0
-784.0;117;736.0;-3193;?;-440.0;117;598.0;529.0
-783.0;-1290;?;-2943;2943;-438.0;-1290;598.0;?
-782.0;-2919;97.0;-3171;3171;-430.0;-2919;597.0;516.0
-782.0;-3523;-218.0;?;4061;-442.0;-3523;595.0;522.0
?;-3419;-562.0;-5319;5319;-444.0;-3419;589.0;?
-780.0;-3250;-1006.0;-6362;6362;-441.0;-3250;589.0;520.0
-777.0;-3381;-1484.0;-5637;5637;-435.0;-3381;587.0;518.0
-771.0;-3807;-1524.0;-5038;5038;-430.0;-3807;586.0;525.0
-769.0;-3552;?;-5621;5621;?;-3552;586.0;509.0
?;-765;?;?;?;?;-765;585.0;493.0
?;2935;?;683;-683;-391.0;2935;?;481.0
-753.0;?;793.0;3197;-3197;-382.0;2489;582.0;476.0
-745.0;1231;801.0;?;-3765;-372.0;1231;581.0;?
?;3034;632.0;1603;-1603;-363.0;3034;?;467.0
-732.0;2927;407.0;1044;-1044;-354.0;2927;587.0;461.0
-730.0;800;160.0;?;?;?;800;590.0;460.0
?;40;?;-503;?;-340.0;40;?;?
-733.0;70;-556.0;?;?;-331.0;70;?;441.0
-729.0;9;?;53;-53;-329.0;9;596.0;435.0
-725.0;-1;-642.0;85;-85;-339.0;-1;592.0;444.0
-722.0;17;-706.0;124;-124;-340.0;17;589.0;446.0
-720.0;42;-841.0;150;-150;-336.0;?;586.0;?
?;68;-850.0;269;-269;?;68;?;?
-703.0;8;-787.0;78;-78;-319.0;8;578.0;463.0
-694.0;?;-1089.0;33;-33;-302.0;-33;?;465.0
?;-22;-968.0;144;-144;?;?;565.0;454.0
-679.0;8;-373.0;255;?;-275.0;8;557.0;444.0
-681.0;-1;232.0;432;-432;-271.0;-1;553.0;?
-688.0;157;660.0;766;?;?;157;556.0;437.0
-697.0;568;987.0;2021;-2021;-273.0;568;?;434.0
-704.0;743;1225.0;3511;-3511;?;743;560.0;?
-709.0;1568;?;5013;-5013;-277.0;1568;559.0;428.0
-651.0;2133;619.0;?;-5554;?;2133;526.0;312.0
-655.0;4709;741.0;?;-8747;?;4709;522.0;?
?;?;911.0;7683;-7683;-172.0;5131;516.0;322.0
-660.0;?;959.0;3260;-3260;-180.0;?;511.0;?
-665.0;548;816.0;?;1141;-186.0;548;?;336.0
-672.0;-650;487.0;-4176;4176;?;-650;?;?
?;-1120;?;-4300;4300;-187.0;-1120;511.0;330.0
-675.0;-2514;?;-4124;4124;-185.0;-2514;?;326.0
-672.0;-3634;-335.0;-4657;?;-186.0;-3634;?;317.0
?;-3610;-515.0;-4731;4731;?;-3610;507.0;310.0
-658.0;-4373;-796.0;?;5752;-190.0;-4373;507.0;308.0
-648.0;-4334;-1154.0;-5307;5307;-193.0;-4334;506.0;308.0
-639.0;-3923;-1243.0;-4982;?;-193.0;-3923;505.0;321.0
?;-4389;-863.0;-5816;5816;?;-4389;508.0;311.0
-634.0;-1547;70.0;-2245;2245;?;-1547;?;295.0
-577.0;2230;743.0;5591;-5591;-105.0;2230;473.0;281.0
-584.0;4782;993.0;?;?;-114.0;4782;?;285.0
?;4694;1206.0;?;-6877;-122.0;4694;469.0;291.0
?;?;1234.0;-272;?;-126.0;911;466.0;294.0
-609.0;-1042;?;-4849;4849;-127.0;?;467.0;?
-618.0;-935;702.0;?;3788;-125.0;-935;?;286.0
-624.0;-2132;327.0;-3938;3938;-122.0;-2132;472.0;279.0
-625.0;-3306;41.0;?;4382;-124.0;-3306;472.0;?
-621.0;-3630;-91.0;-4493;4493;-126.0;-3630;472.0;?
-612.0;-3755;?;?;5537;-125.0;-3755;471.0;259.0
?;-4529;?;-5422;5422;-131.0;-4529;469.0;?
-591.0;-4350;?;-5178;?;?;-4350;465.0;262.0
-586.0;-3756;?;-5422;5422;-127.0;-3756;?;265.0
-587.0;-3080;-90.0;-2861;2861;-112.0;-3080;466.0;248.0
-538.0;?;1142.0;?;-6404;-95.0;?;454.0;264.0
-552.0;?;1328.0;8904;-8904;-105.0;4959;459.0;268.0
-562.0;5034;1504.0;7719;-7719;-110.0;5034;460.0;270.0
-570.0;?;1697.0;?;?;-116.0;3091;457.0;275.0
?;66;?;-2168;2168;?;?;454.0;281.0
-582.0;-1482;1470.0;-4290;4290;-123.0;-1482;452.0;279.0
?;-1874;1145.0;-4025;4025;-123.0;?;453.0;278.0
-589.0;-2893;787.0;-4379;?;-122.0;-2893;453.0;275.0
-592.0;-3325;214.0;-4874;4874;-129.0;-3325;453.0;279.0
-592.0;-3437;-323.0;-5251;5251;-132.0;-3437;455.0;273.0
-590.0;-3589;-766.0;-5583;?;-133.0;-3589;457.0;?
?;?;-1351.0;-4713;4713;-138.0;-4164;460.0;271.0
?;-3683;-1564.0;-5048;5048;-141.0;-3683;462.0;283.0
-579.0;-3502;-1152.0;-4252;4252;-131.0;-3502;468.0;272.0
-578.0;?;-315.0;?;?;-119.0;?;?;256.0
-753.0;3902;?;5766;?;-345.0;3902;600.0;456.0
-758.0;1162;1451.0;?;294;-349.0;1162;600.0;463.0
-763.0;-747;1192.0;-3856;3856;-352.0;-747;601.0;470.0
-767.0;?;720.0;-4885;4885;-353.0;?;604.0;?
-767.0;?;212.0;-4413;?;?;-1386;606.0;462.0
?;-3302;-216.0;-4132;?;-354.0;?;607.0;457.0
-759.0;?;?;-4777;4777;-365.0;-3913;?;461.0
-752.0;-3561;-1267.0;-4993;4993;-363.0;-3561;607.0;?
-747.0;-4590;-2092.0;-4764;4764;-378.0;?;608.0;469.0
-744.0;-3631;-2762.0;-5702;5702;-382.0;-3631;609.0;489.0
-746.0;?;-2775.0;-5306;5306;?;-3695;604.0;484.0
-746.0;-2423;-1622.0;-3249;3249;-363.0;-2423;602.0;467.0
-745.0;2144;?;807;-807;-353.0;2144;?;454.0
-741.0;1301;934.0;6118;-6118;-347.0;?;?;449.0
-728.0;4164;1171.0;9244;-9244;-245.0;4164;?;363.0
?;4837;1216.0;8354;-8354;-252.0;4837;579.0;369.0
-736.0;3851;1112.0;3927;?;-263.0;3851;578.0;?
-742.0;?;952.0;-3168;3168;-274.0;353;578.0;387.0
-746.0;-687;555.0;-4860;4860;-282.0;?;?;387.0
-747.0;?;77.0;?;3825;-286.0;-1126;582.0;382.0
-745.0;-2164;-276.0;-3761;3761;-280.0;-2164;?;374.0
-743.0;-2783;?;-3881;3881;-299.0;-2783;579.0;386.0
-744.0;-3920;-1079.0;-5363;5363;-308.0;-3920;579.0;384.0
-746.0;-3976;?;-5905;5905;-308.0;-3976;581.0;376.0
-741.0;-4140;-2272.0;?;5934;?;?;579.0;384.0
-733.0;-3145;-1621.0;?;5171;-303.0;?;580.0;?
?;-4286;?;-6275;6275;-284.0;-4286;?;365.0
-749.0;5104;1781.0;?;-8473;-285.0;5104;574.0;422.0
-751.0;3732;1770.0;5542;-5542;-289.0;?;571.0;429.0
-753.0;1721;?;-637;637;-294.0;?;572.0;436.0
-754.0;601;1258.0;?;?;-297.0;601;574.0;434.0
-754.0;?;749.0;-3077;3077;-294.0;-790;576.0;425.0
?;-2240;?;-2043;2043;-294.0;-2240;575.0;418.0
-751.0;?;2.0;?;2473;-290.0;-3099;573.0;?
-748.0;-3645;-524.0;-3188;3188;-304.0;?;570.0;420.0
-742.0;-3701;?;-2992;?;-302.0;-3701;569.0;416.0
-736.0;-3586;-1887.0;-4909;?;?;-3586;572.0;410.0
-731.0;-3746;-2615.0;-5891;5891;-306.0;-3746;579.0;419.0
-725.0;-3566;?;-4965;4965;?;?;581.0;414.0
-715.0;-3611;-1600.0;-5169;5169;-278.0;-3611;581.0;394.0
-660.0;?;935.0;675;-675;-129.0;?;?;?
-673.0;755;1161.0;2386;-2386;-141.0;755;557.0;?
-677.0;2940;?;7682;?;-152.0;2940;556.0;311.0
-681.0;3606;1582.0;8723;?;-161.0;3606;?;315.0
?;4296;1629.0;8061;-8061;-173.0;4296;544.0;326.0
-692.0;5391;1544.0;9902;?;-188.0;5391;?;340.0
-699.0;?;1154.0;?;-1897;-195.0;1309;?;343.0
?;-2348;613.0;-5003;5003;-198.0;?;545.0;?
-707.0;?;81.0;-3377;3377;-202.0;-1173;547.0;340.0
-708.0;-1060;-381.0;-5546;5546;-207.0;?;548.0;340.0
-706.0;?;?;-6566;6566;-217.0;-1556;?;342.0
-704.0;-1991;-1361.0;-5867;5867;?;?;550.0;?
-699.0;-3469;?;-5988;5988;-224.0;-3469;552.0;337.0
?;-3330;?;-4885;4885;?;?;?;340.0
-678.0;-4795;-1640.0;-4559;?;-226.0;-4795;549.0;348.0
?;?;-764.0;-3265;3265;?;?;?;334.0
-666.0;1948;98.0;36;-36;-198.0;?;541.0;313.0
-660.0;3373;638.0;?;-2346;?;?;535.0;309.0
?;2135;?;3372;?;-190.0;2135;531.0;302.0
?;2714;779.0;2242;-2242;-188.0;2714;529.0;300.0
-645.0;1281;709.0;-56;56;-186.0;?;529.0;299.0
-643.0;612;?;-194;194;-182.0;612;528.0;297.0
-643.0;253;265.0;20;-20;-175.0;253;527.0;291.0
?;?;-175.0;-171;171;-174.0;-13;530.0;?
-656.0;?;-626.0;-2;2;-167.0;132;541.0;283.0
-666.0;-34;-955.0;?;-93;-172.0;-34;553.0;286.0
?;-13;-963.0;211;?;-173.0;-13;557.0;285.0
-667.0;-1;?;220;-220;-176.0;-1;559.0;288.0
?;14;-427.0;119;?;-186.0;?;561.0;306.0
-662.0;-7;?;46;-46;?;?;560.0;316.0
-660.0;57;-356.0;100;?;-180.0;57;?;321.0
-660.0;-29;-397.0;85;-85;-170.0;-29;557.0;315.0
?;14;-95.0;378;-378;-165.0;14;554.0;312.0
-670.0;112;349.0;523;-523;-164.0;?;?;313.0
-682.0;51;458.0;?;-754;-175.0;51;561.0;324.0
-694.0;575;556.0;2522;-2522;-187.0;575;569.0;332.0
-707.0;?;748.0;3894;-3894;-201.0;866;?;339.0
-714.0;2617;837.0;6416;?;-215.0;2617;577.0;348.0
-718.0;5351;1038.0;9064;-9064;-231.0;5351;576.0;?
-723.0;4307;?;5921;-5921;-246.0;4307;574.0;370.0
-729.0;1409;1288.0;456;-456;?;1409;575.0;379.0
-734.0;133;1071.0;-2715;2715;-267.0;133;577.0;385.0
-738.0;?;678.0;-3784;3784;-271.0;-497;581.0;383.0
-739.0;-1618;352.0;-3446;3446;-271.0;-1618;584.0;?
-738.0;?;111.0;-3712;3712;-267.0;-3226;587.0;374.0
-734.0;-4027;-240.0;-4470;4470;-279.0;-4027;586.0;378.0
-728.0;-3915;-618.0;-4565;4565;-283.0;-3915;588.0;?
-721.0;-4260;-1060.0;?;5126;-288.0;?;590.0;385.0
-716.0;-3828;-1369.0;-5468;?;?;?;593.0;?
-708.0;-3962;-1103.0;-5159;5159;-272.0;-3962;593.0;379.0
?;-3007;-209.0;-4721;4721;?;-3007;592.0;366.0
?;291;570.0;2095;-2095;-151.0;291;563.0;316.0
-698.0;2512;?;6602;-6602;-161.0;2512;560.0;319.0
-702.0;4724;929.0;7950;-7950;?;4724;557.0;324.0
?;?;?;7625;-7625;-184.0;5131;553.0;331.0
-710.0;4579;?;5609;-5609;-194.0;4579;550.0;341.0
-714.0;1194;1070.0;-1069;?;-202.0;1194;550.0;349.0
-717.0;-1106;797.0;-4332;4332;?;?;551.0;346.0
-717.0;-861;497.0;-2779;?;-201.0;-861;552.0;340.0
-716.0;-2059;?;-2772;2772;-196.0;?;551.0;332.0
-713.0;-3234;-158.0;?;2917;?;-3234;547.0;337.0
?;-3686;-504.0;-4070;4070;-206.0;-3686;545.0;328.0
-697.0;-3878;?;-5934;5934;-210.0;?;?;323.0
-686.0;-3660;-1171.0;-4973;4973;?;-3660;546.0;325.0
-676.0;?;-1283.0;-6184;6184;-205.0;-3020;545.0;331.0
-670.0;-2746;-829.0;-5639;5639;-190.0;-2746;544.0;316.0
-668.0;-3328;88.0;-2100;?;-174.0;-3328;?;298.0
-584.0;512;1264.0;1379;-1379;-88.0;512;487.0;?
-606.0;?;?;2604;-2604;-103.0;?;498.0;261.0
-622.0;1925;1331.0;4681;-4681;-119.0;1925;504.0;266.0
-632.0;?;?;6101;-6101;-131.0;3763;504.0;?
-639.0;3985;1268.0;?;-5816;-146.0;3985;502.0;286.0
-645.0;3513;1102.0;?;-4242;-159.0;?;?;?
-651.0;2072;923.0;-86;?;-168.0;2072;?;305.0
-655.0;13;693.0;-2848;?;-172.0;13;504.0;307.0
-655.0;-44;523.0;-2142;2142;-176.0;-44;?;308.0
-653.0;-75;295.0;-2205;2205;-173.0;-75;495.0;300.0
-648.0;-1786;-115.0;-2541;2541;-180.0;-1786;485.0;303.0
-645.0;-2778;-633.0;-3817;3817;-180.0;-2778;?;293.0
-640.0;?;-1169.0;-4979;4979;-182.0;-2083;471.0;289.0
?;?;-1560.0;-4501;4501;-178.0;-2696;467.0;284.0
?;-2403;-1681.0;?;3713;?;-2403;466.0;276.0
-613.0;-1257;-1491.0;-2536;2536;-145.0;-1257;460.0;252.0
-593.0;-1662;-956.0;-1793;1793;-124.0;-1662;448.0;226.0
-567.0;733;-663.0;-695;695;-105.0;733;433.0;212.0
?;369;-584.0;2065;-2065;-82.0;369;?;?
-522.0;?;-753.0;3363;-3363;-57.0;464;402.0;174.0
-505.0;?;-964.0;1907;?;-32.0;3768;?;?
-491.0;1241;-1274.0;?;-381;?;1241;377.0;132.0
-481.0;-118;-1539.0;-502;502;12.0;-118;363.0;?
-473.0;499;-1562.0;-258;258;36.0;499;348.0;90.0
-460.0;?;-1396.0;180;?;72.0;?;328.0;46.0
-440.0;189;-991.0;2;?;?;189;305.0;16.0
-425.0;33;-600.0;84;-84;120.0;33;?;-4.0
-412.0;?;?;99;-99;135.0;39;280.0;-15.0
-402.0;139;-249.0;69;-69;146.0;139;275.0;-18.0
-391.0;?;-241.0;85;-85;?;9;?;-24.0
?;111;-411.0;-26;26;171.0;111;276.0;-26.0
?;18;-672.0;-66;66;180.0;18;285.0;-31.0
-378.0;61;?;-56;?;183.0;61;292.0;?
?;?;?;-31;31;170.0;365;296.0;-16.0
-397.0;358;360.0;251;?;159.0;358;?;-1.0
-418.0;546;?;935;?;154.0;546;?;2.0
-439.0;383;?;?;?;149.0;383;?;1.0
-457.0;1731;1386.0;?;-2649;?;?;342.0;1.0
-465.0;4669;1583.0;3505;-3505;137.0;4669;343.0;1.0
-470.0;?;1474.0;3238;-3238;132.0;5959;340.0;3.0
-476.0;6487;1001.0;1109;-1109;127.0;6487;334.0;4.0
-482.0;4163;246.0;-1196;1196;123.0;4163;334.0;5.0
-486.0;-586;-324.0;-746;?;118.0;-586;336.0;9.0
-489.0;-3160;-683.0;450;?;?;-3160;?;13.0
-492.0;-3948;-921.0;331;-331;108.0;-3948;340.0;16.0
-491.0;-3882;-827.0;-127;?;?;-3882;342.0;?
-489.0;?;-578.0;-1763;1763;?;-3502;344.0;?
-490.0;-3585;-655.0;-3009;3009;88.0;-3585;349.0;?
-488.0;-3526;-888.0;-3033;3033;77.0;-3526;352.0;52.0
-480.0;-3860;-744.0;-3269;3269;74.0;-3860;353.0;57.0
-473.0;-3683;-457.0;-3347;3347;76.0;-3683;352.0;56.0
-468.0;-3050;-209.0;?;3163;74.0;-3050;355.0;58.0
-468.0;?;-103.0;-1262;1262;69.0;-4110;?;64.0
-471.0;-2382;104.0;?;-1845;56.0;-2382;378.0;77.0
-483.0;?;374.0;2127;-2127;40.0;-412;397.0;?
?;?;579.0;3508;-3508;25.0;-223;415.0;?
-514.0;1581;457.0;5303;-5303;?;1581;?;128.0
-531.0;?;?;1082;-1082;1.0;1075;441.0;?
-548.0;900;78.0;-950;950;-11.0;900;450.0;147.0
?;1082;?;169;-169;-24.0;1082;462.0;?
-588.0;-78;-294.0;-371;371;-46.0;-78;477.0;169.0
-604.0;137;-337.0;28;-28;?;137;490.0;196.0
-616.0;?;-322.0;186;-186;-108.0;42;?;?
-629.0;-66;-239.0;77;-77;-136.0;-66;509.0;257.0
-642.0;12;-291.0;287;-287;-161.0;12;519.0;?
-651.0;-103;-241.0;291;-291;-185.0;?;528.0;312.0
-657.0;?;?;357;-357;-211.0;-9;?;?
?;-81;-232.0;367;?;-231.0;-81;546.0;370.0
-674.0;-103;-209.0;416;?;-239.0;-103;557.0;382.0
-680.0;-81;143.0;441;-441;-250.0;-81;569.0;383.0
-691.0;?;793.0;?;-537;-276.0;?;582.0;?
-711.0;199;1387.0;1217;-1217;-301.0;199;595.0;428.0
-735.0;304;?;1487;?;-329.0;304;606.0;445.0
-752.0;423;2079.0;1742;?;-351.0;423;?;462.0
?;?;2213.0;4283;-4283;-370.0;?;?;?
-769.0;?;2188.0;7399;?;?;3467;612.0;490.0
-774.0;4987;2115.0;7872;-7872;-403.0;4987;?;500.0
?;?;1993.0;?;-4668;-416.0;3661;603.0;?
-777.0;856;1710.0;-482;482;-427.0;856;?;519.0
-778.0;?;1340.0;-3814;3814;-438.0;-315;?;526.0
-780.0;?;?;-4171;4171;-445.0;87;601.0;523.0
-783.0;728;450.0;-4037;4037;-451.0;728;598.0;521.0
-788.0;-1468;-54.0;-4243;4243;?;-1468;?;526.0
-794.0;-4055;-539.0;-4558;4558;-473.0;-4055;588.0;529.0
?;-3738;-1104.0;?;5305;-479.0;-3738;585.0;530.0
-796.0;-3974;-1577.0;-5300;5300;?;-3974;585.0;529.0
-791.0;-4012;-1784.0;-4886;4886;-477.0;-4012;590.0;537.0
?;-3120;-1377.0;-5425;5425;-463.0;-3120;594.0;528.0
-779.0;-4026;-620.0;-3754;3754;-447.0;?;596.0;?
?;313;1051.0;864;-864;-267.0;313;585.0;421.0
-720.0;901;?;?;-3275;-272.0;901;?;423.0
-723.0;823;1392.0;4078;-4078;-279.0;823;582.0;427.0
-725.0;2898;?;5996;?;-287.0;2898;578.0;434.0
-727.0;?;1359.0;6843;-6843;-293.0;4706;?;439.0
-729.0;2614;1164.0;1653;?;-297.0;2614;?;442.0
-731.0;513;788.0;-3144;3144;-299.0;513;?;?
-732.0;108;?;-3223;3223;-298.0;108;575.0;?
-730.0;-1123;85.0;-2702;2702;-295.0;?;574.0;422.0
-728.0;-2932;-238.0;-3695;?;-287.0;-2932;?;411.0
-725.0;-3271;-643.0;?;4652;-295.0;?;565.0;412.0
-720.0;?;-1066.0;?;5152;-295.0;-2418;561.0;405.0
-714.0;?;?;-4762;4762;-294.0;-2623;?;400.0
-705.0;-3091;-2000.0;-3808;3808;-292.0;-3091;?;407.0
?;-3031;?;-3717;3717;-282.0;-3031;553.0;?
-692.0;-4010;-975.0;-3341;?;?;?;546.0;367.0
-444.0;588;914.0;102;-102;126.0;588;?;32.0
-449.0;?;?;1008;-1008;155.0;855;?;?
?;2324;734.0;2040;?;183.0;2324;318.0;-39.0
-450.0;?;675.0;2491;-2491;208.0;2304;?;-69.0
-445.0;3280;681.0;2058;?;232.0;?;295.0;?
?;5684;479.0;?;182;?;5684;279.0;-130.0
?;3167;?;-2280;2280;272.0;?;261.0;?
-397.0;-585;-705.0;-1568;1568;292.0;-585;247.0;-170.0
-374.0;-2219;-1322.0;-352;?;310.0;-2219;233.0;-186.0
-349.0;-3375;-1816.0;-613;613;326.0;?;?;-198.0
-324.0;?;-2067.0;-1687;1687;?;-3382;196.0;-209.0
-297.0;-2748;-2066.0;-2910;2910;352.0;-2748;173.0;-215.0
-275.0;-2737;-2269.0;-2945;2945;?;-2737;153.0;-227.0
-256.0;?;-2391.0;?;2101;375.0;?;139.0;-236.0
-232.0;-2469;-2298.0;-1458;?;?;?;123.0;-248.0
-201.0;-2699;?;-837;837;391.0;-2699;103.0;?
-167.0;?;-1526.0;?;-1236;395.0;?;83.0;-266.0
-131.0;-898;?;1879;-1879;?;-898;64.0;-272.0
-94.0;?;?;2387;?;400.0;-1214;40.0;-277.0
?;?;?;5931;-5931;405.0;137;20.0;-283.0
-38.0;1996;?;3579;-3579;409.0;?;?;-289.0
-17.0;1604;-355.0;-521;521;?;1604;-15.0;?
?;635;-102.0;105;-105;?;?;-33.0;-297.0
10.0;142;?;?;284;410.0;142;?;-300.0
14.0;13;210.0;-115;115;?;13;-58.0;-300.0
11.0;3;245.0;282;-282;406.0;3;-62.0;-298.0
4.0;-20;231.0;?;-62;402.0;-20;-60.0;?
?;-38;199.0;?;-434;400.0;-38;-58.0;-280.0
-14.0;-41;219.0;?;-319;397.0;-41;?;-270.0
?;?;293.0;?;?;392.0;47;-51.0;-255.0
-26.0;163;362.0;178;-178;386.0;163;-49.0;-237.0
-32.0;109;403.0;113;?;?;?;-43.0;-219.0
-42.0;241;695.0;214;-214;375.0;241;?;?
-57.0;72;?;?;-14;364.0;72;-9.0;-200.0
?;493;2237.0;630;-630;?;?;12.0;-189.0
-127.0;664;2834.0;1754;-1754;347.0;664;41.0;-182.0
?;?;?;?;-2772;342.0;589;63.0;-180.0
-176.0;?;2200.0;5160;-5160;336.0;3587;75.0;-183.0
-181.0;5094;1874.0;?;-4963;331.0;?;?;-180.0
?;5285;1114.0;3889;-3889;329.0;?;?;-178.0
-150.0;4283;?;1938;-1938;330.0;4283;47.0;-184.0
-118.0;-454;-1834.0;-3014;?;328.0;-454;15.0;-184.0
-77.0;-2333;?;-3276;3276;328.0;?;-42.0;?
-42.0;-2771;?;-1638;?;329.0;-2771;-107.0;?
-11.0;?;-323.0;?;2796;334.0;-3774;-175.0;?
18.0;-3452;32.0;-3521;3521;?;-3452;-237.0;-199.0
38.0;-3538;693.0;-3757;3757;341.0;-3538;-291.0;-200.0
49.0;-3357;867.0;-3814;3814;345.0;?;?;-207.0
57.0;-3222;601.0;-3834;3834;345.0;?;-349.0;-215.0
72.0;?;?;-3445;?;?;-3453;-355.0;-225.0
86.0;-2917;401.0;-1379;1379;353.0;-2917;-354.0;?
100.0;?;-227.0;1679;-1679;356.0;-2281;?;-250.0
112.0;?;?;860;-860;357.0;-2322;-334.0;-256.0
117.0;?;-1716.0;?;-1697;?;-471;-320.0;-258.0
113.0;?;-1948.0;7242;-7242;358.0;?;-311.0;-260.0
103.0;1593;-2193.0;?;-3896;361.0;1593;-299.0;-266.0
?;1081;-2074.0;-409;409;362.0;1081;-286.0;-270.0
72.0;2064;-1811.0;871;-871;?;2064;-271.0;-275.0
58.0;?;-1714.0;-439;439;365.0;955;-245.0;-278.0
46.0;44;-1240.0;?;83;364.0;44;-215.0;-277.0
47.0;149;?;441;-441;364.0;149;-187.0;-269.0
?;83;-1191.0;-41;41;363.0;83;-175.0;-257.0
?;73;-1042.0;317;?;364.0;73;-168.0;-244.0
?;40;?;63;-63;366.0;40;?;-235.0
86.0;29;-652.0;?;?;363.0;29;-155.0;-223.0
93.0;60;-536.0;87;-87;356.0;60;-154.0;-202.0
92.0;87;?;26;-26;349.0;87;-144.0;-181.0
85.0;?;142.0;-113;113;341.0;-4;-133.0;-178.0
70.0;152;?;304;-304;326.0;152;?;-159.0
46.0;53;1598.0;?;-688;?;53;-101.0;-145.0
11.0;286;2169.0;?;-1359;303.0;286;?;-130.0
-29.0;771;2450.0;2717;?;289.0;771;-41.0;-115.0
?;942;2660.0;?;?;274.0;942;-14.0;-105.0
-105.0;3681;2704.0;6504;-6504;256.0;3681;?;-86.0
-138.0;5195;2552.0;6597;-6597;239.0;5195;?;-67.0
?;5402;2235.0;5644;?;222.0;5402;55.0;-53.0
-195.0;4717;1997.0;?;-4626;211.0;?;73.0;-41.0
-221.0;-812;1805.0;?;1756;201.0;-812;?;?
-244.0;?;1540.0;-4340;?;191.0;-2473;108.0;-26.0
?;-1237;1293.0;-3587;3587;183.0;?;124.0;-20.0
-283.0;-2636;807.0;?;4911;174.0;?;139.0;-19.0
-295.0;-3280;259.0;-4711;4711;158.0;-3280;155.0;-7.0
?;-3982;-509.0;-4741;?;146.0;-3982;171.0;?
-311.0;?;?;-4917;4917;127.0;-4284;182.0;18.0
?;-3934;-1369.0;-4454;4454;108.0;-3934;193.0;?
-323.0;?;-1336.0;-4809;4809;96.0;-4586;205.0;56.0
-337.0;-4169;-947.0;-2453;2453;89.0;?;227.0;62.0
-661.0;661;1726.0;2366;-2366;-258.0;661;506.0;418.0
-682.0;1912;?;5128;-5128;-285.0;?;518.0;441.0
-700.0;?;1885.0;6695;-6695;?;2994;528.0;459.0
-715.0;?;1809.0;6318;-6318;-327.0;3501;536.0;472.0
?;2713;?;5176;-5176;?;2713;542.0;482.0
-739.0;?;1440.0;898;-898;-358.0;383;?;491.0
-748.0;?;1313.0;-3356;3356;?;?;552.0;498.0
?;1550;1286.0;?;4988;-376.0;1550;555.0;499.0
?;338;1256.0;?;4940;?;338;558.0;501.0
?;-1793;1084.0;-4396;4396;-398.0;?;560.0;?
-772.0;-3268;753.0;-4055;4055;-406.0;-3268;562.0;497.0
-773.0;-3678;275.0;-3847;3847;-413.0;-3678;?;?
-773.0;-3816;-198.0;?;4203;-423.0;-3816;566.0;482.0
-773.0;-3406;-281.0;-3661;3661;-432.0;-3406;?;483.0
-770.0;-2747;-53.0;-4580;4580;-428.0;-2747;562.0;484.0
-770.0;-2857;-228.0;-3669;3669;-422.0;-2857;561.0;485.0
-767.0;-3203;-819.0;-2281;2281;-420.0;?;563.0;474.0
-761.0;-3322;-1130.0;-3211;3211;-419.0;-3322;565.0;475.0
-756.0;-1899;-1115.0;3334;-3334;-418.0;?;563.0;480.0
?;1420;-1074.0;4932;?;-417.0;?;?;484.0
-747.0;2062;-1011.0;-140;140;?;2062;554.0;487.0
?;339;-950.0;414;-414;?;?;551.0;489.0
?;329;-899.0;?;97;-417.0;329;?;490.0
-743.0;208;-885.0;-215;215;-421.0;208;550.0;489.0
-743.0;-83;-826.0;509;-509;-430.0;-83;551.0;?
-745.0;52;-731.0;220;-220;-441.0;52;553.0;498.0
-751.0;-106;-819.0;583;-583;-449.0;-106;557.0;503.0
-758.0;-44;-885.0;488;-488;-456.0;-44;?;517.0
-762.0;-48;?;491;?;?;-48;574.0;528.0
-764.0;-56;-76.0;534;-534;-463.0;-56;?;533.0
-763.0;-81;599.0;508;-508;-465.0;-81;?;544.0
?;-83;924.0;494;-494;-468.0;?;596.0;557.0
-763.0;55;1200.0;453;-453;?;55;602.0;567.0
-766.0;?;?;584;?;-480.0;59;607.0;581.0
-771.0;221;?;1209;?;?;221;610.0;589.0
-772.0;450;1380.0;1784;-1784;-481.0;450;613.0;595.0
-772.0;438;1532.0;2455;-2455;-481.0;?;613.0;594.0
-774.0;?;1885.0;?;-4954;-484.0;1175;612.0;593.0
-775.0;561;2198.0;3491;-3491;?;561;611.0;593.0
-775.0;1025;2428.0;4594;-4594;-487.0;1025;612.0;594.0
?;3822;2439.0;?;-9299;-486.0;3822;613.0;595.0
-778.0;2578;2299.0;832;?;-485.0;2578;614.0;597.0
-780.0;1732;2120.0;-5955;5955;-484.0;1732;613.0;596.0
-782.0;2335;1800.0;?;?;?;2335;613.0;?
-783.0;375;1397.0;-6246;6246;-481.0;?;612.0;587.0
-784.0;-1204;869.0;-5590;5590;-482.0;-1204;611.0;?
-787.0;-2427;274.0;-5162;5162;-488.0;-2427;609.0;585.0
-791.0;-3341;-337.0;?;5119;-487.0;-3341;605.0;582.0
-795.0;-3471;-781.0;-4547;?;-484.0;-3471;600.0;576.0
-801.0;-3113;-1159.0;-5393;?;-484.0;-3113;594.0;?
?;-3386;?;-4467;4467;?;-3386;587.0;?
-808.0;?;-1047.0;?;3371;-463.0;-3532;588.0;581.0
-810.0;?;-1511.0;-2180;2180;-456.0;-192;585.0;570.0
-809.0;2133;-1941.0;1666;-1666;-453.0;2133;583.0;568.0
?;-524;-2370.0;1548;-1548;-449.0;-524;585.0;570.0
-798.0;2486;2370.0;9149;?;-423.0;2486;599.0;554.0
-796.0;2555;2079.0;8053;-8053;-428.0;2555;603.0;?
-793.0;985;1652.0;1547;-1547;-432.0;985;607.0;?
-789.0;-8;1150.0;?;?;-435.0;-8;?;574.0
-788.0;635;634.0;-4699;4699;?;635;613.0;?
-788.0;-1261;313.0;-5190;5190;-447.0;?;612.0;580.0
?;-2694;-126.0;-5624;?;-461.0;-2694;612.0;593.0
-789.0;-2336;-849.0;-5424;5424;?;-2336;612.0;592.0
-785.0;?;-1599.0;-5251;5251;-479.0;-3206;?;?
?;-5060;?;?;?;?;-5060;?;594.0
?;-6050;?;-510;510;-490.0;-6050;616.0;599.0
?;-4232;-1077.0;157;?;?;?;?;592.0
-789.0;-402;-603.0;-2308;2308;-487.0;-402;615.0;587.0
?;1663;-455.0;?;-4249;-496.0;1663;?;587.0
?;310;1117.0;1164;-1164;-667.0;310;582.0;665.0
?;?;717.0;?;2905;-672.0;-2069;582.0;660.0
-735.0;-566;272.0;-3552;3552;?;-566;581.0;654.0
?;-600;-144.0;-4688;4688;-686.0;-600;579.0;650.0
-728.0;-1908;-427.0;-5334;?;-696.0;-1908;573.0;647.0
?;?;-682.0;-5319;5319;-701.0;-2984;568.0;645.0
-731.0;-2902;-1284.0;-5379;?;-705.0;-2902;565.0;652.0
-730.0;-4069;-1653.0;-5045;5045;-707.0;-4069;562.0;660.0
-727.0;-3873;-1404.0;-4518;4518;-706.0;-3873;554.0;667.0
-721.0;?;-905.0;-4860;?;?;-4762;?;669.0
-717.0;?;?;-4041;?;-709.0;-3969;543.0;667.0
?;636;733.0;2336;-2336;?;636;473.0;657.0
-624.0;?;1022.0;5055;?;-734.0;?;467.0;?
-623.0;?;1197.0;6531;-6531;-737.0;3283;463.0;?
-621.0;5185;1268.0;?;-7548;-740.0;?;460.0;?
-617.0;5793;?;?;-8154;-742.0;5793;458.0;640.0
?;?;1059.0;?;-3429;-743.0;?;460.0;638.0
-603.0;-1096;742.0;-2342;2342;?;-1096;462.0;635.0
-596.0;-1279;431.0;?;3925;-748.0;-1279;462.0;632.0
-591.0;-887;19.0;?;4055;-753.0;-887;460.0;?
?;-908;?;-4048;4048;-751.0;?;454.0;629.0
-594.0;-2715;-412.0;-4254;4254;-746.0;-2715;449.0;636.0
?;-4057;?;-4693;?;-740.0;-4057;448.0;?
-598.0;-4814;-1358.0;-4992;4992;-731.0;?;450.0;650.0
-600.0;-4343;-1361.0;-4707;4707;-726.0;?;446.0;655.0
-601.0;-4148;-828.0;-5107;5107;-727.0;-4148;440.0;657.0
-602.0;-3666;-290.0;-5025;5025;-733.0;-3666;436.0;?
?;496;1017.0;2217;-2217;-713.0;496;410.0;617.0
-540.0;544;1150.0;2009;-2009;-714.0;544;398.0;614.0
-534.0;1014;1315.0;3446;-3446;?;1014;390.0;610.0
?;?;1361.0;?;?;-713.0;2828;385.0;606.0
-526.0;?;1380.0;8054;-8054;-713.0;3872;?;602.0
-520.0;?;1241.0;?;-7616;?;3950;?;600.0
-512.0;?;958.0;1809;?;-713.0;904;383.0;599.0
-503.0;-1287;501.0;?;4200;?;?;385.0;597.0
-496.0;-233;117.0;-3976;3976;-717.0;?;383.0;?
-492.0;-775;?;-5005;5005;-719.0;-775;380.0;596.0
-492.0;-1907;-272.0;?;5558;-715.0;?;376.0;596.0
-496.0;?;-424.0;-5596;5596;-714.0;-2741;371.0;601.0
?;?;-761.0;?;5880;-711.0;-3016;?;607.0
-505.0;-4123;?;-5374;5374;-707.0;-4123;367.0;?
-509.0;-3868;-1241.0;-4880;4880;-700.0;-3868;368.0;?
-508.0;-4451;-806.0;-4385;4385;-700.0;-4451;365.0;620.0
?;67;?;459;-459;-703.0;67;372.0;572.0
?;407;938.0;1489;-1489;-700.0;407;360.0;565.0
-487.0;632;1102.0;2278;-2278;-696.0;632;350.0;?
-478.0;668;1287.0;2698;-2698;-693.0;?;341.0;548.0
-469.0;2082;1336.0;5929;-5929;-689.0;2082;335.0;?
-460.0;?;1251.0;6688;-6688;-688.0;3693;334.0;?
-450.0;4250;?;6106;?;?;4250;?;?
-442.0;2077;759.0;3631;-3631;-688.0;2077;332.0;538.0
-436.0;?;499.0;-1987;1987;-691.0;?;331.0;539.0
-432.0;-625;152.0;-2891;2891;-693.0;-625;327.0;538.0
-429.0;-403;-61.0;?;?;-696.0;?;?;532.0
-429.0;-315;-274.0;-4107;4107;-691.0;-315;312.0;538.0
-432.0;-1251;-599.0;?;3907;-688.0;-1251;303.0;543.0
-434.0;-3417;?;-4634;4634;-684.0;-3417;296.0;549.0
-438.0;-4015;?;-4648;4648;?;?;291.0;550.0
-443.0;-4071;-1129.0;-4625;4625;-672.0;-4071;287.0;?
-443.0;-3542;-761.0;-4671;4671;-673.0;?;285.0;?
-441.0;-3491;-365.0;-4779;?;?;-3491;?;?
-442.0;-2481;8.0;-3307;3307;-684.0;-2481;?;558.0
?;863;231.0;?;267;-686.0;?;292.0;556.0
-454.0;2348;249.0;?;-1521;-687.0;2348;302.0;?
-459.0;2250;197.0;1735;-1735;-686.0;2250;?;?
-463.0;2817;194.0;757;-757;-684.0;2817;?;556.0
-464.0;2384;?;499;-499;-683.0;?;326.0;555.0
-462.0;1849;68.0;776;-776;-682.0;1849;?;552.0
-458.0;?;?;246;-246;?;1497;?;550.0
-455.0;193;4.0;?;?;-681.0;193;322.0;546.0
-455.0;-5;-2.0;?;-119;?;-5;315.0;?
-456.0;175;-2.0;?;-85;-682.0;175;310.0;?
-455.0;-74;-116.0;110;-110;-684.0;-74;303.0;533.0
-450.0;33;-136.0;91;-91;-689.0;33;297.0;532.0
?;-13;-43.0;?;-135;-691.0;?;294.0;532.0
?;-11;-19.0;73;-73;-691.0;-11;305.0;532.0
-471.0;26;-463.0;26;-26;-688.0;?;314.0;?
-470.0;-52;?;-18;18;-684.0;-52;315.0;?
?;59;?;?;-108;-688.0;59;309.0;520.0
?;40;117.0;14;-14;-688.0;40;299.0;515.0
-443.0;97;530.0;169;?;-682.0;97;283.0;510.0
-422.0;110;727.0;193;-193;-678.0;?;?;505.0
?;74;935.0;184;-184;-675.0;74;247.0;500.0
-389.0;833;1108.0;2182;-2182;-671.0;833;236.0;497.0
?;560;1223.0;?;-2800;-668.0;560;230.0;?
-380.0;1672;1242.0;?;-3969;?;1672;227.0;490.0
-376.0;4602;1181.0;6564;-6564;-666.0;4602;225.0;487.0
?;3481;1027.0;3547;?;-666.0;3481;?;485.0
-365.0;?;?;-453;453;-668.0;?;226.0;?
?;53;?;-870;870;-670.0;53;224.0;485.0
-363.0;-780;160.0;-1315;1315;-673.0;-780;221.0;486.0
-366.0;-1048;-48.0;-1356;1356;-678.0;-1048;219.0;487.0
-373.0;-1103;-309.0;?;1497;-676.0;-1103;219.0;?
?;-2095;-650.0;?;3524;-675.0;-2095;?;496.0
?;?;-1121.0;-4458;4458;-677.0;-2424;222.0;500.0
-407.0;-2130;?;-3856;3856;?;-2130;?;504.0
-411.0;?;-1279.0;?;3706;-680.0;-2328;221.0;503.0
-414.0;-1633;?;-3173;3173;?;-1633;?;506.0
-419.0;-362;-182.0;-2921;2921;?;-362;220.0;?
-432.0;213;24.0;-2107;2107;-695.0;213;226.0;511.0
-446.0;1091;?;271;-271;-699.0;1091;236.0;514.0
-461.0;2103;-23.0;?;-676;-703.0;?;?;?
-471.0;2356;-8.0;1607;-1607;-707.0;2356;254.0;521.0
-478.0;1608;75.0;2572;-2572;-711.0;1608;263.0;?
-485.0;595;0.0;658;-658;-716.0;595;270.0;526.0
-491.0;543;?;476;-476;-720.0;?;276.0;528.0
-499.0;?;-139.0;302;-302;-724.0;418;281.0;?
-507.0;73;-228.0;-265;265;-727.0;73;284.0;531.0
-514.0;94;-338.0;169;-169;-731.0;94;288.0;532.0
-518.0;?;-425.0;30;-30;-733.0;62;292.0;535.0
-520.0;58;-501.0;?;-219;-733.0;58;?;538.0
-524.0;91;-501.0;246;-246;-731.0;91;301.0;543.0
-533.0;89;?;170;-170;-728.0;?;311.0;?
?;82;-401.0;246;-246;-726.0;82;326.0;?
?;48;?;175;?;?;?;333.0;548.0
-536.0;65;-187.0;213;-213;-726.0;65;330.0;548.0
-531.0;?;451.0;228;-228;-726.0;91;?;551.0
-519.0;37;811.0;199;?;-722.0;?;328.0;?
?;5;1084.0;157;-157;-720.0;5;?;567.0
-501.0;40;?;?;-312;-721.0;?;329.0;?
-503.0;91;1369.0;745;-745;-719.0;91;336.0;?
?;167;1342.0;911;-911;-717.0;167;349.0;586.0
-506.0;?;1227.0;886;-886;-715.0;163;?;?
-503.0;475;1014.0;2462;?;-714.0;?;?;?
-500.0;1614;?;?;?;-713.0;1614;381.0;604.0
-498.0;2784;610.0;6311;-6311;-714.0;2784;?;608.0
-495.0;?;451.0;5057;-5057;-716.0;?;?;612.0
?;4838;?;4181;?;-716.0;4838;?;?
-486.0;4811;348.0;3326;-3326;-717.0;4811;396.0;?
-491.0;2340;146.0;3033;-3033;-719.0;2340;399.0;?
-503.0;436;-218.0;2670;-2670;-720.0;?;405.0;632.0
-518.0;151;?;2368;-2368;-723.0;151;?;635.0
?;-144;-1102.0;320;-320;-726.0;-144;423.0;640.0
-549.0;?;-1652.0;-2073;2073;-730.0;?;436.0;641.0
-560.0;-275;-2248.0;-2340;2340;-733.0;-275;?;636.0
-563.0;-1277;-2359.0;-4436;4436;-740.0;-1277;431.0;630.0
-562.0;-1804;-1701.0;?;5280;-741.0;-1804;?;?
?;-1331;-636.0;-4601;4601;-743.0;-1331;405.0;622.0
?;?;?;-4651;4651;-744.0;-1818;400.0;?
-574.0;?;609.0;-3595;3595;?;?;399.0;620.0
-577.0;-3920;731.0;-3553;?;-738.0;-3920;405.0;?
-579.0;-3335;547.0;?;3546;-733.0;?;?;624.0
-579.0;-4465;404.0;?;3150;?;-4465;427.0;624.0
-576.0;-2125;287.0;-3199;?;-725.0;-2125;435.0;625.0
-570.0;?;132.0;-1283;1283;-723.0;1442;?;624.0
-562.0;410;112.0;?;-534;-720.0;410;437.0;624.0
-553.0;-130;178.0;?;199;-717.0;-130;431.0;624.0
-546.0;135;295.0;?;219;-715.0;135;424.0;624.0
-543.0;-159;304.0;172;-172;-715.0;-159;418.0;622.0
-543.0;?;194.0;-118;118;-716.0;73;414.0;621.0
-545.0;-16;-4.0;61;-61;-717.0;-16;412.0;619.0
?;?;?;42;-42;-718.0;-7;409.0;617.0
-549.0;?;-386.0;55;-55;-720.0;37;406.0;614.0
-550.0;29;-548.0;?;?;-721.0;?;402.0;?
-549.0;8;-579.0;?;-99;-719.0;?;400.0;612.0
?;1;-620.0;147;?;?;1;399.0;611.0
-542.0;38;-657.0;71;?;?;38;398.0;606.0
?;28;-602.0;110;?;-716.0;28;392.0;598.0
-533.0;30;?;126;-126;?;30;379.0;589.0
-527.0;-52;30.0;81;-81;?;-52;362.0;?
?;2;352.0;?;-181;-721.0;2;?;571.0
-506.0;?;555.0;208;-208;-723.0;-65;340.0;?
-497.0;?;678.0;?;?;-724.0;22;334.0;?
-491.0;?;?;?;-749;-722.0;?;332.0;557.0
-486.0;315;823.0;1809;-1809;-721.0;315;?;553.0
-480.0;1398;717.0;3340;-3340;?;1398;324.0;548.0
-472.0;1842;640.0;4261;-4261;-720.0;?;?;?
-462.0;1996;534.0;?;-3794;-720.0;?;311.0;540.0
-452.0;2816;386.0;?;-3530;-719.0;2816;304.0;?
-444.0;1524;201.0;2768;-2768;-717.0;?;296.0;536.0
?;-392;59.0;656;-656;?;?;289.0;534.0
-442.0;-529;-98.0;332;-332;-715.0;-529;285.0;534.0
?;-873;-203.0;-297;?;-715.0;-873;281.0;?
-446.0;-1355;-317.0;-1786;1786;-707.0;-1355;?;541.0
-451.0;-1503;?;-1829;1829;-702.0;-1503;280.0;?
-451.0;-2234;-663.0;?;2631;?;?;277.0;543.0
-450.0;-2539;-611.0;-3165;3165;-693.0;?;?;542.0
-447.0;?;-309.0;-2845;2845;-688.0;-2876;264.0;540.0
-439.0;?;31.0;-3022;3022;-684.0;-3229;257.0;536.0
-427.0;-3203;318.0;-2963;2963;?;-3203;?;531.0
-414.0;?;494.0;-3156;3156;-676.0;-3003;250.0;526.0
-403.0;-2231;699.0;-3707;?;-671.0;?;250.0;520.0
-392.0;?;885.0;-2790;?;?;-1824;247.0;?
-378.0;-922;1035.0;-414;414;-656.0;-922;242.0;?
?;134;1120.0;486;-486;?;134;237.0;?
-348.0;366;1063.0;2178;-2178;-641.0;366;232.0;500.0
-333.0;330;?;1561;?;-635.0;?;226.0;494.0
-319.0;362;863.0;247;?;-631.0;362;218.0;486.0
?;1059;721.0;6187;-6187;-627.0;1059;209.0;478.0
-298.0;1020;606.0;?;-4511;-625.0;1020;199.0;471.0
-291.0;915;?;-1157;1157;?;915;?;?
-285.0;1027;272.0;698;-698;-621.0;1027;?;?
-281.0;190;102.0;165;?;?;190;169.0;450.0
?;87;-65.0;-152;152;-620.0;87;160.0;?
-277.0;191;-176.0;336;-336;?;?;?;441.0
-279.0;-33;-230.0;-225;225;-623.0;-33;148.0;439.0
-288.0;28;-275.0;61;-61;-625.0;28;149.0;440.0
-302.0;-12;-364.0;-78;78;-625.0;-12;153.0;442.0
-318.0;?;-587.0;-92;92;?;-5;163.0;444.0
-327.0;12;?;-76;76;-619.0;?;175.0;441.0
-323.0;?;-1382.0;-74;74;?;-40;176.0;?
-319.0;-37;-1076.0;-64;64;-616.0;-37;165.0;?
-318.0;-51;-417.0;?;27;-609.0;-51;156.0;413.0
-310.0;-34;?;133;-133;-601.0;-34;144.0;399.0
?;1;?;179;?;-591.0;1;133.0;385.0
-282.0;-13;161.0;?;-148;-579.0;-13;125.0;?
-266.0;133;461.0;?;-189;?;133;?;358.0
-246.0;?;858.0;319;-319;-553.0;65;108.0;342.0
-224.0;124;1099.0;879;-879;-539.0;124;94.0;?
-197.0;180;?;1410;-1410;-525.0;180;?;307.0
-169.0;234;1267.0;?;?;-515.0;234;62.0;291.0
-142.0;1124;1267.0;2566;-2566;-501.0;1124;?;272.0
-114.0;1757;?;?;-3403;-489.0;?;31.0;256.0
-88.0;1444;1187.0;1785;-1785;-475.0;1444;16.0;241.0
-65.0;-2321;?;1003;?;-461.0;?;1.0;?
-48.0;-7090;1139.0;1353;?;-448.0;-7090;-14.0;222.0
-29.0;-6678;?;-354;354;-437.0;-6678;-33.0;216.0
-10.0;-5251;1061.0;-1552;1552;?;?;-51.0;?
7.0;-5441;929.0;-1709;1709;-409.0;-5441;-65.0;190.0
25.0;?;557.0;?;990;-396.0;-4715;-80.0;178.0
?;-5735;?;-250;?;?;-5735;-95.0;168.0
60.0;?;-78.0;-273;273;-371.0;-5153;-111.0;?
73.0;-296;-135.0;390;-390;?;-296;-123.0;?
85.0;?;-187.0;?;?;?;712;-135.0;127.0
?;-383;-76.0;-448;448;?;-383;?;118.0
106.0;160;68.0;?;16;-329.0;160;-160.0;107.0
118.0;-50;138.0;-124;124;-317.0;?;-172.0;?
131.0;-10;64.0;?;13;-304.0;-10;-185.0;80.0
145.0;23;156.0;5;-5;?;23;-198.0;67.0
160.0;-44;?;0;0;?;?;-210.0;51.0
175.0;38;375.0;76;-76;-257.0;?;-219.0;33.0
?;-25;377.0;?;-26;-237.0;-25;-231.0;10.0
?;-27;430.0;15;-15;-216.0;-27;-244.0;-16.0
246.0;-2;?;25;-25;-196.0;-2;-264.0;-40.0
277.0;27;?;19;-19;-177.0;27;-286.0;-59.0
312.0;14;?;-36;?;-154.0;14;-309.0;-81.0
349.0;8;1189.0;91;?;?;8;?;-102.0
385.0;-8;1602.0;142;?;-102.0;?;-362.0;-122.0
423.0;5;1805.0;?;?;-73.0;5;?;?
462.0;39;1978.0;177;?;-45.0;39;-410.0;-164.0
501.0;43;2125.0;134;-134;-17.0;43;-430.0;-183.0
540.0;-6;?;565;-565;14.0;-6;-445.0;?
577.0;11;2443.0;?;-1361;44.0;11;?;?
613.0;383;2485.0;2071;-2071;72.0;?;-468.0;?
652.0;183;2498.0;1808;-1808;99.0;183;-478.0;-264.0
690.0;?;2489.0;1827;-1827;125.0;193;?;-279.0
?;2215;2537.0;3479;-3479;150.0;2215;-496.0;?
749.0;2335;?;?;-3454;175.0;?;-501.0;-308.0
767.0;-1521;2413.0;2204;-2204;?;-1521;-504.0;-322.0
780.0;-3604;2338.0;1710;-1710;221.0;-3604;-504.0;-334.0
789.0;-2541;?;665;-665;243.0;-2541;-504.0;-345.0
?;-2246;1891.0;-130;130;266.0;-2246;?;-358.0
800.0;?;1597.0;-541;541;292.0;-2080;-509.0;-376.0
805.0;-1951;1573.0;-1960;?;317.0;-1951;?;-392.0
810.0;-3084;?;?;3044;340.0;-3084;-506.0;-405.0
?;-3966;1306.0;-2892;2892;?;-3966;?;-417.0
822.0;-5207;1374.0;-1737;1737;369.0;?;-499.0;-425.0
827.0;-6474;1448.0;22;?;?;-6474;?;-432.0
829.0;-4239;?;683;?;394.0;-4239;-488.0;-435.0
824.0;-694;1379.0;261;?;?;-694;-490.0;-441.0
819.0;120;1116.0;-354;?;?;120;-493.0;-448.0
815.0;-161;974.0;-495;495;432.0;?;?;-456.0
813.0;-49;988.0;-54;54;444.0;-49;-492.0;-466.0
813.0;-47;938.0;-39;?;454.0;-47;?;-476.0
816.0;?;770.0;-158;?;464.0;1;-486.0;-484.0
821.0;61;485.0;-204;204;?;61;-484.0;-489.0
828.0;37;636.0;-94;94;486.0;37;-482.0;-493.0
?;45;961.0;39;-39;?;?;-482.0;-497.0
?;-34;997.0;-45;?;506.0;-34;-485.0;-501.0
836.0;-16;861.0;?;-29;513.0;?;-480.0;-502.0
?;?;?;9;-9;?;?;?;-504.0
?;15;1296.0;-58;?;?;15;-440.0;?
864.0;8;1277.0;?;9;529.0;8;?;?
867.0;8;953.0;-32;32;?;8;-429.0;-506.0
867.0;?;464.0;-26;26;?;8;-432.0;-500.0
869.0;?;625.0;-22;22;535.0;8;-433.0;-497.0
873.0;7;?;?;38;538.0;?;-436.0;-496.0
873.0;8;996.0;5;-5;?;8;?;-495.0
873.0;9;904.0;?;-58;540.0;9;-446.0;-496.0
875.0;22;883.0;66;?;541.0;22;-446.0;-497.0
?;?;824.0;?;-75;543.0;29;-448.0;-500.0
875.0;31;885.0;58;-58;544.0;31;-451.0;-503.0
874.0;82;?;49;-49;546.0;82;-455.0;-505.0
873.0;?;?;220;-220;548.0;?;-460.0;-506.0
870.0;65;1065.0;?;?;550.0;65;?;?
869.0;105;878.0;?;-358;?;105;-471.0;-512.0
?;464;792.0;1753;-1753;556.0;464;-472.0;?
868.0;1204;?;4157;-4157;?;1204;-473.0;-520.0
868.0;1802;869.0;5411;-5411;564.0;1802;-475.0;-524.0
?;1788;781.0;4441;-4441;568.0;1788;-477.0;-528.0
865.0;1682;?;3689;-3689;572.0;1682;-480.0;-532.0
864.0;1066;489.0;2086;-2086;575.0;1066;?;-537.0
863.0;473;367.0;-491;491;576.0;?;-481.0;?
863.0;642;279.0;-631;631;?;642;-481.0;-544.0
863.0;-740;183.0;-1542;1542;583.0;-740;-480.0;?
?;-2296;39.0;?;2884;587.0;-2296;-479.0;-547.0
?;-1912;6.0;-2698;?;589.0;-1912;?;-551.0
864.0;-2211;40.0;?;?;591.0;?;-476.0;-556.0
863.0;-3223;67.0;-2233;2233;?;-3223;-477.0;-558.0
?;-3413;-19.0;-2019;2019;600.0;?;-478.0;-559.0
861.0;?;?;-1392;?;605.0;?;-480.0;-562.0
858.0;-2119;-90.0;1064;-1064;609.0;?;-483.0;-569.0
855.0;?;-77.0;516;-516;613.0;-173;-488.0;-577.0
851.0;?;?;?;3593;617.0;212;-493.0;-585.0
847.0;?;-198.0;-3805;3805;621.0;220;-498.0;?
843.0;-91;-267.0;-584;?;?;-91;-502.0;?
839.0;-279;-314.0;222;-222;631.0;-279;-504.0;?
?;?;-353.0;-194;194;637.0;-3;-503.0;?
836.0;1;?;33;?;?;1;-500.0;-617.0
836.0;-11;-348.0;-48;48;653.0;-11;-494.0;-619.0
836.0;-7;-241.0;6;-6;661.0;?;-488.0;?
837.0;-24;-201.0;49;-49;669.0;-24;-482.0;-623.0
838.0;-15;-218.0;-16;16;676.0;?;-476.0;-625.0
839.0;-4;-171.0;63;-63;683.0;-4;-472.0;-629.0
838.0;26;-99.0;?;-21;686.0;26;-471.0;?
836.0;39;-371.0;6;?;688.0;39;-475.0;-635.0
835.0;?;-491.0;-7;?;690.0;4;?;-631.0
834.0;29;-544.0;-23;23;692.0;29;-477.0;-626.0
?;122;-796.0;6;-6;694.0;122;?;-625.0
830.0;?;-822.0;7;-7;697.0;78;-481.0;?
829.0;50;-893.0;?;42;700.0;?;?;-621.0
831.0;121;-985.0;-26;?;703.0;?;-477.0;-620.0
832.0;?;?;38;-38;?;47;-475.0;-620.0
?;-26;-611.0;36;-36;707.0;-26;-473.0;-619.0
?;-7;-990.0;22;-22;709.0;?;-474.0;-617.0
?;18;-895.0;47;-47;711.0;?;-470.0;?
841.0;40;-534.0;68;-68;713.0;40;-462.0;?
847.0;30;-484.0;85;-85;714.0;30;?;-605.0
854.0;18;-492.0;?;?;717.0;18;-437.0;-600.0
860.0;-10;?;86;?;?;-10;-425.0;?
868.0;57;-201.0;66;-66;727.0;?;-409.0;-587.0
?;92;-227.0;153;-153;729.0;92;-397.0;-584.0
882.0;143;-325.0;532;-532;732.0;143;-385.0;?
889.0;36;-381.0;923;-923;736.0;36;-371.0;-573.0
894.0;-439;?;857;?;739.0;?;?;-568.0
898.0;-683;?;674;-674;742.0;-683;-356.0;?
?;-882;-562.0;?;-670;744.0;-882;-352.0;-561.0
903.0;?;-492.0;231;-231;747.0;?;-346.0;?
906.0;341;-259.0;-465;465;752.0;?;-339.0;?
911.0;-399;-133.0;-403;403;755.0;-399;?;-549.0
917.0;-596;75.0;?;-158;757.0;?;?;?
920.0;-359;400.0;438;?;758.0;-359;-324.0;-540.0
?;-147;-291.0;500;-500;755.0;-147;-337.0;-534.0
912.0;?;-515.0;524;-524;754.0;-307;-343.0;-525.0
910.0;-1037;-489.0;675;-675;?;-1037;?;-517.0
916.0;-1098;404.0;759;?;?;?;?;-513.0
917.0;-1159;475.0;291;-291;?;-1159;-331.0;-512.0
?;-1224;227.0;-247;?;?;-1224;?;?
919.0;-1202;302.0;-381;381;754.0;-1202;-325.0;-516.0
?;-1167;40.0;?;355;753.0;?;-332.0;-520.0
914.0;-1206;-233.0;?;?;751.0;-1206;-339.0;-527.0
?;-1264;-45.0;-373;373;?;-1264;-344.0;?
910.0;-345;?;-243;243;745.0;?;-351.0;?
?;182;232.0;-168;?;742.0;182;-359.0;?
896.0;11;336.0;-151;?;739.0;11;-379.0;-555.0
879.0;159;-53.0;?;84;?;159;-414.0;-561.0
861.0;120;275.0;-96;96;736.0;120;-444.0;-566.0
843.0;56;567.0;-124;124;734.0;56;?;-574.0
830.0;66;1079.0;-142;142;734.0;66;-497.0;-580.0
826.0;37;1209.0;-175;175;732.0;37;-510.0;-587.0
827.0;64;836.0;-118;118;728.0;64;-514.0;-592.0
833.0;70;980.0;?;?;724.0;70;?;-597.0
840.0;71;?;-24;24;720.0;?;-496.0;?
842.0;42;427.0;-75;?;716.0;42;-497.0;-608.0
840.0;9;445.0;-84;?;713.0;9;?;-614.0
?;?;448.0;-215;?;709.0;87;-514.0;?
?;85;326.0;-237;237;?;85;-528.0;-624.0
820.0;-20;?;-72;72;703.0;-20;-537.0;-627.0
819.0;26;224.0;-15;?;702.0;26;-537.0;-628.0
?;?;-16.0;14;-14;703.0;?;-529.0;-632.0
829.0;7;?;38;-38;706.0;7;?;-637.0
?;?;-262.0;-1;1;?;?;-515.0;-640.0
836.0;-1;?;-28;28;713.0;?;-513.0;-643.0
?;-35;321.0;-11;11;716.0;-35;-512.0;-647.0
836.0;-33;?;-13;?;?;?;-514.0;-649.0
833.0;?;287.0;-65;65;723.0;-62;-517.0;-651.0
836.0;-153;-9.0;-98;98;726.0;-153;-512.0;-653.0
841.0;-227;-38.0;-125;125;?;-227;-505.0;?
846.0;?;11.0;-128;128;?;-211;?;-652.0
847.0;?;-259.0;-23;23;736.0;-115;-495.0;-651.0
842.0;-82;?;-8;8;738.0;-82;?;-650.0
?;-75;-528.0;?;34;739.0;-75;-508.0;-649.0
?;-49;-592.0;101;?;740.0;-49;-515.0;-649.0
?;-285;-495.0;-213;213;741.0;-285;-516.0;-649.0
828.0;?;-616.0;?;345;740.0;?;?;-650.0
827.0;-940;-868.0;-197;197;740.0;-940;-507.0;-652.0
824.0;-2335;-829.0;502;-502;740.0;-2335;-508.0;-654.0
820.0;-3194;-682.0;2603;-2603;740.0;-3194;-512.0;-655.0
?;-3258;?;3560;-3560;741.0;-3258;?;-656.0
815.0;-2010;?;3268;-3268;741.0;-2010;?;?
810.0;-603;-885.0;1759;-1759;739.0;-603;-538.0;-660.0
809.0;-286;-1383.0;?;993;738.0;?;-544.0;-662.0
806.0;-389;-1699.0;?;1869;?;-389;-548.0;-664.0
801.0;?;-1975.0;-1778;1778;734.0;-1454;-554.0;-665.0
796.0;-2403;-1956.0;-1472;1472;735.0;?;-556.0;-660.0
790.0;-3065;-1378.0;?;481;733.0;-3065;-557.0;-658.0
780.0;?;-667.0;-479;479;726.0;-3970;-549.0;?
764.0;-3636;754.0;?;1230;721.0;?;-541.0;?
741.0;-3096;2316.0;-460;460;?;-3096;-530.0;-655.0
708.0;-2666;?;318;-318;715.0;-2666;?;-650.0
662.0;-998;4859.0;-410;410;715.0;-998;-475.0;-645.0
618.0;-1204;?;2539;-2539;714.0;-1204;-439.0;-641.0
579.0;-320;4405.0;5575;?;713.0;?;-416.0;-639.0
561.0;?;3376.0;3827;-3827;711.0;?;-402.0;?
550.0;1523;2586.0;?;-1931;711.0;1523;-396.0;-634.0
?;941;1871.0;-147;?;711.0;941;-394.0;-629.0
539.0;928;?;-729;?;?;928;-391.0;-624.0
?;-20;350.0;214;-214;709.0;?;-385.0;-619.0
?;283;-515.0;-137;137;708.0;283;-376.0;-612.0
545.0;113;-1270.0;24;-24;?;113;-364.0;?
552.0;4;-1727.0;170;-170;710.0;4;?;-597.0
?;?;-1885.0;145;-145;713.0;?;-349.0;-593.0
575.0;?;-1759.0;261;?;712.0;-57;?;?
585.0;?;-1365.0;?;-112;?;-22;-360.0;?
587.0;-16;-851.0;29;-29;?;-16;-365.0;-594.0
?;-23;?;70;-70;707.0;-23;-365.0;-587.0
552.0;-28;?;130;-130;704.0;?;-358.0;-582.0
516.0;-15;?;103;-103;696.0;?;?;?
466.0;41;2538.0;299;-299;?;?;-327.0;-571.0
?;-26;?;339;-339;685.0;?;?;-568.0
347.0;74;2938.0;?;-670;677.0;?;-282.0;?
?;?;3248.0;631;?;668.0;61;-258.0;-555.0
250.0;-131;3248.0;194;-194;657.0;-131;-244.0;-549.0
224.0;1290;3093.0;?;-3085;647.0;?;-242.0;?
206.0;3625;3054.0;6743;-6743;639.0;3625;?;-534.0
192.0;4435;2940.0;6771;?;633.0;4435;-272.0;-528.0
179.0;?;2797.0;6491;-6491;630.0;?;-291.0;-522.0
165.0;3456;2392.0;4563;-4563;631.0;3456;-303.0;-520.0
152.0;59;1668.0;?;?;?;59;-304.0;-522.0
142.0;-1148;987.0;-3126;3126;634.0;-1148;?;-522.0
140.0;?;318.0;-3028;3028;635.0;?;-286.0;-522.0
?;-2483;?;-4036;4036;635.0;-2483;-271.0;-526.0
154.0;-2684;-1187.0;-4279;4279;632.0;-2684;-252.0;-532.0
?;?;-1848.0;-5508;5508;629.0;-3168;-230.0;-531.0
182.0;-3828;-2585.0;-4891;?;624.0;-3828;-209.0;-529.0
201.0;-4649;-2700.0;-1351;1351;615.0;-4649;-189.0;-525.0
214.0;?;-2296.0;-375;375;614.0;-5187;-175.0;-524.0
223.0;307;?;?;199;?;?;-164.0;?
115.0;?;?;6153;-6153;496.0;4144;-124.0;-357.0
92.0;?;1333.0;5170;-5170;?;4002;-111.0;-346.0
68.0;2235;1085.0;2516;-2516;?;2235;-95.0;-338.0
47.0;516;881.0;-239;239;471.0;?;-79.0;-335.0
?;-135;700.0;-1320;1320;467.0;?;-63.0;-332.0
13.0;-908;449.0;-2097;2097;462.0;-908;-47.0;-325.0
3.0;?;40.0;?;2165;456.0;-1039;-33.0;-315.0
?;-2113;-408.0;?;2923;450.0;-2113;-22.0;-317.0
3.0;-3836;-944.0;-4539;4539;442.0;-3836;?;?
1.0;-3459;-1317.0;-5022;5022;430.0;-3459;?;-305.0
?;-3245;-1430.0;-5220;5220;415.0;-3245;?;?
-15.0;?;-909.0;-5048;5048;405.0;-3572;13.0;-285.0
-34.0;-3526;90.0;-4263;?;?;-3526;22.0;-283.0
-52.0;-5273;635.0;-2610;2610;405.0;?;28.0;?
-62.0;?;736.0;812;?;403.0;?;?;-278.0
?;-1366;591.0;3245;-3245;399.0;-1366;?;?
?;?;538.0;4692;-4692;?;-399;11.0;?
-53.0;781;557.0;6634;-6634;?;781;7.0;-255.0
-55.0;1768;?;4167;-4167;378.0;1768;5.0;-246.0
?;?;539.0;329;-329;?;1277;6.0;-235.0
-67.0;965;442.0;-53;53;364.0;965;8.0;-227.0
-75.0;398;409.0;-102;?;356.0;?;?;-218.0
-83.0;203;400.0;-214;?;350.0;203;?;-211.0
-90.0;128;?;-5;5;343.0;128;26.0;-203.0
-99.0;-33;688.0;97;-97;334.0;-33;33.0;-188.0
-113.0;7;712.0;147;?;326.0;7;45.0;-174.0
-134.0;31;?;113;-113;?;31;61.0;-158.0
-157.0;29;?;115;?;315.0;29;?;-146.0
?;15;797.0;59;-59;307.0;?;89.0;-135.0
-193.0;?;763.0;67;-67;291.0;-13;102.0;-108.0
-209.0;-10;?;94;-94;278.0;-10;113.0;-86.0
-234.0;-54;1362.0;279;?;?;-54;128.0;-67.0
-272.0;-25;1767.0;425;?;250.0;-25;149.0;-45.0
-323.0;50;2002.0;639;-639;?;50;178.0;-21.0
-380.0;149;2225.0;?;-1161;207.0;149;208.0;4.0
-432.0;471;?;1819;-1819;184.0;471;233.0;26.0
-479.0;970;2559.0;?;-3633;158.0;970;254.0;?
-521.0;2422;?;5872;-5872;127.0;?;271.0;80.0
?;4179;2592.0;6228;?;?;4179;283.0;110.0
-594.0;2874;2577.0;4523;-4523;?;2874;290.0;133.0
?;-345;2424.0;2211;-2211;39.0;-345;295.0;156.0
-650.0;-762;?;962;?;14.0;-762;297.0;172.0
?;-148;2108.0;?;-213;?;-148;296.0;?
-692.0;?;?;?;1675;-30.0;?;293.0;199.0
?;?;1969.0;-4035;4035;-51.0;-1288;287.0;205.0
-724.0;-2337;1935.0;-5547;5547;-67.0;-2337;281.0;196.0
?;-3745;1694.0;-5389;5389;?;?;281.0;?
-750.0;-6341;1462.0;-3201;3201;-117.0;-6341;281.0;216.0
-762.0;?;1517.0;-923;?;?;-6648;?;247.0
-774.0;-4680;1418.0;?;?;-165.0;-4680;281.0;266.0
-784.0;?;902.0;911;-911;-183.0;-2000;286.0;289.0
-790.0;809;440.0;162;-162;?;809;290.0;315.0
?;?;404.0;-127;127;?;284;291.0;338.0
-787.0;-338;523.0;-31;31;?;?;?;362.0
?;129;753.0;10;-10;-270.0;129;295.0;392.0
-782.0;-169;948.0;188;-188;-292.0;-169;304.0;422.0
-782.0;-57;1782.0;184;-184;-310.0;-57;?;?
-773.0;-76;?;168;-168;-324.0;?;330.0;?
-760.0;-122;1952.0;?;-102;-334.0;?;334.0;?
?;?;1956.0;58;-58;-341.0;-82;332.0;?
-767.0;-88;2338.0;41;?;?;-88;330.0;498.0
-777.0;-7;2808.0;64;-64;?;-7;335.0;?
?;-70;2863.0;?;-126;-359.0;-70;348.0;485.0
-795.0;-93;2510.0;137;-137;-362.0;?;?;489.0
-800.0;-33;2227.0;168;-168;?;-33;?;489.0
-804.0;-58;1838.0;102;-102;-381.0;-58;406.0;492.0
-805.0;-35;?;?;-347;-392.0;-35;426.0;500.0
-801.0;-70;1290.0;332;-332;-403.0;-70;450.0;?
-794.0;30;1092.0;390;-390;?;30;475.0;522.0
-782.0;255;?;?;-891;-419.0;?;?;531.0
-770.0;185;640.0;735;-735;-425.0;185;514.0;541.0
-760.0;?;455.0;2201;-2201;-433.0;645;524.0;550.0
-754.0;?;219.0;4954;?;-441.0;1197;529.0;559.0
-751.0;1235;93.0;4558;-4558;-450.0;?;529.0;570.0
-752.0;?;127.0;3257;?;?;1224;?;577.0
?;?;-108.0;?;-2422;-467.0;1214;?;?
?;1556;-516.0;-1147;?;?;1556;486.0;?
-767.0;1215;-1023.0;-3279;3279;-481.0;1215;458.0;592.0
-783.0;-766;-1440.0;-2854;2854;?;?;440.0;593.0
-801.0;-2457;-1932.0;-2880;2880;-487.0;-2457;435.0;591.0
-815.0;-3261;?;-2481;2481;?;-3261;432.0;584.0
-826.0;-3433;-1365.0;?;1952;-486.0;-3433;434.0;?
-828.0;-2877;-1369.0;-1194;1194;-483.0;-2877;445.0;585.0
-825.0;-2797;-1961.0;?;1164;-474.0;-2797;455.0;576.0
-825.0;-628;-876.0;54;-54;-469.0;-628;?;568.0
-822.0;?;-251.0;1104;-1104;-467.0;1722;441.0;569.0
-819.0;406;-392.0;-376;376;-466.0;406;435.0;574.0
-817.0;-320;-516.0;-144;144;-464.0;-320;435.0;578.0
-814.0;-87;-719.0;308;-308;-465.0;-87;?;583.0
-813.0;-205;-574.0;-119;119;?;-205;424.0;590.0
-815.0;-44;?;110;-110;-471.0;-44;?;597.0
-821.0;-134;-391.0;56;-56;-475.0;-134;397.0;602.0
-828.0;-63;?;40;-40;-482.0;?;379.0;?
-836.0;-43;-543.0;35;-35;?;-43;363.0;612.0
-843.0;?;-584.0;?;?;-496.0;-67;346.0;614.0
?;-48;-558.0;127;-127;-502.0;-48;332.0;615.0
-854.0;-22;?;73;-73;?;-22;319.0;616.0
-859.0;40;-402.0;?;?;-508.0;40;309.0;613.0
-861.0;29;-410.0;-4;?;-508.0;29;304.0;612.0
-860.0;83;?;88;-88;?;?;303.0;609.0
-860.0;112;?;91;?;-504.0;112;300.0;606.0
?;101;?;108;-108;-502.0;101;?;599.0
?;93;-602.0;77;-77;?;93;282.0;593.0
-865.0;26;-471.0;61;?;-496.0;26;?;583.0
-870.0;33;-390.0;133;-133;-495.0;33;259.0;?
-874.0;?;-413.0;83;-83;-494.0;57;?;?
-878.0;1;-398.0;85;?;-493.0;1;247.0;561.0
-879.0;46;-447.0;117;?;?;46;245.0;552.0
-883.0;71;-603.0;93;-93;-484.0;71;238.0;544.0
-887.0;?;?;61;-61;-479.0;?;?;533.0
?;28;-430.0;-68;68;-473.0;28;227.0;523.0
-896.0;-16;-367.0;-70;?;?;-16;219.0;504.0
-899.0;-53;-315.0;49;?;-468.0;-53;212.0;?
-900.0;-34;-249.0;69;?;?;-34;207.0;494.0
-902.0;?;-59.0;2;-2;-460.0;?;200.0;488.0
-903.0;?;-87.0;-138;138;-455.0;28;195.0;483.0
?;-27;9.0;-116;116;-448.0;?;?;478.0
-903.0;7;-223.0;-23;23;-441.0;7;?;471.0
-904.0;?;-102.0;-208;208;-433.0;-79;186.0;464.0
-903.0;37;-94.0;?;?;-426.0;?;?;459.0
-903.0;-310;-51.0;?;-681;?;?;177.0;452.0
-902.0;-812;-26.0;537;-537;-412.0;-812;173.0;446.0
-901.0;-728;?;?;-518;-406.0;?;?;442.0
?;-1770;-132.0;?;?;-401.0;-1770;173.0;438.0
?;?;82.0;985;-985;-396.0;-2225;168.0;?
-895.0;-505;110.0;346;?;-387.0;?;?;?
-896.0;844;484.0;-1074;?;?;844;162.0;418.0
?;?;429.0;-1036;1036;-365.0;1291;168.0;406.0
?;972;465.0;-108;108;?;972;175.0;392.0
-887.0;-386;310.0;455;-455;-339.0;-386;179.0;380.0
-746.0;8;?;-36;36;-265.0;?;323.0;376.0
-720.0;0;530.0;-28;28;-275.0;?;?;395.0
-718.0;-22;288.0;-15;15;?;-22;310.0;399.0
-713.0;0;?;-16;16;-283.0;0;315.0;402.0
-712.0;19;-108.0;-16;16;?;19;319.0;411.0
-712.0;9;-287.0;-29;29;-303.0;9;317.0;421.0
-712.0;7;-288.0;-35;35;?;7;315.0;?
-712.0;-46;?;-27;27;-322.0;-46;?;441.0
?;-39;?;-19;?;-331.0;-39;303.0;450.0
-720.0;-11;?;-14;?;-340.0;-11;297.0;460.0
-797.0;1150;4328.0;3183;-3183;-562.0;1150;?;614.0
-776.0;1051;3438.0;3622;-3622;?;1051;585.0;621.0
-763.0;-1144;?;?;-3372;-575.0;-1144;597.0;630.0
-757.0;-1001;2317.0;?;-1816;-581.0;-1001;?;639.0
?;-52;1872.0;828;-828;-587.0;?;?;643.0
-747.0;-158;1245.0;968;?;?;-158;616.0;644.0
-746.0;-449;728.0;824;?;-615.0;-449;612.0;651.0
-745.0;-2188;157.0;696;-696;-626.0;-2188;605.0;659.0
-745.0;?;-430.0;-26;26;-634.0;-3329;595.0;666.0
-744.0;-3419;-977.0;-1962;?;-643.0;-3419;589.0;672.0
?;?;-1510.0;-3164;3164;-651.0;-2961;586.0;676.0
?;-2428;-1908.0;?;3542;-659.0;-2428;582.0;679.0
-746.0;-2633;-1850.0;?;3517;-668.0;-2633;580.0;682.0
-753.0;?;?;?;3130;-675.0;-3126;580.0;686.0
-760.0;-3535;-979.0;-3277;3277;?;-3535;582.0;690.0
-762.0;-3120;?;-3142;3142;?;-3120;581.0;693.0
-762.0;?;?;-3550;3550;?;-3885;578.0;696.0
?;-2551;125.0;-2722;?;-690.0;-2551;576.0;700.0
-755.0;?;295.0;504;-504;-694.0;1358;576.0;?
?;1481;438.0;?;-1374;-698.0;1481;574.0;699.0
?;802;552.0;?;-522;-702.0;?;574.0;698.0
-736.0;1228;?;491;-491;?;1228;571.0;696.0
?;1241;620.0;237;-237;-709.0;1241;568.0;694.0
?;1077;?;-146;146;-711.0;1077;?;694.0
-716.0;?;356.0;-124;124;-711.0;446;?;693.0
-710.0;254;295.0;-140;?;?;254;558.0;693.0
?;?;235.0;-76;?;-714.0;153;556.0;691.0
-701.0;-13;205.0;?;-34;?;-13;554.0;?
-696.0;?;229.0;6;-6;-717.0;9;551.0;687.0
-691.0;?;?;?;-47;?;-15;?;?
-685.0;-12;459.0;55;-55;-718.0;-12;?;683.0
-686.0;-37;561.0;58;-58;-717.0;-37;548.0;684.0
?;-23;623.0;?;-84;-715.0;-23;557.0;?
-688.0;42;425.0;?;-77;?;42;?;686.0
-683.0;20;169.0;75;-75;-710.0;20;?;686.0
?;-14;233.0;57;-57;?;-14;576.0;686.0
-672.0;-12;454.0;15;?;-708.0;-12;575.0;687.0
-671.0;-25;734.0;38;-38;-710.0;?;575.0;686.0
?;-12;?;?;-85;?;-12;570.0;682.0
-665.0;-26;355.0;73;-73;-715.0;?;564.0;?
-660.0;18;25.0;127;-127;-715.0;18;559.0;682.0
-657.0;53;-182.0;125;-125;-716.0;53;554.0;682.0
-656.0;17;?;173;?;-717.0;?;?;682.0
-657.0;120;-341.0;398;?;?;?;546.0;683.0
-658.0;?;?;731;-731;-718.0;293;542.0;?
-660.0;761;-162.0;2206;-2206;-719.0;761;537.0;683.0
-662.0;853;?;3077;-3077;-719.0;853;534.0;683.0
-665.0;1846;-284.0;4672;-4672;-720.0;?;?;683.0
-667.0;3439;-433.0;6464;-6464;-722.0;3439;529.0;?
-670.0;3485;-520.0;5319;-5319;-724.0;3485;527.0;679.0
-676.0;3693;-576.0;5044;-5044;-724.0;3693;525.0;679.0
-683.0;1753;-612.0;751;-751;-726.0;?;?;678.0
-690.0;-792;-674.0;-4370;4370;-729.0;-792;525.0;673.0
-696.0;-734;-840.0;?;2809;-733.0;-734;?;670.0
?;?;?;-2293;2293;-731.0;-1839;521.0;673.0
-703.0;-3035;-926.0;-2967;2967;-730.0;-3035;516.0;675.0
-708.0;-3258;-861.0;-3567;?;-728.0;-3258;514.0;677.0
-715.0;-2963;-718.0;-4223;4223;-726.0;?;514.0;679.0
?;-3044;-487.0;-4400;4400;-723.0;-3044;514.0;683.0
-721.0;-3041;-86.0;-4181;?;-720.0;?;513.0;?
-721.0;-3118;411.0;-4061;4061;-724.0;-3118;510.0;?
-720.0;?;868.0;?;4551;-725.0;-3939;511.0;680.0
-723.0;?;1127.0;-787;787;-725.0;-133;?;680.0
-726.0;2485;1036.0;1928;-1928;?;?;526.0;?
?;-617;733.0;?;-452;-722.0;?;536.0;681.0
-726.0;-1013;462.0;?;-2136;-721.0;-1013;543.0;681.0
-725.0;1373;193.0;4134;-4134;-721.0;1373;?;?
-722.0;2008;?;2275;-2275;-721.0;2008;552.0;680.0
-720.0;1029;-406.0;?;-42;?;?;553.0;680.0
-719.0;240;?;-262;262;-722.0;240;555.0;679.0
-720.0;88;?;36;-36;-724.0;88;555.0;677.0
-722.0;-2;-986.0;75;-75;-725.0;-2;556.0;676.0
-724.0;-6;-1233.0;76;?;-726.0;-6;557.0;675.0
?;-5;-1448.0;75;-75;-728.0;-5;558.0;672.0
-725.0;-10;-1448.0;74;?;-725.0;-10;555.0;673.0
-733.0;?;?;?;-41;?;?;?;676.0
?;-3;-804.0;?;-22;-716.0;-3;565.0;680.0
-747.0;8;?;-4;4;-711.0;8;575.0;?
-749.0;14;-1048.0;1;-1;-705.0;14;582.0;689.0
?;-13;-452.0;57;-57;-706.0;?;583.0;687.0
-749.0;-4;?;5;-5;-708.0;?;580.0;?
-745.0;?;882.0;24;-24;?;3;?;?
?;-37;?;60;-60;?;-37;568.0;689.0
-727.0;4;1463.0;117;?;-707.0;?;?;691.0
-719.0;53;1594.0;?;-221;-708.0;?;555.0;691.0
-713.0;?;1692.0;47;?;-709.0;?;552.0;691.0
-711.0;276;1724.0;620;-620;-710.0;276;549.0;691.0
-708.0;?;1734.0;?;?;-712.0;?;548.0;?
-705.0;369;1472.0;911;-911;-713.0;369;?;689.0
-700.0;365;1064.0;900;?;-714.0;365;550.0;688.0
-697.0;139;603.0;274;-274;-715.0;?;552.0;686.0
-696.0;1509;91.0;3906;-3906;-717.0;1509;553.0;684.0
?;2693;-274.0;6210;-6210;-718.0;2693;?;682.0
?;2315;-594.0;3857;-3857;-719.0;2315;549.0;681.0
-705.0;1491;-896.0;850;?;-723.0;?;548.0;677.0
-711.0;503;-1179.0;-2535;?;-725.0;503;546.0;675.0
?;481;-1493.0;-3082;3082;-725.0;481;541.0;675.0
-721.0;306;-1754.0;-2225;2225;?;306;537.0;679.0
?;-1387;-2039.0;-2542;2542;-720.0;-1387;537.0;?
-732.0;-2927;-2075.0;-3177;3177;-719.0;-2927;?;684.0
-740.0;-3401;-1600.0;-4048;4048;-717.0;?;?;?
-746.0;?;-1250.0;-4421;?;-716.0;-3128;531.0;689.0
-750.0;?;-648.0;-4347;4347;?;-2519;526.0;?
-753.0;-2029;89.0;-3476;3476;?;?;522.0;685.0
?;-1040;709.0;-2476;?;-720.0;-1040;520.0;?
?;?;1006.0;-2554;?;-720.0;-1726;?;682.0
-750.0;-2348;1090.0;-1524;?;-719.0;?;532.0;683.0
-745.0;121;1033.0;?;-785;-718.0;121;?;683.0
-739.0;387;?;1379;-1379;-716.0;387;545.0;?
?;-860;?;?;?;-715.0;-860;?;686.0
-727.0;-229;984.0;2981;-2981;-715.0;-229;?;686.0
-721.0;1700;888.0;3015;?;-716.0;1700;?;?
?;?;739.0;1914;-1914;?;2697;554.0;683.0
-711.0;1004;454.0;?;-308;-720.0;?;553.0;?
-708.0;335;?;-112;112;-721.0;335;551.0;681.0
-706.0;?;-77.0;105;-105;-723.0;408;550.0;680.0
-705.0;-67;-428.0;54;-54;?;-67;547.0;678.0
?;41;-701.0;?;-140;-727.0;41;543.0;674.0
?;-11;-866.0;96;-96;?;-11;?;?
-709.0;8;-884.0;81;-81;-731.0;8;533.0;669.0
-717.0;63;-864.0;139;-139;?;63;530.0;668.0
-725.0;-39;?;137;-137;-731.0;-39;529.0;668.0
-731.0;-13;-1132.0;?;-120;-730.0;-13;531.0;669.0
-735.0;18;-1389.0;39;-39;-728.0;?;?;670.0
-734.0;?;-1372.0;?;-33;-730.0;-1;532.0;?
-733.0;-40;-713.0;55;-55;-734.0;?;527.0;660.0
?;-47;118.0;?;15;-737.0;?;520.0;656.0
-726.0;-23;?;?;-163;-739.0;?;513.0;653.0
-715.0;38;797.0;?;-187;-738.0;38;506.0;653.0
-700.0;?;960.0;351;-351;-737.0;53;500.0;653.0
?;189;1213.0;931;-931;-736.0;189;?;654.0
-671.0;475;1489.0;?;-1243;-735.0;475;491.0;654.0
-661.0;?;1697.0;2663;?;-735.0;900;488.0;653.0
-652.0;?;1788.0;4977;-4977;-734.0;?;485.0;652.0
-642.0;3853;1764.0;5743;-5743;?;3853;482.0;?
-634.0;3910;1627.0;4689;?;-736.0;3910;478.0;648.0
-625.0;2881;1364.0;3521;-3521;-738.0;2881;476.0;646.0
-619.0;1722;1008.0;2399;-2399;-739.0;1722;?;?
-616.0;?;?;27;-27;-741.0;365;?;644.0
-618.0;-1159;210.0;?;1935;-743.0;?;463.0;644.0
-622.0;-1421;?;-2130;2130;-746.0;-1421;460.0;641.0
?;-1581;-593.0;-2253;?;-743.0;-1581;456.0;645.0
-639.0;-2702;-1052.0;?;3500;-742.0;?;452.0;647.0
-644.0;-2693;?;?;4649;-740.0;-2693;448.0;?
-647.0;-2698;?;-4287;4287;?;-2698;444.0;648.0
-648.0;-3192;-1630.0;-3852;3852;-737.0;?;437.0;649.0
-650.0;-2990;?;-3906;3906;-737.0;?;431.0;650.0
-653.0;?;-215.0;-3127;3127;-738.0;-3263;429.0;650.0
-656.0;-2214;2.0;-2577;2577;-738.0;-2214;431.0;648.0
-660.0;878;139.0;-1726;1726;-738.0;878;437.0;647.0
?;1083;220.0;977;-977;-738.0;1083;444.0;647.0
?;-1173;342.0;1806;-1806;-736.0;-1173;?;648.0
?;-1012;632.0;?;-3312;-734.0;-1012;452.0;?
-650.0;342;?;?;-4426;-733.0;342;455.0;647.0
-644.0;818;757.0;657;-657;?;818;?;645.0
-638.0;1203;722.0;20;?;-735.0;1203;?;?
-633.0;826;644.0;578;-578;-736.0;826;452.0;639.0
-628.0;101;525.0;?;404;-736.0;101;449.0;636.0
-625.0;31;357.0;261;-261;-737.0;31;445.0;634.0
-621.0;-12;178.0;115;-115;-737.0;-12;443.0;632.0
-618.0;4;?;43;-43;-741.0;4;437.0;?
-615.0;11;-90.0;172;-172;-744.0;?;434.0;?
-618.0;-45;-157.0;68;?;?;-45;435.0;?
-624.0;-13;-355.0;129;-129;?;-13;441.0;625.0
-629.0;-38;-655.0;?;-18;-733.0;?;451.0;629.0
-629.0;-34;-1133.0;33;-33;-728.0;-34;461.0;630.0
-625.0;14;-1336.0;22;-22;-724.0;14;465.0;629.0
-623.0;39;-829.0;?;?;-729.0;39;460.0;621.0
?;?;-84.0;120;?;-732.0;-45;452.0;617.0
-615.0;?;438.0;202;-202;-733.0;11;441.0;614.0
?;50;739.0;244;-244;-730.0;50;431.0;613.0
-593.0;?;830.0;367;-367;-727.0;?;?;611.0
-585.0;288;1036.0;644;?;-724.0;288;416.0;611.0
-580.0;527;1210.0;1235;?;-721.0;527;413.0;610.0
-575.0;902;1270.0;?;?;-720.0;902;412.0;?
-569.0;?;1265.0;?;-1361;?;513;411.0;606.0
-562.0;956;1213.0;1924;-1924;?;956;409.0;605.0
-554.0;3209;?;4246;-4246;-718.0;3209;406.0;604.0
-547.0;?;?;3403;?;-720.0;?;403.0;603.0
-543.0;1772;714.0;587;-587;-721.0;1772;398.0;605.0
-542.0;?;626.0;-889;889;-722.0;614;395.0;?
-546.0;-608;469.0;-1491;1491;-722.0;-608;?;610.0
-551.0;-1850;256.0;-2291;2291;-724.0;?;395.0;609.0
-559.0;-2428;?;-3287;3287;-718.0;-2428;?;?
?;-2362;-638.0;-3528;3528;-716.0;-2362;397.0;614.0
-567.0;?;-1034.0;?;4178;-717.0;?;396.0;612.0
-564.0;-2432;-1040.0;?;?;?;-2432;386.0;610.0
-555.0;-2766;-389.0;-4190;4190;-713.0;?;373.0;612.0
-542.0;-2312;354.0;?;3828;-714.0;?;361.0;610.0
?;-1628;707.0;-3625;?;-715.0;-1628;354.0;611.0
-449.0;342;1838.0;192;-192;?;?;369.0;588.0
-427.0;249;1780.0;660;?;-743.0;249;376.0;589.0
-406.0;487;1681.0;991;-991;-744.0;?;389.0;?
-387.0;1224;1481.0;847;-847;?;?;408.0;593.0
-372.0;1408;980.0;703;-703;?;1408;428.0;594.0
-365.0;1442;497.0;?;-399;-752.0;1442;444.0;593.0
?;1649;97.0;328;-328;?;1649;457.0;592.0
?;1087;-303.0;279;-279;-752.0;?;?;596.0
?;705;-606.0;-26;26;-752.0;705;472.0;?
-344.0;675;-897.0;87;-87;-752.0;675;476.0;599.0
-338.0;-23;-936.0;?;-283;?;-23;475.0;601.0
-328.0;-251;?;164;-164;-755.0;-251;470.0;601.0
-321.0;8;-307.0;219;?;?;8;468.0;602.0
-316.0;103;-72.0;?;-372;-749.0;103;465.0;604.0
-312.0;236;-98.0;?;-363;-744.0;236;?;606.0
-304.0;196;?;441;-441;?;196;461.0;607.0
?;?;22.0;584;?;-737.0;141;?;608.0
-273.0;?;200.0;681;-681;-732.0;194;?;609.0
?;?;189.0;696;-696;-725.0;189;?;610.0
-237.0;124;195.0;548;-548;-719.0;124;459.0;?
-219.0;117;243.0;271;?;?;117;454.0;609.0
?;133;317.0;18;-18;-710.0;133;446.0;?
-182.0;?;?;?;?;-708.0;?;436.0;602.0
-169.0;149;?;-152;152;-707.0;149;429.0;598.0
-160.0;134;?;-59;59;-707.0;134;424.0;595.0
-154.0;150;-44.0;59;-59;-707.0;150;422.0;591.0
-148.0;42;-327.0;57;-57;-707.0;42;422.0;589.0
-140.0;-189;-397.0;35;-35;-706.0;-189;?;?
-135.0;-133;-332.0;65;-65;-706.0;-133;420.0;582.0
-132.0;40;-309.0;36;-36;-705.0;40;?;?
-130.0;-79;-264.0;-19;19;?;-79;421.0;578.0
-127.0;?;-215.0;?;123;-704.0;-192;?;575.0
-125.0;?;?;-160;160;-704.0;-98;424.0;573.0
-123.0;39;?;?;?;-704.0;?;?;569.0
-120.0;182;81.0;-313;?;?;182;422.0;566.0
-117.0;238;176.0;-347;347;-707.0;238;421.0;565.0
?;?;?;?;273;-710.0;241;420.0;564.0
?;?;61.0;-372;372;-712.0;252;416.0;565.0
-104.0;156;?;?;384;-715.0;?;?;565.0
-103.0;181;489.0;-374;374;-722.0;181;?;566.0
-108.0;?;?;?;460;-736.0;266;399.0;567.0
?;177;459.0;-407;407;-751.0;177;?;570.0
?;493;?;-679;679;-768.0;493;402.0;571.0
?;804;?;?;1144;-773.0;804;?;567.0
-181.0;813;-995.0;-1288;1288;-777.0;813;399.0;567.0
-214.0;?;-1877.0;?;1319;-780.0;821;399.0;567.0
-272.0;385;-2475.0;-1301;1301;-782.0;385;411.0;568.0
-333.0;-34;-2910.0;-1309;1309;-782.0;-34;421.0;574.0
?;-377;-3433.0;-1101;1101;?;-377;430.0;580.0
-452.0;-609;-3630.0;-878;878;-782.0;-609;437.0;586.0
-507.0;-394;-3538.0;-695;695;?;-394;445.0;591.0
-560.0;?;-3481.0;?;?;-783.0;-263;455.0;?
-605.0;-205;-3235.0;-307;307;-785.0;-205;?;?
-644.0;-138;-2978.0;-134;?;-787.0;-138;471.0;?
-678.0;-164;-2781.0;10;-10;-788.0;-164;?;605.0
-706.0;?;-2479.0;-93;93;-788.0;?;484.0;607.0
-727.0;-170;-2188.0;?;61;?;-170;491.0;?
-741.0;?;-1855.0;-70;70;-787.0;-181;497.0;611.0
-750.0;-133;-1341.0;?;101;?;?;501.0;614.0
-757.0;?;?;-97;?;?;?;501.0;614.0
?;-268;-417.0;-132;132;-781.0;-268;502.0;614.0
-764.0;?;-237.0;-97;97;-778.0;-234;503.0;614.0
-765.0;-160;-131.0;-23;?;-773.0;-160;504.0;?
-765.0;-63;?;-5;5;?;-63;508.0;615.0
-764.0;-51;-64.0;?;17;-764.0;-51;511.0;615.0
-764.0;-43;-130.0;-44;44;-757.0;-43;517.0;?
-764.0;?;-97.0;-29;29;-750.0;-42;?;617.0
-765.0;?;-173.0;24;?;-745.0;-61;527.0;?
-767.0;-1;-292.0;24;-24;-736.0;-1;?;?
-767.0;6;-289.0;23;-23;-729.0;6;533.0;?
-768.0;-60;-292.0;0;?;-721.0;?;537.0;628.0
-664.0;81;972.0;-19;19;-762.0;81;498.0;612.0
?;185;?;17;-17;-765.0;185;?;609.0
-664.0;259;1625.0;69;-69;-766.0;259;518.0;608.0
-654.0;171;?;17;?;-765.0;171;?;609.0
-640.0;111;1152.0;-14;?;-764.0;111;510.0;612.0
-626.0;88;1015.0;-47;47;-762.0;?;500.0;615.0
-613.0;53;798.0;-38;38;?;53;491.0;617.0
?;16;438.0;?;43;-762.0;16;486.0;618.0
?;2;366.0;-74;74;?;?;485.0;619.0
-636.0;7;435.0;-23;23;-763.0;?;491.0;619.0
-656.0;?;357.0;-14;14;?;-37;503.0;623.0
-671.0;?;136.0;-21;21;?;10;?;?
-680.0;153;?;40;-40;-752.0;153;517.0;636.0
?;125;74.0;85;-85;-747.0;125;?;?
-693.0;53;642.0;211;-211;-742.0;53;519.0;649.0
-695.0;48;1170.0;155;?;-739.0;?;517.0;654.0
-693.0;65;1479.0;?;-302;-736.0;65;514.0;657.0
-688.0;202;?;719;-719;-735.0;202;510.0;659.0
-681.0;213;2244.0;?;-724;-736.0;?;507.0;658.0
-667.0;150;?;706;-706;-736.0;150;?;658.0
-644.0;291;?;691;?;-735.0;291;506.0;659.0
-614.0;?;3805.0;?;?;?;-69;507.0;662.0
-579.0;?;3922.0;?;-535;?;-751;506.0;665.0
-545.0;-638;3937.0;14;-14;-726.0;?;503.0;?
-512.0;-286;3775.0;37;?;?;-286;494.0;664.0
?;-339;3708.0;71;-71;?;-339;482.0;?
-445.0;-225;3501.0;122;-122;-723.0;?;474.0;658.0
?;-1;2927.0;?;-177;-726.0;-1;?;?
-401.0;?;2194.0;220;-220;-726.0;-32;475.0;645.0
-381.0;-125;1361.0;?;?;-723.0;?;478.0;642.0
-358.0;-328;863.0;801;?;-720.0;-328;476.0;638.0
-330.0;?;494.0;859;-859;-715.0;?;478.0;634.0
?;-274;166.0;617;-617;-709.0;-274;482.0;632.0
-263.0;?;364.0;?;-416;-701.0;?;482.0;629.0
-224.0;-98;448.0;407;-407;-693.0;-98;479.0;624.0
?;157;461.0;233;-233;-687.0;157;470.0;619.0
-162.0;144;643.0;265;-265;?;144;461.0;613.0
-146.0;142;?;254;-254;-680.0;142;454.0;605.0
-135.0;?;491.0;139;-139;-680.0;231;446.0;598.0
-127.0;181;273.0;171;-171;-681.0;181;?;591.0
-121.0;?;35.0;?;-97;-681.0;?;?;583.0
-121.0;202;?;-9;9;-682.0;202;?;577.0
-124.0;216;-209.0;-14;14;-683.0;216;414.0;569.0
?;?;-280.0;-11;11;-684.0;162;?;564.0
-127.0;165;-396.0;52;-52;-684.0;165;409.0;560.0
-124.0;?;?;117;-117;?;121;409.0;558.0
-119.0;12;-250.0;93;-93;-686.0;?;411.0;558.0
-113.0;-2;?;?;?;-688.0;?;?;557.0
-108.0;?;171.0;10;-10;-690.0;?;?;557.0
-104.0;31;439.0;?;64;-695.0;31;401.0;556.0
?;93;461.0;-120;120;-699.0;93;397.0;555.0
-100.0;27;412.0;-128;128;-702.0;27;396.0;555.0
-98.0;46;230.0;-94;94;?;46;395.0;555.0
-96.0;101;281.0;-128;128;-709.0;?;394.0;?
-94.0;?;206.0;-143;143;-713.0;60;391.0;554.0
-93.0;49;105.0;-71;?;-718.0;49;388.0;551.0
-93.0;36;?;-39;39;?;36;385.0;?
-94.0;2;?;?;47;-731.0;2;379.0;546.0
-95.0;-26;-26.0;-79;79;-737.0;-26;?;543.0
-97.0;-65;-31.0;-141;141;-742.0;-65;369.0;541.0
?;7;48.0;-134;134;-747.0;7;365.0;?
?;?;233.0;-138;?;-753.0;?;361.0;532.0
-99.0;-24;278.0;-197;197;-760.0;-24;354.0;?
-104.0;-7;209.0;-156;156;?;?;?;524.0
-108.0;50;179.0;-106;106;-772.0;50;348.0;521.0
?;41;152.0;?;133;-776.0;41;347.0;520.0
-113.0;69;30.0;-130;?;-778.0;69;345.0;520.0
-118.0;?;-152.0;-152;152;-780.0;?;347.0;519.0
-122.0;66;-208.0;-93;93;-781.0;66;?;519.0
-124.0;24;-19.0;-26;26;-782.0;24;349.0;519.0
-130.0;?;61.0;-85;85;-782.0;?;?;?
-134.0;-49;?;?;72;?;-49;?;521.0
-137.0;-38;408.0;-91;?;-780.0;-38;363.0;523.0
-138.0;-16;?;-170;170;-778.0;?;?;527.0
-138.0;-42;456.0;-185;185;-774.0;-42;380.0;533.0
-137.0;-14;617.0;-160;160;-772.0;-14;390.0;538.0
-136.0;-21;628.0;-165;165;-769.0;-21;?;545.0
-137.0;-109;501.0;-258;258;-767.0;-109;?;551.0
-137.0;?;381.0;-302;302;-766.0;-69;?;557.0
-139.0;-17;366.0;-285;?;-764.0;-17;401.0;565.0
?;-43;240.0;?;248;-761.0;?;398.0;572.0
-150.0;-55;-66.0;?;177;-758.0;?;393.0;580.0
-158.0;-54;-191.0;?;165;-754.0;-54;?;?
-164.0;-10;-356.0;-238;238;-751.0;-10;?;?
-169.0;-39;-462.0;-283;283;?;-39;?;599.0
-172.0;-153;-609.0;?;?;-745.0;-153;349.0;606.0
?;-128;-653.0;-237;237;-743.0;-128;335.0;?
-176.0;-50;?;-273;273;-739.0;-50;319.0;619.0
?;-53;-505.0;-271;271;-735.0;-53;303.0;626.0
-177.0;-37;-360.0;-233;233;-734.0;-37;288.0;630.0
?;-35;-171.0;?;255;-733.0;-35;276.0;635.0
?;-18;-30.0;?;179;?;?;268.0;638.0
-184.0;-25;?;-116;116;-731.0;?;262.0;641.0
-186.0;?;116.0;-182;182;-732.0;-74;261.0;643.0
?;-38;199.0;?;197;?;-38;261.0;643.0
-189.0;-24;106.0;-233;233;-733.0;?;260.0;644.0
-192.0;-50;69.0;-246;246;-735.0;-50;?;643.0
-194.0;-54;62.0;-191;191;-736.0;-54;?;642.0
-198.0;?;73.0;-178;178;-738.0;-49;260.0;640.0
-200.0;?;103.0;-177;177;-740.0;-21;?;638.0
-203.0;-20;116.0;-185;185;-741.0;-20;263.0;636.0
-205.0;-30;94.0;-154;154;-742.0;-30;265.0;634.0
?;-3;116.0;-37;37;-743.0;-3;267.0;633.0
?;-12;?;-33;33;?;-12;269.0;631.0
-208.0;?;?;-29;29;-745.0;-3;270.0;630.0
-209.0;28;?;45;?;-746.0;28;272.0;628.0
-210.0;-7;-20.0;-22;22;-747.0;-7;273.0;628.0
?;-1;-14.0;-48;48;-746.0;-1;276.0;628.0
-211.0;2;-4.0;-32;32;-747.0;2;276.0;626.0
-211.0;-33;-34.0;-41;41;-748.0;-33;275.0;?
-212.0;?;33.0;32;-32;?;1;?;622.0
-213.0;39;?;23;-23;-749.0;?;275.0;620.0
-214.0;7;?;-37;37;-751.0;?;?;619.0
-213.0;-14;173.0;15;?;-751.0;-14;280.0;?
-213.0;26;114.0;-7;7;-752.0;26;282.0;?
-212.0;16;85.0;?;44;-753.0;16;?;614.0
?;?;67.0;14;-14;?;3;?;613.0
-212.0;29;50.0;?;-15;?;29;281.0;612.0
-211.0;?;72.0;?;?;-753.0;-12;280.0;612.0
-210.0;-20;53.0;-21;21;?;-20;279.0;611.0
?;?;?;-15;?;-753.0;22;278.0;?
-211.0;23;-23.0;12;-12;-753.0;?;278.0;610.0
-212.0;-20;-91.0;14;-14;-753.0;-20;278.0;610.0
?;-33;-68.0;-5;?;?;-33;278.0;609.0
-215.0;14;-124.0;?;?;?;14;?;609.0
?;-8;-261.0;-26;26;-753.0;-8;?;608.0
-221.0;?;-297.0;-17;17;-753.0;-46;278.0;609.0
?;-22;-237.0;-1;1;-753.0;-22;278.0;609.0
-225.0;?;-234.0;?;-74;-753.0;-12;?;609.0
-226.0;-12;-207.0;105;-105;-753.0;-12;276.0;?
-226.0;-12;-181.0;?;-91;-753.0;-12;?;609.0
-225.0;9;-165.0;64;-64;-753.0;9;270.0;609.0
?;75;-209.0;63;-63;?;75;267.0;609.0
-228.0;63;-229.0;113;?;-753.0;63;265.0;?
?;?;-167.0;123;?;?;10;264.0;608.0
?;91;-103.0;114;-114;-753.0;91;262.0;607.0
-227.0;151;-77.0;157;-157;-753.0;?;261.0;607.0
-225.0;?;-85.0;167;-167;-753.0;60;?;?
-222.0;37;-111.0;178;-178;?;37;?;605.0
-221.0;82;-56.0;212;-212;?;82;253.0;604.0
?;114;-39.0;194;?;-751.0;114;251.0;604.0
?;91;82.0;168;-168;-750.0;91;250.0;?
-214.0;?;37.0;145;-145;-749.0;-1;248.0;603.0
?;?;3.0;116;-116;-747.0;52;247.0;604.0
-209.0;?;?;101;-101;-746.0;59;245.0;604.0
-206.0;10;?;?;-111;-743.0;?;245.0;605.0
?;71;?;138;-138;-741.0;?;245.0;?
?;5;92.0;162;-162;-739.0;5;245.0;?
-203.0;-38;67.0;182;-182;-736.0;-38;?;607.0
-204.0;38;39.0;?;-196;-734.0;38;257.0;607.0
-206.0;16;32.0;242;?;-733.0;?;271.0;606.0
-209.0;-13;?;296;-296;-731.0;-13;288.0;606.0
-209.0;?;116.0;306;?;-728.0;-35;309.0;605.0
-207.0;-86;291.0;283;?;-726.0;-86;332.0;605.0
-202.0;?;398.0;243;-243;-724.0;20;358.0;604.0
?;134;430.0;?;-250;-722.0;134;388.0;603.0
-187.0;103;?;292;-292;?;?;418.0;602.0
-176.0;95;237.0;294;-294;-716.0;95;445.0;602.0
?;91;129.0;277;-277;-711.0;91;465.0;603.0
-139.0;46;-191.0;247;-247;-706.0;?;474.0;?
?;50;-440.0;192;-192;-701.0;50;478.0;?
-90.0;97;-613.0;172;-172;-696.0;97;485.0;603.0
-68.0;72;-339.0;178;-178;-693.0;72;486.0;602.0
?;?;-103.0;161;?;-691.0;41;489.0;600.0
-42.0;70;100.0;118;-118;-690.0;70;?;598.0
-40.0;74;-59.0;106;-106;-689.0;74;492.0;594.0
-30.0;54;-142.0;175;-175;?;54;?;590.0
-21.0;17;-5.0;187;-187;?;17;483.0;585.0
-12.0;16;273.0;127;-127;-687.0;16;475.0;580.0
?;40;344.0;103;-103;-687.0;40;469.0;574.0
2.0;20;197.0;41;-41;-686.0;20;465.0;569.0
10.0;-12;-98.0;-45;45;-686.0;-12;460.0;566.0
?;?;-193.0;-55;55;-686.0;?;457.0;563.0
18.0;29;-364.0;-70;70;?;29;456.0;561.0
22.0;?;?;-98;?;-686.0;83;455.0;559.0
?;48;?;?;70;?;48;?;?
32.0;77;-318.0;-45;?;-685.0;77;447.0;558.0
35.0;74;-300.0;-60;?;-684.0;?;443.0;?
37.0;55;-166.0;-128;128;-685.0;55;441.0;557.0
?;?;-81.0;-192;?;-687.0;147;?;556.0
40.0;174;24.0;-215;?;-689.0;174;?;555.0
?;108;?;-179;179;-691.0;108;433.0;552.0
40.0;110;171.0;-170;170;-695.0;110;429.0;550.0
39.0;113;?;?;198;?;113;?;547.0
36.0;?;275.0;-81;81;?;127;419.0;545.0
35.0;?;249.0;?;68;-707.0;157;415.0;543.0
34.0;166;?;?;108;?;166;414.0;542.0
34.0;140;?;?;44;-713.0;140;413.0;543.0
34.0;122;?;-113;113;-714.0;122;412.0;545.0
35.0;?;178.0;?;114;?;119;410.0;?
35.0;50;219.0;-66;66;-715.0;50;409.0;549.0
31.0;162;18.0;-122;122;?;?;410.0;553.0
30.0;9;-90.0;-58;58;-715.0;9;413.0;556.0
33.0;?;58.0;80;-80;?;-409;412.0;560.0
34.0;?;504.0;94;-94;-714.0;-497;?;563.0
32.0;-923;?;169;-169;-712.0;-923;413.0;566.0
31.0;-1873;1255.0;517;-517;?;-1873;?;570.0
26.0;-3812;1382.0;?;-1483;-710.0;?;?;574.0
24.0;-5271;1300.0;2391;?;-709.0;-5271;436.0;?
23.0;-6510;1142.0;3253;-3253;-708.0;-6510;442.0;581.0
19.0;-6910;959.0;3354;-3354;-707.0;?;?;583.0
?;-3793;573.0;?;-2208;-705.0;?;?;584.0
22.0;-2675;412.0;2407;-2407;-703.0;-2675;406.0;?
26.0;-2035;320.0;482;-482;-699.0;-2035;381.0;585.0
34.0;?;271.0;?;2591;-697.0;909;?;583.0
45.0;900;?;-1536;1536;-694.0;900;324.0;584.0
59.0;?;-241.0;-422;422;-690.0;-6;289.0;580.0
70.0;22;-424.0;-459;459;-687.0;22;253.0;577.0
?;?;-403.0;?;216;-684.0;?;218.0;570.0
95.0;52;?;-243;243;-681.0;?;183.0;562.0
?;14;?;?;124;-678.0;14;149.0;?
123.0;19;-162.0;-114;114;-674.0;?;115.0;541.0
138.0;-3;?;?;153;-669.0;-3;79.0;?
152.0;-2;-50.0;-68;68;-662.0;-2;44.0;510.0
163.0;35;-170.0;?;42;-655.0;35;13.0;?
171.0;-14;-184.0;-43;43;-648.0;-14;-13.0;463.0
181.0;?;-350.0;-52;52;-642.0;29;-40.0;435.0
193.0;58;?;-42;?;-635.0;?;-68.0;403.0
208.0;-23;-266.0;29;-29;?;?;-98.0;372.0
227.0;157;?;?;70;-615.0;?;-122.0;344.0
253.0;-120;111.0;49;?;-602.0;-120;?;?
279.0;228;182.0;-68;68;?;228;?;?
300.0;?;215.0;107;-107;-568.0;-59;-188.0;278.0
319.0;?;?;?;?;-546.0;300;-204.0;261.0
340.0;?;295.0;153;?;-522.0;?;-219.0;246.0
363.0;-3885;?;3209;-3209;?;-3885;-233.0;232.0
389.0;-10009;292.0;?;-6604;-470.0;-10009;-246.0;218.0
417.0;-6328;177.0;4278;-4278;-442.0;-6328;-260.0;207.0
445.0;-1353;2.0;1088;?;?;-1353;-277.0;196.0
471.0;?;-45.0;489;?;-382.0;?;-297.0;?
494.0;-2778;-111.0;-1306;1306;-352.0;-2778;-316.0;171.0
514.0;-3678;-214.0;-2417;2417;-318.0;-3678;-335.0;147.0
531.0;-3815;?;-2254;2254;-283.0;-3815;-354.0;121.0
?;-3540;-361.0;-2389;2389;-252.0;-3540;-374.0;102.0
555.0;?;-184.0;-2882;?;-221.0;-3414;-388.0;73.0
568.0;-3137;290.0;-3669;3669;-197.0;-3137;-403.0;48.0
584.0;?;426.0;-3467;3467;-175.0;-1804;-417.0;26.0
?;-2147;498.0;?;3449;-151.0;-2147;-430.0;1.0
613.0;-1111;602.0;?;393;-128.0;-1111;-443.0;-21.0
623.0;588;?;1772;-1772;?;588;?;-45.0
633.0;242;819.0;2911;-2911;?;242;-469.0;-70.0
645.0;1136;884.0;?;-6682;-60.0;1136;-477.0;-96.0
658.0;1221;936.0;3115;-3115;-37.0;1221;?;-123.0
672.0;1413;891.0;-666;?;-15.0;1413;-483.0;-146.0
684.0;1314;760.0;419;-419;4.0;1314;-486.0;-164.0
694.0;-68;?;?;213;22.0;?;?;-179.0
?;103;199.0;?;-27;?;103;-494.0;-193.0
703.0;113;5.0;148;?;58.0;113;-497.0;-206.0
?;-62;-198.0;?;14;73.0;-62;-498.0;-217.0
708.0;82;-237.0;?;-162;?;82;-499.0;-227.0
?;-45;-279.0;114;-114;93.0;-45;-500.0;?
?;?;?;194;-194;98.0;?;-502.0;-244.0
699.0;51;-507.0;88;?;98.0;51;-505.0;-245.0
689.0;12;-754.0;?;-84;88.0;12;-507.0;-241.0
682.0;4;?;62;-62;?;4;-507.0;-247.0
677.0;13;-519.0;22;-22;79.0;13;-506.0;-237.0
?;?;-181.0;?;-34;79.0;-19;-500.0;-229.0
674.0;-30;-112.0;?;-135;84.0;?;?;?
681.0;-32;?;123;-123;90.0;-32;-496.0;-236.0
689.0;123;34.0;130;-130;94.0;123;-497.0;?
693.0;428;148.0;?;?;98.0;428;-498.0;?
?;?;220.0;1874;-1874;104.0;390;?;-232.0
695.0;1138;?;3676;-3676;111.0;?;-501.0;-236.0
697.0;2573;?;5608;-5608;?;2573;-501.0;-242.0
?;3104;247.0;6095;-6095;?;3104;-502.0;-245.0
699.0;2790;169.0;4800;-4800;119.0;2790;-506.0;-247.0
?;1527;?;521;-521;116.0;1527;?;?
?;635;-13.0;-2322;?;?;635;?;-241.0
686.0;374;-67.0;-1708;1708;105.0;374;-519.0;?
682.0;-686;-173.0;-2156;2156;?;-686;-519.0;-227.0
677.0;-1533;?;-3411;3411;93.0;-1533;?;-220.0
?;-1748;?;-3902;3902;91.0;-1748;-510.0;-209.0
?;-2519;-710.0;-3828;3828;88.0;-2519;?;-203.0
670.0;?;-790.0;?;?;87.0;-3543;-498.0;-201.0
672.0;-2897;-642.0;-2496;?;?;-2897;-494.0;-199.0
674.0;-797;-342.0;-2522;?;79.0;-797;?;-197.0
?;710;16.0;-300;?;71.0;710;-494.0;-190.0
677.0;1078;112.0;-526;526;64.0;1078;-494.0;-189.0
676.0;?;214.0;-564;564;59.0;492;?;-192.0
671.0;?;132.0;455;-455;55.0;116;-498.0;?
665.0;?;-22.0;-39;39;?;186;-503.0;-203.0
659.0;35;-46.0;-36;36;48.0;35;-510.0;?
656.0;27;-130.0;-22;22;46.0;27;-515.0;-211.0
?;28;?;14;?;43.0;28;?;-210.0
?;-12;?;?;?;41.0;?;-523.0;-210.0
652.0;?;-310.0;?;57;40.0;35;-529.0;-209.0
650.0;-1;-326.0;?;?;40.0;-1;-538.0;?
?;-22;?;55;?;42.0;?;-545.0;-211.0
636.0;-21;-288.0;69;-69;?;-21;-549.0;-214.0
632.0;-25;-307.0;79;-79;?;-25;-554.0;-217.0
629.0;-14;-258.0;32;-32;?;-14;-559.0;-220.0
628.0;6;-158.0;1;-1;?;6;-564.0;-221.0
628.0;6;-219.0;33;-33;53.0;6;-569.0;-219.0
628.0;?;-332.0;?;-45;55.0;-12;-574.0;?
627.0;?;-263.0;18;-18;?;-29;-578.0;-213.0
627.0;-38;?;?;-11;56.0;-38;?;-209.0
627.0;-13;-225.0;-10;10;57.0;-13;-582.0;-206.0
627.0;14;-266.0;-11;11;57.0;14;-584.0;?
628.0;6;-178.0;?;22;57.0;6;-585.0;?
630.0;-2;-296.0;-46;?;58.0;-2;-586.0;?
630.0;6;-362.0;-10;?;58.0;6;-589.0;-199.0
629.0;?;-257.0;-24;24;?;3;-591.0;?
629.0;-32;-172.0;?;27;60.0;-32;-593.0;-200.0
?;-20;-106.0;-6;6;59.0;-20;-597.0;?
630.0;?;-156.0;-38;38;58.0;?;-600.0;-199.0
631.0;-11;-245.0;-19;19;56.0;?;-603.0;?
631.0;4;-185.0;19;?;55.0;4;?;?
?;-3;?;37;-37;?;-3;?;-192.0
629.0;?;?;43;?;52.0;?;-610.0;-190.0
628.0;-42;166.0;11;-11;49.0;-42;-610.0;-187.0
629.0;-30;172.0;-18;18;46.0;-30;-608.0;?
630.0;-21;107.0;-34;34;42.0;-21;?;-175.0
629.0;-56;-74.0;?;?;37.0;?;-600.0;-165.0
628.0;?;?;-51;51;35.0;-59;-594.0;?
?;?;-235.0;-11;11;?;-32;-589.0;-154.0
619.0;?;-253.0;?;42;33.0;-21;?;-150.0
615.0;-36;?;-63;63;29.0;-36;-572.0;-146.0
611.0;-70;?;-11;11;25.0;-70;-564.0;?
605.0;-114;-619.0;-13;13;22.0;-114;-554.0;-135.0
597.0;-159;?;-47;47;17.0;-159;?;-128.0
587.0;-81;-683.0;-68;68;?;-81;-533.0;-119.0
577.0;-122;-631.0;?;87;5.0;-122;-520.0;?
567.0;?;-649.0;-118;118;-1.0;-136;-506.0;-101.0
557.0;530;-688.0;-575;575;-7.0;530;-493.0;-91.0
?;1350;-628.0;-1362;1362;-14.0;1350;-480.0;-82.0
541.0;1589;-598.0;?;?;?;1589;-470.0;-71.0
534.0;1441;-579.0;-303;303;-30.0;1441;-460.0;-62.0
527.0;867;-534.0;150;-150;?;867;?;?
519.0;321;-479.0;171;-171;-43.0;321;-445.0;-48.0
511.0;760;?;319;-319;-49.0;760;-440.0;-41.0
504.0;?;-282.0;-107;107;-54.0;1755;-436.0;-36.0
498.0;?;-289.0;-853;?;-60.0;2566;-432.0;-30.0
493.0;?;-342.0;-831;831;-65.0;2825;?;-24.0
488.0;2815;-329.0;?;686;-71.0;2815;-428.0;-17.0
484.0;2811;?;-678;678;-77.0;2811;-427.0;-12.0
479.0;2548;-361.0;-287;287;-82.0;2548;-425.0;-5.0
472.0;2408;?;-221;221;-88.0;?;-423.0;1.0
465.0;2348;?;-477;?;-94.0;2348;-421.0;?
?;?;?;-866;866;?;2032;-419.0;11.0
451.0;1890;-273.0;-1508;1508;-107.0;?;-417.0;17.0
443.0;?;-188.0;-1843;1843;-114.0;2356;-413.0;?
435.0;2947;-158.0;-1989;?;-122.0;2947;-409.0;29.0
428.0;3277;-134.0;?;?;-129.0;3277;-404.0;35.0
421.0;3933;-59.0;-2224;2224;-139.0;3933;-400.0;44.0
412.0;3792;7.0;?;1763;-152.0;3792;-394.0;53.0
401.0;2349;53.0;-15;15;-168.0;2349;?;64.0
388.0;?;?;1230;-1230;-184.0;1115;?;74.0
373.0;522;15.0;-245;245;-203.0;522;-369.0;?
?;503;?;-1014;1014;-224.0;?;?;97.0
338.0;284;-283.0;-268;268;-244.0;284;-347.0;109.0
318.0;-62;-511.0;-73;73;-264.0;?;-337.0;121.0
297.0;69;-630.0;-120;120;-285.0;69;-328.0;132.0
274.0;80;-704.0;-130;130;-307.0;80;-317.0;144.0
?;-5;-750.0;3;?;-329.0;?;-303.0;156.0
?;-24;-726.0;66;-66;-351.0;?;-288.0;169.0
193.0;-3;?;48;-48;-374.0;-3;-271.0;?
?;28;-646.0;115;-115;?;?;-253.0;195.0
136.0;-3;-679.0;112;?;-417.0;-3;-233.0;?
110.0;33;-697.0;95;-95;-439.0;33;-212.0;223.0
82.0;66;-770.0;110;-110;-462.0;?;-189.0;236.0
?;46;?;122;-122;-485.0;46;-165.0;253.0
31.0;68;-794.0;124;-124;?;?;-138.0;275.0
4.0;107;-820.0;125;-125;-526.0;?;-104.0;?
-28.0;78;-714.0;147;-147;-546.0;78;-62.0;317.0
-62.0;?;-446.0;147;-147;-566.0;72;-13.0;341.0
-93.0;168;?;162;-162;-586.0;168;34.0;362.0
-121.0;212;102.0;349;-349;-605.0;212;?;381.0
-146.0;173;382.0;440;-440;?;?;121.0;?
-168.0;144;?;569;-569;-639.0;?;158.0;426.0
-189.0;200;493.0;976;-976;-652.0;200;188.0;?
-211.0;?;?;1274;-1274;-664.0;322;?;468.0
-232.0;349;358.0;1304;-1304;-674.0;349;238.0;487.0
-251.0;533;103.0;1873;-1873;-683.0;?;?;?
-270.0;1503;-113.0;4800;-4800;-691.0;1503;273.0;519.0
?;2118;-327.0;6656;-6656;-699.0;2118;287.0;533.0
-310.0;3012;-459.0;6518;-6518;-706.0;3012;301.0;545.0
-330.0;3733;-537.0;4997;-4997;-712.0;3733;?;557.0
-349.0;1222;-684.0;-1070;1070;-716.0;1222;331.0;?
-366.0;-862;-765.0;?;4225;-720.0;-862;345.0;576.0
?;?;-803.0;-2621;2621;-723.0;-1019;355.0;582.0
?;-1510;?;-3569;3569;-726.0;-1510;363.0;587.0
-408.0;-1120;-916.0;-4967;4967;-725.0;-1120;370.0;594.0
-419.0;?;?;-5252;?;-721.0;-1308;?;?
?;-2545;-1039.0;?;5372;-719.0;-2545;377.0;604.0
-439.0;-2823;-1210.0;-4980;4980;-716.0;?;?;604.0
-442.0;-3347;-1110.0;-4958;4958;-710.0;-3347;369.0;599.0
-427.0;-3363;-701.0;-3456;3456;-708.0;-3363;359.0;598.0
?;-3063;-124.0;-2134;2134;-711.0;-3063;351.0;594.0
?;-3334;?;-2249;2249;-711.0;-3334;?;592.0
-350.0;-419;330.0;3083;-3083;-710.0;-419;?;?
-331.0;1709;519.0;7410;-7410;-707.0;?;349.0;590.0
-318.0;1163;581.0;2710;-2710;?;1163;?;?
-303.0;1252;676.0;-1359;1359;?;1252;377.0;?
-287.0;504;766.0;-558;?;-704.0;504;390.0;?
-271.0;31;948.0;17;-17;-703.0;31;398.0;576.0
-256.0;?;?;-37;37;-702.0;?;404.0;566.0
-244.0;-120;883.0;224;-224;-698.0;-120;407.0;556.0
-232.0;0;691.0;140;?;?;0;?;?
?;?;?;93;?;?;-29;406.0;?
-214.0;-11;544.0;-2;2;?;-11;405.0;?
-206.0;58;547.0;-37;37;-690.0;58;401.0;507.0
-199.0;4;596.0;-6;6;-691.0;4;?;492.0
-194.0;-17;782.0;?;86;-692.0;-17;386.0;474.0
?;26;843.0;?;59;-694.0;26;378.0;455.0
-181.0;-6;786.0;6;-6;-701.0;-6;366.0;434.0
?;?;?;14;?;-705.0;-58;365.0;?
-174.0;-92;390.0;?;-54;-708.0;-92;354.0;397.0
-169.0;?;99.0;93;-93;?;-72;?;376.0
-167.0;-26;-113.0;65;-65;-716.0;-26;331.0;357.0
?;-23;-175.0;11;-11;-719.0;?;316.0;334.0
-170.0;?;-152.0;8;-8;-719.0;?;300.0;312.0
?;46;180.0;?;-68;-722.0;46;283.0;294.0
-174.0;?;465.0;98;-98;?;40;?;279.0
-172.0;14;?;108;-108;-727.0;?;265.0;266.0
-169.0;8;?;?;-28;-729.0;8;253.0;256.0
-175.0;9;29.0;-21;21;-731.0;9;241.0;?
-187.0;8;275.0;13;-13;-734.0;8;237.0;?
?;-9;555.0;-93;93;?;-9;242.0;?
-193.0;-15;?;-143;143;-741.0;?;?;246.0
-192.0;-19;233.0;-59;59;-743.0;-19;244.0;249.0
-188.0;-82;223.0;6;-6;-745.0;-82;235.0;?
-186.0;-100;198.0;37;?;?;?;231.0;258.0
?;-104;226.0;34;-34;-746.0;-104;228.0;263.0
-179.0;?;?;10;-10;-748.0;-163;210.0;270.0
-177.0;?;610.0;-15;?;-750.0;-154;185.0;278.0
-181.0;-219;785.0;-11;11;-753.0;?;168.0;287.0
-192.0;-203;917.0;-31;31;-755.0;-203;?;296.0
-211.0;-74;?;-53;53;-759.0;?;160.0;304.0
-215.0;-103;1099.0;12;-12;-763.0;-103;?;?
-210.0;?;1127.0;8;-8;-766.0;-84;142.0;316.0
-199.0;-31;1190.0;-98;98;?;-31;?;322.0
-189.0;-74;1074.0;-100;?;-778.0;-74;104.0;?
-184.0;?;?;-103;103;?;?;88.0;?
-183.0;-210;257.0;-170;?;-789.0;-210;?;340.0
-191.0;-204;59.0;-113;?;-796.0;-204;70.0;347.0
-204.0;-51;-530.0;?;?;-801.0;?;?;357.0
-220.0;-15;-597.0;-125;125;-807.0;?;78.0;366.0
?;5;-1232.0;-29;29;-812.0;5;76.0;374.0
-265.0;?;?;-1;1;-817.0;103;87.0;?
-291.0;21;-1733.0;-77;77;-822.0;21;105.0;386.0
-316.0;?;?;?;14;-827.0;-47;122.0;391.0
-339.0;51;?;11;-11;-830.0;51;140.0;394.0
-358.0;21;-1134.0;-35;35;-833.0;21;153.0;397.0
-376.0;17;-944.0;-29;29;-837.0;17;165.0;398.0
?;?;-846.0;-26;26;-840.0;?;177.0;398.0
?;53;?;-13;13;?;53;188.0;398.0
-418.0;116;-754.0;?;-12;?;?;199.0;396.0
-427.0;120;-656.0;16;?;-849.0;120;207.0;394.0
-431.0;166;-581.0;32;-32;-852.0;166;213.0;390.0
?;214;-504.0;?;-88;?;214;217.0;?
-429.0;208;?;?;?;?;?;219.0;381.0
-423.0;224;-285.0;?;12;?;224;219.0;?
-415.0;172;-156.0;42;-42;?;172;218.0;371.0
-407.0;149;-63.0;1;-1;-863.0;149;217.0;367.0
?;113;-107.0;?;-2;?;?;?;363.0
-384.0;90;-230.0;41;-41;-865.0;90;220.0;?
-372.0;66;?;?;-9;?;?;222.0;356.0
-365.0;?;-656.0;25;-25;-866.0;?;225.0;?
-367.0;?;-580.0;28;-28;-866.0;-15;?;349.0
-371.0;-20;-212.0;?;-14;-865.0;-20;239.0;344.0
-374.0;-20;?;8;-8;?;-20;?;340.0
-376.0;-59;?;-14;14;-864.0;-59;247.0;336.0
-377.0;-93;?;?;15;-863.0;-93;249.0;333.0
-376.0;-95;749.0;?;16;-862.0;-95;250.0;330.0
-375.0;-107;796.0;-18;18;-862.0;?;251.0;327.0
-372.0;7;?;10;-10;-861.0;7;252.0;?
-369.0;?;776.0;16;?;-860.0;-10;250.0;?
-366.0;-56;756.0;-58;58;-860.0;?;?;323.0
-363.0;36;729.0;61;-61;?;?;243.0;322.0
-361.0;190;683.0;79;?;-860.0;190;239.0;320.0
?;764;?;-30;30;-861.0;764;235.0;319.0
-357.0;1343;412.0;443;?;-861.0;1343;?;319.0
-357.0;1310;274.0;?;-708;-862.0;1310;?;318.0
-357.0;?;?;786;-786;-862.0;890;224.0;318.0
-359.0;-195;?;?;?;-862.0;-195;221.0;318.0
-361.0;-1535;-184.0;244;-244;-860.0;-1535;219.0;319.0
-363.0;-1873;?;-15;15;-859.0;-1873;217.0;320.0
-364.0;-1938;-341.0;-446;446;-856.0;-1938;215.0;?
-364.0;-2404;-480.0;?;538;-853.0;-2404;?;320.0
-364.0;-2551;?;-281;?;?;-2551;211.0;321.0
-364.0;-2474;?;-295;?;-844.0;-2474;210.0;321.0
-360.0;?;-268.0;?;?;-837.0;-1873;207.0;324.0
-355.0;-910;-251.0;-198;198;-830.0;?;204.0;327.0
-349.0;-886;-210.0;-459;?;-822.0;-886;201.0;332.0
-344.0;-312;-18.0;36;-36;-813.0;-312;197.0;334.0
-338.0;969;116.0;?;?;-805.0;969;193.0;?
-331.0;977;137.0;510;-510;-797.0;977;187.0;338.0
?;475;?;-47;?;-790.0;475;182.0;?
?;?;149.0;?;75;-784.0;163;?;?
?;-17;20.0;16;-16;?;?;172.0;?
-299.0;49;-12.0;15;?;?;49;163.0;319.0
-291.0;36;?;93;-93;-769.0;36;153.0;?
?;-28;?;47;-47;-765.0;-28;140.0;?
-275.0;94;279.0;-14;14;-762.0;94;?;278.0
-265.0;158;467.0;?;-18;-759.0;?;98.0;261.0
-260.0;154;719.0;52;?;?;?;?;?
?;134;580.0;4;-4;-758.0;134;67.0;223.0
-255.0;?;424.0;-38;38;?;?;54.0;205.0
-256.0;82;176.0;?;36;-760.0;82;?;192.0
-255.0;84;131.0;-38;38;-760.0;84;36.0;181.0
-257.0;77;62.0;-24;24;-759.0;77;26.0;171.0
-261.0;87;-44.0;-59;59;-759.0;87;?;161.0
-263.0;?;-165.0;15;-15;?;73;11.0;148.0
-266.0;?;-146.0;?;?;?;58;?;135.0
-273.0;39;53.0;-56;56;?;?;0.0;125.0
-281.0;20;-136.0;?;-5;-760.0;?;2.0;118.0
-285.0;27;-76.0;41;?;-759.0;27;1.0;113.0
?;29;64.0;12;-12;-759.0;29;-1.0;110.0
-292.0;35;113.0;?;-25;-760.0;35;0.0;107.0
-294.0;52;80.0;-11;11;-760.0;52;?;104.0
-295.0;40;-4.0;24;-24;?;40;4.0;102.0
-295.0;14;-57.0;79;-79;-760.0;14;6.0;102.0
-297.0;?;-70.0;9;-9;-762.0;3;8.0;100.0
-299.0;16;?;-39;39;-763.0;?;11.0;101.0
?;-24;-47.0;-5;5;-763.0;-24;15.0;100.0
?;-47;-130.0;?;36;?;-47;18.0;?
?;27;-127.0;-37;?;-764.0;27;20.0;98.0
-306.0;41;-198.0;10;-10;-765.0;41;21.0;98.0
-308.0;?;-146.0;-54;54;-766.0;-5;22.0;?
?;-4;?;-53;53;-767.0;-4;?;?
-310.0;?;-19.0;21;-21;-767.0;11;?;103.0
-310.0;?;-162.0;-1;?;?;-4;28.0;?
?;-12;?;-7;7;-768.0;-12;30.0;109.0
-318.0;?;?;-6;6;-770.0;?;36.0;112.0
?;-38;-138.0;-38;38;-771.0;?;40.0;114.0
?;-57;?;?;19;-772.0;-57;44.0;?
?;?;35.0;-9;?;-774.0;-53;51.0;117.0
-334.0;-65;49.0;-13;?;-776.0;-65;56.0;118.0
-337.0;-91;212.0;21;-21;-778.0;?;60.0;?
-340.0;-115;?;33;-33;-780.0;?;62.0;?
-345.0;?;353.0;33;-33;-783.0;-99;67.0;112.0
-348.0;-108;?;6;-6;-786.0;-108;73.0;108.0
-344.0;-158;72.0;1;-1;-790.0;-158;67.0;105.0
-339.0;-154;207.0;34;-34;-794.0;-154;56.0;105.0
-332.0;-178;390.0;1;-1;-799.0;-178;?;?
?;?;844.0;-34;34;-805.0;-284;31.0;104.0
-314.0;-284;984.0;-43;43;?;?;22.0;104.0
-309.0;-193;1185.0;-66;?;-816.0;-193;15.0;102.0
-307.0;?;1352.0;?;50;-822.0;-95;11.0;99.0
?;-143;1302.0;-91;?;-827.0;-143;12.0;98.0
?;-157;1341.0;-100;100;-833.0;-157;14.0;99.0
-308.0;-58;1463.0;?;?;-838.0;-58;14.0;103.0
?;?;?;?;?;-843.0;-375;14.0;110.0
-301.0;-68;1546.0;?;443;-848.0;-68;14.0;?
-295.0;899;1456.0;-1202;1202;-852.0;899;14.0;130.0
-290.0;1747;1208.0;-2740;2740;?;1747;13.0;144.0
-287.0;?;974.0;?;3522;-860.0;2662;13.0;?
-284.0;3273;682.0;-3075;?;?;?;?;181.0
-281.0;?;366.0;-1608;1608;-861.0;?;12.0;203.0
-281.0;?;155.0;-217;?;?;3429;13.0;228.0
-282.0;1844;-53.0;134;-134;-856.0;1844;18.0;?
-285.0;1353;-199.0;572;?;-851.0;1353;28.0;285.0
-289.0;1315;-219.0;?;-940;?;1315;?;317.0
-298.0;?;-228.0;448;-448;-835.0;1631;55.0;350.0
-310.0;1534;-197.0;451;?;-825.0;1534;77.0;384.0
-326.0;2036;-65.0;-9;9;-813.0;2036;104.0;419.0
-338.0;2917;-16.0;-1169;1169;-801.0;2917;?;453.0
?;2782;-129.0;-1490;?;-789.0;?;160.0;482.0
-369.0;2706;-122.0;-1887;1887;-779.0;?;186.0;507.0
-382.0;2315;?;-1834;1834;-770.0;2315;207.0;531.0
-397.0;2529;-275.0;-1189;?;-763.0;2529;226.0;551.0
-413.0;1489;?;-1235;?;-757.0;1489;243.0;569.0
-426.0;-399;-285.0;-1030;?;-754.0;?;258.0;?
-441.0;8;-368.0;-206;206;-751.0;8;?;596.0
-458.0;48;-495.0;138;-138;-749.0;48;290.0;608.0
?;-208;-840.0;148;-148;-749.0;-208;306.0;?
-499.0;30;?;125;?;-750.0;30;320.0;622.0
-522.0;-65;-1839.0;13;-13;-751.0;?;330.0;627.0
?;46;-2355.0;-16;16;-752.0;?;340.0;?
-573.0;?;-2643.0;0;0;-755.0;47;346.0;631.0
-597.0;?;-2788.0;?;-97;?;?;?;631.0
-620.0;?;-2779.0;50;-50;-762.0;?;358.0;629.0
-638.0;-43;-2741.0;8;-8;-767.0;-43;?;?
-656.0;-64;-2723.0;68;-68;-769.0;-64;367.0;626.0
-672.0;-41;-2680.0;53;-53;-771.0;-41;375.0;624.0
-688.0;-32;?;38;-38;-774.0;-32;383.0;?
?;-33;?;-10;10;-778.0;-33;394.0;618.0
-708.0;-18;-2480.0;-18;18;-781.0;-18;403.0;615.0
-720.0;-57;-2108.0;-9;?;-782.0;-57;413.0;614.0
-735.0;-39;-1869.0;-39;39;-780.0;-39;422.0;616.0
-747.0;?;?;?;-9;?;-26;430.0;622.0
-757.0;?;-1457.0;?;?;?;-39;437.0;628.0
-764.0;-6;-1484.0;-43;43;-765.0;?;440.0;?
?;-19;-1255.0;-38;38;-759.0;?;442.0;634.0
-782.0;?;-950.0;-97;97;-754.0;231;446.0;637.0
-792.0;-47;?;-147;147;-748.0;-47;451.0;638.0
?;65;?;-378;?;-742.0;?;457.0;639.0
-808.0;2692;-830.0;?;1989;-736.0;?;465.0;637.0
-815.0;5377;-793.0;?;4409;-730.0;?;472.0;635.0
-821.0;?;-655.0;-4629;4629;?;5616;?;631.0
-827.0;4064;?;-2369;2369;-715.0;4064;487.0;624.0
?;2358;-489.0;?;445;?;2358;494.0;?
?;1802;-511.0;64;-64;?;?;500.0;?
-840.0;2059;-610.0;-91;91;?;?;504.0;?
-844.0;?;?;-319;319;?;2366;507.0;589.0
-848.0;2609;?;-467;467;-669.0;2609;?;?
-852.0;?;-755.0;-352;352;-663.0;2245;509.0;?
-853.0;1609;-957.0;-468;468;-655.0;1609;510.0;?
-853.0;1680;-1293.0;-424;?;-643.0;1680;513.0;551.0
-853.0;1744;-1365.0;-289;289;-629.0;1744;?;544.0
-852.0;?;?;-1459;1459;?;1437;514.0;?
-852.0;1402;?;-2238;2238;-606.0;1402;513.0;527.0
-851.0;872;-1094.0;-2073;2073;-592.0;872;511.0;522.0
-849.0;94;-1050.0;?;?;-579.0;94;?;517.0
-845.0;416;-1038.0;-1691;1691;?;416;?;?
-841.0;994;-1104.0;-1511;1511;-549.0;994;509.0;504.0
-837.0;1329;?;?;845;-534.0;1329;?;499.0
?;1880;-1135.0;289;-289;-518.0;1880;506.0;494.0
-824.0;1377;-1072.0;1202;?;-501.0;1377;?;490.0
-816.0;576;-1043.0;?;?;-486.0;576;505.0;?
?;773;-844.0;-138;?;?;773;505.0;?
?;482;-819.0;253;-253;?;482;505.0;476.0
-790.0;43;-640.0;282;?;-440.0;43;503.0;470.0
?;64;-480.0;-76;?;-425.0;64;504.0;464.0
-773.0;-11;-373.0;103;-103;-410.0;-11;505.0;459.0
-765.0;?;-314.0;44;-44;?;-19;504.0;453.0
-756.0;?;?;?;-49;-384.0;-20;?;446.0
?;-27;397.0;57;-57;-370.0;-27;501.0;440.0
-740.0;-61;447.0;99;-99;-358.0;-61;501.0;437.0
?;-63;534.0;123;?;-346.0;?;?;437.0
?;-27;545.0;71;-71;?;?;503.0;435.0
-726.0;-8;?;115;-115;-318.0;-8;507.0;431.0
-721.0;44;334.0;71;-71;?;44;512.0;429.0
?;?;457.0;47;-47;-289.0;51;?;424.0
-715.0;16;?;?;-25;-274.0;?;522.0;418.0
?;2;765.0;84;-84;-258.0;2;527.0;409.0
-717.0;?;981.0;89;?;-248.0;-13;?;403.0
?;23;1006.0;114;-114;?;23;?;393.0
?;44;939.0;196;?;-229.0;44;545.0;384.0
-727.0;38;949.0;256;-256;-221.0;38;?;379.0
-727.0;167;1044.0;847;-847;-214.0;167;551.0;377.0
-727.0;193;1053.0;?;-613;?;193;549.0;379.0
-727.0;?;952.0;1330;?;?;295;?;380.0
-726.0;?;783.0;3475;-3475;-205.0;815;?;379.0
-728.0;?;728.0;4968;-4968;?;?;548.0;376.0
-729.0;2100;597.0;6679;-6679;-194.0;2100;546.0;369.0
-731.0;?;422.0;5861;-5861;-188.0;3095;542.0;362.0
-730.0;3445;312.0;4791;-4791;-182.0;?;540.0;353.0
-728.0;1922;277.0;2390;-2390;-176.0;?;?;?
-725.0;?;150.0;?;?;-170.0;201;533.0;334.0
-721.0;55;-15.0;-2788;?;-163.0;55;529.0;?
-717.0;-696;-101.0;?;2443;?;-696;?;313.0
-712.0;-2066;-351.0;?;4171;-152.0;-2066;?;?
-706.0;?;-593.0;?;4929;?;-2304;?;292.0
?;-2390;-877.0;-5104;5104;-155.0;-2390;513.0;286.0
-694.0;?;-864.0;-4465;4465;-159.0;-2783;509.0;284.0
?;?;-592.0;?;3818;-161.0;-2937;504.0;286.0
-695.0;-2947;-73.0;-3230;?;-159.0;-2947;498.0;289.0
-703.0;-2606;?;-2737;2737;-153.0;-2606;493.0;282.0
?;-1960;?;-2872;2872;?;-1960;488.0;280.0
-713.0;90;458.0;-1625;1625;?;90;485.0;?
-712.0;2872;422.0;-142;?;-148.0;2872;?;284.0
?;2702;?;566;?;?;2702;479.0;292.0
-711.0;?;421.0;3050;-3050;-150.0;?;?;?
-712.0;1453;422.0;?;-2395;-151.0;1453;472.0;302.0
?;?;401.0;-140;140;-153.0;1420;465.0;305.0
-719.0;786;313.0;492;-492;-156.0;786;459.0;308.0
-722.0;811;157.0;439;?;-160.0;811;453.0;311.0
?;241;-4.0;46;-46;-166.0;241;448.0;315.0
-725.0;-84;-149.0;161;-161;-173.0;?;?;321.0
-725.0;124;-186.0;56;?;-180.0;?;438.0;331.0
-724.0;-10;-193.0;100;-100;-185.0;-10;435.0;?
-722.0;-5;-265.0;-12;12;-189.0;-5;432.0;?
-720.0;?;-237.0;7;-7;-190.0;?;?;368.0
?;3;-288.0;9;-9;-191.0;?;429.0;379.0
?;58;-347.0;-9;?;-191.0;?;428.0;391.0
?;11;?;7;?;-187.0;11;429.0;398.0
-700.0;6;-528.0;?;-3;-181.0;6;430.0;402.0
-695.0;?;-663.0;-18;18;-172.0;40;432.0;397.0
-691.0;?;-630.0;-54;?;?;31;435.0;?
-687.0;36;-603.0;-69;69;-160.0;36;?;385.0
-683.0;32;-548.0;-133;133;-156.0;?;448.0;380.0
-678.0;15;-663.0;-109;?;-150.0;?;458.0;374.0
-671.0;18;-133.0;-81;81;-146.0;18;466.0;369.0
-670.0;-2;?;-84;84;-141.0;-2;470.0;?
-668.0;?;-278.0;-40;40;-137.0;3;?;355.0
?;61;?;-105;105;-132.0;61;?;346.0
-655.0;85;-269.0;-35;?;-127.0;?;?;338.0
-652.0;44;?;-101;101;?;44;472.0;?
-648.0;85;-128.0;-8;?;-114.0;?;472.0;321.0
?;249;-135.0;257;-257;-107.0;249;?;313.0
-635.0;?;-21.0;?;-303;-101.0;?;?;?
-624.0;337;-149.0;1229;-1229;-95.0;?;492.0;302.0
-616.0;746;104.0;?;-2012;-89.0;746;?;296.0
-611.0;783;438.0;941;-941;-82.0;783;?;290.0
-606.0;962;622.0;-831;831;?;962;504.0;283.0
-604.0;718;466.0;-1930;?;-66.0;718;514.0;276.0
-602.0;-362;-9.0;?;1938;-57.0;?;525.0;269.0
-602.0;554;-514.0;-1693;?;-47.0;554;539.0;265.0
-601.0;?;-905.0;-1890;?;-36.0;1557;549.0;260.0
-597.0;672;-1564.0;-1292;1292;-27.0;672;?;254.0
-593.0;-14;?;-113;113;?;-14;?;251.0
-588.0;-175;-657.0;129;?;-14.0;-175;547.0;248.0
-585.0;-44;-563.0;?;-39;-7.0;-44;549.0;247.0
-580.0;-37;-186.0;29;-29;-1.0;-37;549.0;?
-574.0;-114;-91.0;-56;56;?;?;544.0;238.0
-568.0;-36;-91.0;?;18;11.0;-36;540.0;234.0
-563.0;-22;-253.0;-35;35;16.0;?;535.0;230.0
-556.0;?;-380.0;?;68;21.0;-3;534.0;226.0
-551.0;6;-266.0;-27;27;24.0;?;531.0;224.0
-550.0;-24;-203.0;-41;41;27.0;?;528.0;222.0
-551.0;-28;-55.0;-1;?;29.0;-28;527.0;?
-550.0;-4;?;27;-27;32.0;-4;529.0;222.0
-545.0;22;424.0;?;?;34.0;22;530.0;224.0
-544.0;?;669.0;-32;32;36.0;13;525.0;222.0
-544.0;?;946.0;-3;3;?;-18;?;221.0
-548.0;27;1243.0;-13;13;39.0;27;?;218.0
-553.0;21;?;?;25;?;?;522.0;?
-560.0;-28;1554.0;?;53;?;-28;524.0;211.0
-571.0;?;?;-44;44;41.0;-10;526.0;208.0
-582.0;-27;1592.0;?;11;?;?;530.0;205.0
-592.0;-39;1434.0;?;-1;40.0;-39;533.0;204.0
-601.0;?;1084.0;?;21;38.0;-15;533.0;206.0
-610.0;-10;800.0;-6;6;35.0;-10;530.0;207.0
-616.0;5;428.0;?;30;32.0;5;529.0;207.0
-620.0;20;?;-42;?;28.0;20;?;?
-622.0;?;118.0;37;-37;24.0;11;530.0;212.0
-623.0;-3;182.0;2;-2;19.0;-3;530.0;215.0
-625.0;-28;107.0;-33;33;?;-28;529.0;219.0
-626.0;-21;?;26;-26;?;?;529.0;223.0
-628.0;?;?;-14;14;5.0;17;528.0;226.0
?;30;255.0;-45;?;0.0;30;528.0;?
-633.0;?;221.0;1;-1;-4.0;?;529.0;?
-636.0;1;185.0;-28;28;-9.0;1;529.0;235.0
-638.0;16;178.0;?;52;-13.0;?;530.0;237.0
-638.0;?;99.0;-25;25;-17.0;?;?;239.0
-637.0;46;-28.0;-1;?;?;46;535.0;241.0
-636.0;-1;-56.0;-6;6;?;-1;537.0;?
-635.0;?;?;-38;38;-27.0;-27;540.0;245.0
?;?;-335.0;?;7;?;25;545.0;248.0
-627.0;?;-528.0;-38;38;-33.0;29;549.0;250.0
-624.0;-10;-710.0;?;60;-34.0;-10;554.0;252.0
-620.0;4;-988.0;-12;?;-35.0;?;561.0;255.0
-615.0;20;-1145.0;-26;?;-36.0;20;568.0;258.0
-611.0;?;?;3;-3;-36.0;28;571.0;262.0
-608.0;36;?;24;-24;?;36;576.0;265.0
-606.0;47;-545.0;?;?;-35.0;47;580.0;?
-604.0;26;-408.0;25;?;-35.0;26;583.0;273.0
-602.0;-26;?;46;-46;?;-26;586.0;277.0
-600.0;-13;-268.0;54;-54;-31.0;-13;?;?
-596.0;21;-170.0;62;-62;-29.0;21;589.0;284.0
-594.0;-1;-107.0;68;?;?;-1;587.0;287.0
-593.0;-10;-81.0;?;-58;-24.0;-10;584.0;289.0
-591.0;?;-55.0;57;-57;?;-1;?;290.0
?;-12;-7.0;51;-51;-18.0;-12;?;291.0
-581.0;-2;0.0;8;?;-16.0;?;573.0;290.0
-581.0;?;?;-3;3;-13.0;?;564.0;288.0
-582.0;-25;25.0;20;-20;-10.0;-25;557.0;285.0
-584.0;-48;-100.0;-3;3;?;-48;550.0;282.0
-588.0;-21;-77.0;?;11;-3.0;-21;544.0;278.0
-591.0;-14;-91.0;27;-27;1.0;?;538.0;276.0
-594.0;-58;?;18;-18;4.0;?;532.0;274.0
?;-61;-20.0;-4;4;8.0;-61;527.0;272.0
-599.0;-47;70.0;-15;15;12.0;-47;522.0;?
-602.0;-84;182.0;-61;61;15.0;-84;519.0;268.0
?;-90;?;-71;71;18.0;-90;?;265.0
-602.0;-95;353.0;-46;46;21.0;-95;?;?
-601.0;?;361.0;-71;71;24.0;-66;512.0;?
-599.0;13;354.0;-91;91;26.0;13;510.0;253.0
?;-71;359.0;-133;133;?;-71;510.0;247.0
-597.0;1;302.0;-224;224;29.0;?;510.0;241.0
-596.0;?;172.0;-190;190;?;157;509.0;235.0
-597.0;?;74.0;-84;84;31.0;100;509.0;229.0
-599.0;100;?;?;82;31.0;100;?;223.0
-600.0;33;-172.0;?;52;31.0;?;510.0;218.0
-600.0;-38;?;?;?;30.0;-38;511.0;214.0
-599.0;7;66.0;33;?;?;?;512.0;?
-599.0;-9;241.0;?;-28;28.0;?;513.0;208.0
-601.0;-11;485.0;44;-44;28.0;-11;506.0;?
-605.0;?;539.0;55;-55;28.0;?;505.0;205.0
-610.0;92;?;120;-120;27.0;92;505.0;206.0
?;160;193.0;113;-113;27.0;?;?;?
-629.0;123;100.0;42;-42;26.0;?;507.0;210.0
-635.0;?;41.0;?;?;25.0;?;508.0;215.0
-641.0;-1;-149.0;44;-44;23.0;-1;?;221.0
-645.0;-7;-336.0;47;-47;20.0;?;510.0;?
-645.0;-25;-291.0;10;?;16.0;-25;?;235.0
-641.0;-37;-417.0;-32;32;12.0;?;519.0;243.0
-636.0;?;?;21;-21;?;-23;522.0;250.0
-633.0;2;-171.0;51;-51;3.0;2;522.0;255.0
-633.0;19;-191.0;16;-16;-1.0;19;522.0;260.0
-635.0;?;-205.0;1;-1;-5.0;26;522.0;264.0
-635.0;-22;?;-41;41;-9.0;-22;521.0;?
-632.0;-40;-347.0;-13;13;-14.0;-40;524.0;272.0
-626.0;1;?;76;-76;?;?;?;276.0
?;-19;-9.0;42;-42;-22.0;-19;521.0;279.0
-622.0;-71;?;-51;51;-25.0;-71;522.0;?
?;-58;?;-71;71;?;-58;521.0;282.0
-623.0;1;67.0;-2;2;-31.0;1;522.0;283.0
-620.0;22;?;27;-27;-33.0;22;525.0;?
?;3;418.0;?;-11;?;3;529.0;285.0
?;0;202.0;14;-14;-38.0;0;532.0;286.0
-611.0;?;243.0;5;-5;-40.0;9;538.0;?
-608.0;?;?;15;-15;?;?;548.0;284.0
-605.0;94;-35.0;48;-48;-41.0;94;553.0;283.0
-608.0;158;-108.0;68;-68;-41.0;?;556.0;282.0
-612.0;157;-119.0;11;-11;?;157;560.0;282.0
-618.0;85;?;-34;34;-40.0;85;564.0;?
?;5;?;?;-18;?;5;570.0;282.0
?;-7;103.0;29;?;-40.0;-7;576.0;283.0
-619.0;-29;?;18;-18;-39.0;-29;582.0;285.0
-616.0;-12;135.0;-19;?;-39.0;-12;584.0;287.0
-615.0;36;?;-26;26;-40.0;36;585.0;290.0
-616.0;8;189.0;?;-35;-40.0;?;585.0;292.0
?;4;?;13;-13;-40.0;4;?;294.0
-621.0;?;135.0;?;24;-40.0;55;585.0;295.0
-622.0;78;?;-25;?;-40.0;78;585.0;296.0
-624.0;17;?;?;21;-40.0;17;586.0;296.0
-623.0;-20;293.0;-2;2;-40.0;-20;588.0;295.0
-621.0;10;268.0;4;-4;?;10;?;295.0
-618.0;11;200.0;5;-5;-38.0;?;?;?
-616.0;1;140.0;-4;4;-38.0;1;592.0;294.0
-616.0;-32;64.0;2;?;-37.0;-32;592.0;293.0
?;7;28.0;41;-41;-36.0;7;591.0;291.0
-617.0;34;154.0;50;-50;?;34;591.0;290.0
-617.0;-11;185.0;-16;16;?;-11;591.0;289.0
-617.0;32;250.0;?;68;?;?;591.0;?
?;24;307.0;?;22;-33.0;24;?;286.0
-616.0;17;413.0;?;?;-32.0;17;592.0;285.0
?;38;483.0;35;?;-31.0;38;?;284.0
-614.0;-21;?;19;-19;-31.0;?;594.0;284.0
?;-23;431.0;4;?;?;-23;?;283.0
-615.0;17;?;22;-22;-30.0;?;?;283.0
-614.0;9;138.0;?;?;-29.0;9;597.0;283.0
-613.0;-10;-148.0;-7;7;-29.0;-10;597.0;284.0
-615.0;-7;-114.0;23;-23;-29.0;-7;?;284.0
-617.0;?;-53.0;-5;5;-29.0;11;597.0;?
-614.0;10;53.0;-36;36;?;10;599.0;287.0
-612.0;-15;?;-7;7;-30.0;-15;599.0;?
?;?;?;-32;32;-30.0;-32;597.0;288.0
-611.0;-28;-31.0;-40;40;-30.0;-28;597.0;287.0
-612.0;-19;-1.0;-10;?;-29.0;-19;597.0;287.0
-612.0;-11;43.0;?;17;-29.0;-11;597.0;287.0
-611.0;-20;54.0;-16;16;?;-20;598.0;?
-610.0;-19;?;-31;?;-28.0;-19;598.0;?
-609.0;2;33.0;-39;39;-28.0;2;598.0;286.0
-608.0;-42;36.0;-36;36;?;?;?;?
-607.0;-51;?;-33;33;-27.0;-51;597.0;286.0
-606.0;24;-103.0;-3;3;-26.0;?;596.0;285.0
-606.0;?;?;13;?;?;15;594.0;284.0
?;-9;43.0;14;-14;-25.0;?;593.0;284.0
?;24;32.0;10;-10;-25.0;24;592.0;284.0
-600.0;?;?;-1;1;-25.0;21;?;284.0
-598.0;-6;?;-7;7;?;-6;588.0;283.0
-595.0;?;347.0;?;5;?;?;585.0;282.0
?;?;468.0;20;-20;-25.0;28;583.0;280.0
-590.0;21;495.0;?;-27;?;?;582.0;279.0
-584.0;-10;432.0;-14;14;-25.0;?;579.0;277.0
-578.0;-2;443.0;-2;2;-25.0;-2;569.0;?
-578.0;7;315.0;-6;6;-24.0;7;553.0;272.0
?;-22;242.0;-45;?;?;-22;537.0;?
-578.0;0;259.0;20;?;-23.0;0;523.0;267.0
?;44;221.0;49;-49;-23.0;44;?;266.0
-574.0;14;?;12;?;-22.0;14;494.0;265.0
-572.0;5;31.0;28;-28;-22.0;5;479.0;264.0
-570.0;34;-185.0;?;-58;-22.0;?;?;263.0
?;?;-313.0;34;-34;?;41;?;?
?;43;-396.0;-20;20;-22.0;43;444.0;262.0
?;23;-426.0;-18;18;-21.0;23;436.0;261.0
?;34;-441.0;9;-9;-21.0;34;429.0;261.0
?;47;-501.0;17;-17;-21.0;47;?;259.0
-549.0;0;-540.0;25;-25;-21.0;0;421.0;258.0
-549.0;-21;-580.0;14;?;-21.0;-21;421.0;?
-548.0;-12;-578.0;?;-2;-20.0;-12;423.0;?
-549.0;-11;-597.0;13;-13;-20.0;-11;425.0;254.0
-550.0;-12;-510.0;?;?;-20.0;-12;429.0;252.0
?;-10;-383.0;20;-20;-20.0;-10;435.0;251.0
?;-12;-255.0;8;-8;?;-12;441.0;250.0
-550.0;?;?;-7;7;-19.0;-21;447.0;248.0
-550.0;-9;22.0;34;-34;?;-9;450.0;247.0
-551.0;?;187.0;-7;7;-18.0;22;454.0;246.0
-552.0;?;212.0;-44;?;-18.0;?;459.0;245.0
?;29;165.0;?;33;-18.0;?;?;246.0
-555.0;17;172.0;-9;9;-19.0;?;469.0;246.0
-556.0;?;518.0;?;-34;-19.0;0;472.0;247.0
-558.0;20;635.0;-8;8;-20.0;20;474.0;248.0
-562.0;46;?;?;-1;?;?;471.0;248.0
-569.0;?;867.0;5;-5;?;25;465.0;248.0
-579.0;8;?;-15;15;-19.0;8;459.0;248.0
-589.0;9;?;?;-3;-19.0;9;452.0;248.0
-598.0;?;808.0;-24;24;-20.0;0;443.0;?
-607.0;12;710.0;-4;4;-22.0;12;?;?
-615.0;?;674.0;0;0;-23.0;35;?;251.0
-621.0;43;655.0;?;-3;-25.0;43;?;252.0
-626.0;36;?;10;?;-26.0;36;408.0;?
-630.0;7;?;-15;15;-28.0;7;398.0;254.0
-633.0;?;?;10;-10;-31.0;?;389.0;256.0
-633.0;-18;?;?;?;-34.0;-18;381.0;?
-632.0;10;56.0;9;-9;?;10;?;262.0
-628.0;?;-70.0;10;-10;?;40;366.0;?
-623.0;21;-258.0;8;-8;-45.0;?;359.0;268.0
-619.0;11;-367.0;24;-24;-48.0;11;352.0;272.0
-613.0;?;-404.0;21;-21;?;15;349.0;275.0
?;?;?;?;-53;-56.0;?;346.0;277.0
-605.0;-23;-532.0;?;-28;-59.0;-23;345.0;280.0
?;11;-498.0;27;-27;?;?;345.0;281.0
?;-14;-452.0;50;?;?;?;?;282.0
-595.0;?;-460.0;?;-4;?;0;350.0;281.0
-594.0;15;-361.0;11;-11;-66.0;?;?;279.0
-592.0;39;-302.0;1;-1;-68.0;?;?;279.0
-591.0;?;-327.0;11;?;?;-16;363.0;278.0
-587.0;?;-513.0;?;-54;?;?;366.0;277.0
-583.0;19;-652.0;27;-27;-70.0;?;368.0;?
?;?;?;34;-34;-70.0;?;367.0;273.0
-575.0;-5;?;45;-45;-71.0;-5;365.0;?
-572.0;?;?;-28;28;?;?;364.0;?
-568.0;0;-748.0;-35;35;-70.0;0;364.0;262.0
-563.0;3;-777.0;-22;22;-69.0;3;363.0;257.0
-559.0;-6;-642.0;-75;?;-67.0;-6;359.0;251.0
-555.0;-21;-505.0;?;97;?;?;358.0;245.0
?;21;-523.0;?;49;?;21;?;239.0
?;35;-825.0;?;-31;-62.0;35;356.0;?
-543.0;31;-882.0;-28;28;-60.0;31;354.0;?
-541.0;40;-1067.0;-52;52;?;40;352.0;223.0
-541.0;2;-1372.0;3;?;-57.0;2;352.0;220.0
-541.0;?;-1348.0;-44;44;-56.0;?;353.0;?
-541.0;-32;-1395.0;0;0;-55.0;-32;?;213.0
-540.0;-20;-1568.0;60;-60;-54.0;-20;355.0;210.0
?;?;-1754.0;?;-75;-56.0;26;358.0;210.0
?;36;-1883.0;95;-95;?;36;361.0;210.0
-539.0;21;-2057.0;37;-37;-59.0;21;371.0;210.0
-537.0;40;-2267.0;4;-4;-60.0;?;386.0;209.0
-529.0;13;-1972.0;-7;7;?;?;398.0;211.0
-515.0;-16;-1426.0;?;?;?;-16;401.0;213.0
?;-5;?;?;?;-66.0;-5;?;216.0
-496.0;-18;-279.0;-32;32;-68.0;-18;395.0;218.0
-494.0;-31;85.0;?;54;-69.0;?;392.0;218.0
-496.0;-14;328.0;-19;19;-70.0;?;389.0;218.0
?;-6;475.0;?;36;-70.0;-6;?;?
-510.0;?;596.0;-8;?;?;-22;387.0;218.0
-519.0;-12;713.0;-22;?;-71.0;?;387.0;?
-527.0;-1;798.0;-79;79;-71.0;-1;388.0;220.0
-534.0;-11;897.0;?;12;-72.0;-11;387.0;221.0
?;15;?;-8;8;-73.0;?;385.0;222.0
-544.0;30;793.0;?;?;-74.0;30;384.0;223.0
-547.0;-1;717.0;-68;?;-75.0;-1;384.0;225.0
-549.0;12;?;?;2;-76.0;12;385.0;227.0
?;13;507.0;?;-32;-78.0;13;386.0;230.0
-553.0;-21;412.0;-7;?;-79.0;-21;388.0;232.0
-555.0;-12;407.0;?;?;-82.0;-12;392.0;?
-555.0;-26;?;-22;22;-84.0;?;396.0;238.0
-555.0;-17;?;-28;?;?;-17;399.0;241.0
-556.0;23;172.0;-26;26;-88.0;23;402.0;244.0
-557.0;?;?;-25;25;-90.0;31;405.0;?
-559.0;30;?;-26;26;-91.0;30;409.0;249.0
-562.0;?;-38.0;-38;38;-92.0;5;412.0;252.0
-564.0;-10;-164.0;-9;9;-93.0;-10;415.0;?
-566.0;-11;?;?;?;-93.0;?;?;258.0
-566.0;-10;-173.0;?;?;-94.0;-10;420.0;?
-565.0;-12;?;51;-51;?;-12;419.0;262.0
-564.0;?;-66.0;45;?;-93.0;?;418.0;?
-564.0;9;?;?;-28;-92.0;9;?;263.0
?;6;?;69;-69;?;6;?;263.0
-564.0;?;?;53;?;-89.0;25;416.0;263.0
?;22;?;24;?;-89.0;22;414.0;264.0
-563.0;-2;92.0;60;?;-89.0;-2;413.0;?
-563.0;-19;91.0;56;?;?;?;415.0;?
-564.0;-71;?;7;-7;-91.0;-71;417.0;269.0
-565.0;-31;55.0;-26;26;-93.0;?;420.0;?
-566.0;4;73.0;?;-18;-96.0;?;?;?
?;-30;155.0;57;-57;?;?;427.0;?
-571.0;-20;?;19;?;-100.0;-20;431.0;?
?;-38;290.0;?;-4;-101.0;-38;433.0;283.0
-577.0;-66;381.0;7;-7;-102.0;-66;?;284.0
-580.0;?;?;-13;13;-101.0;-45;435.0;285.0
-583.0;-50;568.0;?;38;-101.0;-50;437.0;285.0
-586.0;-42;515.0;-47;47;-100.0;-42;438.0;?
?;13;350.0;-35;35;-98.0;13;439.0;283.0
-591.0;?;460.0;-27;27;-96.0;?;?;281.0
-593.0;-27;449.0;-2;2;-93.0;-27;440.0;277.0
?;7;?;38;-38;-90.0;7;440.0;271.0
-595.0;14;413.0;-11;11;-87.0;14;440.0;265.0
-594.0;-19;?;-42;42;-85.0;-19;439.0;258.0
-591.0;-31;?;5;-5;-83.0;-31;436.0;252.0
-587.0;-15;42.0;-3;3;-81.0;?;433.0;247.0
-583.0;30;-90.0;3;-3;?;30;429.0;243.0
-579.0;34;-278.0;17;-17;-78.0;34;425.0;?
-575.0;-8;?;-22;22;-77.0;-8;421.0;?
-571.0;-4;-610.0;10;?;?;-4;417.0;236.0
?;?;-645.0;21;-21;?;?;413.0;235.0
-567.0;20;-580.0;?;?;-74.0;20;412.0;233.0
?;33;-495.0;1;?;-73.0;33;410.0;?
-562.0;?;?;27;-27;-72.0;40;?;230.0
-559.0;3;-224.0;0;0;-70.0;3;?;229.0
-556.0;7;-80.0;29;-29;-69.0;7;407.0;227.0
-554.0;30;?;-17;17;-67.0;30;406.0;?
-553.0;12;43.0;?;?;-65.0;12;405.0;224.0
-552.0;?;19.0;11;-11;?;24;405.0;?
-551.0;?;45.0;11;-11;?;?;?;?
-551.0;8;64.0;-4;4;?;?;404.0;219.0
-550.0;23;99.0;-1;1;-61.0;23;404.0;219.0
?;20;81.0;-56;56;-60.0;20;?;219.0
-551.0;19;92.0;-61;61;-60.0;19;?;?
-551.0;21;75.0;-51;51;-59.0;21;401.0;219.0
-551.0;21;?;-61;61;-59.0;21;400.0;219.0
?;?;46.0;-54;54;-59.0;19;?;220.0
-552.0;22;60.0;-55;?;-59.0;22;399.0;221.0
-553.0;31;83.0;?;8;-59.0;31;398.0;222.0
-553.0;7;63.0;38;-38;-59.0;7;399.0;223.0
-553.0;-12;60.0;-9;9;-59.0;?;400.0;224.0
-553.0;-5;?;?;19;-60.0;?;401.0;225.0
-554.0;-4;?;13;-13;-60.0;-4;403.0;226.0
-554.0;-37;78.0;41;?;?;-37;?;228.0
-555.0;-53;85.0;74;-74;-63.0;-53;407.0;231.0
-557.0;?;117.0;36;-36;-65.0;-11;410.0;?
-558.0;0;?;?;-21;-67.0;?;413.0;?
?;-21;?;?;-15;?;-21;?;?
?;-18;?;?;10;-70.0;-18;419.0;241.0
-564.0;-11;186.0;?;?;-70.0;-11;421.0;?
-566.0;-11;?;5;-5;-71.0;-11;424.0;246.0
-568.0;?;138.0;4;-4;-71.0;-6;426.0;248.0
-570.0;14;128.0;-8;?;-71.0;14;428.0;249.0
-571.0;?;94.0;-37;37;-72.0;20;430.0;251.0
?;?;119.0;-13;13;-73.0;23;431.0;253.0
-571.0;29;84.0;15;-15;-73.0;29;?;255.0
-572.0;3;82.0;?;-14;-75.0;3;433.0;256.0
-572.0;-19;?;20;-20;?;-19;?;257.0
?;-23;?;-6;6;-76.0;-23;435.0;258.0
-572.0;-14;-53.0;9;-9;-76.0;?;436.0;258.0
-572.0;21;-26.0;?;-3;-77.0;21;437.0;259.0
-572.0;51;7.0;-34;?;-77.0;?;437.0;259.0
-572.0;?;-2.0;25;?;-78.0;?;438.0;259.0
-572.0;-17;3.0;28;-28;-78.0;-17;?;258.0
-572.0;-11;21.0;9;-9;-78.0;-11;438.0;258.0
-572.0;2;9.0;?;-36;-78.0;?;438.0;258.0
-573.0;?;37.0;?;-45;-79.0;15;439.0;258.0
-573.0;30;35.0;33;-33;-79.0;30;439.0;?
-574.0;?;-1.0;-18;18;-79.0;-4;439.0;258.0
?;-18;-6.0;-34;34;-80.0;?;439.0;259.0
?;-1;?;-10;10;-80.0;-1;?;258.0
-574.0;?;34.0;8;-8;-80.0;-3;439.0;?
-574.0;1;?;-31;31;-80.0;1;439.0;258.0
-574.0;-1;0.0;-97;97;-79.0;-1;?;257.0
-574.0;-12;?;-63;63;-79.0;-12;?;257.0
?;-2;84.0;?;-6;?;-2;439.0;256.0
-574.0;-7;?;?;-6;-79.0;?;438.0;256.0
-574.0;-9;341.0;-11;11;?;-9;436.0;?
-574.0;-15;?;-16;?;-79.0;?;435.0;256.0
-575.0;-31;860.0;3;-3;?;-31;432.0;254.0
-577.0;-7;?;41;-41;-75.0;-7;430.0;251.0
-578.0;2;?;43;-43;-72.0;2;427.0;247.0
-581.0;2;1590.0;53;-53;-68.0;2;426.0;243.0
-586.0;9;1591.0;42;-42;-65.0;9;425.0;239.0
-593.0;-1;1720.0;?;12;-62.0;-1;423.0;236.0
-603.0;9;1839.0;-8;?;-59.0;9;422.0;233.0
-616.0;13;1922.0;15;?;-56.0;13;?;?
-630.0;?;1974.0;14;-14;-53.0;?;417.0;?
-644.0;4;1960.0;?;-36;-52.0;4;416.0;225.0
-657.0;11;1913.0;7;-7;-50.0;?;411.0;223.0
-669.0;10;?;-11;?;?;10;406.0;222.0
-679.0;19;?;32;?;-50.0;19;400.0;223.0
-686.0;?;1003.0;?;-12;-51.0;11;396.0;226.0
-695.0;-24;520.0;17;?;-54.0;-24;?;229.0
-701.0;-5;315.0;33;-33;-57.0;-5;394.0;234.0
-703.0;-10;?;?;7;-62.0;?;398.0;239.0
-702.0;?;48.0;-4;4;-67.0;-29;400.0;245.0
?;16;-51.0;6;-6;-71.0;?;402.0;249.0
?;20;-154.0;-31;31;?;20;406.0;252.0
-699.0;39;-184.0;-56;56;-79.0;39;409.0;?
-697.0;38;-22.0;1;-1;-83.0;38;412.0;?
?;-25;?;46;-46;-85.0;-25;416.0;262.0
-691.0;-7;-79.0;12;?;-88.0;-7;419.0;263.0
?;?;?;11;?;-89.0;?;?;?
-684.0;-19;-86.0;29;-29;-91.0;-19;420.0;267.0
-682.0;?;-59.0;7;-7;?;-27;420.0;268.0
-681.0;21;-108.0;11;-11;-93.0;21;419.0;?
-682.0;27;-68.0;?;-11;-93.0;27;418.0;268.0
-682.0;21;-63.0;16;-16;-94.0;21;417.0;267.0
-683.0;33;-10.0;69;?;-94.0;33;418.0;?
-683.0;-17;59.0;65;-65;-94.0;-17;418.0;?
?;-59;142.0;42;-42;?;-59;?;?
-684.0;-17;?;?;0;-94.0;-17;419.0;265.0
-684.0;23;67.0;-35;35;-93.0;?;420.0;?
-684.0;9;0.0;5;-5;-93.0;9;422.0;265.0
-684.0;-2;-14.0;16;-16;-93.0;?;?;?
-683.0;10;-35.0;18;-18;-92.0;10;424.0;265.0
-683.0;1;32.0;31;-31;?;?;424.0;265.0
-683.0;6;54.0;39;?;-92.0;6;424.0;?
-683.0;?;?;57;-57;-92.0;?;425.0;265.0
-683.0;20;?;?;-55;-92.0;?;?;264.0
?;?;-8.0;53;?;-91.0;24;427.0;264.0
-682.0;-17;?;63;?;-91.0;-17;428.0;264.0
-681.0;-19;20.0;61;-61;-91.0;-19;428.0;265.0
-681.0;56;17.0;29;-29;-90.0;?;428.0;265.0
?;55;?;-22;?;-91.0;?;429.0;265.0
?;?;99.0;-17;17;-91.0;?;430.0;266.0
-678.0;94;?;52;-52;?;94;432.0;266.0
-679.0;46;?;?;-71;-92.0;46;432.0;267.0
-681.0;17;62.0;72;-72;-92.0;?;?;267.0
-684.0;30;?;?;-145;-92.0;30;?;?
-687.0;23;232.0;182;-182;-91.0;?;428.0;?
-692.0;77;220.0;112;-112;-90.0;77;?;267.0
-695.0;125;179.0;51;?;-90.0;125;427.0;?
-693.0;164;-18.0;20;-20;?;?;424.0;267.0
?;212;-53.0;-72;?;-89.0;212;418.0;268.0
-687.0;?;-171.0;-28;28;?;300;414.0;268.0
-682.0;336;?;?;-34;-87.0;?;413.0;?
?;333;-868.0;22;-22;-85.0;333;415.0;264.0
?;513;-1309.0;191;-191;-82.0;?;418.0;261.0
?;649;?;?;-200;-78.0;649;422.0;?
-652.0;714;-2645.0;130;-130;-73.0;714;427.0;250.0
-642.0;628;-3199.0;-134;134;-65.0;628;?;243.0
-629.0;756;-3535.0;-368;?;?;756;?;?
?;650;?;-500;500;?;650;441.0;223.0
-595.0;-369;-4237.0;-1028;?;-29.0;-369;447.0;212.0
-575.0;?;?;-1066;1066;-16.0;-651;452.0;201.0
-548.0;-653;-4141.0;-1255;1255;-5.0;-653;450.0;?
-507.0;?;-3230.0;-796;796;5.0;?;?;?
-462.0;376;?;767;-767;15.0;376;408.0;172.0
?;64;-2218.0;971;-971;25.0;64;?;161.0
-376.0;-624;-1935.0;750;-750;35.0;-624;339.0;149.0
-343.0;?;?;?;-683;?;-1078;301.0;134.0
-321.0;-1069;-959.0;?;-338;59.0;?;?;116.0
?;-1563;-483.0;402;-402;?;-1563;248.0;?
?;?;38.0;?;-461;80.0;-3091;235.0;80.0
?;?;?;-436;436;88.0;?;231.0;?
-324.0;?;756.0;?;1702;92.0;-483;?;49.0
-332.0;386;1055.0;?;1423;95.0;386;?;40.0
-340.0;68;1239.0;-298;298;?;68;248.0;35.0
-343.0;-18;1325.0;82;-82;?;-18;254.0;31.0
?;?;1243.0;?;-25;?;19;258.0;31.0
-349.0;-54;1128.0;-101;?;104.0;-54;263.0;33.0
-351.0;-46;?;-13;13;102.0;?;?;38.0
-355.0;3;875.0;54;-54;99.0;3;?;45.0
?;?;781.0;-13;13;96.0;-41;281.0;53.0
-367.0;-123;646.0;11;?;92.0;-123;?;61.0
-372.0;?;501.0;44;-44;87.0;-135;293.0;69.0
-377.0;-106;418.0;?;-41;81.0;-106;298.0;?
-382.0;-40;281.0;-32;32;76.0;-40;302.0;85.0
-389.0;13;181.0;63;?;71.0;13;305.0;94.0
-396.0;36;148.0;73;-73;?;36;309.0;?
-399.0;37;184.0;-23;23;?;37;312.0;114.0
?;?;?;61;-61;56.0;-8;311.0;124.0
?;-58;?;12;-12;50.0;-58;310.0;138.0
?;-58;79.0;?;?;44.0;-58;?;154.0
-412.0;?;42.0;99;?;36.0;-57;?;174.0
-421.0;-109;80.0;92;-92;27.0;-109;310.0;193.0
?;-223;-14.0;55;-55;18.0;-223;314.0;210.0
?;-316;?;?;-12;12.0;?;?;224.0
-465.0;?;-204.0;?;-75;3.0;?;?;?
-476.0;-387;-89.0;-41;41;-7.0;?;340.0;?
-484.0;-270;?;-41;41;?;-270;?;241.0
-489.0;-130;533.0;100;?;-22.0;-130;354.0;?
-494.0;-100;670.0;85;-85;?;?;?;254.0
-499.0;?;?;?;-121;-40.0;?;368.0;262.0
-507.0;48;565.0;?;?;?;?;378.0;?
-517.0;55;300.0;88;?;-55.0;55;392.0;281.0
-529.0;86;205.0;94;-94;-62.0;?;?;291.0
-539.0;87;295.0;50;?;?;87;?;302.0
-546.0;95;425.0;54;-54;-74.0;95;440.0;312.0
-552.0;164;513.0;27;-27;-78.0;?;?;319.0
-558.0;191;?;35;-35;-82.0;191;466.0;324.0
-563.0;128;638.0;?;?;?;128;478.0;325.0
-566.0;101;712.0;-120;120;-85.0;101;488.0;330.0
-570.0;114;708.0;-74;74;?;114;497.0;?
?;112;616.0;-87;87;-89.0;?;502.0;336.0
-570.0;113;506.0;-92;92;-92.0;113;504.0;341.0
-570.0;83;285.0;-40;40;-94.0;?;505.0;?
-571.0;?;-56.0;?;11;-96.0;27;507.0;351.0
-573.0;?;-283.0;22;?;-97.0;4;510.0;353.0
?;?;?;59;-59;-98.0;-3;511.0;354.0
-578.0;-1;?;?;?;?;-1;?;352.0
-577.0;16;-243.0;31;-31;-99.0;?;?;351.0
?;?;-177.0;-9;9;-99.0;17;?;347.0
-575.0;1;-208.0;-39;39;?;1;505.0;342.0
?;17;-237.0;-32;32;-94.0;17;?;336.0
-572.0;0;-172.0;?;38;-92.0;0;496.0;330.0
-570.0;-32;?;-36;?;-89.0;-32;491.0;322.0
-566.0;-13;?;-1;1;-85.0;?;487.0;312.0
-560.0;?;-400.0;-12;12;-82.0;-22;485.0;305.0
?;-1;-491.0;-59;59;-80.0;?;480.0;297.0
-547.0;?;-482.0;-23;23;-78.0;?;474.0;290.0
?;?;-445.0;14;?;-79.0;13;468.0;289.0
-544.0;?;-406.0;-4;?;-79.0;59;465.0;287.0
-544.0;?;-250.0;-11;?;-78.0;58;462.0;284.0
-542.0;41;-92.0;-36;36;-77.0;41;459.0;281.0
?;31;-30.0;-12;12;-75.0;?;?;?
-538.0;0;-21.0;?;?;-73.0;0;451.0;276.0
-538.0;1;140.0;-5;5;-70.0;?;447.0;273.0
-538.0;9;?;?;-4;-68.0;9;446.0;271.0
-537.0;1;104.0;-20;20;-66.0;1;449.0;269.0
-535.0;-3;58.0;-24;24;?;-3;450.0;267.0
-532.0;3;25.0;?;43;-62.0;3;448.0;266.0
-530.0;?;51.0;-45;45;?;11;447.0;265.0
-529.0;9;38.0;?;-30;-59.0;9;?;264.0
-529.0;?;?;28;?;-59.0;?;443.0;?
-529.0;5;3.0;7;?;-59.0;5;441.0;263.0
-529.0;-17;26.0;31;-31;-60.0;-17;438.0;263.0
-528.0;-18;79.0;8;-8;-60.0;-18;435.0;263.0
-527.0;-14;117.0;13;-13;-60.0;?;431.0;264.0
?;-44;-12.0;22;-22;?;-44;?;264.0
-526.0;-29;-87.0;-6;?;-60.0;?;428.0;?
-526.0;20;-179.0;43;?;-61.0;20;426.0;267.0
?;?;-156.0;24;?;-62.0;-6;427.0;269.0
-526.0;-21;?;-48;?;-64.0;-21;429.0;271.0
-527.0;-29;-77.0;-11;11;-65.0;-29;?;272.0
-527.0;-52;17.0;3;-3;-66.0;?;433.0;273.0
-528.0;?;61.0;-1;1;-66.0;-24;436.0;273.0
-530.0;-43;234.0;49;-49;?;-43;440.0;272.0
-531.0;?;237.0;28;-28;-66.0;-40;442.0;270.0
-531.0;-1;?;-16;?;-66.0;-1;444.0;269.0
-531.0;-17;246.0;-2;?;-64.0;-17;445.0;266.0
-530.0;?;189.0;-6;6;-63.0;-22;444.0;?
-529.0;?;130.0;?;?;-62.0;-12;443.0;?
-528.0;-10;?;?;-40;-61.0;-10;441.0;257.0
?;-14;?;-17;17;-60.0;?;440.0;255.0
-526.0;-7;-125.0;-22;22;-59.0;-7;439.0;252.0
?;-2;?;47;-47;?;-2;438.0;251.0
?;-11;-242.0;65;-65;-58.0;-11;436.0;249.0
-521.0;-11;-205.0;33;-33;-58.0;-11;435.0;248.0
-519.0;-14;-247.0;13;-13;-58.0;?;434.0;?
-518.0;?;-242.0;51;-51;-58.0;-1;434.0;247.0
-516.0;7;-214.0;?;-34;-58.0;?;433.0;248.0
?;-16;?;-30;30;-58.0;-16;433.0;248.0
-513.0;-22;-49.0;?;7;?;-22;433.0;?
-513.0;-13;62.0;2;-2;?;-13;?;?
-512.0;-11;157.0;-40;?;-57.0;-11;432.0;248.0
-512.0;-12;?;-65;65;-57.0;-12;432.0;?
-513.0;-12;?;-43;43;?;-12;?;?
-513.0;-11;190.0;-2;?;?;-11;?;248.0
-514.0;?;204.0;?;5;-58.0;-11;?;?
-515.0;?;152.0;-38;38;-59.0;-26;433.0;250.0
-517.0;-39;?;-50;50;?;-39;434.0;250.0
?;?;86.0;-20;20;-61.0;-19;434.0;251.0
-519.0;-14;73.0;-41;41;-63.0;-14;?;251.0
-520.0;-7;56.0;-51;51;-64.0;?;?;?
-521.0;37;-4.0;2;?;?;37;435.0;253.0
?;?;-58.0;-17;17;-67.0;38;436.0;?
-522.0;14;?;-16;16;-68.0;14;437.0;255.0
-522.0;8;-17.0;14;-14;?;8;437.0;256.0
-522.0;10;2.0;-1;1;-71.0;10;437.0;?
-523.0;8;38.0;6;-6;-73.0;8;438.0;?
-523.0;0;-4.0;15;-15;-74.0;0;439.0;258.0
?;?;-4.0;8;-8;-75.0;-12;?;260.0
?;-44;-2.0;-11;11;-76.0;-44;440.0;260.0
-526.0;-16;32.0;-37;37;?;-16;441.0;261.0
-526.0;53;3.0;-29;29;-78.0;53;441.0;261.0
?;36;-6.0;7;?;-78.0;?;441.0;262.0
-527.0;-17;-2.0;16;-16;-79.0;-17;442.0;262.0
-528.0;-27;21.0;9;-9;-80.0;-27;?;?
-528.0;-9;-5.0;29;-29;-80.0;-9;442.0;?
-528.0;?;1.0;33;-33;?;1;443.0;264.0
-529.0;?;15.0;?;?;?;-2;?;263.0
-529.0;-1;-13.0;12;-12;-81.0;?;443.0;264.0
?;-1;12.0;?;?;?;-1;444.0;264.0
-529.0;-1;?;?;14;?;-1;444.0;264.0
-530.0;-1;30.0;33;-33;-82.0;-1;444.0;265.0
?;?;19.0;2;-2;-83.0;-1;444.0;265.0
-531.0;-2;20.0;24;-24;-83.0;-2;?;264.0
?;?;?;24;-24;-83.0;-12;444.0;264.0
-532.0;-14;8.0;?;40;-83.0;-14;?;264.0
-533.0;9;2.0;-18;18;-83.0;9;?;264.0
?;27;21.0;19;?;-84.0;?;443.0;264.0
?;10;25.0;14;-14;-84.0;10;443.0;264.0
-534.0;-15;?;?;-26;?;-15;443.0;264.0
-534.0;?;?;?;-24;-84.0;?;443.0;264.0
-534.0;-21;11.0;?;-31;-85.0;-21;443.0;264.0
-535.0;-22;13.0;38;-38;-85.0;?;443.0;264.0
-535.0;-23;11.0;?;?;-86.0;-23;443.0;264.0
-535.0;-37;52.0;10;-10;-85.0;-37;443.0;264.0
-535.0;-27;?;16;-16;-86.0;-27;443.0;263.0
?;-2;56.0;6;-6;-85.0;-2;443.0;?
-535.0;-17;17.0;-27;27;?;-17;442.0;264.0
-535.0;-18;4.0;-3;3;-85.0;-18;442.0;264.0
-535.0;-11;-9.0;-13;13;-84.0;?;442.0;263.0
-535.0;-24;-14.0;-52;52;?;-24;442.0;?
?;-9;-28.0;-21;?;?;-9;443.0;?
-535.0;-19;-35.0;-5;5;?;-19;443.0;263.0
-534.0;-41;-7.0;-10;?;?;-41;443.0;263.0
-534.0;16;17.0;6;-6;-85.0;?;442.0;262.0
-534.0;35;30.0;-5;5;-84.0;35;442.0;262.0
-534.0;?;39.0;-14;14;-83.0;-13;442.0;?
?;3;50.0;6;-6;?;3;442.0;262.0
?;11;32.0;23;-23;-82.0;11;442.0;262.0
-533.0;-2;21.0;16;-16;-82.0;-2;443.0;263.0
-532.0;50;-24.0;-11;11;-81.0;50;?;?
-532.0;41;-47.0;33;-33;-81.0;?;442.0;?
-532.0;-7;-39.0;13;?;?;?;441.0;261.0
?;?;-77.0;-44;44;-80.0;21;441.0;261.0
-532.0;?;?;?;-1;-80.0;5;441.0;260.0
-531.0;-28;-124.0;-37;?;-80.0;-28;441.0;259.0
-530.0;6;-78.0;-61;61;-80.0;?;440.0;258.0
-529.0;?;?;?;68;-79.0;?;439.0;?
-528.0;-16;-116.0;-77;?;-78.0;?;439.0;254.0
-528.0;?;-86.0;?;?;-78.0;12;438.0;253.0
?;34;-56.0;12;-12;?;34;437.0;251.0
-525.0;-15;36.0;-19;19;?;-15;436.0;?
-524.0;-5;64.0;7;-7;-75.0;-5;436.0;252.0
?;2;54.0;50;?;?;2;436.0;252.0
?;-22;75.0;18;-18;-71.0;?;?;251.0
-523.0;10;?;-36;36;?;10;?;251.0
-523.0;14;232.0;-9;9;?;?;432.0;?
-520.0;?;309.0;-10;10;-55.0;-18;428.0;249.0
-517.0;?;353.0;17;-17;-47.0;?;?;?
-513.0;9;290.0;8;-8;-40.0;9;417.0;237.0
-510.0;47;157.0;-22;22;-35.0;47;414.0;232.0
-506.0;-11;8.0;24;-24;-31.0;-11;?;?
-501.0;?;-143.0;?;13;-29.0;?;411.0;225.0
-498.0;?;-223.0;-27;?;-28.0;?;?;?
-495.0;?;?;19;-19;-26.0;?;411.0;225.0
-492.0;7;-214.0;?;-4;-25.0;7;409.0;?
-489.0;?;?;10;-10;-25.0;35;408.0;225.0
-486.0;-30;-223.0;?;-24;?;-30;406.0;224.0
-485.0;-39;-222.0;-10;10;-30.0;-39;407.0;224.0
?;-15;?;-8;8;-36.0;-15;411.0;229.0
-488.0;-3;-118.0;9;-9;-44.0;-3;416.0;238.0
-491.0;12;-9.0;?;?;?;12;420.0;?
-494.0;9;103.0;1;-1;-57.0;?;424.0;253.0
-499.0;19;175.0;43;?;-63.0;19;?;259.0
-505.0;21;254.0;43;-43;-66.0;?;431.0;?
-511.0;18;314.0;8;-8;?;18;434.0;267.0
?;22;304.0;-13;13;-74.0;?;437.0;271.0
-524.0;17;268.0;-16;16;?;17;440.0;274.0
-529.0;?;260.0;?;16;-81.0;9;443.0;?
?;9;213.0;-16;16;-84.0;9;446.0;279.0
-538.0;11;?;?;17;-88.0;11;?;282.0
?;-4;176.0;-11;11;-91.0;-4;453.0;285.0
-544.0;-34;63.0;?;?;-94.0;-34;456.0;289.0
-546.0;-5;1.0;?;24;-97.0;-5;459.0;?
-548.0;40;-90.0;-35;35;-99.0;40;461.0;?
-550.0;13;-95.0;-18;18;-100.0;13;?;?
?;23;-23.0;4;-4;-99.0;23;464.0;296.0
-550.0;60;42.0;28;-28;-98.0;60;464.0;?
-550.0;7;?;?;14;-97.0;?;?;?
-549.0;-18;19.0;-43;43;-96.0;?;463.0;293.0
-548.0;9;17.0;?;4;?;9;462.0;293.0
?;8;?;?;4;?;8;460.0;?
?;46;50.0;?;12;?;46;457.0;292.0
?;67;92.0;-22;22;?;67;454.0;?
-546.0;?;121.0;?;1;-89.0;?;451.0;288.0
-546.0;?;?;-5;5;-87.0;41;448.0;283.0
-546.0;?;16.0;?;?;-85.0;?;446.0;279.0
-546.0;-36;-71.0;36;-36;-84.0;-36;444.0;276.0
-545.0;-23;-138.0;?;?;-83.0;-23;444.0;?
?;-46;-135.0;55;-55;-82.0;-46;?;270.0
-542.0;-4;-225.0;16;-16;-81.0;-4;442.0;267.0
?;42;-227.0;-6;6;?;42;441.0;265.0
-538.0;30;-224.0;44;-44;-79.0;30;440.0;263.0
-537.0;24;-183.0;-24;24;?;24;?;260.0
-535.0;-8;?;-6;6;-75.0;?;437.0;257.0
-533.0;13;?;35;-35;-74.0;13;?;?
-532.0;?;-31.0;9;-9;-73.0;?;?;?
-531.0;-8;33.0;27;?;-73.0;-8;432.0;250.0
-530.0;-2;32.0;24;?;-73.0;-2;431.0;249.0
-530.0;21;21.0;?;-26;-73.0;21;430.0;248.0
-531.0;?;11.0;?;6;?;6;430.0;249.0
-534.0;1;31.0;-34;?;-75.0;1;431.0;250.0
-536.0;31;3.0;0;0;-76.0;31;?;251.0
-538.0;23;18.0;27;-27;-78.0;?;435.0;?
?;-20;26.0;34;-34;?;-20;436.0;252.0
-541.0;0;?;20;-20;-77.0;?;437.0;251.0
-543.0;17;?;20;?;-76.0;17;437.0;251.0
-542.0;2;67.0;70;-70;-75.0;2;436.0;249.0
-542.0;14;?;6;-6;-74.0;14;?;?
-541.0;-7;62.0;-63;63;-73.0;-7;?;248.0
-541.0;-23;30.0;-9;9;-73.0;?;433.0;248.0
-539.0;31;-87.0;-35;35;-73.0;31;434.0;249.0
-537.0;?;?;-30;30;-73.0;28;?;250.0
-536.0;3;?;2;-2;-73.0;?;434.0;251.0
?;11;-40.0;-4;4;?;11;?;253.0
-533.0;-2;-65.0;?;?;?;-2;435.0;253.0
-533.0;-11;?;8;-8;-72.0;-11;436.0;254.0
-534.0;-21;-46.0;?;?;-74.0;-21;437.0;255.0
-534.0;-3;-37.0;-24;24;-75.0;-3;439.0;?
-535.0;32;?;?;18;?;32;?;258.0
-536.0;8;48.0;-7;?;-78.0;8;442.0;260.0
?;?;?;-38;38;-79.0;-10;443.0;262.0
-540.0;17;51.0;-23;23;-81.0;17;444.0;?
-542.0;16;86.0;23;-23;?;?;445.0;266.0
-543.0;4;?;?;-10;-83.0;4;447.0;?
-545.0;?;96.0;10;-10;-85.0;18;448.0;268.0
-546.0;31;72.0;10;-10;?;31;449.0;269.0
-547.0;7;-2.0;-5;5;-89.0;7;450.0;?
-548.0;-39;-51.0;21;?;-92.0;-39;450.0;272.0
?;-20;-6.0;12;?;?;-20;451.0;275.0
-549.0;17;-4.0;4;?;-95.0;17;452.0;277.0
-550.0;?;43.0;-7;7;-96.0;-4;453.0;278.0
?;-6;98.0;-39;?;?;-6;454.0;278.0
-552.0;20;60.0;-15;?;?;?;453.0;278.0
?;12;?;4;-4;-96.0;12;?;279.0
-554.0;?;?;3;-3;-95.0;7;454.0;280.0
-554.0;11;96.0;5;-5;-96.0;11;455.0;282.0
-553.0;5;91.0;1;-1;?;5;454.0;283.0
-553.0;-15;?;-22;?;-95.0;-15;?;284.0
-552.0;-11;53.0;-46;46;-94.0;-11;453.0;283.0
-551.0;-3;?;-47;47;-92.0;-3;451.0;283.0
-551.0;-51;117.0;?;40;-89.0;-51;?;?
?;-17;104.0;5;?;-85.0;-17;448.0;279.0
-547.0;19;61.0;41;-41;-81.0;?;444.0;277.0
-545.0;-14;189.0;33;-33;-77.0;-14;440.0;?
-541.0;-2;226.0;34;-34;-74.0;-2;437.0;269.0
-539.0;-2;105.0;?;-35;-70.0;-2;436.0;266.0
?;21;2.0;?;-22;-68.0;21;435.0;265.0
?;?;-108.0;-23;23;-66.0;10;433.0;263.0
-530.0;-60;-131.0;-30;30;-64.0;-60;431.0;261.0
-527.0;?;-155.0;-4;4;-61.0;?;430.0;?
-524.0;30;-129.0;13;-13;?;?;428.0;257.0
-522.0;-13;-114.0;?;-46;-58.0;-13;426.0;255.0
-519.0;-4;-99.0;16;?;-57.0;-4;424.0;254.0
-517.0;30;?;16;-16;-57.0;30;?;?
-516.0;-6;-56.0;31;-31;-56.0;?;423.0;?
-516.0;-19;?;4;-4;-56.0;-19;423.0;251.0
?;8;?;14;-14;-56.0;8;422.0;251.0
-516.0;-2;-54.0;-3;3;-56.0;?;?;251.0
-517.0;?;?;?;-11;?;-26;423.0;?
-518.0;-5;-36.0;14;-14;?;-5;424.0;?
-518.0;26;?;-38;38;-58.0;26;424.0;247.0
-518.0;29;?;-21;?;-58.0;29;?;246.0
-518.0;3;-146.0;21;-21;-58.0;?;424.0;246.0
-517.0;-23;-94.0;?;-10;-59.0;-23;424.0;?
-516.0;-3;-77.0;-31;?;-59.0;?;424.0;?
-516.0;11;-77.0;-1;?;-60.0;11;424.0;245.0
-517.0;?;-13.0;36;-36;?;12;425.0;?
-518.0;31;?;14;-14;-61.0;?;425.0;246.0
-519.0;31;75.0;14;?;?;31;?;246.0
-520.0;29;122.0;-2;2;-61.0;29;426.0;246.0
-521.0;30;?;-31;31;-60.0;?;426.0;?
-520.0;35;12.0;-12;12;-59.0;35;426.0;246.0
-518.0;53;8.0;21;-21;-59.0;53;?;246.0
-517.0;28;7.0;?;-24;-58.0;28;425.0;245.0
?;-18;51.0;6;?;-57.0;-18;?;?
-516.0;-3;15.0;9;?;?;-3;424.0;?
-515.0;14;-28.0;?;-19;-56.0;14;423.0;243.0
-515.0;-14;?;12;-12;?;?;423.0;243.0
-515.0;-19;64.0;?;-30;-54.0;-19;422.0;243.0
-514.0;-1;?;?;-34;-54.0;-1;422.0;243.0
?;0;?;-17;?;-54.0;0;422.0;?
?;-9;34.0;-36;36;?;-9;422.0;?
-514.0;-7;24.0;-31;31;-54.0;-7;422.0;244.0
-514.0;20;56.0;23;-23;-55.0;?;423.0;246.0
-514.0;13;41.0;61;?;-55.0;13;423.0;247.0
-514.0;-21;?;?;-6;-55.0;-21;424.0;248.0
?;0;64.0;-2;?;?;0;424.0;248.0
-516.0;23;76.0;22;-22;-55.0;23;?;249.0
-516.0;14;?;25;-25;-55.0;14;425.0;250.0
-516.0;24;75.0;20;-20;-55.0;24;425.0;250.0
-516.0;3;54.0;3;-3;-55.0;3;425.0;250.0
-516.0;-12;13.0;4;-4;?;-12;425.0;250.0
-515.0;20;?;13;-13;-54.0;20;425.0;250.0
-514.0;?;-19.0;22;-22;-54.0;-4;425.0;250.0
?;5;-11.0;18;-18;?;5;?;251.0
-513.0;?;19.0;-20;20;?;?;425.0;251.0
?;?;12.0;-35;35;-55.0;-3;425.0;252.0
-513.0;-2;26.0;-35;35;-56.0;-2;?;253.0
-513.0;-16;?;-58;58;-56.0;?;?;253.0
-514.0;-15;107.0;-23;?;-57.0;?;426.0;?
-515.0;?;115.0;15;-15;-58.0;6;426.0;255.0
-516.0;-3;107.0;-3;3;-58.0;?;427.0;257.0
-517.0;?;150.0;?;4;-60.0;24;428.0;259.0
-518.0;33;146.0;5;-5;?;33;428.0;261.0
-520.0;-22;125.0;-14;14;-63.0;-22;429.0;263.0
-523.0;-22;?;?;54;-66.0;-22;?;?
-525.0;?;43.0;-61;61;-68.0;8;?;267.0
?;-8;81.0;-26;26;-71.0;-8;432.0;268.0
-530.0;-22;75.0;-17;17;-74.0;?;?;269.0
-532.0;-22;24.0;-34;?;-76.0;-22;?;270.0
-534.0;-16;?;-31;31;-78.0;-16;436.0;270.0
?;-7;-36.0;-22;22;-80.0;-7;437.0;270.0
-537.0;-20;-51.0;?;30;?;-20;437.0;271.0
-537.0;-32;-11.0;-19;19;-82.0;-32;437.0;?
-538.0;-21;-23.0;?;?;-83.0;-21;437.0;271.0
-538.0;13;-45.0;?;-9;-84.0;?;438.0;270.0
-537.0;38;-64.0;-11;11;-84.0;38;438.0;270.0
-536.0;?;-95.0;?;?;?;5;438.0;270.0
-535.0;?;-81.0;-13;13;-85.0;8;?;270.0
-534.0;-1;?;?;?;-86.0;-1;?;270.0
-534.0;-42;-45.0;-16;?;-86.0;?;436.0;270.0
?;18;-36.0;-34;?;-87.0;?;?;270.0
-533.0;23;?;-6;6;-87.0;23;?;?
-534.0;-27;41.0;21;-21;-87.0;-27;?;270.0
?;-11;14.0;-25;25;-88.0;-11;436.0;?
?;-2;52.0;-19;19;?;-2;437.0;270.0
-536.0;-11;7.0;?;-4;-90.0;-11;438.0;?
-536.0;?;29.0;-15;15;-90.0;?;438.0;272.0
-536.0;0;51.0;4;-4;-90.0;?;439.0;?
-537.0;-31;49.0;9;-9;-90.0;-31;439.0;272.0
-538.0;-16;60.0;-28;28;-90.0;-16;439.0;271.0
?;35;19.0;-21;21;-90.0;35;439.0;271.0
?;41;1.0;4;-4;-90.0;?;?;271.0
-537.0;18;-11.0;5;-5;-89.0;18;?;270.0
-536.0;-3;-11.0;5;-5;-89.0;?;439.0;270.0
-536.0;40;4.0;1;?;?;40;439.0;269.0
-536.0;29;-16.0;-12;12;-88.0;29;438.0;269.0
-535.0;?;?;-52;52;-87.0;-72;437.0;268.0
-535.0;-67;0.0;-50;50;-87.0;?;436.0;?
-534.0;-1;?;18;-18;-86.0;-1;436.0;266.0
-534.0;20;-16.0;2;-2;-85.0;20;435.0;266.0
-534.0;?;2.0;-9;9;?;14;435.0;265.0
-533.0;-9;-23.0;?;?;-85.0;-9;435.0;265.0
-533.0;-21;13.0;33;-33;?;-21;435.0;265.0
-533.0;-3;?;43;-43;-85.0;-3;434.0;265.0
-534.0;?;34.0;?;-49;-85.0;2;434.0;265.0
-534.0;-9;9.0;27;-27;-85.0;-9;434.0;?
?;-11;34.0;8;-8;-84.0;-11;?;265.0
-535.0;-13;80.0;?;-18;-84.0;-13;435.0;265.0
-536.0;-10;88.0;-11;11;?;?;435.0;?
-536.0;24;67.0;-39;?;?;24;435.0;266.0
-537.0;47;?;?;-13;?;47;435.0;266.0
-536.0;23;-19.0;-22;?;-85.0;23;435.0;267.0
-537.0;?;8.0;-39;39;?;53;436.0;267.0
-537.0;?;?;-17;17;-86.0;?;436.0;?
-537.0;72;2.0;-35;35;-86.0;?;436.0;267.0
-537.0;?;-19.0;-23;23;-86.0;?;436.0;267.0
-537.0;?;6.0;-96;?;-86.0;37;436.0;?
-537.0;16;2.0;-96;96;?;16;436.0;267.0
-537.0;10;37.0;-28;28;-87.0;10;437.0;?
?;-26;115.0;-53;53;-89.0;-26;439.0;272.0
-538.0;-11;146.0;-13;13;-91.0;?;442.0;276.0
-539.0;-16;160.0;60;-60;-93.0;-16;446.0;281.0
-541.0;-45;?;38;-38;-96.0;-45;450.0;288.0
-544.0;-58;261.0;-10;10;-99.0;-58;455.0;295.0
-546.0;-42;336.0;28;-28;?;-42;462.0;304.0
-549.0;-19;337.0;50;-50;-106.0;?;469.0;312.0
-553.0;-22;407.0;4;-4;-109.0;?;477.0;320.0
-555.0;-23;?;?;-1;-111.0;-23;485.0;326.0
-556.0;-21;?;2;-2;-113.0;?;492.0;332.0
-556.0;-22;?;-12;12;-114.0;-22;499.0;339.0
-556.0;-21;?;-1;?;?;?;504.0;?
?;?;199.0;-9;9;?;-22;509.0;348.0
?;-22;68.0;?;6;-112.0;-22;515.0;351.0
-556.0;?;-83.0;1;-1;-111.0;-8;519.0;351.0
-554.0;?;-160.0;-30;30;?;22;520.0;?
-551.0;?;?;2;-2;-107.0;32;521.0;350.0
-548.0;26;-395.0;3;?;-106.0;26;?;347.0
-545.0;-9;?;-8;8;-105.0;-9;519.0;?
-543.0;-51;?;61;-61;-103.0;-51;517.0;?
-540.0;-52;-161.0;52;-52;-101.0;-52;514.0;340.0
-536.0;-52;-127.0;53;-53;-98.0;-52;509.0;335.0
-533.0;-23;-126.0;56;-56;-95.0;-23;503.0;330.0
-529.0;-35;-98.0;14;?;-92.0;-35;?;324.0
-528.0;-50;-77.0;27;-27;-90.0;-50;490.0;319.0
-527.0;?;-59.0;26;-26;-89.0;-49;484.0;?
-527.0;-122;?;21;?;-89.0;-122;479.0;310.0
-529.0;-75;17.0;16;-16;-90.0;-75;474.0;?
-533.0;-50;75.0;-31;31;-93.0;?;470.0;301.0
-537.0;-82;110.0;?;?;-98.0;-82;469.0;297.0
?;-65;?;14;-14;-108.0;?;468.0;296.0
-548.0;?;248.0;?;7;-121.0;-439;?;296.0
-555.0;-955;?;23;?;-137.0;?;477.0;299.0
-561.0;?;548.0;85;-85;-151.0;?;484.0;306.0
-568.0;-816;422.0;145;-145;-160.0;-816;489.0;?
-573.0;324;?;307;?;?;324;492.0;317.0
-579.0;1206;?;?;-212;-186.0;?;494.0;322.0
?;391;-50.0;-138;?;-196.0;?;497.0;330.0
-593.0;-103;-140.0;10;?;?;-103;501.0;339.0
-599.0;-402;-224.0;382;-382;-215.0;-402;505.0;347.0
-603.0;-454;-242.0;187;-187;-223.0;?;509.0;354.0
-607.0;31;-172.0;-143;143;-232.0;31;514.0;364.0
-612.0;-59;-50.0;-91;?;-240.0;-59;519.0;374.0
?;-118;150.0;?;-21;?;-118;?;?
-622.0;?;?;-6;6;?;-89;526.0;390.0
-629.0;-92;361.0;-15;15;-261.0;-92;528.0;?
-637.0;-46;508.0;-26;26;-265.0;-46;531.0;?
-644.0;-91;666.0;-48;48;?;-91;533.0;400.0
-651.0;-83;794.0;-47;47;-270.0;-83;533.0;?
?;-85;843.0;?;48;?;-85;533.0;400.0
?;?;818.0;-26;26;?;-46;534.0;400.0
-663.0;-5;731.0;-4;4;-274.0;-5;533.0;401.0
-665.0;?;649.0;29;-29;-275.0;-18;533.0;403.0
-666.0;-38;450.0;?;-26;-275.0;-38;?;?
-664.0;-93;222.0;-26;?;-275.0;-93;534.0;?
-662.0;-128;20.0;-27;?;-275.0;-128;?;?
-660.0;-81;-212.0;-41;41;?;-81;534.0;406.0
-659.0;-38;-351.0;-34;34;-275.0;-38;535.0;406.0
-658.0;-85;-464.0;-19;?;-275.0;-85;535.0;405.0
-656.0;-86;-502.0;-61;61;-275.0;-86;535.0;404.0
-654.0;-53;-474.0;?;38;-274.0;-53;?;401.0
?;-106;?;-8;8;-272.0;-106;?;397.0
-648.0;-81;?;-55;55;-270.0;-81;?;394.0
-645.0;-16;-291.0;-27;27;-267.0;-16;523.0;?
?;-30;-263.0;5;-5;-265.0;-30;520.0;387.0
?;?;-272.0;10;-10;-262.0;?;516.0;383.0
-637.0;8;?;53;-53;-259.0;8;513.0;380.0
-634.0;?;?;4;?;-256.0;2;509.0;375.0
-631.0;-4;-188.0;-30;30;-252.0;-4;?;371.0
-628.0;3;-190.0;4;?;-249.0;3;505.0;367.0
-625.0;11;-193.0;32;-32;?;11;504.0;363.0
-622.0;?;-219.0;19;-19;-242.0;20;?;360.0
-619.0;29;-162.0;-33;33;?;29;505.0;358.0
-616.0;18;-134.0;-2;2;-236.0;18;507.0;356.0
-614.0;-3;-90.0;23;-23;-234.0;-3;509.0;?
-612.0;36;-38.0;12;-12;-233.0;36;512.0;?
?;56;?;26;-26;-232.0;56;514.0;355.0
-609.0;?;8.0;-48;48;-231.0;-6;517.0;355.0
-609.0;-58;94.0;?;202;-230.0;-58;519.0;356.0
-609.0;-96;133.0;-203;203;-229.0;-96;?;357.0
-610.0;-89;136.0;-101;101;-228.0;-89;?;358.0
-611.0;?;148.0;-274;274;-228.0;61;524.0;?
-612.0;415;153.0;-460;460;-228.0;415;524.0;360.0
-614.0;907;180.0;?;504;-227.0;907;?;361.0
-615.0;936;?;?;470;-228.0;936;526.0;361.0
-617.0;415;205.0;125;-125;?;415;?;361.0
?;270;?;699;?;-228.0;270;526.0;360.0
?;306;?;383;-383;-227.0;306;526.0;359.0
-619.0;?;197.0;16;-16;-227.0;100;525.0;358.0
-619.0;62;144.0;?;-86;-227.0;62;525.0;356.0
-618.0;84;51.0;77;-77;-227.0;84;523.0;356.0
-617.0;?;?;?;?;?;78;523.0;355.0
-616.0;79;-127.0;61;?;?;?;522.0;355.0
-616.0;40;?;?;-1;-227.0;40;521.0;354.0
-615.0;?;-236.0;-16;16;-227.0;-36;?;?
-614.0;-22;-168.0;-16;16;?;-22;519.0;353.0
?;-34;-224.0;-9;?;-227.0;-34;?;353.0
-612.0;-257;-126.0;?;171;-226.0;-257;?;353.0
-611.0;-56;?;-530;?;-224.0;-56;515.0;352.0
?;?;-82.0;-618;618;?;460;515.0;?
-608.0;748;-19.0;-564;564;?;748;?;347.0
-607.0;619;?;?;333;-216.0;?;513.0;?
-606.0;?;?;274;?;-214.0;101;513.0;341.0
-605.0;29;?;541;-541;-211.0;29;512.0;?
?;154;113.0;630;-630;-209.0;154;511.0;337.0
-604.0;95;?;442;-442;?;95;511.0;335.0
?;100;59.0;2;-2;?;100;510.0;?
-602.0;?;70.0;44;-44;-202.0;44;?;329.0
-600.0;40;86.0;82;-82;?;40;509.0;325.0
-597.0;3;17.0;8;-8;-196.0;3;508.0;321.0
-595.0;?;?;23;?;-193.0;-12;506.0;318.0
-591.0;?;-189.0;14;-14;-190.0;41;505.0;315.0
-588.0;27;-290.0;23;-23;?;27;503.0;312.0
-584.0;11;-318.0;-12;12;-184.0;11;501.0;310.0
?;?;-371.0;-23;23;-181.0;-13;499.0;309.0
-579.0;16;?;?;-5;-179.0;?;497.0;308.0
-576.0;21;-359.0;14;-14;?;21;?;307.0
?;-1;-264.0;-15;15;-176.0;?;496.0;306.0
-573.0;?;-83.0;11;-11;-175.0;?;?;?
?;14;?;55;-55;-174.0;?;491.0;303.0
?;-4;?;-1;1;-174.0;?;490.0;301.0
?;3;93.0;1;-1;?;?;489.0;301.0
?;?;120.0;42;-42;-175.0;-4;489.0;301.0
-576.0;19;?;?;13;?;19;490.0;301.0
-578.0;38;?;-2;2;-178.0;38;490.0;301.0
-580.0;-43;?;-28;?;-179.0;-43;491.0;302.0
-582.0;-200;?;-176;176;-181.0;-200;493.0;?
?;-330;101.0;-231;?;-183.0;?;496.0;304.0
-585.0;-451;114.0;?;511;-184.0;-451;?;?
-587.0;-428;185.0;-627;627;-186.0;-428;498.0;306.0
?;-330;?;-291;291;-188.0;-330;?;307.0
-592.0;-333;218.0;-137;137;-189.0;-333;499.0;307.0
?;-271;203.0;?;-31;?;-271;499.0;307.0
-597.0;-70;170.0;340;-340;-193.0;-70;?;308.0
-599.0;506;175.0;934;-934;-194.0;506;499.0;?
-601.0;?;118.0;858;-858;-195.0;670;498.0;309.0
-601.0;110;29.0;-9;9;-198.0;110;?;310.0
-602.0;-15;0.0;-43;43;-200.0;?;498.0;?
-602.0;?;10.0;71;-71;-201.0;35;498.0;313.0
?;-31;9.0;-32;32;-203.0;-31;498.0;?
?;17;-2.0;37;-37;-205.0;17;499.0;316.0
-603.0;?;15.0;-19;19;-206.0;-22;500.0;318.0
-603.0;7;18.0;-7;7;-207.0;?;501.0;319.0
-604.0;108;43.0;45;-45;?;108;?;321.0
?;74;129.0;?;?;-210.0;74;501.0;323.0
-605.0;45;81.0;46;-46;-212.0;45;502.0;326.0
-605.0;22;78.0;49;?;?;22;502.0;?
-606.0;-35;71.0;-8;8;?;?;503.0;332.0
-608.0;-13;?;-55;55;-217.0;-13;?;335.0
-610.0;0;75.0;-22;?;?;0;506.0;338.0
-611.0;6;145.0;27;-27;-218.0;6;?;340.0
-613.0;1;161.0;-5;?;-218.0;1;510.0;342.0
-614.0;-10;147.0;-55;55;-220.0;-10;?;344.0
-615.0;?;?;?;?;?;10;?;346.0
-616.0;?;?;15;-15;-222.0;?;517.0;347.0
-617.0;-16;160.0;-13;?;-222.0;-16;520.0;?
-618.0;-5;96.0;-12;?;?;?;523.0;350.0
-618.0;-28;78.0;-35;35;-223.0;?;525.0;351.0
-617.0;?;48.0;-56;56;-224.0;?;528.0;352.0
-617.0;-37;-18.0;-35;35;-224.0;-37;529.0;352.0
-617.0;-2;-21.0;?;?;-224.0;-2;529.0;353.0
-616.0;?;-70.0;-14;14;-225.0;-11;530.0;353.0
-617.0;?;-62.0;?;1;-225.0;?;530.0;?
-617.0;2;-43.0;?;8;-225.0;2;529.0;352.0
-616.0;-29;-28.0;-5;?;-224.0;-29;529.0;?
-616.0;-20;-52.0;-5;5;-224.0;-20;528.0;?
-615.0;-2;-80.0;13;?;-223.0;-2;528.0;348.0
?;?;-78.0;6;-6;-222.0;-1;527.0;347.0
-613.0;-5;-39.0;-25;25;-221.0;-5;?;?
-613.0;-17;-46.0;?;11;-220.0;-17;525.0;345.0
-611.0;-22;-8.0;32;-32;-219.0;?;525.0;344.0
-611.0;-22;-32.0;12;-12;?;-22;525.0;343.0
-610.0;-30;15.0;-26;26;-217.0;-30;524.0;343.0
-609.0;-41;14.0;8;-8;-216.0;-41;523.0;342.0
-608.0;-43;49.0;34;-34;-216.0;-43;523.0;342.0
?;-35;2.0;?;?;?;-35;523.0;341.0
-607.0;9;-9.0;27;-27;-213.0;9;?;341.0
?;-3;-32.0;3;-3;-211.0;-3;522.0;341.0
-605.0;?;-19.0;?;38;-209.0;-63;?;340.0
?;?;6.0;12;-12;?;-15;521.0;?
-605.0;-23;14.0;41;-41;-209.0;?;521.0;?
-606.0;-50;-32.0;14;?;?;-50;522.0;344.0
-608.0;-6;-32.0;3;-3;-210.0;?;?;?
-610.0;-12;37.0;?;-4;-211.0;-12;525.0;350.0
-611.0;-13;193.0;8;?;-211.0;-13;525.0;353.0
-612.0;-10;260.0;-15;15;-210.0;-10;527.0;355.0
?;22;284.0;0;0;-210.0;?;?;?
?;16;258.0;?;9;-209.0;16;530.0;359.0
-618.0;-10;245.0;-45;45;-208.0;-10;?;?
-620.0;-1;198.0;2;-2;-209.0;-1;534.0;364.0
-619.0;-56;?;?;-34;?;-56;534.0;366.0
-618.0;-31;?;20;-20;-205.0;-31;533.0;366.0
-615.0;?;112.0;-21;21;-203.0;?;530.0;364.0
-611.0;12;85.0;?;?;?;?;526.0;363.0
-608.0;29;-55.0;-4;4;-194.0;29;522.0;359.0
-604.0;10;-231.0;-6;6;-190.0;?;518.0;356.0
?;23;-391.0;19;-19;-187.0;23;516.0;352.0
-599.0;29;-522.0;?;-14;-186.0;29;?;349.0
-598.0;13;-543.0;?;21;-185.0;13;512.0;347.0
-596.0;22;-571.0;-5;5;-186.0;?;511.0;345.0
-594.0;6;-481.0;27;-27;-186.0;6;508.0;343.0
-592.0;7;-404.0;26;-26;-187.0;7;505.0;341.0
-590.0;39;?;0;?;-189.0;39;?;340.0
?;19;-204.0;?;-3;?;19;502.0;?
-591.0;-12;-32.0;47;-47;-192.0;?;501.0;339.0
-592.0;-10;?;46;-46;-192.0;?;500.0;?
-593.0;1;199.0;1;-1;-192.0;?;?;337.0
-594.0;?;?;-23;23;-192.0;44;501.0;?
-596.0;63;316.0;-33;33;-191.0;63;502.0;337.0
-597.0;14;410.0;?;-9;-191.0;14;503.0;337.0
-598.0;?;380.0;38;-38;-191.0;?;504.0;338.0
?;7;333.0;5;-5;-191.0;7;505.0;339.0
-601.0;-1;294.0;?;-6;-192.0;-1;?;?
?;9;308.0;16;-16;-192.0;9;509.0;?
-602.0;?;?;?;?;-193.0;-14;509.0;343.0
-603.0;?;191.0;-7;?;-194.0;-17;?;344.0
-603.0;3;?;?;-25;?;?;512.0;?
-604.0;-18;?;-9;9;-195.0;-18;512.0;347.0
?;-11;-19.0;-24;?;?;-11;513.0;348.0
-604.0;?;?;21;?;-197.0;?;513.0;349.0
-605.0;-6;-120.0;24;-24;-198.0;?;513.0;350.0
-605.0;-34;-131.0;67;-67;-200.0;?;?;?
-604.0;-11;?;?;?;-200.0;?;512.0;350.0
-605.0;-17;-100.0;-72;?;-201.0;-17;511.0;351.0
-605.0;?;-74.0;-5;5;-200.0;-22;510.0;351.0
?;25;-47.0;?;-32;-200.0;25;510.0;351.0
?;2;17.0;-25;25;-199.0;2;509.0;350.0
?;-38;34.0;-60;60;-199.0;-38;510.0;349.0
-605.0;-10;92.0;?;23;-198.0;-10;510.0;349.0
-604.0;-30;118.0;27;-27;-198.0;-30;?;349.0
-604.0;-33;88.0;5;?;?;-33;?;?
?;35;70.0;-2;2;?;35;?;?
-604.0;3;12.0;26;-26;?;3;509.0;347.0
-604.0;-20;-13.0;8;-8;-198.0;-20;509.0;347.0
-603.0;39;2.0;?;0;-198.0;39;508.0;347.0
-603.0;36;-10.0;39;-39;-197.0;36;?;347.0
-603.0;38;?;?;?;-197.0;38;507.0;?
-602.0;63;?;-8;?;?;63;?;?
-602.0;42;-38.0;26;?;-196.0;42;507.0;349.0
-601.0;48;2.0;52;-52;-196.0;48;507.0;?
-600.0;22;?;?;?;-195.0;?;507.0;349.0
?;-22;9.0;10;-10;-195.0;-22;507.0;350.0
-599.0;6;-17.0;-15;15;-194.0;6;?;349.0
-599.0;-3;81.0;9;-9;-195.0;-3;508.0;350.0
-598.0;?;11.0;4;-4;-195.0;-18;508.0;349.0
-598.0;-8;29.0;-27;27;?;?;508.0;349.0
-598.0;-13;-26.0;-4;4;-196.0;-13;508.0;?
-597.0;-12;-47.0;26;-26;-196.0;-12;507.0;348.0
-597.0;?;-31.0;43;-43;?;-21;507.0;347.0
?;-22;-65.0;63;-63;-200.0;?;507.0;?
-599.0;-26;-160.0;64;-64;-204.0;-26;?;347.0
-599.0;-12;-263.0;61;-61;-209.0;-12;507.0;?
-598.0;-3;?;-2;2;-214.0;-3;505.0;346.0
-593.0;?;-59.0;-65;65;-213.0;-1;501.0;343.0
-587.0;-7;192.0;-22;22;?;-7;495.0;?
-581.0;-29;388.0;-8;8;-200.0;-29;?;338.0
?;26;469.0;-31;31;-193.0;26;485.0;338.0
-574.0;-55;450.0;-55;55;-184.0;-55;483.0;339.0
?;-51;442.0;-39;39;-172.0;-51;483.0;336.0
-570.0;-83;?;?;?;-161.0;-83;484.0;331.0
-566.0;-86;356.0;2;-2;-152.0;?;485.0;327.0
?;?;292.0;400;-400;-143.0;676;483.0;319.0
-557.0;1101;55.0;748;-748;-134.0;1101;481.0;313.0
?;934;-214.0;572;-572;-128.0;934;480.0;309.0
-549.0;?;-446.0;556;-556;-126.0;714;478.0;?
-544.0;?;?;114;-114;-124.0;160;477.0;305.0
-541.0;-481;-689.0;?;671;-127.0;-481;476.0;?
?;?;-745.0;-437;?;?;-1108;477.0;317.0
-541.0;-1236;-715.0;-569;569;-134.0;-1236;478.0;319.0
?;-1324;-566.0;20;?;-136.0;-1324;?;319.0
-544.0;-74;295.0;?;-57;?;-74;468.0;?
?;?;375.0;3;-3;-101.0;-31;468.0;295.0
-553.0;-3;347.0;22;?;-95.0;?;?;287.0
-554.0;?;238.0;64;-64;-91.0;-20;467.0;279.0
-555.0;9;?;-12;12;-87.0;9;465.0;271.0
-553.0;-18;-9.0;-46;46;-85.0;-18;461.0;?
-552.0;?;-129.0;-51;51;-84.0;-12;457.0;254.0
-554.0;-3;-183.0;-57;57;-85.0;-3;454.0;?
-557.0;-31;?;-40;40;-89.0;-31;455.0;247.0
-559.0;1;-207.0;-68;68;-93.0;1;456.0;250.0
-560.0;?;-277.0;-84;84;?;?;458.0;?
-561.0;20;-328.0;-25;?;-100.0;20;458.0;253.0
-563.0;32;-294.0;1;-1;?;32;459.0;253.0
-565.0;?;-122.0;?;14;-106.0;45;?;254.0
-566.0;?;34.0;?;?;-107.0;33;460.0;254.0
-566.0;30;136.0;?;-9;-106.0;30;458.0;254.0
-566.0;29;177.0;-67;67;-104.0;29;456.0;252.0
-566.0;?;133.0;-68;68;-102.0;?;453.0;250.0
-565.0;32;140.0;-64;64;-99.0;?;?;?
?;37;142.0;?;?;?;37;?;?
-563.0;?;?;-86;86;-90.0;118;446.0;?
-560.0;105;15.0;51;-51;-85.0;105;?;242.0
?;82;-47.0;196;-196;-78.0;82;442.0;239.0
-551.0;203;-156.0;339;-339;?;203;440.0;235.0
-544.0;248;-301.0;1064;-1064;-66.0;248;437.0;229.0
?;?;-542.0;1743;?;-63.0;517;433.0;221.0
-530.0;616;-734.0;1830;-1830;-63.0;616;429.0;217.0
-523.0;405;-735.0;1110;?;?;405;425.0;213.0
-516.0;537;?;10;-10;-66.0;537;?;?
?;?;-553.0;?;660;-68.0;879;423.0;208.0
-501.0;1162;-482.0;-1526;?;-69.0;1162;421.0;207.0
-495.0;967;-340.0;-1907;1907;?;967;418.0;207.0
-493.0;971;-49.0;-1939;1939;-68.0;?;417.0;208.0
-496.0;861;216.0;?;1863;-67.0;861;418.0;209.0
-500.0;889;383.0;?;1883;-65.0;889;?;208.0
-504.0;1619;?;-2589;2589;?;1619;425.0;204.0
-507.0;?;430.0;-1476;1476;?;607;429.0;201.0
-504.0;-314;238.0;?;?;-55.0;?;433.0;?
-492.0;157;-65.0;463;-463;-53.0;?;435.0;198.0
?;7;?;?;-332;-51.0;7;426.0;198.0
-476.0;83;-467.0;?;-346;?;83;414.0;198.0
-472.0;131;-591.0;?;-337;-49.0;131;?;?
-469.0;-384;?;516;-516;-50.0;-384;389.0;193.0
?;?;-520.0;646;?;-51.0;-513;375.0;?
?;-1175;-324.0;773;?;-54.0;?;364.0;187.0
-468.0;-1570;-68.0;657;-657;?;-1570;358.0;184.0
-469.0;-984;?;426;-426;-59.0;-984;354.0;181.0
-470.0;-1036;?;509;-509;-60.0;?;?;178.0
-471.0;-180;248.0;-212;212;-61.0;-180;357.0;?
-468.0;738;179.0;-1181;1181;-61.0;?;362.0;?
-463.0;440;-47.0;?;?;?;?;365.0;186.0
-460.0;?;?;213;-213;?;283;363.0;189.0
-462.0;-74;149.0;22;-22;?;-74;?;195.0
-468.0;-116;?;9;?;-73.0;-116;364.0;199.0
-476.0;33;12.0;97;?;?;33;365.0;202.0
-487.0;-58;203.0;-45;45;?;-58;?;203.0
?;?;259.0;-33;33;-87.0;3;374.0;203.0
-498.0;?;270.0;-26;26;?;62;?;?
-500.0;99;260.0;-20;20;-96.0;99;377.0;205.0
-501.0;66;90.0;-22;22;-100.0;66;378.0;205.0
-503.0;-46;32.0;-41;41;?;-46;?;?
-507.0;-113;68.0;-1;1;?;-113;?;203.0
-512.0;-2;92.0;?;?;?;-2;380.0;?
?;-37;?;-96;96;-102.0;-37;?;200.0
-520.0;-301;254.0;-45;45;-100.0;-301;?;199.0
?;-321;288.0;-131;131;-98.0;?;378.0;197.0
?;?;?;-85;85;-95.0;-425;?;195.0
-526.0;-681;274.0;125;-125;-93.0;-681;380.0;195.0
-524.0;-744;156.0;247;-247;?;?;381.0;195.0
-520.0;?;23.0;336;-336;?;-742;?;196.0
-517.0;-487;10.0;274;-274;?;-487;385.0;?
-514.0;?;-48.0;94;?;-80.0;?;387.0;?
?;136;-60.0;-27;27;?;136;?;198.0
-509.0;67;-49.0;37;-37;?;67;393.0;197.0
-504.0;2;-13.0;?;-86;-62.0;2;397.0;196.0
-499.0;-22;?;-11;11;-58.0;-22;398.0;195.0
-494.0;49;10.0;-57;57;-53.0;49;?;194.0
?;?;33.0;-100;100;-51.0;163;401.0;195.0
?;141;13.0;-59;59;-49.0;?;401.0;195.0
-484.0;?;-18.0;80;?;?;28;?;?
-483.0;-113;?;148;?;?;?;401.0;198.0
-483.0;-177;?;136;-136;-46.0;-177;402.0;?
-484.0;?;-122.0;78;-78;-44.0;-48;403.0;200.0
-485.0;91;-54.0;99;-99;-41.0;91;?;199.0
-487.0;180;32.0;68;-68;?;180;?;198.0
-488.0;243;109.0;-43;43;-36.0;243;?;197.0
-487.0;150;117.0;?;?;?;150;404.0;195.0
-485.0;90;99.0;-7;7;-32.0;90;401.0;193.0
-483.0;116;74.0;8;?;-31.0;116;?;192.0
-483.0;?;17.0;22;-22;?;-18;398.0;191.0
-483.0;-59;-13.0;10;-10;-30.0;-59;398.0;189.0
-483.0;44;?;49;-49;-30.0;44;399.0;188.0
-483.0;61;-25.0;14;-14;-30.0;61;400.0;187.0
-483.0;?;-25.0;-83;83;-30.0;62;401.0;186.0
-482.0;?;-74.0;-12;12;-31.0;16;?;185.0
-482.0;7;?;?;-7;-31.0;7;403.0;185.0
-482.0;56;-109.0;-40;40;?;56;403.0;185.0
?;15;-90.0;-53;53;-33.0;15;?;185.0
-484.0;33;-24.0;?;73;?;33;405.0;185.0
-486.0;?;58.0;3;-3;-35.0;17;?;186.0
-488.0;-103;75.0;7;?;-37.0;-103;406.0;187.0
-489.0;?;113.0;-25;25;-39.0;-36;406.0;188.0
-491.0;-265;115.0;89;-89;-41.0;-265;406.0;?
-494.0;-645;?;207;-207;?;-645;407.0;191.0
-496.0;?;154.0;229;-229;?;-584;409.0;?
-498.0;?;?;228;-228;-45.0;-532;410.0;195.0
?;-520;97.0;210;-210;?;-520;?;?
-502.0;?;59.0;100;-100;-48.0;-446;?;199.0
-503.0;-283;84.0;-18;18;-50.0;-283;416.0;200.0
-504.0;-63;89.0;-46;?;-51.0;-63;?;202.0
-505.0;-43;48.0;-36;36;-52.0;-43;420.0;203.0
-506.0;-90;?;-73;?;-53.0;?;422.0;204.0
-507.0;-95;46.0;-131;131;?;?;423.0;?
-508.0;-43;?;-82;82;?;-43;424.0;206.0
-508.0;27;65.0;-11;11;-56.0;27;425.0;?
?;-4;?;-32;32;-56.0;-4;425.0;?
-508.0;-72;-17.0;?;?;?;-72;425.0;207.0
?;-90;-5.0;47;-47;-56.0;-90;425.0;208.0
-508.0;-133;-13.0;79;-79;?;-133;425.0;?
-508.0;-188;?;?;-45;-56.0;-188;425.0;207.0
-508.0;-119;-23.0;87;-87;-56.0;-119;424.0;207.0
-508.0;-48;-45.0;81;-81;-57.0;-48;424.0;207.0
?;4;-66.0;-13;13;-57.0;4;423.0;207.0
-508.0;100;15.0;35;-35;-57.0;?;423.0;207.0
?;41;-4.0;?;-62;-58.0;41;422.0;207.0
-508.0;?;?;104;?;-58.0;87;423.0;?
-509.0;319;3.0;?;-347;-58.0;319;?;207.0
-509.0;222;-10.0;289;?;-58.0;222;?;207.0
?;?;32.0;-37;37;?;?;424.0;207.0
?;-17;58.0;-46;46;-59.0;?;424.0;?
-510.0;-10;22.0;?;-3;-59.0;-10;424.0;208.0
-511.0;-30;?;-17;17;?;-30;?;209.0
-511.0;42;-16.0;24;-24;-59.0;42;425.0;209.0
-512.0;34;63.0;3;-3;-60.0;?;426.0;210.0
-512.0;-28;41.0;12;-12;?;-28;427.0;?
?;-30;52.0;0;?;-59.0;-30;427.0;?
?;?;32.0;-32;32;-59.0;-2;427.0;210.0
-512.0;46;-9.0;10;?;?;46;?;210.0
-511.0;106;31.0;17;?;-59.0;106;?;210.0
-511.0;122;26.0;?;27;-59.0;122;428.0;210.0
-511.0;88;8.0;-37;?;-59.0;88;?;210.0
-512.0;55;?;-35;35;-59.0;55;427.0;210.0
-512.0;44;-13.0;-31;31;-59.0;44;?;211.0
-512.0;17;26.0;-23;?;?;17;427.0;211.0
-512.0;30;26.0;-11;11;-59.0;30;?;211.0
-512.0;?;?;5;-5;-59.0;60;428.0;211.0
-512.0;0;32.0;?;4;-58.0;0;428.0;211.0
?;-29;41.0;?;?;-58.0;-29;428.0;211.0
-512.0;-13;37.0;-9;9;-57.0;-13;428.0;210.0
-511.0;-31;8.0;0;0;-57.0;?;428.0;211.0
-511.0;-26;-6.0;?;14;-57.0;-26;429.0;?
-510.0;9;15.0;?;45;-56.0;9;429.0;?
-510.0;-18;5.0;-28;?;-56.0;-18;429.0;211.0
-510.0;-72;28.0;-30;30;-56.0;?;430.0;211.0
?;?;?;-1;?;-56.0;-16;429.0;211.0
-509.0;21;?;27;-27;-56.0;21;429.0;211.0
-509.0;11;-28.0;15;-15;-56.0;?;429.0;210.0
?;20;-27.0;?;-35;-55.0;20;429.0;210.0
-508.0;-42;?;7;?;-55.0;?;?;210.0
-508.0;-33;-33.0;-22;22;-54.0;-33;429.0;210.0
-507.0;33;0.0;30;?;-53.0;33;429.0;209.0
-507.0;30;-22.0;34;-34;-52.0;30;429.0;208.0
?;-33;?;?;8;-51.0;-33;430.0;?
?;-54;16.0;?;-13;-51.0;-54;430.0;207.0
-506.0;-6;45.0;8;-8;-50.0;-6;430.0;206.0
-506.0;-80;36.0;-38;38;-50.0;-80;429.0;205.0
-506.0;-111;20.0;-9;9;-50.0;?;428.0;?
-506.0;-76;?;27;-27;-50.0;-76;428.0;204.0
-506.0;-43;-19.0;-11;11;-50.0;-43;427.0;204.0
?;0;?;1;-1;-50.0;?;427.0;204.0
-506.0;-93;3.0;?;-63;-50.0;-93;426.0;204.0
-507.0;-93;-20.0;?;-20;-50.0;-93;?;?
-507.0;-32;-9.0;-29;29;-50.0;-32;?;204.0
?;?;50.0;10;?;-50.0;-44;424.0;204.0
-507.0;?;28.0;22;-22;-49.0;-7;424.0;203.0
?;19;?;5;-5;?;?;424.0;203.0
-505.0;29;?;21;-21;?;29;424.0;203.0
-505.0;19;10.0;17;-17;-47.0;19;424.0;?
-504.0;12;?;2;-2;-47.0;?;424.0;203.0
-503.0;53;-39.0;?;?;-47.0;53;424.0;203.0
-502.0;58;?;30;-30;?;58;425.0;203.0
-502.0;22;-28.0;-39;39;-47.0;22;?;203.0
-502.0;31;11.0;-50;?;-47.0;31;?;203.0
?;48;7.0;-44;44;?;48;425.0;202.0
-502.0;23;43.0;-41;41;-47.0;23;425.0;202.0
-502.0;?;54.0;-22;22;?;?;425.0;202.0
?;-19;-1.0;-15;?;?;-19;425.0;202.0
-502.0;26;4.0;-15;15;-46.0;?;425.0;202.0
-502.0;24;63.0;?;2;-47.0;24;425.0;202.0
?;27;56.0;46;?;?;27;425.0;202.0
?;?;41.0;18;-18;-46.0;41;425.0;203.0
-503.0;?;37.0;-42;?;-47.0;11;?;203.0
-503.0;-11;12.0;-25;?;-47.0;?;426.0;?
-503.0;-5;27.0;0;0;-46.0;-5;426.0;203.0
?;21;25.0;31;-31;?;?;427.0;204.0
-503.0;32;39.0;21;?;?;32;427.0;205.0
-504.0;6;-21.0;6;-6;-45.0;6;427.0;205.0
-503.0;-26;20.0;?;-26;?;?;?;205.0
-503.0;-22;24.0;14;-14;-45.0;?;427.0;204.0
-503.0;5;32.0;13;?;-44.0;?;427.0;204.0
-503.0;17;20.0;8;-8;-44.0;?;427.0;?
-503.0;18;-9.0;-28;28;-43.0;18;?;?
-503.0;-19;-60.0;-48;48;-42.0;?;427.0;?
-502.0;-25;-23.0;-18;18;?;-25;?;205.0
-502.0;?;?;?;-5;-41.0;?;428.0;205.0
?;?;3.0;-20;20;?;11;428.0;205.0
-501.0;?;-8.0;?;36;-41.0;-18;428.0;205.0
-500.0;-3;?;-59;59;-40.0;-3;?;?
-500.0;-24;22.0;?;22;-40.0;-24;428.0;204.0
-500.0;-40;?;36;?;-41.0;?;?;204.0
?;-4;?;25;-25;-40.0;?;428.0;204.0
-500.0;15;13.0;35;-35;-40.0;15;?;?
-500.0;-23;12.0;10;-10;?;?;429.0;?
-500.0;-54;26.0;-3;3;-41.0;-54;?;203.0
-500.0;?;30.0;15;-15;?;-46;429.0;203.0
-501.0;-19;49.0;-8;8;-41.0;-19;?;203.0
?;?;2.0;-16;16;-42.0;-29;429.0;202.0
-501.0;-45;2.0;-20;20;-43.0;-45;429.0;203.0
-502.0;21;67.0;?;-4;?;21;?;202.0
-501.0;26;45.0;14;-14;-43.0;26;428.0;202.0
-502.0;-20;26.0;21;-21;-43.0;?;428.0;202.0
-502.0;-22;13.0;?;-45;-44.0;?;?;201.0
-503.0;-24;-21.0;44;-44;-44.0;-24;428.0;201.0
-503.0;21;-19.0;58;-58;-44.0;?;428.0;201.0
?;17;9.0;?;?;?;17;428.0;202.0
?;-5;24.0;?;?;-44.0;?;429.0;?
-502.0;-4;-10.0;-5;5;?;-4;429.0;202.0
-502.0;-21;11.0;-16;?;-44.0;-21;429.0;?
-502.0;?;?;2;-2;-45.0;?;430.0;202.0
-503.0;?;50.0;2;?;-45.0;47;430.0;202.0
-503.0;18;41.0;-15;?;-45.0;18;430.0;203.0
-504.0;-12;28.0;-15;15;-45.0;-12;430.0;204.0
-504.0;-5;15.0;?;?;-46.0;-5;430.0;204.0
-505.0;20;11.0;27;-27;-46.0;20;431.0;?
?;3;28.0;49;-49;-46.0;3;431.0;204.0
-504.0;-6;?;?;7;?;-6;431.0;204.0
-505.0;9;-2.0;?;29;-46.0;9;431.0;?
?;3;?;?;7;-46.0;3;431.0;204.0
-505.0;-13;39.0;7;-7;-46.0;-13;431.0;205.0
-505.0;-11;30.0;4;-4;-47.0;-11;431.0;204.0
-505.0;7;7.0;?;10;?;7;?;?
-505.0;-3;-2.0;39;?;?;?;432.0;204.0
-505.0;-45;24.0;53;?;-48.0;-45;432.0;?
?;-6;15.0;47;-47;-48.0;-6;?;?
-505.0;?;9.0;?;-37;-48.0;27;432.0;205.0
-505.0;?;36.0;-5;5;-48.0;-1;432.0;205.0
-505.0;26;20.0;?;-20;?;?;?;205.0
?;11;34.0;?;-13;-47.0;11;433.0;205.0
-505.0;?;49.0;9;-9;-47.0;-3;433.0;205.0
?;-27;47.0;8;-8;-47.0;?;432.0;206.0
-505.0;-49;7.0;?;3;?;-49;432.0;205.0
?;?;?;15;?;-47.0;-22;?;?
?;-59;-5.0;-36;36;?;?;432.0;206.0
?;?;30.0;-30;?;-47.0;-31;432.0;206.0
-505.0;-18;56.0;5;-5;-46.0;-18;432.0;206.0
-504.0;-27;32.0;-31;?;-46.0;-27;431.0;207.0
-503.0;-47;-7.0;-74;?;-45.0;-47;431.0;207.0
-502.0;?;-23.0;-169;169;-44.0;?;430.0;207.0
-502.0;-318;?;-238;238;?;-318;429.0;206.0
-501.0;-251;-24.0;-144;144;-42.0;-251;429.0;205.0
-500.0;-149;15.0;-44;44;-41.0;-149;?;205.0
-499.0;-147;-10.0;?;102;-41.0;-147;427.0;205.0
-498.0;-123;?;-72;72;-40.0;-123;427.0;205.0
-498.0;?;-35.0;48;?;?;9;426.0;?
-497.0;60;6.0;49;-49;-38.0;60;425.0;?
-496.0;151;38.0;?;-95;-36.0;?;424.0;199.0
-496.0;106;18.0;39;-39;-35.0;?;424.0;?
-495.0;-34;-9.0;-66;66;-34.0;-34;423.0;194.0
-493.0;2;-11.0;10;-10;?;2;422.0;193.0
-492.0;?;-73.0;?;-19;-33.0;-14;421.0;?
?;-54;-84.0;7;-7;-33.0;-54;?;193.0
-488.0;-43;-146.0;11;-11;-32.0;?;419.0;193.0
-487.0;-21;-161.0;?;47;?;-21;418.0;193.0
-486.0;?;?;-95;95;-32.0;-33;418.0;?
-485.0;-96;-94.0;-106;106;-31.0;?;?;193.0
?;?;-25.0;?;57;?;-116;?;193.0
-485.0;-50;17.0;-54;54;-30.0;?;?;192.0
-484.0;?;?;-277;277;-29.0;266;419.0;191.0
-484.0;?;?;-602;602;?;899;419.0;?
?;1330;?;-876;876;?;?;418.0;190.0
-484.0;1319;22.0;-831;831;-28.0;1319;?;190.0
-483.0;1081;-48.0;-443;?;-29.0;?;418.0;191.0
-483.0;826;?;-142;142;-29.0;826;418.0;191.0
-483.0;716;9.0;?;-175;-30.0;716;?;192.0
-484.0;85;9.0;?;-239;-30.0;85;?;193.0
?;?;28.0;529;-529;-30.0;-188;419.0;194.0
-483.0;317;55.0;702;-702;-29.0;?;419.0;194.0
-483.0;?;114.0;-190;190;-29.0;42;?;?
-482.0;-232;69.0;-441;441;-29.0;-232;419.0;195.0
?;-114;53.0;-225;225;-29.0;-114;?;?
-483.0;-205;88.0;-200;200;-30.0;-205;420.0;197.0
-484.0;-139;37.0;-30;?;-29.0;-139;421.0;198.0
?;-14;78.0;231;-231;?;?;423.0;199.0
-486.0;38;179.0;619;-619;-29.0;38;424.0;199.0
?;?;181.0;131;-131;-29.0;103;426.0;199.0
-488.0;?;150.0;?;?;-28.0;?;426.0;198.0
-488.0;103;132.0;-102;102;-27.0;103;426.0;197.0
?;9;141.0;-49;49;-26.0;9;426.0;?
-489.0;-12;?;?;-8;-26.0;-12;?;193.0
-488.0;8;42.0;24;-24;-24.0;?;?;191.0
-487.0;-1;-29.0;-80;80;?;-1;421.0;189.0
-486.0;7;-145.0;-51;?;-24.0;7;418.0;188.0
?;?;-209.0;3;-3;?;1;416.0;187.0
?;-21;-230.0;-5;5;-23.0;-21;414.0;185.0
?;6;?;12;-12;-22.0;6;412.0;184.0
-477.0;43;-275.0;39;-39;?;43;410.0;184.0
-475.0;?;-252.0;45;-45;-19.0;107;?;183.0
-474.0;115;?;-11;11;-19.0;115;409.0;183.0
?;102;-129.0;-44;44;-18.0;102;410.0;183.0
-471.0;64;-36.0;-15;15;?;64;?;183.0
-470.0;?;?;?;?;?;16;410.0;182.0
-471.0;?;59.0;-42;?;-17.0;113;410.0;183.0
-472.0;?;59.0;-59;59;-18.0;100;409.0;183.0
-473.0;?;86.0;-30;30;?;33;410.0;184.0
-475.0;39;?;19;-19;-20.0;39;411.0;185.0
-477.0;?;82.0;-18;18;-21.0;?;?;186.0
-478.0;66;?;-12;12;?;66;415.0;186.0
-479.0;22;115.0;31;?;-23.0;22;417.0;187.0
-480.0;-72;?;29;-29;-24.0;-72;419.0;188.0
-481.0;-13;149.0;20;-20;?;-13;420.0;189.0
-481.0;11;?;-18;?;-27.0;11;420.0;190.0
-483.0;-32;179.0;-45;45;?;-32;420.0;?
?;3;?;?;?;-30.0;3;421.0;193.0
?;1;161.0;5;-5;?;?;422.0;195.0
-491.0;-22;169.0;40;-40;-34.0;-22;423.0;199.0
-494.0;?;163.0;27;?;-36.0;-20;424.0;202.0
?;?;84.0;?;3;?;?;426.0;206.0
-499.0;40;50.0;?;?;?;?;428.0;?
?;11;61.0;20;-20;-43.0;?;430.0;212.0
-503.0;53;35.0;10;-10;?;53;?;?
?;?;111.0;-24;24;?;89;434.0;218.0
?;20;164.0;-51;51;-51.0;20;?;221.0
-513.0;-26;213.0;?;-30;-52.0;-26;?;223.0
-517.0;-52;252.0;36;-36;?;-52;443.0;225.0
-520.0;?;?;?;24;-56.0;-44;445.0;226.0
?;8;316.0;9;-9;-57.0;8;?;228.0
?;-21;267.0;14;-14;-58.0;-21;450.0;229.0
-527.0;-54;213.0;?;41;-58.0;-54;?;231.0
-530.0;-31;?;-17;17;-59.0;-31;454.0;233.0
-532.0;?;195.0;?;?;-59.0;-51;456.0;235.0
-534.0;-55;159.0;11;-11;-60.0;-55;459.0;237.0
-534.0;-65;?;?;-20;-60.0;-65;?;?
-535.0;-95;65.0;-22;22;-60.0;-95;461.0;?
-535.0;?;?;11;-11;-60.0;-51;462.0;243.0
-536.0;0;5.0;61;-61;-60.0;0;462.0;245.0
-536.0;?;-14.0;8;-8;-60.0;-20;462.0;246.0
-536.0;?;-54.0;?;-40;?;?;463.0;?
-536.0;63;-40.0;47;-47;?;63;464.0;245.0
?;73;0.0;18;-18;?;73;464.0;244.0
-534.0;24;28.0;42;-42;-58.0;?;464.0;243.0
-533.0;-14;-23.0;33;-33;-58.0;-14;464.0;242.0
-533.0;-14;-120.0;34;?;-58.0;-14;464.0;?
-532.0;10;-85.0;10;-10;-57.0;10;464.0;?
?;?;-113.0;-22;22;?;-4;464.0;240.0
-531.0;20;?;23;-23;?;20;?;240.0
-530.0;?;-111.0;41;-41;-55.0;51;465.0;240.0
-530.0;30;-122.0;26;-26;-55.0;30;466.0;?
-530.0;58;-66.0;43;-43;-55.0;?;466.0;240.0
-529.0;-17;13.0;?;-92;-55.0;-17;466.0;240.0
-529.0;-106;-49.0;?;-147;-55.0;-106;?;240.0
-529.0;263;-9.0;-123;123;-54.0;263;?;238.0
-528.0;690;?;-346;346;?;?;?;?
?;391;-24.0;?;?;-54.0;391;?;236.0
-527.0;-252;0.0;323;-323;-53.0;-252;464.0;235.0
-527.0;-434;?;?;-433;-53.0;-434;463.0;235.0
-527.0;-139;-32.0;460;-460;-53.0;-139;463.0;234.0
-527.0;120;-60.0;416;-416;?;120;?;234.0
?;-16;-54.0;463;-463;?;?;463.0;233.0
?;-335;-17.0;626;-626;-53.0;-335;463.0;232.0
?;-468;-8.0;756;-756;?;?;464.0;231.0
-529.0;-454;?;748;-748;-53.0;-454;464.0;?
-529.0;?;?;529;-529;-52.0;-348;?;?
?;-294;0.0;263;-263;-52.0;-294;462.0;222.0
-528.0;-399;?;-192;192;-53.0;-399;458.0;218.0
-527.0;?;-8.0;?;813;-56.0;?;?;?
?;?;-106.0;-984;984;-57.0;40;449.0;212.0
-525.0;64;-155.0;-839;839;-57.0;?;444.0;?
-525.0;-4;?;?;?;-56.0;?;441.0;?
?;?;5.0;-354;354;?;33;437.0;205.0
?;?;112.0;-180;180;-53.0;?;?;203.0
-521.0;29;113.0;-206;206;-50.0;29;432.0;202.0
-518.0;7;-1.0;-158;158;-47.0;?;431.0;200.0
-514.0;-17;-85.0;?;31;-43.0;-17;429.0;?
-508.0;?;?;17;-17;-38.0;?;428.0;?
?;-58;-154.0;-6;6;-31.0;-58;?;191.0
-493.0;-52;-135.0;?;13;-26.0;-52;423.0;189.0
-487.0;?;-158.0;4;-4;-19.0;-44;421.0;187.0
-481.0;-20;-149.0;3;?;-14.0;-20;420.0;186.0
-474.0;-1;-79.0;30;-30;-7.0;-1;?;185.0
?;-7;?;73;-73;-1.0;-7;416.0;?
-460.0;-13;-77.0;55;-55;4.0;?;413.0;187.0
-454.0;-12;-129.0;47;?;8.0;-12;409.0;189.0
-447.0;?;-119.0;48;-48;12.0;-3;405.0;191.0
-441.0;?;-111.0;?;0;16.0;7;401.0;192.0
-437.0;13;-95.0;21;-21;?;13;398.0;194.0
?;?;-51.0;46;-46;22.0;24;396.0;196.0
?;10;-51.0;?;-2;26.0;10;396.0;199.0
-442.0;-24;-37.0;?;-8;29.0;-24;398.0;203.0
-447.0;-33;-68.0;34;-34;?;-33;399.0;206.0
-450.0;?;-131.0;39;-39;34.0;?;398.0;208.0
-452.0;-16;-73.0;67;-67;?;?;393.0;207.0
-453.0;-42;47.0;98;-98;31.0;-42;387.0;209.0
?;-78;54.0;121;-121;29.0;-78;383.0;204.0
-458.0;-51;21.0;124;-124;?;-51;379.0;199.0
-458.0;-15;?;83;-83;24.0;-15;377.0;199.0
-458.0;-12;?;55;-55;20.0;-12;376.0;202.0
-458.0;?;?;62;-62;?;-8;376.0;207.0
?;?;-404.0;64;-64;11.0;-4;378.0;213.0
-464.0;-45;?;51;?;5.0;?;?;218.0
-471.0;-52;10.0;35;-35;1.0;-52;391.0;221.0
?;3;186.0;51;-51;-4.0;3;402.0;?
?;-15;327.0;?;-49;?;-15;414.0;228.0
-496.0;-44;?;-23;23;-15.0;-44;425.0;230.0
-503.0;-22;?;-22;?;-19.0;-22;434.0;231.0
-508.0;?;518.0;-13;?;-22.0;5;441.0;?
-515.0;50;347.0;-55;55;-25.0;50;?;231.0
-520.0;32;318.0;-13;13;-27.0;32;445.0;232.0
?;-20;200.0;?;23;-30.0;-20;?;234.0
?;27;?;-59;59;-31.0;27;445.0;236.0
-513.0;39;-7.0;-30;30;-32.0;39;443.0;239.0
-511.0;-5;-41.0;13;-13;-33.0;?;?;?
-511.0;?;-143.0;25;-25;-35.0;-2;443.0;246.0
-513.0;-13;-151.0;-13;13;-36.0;?;447.0;250.0
-514.0;20;-49.0;2;-2;?;20;?;254.0
?;41;36.0;-24;24;-38.0;41;456.0;?
-511.0;29;146.0;-94;94;-38.0;29;460.0;261.0
-509.0;51;?;-93;?;-38.0;51;462.0;263.0
-508.0;31;185.0;?;77;-36.0;31;464.0;264.0
-508.0;8;190.0;-37;37;-35.0;8;465.0;264.0
-508.0;?;131.0;?;10;-32.0;16;464.0;?
-507.0;12;50.0;-24;?;?;?;463.0;263.0
-506.0;-26;6.0;-21;21;-29.0;?;463.0;262.0
?;-28;-65.0;-3;3;-27.0;-28;461.0;260.0
-502.0;16;-35.0;31;-31;-25.0;16;459.0;258.0
?;9;-71.0;61;-61;?;9;456.0;256.0
-498.0;-19;-58.0;25;-25;?;-19;454.0;?
?;?;-106.0;27;-27;-22.0;-27;452.0;252.0
?;-49;-124.0;?;-39;-20.0;-49;450.0;250.0
-493.0;-15;-56.0;?;20;?;?;449.0;248.0
-492.0;38;-86.0;-28;28;-18.0;38;447.0;247.0
-490.0;-5;?;-10;10;-18.0;-5;445.0;246.0
-490.0;-33;-66.0;-39;?;-18.0;-33;444.0;?
-490.0;-14;-28.0;-64;?;-18.0;-14;444.0;246.0
-490.0;-15;-18.0;-62;62;?;-15;443.0;245.0
-490.0;-35;30.0;-22;22;-19.0;-35;442.0;244.0
-491.0;?;?;?;2;-19.0;-54;442.0;243.0
?;?;49.0;?;53;-19.0;-29;441.0;242.0
-492.0;-29;29.0;-62;62;?;-29;?;?
-492.0;?;?;-39;39;-16.0;?;?;239.0
?;-41;159.0;-48;48;-13.0;?;441.0;237.0
-491.0;-43;162.0;-45;45;-11.0;-43;441.0;233.0
-489.0;?;?;?;44;?;-43;441.0;?
-485.0;?;139.0;?;41;?;-50;442.0;224.0
-480.0;-52;100.0;-36;36;-1.0;-52;444.0;219.0
-475.0;-35;-94.0;-77;77;?;-35;446.0;?
?;-21;-346.0;-75;75;2.0;-21;451.0;210.0
?;-23;?;?;5;2.0;-23;456.0;207.0
-465.0;-24;?;17;?;1.0;-24;461.0;205.0
?;-24;-997.0;-5;5;0.0;-24;?;205.0
-458.0;-46;-1046.0;-25;?;?;?;473.0;204.0
-455.0;-35;-949.0;-4;?;-6.0;-35;479.0;204.0
-453.0;-53;-827.0;-30;?;-8.0;-53;485.0;204.0
-450.0;-74;-624.0;?;?;-9.0;-74;?;205.0
-447.0;?;-466.0;?;?;-10.0;?;493.0;204.0
-444.0;30;-362.0;-24;24;-10.0;30;496.0;203.0
-441.0;?;?;9;-9;-10.0;-10;498.0;201.0
-440.0;5;-193.0;39;-39;?;?;499.0;?
-438.0;?;-134.0;?;-36;?;-6;?;199.0
?;?;-73.0;?;?;-8.0;-3;505.0;?
-438.0;42;-3.0;?;-5;-7.0;42;509.0;198.0
-437.0;?;?;?;?;-6.0;54;512.0;199.0
-438.0;40;38.0;?;?;-5.0;?;516.0;?
-438.0;?;82.0;-31;31;-4.0;7;?;?
?;15;146.0;24;-24;-2.0;15;521.0;196.0
?;40;82.0;46;?;?;40;522.0;195.0
-435.0;0;?;-7;7;2.0;0;523.0;193.0
-434.0;26;7.0;-45;45;3.0;26;523.0;192.0
-432.0;25;-86.0;11;-11;4.0;25;522.0;191.0
-430.0;1;-70.0;-14;14;4.0;1;522.0;190.0
-429.0;54;-156.0;-108;?;5.0;54;521.0;189.0
-429.0;?;-131.0;-54;54;5.0;61;521.0;189.0
?;?;-118.0;-30;30;?;?;520.0;189.0
-428.0;?;-122.0;-72;72;?;46;520.0;189.0
?;56;-77.0;-57;57;6.0;56;519.0;188.0
-427.0;115;41.0;?;111;7.0;?;517.0;188.0
-427.0;?;?;-155;155;8.0;98;516.0;188.0
-426.0;71;25.0;-119;119;8.0;71;516.0;187.0
-426.0;79;94.0;?;129;9.0;79;515.0;187.0
-424.0;?;129.0;?;?;11.0;31;515.0;?
-423.0;-12;?;?;-88;13.0;?;515.0;187.0
-420.0;5;133.0;33;-33;17.0;5;514.0;187.0
-416.0;8;71.0;29;-29;?;8;?;?
-411.0;-34;52.0;76;-76;?;-34;513.0;187.0
-405.0;-76;4.0;35;-35;31.0;-76;512.0;187.0
-399.0;-50;-32.0;38;-38;37.0;-50;511.0;187.0
-392.0;?;-38.0;54;-54;?;-54;510.0;?
-384.0;-70;-20.0;33;?;50.0;-70;?;189.0
-376.0;?;-40.0;?;-46;?;?;508.0;192.0
?;?;-29.0;60;?;63.0;-68;?;197.0
-360.0;-59;?;?;-107;70.0;-59;507.0;200.0
?;-41;?;?;-135;78.0;-41;509.0;202.0
-349.0;-127;176.0;120;-120;87.0;-127;511.0;203.0
-343.0;-173;298.0;113;-113;95.0;?;512.0;201.0
?;?;356.0;85;-85;104.0;-84;?;?
-329.0;48;308.0;60;-60;113.0;?;510.0;189.0
-322.0;91;219.0;37;-37;122.0;91;506.0;?
?;?;93.0;21;-21;?;-10;501.0;?
-306.0;-52;-69.0;65;-65;140.0;-52;496.0;162.0
-297.0;-48;-200.0;53;-53;148.0;-48;489.0;154.0
?;-64;-338.0;-14;14;156.0;-64;483.0;145.0
-282.0;8;-472.0;15;-15;?;8;?;138.0
-275.0;16;-528.0;?;-33;?;16;471.0;130.0
-268.0;33;?;?;-7;176.0;?;466.0;122.0
-261.0;?;?;-94;?;?;?;461.0;?
-255.0;-202;-405.0;-218;218;184.0;-202;457.0;106.0
-250.0;-178;-354.0;-247;247;?;-178;453.0;?
-246.0;?;-337.0;?;255;189.0;-192;451.0;?
-243.0;-50;?;-177;177;190.0;?;450.0;90.0
-241.0;?;-245.0;-59;59;190.0;51;447.0;?
-241.0;31;-186.0;-3;3;190.0;?;?;87.0
-242.0;?;-105.0;-11;?;188.0;56;450.0;86.0
-245.0;?;-105.0;-54;?;186.0;?;453.0;88.0
-247.0;1;0.0;-8;8;184.0;1;455.0;91.0
-250.0;27;-18.0;34;-34;?;27;459.0;93.0
-253.0;?;60.0;-4;4;179.0;34;461.0;95.0
-257.0;114;41.0;35;-35;176.0;?;464.0;96.0
-261.0;120;42.0;27;?;173.0;?;466.0;98.0
-265.0;128;28.0;-36;?;168.0;?;469.0;101.0
-270.0;169;22.0;46;-46;164.0;169;472.0;103.0
-274.0;115;28.0;40;-40;159.0;115;475.0;106.0
-279.0;51;47.0;?;22;153.0;51;478.0;109.0
-284.0;68;47.0;?;1;148.0;68;480.0;112.0
-290.0;?;51.0;-28;28;141.0;57;483.0;116.0
-297.0;?;75.0;-29;29;135.0;13;487.0;?
-303.0;?;?;-7;7;129.0;13;490.0;?
-308.0;24;101.0;?;?;123.0;?;494.0;125.0
-313.0;14;101.0;-11;11;?;14;498.0;?
-318.0;25;?;-31;31;112.0;25;501.0;?
-322.0;51;69.0;?;46;107.0;51;505.0;138.0
-325.0;68;100.0;-39;?;101.0;68;508.0;144.0
-328.0;71;124.0;-24;24;97.0;71;513.0;152.0
-332.0;42;112.0;-28;28;93.0;42;518.0;?
?;73;198.0;-6;6;91.0;?;523.0;165.0
-339.0;95;?;?;57;89.0;95;527.0;169.0
-341.0;19;380.0;-116;116;88.0;19;530.0;171.0
-342.0;19;359.0;-47;?;?;?;?;173.0
-342.0;?;329.0;-38;38;86.0;50;533.0;173.0
-341.0;-12;245.0;?;?;?;-12;534.0;174.0
-341.0;17;158.0;36;-36;86.0;17;534.0;175.0
-340.0;58;17.0;14;?;86.0;58;535.0;178.0
-339.0;30;-78.0;5;-5;86.0;30;?;180.0
?;67;?;-51;51;?;67;539.0;184.0
-336.0;?;-120.0;?;?;88.0;43;539.0;187.0
-333.0;49;-70.0;-48;48;92.0;?;?;?
-329.0;79;?;-95;95;?;79;?;188.0
-323.0;11;-72.0;-1;1;102.0;11;532.0;?
-316.0;18;-77.0;16;-16;107.0;18;528.0;185.0
-309.0;38;-13.0;-5;5;114.0;38;?;185.0
?;-2;4.0;59;?;121.0;-2;519.0;186.0
-297.0;-11;-14.0;93;-93;?;-11;?;186.0
-292.0;-15;25.0;84;-84;136.0;-15;517.0;185.0
-285.0;-7;34.0;?;-109;143.0;-7;?;?
-280.0;19;?;90;-90;150.0;19;516.0;180.0
-274.0;-17;112.0;14;?;157.0;?;?;178.0
?;-44;121.0;?;-17;164.0;-44;512.0;?
-263.0;?;135.0;?;?;171.0;-14;510.0;175.0
-258.0;0;113.0;4;?;?;0;508.0;174.0
-254.0;-1;110.0;20;-20;184.0;-1;505.0;174.0
-250.0;8;136.0;45;?;191.0;8;502.0;173.0
-247.0;2;172.0;31;?;?;?;498.0;171.0
-243.0;?;218.0;55;-55;?;-46;?;168.0
-241.0;?;?;39;-39;?;-43;490.0;164.0
-239.0;-53;?;48;-48;214.0;-53;487.0;159.0
?;-82;187.0;94;?;218.0;-82;484.0;154.0
?;-72;146.0;58;-58;221.0;-72;481.0;149.0
-234.0;-112;58.0;92;-92;223.0;-112;478.0;145.0
?;?;10.0;?;-124;225.0;-78;475.0;140.0
-233.0;-30;-96.0;64;-64;226.0;?;471.0;?
-232.0;2;-120.0;15;-15;226.0;2;467.0;130.0
-233.0;?;-90.0;?;?;?;27;463.0;125.0
-234.0;-21;-78.0;-17;17;224.0;?;?;120.0
-236.0;38;-78.0;-12;12;222.0;38;?;?
-238.0;48;-43.0;-27;27;219.0;48;447.0;111.0
-241.0;26;?;-64;64;215.0;26;441.0;107.0
-245.0;93;?;-103;103;210.0;93;436.0;103.0
-250.0;80;44.0;-126;126;?;80;431.0;101.0
-256.0;?;57.0;-114;114;198.0;52;428.0;100.0
-264.0;?;160.0;?;54;191.0;44;425.0;99.0
-273.0;36;306.0;-39;39;183.0;36;423.0;98.0
-281.0;19;515.0;?;?;175.0;19;421.0;97.0
?;-17;659.0;-131;131;?;-17;418.0;96.0
-300.0;?;625.0;-56;56;160.0;-32;417.0;94.0
-310.0;-41;603.0;10;-10;149.0;-41;415.0;?
-321.0;?;558.0;?;-19;140.0;-40;?;?
-331.0;-19;606.0;46;-46;129.0;?;414.0;106.0
-342.0;-12;?;66;-66;120.0;-12;414.0;109.0
-352.0;?;615.0;?;-42;111.0;-11;?;114.0
?;-12;648.0;54;-54;103.0;-12;415.0;119.0
-371.0;?;676.0;65;-65;94.0;-15;416.0;126.0
-379.0;7;746.0;0;0;85.0;7;?;135.0
-389.0;-8;?;-33;33;75.0;-8;?;145.0
?;?;805.0;?;22;66.0;?;420.0;154.0
-413.0;-8;848.0;?;13;59.0;-8;421.0;?
-426.0;-19;846.0;-5;5;53.0;-19;421.0;163.0
-437.0;-55;725.0;-33;?;46.0;-55;419.0;?
?;-29;?;?;?;39.0;-29;415.0;162.0
-453.0;-31;468.0;50;-50;?;-31;409.0;161.0
?;-38;339.0;29;-29;?;-38;402.0;161.0
-462.0;?;?;-19;19;?;?;398.0;164.0
-463.0;-21;-258.0;-18;18;11.0;-21;?;169.0
-461.0;-18;-503.0;4;?;?;-18;?;175.0
-458.0;0;?;-4;4;2.0;0;383.0;182.0
?;25;?;-1;1;-3.0;25;381.0;191.0
-455.0;55;-636.0;?;13;?;?;382.0;200.0
?;?;?;-34;?;-13.0;37;?;?
?;10;-320.0;-1;1;-16.0;10;386.0;?
-457.0;?;-188.0;37;-37;-19.0;?;386.0;221.0
-459.0;23;30.0;54;?;?;23;387.0;223.0
-463.0;10;?;23;-23;-26.0;10;389.0;226.0
-468.0;-2;377.0;?;6;-32.0;-2;392.0;231.0
-473.0;21;?;15;-15;-36.0;21;396.0;234.0
-477.0;32;?;-1;1;-39.0;32;?;?
-481.0;?;341.0;-6;6;-42.0;-4;402.0;?
-486.0;-9;385.0;24;-24;-44.0;?;405.0;244.0
-492.0;4;394.0;17;-17;?;4;410.0;246.0
-497.0;27;368.0;21;-21;-47.0;27;415.0;?
-499.0;39;300.0;45;-45;-48.0;39;418.0;251.0
-499.0;-6;235.0;?;?;-48.0;?;421.0;255.0
?;-8;117.0;?;2;-49.0;?;424.0;256.0
-502.0;-3;92.0;53;-53;-50.0;-3;426.0;?
?;-14;?;49;-49;-52.0;-14;429.0;?
-507.0;-13;85.0;-16;16;-54.0;?;432.0;?
-508.0;-12;-8.0;?;15;?;?;?;257.0
?;16;-101.0;30;-30;-51.0;16;438.0;255.0
-506.0;-3;-78.0;44;?;-49.0;-3;437.0;254.0
-504.0;-35;-24.0;47;-47;-49.0;-35;435.0;253.0
-502.0;-8;-126.0;38;-38;-48.0;-8;433.0;252.0
?;8;-191.0;?;-12;-49.0;8;?;253.0
-500.0;-1;?;?;-25;-51.0;-1;?;?
-500.0;?;?;?;-33;-56.0;-2;436.0;?
-501.0;?;?;-11;11;?;-5;441.0;262.0
-502.0;-18;-443.0;?;-1;-71.0;?;449.0;269.0
?;-3;-312.0;-15;15;?;-3;457.0;278.0
-507.0;7;-16.0;-79;79;-84.0;7;463.0;286.0
-510.0;-11;148.0;?;?;-89.0;-11;?;291.0
-513.0;-13;231.0;18;-18;-93.0;?;472.0;295.0
?;-8;308.0;17;-17;-97.0;-8;475.0;300.0
?;10;336.0;-35;35;-101.0;10;?;?
-525.0;15;316.0;-16;16;?;15;478.0;307.0
-526.0;?;328.0;21;-21;-106.0;-15;478.0;307.0
-527.0;-4;365.0;-32;32;-109.0;-4;478.0;311.0
?;22;?;?;16;-111.0;22;478.0;?
-531.0;?;341.0;-8;8;-112.0;-7;479.0;316.0
?;?;245.0;-33;33;-114.0;-20;481.0;318.0
-537.0;21;160.0;-4;?;-116.0;21;484.0;320.0
-540.0;2;?;?;-4;-117.0;?;488.0;323.0
-542.0;-33;31.0;3;-3;-120.0;-33;492.0;327.0
-544.0;23;15.0;18;-18;-122.0;23;494.0;329.0
-546.0;44;?;-11;11;-123.0;44;496.0;330.0
-547.0;20;11.0;-43;43;-124.0;20;496.0;332.0
?;18;?;5;-5;-125.0;?;496.0;332.0
?;-3;32.0;32;-32;?;-3;?;331.0
-549.0;-13;14.0;-19;19;-124.0;-13;494.0;329.0
-549.0;3;?;?;32;-123.0;3;492.0;327.0
-549.0;14;?;-17;?;-122.0;?;490.0;323.0
?;-2;-38.0;-8;8;-121.0;?;?;319.0
-548.0;-9;-111.0;22;-22;-118.0;-9;484.0;313.0
-547.0;20;-89.0;24;-24;-115.0;20;480.0;?
-546.0;?;-15.0;6;-6;-110.0;?;475.0;299.0
-543.0;29;26.0;18;-18;-105.0;29;470.0;291.0
-539.0;28;-7.0;24;-24;-100.0;?;464.0;284.0
-536.0;?;-111.0;-13;13;-95.0;6;459.0;279.0
-532.0;-27;-159.0;-23;23;?;-27;454.0;?
-529.0;?;-137.0;?;16;-84.0;-11;450.0;?
-524.0;36;-96.0;-26;?;-78.0;36;447.0;262.0
-520.0;17;-179.0;-2;2;-72.0;?;443.0;?
-514.0;-21;?;-5;5;-66.0;-21;439.0;251.0
-510.0;-20;-303.0;-31;31;-62.0;-20;435.0;247.0
?;?;-318.0;?;10;-58.0;-23;432.0;242.0
-501.0;-12;-347.0;-5;5;-54.0;-12;429.0;238.0
?;9;-342.0;?;?;-50.0;9;427.0;234.0
-493.0;-17;?;?;-13;-46.0;-17;?;?
-489.0;?;-238.0;8;-8;-43.0;?;422.0;228.0
-486.0;6;-148.0;7;?;-41.0;6;?;?
-484.0;17;-77.0;1;?;?;17;419.0;223.0
-483.0;18;3.0;-15;15;?;18;418.0;?
-483.0;?;23.0;?;-4;-34.0;36;417.0;218.0
-483.0;-12;34.0;-20;?;-32.0;-12;417.0;216.0
?;-1;43.0;-31;?;-30.0;-1;417.0;214.0
-483.0;31;12.0;-2;2;-30.0;31;417.0;213.0
?;?;20.0;-68;68;-29.0;7;416.0;212.0
-482.0;0;-30.0;-71;71;-29.0;0;415.0;212.0
-482.0;-38;?;64;-64;-30.0;?;415.0;211.0
-483.0;-29;?;64;?;-30.0;-29;414.0;211.0
-483.0;-35;-34.0;?;-1;-31.0;-35;414.0;?
-484.0;-48;?;10;-10;?;-48;413.0;210.0
-485.0;-10;39.0;4;?;-33.0;?;414.0;?
?;?;?;?;?;-33.0;?;414.0;?
-489.0;10;75.0;12;-12;-34.0;10;?;?
-491.0;?;69.0;?;-19;-36.0;23;416.0;?
-493.0;20;54.0;9;-9;-38.0;20;416.0;210.0
-494.0;13;64.0;24;-24;-39.0;13;417.0;210.0
?;-11;?;?;-20;-40.0;-11;418.0;211.0
-496.0;23;95.0;-32;32;-41.0;23;419.0;213.0
-496.0;?;?;-13;13;-42.0;47;420.0;215.0
?;17;93.0;-12;12;-44.0;17;421.0;218.0
-498.0;15;76.0;-24;?;-46.0;15;422.0;221.0
-501.0;49;85.0;0;0;-48.0;49;423.0;222.0
?;59;97.0;-5;?;-50.0;59;424.0;224.0
-505.0;16;101.0;3;-3;?;16;426.0;225.0
-506.0;-16;?;12;-12;-51.0;-16;427.0;226.0
-506.0;?;104.0;25;?;-52.0;8;?;226.0
?;19;58.0;43;-43;-52.0;19;428.0;227.0
-507.0;22;?;59;-59;?;22;429.0;227.0
-507.0;29;2.0;43;-43;?;29;?;228.0
-507.0;19;-18.0;-26;?;-53.0;19;?;228.0
-507.0;30;-38.0;?;34;?;30;428.0;228.0
-507.0;13;6.0;16;-16;-53.0;13;428.0;228.0
-507.0;?;24.0;16;?;-53.0;1;428.0;228.0
-507.0;22;43.0;-23;?;-52.0;?;428.0;228.0
-507.0;?;63.0;-35;?;-52.0;19;?;228.0
-506.0;4;-6.0;?;?;-51.0;4;?;228.0
?;-40;?;46;?;-51.0;-40;428.0;229.0
-505.0;?;?;1;-1;-50.0;-42;?;229.0
-505.0;23;26.0;-8;8;-49.0;23;427.0;229.0
?;34;-5.0;16;?;-49.0;?;427.0;228.0
-504.0;-11;-93.0;15;-15;-48.0;-11;426.0;?
-503.0;-33;?;?;-19;-47.0;-33;?;226.0
-502.0;-21;?;-18;18;-46.0;-21;426.0;224.0
?;3;?;-8;8;-44.0;3;425.0;?
-500.0;24;6.0;?;-17;-42.0;24;423.0;220.0
-499.0;?;-16.0;?;?;-40.0;16;421.0;219.0
-497.0;8;?;?;?;-39.0;8;420.0;217.0
-496.0;35;?;5;-5;?;35;419.0;?
-496.0;23;15.0;7;-7;-37.0;23;418.0;216.0
-496.0;-21;7.0;25;?;-36.0;?;418.0;215.0
-495.0;23;-9.0;-17;?;-36.0;23;418.0;215.0
-495.0;56;?;13;-13;-35.0;56;418.0;214.0
-495.0;?;38.0;?;-36;-35.0;-7;417.0;214.0
?;-5;29.0;-16;16;-35.0;?;417.0;?
?;23;-32.0;-18;18;-34.0;?;417.0;213.0
-493.0;?;-23.0;-6;6;?;-17;416.0;213.0
-492.0;-29;?;-33;?;-34.0;-29;417.0;213.0
?;-12;-12.0;-22;22;-34.0;-12;417.0;213.0
-492.0;-12;-3.0;12;?;-34.0;-12;417.0;213.0
-492.0;?;26.0;21;-21;-34.0;3;417.0;213.0
-493.0;9;-22.0;-6;6;-35.0;9;417.0;?
-493.0;-14;9.0;-13;13;-36.0;?;418.0;213.0
-494.0;?;?;-5;5;-36.0;-22;?;214.0
-494.0;?;41.0;-5;?;-36.0;-23;418.0;214.0
-494.0;-23;41.0;-5;5;-37.0;?;419.0;215.0
?;-20;?;?;11;?;-20;?;215.0
-494.0;?;?;22;-22;-38.0;-28;419.0;216.0
-495.0;-7;30.0;46;-46;-38.0;?;?;216.0
-495.0;22;-20.0;3;-3;-39.0;22;419.0;216.0
-495.0;8;30.0;?;4;-40.0;?;419.0;216.0
-495.0;-2;58.0;16;-16;?;-2;419.0;215.0
-495.0;?;32.0;-4;4;-41.0;6;419.0;?
-496.0;8;30.0;5;-5;-42.0;8;418.0;215.0
?;-13;51.0;-4;?;-42.0;-13;418.0;214.0
-496.0;-19;47.0;19;?;?;?;418.0;215.0
?;9;11.0;64;?;-43.0;9;418.0;215.0
-497.0;?;2.0;-12;12;?;3;418.0;?
?;-19;15.0;-17;?;-44.0;-19;418.0;215.0
-497.0;-23;6.0;20;-20;?;-23;?;?
-497.0;-21;22.0;-8;?;?;-21;418.0;215.0
-497.0;-9;-6.0;-13;13;-45.0;-9;418.0;216.0
-497.0;8;-4.0;15;-15;-45.0;8;418.0;215.0
-496.0;3;30.0;?;?;-44.0;3;418.0;215.0
-496.0;-20;?;-58;?;-44.0;-20;?;215.0
-496.0;-13;51.0;?;57;-44.0;-13;418.0;215.0
-495.0;0;-15.0;-1;1;-43.0;0;419.0;?
-494.0;-3;-9.0;-10;?;-43.0;-3;419.0;214.0
?;-12;0.0;-44;?;-43.0;?;419.0;214.0
-493.0;?;?;-56;56;-43.0;-17;419.0;214.0
-493.0;?;?;3;-3;-42.0;12;419.0;214.0
-494.0;13;6.0;?;4;-42.0;?;419.0;213.0
-494.0;16;-15.0;?;18;?;16;419.0;213.0
?;39;0.0;?;-14;-41.0;39;419.0;212.0
-495.0;11;-2.0;-32;?;-41.0;11;419.0;?
-495.0;-5;?;-29;29;?;-5;419.0;213.0
-496.0;3;-17.0;8;-8;-41.0;3;419.0;213.0
-496.0;-11;-6.0;-4;4;-42.0;-11;419.0;213.0
-496.0;?;41.0;0;?;-42.0;-25;419.0;214.0
-496.0;-20;?;27;-27;-43.0;-20;419.0;214.0
-496.0;6;43.0;18;?;-44.0;6;420.0;214.0
-497.0;14;51.0;?;?;-44.0;14;420.0;?
-498.0;0;?;-9;9;-44.0;0;420.0;215.0
-498.0;28;34.0;13;-13;-44.0;28;420.0;215.0
-499.0;?;55.0;?;?;-45.0;33;420.0;?
-500.0;-2;24.0;21;-21;-46.0;-2;421.0;216.0
-500.0;15;24.0;-23;23;?;15;421.0;216.0
-500.0;?;9.0;-12;12;-46.0;?;420.0;216.0
-500.0;0;-13.0;?;?;-47.0;0;421.0;216.0
-500.0;20;2.0;?;21;?;20;?;217.0
?;11;41.0;9;-9;-48.0;11;?;?
-501.0;-12;-5.0;-67;67;-48.0;?;420.0;217.0
-501.0;14;17.0;-14;14;-47.0;14;420.0;217.0
-501.0;38;2.0;64;?;?;38;420.0;217.0
-501.0;?;32.0;-17;?;-48.0;?;?;217.0
?;?;?;-10;10;?;1;420.0;217.0
-500.0;-23;?;32;-32;-48.0;-23;420.0;217.0
-500.0;-1;?;-26;26;-47.0;-1;420.0;217.0
?;2;27.0;?;?;-48.0;?;420.0;217.0
-499.0;-20;7.0;38;-38;-48.0;-20;420.0;217.0
-499.0;-17;12.0;-9;9;-48.0;-17;421.0;217.0
?;-10;-30.0;-25;25;-47.0;-10;421.0;217.0
-499.0;?;8.0;-14;14;-47.0;1;422.0;?
-498.0;?;-40.0;-25;?;-47.0;?;421.0;?
?;-7;-23.0;?;?;?;?;421.0;?
?;28;38.0;-15;15;-47.0;?;421.0;?
-499.0;9;2.0;6;?;?;9;421.0;216.0
?;10;16.0;14;-14;?;10;?;216.0
-500.0;37;41.0;-24;24;-48.0;37;421.0;217.0
-501.0;-11;22.0;-26;26;-48.0;-11;421.0;217.0
-501.0;-25;-11.0;42;-42;?;?;422.0;218.0
-501.0;-9;3.0;5;-5;-49.0;?;?;?
?;?;?;1;-1;-49.0;?;422.0;219.0
-502.0;?;?;55;-55;?;34;?;219.0
-502.0;-13;?;19;-19;-50.0;-13;422.0;219.0
-502.0;7;41.0;42;-42;-50.0;7;422.0;219.0
-502.0;?;24.0;97;-97;?;?;422.0;220.0
-503.0;?;24.0;42;-42;?;29;423.0;219.0
?;2;46.0;-40;40;-51.0;2;423.0;220.0
-503.0;-37;?;-19;19;?;-37;423.0;220.0
-504.0;-35;?;2;-2;-51.0;?;424.0;220.0
-504.0;-36;-5.0;-7;?;?;-36;424.0;221.0
-504.0;38;11.0;34;?;-51.0;?;424.0;221.0
-504.0;28;22.0;2;-2;-51.0;?;423.0;221.0
-504.0;18;41.0;?;28;-51.0;18;423.0;?
-504.0;49;11.0;?;-4;-51.0;49;424.0;?
-504.0;-17;?;4;-4;-51.0;-17;424.0;?
-504.0;0;17.0;-4;4;?;0;424.0;220.0
-504.0;49;3.0;-36;36;?;49;424.0;220.0
-503.0;?;?;-43;43;-51.0;-8;?;?
-503.0;-26;24.0;-9;9;?;-26;?;?
-503.0;16;-6.0;6;-6;-50.0;16;424.0;219.0
-502.0;-16;-2.0;5;?;-49.0;-16;423.0;218.0
?;-20;15.0;4;-4;-48.0;-20;423.0;217.0
-501.0;42;?;2;-2;-48.0;42;423.0;217.0
-501.0;1;26.0;-18;?;-47.0;1;423.0;216.0
?;8;?;-3;3;-47.0;8;422.0;216.0
-500.0;31;-33.0;0;0;-47.0;31;?;216.0
-500.0;?;-15.0;-25;25;-47.0;-45;421.0;?
-499.0;-31;-48.0;8;?;?;?;?;216.0
-500.0;?;73.0;?;-17;-47.0;-8;?;215.0
-500.0;-13;33.0;?;13;-47.0;-13;420.0;215.0
?;6;11.0;-9;?;-46.0;?;?;215.0
-500.0;24;30.0;9;?;-47.0;24;420.0;?
-501.0;39;-20.0;?;-15;-47.0;?;420.0;215.0
-501.0;?;26.0;7;-7;-47.0;14;420.0;216.0
?;?;19.0;14;-14;-47.0;?;420.0;216.0
-502.0;-7;18.0;30;-30;-47.0;-7;?;?
?;-9;26.0;-21;21;-47.0;-9;420.0;215.0
-502.0;10;31.0;-27;27;-47.0;10;420.0;216.0
-502.0;-12;34.0;5;-5;?;-12;?;?
-503.0;-29;5.0;-41;?;-48.0;-29;420.0;216.0
-503.0;14;25.0;-9;?;-48.0;14;421.0;?
-504.0;-4;41.0;18;-18;-48.0;?;421.0;216.0
-504.0;?;41.0;-15;15;-48.0;?;421.0;217.0
?;-8;31.0;-29;29;?;-8;421.0;?
-505.0;-2;35.0;-45;45;-49.0;-2;421.0;?
-505.0;-10;13.0;?;12;-49.0;?;?;217.0
-505.0;-18;?;?;?;-49.0;-18;?;216.0
-504.0;8;24.0;-25;?;?;8;?;216.0
?;?;-13.0;7;-7;-49.0;28;420.0;215.0
-504.0;?;5.0;26;-26;-49.0;-6;?;215.0
-504.0;5;?;8;-8;-49.0;5;?;216.0
-504.0;41;29.0;-48;48;-49.0;41;421.0;?
-504.0;13;21.0;-25;25;?;?;421.0;?
-504.0;-5;2.0;43;-43;-49.0;-5;420.0;?
-504.0;?;-11.0;0;?;-49.0;?;421.0;?
-504.0;-12;-2.0;-56;56;-49.0;-12;420.0;215.0
-503.0;-3;-10.0;-47;47;-48.0;-3;420.0;215.0
-503.0;2;10.0;-48;48;?;2;420.0;215.0
-503.0;32;11.0;-23;23;-49.0;32;?;?
-503.0;25;15.0;-2;?;-48.0;?;420.0;215.0
-503.0;-22;?;-20;20;-49.0;-22;?;216.0
?;-10;?;-14;14;-49.0;-10;420.0;215.0
-504.0;0;55.0;-14;14;-50.0;0;421.0;215.0
?;-14;24.0;-6;6;-50.0;-14;?;215.0
-504.0;5;-5.0;25;-25;-50.0;5;421.0;215.0
-504.0;17;?;13;-13;-51.0;?;421.0;215.0
-504.0;-24;24.0;-6;6;?;-24;421.0;216.0
?;-20;13.0;?;?;-51.0;-20;421.0;215.0
-505.0;18;9.0;?;3;-51.0;18;421.0;215.0
-505.0;-12;34.0;-6;?;-51.0;-12;421.0;?
-505.0;-21;?;-6;6;-52.0;-21;421.0;215.0
-506.0;-12;24.0;-1;1;-52.0;-12;421.0;215.0
-506.0;-6;43.0;?;-6;-52.0;?;?;?
-506.0;?;18.0;?;?;-52.0;?;?;?
-506.0;-2;7.0;40;-40;-52.0;-2;421.0;214.0
?;-32;?;-8;8;-52.0;-32;421.0;214.0
?;2;-5.0;7;-7;?;2;421.0;214.0
-506.0;?;22.0;33;-33;-53.0;-3;421.0;214.0
?;?;22.0;?;12;-53.0;?;421.0;214.0
-506.0;-2;-6.0;25;-25;-53.0;-2;421.0;215.0
-506.0;23;5.0;55;-55;-54.0;23;421.0;215.0
-506.0;-8;26.0;-25;25;-53.0;-8;421.0;215.0
-506.0;-1;30.0;?;33;-53.0;-1;421.0;215.0
?;?;?;25;-25;?;?;421.0;?
-506.0;-26;?;?;-60;?;-26;421.0;214.0
-506.0;-23;-2.0;56;-56;-53.0;-23;421.0;214.0
-506.0;-20;47.0;?;?;-53.0;?;421.0;213.0
-506.0;-17;-4.0;-19;19;-53.0;-17;420.0;?
-506.0;16;17.0;-1;1;-53.0;16;?;213.0
-507.0;?;?;0;0;-53.0;-7;420.0;?
-507.0;-17;?;26;-26;-53.0;-17;419.0;212.0
-507.0;18;39.0;-2;2;?;18;419.0;212.0
-507.0;-15;15.0;-21;21;-53.0;-15;419.0;212.0
-507.0;-10;48.0;8;-8;-53.0;-10;419.0;213.0
-507.0;?;-6.0;?;-8;-53.0;16;419.0;212.0
-507.0;?;15.0;-26;?;-54.0;8;419.0;?
-507.0;31;?;-33;33;-54.0;31;?;213.0
-508.0;12;33.0;-16;16;-54.0;12;419.0;212.0
-508.0;?;12.0;-15;15;-55.0;-18;420.0;212.0
-508.0;13;25.0;?;2;-55.0;13;420.0;?
-508.0;3;30.0;29;-29;?;3;?;213.0
-509.0;?;24.0;14;?;-55.0;-25;420.0;?
-509.0;1;16.0;?;3;-55.0;1;420.0;?
-509.0;9;26.0;31;-31;?;9;420.0;214.0
-509.0;-13;11.0;?;-46;-55.0;?;419.0;213.0
-508.0;-33;8.0;45;-45;-55.0;?;419.0;214.0
-508.0;0;28.0;37;-37;-55.0;0;419.0;214.0
-508.0;12;26.0;-10;?;?;12;419.0;214.0
?;?;35.0;-45;45;-55.0;-34;?;214.0
?;-27;55.0;-13;13;-55.0;-27;420.0;214.0
-507.0;-5;9.0;22;-22;-55.0;-5;420.0;214.0
?;7;33.0;-19;19;-54.0;7;420.0;215.0
?;26;38.0;-25;25;-54.0;26;420.0;215.0
-507.0;27;22.0;24;-24;-53.0;?;420.0;215.0
-507.0;?;17.0;13;-13;-53.0;-4;420.0;215.0
-507.0;-25;13.0;-23;23;-52.0;-25;?;?
?;16;26.0;-16;16;-51.0;16;420.0;215.0
-507.0;25;?;14;-14;-51.0;25;?;216.0
-506.0;2;?;-3;?;-50.0;2;?;216.0
-505.0;11;-10.0;-80;80;?;11;421.0;?
-505.0;8;-6.0;-64;64;-50.0;8;?;216.0
-504.0;6;20.0;36;?;-49.0;6;421.0;215.0
-504.0;24;50.0;14;-14;?;24;421.0;216.0
-503.0;29;?;-33;33;-49.0;29;421.0;216.0
-503.0;6;5.0;1;-1;-49.0;6;421.0;216.0
?;-26;15.0;?;?;-48.0;-26;421.0;?
-503.0;-13;20.0;5;?;-48.0;?;421.0;216.0
-502.0;11;41.0;11;-11;-47.0;?;?;215.0
?;-13;1.0;25;-25;-47.0;-13;?;215.0
-501.0;10;?;19;-19;?;?;422.0;216.0
-501.0;23;?;17;?;-47.0;23;421.0;216.0
?;-15;35.0;12;-12;-47.0;-15;?;216.0
-501.0;16;20.0;-5;?;-46.0;16;421.0;216.0
?;36;-23.0;19;-19;-46.0;36;?;216.0
?;8;-17.0;21;-21;-46.0;8;421.0;215.0
-501.0;20;6.0;-18;18;-45.0;?;421.0;?
-501.0;8;?;-36;36;-45.0;8;420.0;214.0
-501.0;-10;?;-10;10;-45.0;?;420.0;?
?;27;41.0;15;-15;?;27;419.0;214.0
?;18;?;-1;1;-45.0;18;419.0;213.0
-500.0;-5;-32.0;-6;6;?;-5;419.0;213.0
-500.0;2;26.0;?;?;-45.0;?;419.0;212.0
-500.0;?;35.0;-15;15;-45.0;-6;419.0;?
-500.0;-12;26.0;?;5;-45.0;-12;419.0;212.0
-500.0;6;88.0;-5;5;-45.0;6;419.0;212.0
-501.0;9;-17.0;-4;?;?;9;420.0;?
-501.0;-26;58.0;-11;11;-45.0;?;420.0;213.0
-501.0;?;?;?;11;-45.0;2;421.0;?
-501.0;25;52.0;?;-10;-45.0;?;?;?
-502.0;-25;?;-8;?;-46.0;-25;420.0;214.0
-502.0;-26;17.0;?;10;-46.0;-26;420.0;214.0
?;-11;?;35;-35;-47.0;-11;?;215.0
-503.0;-13;13.0;5;-5;-47.0;-13;421.0;215.0
?;?;20.0;-12;12;-47.0;-17;421.0;215.0
-503.0;-35;19.0;4;?;-48.0;-35;421.0;215.0
-503.0;?;-11.0;-16;16;?;2;421.0;215.0
-503.0;57;?;?;14;-48.0;57;?;?
?;17;-2.0;-32;32;?;17;?;215.0
-503.0;-38;25.0;?;?;-48.0;?;421.0;215.0
-503.0;?;6.0;-5;5;-48.0;21;421.0;216.0
-503.0;27;18.0;?;?;-47.0;27;421.0;216.0
-503.0;-33;26.0;15;-15;-47.0;-33;421.0;216.0
-503.0;-16;19.0;?;?;-47.0;-16;421.0;216.0
-503.0;?;24.0;1;-1;-47.0;?;421.0;216.0
-502.0;-12;?;0;0;?;-12;421.0;?
-501.0;43;19.0;?;44;-47.0;43;421.0;?
-501.0;7;41.0;-33;33;-47.0;?;421.0;216.0
-500.0;?;11.0;?;-35;-46.0;-12;?;216.0
?;-13;?;33;-33;?;-13;420.0;216.0
-500.0;?;?;-11;11;-46.0;-63;420.0;?
-499.0;-32;?;?;?;?;-32;?;215.0
-499.0;-4;26.0;-11;11;-45.0;-4;420.0;215.0
?;-21;28.0;2;-2;-45.0;-21;?;?
?;?;11.0;?;24;-45.0;?;420.0;215.0
-499.0;7;4.0;-4;4;-45.0;7;?;215.0
-499.0;-15;?;25;-25;-44.0;-15;420.0;?
-499.0;-8;35.0;?;-44;-44.0;?;420.0;214.0
-500.0;6;16.0;16;-16;-45.0;6;420.0;214.0
-499.0;29;-2.0;?;?;?;29;420.0;215.0
-499.0;10;-8.0;-36;36;-45.0;10;420.0;215.0
-499.0;-4;-25.0;-21;21;?;-4;420.0;215.0
-498.0;5;-44.0;17;-17;?;5;420.0;215.0
-498.0;10;35.0;?;-32;-44.0;10;420.0;215.0
-497.0;6;22.0;-22;22;?;6;420.0;214.0
-498.0;9;7.0;5;-5;-44.0;9;420.0;?
?;?;6.0;73;?;?;0;420.0;214.0
?;?;22.0;26;?;-44.0;-19;420.0;?
-498.0;11;28.0;-18;18;?;11;?;214.0
-498.0;?;0.0;-9;9;?;-12;421.0;214.0
-498.0;9;-40.0;-3;3;-46.0;9;421.0;214.0
-499.0;68;-25.0;6;-6;-46.0;68;?;214.0
-499.0;6;30.0;5;-5;-46.0;6;421.0;214.0
-499.0;4;29.0;9;-9;-46.0;4;422.0;?
-500.0;33;42.0;-13;?;-47.0;33;421.0;215.0
-500.0;26;-5.0;-27;27;?;26;421.0;216.0
?;10;?;-26;26;-48.0;10;422.0;216.0
-501.0;?;61.0;-13;?;-48.0;-22;422.0;217.0
-501.0;12;85.0;?;2;?;12;423.0;?
?;?;72.0;-30;30;-49.0;?;423.0;?
-502.0;1;54.0;10;?;-50.0;?;423.0;218.0
?;?;-2.0;9;-9;-49.0;2;424.0;219.0
-502.0;9;37.0;?;21;-50.0;9;424.0;219.0
-502.0;8;-28.0;47;-47;-50.0;8;424.0;219.0
?;-8;9.0;27;-27;-50.0;-8;424.0;219.0
?;-32;-16.0;-16;16;-50.0;-32;425.0;220.0
-503.0;-26;-4.0;22;-22;-51.0;-26;?;?
?;-22;1.0;8;-8;-51.0;-22;425.0;?
?;8;-4.0;?;27;-51.0;8;425.0;220.0
-504.0;28;-13.0;-5;?;-52.0;28;424.0;220.0
-504.0;-34;?;-25;?;-52.0;-34;424.0;220.0
-504.0;-26;?;-59;59;-52.0;-26;424.0;?
?;21;-15.0;-5;5;-53.0;21;?;221.0
-503.0;9;2.0;6;-6;-53.0;?;424.0;221.0
-503.0;-15;11.0;-26;26;-53.0;-15;425.0;222.0
-504.0;-3;5.0;-5;5;-53.0;-3;425.0;222.0
-504.0;23;-14.0;-10;10;?;23;426.0;?
-505.0;-22;?;-23;23;-54.0;-22;427.0;223.0
-505.0;-14;16.0;-32;32;-54.0;-14;428.0;224.0
-506.0;23;34.0;-28;28;-54.0;23;430.0;225.0
-506.0;-6;?;12;-12;-55.0;-6;?;226.0
?;?;42.0;44;?;-56.0;-3;?;?
-508.0;7;61.0;43;-43;?;?;?;229.0
-510.0;19;68.0;12;?;-57.0;19;?;230.0
-510.0;35;77.0;36;-36;-58.0;35;440.0;232.0
-511.0;22;7.0;?;-35;-58.0;22;441.0;233.0
?;7;7.0;4;-4;-59.0;?;442.0;?
-513.0;8;55.0;-12;12;?;8;?;236.0
-514.0;10;?;-68;68;?;10;444.0;237.0
-515.0;-3;85.0;-13;?;-61.0;-3;446.0;238.0
-516.0;-20;?;-2;2;-63.0;-20;447.0;?
-517.0;-22;152.0;-50;50;-65.0;-22;446.0;240.0
-518.0;-23;357.0;-2;2;-67.0;?;?;242.0
-519.0;-24;540.0;-3;3;-69.0;-24;439.0;243.0
-522.0;6;690.0;-17;17;-71.0;?;438.0;245.0
-528.0;44;797.0;-11;?;-73.0;44;?;246.0
-535.0;65;835.0;32;-32;-75.0;65;438.0;?
?;39;930.0;67;-67;-78.0;?;440.0;253.0
-551.0;?;924.0;69;-69;-82.0;?;?;257.0
-558.0;81;944.0;152;?;-85.0;81;?;?
-565.0;48;951.0;252;?;-88.0;?;448.0;265.0
-570.0;?;927.0;?;?;-90.0;94;451.0;268.0
-573.0;144;936.0;503;-503;?;?;455.0;?
-576.0;166;907.0;678;-678;-95.0;?;459.0;273.0
-577.0;227;819.0;?;-848;-96.0;227;?;274.0
-579.0;249;?;1054;-1054;-97.0;?;465.0;276.0
-582.0;375;?;1447;-1447;?;375;470.0;?
?;567;555.0;?;-1764;?;567;476.0;278.0
-588.0;776;450.0;1899;-1899;-101.0;776;482.0;280.0
-590.0;942;?;1793;-1793;-104.0;942;489.0;280.0
-592.0;961;198.0;1412;-1412;?;?;495.0;280.0
-593.0;961;85.0;1096;-1096;-108.0;961;500.0;?
?;?;65.0;?;-812;-109.0;884;?;279.0
-594.0;677;80.0;522;-522;-110.0;?;508.0;280.0
-593.0;481;40.0;255;-255;-111.0;481;511.0;280.0
-593.0;-44;-49.0;?;403;?;?;513.0;?
?;-515;8.0;-886;886;?;-515;515.0;278.0
?;?;26.0;-831;831;-106.0;?;517.0;277.0
-588.0;-945;65.0;-1408;1408;-104.0;-945;520.0;?
-584.0;-1308;?;-2032;2032;-101.0;-1308;521.0;277.0
-580.0;-1231;256.0;-1775;1775;-97.0;-1231;522.0;274.0
?;-1440;192.0;-1678;1678;-92.0;-1440;523.0;269.0
-574.0;-1207;200.0;-1622;1622;?;-1207;522.0;264.0
-573.0;-389;230.0;-955;955;-81.0;-389;520.0;259.0
-574.0;?;227.0;-462;462;-77.0;-176;?;255.0
-575.0;?;291.0;-268;?;-74.0;-171;516.0;252.0
-577.0;-2;?;-102;102;-71.0;-2;515.0;251.0
-580.0;-30;?;-34;34;-67.0;-30;515.0;250.0
-585.0;-6;656.0;?;-61;-64.0;-6;515.0;250.0
-592.0;?;832.0;?;-72;-62.0;7;?;251.0
-602.0;?;?;54;-54;-59.0;-4;521.0;?
?;14;1227.0;-49;49;-56.0;14;526.0;?
-622.0;?;1357.0;?;158;-54.0;8;532.0;255.0
-632.0;?;1382.0;-86;86;?;5;539.0;258.0
-640.0;-40;1432.0;-81;81;-53.0;?;548.0;263.0
-644.0;-25;1325.0;-103;103;-55.0;-25;556.0;269.0
-645.0;40;1186.0;-34;34;-55.0;40;565.0;276.0
-642.0;11;985.0;-39;39;-56.0;?;574.0;281.0
-639.0;-26;896.0;-35;35;-56.0;-26;581.0;288.0
?;-13;759.0;?;31;-57.0;-13;588.0;295.0
-630.0;-31;?;-119;119;-58.0;-31;594.0;300.0
-624.0;?;494.0;-98;98;-59.0;-22;600.0;304.0
-617.0;-6;336.0;-63;?;?;-6;606.0;309.0
-611.0;-20;230.0;-72;?;-62.0;-20;610.0;?
-606.0;?;146.0;-8;8;-64.0;?;614.0;?
?;-23;66.0;-31;?;-65.0;?;?;321.0
?;-24;88.0;-112;112;-65.0;-24;620.0;324.0
-599.0;-16;131.0;-76;76;-66.0;-16;?;327.0
-597.0;-4;168.0;-53;53;-67.0;-4;624.0;329.0
-596.0;15;146.0;-107;?;-67.0;15;625.0;?
-596.0;1;143.0;-60;?;?;1;625.0;331.0
-595.0;-1;?;47;?;-67.0;-1;625.0;331.0
-596.0;36;101.0;?;-60;-67.0;?;626.0;331.0
-596.0;29;?;36;?;-67.0;?;627.0;330.0
-599.0;46;198.0;38;-38;?;46;?;329.0
-602.0;?;143.0;34;-34;-66.0;53;624.0;?
-605.0;26;145.0;51;?;?;26;?;326.0
-608.0;28;120.0;45;-45;?;28;?;324.0
-610.0;?;?;-39;39;-63.0;-4;622.0;323.0
-609.0;-30;-27.0;-80;80;?;-30;622.0;321.0
-608.0;-37;-56.0;?;69;-63.0;-37;621.0;320.0
?;?;-89.0;-81;?;-62.0;-23;?;317.0
-609.0;-3;-145.0;?;56;-61.0;-3;617.0;314.0
-610.0;-13;-166.0;-6;?;-60.0;-13;613.0;311.0
-612.0;19;?;12;-12;-58.0;19;610.0;308.0
-612.0;?;-77.0;27;-27;-57.0;38;607.0;306.0
-613.0;13;-77.0;3;-3;-56.0;13;?;303.0
-612.0;14;-22.0;-47;?;-54.0;14;599.0;?
-611.0;43;-38.0;-15;?;-53.0;43;595.0;?
-612.0;40;-203.0;7;-7;-52.0;40;589.0;296.0
-614.0;-4;-318.0;?;?;-50.0;?;?;294.0
?;-9;-280.0;-27;27;-50.0;-9;?;292.0
-615.0;23;-243.0;-23;?;?;23;577.0;291.0
-615.0;8;-168.0;-47;47;-48.0;8;572.0;290.0
-615.0;2;?;-22;22;-48.0;2;568.0;289.0
-612.0;46;7.0;-32;?;?;46;567.0;288.0
?;28;-9.0;-57;57;-47.0;28;565.0;286.0
-609.0;-32;86.0;-29;29;-46.0;-32;562.0;284.0
-608.0;-12;218.0;?;?;?;-12;562.0;283.0
?;48;331.0;-74;?;-44.0;48;563.0;282.0
-607.0;?;376.0;-215;215;-43.0;142;?;280.0
?;178;346.0;-248;?;-42.0;?;?;280.0
-604.0;53;294.0;-203;203;-41.0;53;?;279.0
?;8;281.0;-135;135;-39.0;8;573.0;278.0
-601.0;67;?;-21;21;-38.0;67;575.0;277.0
-600.0;?;113.0;-10;10;?;104;576.0;?
?;215;165.0;-74;74;-35.0;215;578.0;274.0
-598.0;329;145.0;?;?;-34.0;329;?;274.0
-596.0;402;-3.0;?;-81;-33.0;402;581.0;273.0
-595.0;534;-72.0;?;?;-32.0;534;582.0;271.0
-593.0;630;-95.0;60;-60;-30.0;?;582.0;270.0
-591.0;700;-32.0;-122;122;-28.0;700;582.0;?
?;773;38.0;-261;261;-27.0;?;582.0;267.0
-587.0;634;5.0;-320;320;-26.0;634;?;?
-585.0;303;-82.0;-470;470;-24.0;303;583.0;264.0
?;?;-47.0;-364;364;-23.0;34;582.0;263.0
?;-299;?;-73;73;?;?;581.0;261.0
-585.0;?;-76.0;-17;17;?;-155;?;260.0
-586.0;-234;-6.0;-18;18;-14.0;-234;574.0;?
?;61;?;-317;317;-10.0;?;568.0;?
?;1997;24.0;-1113;?;-5.0;?;?;249.0
-584.0;2213;46.0;-1567;1567;?;?;555.0;243.0
-581.0;3152;31.0;?;1349;3.0;3152;549.0;237.0
-578.0;5226;-123.0;-1933;1933;9.0;5226;542.0;?
-572.0;4650;-235.0;-1475;1475;15.0;4650;534.0;222.0
-565.0;2762;-419.0;545;-545;23.0;2762;526.0;212.0
-556.0;?;?;44;-44;31.0;?;520.0;201.0
-547.0;-917;-523.0;-425;?;39.0;-917;513.0;?
-538.0;?;-546.0;212;-212;48.0;340;506.0;176.0
-528.0;-188;-599.0;?;178;59.0;-188;500.0;157.0
-516.0;-22;-634.0;-68;68;70.0;-22;492.0;138.0
-504.0;74;-648.0;-9;9;82.0;74;484.0;?
-492.0;-82;-515.0;-60;60;95.0;-82;?;98.0
-480.0;104;-468.0;62;?;108.0;104;464.0;78.0
-468.0;56;-397.0;23;-23;120.0;56;453.0;58.0
-456.0;14;-375.0;132;-132;?;14;442.0;?
-443.0;6;?;150;-150;143.0;6;431.0;28.0
-429.0;57;-404.0;?;-71;153.0;57;422.0;15.0
-414.0;63;?;-8;?;163.0;63;412.0;4.0
-400.0;?;-323.0;-1;1;173.0;45;402.0;-5.0
-387.0;48;?;-45;45;182.0;48;394.0;?
?;?;-269.0;-124;124;191.0;13;387.0;-18.0
?;?;-217.0;-28;28;201.0;-13;381.0;-25.0
?;-2;-159.0;36;-36;212.0;-2;376.0;-32.0
-364.0;-12;-141.0;-11;?;223.0;-12;372.0;-41.0
?;-2;-146.0;-6;?;234.0;-2;364.0;-52.0
-353.0;21;-139.0;?;13;?;21;355.0;-58.0
-348.0;?;-175.0;0;0;251.0;18;345.0;-63.0
?;26;-207.0;?;-52;?;26;334.0;-68.0
-344.0;41;-273.0;44;?;270.0;41;323.0;-72.0
-344.0;18;-236.0;?;?;278.0;18;?;-75.0
-345.0;-19;-244.0;97;-97;285.0;-19;295.0;?
-349.0;-47;?;304;-304;292.0;-47;282.0;-77.0
-353.0;13;-1.0;283;?;299.0;13;268.0;-77.0
-360.0;22;183.0;236;?;?;22;254.0;-76.0
-369.0;?;168.0;1347;-1347;309.0;36;?;-77.0
-379.0;270;250.0;2232;-2232;?;270;?;-79.0
-387.0;?;374.0;1466;-1466;314.0;-35;222.0;-81.0
-395.0;328;329.0;2418;-2418;314.0;328;213.0;?
?;?;267.0;4964;-4964;312.0;436;208.0;?
-406.0;?;233.0;3278;-3278;?;-755;?;-84.0
-410.0;12;268.0;-315;315;302.0;12;?;-81.0
-416.0;755;313.0;-453;453;296.0;755;195.0;-75.0
-425.0;403;450.0;?;1753;288.0;?;191.0;-66.0
-435.0;-24;503.0;-4238;?;278.0;?;191.0;-55.0
-446.0;?;466.0;-3258;3258;?;-1894;192.0;-42.0
-458.0;-3083;449.0;-1758;?;253.0;-3083;197.0;-28.0
-471.0;-3308;359.0;-1086;1086;?;-3308;205.0;?
-482.0;-3958;284.0;-780;?;?;-3958;214.0;10.0
-495.0;-3510;99.0;-547;547;213.0;-3510;224.0;24.0
-508.0;-3351;?;40;-40;200.0;-3351;235.0;40.0
?;-3284;?;-21;?;184.0;-3284;240.0;59.0
-529.0;-1107;216.0;?;245;167.0;-1107;243.0;?
-538.0;-401;181.0;-275;275;149.0;-401;?;106.0
-545.0;-820;10.0;?;235;135.0;-820;254.0;129.0
-552.0;-614;-109.0;-299;299;?;?;?;151.0
-555.0;-634;?;-212;?;?;?;265.0;?
-558.0;-98;-3.0;114;?;96.0;-98;?;184.0
-561.0;81;9.0;29;-29;84.0;81;273.0;200.0
-565.0;-45;-28.0;-109;109;?;-45;?;214.0
-570.0;17;?;-59;59;?;17;285.0;228.0
-573.0;-26;-4.0;?;105;53.0;-26;292.0;240.0
?;-9;-38.0;-73;73;?;-9;300.0;248.0
-576.0;-3;40.0;?;-3;36.0;-3;307.0;255.0
-576.0;?;?;?;?;?;2;?;?
-575.0;-36;-27.0;-64;64;21.0;-36;326.0;267.0
-574.0;-48;80.0;?;65;?;-48;?;271.0
?;-1;132.0;-65;65;?;?;?;274.0
-569.0;-18;?;-65;65;12.0;-18;354.0;?
-568.0;-44;-12.0;-42;42;?;-44;363.0;278.0
-565.0;-21;87.0;28;-28;10.0;-21;375.0;?
-562.0;-11;12.0;?;?;10.0;-11;384.0;282.0
-558.0;-7;-53.0;-35;?;10.0;-7;394.0;285.0
?;24;?;?;4;11.0;24;402.0;?
?;-7;?;4;-4;?;-7;?;289.0
-545.0;-29;7.0;-13;13;17.0;?;407.0;?
-546.0;32;-68.0;-32;?;19.0;32;413.0;285.0
-545.0;9;40.0;-25;25;?;9;?;284.0
-544.0;?;?;14;-14;22.0;1;420.0;283.0
-542.0;71;178.0;40;?;?;71;422.0;?
-540.0;?;204.0;46;-46;24.0;35;423.0;278.0
-540.0;-21;175.0;37;-37;26.0;-21;?;276.0
-539.0;-21;208.0;32;-32;?;-21;423.0;270.0
-537.0;-31;178.0;41;?;29.0;-31;424.0;265.0
-532.0;-6;-113.0;25;?;30.0;-6;425.0;258.0
-525.0;31;?;?;-18;33.0;31;?;250.0
-520.0;?;-56.0;25;-25;36.0;?;?;240.0
?;15;-31.0;0;0;39.0;15;424.0;229.0
-508.0;23;29.0;-6;6;43.0;23;424.0;218.0
-502.0;?;-11.0;-6;6;?;9;421.0;205.0
-495.0;31;-81.0;2;-2;51.0;31;419.0;193.0
-486.0;47;-137.0;14;-14;54.0;?;417.0;179.0
-477.0;18;-197.0;-24;24;58.0;18;?;?
-468.0;-9;?;?;?;63.0;-9;413.0;153.0
-460.0;?;-415.0;-27;27;70.0;-21;413.0;139.0
-450.0;10;?;-51;?;75.0;10;415.0;126.0
-440.0;24;-505.0;-27;27;80.0;24;416.0;113.0
-428.0;?;-542.0;4;-4;85.0;?;417.0;101.0
-414.0;?;-538.0;?;14;89.0;-4;418.0;93.0
-402.0;-16;-598.0;1;-1;92.0;-16;418.0;?
-393.0;-34;-627.0;4;-4;96.0;-34;?;77.0
-385.0;1;-622.0;22;-22;98.0;1;417.0;?
-378.0;?;-550.0;48;?;101.0;14;417.0;64.0
-372.0;-17;-493.0;35;-35;103.0;-17;418.0;?
-368.0;-15;-421.0;44;-44;104.0;-15;420.0;55.0
-365.0;5;-340.0;?;-53;104.0;?;?;53.0
-362.0;6;-325.0;63;-63;102.0;6;?;53.0
-359.0;14;-169.0;32;-32;99.0;14;422.0;53.0
-359.0;32;-85.0;3;-3;95.0;?;422.0;54.0
-362.0;25;-38.0;4;-4;91.0;25;423.0;56.0
?;-10;0.0;3;-3;?;?;425.0;62.0
-373.0;-15;82.0;62;-62;78.0;-15;427.0;65.0
-380.0;26;191.0;61;?;75.0;?;430.0;70.0
-383.0;?;?;2;-2;71.0;41;?;?
-386.0;59;179.0;34;-34;69.0;59;?;87.0
-387.0;114;95.0;?;-115;67.0;?;438.0;?
?;82;22.0;264;-264;?;?;439.0;107.0
-392.0;22;72.0;387;?;62.0;22;441.0;?
-396.0;72;103.0;337;-337;60.0;?;?;?
-399.0;-5;73.0;?;-513;57.0;-5;?;126.0
-402.0;71;32.0;846;-846;54.0;71;453.0;?
?;-181;?;866;-866;51.0;?;456.0;?
-410.0;?;56.0;770;-770;?;-483;458.0;?
?;589;?;529;-529;?;589;460.0;134.0
-418.0;1247;77.0;?;-215;?;1247;462.0;132.0
-420.0;734;152.0;677;-677;31.0;734;461.0;131.0
-423.0;26;278.0;?;-1131;?;26;459.0;128.0
-426.0;-917;295.0;996;?;27.0;?;455.0;?
?;-1151;?;?;?;28.0;-1151;451.0;116.0
-428.0;-491;?;?;721;28.0;-491;447.0;?
-427.0;480;-6.0;?;1593;31.0;480;442.0;104.0
-426.0;1185;?;-1936;?;35.0;1185;436.0;?
-424.0;?;215.0;-2500;?;40.0;2190;430.0;89.0
-423.0;?;244.0;-2333;2333;?;3119;?;84.0
-421.0;2856;448.0;-1502;1502;52.0;2856;417.0;81.0
-421.0;?;?;-662;662;60.0;2180;413.0;?
?;?;711.0;-440;440;67.0;596;411.0;75.0
-430.0;-583;816.0;-591;591;75.0;-583;409.0;72.0
-434.0;-404;889.0;-411;411;82.0;?;406.0;68.0
-441.0;-451;922.0;-156;156;91.0;-451;?;63.0
-446.0;?;866.0;-46;?;?;-298;398.0;56.0
-446.0;?;566.0;-128;128;?;-74;394.0;48.0
-441.0;-56;366.0;-282;282;119.0;-56;387.0;41.0
-432.0;-99;119.0;-370;370;128.0;-99;378.0;33.0
-422.0;-181;3.0;-274;274;138.0;?;?;24.0
-411.0;-324;-87.0;-236;236;147.0;-324;353.0;13.0
-401.0;?;?;138;-138;155.0;-693;339.0;2.0
-392.0;-944;-265.0;?;-1578;161.0;?;325.0;-9.0
?;-1377;-452.0;2393;-2393;166.0;-1377;314.0;-20.0
-376.0;-588;-695.0;?;-1742;169.0;?;?;-30.0
-366.0;-642;-936.0;1024;-1024;?;-642;291.0;-39.0
-357.0;-3006;-862.0;6;-6;?;-3006;279.0;-47.0
-347.0;-2883;-785.0;-1419;1419;178.0;-2883;267.0;-54.0
?;-1188;?;-1994;1994;180.0;-1188;255.0;-59.0
-323.0;-559;-814.0;?;1848;179.0;?;242.0;-62.0
-314.0;-278;-756.0;-1091;1091;178.0;-278;?;-64.0
-306.0;-278;-667.0;-104;104;175.0;-278;?;-62.0
-299.0;-118;-478.0;?;-59;170.0;-118;208.0;-57.0
-296.0;-47;?;20;-20;164.0;?;197.0;?
-297.0;-68;-23.0;82;-82;157.0;-68;187.0;-41.0
-299.0;-34;-48.0;-40;40;148.0;-34;177.0;-30.0
?;-42;5.0;?;54;139.0;-42;170.0;-15.0
-305.0;-1;-64.0;-15;15;131.0;?;165.0;?
-308.0;1;5.0;-32;32;122.0;1;161.0;17.0
-312.0;-35;?;-39;39;114.0;-35;162.0;33.0
-318.0;-39;-102.0;?;13;109.0;-39;168.0;50.0
-323.0;?;38.0;72;?;?;-13;176.0;66.0
-327.0;?;284.0;125;-125;?;-54;185.0;80.0
-332.0;-150;397.0;42;-42;117.0;?;195.0;89.0
?;-219;466.0;?;?;128.0;?;204.0;90.0
-344.0;-272;?;81;-81;?;-272;216.0;?
-353.0;-282;641.0;46;-46;142.0;-282;233.0;92.0
-360.0;?;689.0;-25;25;149.0;-276;?;94.0
-366.0;-167;629.0;?;-14;155.0;-167;273.0;96.0
?;71;480.0;97;-97;159.0;?;291.0;98.0
-383.0;81;322.0;82;?;165.0;81;312.0;100.0
?;?;418.0;0;?;168.0;-91;336.0;106.0
-385.0;-57;432.0;31;-31;172.0;-57;?;110.0
?;-40;?;87;-87;?;?;366.0;115.0
-386.0;?;322.0;68;-68;172.0;-102;?;121.0
?;-166;272.0;-5;?;169.0;-166;386.0;125.0
-389.0;-299;25.0;?;129;164.0;?;400.0;129.0
?;?;-515.0;?;?;158.0;?;414.0;136.0
-371.0;-89;-854.0;-140;140;?;-89;420.0;146.0
-351.0;?;-1416.0;-50;50;145.0;?;420.0;154.0
-326.0;9;-1829.0;66;-66;139.0;?;418.0;160.0
-298.0;50;-2003.0;76;-76;133.0;?;412.0;161.0
-278.0;-13;-1895.0;-13;13;126.0;-13;409.0;161.0
-261.0;-151;-2461.0;?;449;?;-151;409.0;161.0
-251.0;?;?;-1001;1001;112.0;?;398.0;163.0
-249.0;-311;-2955.0;-848;848;?;-311;392.0;164.0
?;-97;-3419.0;-357;357;103.0;-97;402.0;161.0
-278.0;?;-3217.0;-221;221;101.0;-63;420.0;156.0
?;-19;?;-58;58;101.0;?;435.0;147.0
-341.0;214;?;138;-138;103.0;214;454.0;137.0
-376.0;251;-691.0;91;-91;104.0;?;492.0;129.0
-414.0;133;?;62;-62;?;?;532.0;120.0
-438.0;?;392.0;112;-112;?;123;562.0;117.0
-443.0;?;276.0;?;-196;111.0;131;572.0;115.0
-437.0;95;-191.0;240;-240;114.0;95;?;110.0
-428.0;53;-74.0;179;-179;115.0;53;561.0;103.0
-423.0;275;223.0;424;-424;118.0;275;554.0;95.0
-418.0;469;67.0;566;-566;122.0;469;551.0;88.0
-416.0;559;?;212;?;?;559;?;81.0
-409.0;616;-104.0;?;-42;126.0;616;547.0;?
-400.0;243;-145.0;-31;31;?;243;531.0;70.0
?;101;470.0;-151;151;130.0;?;518.0;64.0
?;172;452.0;-44;44;134.0;?;511.0;58.0
-392.0;118;191.0;4;-4;138.0;?;?;55.0
?;161;346.0;-52;52;141.0;161;?;52.0
-394.0;51;?;56;-56;145.0;?;?;50.0
-396.0;5;663.0;98;-98;149.0;5;512.0;49.0
-398.0;?;475.0;37;-37;151.0;56;512.0;49.0
-399.0;41;510.0;17;-17;153.0;41;507.0;?
-402.0;38;615.0;-45;45;154.0;38;501.0;50.0
-406.0;?;597.0;-128;128;?;39;497.0;53.0
-410.0;57;637.0;-174;174;154.0;57;490.0;56.0
-418.0;76;370.0;-158;158;154.0;76;?;?
?;158;630.0;-79;79;153.0;?;488.0;?
-434.0;163;459.0;36;?;153.0;163;485.0;64.0
?;62;232.0;0;0;152.0;62;486.0;68.0
-442.0;-2;64.0;?;116;151.0;?;485.0;72.0
-442.0;-58;40.0;-63;63;149.0;-58;483.0;76.0
-444.0;-55;217.0;-42;42;148.0;-55;481.0;78.0
-446.0;-41;199.0;-83;83;147.0;?;481.0;81.0
?;-33;-38.0;?;6;147.0;?;474.0;81.0
-448.0;28;?;58;-58;147.0;28;464.0;80.0
-443.0;30;-337.0;56;?;147.0;30;453.0;82.0
-428.0;?;?;93;-93;146.0;11;?;86.0
-406.0;63;-259.0;136;-136;146.0;63;?;92.0
-384.0;?;182.0;164;-164;?;79;382.0;98.0
-359.0;74;96.0;215;-215;150.0;74;352.0;97.0
-337.0;103;-118.0;225;?;150.0;103;321.0;93.0
-316.0;101;-110.0;190;-190;?;101;284.0;95.0
-289.0;?;?;119;-119;150.0;147;247.0;?
-260.0;221;367.0;14;-14;151.0;221;211.0;85.0
-239.0;?;1103.0;71;-71;150.0;126;176.0;82.0
-220.0;-43;2038.0;315;-315;150.0;?;141.0;81.0
-206.0;-20;2949.0;?;-574;152.0;-20;98.0;77.0
-200.0;67;3557.0;731;-731;154.0;?;51.0;74.0
-204.0;61;3727.0;743;-743;155.0;?;6.0;75.0
?;?;?;773;-773;154.0;163;?;?
-235.0;319;?;?;-779;152.0;319;?;80.0
-254.0;317;2831.0;377;-377;150.0;317;?;79.0
-279.0;309;2380.0;91;-91;149.0;309;?;78.0
-307.0;310;1956.0;103;-103;146.0;310;-87.0;77.0
-332.0;318;?;-207;207;143.0;318;-76.0;?
?;427;1075.0;-324;324;142.0;427;-60.0;?
-380.0;-55;685.0;-259;259;142.0;?;-39.0;80.0
-402.0;-1680;585.0;?;-48;139.0;-1680;-18.0;81.0
-421.0;-1952;512.0;243;-243;?;-1952;1.0;85.0
?;-741;652.0;-409;409;133.0;-741;17.0;?
-464.0;?;857.0;-618;618;132.0;-688;32.0;?
-482.0;-51;?;-261;261;129.0;-51;?;?
-493.0;?;667.0;33;-33;127.0;445;59.0;93.0
-502.0;-214;539.0;219;?;124.0;-214;?;96.0
-509.0;13;?;100;-100;124.0;13;79.0;?
-513.0;156;399.0;-6;6;123.0;?;87.0;?
-518.0;-28;529.0;-52;?;123.0;-28;90.0;?
-522.0;-65;?;?;60;126.0;?;92.0;?
-525.0;?;327.0;-27;27;?;-113;92.0;?
-524.0;-47;?;-55;55;?;-47;90.0;?
-521.0;8;945.0;-85;?;131.0;8;85.0;70.0
?;18;1209.0;-87;87;134.0;18;74.0;66.0
-515.0;-56;1381.0;?;77;134.0;-56;59.0;63.0
?;-27;1454.0;-83;83;134.0;-27;49.0;59.0
-534.0;-1;1453.0;-97;97;133.0;?;47.0;55.0
-547.0;-59;?;-54;54;133.0;?;51.0;51.0
-561.0;?;1334.0;-25;25;132.0;-34;?;49.0
-575.0;-35;1220.0;-54;54;?;-35;63.0;48.0
-588.0;?;?;-46;?;?;-55;71.0;?
-601.0;-23;1084.0;-88;88;130.0;-23;79.0;49.0
-614.0;?;955.0;-70;?;130.0;-15;?;?
-626.0;-24;837.0;10;-10;?;-24;101.0;?
?;-23;?;6;-6;128.0;-23;113.0;56.0
-641.0;-10;171.0;19;?;127.0;-10;124.0;?
-645.0;16;254.0;-27;?;126.0;16;133.0;62.0
-647.0;8;278.0;-23;23;125.0;?;140.0;?
?;-1;252.0;39;-39;124.0;?;145.0;?
-651.0;?;152.0;49;-49;124.0;21;?;?
-650.0;28;113.0;76;-76;123.0;?;157.0;?
?;9;72.0;24;-24;123.0;9;159.0;68.0
-651.0;-31;-12.0;?;6;122.0;-31;161.0;68.0
-652.0;?;3.0;?;?;122.0;?;164.0;68.0
-653.0;6;91.0;?;-32;?;6;166.0;67.0
?;-24;61.0;20;-20;121.0;-24;?;67.0
-655.0;2;?;-32;32;121.0;2;168.0;?
-654.0;?;131.0;-25;25;121.0;26;167.0;66.0
-654.0;-3;33.0;-38;38;121.0;-3;?;65.0
-654.0;11;21.0;-10;10;121.0;?;160.0;65.0
-654.0;?;11.0;12;-12;121.0;11;158.0;64.0
-654.0;-11;?;9;-9;121.0;?;156.0;64.0
-654.0;41;95.0;?;-48;121.0;41;154.0;?
-654.0;57;47.0;-39;39;?;?;154.0;?
?;-6;-17.0;-44;44;123.0;-6;?;61.0
?;?;26.0;?;-16;122.0;-15;152.0;61.0
-655.0;27;95.0;-55;55;122.0;?;151.0;60.0
-656.0;16;230.0;-30;30;122.0;16;150.0;60.0
-657.0;-22;251.0;35;?;122.0;-22;149.0;60.0
?;-8;187.0;1;-1;122.0;-8;?;?
-660.0;?;124.0;8;?;122.0;?;146.0;?
-662.0;-14;-16.0;-13;13;122.0;-14;147.0;59.0
-664.0;-14;-60.0;-12;12;121.0;-14;150.0;59.0
-665.0;-12;-69.0;?;-45;121.0;-12;154.0;59.0
-663.0;7;41.0;?;-9;121.0;7;?;59.0
-662.0;-8;-41.0;45;-45;120.0;-8;158.0;59.0
-661.0;-2;17.0;54;-54;120.0;-2;158.0;59.0
-662.0;?;115.0;3;-3;120.0;?;156.0;60.0
-664.0;16;114.0;18;-18;120.0;?;155.0;59.0
?;18;33.0;6;?;119.0;18;154.0;59.0
-667.0;19;14.0;?;-5;119.0;19;152.0;59.0
-668.0;16;11.0;-10;10;119.0;16;152.0;59.0
-669.0;18;?;-33;?;?;18;150.0;?
?;?;36.0;4;-4;116.0;-2;150.0;?
-669.0;-11;-34.0;?;?;116.0;?;?;59.0
-670.0;7;?;46;-46;115.0;7;152.0;?
-670.0;16;-19.0;18;-18;114.0;16;154.0;59.0
-670.0;30;96.0;?;?;114.0;30;153.0;?
-670.0;?;82.0;81;-81;114.0;52;153.0;58.0
-670.0;102;99.0;140;-140;115.0;?;?;58.0
-671.0;158;?;104;-104;?;?;149.0;57.0
-671.0;201;78.0;72;-72;115.0;201;?;?
-672.0;289;?;-71;?;115.0;289;148.0;?
-673.0;284;?;-224;224;115.0;?;?;?
-674.0;108;?;-247;247;115.0;108;148.0;55.0
-675.0;-29;57.0;-142;142;115.0;-29;149.0;54.0
?;-17;102.0;?;43;?;-17;?;55.0
-676.0;26;80.0;-79;79;114.0;26;153.0;55.0
-677.0;38;45.0;?;109;114.0;38;?;55.0
-678.0;32;-31.0;-114;114;?;32;146.0;?
-680.0;3;-72.0;-143;?;112.0;3;137.0;52.0
-684.0;1;25.0;?;43;111.0;?;123.0;50.0
-689.0;-6;100.0;20;?;110.0;?;108.0;?
-697.0;-42;37.0;-59;59;106.0;-42;92.0;45.0
?;-21;?;-32;32;?;-21;?;44.0
-713.0;-12;-125.0;-26;?;97.0;-12;66.0;?
-722.0;-1;-276.0;?;57;91.0;-1;58.0;?
-730.0;?;-193.0;1;-1;84.0;34;50.0;?
-738.0;16;-192.0;-19;19;76.0;16;?;?
?;-2;-187.0;-65;65;68.0;?;?;46.0
?;-3;?;?;24;?;-3;44.0;50.0
-760.0;3;?;10;-10;49.0;3;?;55.0
-766.0;?;-260.0;-2;2;40.0;4;50.0;60.0
-771.0;-34;-153.0;-4;?;?;-34;?;?
?;-42;?;?;17;23.0;-42;?;68.0
-778.0;?;-103.0;?;59;?;2;?;?
-780.0;0;?;-56;56;11.0;0;69.0;74.0
?;-26;35.0;0;0;5.0;-26;?;76.0
-785.0;-16;156.0;?;13;1.0;-16;79.0;78.0
-787.0;-2;220.0;-58;58;-2.0;-2;83.0;?
-788.0;-23;264.0;-25;25;-5.0;?;?;78.0
?;?;205.0;-17;17;-6.0;-31;91.0;?
?;25;219.0;-62;62;-7.0;25;94.0;75.0
-788.0;31;223.0;-47;?;-6.0;31;96.0;73.0
-788.0;?;247.0;-13;13;-6.0;20;98.0;73.0
?;25;197.0;39;?;-6.0;25;98.0;?
-788.0;-2;134.0;85;-85;-7.0;-2;?;72.0
-788.0;20;40.0;?;-15;-6.0;20;98.0;72.0
-787.0;31;-31.0;-22;22;?;31;98.0;70.0
-787.0;?;?;23;-23;-5.0;?;97.0;69.0
-786.0;-14;-56.0;34;-34;-5.0;-14;96.0;68.0
-787.0;2;30.0;22;?;?;2;96.0;?
-787.0;9;?;-13;?;-6.0;9;97.0;67.0
-788.0;-21;102.0;-19;19;-5.0;-21;96.0;66.0
-788.0;?;170.0;?;-51;?;-4;96.0;67.0
-789.0;2;?;51;-51;-5.0;2;96.0;67.0
?;-34;69.0;21;-21;?;-34;96.0;67.0
?;-43;90.0;10;-10;-7.0;?;95.0;68.0
?;-25;25.0;-24;24;-7.0;?;94.0;?
?;18;?;?;?;-8.0;?;94.0;70.0
-791.0;35;?;-2;2;-9.0;35;94.0;?
-791.0;?;?;-29;29;-10.0;19;94.0;72.0
-791.0;2;29.0;?;?;-10.0;?;?;?
?;-13;52.0;?;8;-10.0;?;?;?
-792.0;-13;37.0;?;17;-11.0;-13;95.0;73.0
-792.0;-14;-18.0;-7;7;-11.0;?;?;73.0
-792.0;-4;39.0;-30;30;-11.0;?;95.0;73.0
?;20;73.0;16;-16;-12.0;20;?;73.0
-792.0;?;50.0;6;?;-12.0;45;95.0;73.0
-793.0;48;59.0;-53;53;-12.0;48;95.0;72.0
-793.0;22;19.0;16;?;-12.0;22;95.0;71.0
-793.0;3;?;14;-14;-13.0;3;95.0;?
-794.0;?;37.0;?;18;-13.0;-13;95.0;71.0
?;-3;?;6;-6;?;-3;95.0;?
-794.0;21;36.0;19;-19;-13.0;21;95.0;71.0
-795.0;6;71.0;?;?;-14.0;?;95.0;71.0
-795.0;-20;33.0;-2;2;-14.0;-20;95.0;70.0
-795.0;?;21.0;2;?;-14.0;?;96.0;69.0
-795.0;-6;?;1;?;-14.0;-6;?;69.0
-796.0;12;56.0;-3;3;-14.0;12;96.0;?
-796.0;6;41.0;-9;?;-14.0;6;96.0;67.0
-796.0;-3;19.0;-14;14;-15.0;?;96.0;66.0
-797.0;4;?;45;?;-14.0;4;95.0;?
-797.0;?;54.0;57;-57;-14.0;15;?;66.0
-797.0;-8;?;40;?;-15.0;-8;94.0;65.0
-798.0;16;-8.0;63;?;-15.0;?;?;65.0
-798.0;34;16.0;21;-21;-16.0;34;93.0;64.0
-799.0;-12;48.0;-35;35;?;?;92.0;64.0
-799.0;-15;13.0;-27;27;-17.0;-15;92.0;?
-799.0;-11;?;-18;18;-18.0;-11;92.0;62.0
?;26;-1.0;?;-21;-17.0;26;92.0;?
-800.0;45;-8.0;10;?;?;45;92.0;?
?;3;37.0;-9;?;-18.0;3;92.0;61.0
?;-3;38.0;44;-44;-18.0;?;?;60.0
-799.0;-10;60.0;17;-17;-18.0;-10;93.0;59.0
-799.0;-14;?;2;-2;-18.0;-14;95.0;57.0
-798.0;-12;-96.0;21;-21;-18.0;-12;?;56.0
-796.0;7;-116.0;-5;5;-16.0;7;99.0;55.0
-795.0;16;-129.0;-16;16;?;16;102.0;54.0
-793.0;7;-81.0;?;34;-14.0;7;104.0;54.0
-791.0;37;-59.0;-32;32;?;?;108.0;?
-789.0;21;?;-10;10;-11.0;21;110.0;?
-787.0;38;?;-28;28;-9.0;38;114.0;54.0
-785.0;51;69.0;-10;10;-8.0;51;116.0;?
-784.0;-19;91.0;37;-37;-6.0;-19;118.0;?
?;-25;53.0;18;-18;-5.0;-25;?;52.0
?;-18;46.0;11;-11;-3.0;-18;123.0;52.0
?;-25;-13.0;10;-10;?;-25;126.0;53.0
-775.0;2;?;?;?;?;2;128.0;54.0
-771.0;8;-44.0;24;-24;?;?;?;55.0
-767.0;?;-65.0;78;-78;2.0;?;134.0;56.0
-762.0;?;-54.0;78;?;4.0;?;137.0;58.0
-758.0;-12;89.0;?;-57;7.0;-12;140.0;59.0
-753.0;26;?;25;-25;11.0;26;143.0;59.0
-748.0;16;22.0;?;-79;16.0;?;146.0;60.0
-744.0;16;108.0;184;-184;21.0;16;149.0;60.0
-741.0;111;242.0;128;-128;?;?;153.0;61.0
-738.0;44;507.0;-19;19;?;?;157.0;63.0
-735.0;7;658.0;-30;30;38.0;7;163.0;65.0
?;30;782.0;85;-85;45.0;?;?;66.0
-732.0;32;686.0;158;?;50.0;32;171.0;?
-730.0;?;504.0;198;-198;?;37;175.0;?
-726.0;29;328.0;258;-258;?;29;179.0;63.0
-722.0;58;?;279;-279;72.0;?;182.0;63.0
-716.0;20;65.0;257;-257;?;20;184.0;?
?;-14;-51.0;227;-227;?;-14;184.0;57.0
?;3;?;193;-193;99.0;3;183.0;56.0
-694.0;-5;?;174;-174;107.0;-5;182.0;53.0
-685.0;-13;-512.0;156;?;116.0;-13;?;?
-676.0;-15;-544.0;136;-136;124.0;-15;177.0;44.0
-666.0;8;-566.0;157;-157;131.0;8;173.0;42.0
?;22;?;170;?;?;22;?;41.0
?;16;-336.0;166;?;146.0;16;160.0;39.0
-640.0;20;-231.0;166;-166;155.0;20;152.0;36.0
-632.0;38;-153.0;167;-167;164.0;38;145.0;?
-624.0;45;-192.0;?;-173;172.0;45;138.0;28.0
-616.0;1;-258.0;?;?;179.0;1;?;25.0
-607.0;?;?;?;-46;?;-12;125.0;24.0
-599.0;-3;-296.0;38;-38;188.0;?;118.0;22.0
-593.0;-12;-315.0;62;-62;?;-12;112.0;?
?;26;-188.0;105;-105;197.0;26;109.0;18.0
-586.0;38;?;111;?;201.0;38;108.0;?
-583.0;0;?;89;-89;203.0;0;106.0;18.0
-579.0;8;-68.0;60;-60;?;?;104.0;18.0
-575.0;-3;-167.0;44;-44;206.0;-3;102.0;?
-569.0;-20;-293.0;43;-43;206.0;-20;98.0;20.0
-564.0;?;-240.0;?;?;206.0;25;94.0;21.0
-561.0;19;-167.0;-52;52;206.0;19;?;23.0
-558.0;-7;-233.0;?;-6;206.0;-7;91.0;?
-558.0;2;-57.0;?;-44;205.0;?;90.0;28.0
-559.0;-6;?;34;-34;204.0;-6;?;?
-560.0;-1;-106.0;?;-34;203.0;-1;96.0;?
-561.0;8;-20.0;?;8;201.0;8;101.0;?
-560.0;-27;132.0;?;46;200.0;?;?;35.0
-560.0;-56;153.0;-25;25;198.0;-56;107.0;37.0
?;?;122.0;10;-10;196.0;?;107.0;?
-557.0;?;124.0;14;-14;194.0;-5;105.0;40.0
-557.0;-31;195.0;5;-5;193.0;-31;102.0;?
-556.0;15;-100.0;?;?;192.0;15;102.0;42.0
?;-13;-146.0;-32;32;192.0;?;?;42.0
-555.0;-8;-111.0;-54;54;191.0;-8;101.0;43.0
-554.0;?;-30.0;-35;35;190.0;25;104.0;43.0
-553.0;17;-2.0;-52;52;190.0;17;?;44.0
?;17;-36.0;?;41;190.0;17;?;44.0
-550.0;?;-78.0;14;-14;?;?;106.0;45.0
?;?;-132.0;-16;16;189.0;15;?;45.0
?;28;?;-4;4;?;28;?;46.0
-549.0;18;-85.0;5;-5;188.0;18;107.0;45.0
-550.0;12;-40.0;-52;52;?;12;107.0;45.0
-551.0;-24;-5.0;-34;34;188.0;-24;107.0;45.0
-552.0;?;-25.0;-38;38;188.0;-39;109.0;44.0
-552.0;-68;-21.0;?;?;188.0;-68;110.0;44.0
-552.0;-34;29.0;?;-2;187.0;-34;110.0;?
?;?;-9.0;-20;20;186.0;-22;?;44.0
-551.0;-55;-31.0;-107;107;186.0;?;112.0;44.0
-551.0;-24;-102.0;-106;106;185.0;?;113.0;44.0
-552.0;-22;-150.0;-99;99;185.0;?;116.0;?
-551.0;-21;-175.0;-120;?;184.0;-21;120.0;44.0
?;?;-200.0;-58;58;184.0;-36;124.0;45.0
-542.0;?;-164.0;-9;9;183.0;?;127.0;46.0
-536.0;?;-144.0;-38;38;183.0;3;127.0;46.0
-528.0;?;-293.0;-17;17;182.0;-33;?;47.0
-516.0;0;?;?;2;?;0;114.0;47.0
-505.0;-12;-784.0;?;60;181.0;?;101.0;?
-496.0;-39;-777.0;?;?;179.0;?;?;50.0
?;?;?;-27;27;177.0;?;70.0;51.0
-484.0;-36;-787.0;-19;?;174.0;?;55.0;53.0
-482.0;-25;-632.0;-2;2;170.0;-25;41.0;55.0
?;-11;?;?;103;165.0;-11;26.0;57.0
-484.0;-23;-794.0;?;?;?;-23;13.0;58.0
-488.0;-16;-876.0;-134;134;?;?;2.0;60.0
-491.0;-1;-1029.0;-116;116;153.0;-1;?;61.0
-495.0;-16;-1034.0;-31;31;148.0;-16;-14.0;?
-500.0;-34;-1036.0;-42;42;143.0;-34;-18.0;64.0
-505.0;-13;-931.0;-26;26;137.0;-13;-17.0;64.0
?;?;-787.0;-15;15;131.0;10;?;67.0
-509.0;-5;-761.0;-55;55;125.0;-5;?;71.0
?;-27;?;?;102;120.0;-27;-13.0;74.0
?;-12;-469.0;-158;?;115.0;-12;-11.0;?
-512.0;-11;-508.0;-158;158;111.0;-11;?;83.0
-514.0;-17;-350.0;-159;159;109.0;-17;-2.0;85.0
?;37;-157.0;-179;179;106.0;37;0.0;86.0
?;35;?;?;177;102.0;35;4.0;86.0
-517.0;24;?;-98;98;98.0;24;7.0;86.0
-516.0;58;-335.0;?;45;?;58;8.0;?
-514.0;-1;-319.0;-67;?;93.0;-1;7.0;81.0
-514.0;-23;-281.0;-16;16;?;-23;7.0;?
-511.0;34;-108.0;-21;21;87.0;34;14.0;76.0
-494.0;26;-62.0;-29;29;82.0;26;27.0;74.0
-462.0;9;705.0;?;50;77.0;9;44.0;75.0
-437.0;?;1560.0;-72;72;77.0;40;44.0;78.0
-429.0;67;2115.0;35;-35;77.0;67;?;80.0
-434.0;?;2652.0;?;?;76.0;73;45.0;77.0
-458.0;?;3289.0;-19;19;75.0;49;47.0;72.0
?;?;4033.0;?;159;73.0;0;?;?
?;5;4164.0;-303;303;70.0;?;55.0;62.0
-613.0;?;?;-277;277;68.0;?;66.0;56.0
-673.0;?;4169.0;?;?;63.0;52;?;50.0
-730.0;38;?;-64;64;54.0;38;?;49.0
-776.0;5;3225.0;79;-79;38.0;5;90.0;?
-799.0;-35;?;-33;33;9.0;-35;96.0;?
-818.0;-29;?;-33;33;-10.0;?;116.0;95.0
?;?;1288.0;?;?;-28.0;-3;?;118.0
-833.0;-7;869.0;?;68;-40.0;-7;166.0;136.0
-836.0;-21;?;-11;11;-51.0;?;?;153.0
?;-1;-117.0;12;-12;-60.0;-1;?;168.0
?;?;?;-4;4;-62.0;-30;249.0;180.0
-829.0;-23;-548.0;-27;?;-68.0;-23;265.0;190.0
-827.0;37;-684.0;-43;43;-74.0;37;279.0;200.0
-825.0;?;-751.0;-67;67;-79.0;-9;?;205.0
-823.0;-27;?;-41;41;-83.0;-27;303.0;?
-824.0;-29;?;?;19;-85.0;-29;311.0;?
?;-1;-277.0;-33;33;?;?;?;201.0
-826.0;70;-71.0;-83;83;-88.0;70;322.0;196.0
-827.0;6;-155.0;-117;117;-89.0;6;326.0;192.0
-827.0;-48;-210.0;-53;53;-89.0;-48;327.0;190.0
-828.0;-18;-25.0;-28;28;-89.0;-18;328.0;187.0
-828.0;5;-182.0;-36;36;-87.0;5;330.0;185.0
-826.0;-10;145.0;?;38;-84.0;-10;332.0;?
?;3;199.0;-31;31;-82.0;3;?;180.0
?;74;64.0;30;-30;-79.0;74;?;177.0
-828.0;?;?;?;-47;-77.0;86;?;175.0
-829.0;66;287.0;?;-47;-74.0;66;328.0;172.0
-831.0;24;218.0;8;-8;-70.0;24;?;170.0
-831.0;?;?;-39;39;-67.0;?;325.0;168.0
-831.0;?;387.0;?;2;-64.0;-23;?;167.0
-831.0;?;325.0;7;-7;-61.0;-25;322.0;167.0
-830.0;14;443.0;5;?;-58.0;14;319.0;165.0
-829.0;?;543.0;36;-36;-55.0;30;316.0;163.0
-829.0;?;586.0;21;?;-52.0;-16;?;161.0
-829.0;-47;584.0;7;?;-48.0;-47;309.0;160.0
?;?;?;25;-25;?;-32;307.0;?
-827.0;4;335.0;10;-10;-40.0;4;307.0;155.0
?;11;205.0;-15;15;-35.0;11;305.0;151.0
-824.0;?;139.0;-46;46;-30.0;6;301.0;148.0
-822.0;12;136.0;-48;48;-25.0;?;292.0;144.0
-817.0;34;86.0;-9;9;-21.0;34;279.0;141.0
-812.0;38;41.0;-25;25;-17.0;?;?;137.0
-806.0;-5;-50.0;-49;49;-14.0;-5;249.0;132.0
?;-14;-443.0;?;14;-9.0;-14;?;126.0
-793.0;18;-767.0;-9;9;-5.0;18;?;?
-787.0;27;-759.0;-10;?;-3.0;27;206.0;?
-782.0;3;-470.0;7;?;?;3;194.0;117.0
-778.0;-3;-248.0;15;?;?;-3;186.0;116.0
-777.0;18;77.0;14;-14;-1.0;18;?;?
?;3;-16.0;-39;39;-1.0;3;177.0;?
-779.0;9;-69.0;-15;15;-2.0;9;179.0;125.0
-779.0;33;?;30;?;?;33;?;128.0
-779.0;?;-153.0;1;-1;-2.0;?;184.0;?
-777.0;-22;?;?;5;?;-22;187.0;131.0
-777.0;?;-132.0;-8;8;-1.0;-29;188.0;132.0
-777.0;3;-74.0;7;?;0.0;3;?;133.0
-776.0;-1;-76.0;?;?;?;-1;190.0;133.0
?;?;?;?;?;2.0;8;190.0;132.0
-773.0;39;-96.0;23;-23;3.0;39;189.0;130.0
-773.0;10;-61.0;-81;81;?;?;188.0;128.0
?;-2;-12.0;-25;25;?;?;186.0;126.0
-775.0;-9;134.0;?;?;7.0;-9;?;123.0
-776.0;-9;132.0;-16;16;?;-9;186.0;121.0
?;-3;67.0;?;-10;10.0;-3;187.0;118.0
-774.0;-12;59.0;?;?;11.0;-12;187.0;117.0
-776.0;?;88.0;9;?;?;?;187.0;115.0
-777.0;11;102.0;-15;15;13.0;?;187.0;114.0
-777.0;6;87.0;-8;?;?;6;187.0;114.0
-777.0;?;86.0;?;7;?;8;?;113.0
-777.0;-10;-40.0;0;?;14.0;-10;?;?
-778.0;?;?;16;?;14.0;-34;191.0;113.0
-778.0;-17;-160.0;32;-32;14.0;?;191.0;112.0
-779.0;-1;-81.0;40;-40;15.0;-1;194.0;112.0
-778.0;-43;-132.0;-12;12;16.0;-43;198.0;111.0
-777.0;?;-140.0;33;-33;?;-16;199.0;?
?;31;-8.0;69;-69;17.0;31;199.0;110.0
-778.0;?;-31.0;15;?;18.0;-4;?;109.0
-778.0;3;-30.0;26;-26;?;3;201.0;109.0
-777.0;?;-65.0;-34;?;?;4;?;?
-777.0;-35;?;?;43;18.0;-35;203.0;108.0
-776.0;4;?;7;-7;?;?;204.0;?
-775.0;39;-166.0;-7;7;19.0;39;205.0;?
-774.0;18;-110.0;16;-16;20.0;18;207.0;?
-774.0;19;-121.0;18;-18;21.0;19;210.0;104.0
-773.0;?;-141.0;12;-12;22.0;-2;210.0;?
-773.0;-11;?;17;?;22.0;-11;210.0;102.0
-773.0;18;-71.0;14;?;22.0;18;210.0;?
-772.0;16;?;2;-2;23.0;?;211.0;102.0
-773.0;18;-30.0;5;-5;23.0;18;210.0;?
-773.0;22;-47.0;?;-35;22.0;22;210.0;100.0
?;-5;-35.0;10;-10;?;-5;210.0;100.0
-772.0;-8;42.0;-10;?;23.0;-8;209.0;100.0
-772.0;?;54.0;?;4;23.0;?;211.0;99.0
-772.0;5;45.0;-2;2;24.0;5;210.0;99.0
?;?;46.0;24;-24;23.0;-3;209.0;99.0
-773.0;14;0.0;35;?;24.0;14;210.0;?
-773.0;21;14.0;?;-36;23.0;21;210.0;98.0
-774.0;15;?;?;-34;23.0;?;210.0;?
-774.0;23;-27.0;37;-37;23.0;?;?;?
-774.0;28;-25.0;19;-19;?;28;210.0;96.0
-774.0;19;-34.0;-23;23;24.0;19;211.0;95.0
?;?;-1.0;?;5;25.0;25;212.0;?
-774.0;?;81.0;14;-14;25.0;33;?;93.0
-774.0;19;56.0;-4;4;25.0;19;212.0;93.0
?;4;0.0;16;-16;25.0;4;?;93.0
-774.0;-2;-56.0;?;-35;26.0;-2;212.0;92.0
-774.0;6;?;26;-26;26.0;6;213.0;92.0
-774.0;26;-51.0;14;?;27.0;?;213.0;91.0
-774.0;25;-36.0;-12;12;?;?;213.0;?
-774.0;15;-23.0;17;-17;27.0;?;213.0;?
?;21;-8.0;15;-15;28.0;?;?;88.0
?;17;55.0;12;-12;27.0;17;?;88.0
-773.0;8;?;?;-107;?;8;213.0;88.0
-772.0;29;?;?;-116;28.0;29;213.0;87.0
-771.0;?;89.0;101;-101;28.0;?;?;87.0
-771.0;33;94.0;72;?;28.0;33;214.0;?
-769.0;?;23.0;14;?;29.0;-12;214.0;88.0
-769.0;0;5.0;-18;18;29.0;?;214.0;88.0
?;21;?;?;39;28.0;21;?;88.0
-766.0;-20;?;14;-14;28.0;?;?;?
-765.0;-3;-239.0;?;?;?;-3;210.0;89.0
-765.0;-5;-475.0;?;60;27.0;?;210.0;89.0
-765.0;-33;-543.0;-22;22;26.0;-33;?;90.0
-765.0;-2;-546.0;-24;?;25.0;-2;?;90.0
-765.0;7;?;30;-30;24.0;7;210.0;91.0
-765.0;27;-357.0;-7;7;23.0;?;211.0;93.0
-766.0;4;?;-38;38;23.0;4;212.0;93.0
-766.0;-22;?;31;-31;24.0;-22;214.0;93.0
-766.0;30;?;14;-14;?;30;215.0;91.0
-766.0;39;75.0;-4;?;26.0;?;216.0;90.0
?;3;46.0;25;-25;26.0;3;217.0;90.0
?;-2;63.0;7;-7;26.0;-2;?;?
-768.0;10;71.0;29;-29;?;10;217.0;91.0
-768.0;-52;73.0;53;-53;26.0;-52;218.0;92.0
-768.0;-38;50.0;9;-9;25.0;?;218.0;93.0
-768.0;?;87.0;35;-35;25.0;28;217.0;94.0
-769.0;-19;123.0;?;?;25.0;-19;217.0;?
?;20;64.0;13;-13;25.0;20;216.0;94.0
-769.0;0;27.0;29;-29;25.0;0;216.0;93.0
?;-133;2.0;74;?;25.0;-133;215.0;93.0
-769.0;-100;21.0;62;?;25.0;-100;215.0;93.0
-769.0;-25;33.0;55;-55;?;-25;215.0;92.0
?;-22;69.0;48;-48;25.0;?;215.0;?
-769.0;-23;18.0;32;-32;25.0;-23;213.0;?
-770.0;-18;72.0;?;14;24.0;-18;212.0;92.0
-770.0;?;99.0;-29;29;25.0;28;?;?
-769.0;59;102.0;34;?;25.0;59;213.0;91.0
-769.0;40;49.0;48;-48;25.0;40;212.0;?
?;?;?;-22;22;25.0;34;212.0;?
?;?;-37.0;-88;88;25.0;?;213.0;90.0
-768.0;?;-78.0;-79;79;26.0;55;?;90.0
-768.0;?;11.0;-15;15;26.0;22;213.0;90.0
?;-28;-8.0;17;-17;?;-28;212.0;90.0
-766.0;36;-97.0;50;?;?;?;212.0;90.0
-766.0;-25;-273.0;?;-80;26.0;-25;?;89.0
-766.0;-21;24.0;?;7;26.0;-21;211.0;90.0
?;26;115.0;-66;66;25.0;26;212.0;90.0
-763.0;-12;62.0;-39;39;26.0;-12;212.0;89.0
-764.0;-25;87.0;-58;?;?;?;211.0;89.0
-764.0;-53;132.0;-59;?;?;?;213.0;89.0
-763.0;?;91.0;-51;?;26.0;?;?;89.0
-762.0;-8;39.0;-108;?;27.0;-8;212.0;89.0
?;-19;?;-115;115;26.0;-19;211.0;89.0
-763.0;12;86.0;-68;68;?;12;?;89.0
?;-4;?;?;98;27.0;-4;213.0;89.0
-763.0;-5;107.0;-105;105;28.0;-5;213.0;91.0
-764.0;1;129.0;-17;17;27.0;1;212.0;?
-764.0;-9;159.0;4;-4;27.0;-9;211.0;93.0
-766.0;-20;?;-20;20;27.0;-20;210.0;95.0
-766.0;-49;141.0;-2;2;?;-49;210.0;98.0
-766.0;-21;83.0;-36;36;?;-21;211.0;100.0
-766.0;37;97.0;-53;?;30.0;?;210.0;102.0
-765.0;8;148.0;14;-14;31.0;8;?;104.0
-765.0;?;115.0;9;-9;31.0;5;?;107.0
?;19;?;?;20;30.0;19;?;109.0
-767.0;37;10.0;-46;46;?;37;204.0;110.0
-769.0;60;-17.0;-95;95;27.0;60;?;111.0
?;3;46.0;-41;41;?;3;196.0;112.0
-771.0;?;44.0;-5;5;25.0;38;191.0;114.0
-772.0;85;?;-25;25;?;?;?;114.0
-772.0;59;-74.0;-1;1;22.0;59;182.0;115.0
-772.0;?;-48.0;26;-26;20.0;32;177.0;116.0
-772.0;-12;-54.0;-13;13;19.0;-12;175.0;117.0
?;16;?;?;46;19.0;16;?;116.0
-773.0;40;?;34;-34;18.0;40;?;116.0
?;?;-78.0;36;-36;17.0;11;167.0;114.0
-776.0;11;-28.0;-13;13;17.0;11;163.0;112.0
-777.0;4;2.0;?;5;?;4;159.0;110.0
?;-13;?;-24;?;15.0;-13;155.0;?
-782.0;5;46.0;2;-2;15.0;5;151.0;109.0
-784.0;-2;29.0;40;-40;14.0;-2;148.0;108.0
-785.0;-20;77.0;41;?;14.0;-20;146.0;108.0
-784.0;-23;?;-5;5;14.0;-23;144.0;?
-784.0;3;41.0;-32;32;13.0;3;?;109.0
?;38;26.0;12;?;14.0;38;144.0;109.0
-783.0;27;5.0;-9;9;14.0;?;143.0;?
-783.0;39;?;-38;38;14.0;39;143.0;109.0
-783.0;-5;-67.0;-9;?;13.0;?;143.0;110.0
?;-25;-27.0;-7;?;13.0;-25;144.0;111.0
-783.0;30;13.0;?;-9;13.0;30;144.0;112.0
-783.0;?;47.0;43;?;12.0;11;144.0;113.0
-784.0;21;134.0;?;-45;11.0;21;143.0;115.0
?;29;120.0;51;-51;?;29;143.0;116.0
?;40;100.0;28;-28;11.0;40;144.0;116.0
-786.0;?;65.0;-11;?;12.0;39;144.0;?
-786.0;-25;54.0;-26;26;12.0;-25;143.0;?
-787.0;-9;?;-29;?;12.0;-9;143.0;?
-787.0;13;120.0;?;-22;10.0;13;142.0;119.0
?;-2;140.0;30;-30;9.0;-2;142.0;?
-787.0;2;135.0;20;-20;8.0;?;141.0;119.0
-787.0;25;171.0;84;-84;8.0;25;141.0;119.0
-787.0;38;101.0;126;-126;7.0;38;141.0;119.0
-787.0;4;70.0;?;-102;6.0;4;142.0;119.0
?;?;?;87;-87;5.0;-9;146.0;118.0
-788.0;8;-172.0;110;-110;5.0;8;151.0;117.0
-788.0;0;-105.0;64;-64;5.0;0;155.0;117.0
-788.0;-28;-37.0;?;16;3.0;-28;158.0;119.0
-788.0;-33;84.0;?;25;2.0;?;?;120.0
-788.0;-7;144.0;?;31;0.0;-7;168.0;121.0
-788.0;6;50.0;-45;45;-2.0;6;173.0;122.0
?;?;38.0;-45;45;-4.0;?;177.0;?
?;?;37.0;-63;?;-5.0;34;182.0;121.0
-791.0;?;?;-47;47;?;23;187.0;121.0
-792.0;-12;?;-5;?;?;-12;190.0;120.0
-793.0;-10;-60.0;2;-2;-9.0;?;193.0;120.0
-793.0;25;-94.0;28;-28;-8.0;25;197.0;120.0
-792.0;11;-66.0;29;-29;-8.0;11;198.0;118.0
-792.0;-35;-20.0;12;?;-8.0;?;199.0;116.0
-792.0;-14;26.0;0;0;-7.0;-14;198.0;114.0
-791.0;?;48.0;-33;33;-6.0;47;196.0;111.0
?;56;38.0;-35;?;-5.0;56;193.0;108.0
-792.0;18;39.0;-35;?;-4.0;18;190.0;?
-793.0;-19;4.0;0;?;?;-19;188.0;103.0
?;-18;-51.0;8;-8;?;?;188.0;102.0
?;?;-92.0;0;0;-6.0;-2;191.0;103.0
-794.0;-2;-133.0;?;-43;-8.0;-2;?;104.0
-795.0;-15;?;20;-20;-8.0;?;197.0;105.0
-795.0;-38;-47.0;36;-36;-10.0;-38;201.0;107.0
-795.0;-15;?;49;-49;-10.0;?;205.0;108.0
-795.0;?;84.0;4;-4;?;-9;207.0;108.0
-795.0;-32;119.0;-7;7;-11.0;-32;207.0;108.0
-795.0;21;199.0;?;41;-10.0;21;206.0;107.0
?;42;207.0;?;?;-9.0;?;206.0;105.0
-793.0;-1;136.0;-18;18;-9.0;-1;204.0;103.0
-792.0;7;?;23;?;-9.0;?;?;?
-791.0;0;-55.0;?;-17;-9.0;0;201.0;99.0
?;-11;?;-4;4;-9.0;-11;200.0;97.0
-792.0;?;-162.0;?;-38;-9.0;9;201.0;97.0
-793.0;?;?;86;?;-9.0;-33;202.0;?
-793.0;?;?;?;-167;-9.0;-22;205.0;97.0
-793.0;?;-116.0;251;-251;-10.0;43;207.0;?
-794.0;46;-18.0;192;-192;-10.0;46;210.0;?
-793.0;39;?;169;-169;-10.0;?;211.0;98.0
-793.0;39;211.0;174;-174;-10.0;39;211.0;98.0
-792.0;42;220.0;-21;21;-10.0;42;209.0;97.0
-791.0;23;171.0;-121;121;?;23;?;96.0
-790.0;1;143.0;?;142;-10.0;1;203.0;96.0
?;-5;109.0;-143;143;-10.0;-5;200.0;?
?;-23;76.0;-76;76;-10.0;-23;198.0;94.0
-791.0;?;-35.0;-84;?;-11.0;-26;199.0;93.0
-792.0;-1;?;?;-34;-11.0;?;200.0;93.0
-794.0;7;-46.0;58;-58;?;7;203.0;94.0
-795.0;-29;?;-20;20;-12.0;-29;?;95.0
-795.0;?;-85.0;?;-38;-12.0;?;209.0;95.0
-795.0;-3;-46.0;46;-46;-12.0;?;?;95.0
-793.0;-29;11.0;?;?;-12.0;-29;212.0;?
-791.0;-18;114.0;-63;63;-11.0;?;210.0;?
-790.0;8;100.0;?;76;?;?;206.0;95.0
-789.0;10;56.0;?;-4;-11.0;10;201.0;94.0
-788.0;31;54.0;9;-9;-12.0;?;?;94.0
-788.0;?;34.0;-24;24;-12.0;9;195.0;94.0
-788.0;-17;11.0;?;1;?;-17;194.0;94.0
-790.0;?;-24.0;?;-13;-14.0;14;196.0;?
-791.0;-4;-125.0;25;?;?;-4;200.0;98.0
-792.0;-56;-127.0;?;-36;-16.0;-56;202.0;99.0
-792.0;?;-141.0;35;-35;-17.0;?;206.0;101.0
-792.0;-4;?;9;-9;-17.0;-4;208.0;103.0
-792.0;28;-29.0;-51;51;-17.0;28;209.0;104.0
-791.0;?;-4.0;-34;34;-17.0;48;208.0;104.0
?;?;49.0;?;37;?;-6;?;?
?;-10;88.0;-53;53;-16.0;-10;205.0;?
-787.0;?;115.0;-48;48;-16.0;52;204.0;103.0
-786.0;23;155.0;-75;75;?;23;203.0;103.0
-786.0;-1;127.0;-46;46;-16.0;-1;?;102.0
?;30;31.0;-75;75;-16.0;30;?;103.0
-790.0;10;-18.0;-56;56;-17.0;10;206.0;104.0
-791.0;-14;7.0;?;-17;-17.0;-14;208.0;105.0
-792.0;?;-32.0;5;?;-18.0;?;?;106.0
-793.0;10;?;6;?;-18.0;?;?;106.0
-793.0;-6;83.0;-24;24;-17.0;-6;?;106.0
?;19;199.0;?;40;-17.0;19;210.0;106.0
?;52;280.0;-58;58;?;52;207.0;106.0
?;58;243.0;-50;50;-15.0;?;?;105.0
-789.0;37;161.0;40;-40;-14.0;37;202.0;?
-788.0;18;?;75;?;-14.0;18;200.0;105.0
-790.0;28;-149.0;87;-87;-15.0;28;200.0;?
-792.0;5;?;?;-60;-15.0;5;202.0;?
-793.0;-58;-68.0;?;?;-16.0;-58;204.0;106.0
-795.0;-40;-158.0;-3;3;-16.0;-40;206.0;106.0
-796.0;8;-132.0;26;?;?;8;207.0;?
-797.0;-2;-181.0;17;-17;-16.0;?;?;105.0
?;20;27.0;-59;?;-16.0;20;205.0;105.0
-794.0;18;102.0;-29;29;-16.0;18;202.0;105.0
-792.0;-9;47.0;1;-1;-16.0;-9;199.0;?
-790.0;-1;-5.0;-53;53;-16.0;?;195.0;102.0
?;-3;?;-45;?;-17.0;-3;193.0;102.0
-790.0;?;12.0;?;51;-18.0;?;193.0;?
-790.0;-34;?;-37;37;?;-34;195.0;102.0
-792.0;-58;60.0;45;-45;?;-58;198.0;102.0
?;2;-8.0;55;-55;-19.0;2;202.0;103.0
-794.0;-17;?;11;-11;-19.0;?;206.0;103.0
?;-64;?;34;-34;-20.0;-64;210.0;103.0
-794.0;13;-144.0;54;-54;-20.0;?;210.0;103.0
-794.0;25;-86.0;-9;9;-20.0;?;209.0;103.0
-792.0;0;-3.0;-44;44;?;0;206.0;102.0
-790.0;8;5.0;-29;29;-18.0;8;?;101.0
-788.0;-3;63.0;-24;24;-17.0;-3;?;?
-786.0;-2;145.0;-6;6;?;-2;?;97.0
-786.0;-14;143.0;13;-13;-16.0;-14;196.0;96.0
-786.0;3;81.0;21;-21;-15.0;3;196.0;95.0
?;1;20.0;29;-29;-16.0;1;199.0;96.0
-790.0;?;1.0;20;-20;-16.0;25;203.0;97.0
-791.0;56;-68.0;-7;7;-17.0;56;208.0;98.0
?;11;-180.0;-6;6;-16.0;11;210.0;99.0
-791.0;28;-250.0;24;-24;-16.0;28;?;?
-791.0;32;-229.0;2;-2;-16.0;?;212.0;100.0
-789.0;?;-121.0;?;38;?;-11;211.0;?
-787.0;-10;5.0;?;?;?;?;209.0;99.0
-785.0;-13;?;?;-32;?;-13;206.0;?
-783.0;-5;83.0;-20;20;?;-5;205.0;98.0
-783.0;2;106.0;?;30;-14.0;?;203.0;97.0
?;?;109.0;-23;23;-13.0;-10;204.0;97.0
-787.0;14;203.0;-21;21;-14.0;14;206.0;?
-787.0;23;?;2;-2;-13.0;23;209.0;97.0
-786.0;-14;234.0;16;-16;-13.0;-14;210.0;97.0
-785.0;2;146.0;16;-16;-11.0;2;?;97.0
?;38;?;12;-12;-9.0;38;207.0;96.0
-785.0;24;?;?;?;-7.0;24;205.0;94.0
-785.0;1;151.0;34;?;-5.0;1;204.0;?
?;?;101.0;-28;28;?;14;203.0;90.0
?;?;?;-11;11;-2.0;?;202.0;89.0
-786.0;11;-88.0;45;-45;0.0;11;203.0;87.0
?;5;-299.0;8;-8;1.0;5;206.0;87.0
-783.0;9;-402.0;12;-12;2.0;9;209.0;86.0
?;7;?;55;-55;4.0;7;?;85.0
-775.0;7;-701.0;13;?;?;7;211.0;?
-772.0;?;-523.0;6;-6;?;-3;210.0;82.0
-770.0;-12;?;29;-29;9.0;-12;210.0;82.0
?;-8;-201.0;-8;8;9.0;-8;?;82.0
-767.0;2;-244.0;-3;?;10.0;?;216.0;82.0
?;-9;-313.0;-4;4;11.0;-9;217.0;81.0
-764.0;-10;-278.0;-36;36;?;-10;219.0;81.0
-762.0;-3;-119.0;-5;5;12.0;-3;222.0;81.0
-759.0;2;?;-6;6;12.0;2;?;82.0
?;26;50.0;-33;33;13.0;?;228.0;82.0
?;-6;47.0;3;?;15.0;-6;230.0;82.0
-753.0;?;-3.0;26;?;15.0;?;?;82.0
-753.0;52;-163.0;?;?;16.0;52;232.0;82.0
-753.0;-21;-221.0;4;-4;16.0;-21;233.0;81.0
-752.0;-2;-81.0;?;-39;16.0;-2;236.0;?
-751.0;-9;5.0;48;-48;16.0;?;238.0;82.0
-749.0;-41;33.0;12;-12;17.0;-41;239.0;82.0
-748.0;2;?;-3;3;?;2;241.0;82.0
?;-6;?;17;-17;17.0;?;241.0;82.0
-746.0;4;-261.0;16;-16;17.0;4;?;82.0
-745.0;51;-126.0;2;-2;17.0;51;244.0;82.0
-743.0;15;-9.0;-22;22;17.0;15;245.0;82.0
-742.0;2;-10.0;-9;9;?;2;246.0;82.0
-741.0;19;-47.0;?;-36;18.0;19;246.0;81.0
?;?;-116.0;21;-21;18.0;8;246.0;81.0
-740.0;9;43.0;4;-4;18.0;9;?;80.0
?;-21;150.0;39;-39;18.0;-21;247.0;80.0
-738.0;?;238.0;34;-34;17.0;7;248.0;81.0
-738.0;52;157.0;7;?;?;52;248.0;80.0
-737.0;29;69.0;22;-22;17.0;29;247.0;80.0
?;6;-29.0;?;-12;16.0;6;245.0;80.0
?;-3;-52.0;?;?;15.0;?;244.0;?
-738.0;14;-9.0;-13;?;?;14;243.0;79.0
-737.0;18;-15.0;2;-2;14.0;18;242.0;79.0
-735.0;22;-36.0;?;?;?;22;?;79.0
-734.0;11;-133.0;0;0;12.0;11;239.0;?
-733.0;-13;-117.0;-6;6;?;-13;237.0;77.0
?;-3;4.0;-17;17;10.0;-3;235.0;76.0
-729.0;-31;32.0;13;-13;?;-31;234.0;75.0
-724.0;-47;248.0;?;?;6.0;-47;233.0;76.0
?;-25;357.0;20;-20;3.0;-25;230.0;76.0
-710.0;?;272.0;29;-29;1.0;-24;226.0;76.0
-709.0;-23;237.0;-25;25;?;?;224.0;75.0
-712.0;-15;205.0;-34;34;-3.0;-15;?;74.0
-717.0;-21;221.0;-82;82;?;-21;230.0;71.0
-722.0;-54;270.0;-149;149;-8.0;-54;?;?
-729.0;?;325.0;-110;?;-10.0;-16;245.0;65.0
-738.0;44;466.0;?;59;-13.0;44;253.0;61.0
-749.0;39;?;-45;?;-14.0;39;?;59.0
-761.0;32;381.0;?;19;-17.0;32;273.0;58.0
-775.0;-2;333.0;-11;11;-18.0;?;281.0;59.0
-785.0;-5;266.0;-19;19;-20.0;?;293.0;60.0
-794.0;26;82.0;-6;6;?;?;303.0;64.0
-800.0;15;-137.0;18;-18;-23.0;15;315.0;?
?;8;-221.0;-3;3;-24.0;?;321.0;75.0
-805.0;0;-349.0;-38;38;-27.0;0;322.0;82.0
-808.0;-1;-456.0;10;-10;-30.0;-1;?;89.0
-808.0;?;-405.0;45;?;?;17;324.0;96.0
-811.0;-6;?;32;-32;-36.0;-6;324.0;103.0
-814.0;?;?;?;-34;-40.0;?;324.0;?
-817.0;?;-400.0;8;-8;-45.0;?;326.0;115.0
-819.0;-7;?;?;2;?;-7;?;118.0
-818.0;-48;-551.0;?;-31;?;?;328.0;122.0
-818.0;4;-500.0;22;-22;-57.0;?;330.0;124.0
-817.0;?;-471.0;?;17;-60.0;?;331.0;125.0
-818.0;27;-366.0;?;49;-62.0;?;332.0;125.0
-818.0;28;-253.0;?;74;?;28;333.0;124.0
-819.0;6;?;-76;76;-65.0;6;336.0;123.0
-819.0;?;-225.0;?;?;-67.0;-10;340.0;121.0
?;4;-160.0;?;59;-68.0;4;342.0;120.0
-819.0;?;-138.0;?;15;-68.0;?;342.0;118.0
-820.0;?;-174.0;-28;?;-69.0;0;341.0;?
-820.0;1;-149.0;?;29;-69.0;1;339.0;116.0
-820.0;?;-106.0;51;-51;-69.0;?;?;116.0
-821.0;-18;-117.0;95;-95;?;-18;331.0;116.0
?;-5;-23.0;74;-74;-67.0;?;?;115.0
?;9;476.0;64;?;-66.0;?;330.0;114.0
-822.0;36;1185.0;32;-32;-65.0;36;330.0;111.0
-820.0;?;1713.0;-12;12;-64.0;-26;328.0;106.0
-817.0;-7;1622.0;-14;14;-62.0;?;327.0;?
-813.0;?;?;-15;?;-63.0;37;316.0;95.0
?;-7;565.0;?;-7;-62.0;-7;298.0;90.0
-799.0;?;-397.0;-20;20;-61.0;-33;281.0;84.0
?;21;-1269.0;-42;42;?;21;265.0;78.0
-775.0;79;-2003.0;29;-29;-58.0;79;250.0;?
?;?;-2305.0;7;-7;-56.0;?;239.0;64.0
-757.0;50;?;?;?;?;50;231.0;59.0
-751.0;49;?;84;-84;?;49;225.0;56.0
-749.0;16;-519.0;85;-85;-45.0;16;222.0;56.0
-746.0;28;-39.0;?;-76;-41.0;28;226.0;?
?;?;?;52;-52;?;?;231.0;58.0
?;11;323.0;?;-112;-34.0;11;236.0;61.0
?;30;274.0;142;-142;?;30;242.0;65.0
-761.0;?;266.0;174;-174;?;89;251.0;?
-764.0;?;256.0;305;-305;-23.0;132;259.0;76.0
-764.0;122;186.0;?;-437;-22.0;122;269.0;82.0
-763.0;150;?;474;-474;-22.0;150;?;?
-761.0;131;170.0;371;-371;-21.0;131;281.0;?
-757.0;126;102.0;361;-361;-19.0;126;286.0;89.0
?;98;74.0;298;-298;-19.0;98;289.0;?
-754.0;23;11.0;144;-144;?;23;289.0;88.0
-755.0;?;-40.0;145;?;?;?;288.0;?
-757.0;42;?;?;?;-18.0;42;?;85.0
-758.0;49;?;227;-227;-18.0;49;284.0;85.0
-759.0;98;-130.0;389;?;-18.0;98;282.0;?
-759.0;130;-147.0;449;?;?;130;279.0;82.0
-758.0;142;-171.0;457;-457;-18.0;?;276.0;80.0
-757.0;?;-318.0;?;?;-17.0;115;270.0;79.0
-758.0;54;-361.0;279;?;?;54;266.0;77.0
-759.0;13;?;179;-179;-15.0;13;263.0;76.0
-759.0;17;?;124;-124;-14.0;17;?;?
-759.0;?;-394.0;106;?;-14.0;65;258.0;75.0
?;77;?;144;-144;-13.0;77;257.0;75.0
-758.0;59;-404.0;186;-186;-12.0;59;255.0;75.0
-757.0;69;?;174;-174;-10.0;?;252.0;76.0
?;6;?;148;-148;-8.0;6;250.0;76.0
-756.0;-44;-60.0;66;-66;-5.0;-44;246.0;76.0
-758.0;-16;254.0;-19;19;-2.0;-16;?;76.0
-759.0;-26;?;?;?;3.0;-26;239.0;74.0
-758.0;-52;653.0;?;3;7.0;?;?;?
-756.0;?;624.0;-13;13;14.0;?;229.0;70.0
-756.0;-113;?;?;9;20.0;-113;225.0;66.0
-755.0;-81;636.0;?;-18;27.0;-81;223.0;?
-752.0;-4;687.0;?;12;33.0;-4;217.0;57.0
-750.0;38;517.0;-108;108;40.0;38;?;53.0
-748.0;-10;343.0;-143;143;47.0;-10;208.0;49.0
-745.0;?;253.0;-185;185;54.0;-104;205.0;45.0
?;-130;?;?;245;60.0;?;202.0;43.0
-735.0;-57;?;?;112;?;-57;200.0;41.0
-729.0;22;209.0;47;-47;?;22;196.0;39.0
-723.0;70;220.0;78;-78;?;70;192.0;36.0
-716.0;74;186.0;84;?;89.0;74;189.0;35.0
?;37;187.0;9;?;96.0;37;185.0;33.0
?;24;?;-8;8;102.0;24;179.0;32.0
-697.0;?;?;-4;?;109.0;7;?;30.0
-694.0;1;577.0;-46;46;114.0;1;164.0;29.0
-691.0;28;736.0;-14;14;118.0;28;155.0;29.0
-690.0;-4;925.0;-11;11;121.0;?;?;31.0
-691.0;-13;1022.0;?;6;123.0;-13;131.0;32.0
?;?;1007.0;?;?;125.0;?;118.0;34.0
-694.0;?;1033.0;?;74;127.0;27;106.0;37.0
-695.0;6;?;?;?;127.0;6;93.0;41.0
-697.0;-3;1100.0;-4;4;128.0;-3;79.0;44.0
-698.0;-24;1108.0;-53;53;129.0;-24;67.0;47.0
-698.0;-8;1110.0;-78;?;127.0;-8;56.0;51.0
-698.0;-16;?;-63;63;126.0;-16;47.0;55.0
-697.0;-33;929.0;-32;32;125.0;?;40.0;59.0
-696.0;1;?;?;15;124.0;?;33.0;62.0
?;8;785.0;-42;?;121.0;8;?;65.0
-693.0;5;701.0;-55;55;?;5;22.0;68.0
-691.0;10;581.0;?;53;116.0;10;19.0;71.0
-690.0;3;564.0;-55;55;114.0;3;16.0;73.0
-688.0;11;481.0;-54;54;?;?;?;75.0
-687.0;4;410.0;-53;?;112.0;4;11.0;76.0
-686.0;-13;386.0;-27;?;?;?;10.0;76.0
-686.0;2;294.0;17;-17;?;2;?;76.0
-685.0;9;307.0;25;?;109.0;?;6.0;76.0
?;7;288.0;-9;9;108.0;7;?;?
-683.0;4;261.0;?;-23;108.0;?;2.0;75.0
-681.0;-2;235.0;?;-20;107.0;-2;0.0;?
-680.0;24;212.0;-42;42;?;?;-3.0;74.0
-679.0;?;?;17;-17;105.0;?;-5.0;74.0
?;?;221.0;32;-32;?;9;?;74.0
-677.0;?;203.0;-1;1;104.0;49;-9.0;74.0
-675.0;15;?;7;-7;?;15;-13.0;73.0
-675.0;-43;167.0;-15;15;?;-43;-16.0;72.0
?;19;155.0;2;-2;104.0;19;-19.0;72.0
?;21;?;18;-18;104.0;21;-23.0;71.0
?;-1;?;16;-16;103.0;-1;-28.0;71.0
-671.0;10;136.0;15;-15;103.0;?;-32.0;70.0
?;8;127.0;21;-21;102.0;8;-36.0;71.0
-670.0;17;138.0;36;-36;101.0;17;?;71.0
?;-1;149.0;12;?;?;-1;-43.0;?
-669.0;7;144.0;-5;5;?;?;-47.0;71.0
?;24;102.0;0;0;?;24;-50.0;71.0
-668.0;?;99.0;-6;?;?;12;?;71.0
-667.0;21;97.0;0;0;97.0;21;-54.0;71.0
-667.0;27;140.0;7;?;96.0;?;-55.0;71.0
-667.0;10;?;-10;?;95.0;10;-56.0;71.0
-666.0;1;?;-11;11;93.0;1;-57.0;72.0
-666.0;-12;101.0;0;0;92.0;-12;-57.0;72.0
-666.0;-7;99.0;-26;?;92.0;-7;?;73.0
-666.0;6;54.0;-29;29;91.0;6;-58.0;?
?;?;72.0;6;-6;91.0;-13;-58.0;?
-667.0;?;?;1;?;90.0;?;?;74.0
-667.0;?;-6.0;-8;8;90.0;4;?;?
-667.0;-20;9.0;?;0;?;-20;-57.0;73.0
-667.0;-15;26.0;-24;24;89.0;-15;-57.0;74.0
-668.0;20;28.0;-18;18;88.0;20;-56.0;74.0
-669.0;8;-19.0;7;-7;88.0;8;-55.0;?
-669.0;-15;-32.0;-14;?;88.0;-15;-54.0;73.0
-670.0;1;3.0;?;-12;?;1;?;73.0
-670.0;2;-47.0;26;-26;?;2;-51.0;73.0
-671.0;?;-107.0;?;-16;?;-20;-48.0;?
-673.0;-11;-172.0;15;-15;88.0;?;-45.0;?
-675.0;-12;-213.0;15;-15;88.0;-12;-40.0;72.0
-677.0;?;-183.0;?;-50;88.0;-29;-36.0;?
-679.0;3;-208.0;-7;7;?;?;-31.0;71.0
-681.0;-16;-262.0;-40;40;?;-16;-25.0;71.0
-683.0;-59;-301.0;?;-39;?;-59;?;70.0
-686.0;-7;-318.0;19;-19;89.0;?;-14.0;70.0
-689.0;28;?;-15;15;88.0;28;-7.0;70.0
-691.0;4;-376.0;26;-26;?;4;-1.0;70.0
-695.0;?;?;8;-8;88.0;-8;8.0;70.0
-698.0;?;-475.0;?;-28;89.0;1;17.0;69.0
-700.0;-11;-516.0;39;?;89.0;?;26.0;69.0
?;-35;-569.0;8;-8;88.0;-35;35.0;?
-704.0;?;-655.0;36;-36;88.0;-18;45.0;69.0
-704.0;?;-751.0;-22;22;87.0;12;56.0;70.0
-705.0;10;-768.0;-47;47;87.0;10;66.0;70.0
-706.0;-36;-785.0;-35;35;88.0;-36;77.0;70.0
-707.0;-37;-735.0;?;40;88.0;-37;?;69.0
?;-14;-805.0;-26;26;88.0;-14;96.0;68.0
-708.0;-25;?;-94;?;88.0;-25;104.0;68.0
-709.0;-13;?;?;?;?;-13;114.0;67.0
-708.0;-73;-878.0;-132;132;87.0;-73;122.0;67.0
-709.0;?;-874.0;-240;240;86.0;-102;129.0;66.0
-710.0;-60;-845.0;?;248;?;-60;135.0;66.0
-711.0;-65;-763.0;-258;258;84.0;-65;?;66.0
-713.0;?;-750.0;-341;?;83.0;-48;144.0;65.0
-717.0;-63;-696.0;?;319;81.0;-63;146.0;65.0
-721.0;-67;-614.0;-314;?;79.0;-67;147.0;65.0
?;3;-560.0;-295;295;76.0;3;148.0;?
-735.0;-3;-530.0;?;227;74.0;-3;?;65.0
-744.0;-34;-453.0;-186;186;?;-34;149.0;66.0
-751.0;10;-351.0;-61;61;?;10;?;?
-760.0;?;?;?;-13;61.0;5;147.0;?
-768.0;-26;-343.0;19;-19;54.0;-26;?;76.0
?;-3;-343.0;0;0;47.0;-3;149.0;82.0
-778.0;-8;?;?;?;39.0;-8;150.0;90.0
-781.0;-24;-465.0;-65;65;?;-24;?;?
?;-7;?;-84;84;26.0;-7;158.0;?
?;?;-550.0;?;?;19.0;2;163.0;109.0
-787.0;?;?;2;-2;?;16;168.0;114.0
-789.0;10;-565.0;-26;26;8.0;10;174.0;119.0
-790.0;?;-520.0;?;92;3.0;-2;180.0;124.0
-791.0;17;-441.0;?;28;?;17;185.0;128.0
-793.0;-11;-349.0;-51;51;-7.0;-11;192.0;130.0
-794.0;-45;-205.0;-59;59;-11.0;-45;?;?
-796.0;?;-327.0;?;?;?;-41;205.0;?
-796.0;?;-451.0;?;41;-16.0;-48;211.0;139.0
-796.0;-42;-420.0;-21;21;-19.0;-42;217.0;141.0
?;?;-418.0;?;-5;-21.0;-16;223.0;142.0
-793.0;-11;-387.0;8;-8;-23.0;-11;227.0;143.0
-792.0;-17;-331.0;2;-2;-24.0;?;230.0;144.0
-791.0;-6;?;11;-11;-25.0;-6;232.0;144.0
-790.0;13;?;-2;2;-26.0;13;?;144.0
-789.0;40;?;0;?;-26.0;40;240.0;?
-787.0;40;-134.0;?;?;-26.0;40;244.0;142.0
-787.0;17;-246.0;?;-45;?;17;?;142.0
-788.0;24;-193.0;?;?;-27.0;24;?;141.0
-788.0;?;?;?;-16;?;-4;253.0;?
-788.0;?;-81.0;-26;?;-28.0;-35;257.0;141.0
-788.0;-1;-159.0;?;?;?;-1;259.0;?
-788.0;?;18.0;-22;22;-29.0;34;264.0;?
-786.0;?;97.0;?;-13;-29.0;47;?;140.0
-786.0;?;?;?;-55;?;6;263.0;?
?;?;?;38;-38;-27.0;-14;262.0;?
-788.0;?;144.0;50;-50;-26.0;?;261.0;137.0
?;-33;?;34;-34;-26.0;?;260.0;137.0
-788.0;?;126.0;4;-4;-25.0;19;260.0;137.0
-788.0;22;293.0;53;-53;-23.0;22;258.0;137.0
-789.0;-4;446.0;102;-102;-21.0;-4;258.0;137.0
-790.0;20;?;122;-122;-18.0;20;?;136.0
-790.0;?;997.0;98;-98;?;40;?;135.0
-786.0;?;938.0;98;?;-13.0;27;255.0;133.0
-781.0;6;915.0;201;?;-7.0;6;250.0;129.0
?;36;?;?;-234;0.0;36;248.0;?
-766.0;48;583.0;270;-270;4.0;?;?;?
-751.0;37;78.0;336;?;10.0;?;248.0;120.0
-731.0;51;-325.0;351;-351;18.0;?;238.0;?
-708.0;49;-876.0;358;-358;26.0;49;?;113.0
-684.0;33;-1364.0;290;-290;?;33;214.0;108.0
-659.0;6;?;214;-214;43.0;6;205.0;102.0
-632.0;-12;-2345.0;?;-175;49.0;-12;198.0;98.0
-606.0;-31;-2450.0;111;?;57.0;?;?;92.0
-582.0;-18;-2017.0;48;-48;65.0;-18;176.0;?
-553.0;7;-1821.0;-11;11;71.0;7;168.0;83.0
-529.0;-29;?;-53;?;77.0;?;159.0;80.0
-514.0;-18;-1069.0;-45;45;?;-18;155.0;78.0
?;?;119.0;?;59;86.0;-3;?;?
-505.0;-12;142.0;?;?;?;?;163.0;?
?;20;356.0;?;52;92.0;20;171.0;80.0
-502.0;9;?;-27;27;?;9;184.0;82.0
-498.0;-2;313.0;25;-25;94.0;?;194.0;84.0
-494.0;32;114.0;58;-58;95.0;32;?;88.0
-493.0;35;70.0;?;-101;97.0;?;201.0;92.0
-494.0;?;168.0;?;-93;100.0;?;201.0;94.0
-497.0;44;270.0;?;?;102.0;44;?;97.0
-502.0;?;?;?;?;105.0;-9;198.0;99.0
-507.0;-13;?;?;-68;106.0;-13;194.0;102.0
-512.0;16;293.0;73;-73;106.0;16;191.0;105.0
-512.0;35;241.0;18;-18;106.0;35;?;108.0
-511.0;16;136.0;17;-17;107.0;16;?;110.0
-508.0;-13;-1.0;84;-84;108.0;-13;183.0;?
-505.0;14;-130.0;-2;2;109.0;14;?;112.0
-502.0;?;-182.0;6;-6;110.0;4;?;111.0
-497.0;?;-165.0;26;-26;112.0;-6;?;?
?;-6;-133.0;?;14;?;?;184.0;108.0
?;0;-177.0;14;-14;?;0;?;?
-482.0;-5;?;5;-5;112.0;-5;196.0;105.0
-478.0;-20;-130.0;?;?;?;-20;201.0;104.0
-475.0;55;-45.0;-2;2;?;?;205.0;?
-473.0;35;-45.0;0;0;110.0;35;207.0;104.0
-472.0;-25;-100.0;5;-5;110.0;-25;208.0;104.0
-470.0;?;-52.0;-38;38;110.0;18;207.0;104.0
-469.0;27;-42.0;?;73;110.0;27;?;104.0
-470.0;9;-14.0;-18;18;109.0;9;?;?
-469.0;-3;-10.0;29;-29;?;-3;?;103.0
?;5;?;13;-13;108.0;5;?;102.0
-469.0;16;?;11;-11;107.0;?;207.0;?
-469.0;?;-30.0;29;-29;106.0;-9;?;102.0
?;-4;7.0;?;-27;?;-4;208.0;102.0
-468.0;?;7.0;-6;6;105.0;?;207.0;102.0
-469.0;-54;-31.0;?;23;105.0;?;206.0;102.0
?;?;-9.0;?;?;106.0;-24;207.0;101.0
-468.0;5;1.0;13;-13;106.0;5;207.0;100.0
-468.0;?;-12.0;?;-9;105.0;-27;207.0;100.0
-467.0;-15;-14.0;45;-45;105.0;-15;207.0;100.0
?;-13;-19.0;?;-52;?;-13;?;100.0
-467.0;-7;7.0;31;-31;104.0;-7;207.0;100.0
-467.0;-9;19.0;19;-19;103.0;-9;206.0;100.0
?;-8;41.0;?;18;103.0;-8;206.0;?
-467.0;19;21.0;-18;18;103.0;19;206.0;99.0
?;?;?;16;-16;103.0;17;207.0;99.0
-466.0;18;11.0;-7;7;103.0;18;207.0;99.0
-466.0;9;0.0;-6;?;103.0;9;207.0;99.0
-466.0;10;24.0;10;-10;103.0;10;207.0;99.0
-466.0;-5;?;-7;7;103.0;-5;207.0;99.0
-466.0;-47;?;21;-21;103.0;-47;207.0;99.0
-467.0;?;16.0;?;-38;104.0;-28;207.0;98.0
-467.0;?;?;-11;?;103.0;?;207.0;98.0
-467.0;?;37.0;?;24;?;-23;?;98.0
-467.0;6;30.0;?;-18;103.0;6;?;98.0
?;28;-8.0;23;-23;103.0;28;207.0;98.0
-467.0;17;-15.0;?;-5;103.0;17;207.0;?
-466.0;26;?;-27;?;104.0;26;206.0;98.0
-466.0;21;?;-64;64;103.0;21;206.0;97.0
-466.0;?;?;2;-2;104.0;15;206.0;98.0
-467.0;13;?;32;-32;103.0;?;206.0;98.0
-467.0;-9;20.0;-25;25;?;-9;206.0;97.0
-467.0;-3;?;?;0;102.0;-3;205.0;97.0
-467.0;-1;?;29;-29;102.0;-1;205.0;97.0
-467.0;?;24.0;-12;12;102.0;-19;205.0;97.0
-467.0;11;18.0;-25;25;?;11;205.0;97.0
-467.0;?;20.0;?;7;103.0;?;206.0;?
-467.0;-10;?;-19;?;?;-10;206.0;97.0
-467.0;-3;-26.0;-34;34;103.0;-3;206.0;?
-467.0;7;-1.0;-17;17;103.0;?;205.0;96.0
?;?;-48.0;-18;18;?;-2;205.0;?
-467.0;0;?;-70;70;103.0;?;204.0;94.0
?;10;?;-103;103;103.0;10;204.0;?
-468.0;2;?;-133;133;102.0;2;203.0;93.0
?;-24;-13.0;-145;145;101.0;-24;202.0;93.0
-472.0;-35;?;-100;100;?;?;200.0;?
-475.0;-26;-4.0;-98;?;100.0;-26;197.0;92.0
?;-27;?;-72;72;100.0;-27;192.0;90.0
?;-38;78.0;-56;56;99.0;-38;186.0;89.0
?;-32;116.0;-31;?;98.0;?;179.0;88.0
?;-14;90.0;55;?;96.0;-14;173.0;86.0
-511.0;?;30.0;24;-24;94.0;-19;168.0;86.0
-512.0;-33;21.0;-37;37;92.0;?;?;?
-508.0;0;-28.0;-86;86;91.0;0;146.0;?
-502.0;12;-14.0;-140;140;90.0;12;129.0;?
-500.0;-32;114.0;?;186;91.0;-32;112.0;?
-504.0;-83;257.0;?;263;?;-83;97.0;?
-516.0;-132;676.0;-309;309;96.0;-132;84.0;68.0
?;-128;1319.0;-338;338;98.0;-128;76.0;58.0
?;-107;1855.0;-324;324;?;-107;69.0;48.0
-594.0;?;2337.0;-325;325;96.0;-69;65.0;41.0
-630.0;-35;2636.0;-320;?;93.0;-35;?;36.0
?;-45;2736.0;-242;?;?;?;60.0;33.0
?;-28;?;-238;238;80.0;-28;59.0;33.0
?;-28;1910.0;-251;?;71.0;-28;59.0;34.0
-766.0;?;1153.0;-246;246;61.0;-7;?;36.0
-788.0;0;508.0;-217;217;45.0;0;61.0;42.0
-802.0;-35;18.0;-104;104;27.0;?;71.0;52.0
-813.0;-17;-88.0;?;37;16.0;-17;80.0;59.0
-820.0;-13;?;-35;35;?;?;?;66.0
?;?;-583.0;-25;25;-3.0;?;107.0;?
-823.0;-7;-521.0;?;?;-12.0;?;119.0;84.0
?;7;?;?;22;-21.0;7;132.0;90.0
?;?;-586.0;-33;33;?;48;?;91.0
-822.0;14;-479.0;-15;?;-28.0;14;152.0;93.0
-821.0;-4;?;-17;17;-33.0;-4;?;94.0
-819.0;20;-398.0;-5;?;-36.0;?;?;?
?;-14;-199.0;-44;44;-37.0;-14;176.0;?
?;-17;-229.0;-118;118;-38.0;-17;183.0;?
-817.0;17;-143.0;-125;125;-39.0;17;187.0;?
?;25;-92.0;-117;?;?;25;190.0;83.0
-819.0;?;?;-102;102;-40.0;50;193.0;81.0
-820.0;17;6.0;?;78;-40.0;17;194.0;80.0
-821.0;-17;39.0;?;7;-40.0;-17;194.0;78.0
-822.0;12;-68.0;63;-63;-39.0;12;?;77.0
-823.0;?;-53.0;?;-56;-39.0;7;197.0;?
-823.0;?;-59.0;46;-46;-38.0;-11;?;?
-823.0;-14;-39.0;43;?;-38.0;?;198.0;?
?;23;-113.0;68;-68;-37.0;23;199.0;78.0
-823.0;36;-182.0;106;-106;-37.0;36;200.0;80.0
-824.0;?;-48.0;90;?;-37.0;29;202.0;81.0
-824.0;?;104.0;76;?;?;38;202.0;83.0
-823.0;?;251.0;137;-137;-33.0;33;200.0;84.0
-821.0;78;409.0;206;?;-29.0;?;197.0;84.0
-817.0;74;617.0;?;-199;-25.0;74;192.0;84.0
-813.0;47;819.0;268;-268;-21.0;47;185.0;86.0
?;70;?;?;-337;-17.0;70;178.0;87.0
-804.0;50;?;?;-299;-11.0;50;171.0;87.0
-798.0;37;1207.0;?;-294;-6.0;37;?;85.0
?;43;1175.0;235;-235;1.0;43;155.0;83.0
-788.0;?;?;?;?;8.0;58;?;81.0
-782.0;50;1243.0;190;-190;15.0;50;137.0;78.0
-777.0;?;?;111;-111;21.0;27;126.0;77.0
-772.0;37;1241.0;115;-115;28.0;?;114.0;75.0
?;?;?;114;-114;37.0;30;?;71.0
?;23;870.0;100;-100;47.0;?;85.0;64.0
-757.0;10;?;73;-73;56.0;?;70.0;56.0
-752.0;26;?;-4;4;64.0;26;?;47.0
-747.0;10;?;26;-26;70.0;10;39.0;39.0
?;?;?;94;-94;77.0;-44;23.0;33.0
-738.0;11;?;65;-65;83.0;?;?;?
-732.0;25;726.0;69;-69;88.0;25;-9.0;25.0
?;-1;?;82;?;93.0;-1;-25.0;?
-720.0;-9;734.0;34;-34;98.0;-9;?;?
-714.0;-22;699.0;61;-61;102.0;-22;?;24.0
-708.0;31;?;?;-64;105.0;31;-61.0;24.0
?;26;662.0;-16;?;109.0;26;-70.0;24.0
-696.0;?;579.0;-4;4;?;-20;-76.0;24.0
-692.0;3;521.0;-5;?;115.0;3;?;24.0
?;15;442.0;-3;3;115.0;15;-84.0;25.0
?;-4;406.0;35;-35;?;-4;-87.0;26.0
-683.0;-13;344.0;-1;1;117.0;-13;-89.0;27.0
-680.0;-11;317.0;33;-33;117.0;?;-90.0;?
-678.0;13;205.0;22;-22;117.0;13;-92.0;30.0
-678.0;7;155.0;-38;38;?;7;-93.0;31.0
-677.0;-16;94.0;-4;?;118.0;-16;-94.0;32.0
-677.0;?;111.0;?;?;?;-3;-94.0;32.0
-677.0;?;176.0;-8;8;?;?;-94.0;?
?;0;156.0;21;-21;121.0;0;-92.0;32.0
-678.0;14;147.0;20;-20;121.0;14;-91.0;32.0
-678.0;-5;168.0;0;0;121.0;-5;-89.0;33.0
-678.0;-27;166.0;12;-12;121.0;-27;-88.0;?
-677.0;-35;?;46;?;121.0;-35;-87.0;33.0
?;-38;?;50;-50;?;-38;-86.0;?
?;-13;123.0;?;-19;120.0;-13;-85.0;33.0
-679.0;1;51.0;?;1;119.0;1;?;34.0
-679.0;12;50.0;16;-16;119.0;12;-84.0;?
-680.0;-1;87.0;39;?;118.0;-1;?;34.0
-680.0;-44;129.0;37;-37;118.0;?;-84.0;34.0
-680.0;-30;116.0;18;?;?;-30;-84.0;34.0
-680.0;-21;?;?;?;117.0;-21;-84.0;34.0
-679.0;-22;?;1;-1;115.0;-22;-84.0;?
-679.0;-14;73.0;-35;35;115.0;-14;-84.0;?
-679.0;-26;24.0;-42;?;115.0;?;-83.0;?
-679.0;-15;?;-16;16;115.0;-15;-82.0;33.0
-679.0;?;56.0;?;5;114.0;?;-81.0;33.0
?;47;35.0;-44;44;114.0;47;-80.0;33.0
-680.0;?;45.0;-14;14;113.0;?;-80.0;33.0
-680.0;?;83.0;33;-33;?;-4;-80.0;32.0
-681.0;?;36.0;?;?;113.0;-14;-80.0;32.0
-681.0;-14;19.0;16;-16;?;-14;-80.0;32.0
-682.0;-20;?;17;-17;112.0;-20;-80.0;31.0
?;?;39.0;19;?;112.0;-30;?;31.0
-682.0;-10;59.0;4;-4;112.0;?;-80.0;30.0
-682.0;8;43.0;-16;16;112.0;8;-80.0;31.0
-682.0;7;?;-15;15;112.0;7;-80.0;30.0
-683.0;?;0.0;-32;32;112.0;8;-79.0;29.0
-683.0;-19;-38.0;-16;16;111.0;?;?;?
-684.0;?;33.0;14;-14;111.0;-12;?;?
-684.0;17;9.0;20;-20;111.0;?;-76.0;29.0
-685.0;15;4.0;?;-44;?;15;-75.0;29.0
-685.0;17;-6.0;?;-33;111.0;17;-74.0;29.0
-685.0;?;-48.0;-19;19;111.0;18;-72.0;28.0
-686.0;15;-72.0;-25;?;111.0;15;?;28.0
-687.0;21;-68.0;-30;30;111.0;21;?;?
-688.0;10;-64.0;-25;25;?;10;-69.0;28.0
-689.0;?;?;0;?;111.0;?;-67.0;29.0
-689.0;5;-19.0;-4;4;?;5;-65.0;29.0
-689.0;-30;?;-29;?;111.0;-30;?;29.0
?;-32;-119.0;-40;40;111.0;-32;-62.0;?
?;-18;-199.0;?;-9;111.0;-18;-59.0;29.0
-695.0;-31;?;-48;?;110.0;-31;-55.0;?
?;-33;?;?;?;109.0;-33;-47.0;29.0
-703.0;-24;-487.0;-54;?;?;-24;-38.0;30.0
-708.0;?;-538.0;-107;107;108.0;-31;-28.0;?
?;-53;-637.0;-153;?;106.0;-53;-15.0;30.0
-718.0;-41;-729.0;-137;137;104.0;-41;-1.0;32.0
-722.0;?;-959.0;-183;183;101.0;-2;16.0;34.0
?;-25;-1164.0;?;286;97.0;-25;31.0;36.0
-730.0;-65;-1225.0;-317;317;?;-65;45.0;37.0
-734.0;-41;-1241.0;-237;237;93.0;?;55.0;37.0
?;?;-1202.0;-215;215;91.0;-32;63.0;36.0
-744.0;?;-1267.0;-138;138;88.0;?;71.0;35.0
-750.0;11;-1289.0;-106;106;84.0;?;79.0;33.0
-756.0;26;-1205.0;-179;?;79.0;26;86.0;32.0
?;-2;-1117.0;-138;?;74.0;-2;92.0;32.0
-771.0;-19;-1011.0;-111;?;?;-19;98.0;32.0
-779.0;16;-881.0;-119;119;62.0;16;103.0;?
?;15;?;-107;107;56.0;15;109.0;36.0
?;-46;-532.0;-86;86;50.0;-46;113.0;40.0
-799.0;?;-451.0;-77;77;45.0;-77;115.0;43.0
?;-76;?;-77;?;40.0;-76;119.0;?
-808.0;-41;-247.0;?;24;33.0;-41;121.0;52.0
-812.0;7;?;-14;14;26.0;7;?;58.0
-814.0;?;-363.0;10;-10;?;-8;?;66.0
?;15;-507.0;67;-67;11.0;?;132.0;?
-818.0;68;?;29;-29;4.0;68;138.0;?
?;14;-517.0;-30;?;-3.0;14;145.0;87.0
-821.0;?;?;-41;41;-9.0;-7;152.0;94.0
-822.0;?;?;-5;5;-14.0;35;160.0;?
-822.0;?;-484.0;26;-26;-19.0;25;166.0;?
-822.0;6;-528.0;?;-7;-23.0;6;173.0;112.0
-822.0;?;-455.0;-13;13;-25.0;29;178.0;?
-822.0;22;-396.0;4;-4;-27.0;22;183.0;118.0
-822.0;1;?;4;?;-28.0;1;186.0;119.0
-821.0;70;?;-16;16;-29.0;70;?;?
-821.0;64;-494.0;?;1;-30.0;64;?;118.0
-821.0;?;-375.0;17;-17;-31.0;-17;193.0;118.0
?;9;-335.0;6;-6;?;9;?;118.0
-822.0;22;-314.0;13;-13;-32.0;22;199.0;118.0
-821.0;-21;-258.0;24;-24;-33.0;-21;202.0;118.0
?;-1;-312.0;-7;?;-34.0;-1;204.0;119.0
-820.0;38;-303.0;-1;1;-34.0;38;205.0;?
-820.0;19;?;44;-44;-34.0;19;206.0;?
-820.0;-3;?;?;-35;-34.0;-3;207.0;118.0
-820.0;?;-134.0;?;-16;-35.0;21;208.0;118.0
-821.0;?;-108.0;1;-1;-35.0;42;211.0;?
-821.0;20;-40.0;-67;67;-35.0;20;211.0;?
-821.0;8;51.0;?;36;-35.0;8;211.0;118.0
?;31;69.0;?;-2;-35.0;31;210.0;118.0
?;17;22.0;-24;24;-34.0;17;208.0;118.0
?;?;76.0;27;-27;-33.0;-21;205.0;117.0
-825.0;?;90.0;?;-40;-33.0;-12;203.0;116.0
-825.0;-1;106.0;124;-124;-32.0;-1;202.0;?
-825.0;?;?;?;-212;-30.0;-1;200.0;116.0
-827.0;21;332.0;199;?;-29.0;21;197.0;116.0
-829.0;?;779.0;246;-246;-28.0;37;196.0;?
-831.0;39;1262.0;267;?;-26.0;?;196.0;116.0
?;36;1598.0;275;?;-22.0;36;196.0;113.0
-817.0;42;1774.0;?;-234;-14.0;42;198.0;106.0
-807.0;28;1349.0;?;-194;?;?;201.0;97.0
-797.0;7;851.0;207;-207;6.0;?;201.0;89.0
-781.0;35;188.0;206;-206;?;35;199.0;78.0
-760.0;38;-840.0;?;-252;29.0;?;193.0;70.0
-734.0;9;-1696.0;250;?;?;9;?;64.0
-707.0;76;-2370.0;?;-291;47.0;?;177.0;?
-679.0;116;-2917.0;291;-291;57.0;116;?;55.0
-649.0;26;?;?;-227;65.0;26;162.0;52.0
-620.0;-24;?;238;?;?;-24;151.0;48.0
-593.0;?;-2333.0;171;?;?;-7;137.0;?
-568.0;?;-1832.0;176;?;91.0;1;124.0;46.0
-547.0;11;-1354.0;193;-193;?;11;?;?
-529.0;?;-1016.0;181;-181;103.0;2;?;47.0
-513.0;9;-1012.0;167;-167;108.0;9;114.0;49.0
?;28;-445.0;6;-6;112.0;28;124.0;53.0
-485.0;-1;672.0;-63;?;115.0;-1;138.0;59.0
-472.0;13;349.0;-37;37;119.0;13;152.0;63.0
-462.0;25;462.0;-26;26;123.0;25;163.0;69.0
-459.0;16;?;?;-2;127.0;16;172.0;?
-455.0;-8;274.0;?;4;129.0;-8;177.0;?
?;-47;111.0;-13;?;129.0;-47;178.0;79.0
?;7;64.0;-15;15;?;7;175.0;85.0
-448.0;-9;98.0;-6;6;126.0;-9;175.0;90.0
-449.0;?;169.0;-5;5;?;-30;176.0;96.0
-451.0;?;220.0;-2;2;124.0;-4;178.0;100.0
-453.0;-13;159.0;-15;15;?;-13;?;104.0
?;?;?;-44;44;122.0;41;?;?
?;?;91.0;4;-4;?;25;188.0;109.0
-452.0;-2;?;39;-39;122.0;-2;188.0;110.0
?;4;28.0;21;-21;?;?;188.0;110.0
-452.0;-16;46.0;30;?;121.0;-16;188.0;112.0
-452.0;-14;30.0;27;-27;120.0;-14;188.0;113.0
-452.0;?;14.0;24;-24;119.0;?;189.0;113.0
-451.0;2;25.0;29;?;117.0;2;190.0;114.0
-451.0;-31;-27.0;-12;?;116.0;-31;190.0;116.0
-451.0;?;3.0;-14;14;114.0;-13;?;117.0
-450.0;?;3.0;21;-21;113.0;24;190.0;117.0
-450.0;?;7.0;27;?;111.0;-4;190.0;118.0
-450.0;26;9.0;17;-17;109.0;?;190.0;?
-451.0;-12;22.0;-49;?;107.0;?;?;121.0
-451.0;-1;-14.0;-69;?;?;?;191.0;122.0
-451.0;?;24.0;5;-5;104.0;?;192.0;123.0
-451.0;-37;-6.0;24;-24;102.0;-37;192.0;125.0
-452.0;?;-1.0;7;-7;101.0;4;?;126.0
-452.0;18;14.0;24;-24;100.0;18;193.0;126.0
-451.0;25;3.0;16;-16;100.0;25;194.0;126.0
-451.0;?;?;-26;26;100.0;6;?;?
-450.0;-46;9.0;-47;?;99.0;?;194.0;126.0
?;-32;11.0;-40;40;99.0;-32;?;126.0
-451.0;-24;-55.0;3;-3;?;?;194.0;126.0
-451.0;-12;-16.0;39;-39;?;-12;194.0;126.0
-451.0;5;-50.0;?;?;?;5;194.0;126.0
-451.0;-17;20.0;?;?;96.0;-17;195.0;126.0
-450.0;-7;18.0;-17;17;95.0;?;195.0;127.0
?;-20;?;?;9;95.0;-20;196.0;127.0
-449.0;-56;-19.0;33;-33;95.0;-56;197.0;128.0
?;-12;-15.0;39;?;?;?;197.0;129.0
-449.0;-20;22.0;43;-43;?;-20;?;129.0
-449.0;-32;41.0;40;?;?;-32;196.0;130.0
-449.0;?;?;6;-6;92.0;?;196.0;130.0
-448.0;-31;64.0;-37;?;?;-31;?;131.0
-448.0;33;?;-72;72;?;33;?;131.0
?;-4;39.0;-46;?;92.0;-4;?;131.0
-448.0;-23;53.0;-28;28;92.0;?;195.0;?
?;21;50.0;-64;64;?;21;194.0;?
-449.0;-5;10.0;?;?;92.0;?;?;131.0
-449.0;-25;5.0;-132;132;?;-25;195.0;131.0
-449.0;?;7.0;-57;57;92.0;-25;195.0;131.0
-449.0;-19;22.0;-32;32;?;-19;194.0;?
-452.0;-6;?;-81;81;93.0;-6;193.0;128.0
-458.0;-4;?;-20;20;94.0;?;?;126.0
-469.0;-5;139.0;-102;102;95.0;-5;179.0;?
-487.0;-26;452.0;?;339;95.0;-26;167.0;?
-509.0;-62;887.0;?;401;93.0;-62;156.0;112.0
-530.0;?;1244.0;-490;490;90.0;-60;144.0;107.0
-554.0;-58;1572.0;-516;516;87.0;-58;131.0;102.0
-581.0;?;1744.0;-368;?;83.0;-63;120.0;98.0
-610.0;-27;1786.0;-333;?;79.0;-27;111.0;93.0
-641.0;-14;1803.0;?;357;75.0;-14;101.0;88.0
?;-34;1932.0;?;310;71.0;-34;92.0;?
-706.0;-31;?;-278;278;?;-31;83.0;78.0
-733.0;-44;1744.0;?;304;57.0;-44;74.0;74.0
-755.0;?;1438.0;-275;275;49.0;-18;68.0;?
-772.0;-11;923.0;-207;?;36.0;-11;?;70.0
-785.0;-54;376.0;?;158;24.0;-54;64.0;71.0
-797.0;?;-25.0;-33;33;13.0;-15;71.0;?
?;-3;-255.0;?;-100;3.0;-3;78.0;81.0
-812.0;-19;?;106;-106;-6.0;-19;88.0;86.0
?;?;-487.0;?;?;?;-14;100.0;93.0
-821.0;?;-569.0;86;-86;-25.0;-10;112.0;102.0
-822.0;25;-477.0;?;?;?;25;124.0;108.0
-821.0;-6;-308.0;-46;46;-40.0;-6;134.0;113.0
-822.0;-48;-132.0;3;-3;-47.0;?;144.0;117.0
-824.0;-2;?;13;-13;-51.0;-2;153.0;120.0
-825.0;29;16.0;-31;31;-55.0;29;162.0;120.0
-826.0;?;-52.0;?;52;-58.0;16;168.0;119.0
-828.0;7;-19.0;?;8;?;?;174.0;?
-829.0;?;?;3;-3;-60.0;-17;178.0;?
-832.0;-30;?;-13;13;-61.0;-30;181.0;111.0
-833.0;-20;-29.0;?;?;-61.0;-20;182.0;110.0
-835.0;?;-8.0;-14;?;?;-28;?;108.0
-835.0;-21;-92.0;2;?;-62.0;-21;?;107.0
-835.0;?;-27.0;55;-55;-61.0;?;184.0;107.0
-835.0;37;-57.0;?;-53;-61.0;?;187.0;107.0
-834.0;?;40.0;131;-131;-60.0;-7;?;108.0
-836.0;-22;?;155;-155;?;-22;193.0;109.0
-837.0;19;150.0;?;-102;?;19;194.0;111.0
-837.0;48;135.0;?;?;-56.0;48;196.0;113.0
?;32;360.0;136;-136;-54.0;32;196.0;?
-835.0;19;?;?;-93;-51.0;?;195.0;?
-832.0;37;739.0;114;-114;-48.0;?;191.0;?
-828.0;-10;906.0;106;-106;-43.0;?;186.0;114.0
-824.0;4;1016.0;86;-86;?;?;179.0;110.0
-819.0;57;1152.0;119;?;?;57;169.0;105.0
-812.0;-15;1132.0;?;-147;-21.0;-15;?;?
-805.0;20;1110.0;138;-138;-13.0;20;148.0;98.0
-799.0;84;1155.0;?;?;-4.0;84;138.0;93.0
-791.0;32;?;140;?;?;32;128.0;89.0
?;5;1000.0;114;-114;?;5;115.0;84.0
-773.0;6;909.0;127;-127;25.0;6;101.0;79.0
-761.0;7;845.0;133;-133;36.0;?;85.0;74.0
-749.0;?;?;101;-101;44.0;?;68.0;72.0
-736.0;23;763.0;99;?;54.0;?;?;67.0
-724.0;37;784.0;71;-71;62.0;?;31.0;?
?;12;778.0;62;?;?;12;11.0;58.0
?;-4;684.0;?;-87;78.0;-4;-10.0;?
-689.0;2;550.0;?;-44;?;2;-34.0;49.0
?;?;535.0;51;-51;92.0;23;-57.0;?
?;21;?;68;?;?;21;-76.0;?
-663.0;2;559.0;39;-39;98.0;2;-93.0;44.0
-656.0;8;?;50;-50;?;8;-106.0;?
-649.0;7;525.0;?;?;101.0;7;-117.0;45.0
-642.0;-12;549.0;1;-1;104.0;-12;-125.0;?
-636.0;-9;540.0;-40;?;108.0;-9;-131.0;44.0
-630.0;0;445.0;-2;?;?;?;-134.0;43.0
-626.0;13;387.0;43;?;116.0;?;?;42.0
?;26;372.0;?;-11;?;26;?;42.0
-622.0;?;356.0;-4;4;121.0;-1;-136.0;?
-621.0;-25;295.0;?;-9;123.0;-25;?;43.0
-621.0;-13;?;-8;8;125.0;-13;-134.0;43.0
-621.0;?;?;?;?;127.0;1;?;43.0
-621.0;-8;236.0;?;17;128.0;-8;-131.0;43.0
?;-1;258.0;-11;11;129.0;-1;-130.0;?
-623.0;16;194.0;-1;1;?;16;-128.0;44.0
?;1;?;-49;?;129.0;?;-127.0;44.0
-625.0;-14;99.0;?;28;129.0;?;?;?
-627.0;-32;94.0;-4;4;?;-32;-124.0;?
-629.0;5;141.0;-24;?;128.0;?;-121.0;47.0
-630.0;?;202.0;32;-32;?;46;-118.0;?
-632.0;-7;?;42;-42;126.0;-7;?;?
-633.0;-13;223.0;-9;9;125.0;-13;-112.0;52.0
-635.0;-3;183.0;1;-1;123.0;-3;-109.0;?
-636.0;-19;172.0;20;-20;122.0;-19;-106.0;?
-638.0;-12;?;17;-17;120.0;-12;-104.0;56.0
-639.0;?;185.0;27;-27;119.0;?;-102.0;56.0
?;-2;93.0;19;-19;118.0;-2;-100.0;57.0
?;-13;67.0;10;-10;117.0;?;-99.0;?
-643.0;27;?;-13;13;116.0;27;-98.0;?
-644.0;22;52.0;-60;60;115.0;?;-97.0;57.0
-644.0;-16;73.0;-27;27;?;-16;-97.0;57.0
-645.0;6;57.0;37;-37;114.0;6;-98.0;57.0
-646.0;-17;7.0;14;-14;114.0;-17;-97.0;57.0
-646.0;-29;42.0;-16;16;114.0;-29;?;57.0
-647.0;14;22.0;-35;?;114.0;?;-97.0;57.0
-647.0;25;44.0;-20;?;114.0;25;-98.0;57.0
?;1;28.0;?;-7;?;1;-98.0;?
-648.0;-14;39.0;-3;3;113.0;-14;-98.0;56.0
-648.0;1;?;13;?;113.0;1;-98.0;56.0
-648.0;12;57.0;17;-17;113.0;12;-98.0;?
?;-1;50.0;?;-21;113.0;-1;-98.0;56.0
-647.0;18;48.0;10;?;112.0;18;-98.0;55.0
?;22;5.0;25;-25;112.0;22;?;55.0
?;?;20.0;38;-38;?;-13;-98.0;?
-648.0;-7;37.0;-38;38;?;-7;?;55.0
-649.0;-13;18.0;13;-13;112.0;-13;-98.0;54.0
-649.0;-31;29.0;69;-69;112.0;-31;-98.0;55.0
-649.0;-18;30.0;19;?;111.0;-18;-98.0;55.0
-649.0;0;70.0;7;-7;111.0;0;-99.0;55.0
-650.0;35;50.0;7;-7;111.0;35;-99.0;55.0
-650.0;46;42.0;?;?;111.0;46;-99.0;?
?;?;11.0;-19;19;111.0;-3;?;54.0
-650.0;?;7.0;-29;29;111.0;-30;-100.0;54.0
-650.0;-3;18.0;4;-4;111.0;?;-100.0;53.0
-650.0;17;-13.0;-17;17;111.0;17;-100.0;53.0
-650.0;-1;?;-17;17;110.0;-1;-101.0;53.0
-650.0;-20;?;12;-12;110.0;?;-101.0;53.0
-650.0;14;28.0;-16;16;110.0;14;-101.0;53.0
?;25;11.0;13;-13;109.0;25;-100.0;53.0
-649.0;18;35.0;31;-31;109.0;18;-101.0;?
-649.0;26;43.0;-3;3;109.0;?;-101.0;53.0
?;8;22.0;16;-16;108.0;8;?;53.0
-650.0;?;35.0;-14;14;109.0;?;-100.0;52.0
-650.0;?;17.0;-9;?;109.0;-14;-100.0;52.0
-650.0;-42;?;25;-25;108.0;-42;?;52.0
-651.0;-31;42.0;15;?;108.0;-31;-100.0;52.0
-651.0;?;24.0;?;-37;108.0;-24;-99.0;52.0
-652.0;?;12.0;16;-16;108.0;?;-99.0;52.0
-652.0;-14;?;?;39;108.0;-14;-98.0;?
-652.0;?;16.0;-41;41;108.0;-13;-98.0;51.0
-652.0;-17;?;?;51;108.0;-17;-98.0;51.0
-653.0;-9;-10.0;?;34;107.0;-9;-97.0;50.0
-653.0;17;-32.0;-4;4;?;?;-97.0;50.0
-653.0;26;-2.0;-31;31;108.0;26;-97.0;50.0
-654.0;?;?;?;2;107.0;13;-96.0;?
-654.0;?;18.0;18;-18;?;-26;-96.0;50.0
-654.0;36;-74.0;-12;12;108.0;36;-95.0;50.0
-655.0;67;-56.0;16;-16;108.0;67;-94.0;50.0
-655.0;-35;-28.0;?;-26;?;?;-93.0;49.0
-655.0;-27;1.0;-2;2;109.0;-27;-93.0;?
-655.0;11;-26.0;9;?;110.0;11;?;?
-655.0;-1;-68.0;19;-19;?;-1;?;?
-656.0;14;-78.0;19;?;?;14;?;?
-656.0;13;-33.0;42;-42;110.0;13;-90.0;47.0
?;-23;?;66;-66;111.0;-23;-89.0;47.0
-657.0;?;-29.0;71;?;111.0;-26;?;?
-657.0;?;?;31;-31;111.0;32;-86.0;47.0
-657.0;6;-28.0;-12;12;111.0;6;-85.0;?
?;-60;-25.0;-9;9;111.0;-60;-85.0;46.0
-658.0;-38;-42.0;9;-9;?;-38;-84.0;?
?;?;?;26;-26;112.0;?;-83.0;45.0
-659.0;6;-135.0;10;-10;112.0;6;?;45.0
-661.0;-3;-168.0;-44;44;113.0;-3;-80.0;44.0
-663.0;?;-170.0;-47;47;113.0;-23;-77.0;44.0
?;-3;-198.0;-57;57;113.0;-3;?;44.0
?;16;-266.0;-118;?;113.0;16;-68.0;43.0
-674.0;-3;-392.0;-90;90;111.0;?;-60.0;43.0
-680.0;-4;-607.0;-61;?;?;?;-51.0;43.0
-689.0;-18;?;-197;197;108.0;-18;-41.0;?
-697.0;?;?;?;?;106.0;-47;-30.0;43.0
-707.0;-41;-1191.0;-299;299;?;-41;-18.0;43.0
-716.0;-47;-1384.0;?;255;?;?;-5.0;42.0
-726.0;?;-1443.0;-256;256;95.0;-48;10.0;41.0
-736.0;-15;-1451.0;-223;223;91.0;-15;?;40.0
-747.0;-34;?;-127;?;86.0;-34;?;?
?;-39;?;?;99;81.0;?;49.0;37.0
-771.0;?;-1123.0;?;165;77.0;-27;58.0;35.0
?;?;-1006.0;-196;196;71.0;-67;?;34.0
-792.0;-35;-849.0;-195;195;?;?;?;?
-800.0;27;-693.0;-173;173;58.0;?;79.0;36.0
?;?;-596.0;-77;77;50.0;1;83.0;37.0
-813.0;-6;-598.0;-41;41;42.0;-6;?;38.0
-817.0;34;-477.0;?;3;?;34;90.0;43.0
-823.0;?;-447.0;88;?;22.0;15;93.0;?
-828.0;3;-498.0;66;-66;10.0;3;?;?
-833.0;30;-619.0;31;-31;-2.0;30;?;66.0
-838.0;6;-714.0;16;-16;?;6;113.0;74.0
-841.0;5;?;7;-7;?;?;121.0;82.0
-842.0;27;-687.0;1;-1;-27.0;?;?;89.0
-843.0;6;-672.0;-34;34;-33.0;6;139.0;96.0
-843.0;30;?;-19;19;-38.0;30;147.0;100.0
-843.0;48;?;2;-2;?;48;153.0;103.0
-844.0;16;?;18;-18;-46.0;16;159.0;107.0
-844.0;7;?;23;-23;?;7;?;?
-844.0;4;-439.0;7;?;-53.0;4;166.0;?
-844.0;-14;?;46;-46;-56.0;?;168.0;113.0
?;-16;-381.0;72;?;-57.0;?;170.0;113.0
?;-1;?;22;-22;?;-1;?;114.0
?;?;?;12;-12;-58.0;17;?;114.0
-845.0;30;-195.0;45;-45;-58.0;30;178.0;114.0
-844.0;26;4.0;16;?;?;?;?;114.0
-845.0;27;-54.0;-61;61;-58.0;27;180.0;114.0
?;37;-82.0;?;112;-57.0;37;180.0;115.0
-845.0;23;-28.0;-105;?;-57.0;23;180.0;115.0
-845.0;-5;-84.0;-83;?;-56.0;-5;180.0;?
-845.0;22;-25.0;?;33;-55.0;22;179.0;?
-844.0;34;51.0;23;-23;-54.0;?;178.0;115.0
-844.0;?;60.0;91;-91;-53.0;8;177.0;116.0
?;24;?;186;-186;-52.0;24;175.0;117.0
-842.0;?;275.0;196;-196;-50.0;21;173.0;118.0
-843.0;25;483.0;265;-265;?;25;171.0;119.0
?;39;?;404;?;?;39;170.0;119.0
?;53;1291.0;430;?;-39.0;53;167.0;117.0
?;98;1323.0;481;-481;?;?;164.0;114.0
-832.0;65;?;541;?;-23.0;65;?;109.0
-823.0;45;?;482;-482;?;45;?;103.0
?;?;?;478;-478;-1.0;89;146.0;?
?;?;-298.0;?;?;9.0;63;139.0;93.0
-785.0;?;-728.0;228;-228;21.0;27;134.0;86.0
-769.0;37;?;138;-138;33.0;37;133.0;79.0
-749.0;30;-1914.0;19;-19;?;30;?;72.0
-725.0;29;-2195.0;?;26;?;29;145.0;66.0
-700.0;?;-2318.0;-10;10;69.0;13;151.0;60.0
-675.0;-16;-2146.0;?;?;?;-16;154.0;55.0
-653.0;30;-1855.0;68;?;?;30;154.0;50.0
-633.0;45;-1511.0;43;-43;?;45;155.0;47.0
-616.0;-30;-1379.0;36;-36;113.0;-30;?;45.0
-602.0;-29;-952.0;?;-14;?;-29;154.0;46.0
-590.0;27;308.0;?;21;?;?;?;50.0
-578.0;?;?;-11;11;130.0;37;173.0;53.0
-566.0;37;479.0;?;?;?;37;174.0;?
-558.0;38;460.0;-12;12;?;?;178.0;64.0
-551.0;28;279.0;?;36;?;28;185.0;70.0
-543.0;?;106.0;-32;32;137.0;-5;?;75.0
-537.0;-9;-2.0;11;?;?;?;191.0;80.0
-533.0;7;?;0;0;140.0;7;190.0;83.0
-531.0;6;?;?;23;141.0;?;190.0;85.0
?;17;73.0;15;?;142.0;17;?;85.0
-531.0;6;81.0;?;-50;143.0;6;190.0;86.0
-530.0;27;19.0;-4;?;142.0;27;?;?
?;64;43.0;-33;?;142.0;?;?;87.0
-528.0;15;?;-11;11;141.0;15;191.0;88.0
-527.0;-5;-31.0;?;3;140.0;-5;?;?
-526.0;7;13.0;8;-8;139.0;?;191.0;89.0
-526.0;-54;27.0;?;6;138.0;?;191.0;90.0
-527.0;-15;?;?;-17;138.0;-15;?;?
-527.0;26;-14.0;16;-16;137.0;26;191.0;89.0
?;9;20.0;?;24;136.0;9;190.0;90.0
-528.0;37;-51.0;?;4;135.0;37;191.0;90.0
-527.0;-28;-53.0;?;?;135.0;-28;191.0;90.0
-527.0;?;-15.0;1;?;135.0;-39;191.0;89.0
-527.0;-8;?;22;-22;?;-8;191.0;89.0
-526.0;?;-62.0;-4;4;134.0;?;190.0;?
-526.0;-6;-6.0;-36;36;133.0;-6;?;89.0
-526.0;37;36.0;-35;35;?;37;190.0;89.0
?;13;12.0;5;-5;?;?;?;89.0
-525.0;7;0.0;?;17;131.0;7;190.0;90.0
-525.0;26;0.0;-26;26;131.0;?;191.0;?
-524.0;22;-15.0;?;-19;131.0;22;?;89.0
?;-6;9.0;15;?;130.0;-6;190.0;89.0
-525.0;-6;5.0;7;-7;?;-6;189.0;88.0
?;5;18.0;-12;?;129.0;5;189.0;88.0
-527.0;?;-27.0;-83;83;129.0;-31;189.0;?
-527.0;-22;-21.0;?;104;127.0;-22;189.0;87.0
?;-24;?;?;111;?;-24;189.0;88.0
-527.0;-42;?;-146;146;126.0;-42;?;88.0
-527.0;20;-15.0;-161;161;?;20;189.0;87.0
-527.0;5;-56.0;-174;174;126.0;?;189.0;87.0
-528.0;?;-44.0;-142;142;?;-27;?;86.0
-528.0;-11;?;?;223;125.0;-11;187.0;84.0
-529.0;-47;?;?;308;124.0;-47;183.0;83.0
-533.0;-65;29.0;-267;267;123.0;-65;?;81.0
-542.0;-46;311.0;-324;324;121.0;-46;166.0;79.0
?;-74;730.0;-359;359;?;-74;?;75.0
-571.0;-119;?;?;?;115.0;-119;155.0;71.0
-595.0;?;?;-344;344;113.0;-62;?;66.0
-629.0;?;2379.0;-345;?;113.0;-30;140.0;59.0
?;-76;?;-367;367;?;-76;131.0;50.0
-704.0;-77;?;-319;319;108.0;-77;121.0;41.0
-738.0;-82;2236.0;-335;335;99.0;?;?;36.0
-766.0;-39;1606.0;-230;230;88.0;-39;102.0;34.0
-788.0;19;?;-149;?;73.0;19;?;35.0
-805.0;2;314.0;-138;138;53.0;2;89.0;43.0
-816.0;6;106.0;14;-14;40.0;6;90.0;45.0
-824.0;-6;?;?;-38;28.0;-6;94.0;?
-829.0;?;-238.0;17;-17;17.0;-26;104.0;60.0
-832.0;3;-532.0;32;-32;8.0;3;114.0;?
-832.0;-39;?;30;-30;-1.0;-39;?;73.0
-831.0;-44;-822.0;46;-46;-10.0;-44;134.0;78.0
-830.0;35;-699.0;18;-18;?;35;?;83.0
-830.0;?;-635.0;?;-6;-24.0;-15;152.0;?
-830.0;-40;-532.0;0;0;-29.0;-40;160.0;89.0
-830.0;18;-330.0;5;-5;-33.0;18;168.0;90.0
?;41;-218.0;35;-35;?;41;176.0;88.0
-833.0;?;-80.0;21;-21;-39.0;35;?;87.0
-835.0;17;-177.0;?;?;-42.0;17;185.0;85.0
-838.0;13;-190.0;-3;3;?;13;189.0;84.0
-838.0;-16;-115.0;74;?;-44.0;?;193.0;83.0
-838.0;?;-24.0;96;-96;-44.0;11;196.0;82.0
?;33;-9.0;71;-71;-44.0;33;?;?
-839.0;-4;?;79;?;-44.0;?;198.0;?
-839.0;32;-85.0;88;?;-43.0;32;200.0;83.0
-839.0;67;-122.0;59;-59;-42.0;?;200.0;85.0
-838.0;69;-122.0;36;-36;-40.0;69;202.0;87.0
?;60;157.0;69;-69;?;?;?;?
-838.0;29;378.0;83;?;-37.0;29;202.0;91.0
?;?;454.0;33;-33;-35.0;17;?;92.0
-837.0;17;682.0;23;?;-33.0;?;?;94.0
-835.0;?;?;61;-61;-29.0;22;193.0;94.0
-833.0;40;1153.0;?;-59;-24.0;40;187.0;92.0
-830.0;47;1245.0;44;-44;-19.0;47;179.0;90.0
-826.0;17;1187.0;62;-62;-13.0;17;170.0;88.0
?;?;1309.0;?;-54;-7.0;-3;159.0;86.0
?;?;1348.0;11;-11;-2.0;?;149.0;84.0
?;-8;1321.0;?;-20;?;-8;139.0;83.0
-808.0;?;?;50;?;9.0;-13;134.0;80.0
-802.0;4;?;-2;?;15.0;4;128.0;78.0
-794.0;21;1319.0;0;0;22.0;21;120.0;76.0
-786.0;27;?;57;-57;28.0;27;110.0;74.0
-778.0;8;?;8;?;34.0;8;98.0;73.0
-773.0;13;?;?;?;38.0;13;?;72.0
-769.0;14;1022.0;28;?;?;14;78.0;?
-766.0;5;?;?;-36;?;5;?;?
-763.0;6;930.0;8;-8;46.0;6;?;72.0
-761.0;6;937.0;-13;13;46.0;6;54.0;73.0
-759.0;9;811.0;30;?;?;?;48.0;75.0
-757.0;-16;?;33;-33;48.0;-16;?;75.0
-755.0;-25;676.0;25;-25;48.0;-25;39.0;?
?;?;670.0;22;?;?;-25;36.0;78.0
-751.0;5;?;20;-20;50.0;?;32.0;78.0
-749.0;28;574.0;37;-37;51.0;28;28.0;79.0
-747.0;-14;556.0;-3;3;51.0;-14;25.0;?
-744.0;20;513.0;?;16;51.0;20;22.0;80.0
-741.0;-4;501.0;8;?;51.0;-4;18.0;80.0
-737.0;-42;462.0;?;-5;51.0;-42;13.0;80.0
-734.0;23;376.0;20;-20;51.0;23;8.0;79.0
-732.0;?;360.0;27;-27;51.0;0;2.0;79.0
-729.0;-45;?;?;-25;51.0;-45;-3.0;79.0
-727.0;-29;347.0;23;-23;52.0;-29;-9.0;78.0
?;6;221.0;-25;25;52.0;6;-15.0;78.0
?;30;?;-53;?;53.0;30;-20.0;77.0
-722.0;15;138.0;-21;21;53.0;15;-23.0;76.0
-720.0;?;141.0;-22;22;54.0;15;-27.0;75.0
-719.0;?;?;-15;15;?;28;-30.0;74.0
-717.0;15;?;19;?;55.0;?;-33.0;73.0
-716.0;6;199.0;?;3;56.0;6;-34.0;73.0
-716.0;?;164.0;-40;40;?;?;-35.0;72.0
?;-19;159.0;-33;33;57.0;-19;-36.0;71.0
-715.0;-21;138.0;-33;?;57.0;-21;-37.0;71.0
-715.0;47;151.0;-31;31;57.0;47;-38.0;72.0
-715.0;9;163.0;-9;9;57.0;9;-39.0;71.0
-714.0;-7;121.0;-24;24;57.0;-7;-39.0;71.0
-714.0;-1;?;0;0;57.0;-1;-39.0;72.0
-715.0;-33;147.0;13;-13;57.0;-33;-40.0;?
-715.0;?;179.0;-41;41;56.0;20;?;?
-715.0;-6;139.0;?;-6;56.0;?;-41.0;72.0
-715.0;-57;?;?;-13;56.0;-57;-43.0;72.0
-714.0;-6;87.0;-58;58;56.0;-6;-43.0;?
-714.0;?;155.0;?;12;56.0;31;?;71.0
?;15;125.0;?;-47;56.0;?;-45.0;?
-714.0;-29;76.0;39;-39;56.0;-29;-46.0;?
-714.0;-38;?;?;-36;57.0;-38;-47.0;70.0
-714.0;-33;?;?;-35;56.0;?;-47.0;70.0
-714.0;?;82.0;39;-39;56.0;-35;-48.0;70.0
-713.0;-35;111.0;?;-34;56.0;?;-49.0;70.0
-713.0;-35;150.0;37;-37;?;-35;?;69.0
?;?;116.0;43;?;?;-34;-52.0;?
?;-17;71.0;-13;13;?;?;?;69.0
-712.0;?;97.0;0;0;56.0;?;?;69.0
-712.0;14;104.0;43;-43;56.0;14;-56.0;69.0
-712.0;-6;?;?;-10;?;-6;-57.0;69.0
?;?;129.0;7;-7;56.0;47;?;69.0
-711.0;-8;106.0;?;-17;56.0;-8;-59.0;69.0
-711.0;-22;110.0;6;-6;56.0;?;-61.0;69.0
?;?;115.0;?;18;56.0;?;-62.0;69.0
-710.0;25;?;-16;16;56.0;25;-64.0;69.0
-711.0;7;78.0;8;-8;56.0;7;?;70.0
-711.0;?;?;-2;2;55.0;26;-71.0;70.0
-712.0;39;64.0;-6;?;?;39;-74.0;70.0
-712.0;25;49.0;?;-5;?;25;?;69.0
-712.0;6;60.0;5;-5;55.0;6;-80.0;?
-711.0;-25;?;-9;9;55.0;-25;-82.0;70.0
?;-19;37.0;-12;12;55.0;-19;-84.0;69.0
?;?;?;6;-6;56.0;16;-86.0;68.0
-709.0;?;77.0;8;-8;56.0;?;?;68.0
-707.0;1;102.0;1;-1;?;1;-89.0;67.0
-707.0;44;38.0;-7;7;57.0;44;?;66.0
?;?;-2.0;4;-4;57.0;?;?;65.0
-706.0;-36;?;28;-28;57.0;-36;?;65.0
-706.0;-35;44.0;?;-27;?;-35;?;65.0
-706.0;-19;?;14;-14;58.0;?;-94.0;65.0
-706.0;33;18.0;-13;13;59.0;33;-94.0;65.0
-706.0;13;?;-26;26;59.0;13;-94.0;64.0
?;-27;19.0;-23;23;60.0;-27;-93.0;64.0
-706.0;-3;1.0;-12;12;60.0;-3;-93.0;64.0
-707.0;-4;-56.0;-11;11;?;-4;?;64.0
?;0;-122.0;?;?;61.0;0;-90.0;64.0
-709.0;-20;?;23;?;62.0;?;-87.0;63.0
-711.0;?;?;16;-16;63.0;?;-84.0;62.0
?;30;?;-57;57;63.0;30;-80.0;61.0
-717.0;-14;-311.0;-52;52;64.0;-14;-74.0;?
-721.0;14;-283.0;-33;33;65.0;?;-69.0;?
-725.0;?;-334.0;-52;52;65.0;-23;-61.0;59.0
-729.0;-48;-365.0;?;88;66.0;-48;-54.0;57.0
?;-13;-373.0;?;109;?;-13;-45.0;?
?;-17;-388.0;?;100;67.0;-17;-37.0;?
-742.0;-25;?;?;74;67.0;-25;-28.0;55.0
-746.0;-36;-444.0;-93;93;67.0;-36;-20.0;55.0
-750.0;-23;-539.0;-164;164;66.0;-23;?;53.0
-754.0;-38;-656.0;-165;165;?;?;-6.0;53.0
-757.0;-16;-712.0;-159;159;?;-16;-1.0;52.0
-760.0;13;-864.0;-145;145;63.0;13;5.0;?
-763.0;-45;-975.0;-95;95;62.0;?;10.0;52.0
?;-44;?;?;126;60.0;?;16.0;?
-771.0;-23;-1208.0;-144;144;?;-23;23.0;49.0
?;-49;?;-161;161;57.0;-49;30.0;48.0
-781.0;?;-1257.0;?;167;?;-16;37.0;47.0
-786.0;-10;-1303.0;-104;104;51.0;-10;44.0;48.0
-792.0;-35;?;?;?;?;-35;?;?
-797.0;10;-1325.0;-18;18;43.0;10;58.0;?
-800.0;-9;?;-32;32;40.0;?;?;51.0
-804.0;-41;?;-76;76;?;?;74.0;50.0
-809.0;0;-1325.0;-82;82;33.0;0;84.0;?
?;-8;-1292.0;-47;47;28.0;-8;?;?
-819.0;-15;?;4;-4;22.0;?;108.0;56.0
-824.0;35;?;23;-23;16.0;35;119.0;60.0
-826.0;59;?;32;-32;11.0;59;128.0;64.0
?;24;-983.0;22;?;?;24;138.0;68.0
-831.0;-13;?;48;-48;-1.0;-13;148.0;?
-832.0;-24;-636.0;14;?;-6.0;-24;156.0;79.0
-833.0;?;-612.0;-54;54;-10.0;?;164.0;82.0
-834.0;18;?;16;-16;-14.0;?;?;?
-835.0;3;-639.0;?;8;-17.0;3;177.0;88.0
-835.0;1;-564.0;?;12;?;?;?;89.0
-836.0;20;-554.0;?;?;-22.0;20;?;89.0
?;5;-593.0;9;-9;?;5;183.0;88.0
-836.0;4;-508.0;-18;18;-25.0;4;184.0;86.0
?;14;-517.0;?;?;-25.0;14;?;?
-835.0;-16;-419.0;80;-80;-25.0;?;185.0;?
-834.0;?;-372.0;?;-51;-26.0;9;185.0;82.0
?;52;-275.0;90;?;-26.0;52;186.0;81.0
-832.0;25;-250.0;156;-156;-26.0;?;187.0;81.0
-831.0;-2;-209.0;99;-99;-26.0;-2;?;81.0
-830.0;-2;-71.0;45;-45;-25.0;-2;190.0;81.0
?;30;?;?;-21;-24.0;30;?;82.0
?;27;?;24;-24;-24.0;27;191.0;83.0
-831.0;8;11.0;34;?;-23.0;8;191.0;?
-832.0;38;41.0;?;?;-23.0;38;191.0;85.0
-832.0;15;?;85;-85;?;15;190.0;86.0
-831.0;-7;43.0;131;-131;-21.0;-7;?;87.0
-831.0;?;120.0;141;-141;?;?;187.0;?
-831.0;21;268.0;135;-135;-17.0;21;185.0;88.0
-830.0;0;388.0;156;-156;?;0;183.0;?
-830.0;?;?;178;-178;-11.0;48;180.0;?
?;60;1064.0;?;-147;-7.0;60;179.0;93.0
-828.0;61;1303.0;214;-214;-2.0;61;?;?
-819.0;78;?;278;-278;?;78;174.0;93.0
-809.0;78;1152.0;?;-196;?;78;?;95.0
?;77;640.0;256;-256;?;77;167.0;95.0
-779.0;39;-11.0;319;-319;30.0;39;156.0;?
-760.0;?;-568.0;148;-148;37.0;-3;?;87.0
-740.0;?;-1532.0;121;-121;48.0;?;137.0;81.0
?;4;-2299.0;142;-142;?;4;133.0;74.0
?;-17;?;?;-82;?;-17;132.0;68.0
-673.0;-14;-2666.0;101;-101;73.0;-14;134.0;?
-649.0;?;-2362.0;98;-98;80.0;-15;132.0;61.0
?;?;-2206.0;90;-90;?;?;?;59.0
-604.0;-8;-1985.0;?;-68;97.0;-8;128.0;?
?;?;-1563.0;53;?;105.0;-7;128.0;57.0
-565.0;5;-1351.0;21;-21;111.0;5;132.0;57.0
-549.0;?;?;1;-1;116.0;-17;?;59.0
-540.0;-33;?;36;-36;120.0;-33;149.0;?
-534.0;-30;355.0;-23;23;124.0;-30;157.0;65.0
-527.0;31;?;-44;?;126.0;31;159.0;70.0
-521.0;16;?;14;-14;128.0;16;164.0;74.0
-515.0;21;132.0;-10;10;128.0;21;168.0;78.0
?;41;45.0;-53;53;130.0;41;169.0;82.0
?;-31;?;-20;?;?;-31;?;?
-503.0;12;81.0;?;-35;132.0;?;169.0;86.0
?;2;93.0;?;-9;?;2;?;87.0
-503.0;-39;120.0;?;42;136.0;-39;170.0;87.0
-503.0;4;?;?;21;137.0;4;?;87.0
-501.0;-28;13.0;-5;5;137.0;-28;172.0;88.0
-500.0;-38;23.0;-40;40;137.0;-38;?;?
-499.0;?;19.0;-40;40;138.0;-10;173.0;89.0
-498.0;?;15.0;?;29;137.0;-1;173.0;90.0
?;-6;?;-30;30;137.0;-6;173.0;91.0
?;?;5.0;8;-8;137.0;14;173.0;92.0
-497.0;?;22.0;?;-16;137.0;15;173.0;92.0
-497.0;-23;-22.0;4;-4;137.0;?;?;?
?;3;-16.0;36;-36;136.0;3;174.0;?
-495.0;22;-25.0;16;-16;135.0;22;173.0;92.0
-495.0;15;?;-4;4;135.0;15;173.0;?
-495.0;?;9.0;-6;6;134.0;0;173.0;91.0
?;-14;-23.0;-12;12;?;?;173.0;91.0
-494.0;22;?;17;?;133.0;22;173.0;91.0
-493.0;15;-10.0;-18;18;132.0;15;173.0;?
-493.0;8;?;-22;22;131.0;?;?;91.0
-493.0;14;-15.0;?;-11;?;14;172.0;91.0
-494.0;-5;-8.0;-30;30;129.0;-5;171.0;92.0
-494.0;16;-16.0;-3;3;128.0;?;171.0;?
-494.0;14;-14.0;28;-28;127.0;14;171.0;?
?;-22;-2.0;-43;43;127.0;-22;?;91.0
-495.0;-7;12.0;-29;?;126.0;-7;?;91.0
-495.0;42;?;-5;?;126.0;42;171.0;?
-495.0;29;-3.0;?;5;125.0;29;?;?
-494.0;-13;-12.0;56;-56;125.0;-13;170.0;91.0
-494.0;-8;-6.0;24;-24;124.0;-8;170.0;91.0
-494.0;?;7.0;-19;19;124.0;-3;170.0;91.0
-494.0;?;16.0;-27;?;123.0;?;169.0;?
-495.0;6;4.0;?;9;123.0;6;169.0;?
-495.0;-18;-8.0;26;?;?;?;169.0;?
?;-26;-25.0;-29;29;?;?;169.0;91.0
-495.0;?;25.0;?;40;122.0;1;169.0;91.0
-495.0;4;16.0;19;-19;121.0;4;?;91.0
-496.0;-11;9.0;-12;12;?;?;?;91.0
-496.0;?;?;-22;22;121.0;-14;169.0;?
-496.0;?;-9.0;53;-53;120.0;?;?;90.0
-496.0;?;3.0;52;?;120.0;-15;168.0;90.0
-497.0;?;-18.0;-2;2;?;-21;168.0;89.0
-498.0;-29;10.0;?;?;?;-29;?;89.0
-498.0;?;-16.0;-32;32;118.0;-20;?;89.0
-499.0;-30;-8.0;-40;?;117.0;?;167.0;89.0
-499.0;-22;4.0;-99;99;116.0;-22;?;89.0
-500.0;6;-20.0;-126;?;116.0;6;166.0;88.0
-500.0;-27;-14.0;?;80;115.0;-27;166.0;88.0
-500.0;-24;-51.0;-94;94;?;-24;?;?
?;3;29.0;-146;?;114.0;3;163.0;?
-507.0;-9;74.0;-184;?;114.0;-9;161.0;?
-514.0;-26;99.0;-194;194;?;-26;156.0;84.0
-522.0;-36;134.0;-182;182;114.0;-36;151.0;81.0
-532.0;?;192.0;?;254;111.0;-22;146.0;77.0
-543.0;?;425.0;-313;313;108.0;?;144.0;74.0
-554.0;-83;?;-297;?;105.0;-83;?;73.0
-566.0;-74;990.0;-283;283;101.0;-74;145.0;72.0
-582.0;?;1300.0;?;266;?;-76;?;70.0
-602.0;-61;?;?;296;97.0;-61;?;66.0
-625.0;-43;1847.0;-335;335;96.0;-43;?;64.0
-651.0;-57;2073.0;-299;299;95.0;?;131.0;?
-681.0;-68;?;?;310;91.0;-68;121.0;53.0
?;-64;2043.0;-272;272;85.0;-64;114.0;48.0
-740.0;-45;1799.0;-115;115;76.0;-45;107.0;45.0
-766.0;-32;?;-57;57;65.0;-32;102.0;43.0
-788.0;-54;1072.0;-12;12;51.0;-54;96.0;?
-805.0;-41;755.0;75;-75;32.0;-41;97.0;53.0
-818.0;-23;421.0;100;-100;15.0;?;100.0;62.0
-828.0;-22;-182.0;92;-92;0.0;-22;?;?
-834.0;?;-452.0;29;-29;-13.0;6;121.0;?
-835.0;0;-395.0;-25;25;-23.0;0;133.0;96.0
-835.0;?;?;-5;5;-31.0;-4;145.0;104.0
-834.0;20;-493.0;-52;52;?;20;157.0;108.0
-830.0;27;?;-77;?;-42.0;27;?;110.0
?;26;-475.0;-29;29;-45.0;26;?;109.0
-825.0;8;-177.0;-15;15;-47.0;8;178.0;107.0
-824.0;-1;?;?;-23;-48.0;?;182.0;104.0
-825.0;30;-82.0;7;-7;-49.0;30;185.0;100.0
-826.0;3;-100.0;?;?;-50.0;?;187.0;?
-828.0;?;-162.0;40;-40;-51.0;?;?;92.0
-829.0;27;-234.0;?;-40;?;?;?;?
-830.0;8;-192.0;66;-66;-53.0;?;191.0;90.0
-831.0;22;?;54;-54;-53.0;22;?;90.0
?;?;-59.0;84;?;?;26;?;91.0
?;40;30.0;56;?;-51.0;40;194.0;92.0
-832.0;38;191.0;2;?;-49.0;38;194.0;93.0
-834.0;8;330.0;?;?;-46.0;8;194.0;93.0
-833.0;35;559.0;?;-55;-42.0;35;194.0;91.0
?;?;816.0;109;-109;-37.0;22;191.0;89.0
-828.0;24;995.0;127;-127;?;24;187.0;87.0
-825.0;13;1165.0;71;-71;-23.0;13;182.0;85.0
-821.0;?;?;74;-74;-17.0;-16;176.0;84.0
?;-4;1257.0;75;-75;-11.0;?;170.0;82.0
-814.0;-14;1408.0;56;-56;-5.0;-14;165.0;80.0
-808.0;17;1439.0;?;-78;3.0;17;?;?
?;?;1426.0;?;-39;10.0;17;150.0;?
-793.0;-11;1369.0;?;?;18.0;-11;?;?
-786.0;?;1390.0;8;-8;27.0;0;126.0;?
?;7;1297.0;26;?;34.0;7;112.0;65.0
?;1;?;-8;8;41.0;1;98.0;62.0
-768.0;-38;1239.0;?;15;47.0;-38;84.0;60.0
-763.0;-29;1226.0;16;-16;52.0;-29;72.0;57.0
-758.0;4;1145.0;6;-6;56.0;?;60.0;?
?;?;1068.0;-1;1;59.0;-5;49.0;55.0
?;?;999.0;?;4;?;17;38.0;55.0
-745.0;14;935.0;-34;34;64.0;14;30.0;55.0
-741.0;?;887.0;3;-3;66.0;-21;22.0;56.0
-737.0;25;783.0;1;-1;67.0;25;15.0;57.0
-733.0;56;662.0;-40;40;69.0;56;?;?
-730.0;-7;529.0;10;-10;71.0;?;4.0;59.0
-727.0;?;480.0;37;-37;72.0;-25;-1.0;60.0
-723.0;4;402.0;2;-2;?;?;-5.0;?
-720.0;?;387.0;-6;6;75.0;4;-9.0;59.0
-717.0;?;?;-2;?;75.0;13;-12.0;59.0
-713.0;-5;?;-4;4;76.0;-5;?;59.0
?;-8;?;-3;?;77.0;-8;-20.0;59.0
-709.0;27;151.0;-3;3;78.0;27;-23.0;58.0
-707.0;-27;186.0;-10;10;79.0;-27;-25.0;57.0
-704.0;-62;164.0;-20;20;80.0;-62;?;57.0
-701.0;-13;150.0;3;-3;?;-13;-31.0;56.0
-699.0;?;144.0;15;-15;82.0;25;?;54.0
?;26;99.0;-4;4;83.0;?;-37.0;?
-696.0;27;116.0;?;3;85.0;27;-39.0;51.0
?;?;?;-24;24;86.0;?;-41.0;50.0
-694.0;?;151.0;?;?;86.0;-43;-42.0;?
-694.0;?;151.0;5;-5;86.0;11;-44.0;48.0
-693.0;54;93.0;?;-22;86.0;?;?;47.0
-693.0;?;46.0;?;41;86.0;?;-45.0;47.0
-694.0;-6;55.0;-66;?;86.0;-6;-45.0;?
-694.0;-3;63.0;3;-3;86.0;?;?;?
-694.0;8;93.0;55;-55;86.0;?;-44.0;?
?;9;91.0;19;-19;86.0;?;-44.0;46.0
-694.0;?;?;-34;?;86.0;-19;-43.0;46.0
?;-14;?;-20;?;86.0;-14;?;?
-695.0;-14;51.0;23;?;?;-14;-43.0;46.0
-695.0;1;22.0;17;?;86.0;?;?;46.0
-696.0;?;35.0;0;0;86.0;2;-42.0;46.0
-696.0;?;?;?;-37;?;-23;-41.0;?
-696.0;?;29.0;23;-23;?;-6;?;46.0
?;5;29.0;-23;?;?;5;-41.0;46.0
-697.0;-13;68.0;-6;?;84.0;-13;-41.0;46.0
-697.0;-5;53.0;-5;5;84.0;-5;-41.0;46.0
?;?;29.0;?;?;84.0;-15;-40.0;45.0
-698.0;?;8.0;5;-5;84.0;-21;-39.0;?
-698.0;-1;28.0;-9;?;83.0;-1;-39.0;?
-698.0;?;?;37;?;83.0;-15;?;45.0
-698.0;-9;31.0;16;-16;?;-9;-39.0;45.0
-698.0;18;-10.0;-21;21;?;18;-38.0;44.0
-698.0;?;13.0;-20;20;83.0;-1;-38.0;44.0
-698.0;-11;?;-3;3;?;-11;-37.0;44.0
-699.0;23;4.0;33;?;84.0;23;-37.0;?
-699.0;17;-4.0;?;-27;84.0;17;-36.0;44.0
-699.0;-28;-36.0;-17;17;84.0;-28;-35.0;45.0
-700.0;-38;-31.0;?;30;85.0;-38;-34.0;45.0
-700.0;-32;-66.0;-9;9;85.0;-32;-33.0;44.0
?;-32;-15.0;12;-12;?;?;-32.0;44.0
-701.0;5;-30.0;1;-1;?;5;?;43.0
-702.0;27;-67.0;-32;?;?;27;-30.0;43.0
-703.0;-15;-127.0;-36;?;?;-15;-28.0;?
-705.0;-30;-164.0;-31;?;87.0;?;-25.0;?
-706.0;?;-199.0;-37;37;88.0;-20;-23.0;41.0
-708.0;?;?;-28;28;?;?;-19.0;?
-711.0;?;?;-11;11;90.0;-10;-15.0;39.0
?;6;-361.0;6;-6;?;?;?;?
-717.0;5;-309.0;?;-11;92.0;5;?;38.0
-720.0;15;-322.0;-10;10;?;15;-1.0;?
-722.0;7;-287.0;-5;5;94.0;7;5.0;?
-724.0;-21;-275.0;6;-6;95.0;-21;10.0;36.0
-725.0;-11;-250.0;?;3;95.0;-11;?;36.0
-725.0;6;-291.0;?;-15;?;?;?;36.0
-724.0;-3;-273.0;22;-22;96.0;-3;20.0;36.0
-724.0;11;-251.0;-2;2;97.0;?;23.0;?
-723.0;?;-201.0;-18;18;97.0;?;?;?
-721.0;17;-189.0;-9;9;97.0;?;?;38.0
?;-3;?;-17;17;?;?;29.0;38.0
-718.0;15;-233.0;-51;51;98.0;15;?;38.0
?;3;-336.0;-46;46;98.0;3;31.0;?
?;?;-519.0;-63;63;99.0;?;32.0;38.0
-718.0;-28;-703.0;-123;123;98.0;?;33.0;?
-721.0;-19;-833.0;?;145;96.0;-19;35.0;38.0
-725.0;-33;-1033.0;-146;?;94.0;-33;39.0;37.0
-730.0;-6;-1184.0;-155;155;?;-6;45.0;34.0
-737.0;?;-1333.0;-113;?;88.0;-27;52.0;?
-746.0;-20;?;?;41;84.0;?;61.0;33.0
?;?;?;?;47;79.0;16;71.0;34.0
-767.0;-14;-1274.0;-59;59;76.0;?;81.0;35.0
-777.0;?;-1184.0;-12;12;70.0;-34;91.0;?
-786.0;-18;-1102.0;6;-6;65.0;-18;98.0;?
?;3;-1165.0;11;-11;?;?;105.0;44.0
-802.0;7;-924.0;22;-22;?;?;114.0;48.0
-807.0;2;-911.0;?;?;45.0;?;?;53.0
-811.0;-35;-869.0;-20;20;38.0;-35;?;?
-816.0;-44;-892.0;-44;44;31.0;?;131.0;62.0
-818.0;?;-914.0;-15;15;24.0;?;137.0;66.0
-821.0;?;-876.0;32;-32;18.0;10;144.0;70.0
-824.0;?;-734.0;?;?;13.0;17;151.0;74.0
-824.0;19;-582.0;?;-17;?;19;156.0;77.0
-825.0;-19;-486.0;54;-54;3.0;-19;162.0;81.0
-825.0;-24;-503.0;-3;3;?;-24;166.0;82.0
-826.0;?;-418.0;?;11;-5.0;-35;169.0;?
-826.0;-6;-390.0;14;-14;-8.0;-6;172.0;84.0
-826.0;25;-341.0;?;-25;-11.0;25;174.0;84.0
?;-27;-347.0;?;?;?;-27;175.0;85.0
-828.0;-38;-403.0;29;-29;?;?;176.0;85.0
-829.0;?;-329.0;34;-34;-18.0;15;178.0;85.0
-829.0;6;-273.0;91;-91;-20.0;6;180.0;?
-829.0;-15;-308.0;20;-20;-21.0;-15;182.0;?
-829.0;?;?;-12;?;-22.0;13;?;84.0
-829.0;?;?;20;-20;-23.0;-8;185.0;84.0
?;-19;-289.0;-6;?;-24.0;-19;?;84.0
-830.0;34;-250.0;-4;?;-25.0;34;?;84.0
-830.0;42;-78.0;-6;?;?;42;188.0;84.0
-830.0;39;?;14;?;-25.0;?;189.0;84.0
-830.0;50;-61.0;0;0;-24.0;50;189.0;84.0
-830.0;31;-96.0;-5;5;?;31;189.0;?
-831.0;40;-42.0;38;?;-23.0;40;?;85.0
-830.0;50;?;?;-36;?;?;?;85.0
-829.0;?;217.0;100;-100;?;8;185.0;85.0
-829.0;-4;207.0;166;?;-20.0;-4;183.0;86.0
-829.0;44;260.0;187;-187;-19.0;44;181.0;88.0
-828.0;71;611.0;200;-200;?;?;180.0;89.0
-828.0;68;?;?;-211;-14.0;68;179.0;90.0
?;?;942.0;245;-245;-10.0;52;181.0;?
-823.0;31;1148.0;248;-248;-5.0;31;?;91.0
-815.0;69;1190.0;264;-264;2.0;69;183.0;92.0
-804.0;93;1016.0;282;?;9.0;93;184.0;91.0
-792.0;91;516.0;279;-279;17.0;?;182.0;92.0
-776.0;88;-97.0;278;-278;26.0;88;175.0;89.0
?;?;-752.0;260;-260;36.0;60;167.0;?
-736.0;74;-1464.0;?;?;46.0;74;160.0;?
?;?;?;245;-245;?;67;155.0;78.0
-685.0;43;-2571.0;242;-242;62.0;?;153.0;?
-658.0;47;?;225;-225;72.0;47;149.0;67.0
-632.0;16;-2409.0;136;-136;81.0;16;?;65.0
-609.0;12;-2173.0;128;-128;92.0;12;142.0;61.0
-586.0;26;?;157;-157;101.0;26;144.0;?
-564.0;-7;-1587.0;83;-83;108.0;-7;148.0;59.0
-545.0;-3;607.0;65;-65;115.0;-3;?;62.0
?;30;135.0;69;-69;121.0;30;149.0;62.0
-529.0;17;?;7;-7;126.0;?;152.0;65.0
-526.0;14;614.0;5;-5;129.0;14;164.0;68.0
?;20;370.0;10;-10;131.0;20;181.0;72.0
-519.0;13;316.0;33;-33;131.0;13;?;78.0
-513.0;19;192.0;-16;?;131.0;19;197.0;85.0
-507.0;0;225.0;-58;58;131.0;0;197.0;93.0
-505.0;-24;?;-4;?;132.0;-24;196.0;98.0
-505.0;8;229.0;-24;24;134.0;8;?;102.0
-504.0;25;149.0;22;-22;136.0;25;?;104.0
-502.0;1;66.0;8;-8;137.0;1;202.0;105.0
-501.0;?;35.0;-29;29;138.0;-18;203.0;?
?;-12;20.0;31;-31;138.0;-12;?;108.0
-498.0;-13;24.0;?;-9;?;-13;203.0;109.0
?;-28;32.0;20;-20;136.0;?;203.0;?
-498.0;3;27.0;16;-16;?;3;204.0;?
-498.0;10;83.0;-13;13;133.0;10;204.0;113.0
-498.0;?;30.0;-17;17;132.0;?;204.0;114.0
-498.0;0;1.0;-32;32;131.0;0;205.0;?
?;-1;?;12;-12;130.0;-1;206.0;?
?;-36;-17.0;29;-29;130.0;-36;206.0;115.0
-497.0;-9;-44.0;?;9;129.0;-9;206.0;115.0
-496.0;4;-23.0;?;-19;?;4;206.0;115.0
-494.0;-20;?;13;-13;129.0;?;206.0;115.0
-493.0;?;-35.0;-45;?;129.0;?;206.0;115.0
-492.0;-26;?;-27;27;129.0;?;206.0;?
-491.0;-1;-2.0;-25;25;128.0;-1;205.0;115.0
-490.0;12;-12.0;-40;40;128.0;12;205.0;116.0
-490.0;25;12.0;-22;22;128.0;25;205.0;116.0
-491.0;20;48.0;6;-6;128.0;20;205.0;116.0
-490.0;-4;7.0;27;-27;127.0;-4;205.0;?
-491.0;15;-17.0;-6;6;127.0;15;?;116.0
-491.0;3;22.0;-36;?;126.0;?;205.0;?
-491.0;-2;56.0;-22;22;127.0;-2;205.0;115.0
-491.0;4;-4.0;-33;33;?;4;205.0;?
-491.0;-20;20.0;-43;43;126.0;-20;205.0;116.0
-491.0;-25;-35.0;-55;55;125.0;?;205.0;?
-491.0;-25;52.0;-61;61;125.0;-25;205.0;?
-491.0;-7;?;26;-26;124.0;-7;205.0;117.0
?;18;11.0;72;-72;123.0;18;?;117.0
-491.0;-9;-2.0;50;-50;123.0;-9;205.0;118.0
-491.0;-8;1.0;43;-43;123.0;-8;205.0;118.0
-491.0;6;18.0;-14;14;123.0;6;205.0;119.0
?;-39;68.0;?;47;?;?;205.0;119.0
-490.0;?;?;-17;?;123.0;-34;?;120.0
-490.0;-31;?;-12;12;124.0;?;206.0;120.0
-489.0;-65;20.0;24;-24;124.0;?;?;120.0
-489.0;?;17.0;-14;14;124.0;-51;207.0;?
?;-45;41.0;?;113;124.0;-45;207.0;121.0
-488.0;?;?;?;125;125.0;-56;207.0;121.0
-488.0;-33;2.0;-212;212;125.0;-33;208.0;121.0
?;1;7.0;-243;243;?;?;208.0;121.0
-490.0;?;-27.0;-257;257;125.0;-34;207.0;120.0
-494.0;-51;-38.0;-344;?;125.0;-51;205.0;119.0
-500.0;?;-75.0;-347;347;123.0;-16;198.0;117.0
-512.0;?;49.0;-380;380;119.0;-30;188.0;115.0
-529.0;?;398.0;-368;368;?;-44;179.0;?
-553.0;-79;?;?;335;109.0;?;?;108.0
-577.0;-68;1177.0;-317;317;104.0;-68;173.0;?
-608.0;13;1672.0;-298;?;100.0;13;?;99.0
-643.0;9;2004.0;?;?;95.0;9;?;92.0
-681.0;-22;2106.0;-227;227;88.0;-22;152.0;84.0
?;-25;2041.0;-222;222;80.0;-25;143.0;?
-757.0;-22;?;?;?;?;-22;132.0;73.0
-786.0;-31;?;-19;?;61.0;-31;119.0;69.0
-807.0;-55;687.0;?;?;46.0;-55;110.0;68.0
-820.0;-20;97.0;32;?;30.0;-20;107.0;74.0
-830.0;?;-197.0;49;-49;16.0;1;111.0;79.0
?;?;-290.0;-2;2;4.0;-50;122.0;86.0
-841.0;-7;?;-34;34;-6.0;?;136.0;?
?;?;?;-47;?;-14.0;35;144.0;99.0
-840.0;-16;?;?;?;-20.0;-16;?;?
-841.0;?;-469.0;?;62;-26.0;10;164.0;?
-841.0;29;-280.0;-66;66;-29.0;?;173.0;108.0
-840.0;-5;-69.0;-18;?;-32.0;-5;179.0;108.0
-841.0;?;21.0;-9;9;?;?;186.0;107.0
-841.0;29;-115.0;12;-12;?;29;193.0;?
-841.0;27;-108.0;?;?;-38.0;27;197.0;103.0
-842.0;28;-55.0;90;-90;-40.0;28;?;103.0
-842.0;25;-93.0;88;-88;-42.0;?;202.0;102.0
-842.0;35;-214.0;66;-66;?;?;203.0;101.0
-842.0;35;-164.0;28;?;-41.0;35;?;100.0
?;41;94.0;?;-42;-41.0;41;205.0;99.0
?;37;230.0;?;?;-40.0;37;205.0;98.0
-842.0;5;291.0;42;-42;-39.0;5;206.0;97.0
-844.0;50;479.0;62;-62;-36.0;50;206.0;96.0
-843.0;67;604.0;41;-41;-34.0;?;205.0;96.0
-840.0;?;906.0;?;-47;-31.0;?;202.0;95.0
-837.0;35;1157.0;67;-67;-27.0;35;200.0;93.0
-832.0;17;1352.0;57;-57;-21.0;17;196.0;90.0
-828.0;10;1456.0;66;-66;?;10;192.0;88.0
-823.0;?;1485.0;59;-59;-9.0;-19;185.0;87.0
-818.0;0;1583.0;?;-67;-3.0;?;177.0;86.0
?;65;1588.0;93;-93;2.0;65;168.0;84.0
?;38;1619.0;84;-84;8.0;38;155.0;?
-798.0;16;1656.0;68;-68;13.0;?;138.0;82.0
-790.0;48;1763.0;70;-70;19.0;48;118.0;80.0
-782.0;21;?;109;-109;24.0;21;96.0;78.0
-776.0;7;?;102;-102;29.0;7;?;76.0
-770.0;14;1393.0;55;-55;33.0;14;56.0;73.0
-763.0;-17;1287.0;?;-72;36.0;-17;38.0;72.0
-757.0;-6;?;79;-79;40.0;-6;21.0;?
-751.0;12;954.0;?;-34;41.0;?;?;70.0
-745.0;-14;882.0;34;-34;43.0;-14;-6.0;70.0
-739.0;4;?;54;-54;45.0;4;-18.0;70.0
?;29;646.0;41;-41;48.0;29;-27.0;70.0
?;?;579.0;25;-25;50.0;?;?;70.0
-723.0;16;546.0;?;-9;51.0;?;-40.0;70.0
-719.0;10;466.0;3;-3;54.0;10;-44.0;70.0
-715.0;5;383.0;?;?;56.0;5;-49.0;70.0
?;6;253.0;14;-14;?;6;-53.0;70.0
-706.0;8;217.0;?;-19;60.0;8;-57.0;69.0
?;5;155.0;3;-3;?;5;-62.0;69.0
-702.0;-14;120.0;-32;32;?;-14;?;69.0
-700.0;1;128.0;1;-1;64.0;1;?;68.0
?;7;169.0;28;?;66.0;7;-73.0;67.0
-694.0;9;163.0;4;?;?;9;-77.0;?
?;2;208.0;-2;?;?;2;-81.0;64.0
?;?;148.0;?;-7;73.0;-2;-85.0;63.0
-687.0;34;?;8;-8;75.0;34;-89.0;62.0
-685.0;?;?;-12;?;76.0;44;?;62.0
-683.0;?;69.0;?;34;77.0;57;?;62.0
-681.0;24;103.0;?;2;78.0;24;-97.0;61.0
-680.0;?;109.0;29;-29;79.0;?;-99.0;61.0
-679.0;37;127.0;?;-16;80.0;37;-100.0;61.0
-678.0;4;42.0;0;0;80.0;4;?;60.0
?;-9;43.0;-5;5;80.0;-9;-100.0;60.0
-678.0;-9;64.0;?;-35;80.0;-9;-100.0;60.0
-678.0;-27;54.0;13;-13;?;-27;-99.0;59.0
-679.0;?;43.0;-34;34;80.0;5;-99.0;59.0
-679.0;17;68.0;7;?;79.0;17;-99.0;60.0
?;14;52.0;12;-12;?;14;?;60.0
-680.0;26;31.0;2;-2;79.0;26;-98.0;60.0
-680.0;?;?;9;-9;78.0;?;-97.0;60.0
-681.0;-32;62.0;-11;11;78.0;?;-97.0;60.0
-681.0;-13;42.0;3;?;78.0;-13;-96.0;60.0
-681.0;-24;52.0;27;-27;78.0;?;?;60.0
-682.0;-2;?;3;?;?;?;-95.0;60.0
-682.0;15;59.0;-8;8;?;15;-94.0;60.0
-682.0;-7;28.0;4;-4;77.0;?;-94.0;60.0
-682.0;-14;22.0;7;-7;77.0;-14;-93.0;59.0
-682.0;-14;9.0;7;-7;76.0;-14;-93.0;59.0
?;-14;?;7;?;76.0;?;-93.0;?
-682.0;-14;-14.0;14;-14;76.0;?;-92.0;59.0
-682.0;-15;-17.0;?;-19;?;?;?;59.0
-682.0;-15;?;10;-10;76.0;-15;-92.0;59.0
-682.0;-30;-6.0;-11;11;?;-30;?;59.0
-682.0;-20;28.0;-23;23;77.0;-20;?;58.0
-682.0;15;?;?;-4;77.0;15;-89.0;58.0
?;-4;24.0;37;-37;78.0;?;-88.0;58.0
-683.0;-18;?;12;-12;?;-18;-87.0;?
-683.0;11;-42.0;-29;29;79.0;11;-87.0;57.0
-684.0;-4;16.0;-15;15;79.0;-4;-86.0;?
-684.0;-24;?;-17;17;79.0;-24;-86.0;?
-685.0;-15;-26.0;-51;51;80.0;?;-84.0;57.0
-686.0;-18;?;-54;54;80.0;-18;-83.0;?
-688.0;-1;?;-57;57;81.0;-1;-81.0;55.0
-689.0;-22;?;-41;41;81.0;-22;-78.0;54.0
-692.0;-42;?;?;25;82.0;-42;-74.0;?
?;?;-279.0;?;?;83.0;?;-69.0;52.0
?;-10;?;?;?;?;?;-63.0;51.0
-703.0;-32;-381.0;-105;105;83.0;?;?;50.0
-708.0;-48;-494.0;?;170;83.0;-48;?;?
-715.0;-75;?;-222;?;83.0;-75;-39.0;48.0
?;-56;-667.0;-188;188;82.0;-56;-29.0;?
-728.0;-24;-781.0;-134;134;81.0;-24;-20.0;?
?;-25;-865.0;-137;137;79.0;-25;-11.0;45.0
-741.0;-6;-993.0;-86;?;77.0;-6;-1.0;46.0
-748.0;?;-1077.0;-53;53;?;16;7.0;46.0
-755.0;-10;?;-74;74;71.0;-10;17.0;45.0
-762.0;-37;?;-107;107;69.0;-37;27.0;?
?;-24;-1296.0;-176;176;67.0;-24;37.0;42.0
-777.0;-13;?;-184;?;64.0;-13;49.0;?
-785.0;-25;-1285.0;-113;113;61.0;-25;59.0;?
-792.0;?;-1242.0;?;56;57.0;-17;69.0;38.0
-799.0;?;-1204.0;-63;63;52.0;-20;78.0;39.0
?;-34;-1177.0;-71;71;47.0;-34;87.0;41.0
-810.0;-14;?;-44;44;42.0;-14;95.0;43.0
-814.0;-11;-902.0;-42;42;34.0;-11;?;49.0
-817.0;?;-938.0;?;48;32.0;-20;111.0;49.0
-821.0;?;-927.0;?;33;24.0;0;118.0;?
-825.0;4;-911.0;2;-2;17.0;4;126.0;?
-827.0;-4;-937.0;?;-41;11.0;-4;134.0;70.0
-827.0;-4;?;37;-37;5.0;?;142.0;76.0
-827.0;-6;?;-4;4;2.0;-6;?;79.0
-825.0;21;-858.0;-19;19;-1.0;?;158.0;82.0
-822.0;?;-782.0;25;-25;-3.0;44;162.0;84.0
-822.0;?;-742.0;28;-28;-6.0;13;169.0;86.0
-820.0;-3;?;?;?;-8.0;-3;175.0;88.0
-819.0;6;-584.0;?;-6;-9.0;6;180.0;89.0
?;?;?;-6;6;?;?;?;?
?;-4;?;-21;?;-10.0;-4;192.0;?
-817.0;-1;?;0;0;-10.0;-1;197.0;90.0
-817.0;33;?;21;-21;-11.0;33;200.0;89.0
-817.0;68;-126.0;3;?;?;68;203.0;?
-817.0;32;-238.0;-15;15;-12.0;32;?;89.0
-818.0;4;-128.0;?;-33;?;4;208.0;89.0
?;?;-140.0;53;-53;-13.0;13;213.0;?
-820.0;-2;-240.0;46;-46;-14.0;-2;217.0;92.0
?;19;-154.0;62;-62;-14.0;19;217.0;93.0
-819.0;48;-128.0;77;?;-14.0;48;220.0;94.0
?;?;-100.0;53;?;?;38;220.0;95.0
-819.0;51;-95.0;0;?;?;51;219.0;94.0
-819.0;11;-91.0;11;-11;-12.0;11;218.0;95.0
-820.0;-34;-22.0;10;-10;-12.0;?;?;95.0
-818.0;?;32.0;49;?;?;-5;216.0;95.0
?;?;59.0;128;-128;-9.0;-5;214.0;?
-816.0;-7;212.0;102;-102;?;-7;213.0;97.0
-815.0;34;?;?;-115;-6.0;?;212.0;99.0
-814.0;53;?;121;?;?;53;211.0;?
-815.0;22;427.0;90;-90;-2.0;22;?;102.0
?;?;749.0;131;-131;1.0;?;208.0;103.0
-815.0;26;959.0;?;-179;4.0;26;206.0;103.0
-813.0;-2;1073.0;205;-205;?;-2;202.0;102.0
?;11;1223.0;215;-215;13.0;11;199.0;101.0
-799.0;?;1140.0;221;-221;?;14;195.0;100.0
?;32;?;217;?;?;?;190.0;100.0
-774.0;73;422.0;248;?;?;73;186.0;98.0
-755.0;69;-359.0;238;-238;39.0;69;?;?
-732.0;?;-1041.0;?;?;48.0;53;175.0;90.0
-705.0;18;-1598.0;67;?;57.0;18;166.0;?
-677.0;11;-2372.0;23;-23;?;11;159.0;82.0
-647.0;26;-2679.0;-22;22;76.0;26;151.0;77.0
-620.0;-24;-2647.0;-27;27;86.0;-24;145.0;71.0
-598.0;-25;-2527.0;-34;34;96.0;-25;?;?
-580.0;18;?;26;-26;104.0;?;150.0;62.0
-561.0;-20;-1905.0;24;-24;111.0;?;156.0;59.0
-549.0;-21;326.0;7;-7;118.0;-21;169.0;58.0
?;29;217.0;50;-50;124.0;29;171.0;57.0
?;13;238.0;30;-30;?;13;171.0;58.0
-520.0;25;?;-2;2;?;25;179.0;60.0
?;31;410.0;-3;?;?;31;189.0;63.0
-518.0;-25;424.0;-9;9;131.0;-25;198.0;?
-515.0;?;234.0;-13;13;131.0;8;203.0;74.0
?;32;31.0;5;-5;132.0;32;?;78.0
-506.0;?;12.0;17;-17;134.0;-5;203.0;81.0
?;15;32.0;17;-17;136.0;15;203.0;82.0
-501.0;-3;49.0;12;-12;137.0;-3;203.0;83.0
-498.0;-17;24.0;-9;?;137.0;-17;205.0;82.0
-496.0;2;?;-7;7;?;2;206.0;?
-493.0;?;14.0;14;-14;?;-25;207.0;82.0
-491.0;-34;-1.0;51;-51;?;?;207.0;?
-491.0;-33;38.0;53;?;138.0;?;206.0;84.0
-490.0;?;44.0;-48;48;138.0;?;206.0;84.0
?;-27;31.0;-78;78;137.0;?;206.0;85.0
-490.0;-12;16.0;?;39;137.0;-12;206.0;84.0
-489.0;-12;18.0;-68;68;137.0;-12;?;84.0
?;7;1.0;-116;116;?;7;206.0;84.0
-490.0;-10;-6.0;-109;109;135.0;-10;205.0;83.0
?;-23;8.0;-88;88;135.0;-23;205.0;83.0
?;5;-33.0;-166;?;134.0;5;204.0;?
-496.0;-5;32.0;?;210;134.0;-5;201.0;83.0
-507.0;-25;207.0;-214;214;134.0;-25;190.0;?
-527.0;-14;555.0;?;?;?;-14;167.0;?
-555.0;-30;1092.0;-301;301;133.0;-30;150.0;77.0
-583.0;?;1402.0;-294;294;129.0;?;138.0;72.0
-614.0;?;1850.0;?;329;123.0;-66;119.0;65.0
-648.0;-101;2244.0;-281;?;115.0;-101;?;58.0
-681.0;-99;2314.0;-160;160;106.0;-99;101.0;53.0
-714.0;-44;2269.0;-74;74;97.0;-44;96.0;?
-743.0;1;?;-22;22;86.0;?;97.0;46.0
?;?;1468.0;13;-13;?;19;100.0;?
-787.0;-3;890.0;?;-10;65.0;-3;104.0;?
-803.0;?;340.0;-7;?;50.0;-48;113.0;55.0
-814.0;-24;?;10;?;35.0;-24;?;?
-819.0;17;-252.0;?;23;23.0;17;140.0;74.0
-821.0;-8;-494.0;-63;63;13.0;-8;153.0;83.0
-820.0;-11;-608.0;12;?;4.0;-11;165.0;89.0
-820.0;-1;-605.0;4;-4;?;-1;177.0;?
-820.0;0;?;?;-3;-10.0;0;?;97.0
-821.0;32;?;?;-42;-16.0;32;198.0;98.0
-822.0;28;?;-50;?;?;28;208.0;98.0
-824.0;5;-266.0;?;58;-23.0;?;214.0;97.0
-826.0;28;-241.0;-16;16;-25.0;28;220.0;95.0
-826.0;30;-166.0;-7;?;?;30;224.0;?
-826.0;-2;-231.0;26;-26;-28.0;?;?;91.0
-825.0;9;-206.0;13;-13;?;9;229.0;89.0
-825.0;-1;-271.0;14;-14;-31.0;?;231.0;89.0
-824.0;?;-212.0;61;-61;-33.0;?;232.0;88.0
-824.0;5;-97.0;61;-61;-34.0;5;233.0;89.0
-825.0;27;113.0;?;-63;-35.0;27;?;90.0
-826.0;0;26.0;61;-61;-35.0;0;237.0;90.0
-826.0;8;?;36;?;-34.0;8;237.0;91.0
-828.0;16;369.0;37;-37;-33.0;16;236.0;91.0
-828.0;?;658.0;31;-31;-31.0;?;234.0;91.0
-827.0;47;800.0;72;?;?;47;231.0;89.0
-825.0;46;971.0;113;?;?;46;225.0;88.0
-822.0;31;1152.0;150;-150;-21.0;31;?;86.0
-819.0;6;1434.0;141;-141;-16.0;6;209.0;82.0
?;31;1529.0;80;-80;-10.0;?;?;79.0
-809.0;58;1695.0;?;-99;-3.0;58;191.0;76.0
-803.0;21;1782.0;61;-61;2.0;21;179.0;74.0
-798.0;?;1654.0;?;-71;?;59;164.0;72.0
-792.0;78;?;99;-99;15.0;78;146.0;70.0
-784.0;-17;1244.0;15;-15;21.0;-17;129.0;68.0
-775.0;-21;1217.0;30;-30;29.0;-21;110.0;?
-766.0;10;1476.0;19;?;34.0;10;90.0;64.0
-757.0;2;1391.0;-16;16;?;2;72.0;63.0
-749.0;?;?;52;-52;45.0;35;57.0;63.0
-743.0;42;?;71;-71;49.0;42;45.0;61.0
-737.0;?;919.0;?;-16;53.0;6;?;61.0
-731.0;12;854.0;?;5;?;12;23.0;60.0
-725.0;32;833.0;14;-14;59.0;32;13.0;61.0
-720.0;-3;814.0;4;-4;63.0;?;3.0;61.0
-715.0;-64;?;-38;?;65.0;?;-6.0;?
?;-27;498.0;?;11;67.0;-27;-14.0;62.0
?;48;396.0;27;-27;?;48;-22.0;62.0
-702.0;17;324.0;?;?;71.0;17;-29.0;62.0
-698.0;-2;?;-38;?;?;?;?;?
-694.0;14;?;?;?;74.0;14;-43.0;62.0
-689.0;3;289.0;?;22;76.0;3;-49.0;62.0
-685.0;22;307.0;22;?;78.0;22;-56.0;?
-680.0;18;304.0;17;-17;79.0;18;-63.0;61.0
-676.0;-8;205.0;?;-6;?;-8;?;60.0
-674.0;?;154.0;?;-6;?;30;?;59.0
-671.0;20;?;17;-17;?;?;-77.0;58.0
-669.0;?;111.0;44;-44;85.0;-4;-81.0;57.0
-667.0;?;99.0;20;-20;?;4;-83.0;56.0
-666.0;-33;131.0;-4;4;?;-33;?;55.0
-665.0;-37;144.0;?;?;88.0;-37;-87.0;55.0
?;-32;112.0;?;-29;88.0;-32;-88.0;?
?;-3;99.0;?;-11;?;-3;?;54.0
-662.0;14;63.0;18;-18;88.0;14;-89.0;54.0
-662.0;-15;102.0;-9;?;88.0;-15;-90.0;54.0
-662.0;4;?;?;51;?;4;?;54.0
-662.0;?;?;-58;58;?;10;-89.0;?
-663.0;?;?;-47;47;89.0;4;-88.0;?
?;?;-50.0;-68;?;?;-2;-86.0;52.0
-667.0;-49;-115.0;?;70;90.0;-49;-83.0;?
-669.0;-28;-176.0;-78;78;91.0;?;-79.0;51.0
-672.0;17;?;?;122;?;17;-74.0;50.0
-675.0;-26;-286.0;?;116;91.0;-26;-69.0;?
-679.0;-16;-324.0;?;?;92.0;-16;-62.0;48.0
-684.0;?;?;-56;56;92.0;6;-55.0;47.0
-691.0;?;-445.0;-13;13;91.0;-34;-46.0;45.0
-698.0;-22;-519.0;?;?;90.0;-22;-36.0;44.0
?;-13;-652.0;?;10;88.0;?;-26.0;43.0
?;-8;-684.0;-62;62;87.0;?;-16.0;42.0
-718.0;32;-684.0;-23;23;84.0;32;-6.0;42.0
-724.0;4;-804.0;-41;?;81.0;4;5.0;43.0
?;-23;?;-179;179;76.0;-23;15.0;44.0
-736.0;-15;-940.0;-162;162;72.0;-15;25.0;45.0
-744.0;-19;-1097.0;-124;124;?;-19;35.0;47.0
-756.0;?;-1268.0;-118;118;63.0;?;48.0;48.0
-768.0;4;-1244.0;-87;87;58.0;4;?;50.0
-778.0;-16;?;-133;133;54.0;-16;71.0;50.0
-789.0;31;?;?;162;47.0;?;80.0;?
-798.0;?;-1489.0;-135;135;41.0;-4;?;56.0
-805.0;-7;-1449.0;-137;137;37.0;-7;95.0;57.0
-810.0;?;?;?;?;31.0;?;?;59.0
?;-28;-1471.0;-29;?;?;-28;110.0;?
?;13;-1278.0;-22;22;19.0;13;117.0;?
-821.0;?;-1177.0;-26;26;14.0;12;?;66.0
-826.0;6;-1110.0;?;24;8.0;6;?;69.0
?;45;-1039.0;22;-22;3.0;45;135.0;70.0
-827.0;?;-1150.0;23;-23;?;19;140.0;72.0
-831.0;-16;-1151.0;48;-48;?;-16;150.0;?
-832.0;7;-909.0;41;-41;-13.0;7;160.0;77.0
-830.0;16;-818.0;-4;4;-17.0;?;169.0;79.0
-827.0;7;-685.0;16;-16;-20.0;7;175.0;80.0
-826.0;3;-584.0;14;-14;-23.0;3;181.0;?
?;23;-503.0;43;-43;-25.0;23;186.0;79.0
-824.0;16;-471.0;24;-24;-27.0;16;188.0;79.0
-824.0;-6;-394.0;23;-23;-29.0;-6;?;78.0
-825.0;35;?;99;?;-32.0;35;192.0;78.0
-825.0;59;-332.0;26;?;-34.0;59;194.0;?
?;17;-353.0;-50;50;-35.0;17;?;77.0
?;6;-303.0;-11;11;-37.0;6;197.0;75.0
-827.0;29;-38.0;?;15;-37.0;29;199.0;74.0
-829.0;?;?;-16;16;?;41;?;74.0
-831.0;49;?;44;?;-37.0;49;?;72.0
-831.0;48;-267.0;?;-102;-37.0;?;200.0;71.0
-832.0;49;?;154;-154;-37.0;49;?;70.0
-833.0;?;-31.0;194;-194;-36.0;41;?;68.0
-833.0;9;128.0;290;-290;-35.0;9;197.0;68.0
-832.0;-39;233.0;445;-445;?;-39;196.0;68.0
-832.0;-101;333.0;441;-441;-30.0;-101;195.0;68.0
-832.0;?;616.0;386;-386;-28.0;-128;194.0;68.0
-832.0;-124;?;469;-469;-25.0;-124;?;69.0
-831.0;-157;?;?;-523;-21.0;-157;?;?
-827.0;-55;1279.0;?;-603;-15.0;-55;201.0;70.0
-817.0;?;1558.0;885;?;?;-85;205.0;70.0
-804.0;-267;1406.0;975;-975;-2.0;-267;?;72.0
?;-489;899.0;1089;-1089;5.0;-489;212.0;72.0
?;-876;161.0;?;-1479;15.0;-876;210.0;69.0
-740.0;-862;-586.0;1472;-1472;?;?;202.0;66.0
-710.0;-1073;-1637.0;1606;-1606;42.0;-1073;?;57.0
-674.0;-971;-2504.0;972;-972;58.0;-971;187.0;?
-637.0;155;-3065.0;-948;948;73.0;?;178.0;34.0
-597.0;732;-3397.0;?;2063;91.0;732;?;?
-560.0;835;-3499.0;-2562;2562;?;835;147.0;10.0
?;612;-3364.0;-2433;2433;128.0;?;131.0;-1.0
-504.0;-304;-3202.0;-1388;?;144.0;-304;115.0;-12.0
-488.0;-754;-2806.0;-617;617;159.0;-754;99.0;?
-481.0;-1081;-1799.0;?;-115;172.0;-1081;86.0;-31.0
?;-1541;-755.0;1142;-1142;184.0;-1541;85.0;-39.0
?;?;207.0;1680;-1680;193.0;-1376;87.0;-46.0
?;-1802;?;1816;-1816;201.0;-1802;97.0;-53.0
?;-1000;123.0;1823;?;?;?;100.0;-58.0
-496.0;856;?;1779;-1779;213.0;856;97.0;-63.0
-496.0;858;256.0;1083;-1083;218.0;?;96.0;-68.0
-498.0;904;154.0;?;189;221.0;904;97.0;-70.0
?;1845;153.0;-520;520;224.0;?;97.0;-71.0
?;?;187.0;-1277;1277;227.0;?;98.0;-72.0
-504.0;4874;168.0;-2642;2642;?;4874;?;?
-508.0;4701;105.0;-2341;2341;233.0;4701;98.0;-77.0
-511.0;?;102.0;-1732;1732;235.0;4111;98.0;?
-513.0;3975;64.0;?;?;237.0;3975;99.0;?
?;3979;105.0;-1263;1263;239.0;?;98.0;-82.0
-516.0;924;?;-1308;1308;239.0;924;?;?
?;-2782;45.0;-1989;1989;?;?;?;-84.0
-514.0;-1667;80.0;-1763;1763;246.0;?;?;-85.0
-511.0;133;?;?;1268;250.0;133;?;-86.0
-508.0;-734;7.0;?;?;253.0;-734;106.0;-86.0
-504.0;-785;74.0;-1029;1029;254.0;-785;?;-85.0
-502.0;?;88.0;-586;586;252.0;-234;?;-81.0
-498.0;-373;133.0;-374;?;253.0;?;?;-81.0
-495.0;32;171.0;-1173;1173;255.0;32;121.0;-80.0
-493.0;201;313.0;-1702;1702;256.0;201;124.0;?
-492.0;66;458.0;-1556;1556;?;66;130.0;-72.0
-492.0;268;476.0;-1120;1120;260.0;268;139.0;-66.0
-492.0;?;599.0;?;476;267.0;78;151.0;-61.0
-489.0;-153;710.0;-93;93;274.0;-153;165.0;-54.0
-479.0;48;665.0;-206;206;?;48;179.0;-45.0
?;48;650.0;?;229;290.0;48;?;-36.0
-456.0;-45;451.0;-4;4;298.0;-45;199.0;-29.0
-443.0;?;111.0;99;-99;?;-48;214.0;-19.0
?;-89;64.0;111;-111;299.0;-89;229.0;-1.0
-421.0;-68;357.0;?;-99;305.0;-68;?;14.0
-416.0;-77;498.0;109;-109;?;-77;?;22.0
-412.0;?;?;?;-182;322.0;-104;289.0;27.0
-408.0;-101;162.0;?;-147;329.0;?;311.0;?
-400.0;?;-72.0;?;-140;334.0;?;331.0;29.0
-390.0;-121;?;191;-191;337.0;?;?;29.0
-379.0;-137;-279.0;172;-172;338.0;?;?;28.0
?;-127;?;167;-167;340.0;-127;360.0;25.0
-369.0;-124;-288.0;131;-131;340.0;-124;?;?
-366.0;-88;-335.0;86;-86;339.0;-88;361.0;17.0
-362.0;?;-362.0;94;-94;336.0;?;352.0;?
-361.0;-58;-235.0;70;?;?;-58;328.0;10.0
?;49;99.0;48;-48;327.0;49;?;6.0
-370.0;?;164.0;57;-57;327.0;?;266.0;-1.0
?;-83;?;-4;4;326.0;-83;237.0;-9.0
?;-163;139.0;-141;141;325.0;-163;223.0;?
-401.0;-369;-49.0;-404;404;326.0;-369;221.0;?
?;-157;-336.0;-728;728;326.0;-157;227.0;-41.0
?;?;?;-1904;?;330.0;?;236.0;?
-454.0;?;-948.0;-3670;?;330.0;5938;252.0;-64.0
-461.0;7599;-597.0;-3877;3877;?;?;257.0;?
-462.0;4094;-80.0;-1625;1625;?;4094;262.0;-76.0
-456.0;964;273.0;1900;-1900;341.0;?;265.0;-84.0
-450.0;582;39.0;?;-2644;350.0;582;262.0;?
-448.0;162;-210.0;729;?;?;162;261.0;-109.0
-439.0;-28;-351.0;142;-142;364.0;-28;261.0;?
?;19;-517.0;108;?;369.0;19;257.0;-133.0
?;8;-433.0;-47;?;373.0;?;250.0;-144.0
-404.0;52;-684.0;31;?;379.0;52;245.0;-152.0
-389.0;35;-708.0;?;18;?;?;238.0;?
-372.0;47;-684.0;?;?;?;?;231.0;-172.0
-354.0;20;?;22;-22;?;?;225.0;-181.0
-334.0;10;-767.0;-2;2;?;10;?;-188.0
?;-17;-674.0;?;-24;?;-17;212.0;?
-295.0;4;-626.0;6;-6;?;4;208.0;-203.0
-273.0;5;-738.0;26;-26;?;5;202.0;?
-252.0;-57;-702.0;44;-44;447.0;-57;?;-215.0
-231.0;?;-753.0;?;-25;459.0;-39;194.0;-220.0
?;-35;-864.0;?;-46;473.0;-35;192.0;-225.0
-188.0;-53;-993.0;-15;15;488.0;-53;189.0;-234.0
?;-33;-1186.0;-5;5;504.0;-33;186.0;-242.0
-135.0;-10;-1246.0;77;-77;?;-10;?;-249.0
-107.0;-16;-1191.0;68;-68;537.0;?;179.0;?
-79.0;-52;-1228.0;124;-124;555.0;-52;172.0;-261.0
-49.0;-38;?;?;?;573.0;-38;163.0;-268.0
-20.0;-15;-1031.0;194;-194;591.0;-15;151.0;?
9.0;?;-1047.0;171;?;608.0;-32;139.0;-284.0
35.0;-16;-924.0;166;-166;?;-16;126.0;-290.0
59.0;?;-860.0;271;-271;640.0;6;112.0;-295.0
83.0;-28;-836.0;314;-314;656.0;?;96.0;-301.0
105.0;?;-775.0;292;-292;672.0;-47;80.0;-311.0
126.0;-4;-675.0;315;-315;687.0;-4;62.0;-321.0
147.0;21;-692.0;68;-68;699.0;21;?;?
169.0;60;-693.0;212;-212;710.0;60;17.0;?
?;79;?;?;-271;720.0;79;-10.0;-359.0
217.0;62;?;130;-130;729.0;62;-40.0;-377.0
240.0;156;-524.0;1008;?;736.0;156;-70.0;-396.0
263.0;156;?;746;-746;741.0;?;-100.0;?
285.0;?;-702.0;1974;-1974;746.0;55;-127.0;-436.0
306.0;-937;-679.0;3685;-3685;?;-937;-154.0;-455.0
328.0;-783;?;3613;-3613;?;?;-180.0;-474.0
349.0;1889;?;2156;-2156;759.0;?;-206.0;-492.0
370.0;2353;-689.0;-4851;4851;763.0;2353;?;-508.0
392.0;?;-758.0;-7560;7560;767.0;1345;?;-522.0
415.0;1360;-867.0;-4762;4762;770.0;1360;?;-535.0
706.0;-33;-540.0;75;-75;717.0;?;-552.0;-642.0
?;57;-542.0;223;-223;712.0;57;-557.0;-644.0
716.0;-18;-493.0;?;-247;707.0;-18;?;-647.0
720.0;57;?;273;-273;703.0;57;-564.0;?
?;79;-518.0;216;-216;701.0;?;-565.0;?
733.0;88;-657.0;?;-135;698.0;?;?;?
739.0;60;-1034.0;?;-52;692.0;?;-564.0;-646.0
744.0;57;-1242.0;?;-62;?;?;?;-647.0
745.0;-2;-1180.0;-44;44;690.0;-2;-556.0;-643.0
748.0;?;-809.0;204;-204;?;75;-551.0;-639.0
753.0;130;-330.0;438;-438;692.0;130;-544.0;-642.0
755.0;90;-68.0;?;-364;686.0;?;-538.0;-646.0
755.0;?;?;1389;-1389;682.0;413;-537.0;-650.0
754.0;446;?;2664;-2664;679.0;446;-540.0;-653.0
756.0;1033;303.0;3825;-3825;675.0;1033;-543.0;-656.0
757.0;2247;356.0;6629;-6629;672.0;2247;-548.0;?
757.0;2711;340.0;?;-7500;?;2711;-552.0;-665.0
758.0;3384;285.0;4720;?;?;3384;-554.0;-670.0
759.0;3933;?;?;?;655.0;3933;?;-673.0
758.0;2614;287.0;-374;374;650.0;2614;-556.0;-675.0
757.0;-456;264.0;-2228;2228;646.0;?;-557.0;?
756.0;-2412;144.0;-2276;2276;643.0;?;-559.0;-676.0
757.0;-2297;?;-4209;?;638.0;-2297;-558.0;-677.0
759.0;?;-233.0;-5154;5154;633.0;?;?;-677.0
762.0;-1948;?;-5310;?;635.0;-1948;-553.0;-673.0
769.0;-3304;-614.0;-4756;4756;640.0;-3304;-545.0;-668.0
778.0;-5002;-1060.0;-2121;2121;?;-5002;-535.0;-658.0
786.0;-4996;-1305.0;1256;-1256;?;-4996;-524.0;?
793.0;-4804;-1359.0;2586;-2586;673.0;?;-513.0;?
800.0;-4658;-1031.0;933;-933;?;-4658;-496.0;-641.0
807.0;-3336;-396.0;1020;-1020;?;-3336;?;-630.0
812.0;-2237;10.0;1715;-1715;?;-2237;-458.0;-619.0
815.0;?;-90.0;1543;-1543;704.0;-2863;-453.0;-608.0
820.0;?;-227.0;1478;-1478;?;-2383;-449.0;-604.0
824.0;-280;-246.0;330;-330;?;-280;-446.0;-600.0
825.0;104;-3.0;-22;22;?;104;-442.0;?
825.0;-24;188.0;75;?;732.0;-24;-439.0;-596.0
825.0;309;268.0;?;153;742.0;?;-432.0;-592.0
824.0;125;428.0;-23;?;?;?;-424.0;?
821.0;?;?;-58;?;762.0;131;-415.0;-588.0
817.0;157;461.0;-49;49;772.0;157;?;-588.0
809.0;19;?;-84;84;?;19;-395.0;?
799.0;-51;611.0;-90;90;790.0;-51;-383.0;-586.0
?;-81;?;-27;?;797.0;?;-373.0;?
?;?;831.0;-32;32;802.0;-53;-362.0;-586.0
?;-24;929.0;73;-73;805.0;?;-353.0;-585.0
735.0;-64;928.0;149;-149;?;-64;-341.0;?
721.0;-116;1019.0;82;?;816.0;-116;-332.0;-575.0
?;-103;892.0;86;-86;820.0;-103;-326.0;-570.0
701.0;-74;748.0;113;-113;825.0;-74;-318.0;-564.0
694.0;-52;560.0;21;-21;829.0;-52;-310.0;-558.0
688.0;-56;413.0;-34;34;833.0;?;?;-553.0
682.0;-82;311.0;-16;?;?;?;-294.0;-550.0
677.0;-104;246.0;-17;17;836.0;?;-286.0;?
672.0;?;251.0;?;-1;837.0;-149;-278.0;-545.0
663.0;-206;269.0;19;-19;836.0;?;-270.0;-542.0
?;-173;271.0;13;-13;836.0;-173;-263.0;?
637.0;-77;?;-14;14;836.0;-77;-252.0;-532.0
619.0;?;344.0;-30;?;837.0;3;-240.0;-525.0
600.0;?;477.0;18;-18;?;24;-231.0;-515.0
?;-55;469.0;3;-3;840.0;?;-221.0;-506.0
563.0;?;527.0;-52;52;?;11;-208.0;-498.0
546.0;?;521.0;-121;121;841.0;?;-196.0;-490.0
530.0;?;447.0;-194;194;840.0;164;-186.0;-484.0
515.0;?;343.0;-98;98;840.0;?;-176.0;-477.0
503.0;72;311.0;?;12;840.0;?;-166.0;?
491.0;59;244.0;-24;24;840.0;59;-157.0;-463.0
?;69;166.0;-23;23;841.0;69;-147.0;-454.0
466.0;45;87.0;-37;37;842.0;?;?;-445.0
453.0;47;70.0;-35;35;843.0;47;-127.0;?
441.0;33;?;1;-1;?;33;?;-429.0
426.0;-2;-170.0;-10;10;848.0;?;-111.0;?
412.0;?;-174.0;-48;48;852.0;42;?;-411.0
?;?;-133.0;-7;7;?;-10;?;-399.0
382.0;?;-143.0;-36;36;861.0;-54;-83.0;-383.0
367.0;?;19.0;-77;77;864.0;-490;-73.0;-369.0
354.0;-1699;82.0;309;-309;868.0;-1699;?;-356.0
337.0;?;-16.0;758;-758;873.0;-2244;?;-344.0
322.0;?;-306.0;711;?;876.0;-2021;-73.0;?
313.0;-1986;-181.0;?;-1088;879.0;?;-75.0;?
306.0;-1716;52.0;1495;?;?;?;-77.0;-301.0
299.0;?;?;712;-712;885.0;-1248;-86.0;-289.0
?;-1238;30.0;-191;191;887.0;?;-92.0;-275.0
291.0;?;295.0;?;499;889.0;-1416;-96.0;-261.0
?;?;478.0;-110;110;891.0;?;-101.0;-249.0
285.0;-2332;504.0;?;-91;893.0;-2332;-103.0;?
285.0;-2750;660.0;-151;151;895.0;?;-103.0;-228.0
?;-1546;689.0;-161;161;897.0;-1546;-105.0;-218.0
287.0;-1442;?;?;?;899.0;-1442;-107.0;-208.0
290.0;-832;545.0;159;-159;901.0;-832;-113.0;-201.0
292.0;76;353.0;194;?;902.0;76;-122.0;?
?;161;284.0;1420;-1420;903.0;161;-133.0;-191.0
?;610;252.0;2684;-2684;903.0;?;-142.0;?
?;306;227.0;?;-560;904.0;?;?;-183.0
309.0;283;312.0;?;-31;?;283;-158.0;-177.0
?;?;265.0;?;?;906.0;?;-160.0;-168.0
320.0;682;257.0;41;-41;907.0;?;-161.0;-158.0
325.0;234;232.0;-12;12;?;234;-159.0;-147.0
328.0;141;52.0;-4;4;908.0;141;-156.0;-139.0
331.0;137;-40.0;-13;13;907.0;137;-149.0;-134.0
?;36;-60.0;108;?;906.0;36;-143.0;-131.0
335.0;?;?;77;-77;904.0;2;-136.0;-127.0
336.0;?;-189.0;?;-71;902.0;27;-131.0;-123.0
?;21;?;57;-57;897.0;21;-124.0;-117.0
328.0;-33;?;7;?;892.0;?;-115.0;-109.0
323.0;-72;-299.0;44;-44;888.0;-72;-105.0;-101.0
317.0;?;-280.0;48;-48;883.0;-88;-94.0;-94.0
311.0;?;-190.0;17;-17;878.0;?;-80.0;-86.0
?;-170;-188.0;40;-40;872.0;-170;-68.0;-75.0
304.0;-231;-267.0;-34;34;864.0;-231;-57.0;-64.0
299.0;-290;-362.0;-161;161;856.0;?;-46.0;-54.0
?;?;-247.0;-240;240;849.0;-243;-36.0;-45.0
292.0;-33;-213.0;-302;302;843.0;-33;-30.0;?
287.0;?;-8.0;-230;230;?;111;-18.0;-33.0
282.0;196;155.0;?;-129;831.0;196;?;-29.0
281.0;478;219.0;273;-273;826.0;?;1.0;-25.0
279.0;540;335.0;55;-55;822.0;540;?;-20.0
?;?;?;-32;32;819.0;185;12.0;?
?;?;674.0;?;111;817.0;81;?;-8.0
277.0;101;757.0;-119;119;?;101;14.0;-3.0
278.0;36;797.0;?;10;818.0;36;10.0;?
?;47;705.0;-14;14;819.0;?;?;?
283.0;?;360.0;20;?;821.0;10;2.0;?
285.0;11;56.0;34;-34;822.0;11;0.0;21.0
287.0;?;-24.0;20;-20;823.0;-28;-1.0;27.0
?;6;-202.0;22;-22;822.0;6;?;32.0
292.0;84;-367.0;?;36;821.0;84;-8.0;37.0
?;13;-495.0;-108;108;819.0;13;-13.0;41.0
299.0;?;?;-94;94;816.0;?;-15.0;44.0
302.0;54;-637.0;?;11;813.0;54;-14.0;?
?;25;?;?;-13;811.0;25;-15.0;44.0
312.0;-5;?;32;?;807.0;-5;-18.0;44.0
315.0;-11;-721.0;71;?;804.0;-11;-20.0;44.0
317.0;7;-674.0;45;-45;801.0;7;-19.0;?
321.0;-9;-543.0;56;?;799.0;?;-19.0;45.0
?;-22;-415.0;?;-112;796.0;?;-18.0;44.0
329.0;?;-186.0;61;-61;?;5;-21.0;44.0
?;?;-59.0;25;-25;792.0;-5;-26.0;44.0
336.0;-23;-81.0;49;-49;791.0;-23;-32.0;?
336.0;?;14.0;47;-47;?;-3;-32.0;?
337.0;-3;38.0;?;-48;787.0;-3;?;44.0
337.0;?;?;39;?;?;-4;?;?
337.0;-6;?;64;-64;784.0;-6;-42.0;41.0
336.0;0;70.0;12;-12;782.0;?;-44.0;41.0
?;?;129.0;-12;12;781.0;?;-47.0;41.0
332.0;-65;146.0;?;-75;779.0;-65;-47.0;?
329.0;?;170.0;8;?;777.0;?;-45.0;39.0
326.0;-19;129.0;?;21;776.0;-19;-46.0;38.0
?;-26;177.0;28;-28;774.0;-26;-45.0;37.0
318.0;-27;?;-14;14;773.0;-27;-44.0;36.0
315.0;-47;239.0;?;?;?;-47;-42.0;36.0
?;-45;?;55;-55;769.0;-45;-40.0;36.0
309.0;-44;109.0;59;-59;?;-44;-38.0;36.0
307.0;-34;?;42;?;766.0;-34;-36.0;37.0
305.0;-23;?;2;-2;766.0;-23;-33.0;?
303.0;-57;38.0;?;10;?;-57;-31.0;38.0
302.0;?;?;6;-6;764.0;-49;-29.0;38.0
301.0;?;-56.0;-13;13;765.0;?;?;?
301.0;-143;?;-7;7;?;-143;?;?
?;-186;18.0;-12;?;766.0;-186;-26.0;38.0
302.0;?;19.0;-27;27;?;-46;-25.0;38.0
303.0;-159;42.0;?;-1;770.0;-159;-23.0;36.0
305.0;-274;-3.0;47;-47;?;?;?;33.0
307.0;-217;46.0;21;-21;777.0;-217;-18.0;?
?;-352;85.0;-30;30;?;-352;-15.0;28.0
?;-326;152.0;?;?;787.0;-326;-13.0;24.0
319.0;-534;?;?;175;?;-534;-10.0;20.0
325.0;-820;67.0;-669;669;800.0;?;-10.0;15.0
?;?;?;-565;565;808.0;-745;-11.0;9.0
338.0;-761;-57.0;-526;526;?;?;?;3.0
347.0;3;-4.0;-1802;1802;?;3;-21.0;-3.0
355.0;1465;?;?;2885;834.0;1465;?;-10.0
361.0;2203;206.0;?;3186;?;?;-37.0;-17.0
366.0;?;229.0;-2486;2486;851.0;?;?;-25.0
?;3231;235.0;-853;?;860.0;3231;-51.0;-34.0
379.0;2501;300.0;245;?;868.0;2501;-60.0;-43.0
388.0;1780;339.0;1159;-1159;876.0;?;-69.0;-53.0
399.0;1409;294.0;1492;-1492;884.0;1409;-81.0;-65.0
412.0;1252;237.0;878;-878;892.0;?;-95.0;-75.0
424.0;?;67.0;325;-325;?;1872;?;?
434.0;2460;-193.0;-195;195;905.0;2460;-125.0;-108.0
?;2462;-357.0;?;661;910.0;2462;-138.0;-125.0
456.0;2244;-497.0;-955;955;?;2244;?;-149.0
468.0;1944;-588.0;?;1341;917.0;1944;-157.0;-172.0
478.0;2494;-589.0;?;1027;919.0;2494;-162.0;-195.0
487.0;?;-674.0;?;1012;920.0;?;-164.0;-216.0
495.0;?;-662.0;-504;504;921.0;989;-163.0;-235.0
506.0;1250;-717.0;1312;-1312;921.0;1250;-163.0;-254.0
522.0;337;?;?;-632;920.0;337;-168.0;-272.0
541.0;-446;-853.0;-342;342;919.0;-446;-175.0;-289.0
?;75;-885.0;163;?;918.0;75;?;-306.0
586.0;?;-946.0;-28;28;916.0;-50;-202.0;-322.0
609.0;-59;-999.0;0;0;914.0;-59;-217.0;-335.0
632.0;-45;-934.0;56;-56;912.0;?;-231.0;-347.0
?;-60;-880.0;?;6;910.0;?;?;-357.0
670.0;-19;-869.0;55;?;?;-19;-256.0;-365.0
684.0;?;-902.0;26;-26;907.0;-63;-265.0;?
695.0;?;-897.0;27;-27;905.0;-20;-272.0;-379.0
?;-24;-803.0;26;-26;904.0;-24;?;-383.0
?;-10;-683.0;58;-58;902.0;-10;-281.0;-389.0
714.0;?;-564.0;84;-84;901.0;-9;-285.0;-393.0
716.0;-36;-520.0;110;-110;900.0;-36;-289.0;-395.0
?;-13;-429.0;74;-74;899.0;-13;-293.0;-399.0
721.0;-7;-259.0;2;-2;896.0;-7;-299.0;-406.0
723.0;-33;-185.0;4;-4;893.0;-33;-306.0;-414.0
726.0;-34;-98.0;10;-10;890.0;-34;?;-421.0
728.0;?;-28.0;3;?;885.0;-45;-319.0;-431.0
?;-28;-1.0;-2;2;878.0;-28;-327.0;-442.0
?;?;55.0;?;67;870.0;18;-337.0;-457.0
740.0;41;110.0;-80;80;859.0;?;-349.0;-474.0
745.0;93;45.0;-36;36;850.0;93;-365.0;-490.0
?;115;-75.0;-43;43;842.0;115;-380.0;?
758.0;52;-163.0;16;-16;834.0;52;?;?
?;?;-163.0;46;-46;826.0;?;?;-525.0
769.0;?;-90.0;42;?;?;152;?;-536.0
773.0;?;-82.0;31;?;812.0;?;-420.0;?
?;-18;-178.0;-72;72;806.0;-18;-424.0;-551.0
779.0;-62;-244.0;?;99;801.0;-62;-427.0;-557.0
783.0;?;-263.0;-143;143;797.0;-14;-429.0;-562.0
787.0;-102;?;-180;180;?;?;?;-566.0
790.0;?;-176.0;-196;?;789.0;-285;-433.0;-570.0
?;-242;-135.0;-180;180;785.0;?;?;-572.0
796.0;-40;-236.0;?;-7;786.0;-40;-438.0;-571.0
798.0;25;-246.0;72;-72;785.0;25;-440.0;-572.0
801.0;55;-270.0;51;-51;?;55;?;-573.0
803.0;144;?;92;-92;?;144;-443.0;-573.0
?;?;-243.0;?;-83;782.0;159;-442.0;-571.0
809.0;162;?;87;-87;782.0;?;-443.0;-568.0
813.0;122;-223.0;69;-69;780.0;?;-442.0;-568.0
817.0;-2;-317.0;3;-3;777.0;?;-443.0;-569.0
821.0;26;-483.0;22;-22;?;26;?;-572.0
?;69;?;66;-66;770.0;69;-442.0;-574.0
828.0;84;-563.0;54;-54;?;84;?;-575.0
832.0;222;-518.0;58;-58;768.0;222;?;-574.0
836.0;324;-440.0;56;-56;766.0;324;-436.0;-573.0
841.0;?;-421.0;11;-11;765.0;?;-433.0;-571.0
?;659;?;?;92;764.0;659;-431.0;-569.0
846.0;774;-405.0;-170;?;764.0;774;-430.0;?
849.0;736;-357.0;-120;120;763.0;736;?;?
851.0;579;-222.0;-67;67;761.0;579;?;-567.0
853.0;711;-222.0;?;?;760.0;711;?;-567.0
?;1105;?;-470;470;?;1105;?;-568.0
854.0;1582;-154.0;-897;897;758.0;1582;-428.0;-570.0
854.0;2000;-69.0;?;1157;?;2000;-429.0;-571.0
852.0;2372;?;-1255;?;755.0;2372;-431.0;-574.0
849.0;2312;62.0;-1183;1183;?;2312;-433.0;-576.0
?;1448;81.0;-776;776;751.0;?;-436.0;-579.0
842.0;793;51.0;-415;415;?;?;?;-582.0
838.0;579;-59.0;?;82;?;579;-448.0;-585.0
834.0;308;-172.0;85;-85;738.0;308;-457.0;-585.0
833.0;?;-250.0;-38;38;729.0;252;-465.0;-586.0
835.0;256;?;-32;32;719.0;256;?;?
839.0;-25;-418.0;-209;209;709.0;-25;-476.0;-597.0
842.0;7;-669.0;-618;618;698.0;7;-482.0;-603.0
844.0;?;?;-780;780;?;790;-489.0;?
845.0;1346;-1177.0;-954;?;681.0;1346;-498.0;?
844.0;1268;-1383.0;-880;880;673.0;1268;?;-609.0
841.0;?;-1644.0;-853;853;663.0;?;-521.0;-613.0
837.0;1342;?;-1633;1633;651.0;?;-535.0;-618.0
832.0;1390;?;?;1752;638.0;?;-548.0;-625.0
?;1212;-1897.0;-1214;1214;626.0;1212;-558.0;-630.0
825.0;630;-1716.0;-1957;1957;615.0;?;-564.0;-632.0
822.0;602;-1496.0;-2202;2202;?;602;-569.0;-630.0
819.0;1184;-1256.0;-1628;?;602.0;1184;-573.0;?
?;1277;-975.0;-1906;1906;598.0;1277;-576.0;?
813.0;1274;-717.0;-75;75;593.0;1274;-578.0;-616.0
811.0;1327;-482.0;2284;?;589.0;?;-579.0;-609.0
809.0;1331;-396.0;1768;-1768;?;1331;?;-603.0
809.0;?;?;414;-414;582.0;1132;?;?
809.0;368;-118.0;-382;382;579.0;368;-579.0;-594.0
811.0;64;106.0;-231;231;577.0;64;-577.0;-590.0
?;82;272.0;35;-35;?;82;-574.0;-588.0
?;-64;478.0;-40;40;573.0;?;-567.0;-586.0
825.0;-45;805.0;71;-71;?;?;?;-585.0
828.0;-65;1040.0;117;?;?;-65;-557.0;-585.0
?;-84;1073.0;168;-168;563.0;-84;-555.0;-585.0
?;-43;932.0;144;-144;?;?;?;?
822.0;?;602.0;98;-98;555.0;-36;-562.0;?
820.0;?;184.0;100;-100;?;?;-567.0;-583.0
818.0;6;?;73;-73;545.0;6;?;?
814.0;?;135.0;105;?;537.0;6;?;-577.0
811.0;29;25.0;195;?;525.0;29;-581.0;-574.0
?;9;-71.0;300;-300;513.0;9;-584.0;-566.0
807.0;22;-179.0;386;-386;?;22;?;-555.0
806.0;62;?;?;-507;489.0;62;-589.0;-547.0
806.0;274;55.0;801;-801;476.0;274;-588.0;-543.0
806.0;?;?;1548;-1548;464.0;373;-586.0;-542.0
806.0;573;?;3047;-3047;453.0;?;-583.0;-540.0
805.0;1779;100.0;5163;-5163;444.0;1779;-579.0;-539.0
?;2639;268.0;7392;-7392;437.0;2639;-574.0;-536.0
801.0;3127;544.0;8185;?;431.0;?;-569.0;-536.0
799.0;3360;?;5877;-5877;423.0;?;-566.0;?
797.0;1549;543.0;1060;-1060;416.0;1549;-565.0;-530.0
796.0;-1038;433.0;-3030;3030;?;-1038;-563.0;-525.0
?;-2299;387.0;-4117;?;398.0;-2299;-563.0;?
795.0;-1931;222.0;-4869;4869;389.0;-1931;?;?
793.0;-1571;77.0;-5936;5936;380.0;-1571;-563.0;-503.0
791.0;-1378;-61.0;-6176;6176;372.0;-1378;?;-494.0
787.0;-1351;?;-6190;?;363.0;-1351;-562.0;?
782.0;-2227;-589.0;?;5435;360.0;-2227;-560.0;-475.0
?;?;-1093.0;-4995;4995;356.0;-2372;-558.0;-466.0
771.0;-3561;-1682.0;-4902;?;359.0;-3561;?;-455.0
764.0;-3354;-1966.0;?;1209;357.0;-3354;-550.0;-449.0
758.0;847;?;1376;-1376;350.0;847;?;-448.0
?;1426;-1100.0;1247;-1247;?;?;?;?
748.0;-598;?;4956;-4956;332.0;-598;-539.0;-430.0
?;1420;?;5258;-5258;319.0;?;-540.0;-423.0
733.0;2568;?;1632;-1632;305.0;2568;-540.0;-419.0
723.0;1107;?;864;-864;292.0;1107;-537.0;-416.0
?;1411;-174.0;128;-128;280.0;1411;-535.0;-410.0
706.0;?;-46.0;-257;257;267.0;1430;?;-405.0
703.0;358;?;143;?;?;358;-529.0;-395.0
704.0;?;117.0;180;-180;248.0;57;-525.0;-387.0
704.0;?;256.0;277;-277;242.0;109;-522.0;-380.0
?;?;343.0;261;-261;237.0;57;-521.0;-373.0
703.0;69;431.0;281;-281;233.0;69;-521.0;-366.0
700.0;103;392.0;447;-447;229.0;103;?;-361.0
696.0;-31;?;370;-370;?;-31;-526.0;?
?;-43;44.0;429;-429;216.0;-43;-527.0;-368.0
680.0;51;-190.0;491;-491;208.0;51;-528.0;-366.0
671.0;158;-550.0;1096;-1096;198.0;158;-528.0;-374.0
?;285;-657.0;1991;?;193.0;285;?;?
?;338;-206.0;2082;?;191.0;?;-529.0;?
682.0;725;268.0;4350;?;192.0;725;-528.0;?
691.0;1870;465.0;8423;-8423;193.0;?;-527.0;-379.0
701.0;2974;?;?;?;200.0;2974;-527.0;-378.0
?;?;600.0;3516;-3516;207.0;1681;-526.0;?
712.0;550;?;-2428;?;213.0;550;-524.0;-378.0
717.0;2453;855.0;-4720;4720;219.0;2453;-522.0;?
723.0;2243;937.0;-5877;?;223.0;2243;-518.0;-381.0
731.0;-476;911.0;-5941;5941;226.0;?;-515.0;-381.0
739.0;-2651;916.0;?;4791;228.0;?;-512.0;-378.0
747.0;-4104;854.0;-4374;4374;229.0;-4104;-510.0;-376.0
754.0;-4093;853.0;-4306;4306;231.0;-4093;-507.0;-371.0
759.0;-3516;784.0;?;?;234.0;-3516;-504.0;-365.0
764.0;-2807;525.0;-5056;5056;242.0;-2807;-503.0;-361.0
765.0;-1789;324.0;-4989;4989;?;-1789;-504.0;-351.0
766.0;-2686;-121.0;?;3963;235.0;-2686;-505.0;-339.0
767.0;-2257;-185.0;?;1064;236.0;-2257;?;-334.0
?;-184;521.0;1902;-1902;237.0;-184;-509.0;?
763.0;-578;707.0;3227;-3227;?;?;-513.0;-337.0
760.0;1445;266.0;3370;-3370;239.0;?;-519.0;-343.0
753.0;3160;-165.0;?;-2121;243.0;3160;-527.0;-352.0
?;2504;-294.0;1334;-1334;247.0;2504;?;?
732.0;2531;-387.0;1304;-1304;251.0;2531;-541.0;?
726.0;666;-416.0;143;-143;?;?;?;-379.0
724.0;-105;-514.0;?;126;262.0;-105;-550.0;-386.0
727.0;299;-614.0;113;-113;270.0;299;-551.0;-389.0
732.0;-38;-618.0;?;16;280.0;-38;-553.0;-395.0
736.0;64;-510.0;265;-265;292.0;?;-553.0;-403.0
740.0;11;-291.0;225;-225;302.0;11;-553.0;?
?;30;?;52;-52;311.0;30;-554.0;-409.0
?;138;-128.0;?;-40;319.0;138;-555.0;-414.0
742.0;?;?;63;-63;323.0;?;?;-424.0
741.0;71;85.0;440;?;326.0;71;?;?
740.0;-34;-167.0;344;-344;329.0;?;-555.0;?
746.0;208;-296.0;903;-903;337.0;208;?;-453.0
756.0;416;228.0;1796;?;341.0;?;-553.0;-453.0
765.0;?;?;1285;-1285;349.0;-182;-554.0;-458.0
774.0;2205;?;3986;-3986;361.0;2205;-556.0;-471.0
782.0;4726;?;7209;-7209;372.0;4726;-559.0;-480.0
788.0;5013;1285.0;6000;-6000;383.0;?;-561.0;?
792.0;?;1573.0;3449;-3449;?;3630;?;-496.0
795.0;?;1694.0;?;-537;405.0;-570;-566.0;?
797.0;?;?;-1293;1293;412.0;-1435;-568.0;-507.0
798.0;-538;1785.0;-1989;1989;415.0;-538;-571.0;-513.0
798.0;?;1782.0;-3592;?;418.0;-1654;-574.0;-516.0
799.0;-2478;1650.0;-5189;5189;419.0;?;-575.0;-517.0
800.0;-3272;1564.0;-5781;?;417.0;?;-576.0;-517.0
800.0;-3680;1326.0;-5501;5501;418.0;-3680;-577.0;-510.0
?;-3681;949.0;-4856;4856;425.0;?;-573.0;-508.0
807.0;-3423;394.0;-4755;4755;430.0;-3423;-569.0;-508.0
809.0;-3049;-251.0;-4244;4244;?;-3049;-566.0;?
811.0;-3633;-602.0;-3425;?;?;?;-565.0;-514.0
813.0;-2201;-447.0;-1391;1391;?;-2201;-564.0;-522.0
813.0;409;165.0;2635;?;437.0;409;?;?
815.0;?;?;3249;-3249;435.0;-55;-565.0;?
813.0;?;509.0;?;-1461;434.0;2652;-567.0;-514.0
808.0;4507;451.0;?;-627;433.0;4507;-571.0;-520.0
803.0;721;377.0;-74;74;434.0;721;-575.0;-529.0
800.0;?;401.0;-93;?;?;13;-576.0;-540.0
799.0;445;452.0;-49;?;434.0;445;-576.0;?
801.0;?;368.0;27;-27;437.0;-15;?;-551.0
803.0;?;508.0;150;-150;?;215;-572.0;?
806.0;25;660.0;153;-153;448.0;25;-569.0;-550.0
808.0;64;869.0;291;-291;458.0;64;?;-546.0
810.0;110;1011.0;262;?;?;110;-563.0;-539.0
?;-19;957.0;301;-301;?;-19;-562.0;-539.0
811.0;-27;920.0;213;?;?;-27;-563.0;?
?;?;704.0;202;-202;?;80;-566.0;-547.0
806.0;?;552.0;-70;?;453.0;5;-568.0;?
803.0;106;365.0;87;-87;447.0;106;-570.0;?
804.0;272;346.0;?;-1193;442.0;?;-571.0;-572.0
?;524;747.0;2030;-2030;?;524;?;-566.0
?;1750;967.0;?;-3825;?;?;-564.0;-564.0
810.0;2227;1308.0;?;-4920;?;2227;-561.0;-564.0
810.0;?;1672.0;3049;-3049;463.0;?;?;?
897.0;2389;1609.0;144;?;?;2389;-380.0;-501.0
907.0;2301;1972.0;336;-336;444.0;2301;-351.0;-486.0
?;?;851.0;460;?;447.0;2075;-346.0;-477.0
?;1732;-1539.0;431;-431;438.0;1732;?;-473.0
903.0;1712;-571.0;-27;27;431.0;1712;-366.0;-464.0
891.0;1711;-926.0;-2;?;419.0;1711;-392.0;-453.0
878.0;1520;-1568.0;-936;936;408.0;1520;-416.0;-443.0
859.0;477;-1515.0;-2489;2489;397.0;477;?;-434.0
841.0;-508;-1289.0;-2017;2017;385.0;?;-453.0;-423.0
839.0;-835;?;-1336;1336;377.0;-835;-459.0;-417.0
840.0;-729;?;-1346;?;373.0;?;-456.0;-418.0
842.0;-214;96.0;?;664;367.0;-214;-454.0;-416.0
839.0;-134;-5.0;-579;579;357.0;-134;-459.0;?
836.0;-132;128.0;-326;326;344.0;-132;-459.0;?
834.0;38;?;116;?;329.0;38;-458.0;?
835.0;10;?;-68;68;314.0;10;-454.0;-363.0
837.0;?;?;5;-5;296.0;7;-447.0;?
838.0;-10;233.0;0;0;278.0;-10;-442.0;-326.0
?;-5;146.0;-16;16;259.0;-5;-438.0;-308.0
837.0;4;36.0;57;-57;?;4;-437.0;-294.0
834.0;-50;?;?;?;220.0;-50;-434.0;-284.0
831.0;-61;?;12;-12;?;-61;-431.0;?
824.0;-45;-425.0;-3;3;179.0;-45;-431.0;-267.0
817.0;-30;-655.0;?;-14;?;-30;-430.0;-262.0
?;18;-819.0;-4;4;143.0;18;-424.0;?
804.0;14;-872.0;-41;41;123.0;14;-415.0;-235.0
798.0;-25;-969.0;?;-6;?;?;-404.0;-223.0
792.0;-6;-1118.0;32;-32;87.0;?;-393.0;-209.0
784.0;17;?;-14;?;71.0;17;-385.0;-196.0
778.0;9;-1618.0;-7;?;55.0;9;-372.0;-182.0
775.0;-13;-1581.0;?;7;?;-13;-353.0;-166.0
?;-7;-1747.0;-47;47;24.0;-7;?;-152.0
759.0;9;-1891.0;-54;54;9.0;?;-318.0;-138.0
749.0;?;-1902.0;?;53;-4.0;4;-304.0;-128.0
736.0;-14;-2055.0;-34;34;?;-14;-290.0;?
724.0;-2;-1653.0;23;?;-27.0;-2;-277.0;-110.0
709.0;-3;-1549.0;?;?;?;-3;?;-100.0
687.0;-176;?;-97;97;-49.0;-176;-277.0;?
663.0;-365;?;-271;271;-62.0;-365;?;-77.0
635.0;?;-2072.0;-399;399;?;-430;?;?
607.0;478;-1925.0;-616;616;-89.0;478;?;-48.0
581.0;2728;-1210.0;-1563;1563;-102.0;2728;-216.0;-35.0
?;4002;-708.0;-2612;2612;-112.0;4002;-202.0;-23.0
?;3374;-273.0;-1287;1287;-123.0;3374;-188.0;-13.0
?;2037;78.0;716;-716;-133.0;?;?;-3.0
536.0;?;?;518;-518;-142.0;847;-159.0;5.0
531.0;-159;?;-279;279;-151.0;-159;-151.0;11.0
525.0;-419;?;?;372;-159.0;-419;-142.0;?
519.0;581;-328.0;-187;187;-168.0;581;-130.0;21.0
?;?;-710.0;-701;701;-176.0;662;-121.0;26.0
496.0;?;-1153.0;-1712;?;-184.0;73;-107.0;31.0
484.0;192;-1400.0;?;?;-189.0;192;-95.0;35.0
466.0;148;-1850.0;65;-65;-195.0;148;?;?
450.0;330;-2351.0;327;-327;-200.0;330;?;42.0
442.0;345;-1699.0;-114;114;-205.0;345;?;48.0
?;?;-1081.0;-175;?;-211.0;96;-26.0;54.0
439.0;124;-1113.0;-107;107;-216.0;124;-14.0;?
440.0;24;-1064.0;?;15;-221.0;24;2.0;63.0
445.0;?;?;?;-54;-227.0;-73;?;?
454.0;-43;-849.0;28;-28;?;-43;?;72.0
461.0;19;-879.0;7;-7;?;19;25.0;?
466.0;33;-649.0;2;?;?;33;32.0;?
473.0;?;-454.0;?;19;-238.0;-2;35.0;74.0
?;-2;-665.0;-34;34;?;-2;38.0;73.0
485.0;?;-535.0;?;4;-237.0;16;43.0;?
491.0;?;-436.0;81;-81;-235.0;16;49.0;67.0
?;21;-301.0;83;-83;-234.0;?;55.0;63.0
506.0;2;-400.0;48;?;?;2;63.0;59.0
?;-46;-446.0;45;?;-228.0;?;71.0;53.0
516.0;-87;-425.0;26;?;-224.0;-87;?;47.0
518.0;-100;?;19;-19;?;-100;74.0;?
521.0;-49;-268.0;-13;13;-217.0;-49;70.0;35.0
521.0;-5;?;?;18;-213.0;?;68.0;?
?;-5;15.0;0;0;-211.0;-5;68.0;25.0
518.0;-5;-51.0;-3;3;-209.0;?;68.0;?
518.0;-34;49.0;17;-17;-207.0;-34;66.0;?
517.0;-75;89.0;27;?;?;-75;63.0;19.0
516.0;-37;22.0;17;?;-209.0;-37;?;?
515.0;152;99.0;-76;76;-212.0;152;55.0;22.0
513.0;?;-7.0;-338;338;-215.0;562;52.0;26.0
511.0;1068;-62.0;-635;?;-219.0;1068;51.0;?
508.0;1478;-50.0;?;877;-222.0;1478;?;37.0
507.0;1704;?;?;1024;-224.0;1704;51.0;42.0
506.0;1768;?;?;?;-227.0;?;53.0;47.0
506.0;1748;1.0;-870;870;-228.0;1748;52.0;50.0
506.0;?;27.0;-848;848;-230.0;?;51.0;54.0
506.0;?;24.0;-897;897;-232.0;?;51.0;56.0
508.0;2689;65.0;?;?;-234.0;2689;?;58.0
509.0;3100;115.0;-832;?;-237.0;3100;47.0;61.0
511.0;2814;119.0;?;850;-241.0;2814;44.0;?
510.0;3552;193.0;-1033;1033;?;3552;44.0;66.0
509.0;?;488.0;-848;848;-253.0;3031;43.0;71.0
511.0;?;436.0;-772;772;-261.0;1495;30.0;76.0
507.0;1557;-30.0;-775;775;?;1557;10.0;81.0
?;453;-527.0;-141;141;-282.0;453;?;89.0
482.0;-151;-536.0;69;-69;-297.0;?;-37.0;?
460.0;298;?;-122;122;-315.0;?;-63.0;?
444.0;40;-1015.0;-13;13;-334.0;40;-99.0;125.0
?;151;-1317.0;-65;65;-355.0;151;-146.0;139.0
399.0;150;?;?;67;-377.0;150;-191.0;?
350.0;60;-2714.0;78;-78;-400.0;60;?;?
291.0;151;-3532.0;42;?;-423.0;?;-231.0;197.0
217.0;119;-4541.0;37;-37;-445.0;119;?;217.0
?;54;-5035.0;?;-114;-469.0;54;-187.0;?
71.0;38;-5303.0;151;?;-493.0;38;-137.0;260.0
10.0;?;?;171;-171;?;38;-98.0;282.0
-43.0;32;?;111;?;-540.0;?;-70.0;302.0
-97.0;11;?;148;-148;-562.0;11;-34.0;323.0
-140.0;38;?;150;-150;?;38;-1.0;343.0
-179.0;84;?;86;-86;-596.0;84;28.0;363.0
-208.0;91;-739.0;175;-175;?;91;50.0;383.0
?;?;-278.0;337;-337;-627.0;104;76.0;?
-256.0;68;-30.0;500;-500;-642.0;68;106.0;?
-278.0;?;144.0;?;?;-656.0;90;?;437.0
-296.0;?;379.0;641;?;?;38;165.0;450.0
?;130;?;?;-1154;-674.0;130;185.0;?
?;364;669.0;1955;?;-675.0;364;200.0;473.0
-314.0;825;847.0;2931;-2931;-675.0;825;211.0;480.0
-315.0;1891;924.0;3525;-3525;?;1891;218.0;486.0
?;2743;800.0;4978;-4978;-671.0;?;223.0;492.0
-311.0;3923;689.0;6542;-6542;-670.0;3923;227.0;?
-307.0;3977;612.0;3887;?;-670.0;3977;230.0;505.0
-300.0;1388;613.0;-762;?;-672.0;1388;232.0;509.0
-291.0;?;?;-2273;2273;?;-737;231.0;514.0
-284.0;-1607;?;?;2893;-675.0;-1607;226.0;520.0
-281.0;-2042;555.0;-3757;3757;-678.0;-2042;222.0;524.0
-283.0;?;316.0;-4411;4411;-681.0;-1941;?;527.0
?;?;-27.0;-5003;5003;-684.0;-1742;220.0;527.0
-298.0;?;-419.0;-5140;5140;-685.0;-1741;221.0;529.0
?;?;-851.0;-5069;?;-683.0;?;220.0;?
-326.0;-1589;-1231.0;-4033;4033;-682.0;-1589;222.0;529.0
-343.0;-1365;?;-3907;?;-679.0;-1365;219.0;524.0
?;-2270;-1570.0;-3658;3658;-675.0;?;215.0;520.0
?;-3103;-1121.0;-1960;1960;?;-3103;207.0;?
-362.0;-1698;-429.0;72;-72;-674.0;-1698;197.0;512.0
-355.0;753;233.0;1642;?;-676.0;753;?;511.0
-348.0;1163;?;993;-993;-678.0;?;191.0;513.0
-347.0;?;754.0;3772;?;?;30;196.0;514.0
-352.0;-776;999.0;7794;?;?;-776;202.0;514.0
-357.0;354;1125.0;5088;-5088;?;354;209.0;?
-361.0;1883;?;?;-1154;-686.0;1883;217.0;?
-361.0;936;925.0;3;-3;-688.0;936;?;515.0
-356.0;65;602.0;-63;63;-690.0;65;?;?
-350.0;196;?;66;-66;?;196;?;518.0
-345.0;-13;38.0;139;-139;-693.0;-13;234.0;?
-344.0;37;-188.0;113;-113;-692.0;37;232.0;518.0
?;46;-437.0;101;?;-690.0;46;234.0;515.0
-358.0;?;-263.0;128;-128;?;30;238.0;?
-370.0;55;-448.0;80;-80;-686.0;55;244.0;513.0
-383.0;48;-352.0;110;-110;-685.0;48;256.0;514.0
-398.0;53;-329.0;97;?;-686.0;53;?;?
?;?;-442.0;?;-174;-681.0;-50;?;519.0
-414.0;-43;-670.0;190;?;-681.0;-43;307.0;517.0
-402.0;33;-382.0;99;-99;-682.0;33;?;513.0
-390.0;-67;144.0;?;?;-685.0;-67;292.0;517.0
-378.0;208;642.0;394;-394;-679.0;208;284.0;523.0
-362.0;27;774.0;887;-887;-674.0;27;275.0;524.0
-345.0;1358;709.0;4107;-4107;?;1358;?;529.0
-333.0;?;?;7113;-7113;-664.0;3797;?;535.0
-325.0;3260;?;6695;-6695;-660.0;3260;253.0;?
-321.0;3863;543.0;3701;-3701;?;3863;252.0;545.0
-319.0;3128;435.0;-165;165;-657.0;3128;257.0;551.0
-317.0;-195;?;-2054;2054;-659.0;-195;262.0;559.0
?;-1445;324.0;-1041;1041;-659.0;-1445;268.0;564.0
-312.0;?;238.0;-1187;1187;?;-2775;272.0;?
-312.0;-2051;82.0;?;?;-663.0;-2051;274.0;?
?;?;-75.0;-5305;?;?;-571;278.0;590.0
-330.0;-896;-195.0;?;5419;-674.0;?;282.0;592.0
-347.0;-820;-467.0;-5220;?;?;-820;290.0;589.0
-367.0;-855;-978.0;-5251;5251;?;-855;296.0;596.0
-384.0;-1118;-1575.0;?;4908;-690.0;-1118;304.0;603.0
-398.0;?;-1886.0;?;?;?;-1457;316.0;608.0
?;?;-1916.0;-3981;3981;-695.0;-1155;325.0;?
-415.0;120;-1124.0;-175;?;-704.0;120;?;621.0
-431.0;694;-140.0;5086;-5086;-713.0;694;?;625.0
?;693;73.0;3513;-3513;-722.0;693;348.0;?
-478.0;1417;?;1188;-1188;-724.0;1417;365.0;631.0
-505.0;1758;-333.0;1085;-1085;-725.0;?;384.0;639.0
-528.0;1198;-446.0;157;-157;-728.0;1198;401.0;643.0
-547.0;?;-616.0;-264;?;-729.0;?;418.0;?
-563.0;120;-843.0;?;-46;?;120;432.0;651.0
?;26;?;93;-93;-734.0;26;442.0;651.0
-590.0;33;-1260.0;59;-59;-737.0;33;450.0;650.0
-603.0;?;?;?;-96;?;23;?;648.0
-614.0;?;-1692.0;39;-39;?;29;?;?
?;27;-1699.0;110;-110;-749.0;27;469.0;643.0
-635.0;51;-1612.0;?;-98;-749.0;51;473.0;644.0
-644.0;?;-1444.0;55;-55;-748.0;44;?;646.0
-654.0;-8;-1118.0;116;-116;-746.0;-8;478.0;?
?;55;-915.0;?;?;-744.0;55;?;?
-680.0;-45;-936.0;368;-368;-740.0;-45;?;653.0
?;114;-973.0;347;-347;-741.0;114;488.0;652.0
-695.0;261;?;926;-926;-740.0;261;489.0;653.0
-696.0;785;-49.0;3284;-3284;?;785;493.0;?
-693.0;1313;225.0;4541;-4541;-732.0;1313;498.0;663.0
-687.0;?;424.0;3386;-3386;-729.0;243;502.0;668.0
?;2569;724.0;5384;-5384;-728.0;2569;504.0;670.0
?;4070;1119.0;4031;?;-728.0;?;506.0;672.0
-669.0;701;1408.0;?;2889;-726.0;701;510.0;675.0
-667.0;-386;1536.0;-3974;3974;?;-386;513.0;679.0
-665.0;-1900;1551.0;-3137;?;-719.0;-1900;519.0;683.0
?;-3409;1352.0;-4158;4158;-718.0;-3409;523.0;684.0
-663.0;-2678;1111.0;-5230;5230;?;?;524.0;?
-663.0;-1764;1003.0;?;6486;-718.0;-1764;?;684.0
-661.0;?;740.0;-6224;6224;-722.0;-2406;522.0;?
?;-4214;418.0;-4834;4834;-721.0;-4214;521.0;682.0
-667.0;-4339;11.0;-3500;?;-721.0;-4339;516.0;681.0
-587.0;?;265.0;?;-1245;-761.0;390;?;623.0
-573.0;?;?;1375;-1375;-765.0;428;556.0;617.0
-567.0;724;208.0;?;-3861;-774.0;?;549.0;607.0
-563.0;1297;426.0;5008;?;-782.0;1297;543.0;?
-559.0;1008;?;?;-3855;?;1008;536.0;585.0
-551.0;679;278.0;251;-251;?;?;529.0;575.0
?;1366;-26.0;?;3744;-803.0;1366;?;565.0
-530.0;?;-384.0;-4382;4382;-809.0;?;519.0;?
-524.0;-703;-522.0;?;5138;-814.0;-703;?;545.0
-521.0;-2546;-628.0;-4048;?;-816.0;?;511.0;538.0
-520.0;-2169;-476.0;-3269;3269;-819.0;?;?;532.0
-520.0;?;-275.0;-6100;6100;?;-1929;494.0;526.0
-521.0;?;?;-5164;5164;-825.0;-1757;?;?
?;133;225.0;-895;?;-829.0;133;462.0;510.0
-534.0;415;?;190;-190;?;415;?;502.0
-541.0;-71;?;-125;125;-841.0;?;?;491.0
-547.0;37;-378.0;253;-253;-851.0;?;431.0;471.0
-553.0;-188;-289.0;7;-7;-860.0;-188;421.0;451.0
-558.0;1;-337.0;-140;?;?;1;417.0;435.0
-562.0;?;-288.0;64;-64;-872.0;?;413.0;417.0
?;?;?;181;?;-878.0;-105;?;399.0
-574.0;-5;86.0;145;-145;-884.0;-5;398.0;380.0
?;-257;124.0;248;-248;-891.0;?;392.0;358.0
-578.0;-427;6.0;?;-402;-894.0;?;387.0;?
?;-425;-285.0;394;-394;?;-425;383.0;324.0
?;-993;-150.0;931;?;-899.0;-993;377.0;308.0
-577.0;-1924;-15.0;?;?;?;-1924;369.0;292.0
-574.0;-2112;-9.0;?;-1523;-902.0;?;364.0;280.0
-571.0;-1589;-3.0;652;-652;-904.0;-1589;?;267.0
-569.0;-628;-85.0;-357;357;?;?;?;?
-568.0;258;-82.0;-866;?;-909.0;258;336.0;245.0
?;?;3.0;?;505;-912.0;122;330.0;237.0
-569.0;-182;?;-233;233;-914.0;-182;328.0;230.0
-570.0;-7;126.0;-368;368;-917.0;?;326.0;223.0
?;?;?;?;360;-919.0;31;329.0;216.0
-549.0;212;296.0;-224;224;-978.0;212;?;97.0
-551.0;129;527.0;?;239;?;?;127.0;93.0
-554.0;94;?;-165;165;?;94;122.0;91.0
-553.0;1;123.0;-35;35;-981.0;1;122.0;88.0
-548.0;112;226.0;-103;103;-981.0;112;116.0;?
?;55;66.0;-81;81;-982.0;55;117.0;83.0
-546.0;46;113.0;-25;25;-982.0;46;116.0;81.0
?;?;193.0;?;82;?;108;115.0;77.0
-542.0;97;274.0;-141;141;-983.0;97;115.0;76.0
?;?;302.0;?;72;?;95;115.0;?
-532.0;97;491.0;15;-15;-982.0;?;?;75.0
-529.0;66;?;0;?;-982.0;66;104.0;75.0
-528.0;68;672.0;-42;42;-981.0;68;96.0;75.0
-528.0;?;778.0;-26;26;?;71;90.0;74.0
-533.0;15;?;24;-24;-980.0;?;?;73.0
-538.0;1;-32.0;?;-58;?;1;105.0;70.0
?;18;-247.0;37;-37;?;18;113.0;65.0
-546.0;-17;?;40;-40;-977.0;-17;122.0;61.0
?;-17;?;?;-58;-975.0;-17;137.0;58.0
-533.0;7;218.0;22;-22;-973.0;?;148.0;56.0
-518.0;?;-158.0;84;-84;-970.0;-45;153.0;55.0
?;-63;279.0;133;-133;?;-63;157.0;54.0
-494.0;-57;123.0;?;?;?;-57;164.0;55.0
-481.0;-62;?;44;-44;-960.0;?;162.0;?
?;-2;156.0;?;-27;-958.0;-2;?;55.0
-464.0;18;250.0;31;-31;-956.0;18;?;53.0
-459.0;-6;67.0;11;-11;-955.0;?;154.0;52.0
?;29;358.0;40;-40;?;29;164.0;52.0
-445.0;46;?;45;-45;?;?;?;50.0
-429.0;?;377.0;?;24;-954.0;28;159.0;50.0
-421.0;36;494.0;24;-24;-954.0;36;?;51.0
-415.0;40;114.0;?;-43;?;?;?;52.0
-408.0;38;?;?;29;-953.0;38;136.0;52.0
-402.0;33;105.0;-17;?;-952.0;33;122.0;50.0
-397.0;15;14.0;7;?;-952.0;?;112.0;?
-393.0;?;-14.0;?;-18;-951.0;28;101.0;45.0
-388.0;32;7.0;65;-65;-950.0;32;94.0;41.0
-381.0;3;-47.0;9;-9;-948.0;3;?;?
-376.0;-7;-39.0;-70;?;-947.0;-7;75.0;30.0
?;-23;?;-6;6;-944.0;-23;62.0;24.0
?;?;100.0;47;-47;?;-32;53.0;18.0
-354.0;-14;-39.0;27;?;?;-14;45.0;12.0
-348.0;?;-248.0;?;?;-936.0;-14;35.0;6.0
-344.0;9;?;37;-37;-933.0;9;23.0;?
-339.0;?;-273.0;-1;1;-930.0;?;?;-5.0
-333.0;2;-88.0;-62;62;?;2;?;?
-327.0;?;?;1;-1;-924.0;31;-18.0;-15.0
?;79;-146.0;107;?;?;?;?;-18.0
-327.0;?;-169.0;59;-59;?;41;?;?
-330.0;54;-286.0;?;-43;-916.0;54;-45.0;-25.0
?;?;-224.0;?;-90;-914.0;9;-54.0;-26.0
-333.0;?;-384.0;349;-349;?;-13;-59.0;-27.0
-338.0;37;-292.0;?;-232;-910.0;37;-62.0;-27.0
-350.0;?;-330.0;-340;340;-909.0;-29;-59.0;-27.0
?;?;-338.0;?;?;?;-44;-51.0;?
-366.0;-26;-345.0;-376;376;-907.0;-26;-45.0;?
-364.0;-36;-169.0;?;233;-906.0;-36;?;?
-365.0;?;-432.0;48;-48;-905.0;-19;-47.0;-40.0
?;-25;-419.0;?;48;-904.0;-25;-54.0;-44.0
-358.0;-25;78.0;-42;?;-905.0;-25;-63.0;?
-363.0;?;87.0;-15;15;-905.0;-22;-58.0;-45.0
-363.0;-28;-56.0;-57;57;-906.0;-28;?;?
-370.0;-9;?;0;0;?;?;?;?
-378.0;?;-605.0;-7;7;?;43;-61.0;-36.0
-390.0;43;-737.0;-43;43;-914.0;43;-60.0;-30.0
-404.0;-27;-381.0;-26;?;-918.0;-27;-51.0;-25.0
-413.0;-57;-155.0;?;20;-921.0;-57;?;-20.0
?;-45;-152.0;15;-15;?;-45;-34.0;-18.0
-429.0;?;33.0;16;-16;-928.0;?;?;-16.0
?;-15;465.0;-16;16;-932.0;-15;?;-15.0
-445.0;-24;?;-3;3;-937.0;-24;-24.0;-12.0
-455.0;?;683.0;-4;4;-942.0;-24;?;-5.0
-469.0;?;1019.0;11;-11;-948.0;-43;-23.0;4.0
-487.0;?;?;-43;43;-954.0;?;?;16.0
?;-106;?;-132;132;-959.0;-106;-24.0;27.0
-519.0;?;2009.0;-82;82;-963.0;-84;?;38.0
-531.0;-34;2159.0;?;13;-967.0;-34;?;48.0
?;-41;?;-7;7;-970.0;?;-40.0;60.0
?;-50;2224.0;?;-50;-973.0;-50;?;67.0
-526.0;-41;2231.0;?;-94;-975.0;?;-42.0;?
?;-51;2119.0;66;-66;-977.0;-51;?;86.0
-512.0;-41;1633.0;85;-85;-978.0;-41;-40.0;?
-505.0;-45;1341.0;77;-77;-979.0;?;-37.0;108.0
-498.0;-70;947.0;-4;4;?;-70;?;?
-491.0;-25;528.0;20;-20;-980.0;-25;-26.0;127.0
-481.0;-21;919.0;87;-87;-981.0;?;-14.0;131.0
-466.0;-20;1070.0;?;-47;?;-20;-9.0;135.0
-454.0;-27;857.0;?;?;-982.0;-27;-8.0;136.0
?;25;461.0;?;-68;?;?;?;137.0
-445.0;?;250.0;89;-89;-983.0;?;6.0;141.0
?;339;59.0;109;?;-983.0;339;?;144.0
-447.0;1292;?;-358;?;-983.0;1292;13.0;148.0
-447.0;?;-61.0;-871;871;-983.0;?;21.0;153.0
?;1940;19.0;-720;720;-983.0;?;27.0;158.0
-448.0;1989;?;-748;?;-983.0;?;35.0;?
-447.0;2209;?;-867;867;-983.0;2209;41.0;162.0
-449.0;926;?;-213;213;-983.0;?;44.0;164.0
-456.0;217;-260.0;?;75;-983.0;?;48.0;166.0
-466.0;393;-385.0;-574;574;-983.0;393;54.0;168.0
-478.0;119;?;-416;416;-983.0;?;?;169.0
-488.0;181;?;-125;125;-983.0;181;63.0;171.0
-499.0;?;-628.0;-83;83;-983.0;53;64.0;172.0
?;?;?;39;-39;-982.0;?;72.0;173.0
-528.0;?;-1408.0;175;-175;-982.0;-177;89.0;173.0
-548.0;83;-2068.0;16;?;-982.0;83;107.0;?
-567.0;?;-2672.0;-169;?;?;?;142.0;172.0
-582.0;?;?;-32;32;-982.0;97;186.0;?
-588.0;53;-2488.0;61;?;?;?;231.0;167.0
-598.0;?;-2379.0;50;-50;-981.0;53;284.0;162.0
-615.0;5;?;36;-36;?;5;?;156.0
?;?;-397.0;?;0;-977.0;?;352.0;?
-626.0;27;571.0;?;-8;-976.0;?;347.0;145.0
-625.0;53;1182.0;9;-9;-974.0;53;348.0;?
-620.0;?;697.0;?;?;-973.0;?;358.0;141.0
-621.0;40;253.0;?;-14;-973.0;40;357.0;140.0
?;14;1.0;24;-24;-972.0;14;351.0;140.0
-626.0;?;40.0;54;-54;-972.0;-21;344.0;138.0
-628.0;-13;60.0;45;?;-973.0;-13;340.0;136.0
-627.0;?;-128.0;0;0;?;-1;336.0;132.0
?;?;-414.0;9;-9;?;-4;334.0;129.0
?;73;-127.0;16;-16;-976.0;73;332.0;126.0
-627.0;68;7.0;3;-3;-976.0;68;332.0;124.0
-624.0;29;90.0;-8;8;-976.0;29;331.0;122.0
-619.0;48;25.0;-23;23;-976.0;?;329.0;121.0
-613.0;0;129.0;41;?;-975.0;?;328.0;121.0
-608.0;34;65.0;74;-74;-975.0;?;328.0;121.0
-603.0;?;95.0;?;12;-975.0;19;327.0;121.0
-599.0;?;146.0;-13;13;-974.0;-47;325.0;121.0
?;?;87.0;67;-67;?;-4;?;119.0
-590.0;?;?;?;-47;-973.0;-3;?;?
-586.0;-16;68.0;8;?;-973.0;-16;307.0;113.0
-582.0;-5;?;?;5;?;-5;?;111.0
-577.0;-4;-44.0;-45;45;-971.0;-4;295.0;?
-573.0;0;?;11;-11;-970.0;0;287.0;105.0
-569.0;22;-247.0;64;?;-969.0;22;278.0;102.0
-562.0;38;-364.0;18;-18;-967.0;38;270.0;?
-556.0;20;-63.0;38;-38;-965.0;20;259.0;98.0
-553.0;26;?;?;-29;-963.0;26;248.0;95.0
-550.0;51;134.0;?;27;-962.0;51;238.0;92.0
-545.0;58;114.0;17;-17;-960.0;58;227.0;?
-540.0;46;79.0;?;-13;?;46;217.0;86.0
?;?;81.0;59;-59;-957.0;38;?;?
-534.0;34;?;?;-154;-955.0;34;194.0;77.0
-531.0;4;153.0;-31;31;-953.0;4;?;?
-528.0;5;165.0;-51;51;-952.0;5;172.0;?
-525.0;33;182.0;?;-71;-950.0;33;166.0;64.0
-522.0;14;124.0;-22;22;-947.0;?;161.0;60.0
?;5;122.0;0;0;-945.0;5;?;56.0
?;22;140.0;3;-3;-943.0;22;156.0;53.0
-505.0;-7;269.0;-57;57;?;-7;148.0;49.0
-500.0;0;?;?;-13;-938.0;0;142.0;?
-494.0;?;75.0;60;-60;-935.0;33;131.0;?
-491.0;26;-253.0;36;?;?;26;129.0;42.0
-487.0;1;-194.0;?;-52;-931.0;1;121.0;42.0
-484.0;-35;?;62;-62;-930.0;-35;113.0;42.0
-480.0;-6;-279.0;16;?;-927.0;-6;?;41.0
-477.0;14;-516.0;25;?;-925.0;14;97.0;38.0
-472.0;-40;-520.0;-46;46;-923.0;-40;?;?
?;-65;-426.0;-99;99;-922.0;-65;72.0;?
-473.0;-48;-284.0;15;-15;-922.0;-48;70.0;35.0
?;?;-37.0;?;35;-921.0;-33;?;35.0
?;-41;139.0;?;120;-921.0;-41;65.0;?
-466.0;?;286.0;?;44;-921.0;-18;66.0;38.0
-463.0;6;499.0;-17;17;-922.0;6;67.0;41.0
-460.0;-36;573.0;?;55;-922.0;?;66.0;43.0
-455.0;?;470.0;-60;60;-923.0;?;62.0;46.0
-451.0;-9;613.0;-8;8;?;-9;57.0;?
-449.0;-32;948.0;?;-1;-924.0;-32;?;?
-447.0;?;1359.0;-35;?;?;1;40.0;?
-442.0;18;1596.0;?;?;?;18;27.0;81.0
-438.0;-55;1877.0;?;24;-926.0;-55;13.0;95.0
-433.0;?;1993.0;?;65;-927.0;-37;3.0;110.0
?;-1;1898.0;-18;18;?;?;-2.0;126.0
?;?;1667.0;20;-20;?;-9;-8.0;141.0
-420.0;0;1626.0;15;-15;-928.0;0;-12.0;156.0
-419.0;-4;?;2;?;-928.0;-4;?;172.0
-415.0;26;?;-4;4;?;26;4.0;?
-410.0;69;919.0;43;-43;?;?;14.0;208.0
-410.0;37;583.0;19;-19;-924.0;?;22.0;226.0
-419.0;9;732.0;-12;12;-922.0;9;38.0;245.0
-437.0;?;729.0;-3;?;-920.0;20;?;266.0
-456.0;3;937.0;-13;13;-917.0;3;109.0;287.0
-468.0;-4;1278.0;6;-6;-913.0;?;153.0;305.0
-470.0;?;1332.0;-11;11;-911.0;15;198.0;319.0
-466.0;17;958.0;-48;48;-908.0;17;245.0;331.0
-466.0;20;707.0;?;13;-905.0;20;302.0;342.0
-461.0;9;445.0;54;-54;-900.0;9;356.0;?
-455.0;-28;112.0;28;-28;-892.0;-28;?;?
-447.0;-36;385.0;?;14;-881.0;-36;423.0;369.0
-442.0;-12;486.0;13;-13;-873.0;-12;437.0;374.0
-436.0;?;-174.0;-45;45;-866.0;?;453.0;381.0
-425.0;-21;-511.0;-65;65;?;?;458.0;386.0
?;?;-552.0;-11;11;-853.0;-35;464.0;393.0
-423.0;-48;-170.0;-3;3;-850.0;-48;472.0;399.0
?;-49;-253.0;?;?;-847.0;-49;480.0;407.0
-418.0;12;-410.0;-33;33;-846.0;12;480.0;414.0
-416.0;-16;?;2;-2;-848.0;?;475.0;419.0
-416.0;-41;-330.0;48;-48;-850.0;-41;468.0;423.0
-418.0;4;-334.0;?;?;-850.0;4;458.0;429.0
-421.0;-27;-311.0;?;-7;?;-27;445.0;435.0
-427.0;-30;-328.0;7;-7;-849.0;-30;435.0;?
-434.0;3;-400.0;22;?;-850.0;?;424.0;445.0
-444.0;-38;?;63;-63;-852.0;-38;412.0;?
-456.0;-49;-359.0;54;-54;-853.0;-49;402.0;451.0
-466.0;-20;?;?;-22;-855.0;-20;391.0;453.0
?;-25;33.0;27;-27;-856.0;-25;?;456.0
-480.0;?;-74.0;36;-36;-855.0;?;375.0;462.0
-487.0;-57;?;56;-56;-857.0;-57;370.0;466.0
-497.0;?;?;78;?;-858.0;-69;368.0;?
-510.0;?;-339.0;42;-42;-857.0;-71;366.0;471.0
-520.0;-101;-343.0;-42;42;-854.0;-101;365.0;477.0
-530.0;?;-353.0;-84;84;-852.0;?;363.0;482.0
-540.0;2;-262.0;-51;51;?;?;366.0;484.0
?;?;?;-38;38;?;?;370.0;486.0
-558.0;23;-412.0;-48;?;-851.0;23;372.0;488.0
?;?;?;-18;?;-849.0;68;376.0;492.0
-574.0;?;-109.0;-6;?;-848.0;53;375.0;494.0
-583.0;?;?;-43;43;?;27;384.0;?
-590.0;?;?;-35;35;-845.0;-17;387.0;499.0
-595.0;-20;-68.0;15;-15;-843.0;-20;388.0;502.0
?;14;4.0;-4;4;-842.0;14;389.0;504.0
?;13;-80.0;-24;24;-841.0;13;390.0;506.0
-602.0;6;-107.0;-25;25;-841.0;6;393.0;507.0
-606.0;-3;-114.0;-5;5;-840.0;-3;397.0;508.0
-609.0;-15;71.0;49;-49;-840.0;-15;?;508.0
-612.0;-1;158.0;-4;4;-840.0;-1;403.0;?
-613.0;?;126.0;?;3;-841.0;8;405.0;506.0
?;7;175.0;40;-40;-841.0;7;405.0;?
-616.0;18;141.0;6;-6;?;?;?;503.0
-618.0;17;209.0;34;-34;-843.0;17;405.0;501.0
-623.0;36;356.0;36;-36;?;36;402.0;499.0
-631.0;?;?;33;?;-845.0;?;394.0;498.0
-640.0;?;819.0;75;-75;-846.0;-4;385.0;496.0
-646.0;-28;?;19;-19;-848.0;-28;377.0;494.0
-655.0;31;1461.0;-19;19;-849.0;31;375.0;492.0
-666.0;29;1314.0;33;-33;-850.0;29;?;490.0
-674.0;16;1344.0;26;-26;?;16;390.0;?
-671.0;?;?;7;-7;-852.0;?;409.0;488.0
-660.0;?;1075.0;-27;27;-853.0;-28;431.0;?
?;?;573.0;-48;48;-853.0;0;448.0;?
-629.0;25;-41.0;21;-21;-852.0;25;461.0;488.0
?;-2;-125.0;15;-15;?;-2;466.0;488.0
-585.0;?;-609.0;?;41;-851.0;?;?;?
-568.0;-54;-560.0;-27;27;-850.0;-54;?;490.0
?;-27;-277.0;?;14;-847.0;-27;473.0;491.0
?;35;-278.0;-25;25;-846.0;?;476.0;492.0
-564.0;26;91.0;-23;23;-846.0;26;464.0;?
?;11;?;-15;15;-848.0;11;474.0;?
?;-39;-16.0;-5;5;-849.0;-39;468.0;486.0
-564.0;?;312.0;-9;9;-851.0;?;458.0;484.0
-568.0;-34;816.0;-10;10;?;-34;443.0;?
-573.0;-6;925.0;10;-10;-853.0;-6;?;482.0
-578.0;57;?;-4;4;-854.0;57;433.0;481.0
-587.0;-6;417.0;-32;32;-855.0;-6;431.0;?
?;?;271.0;-14;14;-856.0;12;434.0;479.0
-614.0;8;175.0;5;-5;?;8;440.0;479.0
-629.0;-26;-22.0;-16;16;-856.0;-26;452.0;479.0
-643.0;9;-317.0;-49;49;?;9;?;480.0
-656.0;-15;-479.0;-44;44;?;-15;?;480.0
-665.0;6;?;1;?;-857.0;?;?;?
?;31;-285.0;?;-6;?;31;483.0;481.0
?;22;-104.0;?;15;-856.0;22;487.0;482.0
?;26;?;-25;25;-855.0;26;491.0;483.0
-677.0;0;?;-22;?;-854.0;0;492.0;484.0
-679.0;-5;42.0;-23;23;?;-5;491.0;485.0
-679.0;?;?;?;50;-853.0;24;490.0;?
?;21;-54.0;-45;45;-851.0;21;487.0;489.0
?;14;-71.0;-21;21;-851.0;14;485.0;491.0
-677.0;-2;-26.0;-10;10;-850.0;-2;?;493.0
-677.0;1;-14.0;-2;2;-849.0;1;485.0;494.0
-677.0;36;-1.0;7;-7;-848.0;36;485.0;496.0
?;21;-51.0;?;-24;-847.0;21;484.0;497.0
-675.0;17;-106.0;16;-16;-846.0;?;484.0;500.0
-675.0;8;-130.0;-28;?;-845.0;8;484.0;501.0
-674.0;14;-117.0;-39;39;-844.0;14;484.0;503.0
-673.0;23;-51.0;3;-3;-844.0;23;?;504.0
?;-22;20.0;26;-26;-843.0;-22;485.0;505.0
-673.0;-18;63.0;?;-6;-842.0;-18;485.0;507.0
-674.0;-23;56.0;-20;?;-842.0;-23;485.0;?
-676.0;-11;71.0;-18;?;-842.0;-11;484.0;509.0
-678.0;3;?;1;-1;-841.0;3;?;?
-683.0;-25;?;-16;16;?;-25;?;?
-688.0;-6;122.0;-9;9;-841.0;-6;?;510.0
?;-25;25.0;59;-59;-841.0;-25;?;509.0
-701.0;-26;-97.0;48;-48;?;-26;483.0;509.0
-707.0;31;?;?;-25;-840.0;31;480.0;510.0
?;13;-233.0;36;-36;-839.0;13;475.0;510.0
-714.0;-13;-224.0;-6;6;-838.0;?;467.0;512.0
-714.0;23;-176.0;-25;25;-837.0;23;458.0;513.0
-712.0;10;-58.0;?;?;-835.0;?;450.0;515.0
-709.0;-10;132.0;1;-1;-833.0;-10;441.0;517.0
-703.0;42;376.0;11;?;-830.0;42;435.0;521.0
?;35;?;?;-3;-828.0;35;430.0;524.0
-683.0;-15;720.0;-13;13;-826.0;-15;426.0;527.0
-671.0;?;905.0;3;?;-824.0;-6;423.0;530.0
-659.0;-6;945.0;6;-6;-822.0;?;419.0;533.0
-645.0;13;949.0;-14;14;-819.0;?;412.0;537.0
-632.0;26;991.0;10;-10;-816.0;26;402.0;?
-621.0;17;790.0;-2;?;-813.0;?;388.0;543.0
?;27;668.0;-22;22;-811.0;?;374.0;?
-609.0;2;462.0;7;?;-809.0;2;363.0;548.0
?;-13;59.0;-30;30;-807.0;-13;353.0;551.0
-616.0;-32;-299.0;-38;38;-807.0;-32;345.0;552.0
-623.0;-89;?;-52;52;?;-89;339.0;553.0
?;-136;-886.0;?;122;?;-136;336.0;554.0
-640.0;-169;?;-105;105;-807.0;-169;332.0;553.0
-649.0;?;?;?;93;-807.0;-137;328.0;553.0
-658.0;?;-1060.0;-55;55;?;-33;326.0;552.0
-666.0;29;?;59;-59;?;29;325.0;551.0
?;?;?;-2;?;-811.0;-4;327.0;?
-673.0;-51;-697.0;-108;108;-812.0;-51;330.0;?
-675.0;-66;-533.0;-85;?;-813.0;-66;331.0;550.0
-673.0;-31;-310.0;-107;107;?;-31;332.0;551.0
-672.0;5;?;-111;111;-816.0;5;?;551.0
-670.0;-46;90.0;-130;130;?;?;334.0;550.0
-665.0;?;175.0;-66;66;?;37;338.0;549.0
-658.0;?;267.0;128;-128;-821.0;?;344.0;547.0
-647.0;90;361.0;169;-169;-822.0;?;353.0;546.0
-634.0;?;?;174;-174;-824.0;216;359.0;544.0
-623.0;303;559.0;230;-230;-825.0;303;359.0;542.0
-618.0;204;?;?;-225;-827.0;204;358.0;540.0
-615.0;119;?;152;-152;-827.0;?;362.0;?
-615.0;65;?;95;-95;-827.0;65;?;538.0
-618.0;49;?;71;-71;-827.0;49;?;538.0
?;12;-266.0;26;-26;-827.0;12;374.0;?
-624.0;-23;-224.0;15;-15;-827.0;-23;378.0;537.0
-625.0;6;-169.0;12;-12;-827.0;6;?;537.0
?;?;-157.0;?;-13;-827.0;48;384.0;?
-625.0;80;-62.0;?;?;-827.0;?;384.0;?
-626.0;82;?;50;-50;?;82;383.0;537.0
-626.0;38;48.0;37;-37;-826.0;38;382.0;538.0
?;22;-55.0;40;-40;?;22;384.0;?
-627.0;28;-99.0;?;-30;-825.0;28;385.0;539.0
?;?;-158.0;-2;2;?;26;386.0;539.0
?;?;-117.0;-34;34;-825.0;?;387.0;?
-631.0;-12;-142.0;-43;?;-825.0;-12;388.0;539.0
?;?;-87.0;-54;54;-825.0;-15;389.0;539.0
-632.0;?;-98.0;-30;?;-825.0;-22;390.0;539.0
-631.0;?;-102.0;?;?;-825.0;10;391.0;539.0
-631.0;81;-152.0;112;-112;-826.0;81;392.0;539.0
-630.0;?;-103.0;?;?;?;99;395.0;538.0
-629.0;?;-71.0;185;-185;?;153;396.0;538.0
-627.0;281;35.0;222;-222;-827.0;?;398.0;537.0
?;386;93.0;153;?;?;386;400.0;538.0
-620.0;529;37.0;136;-136;-827.0;529;?;?
-616.0;827;-63.0;114;-114;?;827;411.0;537.0
-613.0;1029;-171.0;?;-81;-827.0;1029;420.0;537.0
-609.0;1058;-121.0;164;?;-827.0;1058;428.0;537.0
-606.0;1239;-65.0;128;-128;-827.0;?;435.0;537.0
?;?;?;?;-106;-827.0;?;436.0;?
?;41;?;163;-163;?;41;434.0;538.0
-595.0;?;?;438;-438;?;-1230;?;537.0
-589.0;-1560;219.0;?;-267;-826.0;-1560;430.0;?
-581.0;?;-181.0;?;516;?;-1109;?;536.0
-572.0;?;-510.0;-708;?;?;?;?;?
?;-1024;?;?;1103;-829.0;-1024;449.0;533.0
-557.0;-1206;-947.0;-366;366;-831.0;?;461.0;?
?;-1069;-1016.0;572;-572;-833.0;-1069;468.0;527.0
?;129;-639.0;-344;344;-834.0;129;471.0;524.0
-548.0;452;-211.0;-178;178;-836.0;452;474.0;520.0
-546.0;156;-16.0;241;-241;-837.0;156;477.0;517.0
-543.0;176;-60.0;11;?;?;176;?;513.0
-542.0;131;?;162;-162;-840.0;131;480.0;509.0
-541.0;157;36.0;96;?;-841.0;?;?;?
-540.0;?;?;?;-102;-841.0;154;479.0;504.0
-537.0;136;244.0;?;-121;-841.0;?;477.0;503.0
-535.0;178;223.0;?;-103;-841.0;178;?;501.0
-533.0;73;161.0;94;-94;-841.0;73;469.0;499.0
-531.0;-55;78.0;32;-32;-842.0;-55;466.0;?
-530.0;-33;17.0;5;-5;-842.0;-33;462.0;492.0
-528.0;?;?;-5;5;-843.0;-51;?;?
-527.0;-59;76.0;19;-19;-843.0;-59;?;488.0
-526.0;-17;84.0;-10;10;-843.0;-17;446.0;?
-524.0;-3;?;-41;41;-844.0;-3;?;?
-521.0;?;76.0;?;45;-844.0;-21;437.0;478.0
?;-23;139.0;-19;19;-845.0;-23;430.0;473.0
-514.0;?;148.0;27;-27;-846.0;-4;424.0;469.0
-513.0;-24;89.0;-15;?;-846.0;-24;419.0;?
-513.0;-3;45.0;2;-2;?;?;416.0;?
?;13;-83.0;20;-20;-849.0;13;?;455.0
?;?;-67.0;-34;34;-850.0;-22;416.0;451.0
-519.0;-14;57.0;?;43;-852.0;-14;?;447.0
-518.0;?;108.0;-37;37;-853.0;-3;419.0;442.0
?;-20;119.0;-11;11;-854.0;-20;419.0;438.0
-513.0;-22;141.0;-42;?;-855.0;-22;418.0;?
-512.0;?;318.0;-34;34;-856.0;12;?;?
-510.0;25;375.0;21;-21;?;25;402.0;?
-511.0;16;302.0;-13;13;-858.0;16;?;425.0
-512.0;19;?;-25;25;-859.0;19;392.0;423.0
?;-7;87.0;-28;28;-860.0;-7;?;422.0
-512.0;?;170.0;-36;?;-861.0;-14;383.0;421.0
?;-21;160.0;-29;29;-861.0;-21;379.0;422.0
-507.0;-19;206.0;23;-23;-861.0;-19;375.0;423.0
-503.0;16;?;97;?;-860.0;16;?;425.0
-499.0;-6;471.0;99;-99;-858.0;-6;?;428.0
-496.0;-25;724.0;116;-116;-855.0;-25;?;432.0
-494.0;-31;938.0;127;-127;-851.0;-31;346.0;439.0
?;-53;?;100;-100;-845.0;-53;?;448.0
-489.0;-69;1444.0;?;?;?;?;?;459.0
-487.0;-87;1309.0;89;-89;?;-87;273.0;470.0
-492.0;-52;976.0;65;?;-826.0;-52;257.0;482.0
-504.0;-8;?;?;-16;?;-8;?;?
?;?;?;-61;?;-813.0;-32;249.0;504.0
-545.0;-9;-573.0;?;52;-807.0;-9;258.0;515.0
-566.0;-1;-1060.0;-73;73;-802.0;?;?;?
-584.0;-45;-1090.0;-107;107;-796.0;-45;270.0;537.0
-597.0;?;?;-12;12;-790.0;?;273.0;546.0
-608.0;41;-367.0;?;59;-786.0;41;279.0;554.0
-617.0;-2;58.0;-108;?;-781.0;?;291.0;562.0
-624.0;?;647.0;-86;86;-776.0;-1;?;569.0
-623.0;8;1206.0;-113;113;?;8;314.0;575.0
-615.0;18;1577.0;?;69;-767.0;18;319.0;?
-601.0;-19;1921.0;-93;93;-763.0;-19;?;580.0
-584.0;-3;2171.0;-139;?;?;-3;321.0;?
-564.0;18;2223.0;-109;109;-761.0;18;?;575.0
-540.0;-3;2198.0;?;133;-761.0;-3;328.0;570.0
-512.0;?;2157.0;-66;66;-761.0;?;328.0;565.0
-482.0;-77;2109.0;-61;?;-760.0;-77;?;562.0
-452.0;-586;1871.0;1;-1;-759.0;?;326.0;558.0
-424.0;-2206;1573.0;381;-381;-757.0;-2206;320.0;?
-400.0;-2892;1424.0;-11;11;-755.0;-2892;314.0;547.0
-380.0;-3490;1132.0;614;-614;-753.0;?;306.0;541.0
?;-4922;868.0;2629;-2629;-751.0;-4922;294.0;532.0
-348.0;-4629;?;3493;-3493;?;-4629;280.0;521.0
-336.0;-3222;455.0;?;-3642;-744.0;-3222;266.0;509.0
-324.0;?;261.0;1928;?;-739.0;-1701;251.0;497.0
-311.0;-972;95.0;-349;349;-732.0;-972;235.0;484.0
?;-1593;?;-925;925;-723.0;-1593;219.0;?
-277.0;?;-51.0;-1183;1183;-712.0;-2144;203.0;459.0
-255.0;?;?;-1166;1166;?;-2609;185.0;?
-231.0;-3084;129.0;-1241;1241;?;-3084;165.0;433.0
-205.0;-2729;241.0;-1654;1654;-672.0;-2729;?;421.0
-177.0;-2059;?;-1302;1302;-654.0;?;?;409.0
-147.0;-2132;582.0;?;?;-635.0;?;111.0;399.0
-115.0;?;675.0;-1018;1018;-615.0;-2073;94.0;387.0
-81.0;-849;622.0;340;-340;-596.0;-849;74.0;376.0
-46.0;497;?;2410;-2410;-576.0;497;52.0;?
-14.0;?;?;3658;?;-559.0;930;31.0;355.0
15.0;777;?;2365;?;-543.0;777;11.0;345.0
38.0;1250;387.0;531;-531;-529.0;?;-4.0;336.0
?;1526;316.0;422;-422;-517.0;1526;-17.0;326.0
?;503;195.0;122;-122;?;?;-28.0;?
84.0;28;?;-22;22;-497.0;28;-37.0;307.0
93.0;115;21.0;145;-145;?;115;-45.0;298.0
101.0;?;-64.0;?;?;?;-32;-53.0;290.0
106.0;?;-123.0;?;?;-477.0;55;-61.0;283.0
?;?;-175.0;?;-27;-473.0;?;-68.0;276.0
112.0;25;-193.0;15;?;-470.0;?;-76.0;269.0
112.0;44;?;-23;23;-468.0;44;-82.0;264.0
?;?;-218.0;?;73;-469.0;-21;-86.0;260.0
109.0;38;-227.0;70;-70;-471.0;?;-90.0;260.0
?;1;-221.0;?;-39;?;1;-93.0;261.0
111.0;20;-291.0;40;-40;?;20;-96.0;261.0
119.0;124;?;237;-237;-473.0;124;-106.0;258.0
128.0;-118;11.0;277;-277;-476.0;?;-113.0;262.0
134.0;304;369.0;?;-910;-470.0;304;-115.0;259.0
140.0;-241;382.0;?;-317;-461.0;?;-119.0;254.0
149.0;334;214.0;?;-982;-454.0;334;-123.0;253.0
158.0;3815;?;5669;-5669;-449.0;3815;-125.0;252.0
164.0;4897;254.0;?;-7199;?;4897;-127.0;252.0
165.0;4651;316.0;3755;-3755;-438.0;4651;-126.0;248.0
167.0;3353;336.0;234;-234;-430.0;3353;-122.0;245.0
171.0;391;?;-1463;1463;-422.0;391;-118.0;240.0
176.0;-1330;?;-1244;1244;-417.0;-1330;-115.0;?
?;-2596;227.0;-1701;?;-413.0;-2596;-114.0;230.0
184.0;-3095;63.0;-3217;3217;-413.0;-3095;-114.0;229.0
?;-3083;-95.0;-3477;3477;-413.0;?;-115.0;228.0
184.0;-2960;-306.0;-3818;?;-415.0;-2960;-118.0;228.0
180.0;-2532;-574.0;-4800;4800;-416.0;-2532;-122.0;224.0
170.0;-2457;?;-4322;4322;-418.0;-2457;-128.0;231.0
157.0;?;-1155.0;-3970;?;-413.0;?;-135.0;?
?;-3844;-1241.0;-3868;3868;-412.0;-3844;-142.0;228.0
?;-2379;-1014.0;-1604;1604;?;-2379;?;228.0
124.0;-964;?;?;214;?;-964;-143.0;228.0
122.0;-1297;272.0;-393;393;-419.0;-1297;?;236.0
122.0;-65;531.0;644;-644;-426.0;-65;-134.0;240.0
123.0;2694;?;2142;-2142;?;2694;-130.0;243.0
120.0;3515;395.0;?;-2882;-433.0;3515;-126.0;245.0
116.0;1984;278.0;1211;-1211;?;1984;-123.0;?
111.0;1377;223.0;-428;428;?;?;-118.0;251.0
104.0;1244;182.0;-4;4;-445.0;1244;-109.0;?
95.0;151;?;?;-32;-451.0;151;-99.0;256.0
86.0;?;?;6;-6;-456.0;40;-90.0;259.0
78.0;154;?;?;-73;?;154;?;260.0
?;-29;-547.0;6;?;-458.0;?;?;260.0
62.0;75;-567.0;117;-117;-457.0;?;-77.0;258.0
?;11;?;123;-123;-457.0;11;-77.0;254.0
49.0;3;-395.0;99;-99;-459.0;3;-79.0;251.0
44.0;27;-349.0;63;-63;-463.0;27;-80.0;252.0
35.0;-6;-306.0;60;-60;-468.0;-6;-78.0;252.0
25.0;?;-485.0;53;-53;-467.0;5;-75.0;249.0
?;78;-408.0;286;?;?;78;?;240.0
33.0;258;31.0;582;-582;?;258;-77.0;242.0
46.0;461;520.0;1698;-1698;-456.0;?;-74.0;?
60.0;1280;949.0;?;?;-442.0;1280;-64.0;242.0
?;3095;1317.0;8164;-8164;-439.0;3095;-51.0;?
89.0;3857;1601.0;8178;?;?;3857;?;?
105.0;2112;1922.0;3122;-3122;-426.0;?;-6.0;244.0
121.0;?;1884.0;-1772;1772;-418.0;479;14.0;240.0
139.0;-374;?;-2163;?;?;?;?;235.0
159.0;-1941;1427.0;-2821;2821;?;-1941;31.0;232.0
181.0;-2646;?;-4286;4286;-403.0;-2646;29.0;230.0
198.0;-3401;?;-3418;?;-403.0;-3401;19.0;?
210.0;-5039;-10.0;-1971;1971;?;?;4.0;228.0
215.0;-5797;-259.0;?;?;-406.0;-5797;-10.0;?
213.0;-5892;-548.0;-203;203;-405.0;-5892;-23.0;230.0
208.0;?;-927.0;904;-904;-402.0;-4592;-37.0;?
200.0;-2271;-1121.0;2659;-2659;-402.0;?;-49.0;234.0
195.0;-1430;?;?;?;-399.0;-1430;-60.0;230.0
201.0;?;-1319.0;-3450;3450;-402.0;197;?;227.0
216.0;1834;-829.0;540;-540;-403.0;1834;-81.0;220.0
232.0;354;?;465;-465;?;354;-96.0;207.0
249.0;-236;-632.0;-241;?;-395.0;-236;?;185.0
267.0;?;-645.0;402;-402;-392.0;195;-122.0;168.0
290.0;-73;-722.0;-69;69;?;-73;-131.0;?
314.0;?;-833.0;192;-192;-388.0;73;?;141.0
?;?;?;102;-102;-383.0;24;-137.0;?
?;-40;-293.0;6;?;?;-40;-141.0;112.0
372.0;?;?;131;-131;?;-46;-145.0;91.0
378.0;-13;305.0;-19;19;-346.0;?;-148.0;67.0
381.0;77;532.0;?;114;?;?;-149.0;?
384.0;23;530.0;?;?;-317.0;23;?;18.0
391.0;-5;676.0;?;3;-300.0;-5;-151.0;-5.0
402.0;27;820.0;-19;?;-284.0;27;-158.0;-32.0
?;70;606.0;-57;?;-272.0;70;-169.0;?
429.0;74;207.0;-73;?;-264.0;74;?;-90.0
428.0;47;?;-50;50;-251.0;47;-191.0;-113.0
429.0;?;?;?;79;-240.0;24;-196.0;-137.0
431.0;26;167.0;?;75;-229.0;26;?;-155.0
436.0;39;32.0;?;43;-220.0;39;-204.0;-174.0
441.0;15;-14.0;-63;63;-211.0;15;-209.0;-194.0
450.0;6;-96.0;-65;65;-203.0;?;-213.0;-214.0
456.0;2;?;-20;20;-194.0;2;-221.0;-232.0
463.0;10;313.0;?;41;?;10;-236.0;-246.0
465.0;28;356.0;-64;64;-184.0;28;-254.0;-255.0
?;-39;234.0;?;13;-182.0;-39;-269.0;?
462.0;-48;129.0;-14;14;-181.0;-48;?;-264.0
461.0;?;-241.0;-42;42;?;?;-278.0;-269.0
459.0;34;?;-27;27;-177.0;?;-279.0;-276.0
456.0;?;-293.0;?;35;-173.0;?;-277.0;-283.0
454.0;15;-312.0;-35;?;-170.0;15;-278.0;-289.0
454.0;?;-125.0;-21;21;-167.0;25;?;-295.0
457.0;-16;-48.0;?;?;-166.0;?;?;?
462.0;-6;?;59;-59;-164.0;-6;?;-301.0
468.0;47;-34.0;41;-41;-161.0;47;?;?
472.0;35;85.0;-54;?;-158.0;35;-261.0;-320.0
474.0;26;43.0;-11;11;-156.0;26;-260.0;-326.0
?;30;?;8;?;-155.0;30;?;?
?;18;?;-24;24;-157.0;18;-268.0;-329.0
471.0;19;115.0;-68;?;-159.0;19;-271.0;-325.0
468.0;13;-60.0;?;88;?;?;?;-323.0
?;6;-67.0;-20;20;-161.0;6;-273.0;?
466.0;7;2.0;16;-16;-161.0;7;-273.0;-325.0
466.0;-1;-13.0;20;-20;-160.0;-1;-271.0;-328.0
467.0;?;?;1;?;-158.0;26;-269.0;-332.0
469.0;9;-54.0;-16;?;-156.0;9;?;-338.0
469.0;-11;-219.0;-12;12;-153.0;-11;-265.0;-343.0
467.0;27;-204.0;8;-8;-152.0;27;-265.0;-346.0
?;3;-249.0;30;-30;-151.0;3;-264.0;-346.0
463.0;-11;-337.0;-17;?;-151.0;?;-263.0;-348.0
461.0;-3;-381.0;-32;?;-150.0;-3;-259.0;?
?;-19;-367.0;?;?;-147.0;-19;-253.0;-359.0
459.0;1;-211.0;-15;?;-144.0;1;-245.0;-368.0
462.0;-15;-227.0;-3;3;-139.0;-15;?;-379.0
467.0;-34;?;0;0;-136.0;?;-236.0;-384.0
470.0;?;?;?;?;-131.0;34;-235.0;-395.0
?;26;-453.0;10;-10;-127.0;26;-236.0;?
466.0;-8;-43.0;-6;6;-129.0;-8;?;-397.0
454.0;-10;650.0;-33;33;-136.0;-10;-258.0;-380.0
439.0;?;1784.0;5;-5;-146.0;-45;-271.0;-353.0
423.0;2;2744.0;32;-32;-156.0;?;-286.0;-326.0
415.0;?;3484.0;?;?;?;?;?;-303.0
?;-28;3628.0;-30;30;-166.0;?;?;-287.0
435.0;-35;3552.0;-19;19;-166.0;-35;?;-276.0
?;-35;2791.0;-26;?;?;-35;-433.0;?
443.0;-16;1099.0;-34;34;-170.0;?;?;-247.0
437.0;25;-83.0;-3;3;-173.0;25;-518.0;-231.0
?;46;-94.0;?;-31;-175.0;46;-546.0;-218.0
407.0;-14;-562.0;36;?;-175.0;-14;?;-211.0
398.0;-40;-273.0;22;-22;-174.0;-40;-586.0;-203.0
392.0;9;-142.0;17;-17;-176.0;9;-592.0;?
383.0;-11;-215.0;-1;1;-178.0;?;-595.0;-178.0
381.0;?;211.0;-32;32;-178.0;-27;-585.0;-169.0
394.0;22;158.0;?;21;-178.0;?;-569.0;-164.0
410.0;?;?;-14;14;-178.0;11;-555.0;?
?;0;?;-25;25;-177.0;0;?;?
433.0;26;-481.0;-23;23;-176.0;26;?;-158.0
442.0;-9;-365.0;-15;15;-176.0;?;-521.0;-160.0
?;-30;-10.0;-7;7;-178.0;-30;-515.0;-160.0
449.0;-15;322.0;?;30;-179.0;-15;-511.0;-161.0
?;-15;230.0;0;0;-180.0;-15;-508.0;?
447.0;0;-374.0;7;-7;-181.0;?;-507.0;-163.0
451.0;-6;?;-32;32;-181.0;-6;-506.0;-163.0
?;-17;-1230.0;?;-27;-182.0;-17;-507.0;-164.0
?;12;-654.0;42;?;?;12;?;-164.0
?;?;?;12;-12;-180.0;5;-504.0;?
456.0;2;32.0;48;-48;?;2;?;-165.0
455.0;33;?;50;-50;-178.0;33;-502.0;-163.0
458.0;48;-310.0;6;-6;-176.0;48;-499.0;-163.0
462.0;50;-96.0;?;4;-175.0;50;-497.0;-164.0
465.0;10;?;-5;5;-174.0;10;-494.0;-164.0
468.0;-11;57.0;-24;24;-174.0;-11;-490.0;?
?;-3;148.0;7;-7;-174.0;-3;?;-161.0
469.0;-19;?;39;-39;?;-19;?;-158.0
469.0;-25;?;27;-27;-173.0;-25;-482.0;-153.0
466.0;-25;399.0;?;?;-173.0;-25;-481.0;-150.0
459.0;-25;359.0;?;-31;-172.0;-25;-480.0;-146.0
?;?;211.0;51;?;-172.0;-34;?;-142.0
444.0;-68;26.0;54;-54;-172.0;-68;-469.0;-137.0
447.0;-46;-201.0;65;?;-173.0;-46;-467.0;-131.0
453.0;-25;?;117;?;-173.0;-25;-468.0;-127.0
?;-81;-408.0;?;-94;-173.0;-81;-470.0;?
467.0;?;?;22;-22;-174.0;-66;-473.0;?
471.0;?;-298.0;-14;?;-177.0;-44;?;?
473.0;-41;-295.0;7;-7;-179.0;-41;-475.0;-113.0
475.0;-30;-272.0;-22;?;-182.0;-30;-470.0;?
?;-66;-352.0;-16;?;-186.0;-66;-464.0;?
485.0;-22;-258.0;?;-95;-191.0;-22;-457.0;?
488.0;-6;-153.0;130;-130;-196.0;?;?;-91.0
487.0;-108;-29.0;332;-332;-202.0;?;-439.0;-84.0
482.0;-247;186.0;493;-493;-209.0;?;-428.0;-76.0
477.0;-167;217.0;?;-280;-217.0;-167;-415.0;-65.0
469.0;?;15.0;-411;?;-225.0;11;-400.0;-53.0
459.0;?;-305.0;-1709;1709;-233.0;842;-385.0;-40.0
445.0;?;-591.0;-2377;2377;-243.0;2924;-369.0;?
?;3898;-927.0;?;?;-253.0;3898;-351.0;-11.0
413.0;3538;?;-993;?;?;3538;-333.0;?
395.0;3711;-1498.0;-1028;1028;-273.0;3711;?;?
?;?;-1830.0;-963;963;-282.0;?;-301.0;30.0
348.0;3941;-2121.0;-217;217;?;3941;-286.0;42.0
?;3934;-2190.0;-17;?;-302.0;?;-269.0;53.0
283.0;3581;-2246.0;-113;113;-313.0;3581;-251.0;63.0
246.0;3382;-2218.0;-243;243;-326.0;3382;-229.0;74.0
?;3371;-2281.0;-612;612;-341.0;3371;-205.0;88.0
165.0;2940;-2334.0;-1001;1001;-353.0;2940;?;99.0
?;2208;-2206.0;-1899;1899;-367.0;2208;-160.0;112.0
?;1840;-2045.0;-2641;?;?;1840;?;124.0
50.0;2064;?;-3301;3301;-404.0;2064;-130.0;143.0
22.0;?;-2326.0;-3599;3599;-425.0;2772;-124.0;166.0
-5.0;4373;-2163.0;?;?;-446.0;4373;-115.0;186.0
-36.0;5780;?;-4760;4760;-466.0;5780;-102.0;204.0
-72.0;5637;-1209.0;-3152;?;-486.0;?;-81.0;223.0
?;4927;-1015.0;?;997;-506.0;4927;?;239.0
?;2819;-994.0;830;-830;?;?;-39.0;255.0
?;793;-1062.0;1066;?;-550.0;793;?;272.0
-193.0;582;?;?;534;?;582;?;289.0
-215.0;-20;-868.0;-190;?;-596.0;-20;?;309.0
-237.0;-217;-529.0;323;-323;?;-217;?;331.0
-258.0;-3;-352.0;97;-97;-644.0;?;36.0;?
-283.0;-160;-232.0;235;?;-668.0;-160;47.0;377.0
-309.0;-95;-250.0;156;-156;-692.0;-95;?;400.0
-336.0;-159;-375.0;159;-159;-715.0;-159;75.0;424.0
-365.0;-151;-592.0;128;-128;-735.0;-151;?;446.0
-396.0;?;-872.0;88;-88;-753.0;?;110.0;?
-432.0;21;-966.0;124;?;?;?;132.0;483.0
-472.0;98;-1006.0;134;-134;-779.0;98;159.0;499.0
-513.0;189;-1091.0;?;-130;?;189;191.0;?
-551.0;482;-1215.0;55;-55;-794.0;482;229.0;?
-585.0;766;?;-6;6;-796.0;766;268.0;?
-611.0;813;-864.0;-32;32;-796.0;813;?;?
-626.0;845;-476.0;172;?;-795.0;845;347.0;563.0
-630.0;?;-55.0;61;?;?;?;379.0;578.0
-628.0;113;443.0;1182;-1182;-780.0;113;?;598.0
-623.0;?;826.0;1048;-1048;-768.0;111;439.0;616.0
-609.0;-21;1323.0;?;-136;-761.0;?;461.0;?
?;548;1396.0;5403;-5403;-751.0;548;486.0;?
-593.0;208;1307.0;8086;?;-741.0;?;507.0;647.0
-590.0;1315;1215.0;7042;?;-732.0;1315;529.0;653.0
-589.0;3071;965.0;3886;?;-723.0;3071;?;658.0
-590.0;2326;530.0;-3323;?;-713.0;2326;?;662.0
-594.0;2361;144.0;-4252;4252;-705.0;2361;585.0;664.0
-602.0;?;-142.0;-4265;4265;-699.0;924;597.0;662.0
-612.0;-1142;-502.0;?;5744;-694.0;-1142;606.0;661.0
?;-2203;?;-4363;4363;-688.0;-2203;?;659.0
-639.0;-3544;-1197.0;-4459;?;?;-3544;614.0;658.0
?;-3789;-1409.0;?;4487;-682.0;-3789;617.0;657.0
?;-3866;-1771.0;-3777;3777;-681.0;?;618.0;658.0
-686.0;-3170;-2042.0;-3044;3044;?;?;617.0;664.0
-704.0;?;-2091.0;-1376;1376;-675.0;-3729;617.0;664.0
-722.0;-3529;?;654;-654;-678.0;-3529;614.0;664.0
-739.0;-2054;-1684.0;913;?;-679.0;-2054;606.0;665.0
?;?;-921.0;783;-783;?;-2156;606.0;669.0
-746.0;?;-771.0;4503;-4503;-676.0;391;608.0;669.0
-746.0;?;-783.0;7849;?;-677.0;?;612.0;?
-747.0;?;-701.0;3364;-3364;-678.0;?;613.0;675.0
-747.0;1078;-471.0;-1242;1242;-677.0;?;615.0;680.0
-747.0;331;-295.0;-150;?;-679.0;331;616.0;682.0
-746.0;185;-179.0;59;-59;-682.0;185;616.0;683.0
-746.0;374;-25.0;-264;264;-689.0;374;?;681.0
-744.0;200;?;143;?;-695.0;200;?;680.0
-742.0;223;?;-6;6;?;223;600.0;678.0
-741.0;189;338.0;114;-114;-708.0;189;?;676.0
-738.0;108;?;210;?;-714.0;108;584.0;674.0
-734.0;9;378.0;296;?;-717.0;?;577.0;674.0
-727.0;-12;448.0;334;-334;-718.0;-12;573.0;674.0
?;19;480.0;340;-340;-721.0;19;572.0;672.0
-710.0;39;444.0;461;-461;?;39;?;674.0
?;27;344.0;361;-361;-720.0;27;573.0;676.0
-687.0;?;448.0;?;?;-728.0;67;568.0;668.0
-672.0;191;801.0;?;-1086;-732.0;191;?;664.0
-656.0;491;?;1520;-1520;-734.0;491;?;661.0
?;?;1250.0;2508;-2508;-739.0;?;534.0;655.0
?;?;?;3047;-3047;-744.0;2351;?;648.0
-596.0;?;1561.0;2208;-2208;-746.0;2443;514.0;642.0
-576.0;2133;1649.0;1486;-1486;-747.0;2133;506.0;636.0
?;?;?;808;-808;-748.0;?;499.0;?
?;?;1554.0;-329;329;-749.0;?;491.0;622.0
-503.0;?;1554.0;?;1472;-750.0;-2558;479.0;615.0
-475.0;-2425;1481.0;-2390;2390;-751.0;-2425;?;608.0
?;-3242;1260.0;-1537;1537;-753.0;-3242;459.0;602.0
-422.0;-3308;?;-1141;?;-754.0;-3308;451.0;595.0
-403.0;-53;1223.0;-2954;2954;-757.0;-53;448.0;587.0
-388.0;1970;1246.0;-1917;1917;?;1970;444.0;578.0
-377.0;1577;1130.0;-254;254;-764.0;1577;?;571.0
?;?;654.0;?;676;-766.0;1189;435.0;564.0
?;687;422.0;-385;385;?;687;425.0;556.0
-352.0;145;170.0;?;178;-766.0;145;415.0;543.0
-341.0;-284;193.0;-140;140;-767.0;-284;405.0;?
-327.0;-457;?;-122;122;-766.0;-457;396.0;?
?;-425;-602.0;-112;112;-765.0;?;385.0;514.0
-311.0;-404;-720.0;5;-5;-767.0;-404;372.0;504.0
-314.0;-511;-719.0;?;29;-770.0;-511;361.0;493.0
-322.0;-510;-710.0;?;-108;-773.0;?;353.0;483.0
-332.0;?;-697.0;307;-307;-776.0;?;347.0;474.0
-339.0;192;?;526;-526;?;192;344.0;464.0
-342.0;146;?;120;-120;-785.0;146;335.0;453.0
?;563;-306.0;?;?;-790.0;563;319.0;?
-356.0;1100;-224.0;-118;118;-796.0;1100;309.0;439.0
-365.0;1257;-146.0;?;1822;-803.0;1257;311.0;435.0
-366.0;892;185.0;-1260;1260;-808.0;892;310.0;432.0
-368.0;?;?;?;275;-812.0;52;303.0;431.0
?;-241;68.0;?;284;-816.0;-241;302.0;?
?;-7;1.0;?;-16;-819.0;-7;300.0;?
-393.0;-48;?;?;178;-822.0;-48;?;?
-399.0;?;60.0;-82;82;?;-41;282.0;436.0
-404.0;?;109.0;63;-63;-829.0;?;?;436.0
?;-38;-42.0;-64;64;-833.0;?;270.0;438.0
?;-37;-101.0;33;-33;-837.0;-37;267.0;?
?;-91;32.0;84;-84;-841.0;-91;263.0;?
-413.0;-128;-1.0;57;-57;-847.0;-128;?;439.0
-415.0;-124;101.0;110;-110;-853.0;-124;?;?
-411.0;-172;126.0;136;-136;?;-172;250.0;429.0
-407.0;-214;260.0;41;?;?;-214;243.0;421.0
-402.0;-173;?;143;-143;-870.0;-173;?;413.0
-397.0;-55;579.0;?;-75;-877.0;?;231.0;405.0
-392.0;-72;?;41;-41;-885.0;?;?;396.0
-390.0;?;962.0;?;-408;-892.0;-310;219.0;386.0
?;?;?;281;-281;-897.0;?;214.0;?
-396.0;-302;983.0;289;-289;?;-302;?;371.0
-405.0;-163;?;97;-97;-905.0;-163;185.0;?
?;-486;953.0;?;-245;-908.0;-486;?;359.0
-433.0;-448;486.0;209;?;?;?;151.0;355.0
-450.0;-118;34.0;-274;274;-912.0;-118;?;350.0
-464.0;-2412;-546.0;?;-3140;?;-2412;117.0;345.0
-476.0;-4381;-499.0;5972;-5972;-913.0;-4381;?;344.0
-487.0;-3378;-292.0;4621;?;-912.0;?;96.0;346.0
-499.0;-3962;-593.0;5349;-5349;-910.0;-3962;94.0;347.0
-512.0;-3952;-745.0;5328;-5328;-909.0;-3952;98.0;346.0
-522.0;-245;-892.0;1337;?;?;-245;?;344.0
-532.0;402;?;81;-81;-908.0;402;110.0;341.0
-539.0;-945;-1273.0;33;-33;-907.0;-945;?;338.0
-545.0;123;-1176.0;-1922;1922;-907.0;123;117.0;333.0
-548.0;893;-1112.0;?;1856;-907.0;893;?;?
-548.0;886;-979.0;-1825;1825;-908.0;886;117.0;?
-545.0;?;-807.0;-2434;2434;-908.0;902;116.0;?
-538.0;?;-652.0;-375;375;-908.0;452;118.0;?
-529.0;-1484;?;?;?;?;-1484;114.0;299.0
?;-2562;-183.0;-1140;1140;-908.0;-2562;?;293.0
?;-2372;-50.0;-15;?;?;-2372;?;?
-240.0;15;795.0;50;-50;-808.0;15;-65.0;129.0
-229.0;?;776.0;?;-21;-809.0;-5;?;?
-225.0;39;517.0;-58;?;?;39;-89.0;103.0
?;?;105.0;-35;35;?;8;?;?
-211.0;-15;?;-17;17;-807.0;-15;?;74.0
-205.0;-17;-35.0;-48;48;-805.0;-17;-116.0;63.0
-199.0;-33;-225.0;-78;78;?;-33;-127.0;50.0
-193.0;?;-387.0;?;?;?;-34;-136.0;35.0
-187.0;?;-503.0;36;-36;?;-23;-146.0;23.0
-186.0;-5;-640.0;?;-32;-793.0;-5;-155.0;12.0
?;-11;?;?;20;-791.0;-11;-162.0;3.0
?;-15;?;?;?;?;?;-165.0;-5.0
-192.0;9;?;10;-10;-791.0;9;?;?
-194.0;12;-57.0;-19;19;-793.0;12;-180.0;?
-200.0;-4;105.0;29;-29;?;?;-179.0;-13.0
?;13;267.0;19;-19;?;13;-177.0;-11.0
-208.0;17;661.0;14;-14;-801.0;17;-181.0;-7.0
-210.0;-25;?;-27;27;?;?;-186.0;-6.0
-213.0;-32;?;-36;36;-804.0;-32;-192.0;-6.0
-217.0;-27;206.0;-30;30;-806.0;-27;-199.0;?
-221.0;-33;281.0;-51;?;-809.0;-33;?;-3.0
-225.0;26;296.0;27;-27;?;?;-206.0;-1.0
?;85;126.0;28;-28;-812.0;?;-207.0;?
-224.0;?;230.0;-51;51;-813.0;83;-211.0;2.0
-223.0;111;301.0;-41;41;-814.0;111;-216.0;6.0
-226.0;173;242.0;-50;50;-815.0;173;-218.0;11.0
?;158;555.0;-39;39;?;158;-220.0;17.0
-231.0;?;1015.0;24;-24;?;120;-228.0;?
?;125;1333.0;?;-34;-812.0;125;-235.0;24.0
-242.0;54;?;147;-147;-811.0;54;-239.0;31.0
-246.0;9;1639.0;?;?;?;9;?;39.0
-246.0;-17;1067.0;82;-82;-807.0;-17;-212.0;43.0
-238.0;-55;551.0;37;-37;-805.0;-55;-193.0;?
-224.0;-1;?;7;-7;?;-1;-180.0;40.0
-207.0;-12;-134.0;-26;?;-798.0;-12;-173.0;?
?;-18;-615.0;?;11;?;-18;-168.0;30.0
-175.0;?;-803.0;0;0;-788.0;-8;-167.0;24.0
-162.0;-24;-798.0;10;-10;-784.0;-24;-175.0;19.0
-156.0;-25;-546.0;?;-28;?;?;-185.0;?
-156.0;-65;-447.0;37;-37;-777.0;-65;-189.0;19.0
-158.0;-31;-476.0;35;-35;-774.0;-31;-192.0;22.0
-160.0;-62;-271.0;42;?;-772.0;-62;?;25.0
-160.0;?;-230.0;?;-21;?;?;-204.0;?
-164.0;-24;69.0;-42;42;-772.0;-24;?;33.0
-172.0;?;188.0;-35;35;-773.0;?;-214.0;39.0
?;?;348.0;24;-24;-774.0;-97;-217.0;45.0
-185.0;-126;717.0;1;-1;-776.0;-126;-223.0;?
-193.0;-119;881.0;?;19;-779.0;?;-231.0;57.0
?;?;?;-50;50;-781.0;-109;?;59.0
-211.0;-144;957.0;?;71;-785.0;-144;?;68.0
-219.0;-159;992.0;-62;62;-788.0;?;-251.0;79.0
-228.0;-148;941.0;?;?;-793.0;-148;-251.0;?
-235.0;-152;966.0;-241;241;-796.0;-152;-249.0;92.0
-241.0;-167;854.0;-184;184;-799.0;-167;-249.0;100.0
-247.0;?;660.0;?;178;-802.0;-299;-245.0;?
-254.0;-242;617.0;-120;120;-806.0;-242;-238.0;119.0
-259.0;?;702.0;-1;?;-809.0;20;-234.0;?
?;?;659.0;19;-19;-812.0;36;-227.0;136.0
-266.0;105;?;-8;?;-815.0;105;-220.0;146.0
-269.0;127;673.0;?;-7;-818.0;127;-212.0;155.0
-272.0;36;786.0;-17;?;-820.0;36;-201.0;166.0
-276.0;102;828.0;-65;?;-823.0;?;-184.0;179.0
-278.0;67;940.0;-57;57;-824.0;?;-165.0;192.0
?;?;1070.0;-45;45;-825.0;40;-144.0;206.0
-283.0;93;1100.0;-74;?;-825.0;93;-118.0;219.0
-284.0;84;839.0;-52;52;?;84;?;232.0
-285.0;17;277.0;-5;5;-823.0;17;-74.0;?
-284.0;?;-86.0;8;-8;-821.0;-1;-64.0;?
?;62;-488.0;?;?;-818.0;62;-57.0;272.0
-275.0;40;-569.0;16;-16;?;40;?;283.0
-274.0;-12;-555.0;2;-2;?;-12;-66.0;293.0
?;-12;-982.0;11;-11;-812.0;-12;-67.0;304.0
-278.0;?;-606.0;5;-5;-810.0;-16;-70.0;316.0
-284.0;-4;-546.0;?;-8;-808.0;-4;-77.0;324.0
-291.0;-1;-760.0;9;?;-806.0;?;-80.0;331.0
-296.0;-14;-505.0;-10;10;-805.0;-14;-77.0;337.0
?;21;?;-2;2;-806.0;21;-70.0;344.0
-302.0;14;-271.0;?;?;-806.0;14;?;?
-301.0;?;-34.0;-44;?;?;-2;-59.0;361.0
-296.0;?;?;-103;?;-805.0;5;-53.0;369.0
-293.0;-41;1.0;-55;?;-804.0;-41;-47.0;378.0
?;-22;-75.0;-25;25;?;?;-45.0;386.0
?;-2;0.0;-20;?;?;-2;-42.0;391.0
-288.0;-13;14.0;-29;29;-804.0;?;-40.0;396.0
-285.0;?;8.0;-14;14;-804.0;21;-38.0;400.0
-281.0;6;?;?;-37;?;6;-42.0;405.0
-281.0;?;?;23;-23;?;?;-44.0;?
-286.0;-3;269.0;7;?;-806.0;-3;-38.0;410.0
-294.0;?;340.0;-28;28;-807.0;?;?;412.0
-302.0;26;136.0;-34;34;-808.0;26;-19.0;?
-308.0;-7;61.0;10;-10;-809.0;-7;-14.0;416.0
?;14;174.0;?;?;-810.0;14;-9.0;?
-326.0;61;388.0;9;?;?;61;2.0;419.0
?;63;683.0;-4;4;-814.0;?;17.0;421.0
-348.0;21;?;?;?;-817.0;21;37.0;?
-361.0;-12;?;-10;?;-819.0;-12;60.0;423.0
-375.0;-15;1077.0;-41;?;?;-15;85.0;424.0
-389.0;?;1041.0;?;14;-822.0;-24;111.0;426.0
-403.0;-37;791.0;-37;37;-825.0;?;133.0;426.0
-415.0;-23;484.0;17;-17;-826.0;-23;149.0;?
?;-11;170.0;?;-37;-826.0;-11;159.0;428.0
-437.0;2;-176.0;-9;9;-826.0;2;166.0;430.0
-449.0;28;-468.0;31;-31;-826.0;?;173.0;?
?;27;-509.0;30;-30;-827.0;27;?;434.0
-473.0;25;?;23;?;-827.0;25;183.0;435.0
-482.0;?;?;36;-36;?;20;?;?
?;-7;-338.0;?;-30;-827.0;-7;?;441.0
?;7;?;-22;22;?;7;193.0;442.0
-501.0;60;-87.0;-50;50;-828.0;60;?;?
-503.0;44;-15.0;1;?;-829.0;?;196.0;443.0
-503.0;0;55.0;5;-5;?;0;197.0;442.0
-501.0;?;54.0;-6;?;-829.0;44;198.0;442.0
-499.0;68;61.0;-11;11;-829.0;68;198.0;442.0
-496.0;58;123.0;-52;52;-828.0;?;198.0;442.0
-492.0;?;98.0;?;?;-828.0;?;197.0;442.0
-489.0;53;78.0;-36;36;-827.0;53;196.0;443.0
-487.0;?;69.0;?;94;-826.0;99;?;444.0
-486.0;50;87.0;?;90;-825.0;50;194.0;?
-486.0;?;56.0;-72;72;-824.0;?;193.0;447.0
-487.0;0;-9.0;-71;71;-823.0;0;193.0;448.0
?;?;-54.0;-74;?;?;?;192.0;449.0
-488.0;2;27.0;-83;?;-820.0;2;191.0;?
-489.0;?;28.0;7;-7;-819.0;8;190.0;448.0
-488.0;14;50.0;-1;?;-818.0;14;190.0;447.0
-486.0;16;-5.0;-34;34;-816.0;16;188.0;445.0
-483.0;53;38.0;-46;?;-814.0;53;186.0;443.0
-479.0;99;65.0;-94;94;?;99;?;439.0
-472.0;41;111.0;-76;76;-808.0;41;?;439.0
-464.0;58;242.0;-96;96;-805.0;?;176.0;?
-457.0;43;421.0;79;-79;?;43;173.0;435.0
-449.0;204;406.0;?;49;-796.0;?;171.0;?
-440.0;?;412.0;159;-159;-791.0;386;168.0;?
?;1909;478.0;678;-678;-786.0;1909;167.0;?
?;3052;?;?;-413;-778.0;3052;166.0;427.0
-417.0;-633;409.0;?;-934;-769.0;-633;164.0;420.0
?;-3788;477.0;?;-1680;-757.0;-3788;?;414.0
-392.0;-4008;?;1959;?;-744.0;-4008;158.0;410.0
-375.0;-3929;701.0;?;-2324;-730.0;?;151.0;?
?;-2651;836.0;?;?;?;-2651;143.0;399.0
?;-2017;?;1153;-1153;-696.0;-2017;134.0;392.0
-312.0;-2295;1008.0;1012;?;-679.0;-2295;124.0;383.0
-288.0;-3480;1003.0;183;-183;-663.0;-3480;112.0;380.0
-261.0;-4511;987.0;-1001;1001;-647.0;-4511;101.0;372.0
-234.0;-3987;?;-1508;1508;-630.0;?;90.0;364.0
-204.0;?;1068.0;-1920;1920;-611.0;?;80.0;355.0
-174.0;-3514;?;-2462;2462;-594.0;-3514;71.0;347.0
-142.0;-3284;1324.0;?;2602;-575.0;-3284;?;340.0
-108.0;-2514;1335.0;-3021;?;-557.0;?;55.0;332.0
-73.0;-2455;1264.0;-2182;2182;?;?;44.0;324.0
-41.0;?;1229.0;-763;763;-517.0;-1481;32.0;314.0
-11.0;?;?;710;-710;-497.0;55;19.0;303.0
17.0;-744;1093.0;3507;-3507;?;-744;6.0;293.0
41.0;1376;1001.0;2896;-2896;?;1376;-6.0;283.0
64.0;?;809.0;1172;?;-438.0;2389;-18.0;270.0
?;?;?;?;-610;?;832;-29.0;?
103.0;?;?;-689;?;-405.0;1376;-43.0;243.0
119.0;455;?;-227;227;-390.0;455;-58.0;228.0
134.0;39;67.0;?;-58;-374.0;39;-73.0;212.0
147.0;311;-59.0;-145;145;-361.0;?;-89.0;198.0
158.0;-101;-165.0;102;-102;-347.0;-101;-105.0;182.0
165.0;72;-244.0;28;?;-333.0;72;?;167.0
171.0;-17;-302.0;119;?;?;-17;?;152.0
177.0;18;-199.0;123;-123;-307.0;18;-144.0;137.0
183.0;15;-143.0;?;-163;-298.0;?;?;124.0
191.0;?;?;?;26;-292.0;-2;-163.0;113.0
?;32;102.0;?;-207;-287.0;32;?;?
204.0;81;39.0;?;?;-288.0;81;-177.0;98.0
210.0;69;-16.0;217;-217;-290.0;69;-186.0;93.0
221.0;897;138.0;3321;-3321;-284.0;897;-194.0;88.0
231.0;3063;519.0;?;-6429;-278.0;3063;-199.0;?
243.0;?;726.0;6390;-6390;?;3477;-204.0;?
?;2426;?;?;-3195;-252.0;2426;-214.0;?
283.0;1541;410.0;-586;586;-238.0;1541;-223.0;?
302.0;?;?;-2086;2086;-223.0;-49;-231.0;52.0
?;-895;429.0;-2418;2418;-211.0;-895;-237.0;48.0
?;?;443.0;-3064;3064;-200.0;-981;-242.0;42.0
328.0;-1262;?;-3380;3380;-192.0;-1262;-243.0;?
331.0;-1559;275.0;-3857;?;-187.0;-1559;-244.0;34.0
333.0;-1523;60.0;-4265;4265;-184.0;?;?;31.0
333.0;-1547;-136.0;?;4316;?;-1547;?;30.0
331.0;-1719;-356.0;-4248;4248;?;-1719;-250.0;?
327.0;?;?;-3681;3681;-198.0;-1102;-248.0;41.0
?;-781;-401.0;-4210;4210;-216.0;-781;-245.0;59.0
?;-502;-544.0;-2356;2356;-235.0;-502;-243.0;78.0
299.0;341;?;890;?;-251.0;341;?;90.0
286.0;-76;?;1184;-1184;-269.0;-76;-234.0;104.0
270.0;-53;-631.0;2163;-2163;-285.0;-53;-229.0;119.0
249.0;1738;-789.0;1874;-1874;-301.0;1738;-224.0;132.0
228.0;?;-868.0;?;-535;-317.0;1447;-218.0;146.0
207.0;354;?;?;-300;-332.0;354;-208.0;160.0
187.0;831;-656.0;-342;342;-346.0;831;-196.0;175.0
168.0;?;-669.0;?;329;-360.0;817;-181.0;189.0
149.0;811;?;-291;?;?;811;-168.0;202.0
134.0;447;-738.0;-130;130;-389.0;447;-156.0;213.0
?;-23;-764.0;109;-109;-399.0;-23;-147.0;221.0
104.0;147;-744.0;68;-68;-409.0;147;-137.0;228.0
90.0;107;-617.0;255;-255;-417.0;107;-127.0;232.0
79.0;193;?;158;-158;?;?;-118.0;238.0
71.0;210;-528.0;51;-51;?;210;-111.0;248.0
60.0;?;?;70;-70;-436.0;170;-104.0;258.0
47.0;?;-482.0;-19;19;-441.0;162;-98.0;267.0
?;?;?;197;-197;-443.0;121;?;266.0
?;162;?;418;?;-444.0;?;-93.0;262.0
53.0;158;-9.0;394;-394;-444.0;?;-99.0;260.0
65.0;?;307.0;1075;-1075;-442.0;229;-105.0;256.0
83.0;357;567.0;2664;-2664;-444.0;357;-110.0;254.0
108.0;933;?;4632;-4632;-445.0;933;-117.0;?
133.0;1643;767.0;6371;-6371;-442.0;?;-125.0;256.0
155.0;?;?;6816;?;-435.0;?;-131.0;251.0
174.0;2729;967.0;5401;-5401;-425.0;2729;?;242.0
?;?;951.0;2325;-2325;?;1369;-142.0;?
217.0;?;985.0;-1387;1387;?;790;?;229.0
?;?;?;-3372;?;-397.0;?;?;223.0
?;1620;?;-3212;3212;-389.0;1620;-170.0;?
300.0;1475;847.0;-3301;3301;-382.0;?;-181.0;220.0
323.0;-1374;740.0;-4258;4258;-375.0;-1374;-192.0;224.0
343.0;?;651.0;-4193;4193;?;-3222;-204.0;223.0
359.0;-4581;580.0;-2876;2876;-354.0;-4581;-213.0;219.0
374.0;-6623;402.0;-1746;1746;-339.0;-6623;-222.0;?
?;-6861;145.0;-929;?;-323.0;-6861;-232.0;231.0
398.0;-6417;-27.0;-474;474;-299.0;-6417;-242.0;221.0
412.0;-5683;?;-127;127;-275.0;-5683;-255.0;?
437.0;-4739;?;775;-775;-253.0;-4739;?;192.0
475.0;-4822;1211.0;1245;?;?;?;-294.0;?
?;-3384;1391.0;3420;?;-214.0;-3384;-317.0;155.0
560.0;272;1362.0;3581;-3581;-194.0;272;?;?
590.0;1696;1366.0;?;-77;-169.0;1696;-356.0;107.0
614.0;688;1388.0;209;?;-143.0;688;?;?
?;?;1521.0;534;-534;-115.0;?;-390.0;38.0
664.0;141;1573.0;-332;332;-85.0;?;-407.0;?
686.0;-44;1578.0;242;-242;-55.0;?;-424.0;-34.0
705.0;-70;?;89;-89;?;-70;-440.0;-70.0
719.0;-46;1356.0;83;?;10.0;-46;-456.0;-108.0
728.0;-31;?;162;-162;45.0;-31;-471.0;?
735.0;-19;?;-20;20;79.0;?;-485.0;?
739.0;-20;766.0;-32;32;111.0;-20;?;?
742.0;?;?;-63;63;?;-17;-510.0;-264.0
743.0;-47;367.0;-52;52;171.0;-47;-521.0;-300.0
741.0;-37;222.0;-43;?;197.0;-37;?;-333.0
739.0;-55;-165.0;-44;44;222.0;?;-543.0;-365.0
?;?;-443.0;2;?;245.0;-73;-556.0;-403.0
724.0;-30;-690.0;0;0;259.0;-30;?;-422.0
?;12;?;-65;65;?;12;-577.0;-436.0
710.0;4;?;?;51;?;4;?;-451.0
705.0;-31;-254.0;0;0;296.0;-31;?;-464.0
700.0;-29;-303.0;37;-37;303.0;?;-604.0;-472.0
692.0;6;-219.0;20;-20;309.0;6;-614.0;-477.0
684.0;?;-235.0;9;-9;312.0;-31;-621.0;?
676.0;-64;-177.0;15;-15;315.0;-64;-628.0;-482.0
667.0;-25;-155.0;-3;3;?;-25;-637.0;-484.0
658.0;-30;-203.0;13;-13;319.0;-30;-644.0;-488.0
650.0;?;-149.0;22;-22;?;?;-649.0;-491.0
643.0;1;-206.0;-6;6;?;1;?;-492.0
?;96;-157.0;-90;90;320.0;96;-657.0;-492.0
628.0;108;?;?;100;320.0;?;-662.0;?
625.0;37;-28.0;-23;23;320.0;37;-665.0;-493.0
622.0;34;-125.0;-37;37;320.0;34;?;-491.0
621.0;30;-295.0;-35;35;321.0;30;-663.0;-491.0
620.0;?;-136.0;?;21;?;38;-664.0;-492.0
?;?;?;-36;36;?;61;-663.0;?
?;59;52.0;-35;35;321.0;?;-664.0;-492.0
619.0;78;?;-62;62;320.0;78;-663.0;-492.0
?;79;287.0;-67;67;319.0;79;-661.0;-489.0
618.0;79;248.0;-57;57;317.0;79;-660.0;-485.0
616.0;74;?;-71;71;315.0;74;?;-482.0
613.0;85;478.0;-47;?;313.0;85;-657.0;-480.0
610.0;69;?;2;-2;?;?;-657.0;-479.0
609.0;?;?;-1;1;310.0;-2;-656.0;-479.0
614.0;7;1091.0;-32;32;310.0;?;-655.0;-478.0
620.0;23;1353.0;-17;17;?;?;-656.0;-479.0
629.0;11;1453.0;4;-4;306.0;11;-660.0;-478.0
635.0;20;?;-6;6;305.0;20;?;-478.0
?;28;793.0;11;-11;303.0;28;?;-479.0
645.0;?;?;19;-19;303.0;37;-678.0;?
644.0;29;-238.0;-26;26;304.0;29;-685.0;-488.0
642.0;26;-682.0;-19;19;306.0;26;-688.0;-496.0
638.0;27;-690.0;3;-3;311.0;27;?;-506.0
634.0;24;156.0;-3;?;316.0;?;-689.0;-516.0
626.0;-8;-87.0;?;-19;?;-8;-691.0;-517.0
621.0;-10;-208.0;?;-20;323.0;-10;-690.0;-520.0
?;68;?;?;19;328.0;68;-692.0;-519.0
610.0;44;-633.0;-56;56;333.0;?;-688.0;-521.0
608.0;-22;-614.0;-58;?;339.0;?;-682.0;-525.0
?;43;-445.0;-26;?;346.0;43;-674.0;-527.0
618.0;41;-329.0;-24;?;?;41;-666.0;-528.0
625.0;-42;-296.0;-27;27;361.0;?;-661.0;-529.0
631.0;-5;?;7;-7;368.0;-5;-656.0;-533.0
637.0;-38;-303.0;0;0;377.0;?;?;-540.0
640.0;-45;-116.0;-47;47;387.0;-45;-641.0;-549.0
642.0;-55;312.0;34;-34;396.0;?;-632.0;?
647.0;-21;?;32;-32;?;-21;-621.0;?
653.0;-42;1065.0;?;40;?;?;-613.0;-571.0
664.0;-171;?;?;0;423.0;-171;-603.0;-574.0
678.0;?;?;?;174;?;-53;-591.0;?
?;-1718;1428.0;375;-375;439.0;?;-579.0;-578.0
707.0;-4344;1560.0;1741;-1741;445.0;-4344;-567.0;-580.0
?;-4475;1970.0;2718;-2718;452.0;-4475;-555.0;-583.0
745.0;-3429;2361.0;3148;-3148;458.0;-3429;-543.0;-585.0
767.0;?;2694.0;3182;?;?;-3006;-532.0;-587.0
788.0;-2527;?;3166;?;468.0;-2527;-526.0;-590.0
806.0;-2149;2929.0;2399;-2399;473.0;-2149;-523.0;-593.0
818.0;-2161;2886.0;1286;?;478.0;-2161;-527.0;-596.0
823.0;-2264;2795.0;690;-690;483.0;?;-536.0;?
?;-2348;2632.0;?;114;489.0;-2348;-551.0;?
817.0;-2321;?;-616;616;496.0;-2321;-568.0;-610.0
808.0;-2458;2278.0;?;1120;504.0;?;-586.0;?
798.0;-2568;?;-1783;1783;512.0;-2568;-602.0;?
?;-2156;2002.0;-1561;1561;?;?;-617.0;?
768.0;-1995;1731.0;-1442;?;?;-1995;-634.0;-642.0
753.0;-2230;1352.0;-2247;2247;537.0;-2230;?;-653.0
740.0;-1605;1367.0;-2222;?;548.0;-1605;-648.0;-661.0
732.0;-428;?;-598;598;560.0;-428;-644.0;-669.0
728.0;181;1408.0;300;-300;?;181;-638.0;-675.0
729.0;690;1138.0;1026;-1026;?;690;?;-680.0
733.0;1771;745.0;1998;-1998;592.0;1771;-617.0;?
738.0;2237;302.0;1303;-1303;604.0;2237;-608.0;?
744.0;1347;-12.0;1007;-1007;?;1347;-599.0;-683.0
749.0;1023;?;811;?;?;?;?;-682.0
754.0;939;?;-25;25;637.0;939;-581.0;-680.0
758.0;213;-454.0;69;?;646.0;213;-571.0;?
?;122;-513.0;?;-115;653.0;122;?;-680.0
764.0;179;-414.0;?;-15;660.0;179;-559.0;-679.0
766.0;63;-374.0;?;-50;664.0;?;?;-679.0
768.0;123;-265.0;72;-72;670.0;123;-552.0;?
768.0;70;-177.0;155;-155;673.0;70;?;?
768.0;17;?;122;-122;675.0;17;-552.0;-682.0
?;35;-79.0;77;-77;675.0;?;-554.0;-683.0
762.0;41;?;?;-118;673.0;41;?;-685.0
757.0;?;?;?;?;669.0;61;-560.0;-687.0
753.0;?;-34.0;186;-186;664.0;51;-565.0;-688.0
747.0;-7;-95.0;173;-173;658.0;-7;-568.0;-690.0
742.0;-4;15.0;255;-255;?;?;-572.0;-686.0
?;-11;240.0;?;-355;657.0;-11;-573.0;-684.0
745.0;5;?;459;?;656.0;5;-572.0;-683.0
747.0;98;?;543;?;652.0;98;-570.0;-687.0
747.0;93;?;709;-709;649.0;93;?;-691.0
747.0;177;128.0;?;-1208;647.0;177;-565.0;?
?;687;?;2687;?;647.0;687;?;-694.0
?;1335;-32.0;4514;?;647.0;1335;-565.0;-695.0
?;?;-17.0;?;-5645;648.0;2066;?;-697.0
747.0;2813;100.0;?;-5924;648.0;2813;-561.0;-699.0
?;2539;271.0;2940;-2940;648.0;2539;-558.0;-700.0
748.0;?;337.0;711;-711;649.0;?;?;-700.0
747.0;2070;294.0;780;-780;650.0;2070;-555.0;-700.0
?;1112;200.0;-1908;?;651.0;?;-555.0;?
743.0;-310;100.0;-3272;3272;653.0;-310;-554.0;?
741.0;-979;-21.0;-3114;3114;653.0;-979;-554.0;?
740.0;-1392;?;-3893;3893;653.0;-1392;-552.0;-701.0
740.0;?;-200.0;-4031;4031;657.0;-1431;-550.0;-700.0
741.0;?;-279.0;-4082;4082;661.0;-1615;-546.0;-697.0
742.0;-2536;?;?;3479;?;-2536;-540.0;-694.0
?;?;-374.0;-3095;3095;?;-2795;-536.0;-692.0
?;-2684;-730.0;-3329;3329;674.0;-2684;-539.0;?
745.0;?;-583.0;?;2621;683.0;-2538;?;?
743.0;?;138.0;-1727;1727;681.0;-2031;-517.0;-687.0
743.0;-1329;637.0;-1071;1071;682.0;-1329;-509.0;-679.0
746.0;?;436.0;814;-814;?;-341;-508.0;-672.0
?;?;79.0;2328;-2328;690.0;-869;-512.0;-667.0
754.0;?;-59.0;2278;-2278;693.0;-2267;-519.0;-665.0
755.0;?;-296.0;?;-4264;696.0;-1070;-528.0;?
754.0;1045;-355.0;5111;-5111;696.0;1045;-534.0;-660.0
?;1171;-338.0;1622;?;696.0;?;-535.0;-660.0
755.0;?;-269.0;-121;121;696.0;806;-534.0;-660.0
757.0;630;-234.0;?;-82;696.0;?;-532.0;?
759.0;537;-366.0;-118;118;696.0;537;?;-661.0
761.0;?;-416.0;?;-20;696.0;493;-533.0;?
762.0;125;-494.0;9;-9;?;125;-535.0;-662.0
763.0;48;-543.0;?;-121;695.0;48;-536.0;?
764.0;82;-511.0;93;-93;693.0;82;-535.0;-667.0
766.0;15;-399.0;56;-56;692.0;15;?;-669.0
769.0;33;-278.0;?;?;691.0;?;-536.0;-669.0
771.0;49;?;37;-37;691.0;?;-536.0;-670.0
?;48;116.0;?;?;690.0;48;-534.0;-673.0
774.0;81;384.0;?;-92;691.0;81;-533.0;-675.0
?;?;586.0;406;-406;689.0;78;-533.0;-677.0
762.0;36;735.0;323;-323;?;36;-535.0;-686.0
?;?;1189.0;1365;-1365;684.0;207;-534.0;-684.0
738.0;126;1681.0;1196;-1196;688.0;126;-531.0;-683.0
721.0;208;?;1572;-1572;689.0;208;?;-684.0
700.0;1024;?;4656;-4656;692.0;1024;-533.0;-684.0
676.0;?;?;4161;?;?;?;-536.0;?
650.0;367;2739.0;3409;?;702.0;367;?;-682.0
?;?;?;1940;-1940;?;223;-545.0;?
596.0;475;2899.0;?;1874;709.0;?;-547.0;-683.0
569.0;1045;2739.0;-2737;2737;708.0;1045;-546.0;?
542.0;493;2625.0;-3279;3279;708.0;493;-545.0;-691.0
519.0;-2221;2395.0;-3173;3173;707.0;-2221;?;-694.0
497.0;-4057;2246.0;-1072;1072;704.0;-4057;-544.0;-699.0
475.0;?;1909.0;-75;?;?;?;?;-703.0
452.0;-4421;1541.0;?;-146;?;-4421;-538.0;?
433.0;-562;1274.0;?;-332;702.0;?;-529.0;-704.0
421.0;-568;?;-60;60;706.0;-568;?;-699.0
415.0;-1174;535.0;-27;27;714.0;-1174;-507.0;-690.0
411.0;-833;180.0;?;-171;716.0;?;?;-685.0
397.0;?;-120.0;119;-119;716.0;-886;-498.0;-681.0
378.0;?;?;264;-264;717.0;-162;-499.0;-674.0
?;-49;340.0;54;-54;?;-49;-489.0;-665.0
?;?;373.0;-166;166;?;-55;-479.0;?
337.0;-6;127.0;-149;149;721.0;-6;-474.0;-646.0
324.0;-59;?;-110;110;721.0;-59;?;-636.0
312.0;71;295.0;-68;68;723.0;71;-450.0;-623.0
304.0;100;517.0;28;-28;726.0;?;?;-609.0
298.0;?;627.0;180;-180;731.0;109;?;-595.0
294.0;109;667.0;202;-202;735.0;109;?;-580.0
290.0;118;641.0;159;-159;736.0;118;-402.0;-567.0
287.0;117;?;146;-146;?;117;-397.0;-552.0
280.0;127;210.0;153;-153;741.0;127;?;-539.0
275.0;112;53.0;145;?;744.0;112;-382.0;-528.0
272.0;24;-136.0;102;-102;746.0;24;-380.0;-521.0
264.0;19;-184.0;?;?;747.0;19;?;-519.0
?;60;-55.0;20;-20;748.0;?;-369.0;-512.0
251.0;24;85.0;-10;10;750.0;24;-364.0;-506.0
253.0;28;42.0;-53;53;753.0;28;-361.0;-502.0
252.0;67;?;-123;?;757.0;?;-359.0;-498.0
252.0;24;-70.0;-34;34;?;?;-359.0;-494.0
251.0;-9;?;107;-107;762.0;?;-359.0;-491.0
252.0;9;14.0;77;-77;764.0;9;?;-488.0
248.0;-15;56.0;11;-11;?;-15;?;-484.0
245.0;-61;51.0;51;-51;768.0;-61;-355.0;-482.0
241.0;13;164.0;?;-10;770.0;13;-355.0;-480.0
234.0;?;254.0;-169;?;771.0;?;-354.0;-478.0
?;52;282.0;?;209;772.0;52;-351.0;-475.0
223.0;3;245.0;-98;98;?;3;-348.0;-474.0
217.0;57;207.0;?;?;?;57;-346.0;-471.0
214.0;21;?;-58;58;773.0;21;?;-469.0
210.0;18;?;-44;44;772.0;18;-344.0;-470.0
?;94;142.0;-122;?;771.0;94;?;-470.0
206.0;70;9.0;-217;217;769.0;70;-345.0;-470.0
201.0;91;-113.0;?;240;?;91;-345.0;-472.0
198.0;36;-182.0;-239;239;768.0;?;?;?
197.0;-147;?;-299;?;768.0;-147;?;?
198.0;-179;?;-287;?;768.0;-179;-351.0;-477.0
206.0;-100;425.0;?;265;767.0;?;-360.0;-480.0
?;43;767.0;?;509;765.0;43;-371.0;-483.0
224.0;297;1247.0;-711;?;762.0;?;-383.0;-487.0
232.0;809;1389.0;-924;924;760.0;809;-394.0;-491.0
238.0;1507;1226.0;?;951;759.0;1507;?;-497.0
244.0;1805;853.0;-780;780;?;1805;-417.0;-504.0
249.0;1779;608.0;?;818;758.0;1779;-423.0;?
259.0;?;208.0;-361;361;759.0;?;-426.0;-518.0
272.0;?;?;?;-77;?;1983;-425.0;-525.0
286.0;2175;-249.0;-44;44;?;2175;-417.0;?
304.0;2450;?;56;?;?;2450;-408.0;-533.0
325.0;?;?;88;-88;?;?;?;-537.0
344.0;?;-1305.0;-439;439;?;2880;?;-541.0
359.0;2432;-1677.0;-996;996;778.0;2432;?;?
?;2105;-2071.0;?;1179;?;?;?;?
379.0;2097;-2436.0;-1238;1238;788.0;2097;-299.0;-544.0
386.0;2225;-3028.0;?;1705;792.0;2225;-263.0;-545.0
390.0;2560;-3383.0;-1435;1435;796.0;2560;-229.0;-547.0
391.0;1484;-3223.0;-328;?;796.0;?;?;?
399.0;?;-2861.0;-555;555;796.0;?;?;?
?;60;-2262.0;-216;216;797.0;?;-166.0;-565.0
416.0;-294;-1634.0;733;-733;797.0;-294;?;-571.0
?;-304;-1148.0;244;?;797.0;-304;-168.0;?
440.0;-199;-774.0;47;-47;?;-199;-174.0;-582.0
448.0;?;?;?;-131;797.0;-119;-182.0;-587.0
?;-85;-135.0;19;-19;796.0;-85;-193.0;-593.0
468.0;-53;-40.0;65;-65;794.0;-53;-204.0;-597.0
480.0;2;?;?;-65;792.0;2;-216.0;-600.0
495.0;?;104.0;67;-67;790.0;-5;?;-603.0
514.0;?;82.0;41;-41;788.0;?;?;-604.0
534.0;-16;108.0;47;-47;785.0;-16;-270.0;-605.0
554.0;-25;39.0;79;?;781.0;?;-290.0;-605.0
576.0;14;?;?;-129;776.0;14;-312.0;-605.0
598.0;21;-94.0;111;-111;771.0;?;-333.0;?
617.0;-38;?;58;-58;?;?;-355.0;-601.0
636.0;-38;-184.0;?;-96;755.0;?;-377.0;?
653.0;?;-55.0;128;-128;742.0;55;-399.0;?
?;28;-57.0;168;-168;727.0;?;-423.0;-603.0
687.0;-22;-16.0;239;-239;709.0;-22;-446.0;?
705.0;-7;54.0;289;?;?;-7;-468.0;-606.0
721.0;-25;-89.0;340;-340;674.0;-25;?;-603.0
?;40;-180.0;463;?;659.0;40;-502.0;-600.0
742.0;155;-245.0;766;-766;?;155;-517.0;-597.0
749.0;333;-318.0;?;-1154;?;333;-530.0;-597.0
754.0;221;-291.0;1719;-1719;?;221;?;-597.0
755.0;132;-161.0;3489;-3489;602.0;132;-554.0;-602.0
754.0;?;-156.0;5983;-5983;590.0;?;-568.0;?
752.0;-229;-298.0;7240;-7240;?;-229;-580.0;-603.0
749.0;1608;-395.0;6333;-6333;573.0;1608;-590.0;-601.0
?;2330;-523.0;?;-2520;568.0;2330;-598.0;?
740.0;2837;-821.0;-2120;2120;564.0;2837;-604.0;-596.0
738.0;3942;-858.0;-4194;4194;561.0;3942;?;-596.0
737.0;2297;-863.0;-4282;?;559.0;2297;?;-597.0
738.0;-143;-700.0;-4087;?;559.0;-143;-603.0;?
740.0;-1922;?;-3815;3815;561.0;-1922;-600.0;-597.0
?;-3516;-249.0;-3367;3367;563.0;-3516;-596.0;?
747.0;-4054;-134.0;-3105;3105;568.0;?;-590.0;-599.0
?;-3577;-239.0;-3449;3449;575.0;?;-582.0;-599.0
757.0;-3169;-205.0;-3820;3820;580.0;?;-573.0;-598.0
761.0;?;-415.0;-3932;3932;585.0;-3078;-564.0;?
763.0;-2705;-407.0;-3885;3885;601.0;?;-554.0;-592.0
763.0;?;?;-1840;1840;612.0;-3083;?;-592.0
757.0;?;?;192;?;?;-4038;-535.0;-594.0
505.0;6;-1905.0;60;-60;849.0;6;-414.0;-494.0
510.0;-12;-1922.0;219;-219;864.0;-12;-421.0;-456.0
520.0;-31;?;?;-300;877.0;?;-430.0;?
532.0;?;-596.0;237;-237;?;-76;?;-381.0
540.0;?;293.0;?;-36;890.0;?;-443.0;-348.0
544.0;-293;803.0;262;-262;892.0;-293;-441.0;-321.0
547.0;-1934;800.0;1465;-1465;893.0;-1934;-436.0;?
546.0;-3816;?;2129;-2129;894.0;-3816;-432.0;-282.0
540.0;-4491;334.0;2392;-2392;895.0;-4491;-425.0;?
532.0;-4228;213.0;2066;-2066;?;-4228;-415.0;-249.0
525.0;-2692;242.0;193;-193;894.0;-2692;-401.0;?
518.0;-812;?;?;?;892.0;-812;?;-221.0
514.0;?;304.0;-17;17;892.0;-186;-370.0;?
?;?;297.0;238;-238;890.0;?;-355.0;?
507.0;44;?;?;-46;?;?;-342.0;?
503.0;-32;260.0;25;-25;889.0;-32;?;-173.0
499.0;11;149.0;39;-39;887.0;11;?;?
494.0;5;120.0;-16;16;886.0;5;-301.0;-153.0
489.0;?;303.0;-23;23;?;-30;-281.0;-150.0
?;-4;243.0;-28;28;887.0;-4;-269.0;?
?;-15;87.0;-19;19;887.0;-15;-258.0;-139.0
474.0;?;?;-27;27;887.0;-17;?;?
475.0;-62;367.0;?;53;888.0;-62;-236.0;-128.0
?;-73;?;-50;50;890.0;-73;-233.0;?
477.0;-59;-81.0;?;?;?;-59;-229.0;-119.0
477.0;-72;?;-21;21;893.0;-72;-217.0;-111.0
476.0;-40;331.0;14;-14;895.0;?;-204.0;-105.0
?;?;241.0;?;35;899.0;6;-201.0;-102.0
478.0;-20;?;?;10;901.0;-20;-196.0;-98.0
?;-54;151.0;28;-28;903.0;-54;-188.0;-93.0
479.0;-49;293.0;16;-16;905.0;-49;?;-90.0
481.0;?;300.0;-1;1;907.0;-17;-173.0;-90.0
482.0;?;741.0;-12;12;909.0;25;?;-92.0
?;25;?;20;-20;913.0;?;-142.0;?
493.0;-2;1680.0;?;?;918.0;?;?;-105.0
?;-11;1865.0;-29;29;922.0;-11;-117.0;-114.0
503.0;-25;1458.0;-15;15;926.0;-25;?;-122.0
?;-15;847.0;?;6;?;-15;?;?
506.0;8;427.0;5;-5;930.0;8;-109.0;-135.0
513.0;5;?;-5;5;?;?;-118.0;-140.0
518.0;-1;-684.0;-74;74;931.0;-1;-136.0;-146.0
?;-29;-973.0;?;0;?;-29;-152.0;?
524.0;?;?;16;-16;930.0;-31;-164.0;-155.0
520.0;-32;-540.0;?;?;?;-32;-178.0;-160.0
512.0;?;170.0;16;-16;?;?;-173.0;?
509.0;-15;517.0;-13;13;926.0;-15;-182.0;-172.0
507.0;11;174.0;14;-14;925.0;11;?;-181.0
508.0;-47;-235.0;-1;?;924.0;-47;-205.0;-190.0
500.0;-69;-205.0;23;?;923.0;-69;-210.0;?
497.0;-56;-125.0;15;-15;921.0;-56;-207.0;-205.0
494.0;-112;-153.0;-34;34;920.0;-112;-211.0;-213.0
490.0;-168;-32.0;?;43;919.0;-168;-213.0;-222.0
487.0;-199;-45.0;-77;77;917.0;-199;-215.0;-231.0
485.0;-255;-22.0;?;37;916.0;-255;?;-241.0
484.0;-289;?;-205;205;914.0;-289;-217.0;-251.0
?;?;-86.0;?;118;913.0;-247;-216.0;-261.0
486.0;?;-104.0;?;407;912.0;331;-216.0;-273.0
?;1441;-105.0;-1214;1214;910.0;?;-216.0;-284.0
494.0;1920;-108.0;-1027;?;?;1920;-215.0;?
499.0;1179;-146.0;-705;705;907.0;1179;?;-305.0
507.0;-195;-198.0;-4;4;?;?;-212.0;-315.0
520.0;-1070;-530.0;1388;?;902.0;-1070;?;-325.0
541.0;-814;?;809;-809;900.0;-814;-231.0;-335.0
?;78;-1370.0;-494;?;897.0;78;?;-344.0
565.0;517;-1220.0;?;8;895.0;517;-263.0;-353.0
564.0;39;?;177;-177;893.0;39;-271.0;-361.0
556.0;?;53.0;?;186;890.0;-79;-276.0;?
558.0;-156;?;139;-139;887.0;-156;-278.0;-376.0
561.0;-46;160.0;-50;?;885.0;-46;-289.0;-385.0
563.0;475;?;-207;207;883.0;475;-301.0;-392.0
563.0;106;?;283;-283;881.0;106;-308.0;-399.0
565.0;116;53.0;303;-303;879.0;116;-315.0;-403.0
?;-499;120.0;606;-606;879.0;-499;-320.0;-407.0
566.0;-1756;81.0;1154;-1154;877.0;-1756;?;-411.0
566.0;-1638;?;1106;-1106;?;-1638;-332.0;-414.0
566.0;?;87.0;812;-812;876.0;-1327;-337.0;-417.0
?;-703;79.0;3;?;875.0;-703;-342.0;-419.0
564.0;98;?;-526;526;875.0;?;-345.0;-420.0
?;306;142.0;?;640;875.0;306;-346.0;-421.0
561.0;?;220.0;-494;494;876.0;239;-344.0;?
560.0;51;469.0;30;-30;877.0;51;-338.0;?
?;-26;698.0;54;-54;878.0;-26;-331.0;?
557.0;15;1045.0;2;-2;879.0;15;-319.0;?
552.0;55;1360.0;25;-25;879.0;?;-301.0;-422.0
?;?;1696.0;-34;?;878.0;?;-279.0;-425.0
549.0;18;?;16;?;878.0;18;-263.0;-427.0
?;?;?;?;13;878.0;?;-255.0;-428.0
586.0;-26;?;-14;14;?;-26;?;-429.0
608.0;-19;182.0;27;-27;878.0;-19;-287.0;-428.0
?;?;-256.0;-30;30;?;-9;-316.0;-426.0
624.0;-23;-581.0;-103;103;?;-23;?;?
613.0;8;?;-83;?;881.0;8;-381.0;?
?;-15;-1282.0;-54;54;883.0;-15;-402.0;-409.0
571.0;-35;-2053.0;-86;86;885.0;?;-418.0;-398.0
553.0;-37;-2845.0;-100;?;?;-37;-430.0;-384.0
533.0;-26;-3260.0;-82;82;885.0;?;?;-368.0
527.0;-15;-3279.0;-72;72;882.0;?;-428.0;-346.0
518.0;?;-1936.0;-73;73;878.0;?;-404.0;-325.0
?;-16;-594.0;-55;55;878.0;?;-380.0;-310.0
519.0;2;-473.0;-18;18;879.0;2;?;-298.0
522.0;10;?;?;18;?;10;-379.0;-288.0
?;-9;-484.0;-19;?;881.0;-9;-373.0;-280.0
523.0;-28;-125.0;3;-3;882.0;-28;-364.0;-272.0
524.0;-13;13.0;-19;19;883.0;-13;-360.0;-267.0
522.0;-23;317.0;-43;43;?;-23;-354.0;-264.0
517.0;?;504.0;-6;6;886.0;-61;-348.0;-262.0
512.0;-56;295.0;19;?;887.0;?;-345.0;-261.0
506.0;-17;142.0;-19;?;888.0;?;-341.0;-261.0
505.0;?;-81.0;-63;63;?;-22;-339.0;-260.0
506.0;-36;-105.0;?;60;?;-36;-338.0;-260.0
510.0;-53;-170.0;-26;26;887.0;-53;-336.0;-261.0
?;-71;-380.0;-18;18;886.0;-71;-337.0;-263.0
530.0;?;-135.0;-33;?;885.0;-6;-341.0;-267.0
537.0;-21;-127.0;-29;29;884.0;?;-343.0;-273.0
550.0;-54;-272.0;-40;?;884.0;-54;-349.0;-280.0
558.0;-27;185.0;-54;54;882.0;-27;-355.0;?
558.0;-46;388.0;-78;78;?;-46;-354.0;?
552.0;-21;637.0;-114;?;?;?;-345.0;-303.0
547.0;-67;822.0;-47;47;877.0;-67;-339.0;-313.0
548.0;-37;?;-20;20;875.0;-37;-333.0;-324.0
550.0;?;1135.0;-52;52;874.0;40;-325.0;-335.0
553.0;?;1609.0;44;-44;872.0;-5;?;-347.0
558.0;37;2141.0;101;?;869.0;37;-298.0;?
566.0;60;2444.0;66;?;867.0;60;-290.0;-373.0
571.0;70;2408.0;95;-95;864.0;70;-286.0;?
575.0;86;2257.0;?;-95;861.0;86;-284.0;-399.0
574.0;52;2000.0;52;-52;858.0;52;-280.0;-411.0
?;79;1723.0;58;-58;855.0;?;-280.0;?
573.0;?;1430.0;59;-59;852.0;76;-282.0;-435.0
575.0;29;1283.0;53;-53;849.0;?;-287.0;-446.0
575.0;37;1208.0;28;-28;846.0;37;-293.0;-454.0
575.0;23;1113.0;6;-6;845.0;?;-297.0;-461.0
575.0;9;1029.0;48;-48;843.0;9;-305.0;?
?;26;881.0;58;-58;?;26;-309.0;?
570.0;-9;784.0;21;-21;838.0;-9;-310.0;?
568.0;-14;644.0;20;-20;836.0;-14;?;-484.0
569.0;?;508.0;?;-6;835.0;-38;-313.0;-488.0
?;?;372.0;?;-18;833.0;-76;-316.0;?
573.0;-91;276.0;?;-20;832.0;-91;-318.0;-496.0
?;?;109.0;-13;13;831.0;?;-319.0;-499.0
575.0;12;-26.0;35;-35;830.0;12;?;-502.0
575.0;30;-142.0;36;-36;829.0;30;-316.0;-505.0
576.0;?;-287.0;-24;?;828.0;65;-314.0;-508.0
579.0;58;-389.0;-33;33;827.0;58;?;-510.0
581.0;?;-327.0;-44;?;826.0;7;?;?
582.0;?;-299.0;-6;6;826.0;45;-306.0;-513.0
584.0;6;-222.0;?;?;825.0;?;?;-514.0
587.0;17;-195.0;63;-63;826.0;17;-299.0;?
589.0;51;-234.0;44;?;?;51;-295.0;-517.0
590.0;-1;-323.0;?;-49;826.0;-1;?;-517.0
593.0;10;?;61;-61;?;10;-286.0;-518.0
596.0;26;?;79;-79;826.0;26;-285.0;-518.0
600.0;15;?;38;-38;?;15;-286.0;-518.0
602.0;19;7.0;25;-25;?;19;-287.0;-519.0
?;4;?;20;-20;827.0;?;?;?
602.0;?;174.0;?;-9;827.0;-3;-289.0;?
603.0;16;322.0;29;-29;827.0;16;-290.0;-518.0
603.0;16;351.0;28;-28;?;16;-291.0;-517.0
604.0;25;324.0;11;-11;827.0;?;?;?
605.0;76;333.0;?;19;827.0;76;-293.0;-518.0
606.0;194;?;61;?;827.0;194;-295.0;?
608.0;304;?;84;-84;827.0;304;-297.0;-518.0
?;254;-27.0;11;-11;827.0;254;?;?
612.0;105;-188.0;126;-126;827.0;105;-298.0;-518.0
617.0;?;?;?;?;828.0;?;?;?
625.0;76;-611.0;193;?;829.0;76;?;-516.0
632.0;?;?;235;?;?;270;-312.0;-516.0
633.0;503;-2466.0;232;-232;?;503;-321.0;-515.0
621.0;?;-2866.0;?;-219;830.0;771;-322.0;?
?;891;-2429.0;217;-217;831.0;891;-317.0;-513.0
572.0;1091;?;23;-23;832.0;?;?;-511.0
547.0;?;-1630.0;-178;178;833.0;?;-301.0;-507.0
527.0;527;-1363.0;-484;?;?;527;-300.0;-504.0
507.0;?;-1282.0;-593;593;834.0;-1072;-307.0;?
485.0;-926;?;-601;601;836.0;?;?;-498.0
476.0;-1514;-1103.0;-101;101;837.0;-1514;?;-493.0
473.0;-1612;-1119.0;1050;-1050;837.0;-1612;-328.0;?
472.0;-390;?;163;-163;838.0;-390;-331.0;-485.0
475.0;36;-409.0;-718;?;837.0;36;-332.0;-482.0
476.0;-88;276.0;232;-232;836.0;-88;-322.0;-480.0
479.0;-27;98.0;266;-266;837.0;-27;-321.0;-478.0
482.0;28;?;-1;1;838.0;28;-322.0;-476.0
?;3;?;45;-45;838.0;3;-324.0;-475.0
?;-11;481.0;15;-15;838.0;-11;-329.0;-474.0
492.0;5;254.0;18;-18;839.0;?;-330.0;-473.0
491.0;23;97.0;?;?;840.0;23;-332.0;-473.0
489.0;-24;109.0;15;?;839.0;-24;-331.0;-472.0
?;?;70.0;?;?;839.0;-30;-332.0;-472.0
487.0;-24;?;26;?;839.0;-24;-333.0;-470.0
486.0;-18;116.0;-19;19;840.0;-18;-334.0;?
484.0;-4;143.0;-13;?;839.0;?;-337.0;?
483.0;-17;143.0;33;-33;839.0;-17;-338.0;-463.0
481.0;-16;143.0;-39;?;839.0;-16;-340.0;-460.0
481.0;-28;163.0;-19;19;839.0;-28;-345.0;-455.0
480.0;-44;91.0;6;-6;839.0;-44;-349.0;-451.0
479.0;-22;17.0;?;?;?;-22;-354.0;-449.0
478.0;-20;-45.0;6;?;?;-20;-358.0;?
475.0;-24;-256.0;?;2;838.0;-24;-361.0;-441.0
472.0;3;-140.0;?;?;?;3;-360.0;-436.0
467.0;-15;-132.0;?;48;?;-15;-358.0;-431.0
467.0;-31;-155.0;?;21;839.0;?;-358.0;-425.0
469.0;5;-73.0;37;?;840.0;5;-363.0;-419.0
469.0;8;-56.0;39;-39;840.0;8;-365.0;?
466.0;-51;-111.0;69;?;839.0;-51;-366.0;-408.0
466.0;-70;-175.0;37;-37;838.0;-70;-367.0;?
?;?;-93.0;-32;32;837.0;-56;-369.0;-396.0
461.0;-91;-11.0;-20;?;835.0;-91;?;-391.0
458.0;-2;5.0;-79;79;834.0;-2;-362.0;?
456.0;107;-117.0;-161;161;?;?;?;-380.0
?;31;?;-88;?;830.0;31;?;-375.0
?;-9;-100.0;?;40;829.0;-9;-351.0;-370.0
448.0;?;-131.0;-93;93;828.0;35;?;-366.0
447.0;55;-164.0;-91;91;827.0;55;-345.0;?
448.0;55;?;-49;49;827.0;55;-343.0;?
450.0;43;-177.0;-60;60;825.0;43;-343.0;?
450.0;36;-864.0;-63;63;824.0;?;-328.0;-351.0
457.0;37;?;?;4;?;37;-320.0;?
458.0;14;-83.0;44;-44;825.0;14;-324.0;-349.0
458.0;?;-157.0;65;-65;?;?;-317.0;-347.0
457.0;?;-66.0;23;-23;?;-27;-310.0;-346.0
?;-17;235.0;?;0;825.0;-17;-305.0;-346.0
454.0;-26;106.0;27;-27;825.0;?;-304.0;-347.0
453.0;0;37.0;26;-26;?;?;-305.0;-348.0
448.0;?;-35.0;37;?;821.0;3;-306.0;-350.0
441.0;31;-136.0;-13;?;818.0;31;-307.0;?
436.0;8;-36.0;1;-1;?;8;?;-357.0
431.0;19;?;55;-55;807.0;19;-316.0;-364.0
422.0;-1;85.0;?;-37;800.0;-1;?;-374.0
?;-40;?;105;-105;?;?;-337.0;-384.0
402.0;156;1460.0;97;-97;779.0;156;-332.0;-396.0
380.0;-147;2220.0;196;?;766.0;-147;-301.0;-408.0
?;320;3290.0;322;-322;754.0;320;-255.0;-419.0
344.0;176;3942.0;1264;-1264;745.0;176;-220.0;-431.0
340.0;526;?;?;?;735.0;?;-206.0;-441.0
328.0;2276;3201.0;?;?;725.0;2276;-200.0;-452.0
305.0;-1768;2627.0;?;-1581;714.0;?;-190.0;-462.0
278.0;-5955;?;2476;?;701.0;-5955;-179.0;-469.0
251.0;?;2492.0;2685;-2685;?;-6166;-169.0;-474.0
225.0;-5704;2007.0;2576;-2576;676.0;?;-168.0;-479.0
196.0;-2991;1488.0;198;-198;663.0;?;?;-482.0
?;-1857;839.0;-1469;1469;650.0;-1857;?;-483.0
144.0;-2459;?;-1845;?;637.0;-2459;-126.0;-482.0
124.0;-2364;229.0;-2237;2237;625.0;?;-108.0;-480.0
108.0;-2693;?;-1861;1861;615.0;?;?;-475.0
97.0;-3139;170.0;-1088;?;605.0;-3139;-80.0;-469.0
87.0;-3117;280.0;-901;901;597.0;-3117;-74.0;-463.0
?;?;333.0;-769;769;588.0;?;-69.0;-456.0
67.0;-654;?;?;-673;?;-654;-63.0;-449.0
59.0;-348;206.0;?;-1034;?;-348;-58.0;-442.0
51.0;19;50.0;1475;-1475;568.0;19;-51.0;?
44.0;963;?;1232;-1232;561.0;963;-41.0;-432.0
38.0;983;?;?;-1027;555.0;983;-30.0;-429.0
34.0;680;-354.0;?;-4427;550.0;680;-19.0;-424.0
32.0;535;-355.0;2520;-2520;545.0;535;-12.0;?
32.0;?;-334.0;?;?;?;430;-7.0;-412.0
30.0;436;-216.0;214;-214;538.0;436;-4.0;-405.0
28.0;204;?;73;?;536.0;204;?;-398.0
25.0;23;-168.0;?;-63;534.0;23;?;?
23.0;28;-152.0;322;-322;532.0;28;?;?
21.0;2;-114.0;?;-116;531.0;2;13.0;-376.0
19.0;-10;-150.0;300;?;532.0;-10;19.0;-368.0
19.0;63;-153.0;271;-271;534.0;?;?;-360.0
?;?;-114.0;278;-278;536.0;46;29.0;-352.0
22.0;?;-59.0;194;-194;536.0;2;30.0;-345.0
?;86;-16.0;262;-262;539.0;?;31.0;-340.0
20.0;17;-142.0;324;-324;539.0;17;33.0;-338.0
9.0;84;?;?;-690;?;84;40.0;-328.0
-9.0;162;257.0;1137;-1137;520.0;162;55.0;-320.0
-24.0;?;527.0;?;-1675;511.0;361;64.0;-308.0
-39.0;808;480.0;3058;-3058;499.0;808;74.0;-299.0
-58.0;997;248.0;4683;-4683;487.0;997;87.0;-291.0
-77.0;?;?;6779;-6779;478.0;2504;101.0;?
-92.0;4124;104.0;7803;-7803;470.0;?;114.0;-286.0
-101.0;3014;175.0;4892;-4892;463.0;3014;?;-283.0
?;1340;153.0;-349;349;455.0;?;128.0;?
-119.0;1261;18.0;-3634;?;448.0;?;133.0;-276.0
-131.0;1539;-10.0;?;4032;?;1539;?;-273.0
-141.0;?;14.0;-4610;4610;440.0;607;149.0;-270.0
-149.0;-1432;2.0;-5299;?;438.0;-1432;154.0;-270.0
?;-2428;-65.0;-5047;5047;?;-2428;158.0;-272.0
-158.0;-2403;-112.0;-5067;5067;430.0;-2403;159.0;-270.0
-163.0;-3302;-136.0;-4899;4899;426.0;?;161.0;-268.0
-167.0;?;-336.0;-4800;4800;421.0;-3631;168.0;-276.0
-167.0;-2833;-457.0;-4884;4884;414.0;?;176.0;-277.0
?;?;-309.0;107;-107;343.0;-59;?;-171.0
-161.0;?;-157.0;801;-801;339.0;380;155.0;-167.0
?;79;-128.0;1588;?;?;79;169.0;?
-198.0;1651;-76.0;4387;-4387;317.0;1651;184.0;?
-218.0;?;-130.0;5962;-5962;305.0;3620;199.0;-140.0
-239.0;3368;-49.0;3876;-3876;293.0;3368;216.0;-131.0
-257.0;?;57.0;2986;-2986;279.0;3233;233.0;-121.0
?;896;11.0;?;-1071;265.0;?;?;-109.0
?;-1222;75.0;?;?;251.0;?;262.0;-95.0
-312.0;-827;50.0;-2303;2303;?;-827;280.0;-83.0
-326.0;-1206;118.0;-2439;?;231.0;-1206;296.0;-73.0
-339.0;?;181.0;?;2997;225.0;?;309.0;-64.0
?;?;?;-2603;2603;223.0;-3500;?;-61.0
?;-2999;-5.0;-1824;1824;?;-2999;?;-55.0
?;-2788;-199.0;-1877;1877;216.0;-2788;336.0;-51.0
?;-2193;-282.0;-537;?;211.0;-2193;341.0;-48.0
-354.0;?;-436.0;?;?;?;-823;344.0;-47.0
-353.0;-86;-490.0;?;121;209.0;?;?;-44.0
-351.0;?;-382.0;12;-12;210.0;1116;?;?
?;1041;?;-1519;1519;212.0;?;336.0;-33.0
-360.0;205;-105.0;-1411;1411;215.0;205;327.0;-26.0
-367.0;217;-88.0;410;-410;217.0;217;314.0;?
-375.0;116;-134.0;-57;57;215.0;116;?;?
-386.0;?;?;-43;43;?;132;293.0;-2.0
?;85;39.0;?;?;212.0;85;?;9.0
-407.0;?;14.0;?;14;209.0;-17;268.0;20.0
?;8;-169.0;94;-94;207.0;?;?;?
-432.0;?;?;-54;54;207.0;?;250.0;42.0
-447.0;-35;-520.0;?;-23;?;?;?;55.0
-455.0;-26;-824.0;-4;4;199.0;-26;243.0;75.0
-452.0;-27;?;?;-2;190.0;?;241.0;99.0
-453.0;-20;-456.0;36;-36;?;-20;247.0;?
-451.0;?;-127.0;?;43;168.0;-16;?;154.0
-448.0;-15;46.0;-53;53;157.0;-15;264.0;179.0
-447.0;-16;14.0;9;?;146.0;-16;?;?
-445.0;-18;-82.0;12;?;141.0;-18;289.0;228.0
-439.0;23;-59.0;-33;33;?;23;?;?
-432.0;?;-12.0;?;?;136.0;32;298.0;253.0
-427.0;-14;-38.0;?;-40;132.0;-14;301.0;266.0
-426.0;?;-99.0;30;-30;130.0;?;?;275.0
?;?;-160.0;?;43;128.0;15;?;?
-421.0;-11;-196.0;-4;4;125.0;?;312.0;?
?;?;-293.0;19;-19;124.0;-20;315.0;293.0
-416.0;-9;-345.0;-15;15;124.0;-9;319.0;?
-415.0;-1;-305.0;-23;23;?;-1;323.0;?
-413.0;6;-317.0;-10;10;127.0;6;327.0;?
-411.0;?;-326.0;-13;13;?;5;329.0;?
-410.0;6;-238.0;-35;?;130.0;6;331.0;289.0
?;?;-192.0;-15;?;132.0;3;?;287.0
?;11;-159.0;-21;?;134.0;11;336.0;?
-402.0;?;-8.0;26;-26;?;-5;335.0;?
?;-12;269.0;47;?;?;-12;?;280.0
-400.0;15;433.0;-32;?;140.0;15;336.0;279.0
-400.0;?;278.0;9;-9;?;-22;336.0;278.0
-398.0;-56;?;51;-51;144.0;-56;?;?
?;-22;?;30;?;?;-22;339.0;276.0
-395.0;-2;-105.0;-25;25;?;-2;?;274.0
?;22;?;-10;10;149.0;22;340.0;?
-396.0;46;-117.0;48;?;151.0;?;340.0;268.0
-398.0;7;-199.0;-32;32;?;7;336.0;?
?;-18;-93.0;4;?;?;-18;?;265.0
?;?;154.0;57;?;155.0;-11;332.0;262.0
-396.0;0;262.0;18;-18;158.0;0;330.0;257.0
-389.0;17;417.0;?;-26;162.0;17;332.0;252.0
-376.0;?;773.0;-18;?;165.0;25;335.0;246.0
?;31;1452.0;-35;35;170.0;?;338.0;238.0
-363.0;-13;2288.0;24;-24;177.0;?;344.0;227.0
-377.0;-73;2981.0;86;-86;184.0;-73;358.0;217.0
-401.0;-89;3098.0;88;-88;190.0;-89;385.0;205.0
?;-88;2881.0;?;-32;?;-88;413.0;187.0
-411.0;?;2099.0;?;9;212.0;-96;432.0;?
-416.0;-147;1237.0;?;48;223.0;?;445.0;145.0
-415.0;-207;?;-52;52;232.0;-207;466.0;?
-411.0;-202;21.0;-44;44;?;-202;486.0;117.0
-402.0;-210;-249.0;-59;?;?;-210;498.0;?
-388.0;-255;-631.0;-65;?;?;-255;?;89.0
-378.0;-274;-347.0;-74;74;?;-274;489.0;77.0
-374.0;-200;-155.0;-49;49;276.0;?;479.0;65.0
-367.0;59;-184.0;40;-40;284.0;59;470.0;57.0
-363.0;233;-129.0;81;-81;289.0;233;457.0;52.0
-362.0;186;-101.0;?;?;294.0;186;440.0;48.0
?;239;-128.0;-22;?;299.0;239;420.0;44.0
-366.0;328;-126.0;-12;12;302.0;328;401.0;43.0
?;?;?;-20;20;304.0;226;?;45.0
-377.0;156;-231.0;14;-14;304.0;?;354.0;51.0
-384.0;175;?;17;-17;304.0;175;329.0;59.0
-390.0;123;-373.0;-2;2;302.0;123;300.0;69.0
-396.0;77;?;27;-27;302.0;?;270.0;80.0
-402.0;69;-489.0;19;-19;?;69;242.0;94.0
-414.0;64;-577.0;17;-17;292.0;64;?;112.0
-425.0;80;-617.0;4;-4;287.0;80;?;129.0
-431.0;80;-624.0;8;-8;284.0;80;205.0;140.0
-430.0;28;-562.0;66;-66;279.0;28;192.0;?
-427.0;?;-418.0;67;-67;274.0;67;?;?
?;94;-322.0;81;?;269.0;?;178.0;?
?;-105;-381.0;164;-164;263.0;-105;178.0;177.0
-421.0;?;-370.0;206;-206;?;-226;179.0;187.0
-425.0;-308;-264.0;287;-287;247.0;-308;?;193.0
-431.0;-224;-289.0;221;?;?;-224;?;200.0
?;109;-274.0;42;-42;229.0;109;?;208.0
-443.0;99;?;?;-77;220.0;?;194.0;217.0
-447.0;?;-179.0;69;?;212.0;-6;?;?
-454.0;23;-187.0;110;?;?;23;?;229.0
-458.0;12;-246.0;106;?;197.0;12;208.0;?
-462.0;41;-342.0;-1;1;191.0;41;212.0;239.0
-465.0;29;-365.0;?;-127;185.0;?;219.0;243.0
-469.0;-14;-407.0;160;-160;?;-14;224.0;246.0
-471.0;-7;-440.0;98;-98;?;-7;230.0;251.0
?;-5;-365.0;94;-94;170.0;-5;?;256.0
?;?;-382.0;32;-32;167.0;35;238.0;261.0
-469.0;65;-400.0;-38;38;165.0;65;241.0;265.0
?;29;-331.0;-47;47;?;29;244.0;?
-469.0;22;-337.0;22;-22;?;22;249.0;?
-466.0;-19;-88.0;32;-32;?;?;252.0;269.0
-466.0;-32;?;-14;14;166.0;-32;255.0;267.0
?;-34;-377.0;-23;23;?;-34;258.0;264.0
-466.0;-52;-232.0;-38;38;169.0;-52;259.0;259.0
-468.0;?;-41.0;?;103;?;28;258.0;255.0
-468.0;-9;90.0;-187;187;175.0;-9;264.0;250.0
-460.0;-127;120.0;-217;217;179.0;-127;275.0;?
-442.0;-72;701.0;-188;188;184.0;-72;279.0;238.0
-419.0;-13;745.0;-160;160;191.0;-13;283.0;230.0
-390.0;-36;403.0;-153;?;197.0;-36;281.0;?
?;-34;?;-97;97;202.0;-34;?;?
?;-101;-836.0;-14;?;?;-101;?;199.0
-291.0;-169;-1384.0;-8;?;211.0;-169;291.0;189.0
-265.0;-95;-1890.0;?;?;216.0;-95;306.0;179.0
-243.0;-65;-2232.0;62;-62;221.0;?;320.0;?
-226.0;-141;-2417.0;68;-68;225.0;-141;333.0;159.0
-215.0;-178;-2476.0;?;?;231.0;?;346.0;148.0
?;?;-2393.0;130;?;235.0;-183;369.0;?
?;-156;-2249.0;96;-96;238.0;-156;401.0;132.0
-204.0;-122;-2212.0;89;-89;244.0;-122;?;121.0
-201.0;-164;-1564.0;113;-113;250.0;-164;435.0;?
-195.0;-201;-1430.0;96;?;256.0;-201;450.0;102.0
-186.0;?;-747.0;-1;1;261.0;-163;461.0;101.0
-171.0;-217;-367.0;-11;11;268.0;?;464.0;93.0
-156.0;-301;215.0;-21;21;277.0;-301;?;84.0
-143.0;?;516.0;?;67;286.0;-252;445.0;74.0
-132.0;-212;553.0;-71;71;295.0;-212;433.0;66.0
-126.0;-401;629.0;-17;17;306.0;?;418.0;55.0
-126.0;-508;601.0;-42;?;?;?;?;?
-122.0;-878;311.0;?;97;334.0;-878;?;20.0
-111.0;-1811;370.0;6;-6;349.0;-1811;?;0.0
-96.0;-473;416.0;?;932;361.0;-473;353.0;?
-81.0;1403;253.0;-1568;1568;373.0;1403;327.0;?
-64.0;?;94.0;-263;263;?;607;302.0;?
-46.0;?;?;646;-646;396.0;208;276.0;-68.0
?;?;?;587;-587;406.0;519;248.0;-85.0
?;453;-175.0;243;-243;416.0;?;222.0;-102.0
7.0;1265;-252.0;?;60;424.0;1265;198.0;-119.0
22.0;2522;-281.0;-703;?;432.0;2522;176.0;?
?;?;975.0;-2060;2060;438.0;?;156.0;?
26.0;4523;1556.0;-2853;2853;446.0;?;141.0;-157.0
14.0;?;1515.0;-3090;3090;453.0;4158;152.0;-172.0
22.0;4357;1154.0;-2824;2824;?;?;157.0;-185.0
33.0;3672;793.0;-3319;3319;?;3672;146.0;-196.0
42.0;2322;351.0;-4243;4243;480.0;2322;132.0;-213.0
55.0;3074;-427.0;-3725;3725;492.0;?;120.0;-233.0
72.0;3393;?;?;3418;502.0;3393;110.0;?
91.0;?;?;?;4375;514.0;3519;97.0;-268.0
113.0;5141;-1572.0;-6228;6228;527.0;5141;?;?
139.0;4772;-1455.0;?;4154;539.0;4772;56.0;-304.0
168.0;3456;-1259.0;-187;?;552.0;3456;27.0;?
194.0;3241;-1158.0;218;-218;563.0;3241;-3.0;-339.0
217.0;1522;-1107.0;1617;-1617;573.0;1522;-31.0;-353.0
?;563;-1051.0;1572;-1572;582.0;563;-52.0;-364.0
?;882;-954.0;-237;?;591.0;882;-67.0;?
264.0;269;-863.0;?;8;599.0;269;-78.0;?
?;86;-771.0;-15;15;608.0;86;-88.0;-392.0
?;138;-604.0;-32;32;616.0;138;-95.0;-401.0
303.0;23;-571.0;79;-79;626.0;23;?;-411.0
318.0;10;-539.0;-28;28;636.0;10;-108.0;-421.0
?;-36;-602.0;?;-94;?;-36;-117.0;-432.0
354.0;-14;-615.0;129;-129;659.0;-14;-126.0;?
374.0;36;-671.0;47;-47;670.0;36;-137.0;-454.0
394.0;2;?;45;-45;680.0;2;-150.0;-467.0
417.0;?;?;104;-104;689.0;11;?;-479.0
439.0;?;-917.0;112;-112;697.0;94;-180.0;-490.0
459.0;100;-1175.0;70;-70;703.0;100;-196.0;?
478.0;?;-1263.0;?;-90;714.0;72;-213.0;?
495.0;?;-1400.0;?;-128;726.0;?;-230.0;-517.0
514.0;58;-1399.0;126;-126;?;58;-243.0;-526.0
534.0;237;-714.0;207;-207;741.0;237;-251.0;-536.0
549.0;323;-370.0;203;?;743.0;?;-262.0;-547.0
562.0;388;?;577;-577;744.0;388;-275.0;-560.0
?;627;-549.0;1578;-1578;746.0;627;-290.0;-573.0
593.0;1267;-416.0;2511;-2511;745.0;1267;-306.0;-587.0
608.0;2239;-286.0;3109;-3109;744.0;2239;-324.0;-601.0
621.0;2646;-289.0;2989;-2989;741.0;2646;-340.0;-614.0
632.0;?;-345.0;1897;-1897;739.0;2745;?;-627.0
642.0;2964;-413.0;814;-814;?;2964;-369.0;-638.0
?;2565;-455.0;270;-270;735.0;2565;-381.0;-648.0
663.0;1091;-595.0;-642;?;734.0;1091;?;?
?;-77;?;?;2251;735.0;-77;-405.0;?
?;638;-950.0;-3604;3604;734.0;638;-415.0;-666.0
702.0;1123;?;-3748;3748;732.0;1123;-426.0;-670.0
?;9;-1286.0;-2761;2761;732.0;9;-435.0;-672.0
727.0;-962;-1562.0;-1609;1609;732.0;-962;-443.0;?
741.0;-1087;?;-966;966;?;-1087;?;-671.0
756.0;-742;-2141.0;-710;710;736.0;-742;-453.0;-665.0
770.0;-484;-2439.0;-568;568;747.0;-484;-453.0;-653.0
785.0;?;-2299.0;?;508;?;-743;-444.0;?
?;-1171;-1743.0;133;-133;762.0;?;?;?
805.0;-1355;-1088.0;967;-967;767.0;-1355;-418.0;-622.0
813.0;-1405;-647.0;1320;-1320;775.0;-1405;?;-609.0
?;?;-183.0;1454;?;781.0;-1503;-385.0;-599.0
826.0;-1792;-3.0;863;-863;?;-1792;-376.0;-589.0
831.0;-2042;45.0;?;-919;795.0;-2042;-367.0;-577.0
835.0;?;?;1177;-1177;802.0;?;-356.0;-565.0
839.0;-1256;197.0;897;-897;?;-1256;-346.0;-556.0
842.0;?;?;940;?;813.0;-1325;-337.0;-548.0
844.0;-63;323.0;81;-81;?;-63;-327.0;-540.0
846.0;543;400.0;-179;179;824.0;?;-318.0;-531.0
?;?;415.0;72;-72;829.0;?;-310.0;-524.0
846.0;16;396.0;-217;217;833.0;?;-303.0;-518.0
844.0;-64;?;?;-44;?;-64;-299.0;?
839.0;?;303.0;15;?;?;188;-295.0;-510.0
834.0;282;?;-116;116;843.0;282;?;-508.0
828.0;150;?;-52;52;?;150;-286.0;-508.0
822.0;111;554.0;-124;124;846.0;111;-283.0;?
815.0;56;536.0;-102;102;847.0;56;-281.0;?
807.0;99;567.0;-43;43;?;?;?;-509.0
801.0;70;614.0;2;?;850.0;70;-272.0;-510.0
?;37;621.0;-2;?;851.0;?;-267.0;-511.0
782.0;36;?;-21;?;851.0;36;-263.0;-514.0
768.0;39;904.0;-3;?;851.0;39;-261.0;-518.0
749.0;17;1121.0;18;-18;850.0;17;?;?
724.0;-35;?;17;-17;851.0;-35;-268.0;-523.0
692.0;-5;1485.0;?;-9;852.0;-5;-274.0;-520.0
655.0;13;1647.0;3;?;856.0;13;-278.0;-512.0
615.0;3;1773.0;19;?;860.0;3;?;-503.0
?;21;1903.0;22;?;?;21;-275.0;?
539.0;-1;1902.0;-7;7;867.0;-1;-279.0;-483.0
504.0;-34;1730.0;?;14;871.0;?;-286.0;-472.0
471.0;-36;1560.0;-14;?;875.0;-36;-290.0;-460.0
446.0;-34;1288.0;?;?;877.0;-34;-298.0;-448.0
426.0;-48;?;-25;25;881.0;-48;-307.0;-436.0
413.0;29;700.0;14;-14;884.0;?;-313.0;-423.0
?;15;?;24;-24;887.0;15;-313.0;-410.0
400.0;17;547.0;?;-33;890.0;17;-312.0;-398.0
398.0;?;398.0;56;-56;894.0;?;-308.0;-386.0
395.0;-25;172.0;4;-4;899.0;-25;-302.0;-374.0
?;160;-11.0;109;-109;904.0;160;-294.0;-360.0
390.0;-115;-88.0;-36;36;?;-115;-285.0;-347.0
389.0;144;-153.0;130;-130;912.0;144;-276.0;-332.0
391.0;658;-181.0;1321;-1321;?;658;-269.0;-316.0
391.0;-1961;-222.0;1976;-1976;?;?;-262.0;-300.0
392.0;-3822;-258.0;1581;-1581;921.0;-3822;-258.0;-286.0
392.0;-2591;-222.0;509;-509;923.0;-2591;-254.0;-275.0
391.0;-1644;-206.0;-1033;1033;924.0;-1644;-251.0;?
388.0;-2218;?;-1522;?;?;-2218;-246.0;?
387.0;-3321;-101.0;-362;362;925.0;-3321;?;-252.0
?;-3670;-23.0;525;-525;?;-3670;-235.0;-248.0
387.0;-3772;8.0;21;-21;924.0;-3772;-228.0;-245.0
387.0;-2975;65.0;-45;45;922.0;?;?;-244.0
386.0;-1668;200.0;-66;66;919.0;-1668;-213.0;-244.0
385.0;-1674;165.0;273;-273;915.0;-1674;?;-244.0
383.0;-1206;?;1858;?;910.0;-1206;-199.0;-244.0
?;?;?;1731;-1731;904.0;?;-193.0;?
374.0;?;105.0;768;-768;898.0;?;-187.0;-244.0
370.0;346;184.0;488;-488;892.0;346;-182.0;-246.0
364.0;388;272.0;74;-74;?;388;-177.0;-247.0
356.0;367;387.0;9;-9;?;?;-172.0;-245.0
345.0;352;482.0;?;17;874.0;352;-166.0;-240.0
331.0;?;?;-22;22;868.0;229;-161.0;-234.0
?;?;645.0;-30;?;863.0;107;-154.0;?
300.0;180;589.0;-130;130;857.0;180;-143.0;-223.0
288.0;133;?;-91;91;?;?;-135.0;-216.0
276.0;?;?;-64;64;846.0;79;-128.0;?
?;97;393.0;-80;80;?;97;-121.0;-198.0
251.0;?;?;-89;89;835.0;97;-111.0;-188.0
?;107;429.0;-78;78;830.0;?;-102.0;-177.0
229.0;79;302.0;-94;94;826.0;?;-94.0;-161.0
218.0;38;238.0;?;86;822.0;?;-86.0;-142.0
207.0;77;?;-7;7;818.0;77;-76.0;-122.0
196.0;56;?;?;-29;813.0;?;-62.0;-101.0
188.0;-9;239.0;?;-17;?;-9;-51.0;?
182.0;-2;83.0;21;-21;803.0;-2;-47.0;-62.0
176.0;21;20.0;27;?;796.0;21;?;?
171.0;15;108.0;?;-15;790.0;15;-40.0;-27.0
165.0;15;244.0;15;-15;782.0;15;?;-9.0
?;35;?;?;?;775.0;35;?;8.0
157.0;20;311.0;?;-47;?;?;?;21.0
154.0;-31;166.0;?;-12;762.0;-31;-37.0;32.0
149.0;?;116.0;47;-47;755.0;-42;-36.0;?
145.0;-24;?;?;-98;750.0;-24;-31.0;?
141.0;-16;-48.0;63;?;?;-16;-26.0;55.0
135.0;-20;-38.0;30;-30;?;-20;-20.0;59.0
130.0;-75;26.0;?;-59;737.0;-75;-12.0;61.0
?;-38;?;28;-28;735.0;-38;-7.0;?
?;57;?;-57;57;733.0;?;-3.0;?
125.0;?;33.0;-117;117;733.0;79;1.0;68.0
125.0;?;-116.0;-118;118;732.0;79;9.0;?
129.0;71;?;-101;101;732.0;71;20.0;70.0
136.0;96;-262.0;-141;141;?;96;?;68.0
143.0;29;?;-44;44;736.0;29;34.0;?
149.0;?;-112.0;65;-65;738.0;-53;38.0;64.0
157.0;-47;?;26;-26;740.0;?;?;64.0
160.0;-99;-163.0;58;-58;742.0;?;36.0;65.0
161.0;-99;11.0;74;-74;743.0;-99;?;66.0
?;-87;2.0;65;?;?;-87;?;69.0
159.0;-115;60.0;56;?;?;-115;42.0;71.0
?;?;61.0;22;-22;746.0;-89;46.0;71.0
165.0;-77;?;27;?;748.0;-77;49.0;71.0
169.0;-78;?;11;-11;750.0;-78;52.0;?
172.0;?;145.0;?;-8;753.0;?;57.0;?
175.0;?;271.0;33;-33;755.0;-126;67.0;58.0
180.0;-117;502.0;51;-51;?;?;81.0;53.0
?;-127;703.0;29;-29;762.0;-127;?;48.0
201.0;-139;833.0;6;?;?;?;108.0;41.0
215.0;-54;1014.0;27;-27;767.0;?;120.0;36.0
?;-90;1163.0;-10;10;768.0;-90;129.0;31.0
228.0;-105;?;-48;48;?;-105;133.0;?
231.0;-15;?;-20;20;773.0;-15;134.0;10.0
233.0;?;920.0;11;?;774.0;?;136.0;0.0
?;-4;924.0;36;-36;774.0;-4;?;-11.0
241.0;-49;?;40;-40;775.0;-49;119.0;-25.0
?;?;743.0;20;-20;775.0;?;107.0;-39.0
243.0;-6;959.0;1;-1;775.0;-6;102.0;-53.0
241.0;2;984.0;33;?;773.0;2;104.0;-67.0
?;-70;1116.0;?;?;772.0;-70;?;?
239.0;?;1110.0;34;-34;769.0;-100;99.0;-101.0
237.0;-50;?;70;-70;765.0;?;97.0;-112.0
234.0;-200;1261.0;12;-12;759.0;?;?;?
226.0;-405;1379.0;188;?;754.0;-405;86.0;-121.0
?;-1016;1555.0;771;?;750.0;-1016;?;-127.0
203.0;-2108;1563.0;?;?;745.0;-2108;71.0;-134.0
188.0;-2149;1496.0;2800;-2800;740.0;-2149;64.0;-139.0
172.0;-794;1328.0;1091;?;734.0;-794;56.0;-145.0
155.0;335;1144.0;-1144;1144;728.0;335;?;-151.0
?;332;1099.0;-1692;1692;722.0;332;41.0;-157.0
117.0;?;966.0;-2217;2217;?;-239;37.0;?
96.0;-1161;1001.0;-1307;1307;708.0;-1161;?;?
?;?;850.0;1104;-1104;702.0;?;39.0;-172.0
65.0;329;437.0;1053;?;695.0;329;41.0;?
54.0;859;?;558;-558;690.0;859;48.0;-180.0
48.0;652;-478.0;755;-755;685.0;652;58.0;-186.0
48.0;671;-972.0;178;?;682.0;671;67.0;-190.0
?;150;-1513.0;?;-2;?;150;?;-193.0
72.0;-25;?;?;-14;680.0;-25;64.0;-194.0
91.0;122;-2884.0;58;-58;680.0;122;46.0;-196.0
?;?;-3499.0;180;-180;681.0;78;23.0;-198.0
116.0;91;-4032.0;105;?;681.0;?;?;?
133.0;220;-3837.0;84;-84;682.0;220;?;?
144.0;326;-3585.0;33;-33;684.0;?;-34.0;-176.0
147.0;240;-3613.0;-104;?;685.0;240;-47.0;-158.0
153.0;71;?;-14;14;689.0;71;?;-141.0
?;-39;?;118;-118;693.0;-39;-54.0;-127.0
172.0;4;-1605.0;63;-63;697.0;4;-41.0;?
178.0;131;-907.0;50;-50;700.0;131;?;-93.0
183.0;?;-467.0;201;-201;702.0;129;-7.0;?
185.0;64;162.0;310;-310;703.0;64;?;-66.0
192.0;158;728.0;171;-171;?;158;21.0;-56.0
?;199;932.0;174;-174;702.0;199;24.0;-47.0
205.0;40;1035.0;313;-313;699.0;40;?;-37.0
202.0;-34;?;?;?;?;-34;?;-32.0
196.0;?;?;?;?;?;-15;-5.0;-27.0
187.0;-65;745.0;18;-18;?;-65;-11.0;-17.0
175.0;-76;605.0;38;-38;683.0;-76;-13.0;-4.0
?;-22;541.0;-14;?;?;-22;-10.0;11.0
147.0;40;?;-124;124;671.0;40;-5.0;24.0
138.0;90;488.0;-143;?;?;90;-2.0;35.0
129.0;?;223.0;-28;28;660.0;41;-7.0;39.0
120.0;?;-26.0;10;-10;657.0;-48;-15.0;?
?;?;-31.0;-72;72;653.0;-31;-18.0;37.0
?;51;-104.0;-143;143;?;51;-23.0;37.0
82.0;90;?;-113;113;649.0;90;-27.0;34.0
68.0;?;-74.0;?;61;648.0;?;-28.0;?
58.0;-53;-215.0;-37;37;647.0;-53;-30.0;?
?;-26;?;-1;1;647.0;-26;-32.0;28.0
42.0;-10;-413.0;?;34;647.0;-10;-31.0;?
35.0;-10;-197.0;-22;22;649.0;-10;-22.0;25.0
29.0;10;228.0;24;-24;?;10;?;23.0
20.0;?;168.0;17;?;656.0;5;?;19.0
14.0;?;161.0;?;-18;?;?;6.0;13.0
9.0;?;350.0;8;-8;664.0;5;20.0;8.0
?;9;215.0;41;-41;668.0;9;36.0;?
15.0;-9;705.0;-61;61;672.0;?;47.0;0.0
20.0;?;843.0;-189;?;677.0;-40;53.0;-2.0
?;-23;90.0;-130;?;680.0;-23;44.0;-2.0
25.0;-13;-470.0;-137;?;681.0;-13;35.0;2.0
?;-56;?;-195;195;681.0;-56;29.0;8.0
?;?;-545.0;-215;215;679.0;?;28.0;18.0
-11.0;-77;-663.0;-190;190;675.0;-77;35.0;?
?;-41;-155.0;-173;173;?;-41;?;37.0
-20.0;-47;?;-96;96;672.0;-47;53.0;37.0
-24.0;-95;-197.0;?;?;673.0;-95;62.0;35.0
-23.0;-170;?;62;-62;675.0;-170;?;32.0
-14.0;-168;167.0;47;-47;679.0;-168;85.0;28.0
-5.0;?;500.0;20;-20;684.0;-170;87.0;22.0
9.0;-202;312.0;-52;52;689.0;?;88.0;16.0
24.0;-169;421.0;-33;33;696.0;-169;89.0;10.0
39.0;-166;?;?;33;?;-166;89.0;3.0
54.0;-135;469.0;-5;5;712.0;-135;87.0;-3.0
68.0;?;?;35;-35;720.0;-1;86.0;-9.0
?;27;596.0;41;?;729.0;27;86.0;-15.0
100.0;-2;?;58;-58;737.0;-2;?;-22.0
112.0;36;1037.0;37;?;745.0;36;?;-31.0
?;8;1152.0;32;-32;752.0;8;86.0;?
124.0;?;?;48;-48;757.0;-16;88.0;-67.0
?;6;1203.0;7;?;760.0;6;91.0;-91.0
?;-34;1386.0;-11;11;761.0;?;?;-115.0
?;?;1625.0;?;?;?;-24;88.0;?
?;55;1736.0;16;?;760.0;55;82.0;-170.0
116.0;64;1764.0;25;-25;?;64;?;-196.0
?;44;?;-51;51;?;44;62.0;-220.0
89.0;-1;1754.0;-55;55;742.0;-1;?;-245.0
79.0;-247;1475.0;174;-174;733.0;-247;28.0;-271.0
?;?;1279.0;?;-258;?;-733;9.0;-297.0
46.0;-1225;1195.0;139;?;709.0;-1225;?;-320.0
33.0;?;?;194;-194;696.0;?;-19.0;-339.0
?;-1217;811.0;293;-293;682.0;-1217;?;-350.0
8.0;?;680.0;250;-250;669.0;-1023;?;-358.0
-5.0;-707;635.0;?;-241;?;-707;-44.0;-364.0
-20.0;-324;634.0;?;-302;643.0;-324;?;-367.0
-36.0;-480;567.0;428;-428;629.0;-480;?;-368.0
?;-923;600.0;451;-451;616.0;?;-24.0;-366.0
?;-947;430.0;?;?;605.0;?;-12.0;-363.0
-65.0;-1175;246.0;605;-605;595.0;-1175;?;-359.0
-68.0;?;95.0;707;-707;587.0;-1771;9.0;-353.0
?;?;28.0;772;-772;581.0;-1562;?;-347.0
-70.0;-789;24.0;733;-733;575.0;-789;28.0;-343.0
-69.0;?;30.0;?;160;569.0;191;33.0;-339.0
-69.0;1489;24.0;428;?;563.0;1489;36.0;-335.0
?;1048;-28.0;656;-656;558.0;1048;39.0;-332.0
?;-214;11.0;?;?;?;-214;43.0;-328.0
-77.0;-61;13.0;187;-187;?;-61;?;-325.0
-83.0;?;-155.0;180;?;?;85;49.0;-323.0
-80.0;?;-513.0;-61;61;552.0;12;48.0;-319.0
-76.0;66;-1437.0;70;-70;?;66;?;-314.0
-65.0;37;-2242.0;-32;32;551.0;37;44.0;-308.0
-44.0;32;-2898.0;?;8;551.0;?;26.0;-300.0
-32.0;-4;-3364.0;56;-56;552.0;-4;3.0;-289.0
-31.0;?;-2903.0;4;-4;?;?;?;?
-28.0;5;?;24;-24;555.0;?;-29.0;?
?;-38;-2736.0;55;-55;555.0;-38;?;-241.0
-12.0;0;-2543.0;5;-5;?;0;-85.0;-217.0
-4.0;3;-2116.0;3;-3;545.0;3;-101.0;-182.0
-5.0;-15;?;48;-48;536.0;-15;-101.0;?
-9.0;-26;-847.0;65;-65;531.0;-26;-93.0;-103.0
?;-5;-36.0;-10;10;528.0;-5;-76.0;-73.0
-20.0;?;316.0;-28;?;528.0;?;-59.0;-51.0
-20.0;13;199.0;?;-4;529.0;13;?;-36.0
-19.0;-24;69.0;-5;5;530.0;-24;-31.0;-25.0
-19.0;-36;?;-3;3;530.0;?;?;-17.0
-18.0;21;-187.0;-21;21;?;21;2.0;-8.0
-11.0;?;31.0;-12;12;530.0;-3;15.0;-1.0
-5.0;?;126.0;-12;12;532.0;-29;26.0;?
4.0;?;110.0;-57;57;533.0;7;34.0;?
?;3;?;?;22;533.0;3;39.0;7.0
23.0;5;-218.0;17;-17;533.0;?;41.0;9.0
?;9;-125.0;?;28;534.0;9;47.0;9.0
33.0;5;-14.0;-14;?;534.0;5;55.0;9.0
37.0;?;?;15;?;535.0;31;?;8.0
41.0;?;-133.0;3;-3;535.0;13;68.0;?
46.0;-13;-218.0;-5;5;535.0;-13;72.0;5.0
51.0;14;51.0;?;?;?;14;?;3.0
58.0;3;-77.0;25;-25;536.0;3;82.0;3.0
?;-10;-61.0;43;-43;536.0;-10;82.0;2.0
75.0;-2;57.0;33;-33;536.0;-2;84.0;?
?;-4;-74.0;37;-37;?;-4;83.0;2.0
94.0;?;-145.0;26;-26;536.0;18;?;1.0
?;18;-49.0;26;-26;536.0;?;78.0;?
106.0;?;11.0;?;-42;536.0;?;?;0.0
109.0;-14;?;52;-52;537.0;?;66.0;?
109.0;-20;91.0;34;-34;537.0;-20;60.0;-2.0
?;?;52.0;14;-14;538.0;-24;52.0;-3.0
?;-26;-85.0;16;-16;?;-26;46.0;-4.0
108.0;-36;?;-8;8;538.0;-36;42.0;-5.0
108.0;-11;?;-49;49;539.0;?;39.0;?
111.0;-11;14.0;-50;50;?;-11;37.0;-8.0
115.0;-34;?;-39;39;541.0;-34;35.0;-9.0
119.0;-51;?;-16;?;542.0;-51;34.0;-12.0
122.0;-66;-17.0;-4;4;543.0;-66;33.0;-14.0
?;?;-44.0;?;23;544.0;-41;?;-19.0
?;-31;-23.0;-9;?;545.0;-31;37.0;-22.0
132.0;-31;?;-4;4;546.0;-31;39.0;?
?;?;-111.0;7;-7;?;20;39.0;-33.0
143.0;30;-190.0;28;-28;550.0;30;40.0;?
146.0;-15;-83.0;16;-16;552.0;?;?;?
146.0;?;81.0;25;-25;554.0;-3;49.0;-53.0
?;53;353.0;17;?;?;53;59.0;?
?;111;698.0;-4;?;555.0;111;?;-69.0
144.0;?;?;-1;1;?;107;?;-80.0
139.0;61;1235.0;-4;4;?;61;?;-91.0
?;47;1639.0;17;-17;?;47;104.0;?
137.0;46;1982.0;?;-69;541.0;?;?;-112.0
129.0;53;2266.0;85;-85;532.0;53;94.0;-119.0
108.0;25;2559.0;52;-52;?;25;81.0;?
?;6;2779.0;?;20;511.0;?;?;?
?;28;2908.0;-11;11;498.0;28;50.0;?
-25.0;-3;2836.0;55;-55;483.0;-3;34.0;-133.0
-76.0;-30;2426.0;18;-18;466.0;-30;17.0;-130.0
-135.0;-5;?;-3;3;450.0;-5;12.0;?
-192.0;-16;681.0;-7;7;?;-16;13.0;?
?;-8;-308.0;26;-26;409.0;-8;14.0;?
?;-22;-1282.0;?;-71;384.0;-22;20.0;-72.0
-323.0;-46;?;?;-140;356.0;-46;39.0;-43.0
?;-99;-1387.0;241;-241;330.0;-99;52.0;?
-337.0;?;-843.0;?;?;308.0;?;61.0;12.0
-337.0;?;-674.0;493;-493;289.0;-378;68.0;32.0
-337.0;122;-784.0;?;?;273.0;122;68.0;48.0
?;503;-659.0;829;-829;?;503;75.0;61.0
-351.0;542;-591.0;720;?;244.0;?;85.0;74.0
?;340;?;893;-893;232.0;340;?;85.0
-364.0;261;-324.0;423;?;222.0;?;?;93.0
-364.0;387;-171.0;?;-246;216.0;?;?;96.0
?;418;-119.0;-23;23;?;418;113.0;95.0
-361.0;?;?;-970;?;?;336;115.0;91.0
-359.0;435;-188.0;-1463;1463;211.0;435;?;87.0
-356.0;488;-77.0;?;1706;?;?;?;80.0
-349.0;6;?;-1286;1286;216.0;6;144.0;71.0
-334.0;-357;?;?;?;?;?;153.0;58.0
-313.0;-115;259.0;-636;636;?;?;?;40.0
?;?;327.0;-274;274;?;100;138.0;22.0
-264.0;?;240.0;?;?;263.0;?;129.0;2.0
-244.0;60;279.0;-58;58;278.0;60;124.0;-18.0
-227.0;58;79.0;74;-74;292.0;?;121.0;?
-216.0;0;-4.0;?;-3;304.0;0;122.0;-55.0
-215.0;-10;243.0;17;-17;317.0;?;135.0;-71.0
-211.0;?;578.0;?;34;332.0;?;145.0;-85.0
-204.0;?;615.0;-23;23;?;1;149.0;?
?;-9;265.0;30;-30;365.0;-9;150.0;-109.0
?;39;-198.0;73;-73;?;?;150.0;?
-163.0;30;?;44;?;397.0;30;149.0;-123.0
-149.0;-21;-839.0;7;?;413.0;?;147.0;-127.0
?;-15;-1336.0;6;-6;428.0;?;146.0;-129.0
?;?;?;-49;?;?;1;138.0;-131.0
-101.0;24;-147.0;-31;31;461.0;24;128.0;-131.0
-84.0;?;88.0;-41;41;477.0;18;115.0;?
-68.0;?;?;-36;36;494.0;24;104.0;-140.0
-51.0;35;89.0;18;-18;509.0;35;95.0;-147.0
-28.0;?;65.0;?;?;?;26;84.0;?
-4.0;41;?;-33;33;?;?;?;-160.0
13.0;?;-41.0;-54;54;549.0;-13;46.0;?
20.0;-27;-254.0;-56;56;558.0;-27;34.0;-177.0
24.0;38;-352.0;?;29;565.0;38;34.0;-183.0
32.0;?;-431.0;-33;33;?;?;35.0;-189.0
43.0;?;-408.0;-24;24;579.0;29;29.0;-195.0
57.0;?;?;-21;?;585.0;-35;21.0;?
?;?;-562.0;28;-28;?;-37;?;-210.0
86.0;4;-675.0;40;?;595.0;4;7.0;-215.0
101.0;-1;?;14;?;599.0;-1;-4.0;-219.0
114.0;-16;-691.0;?;-27;?;-16;-17.0;-223.0
?;-6;-827.0;19;-19;?;-6;-27.0;-227.0
135.0;?;-903.0;-9;9;605.0;?;?;?
142.0;7;-1065.0;-59;59;606.0;7;-49.0;-229.0
146.0;-18;-1220.0;-53;53;607.0;?;-59.0;-230.0
151.0;-41;-1302.0;-88;88;607.0;-41;-67.0;-230.0
156.0;-20;?;?;130;?;-20;-78.0;?
158.0;33;-1140.0;-51;51;605.0;33;-91.0;?
?;27;?;-58;58;?;27;?;-226.0
154.0;5;-1085.0;-82;82;603.0;5;-105.0;-225.0
154.0;34;-932.0;-76;76;?;?;-108.0;-223.0
?;?;?;-80;80;598.0;45;-100.0;?
?;36;239.0;-31;31;594.0;36;-75.0;-223.0
161.0;21;-609.0;-23;23;596.0;?;-81.0;-225.0
167.0;-25;-902.0;?;5;596.0;?;?;-225.0
176.0;-11;-305.0;5;-5;594.0;-11;?;?
?;-12;-34.0;-40;40;588.0;-12;?;-223.0
184.0;-34;?;-79;79;581.0;-34;-90.0;-220.0
190.0;-4;?;-42;?;573.0;?;-90.0;?
189.0;-2;-161.0;-82;82;563.0;-2;-78.0;?
195.0;-2;-235.0;-118;118;550.0;-2;-75.0;-201.0
200.0;?;-240.0;?;-118;535.0;23;?;-191.0
198.0;?;-306.0;-87;87;518.0;58;-65.0;-179.0
191.0;140;?;305;-305;496.0;140;-48.0;-164.0
176.0;639;61.0;?;?;472.0;?;-12.0;-146.0
155.0;2517;?;?;?;451.0;2517;27.0;-127.0
?;4306;552.0;1622;-1622;434.0;4306;?;?
121.0;1889;801.0;2338;-2338;421.0;1889;?;-106.0
106.0;?;1030.0;3927;-3927;408.0;-3850;83.0;-103.0
86.0;-5860;1077.0;3762;-3762;394.0;-5860;?;-99.0
?;-3159;1204.0;693;?;?;-3159;99.0;-91.0
25.0;-829;1387.0;-1487;1487;358.0;-829;115.0;-81.0
-17.0;?;1572.0;-2831;2831;336.0;-478;138.0;-68.0
-62.0;-1751;?;-2721;2721;316.0;-1751;161.0;-56.0
-104.0;-3455;1791.0;?;1241;295.0;-3455;181.0;-44.0
?;-4526;?;-1558;1558;275.0;-4526;197.0;-33.0
-170.0;-4735;1625.0;-1598;1598;258.0;-4735;209.0;?
-194.0;-4282;?;-1172;1172;237.0;-4282;?;-15.0
-220.0;-4132;1841.0;?;2080;?;-4132;?;2.0
-250.0;-2784;1689.0;?;283;202.0;?;242.0;14.0
-277.0;-2113;1657.0;?;?;190.0;-2113;?;?
-297.0;?;1611.0;?;?;177.0;-1867;270.0;31.0
-317.0;?;1490.0;5069;-5069;164.0;509;283.0;42.0
-336.0;1546;1319.0;729;-729;155.0;1546;294.0;?
?;1387;1079.0;-622;622;?;?;?;52.0
-363.0;?;904.0;?;-1157;142.0;1013;314.0;55.0
-371.0;197;688.0;-588;?;?;?;320.0;58.0
-375.0;120;437.0;202;-202;130.0;120;321.0;60.0
-378.0;?;242.0;153;-153;124.0;?;?;?
-380.0;?;-7.0;-204;204;?;?;317.0;68.0
-383.0;72;-144.0;118;-118;?;72;317.0;73.0
?;14;-274.0;-31;?;105.0;14;316.0;77.0
-386.0;79;-343.0;?;-72;99.0;?;?;83.0
-388.0;49;?;41;-41;93.0;49;318.0;88.0
-391.0;-24;-78.0;?;-5;88.0;-24;321.0;95.0
-395.0;8;114.0;20;-20;86.0;8;324.0;100.0
?;-9;299.0;56;?;86.0;-9;327.0;102.0
-404.0;-8;325.0;6;-6;85.0;-8;331.0;?
-414.0;28;275.0;26;-26;81.0;28;?;115.0
-428.0;51;437.0;79;?;79.0;51;348.0;114.0
-445.0;67;?;?;-177;66.0;67;358.0;129.0
?;?;769.0;416;-416;51.0;124;370.0;149.0
-490.0;?;781.0;?;-794;42.0;464;380.0;158.0
-512.0;316;?;2134;?;?;316;?;?
-529.0;1366;?;3435;-3435;28.0;1366;388.0;162.0
-543.0;2874;?;4138;-4138;16.0;2874;389.0;?
-556.0;3302;971.0;4493;-4493;4.0;?;388.0;183.0
?;4109;977.0;2649;-2649;?;4109;387.0;?
-581.0;1213;922.0;358;?;-9.0;1213;387.0;196.0
-588.0;-2292;636.0;-305;305;-13.0;?;388.0;?
-592.0;-2065;480.0;-915;915;-17.0;-2065;390.0;203.0
-593.0;?;?;-2039;2039;-18.0;?;390.0;207.0
?;?;-47.0;-3025;3025;-18.0;-2322;393.0;209.0
-591.0;-2283;-435.0;-3176;3176;-15.0;-2283;?;208.0
-588.0;-3029;?;-2588;?;-13.0;-3029;?;205.0
-581.0;?;-957.0;-1656;1656;?;-3059;400.0;202.0
-578.0;-2413;?;-994;994;-15.0;-2413;405.0;204.0
-575.0;?;-1472.0;?;1051;-14.0;-1668;411.0;205.0
-574.0;?;?;-1063;1063;-12.0;-862;?;208.0
?;-109;-1357.0;-668;?;-9.0;-109;417.0;212.0
?;1040;?;?;398;-1.0;1040;423.0;211.0
?;2362;-892.0;149;?;7.0;2362;426.0;?
-575.0;1761;-880.0;?;227;?;1761;?;209.0
-570.0;145;-680.0;-1124;1124;19.0;145;?;211.0
?;32;-481.0;?;?;24.0;32;?;213.0
-553.0;257;-356.0;?;-464;29.0;257;?;214.0
-551.0;24;-297.0;-38;38;35.0;24;410.0;212.0
-552.0;?;-247.0;?;-45;38.0;11;407.0;213.0
-553.0;-35;-156.0;108;-108;39.0;-35;404.0;216.0
-554.0;?;-102.0;?;-31;39.0;-68;403.0;?
-550.0;-39;-152.0;-10;?;38.0;-39;401.0;224.0
-547.0;-26;-229.0;8;?;35.0;?;399.0;?
?;-7;?;26;-26;?;-7;399.0;?
-531.0;-7;-540.0;3;-3;32.0;-7;397.0;242.0
-522.0;-5;?;?;?;31.0;-5;396.0;246.0
-511.0;?;-724.0;-2;2;30.0;-13;399.0;251.0
-500.0;-30;-635.0;-15;15;31.0;-30;?;257.0
-488.0;?;-618.0;?;38;36.0;-6;415.0;265.0
-474.0;-19;?;-15;15;45.0;?;?;?
-466.0;-17;-141.0;?;-3;52.0;-17;433.0;252.0
-459.0;-20;?;-58;?;?;-20;445.0;247.0
-453.0;-93;91.0;?;70;69.0;-93;?;240.0
-443.0;-53;306.0;-8;8;78.0;?;464.0;229.0
?;-55;211.0;8;-8;?;-55;467.0;219.0
-432.0;?;49.0;?;14;94.0;-110;466.0;208.0
-430.0;-63;-256.0;-23;23;?;-63;471.0;200.0
-420.0;-58;?;?;3;?;-58;472.0;196.0
?;-63;294.0;-15;15;108.0;?;472.0;193.0
-403.0;-9;994.0;-62;62;112.0;-9;?;191.0
-400.0;12;1342.0;-6;6;116.0;12;476.0;?
-401.0;21;1448.0;-2;2;121.0;21;482.0;?
?;7;1256.0;-55;?;?;7;482.0;169.0
-407.0;-25;1039.0;-3;3;133.0;-25;473.0;158.0
-411.0;9;1068.0;?;14;142.0;9;?;?
-427.0;2;891.0;-26;26;?;2;437.0;128.0
-444.0;-27;741.0;23;-23;155.0;-27;436.0;113.0
-450.0;-5;472.0;?;15;156.0;-5;447.0;104.0
-451.0;6;359.0;0;0;156.0;6;453.0;102.0
-450.0;15;-118.0;27;?;160.0;15;?;99.0
-442.0;47;-91.0;-71;?;?;47;?;95.0
?;76;?;?;?;170.0;?;442.0;92.0
-430.0;42;?;-12;12;172.0;42;438.0;92.0
-427.0;?;-256.0;-71;71;?;54;435.0;?
-429.0;113;?;?;44;?;113;438.0;93.0
?;90;-516.0;5;-5;?;90;451.0;95.0
-430.0;66;-56.0;?;-42;171.0;66;462.0;?
-427.0;?;353.0;49;-49;?;81;459.0;?
-430.0;93;?;49;-49;?;93;450.0;104.0
-433.0;82;687.0;?;?;166.0;82;441.0;107.0
?;68;?;?;-65;160.0;?;428.0;113.0
?;68;?;116;-116;154.0;68;410.0;?
-459.0;?;638.0;89;-89;147.0;31;391.0;128.0
-470.0;-12;?;?;-74;141.0;-12;?;?
-481.0;-9;573.0;95;-95;134.0;?;361.0;143.0
-490.0;-7;?;57;-57;127.0;-7;345.0;153.0
-501.0;-15;?;-20;20;121.0;-15;?;163.0
-513.0;3;-136.0;-28;28;115.0;3;?;173.0
-525.0;?;-447.0;27;-27;108.0;?;306.0;?
-536.0;2;-788.0;?;6;98.0;2;307.0;200.0
-545.0;37;-1182.0;-14;14;85.0;37;310.0;220.0
-553.0;?;?;?;-5;74.0;38;318.0;239.0
-556.0;-7;-781.0;?;24;?;-7;328.0;256.0
-553.0;-24;-765.0;-7;7;55.0;-24;339.0;270.0
?;?;?;-10;10;?;-33;347.0;282.0
-548.0;12;-620.0;-6;6;42.0;12;355.0;287.0
-546.0;?;-833.0;7;-7;36.0;36;362.0;296.0
-546.0;14;-750.0;-19;?;30.0;14;367.0;?
-546.0;?;-578.0;-12;12;25.0;38;?;312.0
-544.0;?;-558.0;-10;?;21.0;40;377.0;318.0
?;?;-291.0;-38;38;17.0;?;378.0;321.0
-545.0;14;?;-38;?;14.0;14;?;324.0
-545.0;17;?;-8;?;?;17;379.0;326.0
-546.0;-1;-224.0;?;-20;8.0;-1;?;328.0
-550.0;-15;-214.0;-15;?;6.0;?;377.0;329.0
-551.0;12;-107.0;-57;57;5.0;12;379.0;330.0
-552.0;11;-16.0;12;-12;?;11;378.0;330.0
-554.0;5;?;?;-29;?;5;?;329.0
-557.0;2;?;-35;35;4.0;2;372.0;329.0
-560.0;-4;21.0;?;26;?;?;367.0;330.0
-561.0;?;-47.0;7;-7;?;-5;?;330.0
-561.0;-24;41.0;1;-1;4.0;-24;363.0;329.0
-561.0;-12;?;-12;12;5.0;-12;?;328.0
-559.0;-7;?;18;-18;6.0;-7;361.0;?
-556.0;-12;?;19;?;?;-12;?;323.0
-554.0;22;83.0;?;?;12.0;22;?;319.0
-554.0;27;-8.0;27;?;?;27;358.0;315.0
-551.0;?;?;8;-8;15.0;6;358.0;313.0
-548.0;13;-83.0;31;-31;?;13;354.0;311.0
-546.0;?;106.0;?;?;21.0;12;349.0;309.0
-546.0;?;47.0;52;-52;?;7;349.0;?
-547.0;30;182.0;?;-66;26.0;30;348.0;305.0
-548.0;47;156.0;48;-48;29.0;47;349.0;304.0
-547.0;?;116.0;?;-55;?;48;349.0;?
-543.0;?;224.0;42;-42;36.0;37;348.0;300.0
?;18;334.0;20;?;40.0;?;?;?
-539.0;34;541.0;31;-31;45.0;?;346.0;290.0
-537.0;21;627.0;24;?;51.0;21;346.0;284.0
-535.0;4;641.0;-9;9;?;4;344.0;278.0
-532.0;41;552.0;-38;38;?;41;340.0;270.0
-526.0;-6;565.0;-1;1;?;-6;337.0;259.0
-517.0;-13;521.0;?;-14;84.0;?;?;245.0
?;1;346.0;-9;9;96.0;?;335.0;227.0
?;-11;318.0;?;13;110.0;-11;338.0;207.0
-467.0;?;340.0;11;-11;126.0;35;340.0;185.0
-448.0;-7;118.0;60;?;143.0;-7;341.0;162.0
-429.0;14;?;23;?;161.0;14;345.0;139.0
?;21;-794.0;16;-16;?;21;?;112.0
-383.0;-30;-1279.0;?;-1;200.0;-30;356.0;?
-358.0;7;?;-53;53;225.0;?;360.0;49.0
-332.0;-1;-2210.0;-9;9;245.0;-1;362.0;17.0
-303.0;-5;-2653.0;-11;11;262.0;-5;?;-11.0
-271.0;-19;?;6;-6;277.0;-19;?;-34.0
?;-12;-2385.0;2;-2;291.0;-12;360.0;?
-209.0;15;-2090.0;-17;17;302.0;15;357.0;-60.0
-181.0;-15;-1692.0;37;-37;?;-15;353.0;-64.0
-156.0;-8;-1344.0;6;?;320.0;-8;345.0;?
-137.0;?;?;?;12;?;-3;336.0;?
-122.0;-3;-618.0;3;-3;?;-3;329.0;-81.0
-113.0;-17;-204.0;-6;6;?;-17;325.0;?
-110.0;-49;93.0;-5;5;349.0;-49;?;-86.0
-112.0;-25;281.0;?;24;353.0;?;?;-85.0
?;-20;400.0;5;-5;355.0;-20;?;-81.0
?;-37;390.0;37;-37;355.0;-37;338.0;-75.0
-135.0;3;?;-38;38;?;3;347.0;-70.0
-147.0;-16;628.0;-79;79;356.0;-16;356.0;-69.0
-159.0;-69;648.0;?;104;355.0;?;366.0;?
-172.0;-27;677.0;-115;115;354.0;-27;375.0;-67.0
?;?;697.0;28;?;351.0;?;383.0;-67.0
-197.0;2;664.0;?;-68;?;2;391.0;?
-211.0;16;572.0;1;-1;343.0;16;397.0;?
-224.0;29;486.0;-15;15;?;29;?;-66.0
-236.0;25;427.0;?;11;330.0;?;406.0;-64.0
?;26;?;-12;12;323.0;?;409.0;?
-257.0;22;364.0;-22;22;315.0;22;411.0;-54.0
-266.0;?;323.0;16;-16;?;-8;411.0;-44.0
-273.0;-7;348.0;-34;34;296.0;-7;412.0;-37.0
-284.0;26;400.0;?;43;287.0;26;415.0;-28.0
-296.0;37;517.0;?;83;277.0;37;421.0;-16.0
-308.0;46;646.0;-194;194;?;46;430.0;-5.0
?;30;656.0;-51;51;?;30;439.0;7.0
?;-15;650.0;-46;46;247.0;?;448.0;20.0
?;6;652.0;?;153;?;6;456.0;30.0
-357.0;22;673.0;-124;124;228.0;?;463.0;?
-369.0;?;734.0;-123;123;?;-28;467.0;47.0
-381.0;-19;837.0;-55;55;203.0;?;?;?
-393.0;0;850.0;22;?;?;0;479.0;?
-405.0;?;872.0;33;-33;?;?;485.0;91.0
-418.0;-47;791.0;79;-79;155.0;-47;?;108.0
-431.0;-26;744.0;54;-54;139.0;-26;501.0;125.0
-442.0;-22;594.0;143;-143;123.0;?;512.0;139.0
-452.0;-9;?;266;-266;106.0;-9;523.0;?
-457.0;?;-37.0;372;-372;86.0;-54;533.0;169.0
?;-39;-177.0;872;-872;69.0;-39;?;179.0
-465.0;-261;-356.0;?;-752;?;-261;532.0;190.0
-467.0;-351;?;610;-610;33.0;-351;530.0;198.0
?;-488;-695.0;287;-287;17.0;-488;524.0;207.0
-467.0;-1055;-921.0;-769;769;0.0;?;509.0;217.0
-469.0;-1104;?;35;-35;-15.0;-1104;488.0;?
-475.0;-1303;-1285.0;1083;?;-29.0;-1303;?;239.0
?;-1517;?;484;-484;-42.0;-1517;453.0;244.0
-498.0;-1761;-1283.0;1150;-1150;-54.0;-1761;436.0;251.0
?;-3319;-1171.0;1915;-1915;-62.0;-3319;412.0;254.0
-527.0;-4774;-1413.0;2537;-2537;-70.0;-4774;388.0;?
?;-3533;?;4030;-4030;-77.0;-3533;?;256.0
-555.0;?;-615.0;1266;?;?;54;?;258.0
-553.0;?;-610.0;-1449;1449;?;?;356.0;260.0
-562.0;-54;?;-219;219;-88.0;?;350.0;264.0
?;-17;-472.0;-192;192;-90.0;-17;351.0;269.0
-575.0;62;-355.0;-186;?;-92.0;?;354.0;276.0
-577.0;?;-156.0;76;?;-95.0;-106;360.0;282.0
-571.0;-34;-10.0;-82;82;-97.0;-34;364.0;286.0
-565.0;-25;140.0;38;-38;-99.0;?;367.0;?
-564.0;25;223.0;-60;?;-101.0;25;366.0;288.0
-565.0;-54;250.0;-36;?;-102.0;-54;371.0;285.0
-571.0;-26;273.0;-29;29;-104.0;-26;378.0;?
?;19;278.0;-23;?;?;19;387.0;275.0
-572.0;-8;184.0;-30;30;?;-8;392.0;273.0
-565.0;-6;?;-3;?;-107.0;?;396.0;273.0
-556.0;-4;?;21;-21;-113.0;-4;404.0;279.0
-550.0;32;-210.0;14;-14;-121.0;32;418.0;294.0
-547.0;125;-674.0;75;-75;-126.0;125;439.0;311.0
-542.0;171;-1288.0;37;-37;-130.0;171;460.0;317.0
-537.0;191;-1446.0;211;-211;-136.0;?;474.0;323.0
-538.0;?;?;282;-282;-144.0;?;487.0;331.0
?;161;-1849.0;431;-431;-155.0;?;503.0;339.0
-562.0;246;-1417.0;585;?;-168.0;?;530.0;348.0
-578.0;52;-541.0;380;-380;?;?;558.0;358.0
-592.0;1043;138.0;?;?;-193.0;1043;576.0;364.0
-608.0;?;893.0;?;-3829;-207.0;2578;?;371.0
-628.0;5761;1642.0;3164;-3164;-223.0;5761;?;381.0
-650.0;?;1678.0;?;-1808;-240.0;?;607.0;392.0
-672.0;-1608;1558.0;1782;-1782;-257.0;-1608;612.0;405.0
-690.0;-4834;1660.0;2227;-2227;-275.0;?;?;418.0
-705.0;-3574;1459.0;?;-1888;-293.0;-3574;616.0;430.0
-717.0;-1990;1282.0;-794;?;-312.0;-1990;616.0;441.0
?;-1333;1119.0;?;3562;-330.0;-1333;618.0;451.0
-730.0;-2765;?;-4147;4147;-346.0;-2765;619.0;460.0
-733.0;-3453;523.0;-4321;4321;-363.0;?;?;?
-733.0;-3295;484.0;-4344;4344;-378.0;-3295;621.0;483.0
-734.0;-2732;238.0;-4452;4452;-393.0;-2732;620.0;488.0
-739.0;-2650;-194.0;-3961;3961;-415.0;-2650;616.0;494.0
-746.0;-1962;-257.0;?;4888;-428.0;-1962;?;506.0
-752.0;?;-75.0;-2753;2753;-436.0;892;616.0;520.0
-757.0;2105;?;3852;-3852;-442.0;2105;620.0;524.0
?;2324;659.0;?;-4054;-450.0;2324;624.0;?
-760.0;?;1125.0;3053;-3053;-454.0;4474;?;527.0
?;?;?;2523;-2523;?;3458;?;531.0
-757.0;628;1198.0;-371;371;-454.0;628;640.0;?
-758.0;753;1150.0;-92;?;?;?;640.0;533.0
?;414;1141.0;?;-169;-451.0;?;?;530.0
?;-2;980.0;-116;?;-450.0;-2;637.0;?
-766.0;251;766.0;170;-170;?;?;633.0;?
-767.0;80;456.0;0;0;-452.0;80;?;519.0
-767.0;161;262.0;123;-123;-450.0;161;?;516.0
-764.0;112;?;150;-150;?;112;629.0;511.0
-758.0;66;-99.0;155;-155;-435.0;66;632.0;513.0
-747.0;47;-176.0;221;-221;-416.0;47;635.0;505.0
-737.0;95;-102.0;118;-118;-392.0;95;?;500.0
-726.0;272;-154.0;545;-545;?;272;?;?
-721.0;?;-635.0;?;?;-353.0;146;632.0;488.0
-724.0;650;-553.0;3042;-3042;-331.0;650;629.0;474.0
?;1934;?;?;-5759;-312.0;1934;629.0;458.0
?;2658;-192.0;9046;-9046;-292.0;2658;?;454.0
-708.0;?;?;?;-10061;?;3586;635.0;447.0
-699.0;?;159.0;2982;-2982;-248.0;2699;633.0;426.0
-692.0;204;244.0;-4356;4356;-228.0;204;628.0;?
-688.0;-1233;261.0;-3203;3203;-205.0;-1233;619.0;386.0
-685.0;-3187;?;-2499;2499;-182.0;-3187;608.0;367.0
-682.0;?;15.0;-4431;?;-161.0;?;598.0;352.0
-677.0;?;-281.0;-6208;6208;-143.0;-1753;589.0;?
-670.0;-941;-683.0;?;7594;-124.0;-941;581.0;?
-662.0;-1579;-1171.0;-6262;6262;-108.0;-1579;573.0;309.0
-649.0;-2370;-1735.0;?;4923;-94.0;-2370;563.0;296.0
-633.0;-2628;-2278.0;-4793;4793;-90.0;-2628;550.0;?
-618.0;-3681;-2841.0;-3471;3471;?;?;?;282.0
-607.0;-1440;-3283.0;-1359;1359;?;-1440;525.0;273.0
-598.0;880;-3145.0;2041;-2041;-71.0;880;511.0;265.0
-589.0;233;-2506.0;5500;-5500;-61.0;233;503.0;251.0
-582.0;1664;-2187.0;4611;?;-47.0;1664;?;238.0
-573.0;2307;-2199.0;?;-2033;-33.0;2307;489.0;224.0
-554.0;?;?;1481;-1481;-22.0;2152;479.0;218.0
-529.0;1551;-1468.0;782;-782;?;1551;466.0;207.0
-506.0;54;-959.0;-62;62;3.0;?;?;197.0
-489.0;72;-711.0;?;-215;12.0;72;429.0;186.0
-477.0;?;-668.0;304;-304;21.0;72;?;?
-468.0;63;-739.0;?;?;29.0;63;389.0;164.0
-463.0;?;-786.0;263;-263;34.0;170;?;155.0
?;122;-807.0;?;?;36.0;122;370.0;148.0
-462.0;146;-747.0;246;-246;36.0;?;368.0;143.0
-463.0;?;-561.0;308;-308;37.0;37;370.0;141.0
-463.0;46;-331.0;296;-296;?;?;374.0;136.0
-461.0;-23;-101.0;423;-423;51.0;-23;375.0;?
-456.0;250;19.0;?;?;57.0;?;?;?
-454.0;496;?;?;-2282;58.0;496;?;135.0
?;749;607.0;3284;-3284;?;749;383.0;131.0
-466.0;1276;1183.0;5050;-5050;60.0;1276;384.0;134.0
-481.0;?;1432.0;9138;?;64.0;2229;384.0;127.0
-498.0;3626;1378.0;8938;-8938;67.0;3626;386.0;116.0
-512.0;2749;1380.0;2353;?;69.0;2749;389.0;109.0
-520.0;1439;1517.0;?;2359;71.0;1439;388.0;102.0
-523.0;1842;1564.0;-3495;3495;73.0;1842;382.0;98.0
?;930;1515.0;-4807;4807;74.0;?;371.0;98.0
-524.0;?;?;-5499;5499;76.0;-885;?;99.0
-513.0;3402;228.0;6703;-6703;-44.0;?;370.0;198.0
-549.0;5665;769.0;?;-7389;?;5665;386.0;215.0
-589.0;?;840.0;2436;?;-79.0;2033;406.0;229.0
-627.0;-2080;1137.0;192;-192;?;-2080;428.0;?
-663.0;-1937;1844.0;-1073;?;-121.0;-1937;?;263.0
-695.0;-1227;2225.0;?;2892;-145.0;-1227;459.0;?
-721.0;-2541;2544.0;-4225;4225;-167.0;-2541;466.0;302.0
-741.0;-4283;2684.0;-4475;4475;-190.0;?;?;322.0
?;-5140;2760.0;-3010;3010;?;-5140;469.0;337.0
-772.0;-6099;2805.0;-1284;1284;-224.0;?;?;352.0
-786.0;-6489;2741.0;?;161;-236.0;-6489;464.0;?
-799.0;?;2647.0;691;-691;-248.0;-4217;?;371.0
-810.0;-1909;?;1380;-1380;?;-1909;447.0;372.0
-818.0;?;2120.0;218;-218;-266.0;?;436.0;374.0
-824.0;-1254;1888.0;-1737;1737;-273.0;-1254;?;371.0
-829.0;-1223;1801.0;-1540;1540;-280.0;?;411.0;367.0
-836.0;-261;?;?;211;-285.0;-261;405.0;361.0
-842.0;53;1456.0;215;?;?;53;404.0;372.0
-847.0;?;1355.0;33;-33;-318.0;-122;404.0;385.0
-848.0;?;928.0;?;?;-334.0;?;405.0;401.0
-847.0;-2;783.0;-29;29;-353.0;?;?;423.0
-846.0;52;448.0;-14;?;-369.0;?;?;437.0
-847.0;73;?;?;6;?;73;395.0;445.0
-850.0;38;?;-53;53;?;?;385.0;452.0
-855.0;32;407.0;?;?;-417.0;32;373.0;?
-861.0;?;48.0;?;98;-438.0;37;360.0;468.0
?;79;-23.0;-66;66;-462.0;79;346.0;482.0
-874.0;32;?;-42;42;-480.0;32;339.0;493.0
?;?;118.0;-113;?;-493.0;-6;?;503.0
-876.0;-4;256.0;-98;?;-500.0;-4;?;515.0
-872.0;-30;297.0;-48;48;-501.0;-30;340.0;?
-866.0;-29;281.0;-35;35;?;-29;350.0;515.0
-860.0;-4;?;32;-32;-502.0;-4;360.0;517.0
-853.0;-4;230.0;31;?;-500.0;-4;366.0;?
-849.0;-11;?;-11;11;-496.0;-11;367.0;512.0
-846.0;-25;-22.0;?;-1;?;?;369.0;511.0
-846.0;-19;?;22;-22;-484.0;-19;368.0;506.0
-845.0;-20;130.0;-3;3;-477.0;-20;368.0;504.0
-843.0;-34;205.0;-1;1;-466.0;-34;367.0;?
?;8;?;3;?;?;8;362.0;495.0
?;34;584.0;-72;72;-448.0;34;358.0;490.0
-849.0;4;657.0;-52;?;-438.0;4;?;486.0
?;0;467.0;23;?;?;0;359.0;483.0
?;19;329.0;38;-38;-420.0;19;?;481.0
-853.0;16;1165.0;36;-36;-409.0;16;338.0;?
-856.0;23;754.0;17;-17;-400.0;23;331.0;468.0
?;23;1671.0;49;-49;-391.0;?;?;461.0
-875.0;-26;1529.0;83;-83;-385.0;-26;284.0;453.0
-888.0;?;1321.0;87;-87;-385.0;18;266.0;454.0
-900.0;51;498.0;54;?;-392.0;51;255.0;?
-903.0;?;-1585.0;7;?;-397.0;-5;265.0;?
-892.0;27;-706.0;17;-17;-393.0;27;276.0;467.0
-881.0;26;?;-11;11;-389.0;26;299.0;461.0
-869.0;-6;-1286.0;?;20;?;?;?;457.0
?;29;-302.0;-2;2;-392.0;29;311.0;465.0
-860.0;5;-65.0;-13;13;-393.0;5;306.0;?
?;-25;?;-4;?;-392.0;-25;297.0;?
-864.0;1;288.0;-26;26;?;1;298.0;473.0
-862.0;?;244.0;-35;35;-388.0;4;303.0;474.0
-855.0;18;227.0;-33;33;-382.0;18;305.0;472.0
?;53;752.0;-15;15;-376.0;53;311.0;469.0
-786.0;1881;-1410.0;-134;134;-212.0;1881;?;331.0
-771.0;?;-621.0;-197;197;?;1765;343.0;318.0
-763.0;1747;148.0;-448;448;-183.0;?;332.0;306.0
-767.0;1914;128.0;-944;944;-173.0;1914;322.0;298.0
-766.0;1390;?;?;842;-162.0;1390;307.0;289.0
-777.0;318;?;?;425;-149.0;318;?;276.0
-792.0;?;873.0;?;1238;?;477;274.0;259.0
-806.0;346;1170.0;-1693;1693;?;?;253.0;243.0
-819.0;-88;1223.0;-1738;1738;-106.0;?;237.0;228.0
-828.0;?;847.0;?;1506;?;?;225.0;211.0
-829.0;-248;173.0;-451;451;-83.0;-248;219.0;194.0
-825.0;-264;-41.0;?;394;-74.0;?;221.0;183.0
-822.0;-239;-298.0;-576;576;-62.0;?;224.0;171.0
?;-150;?;?;266;-47.0;-150;221.0;156.0
-808.0;19;-139.0;-159;159;-33.0;19;212.0;143.0
-802.0;-53;?;-5;5;-18.0;-53;201.0;?
?;-77;-630.0;56;-56;-5.0;-77;189.0;115.0
?;-109;-598.0;-85;85;7.0;-109;175.0;103.0
?;?;-323.0;-81;81;20.0;-48;?;90.0
-788.0;-49;-294.0;-23;23;?;-49;146.0;77.0
-785.0;-77;-457.0;-71;71;43.0;-77;134.0;67.0
-779.0;19;-707.0;-27;27;52.0;19;127.0;63.0
-771.0;17;?;26;-26;62.0;17;124.0;56.0
-765.0;15;-931.0;?;-15;73.0;15;?;48.0
-757.0;49;-1155.0;32;-32;85.0;49;133.0;39.0
-747.0;4;-941.0;2;?;96.0;4;?;29.0
-737.0;?;-1203.0;-5;5;106.0;-8;143.0;19.0
-725.0;29;-1081.0;12;-12;114.0;29;145.0;12.0
-712.0;17;?;-41;?;121.0;17;154.0;7.0
-698.0;12;?;-54;54;127.0;12;161.0;0.0
-687.0;27;-1586.0;-61;61;?;?;172.0;-8.0
-674.0;16;-1445.0;-23;23;139.0;16;182.0;-14.0
-662.0;-14;-1662.0;-5;5;?;?;?;-20.0
-654.0;-11;-1734.0;?;103;146.0;-11;197.0;?
-643.0;15;?;-73;73;148.0;?;208.0;-19.0
-630.0;?;-1721.0;6;-6;151.0;-8;214.0;-21.0
?;-6;?;-64;64;157.0;?;219.0;-24.0
-595.0;34;-1732.0;-55;55;163.0;34;219.0;-29.0
?;31;-1864.0;36;-36;173.0;31;208.0;-39.0
-541.0;16;-1812.0;23;?;184.0;?;175.0;-48.0
-514.0;25;-1705.0;6;?;197.0;25;?;-60.0
-493.0;22;-1227.0;-9;?;215.0;22;125.0;-77.0
-483.0;1;?;?;41;230.0;1;?;-91.0
-482.0;-4;-800.0;11;-11;241.0;-4;107.0;-97.0
-485.0;?;-837.0;49;-49;252.0;8;107.0;-103.0
-485.0;?;-863.0;?;-60;263.0;-7;110.0;-110.0
-481.0;?;-871.0;?;-96;275.0;-17;111.0;?
-473.0;0;-922.0;67;-67;287.0;0;107.0;-129.0
?;?;-701.0;72;-72;?;?;99.0;-134.0
?;2;-410.0;74;-74;301.0;2;93.0;-140.0
-448.0;176;-270.0;-15;?;306.0;?;88.0;-143.0
-444.0;297;-168.0;?;28;309.0;297;81.0;-144.0
-442.0;359;-109.0;49;-49;310.0;359;75.0;?
-441.0;573;-190.0;55;?;312.0;573;71.0;-143.0
?;1029;-201.0;-192;192;313.0;1029;67.0;-144.0
-440.0;1632;-207.0;-701;?;313.0;1632;?;-144.0
-438.0;1877;-146.0;-1003;1003;314.0;1877;62.0;-144.0
-435.0;1962;-70.0;-1017;?;313.0;1962;58.0;-143.0
-434.0;?;?;-1052;1052;315.0;2088;?;-144.0
-432.0;2013;-117.0;-1159;1159;317.0;2013;51.0;-141.0
-427.0;2614;?;?;1373;322.0;?;43.0;?
-425.0;3000;157.0;-928;928;?;?;36.0;-142.0
-430.0;2427;109.0;340;-340;326.0;2427;?;-139.0
-436.0;2121;-1.0;?;-824;324.0;2121;38.0;-133.0
-439.0;?;-74.0;183;-183;326.0;1980;32.0;?
-444.0;2076;-88.0;-373;373;331.0;2076;27.0;-129.0
-450.0;2295;-108.0;-1055;1055;346.0;2295;24.0;?
-453.0;2227;-151.0;-1297;1297;368.0;2227;21.0;?
-454.0;?;-257.0;-1238;1238;402.0;?;21.0;-149.0
?;?;-214.0;-1210;1210;?;1685;20.0;-172.0
?;1846;45.0;-1323;?;466.0;1846;19.0;?
-440.0;1847;?;-2038;2038;?;1847;17.0;-224.0
-423.0;?;-711.0;-1004;?;519.0;3800;16.0;-246.0
-402.0;2259;?;-2098;2098;539.0;2259;20.0;?
-380.0;-1285;-1728.0;?;3254;556.0;?;36.0;?
?;20;-2398.0;?;-6;570.0;?;53.0;-304.0
-324.0;383;-3034.0;321;?;583.0;?;?;-318.0
-283.0;-323;?;-390;390;594.0;-323;80.0;-331.0
-233.0;39;?;349;-349;604.0;39;74.0;-340.0
-181.0;?;-4602.0;85;-85;614.0;-193;62.0;-346.0
-123.0;-64;-4855.0;225;?;?;?;?;-352.0
-56.0;-45;-5239.0;217;-217;633.0;?;7.0;-358.0
10.0;-88;-5861.0;175;-175;643.0;-88;-35.0;?
75.0;-111;-6020.0;251;-251;654.0;-111;-80.0;?
141.0;?;-5172.0;169;-169;665.0;-209;-117.0;?
199.0;-244;-3852.0;173;-173;673.0;-244;-153.0;-395.0
238.0;-286;-2289.0;153;-153;678.0;-286;?;?
?;-345;-1077.0;?;-125;?;?;-174.0;?
292.0;-365;-496.0;139;-139;691.0;-365;-179.0;-432.0
319.0;-270;-257.0;86;-86;697.0;-270;-195.0;-446.0
349.0;-263;?;?;-64;702.0;?;-223.0;?
376.0;67;?;?;-292;707.0;67;-256.0;-475.0
396.0;626;226.0;331;-331;712.0;626;-287.0;-485.0
405.0;557;185.0;254;-254;716.0;557;?;-493.0
410.0;347;375.0;592;-592;719.0;347;-319.0;-503.0
412.0;262;595.0;?;-894;720.0;262;?;-515.0
412.0;44;900.0;1857;-1857;?;44;-331.0;-528.0
?;?;1207.0;2012;?;717.0;?;-340.0;-537.0
?;-42;?;3360;?;?;-42;-352.0;?
417.0;-715;1332.0;6563;-6563;716.0;-715;-367.0;-550.0
413.0;36;1328.0;6256;-6256;718.0;36;-379.0;?
403.0;2654;1394.0;5520;?;?;2654;-384.0;-565.0
392.0;?;1489.0;1167;-1167;719.0;4388;-385.0;-575.0
381.0;4592;1392.0;-5409;5409;720.0;4592;?;-582.0
?;6129;1273.0;-6311;6311;?;6129;-382.0;?
364.0;6521;1029.0;-6500;6500;721.0;?;-378.0;-598.0
362.0;1465;756.0;-5715;5715;724.0;1465;-374.0;-604.0
365.0;?;403.0;?;3825;?;-3124;-371.0;-609.0
373.0;-3788;-89.0;-3571;3571;727.0;-3788;-369.0;-613.0
386.0;-4033;-759.0;-3138;3138;728.0;-4033;-368.0;-614.0
403.0;-3604;-1521.0;?;?;727.0;-3604;-368.0;?
419.0;?;?;-4084;?;725.0;?;-368.0;-621.0
434.0;-953;-2671.0;-4596;4596;725.0;-953;?;-616.0
?;-268;?;-3570;3570;728.0;-268;-350.0;?
444.0;-1302;-1744.0;-3024;3024;731.0;-1302;?;-596.0
284.0;39;269.0;90;-90;651.0;39;-267.0;-503.0
266.0;84;441.0;40;-40;648.0;84;-252.0;?
252.0;156;702.0;605;?;649.0;156;?;-489.0
241.0;-28;980.0;249;-249;645.0;-28;?;-483.0
227.0;258;?;1108;-1108;642.0;258;-211.0;-472.0
212.0;?;?;?;-2124;639.0;727;?;-464.0
?;?;?;?;-1874;634.0;653;-184.0;-457.0
?;2745;?;6011;-6011;629.0;2745;-173.0;-449.0
174.0;5948;1254.0;7986;-7986;623.0;?;-162.0;-441.0
160.0;3661;?;3313;-3313;618.0;3661;-152.0;-435.0
145.0;-833;1335.0;-410;410;613.0;-833;-143.0;-430.0
?;-1251;1371.0;-2071;2071;609.0;?;?;-427.0
114.0;-701;?;-3352;3352;607.0;?;-130.0;?
103.0;-1289;1237.0;-4315;4315;?;-1289;-124.0;?
96.0;-2093;1151.0;-4896;?;607.0;-2093;-119.0;-427.0
92.0;-2887;1010.0;-5290;5290;606.0;-2887;-115.0;-428.0
88.0;?;802.0;-4943;4943;605.0;-3533;-111.0;?
88.0;-3644;?;-4820;4820;598.0;-3644;-107.0;?
?;951;-1274.0;-118;118;711.0;951;-250.0;-547.0
354.0;?;-846.0;?;?;722.0;?;-273.0;-556.0
377.0;?;-966.0;1136;?;729.0;128;-292.0;?
404.0;1675;-943.0;2102;-2102;732.0;1675;?;-577.0
429.0;966;-928.0;?;-555;734.0;966;-327.0;-590.0
?;1002;-900.0;180;-180;735.0;1002;-344.0;-604.0
470.0;1387;-765.0;382;-382;737.0;?;-364.0;-615.0
491.0;528;-670.0;-404;404;?;528;-384.0;?
510.0;396;-676.0;18;-18;740.0;396;-404.0;-634.0
527.0;274;?;-43;43;743.0;274;-422.0;?
543.0;?;-658.0;-30;30;745.0;?;-436.0;-643.0
558.0;51;?;?;-102;?;51;-449.0;?
573.0;-15;-519.0;13;-13;749.0;-15;-461.0;-646.0
586.0;?;-627.0;?;-67;750.0;?;-470.0;-648.0
598.0;?;-681.0;46;-46;749.0;?;?;?
?;58;-726.0;66;-66;748.0;58;-487.0;-650.0
627.0;45;-910.0;51;-51;745.0;?;-497.0;-653.0
643.0;60;-1159.0;?;?;742.0;?;-505.0;-654.0
?;-77;-1413.0;-17;17;741.0;-77;-514.0;-654.0
660.0;?;-1107.0;?;-150;742.0;111;?;-652.0
666.0;13;-355.0;160;?;740.0;13;?;?
670.0;93;51.0;257;-257;731.0;93;-513.0;-663.0
671.0;673;95.0;?;-1188;724.0;673;-514.0;-671.0
672.0;253;72.0;?;-2017;?;?;-517.0;-676.0
676.0;2402;?;?;-3691;713.0;2402;-520.0;?
680.0;4118;3.0;6528;-6528;708.0;4118;-527.0;-684.0
683.0;?;-16.0;6104;-6104;?;?;-536.0;-688.0
685.0;?;-87.0;2076;?;695.0;4627;-543.0;-691.0
687.0;?;-174.0;-360;360;?;1391;-549.0;-694.0
?;-510;?;-193;193;684.0;-510;?;-695.0
692.0;-669;-565.0;-487;487;679.0;?;-564.0;-696.0
696.0;-2082;-670.0;-1753;1753;674.0;-2082;?;-696.0
702.0;?;-727.0;?;3158;669.0;?;-573.0;-694.0
709.0;?;-799.0;-4239;4239;668.0;-625;-575.0;?
717.0;-437;-1009.0;-4558;4558;669.0;?;-576.0;-683.0
727.0;-456;-1146.0;?;4192;670.0;?;-572.0;-682.0
735.0;29;?;?;3899;667.0;29;?;-679.0
743.0;529;-1194.0;-3831;3831;670.0;?;?;-675.0
752.0;1784;?;-3389;3389;672.0;1784;-549.0;-674.0
756.0;3977;-606.0;-1697;1697;669.0;3977;-541.0;?
761.0;?;-106.0;-75;75;674.0;2856;-531.0;?
763.0;1651;78.0;-728;728;?;1651;-528.0;?
764.0;1359;-73.0;-931;931;?;1359;-529.0;-642.0
767.0;155;-113.0;?;-15;671.0;155;?;-636.0
770.0;194;-282.0;-217;217;667.0;?;-541.0;?
776.0;168;-312.0;?;244;661.0;168;?;?
782.0;-42;-299.0;48;-48;?;-42;-549.0;-616.0
789.0;85;-361.0;-15;15;646.0;85;-552.0;-609.0
796.0;-1;?;57;-57;640.0;-1;?;-602.0
801.0;16;-767.0;41;-41;634.0;16;-559.0;-595.0
805.0;?;?;-42;42;627.0;37;-562.0;?
808.0;?;-913.0;-8;?;619.0;19;-565.0;-584.0
810.0;-8;-859.0;41;-41;611.0;-8;-567.0;?
811.0;-50;-626.0;-7;7;598.0;-50;-569.0;-583.0
813.0;?;-416.0;26;?;583.0;-57;?;-587.0
813.0;18;-185.0;134;-134;568.0;?;?;-589.0
?;57;-39.0;288;-288;556.0;57;?;-591.0
814.0;?;-37.0;855;-855;545.0;?;-570.0;?
?;175;113.0;?;?;?;175;-568.0;?
?;122;-17.0;5377;?;519.0;122;-568.0;?
815.0;-46;-372.0;5041;-5041;?;-46;?;-561.0
813.0;?;-524.0;718;-718;?;969;-570.0;-554.0
810.0;?;-752.0;-3111;3111;488.0;2757;?;-548.0
?;2616;-738.0;?;4081;478.0;2616;-573.0;-540.0
?;-95;-667.0;-2852;2852;470.0;?;-573.0;?
804.0;-3279;-755.0;-551;?;461.0;-3279;-574.0;-524.0
803.0;-3481;-759.0;867;-867;454.0;?;?;?
802.0;?;-667.0;1135;?;449.0;-2137;-571.0;?
801.0;?;?;1136;-1136;445.0;?;-572.0;-503.0
799.0;-604;-733.0;173;-173;442.0;-604;?;?
796.0;37;?;-717;717;439.0;37;-574.0;-495.0
796.0;?;?;-286;286;434.0;-650;-572.0;-485.0
799.0;-907;?;760;?;431.0;?;-567.0;-475.0
?;16;-406.0;1160;-1160;427.0;16;-558.0;?
808.0;2441;-260.0;1133;-1133;423.0;2441;?;-462.0
809.0;3206;-302.0;1313;-1313;421.0;3206;-548.0;-460.0
?;1468;?;?;-372;422.0;?;-549.0;-462.0
805.0;660;?;-515;515;422.0;?;-552.0;-462.0
801.0;802;-675.0;?;205;421.0;802;-556.0;?
?;787;-549.0;-319;319;423.0;787;-556.0;-460.0
802.0;821;-399.0;-365;365;427.0;?;?;-459.0
802.0;?;?;?;?;431.0;?;?;?
?;-61;-329.0;-169;169;436.0;-61;?;-448.0
800.0;?;-350.0;-311;311;442.0;122;-554.0;-432.0
798.0;20;-254.0;77;?;448.0;20;-555.0;-420.0
?;99;-39.0;-122;122;452.0;?;-558.0;?
795.0;59;?;-371;371;456.0;59;-559.0;?
795.0;?;336.0;?;135;460.0;31;-560.0;-408.0
792.0;100;325.0;?;41;462.0;?;-564.0;-408.0
?;?;324.0;-132;132;?;74;-573.0;?
783.0;52;274.0;-82;82;?;52;-583.0;-418.0
774.0;16;365.0;-13;13;448.0;16;?;?
763.0;-1;289.0;-9;9;437.0;?;?;-408.0
753.0;-23;319.0;48;-48;424.0;-23;?;-396.0
744.0;-12;324.0;59;-59;411.0;-12;?;-379.0
737.0;5;?;-8;8;399.0;?;-640.0;-364.0
731.0;-32;?;-36;36;387.0;-32;?;-351.0
?;-27;708.0;-72;?;374.0;?;-648.0;-336.0
724.0;22;?;-117;117;361.0;22;-649.0;-319.0
?;?;692.0;?;?;349.0;3;-651.0;-306.0
720.0;-49;702.0;-64;64;339.0;-49;-651.0;?
720.0;-52;864.0;?;115;330.0;-52;?;?
714.0;-21;?;-60;60;?;-21;-656.0;?
?;-42;235.0;?;39;315.0;-42;?;-294.0
696.0;-68;-216.0;-90;90;?;-68;-671.0;-298.0
689.0;22;?;84;-84;305.0;22;?;-300.0
685.0;-183;-787.0;247;?;?;-183;?;-302.0
?;-122;-482.0;?;-603;303.0;-122;?;-306.0
?;-235;61.0;908;-908;305.0;-235;-683.0;-310.0
687.0;-225;?;1256;-1256;?;-225;-682.0;-313.0
?;-152;154.0;1905;-1905;312.0;-152;?;-317.0
?;-2178;43.0;1622;?;317.0;-2178;-682.0;-322.0
?;?;14.0;1170;-1170;?;-2043;-683.0;-329.0
695.0;?;133.0;-441;441;329.0;-1295;?;-336.0
700.0;-938;471.0;-2707;?;337.0;-938;?;?
706.0;2352;?;?;1940;344.0;2352;-675.0;-351.0
711.0;3075;877.0;-627;627;351.0;3075;-673.0;-360.0
717.0;2494;964.0;-541;541;?;2494;-670.0;-367.0
723.0;?;?;736;-736;363.0;?;-666.0;-376.0
731.0;?;861.0;2082;-2082;368.0;-248;-657.0;-384.0
740.0;412;446.0;?;-1548;370.0;412;-643.0;-391.0
749.0;1340;46.0;615;-615;372.0;?;-626.0;-394.0
755.0;1375;?;269;?;373.0;1375;-608.0;-396.0
762.0;1349;?;-238;238;?;1349;-590.0;-396.0
763.0;1424;-846.0;-812;812;374.0;1424;-577.0;-394.0
765.0;?;-898.0;-1078;?;371.0;?;?;-391.0
765.0;2014;-734.0;?;?;367.0;2014;-545.0;-388.0
?;2356;-721.0;?;1061;362.0;2356;-533.0;-382.0
757.0;2138;-927.0;-1149;1149;?;?;-527.0;-380.0
755.0;1855;-1032.0;-1528;1528;348.0;1855;?;-374.0
751.0;2108;-767.0;?;2159;338.0;2108;-524.0;-364.0
748.0;2222;-748.0;-2591;2591;326.0;?;?;-351.0
743.0;2185;-970.0;?;3312;314.0;2185;-520.0;?
737.0;2429;-984.0;-3785;?;301.0;2429;-515.0;-329.0
730.0;2518;-944.0;-2365;2365;287.0;2518;-513.0;-316.0
722.0;2106;-664.0;-416;416;274.0;2106;?;-304.0
712.0;489;?;2115;?;?;?;-511.0;-292.0
703.0;-1068;?;1157;?;244.0;-1068;-509.0;?
?;-852;446.0;-2354;2354;227.0;?;-506.0;-268.0
683.0;-204;580.0;?;?;210.0;-204;?;-255.0
672.0;-14;689.0;575;?;192.0;-14;-500.0;-243.0
?;15;846.0;-240;240;172.0;15;-497.0;-228.0
648.0;-26;873.0;74;?;150.0;-26;-495.0;-211.0
633.0;15;?;-85;?;?;?;-495.0;-194.0
?;56;?;-73;73;?;56;-495.0;-178.0
599.0;38;1028.0;-38;38;80.0;38;?;?
?;-5;?;-48;48;?;-5;-484.0;-145.0
567.0;13;952.0;10;-10;34.0;13;-475.0;-127.0
554.0;36;751.0;14;-14;?;?;-465.0;-110.0
544.0;14;562.0;?;-112;-3.0;14;-457.0;?
?;6;312.0;82;-82;-18.0;6;?;?
530.0;6;313.0;59;-59;?;?;?;-73.0
523.0;10;442.0;?;?;-48.0;10;-444.0;?
517.0;28;385.0;23;-23;?;28;?;-65.0
513.0;73;407.0;?;-7;-84.0;73;?;?
?;?;546.0;-11;11;-106.0;?;-436.0;-46.0
511.0;23;411.0;6;-6;-127.0;23;-425.0;-33.0
509.0;7;167.0;-5;5;-147.0;7;-417.0;-21.0
504.0;29;205.0;58;-58;-166.0;29;-413.0;-11.0
495.0;?;?;95;-95;-182.0;22;-411.0;-2.0
486.0;?;157.0;150;-150;-192.0;29;-410.0;0.0
474.0;25;130.0;196;-196;-202.0;25;-410.0;0.0
464.0;-2;?;?;-149;-211.0;-2;-407.0;-1.0
453.0;9;?;207;-207;-216.0;9;-401.0;-4.0
438.0;?;155.0;224;-224;?;42;?;-7.0
420.0;?;?;?;-338;-223.0;11;-371.0;-8.0
403.0;71;-201.0;794;?;-222.0;?;-347.0;-8.0
387.0;63;-537.0;726;-726;-220.0;?;?;-7.0
370.0;47;-223.0;677;-677;-215.0;?;?;-7.0
356.0;139;?;943;?;-208.0;139;?;-10.0
?;?;?;?;-285;-202.0;?;-261.0;-13.0
360.0;538;?;2010;?;-197.0;538;?;-14.0
?;?;1139.0;5272;?;?;1819;?;-14.0
408.0;1453;1166.0;4207;-4207;-185.0;?;-248.0;-15.0
445.0;371;?;721;?;-178.0;371;-254.0;-17.0
484.0;485;734.0;-1200;1200;-169.0;485;?;?
524.0;1051;?;-1924;1924;-159.0;1051;-283.0;-27.0
557.0;1541;484.0;-2643;2643;?;?;?;-32.0
?;983;283.0;-2888;2888;-137.0;983;-321.0;-38.0
589.0;763;6.0;?;3180;?;763;-339.0;-43.0
592.0;1071;-341.0;-3388;3388;?;1071;?;-50.0
593.0;-1622;-546.0;-1719;1719;-91.0;-1622;?;?
594.0;-3065;-678.0;-832;?;-73.0;-3065;-366.0;?
?;-2221;?;-1231;1231;-55.0;?;-378.0;-73.0
603.0;-2276;-241.0;-1148;1148;-37.0;-2276;-388.0;-89.0
616.0;-1690;?;-1113;1113;-24.0;-1690;-393.0;?
625.0;-1513;471.0;-563;563;-13.0;?;?;-112.0
629.0;-1594;583.0;-361;361;1.0;-1594;-412.0;-127.0
634.0;-1335;449.0;-587;587;13.0;-1335;-418.0;-143.0
635.0;?;297.0;-535;535;28.0;?;-426.0;-160.0
637.0;-687;461.0;-281;281;41.0;?;-433.0;-176.0
?;-564;351.0;161;?;53.0;-564;-440.0;-188.0
647.0;?;?;?;-201;67.0;-541;-445.0;-200.0
654.0;?;?;249;-249;81.0;-601;-448.0;-211.0
664.0;-262;-243.0;305;-305;96.0;-262;-457.0;-222.0
674.0;29;?;139;-139;111.0;29;-467.0;-234.0
681.0;?;-100.0;?;-107;126.0;-112;?;-245.0
?;0;24.0;38;-38;141.0;0;-489.0;-258.0
687.0;18;-42.0;-45;45;154.0;18;?;?
691.0;-43;-230.0;-8;8;165.0;-43;-499.0;?
699.0;?;-265.0;26;-26;?;-16;-504.0;-289.0
709.0;-21;-166.0;11;-11;186.0;-21;-513.0;-298.0
717.0;16;-297.0;9;-9;195.0;?;-524.0;-306.0
723.0;-36;?;?;?;203.0;-36;-535.0;-315.0
?;-62;-156.0;26;?;211.0;-62;-547.0;-324.0
728.0;?;-93.0;32;-32;218.0;1;-559.0;-330.0
729.0;63;-39.0;?;-35;?;63;-568.0;-336.0
728.0;71;26.0;9;-9;?;71;-576.0;-342.0
726.0;13;-186.0;8;-8;230.0;13;-582.0;-354.0
725.0;-24;-329.0;43;-43;235.0;-24;-587.0;-363.0
722.0;-12;-491.0;47;-47;239.0;-12;-591.0;-368.0
?;1;-801.0;50;-50;241.0;1;-592.0;-373.0
716.0;-16;-1101.0;34;-34;242.0;-16;-593.0;-375.0
712.0;-37;-1038.0;0;?;240.0;-37;-596.0;-373.0
707.0;-3;-964.0;-14;14;240.0;?;-603.0;-372.0
702.0;36;-825.0;-32;32;238.0;36;-607.0;?
698.0;26;-439.0;-27;?;237.0;26;-611.0;-368.0
?;34;-58.0;-27;27;236.0;34;-614.0;-369.0
691.0;7;298.0;-30;30;?;?;?;-370.0
692.0;-9;448.0;6;?;236.0;-9;-609.0;?
?;36;524.0;47;-47;239.0;36;-606.0;-376.0
700.0;22;557.0;45;-45;241.0;22;-600.0;-380.0
?;14;?;-3;?;244.0;14;?;-385.0
714.0;4;679.0;?;?;247.0;?;-588.0;-389.0
?;-20;581.0;23;-23;251.0;?;-583.0;?
726.0;-14;?;14;-14;?;-14;?;?
729.0;-15;407.0;16;-16;?;-15;-577.0;-400.0
?;-13;235.0;18;-18;267.0;?;-576.0;-405.0
?;-22;145.0;13;-13;272.0;-22;-577.0;-410.0
?;5;45.0;?;-21;277.0;5;-577.0;-414.0
736.0;-9;-19.0;?;-10;?;-9;-577.0;-417.0
737.0;-18;?;8;-8;287.0;-18;-576.0;-419.0
?;?;-92.0;8;-8;292.0;35;-575.0;-417.0
?;?;-259.0;-30;30;300.0;?;-574.0;-413.0
747.0;-5;-359.0;-18;18;310.0;-5;-573.0;-410.0
749.0;23;-342.0;-1;?;?;23;-575.0;-409.0
753.0;?;-367.0;?;16;324.0;-4;-574.0;-406.0
757.0;-17;-494.0;?;-11;331.0;?;-571.0;?
761.0;-34;-646.0;36;?;339.0;-34;-569.0;-395.0
766.0;-10;-680.0;18;-18;?;-10;-566.0;-390.0
772.0;29;-806.0;?;14;353.0;29;-562.0;-385.0
776.0;14;-1014.0;-3;?;360.0;14;?;-379.0
778.0;?;-962.0;-15;15;367.0;9;?;-376.0
?;15;-934.0;?;?;?;?;-566.0;-374.0
780.0;-3;-1002.0;-12;12;?;-3;-568.0;-372.0
778.0;21;-1131.0;?;-49;386.0;21;-572.0;-370.0
?;52;-1161.0;53;?;391.0;52;-576.0;-368.0
769.0;12;-1156.0;19;-19;397.0;12;-577.0;-365.0
763.0;0;-1153.0;9;-9;403.0;0;?;-361.0
759.0;16;?;?;-27;406.0;16;-576.0;-358.0
?;?;-915.0;26;-26;408.0;13;-579.0;-354.0
?;51;-660.0;46;-46;408.0;51;-581.0;-351.0
?;45;-278.0;64;-64;408.0;45;-583.0;-348.0
?;45;?;52;-52;407.0;45;?;-348.0
747.0;53;-20.0;80;-80;405.0;53;?;-347.0
747.0;?;58.0;?;?;404.0;15;?;-348.0
749.0;15;203.0;128;-128;402.0;15;-593.0;-348.0
?;36;259.0;208;?;400.0;36;-596.0;-349.0
752.0;115;295.0;494;-494;399.0;115;-597.0;?
754.0;152;199.0;723;-723;399.0;?;-599.0;-351.0
755.0;?;?;985;?;400.0;172;-599.0;?
757.0;393;272.0;?;-1257;?;393;-599.0;-354.0
759.0;558;226.0;?;-1291;400.0;558;-599.0;-357.0
761.0;603;158.0;1196;?;401.0;603;-600.0;-358.0
762.0;?;-2.0;801;-801;401.0;625;-602.0;-359.0
761.0;-122;?;661;?;?;-122;?;-359.0
757.0;-1015;?;563;-563;400.0;-1015;-609.0;-360.0
?;-1044;761.0;-129;?;?;-1044;-613.0;-360.0
?;-943;799.0;-282;282;399.0;-943;-613.0;-360.0
741.0;-958;?;-96;96;398.0;-958;-608.0;-359.0
743.0;-967;554.0;-588;588;?;-967;-606.0;-357.0
743.0;?;404.0;-1107;1107;395.0;-1061;-606.0;-353.0
743.0;-987;?;-961;961;393.0;-987;-608.0;?
741.0;-871;66.0;-809;?;391.0;?;-613.0;-345.0
737.0;-795;-109.0;-584;584;388.0;-795;?;-343.0
733.0;-734;?;-233;233;?;-734;-624.0;-341.0
?;-722;74.0;-798;798;381.0;-722;-629.0;?
730.0;35;269.0;?;?;376.0;35;-634.0;-339.0
?;?;254.0;607;-607;372.0;592;-639.0;?
725.0;69;?;?;835;367.0;69;-644.0;-338.0
721.0;-22;87.0;?;337;363.0;-22;-646.0;?
717.0;2;157.0;338;-338;357.0;2;-646.0;-332.0
713.0;-92;166.0;-35;35;351.0;-92;-646.0;-328.0
?;122;186.0;?;-145;345.0;?;-647.0;-324.0
708.0;?;208.0;?;-29;338.0;93;-647.0;-322.0
708.0;-10;265.0;?;?;331.0;-10;-648.0;?
706.0;?;?;63;-63;?;-15;-650.0;-320.0
704.0;?;280.0;1;-1;319.0;34;-654.0;-320.0
700.0;58;158.0;?;?;316.0;?;-658.0;-320.0
696.0;30;200.0;66;?;?;30;-662.0;-321.0
693.0;26;256.0;94;-94;313.0;26;-666.0;-323.0
691.0;26;272.0;33;-33;?;26;-669.0;?
691.0;?;303.0;42;-42;?;?;-671.0;?
693.0;-8;259.0;?;-79;314.0;-8;-672.0;-334.0
?;?;109.0;122;?;?;-32;-669.0;-339.0
700.0;-37;-21.0;?;-181;?;?;-663.0;?
705.0;-24;-226.0;?;?;318.0;-24;-656.0;?
708.0;-4;-417.0;314;-314;320.0;-4;-650.0;-341.0
708.0;?;-256.0;284;-284;?;-17;-645.0;?
704.0;?;?;232;-232;?;?;-642.0;-343.0
?;-98;-607.0;253;?;?;-98;-638.0;-346.0
696.0;-151;?;283;-283;329.0;-151;-632.0;-349.0
693.0;-44;-561.0;277;-277;330.0;?;-624.0;?
691.0;?;-549.0;?;-212;330.0;-36;-617.0;?
689.0;-73;-437.0;?;-142;329.0;-73;?;-354.0
685.0;?;-289.0;68;-68;327.0;-48;-610.0;?
681.0;-27;-185.0;-39;?;325.0;?;-611.0;-359.0
677.0;12;-53.0;-125;125;323.0;12;-613.0;-363.0
?;-5;?;-114;114;321.0;-5;-616.0;?
674.0;-65;493.0;-66;66;318.0;-65;-621.0;-369.0
673.0;-43;729.0;-74;74;316.0;-43;?;-372.0
672.0;?;879.0;-60;60;314.0;-52;-642.0;-376.0
669.0;-43;?;-82;82;312.0;-43;-660.0;-377.0
664.0;-34;942.0;-110;?;310.0;-34;-680.0;-380.0
657.0;-57;?;?;46;310.0;-57;?;?
655.0;-2;?;?;?;307.0;-2;-713.0;-386.0
?;-41;?;-47;47;305.0;?;-720.0;-387.0
663.0;50;314.0;49;?;303.0;50;?;-390.0
?;?;357.0;121;-121;301.0;?;-731.0;?
662.0;22;?;102;?;?;22;-737.0;-395.0
658.0;23;574.0;?;-52;?;23;-742.0;-396.0
654.0;-191;569.0;-267;267;298.0;-191;-747.0;-395.0
651.0;1080;542.0;?;1322;296.0;1080;?;-392.0
649.0;2076;164.0;?;2542;293.0;?;-751.0;-387.0
647.0;2499;-320.0;-2418;?;290.0;2499;?;-381.0
648.0;3612;-481.0;-1335;1335;288.0;?;-747.0;-373.0
651.0;2988;-390.0;-420;420;284.0;2988;-739.0;?
656.0;1200;-476.0;217;-217;278.0;1200;?;?
663.0;733;-357.0;21;-21;270.0;733;-719.0;-336.0
670.0;914;?;-279;279;262.0;914;-708.0;-324.0
675.0;615;-313.0;?;819;255.0;615;-698.0;-314.0
?;310;?;-1248;1248;251.0;310;-688.0;-304.0
?;180;-529.0;-823;823;245.0;180;-677.0;-291.0
685.0;133;-570.0;-1010;1010;237.0;133;-665.0;-272.0
688.0;721;-535.0;-878;878;?;?;-653.0;-241.0
690.0;1177;-497.0;?;413;?;1177;-640.0;-207.0
?;1095;-418.0;?;406;200.0;1095;-630.0;-174.0
688.0;?;?;-244;244;183.0;1240;-626.0;?
684.0;1265;-418.0;-232;232;165.0;1265;-622.0;-105.0
679.0;699;?;2;-2;?;699;-623.0;-75.0
?;73;-814.0;?;?;135.0;73;-629.0;?
656.0;-105;-940.0;257;-257;121.0;?;-631.0;-42.0
647.0;-28;-619.0;302;-302;107.0;-28;?;-36.0
?;-16;-305.0;297;-297;93.0;-16;-630.0;-35.0
642.0;?;-124.0;240;-240;79.0;-3;-631.0;-37.0
634.0;45;-152.0;?;-167;?;45;-631.0;-38.0
?;27;-178.0;147;-147;50.0;27;?;-38.0
619.0;25;65.0;183;-183;36.0;25;?;?
?;58;5.0;?;?;?;58;-620.0;-29.0
607.0;5;-138.0;?;-137;12.0;5;-615.0;-23.0
602.0;-14;-257.0;131;-131;1.0;?;-611.0;-18.0
?;?;?;153;?;-8.0;16;-607.0;-10.0
596.0;-60;-161.0;87;-87;-15.0;-60;-602.0;-3.0
595.0;-28;?;36;?;?;?;-598.0;3.0
595.0;59;-145.0;-9;?;?;59;-595.0;7.0
?;7;?;-112;?;?;7;-592.0;11.0
598.0;23;-87.0;?;120;?;23;-590.0;15.0
601.0;49;-82.0;-127;127;-25.0;49;-589.0;17.0
602.0;26;-50.0;?;179;-25.0;26;-589.0;18.0
601.0;40;-223.0;-115;?;-22.0;?;-589.0;?
601.0;-6;-58.0;?;13;-21.0;?;-587.0;18.0
601.0;-46;85.0;7;?;?;-46;-585.0;19.0
?;-25;-9.0;-9;?;-19.0;-25;-584.0;22.0
598.0;-48;-39.0;-28;28;-18.0;-48;-583.0;?
599.0;-39;-51.0;-36;36;-17.0;?;?;27.0
600.0;23;-52.0;?;30;-15.0;23;-581.0;28.0
601.0;22;2.0;-11;?;-12.0;22;-580.0;?
602.0;-12;?;-29;29;-11.0;-12;-582.0;30.0
603.0;-48;-57.0;-116;116;?;-48;-583.0;?
603.0;-55;-16.0;?;155;-5.0;?;-585.0;27.0
602.0;-5;-76.0;?;?;-1.0;-5;?;23.0
603.0;31;-68.0;?;?;5.0;31;-590.0;?
?;14;-15.0;-113;113;12.0;14;-591.0;3.0
?;14;1.0;-54;54;18.0;?;?;-9.0
610.0;?;-12.0;-64;64;24.0;25;-597.0;?
611.0;-18;-59.0;?;?;32.0;-18;-601.0;-35.0
611.0;-33;?;?;-64;37.0;?;-606.0;-45.0
610.0;-8;-51.0;17;-17;42.0;?;-611.0;-55.0
606.0;7;-116.0;-23;23;49.0;7;?;-63.0
604.0;8;-102.0;-21;21;?;8;-619.0;-69.0
604.0;?;-155.0;-59;59;59.0;-21;-622.0;-75.0
601.0;?;-237.0;-101;101;64.0;-8;?;-79.0
599.0;27;?;-139;139;69.0;?;?;?
597.0;6;-202.0;-103;103;73.0;6;-626.0;-87.0
595.0;-26;-206.0;-22;22;80.0;-26;-627.0;-91.0
592.0;-19;-240.0;?;22;?;?;-627.0;?
?;?;-139.0;1;?;89.0;?;-628.0;-94.0
582.0;11;-205.0;?;-24;93.0;?;-628.0;-95.0
580.0;?;-9.0;-12;12;96.0;-16;?;-95.0
577.0;?;-2.0;?;52;98.0;-25;-629.0;-96.0
574.0;-14;-92.0;?;64;100.0;-14;-629.0;?
?;11;-119.0;?;?;101.0;?;-629.0;-95.0
571.0;30;-101.0;?;38;102.0;30;-628.0;-94.0
570.0;5;-58.0;?;?;103.0;5;-627.0;-94.0
?;-42;-70.0;?;48;104.0;-42;-626.0;-93.0
568.0;-56;-48.0;-51;51;105.0;-56;-626.0;-93.0
568.0;-66;-102.0;-14;?;?;-66;?;-94.0
566.0;-56;6.0;-9;?;?;-56;?;-93.0
565.0;-14;-41.0;-18;18;105.0;-14;-625.0;-92.0
565.0;-68;-24.0;19;-19;105.0;-68;-624.0;-92.0
?;?;-79.0;-22;22;105.0;?;-625.0;-91.0
562.0;?;-20.0;-60;60;106.0;?;?;-91.0
561.0;-23;60.0;-15;15;?;-23;-623.0;-91.0
?;-15;-50.0;-35;?;106.0;-15;-622.0;-91.0
?;11;-53.0;?;43;105.0;?;-621.0;?
559.0;-5;-34.0;-34;34;?;-5;?;-91.0
559.0;?;?;-65;?;?;-22;-621.0;?
558.0;?;-9.0;-73;73;104.0;-34;?;-90.0
558.0;-7;20.0;-55;55;104.0;-7;-619.0;-90.0
?;17;-4.0;-19;19;104.0;?;?;-90.0
557.0;-8;-7.0;?;?;102.0;-8;-617.0;-91.0
?;-70;-14.0;-31;31;103.0;-70;?;-91.0
?;-95;?;-54;54;101.0;-95;?;-91.0
557.0;?;14.0;-61;?;100.0;-38;?;-91.0
557.0;-4;5.0;?;35;101.0;?;-613.0;-92.0
558.0;-24;15.0;-49;49;100.0;-24;?;-93.0
558.0;?;-42.0;-51;51;99.0;-27;-610.0;?
560.0;-74;-22.0;-45;45;?;-74;-608.0;-95.0
562.0;-54;25.0;?;58;98.0;-54;-607.0;-94.0
562.0;29;?;-77;77;98.0;29;?;-95.0
562.0;19;69.0;-113;113;98.0;?;-608.0;?
561.0;13;6.0;-65;65;97.0;13;-608.0;-95.0
561.0;-29;50.0;?;?;96.0;-29;-608.0;-96.0
561.0;-31;2.0;-52;52;97.0;-31;-607.0;-97.0
560.0;10;-52.0;-77;77;96.0;10;-607.0;-97.0
?;-4;-23.0;-22;22;95.0;-4;-606.0;-97.0
560.0;39;19.0;3;-3;95.0;39;-606.0;?
560.0;46;-3.0;53;-53;95.0;46;-606.0;-98.0
560.0;-3;-50.0;60;-60;94.0;-3;-605.0;-98.0
561.0;1;?;30;-30;95.0;1;-604.0;-99.0
564.0;-9;68.0;52;-52;94.0;-9;-603.0;-99.0
566.0;?;-20.0;25;?;93.0;8;-601.0;-99.0
568.0;41;41.0;10;-10;94.0;41;-599.0;-100.0
570.0;?;?;70;-70;94.0;-10;-598.0;?
571.0;19;-39.0;49;-49;94.0;19;-596.0;-99.0
?;40;?;?;-19;94.0;40;-595.0;-99.0
577.0;6;-22.0;80;?;94.0;6;?;-99.0
579.0;37;-52.0;?;-87;?;37;-590.0;-99.0
582.0;6;107.0;58;-58;?;6;-588.0;-100.0
584.0;-12;33.0;61;-61;96.0;-12;-587.0;-100.0
585.0;?;?;35;?;?;0;?;-101.0
588.0;-1;-45.0;-4;?;98.0;-1;-582.0;-101.0
589.0;?;-60.0;?;?;98.0;32;-581.0;-101.0
?;27;-52.0;-3;3;98.0;27;?;-102.0
592.0;?;-78.0;-16;16;99.0;?;-577.0;?
594.0;10;-153.0;10;-10;100.0;10;-575.0;-103.0
596.0;1;-91.0;11;-11;100.0;1;-573.0;-103.0
598.0;34;-96.0;?;9;102.0;34;-570.0;-104.0
601.0;39;-30.0;-39;39;102.0;39;-567.0;-104.0
604.0;-13;-62.0;-46;46;102.0;-13;-564.0;-104.0
605.0;?;?;?;-25;104.0;44;-563.0;-105.0
?;99;-101.0;46;?;104.0;99;?;-105.0
607.0;67;-28.0;101;-101;104.0;67;-561.0;-105.0
609.0;38;42.0;169;-169;104.0;38;-562.0;-105.0
?;-11;?;141;?;?;-11;-562.0;-105.0
610.0;-36;4.0;91;-91;103.0;?;-561.0;?
611.0;-15;?;?;-40;103.0;-15;-559.0;-106.0
613.0;-22;-52.0;31;-31;103.0;-22;-558.0;-106.0
615.0;10;?;-67;67;102.0;10;-555.0;-105.0
618.0;38;-39.0;-81;81;102.0;38;-552.0;-106.0
621.0;28;?;30;?;101.0;28;?;?
624.0;38;-115.0;2;-2;99.0;38;-546.0;-107.0
628.0;-10;?;3;-3;99.0;-10;-540.0;-108.0
635.0;?;-304.0;?;19;99.0;-17;-535.0;-113.0
641.0;?;?;-42;42;99.0;?;-531.0;?
?;10;-364.0;-3;3;?;10;-527.0;-120.0
648.0;-23;-136.0;42;-42;101.0;-23;-529.0;-122.0
645.0;?;-103.0;81;-81;100.0;12;-535.0;-121.0
640.0;?;-13.0;-22;22;?;4;-541.0;-119.0
?;-41;?;-50;50;97.0;-41;-547.0;-116.0
622.0;-14;46.0;1;?;96.0;-14;-554.0;-113.0
?;2;83.0;-20;20;96.0;2;?;-110.0
603.0;-36;107.0;-24;?;95.0;-36;?;-108.0
595.0;-29;183.0;-41;41;95.0;-29;-567.0;-105.0
?;-18;262.0;-40;40;95.0;-18;-573.0;?
584.0;-45;?;?;30;?;?;?;-102.0
?;?;612.0;-37;37;95.0;-56;-591.0;-100.0
?;-41;591.0;-47;47;96.0;-41;-605.0;-101.0
574.0;-14;605.0;-54;54;96.0;-14;-616.0;-101.0
572.0;?;627.0;-36;36;96.0;13;-623.0;-101.0
574.0;26;646.0;-13;13;?;26;-629.0;?
575.0;6;677.0;43;?;95.0;6;-636.0;-102.0
574.0;-78;644.0;25;-25;95.0;-78;-642.0;-102.0
575.0;?;558.0;?;26;96.0;-42;-647.0;-103.0
576.0;57;400.0;-3;3;96.0;57;-652.0;?
575.0;-2;267.0;-2;2;96.0;-2;?;-103.0
569.0;8;33.0;-4;4;96.0;8;-658.0;-103.0
569.0;?;-15.0;-49;?;96.0;44;-654.0;?
573.0;-17;?;-106;?;?;-17;-652.0;-101.0
576.0;?;298.0;-88;88;97.0;-20;-651.0;-100.0
576.0;?;89.0;-55;55;?;5;-651.0;-100.0
576.0;23;?;?;12;98.0;23;-649.0;-98.0
577.0;27;-52.0;13;-13;99.0;?;-648.0;-98.0
577.0;?;24.0;19;-19;99.0;-2;-648.0;-97.0
?;?;-56.0;-9;9;?;-14;-648.0;?
576.0;?;-26.0;-58;58;?;-4;-647.0;-96.0
?;-14;-59.0;?;64;?;-14;-646.0;-95.0
575.0;-10;-93.0;?;?;100.0;-10;-643.0;-94.0
575.0;5;-79.0;-79;79;101.0;?;-643.0;-93.0
?;7;-61.0;-61;61;100.0;7;-642.0;-93.0
?;22;-103.0;-39;39;100.0;?;-642.0;-93.0
571.0;12;-72.0;-47;47;100.0;12;?;-93.0
572.0;-32;-46.0;-72;72;100.0;?;?;-92.0
573.0;-31;-104.0;-88;88;99.0;-31;?;-91.0
574.0;-27;-72.0;-125;125;99.0;?;-634.0;-91.0
575.0;-71;-14.0;-175;175;100.0;-71;-633.0;-91.0
576.0;-101;?;-170;?;99.0;-101;-631.0;-90.0
577.0;-97;-61.0;-179;179;99.0;-97;-629.0;-90.0
578.0;-97;-46.0;-182;182;99.0;?;-627.0;-89.0
579.0;-55;-8.0;?;75;?;-55;?;-89.0
?;23;?;-23;23;100.0;23;?;-89.0
580.0;-19;115.0;-18;18;?;-19;?;-89.0
577.0;-32;34.0;-3;3;?;-32;-626.0;?
575.0;37;-124.0;8;-8;102.0;37;-626.0;-89.0
575.0;-5;-82.0;12;-12;102.0;-5;-625.0;-89.0
575.0;-23;-30.0;-51;51;?;?;-624.0;-89.0
575.0;?;3.0;-16;?;104.0;-20;-623.0;-89.0
574.0;-56;-70.0;-14;14;104.0;?;-622.0;-89.0
573.0;?;-78.0;?;63;105.0;-4;-621.0;-90.0
573.0;58;33.0;9;-9;106.0;58;-620.0;-91.0
572.0;35;-23.0;13;-13;107.0;35;-620.0;-91.0
?;-7;-5.0;5;?;107.0;-7;-618.0;-91.0
573.0;-20;9.0;27;-27;108.0;-20;-617.0;-92.0
?;?;15.0;9;-9;108.0;-27;-616.0;?
574.0;-24;-30.0;21;-21;107.0;-24;?;?
575.0;?;?;?;-16;108.0;?;-613.0;-93.0
576.0;?;25.0;?;29;108.0;-34;-611.0;-93.0
578.0;20;?;?;25;108.0;20;-610.0;-93.0
579.0;6;3.0;?;3;109.0;6;-609.0;-92.0
581.0;?;-50.0;-4;4;?;?;-606.0;?
583.0;17;-47.0;10;-10;108.0;17;-604.0;?
584.0;-13;32.0;7;?;?;?;-604.0;-94.0
585.0;-28;55.0;?;35;108.0;-28;-604.0;?
?;-16;9.0;-55;55;107.0;-16;-604.0;-94.0
585.0;-9;-23.0;-17;17;108.0;?;-603.0;-94.0
585.0;?;-32.0;9;-9;?;?;-603.0;-94.0
584.0;?;3.0;-7;?;?;-36;-602.0;-94.0
585.0;-67;?;-14;?;109.0;-67;-600.0;-94.0
?;-4;12.0;?;5;?;-4;-598.0;-94.0
587.0;1;?;-7;7;108.0;1;-596.0;-94.0
588.0;2;?;-20;20;109.0;2;-594.0;-95.0
589.0;-22;?;-3;3;108.0;-22;-592.0;-96.0
591.0;-64;14.0;28;-28;108.0;-64;-590.0;?
?;-18;-78.0;36;-36;109.0;-18;-589.0;-98.0
593.0;-8;-38.0;?;?;?;-8;?;-98.0
594.0;24;-111.0;32;-32;?;?;-585.0;-97.0
?;25;-105.0;50;?;108.0;25;?;?
600.0;10;-100.0;50;-50;107.0;10;-580.0;-98.0
603.0;36;?;?;-28;107.0;36;-577.0;?
605.0;17;?;?;-45;108.0;17;-575.0;-98.0
609.0;38;-126.0;22;-22;?;?;-572.0;?
?;-2;-75.0;?;9;108.0;-2;-570.0;-99.0
613.0;-43;-87.0;2;?;109.0;-43;-569.0;-99.0
615.0;?;-43.0;-9;9;?;-36;-567.0;?
616.0;-32;?;-2;2;109.0;-32;-566.0;-99.0
617.0;5;-109.0;?;?;110.0;5;-564.0;-100.0
618.0;-46;-173.0;-13;13;110.0;-46;-563.0;-101.0
620.0;-56;-171.0;-33;33;110.0;-56;-561.0;?
621.0;14;-114.0;-36;36;111.0;14;-559.0;-101.0
624.0;26;-78.0;-27;27;?;26;?;-101.0
625.0;27;-56.0;19;-19;111.0;27;?;-100.0
627.0;3;-57.0;?;-45;?;3;-553.0;-101.0
629.0;-22;?;33;-33;?;-22;-551.0;-101.0
630.0;13;-80.0;-18;18;113.0;?;?;?
631.0;20;?;-30;30;115.0;20;-549.0;?
?;-9;?;?;12;?;-9;-548.0;-103.0
634.0;-14;?;-3;3;116.0;-14;?;-103.0
634.0;-1;-44.0;17;-17;117.0;-1;-549.0;?
634.0;41;-48.0;-2;?;118.0;41;-549.0;-104.0
635.0;34;-100.0;22;-22;118.0;?;-549.0;-104.0
636.0;14;-159.0;70;-70;120.0;14;-548.0;-104.0
637.0;14;-70.0;?;-81;120.0;14;-546.0;?
638.0;6;5.0;117;-117;?;?;-545.0;-106.0
640.0;49;-97.0;?;-122;122.0;49;-542.0;-107.0
?;48;-145.0;105;-105;122.0;48;?;-107.0
?;11;?;117;-117;122.0;11;-540.0;?
646.0;?;-166.0;137;?;123.0;40;-538.0;?
650.0;16;-381.0;?;-188;123.0;16;-535.0;?
656.0;?;-337.0;199;-199;?;-25;-532.0;-112.0
?;13;-411.0;135;-135;125.0;13;-528.0;-116.0
661.0;?;-278.0;153;-153;126.0;-17;-527.0;-119.0
662.0;-53;31.0;191;-191;?;-53;-528.0;-121.0
660.0;?;156.0;206;-206;129.0;-7;-531.0;-123.0
658.0;18;111.0;?;-228;129.0;18;-539.0;-123.0
654.0;26;220.0;?;-209;?;26;?;-124.0
649.0;?;?;214;-214;132.0;14;-554.0;-124.0
642.0;?;451.0;214;?;133.0;-3;-561.0;-122.0
?;22;370.0;?;-204;135.0;22;-571.0;-120.0
?;17;?;?;-190;138.0;17;-579.0;-118.0
615.0;?;265.0;167;-167;138.0;-28;-585.0;?
607.0;-18;206.0;?;?;139.0;-18;?;?
602.0;15;61.0;109;-109;140.0;15;-597.0;-106.0
?;8;-20.0;7;-7;142.0;8;-597.0;-100.0
606.0;10;?;-27;27;144.0;10;-595.0;-91.0
612.0;16;-122.0;11;-11;146.0;?;-593.0;-79.0
618.0;?;-45.0;37;?;146.0;4;?;-64.0
?;-29;?;28;-28;146.0;?;-585.0;-50.0
629.0;-76;-112.0;30;-30;143.0;-76;-582.0;-33.0
632.0;-42;-127.0;?;3;138.0;-42;-578.0;-14.0
633.0;14;-132.0;-47;47;133.0;14;-575.0;6.0
632.0;?;-103.0;-20;?;129.0;12;?;20.0
631.0;-6;-86.0;?;-17;127.0;?;-569.0;26.0
630.0;-16;2.0;-16;16;125.0;-16;-568.0;?
628.0;31;59.0;-36;36;123.0;?;-568.0;?
626.0;87;9.0;-3;3;?;87;-569.0;33.0
625.0;?;40.0;?;?;?;?;-570.0;34.0
?;-14;92.0;-86;86;?;-14;?;35.0
622.0;-3;47.0;-45;45;113.0;-3;-573.0;37.0
621.0;35;85.0;-111;111;111.0;35;-573.0;37.0
620.0;?;72.0;-111;111;111.0;11;-574.0;36.0
620.0;-14;52.0;-60;60;109.0;-14;-575.0;36.0
620.0;4;25.0;-112;112;107.0;4;-575.0;38.0
620.0;?;?;-144;144;?;2;-574.0;39.0
620.0;?;25.0;-124;?;103.0;?;-574.0;41.0
621.0;-22;2.0;-92;92;?;-22;-573.0;41.0
622.0;-38;-11.0;-53;53;100.0;-38;-572.0;38.0
623.0;-13;20.0;?;45;100.0;-13;-571.0;32.0
623.0;23;?;-51;51;99.0;23;-571.0;?
624.0;-1;127.0;-15;?;98.0;-1;-573.0;14.0
623.0;-25;123.0;7;-7;?;?;-575.0;3.0
622.0;-3;158.0;-17;17;96.0;-3;?;-8.0
620.0;21;192.0;?;36;95.0;21;?;-18.0
619.0;-1;208.0;-52;52;94.0;-1;-582.0;-28.0
?;-15;?;-49;49;92.0;?;-583.0;?
620.0;-16;174.0;-47;47;90.0;-16;-584.0;-41.0
621.0;?;?;-91;91;?;-6;-585.0;-46.0
623.0;28;118.0;-110;?;88.0;28;-585.0;-48.0
625.0;-7;?;-77;77;88.0;-7;-583.0;-49.0
?;-19;67.0;-57;?;?;-19;-581.0;-49.0
629.0;11;70.0;-56;?;86.0;11;-579.0;-47.0
630.0;?;74.0;-89;?;85.0;?;?;-46.0
?;-6;3.0;-79;79;82.0;-6;-574.0;-43.0
?;?;43.0;13;?;80.0;-1;-571.0;-41.0
629.0;-13;?;15;-15;77.0;-13;?;?
631.0;-14;-1.0;0;0;75.0;?;-565.0;-38.0
632.0;-16;2.0;?;?;72.0;-16;-564.0;-36.0
632.0;-14;-37.0;26;?;?;-14;-562.0;?
633.0;-5;38.0;?;-34;66.0;-5;-560.0;?
635.0;-5;156.0;44;-44;?;-5;-559.0;-33.0
?;5;?;6;-6;61.0;5;-558.0;-33.0
637.0;22;63.0;-41;41;59.0;22;-559.0;-35.0
636.0;11;28.0;-19;19;57.0;11;-559.0;-37.0
636.0;19;-4.0;16;-16;?;19;-560.0;-37.0
636.0;46;56.0;-18;18;55.0;46;-560.0;-38.0
?;21;37.0;-10;?;55.0;21;-560.0;-38.0
636.0;-12;12.0;35;-35;55.0;-12;-559.0;-39.0
637.0;-12;?;48;-48;55.0;-12;-559.0;-39.0
637.0;-2;-7.0;32;-32;?;?;-558.0;-38.0
637.0;?;?;38;-38;55.0;-6;-557.0;-38.0
?;-40;?;43;-43;?;?;-556.0;-36.0
638.0;-34;-75.0;-17;?;55.0;-34;-556.0;-35.0
639.0;11;-11.0;1;?;55.0;?;?;-34.0
639.0;-9;-4.0;?;-2;?;?;-555.0;-34.0
639.0;?;30.0;-49;49;56.0;-5;-555.0;-34.0
?;26;10.0;-44;44;56.0;26;?;-34.0
639.0;-26;-21.0;?;48;56.0;-26;-555.0;-33.0
639.0;-14;?;5;-5;57.0;-14;-555.0;-33.0
639.0;42;19.0;29;-29;58.0;42;-554.0;-34.0
639.0;?;14.0;51;-51;60.0;-15;-554.0;-34.0
?;-43;?;182;-182;62.0;-43;-555.0;-35.0
640.0;-65;-38.0;237;-237;64.0;-65;-555.0;-35.0
?;-215;19.0;?;-228;?;-215;-555.0;?
640.0;?;-11.0;277;?;68.0;-347;-555.0;?
640.0;-473;?;?;-277;71.0;-473;-556.0;-42.0
640.0;-585;9.0;211;-211;75.0;-585;-556.0;-46.0
641.0;?;-3.0;242;-242;?;?;?;-51.0
641.0;-431;101.0;245;?;?;-431;?;-59.0
?;?;117.0;?;-133;?;-252;-559.0;-69.0
?;12;90.0;104;-104;97.0;12;?;-80.0
646.0;175;62.0;?;?;106.0;?;-563.0;-94.0
651.0;?;80.0;71;-71;116.0;228;-565.0;-108.0
659.0;266;157.0;219;-219;126.0;266;?;-121.0
666.0;219;132.0;280;-280;?;219;-567.0;-133.0
?;120;-11.0;242;-242;148.0;?;-566.0;-144.0
678.0;75;-61.0;181;-181;?;75;-564.0;-154.0
686.0;?;40.0;98;-98;168.0;98;?;-164.0
?;112;?;101;?;178.0;112;-558.0;-174.0
700.0;161;?;127;?;188.0;161;-558.0;-184.0
706.0;222;?;118;?;?;222;-558.0;?
?;323;17.0;?;-142;207.0;323;-558.0;?
714.0;683;16.0;141;-141;217.0;683;-559.0;-208.0
717.0;754;-28.0;236;-236;226.0;754;-559.0;-213.0
719.0;755;20.0;264;-264;234.0;755;-560.0;-216.0
721.0;?;20.0;?;-274;?;524;-559.0;-217.0
725.0;220;-21.0;377;-377;251.0;220;-558.0;-217.0
729.0;86;18.0;?;-282;?;86;-557.0;-215.0
?;-1909;78.0;503;?;?;?;-556.0;-212.0
735.0;-3402;74.0;830;?;?;-3402;-554.0;-207.0
739.0;-2919;198.0;?;?;281.0;-2919;?;-202.0
?;?;142.0;394;-394;287.0;-3275;-549.0;-194.0
746.0;-3758;?;522;-522;291.0;-3758;-544.0;-185.0
750.0;-3429;192.0;455;-455;?;?;-538.0;-178.0
?;?;76.0;?;?;298.0;-3086;-533.0;-176.0
760.0;-2749;?;474;-474;303.0;-2749;-527.0;-180.0
764.0;-1960;-197.0;576;-576;307.0;-1960;-522.0;-188.0
768.0;-971;-126.0;404;-404;312.0;-971;-518.0;-198.0
769.0;-516;-57.0;-224;224;314.0;?;?;-209.0
770.0;?;140.0;-629;629;315.0;-408;-513.0;-221.0
768.0;-153;91.0;-494;494;?;-153;-516.0;-232.0
764.0;12;152.0;-235;235;314.0;12;-519.0;-243.0
759.0;-108;233.0;-1;1;314.0;-108;-524.0;-252.0
?;-180;365.0;87;-87;315.0;-180;-529.0;-262.0
?;-99;510.0;-3;3;?;-99;-533.0;-271.0
745.0;-12;?;25;?;?;-12;?;-278.0
744.0;-10;519.0;59;-59;321.0;?;-540.0;-283.0
747.0;13;410.0;-7;?;324.0;13;-542.0;-289.0
746.0;20;123.0;-8;8;327.0;20;-547.0;-295.0
744.0;-15;-116.0;?;-26;331.0;?;-555.0;-301.0
744.0;22;-393.0;43;-43;334.0;?;?;-306.0
742.0;-2;?;-5;5;337.0;-2;-573.0;-309.0
740.0;?;-578.0;-15;15;?;-34;-580.0;-313.0
738.0;?;-248.0;31;-31;340.0;-46;-587.0;-320.0
734.0;-76;16.0;34;-34;342.0;-76;?;?
730.0;-29;460.0;-1;?;343.0;-29;-596.0;-338.0
?;-4;488.0;?;43;343.0;-4;?;-344.0
731.0;-1;440.0;-19;19;343.0;-1;-596.0;-349.0
735.0;4;387.0;-2;2;343.0;4;-592.0;-356.0
739.0;?;205.0;-18;?;?;-23;-591.0;?
741.0;?;222.0;-38;38;348.0;-12;?;-378.0
740.0;-12;225.0;-63;63;?;-12;?;-388.0
?;-49;338.0;-21;21;354.0;?;-591.0;-399.0
741.0;-16;346.0;14;-14;357.0;-16;?;-409.0
743.0;-18;?;?;?;360.0;-18;-592.0;-420.0
744.0;-31;?;?;13;363.0;-31;-596.0;?
743.0;?;361.0;?;14;366.0;7;-600.0;-439.0
?;5;?;?;23;?;5;-605.0;-445.0
?;25;85.0;-37;37;369.0;25;?;-450.0
734.0;?;-33.0;?;?;371.0;?;-614.0;-453.0
729.0;-16;20.0;-15;15;?;-16;-619.0;?
724.0;-4;?;?;10;?;-4;-624.0;-457.0
722.0;-3;79.0;?;34;373.0;-3;?;-461.0
721.0;32;210.0;-24;24;374.0;32;?;-463.0
722.0;36;367.0;-38;?;375.0;36;-627.0;-466.0
?;51;411.0;?;29;376.0;51;-627.0;-469.0
?;38;477.0;9;-9;378.0;38;?;-470.0
717.0;-26;543.0;-11;11;?;-26;-631.0;-470.0
715.0;-3;569.0;-2;2;377.0;?;-638.0;-467.0
711.0;28;537.0;?;?;375.0;28;-649.0;-463.0
709.0;?;469.0;-36;36;372.0;?;-658.0;-459.0
704.0;16;417.0;?;-7;369.0;16;-670.0;-457.0
698.0;79;442.0;?;?;365.0;?;?;-456.0
691.0;55;591.0;21;-21;361.0;55;?;-455.0
683.0;37;547.0;47;?;359.0;37;-711.0;-453.0
?;81;239.0;?;5;360.0;81;?;-453.0
680.0;?;241.0;7;-7;361.0;12;-720.0;-457.0
?;-9;?;31;-31;360.0;-9;?;-459.0
676.0;?;414.0;16;-16;359.0;38;-727.0;-460.0
681.0;36;136.0;24;-24;358.0;36;-725.0;-459.0
683.0;37;70.0;-22;22;?;37;-724.0;-457.0
688.0;1;-85.0;?;39;?;1;-721.0;-455.0
691.0;5;-257.0;-12;?;364.0;5;-719.0;?
691.0;19;-381.0;2;?;366.0;19;-719.0;-451.0
692.0;22;-338.0;-10;10;369.0;22;-718.0;-451.0
695.0;49;?;-10;10;372.0;49;-715.0;-450.0
700.0;?;-298.0;16;-16;375.0;28;-710.0;-450.0
705.0;-2;-430.0;3;-3;379.0;-2;-705.0;-449.0
?;-7;-593.0;-9;9;384.0;-7;-700.0;-449.0
713.0;1;?;7;-7;388.0;1;-696.0;-450.0
?;3;-688.0;19;-19;391.0;3;-692.0;-450.0
721.0;-16;-647.0;29;-29;395.0;-16;?;?
725.0;2;-556.0;55;-55;398.0;2;-683.0;-450.0
729.0;?;-566.0;46;-46;?;?;-679.0;?
732.0;?;-557.0;?;33;403.0;?;-674.0;-452.0
?;24;-512.0;-43;43;405.0;24;-670.0;-452.0
?;17;-535.0;-7;7;407.0;17;-666.0;-451.0
738.0;?;-543.0;-14;14;408.0;-14;-663.0;-451.0
740.0;?;-499.0;-4;4;?;?;-661.0;?
742.0;21;-579.0;-11;11;411.0;21;-660.0;-449.0
742.0;-21;-591.0;-6;6;411.0;?;-661.0;-447.0
741.0;8;-380.0;12;-12;411.0;?;?;-445.0
742.0;38;-356.0;4;?;411.0;?;?;-444.0
?;14;-266.0;-4;4;411.0;?;-664.0;-442.0
739.0;-4;-153.0;-21;21;410.0;?;-666.0;?
738.0;2;-131.0;?;?;410.0;2;-667.0;-441.0
740.0;6;189.0;-12;12;409.0;6;?;-439.0
741.0;-17;?;3;-3;408.0;-17;-666.0;-439.0
740.0;-6;316.0;21;?;408.0;-6;-667.0;?
741.0;?;522.0;26;-26;407.0;15;-666.0;-440.0
742.0;4;418.0;17;-17;406.0;4;-666.0;?
743.0;34;245.0;24;-24;406.0;34;-666.0;-441.0
742.0;11;?;28;?;?;?;-668.0;-442.0
740.0;-12;-85.0;26;-26;405.0;-12;-670.0;?
738.0;35;?;11;-11;405.0;35;-673.0;-444.0
731.0;15;-176.0;-13;13;?;15;-680.0;?
727.0;-24;141.0;-30;?;404.0;-24;-685.0;-444.0
?;?;-40.0;-44;44;404.0;-13;-687.0;-445.0
723.0;0;18.0;5;-5;404.0;0;?;-445.0
721.0;?;-76.0;36;-36;?;-9;-691.0;-447.0
?;0;-312.0;-13;13;403.0;0;-694.0;-449.0
716.0;?;-357.0;-3;3;404.0;16;-697.0;-449.0
713.0;?;-249.0;?;-36;404.0;-9;-700.0;-449.0
708.0;-30;96.0;21;-21;403.0;-30;-704.0;-449.0
?;-36;376.0;14;-14;403.0;-36;?;-449.0
698.0;2;463.0;-25;?;402.0;2;-714.0;-445.0
694.0;-3;?;-49;49;401.0;?;-717.0;-445.0
692.0;-36;446.0;?;?;401.0;?;-719.0;-446.0
690.0;18;507.0;-4;?;402.0;?;-720.0;-447.0
691.0;8;?;-18;18;403.0;8;?;?
?;3;135.0;8;-8;404.0;3;-717.0;-448.0
?;8;?;-33;33;?;8;-715.0;?
?;-25;17.0;-36;?;406.0;?;-714.0;-448.0
698.0;4;153.0;24;-24;407.0;4;-712.0;-448.0
698.0;0;?;2;-2;?;0;-711.0;?
?;-8;264.0;-34;34;409.0;-8;-711.0;?
?;-36;398.0;?;?;409.0;-36;?;-452.0
698.0;-50;?;-11;11;408.0;-50;-709.0;-454.0
699.0;-2;667.0;-22;?;407.0;-2;?;-456.0
699.0;-12;574.0;-14;14;?;-12;-708.0;-458.0
700.0;-22;561.0;-19;19;406.0;-22;-707.0;-459.0
701.0;0;552.0;?;-14;405.0;0;-705.0;-458.0
704.0;?;532.0;?;-22;405.0;?;-702.0;-458.0
708.0;14;516.0;6;-6;?;14;?;-458.0
712.0;?;385.0;16;?;406.0;-30;?;-459.0
717.0;-41;214.0;-2;2;409.0;-41;-688.0;-461.0
723.0;?;20.0;13;?;?;?;-683.0;-462.0
?;9;-10.0;?;-43;414.0;9;-677.0;-459.0
?;-33;?;22;-22;415.0;?;?;?
737.0;6;?;6;-6;416.0;?;-670.0;-454.0
738.0;-8;-181.0;?;-6;418.0;-8;-669.0;-454.0
?;-36;-244.0;-3;3;419.0;-36;-669.0;-454.0
?;-15;?;-10;10;420.0;-15;-669.0;?
739.0;-27;-151.0;-16;16;421.0;-27;?;-455.0
739.0;-7;-106.0;12;-12;421.0;-7;-669.0;-456.0
742.0;27;-134.0;8;?;?;27;-666.0;-455.0
746.0;?;-170.0;-34;34;?;-6;-662.0;-453.0
749.0;-25;-195.0;-2;?;421.0;-25;?;-451.0
753.0;-21;-388.0;22;-22;421.0;-21;?;-451.0
754.0;-3;-772.0;7;-7;?;?;-648.0;-450.0
?;-13;-963.0;9;-9;423.0;-13;-640.0;-449.0
761.0;7;?;6;-6;424.0;7;-626.0;-448.0
768.0;36;?;17;-17;425.0;36;-608.0;-446.0
775.0;-43;-954.0;13;-13;?;-43;-589.0;-443.0
?;-31;-881.0;?;19;427.0;-31;?;-440.0
786.0;43;-497.0;10;-10;428.0;?;-557.0;-440.0
783.0;?;73.0;?;19;429.0;18;?;?
?;-17;689.0;-46;46;429.0;-17;-556.0;?
?;?;1331.0;35;-35;427.0;5;-562.0;-441.0
?;30;?;35;?;423.0;30;-576.0;?
776.0;-6;1732.0;?;-13;420.0;?;-595.0;?
768.0;-3;1497.0;-13;13;416.0;-3;-618.0;?
761.0;16;?;?;9;411.0;?;?;-440.0
752.0;-8;742.0;53;-53;?;-8;?;?
741.0;?;293.0;?;-48;403.0;-5;-669.0;-449.0
730.0;?;-165.0;?;-11;402.0;-10;?;-456.0
?;-22;-182.0;-51;51;402.0;-22;-690.0;-462.0
715.0;-4;?;-45;45;402.0;-4;-697.0;-464.0
709.0;-10;?;9;-9;?;-10;-702.0;-464.0
?;1;26.0;17;-17;403.0;1;-702.0;-460.0
708.0;?;46.0;?;?;?;26;-701.0;-457.0
?;13;-142.0;-35;35;405.0;13;-697.0;?
715.0;21;-148.0;-29;29;405.0;21;-695.0;-455.0
714.0;-64;?;0;0;?;-64;?;-455.0
717.0;-116;-153.0;-69;?;404.0;-116;-690.0;-454.0
720.0;-87;-99.0;-44;44;403.0;?;-686.0;-451.0
721.0;-56;-97.0;10;-10;?;-56;?;?
721.0;93;-212.0;?;32;400.0;93;-683.0;?
722.0;-34;?;?;-149;400.0;-34;?;-444.0
721.0;-478;9.0;387;-387;399.0;?;-681.0;-442.0
722.0;?;?;595;-595;398.0;-874;-679.0;-441.0
724.0;?;-233.0;608;-608;398.0;-1267;?;-439.0
?;-1113;?;-61;?;398.0;-1113;-675.0;-436.0
725.0;-153;-450.0;-558;558;398.0;-153;-675.0;-434.0
724.0;695;?;?;113;398.0;695;-675.0;-432.0
722.0;1233;-300.0;272;-272;398.0;1233;?;-430.0
722.0;800;-337.0;?;-125;399.0;800;-673.0;-427.0
725.0;-188;-659.0;17;-17;399.0;-188;?;?
731.0;-123;-955.0;18;-18;399.0;-123;?;-420.0
739.0;-5;-1274.0;12;?;400.0;-5;-656.0;-417.0
744.0;-109;-1016.0;28;?;?;?;-652.0;?
744.0;?;-835.0;19;-19;?;-8;-652.0;-415.0
742.0;-35;-746.0;6;-6;402.0;?;-654.0;-415.0
738.0;-4;-619.0;?;-17;402.0;-4;-659.0;-416.0
732.0;2;-428.0;27;-27;401.0;2;-664.0;-414.0
728.0;-6;-334.0;11;-11;?;-6;-666.0;?
727.0;46;-121.0;-29;29;400.0;46;-666.0;-411.0
728.0;11;12.0;-39;39;401.0;11;-666.0;-412.0
?;-10;302.0;-9;9;401.0;-10;?;-415.0
731.0;36;383.0;?;33;399.0;36;-666.0;-419.0
734.0;28;212.0;-89;89;398.0;?;-668.0;-420.0
?;47;63.0;-77;77;?;47;-670.0;-420.0
731.0;45;-113.0;?;65;?;?;?;-421.0
728.0;7;?;-115;115;395.0;7;-679.0;-420.0
?;48;-717.0;-134;134;391.0;48;-680.0;-416.0
726.0;?;?;-87;87;388.0;59;-680.0;-411.0
727.0;23;?;-78;?;386.0;?;-679.0;-408.0
727.0;?;-967.0;-168;168;385.0;85;?;?
728.0;15;-771.0;-14;14;382.0;15;-677.0;-402.0
727.0;?;-128.0;-150;150;379.0;214;-676.0;-403.0
727.0;86;-8.0;-13;13;?;86;-675.0;-402.0
?;138;-157.0;14;-14;375.0;138;-675.0;?
726.0;402;-382.0;-220;220;376.0;?;-675.0;-400.0
728.0;-337;?;464;-464;378.0;-337;-672.0;-398.0
?;1614;?;-1186;1186;?;1614;?;-392.0
734.0;?;-488.0;-480;480;386.0;2033;-662.0;-387.0
738.0;-1190;-468.0;3481;-3481;391.0;-1190;?;?
743.0;-1328;?;3126;-3126;398.0;-1328;-648.0;?
747.0;-996;-396.0;2449;-2449;405.0;-996;?;-405.0
751.0;-1008;-351.0;2500;?;414.0;-1008;-633.0;?
752.0;?;-689.0;1696;-1696;424.0;-732;-627.0;-429.0
?;?;?;1182;-1182;433.0;-1584;-618.0;-446.0
758.0;?;-923.0;?;-165;438.0;-1904;-604.0;-463.0
?;?;-1013.0;-722;722;444.0;-1517;?;-467.0
?;-1171;-1061.0;-1072;1072;453.0;-1171;-563.0;?
?;-1272;-967.0;-781;781;?;?;-543.0;-479.0
779.0;-760;-864.0;-1611;?;464.0;-760;?;-481.0
781.0;528;-919.0;-2757;2757;467.0;528;-516.0;-486.0
785.0;?;-945.0;-2540;2540;470.0;1018;-513.0;-485.0
788.0;1257;-591.0;-2786;2786;475.0;1257;-515.0;-478.0
789.0;?;?;?;3487;480.0;2763;-522.0;-474.0
789.0;4723;635.0;-3873;3873;481.0;4723;-528.0;-467.0
791.0;5504;1282.0;-3332;3332;481.0;5504;-528.0;-455.0
794.0;4589;1775.0;-929;929;?;4589;-527.0;-439.0
?;2276;?;699;-699;480.0;2276;-528.0;-424.0
?;328;1491.0;66;-66;478.0;?;?;-413.0
798.0;-13;1159.0;25;-25;477.0;?;-532.0;-407.0
796.0;144;?;186;?;473.0;?;-535.0;?
793.0;107;306.0;-237;237;?;107;-538.0;?
?;148;162.0;-113;?;460.0;148;-540.0;-402.0
?;?;-49.0;27;-27;451.0;98;-540.0;-401.0
777.0;?;-522.0;?;-3;442.0;54;-541.0;-401.0
771.0;80;?;-47;47;431.0;80;-541.0;-401.0
765.0;93;-259.0;-81;?;?;93;?;-399.0
758.0;67;-272.0;?;71;?;67;-543.0;-397.0
750.0;?;-326.0;?;?;395.0;-9;-546.0;-396.0
741.0;-26;?;-65;65;381.0;-26;-548.0;?
731.0;-4;-171.0;-77;77;365.0;?;?;-401.0
722.0;?;-159.0;-92;92;347.0;-12;-553.0;-407.0
710.0;?;-405.0;-81;81;326.0;?;-559.0;-414.0
698.0;-30;-687.0;-114;?;305.0;?;-566.0;-415.0
685.0;-32;-1023.0;-19;19;285.0;?;-571.0;?
?;?;-1055.0;32;-32;268.0;?;-572.0;?
664.0;22;-906.0;-135;135;252.0;22;-569.0;-399.0
?;?;-878.0;-53;53;235.0;-20;?;-392.0
661.0;30;-908.0;-45;45;217.0;30;-562.0;-377.0
660.0;?;?;?;?;201.0;-4;?;?
657.0;-48;-694.0;?;40;186.0;?;-551.0;-350.0
651.0;?;-326.0;-3;3;172.0;-56;-543.0;-336.0
642.0;-37;-208.0;?;?;?;-37;-535.0;-325.0
631.0;-12;-287.0;67;-67;145.0;-12;?;-314.0
620.0;?;-345.0;29;-29;131.0;-47;-518.0;-306.0
609.0;-26;-355.0;76;?;?;-26;-510.0;-296.0
599.0;26;-359.0;13;?;105.0;26;-502.0;-286.0
587.0;15;-407.0;?;57;92.0;15;-495.0;-279.0
575.0;62;?;-8;8;80.0;62;-488.0;-271.0
563.0;?;-74.0;?;92;68.0;62;-484.0;?
553.0;110;?;100;-100;57.0;110;?;-265.0
544.0;68;?;96;-96;48.0;68;-476.0;?
?;149;?;319;?;37.0;?;-474.0;-256.0
525.0;683;588.0;?;-2675;25.0;683;-471.0;?
517.0;1226;565.0;4451;-4451;?;1226;-470.0;-243.0
508.0;1293;717.0;?;-2387;2.0;1293;?;?
498.0;-189;888.0;?;-48;-7.0;-189;-469.0;-231.0
493.0;?;1021.0;-1208;1208;-20.0;?;-464.0;-223.0
495.0;-736;1106.0;?;2074;-33.0;-736;-460.0;-211.0
499.0;-1119;1149.0;-1931;1931;-43.0;-1119;-456.0;-202.0
506.0;-1318;1057.0;?;?;?;-1318;-455.0;-195.0
516.0;-757;946.0;?;?;-59.0;-757;-455.0;-187.0
523.0;1195;646.0;-2498;2498;?;1195;?;-179.0
525.0;2862;190.0;-3636;?;-68.0;2862;-461.0;?
?;2711;-174.0;-3635;3635;-72.0;2711;?;-168.0
517.0;2738;-327.0;-3940;3940;-76.0;2738;-462.0;-157.0
512.0;?;-465.0;-361;361;-75.0;?;-460.0;-149.0
?;1553;?;1277;-1277;?;?;-464.0;?
496.0;1686;-460.0;?;-390;?;?;-473.0;?
491.0;421;?;854;?;-83.0;?;-480.0;?
484.0;?;-869.0;?;1131;-88.0;-741;-487.0;-128.0
478.0;?;-852.0;-2282;2282;?;-472;-494.0;?
470.0;-1;?;?;1238;?;-1;-501.0;-108.0
?;49;?;-185;185;-113.0;?;-505.0;-96.0
447.0;25;-489.0;176;-176;-123.0;25;-505.0;-83.0
437.0;10;-482.0;-29;29;-132.0;?;-501.0;-71.0
428.0;?;?;42;?;-139.0;-14;-496.0;-62.0
419.0;?;-359.0;?;?;-146.0;-17;-491.0;?
?;-7;-132.0;0;?;-151.0;-7;?;-55.0
407.0;-19;112.0;-29;29;-157.0;-19;-481.0;-54.0
402.0;?;168.0;-46;?;-163.0;-53;-472.0;-52.0
396.0;-17;255.0;-3;?;-168.0;-17;-464.0;-53.0
392.0;16;551.0;?;22;?;16;?;-54.0
386.0;1;?;-24;24;-180.0;?;-446.0;-54.0
380.0;?;863.0;-90;90;?;43;-435.0;-56.0
373.0;43;930.0;-91;91;-193.0;43;?;?
370.0;-3;967.0;-22;22;?;-3;-403.0;-58.0
368.0;7;972.0;-33;33;?;7;?;-58.0
?;?;968.0;11;-11;-211.0;6;-368.0;-60.0
369.0;26;721.0;26;-26;-217.0;?;-352.0;-57.0
?;51;572.0;?;-4;-222.0;51;?;?
371.0;43;502.0;11;-11;-225.0;43;?;?
?;51;560.0;2;-2;?;51;-308.0;-49.0
377.0;34;515.0;?;1;?;34;-298.0;-47.0
?;?;579.0;56;-56;-230.0;?;?;-46.0
?;?;557.0;127;-127;-230.0;?;-284.0;-45.0
389.0;18;533.0;93;-93;?;18;-277.0;-45.0
392.0;-13;497.0;64;-64;-228.0;?;-269.0;-44.0
?;?;?;79;-79;-226.0;20;-263.0;-44.0
398.0;-5;414.0;88;-88;-224.0;-5;-256.0;-44.0
402.0;2;392.0;123;-123;-222.0;2;-251.0;-44.0
406.0;6;454.0;123;-123;-220.0;6;-245.0;-44.0
410.0;-24;415.0;110;?;-219.0;-24;-240.0;?
?;-36;399.0;78;?;-218.0;-36;?;-41.0
416.0;-3;402.0;?;-44;-218.0;-3;?;-40.0
?;37;485.0;?;?;-218.0;37;-219.0;-38.0
420.0;51;455.0;31;-31;-218.0;?;?;-36.0
422.0;?;415.0;?;?;-219.0;?;-203.0;-33.0
422.0;126;?;?;-178;?;126;-195.0;-27.0
?;82;377.0;37;-37;-218.0;82;-189.0;-29.0
415.0;50;273.0;-87;87;-221.0;50;-185.0;-25.0
?;6;140.0;-114;114;?;?;?;-18.0
?;-22;-49.0;?;?;-226.0;-22;-175.0;-11.0
405.0;-29;2.0;-151;?;?;-29;-172.0;-6.0
404.0;-19;86.0;-137;137;?;-19;-169.0;0.0
407.0;-33;204.0;-153;153;-228.0;-33;-164.0;?
413.0;?;242.0;-134;134;?;?;-160.0;20.0
420.0;36;168.0;?;46;-235.0;?;?;31.0
427.0;?;?;4;?;-236.0;-3;-155.0;?
?;-6;?;24;?;-236.0;-6;?;48.0
?;?;-16.0;71;-71;-235.0;63;-151.0;?
455.0;41;44.0;17;-17;?;41;-148.0;66.0
465.0;?;64.0;?;-7;?;45;-145.0;75.0
472.0;69;?;48;?;-235.0;69;-143.0;83.0
477.0;32;?;34;-34;-235.0;32;-139.0;88.0
?;?;-125.0;141;-141;?;77;-136.0;89.0
487.0;56;-118.0;?;-92;-226.0;56;-131.0;?
?;201;-44.0;319;-319;-223.0;201;-127.0;86.0
494.0;528;90.0;608;?;-220.0;528;-123.0;82.0
497.0;596;259.0;85;-85;?;?;-120.0;77.0
500.0;?;434.0;-367;367;?;587;-120.0;70.0
?;360;735.0;?;465;-211.0;360;-119.0;64.0
504.0;?;1078.0;-595;?;-209.0;?;-115.0;59.0
506.0;?;1377.0;?;395;-208.0;-194;-111.0;?
512.0;-83;1635.0;-218;218;-207.0;-83;?;53.0
523.0;-85;1812.0;-227;227;?;-85;?;49.0
?;?;1855.0;39;?;?;-53;-99.0;47.0
556.0;-22;?;128;?;-205.0;-22;-102.0;?
572.0;-16;1689.0;?;1;-204.0;-16;-106.0;42.0
587.0;?;1371.0;50;-50;-204.0;?;?;40.0
598.0;-9;934.0;65;-65;?;-9;?;38.0
?;?;431.0;39;-39;-202.0;-46;-136.0;35.0
593.0;-18;-105.0;17;-17;-202.0;-18;-151.0;32.0
581.0;4;-637.0;-2;2;?;4;-160.0;30.0
?;-13;-1257.0;25;?;-206.0;-13;?;29.0
554.0;?;-1382.0;63;?;-209.0;3;-178.0;29.0
547.0;4;-1236.0;23;-23;-213.0;?;?;30.0
537.0;?;?;?;50;-214.0;-18;?;30.0
?;?;-1161.0;-11;11;-217.0;?;-217.0;29.0
?;?;-1313.0;37;-37;-221.0;9;?;29.0
505.0;-33;-1222.0;-7;7;?;-33;-224.0;31.0
495.0;-25;-805.0;?;?;-231.0;-25;-224.0;34.0
486.0;-35;?;-4;?;-239.0;?;-221.0;37.0
477.0;?;-346.0;-38;38;-246.0;-2;-216.0;38.0
?;10;-202.0;-42;?;-251.0;?;-209.0;39.0
461.0;10;-97.0;-23;?;-256.0;10;-201.0;39.0
454.0;28;58.0;-1;1;-259.0;28;-193.0;37.0
451.0;-15;203.0;29;?;-262.0;-15;-182.0;36.0
451.0;?;300.0;7;-7;-263.0;-25;-176.0;?
?;-8;167.0;-16;?;-265.0;-8;-174.0;?
?;-49;124.0;6;-6;-267.0;-49;-172.0;31.0
456.0;-9;186.0;-12;?;-268.0;-9;-170.0;29.0
?;?;121.0;-35;?;-268.0;1;-170.0;27.0
473.0;-72;?;-7;7;?;-72;-174.0;25.0
482.0;-48;?;35;-35;?;-48;-182.0;23.0
487.0;-25;124.0;39;?;?;-25;-194.0;20.0
487.0;-10;179.0;-27;27;-263.0;?;-202.0;16.0
485.0;10;?;-29;?;?;?;-202.0;15.0
482.0;-30;?;19;-19;-261.0;-30;-198.0;?
480.0;?;247.0;28;?;-259.0;-17;-197.0;16.0
480.0;?;147.0;37;-37;?;35;-197.0;16.0
482.0;38;38.0;36;-36;-253.0;38;-197.0;15.0
484.0;37;?;41;-41;-250.0;37;-199.0;14.0
?;-2;86.0;-8;8;?;-2;-202.0;?
489.0;-36;?;-41;?;-246.0;-36;-206.0;13.0
490.0;10;?;10;-10;-245.0;10;-209.0;12.0
491.0;?;155.0;?;?;-244.0;0;-211.0;13.0
491.0;-19;?;?;?;-243.0;-19;-212.0;?
490.0;39;140.0;9;-9;-241.0;39;-210.0;14.0
489.0;?;122.0;?;-1;-241.0;28;-209.0;?
487.0;9;63.0;-5;?;?;9;-207.0;?
?;25;15.0;37;?;-240.0;25;-203.0;15.0
484.0;-11;?;-13;13;?;?;?;?
482.0;0;-80.0;-54;54;-238.0;0;?;15.0
479.0;-7;22.0;-13;13;-237.0;-7;-193.0;15.0
479.0;-29;?;-6;6;-236.0;-29;-189.0;14.0
479.0;-26;?;1;?;-235.0;-26;-187.0;14.0
480.0;-23;48.0;-6;6;-234.0;-23;-187.0;14.0
480.0;14;194.0;-42;42;-234.0;?;-188.0;?
480.0;?;194.0;-15;15;-234.0;-7;?;?
481.0;-3;154.0;-5;5;-233.0;?;-188.0;?
481.0;16;88.0;-6;6;-233.0;16;-189.0;13.0
?;-9;48.0;34;?;-233.0;-9;-190.0;?
?;-4;66.0;26;-26;-233.0;-4;?;12.0
486.0;-20;?;-1;?;-232.0;-20;-195.0;12.0
487.0;-22;172.0;?;?;-232.0;-22;-196.0;12.0
489.0;22;180.0;?;6;?;22;?;11.0
489.0;-5;?;-17;?;-233.0;-5;-197.0;?
490.0;-34;?;?;10;?;-34;-197.0;10.0
491.0;-5;124.0;7;-7;-233.0;-5;-196.0;10.0
492.0;12;?;6;-6;-234.0;12;-197.0;10.0
493.0;37;69.0;14;-14;-234.0;37;-197.0;10.0
493.0;14;?;?;-11;?;?;-199.0;?
?;-20;35.0;?;6;-235.0;-20;?;9.0
492.0;-15;30.0;24;-24;-235.0;-15;-201.0;9.0
491.0;-25;-25.0;28;-28;-236.0;?;-202.0;8.0
491.0;-1;-31.0;-13;13;-236.0;-1;-203.0;7.0
490.0;-4;?;?;?;?;-4;?;7.0
489.0;-49;29.0;?;-8;-236.0;-49;-203.0;?
489.0;-51;29.0;-45;45;-236.0;-51;?;6.0
?;-33;31.0;-3;?;-235.0;?;-202.0;6.0
489.0;-7;-8.0;37;-37;?;-7;-201.0;5.0
489.0;18;-7.0;-15;15;-235.0;18;-202.0;5.0
?;?;-4.0;-60;60;-234.0;-2;-203.0;?
490.0;9;6.0;-35;35;-234.0;9;-204.0;4.0
490.0;25;?;-25;?;-233.0;?;?;5.0
491.0;-8;124.0;-20;20;-233.0;-8;-205.0;5.0
?;-25;?;-3;3;-233.0;?;?;5.0
?;?;87.0;-50;50;?;?;?;6.0
500.0;62;-1.0;?;?;?;?;-205.0;7.0
504.0;35;?;-37;?;-230.0;?;-207.0;?
?;-36;9.0;-124;124;-229.0;-36;-209.0;8.0
506.0;12;2.0;-252;252;?;?;?;9.0
?;39;93.0;?;243;-229.0;39;-205.0;?
508.0;14;246.0;-177;177;-228.0;?;-192.0;9.0
514.0;?;?;-188;188;?;?;-172.0;8.0
523.0;-7;132.0;?;129;?;-7;-151.0;8.0
533.0;1;61.0;?;?;-217.0;?;-126.0;7.0
547.0;68;-33.0;-88;?;-214.0;68;-100.0;7.0
561.0;?;-284.0;-92;92;-210.0;27;-76.0;7.0
576.0;-14;-569.0;-21;21;-204.0;-14;-50.0;5.0
592.0;-14;?;4;-4;-196.0;-14;-30.0;2.0
605.0;-6;-899.0;-13;13;?;-6;?;?
620.0;18;-1036.0;-23;23;-169.0;18;-5.0;?
?;-28;-1028.0;9;-9;?;-28;1.0;-30.0
646.0;-68;-847.0;45;-45;-135.0;-68;6.0;-42.0
657.0;?;-676.0;33;-33;-123.0;-39;13.0;-51.0
?;-48;-770.0;21;?;-115.0;-48;17.0;-56.0
676.0;?;-654.0;-11;11;-106.0;-46;16.0;-62.0
?;?;-620.0;-17;17;?;-9;13.0;-66.0
686.0;6;?;17;-17;-92.0;6;8.0;-69.0
688.0;18;?;-8;8;-88.0;18;3.0;-71.0
688.0;-19;-228.0;-4;4;-85.0;-19;-1.0;-71.0
688.0;-31;-99.0;13;-13;-83.0;-31;-3.0;-69.0
688.0;7;-7.0;?;-22;-81.0;7;-4.0;-67.0
690.0;-10;54.0;9;?;?;?;-4.0;-65.0
693.0;?;130.0;?;33;-77.0;-5;-4.0;-64.0
696.0;36;155.0;13;-13;?;36;?;-64.0
699.0;11;?;20;-20;-73.0;11;-7.0;-65.0
701.0;-9;-19.0;?;?;-72.0;-9;-10.0;-65.0
701.0;-4;-19.0;?;5;-72.0;?;-13.0;?
699.0;-3;?;7;-7;-72.0;-3;?;?
698.0;-4;-26.0;-44;44;-73.0;?;-12.0;-62.0
696.0;-19;-13.0;23;-23;-74.0;-19;?;-61.0
695.0;?;?;?;?;-75.0;?;-12.0;-60.0
693.0;27;47.0;8;-8;-76.0;27;-10.0;-58.0
692.0;-13;76.0;9;-9;?;?;-8.0;?
691.0;-2;-25.0;-24;24;-78.0;-2;?;-56.0
690.0;-3;36.0;-5;5;-79.0;-3;-7.0;?
690.0;?;20.0;?;?;?;?;?;-54.0
689.0;?;-78.0;?;?;-80.0;0;?;-53.0
687.0;?;-102.0;9;-9;-81.0;?;?;-52.0
?;?;-111.0;?;?;-81.0;-26;?;-52.0
684.0;-25;-179.0;8;-8;-82.0;-25;-1.0;?
683.0;-25;-132.0;7;?;-82.0;-25;?;-52.0
?;-31;-94.0;?;-23;?;-31;4.0;?
684.0;-39;?;12;-12;-80.0;-39;4.0;?
685.0;3;-17.0;-2;2;-80.0;?;4.0;-52.0
685.0;40;13.0;19;-19;-80.0;40;4.0;-51.0
684.0;14;2.0;-17;?;-81.0;14;4.0;-51.0
685.0;5;-17.0;-27;27;-81.0;?;4.0;-51.0
685.0;2;14.0;?;?;-81.0;2;?;-50.0
?;-15;43.0;-29;29;-81.0;-15;3.0;-50.0
684.0;?;27.0;-33;?;-81.0;?;3.0;-49.0
684.0;-4;-52.0;33;?;?;-4;3.0;-49.0
683.0;-4;-52.0;34;-34;-81.0;-4;?;-48.0
681.0;-4;-82.0;-3;3;-82.0;-4;6.0;-47.0
681.0;4;-76.0;?;-17;-82.0;4;?;-46.0
681.0;39;-35.0;-10;10;-82.0;39;8.0;-45.0
681.0;18;?;-32;32;-82.0;18;9.0;-45.0
680.0;-18;-8.0;?;-4;-82.0;?;11.0;-45.0
680.0;?;9.0;?;?;-81.0;-26;11.0;-45.0
680.0;-32;24.0;-18;18;?;-32;?;-45.0
680.0;28;0.0;-34;34;-82.0;28;12.0;?
680.0;?;24.0;11;-11;-82.0;?;?;?
680.0;-21;-31.0;16;-16;-82.0;-21;11.0;?
680.0;36;-7.0;?;14;-82.0;?;?;-44.0
?;37;-52.0;7;-7;-82.0;37;12.0;-44.0
679.0;36;8.0;?;16;-81.0;36;?;-43.0
679.0;?;-20.0;-30;30;-81.0;22;?;-43.0
679.0;-9;7.0;-14;?;-81.0;-9;?;-43.0
679.0;?;?;6;-6;-81.0;4;12.0;-43.0
679.0;17;22.0;28;?;-81.0;17;12.0;-44.0
679.0;16;39.0;?;-27;-81.0;?;?;-43.0
679.0;16;30.0;28;-28;-81.0;16;12.0;-43.0
679.0;20;?;18;-18;-81.0;20;12.0;-43.0
679.0;37;25.0;22;-22;-81.0;37;?;?
679.0;28;35.0;5;?;-81.0;?;12.0;-43.0
?;-8;16.0;-23;23;-81.0;?;?;?
679.0;?;16.0;-5;?;-81.0;?;12.0;?
?;?;?;-16;16;-81.0;22;11.0;-43.0
?;26;84.0;-21;21;-82.0;26;10.0;-43.0
679.0;?;?;?;?;-82.0;1;10.0;-42.0
680.0;?;?;22;?;?;-16;10.0;-42.0
680.0;-2;-25.0;6;-6;-83.0;-2;11.0;?
680.0;6;22.0;6;-6;-82.0;?;?;?
681.0;?;50.0;19;-19;-82.0;3;14.0;-43.0
?;24;30.0;38;-38;?;24;?;-43.0
682.0;?;30.0;0;0;-81.0;42;14.0;-43.0
681.0;32;-11.0;-17;17;-81.0;32;?;-43.0
?;15;6.0;40;-40;?;15;14.0;-43.0
680.0;15;-49.0;40;-40;-82.0;15;15.0;?
678.0;19;-63.0;30;-30;?;19;16.0;?
678.0;11;-27.0;48;?;-83.0;11;17.0;-44.0
?;24;-54.0;14;?;-82.0;24;?;-44.0
677.0;4;-23.0;-16;16;-82.0;4;18.0;?
677.0;?;5.0;-14;?;?;-24;18.0;-44.0
677.0;4;21.0;?;22;-82.0;4;18.0;?
?;-21;-1.0;-23;?;-82.0;-21;18.0;-44.0
677.0;-36;-57.0;-28;28;-81.0;-36;17.0;-44.0
677.0;?;-5.0;-12;12;-81.0;2;?;-44.0
677.0;18;3.0;?;-8;-81.0;18;16.0;-44.0
677.0;?;53.0;?;-7;-81.0;16;15.0;-44.0
676.0;-2;12.0;33;-33;-81.0;?;14.0;-44.0
676.0;0;71.0;22;-22;-81.0;0;13.0;-43.0
675.0;13;?;?;2;-81.0;13;9.0;-42.0
674.0;19;201.0;31;-31;-82.0;?;6.0;-42.0
673.0;?;153.0;1;-1;-82.0;12;3.0;-42.0
672.0;-15;89.0;-44;44;-82.0;-15;-2.0;-41.0
670.0;-10;32.0;?;-8;?;-10;-6.0;-42.0
667.0;?;17.0;14;?;-85.0;20;-9.0;?
664.0;22;8.0;16;-16;-86.0;?;-12.0;-42.0
659.0;-2;-60.0;39;-39;-87.0;?;-14.0;-42.0
654.0;12;-90.0;-3;3;-88.0;?;-15.0;?
647.0;17;-192.0;-24;24;-91.0;?;-16.0;-41.0
638.0;-23;-191.0;?;-8;-94.0;-23;?;-40.0
631.0;21;15.0;?;-40;-97.0;21;?;-40.0
624.0;81;269.0;?;?;-101.0;81;-23.0;-41.0
616.0;31;474.0;46;-46;?;31;-27.0;?
608.0;-17;?;48;?;-109.0;-17;-33.0;-42.0
600.0;-15;?;?;-47;-115.0;?;-41.0;-42.0
594.0;-17;986.0;44;-44;-121.0;-17;-49.0;?
589.0;18;1152.0;?;-62;-126.0;18;-60.0;-43.0
586.0;65;1278.0;64;-64;-131.0;?;?;-41.0
583.0;28;?;59;-59;-137.0;28;-90.0;?
585.0;10;1259.0;?;-79;-141.0;10;-105.0;?
588.0;46;?;?;-61;?;46;-125.0;-39.0
?;11;916.0;?;-13;-149.0;?;-153.0;-37.0
592.0;-11;731.0;20;-20;-152.0;-11;-176.0;-34.0
?;20;524.0;?;-73;-155.0;20;-194.0;-30.0
595.0;?;467.0;66;-66;-156.0;-10;-210.0;-28.0
596.0;?;368.0;36;?;-158.0;-21;-222.0;-25.0
598.0;15;308.0;38;-38;-161.0;15;-231.0;-23.0
598.0;-6;118.0;12;-12;?;-6;-239.0;-23.0
597.0;-17;65.0;9;?;-166.0;?;-243.0;-23.0
596.0;-22;261.0;?;6;-167.0;-22;?;-25.0
595.0;-34;399.0;-5;5;-168.0;-34;-239.0;?
596.0;?;?;?;-38;-168.0;-3;-236.0;-38.0
597.0;?;359.0;?;-37;-166.0;-2;-233.0;?
596.0;-16;?;43;-43;-164.0;-16;-230.0;-49.0
595.0;?;380.0;-3;3;-161.0;-11;?;-54.0
?;-17;476.0;?;?;-159.0;-17;?;-57.0
595.0;2;?;-8;8;-157.0;?;?;-59.0
596.0;-7;505.0;-14;14;?;?;-205.0;-59.0
598.0;-38;423.0;-6;6;-153.0;-38;?;?
?;20;?;0;0;-151.0;20;?;-59.0
601.0;25;419.0;-6;6;-149.0;?;-187.0;?
?;-14;?;-1;?;?;-14;-183.0;-56.0
604.0;-4;319.0;-6;?;-146.0;-4;-182.0;-56.0
?;-36;143.0;-24;24;-144.0;-36;-181.0;-56.0
608.0;?;71.0;-43;?;-143.0;-50;?;-56.0
611.0;-25;114.0;-37;37;-142.0;-25;?;-57.0
612.0;?;9.0;?;36;-140.0;-34;-186.0;-57.0
611.0;?;-196.0;-47;47;-140.0;-31;-189.0;-58.0
607.0;?;-387.0;-41;41;-139.0;-40;?;-59.0
603.0;?;-367.0;?;?;?;?;-189.0;-59.0
600.0;15;-366.0;-6;6;-138.0;?;-190.0;-60.0
?;-21;-425.0;?;-4;-137.0;?;-192.0;-62.0
?;-16;-310.0;5;?;-137.0;?;-194.0;?
598.0;40;-199.0;-8;?;-136.0;40;-199.0;-64.0
597.0;34;-227.0;?;-3;-136.0;34;-206.0;-65.0
?;?;-205.0;46;-46;-135.0;17;-211.0;-65.0
592.0;-14;-52.0;52;-52;-135.0;-14;-213.0;-66.0
591.0;?;?;35;-35;-135.0;2;-215.0;-68.0
591.0;-8;-275.0;41;-41;-135.0;?;?;?
592.0;?;-68.0;9;?;-135.0;-3;-218.0;-70.0
595.0;24;?;-22;22;?;24;-216.0;-72.0
?;-4;?;5;-5;-134.0;-4;-216.0;-73.0
?;30;2.0;29;-29;-133.0;30;-217.0;-74.0
?;16;?;62;-62;-133.0;16;-216.0;?
602.0;-2;?;54;-54;-133.0;-2;-216.0;-78.0
601.0;38;-375.0;40;?;-132.0;?;?;?
602.0;48;-254.0;70;?;?;?;-217.0;-79.0
606.0;?;-309.0;69;-69;-131.0;48;?;-81.0
608.0;14;-488.0;36;-36;-129.0;14;-221.0;-84.0
612.0;5;-522.0;-30;30;-127.0;5;-223.0;-86.0
616.0;-6;-323.0;-27;27;-127.0;-6;-228.0;-88.0
618.0;-23;-136.0;11;-11;-127.0;-23;-234.0;-90.0
619.0;31;48.0;?;15;?;31;-237.0;-86.0
?;41;44.0;-6;6;-139.0;?;-239.0;-69.0
?;-7;40.0;5;-5;-130.0;?;-243.0;-79.0
626.0;?;106.0;-29;?;-129.0;-9;-245.0;-80.0
630.0;?;41.0;?;43;-127.0;?;-249.0;-82.0
?;1;-67.0;-15;15;-127.0;1;-253.0;-82.0
?;8;-167.0;-26;?;-126.0;8;-258.0;-83.0
641.0;27;-163.0;-55;?;-124.0;?;-265.0;?
645.0;2;-149.0;-8;?;-124.0;2;-270.0;-85.0
649.0;?;-201.0;9;-9;-123.0;-3;-274.0;-86.0
?;-14;-287.0;17;?;-122.0;-14;?;?
658.0;-22;-208.0;36;-36;-121.0;?;-286.0;-86.0
662.0;-5;?;16;?;?;?;?;-87.0
666.0;?;-86.0;17;-17;?;-31;-290.0;?
?;-22;-41.0;-4;4;-116.0;?;-293.0;-87.0
672.0;20;53.0;-9;9;-114.0;20;-294.0;-88.0
?;21;154.0;15;-15;-113.0;21;-295.0;?
670.0;-13;?;15;-15;?;-13;-294.0;-90.0
667.0;-25;280.0;-14;14;-110.0;-25;-293.0;-91.0
664.0;11;283.0;-60;60;-108.0;11;-289.0;-92.0
662.0;5;260.0;-47;47;?;5;-284.0;-92.0
662.0;-3;251.0;-23;?;?;-3;-279.0;-93.0
?;27;?;-3;?;-103.0;27;-275.0;-93.0
663.0;22;267.0;4;-4;-101.0;?;?;-94.0
665.0;6;431.0;-23;23;-100.0;6;-275.0;-95.0
667.0;?;562.0;-22;22;?;7;-273.0;-97.0
671.0;-13;?;-43;43;-98.0;-13;?;-98.0
?;-32;?;-54;54;-95.0;?;-273.0;-100.0
?;-19;341.0;-63;63;?;-19;-272.0;-102.0
692.0;?;352.0;-97;97;-92.0;-16;-270.0;-103.0
700.0;-15;251.0;-95;95;-90.0;-15;-267.0;-105.0
706.0;-11;121.0;-92;92;?;-11;-256.0;-106.0
?;-37;-250.0;?;112;-85.0;-37;-239.0;?
709.0;-37;?;-166;166;-81.0;-37;-220.0;-109.0
705.0;11;?;-158;158;-77.0;11;-199.0;?
700.0;12;-1162.0;-77;?;-74.0;12;-176.0;-110.0
693.0;-23;-1228.0;-54;?;-72.0;?;-153.0;-109.0
686.0;-25;-1358.0;-35;?;-70.0;-25;-130.0;-107.0
?;-35;-1558.0;-10;?;-67.0;-35;-108.0;-106.0
676.0;-49;-1507.0;?;?;-64.0;-49;-89.0;-104.0
676.0;-26;-1797.0;-18;18;-61.0;-26;-73.0;?
679.0;-15;-1918.0;8;?;-57.0;?;-60.0;?
688.0;-16;-1847.0;8;?;-51.0;-16;-53.0;?
695.0;-10;-1854.0;3;?;-45.0;?;-51.0;-103.0
703.0;-25;-1652.0;13;-13;-40.0;-25;-53.0;-105.0
707.0;?;-1344.0;?;7;-38.0;11;-58.0;-106.0
?;33;-1004.0;-23;23;-35.0;33;?;-108.0
705.0;-6;-730.0;-1;1;-32.0;-6;-64.0;-110.0
?;-6;-367.0;?;?;-29.0;-6;-69.0;-113.0
707.0;-17;-191.0;38;?;?;-17;?;?
709.0;-25;-70.0;19;-19;-26.0;?;-80.0;-116.0
711.0;-10;85.0;-14;14;-25.0;-10;-85.0;-115.0
713.0;-17;72.0;4;-4;?;-17;-90.0;?
716.0;-14;45.0;-5;5;-24.0;-14;-95.0;-109.0
718.0;?;-40.0;?;?;?;3;-99.0;-106.0
720.0;22;-99.0;29;?;-23.0;22;-103.0;-103.0
?;?;?;?;?;?;27;-107.0;-101.0
720.0;6;-234.0;-21;?;-23.0;6;-110.0;-99.0
720.0;-2;?;24;-24;-23.0;-2;?;-99.0
720.0;27;?;17;-17;-23.0;?;-112.0;-99.0
?;24;-136.0;31;-31;-24.0;24;-113.0;-99.0
?;-20;?;39;?;-25.0;-20;-114.0;-98.0
717.0;-8;-1.0;8;?;?;-8;-115.0;?
714.0;22;-28.0;12;-12;-27.0;22;-115.0;-99.0
712.0;-1;-26.0;14;?;-29.0;?;?;-100.0
712.0;-25;?;?;3;-30.0;-25;-115.0;-100.0
711.0;-18;93.0;18;-18;-32.0;-18;-115.0;-100.0
710.0;?;327.0;33;-33;-34.0;?;-116.0;-100.0
707.0;-21;570.0;-5;5;-38.0;-21;?;-99.0
704.0;-2;?;54;-54;-42.0;-2;-114.0;-98.0
699.0;28;1241.0;?;-130;-45.0;28;-112.0;-98.0
692.0;17;1446.0;99;-99;-48.0;17;?;-99.0
686.0;20;1563.0;102;-102;-51.0;20;-99.0;-100.0
680.0;?;1646.0;94;-94;-54.0;36;-93.0;-102.0
674.0;7;1755.0;?;-35;-57.0;7;-86.0;-103.0
668.0;19;1708.0;16;-16;-60.0;19;-83.0;-103.0
664.0;?;1642.0;31;?;?;46;-81.0;-102.0
664.0;18;1719.0;56;-56;-67.0;18;-77.0;?
662.0;?;1670.0;54;?;?;36;-76.0;-96.0
662.0;58;1617.0;30;-30;-78.0;58;-71.0;-91.0
?;?;1497.0;31;?;-84.0;?;-64.0;?
663.0;-13;?;18;?;-89.0;?;-59.0;-83.0
664.0;?;925.0;-15;15;?;0;-53.0;-79.0
?;36;?;-14;?;-99.0;36;?;-76.0
?;?;1005.0;1;-1;-103.0;14;-45.0;-73.0
673.0;5;885.0;21;-21;?;5;-41.0;-72.0
673.0;?;1040.0;28;?;-109.0;23;?;?
675.0;9;1046.0;?;?;?;?;-31.0;-71.0
?;?;997.0;?;8;-112.0;-16;-28.0;?
676.0;-17;1001.0;?;44;?;-17;-22.0;-73.0
675.0;4;980.0;15;-15;?;4;-17.0;-74.0
674.0;9;1009.0;43;-43;-115.0;9;-11.0;-75.0
?;51;?;-9;9;-117.0;51;?;-75.0
673.0;58;1024.0;-35;35;-118.0;?;5.0;-76.0
672.0;-6;979.0;-22;22;-117.0;?;13.0;-75.0
673.0;0;?;13;-13;-116.0;0;20.0;-76.0
673.0;27;756.0;22;-22;-115.0;27;26.0;-76.0
672.0;21;653.0;9;-9;-115.0;21;30.0;-76.0
671.0;?;?;6;-6;-114.0;14;36.0;-74.0
670.0;?;506.0;?;6;-114.0;17;?;?
?;-6;465.0;-3;?;-114.0;?;?;-73.0
666.0;-45;411.0;0;0;?;?;50.0;?
664.0;-7;393.0;-26;26;-116.0;?;55.0;-70.0
?;34;?;14;-14;-117.0;34;58.0;?
659.0;15;316.0;?;-67;-119.0;?;62.0;-68.0
658.0;-7;367.0;10;-10;-123.0;-7;66.0;-67.0
?;-5;?;-34;34;-124.0;?;68.0;?
656.0;15;?;0;0;-125.0;15;71.0;?
?;-11;312.0;11;-11;-125.0;?;73.0;?
654.0;?;?;4;-4;-126.0;-56;75.0;-63.0
652.0;?;216.0;8;-8;-127.0;-9;78.0;-63.0
650.0;?;167.0;?;-5;-128.0;11;80.0;-62.0
649.0;-15;98.0;-13;13;-128.0;-15;?;-61.0
?;9;110.0;-4;?;-128.0;?;82.0;-61.0
647.0;-35;190.0;40;-40;?;-35;?;-62.0
646.0;-20;250.0;2;-2;-127.0;-20;?;?
645.0;?;?;-33;33;-127.0;15;83.0;?
644.0;-14;136.0;13;-13;-126.0;-14;83.0;?
644.0;34;94.0;27;-27;-127.0;?;83.0;?
644.0;36;104.0;36;-36;-127.0;36;?;?
644.0;18;159.0;19;-19;-126.0;18;?;-64.0
643.0;30;107.0;-22;22;?;30;?;-64.0
?;5;-2.0;-14;14;-127.0;5;?;?
641.0;-16;80.0;20;?;-127.0;-16;?;-63.0
640.0;-25;46.0;27;?;?;-25;?;?
640.0;?;-8.0;?;-24;-128.0;-27;?;-63.0
639.0;?;33.0;37;?;?;-3;88.0;?
639.0;51;21.0;27;-27;-128.0;51;88.0;?
639.0;12;-35.0;?;1;-128.0;12;?;-62.0
639.0;-44;-1.0;-26;26;?;-44;?;-63.0
640.0;0;-14.0;-35;35;-127.0;0;?;-63.0
640.0;2;20.0;4;-4;?;2;87.0;-63.0
?;8;53.0;26;-26;?;8;87.0;-63.0
639.0;54;20.0;10;-10;-127.0;54;86.0;-63.0
639.0;19;23.0;23;-23;-127.0;?;87.0;-63.0
639.0;-26;-24.0;14;-14;-126.0;-26;86.0;-64.0
640.0;-17;-27.0;-22;22;-126.0;?;85.0;-63.0
640.0;-7;-106.0;?;2;-127.0;-7;85.0;-63.0
?;3;-144.0;3;?;-126.0;3;83.0;-63.0
?;-2;?;-16;16;?;-2;81.0;-62.0
642.0;-31;?;13;-13;-127.0;-31;78.0;-61.0
?;?;-321.0;-39;39;-129.0;-24;?;?
644.0;12;-299.0;-115;115;-129.0;12;70.0;-57.0
646.0;16;-357.0;?;46;-130.0;16;65.0;-56.0
647.0;?;?;-33;33;-131.0;-15;60.0;-55.0
648.0;-26;-438.0;-72;?;-131.0;-26;55.0;-54.0
649.0;?;-586.0;-64;64;-132.0;-27;50.0;-53.0
?;-36;?;-95;95;-132.0;-36;46.0;-51.0
646.0;-50;?;?;128;-131.0;-50;42.0;-50.0
643.0;-78;-1076.0;-163;163;-131.0;-78;?;?
?;-52;-1072.0;-151;151;-130.0;-52;41.0;-46.0
637.0;-20;-1251.0;-151;151;-128.0;-20;41.0;?
633.0;-24;-1385.0;?;115;-125.0;-24;43.0;?
630.0;?;?;?;-15;?;15;?;-46.0
628.0;?;-1694.0;27;-27;-121.0;40;?;-46.0
626.0;24;-1797.0;-4;4;-119.0;24;38.0;-45.0
625.0;36;-1793.0;0;0;-118.0;?;?;-45.0
626.0;7;-1775.0;-3;3;?;7;?;-45.0
627.0;-36;?;8;-8;?;-36;21.0;-45.0
629.0;-16;-1690.0;?;-7;?;-16;?;-46.0
634.0;-13;-1584.0;?;?;?;-13;?;-47.0
639.0;-11;?;-2;2;?;?;-2.0;-49.0
646.0;?;?;-20;20;-104.0;-2;-12.0;-51.0
653.0;-6;-1399.0;15;?;-101.0;-6;-21.0;?
660.0;-18;?;?;-46;?;-18;-30.0;-57.0
667.0;-35;-1467.0;19;-19;-92.0;-35;-39.0;-60.0
672.0;-13;-1464.0;13;-13;?;?;-46.0;-64.0
678.0;2;-1264.0;16;-16;-82.0;2;-54.0;-69.0
?;-12;-1063.0;-3;3;-78.0;-12;-61.0;-74.0
685.0;-13;-815.0;-1;1;-75.0;-13;?;?
686.0;-3;-671.0;-4;?;-72.0;-3;-73.0;?
686.0;5;-587.0;?;-13;?;5;-79.0;?
?;?;-442.0;51;-51;?;0;-85.0;-92.0
686.0;-13;?;4;?;-69.0;-13;-88.0;-94.0
687.0;-11;-312.0;-25;?;-69.0;-11;?;?
687.0;-4;-321.0;?;-3;-69.0;-4;-95.0;-95.0
?;-16;-326.0;7;-7;-70.0;-16;-98.0;-95.0
686.0;-17;?;7;-7;-69.0;-17;-100.0;-95.0
687.0;?;-337.0;-10;?;-69.0;5;?;?
686.0;-6;-337.0;-8;?;?;-6;?;?
?;?;-325.0;-8;8;-68.0;-15;-105.0;-96.0
685.0;?;-300.0;-11;?;-68.0;-17;?;-96.0
685.0;-13;?;6;?;-69.0;-13;-107.0;-96.0
685.0;23;?;?;10;?;23;-108.0;-96.0
685.0;2;-111.0;-22;22;-69.0;?;?;-97.0
684.0;?;-59.0;-24;24;-69.0;-24;-111.0;-98.0
684.0;?;-44.0;5;?;?;14;-112.0;?
685.0;8;-100.0;23;?;-69.0;8;-114.0;-97.0
685.0;-25;-123.0;-35;35;-69.0;-25;-118.0;-98.0
687.0;7;-131.0;-50;50;?;7;-122.0;-98.0
688.0;39;-126.0;-10;10;-68.0;39;-125.0;?
494.0;30;-2037.0;?;-22;-116.0;30;-187.0;-77.0
477.0;?;626.0;39;-39;?;?;-183.0;-74.0
476.0;-4;-14.0;-32;32;-128.0;-4;-196.0;?
469.0;12;77.0;-17;17;-130.0;?;-201.0;-68.0
?;2;?;27;?;-131.0;2;-210.0;?
473.0;-30;128.0;?;2;?;-30;?;-69.0
?;-25;102.0;-3;3;-128.0;?;-217.0;?
?;-25;?;4;-4;-127.0;-25;-214.0;?
474.0;2;168.0;46;-46;-127.0;2;-213.0;-80.0
?;36;199.0;?;?;-128.0;36;-214.0;-83.0
479.0;30;192.0;26;-26;-129.0;30;-216.0;-86.0
?;10;144.0;31;?;?;10;?;-88.0
?;-5;?;48;-48;-128.0;?;-220.0;?
478.0;-5;?;50;?;-128.0;-5;?;-93.0
476.0;-17;58.0;5;?;-128.0;-17;?;-94.0
475.0;-33;42.0;-27;?;-129.0;-33;-216.0;-95.0
?;-15;14.0;5;?;?;-15;-213.0;-96.0
475.0;-21;50.0;?;-11;-128.0;-21;?;-96.0
475.0;-35;?;-14;14;-128.0;-35;-212.0;-97.0
?;-15;27.0;?;?;-128.0;-15;-212.0;-97.0
474.0;-44;-4.0;55;?;-128.0;?;-212.0;-98.0
473.0;-47;13.0;46;-46;-127.0;-47;-212.0;-99.0
473.0;?;15.0;14;?;-126.0;5;-212.0;-99.0
?;14;11.0;11;-11;-126.0;14;-211.0;-98.0
473.0;6;?;27;-27;?;6;-209.0;-97.0
?;-18;-42.0;10;-10;-128.0;-18;-208.0;-96.0
474.0;-41;?;0;0;-128.0;-41;-207.0;-94.0
474.0;-9;40.0;-17;17;-129.0;-9;?;-94.0
473.0;22;?;-38;38;-129.0;?;-207.0;-94.0
473.0;15;5.0;?;32;-130.0;15;-206.0;-94.0
472.0;36;18.0;-43;?;-130.0;?;-206.0;-95.0
471.0;?;?;-47;47;-131.0;45;-206.0;-95.0
471.0;1;?;-21;?;?;1;?;-96.0
471.0;?;?;-12;?;-132.0;7;?;-97.0
470.0;11;?;-13;13;-132.0;11;?;?
470.0;10;36.0;-14;14;-132.0;10;?;-96.0
?;27;-5.0;-14;14;-132.0;27;-207.0;-96.0
470.0;?;68.0;?;?;?;-17;-207.0;-97.0
470.0;-15;53.0;3;-3;-132.0;-15;-206.0;-97.0
?;?;?;-24;24;-132.0;-6;-207.0;-97.0
?;8;-20.0;-1;?;-133.0;8;?;-97.0
464.0;35;-36.0;29;?;-133.0;35;-208.0;?
?;?;-6.0;18;-18;?;-2;-208.0;?
460.0;2;-40.0;9;-9;-134.0;2;?;-98.0
458.0;?;?;48;-48;-134.0;3;-208.0;-98.0
?;18;-152.0;43;-43;?;?;-208.0;?
453.0;?;-130.0;-5;5;?;1;-207.0;?
451.0;-20;-91.0;-1;1;?;?;-204.0;-98.0
451.0;43;58.0;17;-17;-135.0;43;-203.0;?
450.0;?;-114.0;-2;?;-135.0;-1;-204.0;-97.0
447.0;-39;-53.0;-30;30;-136.0;?;-202.0;-97.0
445.0;-19;-19.0;-8;8;-136.0;?;?;-97.0
442.0;-23;-63.0;-13;13;?;-23;?;?
439.0;?;-82.0;-32;32;-137.0;31;-204.0;-97.0
435.0;34;-49.0;-4;4;-138.0;34;-204.0;-97.0
432.0;-37;-136.0;-28;?;-139.0;-37;-204.0;-98.0
429.0;-17;39.0;-13;?;-140.0;?;-206.0;-98.0
425.0;48;-128.0;28;-28;-142.0;48;-208.0;?
419.0;8;-160.0;11;-11;-144.0;8;-208.0;-97.0
413.0;?;-122.0;-5;5;-145.0;-12;-206.0;-97.0
411.0;26;-176.0;?;29;-146.0;?;?;-95.0
409.0;-24;-126.0;?;49;?;-24;-204.0;?
409.0;-51;?;-53;?;-150.0;-51;?;-91.0
409.0;-26;?;14;-14;?;-26;-206.0;-89.0
?;?;-50.0;52;-52;-152.0;-9;-208.0;-88.0
407.0;5;?;-15;15;-153.0;5;-208.0;-88.0
406.0;-30;-55.0;-36;36;-154.0;-30;-208.0;?
407.0;-32;48.0;-27;27;-154.0;-32;-209.0;-88.0
409.0;-23;131.0;-18;18;?;-23;-209.0;-89.0
412.0;-21;182.0;-42;42;-153.0;?;-209.0;?
416.0;?;217.0;-103;103;?;-3;-208.0;-90.0
420.0;?;279.0;-94;?;-152.0;-5;-206.0;-91.0
424.0;-4;364.0;-28;28;-152.0;-4;-204.0;-92.0
428.0;-19;473.0;31;-31;-151.0;-19;-201.0;?
432.0;-21;497.0;?;?;-151.0;-21;-200.0;-94.0
436.0;2;397.0;?;-42;?;2;-202.0;-96.0
?;-9;167.0;49;-49;-146.0;-9;?;-98.0
438.0;-15;3.0;19;-19;?;?;-203.0;?
?;25;-118.0;?;85;-140.0;?;-202.0;-103.0
433.0;50;-148.0;-117;?;-138.0;50;-199.0;-105.0
430.0;4;-284.0;-87;87;?;?;-192.0;?
426.0;-30;-224.0;-70;70;-133.0;-30;-184.0;-107.0
421.0;-24;-184.0;-79;79;-130.0;-24;-176.0;-107.0
422.0;-16;?;-113;?;-127.0;-16;?;-105.0
437.0;-16;915.0;-103;103;-124.0;?;-148.0;-104.0
467.0;-55;1851.0;?;83;-123.0;?;-140.0;?
?;-31;2828.0;?;88;-121.0;-31;?;-94.0
565.0;-8;3582.0;-80;80;?;?;-146.0;-90.0
?;-47;3652.0;?;61;?;?;-154.0;?
676.0;?;?;-10;10;-102.0;-28;-165.0;-87.0
729.0;-14;2693.0;39;?;?;-14;?;-90.0
?;-6;2183.0;9;?;-80.0;-6;-171.0;?
792.0;12;1665.0;-1;1;?;12;-173.0;-105.0
807.0;0;741.0;-13;13;-52.0;0;-181.0;-115.0
?;-15;131.0;?;30;-47.0;-15;?;-123.0
822.0;-16;?;47;-47;-41.0;?;-204.0;-127.0
?;-12;-58.0;71;?;?;-12;-217.0;?
?;?;-113.0;?;?;-29.0;-21;?;-135.0
826.0;1;-28.0;91;?;-23.0;1;-239.0;-138.0
826.0;14;15.0;125;?;-18.0;14;?;-138.0
?;-4;?;73;-73;-15.0;-4;-251.0;-135.0
824.0;5;117.0;30;-30;?;5;-253.0;?
?;?;77.0;6;-6;-6.0;-7;?;-127.0
?;-16;282.0;-22;?;-2.0;?;-255.0;-123.0
829.0;?;?;-36;36;2.0;8;-256.0;-121.0
831.0;30;?;?;?;7.0;30;?;-120.0
831.0;25;?;7;?;12.0;25;-265.0;?
832.0;-10;516.0;-10;10;16.0;-10;-268.0;?
833.0;-19;385.0;?;?;18.0;-19;?;-119.0
834.0;-5;?;-52;52;20.0;-5;-275.0;-120.0
834.0;?;?;-61;61;23.0;16;-279.0;?
832.0;40;218.0;?;25;26.0;40;?;-121.0
831.0;37;257.0;?;3;28.0;37;-287.0;-121.0
?;42;226.0;4;?;29.0;42;-289.0;-121.0
829.0;59;127.0;13;-13;30.0;59;-290.0;?
829.0;?;-148.0;-10;10;31.0;5;-291.0;-119.0
827.0;-44;-398.0;-6;?;?;-44;-291.0;-118.0
825.0;-18;-375.0;5;-5;?;-18;-288.0;-117.0
824.0;16;?;?;3;?;16;?;-116.0
820.0;36;?;2;-2;33.0;36;-284.0;-115.0
818.0;26;-126.0;?;36;33.0;26;?;-114.0
816.0;?;-162.0;?;27;34.0;12;-277.0;-113.0
813.0;16;?;?;23;34.0;16;-278.0;-113.0
808.0;?;-376.0;?;66;?;-10;-279.0;-112.0
803.0;-26;-635.0;-45;45;?;-26;-281.0;-112.0
?;9;-816.0;?;36;32.0;9;-279.0;-109.0
799.0;6;-438.0;0;0;29.0;6;-283.0;-106.0
797.0;?;-351.0;?;-45;25.0;-32;-290.0;-102.0
795.0;-12;-172.0;46;-46;20.0;-12;-292.0;?
?;5;?;47;-47;16.0;5;-296.0;-94.0
?;5;?;?;-56;11.0;5;-297.0;-92.0
?;21;25.0;59;?;8.0;21;-300.0;-91.0
?;-11;32.0;?;14;7.0;?;-302.0;-91.0
789.0;10;-50.0;-71;71;?;10;-305.0;-91.0
788.0;46;?;-57;57;?;46;-308.0;?
?;-21;?;-43;43;2.0;-21;-310.0;-93.0
778.0;?;-102.0;-26;26;1.0;?;-306.0;-95.0
776.0;35;79.0;-3;3;0.0;35;-300.0;-96.0
775.0;14;?;27;?;-1.0;14;-297.0;-96.0
775.0;-6;47.0;14;-14;?;-6;?;-97.0
778.0;25;127.0;17;-17;?;25;-275.0;-97.0
781.0;13;224.0;80;-80;1.0;13;-260.0;?
784.0;-15;239.0;65;-65;3.0;-15;-248.0;-100.0
789.0;16;-48.0;5;-5;?;16;-239.0;-104.0
793.0;27;-275.0;-1;1;9.0;?;-230.0;-111.0
798.0;12;-458.0;10;-10;?;12;-223.0;?
802.0;17;-375.0;7;-7;19.0;?;?;-126.0
?;5;-135.0;28;?;22.0;?;-232.0;-136.0
804.0;11;13.0;40;-40;24.0;?;-239.0;-142.0
?;39;151.0;27;-27;26.0;39;-245.0;?
802.0;15;250.0;68;-68;?;15;-251.0;-151.0
802.0;?;-32.0;38;-38;28.0;-5;-256.0;-152.0
803.0;?;-286.0;?;15;29.0;?;-260.0;-152.0
805.0;26;-644.0;6;?;29.0;?;-264.0;-151.0
807.0;31;-948.0;-26;26;30.0;31;-267.0;-151.0
?;55;-840.0;-37;37;31.0;55;-272.0;-151.0
?;16;-652.0;?;45;?;16;-279.0;?
801.0;-3;-449.0;-63;?;31.0;-3;-283.0;-150.0
798.0;2;?;-14;?;31.0;2;-285.0;-150.0
796.0;-35;-448.0;-23;23;30.0;-35;-286.0;?
795.0;-46;-433.0;-73;73;30.0;-46;-287.0;-149.0
796.0;?;-412.0;?;49;?;-49;-289.0;-148.0
796.0;-22;-168.0;?;?;28.0;-22;-292.0;-148.0
793.0;?;47.0;47;?;26.0;32;-293.0;-148.0
790.0;35;305.0;?;-99;?;35;-293.0;-147.0
784.0;36;675.0;97;?;?;36;-289.0;-145.0
776.0;40;934.0;134;-134;13.0;40;-286.0;?
?;?;1035.0;106;?;6.0;26;-284.0;?
?;29;1022.0;?;-60;?;?;?;?
726.0;0;504.0;52;-52;-11.0;0;-259.0;?
692.0;-22;-389.0;11;-11;-23.0;-22;-230.0;-122.0
?;14;-1525.0;?;?;?;14;-189.0;-117.0
614.0;-10;-2587.0;-43;?;-47.0;-10;?;-112.0
581.0;?;-3527.0;-74;?;-57.0;-37;-99.0;?
?;18;-3878.0;-68;?;?;18;-59.0;-100.0
539.0;14;-3818.0;-63;63;-73.0;?;-25.0;-95.0
530.0;-13;-2773.0;?;50;?;-13;2.0;-91.0
?;23;-1717.0;-7;?;-85.0;23;17.0;-87.0
?;29;-996.0;18;-18;-88.0;29;18.0;?
548.0;27;-222.0;14;?;-90.0;27;12.0;?
555.0;17;207.0;23;-23;-91.0;17;-4.0;-93.0
557.0;?;?;25;-25;-94.0;5;?;?
?;-8;327.0;28;-28;-99.0;?;-17.0;-106.0
553.0;-36;336.0;28;-28;-104.0;-36;-18.0;-111.0
552.0;-1;251.0;6;-6;-108.0;-1;-19.0;?
551.0;-9;8.0;?;?;-111.0;-9;-18.0;-120.0
549.0;-26;?;?;?;-114.0;-26;-19.0;-124.0
547.0;?;-43.0;7;-7;?;?;-19.0;-126.0
542.0;-21;-116.0;19;-19;-117.0;-21;-18.0;-128.0
534.0;51;-249.0;47;-47;-118.0;51;-16.0;-129.0
524.0;32;-575.0;53;-53;?;32;-11.0;?
?;11;-759.0;94;-94;-120.0;11;?;-128.0
503.0;12;-946.0;26;-26;-122.0;12;6.0;-125.0
?;11;-693.0;?;92;?;?;14.0;-121.0
488.0;?;228.0;-115;?;-125.0;?;21.0;-118.0
482.0;-7;1236.0;-157;157;-126.0;-7;?;-115.0
478.0;-24;2020.0;-172;172;-126.0;-24;44.0;-113.0
480.0;-37;2763.0;-161;161;-125.0;-37;62.0;-110.0
491.0;-36;3278.0;-157;157;-124.0;?;79.0;-107.0
509.0;-2;3360.0;-71;71;?;?;90.0;?
532.0;-25;3198.0;-4;4;-121.0;-25;93.0;-99.0
556.0;-29;2708.0;-37;37;?;?;91.0;-94.0
581.0;-19;2374.0;-37;37;?;-19;83.0;-89.0
603.0;-29;2162.0;?;14;-120.0;-29;75.0;-85.0
620.0;21;1655.0;-34;34;-120.0;21;70.0;-81.0
634.0;41;?;-42;42;-119.0;41;68.0;-78.0
?;?;807.0;-24;24;-116.0;-14;69.0;?
654.0;-11;628.0;-6;6;-111.0;-11;?;-77.0
662.0;?;498.0;-2;2;-105.0;3;73.0;-77.0
668.0;-11;423.0;-5;5;-99.0;-11;75.0;-79.0
675.0;1;411.0;-2;2;-93.0;1;75.0;-82.0
?;-9;461.0;-5;5;-87.0;-9;71.0;-85.0
689.0;-25;445.0;-13;13;-83.0;-25;66.0;-88.0
694.0;-21;492.0;-15;15;-80.0;-21;?;-91.0
697.0;-35;349.0;-13;?;-78.0;-35;55.0;-92.0
?;4;141.0;-13;13;-78.0;4;49.0;-92.0
699.0;21;-81.0;3;-3;-80.0;?;44.0;?
702.0;?;?;?;-5;-82.0;?;40.0;-86.0
704.0;?;-32.0;?;-6;?;?;36.0;-83.0
706.0;-21;?;21;-21;-82.0;-21;?;-81.0
707.0;-3;205.0;-4;4;?;?;32.0;?
?;?;?;15;-15;-83.0;21;30.0;-78.0
705.0;20;-53.0;?;-16;-85.0;20;29.0;?
704.0;36;?;-23;23;?;36;?;-74.0
?;9;-70.0;12;-12;-87.0;9;25.0;?
705.0;11;-76.0;14;-14;-89.0;11;23.0;-72.0
707.0;15;?;?;-1;?;?;19.0;-72.0
709.0;2;-42.0;-19;19;?;2;13.0;?
708.0;?;?;-47;?;-89.0;7;6.0;?
704.0;6;-621.0;-33;?;-91.0;?;4.0;-71.0
698.0;15;-567.0;-34;34;?;?;3.0;-70.0
694.0;?;-278.0;4;-4;-94.0;?;6.0;?
693.0;20;70.0;?;-59;-96.0;20;8.0;-68.0
695.0;31;?;67;?;-98.0;31;9.0;-66.0
698.0;20;417.0;67;-67;-98.0;20;?;-66.0
700.0;-27;205.0;55;?;-97.0;-27;1.0;-66.0
?;-32;?;37;-37;-97.0;-32;-3.0;?
695.0;?;-507.0;60;-60;-97.0;27;-7.0;-66.0
?;?;-899.0;100;-100;-99.0;18;-11.0;-65.0
672.0;-26;-1204.0;?;?;?;-26;-14.0;-65.0
656.0;-8;?;123;-123;-102.0;-8;?;-66.0
636.0;6;-1684.0;137;-137;-104.0;?;-24.0;-67.0
614.0;4;?;127;?;?;4;-32.0;?
591.0;31;-1862.0;143;-143;?;31;?;-70.0
566.0;60;-1821.0;145;-145;-114.0;60;?;-71.0
542.0;29;?;158;-158;-119.0;29;-69.0;-72.0
521.0;9;-1613.0;179;-179;-122.0;9;-81.0;-75.0
502.0;37;?;198;-198;?;37;-92.0;-75.0
?;32;-1044.0;?;-290;?;?;-100.0;-75.0
478.0;-1;-723.0;310;-310;-136.0;?;?;-75.0
472.0;-67;-408.0;228;-228;-138.0;-67;-105.0;-76.0
?;-96;-155.0;210;?;-140.0;?;-105.0;-77.0
?;?;?;197;-197;-141.0;-61;-104.0;-80.0
473.0;?;237.0;92;-92;?;-36;-102.0;-83.0
476.0;?;361.0;17;-17;-139.0;-15;-101.0;-88.0
479.0;-34;434.0;61;-61;-136.0;-34;-99.0;-93.0
483.0;-47;444.0;134;-134;-135.0;?;-98.0;-96.0
486.0;-48;503.0;?;?;-134.0;-48;?;-101.0
490.0;?;451.0;155;?;?;?;-100.0;-108.0
494.0;-15;?;121;?;-135.0;?;-103.0;-113.0
497.0;-41;?;?;-53;-136.0;-41;?;-117.0
?;?;240.0;19;-19;-136.0;-36;?;-123.0
?;?;232.0;?;-49;-138.0;-24;?;-129.0
498.0;-22;268.0;?;-83;-140.0;-22;?;-135.0
499.0;-30;233.0;?;-61;-143.0;-30;-117.0;-140.0
?;?;168.0;-7;7;?;-57;-121.0;-144.0
498.0;?;164.0;-65;65;-150.0;-7;-123.0;-142.0
494.0;-5;?;-83;83;-157.0;-5;-124.0;-136.0
?;?;134.0;-79;79;-166.0;-30;?;?
484.0;-11;?;-58;?;-175.0;-11;-118.0;-114.0
481.0;-27;93.0;-79;79;-184.0;-27;-114.0;?
?;?;18.0;-140;140;?;?;-112.0;-88.0
?;-29;-29.0;-118;?;-200.0;-29;?;?
472.0;-10;-136.0;-50;50;?;-10;-105.0;-73.0
466.0;15;-275.0;-25;25;-210.0;15;-102.0;-69.0
459.0;14;-408.0;8;-8;-213.0;?;-98.0;-68.0
452.0;?;-409.0;27;-27;-216.0;17;-94.0;-68.0
447.0;27;-422.0;24;-24;-218.0;27;?;-68.0
443.0;?;-391.0;73;-73;-220.0;5;?;?
440.0;-9;-376.0;86;-86;?;-9;-90.0;-67.0
438.0;20;-340.0;51;-51;?;20;-90.0;-67.0
438.0;21;-162.0;2;?;-223.0;21;-91.0;-67.0
?;-6;-30.0;-64;?;-224.0;?;-92.0;-67.0
441.0;-30;22.0;-69;69;?;-30;-93.0;-67.0
445.0;-48;62.0;-40;40;-222.0;-48;?;-69.0
?;1;220.0;-26;26;-219.0;1;-92.0;-70.0
458.0;2;430.0;-23;23;-217.0;?;-89.0;-73.0
467.0;-37;629.0;-22;22;-215.0;-37;-87.0;-76.0
?;?;?;-13;13;-213.0;-15;-81.0;-79.0
482.0;-16;878.0;?;13;-210.0;-16;-73.0;-82.0
489.0;9;?;-10;10;-206.0;?;?;-86.0
495.0;45;911.0;-28;28;-201.0;45;?;-90.0
502.0;82;838.0;-47;47;-195.0;82;-51.0;-93.0
507.0;52;556.0;?;40;-190.0;52;-46.0;-96.0
510.0;-24;184.0;-14;14;-184.0;-24;-41.0;-100.0
512.0;9;9.0;-5;5;?;9;-35.0;-103.0
517.0;-8;33.0;-49;?;?;?;-31.0;-103.0
?;-18;?;-35;?;-170.0;?;?;-104.0
528.0;5;-242.0;?;?;-167.0;?;?;-103.0
529.0;-43;-161.0;-75;?;-166.0;-43;-48.0;-101.0
528.0;-57;-236.0;-56;56;-167.0;?;-48.0;-99.0
528.0;-36;-215.0;?;34;-167.0;?;-47.0;-95.0
529.0;14;-163.0;27;-27;-167.0;14;-48.0;-92.0
?;?;-21.0;31;-31;-166.0;13;-48.0;-90.0
?;-17;85.0;-43;43;-166.0;-17;-49.0;?
540.0;33;197.0;-27;27;-165.0;?;?;-85.0
546.0;40;236.0;15;-15;-165.0;40;-55.0;-83.0
550.0;1;112.0;21;?;?;1;-59.0;-81.0
?;?;-56.0;?;12;-165.0;38;-60.0;-78.0
549.0;28;-330.0;-65;65;-163.0;28;-62.0;-78.0
542.0;-9;-454.0;-34;34;-162.0;-9;-56.0;-79.0
535.0;?;-470.0;6;-6;-162.0;6;-48.0;-78.0
529.0;?;-436.0;-22;22;-162.0;-3;-43.0;-77.0
523.0;?;-393.0;12;-12;-162.0;-16;-38.0;?
519.0;?;?;30;-30;?;-44;-37.0;?
?;-8;60.0;13;-13;-163.0;-8;-39.0;-70.0
523.0;?;?;34;-34;?;7;?;?
?;?;417.0;47;-47;-164.0;?;-60.0;-67.0
542.0;9;463.0;?;?;-163.0;?;-77.0;?
552.0;?;264.0;-44;44;-163.0;18;-94.0;-67.0
558.0;33;-57.0;?;83;-162.0;33;-108.0;-68.0
560.0;34;-97.0;?;101;-161.0;?;-118.0;-69.0
561.0;?;-64.0;-83;83;-160.0;-25;?;-70.0
?;-14;-232.0;-54;54;-160.0;-14;-124.0;-70.0
557.0;-11;?;-59;59;?;?;-121.0;?
553.0;-25;-234.0;38;-38;-159.0;?;-117.0;-69.0
550.0;15;?;81;-81;-157.0;15;?;-69.0
546.0;37;-231.0;-37;37;-155.0;37;?;?
543.0;?;?;-82;82;-153.0;10;?;-69.0
543.0;16;307.0;-85;85;?;16;-114.0;-68.0
549.0;?;?;-186;186;-152.0;31;-116.0;?
?;-13;409.0;-196;196;-151.0;-13;-126.0;-65.0
563.0;-25;-64.0;-56;56;-151.0;-25;-136.0;-63.0
559.0;-31;?;-31;?;-150.0;-31;?;-62.0
551.0;?;-602.0;-5;5;-150.0;-15;-136.0;-62.0
543.0;36;-628.0;78;-78;-149.0;36;?;?
536.0;35;-408.0;-9;?;?;35;-116.0;-62.0
533.0;57;-137.0;-51;51;-146.0;57;-111.0;-62.0
533.0;28;248.0;-18;18;-146.0;28;-109.0;-62.0
?;-4;?;-26;26;-146.0;?;-112.0;-61.0
548.0;?;824.0;?;10;-145.0;?;-118.0;-60.0
559.0;?;652.0;-3;?;?;-3;-126.0;-60.0
571.0;-11;474.0;-3;?;-143.0;-11;-136.0;?
574.0;8;31.0;?;1;-142.0;8;-148.0;-62.0
569.0;?;?;17;-17;?;1;-147.0;-63.0
561.0;?;-398.0;-8;?;-145.0;11;-138.0;-63.0
552.0;1;-461.0;-18;?;-146.0;?;-128.0;-63.0
545.0;-24;-254.0;25;-25;-148.0;-24;-117.0;-61.0
540.0;-24;-49.0;?;-23;-148.0;?;-108.0;-59.0
539.0;-27;70.0;?;-66;-148.0;-27;-99.0;?
544.0;3;428.0;73;?;?;?;-96.0;?
553.0;-26;280.0;-4;4;-146.0;-26;-99.0;?
563.0;-63;102.0;?;0;-144.0;-63;?;-61.0
574.0;-8;71.0;?;9;-141.0;-8;?;-63.0
583.0;-16;-125.0;-50;50;?;-16;-118.0;-66.0
589.0;?;-210.0;?;-4;-138.0;23;-124.0;-69.0
593.0;36;-243.0;47;-47;-135.0;36;-132.0;-72.0
?;-12;-495.0;14;?;-134.0;-12;-139.0;-74.0
588.0;7;-501.0;-38;38;-133.0;7;-140.0;-76.0
?;?;-347.0;-73;73;?;?;-136.0;-76.0
571.0;-4;?;-33;33;-134.0;?;?;-75.0
561.0;-15;-338.0;1;-1;-135.0;?;?;-74.0
552.0;-1;-252.0;-35;35;-136.0;-1;-111.0;-71.0
544.0;?;?;?;66;-138.0;12;-101.0;-68.0
537.0;-14;396.0;-30;30;-139.0;?;-92.0;-65.0
533.0;4;?;8;-8;-143.0;4;-84.0;-61.0
?;-11;1070.0;-22;22;-146.0;-11;?;-56.0
541.0;0;?;7;?;-148.0;0;?;?
?;17;1333.0;44;-44;?;17;-95.0;-51.0
567.0;19;1183.0;?;-38;-151.0;?;-107.0;-51.0
584.0;15;911.0;37;-37;-150.0;15;-125.0;-52.0
?;?;?;?;?;?;-34;-147.0;-53.0
611.0;3;347.0;-22;?;?;3;?;-57.0
615.0;-4;-86.0;-33;33;-145.0;-4;-176.0;-61.0
614.0;-34;?;-18;?;-144.0;-34;-182.0;-63.0
613.0;28;?;34;-34;-144.0;28;-187.0;-65.0
610.0;?;-261.0;37;-37;?;26;-190.0;-64.0
?;-4;-361.0;52;-52;?;-4;-191.0;-63.0
?;13;?;39;-39;-145.0;13;-187.0;-61.0
?;46;-431.0;-42;42;-147.0;?;-182.0;-57.0
583.0;50;-426.0;-32;32;-149.0;50;-175.0;-53.0
576.0;-18;?;34;-34;?;-18;-167.0;-50.0
568.0;-26;-543.0;?;-47;-152.0;?;-160.0;-48.0
559.0;29;-428.0;50;-50;-153.0;29;-149.0;-47.0
553.0;-22;-167.0;?;-30;?;-22;-139.0;-46.0
?;-12;123.0;?;-40;-153.0;-12;-133.0;-45.0
?;9;?;37;-37;-153.0;?;?;-44.0
?;-23;466.0;-5;?;-154.0;?;-136.0;-43.0
?;?;661.0;15;-15;-155.0;24;-142.0;?
581.0;-1;539.0;16;-16;-155.0;-1;?;?
589.0;-24;?;-4;4;-154.0;?;-164.0;-44.0
589.0;-11;-13.0;27;-27;-152.0;-11;?;?
582.0;-13;-241.0;36;?;-151.0;-13;-169.0;-47.0
571.0;7;?;51;-51;-151.0;?;-161.0;-48.0
559.0;6;-629.0;51;-51;-150.0;6;-150.0;?
545.0;15;-803.0;-4;?;-152.0;15;-136.0;-48.0
531.0;?;-899.0;36;-36;?;8;-119.0;?
516.0;16;-835.0;?;-10;?;16;-102.0;-45.0
503.0;40;-606.0;-91;91;-158.0;40;-82.0;-44.0
490.0;25;-402.0;-23;23;-160.0;25;-62.0;?
478.0;16;-239.0;37;-37;-160.0;16;-44.0;-41.0
466.0;17;?;29;-29;-160.0;17;-28.0;?
456.0;?;42.0;55;-55;-160.0;16;?;-44.0
450.0;8;-64.0;-6;6;-159.0;8;-3.0;-46.0
447.0;-43;-5.0;-52;52;?;?;1.0;-49.0
446.0;?;34.0;-25;25;-161.0;-98;5.0;?
446.0;-84;-2.0;-60;?;-162.0;-84;10.0;-54.0
445.0;-23;195.0;-24;24;-162.0;-23;19.0;-57.0
446.0;25;217.0;40;-40;-161.0;25;?;-60.0
449.0;58;-36.0;32;-32;-160.0;58;44.0;-62.0
456.0;37;-525.0;?;-37;-159.0;37;?;-62.0
470.0;17;-881.0;-17;17;?;17;57.0;-63.0
489.0;54;-1182.0;-66;66;-155.0;54;59.0;?
512.0;30;?;?;?;?;30;?;-67.0
?;-19;?;2;?;-146.0;-19;47.0;-72.0
547.0;-5;-1222.0;-33;?;-140.0;-5;35.0;-79.0
?;-10;-1032.0;76;-76;-135.0;-10;23.0;-87.0
557.0;-25;-722.0;96;-96;-133.0;-25;16.0;?
553.0;-23;-367.0;?;-15;-133.0;-23;16.0;-101.0
?;-39;?;93;-93;?;-39;?;-105.0
547.0;?;41.0;89;-89;-133.0;-7;14.0;-110.0
545.0;34;227.0;32;-32;-135.0;34;13.0;-116.0
543.0;9;362.0;70;-70;?;9;12.0;?
542.0;-5;380.0;8;?;-140.0;?;?;-124.0
541.0;-3;337.0;-30;30;-143.0;-3;7.0;-128.0
?;-13;449.0;5;-5;-144.0;-13;5.0;-132.0
543.0;?;496.0;-8;?;?;-9;-1.0;-138.0
543.0;?;446.0;-47;47;-146.0;16;-6.0;-142.0
545.0;37;369.0;?;62;?;37;-10.0;?
?;18;282.0;-44;44;-150.0;18;-15.0;-146.0
548.0;?;193.0;-40;40;-153.0;-8;-20.0;-149.0
548.0;?;160.0;-45;45;-154.0;36;?;-152.0
548.0;97;153.0;1;-1;-155.0;?;?;-155.0
549.0;127;?;61;-61;-156.0;127;?;?
549.0;140;56.0;18;-18;-157.0;140;-22.0;-159.0
549.0;140;-5.0;-31;31;-156.0;?;-21.0;?
549.0;142;21.0;-19;19;-156.0;?;-21.0;-159.0
?;124;188.0;?;?;-155.0;124;-22.0;-159.0
548.0;?;?;-178;178;-154.0;90;-21.0;-157.0
548.0;?;?;-226;226;-153.0;?;-20.0;-155.0
549.0;18;1197.0;?;299;-149.0;18;-19.0;-153.0
550.0;53;1556.0;-288;288;-146.0;53;-15.0;-150.0
554.0;63;1962.0;-244;244;-141.0;63;-12.0;-148.0
562.0;?;2263.0;-109;109;?;?;-11.0;-145.0
572.0;79;2463.0;-5;5;-130.0;79;?;-142.0
586.0;54;?;-54;54;-124.0;?;-18.0;-140.0
602.0;15;2406.0;-83;?;-116.0;15;?;-139.0
621.0;-18;?;-91;91;-108.0;-18;-42.0;?
642.0;-79;2155.0;-144;144;-100.0;-79;-64.0;-141.0
665.0;-19;1947.0;-194;194;-90.0;?;-88.0;-144.0
690.0;?;?;?;?;-78.0;52;?;?
715.0;15;1507.0;-107;?;-63.0;15;?;-154.0
738.0;?;1536.0;-85;85;-47.0;6;-153.0;?
?;8;1450.0;-97;97;?;?;-164.0;-169.0
777.0;-9;?;-39;39;?;?;-171.0;?
795.0;-21;-156.0;3;-3;5.0;?;-175.0;-186.0
811.0;-4;-751.0;-26;26;?;-4;-173.0;-194.0
823.0;2;-756.0;-1;?;38.0;?;-171.0;-203.0
835.0;?;?;?;-26;51.0;-25;?;-206.0
843.0;-26;-947.0;23;-23;64.0;?;-170.0;?
849.0;-26;?;43;-43;71.0;-26;-171.0;-210.0
851.0;-10;?;-35;35;?;?;-174.0;-206.0
851.0;32;-613.0;-58;58;?;32;?;-199.0
?;48;-444.0;29;-29;81.0;48;-176.0;-191.0
?;47;?;18;-18;83.0;47;?;-183.0
856.0;47;-226.0;11;-11;83.0;47;-175.0;-176.0
857.0;49;-186.0;27;?;84.0;?;-173.0;-170.0
857.0;38;-164.0;-4;4;84.0;38;-173.0;-166.0
857.0;22;-12.0;-7;7;84.0;22;-171.0;?
?;28;258.0;20;-20;83.0;28;-169.0;-160.0
855.0;27;309.0;-1;1;82.0;27;-168.0;-159.0
853.0;8;296.0;-28;?;80.0;8;-167.0;?
850.0;?;401.0;6;-6;78.0;1;?;?
846.0;-17;344.0;-26;?;75.0;-17;?;-156.0
837.0;-21;256.0;?;84;72.0;-21;-173.0;-154.0
825.0;?;-2.0;-44;44;67.0;-4;-177.0;?
812.0;-14;-169.0;-4;?;?;?;-179.0;-148.0
798.0;-17;-441.0;?;?;59.0;?;-179.0;-145.0
784.0;?;?;?;1;53.0;-12;-180.0;-143.0
777.0;?;-839.0;?;10;47.0;-18;-179.0;-140.0
770.0;-12;?;-12;12;41.0;-12;?;-137.0
765.0;-17;-807.0;-14;14;?;?;-184.0;-135.0
762.0;-17;?;-14;14;29.0;-17;-189.0;-132.0
756.0;?;-524.0;0;0;23.0;20;-196.0;-129.0
749.0;?;-340.0;-24;?;18.0;19;-202.0;-127.0
744.0;-3;-128.0;?;27;15.0;?;-207.0;-125.0
741.0;-5;32.0;-13;?;11.0;-5;-212.0;?
739.0;-4;?;-11;11;?;?;-218.0;?
738.0;?;261.0;16;-16;4.0;5;-223.0;-125.0
?;-1;254.0;?;?;2.0;-1;-226.0;?
?;-3;200.0;-34;34;-1.0;-3;?;?
736.0;?;?;-35;?;-1.0;11;?;-128.0
734.0;2;145.0;-27;27;-2.0;2;-240.0;-130.0
731.0;7;66.0;8;-8;-3.0;7;?;?
728.0;10;-100.0;9;-9;-3.0;10;?;-132.0
727.0;?;-152.0;?;18;-4.0;-37;-245.0;-131.0
727.0;-32;-25.0;-52;52;-5.0;-32;-247.0;-131.0
?;12;?;0;0;-5.0;12;-249.0;-130.0
727.0;29;148.0;?;-20;?;29;?;-130.0
726.0;?;?;9;?;-6.0;26;-253.0;-129.0
725.0;-2;?;59;-59;-8.0;-2;-252.0;-128.0
725.0;13;70.0;-41;41;-9.0;13;-250.0;-126.0
727.0;?;60.0;-83;83;?;39;-249.0;?
730.0;34;85.0;-13;13;-8.0;34;?;-124.0
734.0;39;108.0;-43;43;-7.0;?;-252.0;-122.0
739.0;37;156.0;-33;?;-5.0;37;-256.0;-120.0
743.0;11;223.0;28;-28;-4.0;11;-263.0;-119.0
747.0;-5;?;52;?;-2.0;-5;?;-118.0
750.0;-7;99.0;27;-27;-1.0;-7;-279.0;-118.0
751.0;-39;32.0;-2;?;3.0;-39;-287.0;-119.0
751.0;-25;44.0;-16;16;?;-25;-296.0;-122.0
754.0;26;93.0;-13;13;?;26;?;-124.0
756.0;4;262.0;21;-21;13.0;4;-315.0;-126.0
759.0;-11;212.0;29;-29;16.0;-11;-325.0;-129.0
762.0;6;268.0;35;-35;19.0;?;-334.0;-133.0
766.0;25;405.0;69;-69;21.0;25;-340.0;?
770.0;32;522.0;77;-77;?;32;?;-140.0
772.0;-22;420.0;?;-68;?;-22;-346.0;?
772.0;?;184.0;?;-31;30.0;-12;-351.0;-146.0
?;53;36.0;?;9;32.0;53;?;-148.0
768.0;89;-143.0;?;-42;33.0;89;-355.0;?
769.0;281;?;195;-195;34.0;281;-354.0;-145.0
771.0;681;-301.0;?;-348;35.0;681;-354.0;-144.0
774.0;788;-280.0;570;-570;35.0;788;-355.0;-143.0
777.0;713;-189.0;634;-634;34.0;713;-355.0;-141.0
781.0;490;-25.0;?;-196;34.0;490;-355.0;-140.0
?;-800;?;-104;104;?;-800;-354.0;?
?;-1372;-273.0;-300;300;34.0;-1372;?;?
793.0;?;-178.0;-504;504;34.0;-408;-353.0;-141.0
794.0;-190;-37.0;-497;497;34.0;-190;-354.0;-142.0
?;?;222.0;?;563;33.0;-280;?;-144.0
788.0;-27;399.0;-125;125;31.0;?;-351.0;-145.0
782.0;?;545.0;293;-293;?;134;-349.0;-146.0
774.0;197;?;153;-153;?;?;?;-146.0
765.0;?;?;26;-26;19.0;8;-340.0;-143.0
755.0;-146;430.0;-177;177;12.0;-146;-334.0;-140.0
741.0;-71;85.0;-279;?;4.0;-71;-326.0;?
725.0;-3;-487.0;?;165;?;?;-315.0;-135.0
707.0;-13;-1079.0;37;?;-12.0;-13;-304.0;-133.0
686.0;-29;?;200;-200;-20.0;-29;-292.0;-129.0
?;-23;-1715.0;174;-174;?;-23;-284.0;-127.0
?;39;-1610.0;130;-130;?;39;-274.0;?
621.0;54;?;124;-124;-63.0;54;?;-118.0
?;?;-1135.0;102;?;-79.0;41;-257.0;-114.0
576.0;27;-849.0;79;-79;-93.0;27;-249.0;?
556.0;?;-515.0;47;-47;-105.0;?;-243.0;-108.0
538.0;16;-222.0;-4;4;-117.0;16;?;?
527.0;-6;47.0;-32;32;-128.0;-6;-234.0;-110.0
523.0;?;239.0;?;?;-139.0;?;?;-110.0
520.0;16;324.0;?;7;-153.0;16;-238.0;-106.0
?;41;?;-46;46;-166.0;?;-244.0;-105.0
512.0;?;?;?;100;-182.0;-43;-248.0;?
507.0;-46;220.0;?;94;?;-46;?;-98.0
502.0;?;134.0;-67;67;?;25;?;-103.0
496.0;-15;43.0;-60;60;-196.0;-15;-254.0;?
?;-1;-138.0;?;77;-202.0;-1;-256.0;-113.0
486.0;22;-176.0;-95;95;-207.0;?;-260.0;-118.0
482.0;-3;-177.0;-36;36;-212.0;-3;?;?
478.0;?;-127.0;55;-55;-214.0;36;-269.0;-126.0
475.0;29;?;64;-64;-215.0;29;-274.0;-132.0
473.0;37;9.0;29;-29;-216.0;37;?;-137.0
473.0;16;147.0;-24;24;-214.0;16;-277.0;-143.0
?;19;155.0;-37;37;-212.0;19;-277.0;-148.0
475.0;42;59.0;?;-15;-209.0;42;-275.0;-153.0
478.0;-3;111.0;37;-37;?;-3;-274.0;-158.0
481.0;44;?;23;?;?;44;-272.0;-162.0
484.0;59;?;10;-10;?;59;-269.0;-167.0
489.0;73;228.0;36;?;-194.0;73;-264.0;-172.0
497.0;61;321.0;41;?;-188.0;61;-258.0;-178.0
508.0;?;565.0;?;?;?;8;?;-184.0
522.0;63;961.0;4;-4;-177.0;63;-242.0;-190.0
536.0;57;1404.0;68;-68;?;57;-232.0;-195.0
551.0;?;1732.0;129;?;-167.0;49;-221.0;-200.0
568.0;54;2089.0;153;-153;-161.0;54;?;-203.0
586.0;51;2199.0;128;-128;-156.0;?;-198.0;-208.0
606.0;?;2141.0;?;-97;-152.0;54;-186.0;?
?;8;2092.0;80;-80;-148.0;8;-175.0;-214.0
?;30;1850.0;28;-28;-144.0;?;-162.0;-219.0
667.0;17;?;-62;62;-136.0;17;-150.0;-223.0
685.0;-5;1109.0;?;83;?;?;-139.0;-230.0
?;3;1135.0;-90;90;-119.0;3;-135.0;-236.0
711.0;-26;?;-114;114;-112.0;-26;-135.0;-239.0
720.0;-25;?;-126;126;-107.0;?;-137.0;-241.0
727.0;-33;?;-242;242;-100.0;-33;-144.0;-244.0
732.0;10;30.0;-304;304;-93.0;10;-152.0;-246.0
736.0;10;?;-204;204;-87.0;?;-161.0;-244.0
738.0;?;-1269.0;-153;?;-79.0;-42;-167.0;-244.0
740.0;-35;-1799.0;-132;?;-73.0;?;-177.0;-240.0
740.0;?;-1442.0;?;47;?;-30;?;-234.0
?;23;-959.0;-16;16;-69.0;?;?;-227.0
?;20;-947.0;?;26;-67.0;20;-209.0;-221.0
728.0;-25;-951.0;?;8;?;-25;?;-216.0
728.0;2;-849.0;-48;48;-60.0;2;-217.0;-210.0
728.0;-5;-608.0;-84;?;-56.0;?;-217.0;?
730.0;-27;?;-26;26;?;-27;?;-202.0
730.0;?;-182.0;1;-1;-48.0;-9;?;-199.0
728.0;0;-48.0;2;-2;?;0;?;-195.0
?;?;-103.0;?;-64;?;31;-215.0;-192.0
726.0;?;?;68;?;-44.0;30;-214.0;-188.0
725.0;?;-131.0;-11;11;-43.0;6;?;-185.0
720.0;36;79.0;?;44;-42.0;36;-218.0;-183.0
714.0;-3;329.0;-31;31;-43.0;-3;?;-181.0
711.0;-19;?;-25;?;-42.0;-19;-216.0;-179.0
711.0;28;?;?;?;-41.0;28;-211.0;-176.0
714.0;12;440.0;-32;32;-39.0;12;-206.0;-174.0
715.0;?;403.0;130;-130;-33.0;5;-198.0;-174.0
718.0;22;208.0;172;?;-29.0;22;-192.0;?
725.0;33;-210.0;87;-87;-25.0;33;?;-173.0
732.0;1;-346.0;-57;57;-22.0;1;?;?
?;-45;-382.0;-159;159;-22.0;-45;?;-171.0
737.0;-18;?;-93;?;-23.0;-18;?;-167.0
735.0;34;-195.0;-79;79;?;34;-190.0;-165.0
734.0;41;?;?;111;-22.0;41;-191.0;?
733.0;20;-76.0;30;-30;-22.0;20;-192.0;-162.0
734.0;?;-192.0;25;?;-22.0;-7;?;-161.0
?;-16;-238.0;?;120;-22.0;-16;-189.0;-159.0
739.0;-27;?;-168;168;?;?;-187.0;-158.0
740.0;-28;-198.0;-171;171;-21.0;-28;-185.0;-158.0
741.0;4;-197.0;-16;16;-20.0;4;?;-158.0
743.0;-13;?;67;-67;-19.0;-13;-183.0;-158.0
743.0;-14;-260.0;-14;?;-17.0;?;-182.0;-159.0
744.0;36;-203.0;-13;?;?;36;-182.0;-161.0
746.0;1;-327.0;?;5;?;1;-181.0;-162.0
?;-20;?;-7;?;-15.0;-20;-182.0;-161.0
749.0;36;-297.0;37;-37;-15.0;36;-184.0;-161.0
749.0;?;-329.0;10;?;-15.0;0;-185.0;?
749.0;?;-290.0;8;-8;-15.0;-13;-185.0;-161.0
?;46;-286.0;22;-22;-14.0;46;-187.0;-161.0
747.0;13;-212.0;?;12;-14.0;13;-188.0;?
?;-24;-227.0;30;-30;-16.0;-24;-187.0;-159.0
747.0;-12;-280.0;14;-14;?;-12;-188.0;?
747.0;1;-303.0;-50;50;-15.0;1;?;-158.0
747.0;?;?;?;66;-13.0;-13;-193.0;-159.0
747.0;-11;-317.0;-46;?;-12.0;-11;-194.0;-161.0
746.0;-5;-300.0;-24;24;-13.0;-5;?;?
746.0;-34;-330.0;?;35;-14.0;-34;-199.0;-161.0
745.0;?;-392.0;-12;?;-17.0;-15;-200.0;-159.0
?;-9;-249.0;-40;?;?;-9;-202.0;-157.0
744.0;-28;-19.0;-40;?;-19.0;-28;-202.0;?
744.0;4;?;-2;?;-21.0;4;-202.0;-155.0
743.0;26;-45.0;-3;3;?;26;-201.0;?
743.0;19;-26.0;35;-35;-25.0;19;-200.0;-151.0
743.0;9;64.0;4;-4;-29.0;?;-199.0;-148.0
?;1;272.0;-9;9;-31.0;1;-198.0;-144.0
744.0;?;?;?;19;?;-7;-198.0;-141.0
739.0;-2;845.0;?;78;-34.0;-2;-200.0;?
730.0;?;941.0;-46;?;-36.0;?;-204.0;-134.0
717.0;-3;986.0;5;-5;-39.0;-3;-207.0;-131.0
703.0;?;835.0;?;-47;-43.0;-5;-206.0;-127.0
692.0;?;540.0;14;-14;-47.0;?;?;?
686.0;-6;164.0;-39;39;-51.0;-6;-201.0;-120.0
?;-30;-96.0;15;-15;-55.0;-30;-205.0;-115.0
693.0;?;-292.0;19;?;-58.0;-37;?;-111.0
700.0;16;-453.0;-25;?;-59.0;16;-218.0;-108.0
705.0;21;-277.0;?;-6;-59.0;21;-222.0;-107.0
708.0;-3;91.0;?;?;?;-3;-227.0;-109.0
705.0;-6;380.0;-31;31;-58.0;-6;-230.0;-112.0
705.0;-15;413.0;-34;34;-59.0;-15;-228.0;-115.0
704.0;-15;130.0;-34;34;-57.0;-15;-231.0;-117.0
?;-29;?;-9;9;-56.0;-29;?;-118.0
706.0;-41;-142.0;-4;4;-54.0;?;-234.0;?
?;-25;?;?;-8;-53.0;-25;-236.0;?
?;5;-72.0;?;?;?;5;-239.0;-121.0
709.0;27;50.0;?;-6;-53.0;27;-242.0;-122.0
709.0;27;-80.0;6;-6;?;27;-246.0;-121.0
710.0;13;-243.0;4;-4;-52.0;13;-249.0;?
710.0;?;-286.0;?;18;-52.0;-5;-251.0;-119.0
710.0;0;?;-24;24;-51.0;?;-251.0;-119.0
711.0;-12;-119.0;-24;24;-50.0;-12;?;-119.0
713.0;-34;-206.0;-24;24;?;-34;?;-118.0
713.0;?;-187.0;-23;23;-51.0;8;-253.0;-117.0
712.0;?;-132.0;?;?;-51.0;?;-254.0;?
712.0;?;-2.0;-31;31;-51.0;4;-253.0;-118.0
713.0;-2;14.0;-17;17;-50.0;-2;-252.0;-119.0
714.0;5;63.0;-16;16;-49.0;5;-255.0;-119.0
713.0;-5;?;-45;45;-49.0;?;-256.0;-120.0
?;-5;122.0;-65;?;?;?;-256.0;-120.0
713.0;-4;118.0;-46;?;?;-4;?;-120.0
714.0;-5;53.0;-49;49;-49.0;-5;-259.0;-121.0
712.0;?;107.0;-29;29;?;-6;-260.0;-121.0
711.0;-18;-37.0;-3;?;-50.0;-18;-259.0;-122.0
?;?;?;?;3;-50.0;-25;-258.0;-121.0
711.0;?;214.0;25;-25;-52.0;-17;-256.0;-121.0
712.0;?;444.0;-9;9;-55.0;-7;-251.0;-120.0
711.0;-3;663.0;?;47;-56.0;-3;-245.0;-120.0
710.0;-6;685.0;-23;?;-55.0;?;-239.0;-121.0
710.0;?;613.0;-13;13;-54.0;-3;-232.0;-122.0
711.0;-4;513.0;?;13;-51.0;-4;-222.0;?
714.0;-15;499.0;-21;21;-48.0;-15;?;-126.0
719.0;-10;469.0;-26;26;-47.0;-10;-205.0;-128.0
724.0;-27;518.0;?;19;-46.0;?;-201.0;-130.0
728.0;-11;530.0;-9;9;-46.0;-11;-202.0;-131.0
731.0;30;466.0;10;-10;-45.0;?;-206.0;-132.0
733.0;37;400.0;27;-27;?;37;-213.0;-131.0
733.0;?;393.0;?;-42;?;21;-221.0;-130.0
731.0;-33;322.0;?;-53;?;-33;-227.0;-127.0
731.0;22;127.0;34;?;-55.0;?;-232.0;-125.0
728.0;44;67.0;31;?;-59.0;44;-236.0;?
726.0;-26;?;20;-20;-62.0;-26;-239.0;-118.0
725.0;?;?;-48;48;-65.0;31;?;-115.0
722.0;22;-401.0;-50;?;-67.0;?;-243.0;?
721.0;-46;-391.0;2;-2;-69.0;-46;-244.0;?
719.0;-7;-216.0;-7;7;-70.0;?;?;-109.0
718.0;-1;?;-19;19;-70.0;?;?;-109.0
717.0;?;56.0;42;-42;-71.0;1;-245.0;-108.0
717.0;63;?;35;-35;-71.0;63;-246.0;-107.0
?;40;104.0;-24;24;-73.0;40;-248.0;?
717.0;?;5.0;45;-45;?;-13;-250.0;-108.0
715.0;11;?;12;-12;-76.0;11;-252.0;?
?;?;11.0;-84;84;-77.0;?;-253.0;-110.0
704.0;-13;153.0;-18;?;-78.0;-13;-253.0;-111.0
695.0;0;220.0;1;-1;-79.0;0;-251.0;-114.0
683.0;-53;46.0;-33;?;?;?;?;-115.0
667.0;-14;-348.0;-8;8;-81.0;?;?;-115.0
?;34;-915.0;?;-78;-81.0;?;-243.0;-115.0
?;13;-1399.0;98;-98;-82.0;13;-241.0;-114.0
614.0;16;-1578.0;36;-36;-84.0;16;?;-112.0
609.0;-11;-1559.0;43;-43;-87.0;-11;?;-109.0
608.0;-13;-1639.0;28;-28;-91.0;-13;-275.0;-106.0
606.0;?;-1525.0;-16;16;?;?;-295.0;-103.0
596.0;12;-922.0;?;-17;-99.0;12;?;-102.0
587.0;43;-619.0;34;-34;-103.0;43;-307.0;?
?;6;-541.0;7;?;?;6;-308.0;-102.0
?;41;?;36;-36;-110.0;41;-303.0;-101.0
576.0;41;-230.0;96;-96;-112.0;41;-300.0;-101.0
580.0;51;-166.0;?;?;-112.0;51;-302.0;-101.0
584.0;43;-196.0;?;-257;-114.0;43;-303.0;-102.0
586.0;6;-107.0;296;-296;-115.0;6;?;-103.0
586.0;26;176.0;230;-230;-117.0;?;-303.0;-104.0
586.0;-7;345.0;129;-129;-119.0;?;-301.0;-105.0
585.0;-20;?;?;-42;-122.0;-20;-297.0;-106.0
585.0;-48;235.0;?;-1;-125.0;-48;-292.0;-106.0
585.0;-37;109.0;-10;10;?;?;-286.0;-108.0
586.0;17;109.0;-65;?;-124.0;17;-283.0;-112.0
591.0;-23;144.0;?;104;-120.0;-23;-281.0;-118.0
596.0;-29;240.0;-97;97;-119.0;-29;-279.0;-123.0
?;-30;385.0;-164;164;-121.0;-30;-277.0;?
609.0;?;538.0;-234;234;?;-34;-277.0;-126.0
614.0;-42;?;-220;220;-132.0;?;-275.0;-123.0
618.0;-41;509.0;-101;?;-138.0;?;-274.0;?
620.0;-15;364.0;?;-59;?;?;-274.0;-113.0
618.0;?;-33.0;53;-53;-142.0;?;?;-109.0
614.0;16;-41.0;?;12;-142.0;16;-269.0;-108.0
?;-3;-24.0;50;-50;-141.0;?;-264.0;-108.0
?;-42;21.0;?;-74;-142.0;-42;-260.0;-107.0
598.0;44;-18.0;94;-94;-144.0;44;-256.0;-107.0
588.0;42;-95.0;96;-96;-145.0;42;-249.0;-108.0
574.0;-11;-410.0;-75;?;-147.0;?;-243.0;-108.0
555.0;-10;?;-110;?;-149.0;-10;-233.0;?
?;-2;-709.0;-42;42;-151.0;-2;?;-108.0
511.0;-9;-723.0;-76;76;-153.0;-9;?;-107.0
?;-25;?;-61;61;-155.0;?;-181.0;-104.0
493.0;0;-401.0;-59;59;-156.0;0;-165.0;-102.0
?;38;-84.0;-97;97;-154.0;38;-156.0;?
512.0;10;253.0;-61;61;-152.0;10;-152.0;?
533.0;-23;673.0;-26;?;-149.0;-23;?;-96.0
557.0;?;936.0;?;38;-146.0;-11;-157.0;?
582.0;-16;1147.0;-32;?;-143.0;-16;-165.0;-94.0
607.0;?;1067.0;?;-15;-139.0;-25;-175.0;-95.0
627.0;?;?;108;-108;-135.0;-18;-187.0;?
644.0;?;844.0;?;-154;-130.0;-13;-196.0;-100.0
658.0;?;578.0;124;-124;?;-16;?;?
674.0;-13;406.0;150;?;-123.0;-13;-214.0;-104.0
687.0;-4;?;?;-166;-120.0;-4;-227.0;?
696.0;12;?;114;-114;-116.0;12;-240.0;?
700.0;24;54.0;95;-95;-112.0;24;-250.0;-108.0
697.0;-3;?;25;-25;-110.0;?;-256.0;-110.0
690.0;4;-165.0;?;?;-109.0;4;-256.0;?
682.0;-17;?;-25;25;-110.0;-17;-253.0;-109.0
675.0;?;?;-115;115;-110.0;-66;-245.0;-106.0
669.0;-23;-594.0;-71;71;-111.0;-23;-237.0;-104.0
664.0;-20;-435.0;?;-48;-111.0;-20;-227.0;-101.0
661.0;?;-361.0;67;-67;-111.0;-6;-219.0;-99.0
660.0;35;-420.0;69;-69;?;35;-213.0;-96.0
661.0;24;-498.0;36;-36;-110.0;24;?;-95.0
661.0;7;-444.0;6;-6;-111.0;7;-211.0;-95.0
663.0;?;-228.0;75;-75;-112.0;-9;-211.0;-95.0
?;30;?;?;-62;-114.0;30;-217.0;-96.0
651.0;16;-155.0;?;?;-117.0;16;-223.0;-96.0
?;?;-339.0;58;-58;?;3;-222.0;-96.0
601.0;36;-784.0;?;-35;-125.0;36;?;-98.0
567.0;?;-1341.0;-14;14;-130.0;?;-194.0;-98.0
532.0;?;-1834.0;28;-28;-136.0;-15;?;-97.0
500.0;-28;?;-41;?;?;-28;-148.0;?
478.0;-23;?;-119;?;?;?;-124.0;-91.0
?;14;?;-71;71;-149.0;14;-109.0;?
460.0;4;-1134.0;-7;7;-152.0;4;?;-81.0
?;-5;-532.0;26;-26;-154.0;-5;-104.0;-78.0
462.0;9;-7.0;22;-22;-157.0;9;-108.0;?
464.0;36;140.0;55;?;-160.0;36;?;-76.0
464.0;17;?;?;-19;-163.0;?;-104.0;-75.0
469.0;-37;207.0;-88;88;-165.0;-37;-102.0;-75.0
474.0;-20;291.0;-54;54;-167.0;-20;?;-74.0
477.0;15;168.0;48;-48;-168.0;15;-97.0;-74.0
?;21;?;98;-98;?;?;-94.0;-73.0
471.0;42;?;134;-134;-171.0;?;-89.0;-71.0
465.0;13;?;?;?;?;13;-81.0;-69.0
462.0;?;165.0;122;-122;-175.0;-26;-72.0;-66.0
461.0;19;464.0;11;-11;-177.0;19;-62.0;-63.0
?;14;552.0;-33;33;-179.0;14;-54.0;-59.0
?;-49;534.0;?;23;-181.0;-49;-50.0;?
479.0;-40;?;-40;40;-183.0;-40;?;-49.0
490.0;-30;823.0;-90;90;-185.0;-30;?;-43.0
506.0;-78;944.0;-188;188;-189.0;-78;-65.0;-36.0
?;-74;1074.0;-363;?;-192.0;-74;-79.0;-29.0
545.0;-29;1125.0;-391;?;-195.0;?;-97.0;-22.0
567.0;-26;1205.0;-129;?;-197.0;-26;?;-16.0
587.0;-3;1031.0;69;-69;-198.0;?;-136.0;?
?;38;935.0;46;-46;-200.0;38;?;-7.0
621.0;?;968.0;30;-30;?;?;-174.0;?
635.0;-25;838.0;36;-36;-195.0;-25;-184.0;?
?;3;541.0;-3;3;-193.0;3;-193.0;-11.0
651.0;-2;434.0;-37;37;-190.0;-2;-198.0;-14.0
655.0;3;503.0;-17;17;-187.0;3;-198.0;-16.0
657.0;-2;?;8;?;?;-2;-199.0;-19.0
658.0;-8;213.0;89;-89;-184.0;-8;-200.0;-19.0
656.0;57;95.0;167;?;-183.0;57;-199.0;-20.0
?;?;-15.0;121;-121;-183.0;?;?;-18.0
649.0;?;?;86;-86;?;?;-195.0;-15.0
645.0;-14;-110.0;58;-58;-184.0;?;-192.0;-12.0
641.0;?;-256.0;?;-51;-185.0;-13;-188.0;-8.0
638.0;-15;-276.0;37;-37;-185.0;-15;?;-5.0
638.0;-15;-309.0;-31;31;-185.0;-15;-182.0;-2.0
?;-12;-246.0;-5;5;-186.0;?;-183.0;1.0
636.0;?;-95.0;12;-12;?;-21;-183.0;3.0
636.0;11;?;20;?;-190.0;11;-183.0;6.0
636.0;57;33.0;?;-71;-194.0;57;-182.0;7.0
637.0;?;99.0;38;-38;-195.0;30;-185.0;8.0
?;-3;?;-21;?;?;-3;?;7.0
?;-3;117.0;-26;26;-197.0;-3;-191.0;5.0
637.0;-10;99.0;?;14;-199.0;-10;?;?
635.0;13;121.0;?;-11;?;13;-196.0;0.0
633.0;21;152.0;9;?;?;21;-198.0;-3.0
631.0;-17;?;-49;49;-210.0;-17;?;-4.0
628.0;-16;?;-48;48;-215.0;-16;-204.0;-6.0
?;-5;102.0;11;?;?;-5;-206.0;-9.0
625.0;-3;98.0;-1;1;-223.0;-3;-208.0;-11.0
624.0;?;155.0;-39;?;-225.0;-9;?;-15.0
623.0;-14;?;-60;60;?;-14;-211.0;-18.0
623.0;?;351.0;-73;73;?;-4;-212.0;-21.0
?;?;316.0;-39;39;-228.0;-4;-213.0;-23.0
626.0;-5;294.0;-26;26;-228.0;-5;-213.0;-26.0
629.0;-4;218.0;-44;?;?;-4;-214.0;-27.0
?;-2;220.0;-12;12;-228.0;-2;-216.0;-27.0
635.0;?;192.0;17;-17;-227.0;9;-217.0;-27.0
637.0;?;132.0;-26;26;-227.0;5;-215.0;?
638.0;?;45.0;-47;47;?;-5;-214.0;-27.0
639.0;-1;?;-15;15;?;?;?;-27.0
639.0;-13;-128.0;-22;22;-224.0;-13;-214.0;-26.0
639.0;16;-34.0;13;-13;?;16;?;-26.0
?;?;40.0;60;-60;?;48;-212.0;-27.0
639.0;?;-56.0;37;?;-221.0;26;-212.0;-27.0
640.0;26;75.0;37;-37;-220.0;26;-212.0;-27.0
641.0;3;121.0;?;-29;-218.0;3;?;-28.0
642.0;?;69.0;34;-34;-219.0;?;-216.0;-27.0
641.0;3;163.0;30;-30;-219.0;3;-215.0;?
641.0;27;175.0;20;-20;-218.0;27;-213.0;-25.0
643.0;16;-10.0;?;-47;-218.0;16;-214.0;-24.0
644.0;31;-197.0;32;?;-217.0;31;-217.0;?
643.0;47;?;27;?;-216.0;47;-218.0;-23.0
641.0;?;-83.0;12;-12;-215.0;11;-216.0;-22.0
639.0;-1;-19.0;-20;20;?;?;-214.0;-21.0
639.0;20;?;4;-4;-216.0;?;-213.0;-19.0
639.0;46;?;46;-46;-216.0;?;-214.0;-19.0
?;65;-70.0;?;-48;?;65;?;-18.0
638.0;2;?;?;13;-215.0;2;?;?
638.0;-27;?;-44;44;-214.0;-27;-212.0;-18.0
637.0;?;-62.0;-61;61;-214.0;5;-211.0;-18.0
?;6;-97.0;?;32;-213.0;6;-210.0;-19.0
637.0;?;0.0;45;-45;-213.0;16;-206.0;?
639.0;17;?;-2;2;-211.0;17;?;-20.0
643.0;?;121.0;-41;41;-209.0;14;-207.0;-22.0
650.0;-13;143.0;4;-4;-207.0;-13;-211.0;-25.0
655.0;-39;165.0;31;?;?;-39;-212.0;-27.0
659.0;-34;-14.0;24;-24;-203.0;-34;-217.0;-29.0
?;-17;-227.0;?;-25;?;-17;-227.0;-31.0
669.0;21;-295.0;?;-64;-197.0;21;?;-35.0
670.0;18;-48.0;?;-51;-197.0;18;-237.0;-36.0
670.0;2;?;32;-32;?;2;-242.0;-36.0
665.0;6;-21.0;?;-3;?;6;-241.0;-36.0
660.0;-17;-80.0;-33;33;-200.0;-17;-236.0;-34.0
656.0;-26;204.0;-15;15;-202.0;-26;-226.0;-32.0
649.0;-8;239.0;-25;25;-204.0;-8;-207.0;-29.0
641.0;-3;15.0;5;-5;-206.0;-3;?;-24.0
636.0;-10;98.0;33;?;-208.0;-10;-169.0;-21.0
628.0;-27;?;60;-60;-211.0;-27;?;-17.0
621.0;22;-30.0;96;-96;-212.0;22;-124.0;-13.0
620.0;?;-220.0;?;-53;?;88;?;?
628.0;24;-377.0;61;-61;-217.0;?;-105.0;-6.0
632.0;?;-60.0;46;-46;?;-19;-106.0;-3.0
634.0;3;199.0;8;-8;-218.0;3;-106.0;-3.0
637.0;?;289.0;18;-18;-218.0;?;-108.0;-3.0
638.0;?;?;6;-6;-218.0;-35;?;?
640.0;?;279.0;6;-6;-219.0;-33;-114.0;?
?;?;-46.0;-6;6;?;-25;-121.0;-4.0
644.0;?;-151.0;?;?;-218.0;35;-125.0;-4.0
643.0;16;-163.0;-18;18;-218.0;16;?;-4.0
644.0;4;-7.0;-35;?;-219.0;?;-129.0;-4.0
?;37;?;-13;13;-220.0;37;-130.0;?
650.0;-10;351.0;8;-8;-219.0;-10;-134.0;-2.0
647.0;3;253.0;6;-6;?;3;-128.0;-2.0
652.0;-16;?;40;-40;?;?;?;-2.0
656.0;-7;?;12;-12;-218.0;-7;-129.0;-3.0
658.0;5;?;-62;62;-216.0;5;-137.0;-3.0
666.0;-65;-592.0;-55;55;-215.0;-65;?;-4.0
?;2;-242.0;?;6;?;?;?;-6.0
675.0;-25;540.0;?;-55;?;-25;-187.0;-11.0
?;-108;15.0;86;?;-213.0;?;-186.0;-14.0
669.0;?;-366.0;?;-63;-213.0;-46;-185.0;-16.0
666.0;-2;?;?;9;-212.0;?;?;-17.0
663.0;6;400.0;-110;110;-211.0;6;-168.0;-17.0
658.0;7;598.0;-124;124;?;7;-154.0;-18.0
?;4;468.0;-100;?;-210.0;4;-140.0;-17.0
666.0;9;191.0;?;?;-208.0;9;-148.0;-17.0
670.0;1;146.0;-82;82;-206.0;1;-162.0;-19.0
672.0;-17;-39.0;-14;14;-206.0;-17;-170.0;-19.0
671.0;-25;?;-42;42;-206.0;-25;-179.0;?
667.0;0;?;-2;2;-209.0;0;-180.0;-17.0
667.0;?;-312.0;37;-37;-210.0;42;?;-16.0
684.0;-20;293.0;?;-41;-206.0;?;-186.0;-17.0
692.0;-62;?;40;-40;-203.0;?;-197.0;?
692.0;12;653.0;-19;19;-202.0;12;-197.0;?
692.0;19;-13.0;-35;35;-200.0;19;-197.0;?
?;8;256.0;-26;26;-199.0;8;-188.0;-36.0
680.0;29;406.0;-45;45;-200.0;?;-177.0;-35.0
676.0;-6;476.0;-11;11;-202.0;-6;?;?
671.0;-6;277.0;-15;15;?;-6;-149.0;-31.0
666.0;?;-20.0;-41;41;-204.0;15;-139.0;-29.0
660.0;-13;-159.0;27;-27;-204.0;?;-131.0;-27.0
652.0;15;-160.0;65;-65;-204.0;15;-122.0;?
644.0;34;-121.0;70;-70;-206.0;?;-112.0;-24.0
?;41;-266.0;?;?;-208.0;41;-105.0;?
639.0;-7;-350.0;-42;42;-209.0;-7;-102.0;-20.0
639.0;-86;?;-12;12;-210.0;-86;-102.0;-18.0
636.0;-27;?;1;-1;-211.0;-27;-101.0;-16.0
634.0;-9;?;?;14;-212.0;-9;-100.0;-15.0
633.0;-39;147.0;14;-14;-212.0;?;-95.0;-14.0
633.0;-11;218.0;-37;37;-212.0;-11;-93.0;-14.0
636.0;-7;-39.0;-68;68;-212.0;-7;-95.0;-13.0
637.0;-4;-150.0;-13;13;?;?;-95.0;-11.0
?;7;-270.0;-20;20;-213.0;7;-94.0;-9.0
635.0;-12;?;-12;12;-213.0;?;-92.0;-8.0
?;?;95.0;-13;13;-213.0;3;-92.0;-7.0
637.0;54;?;-55;?;-213.0;54;?;-7.0
?;38;292.0;?;21;-213.0;38;-93.0;-6.0
647.0;?;?;27;-27;-213.0;?;-91.0;-6.0
659.0;2;-68.0;43;?;-212.0;?;?;?
663.0;9;?;55;-55;-209.0;?;-109.0;-11.0
667.0;3;213.0;24;-24;-206.0;3;-116.0;-15.0
?;5;?;9;-9;-205.0;5;-128.0;-17.0
669.0;-20;128.0;28;-28;-207.0;?;-129.0;?
665.0;-16;-175.0;27;-27;-210.0;-16;-130.0;-14.0
662.0;26;?;22;?;-212.0;26;-126.0;?
?;?;?;2;-2;?;-6;-121.0;-11.0
657.0;-22;?;27;-27;?;-22;-114.0;-10.0
648.0;16;?;8;?;-216.0;?;-101.0;-8.0
641.0;1;-23.0;-32;32;-217.0;1;-85.0;-4.0
642.0;?;-377.0;-5;5;-218.0;?;-80.0;-2.0
647.0;-11;-690.0;-24;24;-217.0;-11;-91.0;0.0
648.0;4;-762.0;10;-10;-217.0;4;-106.0;?
?;-17;?;9;-9;-219.0;-17;-116.0;3.0
650.0;-4;-606.0;-41;41;-220.0;?;-130.0;3.0
653.0;1;-439.0;-10;?;-220.0;1;-146.0;3.0
656.0;-43;?;-3;3;-220.0;-43;-165.0;1.0
658.0;-11;-421.0;17;-17;?;-11;?;?
660.0;18;-391.0;32;-32;-218.0;18;-203.0;?
660.0;-3;-41.0;33;-33;-218.0;-3;-212.0;-2.0
659.0;13;272.0;83;-83;-217.0;13;-217.0;-4.0
659.0;3;228.0;82;-82;-215.0;3;?;-7.0
665.0;-7;?;14;-14;-212.0;-7;-224.0;-12.0
?;32;57.0;9;?;-207.0;32;-234.0;-17.0
680.0;?;198.0;58;-58;?;22;-244.0;-21.0
?;1;170.0;36;?;-203.0;1;-250.0;-25.0
682.0;-10;163.0;-15;15;-204.0;-10;-250.0;-26.0
681.0;-23;316.0;-67;67;-204.0;-23;-243.0;-25.0
679.0;?;411.0;-81;?;-204.0;20;-236.0;-25.0
675.0;20;405.0;23;-23;-203.0;?;-219.0;-26.0
671.0;-5;70.0;74;-74;-201.0;-5;-203.0;-27.0
668.0;15;-289.0;?;-48;-199.0;15;-192.0;-29.0
672.0;?;-411.0;?;-60;-198.0;?;-191.0;-29.0
?;-3;?;24;?;-196.0;-3;?;-31.0
679.0;27;148.0;-30;30;-196.0;27;-210.0;-34.0
685.0;?;20.0;-10;10;?;?;-224.0;-37.0
686.0;-36;62.0;32;-32;-197.0;?;-231.0;-40.0
687.0;?;97.0;?;?;-198.0;?;?;?
?;-6;?;43;-43;-198.0;-6;-226.0;-42.0
694.0;6;231.0;-23;23;-197.0;?;-224.0;-42.0
692.0;17;257.0;-1;1;-195.0;17;-219.0;-44.0
688.0;23;324.0;-1;1;-195.0;23;-205.0;-44.0
684.0;50;126.0;-43;43;-195.0;?;-194.0;-44.0
684.0;?;?;3;-3;-195.0;-1;-188.0;-43.0
685.0;-2;-287.0;35;-35;-195.0;-2;-191.0;-43.0
684.0;57;-53.0;18;-18;?;57;-199.0;?
686.0;-10;-129.0;?;-27;?;-10;-213.0;-44.0
687.0;-24;-168.0;6;-6;?;?;-232.0;-47.0
684.0;-23;?;?;-7;-192.0;-23;-248.0;-50.0
?;-23;-436.0;49;?;-194.0;-23;-250.0;-52.0
681.0;42;-261.0;43;?;-196.0;42;-249.0;-52.0
683.0;10;?;?;-9;-197.0;10;-248.0;-52.0
?;-29;136.0;-48;48;-198.0;?;-245.0;-50.0
686.0;-7;138.0;-93;93;-197.0;?;-241.0;-50.0
680.0;-6;-51.0;-73;73;-197.0;-6;?;?
673.0;?;-251.0;4;?;-196.0;16;?;-51.0
667.0;12;-405.0;?;?;-196.0;?;-220.0;-50.0
665.0;4;-379.0;74;-74;?;4;-223.0;?
665.0;63;?;133;-133;-197.0;63;-225.0;-49.0
665.0;32;221.0;?;-104;?;?;?;-48.0
671.0;-25;54.0;3;?;-198.0;-25;-240.0;?
?;-41;192.0;-84;84;-196.0;-41;-251.0;?
679.0;-30;245.0;-53;53;-195.0;-30;-258.0;-57.0
682.0;?;?;?;?;?;24;-258.0;-60.0
687.0;-5;208.0;?;0;-194.0;-5;-258.0;-61.0
687.0;-10;?;-68;68;-195.0;-10;-255.0;-62.0
685.0;-13;-32.0;?;65;-196.0;-13;-252.0;?
679.0;-1;367.0;-121;121;-198.0;-1;-238.0;-58.0
674.0;58;401.0;-84;?;-198.0;58;-221.0;-57.0
671.0;31;71.0;54;-54;?;31;-208.0;?
670.0;?;-99.0;96;-96;-194.0;37;?;-56.0
673.0;?;101.0;105;-105;-193.0;52;-216.0;?
?;46;-324.0;64;-64;-191.0;46;-229.0;-57.0
678.0;26;-428.0;?;30;-191.0;26;-245.0;-60.0
675.0;-26;-512.0;-21;21;-192.0;-26;?;-62.0
673.0;-2;-316.0;8;-8;-195.0;-2;-248.0;-62.0
679.0;18;333.0;?;26;-196.0;?;-243.0;-62.0
682.0;-16;463.0;-79;79;-196.0;-16;-244.0;-62.0
680.0;-7;?;-130;130;?;-7;-243.0;-63.0
?;?;406.0;-64;64;?;-23;?;-61.0
659.0;?;397.0;79;?;-197.0;-24;?;-59.0
?;42;99.0;119;-119;-199.0;42;-201.0;?
652.0;31;-254.0;93;-93;-199.0;?;-197.0;-55.0
?;44;-167.0;9;-9;-196.0;44;-206.0;-54.0
?;23;-161.0;?;30;-193.0;23;-214.0;?
668.0;-37;-130.0;?;-56;-190.0;-37;-232.0;-59.0
?;-5;-229.0;?;-107;-186.0;-5;-252.0;-65.0
?;?;?;92;-92;-184.0;?;?;-71.0
673.0;-20;67.0;58;-58;-186.0;-20;?;?
677.0;32;218.0;?;-7;-184.0;?;-254.0;-74.0
675.0;37;215.0;-21;21;-182.0;37;-258.0;-77.0
667.0;50;199.0;?;65;-182.0;50;-250.0;?
658.0;48;58.0;-141;141;-181.0;48;?;-76.0
650.0;8;-428.0;?;149;-180.0;8;?;-75.0
645.0;-33;-423.0;?;30;-178.0;-33;-217.0;-74.0
642.0;?;-289.0;206;?;-177.0;?;-211.0;?
640.0;42;-337.0;374;-374;-176.0;42;-212.0;-73.0
641.0;16;179.0;360;-360;?;?;-218.0;-72.0
647.0;-35;235.0;257;-257;-177.0;-35;-224.0;-71.0
654.0;?;?;24;-24;-176.0;24;-236.0;-72.0
?;?;8.0;-284;284;-176.0;?;-243.0;?
665.0;19;29.0;-339;339;?;19;-248.0;-74.0
670.0;?;?;0;0;-173.0;?;-246.0;-78.0
674.0;80;200.0;303;-303;-172.0;80;-245.0;-79.0
673.0;61;366.0;?;-332;-170.0;61;-246.0;-79.0
667.0;?;438.0;287;-287;?;40;-232.0;-79.0
663.0;17;144.0;183;-183;-170.0;?;?;-77.0
660.0;-18;-509.0;170;-170;?;-18;-214.0;-75.0
657.0;11;-281.0;?;-120;?;11;-216.0;-74.0
?;?;286.0;-38;38;-170.0;?;-228.0;-74.0
664.0;3;1.0;?;12;-167.0;3;?;?
664.0;-37;?;1;-1;-165.0;-37;-263.0;-85.0
662.0;-16;-231.0;-21;21;-166.0;?;-263.0;-87.0
?;26;-102.0;13;-13;?;26;-257.0;-89.0
662.0;66;478.0;32;-32;-163.0;66;-254.0;-90.0
655.0;55;622.0;24;?;?;55;?;-91.0
646.0;1;127.0;?;53;-165.0;?;-225.0;-90.0
645.0;-15;-451.0;?;?;-166.0;-15;-221.0;-87.0
?;?;-7.0;4;?;?;?;-222.0;-85.0
654.0;4;166.0;?;-86;?;?;-232.0;-85.0
?;-17;?;59;-59;-168.0;-17;?;-85.0
665.0;-55;?;?;3;-168.0;-55;-254.0;-83.0
668.0;-20;28.0;?;-7;-168.0;-20;-255.0;-85.0
671.0;-16;-196.0;-13;13;-169.0;-16;-256.0;?
670.0;9;-94.0;13;-13;-167.0;?;?;-83.0
671.0;42;-111.0;12;-12;?;42;?;?
672.0;23;-316.0;?;38;-169.0;23;-262.0;-82.0
673.0;26;-154.0;-33;33;-169.0;26;-262.0;?
674.0;-4;419.0;-22;?;-170.0;-4;?;-78.0
670.0;-44;401.0;26;-26;?;?;-248.0;?
?;-36;?;-52;52;-171.0;-36;-232.0;-75.0
?;-22;724.0;-138;138;-172.0;-22;-211.0;-76.0
?;-27;419.0;?;?;-172.0;-27;-193.0;?
643.0;-25;-272.0;-125;?;-172.0;-25;-188.0;-75.0
652.0;-9;-236.0;-19;19;-173.0;-9;-204.0;?
658.0;18;21.0;31;-31;-175.0;?;-215.0;?
660.0;53;56.0;6;-6;?;53;-223.0;-69.0
657.0;?;?;29;-29;-177.0;14;-229.0;-70.0
657.0;-10;-219.0;62;-62;-177.0;-10;-231.0;-71.0
660.0;26;-6.0;?;-78;?;?;-229.0;-71.0
663.0;-13;?;17;-17;-178.0;-13;-226.0;-71.0
665.0;?;69.0;-30;30;-178.0;-21;?;?
664.0;2;?;?;11;-179.0;2;-221.0;-75.0
657.0;?;82.0;?;?;-178.0;-26;?;-77.0
649.0;-34;285.0;3;-3;-175.0;-34;-205.0;-81.0
643.0;-8;?;19;-19;-173.0;-8;-193.0;-84.0
640.0;?;402.0;-32;32;-172.0;26;-181.0;-85.0
637.0;0;221.0;-6;?;-171.0;?;?;?
634.0;?;-16.0;-28;28;-173.0;-36;-166.0;-85.0
630.0;3;-46.0;?;8;-175.0;3;?;?
624.0;37;-112.0;64;-64;?;37;-159.0;-79.0
622.0;28;-252.0;?;40;-181.0;28;-161.0;?
?;8;-300.0;-68;?;-183.0;8;-165.0;-74.0
630.0;-29;-241.0;-30;30;?;?;-173.0;-73.0
637.0;3;?;?;-17;-183.0;?;-182.0;-72.0
645.0;?;-106.0;58;-58;-183.0;52;-191.0;-72.0
654.0;13;119.0;15;-15;-182.0;?;-200.0;-73.0
659.0;?;307.0;?;18;-182.0;-6;-207.0;?
663.0;?;215.0;-59;59;-181.0;?;-213.0;-75.0
?;-1;14.0;0;0;-181.0;?;-219.0;?
674.0;?;113.0;34;-34;?;-5;-226.0;-78.0
678.0;-6;?;12;?;?;?;-236.0;-82.0
683.0;-15;-139.0;101;?;-177.0;-15;-243.0;-84.0
685.0;-8;-223.0;109;-109;-177.0;-8;-250.0;-84.0
680.0;14;-182.0;26;-26;-176.0;14;-249.0;?
678.0;?;42.0;?;-6;-178.0;?;-248.0;-85.0
?;-10;34.0;42;-42;?;-10;-246.0;-83.0
668.0;-15;128.0;25;-25;-181.0;?;?;?
667.0;-4;314.0;-33;33;-182.0;?;-222.0;-78.0
?;?;240.0;?;44;-182.0;16;?;-76.0
666.0;-8;284.0;-27;27;-183.0;-8;-203.0;?
659.0;-45;?;-3;?;-185.0;-45;-190.0;-70.0
662.0;-55;-211.0;-71;?;?;-55;-183.0;?
666.0;-13;23.0;?;?;-183.0;-13;-186.0;-66.0
665.0;26;472.0;-14;14;-183.0;26;-188.0;-65.0
671.0;0;115.0;?;?;-185.0;0;?;-64.0
674.0;-2;-470.0;-29;?;?;-2;-202.0;-65.0
671.0;?;-312.0;-17;?;?;-26;-210.0;-68.0
667.0;?;-307.0;?;50;-183.0;-41;?;-70.0
669.0;0;?;-17;?;-185.0;0;-211.0;-68.0
668.0;-4;-310.0;-12;12;-186.0;-4;?;-67.0
665.0;-8;-245.0;-18;18;?;-8;-203.0;-67.0
663.0;?;-16.0;-2;2;-186.0;?;-199.0;-69.0
661.0;-12;153.0;?;43;-185.0;-12;-196.0;-70.0
656.0;-15;200.0;-83;83;-184.0;-15;-191.0;-72.0
647.0;?;152.0;-124;?;-183.0;?;-178.0;-73.0
?;-45;84.0;-201;201;-183.0;-45;-163.0;-73.0
616.0;-32;-125.0;-207;207;-183.0;-32;-148.0;?
595.0;-16;?;-149;149;-183.0;?;-132.0;-72.0
571.0;-11;?;?;37;-185.0;-11;-113.0;-70.0
548.0;16;-888.0;?;?;-188.0;?;-99.0;-69.0
529.0;25;?;50;?;-189.0;25;?;-66.0
520.0;16;-1385.0;?;?;-189.0;16;-100.0;-63.0
519.0;?;-1319.0;?;65;-189.0;29;-115.0;?
524.0;3;-1146.0;?;47;-189.0;3;?;-60.0
530.0;-19;-869.0;-29;29;-188.0;?;?;-60.0
533.0;-16;?;?;?;-187.0;-16;-186.0;?
542.0;-24;-41.0;-56;?;?;?;-196.0;?
556.0;1;231.0;-90;90;-186.0;1;?;-66.0
570.0;?;402.0;?;96;-184.0;?;-230.0;?
581.0;8;567.0;-51;51;?;8;?;-73.0
?;4;?;-28;28;-178.0;?;-246.0;?
596.0;-7;434.0;-21;21;-177.0;-7;-243.0;?
603.0;8;250.0;-24;?;-176.0;8;-241.0;-81.0
?;28;87.0;-28;28;-172.0;28;-239.0;-83.0
618.0;?;-113.0;19;?;-170.0;6;-239.0;-85.0
?;22;-84.0;12;-12;-167.0;?;?;-85.0
?;?;-11.0;4;-4;-164.0;12;?;-89.0
624.0;-13;49.0;?;-41;-162.0;-13;?;-90.0
621.0;?;-103.0;16;-16;-161.0;27;-242.0;-92.0
621.0;?;-41.0;-12;12;-160.0;37;-241.0;?
622.0;41;-55.0;-13;13;?;?;-241.0;-91.0
?;11;?;-7;7;-161.0;?;-242.0;-89.0
623.0;-14;52.0;16;-16;-161.0;-14;-241.0;-89.0
622.0;37;110.0;14;-14;-161.0;?;?;-89.0
622.0;?;-79.0;7;?;-161.0;37;?;-88.0
622.0;-11;-197.0;18;-18;-160.0;?;-237.0;-89.0
622.0;7;-163.0;-5;5;-160.0;7;-238.0;-89.0
623.0;38;-99.0;-13;13;?;38;-238.0;?
623.0;?;-90.0;-19;19;-159.0;?;?;-91.0
?;-32;-141.0;-19;?;-158.0;-32;-239.0;-91.0
626.0;5;-121.0;6;?;-158.0;5;-239.0;-91.0
627.0;10;-153.0;3;-3;-157.0;?;-237.0;-92.0
?;0;-259.0;43;-43;-156.0;0;?;?
627.0;24;-219.0;45;?;-155.0;24;-235.0;-93.0
627.0;56;?;?;-11;?;56;-232.0;-93.0
628.0;?;?;18;-18;-154.0;41;-232.0;?
628.0;-3;-156.0;17;-17;?;?;-233.0;?
628.0;-6;-170.0;22;-22;-154.0;-6;-233.0;-95.0
630.0;-4;-89.0;-10;10;-155.0;-4;-232.0;-95.0
?;-3;-48.0;9;-9;-154.0;-3;-233.0;-96.0
628.0;-7;-35.0;33;-33;?;-7;-232.0;?
625.0;-3;-127.0;?;17;-154.0;-3;-230.0;-96.0
622.0;?;?;-15;15;-153.0;-3;-228.0;-96.0
617.0;-29;?;-17;17;-153.0;-29;?;-96.0
609.0;11;26.0;-22;22;-153.0;11;-219.0;-96.0
603.0;?;227.0;?;-13;-153.0;?;-216.0;-96.0
599.0;-61;156.0;-21;21;?;-61;-216.0;-96.0
596.0;-40;?;-17;17;?;-40;-217.0;-96.0
595.0;3;22.0;?;-45;?;?;?;-97.0
595.0;9;146.0;-7;7;-153.0;9;-217.0;?
?;-6;189.0;-11;11;-152.0;?;-217.0;-98.0
595.0;-18;92.0;?;-22;?;-18;-217.0;-99.0
596.0;-12;12.0;-13;?;?;-12;-217.0;-101.0
597.0;-4;19.0;-13;13;?;?;?;-103.0
599.0;-4;44.0;-12;12;-149.0;-4;-219.0;?
602.0;-6;?;-15;15;-149.0;-6;-222.0;-106.0
604.0;-3;?;-14;14;-148.0;-3;-224.0;-108.0
605.0;-1;277.0;-10;10;-148.0;-1;-226.0;-109.0
606.0;39;237.0;-3;3;-148.0;39;-229.0;-109.0
609.0;34;118.0;-2;?;?;?;-231.0;?
610.0;-23;?;13;-13;-149.0;-23;-235.0;-110.0
608.0;20;?;?;-29;-149.0;20;-237.0;-110.0
607.0;22;76.0;?;?;?;?;?;-109.0
?;?;75.0;?;?;-151.0;-28;?;-108.0
602.0;-10;?;7;-7;-151.0;-10;-240.0;?
601.0;-15;43.0;?;24;?;?;-240.0;-107.0
602.0;?;-71.0;-28;28;-151.0;?;?;-106.0
607.0;-9;?;15;?;?;-9;?;-106.0
?;?;85.0;?;?;-152.0;-29;-247.0;?
618.0;-32;159.0;22;-22;-151.0;-32;-251.0;-105.0
625.0;?;81.0;23;-23;-151.0;?;-255.0;?
629.0;-4;156.0;47;-47;-149.0;?;-259.0;-107.0
?;-5;?;-1;1;-148.0;-5;-263.0;-108.0
?;?;?;?;24;-148.0;-3;-266.0;-110.0
632.0;-3;258.0;3;-3;-148.0;-3;-268.0;-110.0
631.0;9;264.0;3;-3;-148.0;9;-269.0;-109.0
632.0;-24;281.0;-2;2;-149.0;?;-270.0;-107.0
631.0;?;?;15;-15;-149.0;-46;-272.0;-105.0
631.0;22;84.0;?;-28;-149.0;?;-272.0;-105.0
632.0;31;209.0;16;?;-149.0;31;-270.0;?
?;?;?;4;-4;?;-16;-271.0;?
637.0;12;169.0;25;?;-150.0;12;?;?
637.0;?;184.0;?;-10;?;37;-275.0;?
638.0;?;187.0;-50;50;-150.0;36;-277.0;-107.0
637.0;?;188.0;-40;?;-150.0;30;?;-107.0
634.0;-23;161.0;16;-16;-150.0;-23;?;-107.0
630.0;2;65.0;20;-20;?;?;?;-107.0
625.0;21;-61.0;-13;13;?;?;?;-107.0
?;-3;-166.0;-21;21;-150.0;?;-273.0;-107.0
611.0;16;-119.0;22;-22;-149.0;16;-267.0;-107.0
605.0;-11;-179.0;33;-33;?;-11;-262.0;-107.0
600.0;55;-209.0;-29;29;-148.0;?;-257.0;-107.0
595.0;67;-277.0;-34;34;-148.0;67;-254.0;-107.0
590.0;-37;-251.0;?;29;-147.0;-37;-251.0;-107.0
585.0;-10;-130.0;-41;41;-147.0;-10;?;-107.0
582.0;10;-37.0;?;-11;-146.0;?;-242.0;-107.0
578.0;-24;-7.0;10;-10;-146.0;-24;-240.0;-108.0
575.0;-20;-67.0;-13;?;-146.0;?;-235.0;-108.0
?;-34;-46.0;2;-2;?;-34;-233.0;-108.0
576.0;-13;-44.0;?;22;-146.0;-13;-235.0;-108.0
?;15;-116.0;-21;21;-146.0;15;-237.0;?
572.0;?;-205.0;5;?;-146.0;?;-238.0;-108.0
568.0;-19;-198.0;7;-7;-146.0;-19;-237.0;-109.0
563.0;8;?;56;-56;-146.0;8;-233.0;?
559.0;6;-79.0;89;-89;-146.0;6;-229.0;-108.0
558.0;3;-76.0;?;-45;-146.0;?;-226.0;-107.0
556.0;-4;-108.0;?;-16;-146.0;?;-226.0;-108.0
552.0;31;?;?;-8;?;31;-225.0;-107.0
547.0;41;-191.0;6;-6;-146.0;41;-223.0;-107.0
543.0;34;?;?;-7;-146.0;34;?;?
537.0;?;-344.0;8;-8;-146.0;37;?;-106.0
529.0;38;?;6;?;-147.0;38;?;-106.0
519.0;37;-236.0;?;-7;-147.0;37;-212.0;-105.0
511.0;2;-23.0;24;-24;?;2;-205.0;?
505.0;0;?;27;-27;-148.0;?;-199.0;-105.0
502.0;32;?;29;-29;-149.0;32;?;-104.0
504.0;-6;?;23;?;-152.0;-6;-188.0;?
509.0;-31;?;17;-17;-152.0;-31;-187.0;?
514.0;15;179.0;8;-8;-151.0;?;-187.0;-100.0
?;13;251.0;?;?;-150.0;13;-187.0;-101.0
?;-12;363.0;4;?;-149.0;-12;-188.0;-101.0
531.0;-15;?;42;?;?;-15;?;-104.0
536.0;-13;575.0;29;-29;-148.0;?;-186.0;?
?;-4;541.0;3;-3;-149.0;-4;-183.0;-107.0
544.0;-4;470.0;-22;?;?;-4;?;-107.0
549.0;-4;450.0;-26;?;?;-4;-178.0;-107.0
553.0;?;422.0;-4;4;-151.0;-15;-177.0;-106.0
558.0;-31;321.0;33;-33;?;-31;-179.0;-106.0
561.0;-19;?;-9;9;-152.0;-19;?;?
565.0;-18;187.0;-76;76;-152.0;-18;-184.0;?
568.0;-53;81.0;-48;48;-150.0;?;?;-107.0
571.0;-61;2.0;-36;36;-149.0;-61;-192.0;-108.0
574.0;?;-28.0;-53;53;-149.0;-49;-198.0;-110.0
576.0;?;-52.0;-34;?;-149.0;?;?;-110.0
?;-44;-28.0;?;57;-149.0;?;-207.0;-109.0
?;-15;-32.0;?;59;-148.0;-15;-208.0;-109.0
579.0;-16;-68.0;2;-2;-147.0;-16;-209.0;-111.0
580.0;?;-75.0;-15;?;-144.0;24;?;-115.0
582.0;39;-33.0;-63;?;-141.0;39;-212.0;-119.0
585.0;14;-6.0;-70;?;-138.0;14;?;-123.0
587.0;-12;?;-12;12;-136.0;?;?;-127.0
586.0;?;32.0;24;-24;-135.0;-24;?;-127.0
584.0;2;38.0;-37;37;-135.0;?;-224.0;-124.0
581.0;2;-31.0;-33;33;-135.0;2;-224.0;-119.0
578.0;-5;-95.0;-32;32;-136.0;-5;-222.0;-114.0
?;12;?;-62;62;?;?;-222.0;-110.0
574.0;2;-277.0;?;50;-135.0;2;-222.0;-108.0
571.0;?;?;-43;43;-135.0;18;-221.0;-107.0
569.0;40;-208.0;-10;?;-136.0;40;-222.0;?
?;-2;-137.0;5;-5;-136.0;-2;?;-104.0
565.0;?;-75.0;-17;17;-137.0;-16;-222.0;-103.0
563.0;-21;-65.0;-2;2;-138.0;?;-223.0;-102.0
562.0;-19;-27.0;?;-15;-138.0;-19;-224.0;-101.0
561.0;6;1.0;-24;24;-138.0;6;-225.0;-100.0
560.0;-14;22.0;-17;17;-139.0;-14;-225.0;-99.0
?;14;-15.0;?;-48;-140.0;?;-225.0;-99.0
561.0;15;-53.0;6;-6;-139.0;15;-225.0;-99.0
563.0;-24;-88.0;-34;34;-138.0;-24;-227.0;-99.0
?;?;-71.0;14;-14;?;-10;?;-99.0
571.0;6;-3.0;7;?;-138.0;6;?;?
574.0;10;-3.0;0;0;-139.0;10;-236.0;-100.0
573.0;-24;-18.0;29;?;-138.0;-24;-240.0;?
572.0;-31;25.0;?;-6;?;?;-243.0;-102.0
570.0;-10;149.0;-15;15;-139.0;?;?;-102.0
?;-16;148.0;-3;3;?;-16;-247.0;?
565.0;-24;130.0;-13;?;-138.0;-24;?;-103.0
560.0;-30;10.0;-17;17;-138.0;-30;?;?
555.0;3;-152.0;-8;?;-137.0;?;-247.0;-104.0
550.0;17;-173.0;-21;21;-137.0;17;-245.0;-105.0
544.0;?;2.0;?;2;-136.0;22;-240.0;-105.0
542.0;35;79.0;?;-16;-135.0;35;-231.0;-105.0
544.0;-1;82.0;?;2;-134.0;?;-227.0;-106.0
549.0;-16;54.0;?;9;?;-16;-227.0;?
557.0;-13;?;-23;23;-132.0;-13;-229.0;-107.0
567.0;-15;95.0;8;?;-131.0;-15;-229.0;-106.0
577.0;-17;?;5;?;-129.0;-17;-230.0;-107.0
?;-25;287.0;-9;?;-128.0;-25;-233.0;-107.0
602.0;-25;226.0;?;-53;-126.0;-25;?;-108.0
615.0;?;330.0;?;-23;-124.0;-21;-242.0;?
627.0;13;333.0;?;?;-122.0;13;-247.0;-111.0
636.0;48;?;35;?;-118.0;48;-251.0;-114.0
642.0;27;455.0;24;-24;-115.0;27;-254.0;?
647.0;5;?;27;-27;-111.0;5;?;-120.0
652.0;-19;162.0;?;-17;-107.0;-19;-257.0;-123.0
?;-55;-4.0;36;-36;-105.0;-55;?;-124.0
663.0;?;-147.0;55;-55;-102.0;3;?;-124.0
668.0;7;-29.0;33;-33;-99.0;?;-258.0;-126.0
671.0;-68;56.0;-2;2;?;-68;-260.0;-126.0
673.0;-32;60.0;-2;2;-93.0;-32;-262.0;?
673.0;14;-39.0;42;-42;-91.0;14;-262.0;-126.0
672.0;15;-39.0;50;?;-89.0;?;?;-126.0
671.0;?;-27.0;?;?;?;20;-264.0;-126.0
670.0;?;-113.0;35;-35;-88.0;8;-263.0;-125.0
670.0;-4;?;-10;10;-90.0;-4;-261.0;?
670.0;27;?;39;-39;-92.0;27;-259.0;-121.0
670.0;18;-117.0;103;-103;-94.0;18;-257.0;?
667.0;-41;34.0;?;-4;-97.0;-41;?;-117.0
662.0;13;70.0;-31;31;-100.0;13;-256.0;-116.0
?;41;?;39;-39;-104.0;41;-255.0;-114.0
645.0;4;?;3;-3;?;?;-252.0;-113.0
634.0;16;-41.0;?;23;-111.0;16;-249.0;-112.0
621.0;-33;7.0;35;-35;-115.0;-33;-246.0;-112.0
607.0;-47;-6.0;60;-60;-118.0;-47;-241.0;?
593.0;2;-13.0;48;?;-122.0;2;?;-110.0
578.0;-1;-40.0;26;-26;-126.0;-1;?;-109.0
564.0;-16;?;-9;9;-129.0;-16;-218.0;-107.0
?;-15;-271.0;-24;24;-132.0;-15;-206.0;-105.0
535.0;-14;?;-23;?;?;-14;-189.0;-100.0
521.0;?;-424.0;-25;25;-143.0;?;-170.0;?
511.0;-3;-483.0;-19;19;-148.0;-3;-149.0;-90.0
502.0;23;?;-12;12;?;?;-127.0;-84.0
494.0;13;-738.0;-14;14;-153.0;13;?;?
?;15;-795.0;-14;?;-151.0;15;-92.0;-79.0
484.0;54;?;-12;12;-151.0;54;-78.0;-79.0
482.0;32;-630.0;2;-2;-150.0;32;?;-79.0
?;?;-524.0;49;-49;-149.0;-7;-65.0;?
487.0;16;-307.0;-6;6;-150.0;16;?;?
?;12;-284.0;-72;72;?;12;-68.0;-80.0
486.0;?;-237.0;-28;28;?;-14;-70.0;-80.0
483.0;?;-188.0;-31;31;-151.0;1;-70.0;?
481.0;0;-294.0;-5;5;?;?;-71.0;-80.0
479.0;-24;-210.0;43;-43;-151.0;-24;-72.0;?
481.0;-5;-26.0;49;?;-151.0;-5;-74.0;-81.0
485.0;4;89.0;?;-55;-151.0;4;-78.0;?
?;-23;142.0;?;?;-151.0;-23;-82.0;?
495.0;-14;?;8;-8;-150.0;?;-88.0;?
500.0;3;109.0;?;?;-149.0;3;?;-81.0
504.0;-18;40.0;?;-2;-148.0;-18;-96.0;-81.0
?;-38;79.0;-31;31;-146.0;?;-96.0;-82.0
?;-35;54.0;-21;21;?;-35;-97.0;-83.0
516.0;-17;17.0;6;?;-143.0;-17;-96.0;-84.0
519.0;-10;?;-7;7;-141.0;-10;-93.0;-84.0
523.0;-25;-16.0;23;-23;-139.0;-25;-88.0;-85.0
527.0;-19;-36.0;25;-25;-136.0;-19;-83.0;-86.0
533.0;-17;18.0;-5;5;?;-17;-78.0;-87.0
539.0;-3;31.0;17;-17;-130.0;?;-75.0;?
?;36;99.0;?;-2;?;36;?;?
553.0;7;-40.0;3;-3;?;7;?;?
558.0;?;-80.0;33;-33;?;-4;-77.0;?
560.0;-13;?;?;-15;?;-13;-79.0;-81.0
559.0;?;-168.0;?;?;?;-7;-78.0;-78.0
558.0;16;-173.0;?;?;-119.0;16;-76.0;-75.0
556.0;-24;-217.0;-3;3;?;?;-73.0;-73.0
553.0;9;-192.0;?;?;-118.0;9;-67.0;-72.0
?;-16;-153.0;9;-9;-116.0;?;-63.0;?
?;?;-58.0;-17;17;-114.0;-52;?;-69.0
555.0;13;142.0;-17;17;-112.0;13;?;-69.0
557.0;-23;?;26;-26;-112.0;-23;-63.0;-68.0
?;?;109.0;30;-30;?;-40;-62.0;?
560.0;34;110.0;?;-17;-109.0;34;-62.0;-68.0
562.0;35;?;-15;15;?;35;?;-69.0
564.0;16;?;-55;55;?;16;-62.0;-68.0
565.0;40;96.0;-64;64;-104.0;?;-63.0;?
565.0;37;?;-64;64;-103.0;37;-65.0;?
561.0;36;446.0;-62;?;-103.0;36;-71.0;?
555.0;21;809.0;?;?;-103.0;21;-75.0;-67.0
549.0;-36;1212.0;?;?;-104.0;-36;-77.0;-66.0
547.0;-35;1630.0;18;?;-104.0;-35;-80.0;?
553.0;9;?;-14;14;-104.0;?;-88.0;?
568.0;7;2331.0;-12;12;-105.0;7;-102.0;?
587.0;10;?;?;50;?;10;-120.0;?
612.0;19;1577.0;-30;30;-105.0;19;-142.0;-61.0
640.0;?;?;-18;18;?;-12;-169.0;?
664.0;-6;622.0;-32;32;-103.0;-6;?;-69.0
?;15;?;?;?;-100.0;15;-215.0;-77.0
?;-11;?;-21;?;-94.0;-11;-233.0;-87.0
702.0;-26;379.0;-14;14;-89.0;-26;?;-96.0
?;-25;273.0;2;-2;-86.0;-25;-264.0;-102.0
700.0;-20;?;-34;34;-85.0;?;-272.0;?
696.0;1;69.0;-57;57;-84.0;?;-276.0;-105.0
692.0;6;-20.0;-52;52;-84.0;6;-277.0;-102.0
691.0;?;-195.0;?;11;-84.0;5;-277.0;?
?;14;-326.0;27;-27;-82.0;14;-276.0;-96.0
681.0;17;-169.0;10;-10;-80.0;?;-274.0;?
?;16;-167.0;-5;?;-79.0;16;-266.0;-93.0
661.0;?;-328.0;-4;4;-78.0;?;?;-92.0
652.0;16;-546.0;-1;1;-78.0;16;-232.0;-89.0
649.0;?;-746.0;63;-63;?;-9;?;-86.0
650.0;-24;-1039.0;99;-99;-79.0;-24;-200.0;?
653.0;?;-1033.0;?;?;-79.0;8;-189.0;-80.0
659.0;-13;-907.0;-11;?;-80.0;-13;-181.0;-78.0
?;-29;-486.0;-10;10;-80.0;-29;-177.0;-80.0
?;27;-270.0;-33;?;-79.0;?;-178.0;-83.0
678.0;?;10.0;11;-11;-77.0;?;-181.0;-89.0
682.0;?;205.0;-5;5;-77.0;-3;-186.0;-95.0
684.0;-4;202.0;-32;?;-76.0;-4;-194.0;?
686.0;-6;279.0;-19;19;?;?;-201.0;-103.0
686.0;-18;163.0;5;?;-79.0;-18;-208.0;?
685.0;-15;131.0;46;-46;?;-15;-212.0;-106.0
683.0;23;111.0;17;-17;-84.0;23;-213.0;-107.0
681.0;9;73.0;-15;15;-87.0;?;-213.0;?
679.0;?;58.0;-34;34;-87.0;-11;-210.0;-107.0
677.0;-2;?;-1;?;?;-2;-206.0;-108.0
?;-5;-63.0;46;-46;-88.0;-5;-201.0;?
677.0;-14;-39.0;-1;?;-88.0;-14;-195.0;?
?;-26;?;?;19;-89.0;-26;-190.0;?
683.0;?;?;7;-7;-90.0;-16;-183.0;-111.0
688.0;-19;?;?;-24;-88.0;-19;-180.0;-113.0
692.0;-5;142.0;23;-23;-86.0;-5;-182.0;-117.0
?;15;127.0;17;-17;-85.0;15;-186.0;-118.0
?;-13;?;?;-17;-85.0;?;-190.0;-118.0
700.0;-2;-164.0;12;-12;-85.0;-2;-193.0;-116.0
701.0;4;?;41;-41;-85.0;4;-196.0;-113.0
?;?;-295.0;28;?;-84.0;-35;-199.0;-110.0
?;-22;-267.0;-28;28;-82.0;-22;-201.0;-107.0
702.0;30;-146.0;-32;32;-80.0;30;-201.0;-105.0
704.0;29;-7.0;-32;32;-79.0;29;-201.0;-104.0
704.0;?;?;-38;38;-78.0;?;-203.0;-103.0
703.0;46;-271.0;-14;?;-77.0;46;-204.0;?
702.0;8;-362.0;-3;?;-75.0;8;-205.0;?
?;-8;-355.0;-16;16;-73.0;?;-205.0;-99.0
?;25;?;10;?;-71.0;?;-206.0;-98.0
701.0;-19;-41.0;?;-11;-70.0;-19;-207.0;-96.0
700.0;-27;27.0;-25;25;?;-27;-208.0;-95.0
698.0;10;130.0;?;-38;?;10;-210.0;?
695.0;?;?;33;-33;?;?;-210.0;-94.0
693.0;?;6.0;-28;28;-66.0;26;-208.0;-92.0
692.0;?;-74.0;19;-19;-65.0;?;-207.0;?
690.0;-11;-136.0;22;-22;-65.0;-11;-207.0;-91.0
688.0;6;-53.0;7;-7;-64.0;6;-206.0;-91.0
687.0;?;?;?;-32;-63.0;-22;-203.0;-91.0
685.0;2;?;12;?;-63.0;?;-202.0;?
682.0;11;-16.0;?;0;?;11;-201.0;-91.0
678.0;-15;-102.0;27;-27;?;-15;-199.0;?
674.0;3;-165.0;21;-21;-64.0;3;?;-89.0
668.0;?;-25.0;4;-4;-65.0;11;?;-90.0
661.0;34;31.0;?;-14;-65.0;34;-201.0;-89.0
?;23;?;-4;?;?;?;-201.0;-89.0
653.0;-4;?;-11;11;-68.0;-4;-202.0;-89.0
?;?;-137.0;-3;3;?;16;-203.0;-89.0
643.0;-17;?;-23;?;?;-17;-208.0;-89.0
636.0;-21;85.0;-4;4;?;-21;-211.0;-90.0
?;14;374.0;3;-3;-74.0;14;-212.0;-89.0
630.0;14;561.0;?;18;?;14;?;-85.0
?;17;596.0;-12;12;-81.0;17;?;-82.0
?;16;538.0;-13;13;-85.0;16;?;?
?;7;448.0;8;-8;?;7;-222.0;-77.0
629.0;6;308.0;37;-37;-88.0;6;-226.0;-77.0
623.0;3;?;25;-25;?;3;-227.0;-78.0
617.0;-9;-119.0;-1;1;-90.0;?;-227.0;-80.0
611.0;-15;-239.0;-2;?;-91.0;-15;-228.0;-80.0
606.0;-15;?;-3;3;?;-15;?;-80.0
?;-15;-498.0;?;14;-95.0;-15;-228.0;-80.0
593.0;-15;-359.0;?;11;-98.0;?;-229.0;-80.0
586.0;-12;-51.0;?;24;-100.0;?;-229.0;-79.0
580.0;-1;289.0;-34;34;?;-1;?;-77.0
573.0;-6;412.0;-35;?;-107.0;-6;-230.0;-76.0
568.0;-15;350.0;-44;44;-109.0;-15;-231.0;-74.0
568.0;-5;202.0;?;?;-112.0;-5;-231.0;-72.0
568.0;-7;62.0;-2;?;-114.0;-7;-230.0;-70.0
569.0;3;?;-4;4;-116.0;3;-232.0;-69.0
?;?;?;13;?;-118.0;3;-235.0;-68.0
570.0;?;74.0;4;-4;-119.0;9;?;-69.0
569.0;37;197.0;-14;14;-121.0;37;-240.0;-70.0
568.0;-8;186.0;?;-18;-123.0;-8;-240.0;-69.0
566.0;-31;144.0;25;-25;-124.0;-31;-239.0;-70.0
563.0;-5;79.0;14;?;?;-5;-237.0;-71.0
560.0;-22;-64.0;16;-16;-124.0;-22;-235.0;-70.0
557.0;-12;-274.0;17;-17;-125.0;-12;-235.0;-70.0
552.0;16;-388.0;?;-11;-125.0;?;?;-70.0
547.0;-7;-516.0;-47;47;-125.0;-7;-234.0;-70.0
542.0;?;?;-62;?;-125.0;-13;-237.0;?
?;3;-481.0;?;10;?;3;?;-70.0
537.0;21;-79.0;6;?;-125.0;21;?;-69.0
539.0;14;?;7;-7;-126.0;14;-225.0;?
546.0;?;?;?;-24;-125.0;-40;-224.0;-68.0
557.0;-37;?;35;-35;-125.0;-37;-223.0;?
569.0;?;828.0;38;-38;-125.0;-18;?;-71.0
577.0;-27;1141.0;34;-34;?;?;-223.0;-72.0
587.0;-11;1244.0;26;-26;-123.0;-11;-220.0;-75.0
596.0;-15;?;26;-26;-124.0;-15;?;-78.0
604.0;?;?;?;11;-124.0;?;-211.0;-79.0
611.0;-6;?;-50;50;-124.0;-6;-203.0;-79.0
617.0;-37;1161.0;18;-18;-124.0;-37;?;?
622.0;-17;1424.0;?;-36;-124.0;-17;-183.0;?
629.0;-1;1708.0;-4;4;-124.0;-1;-169.0;-79.0
633.0;?;1866.0;36;-36;-123.0;-45;-154.0;-78.0
637.0;2;1767.0;42;-42;-124.0;2;-134.0;-77.0
641.0;?;1613.0;30;-30;-123.0;27;-115.0;-77.0
643.0;5;1482.0;45;-45;-122.0;5;-100.0;-77.0
643.0;7;1247.0;21;-21;?;?;-86.0;?
642.0;?;985.0;-30;30;-119.0;5;-77.0;-78.0
?;-4;708.0;?;35;?;-4;-73.0;-79.0
638.0;?;542.0;10;-10;-118.0;-25;?;-79.0
636.0;-10;470.0;14;-14;-118.0;-10;?;-79.0
635.0;-14;?;3;-3;-118.0;-14;-76.0;-78.0
635.0;-19;334.0;-12;?;-119.0;-19;-77.0;-78.0
?;19;?;?;33;-119.0;?;-79.0;-77.0
634.0;-1;?;12;-12;-119.0;-1;?;-77.0
633.0;-30;225.0;39;-39;?;-30;-80.0;-77.0
632.0;?;?;?;24;?;?;-79.0;-77.0
631.0;19;221.0;-34;34;-119.0;?;-78.0;?
?;16;150.0;?;-5;-118.0;16;-78.0;-78.0
629.0;?;-92.0;?;18;-117.0;?;-78.0;-78.0
?;-21;-13.0;-52;52;-116.0;-21;-78.0;-78.0
627.0;-27;-49.0;-39;?;-116.0;?;-77.0;-77.0
626.0;6;-124.0;18;-18;-116.0;6;-77.0;-76.0
626.0;-33;-154.0;32;-32;-115.0;-33;-78.0;-76.0
627.0;-50;-34.0;-20;?;-115.0;-50;-79.0;-76.0
627.0;-14;49.0;-43;43;?;?;-81.0;-76.0
?;?;103.0;?;?;-115.0;-24;-82.0;-76.0
626.0;-5;?;-7;?;-115.0;-5;-83.0;-76.0
?;4;9.0;-23;23;-115.0;4;?;?
626.0;-27;50.0;2;-2;-115.0;-27;?;-76.0
627.0;-2;27.0;-4;4;-115.0;-2;-83.0;-76.0
628.0;38;?;-44;44;?;?;-82.0;-76.0
?;38;79.0;-43;43;-115.0;38;-81.0;-77.0
?;35;70.0;-51;51;-115.0;?;-80.0;-78.0
629.0;?;?;-10;?;-115.0;?;-79.0;?
629.0;14;?;-1;?;?;14;-79.0;-78.0
629.0;?;?;-9;9;?;?;-80.0;?
629.0;-4;57.0;-5;5;?;?;-81.0;-77.0
?;?;51.0;-54;54;?;-4;-82.0;-77.0
630.0;-11;31.0;16;-16;-115.0;-11;-83.0;-77.0
630.0;?;21.0;46;-46;-115.0;-12;-84.0;-77.0
630.0;19;27.0;11;?;?;?;?;-77.0
630.0;8;47.0;28;?;-115.0;8;-82.0;?
630.0;-5;-25.0;7;?;-115.0;-5;-82.0;-77.0
630.0;36;-51.0;15;-15;-115.0;36;-82.0;-77.0
630.0;?;-68.0;-6;6;-115.0;0;-81.0;-77.0
629.0;?;-70.0;-28;28;-115.0;-2;-81.0;?
629.0;30;?;14;-14;-115.0;30;-81.0;?
628.0;?;-30.0;26;-26;-115.0;1;-81.0;-77.0
628.0;5;?;26;-26;-115.0;5;-81.0;-77.0
627.0;9;16.0;30;?;?;9;-81.0;-77.0
626.0;?;?;16;-16;-116.0;-2;?;-76.0
?;-7;-102.0;25;-25;-116.0;?;-81.0;-76.0
624.0;0;-87.0;22;-22;?;0;-81.0;?
624.0;4;?;20;-20;-116.0;4;-83.0;-75.0
?;-4;19.0;?;-37;-116.0;-4;-84.0;-75.0
?;5;25.0;3;-3;-117.0;5;?;-75.0
624.0;-6;76.0;13;-13;-117.0;-6;-85.0;-75.0
622.0;-18;?;50;?;-118.0;?;-85.0;-74.0
623.0;-12;185.0;23;-23;?;-12;-83.0;-74.0
623.0;9;?;-5;5;-119.0;9;-83.0;-74.0
622.0;27;376.0;-4;4;-119.0;27;-83.0;-74.0
622.0;8;485.0;5;-5;-119.0;8;?;-74.0
622.0;?;334.0;?;-7;-119.0;?;-80.0;-74.0
?;-11;321.0;8;-8;-119.0;-11;-78.0;-74.0
624.0;?;319.0;4;-4;-119.0;?;-77.0;-74.0
?;29;214.0;-15;?;-119.0;29;-77.0;?
625.0;38;59.0;-32;32;-119.0;38;-77.0;-74.0
?;36;?;-35;?;-118.0;36;-76.0;-74.0
?;35;-38.0;-31;31;-118.0;35;-77.0;-74.0
626.0;42;-10.0;?;37;-118.0;42;?;-74.0
626.0;25;-94.0;-27;27;-118.0;25;-80.0;-74.0
625.0;-27;-71.0;8;?;-118.0;-27;?;-75.0
?;?;?;?;?;?;-28;?;-76.0
624.0;-3;?;?;13;-117.0;-3;?;?
624.0;14;?;-9;9;-117.0;14;-84.0;-76.0
623.0;-11;-68.0;-25;25;-117.0;-11;-86.0;-77.0
622.0;-20;?;?;?;-117.0;-20;-88.0;-77.0
622.0;?;-280.0;7;?;-118.0;16;-89.0;-78.0
620.0;-8;-203.0;-8;8;?;?;-92.0;?
618.0;?;?;-21;21;-118.0;-13;?;-77.0
617.0;33;-809.0;2;?;-118.0;?;-95.0;-76.0
616.0;4;-1252.0;3;-3;-117.0;4;-96.0;-76.0
616.0;-21;-1544.0;-18;18;-117.0;-21;-96.0;-76.0
?;27;?;-23;23;-116.0;27;-99.0;-76.0
?;8;-1459.0;2;?;-116.0;8;-104.0;-75.0
614.0;-40;-1243.0;-1;?;-116.0;-40;-107.0;-75.0
614.0;-8;-891.0;-31;?;-117.0;-8;-109.0;-74.0
613.0;-3;-601.0;-33;33;-117.0;-3;?;-73.0
612.0;-39;-359.0;?;49;-118.0;-39;-118.0;-73.0
609.0;?;-282.0;?;45;-120.0;-36;?;?
604.0;-19;?;11;-11;-121.0;-19;-122.0;-72.0
600.0;-3;-596.0;0;0;?;-3;?;-71.0
596.0;-17;-950.0;-5;?;-124.0;-17;?;-70.0
592.0;-22;?;36;-36;-126.0;-22;-134.0;-68.0
589.0;-17;-1313.0;-16;16;-127.0;?;-143.0;-67.0
585.0;-25;-1286.0;-36;36;-127.0;-25;-151.0;-67.0
581.0;10;?;?;-18;-128.0;10;-160.0;-67.0
576.0;12;-1092.0;-19;19;-128.0;12;-169.0;-66.0
569.0;10;-1006.0;7;-7;-128.0;10;-174.0;-66.0
563.0;11;?;29;-29;-128.0;11;-177.0;-64.0
?;?;?;-12;12;-129.0;-16;-178.0;?
551.0;?;-610.0;33;-33;-129.0;?;-179.0;-58.0
?;-2;-413.0;?;?;-129.0;-2;-178.0;-56.0
?;7;?;?;-5;-129.0;?;-176.0;-54.0
543.0;38;-146.0;13;-13;-130.0;38;?;-52.0
544.0;?;-57.0;-37;37;-130.0;-4;?;-51.0
546.0;-20;-10.0;?;?;-130.0;-20;-174.0;-51.0
551.0;34;188.0;?;-29;-129.0;34;-172.0;-53.0
?;3;450.0;-18;?;-128.0;3;-169.0;?
564.0;-23;637.0;-11;?;-128.0;?;-165.0;-56.0
573.0;12;673.0;-15;15;-127.0;12;-159.0;-59.0
584.0;12;668.0;-29;29;-126.0;12;-156.0;?
597.0;6;576.0;19;-19;-125.0;6;-154.0;-65.0
612.0;6;451.0;11;-11;?;6;-152.0;-68.0
?;18;214.0;-6;6;?;18;-153.0;-71.0
643.0;36;39.0;1;-1;-120.0;36;-153.0;-72.0
661.0;3;-144.0;-9;9;-118.0;3;?;-75.0
673.0;-42;-250.0;-14;14;-117.0;-42;-155.0;-78.0
?;-35;-282.0;?;14;?;-35;-157.0;-82.0
685.0;-34;-256.0;-14;14;-113.0;-34;-161.0;-88.0
685.0;-24;-575.0;-2;2;?;-24;-167.0;-92.0
?;40;-404.0;20;-20;-111.0;40;-171.0;-95.0
679.0;40;-359.0;4;-4;-111.0;40;-174.0;-95.0
676.0;-40;?;-29;29;?;?;-177.0;-93.0
?;-23;27.0;-23;23;-113.0;-23;-178.0;-91.0
672.0;36;180.0;11;-11;?;?;-177.0;-89.0
?;3;252.0;?;?;-114.0;3;-176.0;?
674.0;19;249.0;-35;?;?;19;?;-86.0
675.0;67;167.0;-7;?;-114.0;?;-178.0;?
675.0;24;?;52;-52;-114.0;24;-179.0;-86.0
674.0;-15;50.0;37;-37;-114.0;-15;-179.0;?
673.0;-15;26.0;13;-13;-115.0;?;?;-87.0
672.0;-16;?;-35;35;-115.0;-16;-179.0;-87.0
671.0;-12;-14.0;-61;?;?;-12;?;-87.0
670.0;-18;9.0;-53;53;?;-18;-179.0;-87.0
670.0;-12;16.0;-50;50;?;-12;-180.0;-86.0
669.0;?;41.0;4;-4;-117.0;-14;-180.0;-86.0
?;-38;-3.0;40;?;?;-38;-180.0;-87.0
668.0;?;-28.0;-1;?;-117.0;0;?;-87.0
667.0;10;-5.0;-32;32;?;?;-180.0;-87.0
664.0;-21;-129.0;2;-2;?;-21;-181.0;-88.0
658.0;1;?;?;?;-117.0;1;?;-87.0
?;26;?;-12;12;?;26;-185.0;-86.0
638.0;30;-27.0;22;-22;-118.0;30;-186.0;-86.0
625.0;8;-58.0;53;-53;-120.0;8;?;-85.0
609.0;-9;-135.0;1;?;-121.0;-9;?;-84.0
?;0;-401.0;-37;37;?;?;-173.0;-84.0
578.0;?;?;-22;22;-119.0;19;-166.0;-83.0
565.0;36;-786.0;-32;?;-119.0;36;-158.0;-79.0
556.0;36;-901.0;-39;39;-118.0;?;-149.0;-76.0
551.0;42;-912.0;?;?;-118.0;42;-141.0;-70.0
?;20;?;-47;47;-115.0;20;?;-63.0
555.0;-9;-519.0;-30;30;-112.0;?;-125.0;-59.0
561.0;?;-340.0;18;-18;?;-4;-116.0;?
574.0;-4;?;0;?;?;-4;-109.0;-53.0
?;-3;-58.0;-8;8;?;-3;-102.0;-52.0
608.0;?;-152.0;4;-4;-91.0;-13;?;-51.0
?;-9;-225.0;?;?;-85.0;-9;?;-51.0
?;-10;-563.0;16;-16;-79.0;-10;-86.0;-50.0
667.0;-36;-940.0;?;-6;-74.0;-36;-86.0;-52.0
684.0;-19;-1306.0;7;-7;-68.0;-19;-86.0;-56.0
697.0;3;-1114.0;-11;11;-63.0;3;-91.0;-62.0
702.0;7;-1098.0;-39;39;?;7;?;?
?;4;?;-17;17;-54.0;?;-99.0;-71.0
703.0;8;-826.0;24;-24;-51.0;8;-103.0;?
?;?;?;16;?;-48.0;?;-109.0;-74.0
704.0;-23;-775.0;-20;?;-46.0;-23;-113.0;?
?;-7;?;-20;20;-43.0;-7;-120.0;-75.0
704.0;17;-875.0;-8;8;-41.0;?;-121.0;-75.0
706.0;18;-618.0;?;21;-39.0;18;-123.0;-75.0
?;43;?;-35;35;-37.0;43;-128.0;-76.0
?;36;-438.0;-33;33;?;?;-131.0;-76.0
?;-18;?;-10;10;-36.0;-18;-132.0;-75.0
?;-19;-220.0;?;-16;-35.0;-19;-134.0;-75.0
706.0;13;-100.0;3;-3;-35.0;13;-133.0;-75.0
704.0;14;31.0;?;18;-35.0;?;-135.0;-76.0
?;19;97.0;-9;?;-35.0;19;-136.0;-76.0
701.0;27;45.0;26;-26;-35.0;27;-137.0;-78.0
701.0;-4;90.0;36;?;-35.0;-4;-137.0;-79.0
700.0;-39;111.0;-12;12;-35.0;-39;-137.0;-78.0
700.0;-6;108.0;13;-13;-35.0;-6;-137.0;-78.0
?;53;91.0;?;-30;-36.0;53;-137.0;-77.0
698.0;?;50.0;-17;?;-36.0;39;-137.0;-76.0
697.0;-13;68.0;-14;?;-35.0;-13;-137.0;-75.0
?;-13;21.0;-8;8;-35.0;-13;-137.0;-75.0
696.0;24;39.0;25;-25;-35.0;24;-136.0;-75.0
696.0;40;-7.0;29;-29;-35.0;40;-135.0;-76.0
695.0;15;4.0;?;-1;?;15;-134.0;?
?;?;10.0;7;-7;?;-4;-132.0;-75.0
694.0;14;27.0;?;?;-36.0;14;-133.0;?
695.0;?;63.0;-4;4;-36.0;20;-134.0;-75.0
693.0;7;?;3;-3;-37.0;?;-134.0;-75.0
691.0;?;296.0;38;-38;-39.0;7;-133.0;-74.0
689.0;6;577.0;35;-35;?;6;-134.0;-72.0
684.0;18;876.0;-27;27;-42.0;18;?;-71.0
680.0;18;?;-27;27;-44.0;18;-126.0;-69.0
?;?;?;-4;4;-47.0;?;-119.0;-67.0
670.0;-3;1784.0;-6;6;?;-3;-110.0;-65.0
?;2;1847.0;7;-7;-53.0;2;-102.0;?
660.0;0;2128.0;32;-32;-56.0;?;-91.0;-61.0
657.0;?;2179.0;13;-13;-60.0;39;-82.0;?
654.0;32;2091.0;-30;30;-63.0;32;-74.0;?
653.0;?;2040.0;?;16;-66.0;-4;-64.0;-58.0
651.0;11;2070.0;11;-11;-69.0;11;-57.0;-57.0
?;?;2000.0;-1;?;-73.0;33;?;-56.0
650.0;19;1948.0;1;-1;-77.0;19;-47.0;?
?;-16;?;?;-17;-80.0;-16;?;?
?;-19;?;17;-17;-83.0;-19;-38.0;?
651.0;19;1553.0;12;-12;-86.0;19;-35.0;?
653.0;16;1442.0;-7;7;-89.0;16;-32.0;?
?;?;1335.0;-12;12;-91.0;-12;?;-58.0
658.0;0;1216.0;-2;2;-93.0;0;-32.0;-60.0
660.0;-5;1141.0;?;-7;-94.0;-5;-31.0;-62.0
663.0;-26;1037.0;?;5;-95.0;?;-31.0;-65.0
665.0;2;972.0;?;52;-96.0;2;-30.0;-67.0
667.0;25;?;-27;27;-96.0;25;-28.0;-69.0
?;5;921.0;-6;6;-96.0;5;-25.0;-72.0
667.0;-15;810.0;-21;?;-96.0;-15;?;-74.0
?;16;725.0;?;-27;-95.0;16;-19.0;-75.0
668.0;35;699.0;3;-3;?;?;-16.0;?
?;-26;553.0;-47;47;-93.0;-26;-13.0;-77.0
666.0;-8;471.0;13;-13;?;-8;?;-77.0
?;24;328.0;40;-40;-91.0;24;-7.0;?
?;-34;214.0;-36;36;?;-34;-5.0;-78.0
666.0;-27;190.0;-36;36;-89.0;?;-5.0;-77.0
666.0;28;151.0;17;-17;-88.0;28;-5.0;?
?;35;?;-10;10;-88.0;35;-7.0;-76.0
667.0;-14;?;13;-13;-87.0;?;?;-75.0
667.0;-13;69.0;46;-46;-87.0;-13;?;-75.0
668.0;?;68.0;-11;11;-87.0;41;?;-75.0
668.0;29;22.0;-24;24;-87.0;29;-13.0;-75.0
669.0;?;38.0;16;-16;-86.0;18;-13.0;-75.0
668.0;49;55.0;34;?;-86.0;49;?;-75.0
?;23;?;-11;11;-86.0;23;-13.0;-75.0
?;-26;57.0;-15;15;-85.0;-26;-12.0;-74.0
668.0;?;14.0;-8;8;-85.0;?;-13.0;-74.0
?;?;-17.0;-34;34;-84.0;-6;-13.0;-74.0
667.0;-2;18.0;?;?;-84.0;-2;-12.0;-73.0
?;-13;81.0;16;-16;-84.0;-13;?;-72.0
665.0;-8;?;-15;?;-83.0;?;-14.0;-72.0
663.0;10;62.0;42;?;?;10;-15.0;-71.0
?;16;57.0;10;-10;?;16;-15.0;-70.0
660.0;?;-11.0;-26;26;-82.0;17;?;-69.0
?;7;10.0;17;-17;-82.0;7;-16.0;-69.0
?;15;63.0;-18;18;-81.0;15;?;-69.0
656.0;?;104.0;-41;41;-81.0;34;-13.0;-68.0
?;33;52.0;-7;7;-80.0;?;-12.0;-68.0
?;-8;-10.0;?;?;?;?;-12.0;-69.0
?;-36;-21.0;?;6;?;-36;-11.0;-69.0
655.0;-9;12.0;10;-10;-79.0;-9;-11.0;-69.0
655.0;-16;?;?;?;-80.0;?;-10.0;-69.0
?;?;43.0;27;-27;-80.0;-15;-10.0;-69.0
653.0;?;11.0;6;-6;?;36;-9.0;-69.0
653.0;25;3.0;7;-7;-80.0;?;-8.0;-69.0
653.0;?;?;-13;?;?;-5;-8.0;-69.0
652.0;7;35.0;12;-12;?;7;-8.0;-69.0
652.0;-5;-17.0;28;?;-80.0;?;?;-69.0
651.0;?;16.0;-6;6;-81.0;7;-8.0;-69.0
651.0;25;50.0;3;-3;-81.0;25;-7.0;-69.0
650.0;-5;0.0;?;-17;-81.0;-5;?;-68.0
651.0;1;3.0;28;?;-81.0;1;-8.0;?
651.0;6;27.0;75;?;-81.0;6;-7.0;-68.0
650.0;?;-1.0;?;-45;?;-15;-7.0;-69.0
650.0;9;-21.0;?;2;-81.0;9;-7.0;-68.0
650.0;25;-14.0;7;-7;-81.0;25;-7.0;-68.0
?;6;20.0;-13;13;-81.0;6;-7.0;-68.0
650.0;-4;-1.0;-9;?;-81.0;-4;-7.0;-67.0
?;-7;10.0;?;-3;-81.0;-7;-7.0;-67.0
?;8;-31.0;-11;11;?;8;-7.0;?
651.0;30;33.0;9;-9;?;?;-7.0;-67.0
?;13;10.0;24;?;-80.0;13;-7.0;-67.0
651.0;25;?;-30;30;-80.0;25;-6.0;-67.0
?;39;16.0;-48;48;?;39;-5.0;-67.0
651.0;-34;28.0;18;-18;-80.0;-34;-5.0;?
651.0;-45;14.0;5;-5;?;-45;-5.0;-68.0
650.0;?;?;-5;5;-79.0;?;-4.0;-68.0
650.0;-38;?;?;-26;-79.0;-38;-4.0;-68.0
?;?;42.0;-1;1;-79.0;?;-3.0;?
650.0;15;50.0;-9;?;-78.0;15;-2.0;-68.0
649.0;2;47.0;-35;?;-78.0;2;-1.0;-69.0
649.0;-29;?;-5;?;?;-29;1.0;-70.0
648.0;-15;93.0;20;-20;-77.0;-15;?;-70.0
647.0;5;52.0;?;35;?;5;4.0;-70.0
647.0;-5;31.0;0;?;-75.0;-5;5.0;?
646.0;23;59.0;32;-32;-75.0;23;?;?
645.0;-2;?;7;-7;-75.0;-2;8.0;-71.0
645.0;-46;31.0;?;33;-75.0;?;9.0;-70.0
?;3;12.0;-18;18;-74.0;?;10.0;-70.0
644.0;12;25.0;?;?;?;12;11.0;-70.0
644.0;-41;?;?;?;?;-41;11.0;?
644.0;-36;29.0;-43;43;-74.0;-36;12.0;-70.0
?;-14;16.0;-1;1;-74.0;-14;12.0;-69.0
644.0;-13;1.0;-8;?;-74.0;-13;12.0;-69.0
643.0;15;?;-33;33;-74.0;15;12.0;-69.0
643.0;26;27.0;-2;?;-74.0;26;12.0;-68.0
643.0;8;38.0;?;17;-75.0;8;?;-69.0
643.0;?;71.0;-28;28;-75.0;-5;12.0;?
643.0;-32;?;15;?;-74.0;?;?;?
642.0;-2;-25.0;?;1;?;-2;13.0;-68.0
?;?;28.0;-35;35;-74.0;?;?;-69.0
643.0;16;76.0;-12;?;-74.0;16;?;?
643.0;?;-12.0;-1;?;?;?;13.0;?
?;-3;-44.0;-12;?;?;-3;?;-68.0
643.0;-20;-44.0;-12;12;-74.0;-20;12.0;-67.0
?;?;-54.0;-15;15;-74.0;-13;11.0;-67.0
?;-14;-84.0;-12;12;?;-14;9.0;?
644.0;-15;-142.0;?;13;-74.0;-15;7.0;-66.0
646.0;-27;-179.0;?;?;-75.0;?;4.0;-65.0
647.0;6;?;?;11;?;?;0.0;-65.0
647.0;38;-258.0;-1;1;?;38;-5.0;-64.0
648.0;14;-340.0;-1;1;-77.0;14;?;?
650.0;?;?;20;-20;-78.0;?;-16.0;-62.0
?;?;-486.0;?;-18;-78.0;-5;?;-62.0
652.0;-3;-528.0;-24;24;-79.0;-3;-31.0;-62.0
652.0;-13;-539.0;-37;37;?;-13;?;-61.0
653.0;-12;-634.0;-7;7;?;-12;-48.0;-60.0
651.0;-3;-776.0;?;24;-80.0;?;-54.0;-60.0
?;-5;-943.0;-5;5;?;-5;-61.0;-60.0
?;?;-1215.0;28;?;-81.0;5;-68.0;-60.0
645.0;11;-1387.0;-24;24;-81.0;11;-73.0;-60.0
643.0;-21;-1569.0;24;-24;-82.0;?;-78.0;-59.0
640.0;-38;-1847.0;?;?;-82.0;-38;-83.0;-58.0
638.0;-15;-1917.0;-44;?;-82.0;-15;-86.0;-57.0
636.0;19;-1847.0;-10;10;-82.0;19;-90.0;-56.0
?;19;-1832.0;-2;2;-82.0;19;-92.0;-56.0
631.0;-8;?;-2;2;-82.0;-8;-89.0;-54.0
?;?;-1549.0;?;16;-82.0;15;?;-51.0
635.0;3;?;12;?;-80.0;3;?;-50.0
638.0;22;-1342.0;47;-47;-78.0;22;?;-49.0
644.0;54;-1308.0;4;-4;-76.0;54;-66.0;?
?;-9;?;-4;?;?;?;-61.0;-49.0
658.0;6;?;?;16;-72.0;6;-54.0;-50.0
670.0;?;-1467.0;-28;?;-70.0;8;-50.0;-52.0
?;4;-1399.0;?;19;?;4;-54.0;?
687.0;?;?;-8;?;-61.0;25;-55.0;-63.0
?;-16;-1433.0;?;-18;-54.0;-16;-56.0;-70.0
?;0;?;?;-20;-47.0;0;-57.0;-79.0
700.0;?;-1213.0;?;6;-43.0;25;?;-86.0
701.0;?;-1141.0;-17;17;-39.0;29;-58.0;-90.0
?;14;-936.0;-9;9;-36.0;14;-60.0;-94.0
704.0;?;-729.0;-1;1;-32.0;-17;-65.0;?
704.0;?;?;18;?;-29.0;?;-70.0;-102.0
704.0;24;-474.0;38;-38;-27.0;24;-73.0;-104.0
704.0;-25;?;1;-1;-25.0;?;-76.0;?
705.0;4;?;-44;?;-23.0;4;-81.0;-108.0
705.0;21;-428.0;?;-3;-22.0;21;-85.0;-109.0
705.0;-3;?;?;?;?;-3;?;?
704.0;47;-331.0;-43;43;-21.0;?;?;-111.0
703.0;49;-291.0;5;-5;-21.0;49;-93.0;?
702.0;-15;-323.0;?;-39;-21.0;-15;-95.0;-112.0
701.0;-14;-127.0;64;-64;?;?;-98.0;-111.0
702.0;9;124.0;?;-54;-24.0;?;-100.0;?
703.0;-23;?;42;-42;?;-23;-105.0;-110.0
703.0;?;-110.0;?;-77;-26.0;-36;?;-111.0
704.0;7;49.0;40;-40;-28.0;?;?;?
703.0;30;?;96;?;-29.0;30;-109.0;?
702.0;49;639.0;180;-180;-32.0;49;?;-113.0
?;55;1251.0;138;-138;-35.0;55;-110.0;-113.0
?;48;2230.0;131;-131;-41.0;48;?;?
681.0;57;?;111;-111;-48.0;57;-120.0;-107.0
666.0;49;2627.0;28;-28;?;49;?;-103.0
650.0;?;2328.0;18;?;-65.0;47;-124.0;-98.0
637.0;44;1659.0;8;-8;-74.0;44;-135.0;?
621.0;?;?;34;?;-82.0;52;?;-89.0
607.0;42;464.0;24;-24;?;42;-150.0;-82.0
590.0;16;-158.0;-97;97;-101.0;16;-167.0;-74.0
?;32;-625.0;-57;57;-110.0;32;-178.0;-67.0
562.0;?;?;31;-31;-120.0;-8;-184.0;-60.0
551.0;14;-788.0;59;-59;-130.0;14;?;-55.0
540.0;57;-702.0;60;-60;?;57;?;-54.0
?;1;-612.0;28;-28;-144.0;1;?;-56.0
525.0;-15;96.0;62;-62;-148.0;?;-224.0;-63.0
?;?;217.0;73;-73;?;?;-234.0;-71.0
511.0;?;?;60;-60;?;-2;?;-80.0
506.0;?;234.0;41;-41;-148.0;14;-250.0;-88.0
504.0;-8;165.0;-36;36;-143.0;-8;-255.0;-96.0
?;6;118.0;-61;61;?;6;-259.0;-102.0
496.0;?;-23.0;?;1;?;-1;-263.0;-108.0
492.0;10;?;?;-7;-117.0;10;?;-113.0
489.0;90;?;-29;?;-116.0;90;-264.0;-111.0
487.0;89;?;?;-79;?;?;-264.0;-112.0
484.0;127;-163.0;105;?;-119.0;127;-263.0;-107.0
482.0;116;-239.0;103;-103;-118.0;116;?;-105.0
483.0;170;-241.0;202;-202;?;170;-259.0;-102.0
485.0;441;-210.0;273;-273;-117.0;?;-255.0;?
487.0;?;-123.0;?;-504;-115.0;383;-249.0;-97.0
490.0;570;-70.0;50;-50;?;570;-245.0;-94.0
?;130;?;-480;?;-112.0;?;?;-92.0
?;-1268;-127.0;?;191;-110.0;-1268;-240.0;-91.0
494.0;-948;-76.0;-279;279;-107.0;-948;-239.0;?
494.0;0;?;-282;?;-106.0;0;-238.0;-90.0
494.0;-507;-59.0;?;-298;-105.0;-507;-237.0;?
495.0;-830;-36.0;1047;-1047;-104.0;-830;?;-89.0
495.0;?;?;1218;-1218;?;-708;-233.0;-89.0
494.0;?;-4.0;?;-1397;-104.0;?;-232.0;-89.0
496.0;1143;?;1772;-1772;-104.0;1143;-229.0;-89.0
498.0;625;14.0;462;-462;?;625;?;-88.0
499.0;-39;-52.0;?;?;-108.0;-39;-226.0;-86.0
500.0;462;-96.0;11;-11;-111.0;?;?;-83.0
502.0;147;-139.0;-74;?;?;147;?;-79.0
504.0;-170;-102.0;-89;89;-118.0;-170;?;-75.0
?;-114;-175.0;-69;69;-120.0;-114;-224.0;-71.0
506.0;-391;-157.0;?;107;?;-391;-223.0;-68.0
505.0;-101;-102.0;-212;212;-120.0;?;?;-65.0
504.0;127;-50.0;-294;?;-120.0;?;?;-65.0
504.0;?;-38.0;-50;50;?;-320;-220.0;?
?;-364;-20.0;110;?;-117.0;-364;-220.0;-67.0
502.0;?;18.0;?;?;-116.0;-335;?;-70.0
499.0;-328;3.0;?;-135;-114.0;?;?;?
495.0;-187;15.0;?;-209;-111.0;?;-227.0;-78.0
?;-127;?;242;-242;?;-127;-228.0;-80.0
487.0;?;-23.0;112;-112;-111.0;53;?;-82.0
485.0;?;-11.0;-154;?;-110.0;302;-229.0;-84.0
484.0;?;20.0;?;396;?;?;?;-85.0
483.0;253;29.0;-425;?;?;253;-228.0;-85.0
483.0;?;-14.0;?;258;-110.0;-19;-228.0;-84.0
?;-120;-25.0;-99;99;-110.0;?;-228.0;-85.0
482.0;-91;-27.0;-18;?;-110.0;?;-228.0;-84.0
481.0;-13;?;?;-43;-110.0;-13;-228.0;-83.0
481.0;0;25.0;33;-33;-110.0;0;-227.0;?
?;-7;?;2;-2;-110.0;-7;-227.0;?
479.0;-6;46.0;34;-34;?;-6;-227.0;-84.0
477.0;?;37.0;-7;7;?;-2;-227.0;-85.0
476.0;-7;?;-94;94;-110.0;-7;-227.0;-86.0
474.0;-11;43.0;-47;47;-110.0;-11;?;?
472.0;?;?;?;0;-110.0;46;-228.0;-88.0
?;57;16.0;-49;?;?;57;-229.0;-88.0
468.0;105;-14.0;-54;54;-110.0;105;-229.0;?
?;54;-31.0;-29;29;-111.0;54;-229.0;-89.0
465.0;-66;22.0;-23;?;-110.0;-66;-229.0;-90.0
464.0;38;60.0;3;?;-110.0;38;-230.0;-91.0
463.0;50;?;11;-11;-110.0;50;-230.0;-91.0
?;68;16.0;1;-1;-110.0;68;?;-92.0
462.0;177;39.0;?;?;-110.0;177;-229.0;-92.0
463.0;217;54.0;-92;?;-110.0;217;-230.0;-92.0
?;201;1.0;-111;111;-110.0;201;-231.0;-93.0
462.0;92;-23.0;-72;?;?;?;-231.0;-93.0
462.0;?;6.0;?;41;-110.0;82;-231.0;-93.0
463.0;66;-18.0;?;?;-110.0;66;-231.0;?
463.0;54;15.0;-14;14;?;54;-231.0;-93.0
463.0;?;29.0;4;-4;?;?;-230.0;?
?;-14;95.0;-42;?;-108.0;-14;-230.0;-95.0
463.0;24;?;-33;33;-107.0;24;-230.0;-96.0
463.0;28;35.0;8;-8;-106.0;28;-230.0;-97.0
463.0;24;69.0;24;?;-106.0;24;?;-98.0
463.0;42;50.0;27;?;-104.0;42;-229.0;-99.0
463.0;?;50.0;16;?;-104.0;-12;-229.0;?
464.0;-7;9.0;17;-17;-104.0;-7;-228.0;-99.0
464.0;?;-8.0;27;-27;?;0;?;-97.0
465.0;-17;31.0;14;-14;?;-17;-228.0;-98.0
468.0;-11;100.0;?;21;?;?;-228.0;?
?;-4;126.0;-18;18;?;?;-228.0;?
472.0;6;?;-27;27;-105.0;6;-229.0;-97.0
?;6;63.0;?;27;?;6;-229.0;?
?;?;48.0;41;-41;-107.0;-12;?;?
475.0;-14;27.0;?;-20;?;-14;-229.0;-95.0
475.0;?;?;-5;5;-109.0;0;-229.0;-93.0
475.0;-11;-18.0;-11;11;-110.0;-11;-229.0;-92.0
475.0;?;12.0;?;30;-110.0;-2;-229.0;-93.0
476.0;25;46.0;?;-31;-110.0;25;?;-93.0
476.0;?;?;11;-11;-111.0;?;-229.0;-93.0
476.0;-18;?;?;?;?;-18;-230.0;-94.0
476.0;-33;8.0;-31;?;-110.0;?;-231.0;?
476.0;-16;12.0;9;-9;-109.0;-16;?;-95.0
476.0;-8;17.0;25;-25;-108.0;?;-231.0;-96.0
476.0;-38;17.0;-9;?;-107.0;?;?;-96.0
?;19;19.0;-16;16;-107.0;19;?;-96.0
475.0;27;-17.0;-1;1;-106.0;27;-232.0;-97.0
475.0;?;?;59;-59;-106.0;0;-232.0;-97.0
475.0;1;29.0;?;-64;-106.0;1;-232.0;-97.0
475.0;-37;29.0;-15;15;-106.0;-37;-232.0;?
475.0;-39;42.0;-16;16;?;-39;-232.0;?
475.0;-19;?;-9;9;-107.0;-19;-232.0;-97.0
475.0;22;16.0;17;-17;-107.0;22;?;-97.0
475.0;?;35.0;-3;3;-108.0;8;-233.0;-96.0
475.0;?;59.0;-29;29;-108.0;?;?;-96.0
475.0;36;?;7;-7;?;36;-233.0;-95.0
475.0;13;-7.0;-20;20;-109.0;13;-233.0;?
?;?;?;9;-9;-110.0;4;-233.0;-94.0
477.0;?;14.0;20;?;-111.0;20;-233.0;-94.0
477.0;-9;18.0;-23;23;-111.0;?;-232.0;-94.0
477.0;-28;55.0;4;-4;-111.0;-28;-232.0;-93.0
477.0;?;14.0;?;?;-112.0;-36;?;-93.0
?;?;-21.0;15;-15;-112.0;?;-232.0;-93.0
479.0;-37;-12.0;20;-20;-112.0;-37;-231.0;-92.0
480.0;-27;?;?;-15;?;-27;-230.0;-92.0
481.0;8;?;36;-36;-113.0;8;-230.0;-91.0
?;25;?;19;?;-113.0;?;-229.0;-90.0
483.0;?;-13.0;-22;22;-114.0;25;-229.0;-90.0
483.0;15;-7.0;17;-17;?;?;-229.0;-89.0
483.0;-31;-4.0;19;-19;?;-31;-228.0;-89.0
483.0;-15;12.0;-23;23;-114.0;-15;-228.0;?
482.0;16;31.0;-18;?;?;16;?;-89.0
482.0;-33;2.0;-14;14;-114.0;-33;-229.0;?
482.0;?;44.0;-23;?;-114.0;-48;?;-89.0
482.0;?;-10.0;-24;?;-114.0;-27;-229.0;-89.0
?;?;42.0;-22;22;?;?;-229.0;-89.0
481.0;-18;?;-21;21;-115.0;-18;-229.0;?
?;?;-5.0;9;-9;-115.0;?;-229.0;-88.0
481.0;?;14.0;25;-25;-115.0;?;-229.0;-88.0
481.0;-11;17.0;-1;?;-115.0;?;-229.0;-87.0
482.0;?;17.0;-5;5;-115.0;14;-229.0;-87.0
484.0;-64;-20.0;4;-4;?;-64;-229.0;-87.0
486.0;?;-70.0;33;-33;-115.0;-25;-228.0;-86.0
490.0;?;?;28;?;?;22;?;-85.0
495.0;-14;34.0;-2;?;-114.0;-14;-222.0;-84.0
499.0;41;30.0;41;-41;-113.0;41;-220.0;-83.0
504.0;11;-6.0;?;-51;-113.0;11;?;-81.0
507.0;10;-14.0;2;-2;?;10;-217.0;-80.0
509.0;57;?;-42;?;-111.0;57;-215.0;-79.0
?;?;5.0;-61;?;-110.0;?;-213.0;-77.0
517.0;?;-31.0;?;-1;-109.0;48;-210.0;-75.0
523.0;52;?;11;-11;-108.0;52;-206.0;?
?;-10;-149.0;?;151;-106.0;-10;-201.0;-68.0
553.0;-61;-204.0;-276;276;-103.0;-61;?;?
568.0;-20;125.0;-296;?;-99.0;?;-174.0;-59.0
584.0;-2;156.0;-374;374;-97.0;-2;?;-51.0
605.0;?;?;?;?;-94.0;-36;?;-44.0
627.0;?;45.0;-22;22;-91.0;30;-107.0;-37.0
646.0;67;-405.0;?;-49;-88.0;?;-85.0;-32.0
664.0;2;-740.0;?;34;-84.0;2;?;-27.0
682.0;-8;?;-60;60;?;-8;-51.0;-23.0
701.0;17;-1140.0;-75;75;?;?;-48.0;-30.0
715.0;5;-1139.0;?;54;-51.0;5;-56.0;?
722.0;?;-1046.0;-33;33;?;-5;-58.0;-39.0
724.0;-6;-780.0;-25;?;-24.0;-6;-58.0;-51.0
729.0;-8;-643.0;?;?;-14.0;-8;-61.0;-62.0
732.0;-43;?;36;-36;-6.0;-43;-68.0;-72.0
731.0;?;-235.0;19;-19;-3.0;-51;?;-77.0
?;?;-316.0;?;-28;-2.0;-7;-82.0;-79.0
?;-19;-278.0;?;6;-1.0;-19;?;?
728.0;-27;-237.0;?;-44;-1.0;-27;-94.0;-80.0
?;-2;-182.0;20;-20;-1.0;-2;-97.0;-79.0
728.0;6;-258.0;?;50;?;?;-101.0;-79.0
727.0;4;?;?;-44;-2.0;4;-105.0;-78.0
727.0;-5;29.0;?;-79;-2.0;-5;?;-78.0
727.0;2;204.0;-4;4;-4.0;2;-112.0;-78.0
725.0;?;?;-37;37;-7.0;7;-115.0;?
724.0;4;163.0;-2;2;?;4;?;?
724.0;7;218.0;2;-2;-11.0;7;-116.0;?
723.0;16;249.0;1;-1;-13.0;16;-116.0;-76.0
723.0;7;315.0;44;-44;-16.0;7;?;-75.0
723.0;-18;478.0;45;-45;-19.0;-18;?;-74.0
?;13;861.0;21;-21;-24.0;13;-120.0;-72.0
718.0;47;1114.0;24;?;-29.0;47;-118.0;?
714.0;43;1403.0;61;-61;-35.0;43;-114.0;?
?;22;1684.0;87;-87;-41.0;22;-108.0;-69.0
703.0;-22;?;78;-78;-48.0;-22;-100.0;?
699.0;-13;2061.0;87;-87;-55.0;-13;-91.0;-66.0
695.0;43;2207.0;73;-73;-61.0;43;-85.0;-64.0
689.0;?;2288.0;49;-49;?;55;-74.0;-63.0
688.0;45;?;34;-34;-72.0;45;-67.0;-62.0
687.0;46;2259.0;39;-39;?;46;-63.0;-60.0
685.0;21;2263.0;?;?;?;21;-54.0;?
?;-7;2153.0;-9;9;-87.0;-7;?;-58.0
681.0;7;?;17;-17;-91.0;7;-41.0;-57.0
?;?;1976.0;?;-49;-95.0;?;-34.0;?
?;30;1807.0;27;-27;-100.0;30;?;-54.0
679.0;24;1723.0;69;-69;-103.0;24;-19.0;-53.0
680.0;-14;?;?;-58;?;-14;-14.0;-53.0
681.0;6;?;0;0;-108.0;6;-12.0;-52.0
682.0;13;1320.0;?;?;-110.0;13;-11.0;-53.0
682.0;6;1192.0;9;-9;-112.0;6;?;-53.0
681.0;?;1095.0;?;0;-114.0;14;-7.0;?
680.0;5;1039.0;7;?;?;5;-5.0;-55.0
679.0;23;913.0;-29;?;-117.0;23;-2.0;?
679.0;10;755.0;-12;12;?;10;?;-58.0
678.0;-16;629.0;18;-18;-114.0;-16;3.0;-59.0
?;?;434.0;-3;3;-114.0;4;5.0;-60.0
677.0;2;?;-14;14;-113.0;2;?;-61.0
676.0;4;187.0;-13;13;-112.0;4;9.0;-62.0
677.0;19;89.0;3;-3;?;?;?;?
677.0;-17;11.0;10;-10;-110.0;-17;10.0;-62.0
677.0;-17;25.0;10;-10;-109.0;-17;10.0;-62.0
?;?;69.0;?;-33;-109.0;-9;11.0;-62.0
677.0;-25;?;-3;3;-109.0;?;11.0;-62.0
676.0;3;33.0;-5;5;-109.0;3;?;-61.0
675.0;-7;?;55;?;-108.0;-7;11.0;-60.0
673.0;-20;71.0;-33;33;-108.0;-20;12.0;?
671.0;?;?;-33;33;-108.0;?;?;-59.0
670.0;-8;?;?;-51;-108.0;-8;15.0;-59.0
669.0;-24;?;-1;1;-108.0;-24;17.0;?
668.0;3;76.0;-14;?;-108.0;3;?;-58.0
666.0;5;?;?;-11;-108.0;5;19.0;-58.0
665.0;13;22.0;31;-31;?;13;?;-57.0
664.0;7;?;4;-4;?;7;21.0;-56.0
663.0;-7;28.0;-23;23;-109.0;?;22.0;?
662.0;?;12.0;9;-9;-110.0;-18;23.0;-54.0
?;-28;9.0;8;-8;?;-28;?;-53.0
660.0;18;76.0;8;-8;-111.0;?;25.0;-52.0
659.0;10;?;?;9;-111.0;10;27.0;-52.0
658.0;?;70.0;-24;24;-111.0;?;?;?
657.0;15;90.0;5;-5;-111.0;15;29.0;?
656.0;?;114.0;-6;6;-111.0;-18;31.0;-51.0
656.0;-10;145.0;?;25;-110.0;-10;?;-51.0
656.0;10;?;21;?;?;?;34.0;-50.0
?;-12;96.0;43;?;-110.0;-12;35.0;-50.0
656.0;-11;34.0;10;-10;-111.0;?;36.0;-50.0
?;-8;-24.0;-3;?;-111.0;-8;36.0;-50.0
657.0;-15;-57.0;?;3;-111.0;-15;?;?
656.0;10;-27.0;-5;?;?;10;?;-48.0
657.0;16;17.0;24;-24;-111.0;?;36.0;-48.0
657.0;-15;-5.0;45;-45;-111.0;-15;36.0;-48.0
657.0;-7;-23.0;7;?;-111.0;-7;36.0;?
657.0;5;-18.0;?;12;-111.0;5;35.0;-47.0
657.0;5;56.0;-14;14;?;5;35.0;-47.0
657.0;?;46.0;-50;50;-111.0;8;35.0;-47.0
657.0;-15;-14.0;-25;25;-111.0;-15;35.0;-47.0
656.0;-1;-1.0;9;?;?;?;35.0;?
656.0;?;8.0;-35;35;-112.0;?;33.0;?
656.0;-38;-42.0;-50;50;-112.0;-38;?;-47.0
657.0;-16;-67.0;-24;24;-112.0;-16;32.0;-47.0
658.0;-13;-106.0;-22;22;-113.0;?;30.0;-47.0
658.0;-22;-125.0;-24;24;-114.0;-22;?;-47.0
659.0;?;-208.0;?;21;-114.0;-36;25.0;?
660.0;-21;-299.0;-10;10;-115.0;-21;20.0;-45.0
661.0;44;-347.0;?;28;-116.0;44;14.0;?
662.0;37;-418.0;-24;?;-117.0;37;8.0;-44.0
664.0;-6;-485.0;?;-28;-118.0;-6;0.0;-43.0
?;?;?;?;?;-119.0;18;-9.0;-42.0
668.0;?;-530.0;-19;?;-120.0;12;-16.0;-41.0
?;-26;-588.0;6;-6;-121.0;-26;-25.0;?
671.0;-37;-658.0;?;?;-121.0;-37;-33.0;-39.0
672.0;-37;-736.0;?;42;-123.0;?;-41.0;-38.0
669.0;-12;-836.0;-102;102;-123.0;-12;-46.0;?
666.0;2;-947.0;-104;104;?;?;-48.0;-37.0
662.0;?;-1099.0;-86;86;?;?;-47.0;?
660.0;-36;?;-160;?;-122.0;-36;?;-37.0
?;-76;-1473.0;-171;171;-120.0;?;-41.0;?
655.0;-40;-1524.0;-146;146;-119.0;-40;-38.0;-37.0
653.0;?;?;-121;121;-118.0;-35;-36.0;-37.0
652.0;-21;?;-9;9;-117.0;-21;?;-36.0
?;-3;?;13;-13;-116.0;-3;?;-36.0
655.0;-20;-1713.0;-58;58;-114.0;?;-25.0;-37.0
661.0;-15;-1622.0;?;?;-110.0;-15;-25.0;-38.0
666.0;-15;-1575.0;?;40;?;-15;-29.0;-39.0
671.0;-18;-1465.0;?;52;-101.0;-18;-30.0;-42.0
676.0;-13;-1422.0;?;31;-96.0;-13;-30.0;-47.0
680.0;-19;-1472.0;-60;60;-90.0;-19;?;-50.0
688.0;-11;-1378.0;?;19;-84.0;-11;-36.0;?
693.0;5;-1360.0;46;-46;-79.0;5;-42.0;?
696.0;13;-1514.0;-13;13;-74.0;?;-44.0;-65.0
700.0;?;?;?;?;-69.0;22;-48.0;-70.0
?;-7;-1263.0;-20;20;-66.0;-7;-56.0;?
?;?;-1224.0;?;19;?;-8;-59.0;-79.0
696.0;1;-994.0;-18;?;-63.0;?;-65.0;-81.0
694.0;-26;?;?;33;-62.0;?;-71.0;-84.0
694.0;-2;-728.0;?;-10;-62.0;-2;-77.0;-85.0
?;?;-635.0;20;-20;-62.0;13;-83.0;-86.0
?;-14;-474.0;19;-19;-63.0;-14;-88.0;?
695.0;-28;-383.0;3;-3;-63.0;-28;-94.0;-87.0
694.0;?;-260.0;-25;25;-63.0;-9;-100.0;-87.0
?;15;-305.0;-13;13;-64.0;15;-104.0;-87.0
?;-2;-274.0;-31;?;-65.0;-2;?;-88.0
695.0;3;-158.0;-14;?;-66.0;?;-113.0;-88.0
694.0;25;-16.0;27;?;-66.0;?;-114.0;-88.0
?;4;-19.0;23;?;-66.0;4;-116.0;-89.0
692.0;-2;?;?;?;-66.0;-2;?;-90.0
691.0;15;-51.0;28;-28;-66.0;15;-118.0;-91.0
692.0;0;-104.0;21;-21;-66.0;0;-121.0;-91.0
691.0;?;-89.0;59;-59;-66.0;-11;-122.0;-92.0
?;8;?;?;-62;-66.0;8;-122.0;-91.0
688.0;35;-58.0;85;-85;-65.0;35;-120.0;-92.0
?;45;42.0;130;-130;-65.0;45;-118.0;?
686.0;27;300.0;?;?;-65.0;27;-117.0;-93.0
682.0;29;835.0;136;-136;-66.0;29;-116.0;?
?;55;1671.0;?;?;?;55;-118.0;-92.0
664.0;?;1965.0;91;-91;?;45;-122.0;-90.0
?;21;2191.0;98;-98;-75.0;?;?;-89.0
631.0;?;2154.0;87;-87;-76.0;26;-121.0;-91.0
624.0;8;1719.0;79;?;-78.0;8;-129.0;?
615.0;-11;?;59;-59;-83.0;-11;-142.0;-88.0
?;16;668.0;58;-58;-89.0;16;?;?
579.0;-2;125.0;?;-26;?;-2;?;-82.0
561.0;-8;-720.0;30;-30;-107.0;-8;-168.0;?
?;?;-1300.0;77;-77;-116.0;?;-176.0;?
522.0;10;-1539.0;25;-25;-126.0;?;-185.0;-60.0
?;-14;-1636.0;10;-10;-134.0;-14;?;-54.0
502.0;25;-877.0;?;-65;-142.0;25;-208.0;-49.0
?;56;-58.0;79;-79;-147.0;56;-225.0;?
495.0;35;226.0;78;?;-151.0;35;?;-42.0
497.0;?;222.0;53;-53;?;-7;-251.0;-41.0
?;1;246.0;-14;14;-153.0;1;-266.0;-44.0
502.0;25;160.0;-48;?;-152.0;?;-280.0;-48.0
496.0;11;67.0;-16;16;-151.0;11;?;-53.0
493.0;-9;-19.0;15;-15;?;-9;?;-58.0
494.0;28;66.0;-15;15;-150.0;28;-272.0;-61.0
?;?;137.0;-42;42;?;44;-269.0;?
?;-1;152.0;?;33;?;-1;-270.0;-63.0
?;?;107.0;-28;28;-152.0;?;-272.0;-63.0
504.0;23;52.0;25;-25;-153.0;23;-274.0;-63.0
503.0;-26;27.0;-1;1;-153.0;?;-276.0;-63.0
502.0;?;-13.0;-54;54;?;-15;-277.0;-64.0
502.0;36;4.0;?;23;-154.0;36;-277.0;-65.0
501.0;?;44.0;?;17;-153.0;23;-277.0;-66.0
501.0;-7;59.0;?;-29;-153.0;-7;-277.0;?
?;4;12.0;8;?;-152.0;4;?;-68.0
500.0;?;-57.0;-37;37;-152.0;-2;-277.0;-68.0
499.0;-16;-52.0;4;-4;?;-16;?;?
499.0;-16;?;?;3;-150.0;-16;-277.0;?
500.0;-18;-1.0;?;7;-149.0;-18;-278.0;-70.0
500.0;?;0.0;12;?;-149.0;0;-278.0;-70.0
500.0;2;-16.0;23;-23;?;2;-278.0;-70.0
?;15;-16.0;?;-8;-148.0;15;-277.0;?
?;35;8.0;-12;12;-147.0;35;-277.0;?
500.0;6;6.0;7;-7;?;6;-278.0;-71.0
499.0;?;-20.0;?;-11;-145.0;-13;?;-71.0
?;-17;-33.0;-7;7;-144.0;-17;-277.0;-71.0
?;?;-31.0;-16;16;-143.0;23;-277.0;-71.0
498.0;40;?;-5;5;?;40;-277.0;-72.0
?;-23;?;?;-18;-141.0;-23;-278.0;-72.0
498.0;?;-7.0;?;0;-140.0;-10;-278.0;-72.0
498.0;40;2.0;-12;12;?;?;-278.0;-72.0
498.0;-6;-9.0;21;-21;-140.0;-6;-277.0;-72.0
499.0;?;?;-35;35;-139.0;-22;-277.0;-72.0
499.0;-6;6.0;-49;?;-138.0;-6;-276.0;?
500.0;-27;1.0;18;-18;?;-27;-276.0;?
500.0;-18;-43.0;-26;26;?;-18;-276.0;-70.0
?;-13;-5.0;-45;45;-136.0;-13;?;-70.0
500.0;-21;-9.0;-23;23;-135.0;-21;-277.0;-71.0
500.0;-34;?;-71;?;-134.0;?;-277.0;-70.0
501.0;-33;0.0;-77;77;-133.0;-33;?;-71.0
501.0;?;18.0;-40;40;-133.0;-40;?;-71.0
501.0;-67;-41.0;33;-33;?;?;-277.0;-71.0
500.0;-23;?;152;-152;-133.0;-23;-277.0;-70.0
500.0;?;?;141;-141;-132.0;7;-277.0;-70.0
500.0;4;12.0;?;-71;-132.0;4;-277.0;-70.0
500.0;?;-1.0;38;-38;-132.0;?;-277.0;?
500.0;17;-48.0;-3;3;-132.0;17;?;-69.0
?;47;9.0;6;-6;-132.0;47;-277.0;-69.0
500.0;17;16.0;-19;?;?;17;-277.0;-69.0
500.0;41;21.0;-73;73;-132.0;41;-277.0;?
?;37;46.0;-63;63;?;37;-275.0;-69.0
503.0;?;144.0;-73;73;?;-38;-272.0;-69.0
508.0;-25;287.0;-125;125;-133.0;-25;-263.0;-69.0
520.0;?;649.0;-144;144;-133.0;3;?;-69.0
533.0;6;1057.0;?;145;-133.0;?;-236.0;-70.0
547.0;2;1227.0;?;121;?;2;-225.0;-71.0
563.0;6;?;-15;15;-128.0;6;-211.0;-72.0
580.0;-28;?;?;?;-126.0;-28;-194.0;-72.0
603.0;-57;?;-54;54;?;-57;?;?
627.0;-3;?;-51;51;-126.0;-3;?;-71.0
?;-2;1014.0;-14;?;-125.0;?;-159.0;-70.0
?;?;?;11;-11;-123.0;4;-154.0;-70.0
687.0;-11;187.0;-8;8;?;?;-153.0;?
698.0;-31;127.0;?;46;-117.0;-31;-152.0;-74.0
705.0;?;?;-34;34;?;14;-155.0;-77.0
708.0;?;167.0;-11;11;-110.0;-17;-165.0;?
?;-15;28.0;20;-20;-108.0;-15;-176.0;-86.0
702.0;?;93.0;-8;?;-108.0;14;?;?
?;4;11.0;-32;32;-109.0;4;-192.0;-91.0
695.0;?;-28.0;-14;14;-111.0;29;?;-91.0
693.0;26;-40.0;-41;41;-113.0;26;?;?
?;27;-122.0;-39;39;-114.0;27;-215.0;-89.0
684.0;54;-72.0;-23;23;-117.0;?;?;-88.0
680.0;17;-39.0;-20;20;-119.0;17;-224.0;-87.0
?;-20;64.0;-13;13;-120.0;-20;-227.0;-86.0
?;?;117.0;?;?;-121.0;?;?;-86.0
?;?;101.0;-24;24;?;-5;?;-87.0
667.0;-7;126.0;-22;?;?;?;?;-87.0
665.0;?;135.0;-18;18;-122.0;-2;-230.0;-88.0
663.0;20;?;16;?;?;20;?;-90.0
661.0;34;135.0;26;-26;-122.0;?;-231.0;-91.0
661.0;?;90.0;?;-29;-123.0;-10;-231.0;-91.0
661.0;?;142.0;47;-47;-123.0;-37;-232.0;?
663.0;-14;164.0;-2;?;-123.0;-14;?;-91.0
663.0;4;?;-43;43;-123.0;4;-237.0;?
664.0;4;-11.0;-14;14;-124.0;4;-239.0;?
662.0;6;?;?;?;-124.0;6;?;-89.0
?;4;?;6;-6;-124.0;4;-242.0;?
?;-22;-38.0;-11;11;?;-22;-240.0;?
658.0;?;?;-16;16;?;-32;-239.0;-88.0
?;-14;?;7;-7;-124.0;-14;-238.0;-88.0
?;-25;-12.0;57;-57;-124.0;?;-238.0;-88.0
658.0;?;-73.0;30;-30;?;?;?;-88.0
657.0;26;-193.0;-22;?;?;26;?;-88.0
655.0;3;-263.0;20;-20;?;3;-235.0;-88.0
652.0;-28;-312.0;14;?;-124.0;-28;?;-87.0
?;-20;-258.0;-16;16;-124.0;-20;?;?
647.0;-34;?;7;-7;-124.0;-34;-230.0;?
649.0;-17;?;-13;?;-125.0;-17;-228.0;-86.0
649.0;4;8.0;-43;43;-125.0;4;?;?
649.0;-40;49.0;-19;19;-125.0;-40;-229.0;-87.0
?;-39;37.0;2;-2;-125.0;-39;-230.0;-87.0
?;-18;189.0;12;-12;?;-18;?;-88.0
?;-31;169.0;-3;3;-125.0;-31;-232.0;-87.0
659.0;?;?;-25;25;?;-22;-234.0;?
?;-6;?;-23;23;?;-6;-233.0;?
661.0;-3;31.0;-11;11;-124.0;-3;-233.0;-88.0
661.0;?;?;26;?;?;-20;-233.0;?
661.0;-25;-19.0;2;-2;-123.0;-25;-231.0;-89.0
660.0;-11;-65.0;-23;23;-123.0;-11;-231.0;-89.0
?;-4;-17.0;-1;1;-123.0;-4;-230.0;-88.0
661.0;14;7.0;7;-7;-123.0;14;-230.0;?
?;29;210.0;28;-28;-123.0;29;-230.0;-88.0
658.0;4;243.0;1;-1;-123.0;4;-230.0;?
657.0;-1;212.0;?;10;?;-1;-230.0;-87.0
?;21;-58.0;11;?;?;21;-229.0;-86.0
654.0;13;-260.0;?;5;-125.0;13;-227.0;-85.0
?;14;-288.0;?;12;-125.0;14;-224.0;-85.0
648.0;14;-110.0;-30;30;-124.0;?;-219.0;?
647.0;?;5.0;-20;20;-123.0;-18;-218.0;-87.0
646.0;1;-17.0;0;0;-123.0;1;-218.0;-88.0
646.0;?;-7.0;-51;?;-123.0;-8;-217.0;-88.0
647.0;-46;-28.0;-22;22;-124.0;-46;?;?
647.0;?;25.0;?;-56;-123.0;-10;?;-88.0
648.0;-2;107.0;?;7;-124.0;-2;-215.0;-88.0
648.0;2;170.0;6;-6;-124.0;2;-213.0;-88.0
649.0;20;322.0;84;-84;-123.0;20;?;-89.0
650.0;13;511.0;?;?;-123.0;13;-208.0;-89.0
652.0;?;705.0;-13;?;-122.0;3;-204.0;-89.0
653.0;-23;?;-4;4;-122.0;-23;?;-90.0
?;?;1208.0;-22;22;?;-27;-192.0;-91.0
656.0;?;1438.0;-50;50;?;-30;-183.0;?
?;-39;1683.0;?;51;-124.0;-39;-171.0;-90.0
656.0;-32;1759.0;-39;39;?;-32;-157.0;-91.0
?;?;1719.0;-11;?;-125.0;8;-140.0;?
?;38;1600.0;16;-16;-127.0;38;-124.0;-89.0
659.0;-11;?;17;-17;-127.0;-11;-108.0;-88.0
660.0;-20;1420.0;16;-16;-127.0;-20;?;-87.0
?;15;1348.0;-8;8;-128.0;15;-79.0;-86.0
660.0;-1;1187.0;-34;?;?;?;-69.0;-85.0
659.0;6;995.0;-1;1;?;6;?;?
656.0;?;776.0;35;-35;-127.0;26;-55.0;-84.0
654.0;14;653.0;32;-32;-127.0;14;-50.0;-84.0
651.0;29;634.0;27;-27;?;29;-45.0;-84.0
649.0;?;593.0;46;?;-127.0;?;-39.0;-85.0
647.0;?;534.0;44;-44;-126.0;3;-34.0;-85.0
?;26;562.0;38;-38;-125.0;?;-30.0;-85.0
645.0;24;?;50;-50;-124.0;24;-24.0;-86.0
644.0;-21;?;14;?;-122.0;?;-18.0;-87.0
644.0;?;224.0;-8;8;-120.0;-13;-14.0;-89.0
?;9;217.0;14;?;-117.0;9;-9.0;?
643.0;4;350.0;2;-2;-114.0;4;?;?
643.0;5;328.0;?;23;-112.0;5;-1.0;?
?;6;345.0;-39;39;-110.0;6;2.0;-94.0
643.0;-14;341.0;-50;50;?;-14;4.0;-95.0
?;?;?;?;22;-104.0;?;?;-96.0
643.0;-31;154.0;?;-15;-102.0;-31;8.0;-97.0
?;39;241.0;?;-2;-101.0;39;8.0;-97.0
643.0;-1;261.0;?;32;?;-1;10.0;-97.0
643.0;-33;113.0;?;?;-98.0;-33;?;-97.0
?;1;?;38;-38;-95.0;1;12.0;-98.0
646.0;-5;81.0;?;-37;-94.0;-5;13.0;-99.0
647.0;-16;?;?;-10;-93.0;-16;13.0;-99.0
648.0;-17;?;-29;29;-92.0;-17;14.0;-100.0
?;-8;-24.0;-37;?;-90.0;-8;13.0;-100.0
649.0;27;5.0;34;-34;-89.0;?;13.0;-101.0
649.0;-3;?;?;-6;-89.0;-3;13.0;-101.0
649.0;?;-78.0;25;-25;?;-2;?;?
650.0;26;-7.0;50;-50;-87.0;?;12.0;-102.0
650.0;-19;-39.0;-4;4;-87.0;-19;?;?
650.0;-19;-158.0;-1;1;-87.0;-19;8.0;-103.0
650.0;5;?;-59;59;-87.0;5;7.0;-102.0
650.0;-5;-537.0;-4;4;-88.0;-5;?;-102.0
651.0;?;?;76;?;-90.0;-22;-1.0;-102.0
653.0;-7;-1108.0;51;-51;-92.0;-7;?;-102.0
656.0;26;-1224.0;45;-45;-93.0;26;-14.0;?
656.0;-8;-1337.0;-23;23;?;?;-25.0;-103.0
?;?;-1470.0;-37;37;?;-38;-38.0;-104.0
647.0;15;-1707.0;?;13;-95.0;15;-52.0;-105.0
642.0;28;-1863.0;-55;?;?;28;-66.0;-105.0
636.0;-13;-2019.0;-72;72;-102.0;?;-83.0;-106.0
632.0;-15;?;?;53;-107.0;-15;?;-103.0
633.0;-14;-2260.0;-51;51;-112.0;-14;?;-102.0
636.0;?;-2101.0;?;58;-116.0;-18;-133.0;-99.0
641.0;-9;-1872.0;-36;36;-120.0;?;-145.0;-97.0
646.0;-4;-1524.0;-20;20;-124.0;-4;-152.0;?
651.0;-7;-1131.0;-22;22;-127.0;-7;-155.0;-91.0
656.0;-16;-818.0;-3;3;-131.0;?;-154.0;-88.0
661.0;-1;-645.0;25;-25;-133.0;-1;-150.0;?
668.0;19;-519.0;9;-9;-135.0;19;-148.0;-86.0
674.0;-4;?;-39;?;-136.0;-4;?;-85.0
679.0;-11;-426.0;-13;13;-136.0;-11;-145.0;?
?;20;-299.0;14;-14;-136.0;20;?;?
684.0;26;-236.0;-22;22;-135.0;26;-142.0;-88.0
687.0;16;-322.0;-17;17;-135.0;?;-144.0;-89.0
689.0;15;-170.0;?;11;-134.0;15;?;-92.0
688.0;13;?;?;9;-133.0;13;-153.0;-95.0
688.0;-1;-16.0;-1;?;-132.0;-1;-157.0;-97.0
687.0;?;-19.0;12;-12;-133.0;-4;-162.0;-98.0
682.0;?;27.0;37;-37;-134.0;?;?;?
?;-4;?;14;?;-135.0;-4;?;-98.0
678.0;-5;76.0;8;?;?;-5;-169.0;-98.0
677.0;-8;64.0;23;?;-136.0;-8;-170.0;?
?;-1;49.0;15;-15;-136.0;-1;-170.0;-97.0
676.0;-11;?;?;?;-136.0;-11;?;-97.0
675.0;-45;?;17;-17;-137.0;?;-171.0;-96.0
675.0;?;89.0;22;?;-137.0;-17;?;?
?;4;73.0;35;-35;-137.0;4;-172.0;-96.0
674.0;-18;125.0;10;-10;-137.0;-18;?;-96.0
673.0;-22;?;1;-1;-137.0;?;?;?
672.0;33;-36.0;28;?;-137.0;?;-174.0;-96.0
671.0;60;-61.0;11;-11;-137.0;?;?;-95.0
670.0;-19;-83.0;17;-17;-136.0;-19;-173.0;-95.0
?;-24;-16.0;?;-75;-135.0;?;?;-94.0
672.0;?;?;31;-31;-135.0;?;-173.0;?
673.0;-3;?;?;13;-135.0;-3;-173.0;?
?;8;70.0;18;-18;-135.0;?;-174.0;-92.0
676.0;35;88.0;9;-9;-134.0;?;-174.0;-91.0
677.0;16;31.0;14;-14;-134.0;16;-174.0;-90.0
677.0;?;41.0;14;-14;-134.0;-16;?;?
678.0;?;-28.0;35;-35;?;-23;-176.0;-90.0
679.0;18;77.0;73;?;-134.0;18;-176.0;-89.0
679.0;34;173.0;79;-79;-134.0;?;-177.0;-89.0
676.0;?;?;82;-82;?;-2;-179.0;-89.0
?;9;61.0;?;?;-134.0;9;-179.0;-89.0
?;5;132.0;-5;5;-134.0;?;-180.0;?
655.0;-21;220.0;-25;25;-134.0;-21;-184.0;-90.0
643.0;18;133.0;-10;10;?;18;-187.0;-91.0
628.0;46;45.0;37;?;-133.0;46;-187.0;?
?;13;-118.0;-15;?;-131.0;13;-187.0;-93.0
596.0;-18;-319.0;2;-2;-130.0;?;-189.0;-94.0
579.0;13;?;?;?;?;?;?;-94.0
563.0;77;-882.0;?;-48;?;77;-195.0;-93.0
549.0;40;?;45;-45;-135.0;40;-199.0;-90.0
?;-5;-1305.0;27;?;-138.0;-5;-205.0;-87.0
528.0;35;?;39;-39;?;35;?;-84.0
?;-12;-1126.0;3;-3;-140.0;-12;-226.0;-80.0
?;-29;-524.0;1;-1;-141.0;-29;?;-77.0
497.0;15;-110.0;67;-67;?;?;-249.0;-73.0
485.0;3;-275.0;35;?;-145.0;3;?;?
476.0;?;-328.0;?;3;-147.0;15;?;-66.0
?;?;?;35;-35;-148.0;?;-261.0;-63.0
?;3;-136.0;?;0;?;3;-261.0;-62.0
464.0;-15;-15.0;?;48;?;-15;-259.0;-63.0
467.0;9;65.0;-6;?;-143.0;9;-256.0;-64.0
472.0;?;43.0;-20;20;?;20;?;-65.0
474.0;-24;?;-45;45;-140.0;-24;?;-66.0
474.0;-18;-2.0;31;-31;?;?;-255.0;-66.0
?;?;-88.0;43;-43;-139.0;?;?;-65.0
473.0;-43;-66.0;-3;3;-140.0;-43;-256.0;-63.0
472.0;-5;-51.0;19;?;-141.0;-5;-255.0;-62.0
473.0;-8;?;12;-12;-141.0;-8;-253.0;-61.0
473.0;-16;-17.0;-22;22;-142.0;-16;-251.0;-60.0
474.0;-7;-6.0;1;-1;-143.0;-7;?;-58.0
474.0;-10;28.0;0;0;-144.0;?;-249.0;-57.0
473.0;-16;-1.0;-15;15;-144.0;-16;-248.0;-57.0
473.0;?;?;21;-21;-144.0;20;?;-57.0
472.0;43;-6.0;37;-37;-144.0;43;-247.0;-57.0
472.0;-18;?;10;-10;?;?;-246.0;-57.0
?;-41;-4.0;8;-8;-144.0;-41;-246.0;-57.0
471.0;13;16.0;?;-30;-144.0;13;-246.0;-57.0
471.0;19;16.0;-9;9;-145.0;19;?;-56.0
471.0;5;-12.0;-27;27;?;5;-247.0;?
?;15;21.0;19;-19;-145.0;15;-247.0;-56.0
470.0;6;39.0;?;-3;-146.0;6;-247.0;-56.0
469.0;12;?;?;?;-146.0;?;-247.0;-56.0
469.0;5;?;?;-7;-147.0;5;?;-56.0
468.0;-32;-1.0;18;-18;-148.0;-32;-247.0;-55.0
467.0;-45;?;18;-18;?;-45;-247.0;-55.0
?;-3;3.0;28;?;-148.0;?;-247.0;-54.0
466.0;20;5.0;30;?;-149.0;20;-246.0;?
466.0;-31;3.0;8;-8;?;-31;-246.0;-54.0
466.0;-19;36.0;-21;21;?;?;-247.0;?
467.0;-34;?;-37;?;-148.0;-34;-247.0;-54.0
466.0;-49;-3.0;-29;29;?;-49;-247.0;-53.0
?;5;3.0;8;-8;-149.0;5;-247.0;-53.0
466.0;?;?;30;-30;-149.0;-29;-247.0;-53.0
466.0;-20;-14.0;0;0;-148.0;?;-247.0;-53.0
466.0;-10;20.0;?;21;-149.0;-10;-247.0;-52.0
465.0;-22;38.0;-22;22;?;?;-247.0;?
465.0;20;7.0;?;8;-149.0;20;-247.0;-51.0
465.0;-5;16.0;-2;2;?;-5;-247.0;?
464.0;-22;22.0;-31;?;?;-22;-247.0;-51.0
464.0;16;-3.0;-13;13;-151.0;16;?;-51.0
464.0;26;18.0;-2;2;-150.0;26;-248.0;-51.0
?;26;18.0;?;-2;-150.0;?;-248.0;-51.0
465.0;25;-15.0;-10;10;-150.0;25;-248.0;?
?;35;14.0;-61;61;-150.0;35;-248.0;-51.0
468.0;46;54.0;-62;62;-150.0;?;-246.0;-50.0
477.0;-16;256.0;-87;87;-150.0;-16;?;?
492.0;-28;717.0;?;?;-150.0;-28;-228.0;?
509.0;?;903.0;-208;208;-150.0;-5;-214.0;-48.0
526.0;?;856.0;-209;209;-150.0;-28;-190.0;-46.0
546.0;-17;790.0;-63;63;-150.0;-17;-162.0;-44.0
?;-14;482.0;-52;52;-149.0;?;-138.0;?
599.0;-15;-130.0;-68;68;-146.0;-15;-119.0;-39.0
?;-21;-597.0;?;70;-143.0;-21;-102.0;-38.0
656.0;-3;-507.0;?;?;-139.0;-3;-87.0;-34.0
679.0;?;-972.0;75;-75;-125.0;49;-82.0;-43.0
697.0;?;-1214.0;73;?;-119.0;48;?;-38.0
702.0;?;-1419.0;59;?;-111.0;43;-92.0;?
?;50;-1268.0;79;-79;-104.0;?;-92.0;-50.0
?;43;-1004.0;58;-58;-99.0;43;-94.0;?
682.0;49;-741.0;78;?;-96.0;49;?;-58.0
683.0;45;-495.0;61;?;?;45;-102.0;-62.0
684.0;18;-533.0;-41;41;-89.0;18;-109.0;?
?;10;?;-65;65;-85.0;10;-112.0;-67.0
679.0;18;-308.0;?;32;-83.0;18;-117.0;-67.0
678.0;-9;-187.0;-14;14;-82.0;-9;-121.0;-66.0
680.0;5;-269.0;15;-15;?;5;-124.0;-66.0
682.0;24;-192.0;28;-28;-79.0;24;-128.0;-66.0
?;?;-304.0;20;-20;-76.0;-22;-133.0;-67.0
?;-7;?;6;-6;-75.0;-7;?;-68.0
684.0;4;14.0;21;-21;-75.0;?;-140.0;?
?;-1;137.0;44;-44;-75.0;-1;?;-70.0
683.0;31;153.0;?;?;?;31;?;-70.0
684.0;?;181.0;48;-48;?;25;?;-69.0
684.0;23;428.0;48;-48;?;23;-141.0;?
683.0;?;?;?;-27;-81.0;24;-141.0;-67.0
680.0;?;890.0;-22;22;-85.0;-2;?;?
676.0;?;?;-3;3;-89.0;1;-133.0;-64.0
672.0;16;1528.0;?;-55;-92.0;16;?;-63.0
668.0;15;1808.0;68;?;-96.0;?;-116.0;-62.0
665.0;16;2066.0;85;-85;-100.0;?;-107.0;-61.0
662.0;7;2066.0;66;?;-104.0;7;?;-59.0
?;?;?;?;1;-108.0;14;-93.0;-58.0
659.0;48;?;-5;?;-112.0;48;-82.0;?
660.0;55;2162.0;7;?;?;55;-77.0;-54.0
?;37;2103.0;7;-7;-119.0;37;-73.0;?
667.0;?;1986.0;43;-43;-122.0;4;-69.0;-51.0
669.0;-22;1981.0;33;-33;-125.0;-22;-65.0;-50.0
669.0;6;1848.0;14;-14;-128.0;?;-59.0;-49.0
668.0;?;1727.0;?;?;-131.0;26;?;-48.0
?;16;1659.0;67;?;-131.0;16;-45.0;?
668.0;?;1508.0;?;-68;-133.0;34;-39.0;?
667.0;18;1422.0;?;?;?;?;-32.0;-48.0
667.0;-16;1318.0;16;-16;-134.0;-16;?;?
667.0;18;1259.0;39;-39;?;18;-18.0;?
667.0;16;1175.0;36;-36;-134.0;16;-10.0;-50.0
?;10;980.0;?;-11;?;?;-3.0;-50.0
669.0;?;782.0;47;?;-132.0;64;2.0;-51.0
669.0;?;?;14;-14;-130.0;?;8.0;-52.0
672.0;-18;419.0;32;-32;-129.0;?;12.0;?
673.0;17;234.0;68;-68;-128.0;?;15.0;-54.0
674.0;37;153.0;?;-89;-127.0;37;18.0;-54.0
676.0;?;?;?;-92;-126.0;?;?;-54.0
?;6;147.0;?;3;-125.0;?;?;?
?;10;214.0;6;-6;?;10;24.0;-56.0
676.0;16;224.0;?;?;-124.0;16;25.0;-56.0
?;-6;170.0;29;-29;?;-6;26.0;?
676.0;1;131.0;?;?;-124.0;1;?;?
675.0;14;135.0;-23;23;-123.0;14;28.0;?
674.0;-13;132.0;?;?;-123.0;-13;29.0;-54.0
673.0;6;110.0;-17;17;-123.0;6;32.0;-53.0
?;46;145.0;-26;?;-122.0;?;34.0;-53.0
672.0;18;62.0;?;15;?;?;?;-53.0
?;8;73.0;16;-16;-121.0;8;?;?
671.0;14;114.0;?;-16;-122.0;14;39.0;-52.0
671.0;2;27.0;-22;?;-121.0;2;41.0;-51.0
670.0;28;67.0;3;-3;-121.0;28;?;-50.0
669.0;-9;72.0;-12;12;-121.0;?;44.0;-50.0
?;?;63.0;?;27;-121.0;-34;?;-50.0
667.0;-3;69.0;11;?;-120.0;?;47.0;?
666.0;?;78.0;?;33;?;-16;?;-49.0
?;0;46.0;-44;44;-121.0;0;51.0;-48.0
664.0;2;76.0;26;?;-121.0;2;52.0;-48.0
?;-13;62.0;25;-25;-121.0;-13;53.0;-47.0
?;-17;144.0;5;?;-121.0;-17;56.0;-48.0
661.0;0;84.0;6;-6;-121.0;0;?;-48.0
?;15;?;?;-7;-121.0;15;59.0;-48.0
660.0;-22;61.0;44;-44;-121.0;-22;60.0;-47.0
659.0;-9;?;25;-25;-120.0;?;61.0;-47.0
659.0;5;44.0;4;-4;?;?;63.0;-47.0
658.0;-5;67.0;18;-18;-120.0;-5;65.0;-47.0
657.0;18;93.0;-18;?;-119.0;18;67.0;-47.0
657.0;16;112.0;5;-5;-119.0;16;69.0;-47.0
656.0;-1;118.0;55;-55;-119.0;-1;70.0;-47.0
654.0;?;131.0;-13;?;-119.0;?;71.0;-47.0
653.0;31;144.0;?;38;-119.0;31;73.0;-47.0
652.0;35;155.0;?;-12;-119.0;35;73.0;-48.0
651.0;-32;41.0;17;-17;-119.0;?;72.0;-48.0
651.0;?;-5.0;18;-18;-119.0;-30;72.0;-49.0
?;12;-26.0;-24;24;?;12;72.0;-49.0
651.0;?;-7.0;-61;?;-118.0;?;?;-49.0
652.0;?;-100.0;?;14;-119.0;?;69.0;?
653.0;-7;-137.0;-12;12;-120.0;-7;66.0;?
654.0;-12;-177.0;-30;30;-121.0;-12;63.0;-48.0
?;24;-239.0;5;-5;-122.0;24;58.0;-47.0
657.0;0;?;-12;12;-123.0;0;53.0;-47.0
658.0;?;-364.0;-16;16;-125.0;1;47.0;-46.0
660.0;-8;-460.0;22;-22;-127.0;-8;40.0;-45.0
?;-23;-508.0;-6;6;-129.0;?;31.0;-43.0
664.0;5;-486.0;-21;21;?;5;20.0;?
?;-13;?;-2;2;?;-13;9.0;-40.0
665.0;?;-647.0;?;?;-134.0;-3;?;-39.0
663.0;0;-731.0;?;20;?;0;-15.0;-37.0
660.0;-20;-886.0;-6;6;-135.0;-20;-26.0;?
656.0;-1;-1002.0;?;75;-135.0;-1;-34.0;-36.0
653.0;-18;-1066.0;-135;135;-136.0;-18;-39.0;-36.0
650.0;-38;-1250.0;-159;?;?;-38;-42.0;-36.0
649.0;0;-1431.0;-203;203;-135.0;0;-44.0;?
649.0;14;-1553.0;-221;221;?;14;-46.0;-37.0
651.0;-37;-1746.0;-232;232;-134.0;-37;?;-36.0
652.0;?;-1855.0;-247;247;-134.0;?;-48.0;?
?;-49;-1892.0;-266;?;?;-49;-48.0;-34.0
655.0;?;-1901.0;-275;275;-133.0;-128;?;?
657.0;-48;-1852.0;-177;177;-133.0;-48;-44.0;-30.0
660.0;4;-1695.0;-103;103;-132.0;4;-41.0;?
664.0;-60;-1570.0;-104;?;-132.0;-60;?;-27.0
670.0;-62;-1426.0;-77;?;-129.0;?;-37.0;-28.0
676.0;-26;-1358.0;-54;?;-127.0;-26;-37.0;-30.0
681.0;?;-1387.0;-15;15;-122.0;4;-36.0;-32.0
688.0;-7;-1334.0;28;-28;?;-7;-34.0;-35.0
696.0;14;-1292.0;8;-8;-110.0;14;-35.0;-36.0
703.0;15;-1383.0;?;17;-105.0;15;-37.0;-38.0
?;-29;?;-11;11;-99.0;-29;-42.0;-41.0
713.0;-17;-1123.0;6;-6;-94.0;?;?;?
712.0;?;-1016.0;5;-5;-92.0;?;-49.0;-45.0
?;-11;-898.0;-23;23;-86.0;?;?;-52.0
?;38;?;26;-26;-83.0;?;-59.0;-58.0
706.0;8;-646.0;52;-52;-80.0;?;-65.0;-63.0
702.0;?;-540.0;4;-4;-78.0;12;?;-68.0
?;38;?;16;-16;-75.0;38;-72.0;-72.0
700.0;-31;-369.0;-8;8;-74.0;-31;-76.0;-75.0
700.0;9;-249.0;-40;40;-73.0;9;-79.0;-79.0
?;51;-111.0;?;-5;-72.0;51;-82.0;-81.0
702.0;19;-18.0;?;?;-73.0;19;?;?
703.0;25;-24.0;23;?;-74.0;25;-91.0;-81.0
702.0;6;-137.0;66;-66;-75.0;6;-93.0;-81.0
703.0;20;-267.0;38;?;-76.0;20;-98.0;?
704.0;?;-117.0;37;-37;?;17;-102.0;-83.0
704.0;7;-70.0;97;-97;-76.0;7;-103.0;-85.0
?;31;-49.0;122;-122;?;31;-106.0;-86.0
704.0;?;-39.0;141;-141;-75.0;25;-107.0;-88.0
?;?;-42.0;166;-166;?;?;-106.0;-90.0
?;45;-27.0;177;-177;-75.0;45;-105.0;-92.0
703.0;?;91.0;?;-183;-75.0;78;-104.0;-95.0
701.0;?;400.0;191;?;-77.0;61;?;-96.0
697.0;33;847.0;169;-169;-80.0;33;-109.0;-96.0
692.0;24;1583.0;126;-126;-84.0;?;-117.0;-95.0
681.0;?;2134.0;85;-85;-92.0;-4;-125.0;-92.0
667.0;?;2417.0;19;-19;-99.0;18;?;-91.0
?;?;2658.0;-13;13;-102.0;8;?;-91.0
648.0;?;2278.0;28;?;-106.0;-39;-158.0;-91.0
640.0;?;1796.0;31;-31;-112.0;0;-174.0;-88.0
625.0;?;1098.0;8;-8;-118.0;35;?;-85.0
607.0;2;164.0;56;?;?;2;?;?
590.0;-19;-633.0;97;-97;-133.0;-19;?;-72.0
?;?;-960.0;94;-94;?;-11;-232.0;-66.0
555.0;-22;?;103;-103;-151.0;-22;?;-62.0
532.0;-9;?;91;?;-155.0;-9;-263.0;-60.0
506.0;26;-436.0;48;-48;?;26;?;-60.0
489.0;?;-214.0;?;1;-161.0;34;-280.0;?
476.0;?;-145.0;-44;44;?;36;-284.0;?
?;?;?;-20;20;-162.0;?;?;-60.0
477.0;-20;221.0;-7;?;-161.0;-20;-292.0;-62.0
?;20;257.0;-35;35;?;?;?;-65.0
490.0;6;?;?;13;?;6;-291.0;-68.0
496.0;?;64.0;35;-35;-154.0;-17;-288.0;?
?;?;?;74;-74;-153.0;?;-287.0;-71.0
501.0;?;?;31;-31;-152.0;19;-287.0;-71.0
501.0;-9;-95.0;?;21;-152.0;-9;-288.0;-70.0
500.0;-24;-50.0;1;-1;-154.0;?;?;-69.0
499.0;3;-37.0;8;-8;?;3;-290.0;-69.0
497.0;7;-18.0;-1;1;-154.0;7;-291.0;-68.0
497.0;2;-28.0;-5;5;-154.0;?;?;-68.0
497.0;6;14.0;3;-3;-154.0;6;-289.0;-69.0
498.0;5;38.0;-13;13;?;5;-288.0;-69.0
499.0;18;21.0;-30;30;-152.0;18;-288.0;?
?;26;27.0;23;-23;-151.0;26;-287.0;?
501.0;2;-1.0;?;-40;-150.0;?;-287.0;-70.0
?;-15;79.0;-2;?;-149.0;-15;-284.0;-71.0
509.0;?;111.0;10;-10;-148.0;-12;-279.0;-70.0
513.0;-4;85.0;-7;7;?;-4;-274.0;?
519.0;?;8.0;-41;?;?;?;-272.0;-70.0
522.0;-10;9.0;11;-11;?;-10;-272.0;-69.0
522.0;29;-6.0;19;-19;-146.0;29;-274.0;-69.0
522.0;?;?;-7;7;?;?;-276.0;-68.0
?;5;-108.0;?;-8;-145.0;?;-279.0;-67.0
?;?;-112.0;17;-17;-144.0;49;-282.0;-67.0
512.0;2;?;-15;15;-142.0;2;-283.0;-66.0
509.0;0;-105.0;-10;10;-143.0;?;-285.0;-66.0
506.0;?;-60.0;51;-51;-143.0;23;?;-66.0
505.0;?;?;-8;8;-143.0;?;-284.0;-65.0
504.0;-41;-38.0;-60;60;?;-41;?;-64.0
504.0;?;?;-44;?;?;?;-281.0;?
504.0;?;-18.0;-86;86;-143.0;-26;-281.0;-62.0
504.0;-17;?;-142;142;-142.0;-17;-280.0;-62.0
?;-21;8.0;?;222;-142.0;-21;?;?
?;-34;14.0;-201;?;-142.0;-34;?;-61.0
502.0;-30;7.0;?;?;?;-30;-280.0;-61.0
?;19;52.0;-7;7;-142.0;19;?;-61.0
501.0;56;25.0;59;-59;?;56;-281.0;-61.0
?;15;18.0;?;-48;-143.0;15;-281.0;-61.0
500.0;?;16.0;?;-12;-143.0;-9;-281.0;-61.0
499.0;-5;?;34;-34;-143.0;-5;-281.0;-61.0
499.0;?;-34.0;10;-10;-143.0;-20;-281.0;?
500.0;15;19.0;-10;10;-143.0;15;-281.0;-60.0
504.0;26;101.0;8;?;-143.0;26;?;-59.0
?;-47;258.0;-36;36;?;-47;-272.0;-58.0
522.0;-39;535.0;-30;30;-143.0;-39;-263.0;?
?;-3;679.0;-10;10;-142.0;-3;-248.0;-59.0
541.0;-25;824.0;?;?;-140.0;-25;?;?
555.0;-23;881.0;-3;3;-139.0;-23;-212.0;-62.0
574.0;-6;898.0;18;?;?;-6;-196.0;-64.0
595.0;-13;849.0;-36;36;?;-13;-181.0;-64.0
615.0;-7;540.0;-11;11;-138.0;-7;-169.0;-64.0
635.0;?;419.0;48;-48;?;45;-159.0;?
654.0;26;375.0;-26;?;-137.0;26;-153.0;?
670.0;-26;285.0;-33;33;-136.0;-26;-152.0;-64.0
682.0;12;224.0;9;-9;-134.0;12;-153.0;-65.0
687.0;15;?;-61;61;-134.0;15;-156.0;?
?;-14;39.0;0;?;-133.0;?;-159.0;-68.0
690.0;-11;32.0;26;-26;-132.0;-11;-163.0;-70.0
688.0;-4;?;-10;10;-131.0;-4;-171.0;?
684.0;?;-17.0;49;-49;-131.0;?;-180.0;-74.0
679.0;-16;-39.0;-13;13;?;-16;-187.0;-76.0
?;?;?;?;62;-134.0;?;-191.0;?
669.0;15;159.0;-21;21;?;15;-195.0;-76.0
666.0;-28;?;8;?;-137.0;-28;?;-76.0
664.0;-10;51.0;?;-1;-138.0;-10;-203.0;?
663.0;35;49.0;?;?;-138.0;35;-205.0;-75.0
662.0;-8;54.0;44;-44;-138.0;-8;-206.0;?
662.0;?;213.0;11;-11;-138.0;-27;-206.0;-75.0
662.0;9;?;-36;36;?;9;-205.0;-75.0
663.0;7;?;-3;3;-136.0;7;-204.0;-76.0
664.0;-23;?;3;-3;-135.0;?;-204.0;?
?;?;?;-2;2;-135.0;-25;-204.0;?
663.0;1;?;9;-9;-135.0;1;-204.0;-78.0
?;9;80.0;-30;30;-135.0;9;-203.0;-78.0
662.0;-3;-42.0;?;39;?;-3;-204.0;-77.0
661.0;?;-39.0;?;20;?;-5;-205.0;-77.0
659.0;-6;-96.0;-51;51;-134.0;-6;-205.0;-77.0
658.0;-5;-110.0;-41;41;-134.0;-5;?;-76.0
?;-4;?;19;-19;-133.0;-4;-204.0;?
659.0;?;-21.0;29;?;?;?;-204.0;-77.0
661.0;-28;-18.0;?;1;-134.0;-28;?;-77.0
662.0;?;-58.0;8;?;-133.0;?;?;-77.0
664.0;-13;-50.0;40;-40;-133.0;-13;-202.0;?
666.0;-5;-177.0;7;-7;-132.0;-5;-204.0;-76.0
668.0;-8;-85.0;-27;27;-132.0;-8;-204.0;-77.0
670.0;22;5.0;4;?;?;?;-204.0;?
?;?;11.0;-39;39;-132.0;37;-204.0;-78.0
673.0;-2;137.0;-32;32;-131.0;?;?;-77.0
675.0;-27;?;30;-30;-130.0;-27;-204.0;-78.0
676.0;-17;?;8;-8;-129.0;-17;-204.0;-78.0
677.0;18;287.0;17;-17;-128.0;18;-204.0;?
676.0;32;523.0;-5;5;-127.0;32;-206.0;?
?;10;?;?;?;?;10;?;-80.0
671.0;-10;538.0;48;?;-126.0;-10;-204.0;-81.0
669.0;?;308.0;-11;?;-126.0;-17;-203.0;-80.0
671.0;-26;74.0;-24;?;?;-26;?;-79.0
673.0;-19;-61.0;-5;5;-125.0;-19;-199.0;-79.0
672.0;-12;77.0;0;0;-124.0;-12;-198.0;-79.0
671.0;?;?;-12;12;-124.0;-23;-196.0;-80.0
671.0;-22;345.0;-26;26;-124.0;-22;-194.0;-80.0
?;8;404.0;-48;48;-125.0;?;-191.0;-79.0
?;-2;468.0;-99;99;-126.0;-2;-186.0;?
669.0;-34;518.0;-119;?;-126.0;-34;-181.0;-79.0
?;?;511.0;?;?;-126.0;17;-177.0;-78.0
?;27;?;-36;?;?;27;-173.0;?
666.0;3;401.0;-10;10;-125.0;3;-170.0;-78.0
?;2;300.0;?;13;-125.0;2;-167.0;-79.0
?;-25;?;-13;13;-125.0;-25;?;-79.0
655.0;5;69.0;-23;23;?;5;-162.0;-79.0
654.0;10;?;-12;12;-126.0;10;?;-78.0
653.0;-8;-302.0;1;-1;-126.0;-8;-164.0;-77.0
?;8;-344.0;11;-11;-126.0;?;-165.0;-77.0
653.0;5;-279.0;16;-16;-126.0;5;-166.0;-76.0
653.0;-3;-210.0;-2;2;?;-3;-168.0;-75.0
?;-32;-165.0;?;-18;-127.0;?;-169.0;-75.0
654.0;?;-120.0;24;?;-127.0;-23;-171.0;?
654.0;-3;39.0;-2;2;?;-3;-171.0;-73.0
653.0;-19;?;15;-15;?;-19;-171.0;?
652.0;-4;290.0;26;-26;-126.0;?;-170.0;-74.0
652.0;23;381.0;-15;15;-127.0;23;-168.0;-75.0
?;?;472.0;-22;22;?;34;?;-75.0
649.0;34;549.0;35;-35;?;?;-164.0;?
648.0;21;634.0;?;-18;-127.0;21;?;-75.0
647.0;30;747.0;-11;11;-127.0;30;-157.0;-75.0
647.0;36;723.0;7;-7;-128.0;36;-151.0;-75.0
?;9;?;-19;19;-127.0;?;-145.0;-76.0
650.0;-2;?;-2;2;-126.0;-2;?;?
653.0;?;779.0;32;-32;?;-12;?;?
655.0;9;753.0;?;-22;?;?;-131.0;?
656.0;?;634.0;16;?;-125.0;35;-128.0;-75.0
?;?;520.0;7;-7;?;5;-124.0;-74.0
655.0;9;437.0;15;?;-125.0;?;?;-74.0
654.0;25;445.0;18;-18;-124.0;25;?;-74.0
653.0;-14;548.0;?;-19;-124.0;?;?;?
653.0;-57;589.0;13;-13;-124.0;-57;-101.0;-74.0
?;-41;736.0;20;-20;-124.0;-41;?;-75.0
652.0;-26;833.0;28;-28;-125.0;-26;-86.0;-74.0
652.0;-25;?;-15;15;-125.0;-25;-79.0;-73.0
652.0;17;768.0;-21;21;-124.0;17;-72.0;-73.0
?;-12;654.0;?;?;?;-12;-67.0;-73.0
?;-12;531.0;?;-2;-122.0;-12;-63.0;-73.0
652.0;22;387.0;4;-4;-122.0;?;-61.0;-73.0
653.0;-24;290.0;-31;31;?;-24;-60.0;-73.0
653.0;17;?;-21;21;-121.0;17;?;-73.0
653.0;39;266.0;-7;7;-120.0;?;-59.0;-73.0
?;-2;?;?;15;-119.0;-2;-58.0;-74.0
?;12;204.0;4;-4;-119.0;12;-57.0;-74.0
652.0;2;115.0;-7;?;-119.0;2;-56.0;-73.0
654.0;-7;170.0;-42;?;-117.0;-7;-58.0;?
655.0;21;152.0;-24;?;-117.0;21;-60.0;-73.0
654.0;18;?;15;-15;-117.0;?;-61.0;-74.0
655.0;?;108.0;51;-51;-117.0;?;-62.0;-74.0
?;8;?;21;-21;-117.0;8;?;?
655.0;-20;111.0;0;?;-117.0;-20;?;-74.0
?;-57;76.0;45;-45;-117.0;?;-65.0;-74.0
655.0;-6;?;9;?;-117.0;-6;-66.0;-74.0
654.0;25;-74.0;3;-3;-117.0;?;-66.0;?
653.0;-14;?;-13;13;?;-14;-67.0;-74.0
654.0;?;-31.0;?;53;-117.0;-8;-69.0;?
?;4;-85.0;10;?;?;4;-70.0;-74.0
654.0;-7;-31.0;30;-30;-117.0;-7;-70.0;?
654.0;20;-48.0;21;-21;-117.0;20;-71.0;-75.0
654.0;17;-31.0;29;-29;-118.0;17;-71.0;-75.0
654.0;5;-63.0;-15;15;-118.0;?;-71.0;-75.0
654.0;15;?;-12;12;-117.0;15;-72.0;-75.0
654.0;?;-59.0;37;-37;-118.0;-6;?;-75.0
654.0;?;-20.0;6;-6;?;-15;-73.0;-75.0
654.0;-23;-47.0;?;14;?;-23;?;-75.0
653.0;-14;-13.0;16;-16;?;-14;-75.0;-75.0
?;32;-74.0;?;-7;?;32;-76.0;-75.0
652.0;16;-44.0;-28;28;?;16;-77.0;-75.0
652.0;-16;-19.0;-23;?;-119.0;?;-78.0;-75.0
651.0;12;?;?;-6;?;12;?;-75.0
651.0;-2;?;-3;3;-119.0;-2;-80.0;?
651.0;?;?;15;-15;-119.0;-19;-82.0;?
?;2;-190.0;38;-38;-119.0;2;-85.0;?
?;5;?;0;0;-119.0;5;?;?
651.0;15;-149.0;-4;4;-118.0;?;-89.0;-75.0
651.0;3;?;14;?;?;?;-91.0;?
650.0;-18;-162.0;-40;40;?;-18;-92.0;?
650.0;18;-80.0;-61;61;?;18;-92.0;-76.0
?;-4;-50.0;1;-1;-118.0;?;-93.0;-76.0
?;-32;-126.0;26;-26;-118.0;-32;-94.0;?
648.0;23;-64.0;?;-17;-118.0;23;-95.0;-77.0
646.0;7;2.0;32;-32;-118.0;7;-95.0;-76.0
644.0;-10;62.0;49;?;-118.0;-10;-93.0;-77.0
643.0;19;?;?;-68;-119.0;19;-91.0;-76.0
643.0;9;81.0;60;?;-118.0;9;-89.0;-76.0
?;6;?;35;-35;?;?;-87.0;-76.0
644.0;6;19.0;11;-11;-118.0;6;?;-75.0
644.0;-5;-83.0;-31;31;-118.0;-5;?;-75.0
644.0;0;?;?;14;?;0;?;-74.0
644.0;4;-107.0;?;5;-117.0;?;-89.0;?
644.0;-9;-74.0;7;-7;-117.0;?;-90.0;-75.0
643.0;-4;-89.0;37;-37;?;?;-91.0;-75.0
?;?;-130.0;?;-19;-117.0;14;-92.0;-75.0
642.0;23;-173.0;?;?;?;23;-92.0;-75.0
640.0;26;-169.0;49;-49;-119.0;?;-92.0;-75.0
639.0;?;-293.0;21;-21;-119.0;?;?;-76.0
638.0;1;-581.0;?;?;-119.0;1;-93.0;-76.0
636.0;37;-764.0;3;-3;-120.0;37;?;?
634.0;29;-854.0;-43;?;-122.0;?;-94.0;-77.0
631.0;9;-950.0;-12;12;-124.0;9;-96.0;-77.0
628.0;-6;?;-3;3;-126.0;-6;-100.0;-78.0
627.0;?;-1509.0;?;-10;-128.0;?;-109.0;-76.0
625.0;-1;-1674.0;39;-39;-129.0;-1;?;?
?;-6;?;6;-6;-129.0;-6;-136.0;-73.0
623.0;-18;-1669.0;?;-2;-130.0;-18;?;?
626.0;15;-1306.0;19;-19;-135.0;15;-156.0;-70.0
?;19;-897.0;-20;?;-139.0;19;-159.0;?
?;-19;-621.0;-5;5;?;-19;-156.0;-64.0
641.0;?;-541.0;27;-27;-145.0;-11;-153.0;-62.0
650.0;?;-577.0;-3;3;-145.0;-6;-149.0;-61.0
661.0;-10;-505.0;?;4;-146.0;-10;-142.0;-59.0
674.0;11;-664.0;?;?;-146.0;11;?;-58.0
684.0;-15;-456.0;?;17;-145.0;-15;-134.0;-58.0
691.0;?;-392.0;?;-18;-143.0;25;?;-59.0
698.0;73;?;-1;?;-140.0;73;-127.0;-61.0
706.0;-4;-242.0;?;52;-139.0;-4;-126.0;-63.0
709.0;-7;-280.0;-30;30;?;?;-128.0;?
712.0;25;-176.0;28;-28;-135.0;?;?;?
714.0;-1;33.0;-22;22;?;-1;-137.0;-68.0
709.0;17;134.0;-10;10;-135.0;?;?;-68.0
708.0;21;127.0;33;-33;-136.0;21;-143.0;-67.0
707.0;?;130.0;-30;30;-138.0;-5;-144.0;?
708.0;5;?;-6;6;?;5;-144.0;-65.0
?;-23;255.0;?;-11;-138.0;-23;-145.0;-64.0
710.0;-59;?;-11;11;-137.0;-59;-146.0;-64.0
711.0;-34;130.0;1;-1;-137.0;?;-148.0;-64.0
710.0;-3;43.0;?;-22;-137.0;-3;-149.0;-64.0
709.0;5;34.0;47;?;-138.0;5;-148.0;-63.0
707.0;?;28.0;?;?;-137.0;2;-148.0;-63.0
?;16;-39.0;-12;12;-136.0;16;-147.0;-63.0
703.0;0;3.0;20;-20;?;0;-147.0;-63.0
700.0;-14;-32.0;-3;3;-137.0;?;?;-62.0
697.0;18;-138.0;1;-1;-137.0;18;-146.0;-62.0
695.0;?;-199.0;27;-27;-138.0;26;-147.0;-62.0
691.0;25;-243.0;-3;3;-138.0;25;-148.0;?
688.0;?;-224.0;?;16;-139.0;25;-149.0;-61.0
?;27;-264.0;-13;13;-140.0;27;-149.0;-60.0
684.0;23;?;-10;10;-140.0;23;-151.0;-60.0
682.0;27;-125.0;-14;14;-140.0;27;-152.0;-59.0
?;?;-115.0;-25;25;-141.0;37;-154.0;-59.0
676.0;9;-33.0;6;-6;-141.0;9;-155.0;-59.0
674.0;?;-107.0;-6;6;-142.0;13;?;-59.0
672.0;3;-81.0;?;-18;-143.0;3;-156.0;?
671.0;-14;?;12;?;?;-14;-156.0;-59.0
?;4;?;-53;?;-145.0;4;-155.0;?
670.0;?;14.0;-19;19;-145.0;-14;-155.0;-57.0
669.0;4;27.0;-22;?;-145.0;4;-156.0;-57.0
669.0;17;12.0;9;-9;-145.0;17;-156.0;-57.0
669.0;?;-14.0;30;?;?;-2;?;-57.0
?;?;34.0;-18;18;-145.0;?;-157.0;-57.0
669.0;?;13.0;8;?;?;-5;-158.0;-57.0
668.0;?;-43.0;11;-11;?;13;?;?
666.0;5;?;-13;?;-146.0;5;-158.0;-57.0
664.0;-18;-57.0;-29;29;-146.0;-18;?;-56.0
663.0;-30;-60.0;27;-27;-145.0;-30;-158.0;?
662.0;-21;?;19;?;-146.0;-21;-158.0;-57.0
661.0;?;-8.0;-73;?;-145.0;15;-158.0;-57.0
660.0;?;-39.0;-5;?;-145.0;4;-158.0;?
659.0;-35;9.0;41;-41;-145.0;-35;-158.0;?
659.0;-24;?;13;-13;?;-24;-157.0;-59.0
?;-15;?;19;-19;-143.0;?;-156.0;?
660.0;13;17.0;-10;10;-142.0;13;-156.0;-60.0
661.0;36;32.0;-32;32;-142.0;36;-156.0;-61.0
664.0;-11;48.0;-18;18;?;-11;-156.0;-60.0
666.0;14;190.0;-4;4;-141.0;14;-157.0;-60.0
668.0;31;208.0;?;1;?;31;-158.0;-60.0
669.0;-20;209.0;14;-14;-140.0;-20;-159.0;?
670.0;0;180.0;15;?;?;0;-161.0;-60.0
667.0;6;151.0;?;?;-139.0;6;-164.0;-61.0
663.0;-6;66.0;-1;1;-139.0;-6;-165.0;-62.0
657.0;57;8.0;-16;16;-140.0;57;-163.0;-62.0
651.0;68;?;-18;?;-140.0;68;-161.0;-62.0
644.0;27;-213.0;2;?;-137.0;27;-158.0;-64.0
636.0;37;-340.0;-4;4;-136.0;?;-157.0;-64.0
627.0;19;?;-13;?;-134.0;19;-155.0;-65.0
617.0;-15;-428.0;?;-12;-133.0;-15;?;-67.0
606.0;-1;-542.0;61;-61;?;-1;?;-66.0
597.0;?;-594.0;54;-54;-136.0;?;-155.0;?
588.0;7;-600.0;24;-24;-138.0;?;-153.0;?
579.0;?;-712.0;?;-39;-139.0;8;-150.0;-62.0
570.0;53;?;40;?;-140.0;53;-146.0;?
563.0;34;?;9;-9;-141.0;?;-141.0;?
?;?;-491.0;-11;11;-141.0;-17;-137.0;-57.0
548.0;-24;-387.0;35;?;-140.0;-24;-132.0;-56.0
539.0;-11;-312.0;?;?;-138.0;-11;-128.0;-55.0
533.0;17;?;-4;4;?;17;-126.0;-55.0
?;28;-482.0;?;-3;-138.0;28;-127.0;-54.0
527.0;-6;-589.0;22;-22;-139.0;?;-132.0;-54.0
524.0;-19;-576.0;-1;1;-140.0;?;-139.0;-53.0
520.0;-16;-417.0;-18;18;-142.0;-16;-148.0;-52.0
515.0;-15;-410.0;-24;24;?;-15;?;-51.0
?;-16;?;-23;23;-145.0;-16;-166.0;-51.0
505.0;-19;?;1;?;-146.0;-19;-175.0;-51.0
497.0;16;-8.0;33;?;-146.0;16;?;-52.0
494.0;?;-37.0;27;-27;?;26;-179.0;-52.0
489.0;?;?;?;1;-146.0;29;-182.0;?
?;18;-189.0;?;?;-145.0;?;-184.0;-51.0
483.0;-5;-106.0;27;-27;-145.0;?;-184.0;-51.0
483.0;31;82.0;8;-8;-145.0;?;-184.0;-51.0
484.0;8;123.0;29;?;-146.0;8;-185.0;-51.0
483.0;?;85.0;26;-26;-146.0;?;-186.0;?
481.0;-7;64.0;-16;16;?;-7;-187.0;-52.0
479.0;-21;71.0;-8;?;-147.0;-21;-188.0;-53.0
477.0;?;?;17;-17;?;-17;-191.0;-55.0
473.0;16;?;12;?;-147.0;16;-194.0;-56.0
470.0;?;-7.0;?;13;?;?;-195.0;-58.0
?;?;-10.0;-28;28;?;-12;-197.0;-59.0
467.0;-25;11.0;-20;?;?;-25;-198.0;-59.0
466.0;-5;3.0;-24;24;-147.0;?;?;?
466.0;36;26.0;-14;14;-147.0;?;-199.0;-60.0
466.0;-30;18.0;?;-30;-146.0;-30;-198.0;-61.0
467.0;6;?;48;-48;-146.0;6;-198.0;-61.0
?;27;14.0;?;-75;-145.0;27;-198.0;-62.0
469.0;-26;61.0;?;-86;?;-26;-198.0;-62.0
470.0;-16;?;?;-92;-144.0;-16;?;-63.0
472.0;-26;66.0;118;-118;-144.0;-26;-197.0;-63.0
?;5;56.0;?;?;-143.0;5;-195.0;-62.0
?;?;92.0;29;-29;-143.0;?;-193.0;-62.0
484.0;?;152.0;93;?;-142.0;22;-190.0;-61.0
491.0;16;?;103;?;-141.0;16;-186.0;-61.0
496.0;?;93.0;101;-101;-140.0;-15;-184.0;-61.0
500.0;?;?;?;-136;-139.0;?;-184.0;?
502.0;43;-24.0;139;-139;?;?;-184.0;?
502.0;29;?;138;?;-136.0;29;?;-60.0
501.0;39;?;?;-122;-133.0;39;-187.0;-60.0
499.0;15;-112.0;?;?;-131.0;15;-188.0;?
498.0;-4;-103.0;255;-255;?;-4;-189.0;-61.0
496.0;30;-88.0;177;-177;-129.0;30;-189.0;?
?;41;-62.0;184;-184;-129.0;41;-189.0;-60.0
496.0;-15;-2.0;?;-135;-128.0;-15;-188.0;?
496.0;-14;-3.0;-19;19;-128.0;?;-187.0;-60.0
?;0;26.0;?;92;-128.0;0;-186.0;-59.0
498.0;-48;68.0;-92;92;-128.0;-48;-185.0;-59.0
501.0;?;86.0;-63;63;?;-43;-183.0;-58.0
506.0;-20;80.0;-126;126;-129.0;-20;-182.0;?
?;-47;?;-202;?;-133.0;-47;?;-55.0
516.0;-52;73.0;-176;176;-138.0;-52;-173.0;?
523.0;-20;94.0;-153;153;-140.0;-20;-166.0;-46.0
534.0;-27;?;-144;144;-140.0;-27;-159.0;?
544.0;-48;443.0;-138;?;-141.0;-48;-149.0;-45.0
556.0;-28;?;-195;195;-141.0;?;-132.0;-45.0
571.0;-43;758.0;-222;222;-141.0;-43;-117.0;-45.0
?;-52;?;-238;238;?;-52;?;?
606.0;-23;399.0;-279;279;?;-23;-91.0;?
624.0;?;-90.0;-246;246;-140.0;-26;-78.0;-42.0
641.0;-28;-370.0;-170;170;?;-28;-64.0;-43.0
654.0;-20;-689.0;-117;?;-132.0;-20;-56.0;?
?;?;-1084.0;-123;123;?;-12;-51.0;?
670.0;?;-1290.0;?;90;-122.0;?;-53.0;-47.0
670.0;-21;?;-29;29;-115.0;-21;?;-53.0
664.0;24;?;-32;32;-110.0;24;-62.0;-60.0
659.0;?;-324.0;4;-4;-107.0;29;-67.0;-67.0
660.0;?;-360.0;31;-31;-104.0;21;-71.0;-71.0
?;31;?;-2;?;-102.0;31;-77.0;?
