InertialMeasurementUnit RLA Quaternion1;InertialMeasurementUnit LUA Quaternion3;InertialMeasurementUnit RLA Quaternion4;InertialMeasurementUnit LLA Quaternion3;InertialMeasurementUnit RLA Quaternion2;InertialMeasurementUnit LLA Quaternion1;InertialMeasurementUnit LUA Quaternion1
435.0;521.0;-651.0;504.0;606.0;?;612.0
431.0;526.0;-658.0;512.0;605.0;781.0;615.0
?;538.0;-667.0;524.0;604.0;778.0;618.0
411.0;554.0;-679.0;538.0;603.0;778.0;?
394.0;572.0;-693.0;554.0;601.0;780.0;632.0
374.0;591.0;-710.0;568.0;596.0;781.0;641.0
354.0;607.0;-727.0;580.0;589.0;782.0;651.0
340.0;622.0;-741.0;588.0;?;782.0;661.0
333.0;633.0;-753.0;593.0;566.0;781.0;670.0
338.0;643.0;-763.0;595.0;550.0;780.0;680.0
355.0;649.0;-769.0;594.0;531.0;778.0;690.0
370.0;654.0;-773.0;592.0;515.0;774.0;700.0
381.0;658.0;-776.0;589.0;503.0;767.0;707.0
390.0;662.0;-776.0;589.0;494.0;757.0;711.0
396.0;666.0;-776.0;591.0;490.0;744.0;712.0
395.0;672.0;-776.0;?;488.0;731.0;708.0
386.0;677.0;-777.0;600.0;490.0;720.0;703.0
369.0;682.0;-777.0;605.0;497.0;709.0;699.0
348.0;688.0;-773.0;611.0;510.0;702.0;695.0
329.0;694.0;-765.0;618.0;527.0;698.0;691.0
316.0;?;-756.0;625.0;543.0;699.0;686.0
?;706.0;-750.0;?;559.0;702.0;680.0
299.0;713.0;-745.0;641.0;574.0;705.0;673.0
294.0;720.0;-741.0;646.0;588.0;712.0;666.0
287.0;722.0;-737.0;?;601.0;718.0;664.0
276.0;722.0;-733.0;649.0;613.0;723.0;665.0
255.0;720.0;-736.0;645.0;617.0;730.0;664.0
241.0;718.0;-740.0;641.0;617.0;738.0;664.0
233.0;717.0;-742.0;637.0;616.0;744.0;664.0
233.0;716.0;-744.0;634.0;614.0;?;663.0
238.0;715.0;-746.0;631.0;611.0;752.0;662.0
244.0;713.0;-750.0;629.0;?;755.0;662.0
245.0;710.0;-756.0;625.0;598.0;757.0;663.0
248.0;704.0;-762.0;620.0;591.0;?;667.0
260.0;693.0;-770.0;613.0;578.0;762.0;675.0
280.0;677.0;-780.0;601.0;558.0;766.0;687.0
305.0;?;-791.0;582.0;?;775.0;708.0
333.0;629.0;-802.0;555.0;496.0;785.0;727.0
362.0;600.0;-812.0;522.0;456.0;793.0;743.0
401.0;564.0;-816.0;480.0;408.0;800.0;761.0
446.0;522.0;-812.0;431.0;354.0;803.0;780.0
487.0;467.0;-805.0;379.0;289.0;804.0;804.0
510.0;414.0;-804.0;311.0;215.0;814.0;827.0
?;367.0;-817.0;230.0;140.0;829.0;848.0
493.0;324.0;-840.0;155.0;76.0;839.0;859.0
472.0;297.0;-861.0;84.0;7.0;842.0;859.0
453.0;278.0;-874.0;9.0;-60.0;840.0;842.0
440.0;259.0;-879.0;-67.0;-124.0;831.0;815.0
418.0;234.0;-880.0;-149.0;-196.0;819.0;778.0
407.0;211.0;-870.0;-231.0;-266.0;806.0;729.0
388.0;182.0;-858.0;-328.0;-331.0;782.0;682.0
363.0;164.0;-841.0;-392.0;-399.0;?;646.0
?;160.0;-824.0;-438.0;-445.0;?;624.0
339.0;157.0;-807.0;-463.0;-484.0;717.0;608.0
338.0;163.0;-791.0;-469.0;-508.0;713.0;603.0
347.0;174.0;-780.0;-461.0;-519.0;?;?
841.0;666.0;-138.0;205.0;-134.0;-125.0;495.0
843.0;664.0;-138.0;203.0;-133.0;-123.0;498.0
847.0;659.0;-137.0;199.0;-132.0;-119.0;505.0
852.0;649.0;-144.0;193.0;-134.0;?;516.0
855.0;639.0;-162.0;184.0;-141.0;-93.0;532.0
?;629.0;-183.0;177.0;-149.0;-73.0;551.0
856.0;617.0;-210.0;165.0;-158.0;-44.0;571.0
854.0;599.0;-244.0;147.0;-174.0;-2.0;597.0
849.0;580.0;-285.0;129.0;-188.0;47.0;622.0
841.0;558.0;-332.0;119.0;-199.0;97.0;647.0
826.0;533.0;-386.0;?;-211.0;152.0;674.0
?;509.0;-446.0;96.0;-220.0;216.0;696.0
774.0;484.0;-510.0;72.0;-229.0;284.0;713.0
732.0;456.0;-578.0;53.0;-238.0;346.0;725.0
679.0;429.0;-644.0;26.0;-245.0;408.0;730.0
612.0;403.0;-709.0;-21.0;-253.0;474.0;725.0
534.0;374.0;-768.0;?;?;534.0;710.0
456.0;346.0;-813.0;-124.0;?;586.0;687.0
382.0;320.0;-843.0;-166.0;-276.0;622.0;659.0
308.0;294.0;-865.0;-197.0;-294.0;639.0;633.0
237.0;271.0;-879.0;-219.0;-316.0;643.0;612.0
175.0;255.0;-883.0;-227.0;-339.0;630.0;596.0
129.0;242.0;-878.0;-231.0;-361.0;614.0;586.0
106.0;235.0;-868.0;-237.0;-378.0;621.0;582.0
95.0;232.0;-857.0;-246.0;-389.0;628.0;581.0
90.0;231.0;-853.0;-247.0;-396.0;621.0;582.0
93.0;234.0;-851.0;-243.0;-399.0;610.0;583.0
101.0;240.0;-847.0;-241.0;-402.0;607.0;586.0
111.0;244.0;-842.0;-241.0;-405.0;609.0;589.0
121.0;249.0;-836.0;-241.0;-409.0;614.0;593.0
135.0;254.0;-829.0;-242.0;-411.0;616.0;596.0
152.0;259.0;-823.0;-239.0;-408.0;610.0;599.0
171.0;263.0;-816.0;-231.0;-405.0;600.0;603.0
193.0;268.0;-807.0;-220.0;-403.0;591.0;610.0
219.0;275.0;-795.0;-209.0;-401.0;584.0;618.0
247.0;284.0;-777.0;-199.0;-399.0;579.0;627.0
796.0;698.0;-121.0;229.0;-182.0;-285.0;434.0
798.0;696.0;?;229.0;-179.0;-279.0;439.0
801.0;694.0;-122.0;?;-175.0;-272.0;444.0
?;690.0;-124.0;229.0;-170.0;-264.0;451.0
808.0;683.0;-129.0;230.0;-167.0;-256.0;461.0
814.0;672.0;-139.0;227.0;-167.0;-241.0;478.0
815.0;654.0;-162.0;219.0;?;-216.0;503.0
815.0;631.0;-197.0;207.0;-171.0;-180.0;537.0
816.0;607.0;-235.0;191.0;-175.0;-129.0;576.0
811.0;584.0;-282.0;?;-175.0;-66.0;616.0
?;560.0;-343.0;173.0;-176.0;1.0;657.0
770.0;535.0;-423.0;176.0;-187.0;75.0;697.0
730.0;512.0;-509.0;?;-198.0;163.0;731.0
674.0;487.0;-595.0;?;-199.0;258.0;755.0
600.0;462.0;-680.0;141.0;-197.0;354.0;770.0
520.0;434.0;-751.0;135.0;-190.0;427.0;772.0
436.0;408.0;-804.0;119.0;-185.0;493.0;762.0
351.0;390.0;-843.0;75.0;-193.0;564.0;741.0
274.0;364.0;-871.0;25.0;-210.0;617.0;713.0
204.0;337.0;-884.0;-26.0;-234.0;652.0;675.0
150.0;308.0;-884.0;?;-261.0;666.0;641.0
?;284.0;-877.0;-110.0;-288.0;656.0;609.0
82.0;268.0;-867.0;-144.0;-312.0;654.0;588.0
66.0;259.0;-861.0;-170.0;-329.0;656.0;578.0
58.0;251.0;-855.0;-181.0;-342.0;654.0;576.0
57.0;248.0;-850.0;-190.0;-352.0;657.0;576.0
61.0;247.0;-845.0;-202.0;-359.0;660.0;576.0
66.0;245.0;-843.0;?;-365.0;653.0;576.0
73.0;242.0;-841.0;-211.0;-367.0;647.0;578.0
80.0;241.0;-839.0;-215.0;-369.0;650.0;582.0
89.0;240.0;-837.0;-220.0;-372.0;654.0;584.0
100.0;239.0;-830.0;-224.0;-376.0;650.0;585.0
118.0;240.0;-818.0;-227.0;-379.0;639.0;585.0
142.0;245.0;?;-228.0;-378.0;622.0;586.0
170.0;256.0;-787.0;-227.0;-375.0;605.0;?
201.0;276.0;-768.0;-228.0;-373.0;589.0;589.0
843.0;627.0;-174.0;250.0;-132.0;-180.0;546.0
844.0;628.0;-172.0;250.0;-130.0;-178.0;547.0
845.0;628.0;-170.0;252.0;-128.0;-176.0;549.0
?;627.0;-169.0;252.0;-127.0;-173.0;550.0
846.0;625.0;-169.0;251.0;-125.0;-168.0;553.0
848.0;621.0;-171.0;248.0;-125.0;?;557.0
849.0;616.0;-179.0;241.0;-129.0;-153.0;565.0
850.0;610.0;-194.0;231.0;-137.0;-136.0;577.0
847.0;600.0;-217.0;220.0;-147.0;-111.0;594.0
841.0;585.0;-252.0;204.0;-159.0;-75.0;620.0
830.0;564.0;-301.0;189.0;?;-28.0;654.0
809.0;545.0;-365.0;172.0;-187.0;33.0;686.0
772.0;522.0;-446.0;149.0;-202.0;111.0;719.0
717.0;496.0;-539.0;130.0;-218.0;197.0;747.0
?;467.0;-637.0;114.0;-231.0;286.0;765.0
?;438.0;-729.0;94.0;-240.0;374.0;772.0
458.0;405.0;-805.0;78.0;-243.0;?;765.0
360.0;369.0;-860.0;45.0;-240.0;513.0;744.0
265.0;340.0;-898.0;-17.0;-242.0;583.0;717.0
175.0;307.0;-924.0;-84.0;-250.0;635.0;682.0
100.0;276.0;-936.0;-138.0;-264.0;668.0;646.0
45.0;249.0;-937.0;-180.0;-280.0;684.0;617.0
10.0;230.0;-933.0;-210.0;-296.0;697.0;600.0
-13.0;219.0;-928.0;-233.0;-314.0;704.0;?
?;216.0;-921.0;-246.0;-334.0;694.0;582.0
-29.0;?;-912.0;-252.0;-354.0;683.0;578.0
-18.0;214.0;-903.0;-254.0;-368.0;675.0;582.0
-5.0;218.0;-899.0;-247.0;-373.0;670.0;?
10.0;224.0;-898.0;-238.0;?;?;597.0
27.0;?;-898.0;-233.0;-372.0;680.0;602.0
43.0;233.0;-897.0;-230.0;-373.0;681.0;605.0
57.0;235.0;-893.0;-228.0;-375.0;676.0;606.0
78.0;236.0;-888.0;-227.0;-373.0;669.0;607.0
104.0;239.0;-881.0;?;-371.0;657.0;608.0
136.0;247.0;-871.0;-225.0;-368.0;642.0;610.0
176.0;259.0;-855.0;-221.0;-365.0;622.0;615.0
223.0;276.0;-833.0;-215.0;-361.0;602.0;622.0
857.0;651.0;?;373.0;-73.0;-178.0;538.0
859.0;649.0;-198.0;375.0;-75.0;-175.0;542.0
861.0;646.0;-203.0;373.0;-75.0;-166.0;549.0
861.0;642.0;-213.0;?;-78.0;-153.0;557.0
858.0;636.0;-227.0;360.0;-82.0;-136.0;567.0
853.0;627.0;-249.0;349.0;-88.0;-113.0;582.0
847.0;615.0;?;336.0;-104.0;-86.0;601.0
838.0;599.0;-314.0;319.0;-126.0;-52.0;624.0
823.0;576.0;-359.0;296.0;-150.0;-10.0;653.0
800.0;549.0;-418.0;270.0;-178.0;39.0;682.0
766.0;522.0;-487.0;238.0;-204.0;97.0;709.0
721.0;492.0;-559.0;198.0;-220.0;166.0;733.0
660.0;459.0;?;157.0;-234.0;242.0;753.0
584.0;426.0;-709.0;117.0;-251.0;?;762.0
496.0;401.0;?;68.0;-270.0;409.0;761.0
399.0;381.0;-829.0;25.0;?;489.0;747.0
299.0;352.0;-869.0;-15.0;-309.0;553.0;711.0
209.0;321.0;-893.0;-72.0;-323.0;593.0;666.0
130.0;285.0;-902.0;-121.0;-340.0;607.0;616.0
66.0;?;-903.0;-163.0;-359.0;611.0;578.0
23.0;247.0;-897.0;-193.0;-376.0;617.0;554.0
-2.0;248.0;-890.0;-206.0;-388.0;632.0;547.0
-9.0;?;-884.0;-207.0;-393.0;640.0;548.0
?;258.0;-878.0;-201.0;-398.0;637.0;552.0
-1.0;263.0;-872.0;-195.0;-405.0;631.0;556.0
6.0;268.0;-869.0;-190.0;-410.0;629.0;562.0
17.0;271.0;-868.0;-186.0;-410.0;628.0;570.0
25.0;273.0;-867.0;-183.0;-409.0;628.0;577.0
29.0;274.0;-868.0;-182.0;-407.0;634.0;583.0
34.0;276.0;-869.0;-185.0;-408.0;640.0;587.0
39.0;274.0;-868.0;-184.0;-410.0;640.0;589.0
42.0;274.0;-868.0;-186.0;-411.0;?;590.0
45.0;273.0;-867.0;-187.0;-413.0;644.0;593.0
49.0;271.0;-866.0;-190.0;-415.0;647.0;594.0
?;270.0;-862.0;?;-414.0;646.0;595.0
85.0;?;-854.0;-196.0;-413.0;640.0;599.0
113.0;278.0;-844.0;-197.0;-412.0;636.0;604.0
821.0;598.0;-231.0;295.0;-62.0;-124.0;560.0
821.0;600.0;-229.0;299.0;-59.0;-124.0;562.0
822.0;?;-229.0;303.0;-55.0;-123.0;564.0
823.0;601.0;-229.0;305.0;-53.0;-122.0;566.0
825.0;600.0;?;306.0;-49.0;-121.0;569.0
827.0;600.0;-230.0;308.0;-47.0;-119.0;572.0
829.0;598.0;-233.0;309.0;-46.0;-115.0;578.0
830.0;598.0;-238.0;307.0;-47.0;-106.0;584.0
829.0;596.0;-250.0;305.0;-52.0;-93.0;593.0
827.0;596.0;-265.0;302.0;-57.0;-75.0;605.0
821.0;595.0;-285.0;301.0;-58.0;-52.0;619.0
813.0;594.0;-310.0;299.0;-59.0;-23.0;635.0
802.0;586.0;-343.0;294.0;-59.0;15.0;658.0
789.0;577.0;-383.0;288.0;-61.0;59.0;682.0
772.0;570.0;-430.0;286.0;-61.0;107.0;703.0
749.0;562.0;-485.0;279.0;-56.0;168.0;724.0
720.0;549.0;-545.0;?;-46.0;242.0;746.0
686.0;533.0;-605.0;255.0;-29.0;321.0;767.0
641.0;518.0;-667.0;256.0;0.0;399.0;782.0
582.0;503.0;-729.0;262.0;34.0;?;792.0
?;489.0;-786.0;?;68.0;546.0;797.0
456.0;472.0;-832.0;279.0;104.0;?;?
395.0;455.0;-864.0;283.0;143.0;659.0;797.0
334.0;440.0;-886.0;278.0;182.0;708.0;792.0
?;425.0;-901.0;279.0;218.0;746.0;788.0
231.0;415.0;-909.0;287.0;255.0;768.0;785.0
181.0;409.0;-912.0;290.0;294.0;791.0;780.0
134.0;407.0;-911.0;287.0;330.0;818.0;775.0
92.0;403.0;-907.0;292.0;360.0;837.0;769.0
52.0;?;-899.0;305.0;?;841.0;762.0
21.0;399.0;-890.0;319.0;405.0;836.0;757.0
4.0;404.0;-882.0;328.0;423.0;832.0;752.0
6.0;415.0;-875.0;337.0;442.0;828.0;?
22.0;426.0;-868.0;351.0;463.0;825.0;745.0
50.0;439.0;-858.0;372.0;488.0;825.0;747.0
85.0;454.0;-845.0;398.0;513.0;?;747.0
119.0;476.0;-831.0;424.0;535.0;830.0;747.0
150.0;497.0;-817.0;448.0;552.0;831.0;745.0
176.0;513.0;-805.0;472.0;565.0;828.0;740.0
194.0;535.0;-793.0;494.0;576.0;821.0;735.0
?;558.0;?;516.0;584.0;814.0;732.0
225.0;579.0;-775.0;536.0;591.0;807.0;728.0
235.0;599.0;-768.0;554.0;595.0;?;723.0
242.0;617.0;-762.0;573.0;600.0;791.0;717.0
247.0;631.0;-758.0;591.0;604.0;783.0;712.0
250.0;644.0;-754.0;607.0;607.0;776.0;707.0
252.0;657.0;-752.0;620.0;609.0;770.0;703.0
252.0;665.0;-751.0;628.0;610.0;765.0;699.0
250.0;671.0;-751.0;633.0;611.0;760.0;696.0
249.0;673.0;-751.0;636.0;611.0;757.0;695.0
248.0;674.0;?;637.0;611.0;754.0;696.0
245.0;675.0;-752.0;636.0;611.0;754.0;698.0
242.0;?;-754.0;635.0;611.0;755.0;698.0
240.0;674.0;-755.0;633.0;610.0;755.0;699.0
237.0;673.0;-756.0;633.0;610.0;756.0;699.0
236.0;?;-757.0;632.0;609.0;756.0;699.0
234.0;672.0;-757.0;632.0;609.0;756.0;700.0
233.0;671.0;-758.0;632.0;608.0;756.0;700.0
232.0;671.0;-759.0;632.0;608.0;756.0;701.0
232.0;?;-759.0;633.0;607.0;754.0;702.0
232.0;671.0;-759.0;635.0;607.0;753.0;704.0
232.0;671.0;-759.0;636.0;608.0;751.0;706.0
232.0;670.0;-758.0;639.0;608.0;748.0;709.0
230.0;670.0;-758.0;642.0;609.0;745.0;711.0
228.0;?;-758.0;646.0;610.0;740.0;714.0
225.0;666.0;-758.0;651.0;612.0;734.0;718.0
221.0;665.0;-758.0;657.0;613.0;728.0;721.0
218.0;665.0;-757.0;662.0;614.0;722.0;723.0
214.0;665.0;-758.0;667.0;615.0;717.0;726.0
210.0;666.0;-758.0;670.0;617.0;713.0;727.0
205.0;667.0;-758.0;672.0;618.0;711.0;728.0
198.0;667.0;-759.0;674.0;620.0;710.0;730.0
189.0;666.0;?;676.0;621.0;710.0;732.0
178.0;664.0;-761.0;678.0;622.0;711.0;733.0
167.0;663.0;-763.0;679.0;623.0;711.0;735.0
157.0;661.0;-766.0;681.0;623.0;?;736.0
147.0;660.0;-768.0;684.0;623.0;708.0;?
138.0;?;-770.0;686.0;622.0;706.0;737.0
129.0;660.0;?;689.0;621.0;703.0;737.0
?;661.0;-774.0;692.0;621.0;700.0;737.0
111.0;661.0;-775.0;694.0;621.0;697.0;?
104.0;661.0;-776.0;695.0;622.0;695.0;738.0
98.0;660.0;-776.0;696.0;622.0;692.0;738.0
90.0;660.0;-777.0;696.0;622.0;691.0;739.0
84.0;659.0;-778.0;696.0;621.0;689.0;740.0
78.0;659.0;-778.0;695.0;621.0;689.0;741.0
73.0;658.0;-778.0;695.0;622.0;688.0;742.0
69.0;657.0;-778.0;694.0;622.0;686.0;743.0
66.0;656.0;-778.0;694.0;623.0;686.0;744.0
65.0;654.0;-778.0;693.0;623.0;686.0;745.0
65.0;654.0;-777.0;692.0;623.0;686.0;746.0
65.0;653.0;-777.0;691.0;623.0;685.0;747.0
64.0;652.0;-778.0;691.0;622.0;685.0;747.0
62.0;652.0;-779.0;690.0;620.0;685.0;748.0
?;667.0;-777.0;?;614.0;706.0;738.0
114.0;667.0;-777.0;679.0;614.0;706.0;738.0
116.0;668.0;-776.0;679.0;615.0;705.0;737.0
119.0;667.0;-775.0;679.0;615.0;705.0;738.0
120.0;667.0;?;680.0;?;705.0;738.0
121.0;667.0;-776.0;679.0;615.0;706.0;738.0
120.0;666.0;-775.0;680.0;616.0;706.0;738.0
119.0;666.0;-775.0;679.0;616.0;706.0;738.0
117.0;665.0;-775.0;680.0;617.0;706.0;738.0
114.0;665.0;-776.0;681.0;617.0;706.0;739.0
111.0;664.0;-776.0;681.0;617.0;705.0;739.0
108.0;665.0;-777.0;682.0;616.0;705.0;739.0
105.0;665.0;-778.0;683.0;616.0;704.0;739.0
101.0;665.0;-780.0;685.0;615.0;702.0;739.0
96.0;?;-781.0;686.0;614.0;699.0;739.0
89.0;667.0;-783.0;689.0;612.0;696.0;738.0
82.0;669.0;-786.0;691.0;610.0;693.0;737.0
73.0;670.0;-788.0;693.0;609.0;689.0;736.0
64.0;671.0;-790.0;695.0;607.0;685.0;735.0
54.0;671.0;-792.0;697.0;605.0;681.0;735.0
43.0;671.0;-793.0;699.0;604.0;677.0;735.0
32.0;670.0;-793.0;700.0;604.0;673.0;735.0
24.0;670.0;-795.0;702.0;602.0;670.0;734.0
15.0;669.0;-796.0;703.0;600.0;667.0;734.0
8.0;668.0;-797.0;703.0;599.0;665.0;735.0
-1.0;666.0;-796.0;703.0;599.0;664.0;735.0
-8.0;666.0;-796.0;702.0;598.0;663.0;735.0
-14.0;665.0;-796.0;701.0;598.0;663.0;734.0
-17.0;664.0;-795.0;700.0;599.0;665.0;?
-17.0;662.0;-794.0;699.0;599.0;667.0;736.0
-14.0;662.0;-793.0;697.0;601.0;668.0;737.0
-9.0;661.0;-792.0;696.0;602.0;670.0;738.0
0.0;661.0;-792.0;695.0;602.0;672.0;739.0
11.0;662.0;-792.0;695.0;602.0;674.0;739.0
?;663.0;-793.0;694.0;601.0;676.0;739.0
31.0;664.0;-792.0;692.0;601.0;678.0;739.0
34.0;663.0;-790.0;689.0;604.0;681.0;740.0
16.0;?;-788.0;685.0;608.0;687.0;743.0
4.0;663.0;-784.0;684.0;612.0;695.0;743.0
?;?;-783.0;678.0;615.0;703.0;744.0
19.0;661.0;-779.0;672.0;621.0;705.0;746.0
27.0;656.0;-776.0;668.0;624.0;706.0;?
38.0;653.0;-774.0;666.0;625.0;705.0;754.0
47.0;653.0;-772.0;664.0;626.0;707.0;754.0
56.0;656.0;-771.0;662.0;627.0;710.0;752.0
69.0;658.0;-770.0;661.0;628.0;713.0;750.0
82.0;658.0;?;662.0;629.0;711.0;750.0
91.0;659.0;-768.0;665.0;629.0;708.0;749.0
94.0;660.0;-769.0;668.0;627.0;705.0;749.0
94.0;662.0;-770.0;668.0;624.0;704.0;747.0
94.0;663.0;-772.0;668.0;622.0;705.0;746.0
92.0;664.0;-774.0;668.0;620.0;705.0;745.0
90.0;665.0;-776.0;669.0;618.0;705.0;744.0
88.0;666.0;-778.0;670.0;616.0;704.0;?
85.0;667.0;-779.0;672.0;615.0;703.0;742.0
81.0;668.0;-781.0;673.0;613.0;701.0;741.0
79.0;668.0;?;675.0;?;699.0;741.0
78.0;669.0;-782.0;677.0;611.0;698.0;740.0
77.0;669.0;-783.0;678.0;611.0;?;740.0
74.0;669.0;-783.0;679.0;611.0;699.0;739.0
72.0;669.0;-784.0;?;611.0;700.0;739.0
72.0;668.0;-784.0;679.0;611.0;700.0;740.0
73.0;667.0;-784.0;681.0;611.0;699.0;740.0
74.0;668.0;-785.0;681.0;610.0;699.0;739.0
74.0;669.0;-785.0;682.0;609.0;698.0;738.0
73.0;670.0;-787.0;682.0;608.0;698.0;737.0
75.0;670.0;-787.0;683.0;607.0;698.0;736.0
76.0;670.0;-788.0;685.0;607.0;696.0;736.0
75.0;670.0;-788.0;687.0;607.0;695.0;736.0
73.0;671.0;-789.0;688.0;606.0;694.0;736.0
71.0;670.0;-789.0;688.0;606.0;694.0;?
70.0;670.0;-789.0;689.0;607.0;693.0;736.0
67.0;669.0;-789.0;690.0;608.0;692.0;736.0
65.0;668.0;-788.0;690.0;609.0;691.0;737.0
61.0;668.0;-789.0;691.0;609.0;690.0;738.0
55.0;?;-789.0;692.0;609.0;689.0;738.0
48.0;667.0;-789.0;693.0;610.0;687.0;738.0
39.0;667.0;-790.0;694.0;609.0;685.0;738.0
30.0;667.0;-792.0;696.0;607.0;682.0;737.0
22.0;668.0;-793.0;698.0;605.0;680.0;736.0
18.0;669.0;-795.0;699.0;603.0;678.0;735.0
16.0;670.0;-795.0;700.0;602.0;678.0;734.0
16.0;670.0;-796.0;701.0;601.0;678.0;734.0
69.0;679.0;-790.0;681.0;602.0;698.0;730.0
70.0;679.0;-789.0;681.0;603.0;699.0;730.0
71.0;678.0;-789.0;680.0;604.0;699.0;730.0
72.0;678.0;-788.0;680.0;605.0;699.0;731.0
73.0;677.0;-787.0;680.0;605.0;700.0;731.0
74.0;677.0;-787.0;680.0;606.0;?;732.0
75.0;676.0;-787.0;680.0;606.0;700.0;732.0
76.0;676.0;-787.0;679.0;606.0;701.0;733.0
76.0;675.0;-786.0;?;607.0;701.0;734.0
75.0;674.0;-786.0;679.0;607.0;700.0;734.0
75.0;674.0;-786.0;680.0;607.0;700.0;734.0
74.0;674.0;-786.0;680.0;607.0;700.0;735.0
75.0;674.0;-786.0;680.0;607.0;700.0;734.0
76.0;674.0;-786.0;681.0;607.0;700.0;734.0
77.0;675.0;-786.0;682.0;607.0;699.0;733.0
78.0;675.0;-786.0;683.0;607.0;698.0;733.0
79.0;675.0;-786.0;685.0;607.0;697.0;733.0
80.0;676.0;-788.0;686.0;?;696.0;732.0
80.0;677.0;-789.0;687.0;604.0;696.0;731.0
80.0;678.0;-790.0;687.0;603.0;695.0;730.0
78.0;679.0;-792.0;688.0;601.0;694.0;729.0
76.0;679.0;-793.0;689.0;600.0;693.0;729.0
?;?;-793.0;690.0;600.0;692.0;728.0
70.0;680.0;?;691.0;599.0;691.0;727.0
68.0;681.0;-794.0;692.0;600.0;691.0;727.0
?;680.0;?;692.0;600.0;690.0;727.0
64.0;680.0;-793.0;692.0;601.0;691.0;727.0
63.0;680.0;-793.0;691.0;601.0;691.0;728.0
64.0;?;-792.0;691.0;602.0;692.0;728.0
64.0;679.0;-793.0;690.0;601.0;692.0;?
66.0;679.0;?;689.0;601.0;?;728.0
69.0;678.0;-792.0;?;600.0;693.0;729.0
72.0;678.0;-791.0;686.0;600.0;696.0;?
71.0;681.0;-790.0;682.0;601.0;700.0;728.0
68.0;678.0;-786.0;680.0;605.0;703.0;730.0
66.0;676.0;?;?;610.0;?;730.0
72.0;676.0;-780.0;681.0;613.0;710.0;730.0
81.0;675.0;?;677.0;617.0;713.0;732.0
89.0;670.0;-774.0;673.0;621.0;715.0;737.0
96.0;667.0;-773.0;672.0;620.0;714.0;740.0
95.0;667.0;-775.0;670.0;?;715.0;740.0
91.0;669.0;-777.0;668.0;616.0;717.0;739.0
91.0;671.0;-778.0;667.0;615.0;718.0;?
91.0;671.0;-779.0;667.0;614.0;719.0;737.0
92.0;672.0;-779.0;668.0;614.0;718.0;736.0
93.0;672.0;-779.0;?;613.0;718.0;736.0
95.0;672.0;-779.0;668.0;612.0;718.0;735.0
97.0;673.0;-780.0;667.0;611.0;719.0;735.0
102.0;673.0;-779.0;667.0;611.0;719.0;735.0
108.0;673.0;-779.0;666.0;610.0;719.0;735.0
113.0;673.0;-778.0;666.0;610.0;?;735.0
115.0;673.0;-778.0;666.0;610.0;718.0;734.0
116.0;674.0;-778.0;666.0;610.0;718.0;734.0
117.0;675.0;-777.0;667.0;610.0;717.0;733.0
117.0;675.0;-777.0;668.0;611.0;716.0;732.0
118.0;676.0;-777.0;668.0;611.0;716.0;732.0
117.0;?;-777.0;669.0;611.0;?;731.0
116.0;676.0;-778.0;669.0;610.0;716.0;731.0
115.0;677.0;-779.0;668.0;609.0;716.0;730.0
115.0;?;-780.0;668.0;607.0;716.0;730.0
117.0;677.0;-780.0;667.0;607.0;716.0;730.0
119.0;676.0;-781.0;667.0;605.0;716.0;730.0
120.0;677.0;-781.0;667.0;604.0;716.0;730.0
122.0;677.0;-782.0;667.0;604.0;715.0;730.0
124.0;?;-781.0;667.0;604.0;716.0;730.0
125.0;677.0;-781.0;667.0;604.0;716.0;730.0
124.0;676.0;-781.0;667.0;?;716.0;730.0
125.0;676.0;-780.0;666.0;605.0;716.0;730.0
126.0;675.0;-779.0;665.0;606.0;718.0;731.0
127.0;674.0;-778.0;665.0;607.0;718.0;732.0
129.0;673.0;-778.0;665.0;?;718.0;732.0
129.0;673.0;-778.0;665.0;608.0;?;732.0
129.0;673.0;-777.0;665.0;?;718.0;732.0
129.0;673.0;-777.0;666.0;609.0;718.0;732.0
128.0;672.0;-777.0;668.0;610.0;717.0;732.0
129.0;672.0;-777.0;?;609.0;716.0;733.0
128.0;671.0;-778.0;?;609.0;714.0;733.0
125.0;671.0;-779.0;673.0;609.0;713.0;733.0
119.0;671.0;-781.0;674.0;608.0;713.0;734.0
111.0;671.0;-783.0;674.0;607.0;712.0;734.0
103.0;671.0;-784.0;675.0;607.0;712.0;734.0
94.0;670.0;-785.0;675.0;607.0;712.0;?
87.0;669.0;-785.0;675.0;607.0;711.0;736.0
82.0;668.0;-784.0;675.0;608.0;711.0;738.0
79.0;666.0;-783.0;?;609.0;?;740.0
75.0;?;-781.0;673.0;610.0;711.0;741.0
63.0;664.0;-779.0;669.0;612.0;714.0;742.0
51.0;662.0;?;665.0;616.0;717.0;744.0
44.0;664.0;-770.0;665.0;624.0;719.0;743.0
47.0;?;-769.0;663.0;627.0;723.0;743.0
50.0;663.0;-767.0;660.0;630.0;725.0;?
54.0;658.0;-766.0;658.0;631.0;724.0;749.0
61.0;656.0;?;658.0;630.0;722.0;751.0
64.0;658.0;-769.0;657.0;627.0;722.0;749.0
63.0;662.0;-772.0;657.0;624.0;?;746.0
65.0;664.0;-773.0;658.0;622.0;722.0;744.0
?;666.0;-773.0;659.0;620.0;720.0;743.0
?;667.0;-774.0;662.0;619.0;717.0;742.0
76.0;667.0;-774.0;664.0;618.0;713.0;742.0
78.0;669.0;-775.0;665.0;617.0;711.0;741.0
81.0;670.0;-774.0;665.0;617.0;710.0;740.0
85.0;670.0;-774.0;664.0;616.0;710.0;739.0
89.0;670.0;-774.0;663.0;617.0;712.0;739.0
92.0;671.0;-774.0;662.0;616.0;713.0;739.0
94.0;671.0;-775.0;661.0;615.0;714.0;739.0
95.0;671.0;-775.0;661.0;614.0;715.0;738.0
?;672.0;-776.0;661.0;613.0;?;738.0
99.0;672.0;-776.0;661.0;612.0;714.0;737.0
100.0;673.0;-776.0;662.0;612.0;714.0;736.0
101.0;674.0;?;662.0;612.0;714.0;736.0
102.0;675.0;-776.0;663.0;612.0;713.0;735.0
102.0;675.0;?;663.0;611.0;713.0;734.0
103.0;675.0;-777.0;663.0;611.0;713.0;734.0
104.0;675.0;-777.0;662.0;611.0;714.0;734.0
105.0;676.0;-777.0;661.0;611.0;715.0;?
107.0;676.0;-776.0;661.0;611.0;716.0;734.0
108.0;675.0;-776.0;660.0;611.0;?;734.0
108.0;675.0;-776.0;659.0;611.0;716.0;734.0
109.0;675.0;-775.0;659.0;611.0;716.0;734.0
110.0;675.0;-775.0;659.0;611.0;716.0;734.0
110.0;675.0;-776.0;659.0;611.0;716.0;734.0
109.0;674.0;-776.0;659.0;611.0;716.0;734.0
108.0;674.0;-777.0;659.0;?;716.0;734.0
107.0;674.0;-777.0;659.0;610.0;716.0;734.0
107.0;675.0;-777.0;659.0;610.0;716.0;734.0
108.0;676.0;-777.0;659.0;609.0;?;733.0
109.0;677.0;-777.0;659.0;608.0;717.0;732.0
110.0;678.0;-778.0;658.0;607.0;717.0;731.0
113.0;678.0;-778.0;?;607.0;717.0;731.0
116.0;678.0;-778.0;658.0;606.0;717.0;730.0
118.0;679.0;-778.0;659.0;606.0;716.0;730.0
120.0;679.0;-777.0;658.0;606.0;717.0;729.0
122.0;?;-777.0;?;606.0;717.0;729.0
124.0;679.0;-776.0;657.0;606.0;718.0;729.0
127.0;680.0;-776.0;656.0;606.0;718.0;728.0
128.0;679.0;-775.0;656.0;607.0;719.0;728.0
129.0;679.0;-775.0;656.0;607.0;719.0;728.0
?;679.0;-775.0;656.0;607.0;720.0;728.0
128.0;679.0;-775.0;655.0;607.0;720.0;729.0
126.0;678.0;-775.0;655.0;607.0;720.0;729.0
125.0;678.0;-775.0;654.0;607.0;721.0;729.0
123.0;678.0;-775.0;654.0;607.0;?;729.0
120.0;679.0;-776.0;653.0;607.0;722.0;729.0
119.0;?;-776.0;653.0;606.0;722.0;728.0
119.0;679.0;-777.0;652.0;606.0;723.0;728.0
119.0;678.0;-777.0;652.0;606.0;?;729.0
120.0;679.0;-778.0;?;604.0;723.0;728.0
120.0;679.0;-778.0;651.0;603.0;723.0;728.0
?;679.0;-778.0;?;602.0;723.0;728.0
123.0;678.0;-778.0;650.0;602.0;723.0;729.0
?;677.0;-777.0;650.0;603.0;723.0;730.0
122.0;676.0;-777.0;?;603.0;723.0;732.0
125.0;674.0;-775.0;649.0;605.0;723.0;732.0
130.0;673.0;-773.0;649.0;607.0;723.0;733.0
131.0;672.0;-771.0;650.0;?;724.0;734.0
?;671.0;-770.0;649.0;612.0;726.0;733.0
127.0;672.0;-771.0;647.0;613.0;729.0;732.0
125.0;673.0;?;644.0;612.0;732.0;731.0
125.0;673.0;-772.0;?;611.0;734.0;731.0
126.0;674.0;-773.0;641.0;609.0;735.0;730.0
128.0;674.0;-774.0;639.0;608.0;737.0;730.0
129.0;674.0;-774.0;639.0;?;737.0;729.0
131.0;673.0;-774.0;639.0;606.0;737.0;729.0
134.0;672.0;-774.0;640.0;606.0;736.0;729.0
137.0;673.0;-774.0;642.0;606.0;734.0;729.0
140.0;674.0;-773.0;644.0;606.0;732.0;727.0
143.0;675.0;-772.0;?;607.0;731.0;726.0
?;677.0;-771.0;645.0;607.0;730.0;724.0
147.0;678.0;-770.0;645.0;607.0;729.0;?
147.0;678.0;-770.0;645.0;607.0;729.0;723.0
147.0;678.0;-770.0;645.0;606.0;729.0;723.0
145.0;678.0;-771.0;644.0;606.0;729.0;722.0
142.0;678.0;-771.0;643.0;605.0;730.0;722.0
140.0;678.0;-771.0;642.0;?;731.0;722.0
137.0;678.0;-772.0;641.0;604.0;731.0;722.0
135.0;678.0;-772.0;641.0;604.0;731.0;721.0
132.0;678.0;-773.0;641.0;602.0;731.0;721.0
129.0;679.0;-774.0;641.0;602.0;730.0;720.0
128.0;680.0;-775.0;642.0;?;729.0;719.0
127.0;681.0;-775.0;643.0;600.0;728.0;719.0
128.0;681.0;-775.0;644.0;600.0;726.0;719.0
130.0;681.0;-776.0;645.0;599.0;724.0;719.0
131.0;?;-776.0;646.0;598.0;722.0;720.0
132.0;680.0;?;647.0;598.0;721.0;720.0
133.0;681.0;-776.0;648.0;597.0;721.0;719.0
133.0;?;-777.0;647.0;597.0;722.0;718.0
133.0;681.0;-777.0;646.0;596.0;723.0;717.0
132.0;682.0;?;645.0;596.0;725.0;715.0
131.0;683.0;-777.0;643.0;595.0;727.0;714.0
130.0;683.0;-778.0;642.0;594.0;729.0;713.0
131.0;683.0;?;640.0;594.0;730.0;712.0
131.0;684.0;-779.0;639.0;592.0;730.0;711.0
130.0;685.0;-779.0;639.0;591.0;731.0;710.0
132.0;685.0;-779.0;639.0;590.0;730.0;709.0
135.0;686.0;-780.0;639.0;589.0;729.0;709.0
137.0;686.0;-780.0;640.0;589.0;727.0;709.0
138.0;687.0;-780.0;641.0;589.0;?;708.0
139.0;687.0;-780.0;643.0;590.0;723.0;708.0
140.0;688.0;-779.0;644.0;591.0;721.0;707.0
139.0;689.0;-779.0;644.0;591.0;720.0;707.0
140.0;690.0;-779.0;645.0;591.0;720.0;705.0
140.0;691.0;-779.0;644.0;590.0;720.0;704.0
141.0;?;-780.0;643.0;590.0;720.0;703.0
143.0;691.0;-780.0;643.0;589.0;721.0;704.0
148.0;690.0;-779.0;642.0;589.0;721.0;706.0
?;689.0;-779.0;642.0;?;720.0;708.0
159.0;?;-779.0;643.0;588.0;719.0;709.0
159.0;688.0;-779.0;643.0;588.0;719.0;709.0
155.0;688.0;-779.0;643.0;589.0;719.0;708.0
150.0;689.0;-780.0;643.0;589.0;720.0;707.0
146.0;690.0;?;643.0;590.0;722.0;706.0
146.0;?;-780.0;642.0;590.0;723.0;706.0
?;?;?;643.0;591.0;724.0;705.0
151.0;690.0;-779.0;?;592.0;725.0;704.0
?;?;-778.0;643.0;593.0;726.0;703.0
149.0;692.0;-777.0;643.0;594.0;727.0;702.0
149.0;692.0;-777.0;642.0;593.0;728.0;702.0
155.0;691.0;-776.0;641.0;?;728.0;704.0
160.0;691.0;-776.0;642.0;592.0;?;703.0
162.0;691.0;-776.0;642.0;592.0;727.0;704.0
164.0;690.0;-775.0;642.0;592.0;727.0;704.0
165.0;690.0;-775.0;642.0;592.0;727.0;?
166.0;690.0;-775.0;642.0;592.0;727.0;704.0
166.0;689.0;-776.0;643.0;592.0;727.0;704.0
164.0;689.0;-776.0;643.0;592.0;727.0;704.0
161.0;688.0;-777.0;643.0;592.0;728.0;704.0
157.0;688.0;-777.0;643.0;592.0;729.0;704.0
153.0;688.0;-778.0;642.0;593.0;730.0;704.0
151.0;688.0;-778.0;642.0;593.0;731.0;704.0
150.0;688.0;-778.0;642.0;593.0;731.0;705.0
150.0;687.0;-778.0;642.0;594.0;730.0;?
147.0;687.0;-778.0;643.0;594.0;730.0;706.0
144.0;687.0;-778.0;643.0;594.0;729.0;706.0
143.0;687.0;-778.0;643.0;594.0;729.0;706.0
145.0;689.0;-778.0;643.0;593.0;729.0;704.0
147.0;689.0;-778.0;644.0;593.0;728.0;703.0
148.0;689.0;-778.0;645.0;593.0;727.0;704.0
148.0;689.0;-779.0;645.0;592.0;727.0;704.0
148.0;690.0;-779.0;646.0;591.0;726.0;703.0
148.0;691.0;-780.0;647.0;591.0;726.0;702.0
149.0;691.0;-780.0;?;590.0;726.0;702.0
150.0;691.0;-781.0;647.0;589.0;725.0;702.0
148.0;691.0;-782.0;647.0;588.0;725.0;703.0
146.0;692.0;-782.0;647.0;587.0;725.0;703.0
148.0;692.0;-781.0;647.0;?;725.0;703.0
152.0;692.0;-781.0;648.0;588.0;724.0;?
158.0;691.0;?;647.0;590.0;725.0;703.0
162.0;692.0;-778.0;648.0;592.0;725.0;702.0
164.0;691.0;-776.0;649.0;595.0;725.0;?
163.0;?;-775.0;650.0;597.0;725.0;702.0
161.0;691.0;-775.0;650.0;599.0;725.0;?
158.0;692.0;-774.0;649.0;600.0;725.0;701.0
156.0;692.0;-774.0;649.0;601.0;726.0;702.0
154.0;692.0;-774.0;649.0;601.0;725.0;703.0
152.0;693.0;-775.0;650.0;601.0;724.0;703.0
148.0;693.0;-776.0;650.0;600.0;723.0;703.0
146.0;694.0;-777.0;651.0;599.0;722.0;703.0
147.0;695.0;-778.0;651.0;598.0;721.0;703.0
147.0;696.0;-779.0;652.0;598.0;719.0;704.0
145.0;696.0;-780.0;653.0;598.0;718.0;705.0
142.0;696.0;-780.0;653.0;598.0;717.0;705.0
140.0;696.0;-781.0;?;598.0;717.0;704.0
140.0;695.0;-780.0;652.0;598.0;?;705.0
144.0;694.0;?;652.0;599.0;718.0;707.0
149.0;692.0;-779.0;?;599.0;718.0;709.0
154.0;690.0;-778.0;651.0;600.0;718.0;711.0
154.0;690.0;-780.0;650.0;598.0;719.0;711.0
149.0;690.0;-780.0;650.0;596.0;720.0;711.0
148.0;691.0;-781.0;649.0;593.0;721.0;710.0
150.0;692.0;-782.0;649.0;590.0;722.0;709.0
151.0;693.0;-782.0;649.0;?;723.0;708.0
148.0;694.0;-782.0;648.0;588.0;723.0;708.0
145.0;695.0;-782.0;648.0;588.0;722.0;707.0
145.0;696.0;-782.0;649.0;589.0;?;707.0
146.0;696.0;-781.0;650.0;590.0;719.0;707.0
145.0;696.0;-781.0;651.0;591.0;717.0;707.0
142.0;696.0;-781.0;652.0;592.0;715.0;707.0
?;696.0;-782.0;652.0;592.0;714.0;706.0
140.0;697.0;-781.0;652.0;592.0;715.0;706.0
143.0;696.0;-781.0;652.0;592.0;715.0;706.0
?;696.0;-781.0;652.0;592.0;716.0;706.0
148.0;695.0;-781.0;652.0;592.0;718.0;?
150.0;694.0;-781.0;650.0;?;720.0;706.0
152.0;?;-781.0;650.0;591.0;722.0;706.0
154.0;693.0;-781.0;649.0;591.0;724.0;706.0
156.0;691.0;-781.0;648.0;591.0;726.0;706.0
159.0;691.0;-780.0;647.0;590.0;728.0;706.0
162.0;691.0;-780.0;?;?;729.0;705.0
165.0;690.0;-780.0;647.0;590.0;730.0;706.0
167.0;690.0;-779.0;648.0;591.0;729.0;706.0
166.0;689.0;-778.0;648.0;593.0;728.0;707.0
162.0;688.0;-777.0;648.0;595.0;727.0;707.0
159.0;?;-777.0;647.0;596.0;727.0;706.0
157.0;690.0;-777.0;647.0;597.0;728.0;705.0
153.0;692.0;-778.0;646.0;597.0;?;?
148.0;693.0;-778.0;646.0;597.0;?;702.0
144.0;692.0;-779.0;646.0;596.0;728.0;703.0
144.0;692.0;-780.0;646.0;594.0;726.0;705.0
145.0;691.0;-781.0;647.0;593.0;725.0;706.0
?;690.0;-782.0;647.0;591.0;?;708.0
145.0;689.0;?;648.0;590.0;723.0;708.0
?;689.0;-783.0;648.0;589.0;722.0;709.0
144.0;689.0;-783.0;647.0;?;724.0;709.0
144.0;689.0;-783.0;647.0;589.0;724.0;709.0
146.0;689.0;-782.0;647.0;590.0;725.0;709.0
147.0;689.0;-781.0;?;591.0;726.0;709.0
147.0;689.0;-780.0;647.0;592.0;726.0;709.0
147.0;689.0;-779.0;647.0;593.0;727.0;709.0
147.0;689.0;-779.0;647.0;594.0;728.0;709.0
147.0;689.0;-778.0;646.0;594.0;728.0;708.0
147.0;?;-778.0;646.0;595.0;728.0;?
146.0;690.0;-779.0;646.0;594.0;729.0;707.0
145.0;690.0;-779.0;?;?;728.0;706.0
145.0;691.0;-780.0;646.0;593.0;728.0;705.0
146.0;691.0;-780.0;646.0;593.0;728.0;705.0
147.0;691.0;-780.0;647.0;593.0;727.0;705.0
148.0;691.0;-781.0;648.0;592.0;726.0;706.0
149.0;690.0;-781.0;648.0;591.0;725.0;707.0
150.0;691.0;-781.0;649.0;591.0;?;707.0
150.0;691.0;-781.0;649.0;592.0;725.0;706.0
150.0;691.0;-781.0;650.0;592.0;725.0;706.0
150.0;691.0;-781.0;649.0;592.0;725.0;706.0
149.0;691.0;-781.0;649.0;592.0;726.0;?
149.0;690.0;-781.0;649.0;592.0;727.0;707.0
149.0;690.0;-781.0;647.0;591.0;727.0;708.0
148.0;690.0;-781.0;647.0;591.0;727.0;708.0
147.0;690.0;-782.0;646.0;?;728.0;708.0
145.0;690.0;-782.0;645.0;590.0;728.0;708.0
145.0;690.0;-783.0;644.0;589.0;728.0;708.0
144.0;690.0;-783.0;643.0;590.0;728.0;708.0
145.0;690.0;-783.0;643.0;590.0;?;708.0
146.0;689.0;-783.0;643.0;589.0;?;709.0
146.0;689.0;-783.0;643.0;589.0;726.0;709.0
147.0;690.0;-784.0;644.0;588.0;726.0;709.0
147.0;690.0;-785.0;643.0;586.0;725.0;709.0
149.0;690.0;-786.0;644.0;585.0;725.0;708.0
150.0;690.0;-787.0;646.0;582.0;724.0;708.0
151.0;691.0;-788.0;646.0;582.0;723.0;707.0
154.0;693.0;-787.0;645.0;583.0;724.0;705.0
156.0;693.0;-785.0;645.0;585.0;725.0;705.0
158.0;693.0;-785.0;646.0;586.0;724.0;705.0
156.0;694.0;-785.0;645.0;585.0;725.0;703.0
156.0;693.0;-786.0;645.0;584.0;725.0;703.0
157.0;694.0;?;644.0;584.0;726.0;702.0
159.0;694.0;-786.0;643.0;583.0;727.0;702.0
161.0;694.0;-786.0;642.0;583.0;727.0;701.0
162.0;694.0;-786.0;641.0;583.0;728.0;701.0
163.0;694.0;-786.0;640.0;582.0;729.0;700.0
163.0;694.0;?;639.0;582.0;730.0;700.0
164.0;693.0;-785.0;639.0;582.0;730.0;700.0
168.0;692.0;-785.0;638.0;581.0;731.0;701.0
172.0;691.0;-786.0;639.0;579.0;731.0;702.0
174.0;?;-786.0;639.0;579.0;731.0;702.0
174.0;691.0;-785.0;640.0;580.0;731.0;701.0
176.0;691.0;?;639.0;583.0;732.0;701.0
178.0;691.0;-782.0;639.0;585.0;733.0;700.0
179.0;690.0;-780.0;638.0;588.0;?;700.0
180.0;689.0;-779.0;637.0;589.0;735.0;701.0
180.0;688.0;-777.0;636.0;591.0;736.0;700.0
181.0;687.0;-776.0;635.0;593.0;737.0;701.0
184.0;686.0;-775.0;634.0;594.0;738.0;701.0
186.0;685.0;-774.0;634.0;595.0;738.0;702.0
187.0;684.0;-774.0;635.0;595.0;738.0;703.0
188.0;684.0;-775.0;636.0;595.0;738.0;703.0
187.0;683.0;?;637.0;?;737.0;703.0
186.0;683.0;-775.0;637.0;?;737.0;704.0
184.0;683.0;?;638.0;596.0;737.0;?
181.0;683.0;-775.0;639.0;596.0;736.0;705.0
178.0;683.0;?;640.0;597.0;736.0;705.0
175.0;683.0;-776.0;641.0;598.0;735.0;705.0
172.0;683.0;-776.0;642.0;598.0;735.0;706.0
167.0;682.0;-776.0;645.0;600.0;733.0;707.0
163.0;680.0;-778.0;647.0;600.0;732.0;?
157.0;678.0;-780.0;649.0;598.0;732.0;712.0
151.0;679.0;-782.0;647.0;596.0;735.0;714.0
?;678.0;-783.0;645.0;595.0;738.0;716.0
145.0;678.0;?;642.0;595.0;740.0;717.0
144.0;679.0;-782.0;640.0;595.0;742.0;716.0
146.0;678.0;-781.0;639.0;596.0;?;716.0
147.0;678.0;-779.0;639.0;?;742.0;?
148.0;678.0;-777.0;638.0;601.0;740.0;715.0
150.0;678.0;-775.0;639.0;604.0;739.0;714.0
153.0;681.0;-773.0;640.0;605.0;737.0;712.0
157.0;684.0;-772.0;641.0;606.0;735.0;710.0
161.0;687.0;-772.0;643.0;606.0;733.0;707.0
163.0;691.0;-773.0;644.0;605.0;731.0;703.0
?;694.0;-774.0;646.0;603.0;728.0;700.0
167.0;694.0;-776.0;648.0;600.0;725.0;700.0
169.0;693.0;-777.0;651.0;597.0;722.0;700.0
168.0;693.0;-778.0;653.0;595.0;?;?
168.0;693.0;-779.0;653.0;594.0;722.0;702.0
169.0;693.0;-779.0;652.0;593.0;724.0;703.0
168.0;692.0;-778.0;651.0;594.0;727.0;705.0
165.0;691.0;-777.0;649.0;596.0;730.0;705.0
162.0;691.0;-776.0;646.0;598.0;733.0;705.0
160.0;689.0;-776.0;644.0;600.0;736.0;706.0
158.0;688.0;-776.0;643.0;602.0;737.0;706.0
157.0;686.0;-775.0;641.0;603.0;738.0;707.0
157.0;685.0;-775.0;641.0;604.0;739.0;707.0
157.0;685.0;-775.0;640.0;604.0;739.0;707.0
158.0;684.0;-775.0;640.0;603.0;739.0;707.0
160.0;684.0;-775.0;?;603.0;739.0;707.0
161.0;685.0;-774.0;640.0;?;739.0;?
163.0;685.0;-774.0;640.0;?;738.0;707.0
166.0;686.0;-773.0;640.0;601.0;737.0;707.0
167.0;?;-773.0;641.0;601.0;736.0;707.0
168.0;688.0;-773.0;641.0;600.0;735.0;706.0
168.0;689.0;-774.0;640.0;600.0;734.0;706.0
168.0;689.0;-774.0;641.0;600.0;733.0;707.0
166.0;689.0;-774.0;?;601.0;732.0;707.0
164.0;689.0;-774.0;641.0;601.0;732.0;707.0
162.0;690.0;-774.0;642.0;601.0;731.0;707.0
161.0;690.0;-775.0;642.0;601.0;731.0;707.0
160.0;690.0;-775.0;643.0;601.0;731.0;706.0
160.0;690.0;-775.0;643.0;601.0;731.0;?
161.0;690.0;-775.0;644.0;601.0;731.0;706.0
161.0;690.0;-775.0;644.0;601.0;732.0;706.0
161.0;690.0;-775.0;644.0;600.0;733.0;706.0
161.0;690.0;-775.0;643.0;?;733.0;706.0
161.0;690.0;-775.0;643.0;600.0;734.0;707.0
162.0;690.0;-775.0;643.0;600.0;734.0;706.0
163.0;690.0;-775.0;643.0;600.0;734.0;706.0
163.0;690.0;-775.0;643.0;600.0;734.0;706.0
165.0;690.0;-775.0;642.0;600.0;734.0;705.0
165.0;689.0;-774.0;642.0;601.0;734.0;706.0
166.0;689.0;-774.0;642.0;601.0;734.0;?
165.0;689.0;-774.0;642.0;601.0;734.0;706.0
166.0;689.0;-774.0;641.0;601.0;734.0;706.0
166.0;689.0;?;641.0;600.0;734.0;706.0
166.0;690.0;-774.0;641.0;600.0;734.0;706.0
165.0;690.0;-775.0;641.0;600.0;?;706.0
163.0;690.0;-775.0;641.0;599.0;733.0;705.0
162.0;691.0;?;642.0;598.0;732.0;705.0
160.0;691.0;-777.0;642.0;598.0;732.0;704.0
159.0;692.0;-777.0;642.0;597.0;?;704.0
158.0;692.0;-778.0;643.0;596.0;731.0;704.0
156.0;693.0;-778.0;643.0;596.0;?;703.0
155.0;693.0;-779.0;643.0;595.0;730.0;703.0
155.0;693.0;-779.0;?;595.0;730.0;703.0
155.0;694.0;-779.0;643.0;595.0;729.0;703.0
155.0;694.0;-778.0;643.0;596.0;729.0;702.0
155.0;694.0;-778.0;643.0;596.0;728.0;702.0
157.0;694.0;-778.0;644.0;597.0;727.0;702.0
161.0;694.0;-779.0;646.0;596.0;726.0;701.0
163.0;694.0;-780.0;648.0;594.0;?;702.0
165.0;694.0;-781.0;651.0;592.0;722.0;702.0
165.0;694.0;-782.0;653.0;591.0;720.0;703.0
164.0;694.0;-783.0;654.0;?;720.0;703.0
162.0;694.0;-784.0;?;588.0;720.0;704.0
159.0;694.0;-785.0;655.0;588.0;721.0;704.0
155.0;695.0;?;654.0;588.0;723.0;703.0
152.0;695.0;-785.0;653.0;589.0;724.0;703.0
150.0;696.0;?;652.0;590.0;725.0;703.0
?;?;-784.0;652.0;592.0;725.0;703.0
149.0;696.0;-783.0;652.0;593.0;724.0;?
148.0;697.0;-783.0;654.0;594.0;722.0;702.0
149.0;698.0;-783.0;655.0;593.0;720.0;701.0
148.0;700.0;-784.0;657.0;593.0;718.0;699.0
147.0;?;-784.0;657.0;593.0;717.0;698.0
147.0;702.0;-784.0;658.0;593.0;715.0;698.0
148.0;703.0;-784.0;659.0;592.0;714.0;697.0
149.0;704.0;-784.0;659.0;591.0;713.0;697.0
150.0;705.0;-785.0;?;590.0;712.0;696.0
150.0;706.0;-785.0;659.0;590.0;713.0;695.0
151.0;707.0;-786.0;659.0;589.0;713.0;694.0
152.0;707.0;-787.0;658.0;587.0;713.0;693.0
153.0;708.0;-788.0;658.0;585.0;?;692.0
155.0;709.0;-789.0;657.0;584.0;?;692.0
158.0;710.0;-789.0;656.0;583.0;714.0;691.0
158.0;711.0;-789.0;656.0;582.0;714.0;690.0
157.0;713.0;-789.0;657.0;582.0;712.0;689.0
156.0;714.0;-790.0;658.0;581.0;710.0;688.0
157.0;715.0;-790.0;659.0;580.0;708.0;688.0
158.0;717.0;-791.0;661.0;579.0;705.0;687.0
159.0;718.0;-791.0;662.0;579.0;?;687.0
161.0;720.0;-791.0;663.0;579.0;699.0;686.0
162.0;?;-791.0;664.0;579.0;698.0;685.0
?;721.0;-790.0;664.0;580.0;696.0;686.0
168.0;?;-790.0;664.0;580.0;695.0;689.0
170.0;718.0;-789.0;665.0;581.0;694.0;691.0
171.0;717.0;-789.0;665.0;581.0;696.0;691.0
168.0;717.0;-789.0;664.0;582.0;697.0;?
165.0;718.0;-789.0;663.0;582.0;700.0;689.0
163.0;719.0;-789.0;662.0;?;703.0;688.0
164.0;719.0;-788.0;661.0;582.0;705.0;686.0
166.0;719.0;-787.0;660.0;583.0;707.0;686.0
168.0;718.0;-787.0;660.0;583.0;707.0;688.0
172.0;717.0;-786.0;661.0;584.0;707.0;688.0
177.0;716.0;-785.0;661.0;585.0;707.0;689.0
181.0;715.0;-783.0;661.0;586.0;706.0;690.0
183.0;715.0;-782.0;662.0;588.0;707.0;691.0
183.0;714.0;-781.0;661.0;589.0;707.0;691.0
184.0;713.0;-781.0;661.0;590.0;707.0;693.0
184.0;712.0;-781.0;661.0;590.0;708.0;694.0
181.0;712.0;-782.0;660.0;590.0;709.0;693.0
176.0;712.0;-783.0;659.0;589.0;710.0;693.0
169.0;712.0;-784.0;659.0;589.0;711.0;693.0
165.0;710.0;-784.0;658.0;590.0;711.0;695.0
164.0;709.0;-784.0;658.0;?;711.0;696.0
163.0;708.0;-784.0;658.0;591.0;711.0;697.0
?;707.0;-784.0;658.0;591.0;712.0;698.0
161.0;706.0;-784.0;657.0;591.0;713.0;700.0
161.0;705.0;-784.0;657.0;591.0;713.0;701.0
160.0;704.0;-784.0;656.0;?;713.0;701.0
159.0;705.0;-784.0;656.0;590.0;?;700.0
157.0;705.0;-784.0;655.0;589.0;714.0;700.0
156.0;705.0;-784.0;655.0;589.0;713.0;?
155.0;706.0;-784.0;655.0;589.0;713.0;699.0
156.0;707.0;-783.0;655.0;589.0;712.0;698.0
157.0;707.0;-783.0;655.0;589.0;712.0;698.0
?;708.0;-783.0;656.0;589.0;711.0;698.0
160.0;708.0;-784.0;656.0;589.0;710.0;698.0
160.0;?;-784.0;657.0;589.0;709.0;698.0
160.0;707.0;?;657.0;589.0;709.0;?
160.0;707.0;-783.0;658.0;590.0;709.0;698.0
160.0;708.0;-783.0;658.0;590.0;710.0;698.0
157.0;707.0;-783.0;658.0;591.0;711.0;698.0
155.0;707.0;-784.0;658.0;591.0;?;698.0
154.0;707.0;-783.0;658.0;592.0;712.0;698.0
155.0;707.0;-783.0;658.0;592.0;712.0;698.0
155.0;706.0;-784.0;659.0;591.0;712.0;698.0
156.0;706.0;-783.0;659.0;592.0;712.0;699.0
157.0;705.0;-783.0;659.0;592.0;712.0;699.0
158.0;705.0;-783.0;659.0;592.0;712.0;699.0
160.0;705.0;-782.0;659.0;593.0;712.0;699.0
161.0;705.0;-782.0;659.0;593.0;713.0;?
161.0;704.0;-782.0;659.0;593.0;713.0;700.0
162.0;704.0;-781.0;658.0;594.0;713.0;700.0
163.0;704.0;-781.0;658.0;594.0;713.0;700.0
165.0;703.0;-781.0;658.0;594.0;713.0;701.0
166.0;703.0;-781.0;658.0;594.0;713.0;701.0
165.0;703.0;-781.0;658.0;594.0;713.0;701.0
164.0;704.0;-782.0;658.0;593.0;713.0;700.0
163.0;704.0;-782.0;658.0;593.0;713.0;700.0
163.0;?;-782.0;658.0;593.0;714.0;699.0
165.0;705.0;-782.0;658.0;593.0;713.0;699.0
167.0;?;-782.0;658.0;592.0;713.0;699.0
169.0;704.0;-781.0;658.0;592.0;713.0;700.0
171.0;704.0;-781.0;658.0;593.0;713.0;699.0
?;704.0;-780.0;658.0;594.0;714.0;699.0
173.0;704.0;-779.0;657.0;595.0;?;698.0
175.0;703.0;-778.0;657.0;596.0;716.0;698.0
177.0;703.0;-778.0;656.0;596.0;717.0;697.0
180.0;703.0;-777.0;656.0;596.0;718.0;697.0
?;702.0;-777.0;657.0;596.0;719.0;?
186.0;702.0;-777.0;657.0;596.0;719.0;698.0
187.0;701.0;?;657.0;?;719.0;698.0
187.0;?;-776.0;658.0;597.0;720.0;698.0
188.0;700.0;-775.0;658.0;598.0;721.0;?
190.0;700.0;-774.0;657.0;599.0;722.0;698.0
191.0;698.0;-773.0;657.0;601.0;723.0;698.0
192.0;696.0;-771.0;656.0;602.0;725.0;699.0
193.0;695.0;-770.0;655.0;604.0;726.0;700.0
194.0;693.0;-769.0;654.0;606.0;728.0;701.0
196.0;692.0;-768.0;653.0;606.0;729.0;702.0
197.0;690.0;-766.0;652.0;608.0;730.0;703.0
198.0;?;-765.0;651.0;609.0;731.0;704.0
198.0;688.0;-765.0;650.0;610.0;732.0;704.0
199.0;687.0;-764.0;650.0;610.0;732.0;?
201.0;687.0;-764.0;650.0;610.0;732.0;704.0
202.0;687.0;-764.0;651.0;610.0;732.0;?
202.0;687.0;-764.0;651.0;609.0;732.0;704.0
203.0;687.0;-764.0;652.0;609.0;731.0;704.0
204.0;687.0;-764.0;652.0;609.0;731.0;703.0
204.0;687.0;-764.0;653.0;609.0;731.0;703.0
205.0;687.0;-763.0;653.0;610.0;731.0;703.0
206.0;687.0;-763.0;?;610.0;731.0;703.0
206.0;687.0;-763.0;?;610.0;732.0;703.0
207.0;686.0;-762.0;652.0;?;732.0;703.0
208.0;686.0;-761.0;651.0;611.0;733.0;?
210.0;685.0;-761.0;650.0;611.0;734.0;703.0
213.0;684.0;-760.0;650.0;612.0;735.0;703.0
?;684.0;-759.0;649.0;612.0;736.0;702.0
219.0;683.0;?;649.0;612.0;737.0;?
222.0;681.0;-757.0;649.0;613.0;737.0;703.0
225.0;680.0;-756.0;649.0;613.0;738.0;703.0
228.0;679.0;-755.0;648.0;?;739.0;703.0
229.0;679.0;-755.0;648.0;613.0;739.0;702.0
230.0;678.0;?;647.0;613.0;740.0;702.0
229.0;678.0;-756.0;647.0;612.0;740.0;701.0
?;678.0;-756.0;646.0;612.0;741.0;701.0
227.0;678.0;-757.0;645.0;611.0;741.0;700.0
226.0;679.0;-758.0;645.0;611.0;742.0;699.0
226.0;679.0;-758.0;644.0;610.0;742.0;699.0
226.0;679.0;-758.0;644.0;610.0;742.0;699.0
226.0;679.0;?;645.0;611.0;741.0;699.0
227.0;679.0;-756.0;644.0;613.0;741.0;698.0
228.0;679.0;-755.0;643.0;614.0;742.0;698.0
229.0;678.0;-754.0;643.0;614.0;742.0;699.0
230.0;678.0;-754.0;643.0;614.0;742.0;699.0
230.0;677.0;?;644.0;613.0;742.0;699.0
228.0;677.0;-756.0;644.0;612.0;?;700.0
227.0;678.0;-757.0;644.0;612.0;742.0;?
225.0;678.0;-757.0;644.0;612.0;742.0;698.0
225.0;678.0;-757.0;644.0;612.0;742.0;698.0
226.0;678.0;-756.0;644.0;613.0;743.0;697.0
227.0;677.0;-755.0;643.0;614.0;743.0;697.0
229.0;676.0;-754.0;643.0;614.0;743.0;697.0
233.0;675.0;?;643.0;614.0;743.0;697.0
235.0;675.0;-753.0;643.0;614.0;743.0;696.0
237.0;675.0;-753.0;643.0;613.0;743.0;696.0
237.0;675.0;-754.0;644.0;612.0;743.0;696.0
236.0;675.0;-754.0;645.0;612.0;743.0;696.0
235.0;?;-755.0;645.0;611.0;743.0;696.0
234.0;675.0;-755.0;644.0;612.0;743.0;696.0
233.0;674.0;-755.0;644.0;612.0;743.0;696.0
?;674.0;?;643.0;612.0;744.0;696.0
230.0;674.0;-756.0;642.0;612.0;744.0;697.0
230.0;674.0;?;?;612.0;744.0;698.0
230.0;674.0;-755.0;642.0;613.0;744.0;698.0
228.0;675.0;-755.0;642.0;613.0;744.0;698.0
226.0;675.0;-756.0;642.0;613.0;744.0;699.0
225.0;675.0;-756.0;642.0;614.0;?;699.0
224.0;675.0;-756.0;642.0;614.0;743.0;700.0
223.0;675.0;-755.0;643.0;615.0;743.0;701.0
222.0;674.0;-755.0;643.0;616.0;743.0;701.0
222.0;674.0;-754.0;643.0;617.0;743.0;702.0
221.0;673.0;-753.0;644.0;618.0;743.0;703.0
?;671.0;-752.0;645.0;620.0;743.0;704.0
222.0;669.0;-751.0;645.0;622.0;743.0;706.0
224.0;667.0;-749.0;646.0;624.0;?;707.0
224.0;665.0;-747.0;648.0;625.0;743.0;708.0
224.0;662.0;?;649.0;627.0;742.0;710.0
224.0;659.0;-744.0;651.0;629.0;742.0;711.0
225.0;655.0;-743.0;654.0;631.0;741.0;713.0
227.0;650.0;-741.0;657.0;632.0;740.0;715.0
230.0;646.0;-738.0;660.0;634.0;739.0;716.0
?;643.0;-737.0;663.0;635.0;737.0;716.0
233.0;641.0;-735.0;666.0;635.0;736.0;715.0
235.0;639.0;-734.0;668.0;?;?;714.0
235.0;639.0;-733.0;672.0;635.0;733.0;712.0
233.0;638.0;-734.0;675.0;634.0;731.0;709.0
229.0;637.0;-735.0;677.0;633.0;?;706.0
226.0;637.0;-736.0;680.0;632.0;727.0;702.0
224.0;639.0;-736.0;683.0;630.0;725.0;698.0
221.0;640.0;-739.0;686.0;626.0;721.0;694.0
215.0;641.0;-744.0;689.0;621.0;718.0;690.0
?;645.0;-751.0;692.0;616.0;715.0;686.0
198.0;?;-758.0;693.0;611.0;714.0;682.0
192.0;654.0;-764.0;?;607.0;713.0;679.0
190.0;657.0;?;693.0;602.0;712.0;676.0
189.0;?;-772.0;692.0;598.0;712.0;674.0
189.0;661.0;-776.0;691.0;594.0;713.0;674.0
189.0;663.0;-779.0;688.0;591.0;715.0;674.0
192.0;666.0;-781.0;686.0;588.0;717.0;674.0
198.0;667.0;-781.0;683.0;587.0;718.0;675.0
205.0;668.0;-781.0;679.0;586.0;719.0;677.0
210.0;669.0;-780.0;?;586.0;721.0;679.0
214.0;669.0;-779.0;673.0;587.0;722.0;682.0
217.0;668.0;-777.0;670.0;589.0;723.0;685.0
216.0;667.0;-776.0;668.0;591.0;725.0;689.0
212.0;665.0;-775.0;666.0;594.0;727.0;694.0
205.0;662.0;-774.0;664.0;598.0;730.0;699.0
198.0;660.0;-773.0;662.0;603.0;733.0;703.0
190.0;657.0;-771.0;659.0;608.0;737.0;706.0
181.0;654.0;-769.0;654.0;613.0;741.0;709.0
?;649.0;-770.0;648.0;616.0;748.0;712.0
?;643.0;-770.0;639.0;619.0;?;716.0
142.0;641.0;-771.0;627.0;621.0;774.0;720.0
135.0;633.0;-771.0;613.0;622.0;788.0;728.0
132.0;624.0;-773.0;601.0;620.0;799.0;734.0
135.0;614.0;-776.0;590.0;616.0;807.0;742.0
140.0;604.0;-780.0;578.0;610.0;815.0;747.0
149.0;594.0;-782.0;571.0;606.0;818.0;750.0
159.0;589.0;-783.0;564.0;?;820.0;744.0
171.0;594.0;-784.0;556.0;596.0;819.0;736.0
?;602.0;-785.0;551.0;592.0;?;730.0
196.0;605.0;-783.0;553.0;589.0;816.0;?
212.0;?;?;559.0;588.0;?;725.0
228.0;610.0;-775.0;568.0;588.0;809.0;723.0
243.0;610.0;-769.0;576.0;589.0;803.0;719.0
258.0;608.0;-764.0;584.0;590.0;795.0;715.0
272.0;609.0;-759.0;?;590.0;788.0;711.0
285.0;612.0;-754.0;?;590.0;782.0;709.0
296.0;619.0;-750.0;609.0;590.0;777.0;709.0
305.0;624.0;-747.0;617.0;590.0;773.0;708.0
309.0;627.0;-746.0;625.0;589.0;767.0;706.0
311.0;634.0;-746.0;631.0;?;762.0;702.0
310.0;643.0;-746.0;636.0;589.0;759.0;697.0
306.0;650.0;-748.0;639.0;589.0;755.0;692.0
298.0;656.0;-751.0;642.0;588.0;752.0;684.0
288.0;660.0;-755.0;644.0;587.0;748.0;676.0
280.0;664.0;-759.0;645.0;584.0;743.0;670.0
283.0;667.0;-760.0;646.0;579.0;739.0;665.0
?;666.0;-759.0;647.0;572.0;736.0;662.0
309.0;666.0;-759.0;648.0;562.0;733.0;660.0
320.0;669.0;-760.0;648.0;555.0;733.0;658.0
324.0;?;-762.0;645.0;?;735.0;656.0
328.0;670.0;-762.0;640.0;552.0;738.0;654.0
337.0;662.0;-758.0;632.0;554.0;740.0;650.0
351.0;649.0;-750.0;622.0;556.0;739.0;643.0
?;634.0;-738.0;613.0;557.0;730.0;635.0
393.0;621.0;-724.0;601.0;558.0;728.0;626.0
414.0;616.0;-709.0;586.0;559.0;730.0;617.0
432.0;610.0;-695.0;572.0;558.0;731.0;608.0
448.0;603.0;-681.0;561.0;?;730.0;599.0
462.0;596.0;-669.0;552.0;557.0;726.0;589.0
472.0;589.0;-660.0;543.0;554.0;722.0;578.0
?;581.0;-652.0;537.0;552.0;?;566.0
?;571.0;-644.0;532.0;551.0;?;554.0
492.0;559.0;-637.0;527.0;550.0;706.0;541.0
494.0;549.0;-630.0;524.0;550.0;701.0;531.0
492.0;540.0;-626.0;522.0;?;697.0;523.0
487.0;?;-624.0;523.0;553.0;693.0;515.0
481.0;519.0;-623.0;526.0;556.0;687.0;512.0
482.0;513.0;-620.0;528.0;557.0;680.0;509.0
490.0;516.0;-614.0;532.0;556.0;681.0;513.0
500.0;515.0;-604.0;535.0;558.0;688.0;517.0
513.0;513.0;-591.0;534.0;561.0;693.0;516.0
526.0;513.0;-582.0;526.0;560.0;692.0;512.0
536.0;511.0;-577.0;513.0;558.0;687.0;?
541.0;508.0;-576.0;500.0;558.0;683.0;505.0
542.0;?;-576.0;?;561.0;683.0;503.0
543.0;506.0;-574.0;490.0;565.0;686.0;502.0
544.0;504.0;-573.0;487.0;568.0;?;500.0
545.0;502.0;-571.0;485.0;569.0;697.0;498.0
544.0;500.0;-571.0;481.0;569.0;700.0;496.0
541.0;497.0;-572.0;479.0;569.0;702.0;497.0
536.0;497.0;-576.0;480.0;570.0;707.0;501.0
527.0;498.0;-581.0;482.0;572.0;715.0;505.0
516.0;500.0;-588.0;486.0;576.0;720.0;513.0
501.0;503.0;-597.0;490.0;582.0;724.0;522.0
485.0;507.0;-607.0;496.0;587.0;729.0;534.0
466.0;511.0;-620.0;504.0;593.0;735.0;548.0
445.0;516.0;-635.0;515.0;597.0;740.0;565.0
418.0;524.0;-653.0;532.0;600.0;745.0;584.0
394.0;541.0;-672.0;549.0;601.0;751.0;607.0
380.0;?;-682.0;564.0;602.0;757.0;630.0
374.0;567.0;-685.0;576.0;604.0;?;648.0
371.0;577.0;-687.0;581.0;605.0;774.0;662.0
365.0;586.0;-690.0;583.0;606.0;781.0;674.0
353.0;?;-696.0;586.0;607.0;785.0;684.0
336.0;595.0;-705.0;593.0;608.0;785.0;691.0
314.0;?;-714.0;603.0;610.0;781.0;700.0
291.0;601.0;-723.0;616.0;614.0;776.0;708.0
270.0;606.0;-729.0;628.0;619.0;771.0;714.0
252.0;609.0;?;637.0;624.0;766.0;721.0
237.0;612.0;-732.0;645.0;631.0;760.0;727.0
227.0;612.0;?;651.0;638.0;754.0;732.0
225.0;607.0;-719.0;656.0;647.0;749.0;738.0
227.0;604.0;-709.0;658.0;654.0;746.0;743.0
228.0;599.0;-700.0;656.0;660.0;747.0;748.0
225.0;591.0;-694.0;654.0;666.0;748.0;755.0
218.0;580.0;-692.0;650.0;?;747.0;763.0
202.0;568.0;-694.0;646.0;676.0;746.0;772.0
183.0;559.0;-697.0;643.0;680.0;742.0;779.0
167.0;554.0;?;640.0;681.0;739.0;783.0
154.0;548.0;-700.0;637.0;684.0;736.0;786.0
?;541.0;-697.0;635.0;690.0;733.0;788.0
125.0;534.0;-691.0;632.0;699.0;730.0;789.0
118.0;528.0;-682.0;630.0;708.0;722.0;790.0
111.0;522.0;-671.0;628.0;717.0;710.0;792.0
?;518.0;-657.0;625.0;727.0;697.0;793.0
103.0;514.0;-640.0;622.0;738.0;683.0;792.0
101.0;509.0;-621.0;617.0;?;666.0;791.0
113.0;503.0;-599.0;608.0;?;653.0;790.0
111.0;?;-589.0;598.0;753.0;642.0;791.0
99.0;482.0;-592.0;588.0;751.0;636.0;794.0
90.0;471.0;-597.0;?;748.0;632.0;798.0
89.0;459.0;?;570.0;746.0;628.0;802.0
104.0;?;-613.0;560.0;739.0;617.0;806.0
95.0;437.0;-622.0;551.0;742.0;609.0;805.0
85.0;427.0;-639.0;549.0;738.0;604.0;?
66.0;420.0;-659.0;546.0;731.0;601.0;804.0
?;419.0;-676.0;541.0;719.0;601.0;?
95.0;420.0;-684.0;541.0;710.0;?;811.0
113.0;416.0;-685.0;540.0;706.0;619.0;812.0
134.0;410.0;-682.0;531.0;704.0;620.0;816.0
157.0;395.0;-680.0;525.0;700.0;617.0;825.0
177.0;381.0;?;527.0;690.0;613.0;835.0
193.0;372.0;-695.0;525.0;679.0;609.0;841.0
208.0;364.0;-703.0;519.0;?;607.0;844.0
230.0;360.0;-709.0;514.0;655.0;608.0;847.0
249.0;357.0;?;512.0;644.0;607.0;852.0
265.0;357.0;-716.0;507.0;635.0;606.0;858.0
282.0;361.0;-721.0;501.0;622.0;605.0;861.0
295.0;368.0;-728.0;496.0;609.0;608.0;863.0
303.0;375.0;-734.0;?;598.0;610.0;868.0
319.0;386.0;-736.0;484.0;587.0;612.0;871.0
328.0;396.0;-739.0;480.0;579.0;612.0;871.0
?;405.0;-743.0;477.0;570.0;612.0;870.0
348.0;416.0;-747.0;474.0;559.0;611.0;869.0
352.0;429.0;?;470.0;549.0;612.0;867.0
363.0;440.0;-754.0;467.0;?;612.0;865.0
369.0;448.0;-757.0;471.0;533.0;611.0;865.0
376.0;459.0;?;468.0;524.0;606.0;865.0
380.0;474.0;-764.0;454.0;516.0;594.0;863.0
382.0;490.0;-768.0;426.0;509.0;578.0;859.0
384.0;509.0;-772.0;380.0;?;564.0;851.0
381.0;524.0;-776.0;357.0;498.0;558.0;842.0
381.0;535.0;-780.0;350.0;493.0;550.0;833.0
383.0;540.0;-783.0;359.0;485.0;530.0;826.0
?;553.0;-787.0;358.0;480.0;509.0;813.0
380.0;573.0;-791.0;357.0;473.0;491.0;795.0
377.0;588.0;-796.0;353.0;467.0;470.0;781.0
373.0;601.0;-802.0;358.0;461.0;443.0;766.0
364.0;617.0;-809.0;376.0;454.0;409.0;749.0
355.0;631.0;-816.0;394.0;449.0;371.0;732.0
347.0;645.0;-821.0;403.0;444.0;336.0;714.0
335.0;658.0;-827.0;408.0;441.0;304.0;697.0
323.0;668.0;-833.0;?;438.0;271.0;682.0
311.0;679.0;-837.0;431.0;436.0;238.0;665.0
301.0;689.0;-839.0;440.0;435.0;204.0;649.0
292.0;696.0;-840.0;448.0;435.0;169.0;635.0
286.0;702.0;-839.0;455.0;435.0;133.0;622.0
281.0;708.0;-839.0;465.0;435.0;98.0;609.0
278.0;714.0;-839.0;475.0;433.0;65.0;596.0
277.0;719.0;-841.0;486.0;?;34.0;585.0
274.0;?;-845.0;497.0;418.0;5.0;?
271.0;729.0;-849.0;504.0;412.0;-21.0;560.0
262.0;736.0;?;509.0;410.0;-47.0;548.0
249.0;743.0;-855.0;517.0;409.0;-76.0;532.0
238.0;751.0;-862.0;526.0;401.0;-104.0;512.0
226.0;764.0;-870.0;533.0;387.0;-137.0;485.0
215.0;779.0;-879.0;545.0;372.0;-169.0;448.0
200.0;795.0;-889.0;551.0;?;-204.0;410.0
178.0;807.0;-902.0;555.0;338.0;-241.0;371.0
?;816.0;-913.0;561.0;320.0;-277.0;337.0
134.0;820.0;-925.0;563.0;300.0;-309.0;309.0
114.0;824.0;-939.0;561.0;278.0;-338.0;285.0
99.0;827.0;-952.0;557.0;253.0;-364.0;265.0
88.0;831.0;-962.0;557.0;227.0;-387.0;248.0
83.0;836.0;-969.0;556.0;202.0;-405.0;232.0
81.0;841.0;-973.0;554.0;180.0;-419.0;213.0
77.0;848.0;-975.0;554.0;161.0;-429.0;192.0
74.0;856.0;-978.0;557.0;142.0;-440.0;169.0
72.0;863.0;-980.0;560.0;124.0;-451.0;139.0
70.0;868.0;?;560.0;105.0;-460.0;101.0
65.0;873.0;-983.0;556.0;86.0;-471.0;61.0
59.0;874.0;-985.0;554.0;66.0;-485.0;?
56.0;872.0;-987.0;551.0;46.0;-498.0;8.0
57.0;870.0;-989.0;539.0;22.0;-512.0;-9.0
60.0;868.0;-988.0;527.0;3.0;-529.0;-25.0
63.0;865.0;?;519.0;-13.0;-544.0;-44.0
64.0;866.0;-983.0;?;-25.0;-562.0;-57.0
69.0;867.0;-980.0;493.0;-28.0;-582.0;-63.0
76.0;869.0;-976.0;488.0;-34.0;-599.0;-62.0
84.0;869.0;-973.0;484.0;-34.0;-612.0;-61.0
92.0;?;-969.0;483.0;-34.0;-622.0;-60.0
99.0;868.0;?;485.0;-36.0;-627.0;-63.0
105.0;863.0;-963.0;486.0;-41.0;-628.0;-63.0
110.0;856.0;-963.0;487.0;-47.0;-626.0;-61.0
114.0;852.0;-963.0;489.0;-52.0;-620.0;-53.0
114.0;849.0;-964.0;496.0;-55.0;-615.0;-44.0
111.0;846.0;-965.0;505.0;-54.0;-611.0;-32.0
107.0;846.0;-966.0;514.0;-46.0;-610.0;-21.0
98.0;845.0;-966.0;524.0;-33.0;-605.0;-13.0
84.0;843.0;-965.0;535.0;-19.0;-600.0;-10.0
71.0;840.0;-964.0;541.0;-11.0;-594.0;-9.0
58.0;836.0;-963.0;541.0;?;-590.0;-19.0
46.0;836.0;-965.0;543.0;-17.0;-586.0;-23.0
38.0;837.0;-967.0;544.0;-21.0;-581.0;-21.0
37.0;826.0;-968.0;541.0;-23.0;?;-14.0
41.0;816.0;-965.0;531.0;-26.0;-578.0;-3.0
43.0;814.0;-964.0;?;-29.0;-580.0;2.0
44.0;813.0;-964.0;495.0;-34.0;-581.0;4.0
?;810.0;-966.0;480.0;-40.0;-582.0;5.0
44.0;807.0;-967.0;470.0;-45.0;-584.0;7.0
41.0;807.0;-967.0;466.0;-48.0;-586.0;9.0
35.0;806.0;-967.0;465.0;-46.0;-587.0;12.0
30.0;805.0;-968.0;465.0;-41.0;-588.0;18.0
23.0;806.0;-969.0;468.0;-33.0;?;20.0
14.0;802.0;-970.0;473.0;-22.0;-585.0;?
8.0;800.0;-970.0;477.0;-6.0;-580.0;22.0
4.0;798.0;-970.0;480.0;10.0;-572.0;22.0
0.0;797.0;-968.0;485.0;27.0;-563.0;24.0
-1.0;797.0;-967.0;491.0;42.0;?;25.0
1.0;796.0;-965.0;496.0;52.0;-536.0;29.0
6.0;796.0;-963.0;?;59.0;-519.0;32.0
12.0;795.0;-963.0;495.0;63.0;-502.0;35.0
20.0;794.0;-962.0;494.0;63.0;-486.0;36.0
29.0;793.0;-962.0;495.0;61.0;-471.0;37.0
40.0;792.0;-963.0;492.0;58.0;-456.0;39.0
47.0;793.0;-963.0;492.0;57.0;-444.0;41.0
53.0;795.0;-963.0;498.0;?;-435.0;43.0
62.0;794.0;-964.0;507.0;60.0;-429.0;44.0
?;793.0;-962.0;513.0;63.0;-427.0;?
77.0;789.0;-958.0;522.0;67.0;-429.0;43.0
81.0;785.0;-955.0;530.0;70.0;-431.0;?
81.0;783.0;-952.0;531.0;73.0;-436.0;41.0
?;780.0;-952.0;530.0;74.0;-442.0;40.0
74.0;778.0;-952.0;530.0;73.0;-449.0;41.0
200.0;794.0;-891.0;571.0;189.0;-287.0;38.0
195.0;794.0;-895.0;572.0;187.0;-288.0;?
187.0;793.0;-903.0;574.0;180.0;-287.0;37.0
178.0;793.0;-913.0;576.0;168.0;-288.0;38.0
164.0;793.0;-925.0;577.0;152.0;-289.0;39.0
147.0;?;-941.0;579.0;?;-289.0;41.0
130.0;791.0;-957.0;581.0;111.0;-289.0;43.0
115.0;790.0;-968.0;583.0;88.0;-289.0;46.0
103.0;789.0;-975.0;586.0;67.0;-289.0;50.0
90.0;789.0;-980.0;588.0;51.0;-288.0;53.0
76.0;789.0;-985.0;590.0;39.0;-286.0;55.0
65.0;789.0;-988.0;593.0;?;-285.0;57.0
53.0;789.0;-991.0;595.0;30.0;-284.0;59.0
49.0;789.0;-994.0;596.0;?;-284.0;61.0
48.0;790.0;-996.0;597.0;16.0;-284.0;62.0
45.0;791.0;-997.0;598.0;6.0;-284.0;63.0
44.0;792.0;-998.0;600.0;-2.0;-283.0;64.0
44.0;792.0;-998.0;601.0;-8.0;?;64.0
45.0;?;-998.0;601.0;?;-283.0;64.0
45.0;793.0;-998.0;601.0;-12.0;-283.0;65.0
47.0;793.0;-998.0;602.0;-11.0;-283.0;66.0
49.0;?;-997.0;604.0;-10.0;-283.0;67.0
48.0;796.0;-997.0;606.0;-10.0;-282.0;66.0
46.0;797.0;-997.0;607.0;-10.0;-282.0;?
43.0;798.0;-997.0;607.0;-10.0;-282.0;65.0
40.0;798.0;-997.0;606.0;-12.0;?;63.0
36.0;798.0;-998.0;605.0;-15.0;-283.0;60.0
32.0;798.0;-998.0;605.0;-18.0;-283.0;57.0
30.0;798.0;-998.0;605.0;-20.0;-283.0;54.0
25.0;798.0;-998.0;605.0;-25.0;-282.0;52.0
18.0;798.0;-998.0;605.0;-30.0;-282.0;51.0
10.0;798.0;-998.0;605.0;?;-282.0;50.0
?;798.0;?;605.0;-45.0;-281.0;49.0
-2.0;797.0;-998.0;607.0;-55.0;-281.0;49.0
?;797.0;-998.0;611.0;?;-278.0;49.0
-13.0;796.0;-997.0;617.0;-71.0;?;49.0
-19.0;795.0;-997.0;624.0;-76.0;-270.0;48.0
-24.0;796.0;-997.0;628.0;-77.0;-268.0;48.0
-26.0;796.0;-997.0;632.0;-76.0;-267.0;48.0
-26.0;796.0;-997.0;632.0;-77.0;-267.0;47.0
-25.0;796.0;-996.0;631.0;-78.0;-268.0;47.0
-25.0;796.0;-996.0;631.0;-79.0;?;46.0
-25.0;797.0;-996.0;635.0;-80.0;-263.0;46.0
-24.0;797.0;-996.0;642.0;-80.0;-260.0;46.0
-22.0;797.0;-996.0;646.0;-81.0;-256.0;46.0
-20.0;798.0;-996.0;648.0;-83.0;-255.0;45.0
-17.0;798.0;-995.0;649.0;-85.0;-255.0;44.0
-15.0;798.0;-995.0;649.0;-85.0;-255.0;43.0
-13.0;798.0;-995.0;650.0;?;-255.0;43.0
-12.0;?;-996.0;650.0;-79.0;-256.0;42.0
-11.0;798.0;-996.0;651.0;-75.0;-259.0;41.0
?;797.0;-997.0;649.0;-71.0;-262.0;39.0
-12.0;797.0;-998.0;649.0;-67.0;-265.0;38.0
-14.0;797.0;-998.0;647.0;-62.0;-265.0;?
-14.0;796.0;-998.0;647.0;?;?;38.0
-16.0;796.0;-998.0;651.0;-52.0;-260.0;39.0
-19.0;?;-998.0;659.0;-51.0;-255.0;39.0
-25.0;795.0;-998.0;663.0;-56.0;?;41.0
?;793.0;-997.0;669.0;-67.0;-250.0;43.0
-43.0;792.0;-996.0;676.0;-80.0;-250.0;47.0
-53.0;791.0;-993.0;680.0;-92.0;-252.0;?
-64.0;789.0;-990.0;678.0;-104.0;-258.0;55.0
-77.0;790.0;-987.0;683.0;-112.0;-261.0;58.0
-89.0;789.0;-985.0;692.0;-117.0;-260.0;60.0
-107.0;790.0;-985.0;703.0;-117.0;-257.0;64.0
-127.0;791.0;-984.0;715.0;-113.0;-255.0;67.0
-146.0;790.0;-983.0;719.0;-107.0;-256.0;75.0
-163.0;788.0;-981.0;721.0;-102.0;-259.0;80.0
-177.0;785.0;-979.0;?;-98.0;-265.0;89.0
-190.0;780.0;-977.0;710.0;-93.0;-273.0;100.0
-201.0;776.0;-975.0;714.0;?;-280.0;112.0
-211.0;773.0;-974.0;719.0;-78.0;-284.0;128.0
-219.0;772.0;?;729.0;-64.0;-282.0;143.0
-227.0;774.0;-972.0;731.0;-42.0;-278.0;157.0
-235.0;772.0;-971.0;723.0;-14.0;-274.0;163.0
-241.0;765.0;-970.0;712.0;15.0;-271.0;172.0
-246.0;760.0;-967.0;704.0;45.0;-266.0;186.0
-250.0;757.0;-964.0;693.0;76.0;-258.0;200.0
-252.0;750.0;-961.0;689.0;106.0;-252.0;223.0
-252.0;745.0;-957.0;691.0;135.0;-249.0;243.0
-248.0;743.0;-953.0;690.0;161.0;-249.0;263.0
-242.0;738.0;-950.0;686.0;185.0;-247.0;?
-236.0;732.0;-946.0;685.0;208.0;-238.0;309.0
-227.0;726.0;-943.0;?;228.0;-226.0;336.0
?;723.0;-940.0;690.0;248.0;-209.0;368.0
-197.0;715.0;-938.0;689.0;268.0;?;404.0
-178.0;709.0;-937.0;683.0;287.0;-169.0;435.0
-158.0;700.0;-934.0;677.0;308.0;-153.0;466.0
-139.0;683.0;-932.0;678.0;327.0;-143.0;498.0
-132.0;661.0;-929.0;676.0;339.0;-137.0;530.0
-136.0;627.0;?;663.0;350.0;-134.0;564.0
-140.0;590.0;-915.0;641.0;357.0;-126.0;596.0
-135.0;558.0;-911.0;616.0;362.0;-106.0;621.0
-130.0;530.0;-907.0;592.0;370.0;-70.0;648.0
-129.0;509.0;-903.0;557.0;379.0;-23.0;680.0
-125.0;491.0;-902.0;527.0;386.0;36.0;715.0
-123.0;473.0;-899.0;517.0;394.0;90.0;752.0
-117.0;453.0;-896.0;509.0;402.0;130.0;782.0
-106.0;433.0;-895.0;499.0;413.0;160.0;803.0
-100.0;418.0;-894.0;488.0;419.0;?;815.0
-97.0;409.0;-893.0;483.0;421.0;200.0;823.0
-92.0;407.0;-892.0;467.0;423.0;205.0;824.0
-89.0;402.0;-892.0;457.0;425.0;202.0;817.0
-86.0;409.0;-892.0;458.0;426.0;216.0;808.0
-83.0;422.0;-892.0;474.0;427.0;238.0;801.0
-77.0;424.0;-892.0;490.0;427.0;244.0;795.0
-71.0;425.0;-893.0;483.0;427.0;239.0;789.0
-65.0;422.0;-893.0;481.0;427.0;240.0;780.0
-57.0;426.0;-895.0;484.0;423.0;240.0;775.0
-47.0;438.0;-898.0;460.0;418.0;?;766.0
-39.0;449.0;-902.0;446.0;409.0;230.0;754.0
-31.0;462.0;?;450.0;398.0;242.0;748.0
-22.0;476.0;-913.0;455.0;386.0;248.0;747.0
-11.0;488.0;-917.0;458.0;376.0;252.0;745.0
3.0;498.0;-920.0;462.0;370.0;256.0;740.0
27.0;508.0;-918.0;463.0;375.0;260.0;735.0
46.0;519.0;-914.0;455.0;387.0;261.0;729.0
56.0;?;-908.0;448.0;402.0;270.0;723.0
55.0;542.0;?;449.0;417.0;283.0;719.0
46.0;552.0;?;449.0;435.0;294.0;717.0
33.0;554.0;-882.0;447.0;458.0;304.0;718.0
22.0;552.0;-870.0;444.0;480.0;314.0;721.0
12.0;548.0;-862.0;443.0;497.0;?;723.0
6.0;543.0;?;439.0;510.0;327.0;726.0
-6.0;536.0;-845.0;?;523.0;333.0;728.0
-19.0;530.0;-832.0;432.0;541.0;341.0;729.0
-26.0;524.0;-814.0;428.0;566.0;348.0;728.0
-12.0;520.0;-804.0;419.0;583.0;356.0;727.0
19.0;519.0;-807.0;411.0;584.0;369.0;725.0
19.0;517.0;-809.0;403.0;580.0;382.0;?
15.0;511.0;-807.0;395.0;581.0;395.0;725.0
19.0;507.0;-803.0;388.0;?;405.0;727.0
29.0;503.0;-801.0;381.0;587.0;413.0;728.0
?;500.0;-798.0;372.0;590.0;?;727.0
45.0;495.0;-795.0;?;593.0;432.0;727.0
50.0;?;-793.0;353.0;?;440.0;728.0
?;487.0;-791.0;346.0;596.0;448.0;730.0
58.0;487.0;-789.0;340.0;597.0;455.0;731.0
61.0;486.0;-786.0;334.0;599.0;461.0;730.0
65.0;486.0;-784.0;328.0;599.0;467.0;730.0
71.0;490.0;-782.0;323.0;599.0;472.0;729.0
77.0;496.0;-782.0;320.0;597.0;477.0;728.0
84.0;504.0;-783.0;318.0;595.0;482.0;728.0
89.0;513.0;-782.0;317.0;594.0;486.0;726.0
91.0;520.0;-780.0;317.0;595.0;489.0;724.0
97.0;522.0;-780.0;317.0;595.0;489.0;721.0
113.0;525.0;-779.0;319.0;594.0;488.0;718.0
137.0;?;-780.0;322.0;593.0;486.0;717.0
150.0;531.0;-782.0;327.0;592.0;485.0;716.0
181.0;533.0;-780.0;331.0;590.0;482.0;715.0
184.0;535.0;-779.0;336.0;592.0;479.0;714.0
183.0;537.0;-779.0;340.0;593.0;476.0;715.0
181.0;?;-782.0;345.0;590.0;470.0;716.0
181.0;540.0;-786.0;352.0;585.0;463.0;717.0
180.0;542.0;-788.0;360.0;583.0;454.0;716.0
163.0;536.0;-790.0;363.0;587.0;443.0;718.0
150.0;543.0;-791.0;370.0;589.0;431.0;718.0
148.0;549.0;-792.0;376.0;589.0;420.0;717.0
?;550.0;-794.0;374.0;586.0;412.0;716.0
?;549.0;-796.0;376.0;?;404.0;718.0
155.0;545.0;-798.0;380.0;579.0;396.0;725.0
164.0;535.0;-800.0;384.0;576.0;387.0;732.0
181.0;517.0;?;392.0;570.0;378.0;741.0
202.0;499.0;?;399.0;558.0;?;749.0
221.0;486.0;-809.0;390.0;545.0;361.0;755.0
240.0;473.0;?;393.0;536.0;356.0;760.0
256.0;465.0;-809.0;395.0;530.0;357.0;765.0
269.0;460.0;-804.0;401.0;530.0;365.0;766.0
288.0;462.0;-796.0;416.0;532.0;382.0;767.0
308.0;461.0;-786.0;419.0;536.0;390.0;770.0
323.0;458.0;-775.0;420.0;542.0;398.0;773.0
332.0;452.0;-765.0;424.0;550.0;408.0;775.0
332.0;442.0;-754.0;420.0;564.0;412.0;779.0
?;428.0;?;416.0;592.0;415.0;785.0
296.0;412.0;-724.0;410.0;620.0;413.0;790.0
292.0;388.0;-706.0;405.0;641.0;410.0;798.0
287.0;366.0;-686.0;404.0;662.0;410.0;805.0
281.0;350.0;-670.0;410.0;679.0;412.0;812.0
54.0;284.0;-504.0;480.0;827.0;360.0;756.0
51.0;298.0;-502.0;479.0;829.0;359.0;748.0
45.0;315.0;-508.0;476.0;828.0;361.0;745.0
35.0;336.0;-519.0;469.0;825.0;363.0;742.0
33.0;357.0;-537.0;457.0;817.0;362.0;734.0
28.0;377.0;-564.0;441.0;805.0;363.0;718.0
29.0;397.0;-596.0;428.0;788.0;?;701.0
29.0;421.0;-619.0;421.0;772.0;370.0;688.0
18.0;?;-640.0;423.0;756.0;367.0;677.0
-7.0;456.0;-662.0;415.0;741.0;362.0;668.0
-27.0;?;-683.0;416.0;725.0;365.0;665.0
-35.0;469.0;-700.0;428.0;711.0;387.0;672.0
-34.0;474.0;?;437.0;698.0;404.0;683.0
-24.0;478.0;-725.0;438.0;687.0;417.0;691.0
?;479.0;-733.0;443.0;678.0;442.0;698.0
0.0;482.0;-741.0;453.0;?;475.0;709.0
12.0;487.0;-749.0;466.0;?;510.0;724.0
25.0;492.0;-756.0;482.0;654.0;543.0;737.0
38.0;494.0;-763.0;496.0;645.0;565.0;?
49.0;495.0;-769.0;511.0;636.0;575.0;760.0
60.0;499.0;-774.0;525.0;627.0;579.0;770.0
69.0;?;-779.0;538.0;617.0;580.0;775.0
74.0;507.0;-785.0;549.0;607.0;580.0;778.0
74.0;513.0;-791.0;557.0;596.0;579.0;780.0
71.0;520.0;-798.0;567.0;583.0;578.0;783.0
65.0;526.0;-805.0;578.0;569.0;574.0;785.0
57.0;533.0;-810.0;588.0;?;568.0;785.0
46.0;541.0;-815.0;597.0;541.0;560.0;783.0
33.0;551.0;-819.0;?;528.0;553.0;779.0
17.0;560.0;-821.0;606.0;516.0;546.0;773.0
-2.0;571.0;-823.0;609.0;507.0;541.0;765.0
-19.0;580.0;-824.0;610.0;501.0;534.0;755.0
-34.0;586.0;-826.0;606.0;497.0;527.0;742.0
-52.0;589.0;-828.0;602.0;496.0;517.0;727.0
-69.0;585.0;-831.0;593.0;496.0;502.0;714.0
-84.0;578.0;-834.0;582.0;497.0;482.0;701.0
-104.0;570.0;-833.0;571.0;500.0;461.0;687.0
-135.0;562.0;-828.0;563.0;501.0;440.0;677.0
-170.0;553.0;-820.0;562.0;?;419.0;672.0
-207.0;?;?;566.0;493.0;?;671.0
-243.0;526.0;-798.0;572.0;488.0;369.0;672.0
-273.0;506.0;-787.0;574.0;483.0;336.0;674.0
-294.0;490.0;-777.0;576.0;478.0;303.0;675.0
-312.0;477.0;-767.0;579.0;474.0;276.0;674.0
-327.0;467.0;?;582.0;470.0;259.0;671.0
-339.0;?;-748.0;581.0;466.0;251.0;668.0
-349.0;453.0;-739.0;576.0;461.0;248.0;666.0
-360.0;448.0;-729.0;562.0;457.0;253.0;666.0
-371.0;442.0;-719.0;543.0;451.0;267.0;666.0
-382.0;434.0;-714.0;520.0;440.0;286.0;667.0
-397.0;428.0;-707.0;492.0;424.0;302.0;666.0
-412.0;426.0;-699.0;?;404.0;317.0;666.0
-423.0;421.0;-694.0;440.0;385.0;330.0;667.0
-426.0;412.0;-696.0;418.0;371.0;340.0;664.0
-425.0;406.0;-702.0;400.0;360.0;347.0;658.0
-424.0;401.0;-708.0;383.0;353.0;349.0;649.0
-431.0;390.0;-710.0;363.0;?;343.0;636.0
-444.0;378.0;-707.0;340.0;333.0;320.0;625.0
-461.0;366.0;-695.0;315.0;317.0;289.0;?
-481.0;357.0;-680.0;300.0;300.0;261.0;601.0
-496.0;350.0;-666.0;?;285.0;237.0;587.0
-508.0;341.0;-654.0;298.0;276.0;214.0;570.0
-519.0;331.0;-642.0;299.0;?;188.0;?
-532.0;320.0;-630.0;301.0;267.0;154.0;539.0
-546.0;306.0;-614.0;310.0;266.0;115.0;529.0
-564.0;295.0;-592.0;329.0;267.0;71.0;518.0
-591.0;285.0;-560.0;?;263.0;21.0;495.0
?;277.0;-523.0;361.0;250.0;-33.0;462.0
-650.0;275.0;?;363.0;235.0;-84.0;422.0
-672.0;260.0;-454.0;357.0;218.0;-132.0;381.0
-686.0;241.0;-431.0;348.0;202.0;-180.0;339.0
-694.0;224.0;-413.0;331.0;189.0;-224.0;295.0
?;203.0;-395.0;311.0;176.0;?;253.0
-712.0;182.0;-374.0;295.0;162.0;-293.0;221.0
-722.0;160.0;-352.0;282.0;146.0;-320.0;194.0
-730.0;141.0;-330.0;?;131.0;-344.0;172.0
?;121.0;-307.0;261.0;113.0;?;151.0
-750.0;?;?;250.0;91.0;-387.0;131.0
-760.0;83.0;-253.0;236.0;67.0;-406.0;113.0
-767.0;66.0;-225.0;?;45.0;-422.0;98.0
-772.0;49.0;-198.0;204.0;29.0;-435.0;84.0
-774.0;32.0;-176.0;183.0;18.0;-441.0;72.0
-776.0;12.0;-158.0;154.0;10.0;-442.0;63.0
-777.0;-9.0;-144.0;116.0;0.0;-441.0;57.0
-777.0;-28.0;-127.0;69.0;-13.0;-435.0;48.0
-778.0;-43.0;-112.0;18.0;-29.0;-426.0;38.0
-781.0;-68.0;-103.0;-31.0;-48.0;-424.0;23.0
-782.0;-86.0;-102.0;-73.0;-70.0;-427.0;3.0
-783.0;-99.0;-107.0;-112.0;-87.0;-432.0;-14.0
-787.0;-112.0;-117.0;-137.0;-102.0;-429.0;-27.0
-794.0;-124.0;-131.0;-146.0;-118.0;-418.0;-39.0
-802.0;-137.0;-139.0;-150.0;-141.0;?;-53.0
-810.0;-147.0;-136.0;-160.0;-170.0;-423.0;-70.0
-817.0;-157.0;-122.0;-172.0;-205.0;-440.0;-92.0
-823.0;-171.0;-105.0;-189.0;-239.0;-465.0;-120.0
-828.0;-190.0;-88.0;-207.0;-267.0;-492.0;-152.0
?;-209.0;-72.0;-223.0;-290.0;-522.0;-182.0
?;-224.0;-55.0;-234.0;-313.0;?;-212.0
-834.0;?;-34.0;-240.0;-336.0;-574.0;-237.0
-832.0;-248.0;-12.0;-241.0;-359.0;-593.0;-256.0
-829.0;-256.0;4.0;-235.0;-376.0;-608.0;-271.0
-829.0;-267.0;16.0;-226.0;-383.0;-624.0;-284.0
-829.0;-275.0;28.0;-218.0;-381.0;-642.0;-295.0
-829.0;-277.0;45.0;-213.0;-371.0;-659.0;-303.0
-826.0;-282.0;71.0;?;-358.0;-671.0;?
-821.0;-288.0;102.0;-201.0;-347.0;-678.0;-324.0
-814.0;-299.0;133.0;-200.0;-337.0;-686.0;-338.0
-810.0;-312.0;154.0;?;-326.0;-696.0;-357.0
-808.0;-333.0;167.0;-215.0;-315.0;-710.0;-381.0
-805.0;-357.0;186.0;-231.0;-312.0;-729.0;?
-798.0;-380.0;217.0;-245.0;-324.0;-748.0;-432.0
-787.0;-398.0;256.0;-258.0;-347.0;-763.0;-452.0
-772.0;-412.0;295.0;-266.0;-375.0;-773.0;-468.0
-756.0;?;331.0;?;-400.0;-777.0;?
-741.0;-432.0;360.0;-265.0;-418.0;-779.0;-490.0
-728.0;-437.0;381.0;?;-426.0;-783.0;-497.0
?;-440.0;398.0;-257.0;-429.0;-787.0;-503.0
-703.0;-440.0;410.0;-255.0;-431.0;-793.0;-511.0
-691.0;-438.0;420.0;?;-432.0;-798.0;-516.0
-681.0;-436.0;424.0;-263.0;-434.0;-804.0;-517.0
-676.0;-434.0;424.0;-275.0;-433.0;-804.0;-515.0
-673.0;-433.0;425.0;-292.0;-434.0;-802.0;-507.0
-665.0;-431.0;432.0;?;-444.0;-798.0;-497.0
?;-427.0;?;-340.0;-459.0;-788.0;-487.0
-642.0;-418.0;458.0;-367.0;-472.0;-771.0;?
-644.0;-416.0;?;-391.0;-477.0;-747.0;-480.0
-653.0;-416.0;454.0;-403.0;-480.0;-720.0;-483.0
-667.0;-414.0;439.0;-395.0;-482.0;-693.0;-473.0
-686.0;-406.0;419.0;-374.0;?;-667.0;-454.0
-708.0;-390.0;398.0;-351.0;-475.0;-646.0;?
-728.0;-377.0;378.0;-335.0;-474.0;-634.0;-423.0
-744.0;-375.0;360.0;?;-478.0;-633.0;-420.0
-754.0;-377.0;344.0;?;-488.0;-639.0;-419.0
-764.0;-381.0;?;-328.0;-497.0;-646.0;-420.0
-774.0;-384.0;312.0;-332.0;-500.0;-650.0;-421.0
-783.0;-391.0;300.0;-335.0;-501.0;-649.0;-423.0
-789.0;-400.0;292.0;-334.0;-500.0;-644.0;-425.0
-791.0;-407.0;290.0;-330.0;-501.0;-638.0;-423.0
-789.0;-412.0;293.0;?;-503.0;-634.0;-425.0
-786.0;-423.0;299.0;-330.0;-504.0;-636.0;-432.0
-779.0;-435.0;308.0;?;-505.0;-642.0;-437.0
-767.0;-439.0;323.0;-344.0;-504.0;-655.0;?
-751.0;-435.0;340.0;-348.0;-503.0;-667.0;-433.0
-741.0;-434.0;351.0;-351.0;?;-680.0;-436.0
-751.0;-432.0;343.0;-353.0;-489.0;-687.0;-442.0
-771.0;-428.0;326.0;-358.0;-470.0;-693.0;-455.0
-785.0;-433.0;315.0;-366.0;-458.0;-699.0;-472.0
-792.0;-443.0;310.0;-373.0;-459.0;-705.0;-487.0
-793.0;-451.0;312.0;-379.0;-469.0;-715.0;-495.0
-789.0;-455.0;318.0;-384.0;-485.0;-727.0;-501.0
-784.0;-457.0;326.0;-385.0;-499.0;-735.0;-506.0
?;-458.0;331.0;-385.0;-506.0;-739.0;-512.0
?;?;333.0;-381.0;-504.0;-741.0;-514.0
-791.0;-457.0;332.0;-375.0;-498.0;-740.0;-513.0
?;-376.0;188.0;-343.0;-436.0;-691.0;-416.0
-885.0;-380.0;171.0;-347.0;-431.0;-691.0;-415.0
-894.0;-383.0;158.0;-352.0;-416.0;-691.0;-416.0
-896.0;-385.0;149.0;-359.0;-415.0;-690.0;-419.0
-891.0;-388.0;141.0;-366.0;-429.0;-689.0;-422.0
-889.0;-394.0;140.0;-370.0;-434.0;-690.0;-425.0
-886.0;-401.0;147.0;-375.0;-439.0;-691.0;-427.0
-880.0;-406.0;154.0;-377.0;-448.0;?;-430.0
-879.0;-408.0;159.0;-375.0;-448.0;-693.0;-430.0
-879.0;-407.0;165.0;-373.0;-445.0;-694.0;-431.0
-876.0;-406.0;171.0;-370.0;-446.0;-694.0;-432.0
-876.0;-406.0;175.0;-370.0;-442.0;-696.0;-434.0
-877.0;-406.0;177.0;-372.0;-438.0;-698.0;-437.0
-875.0;-407.0;178.0;-376.0;-438.0;-700.0;?
?;?;179.0;-380.0;-437.0;-700.0;-444.0
-871.0;?;181.0;-381.0;-438.0;-701.0;-445.0
-870.0;-407.0;180.0;-382.0;-438.0;-700.0;-442.0
-869.0;-405.0;177.0;-379.0;-440.0;-698.0;-439.0
-870.0;-401.0;173.0;-375.0;-441.0;-695.0;-435.0
-871.0;-398.0;169.0;-371.0;-441.0;-692.0;-431.0
-871.0;-395.0;166.0;-368.0;-442.0;-691.0;-429.0
-873.0;-393.0;165.0;-367.0;-439.0;-689.0;-427.0
-872.0;-392.0;170.0;-366.0;-439.0;-688.0;-425.0
?;-391.0;?;-366.0;-433.0;-687.0;-422.0
-866.0;-389.0;190.0;-364.0;-441.0;-687.0;-418.0
-868.0;-387.0;182.0;-362.0;-440.0;?;-413.0
-874.0;-385.0;170.0;-360.0;-429.0;-681.0;-410.0
-878.0;-385.0;?;-361.0;-422.0;-679.0;-409.0
-877.0;-386.0;157.0;-365.0;-426.0;-678.0;-408.0
-870.0;-388.0;158.0;-368.0;-439.0;-677.0;-405.0
-859.0;-388.0;163.0;-369.0;-453.0;-676.0;-401.0
-850.0;-386.0;168.0;-367.0;-462.0;-674.0;-397.0
-842.0;-384.0;177.0;-364.0;-461.0;-672.0;-394.0
-833.0;-381.0;190.0;-361.0;-454.0;-671.0;-393.0
-819.0;?;210.0;?;-445.0;-672.0;-394.0
-796.0;-378.0;237.0;-365.0;?;-674.0;-396.0
-768.0;-378.0;265.0;-368.0;-428.0;-677.0;-399.0
?;-379.0;?;-371.0;-412.0;-680.0;-402.0
-713.0;-379.0;316.0;-372.0;-392.0;-682.0;-404.0
-684.0;-377.0;340.0;-371.0;-378.0;-683.0;-404.0
-659.0;-374.0;364.0;-367.0;?;-685.0;-404.0
-640.0;-372.0;386.0;-364.0;-381.0;-686.0;-404.0
-628.0;-372.0;397.0;-363.0;-393.0;-688.0;-406.0
-625.0;-372.0;397.0;?;-405.0;-691.0;-407.0
-629.0;-372.0;389.0;-364.0;-415.0;?;-408.0
-636.0;-374.0;378.0;-365.0;-423.0;-696.0;-411.0
-644.0;-374.0;367.0;-367.0;-433.0;-698.0;-415.0
-652.0;-376.0;359.0;-370.0;-445.0;-700.0;-421.0
-660.0;-381.0;353.0;-375.0;-458.0;-702.0;-428.0
-668.0;-388.0;346.0;-381.0;-473.0;-706.0;-435.0
?;-393.0;339.0;-385.0;-488.0;-710.0;-440.0
-681.0;-396.0;330.0;-386.0;-503.0;-714.0;-443.0
-687.0;-397.0;320.0;-384.0;-512.0;-716.0;-443.0
-694.0;-397.0;310.0;-379.0;-515.0;-717.0;?
-700.0;-398.0;304.0;-372.0;-513.0;-717.0;-440.0
-703.0;?;302.0;-366.0;-508.0;-716.0;-437.0
-705.0;-397.0;302.0;-360.0;-501.0;-715.0;-433.0
-707.0;-396.0;301.0;-355.0;-492.0;-713.0;-428.0
-708.0;-393.0;299.0;-350.0;-487.0;-708.0;-419.0
-715.0;-390.0;289.0;-345.0;-477.0;-701.0;-410.0
-723.0;-387.0;278.0;-340.0;-466.0;-691.0;-398.0
-730.0;-384.0;268.0;-334.0;-458.0;-680.0;-384.0
-735.0;-380.0;259.0;-329.0;-452.0;-669.0;-370.0
-739.0;-378.0;250.0;-326.0;-447.0;-657.0;-356.0
-743.0;?;240.0;-320.0;-439.0;-644.0;-338.0
-746.0;-365.0;230.0;-312.0;-427.0;-630.0;-316.0
-751.0;-351.0;217.0;-301.0;-408.0;-615.0;-292.0
-757.0;-334.0;200.0;-286.0;-384.0;-596.0;-265.0
-764.0;-316.0;180.0;-269.0;-358.0;-575.0;-238.0
-771.0;-297.0;155.0;-250.0;-336.0;-551.0;?
-776.0;-276.0;129.0;-228.0;-319.0;-529.0;-184.0
?;-253.0;104.0;-207.0;-304.0;-507.0;-157.0
-788.0;-231.0;?;-185.0;-287.0;-484.0;-130.0
-793.0;-207.0;54.0;-162.0;-269.0;-460.0;-101.0
-797.0;?;31.0;-139.0;-251.0;-439.0;-72.0
?;-154.0;8.0;-107.0;-233.0;-417.0;-42.0
-801.0;-126.0;-19.0;-75.0;-211.0;-398.0;-10.0
-800.0;-94.0;-51.0;-39.0;-187.0;-372.0;23.0
-797.0;-60.0;-85.0;2.0;-158.0;-336.0;59.0
-795.0;-29.0;?;46.0;-129.0;-291.0;99.0
-790.0;-3.0;-150.0;88.0;-106.0;-245.0;136.0
-783.0;?;-184.0;?;-85.0;-204.0;169.0
-774.0;39.0;-221.0;152.0;-66.0;-166.0;203.0
-763.0;62.0;-259.0;176.0;?;-132.0;237.0
-750.0;86.0;-298.0;196.0;-18.0;-98.0;268.0
-735.0;110.0;-335.0;214.0;14.0;-62.0;?
-719.0;129.0;-368.0;231.0;48.0;-28.0;324.0
-703.0;149.0;-398.0;245.0;83.0;5.0;353.0
-686.0;168.0;-426.0;258.0;117.0;?;380.0
-669.0;187.0;-453.0;272.0;147.0;67.0;407.0
-653.0;206.0;-477.0;286.0;171.0;99.0;431.0
-636.0;223.0;-498.0;297.0;189.0;130.0;452.0
-619.0;238.0;-520.0;302.0;203.0;157.0;467.0
-602.0;251.0;-540.0;303.0;213.0;?;480.0
-587.0;263.0;-560.0;299.0;221.0;194.0;492.0
-572.0;278.0;-577.0;289.0;229.0;207.0;502.0
-555.0;294.0;-589.0;289.0;242.0;223.0;511.0
-535.0;312.0;-603.0;298.0;264.0;241.0;526.0
-509.0;326.0;-621.0;314.0;288.0;?;540.0
?;337.0;-640.0;330.0;312.0;240.0;556.0
-452.0;350.0;-659.0;347.0;334.0;232.0;572.0
-424.0;359.0;-678.0;370.0;356.0;232.0;585.0
-396.0;373.0;-696.0;401.0;?;242.0;600.0
-366.0;384.0;-716.0;433.0;?;256.0;612.0
-338.0;392.0;-734.0;448.0;396.0;267.0;622.0
-310.0;400.0;-749.0;450.0;401.0;273.0;633.0
?;408.0;-762.0;449.0;405.0;279.0;647.0
-258.0;415.0;?;448.0;410.0;290.0;658.0
-234.0;422.0;-785.0;452.0;414.0;?;668.0
-213.0;430.0;-794.0;460.0;418.0;322.0;677.0
-195.0;438.0;-800.0;?;423.0;340.0;686.0
-179.0;445.0;-803.0;476.0;429.0;355.0;694.0
-167.0;452.0;-804.0;482.0;436.0;364.0;701.0
-158.0;457.0;-805.0;486.0;443.0;372.0;707.0
-154.0;461.0;-805.0;489.0;449.0;375.0;708.0
-158.0;464.0;-802.0;490.0;459.0;376.0;702.0
-168.0;470.0;-795.0;489.0;471.0;377.0;695.0
-179.0;479.0;-786.0;491.0;487.0;380.0;690.0
-185.0;487.0;-779.0;498.0;505.0;383.0;689.0
-182.0;487.0;-776.0;508.0;521.0;?;692.0
-172.0;482.0;-778.0;517.0;531.0;360.0;698.0
-164.0;475.0;-781.0;523.0;535.0;336.0;699.0
-164.0;469.0;-784.0;525.0;532.0;313.0;694.0
-170.0;466.0;-786.0;525.0;523.0;296.0;688.0
-179.0;465.0;-785.0;?;513.0;283.0;681.0
?;464.0;-785.0;528.0;502.0;275.0;676.0
-180.0;466.0;-787.0;532.0;491.0;270.0;673.0
-172.0;467.0;-791.0;540.0;483.0;267.0;670.0
?;471.0;-794.0;550.0;477.0;270.0;666.0
-161.0;478.0;-796.0;560.0;474.0;277.0;662.0
?;483.0;-795.0;566.0;472.0;286.0;659.0
-177.0;484.0;-791.0;566.0;472.0;297.0;657.0
-192.0;484.0;-784.0;560.0;474.0;308.0;658.0
-210.0;481.0;-776.0;550.0;479.0;321.0;660.0
-224.0;475.0;-771.0;535.0;483.0;336.0;663.0
-235.0;467.0;?;517.0;486.0;355.0;667.0
-252.0;462.0;-762.0;498.0;485.0;376.0;672.0
-272.0;463.0;-751.0;478.0;483.0;?;677.0
-288.0;463.0;-743.0;463.0;482.0;425.0;686.0
-286.0;459.0;-744.0;456.0;486.0;440.0;696.0
-269.0;460.0;-751.0;456.0;494.0;442.0;706.0
-242.0;468.0;-760.0;463.0;504.0;442.0;717.0
-208.0;476.0;-771.0;481.0;514.0;446.0;727.0
-172.0;486.0;-783.0;508.0;520.0;452.0;735.0
-137.0;496.0;?;533.0;520.0;459.0;740.0
-108.0;505.0;-801.0;548.0;515.0;461.0;741.0
-83.0;514.0;-807.0;556.0;504.0;460.0;740.0
-61.0;523.0;-814.0;562.0;?;460.0;739.0
-40.0;531.0;-819.0;568.0;476.0;463.0;738.0
-19.0;537.0;?;568.0;468.0;462.0;736.0
-2.0;542.0;-827.0;563.0;464.0;460.0;733.0
7.0;542.0;-830.0;556.0;465.0;458.0;730.0
8.0;?;-832.0;554.0;?;457.0;730.0
1.0;543.0;-831.0;555.0;?;460.0;729.0
-14.0;543.0;-828.0;560.0;484.0;465.0;727.0
-36.0;548.0;-823.0;564.0;?;474.0;728.0
-60.0;557.0;-820.0;568.0;512.0;490.0;730.0
-83.0;567.0;-813.0;576.0;530.0;509.0;733.0
-106.0;570.0;-806.0;588.0;544.0;527.0;738.0
-119.0;565.0;-805.0;598.0;547.0;535.0;747.0
-121.0;563.0;-806.0;601.0;547.0;537.0;756.0
-121.0;562.0;-810.0;601.0;545.0;537.0;762.0
-124.0;561.0;-814.0;598.0;?;537.0;765.0
-130.0;561.0;-815.0;589.0;530.0;?;766.0
-133.0;562.0;-814.0;576.0;523.0;532.0;?
-129.0;566.0;-814.0;565.0;518.0;533.0;769.0
-116.0;572.0;-816.0;562.0;?;538.0;771.0
-96.0;577.0;-821.0;?;513.0;?;775.0
-73.0;582.0;-828.0;569.0;509.0;550.0;?
-52.0;?;-832.0;569.0;508.0;556.0;783.0
586.0;617.0;-693.0;626.0;410.0;749.0;763.0
599.0;616.0;-688.0;627.0;399.0;749.0;763.0
611.0;614.0;-680.0;630.0;393.0;748.0;764.0
623.0;612.0;-665.0;634.0;393.0;746.0;766.0
633.0;613.0;-652.0;639.0;395.0;742.0;768.0
639.0;618.0;-642.0;641.0;394.0;740.0;765.0
647.0;626.0;-634.0;638.0;391.0;742.0;760.0
658.0;632.0;-629.0;637.0;381.0;744.0;?
672.0;634.0;-625.0;635.0;365.0;744.0;?
692.0;633.0;-618.0;635.0;?;742.0;751.0
711.0;630.0;-613.0;638.0;311.0;735.0;753.0
722.0;631.0;-616.0;642.0;280.0;728.0;756.0
725.0;634.0;-621.0;645.0;254.0;723.0;757.0
722.0;640.0;-627.0;645.0;235.0;720.0;756.0
718.0;641.0;-631.0;640.0;218.0;718.0;757.0
714.0;642.0;-635.0;633.0;197.0;718.0;756.0
711.0;641.0;-640.0;625.0;?;718.0;755.0
707.0;641.0;-645.0;?;?;719.0;752.0
700.0;642.0;-652.0;620.0;129.0;722.0;749.0
688.0;644.0;-661.0;620.0;116.0;725.0;743.0
671.0;644.0;-673.0;619.0;111.0;729.0;739.0
650.0;641.0;-683.0;619.0;118.0;734.0;736.0
629.0;635.0;-685.0;622.0;134.0;737.0;735.0
619.0;630.0;-673.0;626.0;159.0;741.0;735.0
627.0;625.0;-654.0;630.0;187.0;746.0;736.0
631.0;?;-653.0;633.0;183.0;751.0;736.0
633.0;616.0;-653.0;636.0;170.0;755.0;735.0
646.0;617.0;-642.0;638.0;169.0;760.0;733.0
667.0;617.0;-625.0;639.0;177.0;763.0;738.0
680.0;613.0;-616.0;640.0;?;763.0;747.0
688.0;608.0;-609.0;639.0;192.0;762.0;757.0
691.0;605.0;-599.0;636.0;198.0;760.0;765.0
693.0;?;-596.0;630.0;197.0;761.0;772.0
696.0;599.0;-599.0;625.0;190.0;761.0;778.0
702.0;598.0;-607.0;623.0;178.0;760.0;782.0
708.0;599.0;-611.0;623.0;172.0;758.0;785.0
715.0;600.0;-616.0;625.0;160.0;756.0;786.0
721.0;601.0;-622.0;625.0;149.0;752.0;788.0
725.0;601.0;-628.0;625.0;139.0;748.0;789.0
730.0;?;-625.0;?;135.0;740.0;790.0
733.0;602.0;?;627.0;138.0;732.0;789.0
731.0;604.0;-629.0;628.0;144.0;724.0;786.0
729.0;606.0;-636.0;631.0;143.0;716.0;784.0
728.0;609.0;-644.0;635.0;133.0;710.0;781.0
726.0;611.0;-652.0;641.0;126.0;706.0;779.0
727.0;611.0;-650.0;645.0;130.0;703.0;778.0
729.0;610.0;-647.0;646.0;140.0;702.0;780.0
731.0;607.0;-645.0;?;145.0;703.0;780.0
733.0;606.0;-645.0;638.0;146.0;706.0;780.0
736.0;605.0;-640.0;635.0;?;?;781.0
741.0;604.0;-631.0;633.0;159.0;720.0;781.0
746.0;606.0;-625.0;633.0;160.0;728.0;780.0
751.0;608.0;-621.0;633.0;158.0;736.0;777.0
?;612.0;-619.0;632.0;155.0;744.0;773.0
755.0;617.0;-618.0;631.0;156.0;752.0;?
756.0;620.0;-618.0;629.0;158.0;758.0;764.0
758.0;621.0;-618.0;628.0;155.0;762.0;761.0
761.0;623.0;-620.0;?;148.0;764.0;758.0
762.0;626.0;-622.0;630.0;141.0;764.0;753.0
762.0;631.0;-625.0;632.0;136.0;763.0;747.0
763.0;635.0;-627.0;634.0;132.0;762.0;741.0
764.0;638.0;-627.0;636.0;129.0;758.0;736.0
765.0;639.0;-627.0;640.0;125.0;752.0;734.0
764.0;639.0;-630.0;642.0;119.0;747.0;733.0
762.0;640.0;-633.0;644.0;107.0;743.0;732.0
760.0;642.0;-637.0;644.0;87.0;741.0;730.0
756.0;644.0;-640.0;643.0;59.0;740.0;728.0
761.0;644.0;-633.0;641.0;34.0;740.0;726.0
762.0;644.0;-632.0;640.0;24.0;741.0;724.0
762.0;644.0;-635.0;638.0;?;742.0;722.0
759.0;643.0;-642.0;634.0;1.0;745.0;720.0
753.0;641.0;-650.0;630.0;-3.0;749.0;718.0
747.0;638.0;-656.0;624.0;-4.0;754.0;715.0
743.0;635.0;-661.0;619.0;?;?;712.0
740.0;630.0;?;613.0;0.0;762.0;?
735.0;625.0;-668.0;606.0;3.0;767.0;707.0
729.0;620.0;-675.0;600.0;7.0;770.0;?
722.0;617.0;-683.0;594.0;8.0;774.0;698.0
?;613.0;-693.0;588.0;7.0;776.0;693.0
704.0;607.0;-703.0;583.0;14.0;778.0;690.0
693.0;601.0;-714.0;580.0;24.0;778.0;687.0
685.0;597.0;-723.0;577.0;29.0;778.0;683.0
676.0;593.0;-731.0;576.0;34.0;777.0;678.0
666.0;591.0;-740.0;575.0;43.0;775.0;674.0
656.0;590.0;-748.0;576.0;52.0;773.0;670.0
650.0;591.0;-753.0;579.0;57.0;769.0;667.0
643.0;595.0;-760.0;584.0;62.0;765.0;664.0
638.0;599.0;-765.0;589.0;58.0;761.0;661.0
635.0;602.0;-769.0;594.0;53.0;757.0;660.0
636.0;605.0;-769.0;598.0;50.0;?;659.0
?;612.0;-768.0;600.0;41.0;751.0;655.0
?;619.0;-768.0;597.0;43.0;752.0;651.0
643.0;623.0;-764.0;592.0;42.0;754.0;645.0
647.0;622.0;?;584.0;41.0;755.0;640.0
650.0;621.0;-759.0;575.0;38.0;757.0;635.0
657.0;618.0;-751.0;565.0;?;759.0;?
663.0;614.0;-745.0;558.0;61.0;760.0;628.0
662.0;614.0;-746.0;557.0;60.0;?;626.0
653.0;618.0;-752.0;561.0;82.0;757.0;631.0
648.0;623.0;-755.0;568.0;?;760.0;?
646.0;628.0;-755.0;573.0;102.0;766.0;645.0
642.0;627.0;-755.0;?;115.0;774.0;652.0
633.0;623.0;-755.0;?;138.0;780.0;655.0
623.0;615.0;-742.0;556.0;178.0;783.0;659.0
606.0;605.0;-722.0;545.0;219.0;786.0;663.0
585.0;592.0;-697.0;532.0;255.0;789.0;667.0
551.0;576.0;-671.0;521.0;290.0;795.0;673.0
516.0;560.0;-652.0;513.0;309.0;802.0;678.0
503.0;548.0;-646.0;507.0;313.0;804.0;678.0
518.0;537.0;-637.0;499.0;316.0;799.0;675.0
535.0;528.0;-636.0;491.0;315.0;791.0;670.0
?;524.0;-639.0;484.0;315.0;787.0;667.0
549.0;523.0;-640.0;483.0;317.0;788.0;664.0
552.0;523.0;-637.0;487.0;318.0;791.0;660.0
549.0;522.0;-637.0;491.0;323.0;?;652.0
540.0;522.0;-635.0;495.0;333.0;790.0;641.0
533.0;522.0;-629.0;498.0;353.0;782.0;629.0
536.0;522.0;-634.0;498.0;367.0;770.0;615.0
536.0;522.0;-649.0;497.0;384.0;758.0;599.0
539.0;523.0;-663.0;496.0;392.0;748.0;583.0
552.0;522.0;-680.0;493.0;389.0;738.0;566.0
547.0;517.0;-689.0;492.0;408.0;726.0;551.0
527.0;509.0;-681.0;491.0;444.0;714.0;537.0
?;499.0;-678.0;492.0;490.0;701.0;525.0
464.0;492.0;-675.0;494.0;536.0;692.0;513.0
451.0;488.0;?;494.0;566.0;686.0;500.0
?;483.0;-663.0;488.0;572.0;681.0;483.0
556.0;473.0;-615.0;474.0;556.0;675.0;462.0
656.0;459.0;-518.0;453.0;521.0;668.0;440.0
754.0;441.0;-385.0;429.0;459.0;659.0;419.0
824.0;426.0;-255.0;404.0;379.0;647.0;399.0
?;415.0;-144.0;380.0;304.0;635.0;381.0
881.0;?;-63.0;?;265.0;624.0;361.0
883.0;388.0;-15.0;342.0;259.0;614.0;341.0
877.0;376.0;7.0;324.0;276.0;604.0;321.0
866.0;363.0;10.0;303.0;307.0;591.0;297.0
854.0;344.0;7.0;277.0;333.0;576.0;271.0
851.0;318.0;11.0;248.0;333.0;558.0;241.0
854.0;289.0;19.0;216.0;310.0;537.0;208.0
856.0;259.0;28.0;181.0;274.0;512.0;176.0
855.0;236.0;34.0;150.0;236.0;490.0;147.0
850.0;219.0;38.0;127.0;202.0;476.0;125.0
844.0;203.0;37.0;110.0;173.0;472.0;105.0
835.0;190.0;26.0;99.0;159.0;475.0;90.0
828.0;182.0;6.0;96.0;160.0;484.0;86.0
823.0;181.0;-19.0;97.0;169.0;496.0;89.0
820.0;182.0;-38.0;98.0;180.0;509.0;93.0
816.0;185.0;?;?;189.0;518.0;93.0
812.0;188.0;-47.0;88.0;190.0;528.0;91.0
809.0;191.0;-41.0;78.0;185.0;532.0;89.0
806.0;195.0;-33.0;50.0;172.0;518.0;84.0
804.0;197.0;-32.0;-5.0;163.0;472.0;76.0
801.0;194.0;-36.0;-70.0;165.0;411.0;67.0
799.0;184.0;-41.0;-122.0;168.0;362.0;61.0
797.0;178.0;-41.0;-149.0;164.0;338.0;61.0
797.0;177.0;-39.0;-153.0;158.0;341.0;64.0
798.0;179.0;-37.0;-141.0;154.0;358.0;68.0
798.0;179.0;-39.0;-111.0;162.0;388.0;73.0
?;179.0;-47.0;-61.0;182.0;419.0;82.0
?;183.0;-52.0;1.0;199.0;441.0;93.0
797.0;189.0;-42.0;63.0;205.0;451.0;100.0
800.0;189.0;-20.0;112.0;206.0;455.0;94.0
801.0;181.0;9.0;140.0;205.0;452.0;77.0
801.0;165.0;42.0;142.0;199.0;435.0;52.0
801.0;145.0;75.0;122.0;188.0;407.0;25.0
800.0;125.0;106.0;92.0;176.0;377.0;0.0
798.0;111.0;135.0;63.0;164.0;353.0;-21.0
794.0;99.0;163.0;38.0;156.0;339.0;-38.0
788.0;?;185.0;21.0;?;333.0;-52.0
781.0;76.0;205.0;14.0;145.0;332.0;-59.0
775.0;70.0;219.0;11.0;?;338.0;-61.0
768.0;67.0;229.0;?;123.0;347.0;-63.0
762.0;62.0;237.0;16.0;?;359.0;-65.0
755.0;?;243.0;16.0;91.0;368.0;-68.0
750.0;51.0;247.0;?;73.0;372.0;-71.0
747.0;49.0;249.0;9.0;56.0;?;-72.0
746.0;46.0;249.0;3.0;39.0;360.0;-75.0
746.0;40.0;248.0;-3.0;22.0;351.0;-81.0
747.0;31.0;247.0;-16.0;5.0;337.0;-90.0
747.0;18.0;245.0;-27.0;-14.0;321.0;-103.0
746.0;8.0;245.0;-38.0;-35.0;302.0;-117.0
742.0;-1.0;249.0;-50.0;-55.0;278.0;-131.0
735.0;-7.0;265.0;-63.0;-73.0;259.0;-147.0
726.0;-16.0;288.0;-74.0;-93.0;250.0;-166.0
?;-23.0;?;-83.0;-112.0;243.0;-179.0
725.0;-26.0;298.0;-88.0;-119.0;238.0;-184.0
729.0;-26.0;285.0;-88.0;-113.0;238.0;-187.0
731.0;-26.0;277.0;-87.0;-105.0;239.0;-190.0
729.0;-28.0;280.0;?;-108.0;240.0;-198.0
725.0;-33.0;288.0;-98.0;-122.0;238.0;-208.0
720.0;-41.0;297.0;-108.0;-137.0;234.0;-214.0
715.0;-45.0;303.0;-118.0;-147.0;229.0;-215.0
712.0;-46.0;304.0;-124.0;-153.0;222.0;-213.0
710.0;-47.0;302.0;-123.0;-153.0;219.0;-212.0
708.0;-46.0;?;-117.0;-151.0;219.0;-210.0
707.0;-43.0;298.0;-111.0;?;220.0;-208.0
707.0;?;294.0;-105.0;-144.0;220.0;-206.0
709.0;-37.0;289.0;-98.0;-139.0;220.0;?
711.0;-31.0;283.0;-88.0;-131.0;221.0;-193.0
715.0;-20.0;279.0;-73.0;-119.0;223.0;-182.0
721.0;-6.0;271.0;-54.0;-103.0;230.0;-165.0
730.0;4.0;255.0;-31.0;-79.0;241.0;-147.0
740.0;8.0;232.0;-8.0;-50.0;250.0;-132.0
?;15.0;208.0;9.0;-24.0;256.0;-119.0
754.0;35.0;193.0;?;-4.0;?;-100.0
758.0;52.0;187.0;31.0;12.0;302.0;-81.0
762.0;57.0;186.0;36.0;21.0;333.0;-62.0
765.0;61.0;188.0;34.0;?;354.0;-41.0
770.0;78.0;189.0;28.0;32.0;367.0;-19.0
775.0;96.0;186.0;24.0;44.0;380.0;5.0
780.0;111.0;?;28.0;64.0;398.0;26.0
784.0;124.0;169.0;38.0;89.0;?;47.0
788.0;142.0;156.0;51.0;117.0;436.0;68.0
791.0;160.0;139.0;64.0;?;449.0;87.0
793.0;175.0;118.0;79.0;162.0;461.0;104.0
796.0;190.0;92.0;94.0;174.0;472.0;119.0
799.0;204.0;62.0;109.0;183.0;482.0;131.0
800.0;218.0;29.0;126.0;191.0;490.0;143.0
800.0;232.0;-8.0;142.0;199.0;496.0;155.0
798.0;246.0;-46.0;159.0;207.0;?;167.0
796.0;255.0;-86.0;175.0;212.0;506.0;174.0
791.0;259.0;-125.0;?;212.0;506.0;181.0
786.0;269.0;-163.0;206.0;216.0;505.0;192.0
781.0;284.0;-195.0;224.0;233.0;?;206.0
780.0;301.0;-212.0;245.0;256.0;527.0;223.0
782.0;322.0;-222.0;272.0;281.0;550.0;246.0
783.0;348.0;-228.0;297.0;306.0;?;271.0
780.0;364.0;-237.0;313.0;333.0;605.0;290.0
776.0;376.0;-250.0;318.0;359.0;628.0;308.0
772.0;383.0;?;315.0;380.0;643.0;324.0
771.0;386.0;-271.0;?;393.0;650.0;338.0
709.0;471.0;-424.0;424.0;468.0;670.0;425.0
714.0;473.0;-416.0;426.0;469.0;?;426.0
720.0;477.0;-409.0;429.0;462.0;666.0;426.0
728.0;480.0;-403.0;434.0;?;665.0;427.0
734.0;480.0;-400.0;437.0;?;664.0;426.0
738.0;479.0;-401.0;438.0;433.0;661.0;424.0
735.0;?;-410.0;440.0;429.0;657.0;423.0
723.0;483.0;-429.0;441.0;430.0;652.0;420.0
709.0;483.0;-451.0;439.0;428.0;649.0;413.0
?;476.0;-474.0;434.0;424.0;646.0;405.0
675.0;470.0;-495.0;425.0;417.0;642.0;399.0
667.0;468.0;-507.0;417.0;?;640.0;399.0
?;465.0;-512.0;411.0;409.0;644.0;403.0
668.0;462.0;-512.0;408.0;?;648.0;410.0
673.0;468.0;-510.0;408.0;415.0;654.0;?
678.0;475.0;-507.0;407.0;424.0;662.0;432.0
682.0;?;-504.0;406.0;?;672.0;440.0
687.0;482.0;-500.0;403.0;444.0;681.0;444.0
900.0;384.0;-111.0;306.0;312.0;624.0;326.0
897.0;376.0;-126.0;306.0;322.0;616.0;322.0
899.0;369.0;-121.0;305.0;313.0;611.0;316.0
896.0;360.0;-122.0;304.0;310.0;604.0;309.0
892.0;359.0;-120.0;302.0;306.0;597.0;301.0
887.0;357.0;-112.0;298.0;298.0;592.0;293.0
885.0;349.0;-100.0;289.0;278.0;588.0;285.0
884.0;338.0;-91.0;277.0;260.0;584.0;279.0
881.0;328.0;-87.0;266.0;256.0;582.0;?
878.0;324.0;-91.0;261.0;263.0;583.0;284.0
876.0;328.0;-95.0;265.0;268.0;588.0;291.0
872.0;?;-103.0;274.0;274.0;595.0;299.0
869.0;346.0;-108.0;285.0;280.0;601.0;309.0
867.0;356.0;-113.0;294.0;?;606.0;318.0
868.0;364.0;-113.0;303.0;286.0;612.0;327.0
867.0;372.0;-110.0;312.0;290.0;621.0;?
865.0;379.0;-113.0;320.0;297.0;?;343.0
860.0;384.0;-120.0;325.0;312.0;640.0;348.0
858.0;387.0;-118.0;326.0;318.0;648.0;355.0
855.0;389.0;-114.0;324.0;321.0;?;363.0
854.0;392.0;-107.0;323.0;324.0;659.0;370.0
854.0;393.0;-100.0;324.0;327.0;667.0;377.0
852.0;395.0;-97.0;327.0;334.0;672.0;384.0
850.0;399.0;-94.0;331.0;337.0;677.0;388.0
848.0;404.0;?;336.0;336.0;?;390.0
848.0;409.0;-81.0;340.0;334.0;?;391.0
?;?;-75.0;344.0;?;677.0;392.0
846.0;420.0;-70.0;349.0;?;675.0;393.0
845.0;426.0;-63.0;358.0;?;673.0;?
844.0;?;-55.0;367.0;324.0;672.0;395.0
843.0;437.0;-45.0;376.0;319.0;671.0;395.0
844.0;440.0;-35.0;382.0;314.0;670.0;395.0
846.0;444.0;-28.0;385.0;311.0;667.0;398.0
848.0;448.0;-21.0;388.0;310.0;666.0;402.0
852.0;455.0;-9.0;390.0;303.0;667.0;408.0
855.0;461.0;5.0;393.0;290.0;672.0;414.0
857.0;467.0;14.0;394.0;282.0;678.0;421.0
855.0;472.0;16.0;392.0;284.0;683.0;428.0
852.0;476.0;14.0;389.0;285.0;687.0;437.0
852.0;?;9.0;388.0;276.0;690.0;446.0
852.0;488.0;-3.0;390.0;268.0;694.0;455.0
851.0;497.0;-23.0;394.0;?;698.0;466.0
850.0;508.0;-42.0;402.0;270.0;704.0;477.0
850.0;522.0;-59.0;?;266.0;713.0;486.0
849.0;534.0;-82.0;430.0;265.0;723.0;493.0
847.0;543.0;-104.0;?;263.0;728.0;497.0
847.0;547.0;-116.0;448.0;262.0;730.0;502.0
845.0;549.0;-119.0;455.0;263.0;735.0;505.0
841.0;552.0;-117.0;?;268.0;743.0;509.0
837.0;555.0;-115.0;481.0;273.0;744.0;511.0
836.0;555.0;-114.0;484.0;279.0;746.0;506.0
834.0;548.0;-116.0;482.0;?;756.0;502.0
832.0;541.0;-118.0;478.0;277.0;765.0;497.0
831.0;535.0;-114.0;476.0;271.0;769.0;496.0
829.0;533.0;-111.0;473.0;269.0;774.0;498.0
826.0;535.0;?;476.0;269.0;779.0;500.0
823.0;537.0;-105.0;480.0;265.0;787.0;500.0
819.0;?;-106.0;479.0;267.0;794.0;498.0
814.0;535.0;-107.0;476.0;272.0;798.0;500.0
809.0;534.0;-105.0;481.0;271.0;802.0;502.0
805.0;536.0;-104.0;486.0;270.0;801.0;498.0
?;535.0;-104.0;485.0;269.0;798.0;?
798.0;534.0;-107.0;484.0;265.0;796.0;485.0
797.0;534.0;-109.0;484.0;259.0;794.0;481.0
795.0;535.0;-111.0;484.0;257.0;793.0;475.0
793.0;536.0;-113.0;484.0;256.0;792.0;471.0
791.0;?;-114.0;484.0;257.0;791.0;468.0
789.0;537.0;-117.0;?;259.0;790.0;468.0
787.0;536.0;-118.0;486.0;259.0;788.0;?
786.0;535.0;-117.0;485.0;258.0;785.0;467.0
787.0;536.0;-117.0;485.0;257.0;786.0;467.0
787.0;536.0;-119.0;485.0;256.0;785.0;466.0
788.0;535.0;-120.0;483.0;256.0;784.0;465.0
788.0;534.0;-121.0;481.0;257.0;784.0;?
789.0;533.0;-121.0;479.0;257.0;784.0;466.0
790.0;532.0;-122.0;477.0;258.0;784.0;468.0
790.0;532.0;-124.0;477.0;259.0;784.0;470.0
790.0;532.0;-126.0;?;259.0;782.0;472.0
791.0;534.0;?;480.0;259.0;780.0;473.0
790.0;535.0;-129.0;481.0;260.0;778.0;472.0
791.0;534.0;-131.0;481.0;262.0;777.0;469.0
791.0;533.0;-134.0;479.0;266.0;777.0;?
791.0;532.0;-135.0;?;271.0;778.0;466.0
792.0;531.0;-135.0;475.0;273.0;777.0;466.0
792.0;531.0;-137.0;472.0;274.0;?;462.0
792.0;532.0;-139.0;469.0;?;775.0;458.0
793.0;531.0;-140.0;467.0;275.0;773.0;455.0
793.0;531.0;-143.0;?;274.0;772.0;454.0
793.0;531.0;-146.0;463.0;274.0;773.0;456.0
793.0;531.0;-148.0;?;275.0;773.0;459.0
793.0;531.0;-149.0;467.0;277.0;774.0;462.0
794.0;533.0;-151.0;469.0;279.0;?;464.0
794.0;534.0;-152.0;470.0;280.0;774.0;464.0
794.0;534.0;-152.0;470.0;?;773.0;464.0
793.0;534.0;-153.0;469.0;280.0;772.0;463.0
?;533.0;-153.0;468.0;280.0;772.0;462.0
792.0;532.0;-153.0;468.0;279.0;?;462.0
792.0;532.0;-153.0;468.0;279.0;771.0;462.0
791.0;532.0;-154.0;469.0;279.0;771.0;462.0
791.0;532.0;-154.0;469.0;280.0;770.0;461.0
791.0;533.0;-155.0;469.0;281.0;770.0;?
790.0;532.0;-156.0;468.0;284.0;770.0;458.0
790.0;530.0;?;466.0;288.0;770.0;454.0
790.0;527.0;-156.0;463.0;293.0;770.0;451.0
792.0;526.0;-153.0;459.0;296.0;767.0;?
795.0;524.0;?;454.0;298.0;762.0;447.0
800.0;522.0;-147.0;444.0;299.0;759.0;447.0
806.0;521.0;-141.0;?;299.0;758.0;450.0
815.0;520.0;-132.0;426.0;296.0;754.0;453.0
823.0;522.0;-122.0;416.0;295.0;750.0;454.0
831.0;524.0;-115.0;405.0;298.0;744.0;456.0
?;524.0;-109.0;391.0;302.0;737.0;458.0
845.0;522.0;-104.0;?;306.0;729.0;458.0
850.0;519.0;-97.0;364.0;311.0;725.0;458.0
?;515.0;-89.0;358.0;311.0;?;458.0
860.0;510.0;-83.0;358.0;309.0;731.0;458.0
864.0;506.0;-78.0;360.0;307.0;736.0;455.0
869.0;502.0;-73.0;364.0;304.0;738.0;452.0
872.0;496.0;-69.0;?;298.0;737.0;446.0
876.0;488.0;?;375.0;294.0;734.0;440.0
880.0;480.0;-68.0;380.0;286.0;?;432.0
?;472.0;-68.0;386.0;278.0;718.0;424.0
885.0;461.0;-70.0;391.0;276.0;707.0;415.0
885.0;451.0;-74.0;395.0;282.0;694.0;406.0
887.0;440.0;-78.0;?;289.0;683.0;396.0
888.0;431.0;-80.0;407.0;296.0;675.0;384.0
887.0;422.0;-84.0;411.0;302.0;667.0;369.0
885.0;408.0;-90.0;410.0;313.0;656.0;352.0
883.0;391.0;-92.0;401.0;322.0;642.0;336.0
880.0;374.0;?;388.0;331.0;629.0;322.0
875.0;358.0;-100.0;375.0;341.0;619.0;310.0
874.0;?;-100.0;364.0;346.0;611.0;302.0
874.0;330.0;-99.0;354.0;345.0;603.0;296.0
874.0;320.0;-98.0;345.0;344.0;598.0;291.0
877.0;314.0;-96.0;339.0;342.0;594.0;288.0
862.0;311.0;-114.0;335.0;352.0;592.0;287.0
866.0;312.0;-111.0;333.0;344.0;592.0;287.0
?;316.0;-100.0;?;341.0;594.0;290.0
868.0;321.0;-102.0;338.0;348.0;599.0;294.0
869.0;329.0;-99.0;347.0;?;608.0;301.0
874.0;340.0;-93.0;361.0;343.0;621.0;307.0
875.0;352.0;-90.0;378.0;343.0;640.0;314.0
877.0;362.0;-87.0;398.0;340.0;?;?
880.0;370.0;-81.0;412.0;?;667.0;325.0
882.0;378.0;?;419.0;338.0;672.0;327.0
884.0;385.0;-73.0;422.0;339.0;?;330.0
885.0;391.0;?;423.0;340.0;674.0;331.0
886.0;395.0;-69.0;424.0;341.0;674.0;332.0
888.0;398.0;-66.0;425.0;338.0;675.0;333.0
889.0;400.0;-62.0;425.0;336.0;676.0;333.0
?;401.0;-64.0;424.0;339.0;675.0;333.0
887.0;400.0;-69.0;421.0;340.0;672.0;332.0
887.0;400.0;-72.0;418.0;341.0;670.0;332.0
888.0;?;-75.0;416.0;341.0;670.0;331.0
889.0;?;-78.0;417.0;342.0;669.0;332.0
888.0;405.0;-83.0;419.0;343.0;668.0;332.0
879.0;408.0;-99.0;424.0;355.0;?;333.0
866.0;?;-113.0;?;371.0;674.0;332.0
850.0;421.0;-119.0;445.0;393.0;678.0;333.0
837.0;429.0;-121.0;456.0;413.0;677.0;334.0
826.0;436.0;-118.0;465.0;430.0;675.0;334.0
824.0;441.0;-111.0;472.0;428.0;675.0;334.0
828.0;?;-93.0;477.0;412.0;678.0;333.0
834.0;442.0;?;476.0;387.0;682.0;330.0
836.0;434.0;-64.0;471.0;376.0;688.0;326.0
835.0;423.0;-59.0;463.0;376.0;694.0;323.0
834.0;409.0;-58.0;453.0;380.0;699.0;319.0
837.0;396.0;-50.0;442.0;375.0;700.0;316.0
841.0;384.0;-49.0;432.0;370.0;698.0;312.0
842.0;374.0;-46.0;426.0;367.0;697.0;310.0
846.0;366.0;-42.0;423.0;355.0;694.0;307.0
843.0;359.0;-45.0;418.0;357.0;687.0;302.0
844.0;354.0;-50.0;415.0;351.0;679.0;298.0
849.0;354.0;-52.0;416.0;338.0;672.0;298.0
852.0;357.0;-55.0;423.0;332.0;668.0;301.0
855.0;363.0;-57.0;433.0;329.0;666.0;305.0
855.0;373.0;-63.0;443.0;333.0;667.0;309.0
852.0;383.0;-76.0;449.0;347.0;671.0;313.0
851.0;390.0;-82.0;450.0;355.0;676.0;317.0
854.0;396.0;-80.0;?;350.0;683.0;321.0
854.0;401.0;-80.0;438.0;348.0;693.0;?
853.0;406.0;-83.0;430.0;349.0;704.0;330.0
852.0;408.0;-87.0;?;347.0;711.0;333.0
851.0;410.0;-86.0;407.0;343.0;717.0;336.0
850.0;415.0;-84.0;399.0;339.0;724.0;339.0
847.0;422.0;-83.0;396.0;337.0;729.0;?
841.0;431.0;-85.0;397.0;?;731.0;353.0
836.0;441.0;-84.0;398.0;340.0;730.0;363.0
830.0;453.0;-83.0;?;338.0;728.0;378.0
824.0;467.0;-83.0;408.0;339.0;724.0;400.0
815.0;480.0;?;419.0;343.0;718.0;429.0
660.0;596.0;-322.0;593.0;602.0;751.0;548.0
659.0;595.0;-322.0;593.0;603.0;?;552.0
656.0;589.0;-325.0;593.0;605.0;759.0;554.0
651.0;589.0;-326.0;595.0;609.0;760.0;560.0
648.0;589.0;-327.0;597.0;612.0;759.0;559.0
645.0;588.0;-331.0;602.0;613.0;755.0;559.0
643.0;592.0;-336.0;616.0;?;746.0;563.0
641.0;598.0;-339.0;619.0;609.0;740.0;557.0
642.0;601.0;-338.0;618.0;605.0;741.0;551.0
647.0;600.0;-334.0;620.0;594.0;739.0;550.0
655.0;602.0;-327.0;626.0;579.0;736.0;552.0
661.0;?;-324.0;632.0;568.0;733.0;555.0
661.0;611.0;-325.0;636.0;564.0;731.0;?
660.0;?;?;637.0;561.0;731.0;551.0
661.0;612.0;-326.0;637.0;558.0;730.0;548.0
663.0;613.0;-323.0;637.0;553.0;728.0;543.0
664.0;613.0;-322.0;635.0;552.0;728.0;538.0
662.0;611.0;-323.0;633.0;554.0;728.0;535.0
?;610.0;-324.0;631.0;554.0;728.0;534.0
661.0;608.0;-323.0;629.0;552.0;728.0;?
664.0;606.0;-321.0;627.0;546.0;729.0;532.0
?;605.0;-321.0;624.0;541.0;731.0;532.0
667.0;603.0;-320.0;621.0;536.0;732.0;532.0
668.0;?;-319.0;619.0;533.0;733.0;532.0
669.0;598.0;-318.0;616.0;531.0;734.0;531.0
669.0;597.0;-318.0;615.0;530.0;734.0;?
669.0;595.0;-318.0;613.0;529.0;735.0;531.0
670.0;593.0;-317.0;612.0;527.0;736.0;532.0
670.0;592.0;-316.0;611.0;527.0;736.0;533.0
672.0;590.0;-315.0;610.0;525.0;737.0;534.0
672.0;?;-314.0;609.0;525.0;737.0;534.0
673.0;587.0;-314.0;608.0;?;738.0;536.0
673.0;586.0;-314.0;606.0;526.0;740.0;537.0
674.0;585.0;-313.0;605.0;527.0;741.0;539.0
674.0;584.0;-312.0;603.0;528.0;742.0;541.0
674.0;582.0;-310.0;601.0;529.0;744.0;543.0
677.0;580.0;-307.0;601.0;527.0;745.0;545.0
678.0;579.0;-304.0;601.0;525.0;745.0;546.0
?;580.0;-304.0;601.0;527.0;745.0;546.0
676.0;580.0;-305.0;601.0;529.0;745.0;545.0
675.0;579.0;-306.0;601.0;531.0;745.0;545.0
675.0;?;-307.0;600.0;533.0;746.0;545.0
674.0;579.0;-307.0;600.0;534.0;746.0;546.0
675.0;579.0;-307.0;600.0;534.0;747.0;548.0
676.0;578.0;-305.0;600.0;534.0;748.0;550.0
674.0;578.0;-304.0;599.0;535.0;749.0;551.0
670.0;577.0;-304.0;598.0;539.0;750.0;551.0
664.0;575.0;-307.0;596.0;545.0;751.0;552.0
660.0;574.0;?;595.0;548.0;752.0;553.0
655.0;573.0;-315.0;595.0;547.0;752.0;553.0
?;574.0;?;595.0;549.0;753.0;555.0
642.0;576.0;-336.0;597.0;?;752.0;557.0
636.0;577.0;-345.0;599.0;?;?;560.0
631.0;580.0;-355.0;603.0;560.0;751.0;564.0
626.0;583.0;-365.0;606.0;566.0;751.0;567.0
621.0;587.0;-374.0;607.0;573.0;751.0;570.0
614.0;589.0;-384.0;610.0;582.0;752.0;573.0
607.0;592.0;-390.0;612.0;595.0;753.0;576.0
610.0;594.0;-387.0;614.0;599.0;753.0;580.0
614.0;595.0;-382.0;617.0;603.0;753.0;582.0
617.0;597.0;?;620.0;607.0;752.0;584.0
623.0;600.0;-375.0;622.0;607.0;751.0;585.0
629.0;602.0;-371.0;623.0;605.0;751.0;585.0
633.0;604.0;-369.0;626.0;605.0;750.0;586.0
638.0;605.0;-366.0;630.0;604.0;748.0;?
654.0;606.0;-351.0;630.0;598.0;747.0;584.0
656.0;?;-357.0;628.0;589.0;749.0;584.0
656.0;609.0;-363.0;625.0;585.0;752.0;586.0
664.0;609.0;-362.0;623.0;575.0;754.0;589.0
673.0;608.0;-357.0;622.0;566.0;756.0;594.0
676.0;607.0;-357.0;622.0;563.0;758.0;598.0
678.0;607.0;-358.0;621.0;560.0;761.0;603.0
682.0;605.0;-356.0;619.0;558.0;763.0;606.0
688.0;603.0;-350.0;616.0;555.0;765.0;608.0
696.0;599.0;-339.0;612.0;551.0;768.0;609.0
705.0;594.0;-327.0;606.0;544.0;771.0;611.0
716.0;589.0;-316.0;601.0;535.0;774.0;613.0
725.0;586.0;-305.0;595.0;526.0;777.0;616.0
733.0;583.0;-295.0;590.0;517.0;780.0;?
741.0;580.0;-288.0;586.0;505.0;782.0;?
748.0;578.0;-279.0;580.0;492.0;782.0;617.0
757.0;577.0;-265.0;573.0;478.0;782.0;615.0
765.0;574.0;-249.0;563.0;464.0;782.0;613.0
?;570.0;-239.0;554.0;459.0;781.0;609.0
768.0;564.0;-228.0;545.0;457.0;777.0;607.0
772.0;556.0;-216.0;?;449.0;775.0;606.0
775.0;549.0;-209.0;529.0;441.0;775.0;605.0
774.0;539.0;-206.0;521.0;438.0;774.0;603.0
773.0;528.0;-204.0;513.0;434.0;770.0;597.0
773.0;517.0;-201.0;502.0;426.0;766.0;587.0
772.0;506.0;-197.0;496.0;416.0;766.0;571.0
773.0;496.0;-194.0;492.0;403.0;766.0;553.0
773.0;489.0;-194.0;486.0;395.0;761.0;528.0
773.0;475.0;-195.0;?;387.0;751.0;495.0
?;448.0;?;462.0;379.0;733.0;464.0
778.0;421.0;-188.0;445.0;372.0;710.0;?
781.0;401.0;-184.0;430.0;365.0;689.0;412.0
785.0;385.0;-180.0;422.0;360.0;674.0;392.0
788.0;366.0;-178.0;425.0;358.0;668.0;372.0
793.0;349.0;-171.0;443.0;354.0;668.0;358.0
798.0;342.0;-165.0;466.0;348.0;662.0;351.0
803.0;343.0;-161.0;479.0;345.0;647.0;344.0
806.0;339.0;-159.0;480.0;?;627.0;328.0
806.0;333.0;-160.0;475.0;348.0;608.0;311.0
?;331.0;?;474.0;348.0;596.0;299.0
809.0;336.0;-162.0;479.0;349.0;588.0;291.0
809.0;338.0;-163.0;485.0;347.0;582.0;284.0
808.0;341.0;-166.0;487.0;345.0;576.0;277.0
807.0;340.0;-166.0;485.0;345.0;572.0;267.0
808.0;335.0;-161.0;479.0;339.0;566.0;256.0
810.0;330.0;-156.0;471.0;336.0;561.0;247.0
816.0;327.0;-147.0;?;336.0;556.0;?
815.0;326.0;-139.0;461.0;336.0;553.0;235.0
804.0;324.0;-156.0;?;352.0;549.0;230.0
802.0;321.0;-154.0;458.0;342.0;545.0;226.0
810.0;316.0;-137.0;455.0;320.0;540.0;219.0
809.0;310.0;-135.0;451.0;318.0;535.0;212.0
807.0;303.0;-140.0;447.0;321.0;531.0;209.0
809.0;299.0;-134.0;446.0;315.0;529.0;208.0
811.0;299.0;-130.0;446.0;314.0;529.0;208.0
812.0;298.0;-128.0;447.0;?;529.0;209.0
813.0;299.0;-124.0;446.0;321.0;530.0;212.0
815.0;299.0;-120.0;444.0;323.0;534.0;215.0
818.0;300.0;-115.0;443.0;326.0;538.0;221.0
?;301.0;-112.0;440.0;329.0;?;226.0
824.0;303.0;-109.0;437.0;333.0;549.0;231.0
825.0;306.0;-108.0;432.0;337.0;553.0;236.0
824.0;309.0;-109.0;423.0;340.0;?;240.0
822.0;310.0;?;408.0;338.0;555.0;242.0
818.0;308.0;-106.0;391.0;332.0;553.0;241.0
811.0;302.0;-103.0;371.0;324.0;550.0;239.0
802.0;298.0;?;350.0;316.0;546.0;235.0
793.0;290.0;-98.0;332.0;303.0;545.0;229.0
785.0;281.0;-97.0;316.0;284.0;545.0;225.0
774.0;272.0;-97.0;300.0;259.0;544.0;221.0
762.0;266.0;-97.0;286.0;231.0;544.0;219.0
752.0;263.0;-94.0;275.0;198.0;545.0;217.0
744.0;260.0;-94.0;266.0;167.0;544.0;214.0
738.0;256.0;-105.0;258.0;147.0;543.0;208.0
735.0;254.0;-128.0;249.0;146.0;540.0;203.0
734.0;253.0;-160.0;242.0;160.0;537.0;197.0
735.0;252.0;-187.0;236.0;182.0;534.0;192.0
739.0;249.0;-204.0;231.0;206.0;530.0;185.0
744.0;247.0;-209.0;226.0;230.0;525.0;178.0
750.0;243.0;-200.0;221.0;250.0;521.0;170.0
758.0;239.0;-178.0;215.0;?;517.0;163.0
767.0;233.0;-146.0;208.0;268.0;515.0;154.0
?;228.0;-109.0;199.0;268.0;?;143.0
784.0;221.0;-71.0;185.0;265.0;500.0;126.0
789.0;208.0;-34.0;170.0;261.0;490.0;107.0
791.0;191.0;1.0;153.0;259.0;476.0;89.0
790.0;173.0;38.0;135.0;251.0;456.0;?
787.0;?;76.0;121.0;241.0;433.0;57.0
782.0;155.0;108.0;114.0;234.0;411.0;44.0
775.0;142.0;132.0;116.0;227.0;391.0;32.0
767.0;134.0;148.0;124.0;215.0;373.0;23.0
759.0;128.0;161.0;134.0;198.0;357.0;12.0
752.0;120.0;170.0;140.0;177.0;338.0;-1.0
749.0;109.0;174.0;140.0;157.0;321.0;-16.0
?;95.0;172.0;133.0;144.0;303.0;-35.0
744.0;79.0;171.0;?;124.0;289.0;-55.0
?;63.0;178.0;99.0;95.0;276.0;-72.0
738.0;48.0;186.0;80.0;67.0;?;-89.0
735.0;37.0;196.0;64.0;41.0;260.0;-101.0
732.0;27.0;206.0;51.0;20.0;255.0;-112.0
730.0;18.0;212.0;?;9.0;249.0;-124.0
729.0;11.0;?;29.0;3.0;246.0;-136.0
730.0;4.0;228.0;19.0;-4.0;241.0;-149.0
?;-5.0;236.0;15.0;-11.0;240.0;-161.0
734.0;-11.0;240.0;18.0;-17.0;?;-169.0
736.0;?;?;18.0;-24.0;233.0;-179.0
738.0;-24.0;247.0;15.0;-35.0;225.0;-193.0
738.0;-40.0;255.0;8.0;-50.0;215.0;-213.0
737.0;-62.0;265.0;-7.0;-69.0;199.0;-238.0
735.0;-82.0;274.0;-29.0;-90.0;176.0;-264.0
732.0;-103.0;287.0;-63.0;-107.0;144.0;-291.0
726.0;-133.0;306.0;-101.0;-124.0;113.0;-320.0
716.0;-168.0;333.0;-140.0;-142.0;79.0;-349.0
700.0;-203.0;373.0;-182.0;-169.0;37.0;-375.0
676.0;-230.0;419.0;-223.0;-191.0;-1.0;-400.0
649.0;-252.0;467.0;-252.0;-203.0;-22.0;-421.0
617.0;-267.0;513.0;-266.0;-208.0;-21.0;-438.0
583.0;?;553.0;-272.0;-209.0;-6.0;-451.0
552.0;-301.0;586.0;-275.0;-211.0;16.0;-461.0
519.0;-313.0;617.0;-286.0;-216.0;33.0;-467.0
486.0;-325.0;647.0;-301.0;-224.0;42.0;-473.0
452.0;-337.0;673.0;-324.0;-237.0;43.0;-477.0
420.0;-353.0;695.0;-351.0;-254.0;36.0;-482.0
388.0;-367.0;711.0;-379.0;-275.0;23.0;-490.0
365.0;-380.0;721.0;-413.0;-304.0;3.0;-504.0
352.0;-388.0;725.0;?;-333.0;-21.0;-524.0
?;-394.0;727.0;-479.0;-362.0;-49.0;-545.0
341.0;-398.0;?;-500.0;-388.0;-78.0;-564.0
345.0;-399.0;714.0;-505.0;-411.0;-113.0;-579.0
351.0;-402.0;703.0;-498.0;-434.0;-157.0;-589.0
354.0;-410.0;693.0;-478.0;-458.0;-213.0;-597.0
351.0;-421.0;686.0;-450.0;-482.0;-280.0;?
345.0;-431.0;683.0;-417.0;-501.0;-354.0;-608.0
343.0;-438.0;680.0;-379.0;-514.0;-421.0;-614.0
347.0;-443.0;677.0;-342.0;-516.0;-466.0;-631.0
346.0;-443.0;680.0;-313.0;-510.0;-487.0;-654.0
342.0;-437.0;687.0;-295.0;-498.0;-484.0;-671.0
332.0;?;696.0;?;-485.0;-458.0;-681.0
314.0;-416.0;705.0;-290.0;-473.0;-430.0;-685.0
292.0;-421.0;717.0;-321.0;?;-416.0;-687.0
266.0;-435.0;731.0;-363.0;-466.0;-402.0;-686.0
238.0;-450.0;749.0;-406.0;-465.0;-384.0;-682.0
209.0;-459.0;766.0;-449.0;-464.0;-364.0;-672.0
189.0;-463.0;777.0;-489.0;?;-343.0;-658.0
177.0;-464.0;781.0;-517.0;-451.0;-317.0;-642.0
169.0;-469.0;782.0;-530.0;-445.0;?;-627.0
?;-469.0;783.0;-528.0;-443.0;-251.0;-609.0
151.0;-458.0;786.0;-519.0;-444.0;-218.0;-592.0
145.0;-442.0;790.0;-507.0;-448.0;-187.0;-578.0
142.0;-429.0;796.0;-491.0;-451.0;-161.0;-567.0
147.0;-421.0;799.0;-475.0;-452.0;-145.0;-554.0
163.0;-417.0;?;-469.0;-458.0;-149.0;-544.0
188.0;-424.0;786.0;-468.0;-468.0;-168.0;-541.0
225.0;-432.0;772.0;-465.0;-474.0;?;-543.0
259.0;-443.0;759.0;-456.0;?;-222.0;-546.0
281.0;-448.0;750.0;-445.0;-477.0;-248.0;-546.0
288.0;-442.0;751.0;-429.0;-477.0;?;-548.0
286.0;-426.0;757.0;-405.0;-473.0;-256.0;-549.0
288.0;-410.0;763.0;-383.0;-460.0;-244.0;-548.0
295.0;-397.0;763.0;-368.0;-440.0;-231.0;-546.0
305.0;-391.0;757.0;-364.0;-416.0;?;-547.0
315.0;-392.0;749.0;?;-392.0;-215.0;-553.0
247.0;-462.0;776.0;-542.0;-424.0;-354.0;-641.0
236.0;-469.0;781.0;-555.0;-414.0;-358.0;-642.0
224.0;-473.0;786.0;?;-410.0;-358.0;-640.0
215.0;-473.0;790.0;-543.0;-411.0;-356.0;-637.0
208.0;-471.0;794.0;-526.0;-414.0;-355.0;-636.0
205.0;-472.0;795.0;-510.0;?;-356.0;-635.0
206.0;-473.0;794.0;-495.0;-429.0;-360.0;-633.0
212.0;-476.0;790.0;-482.0;-439.0;?;-630.0
223.0;-488.0;783.0;-478.0;-453.0;-384.0;-637.0
236.0;-499.0;775.0;-481.0;-471.0;-406.0;-646.0
247.0;-505.0;767.0;-489.0;-488.0;-429.0;-650.0
251.0;-504.0;764.0;-496.0;-497.0;-440.0;-653.0
248.0;-497.0;767.0;?;-499.0;-434.0;-655.0
244.0;-487.0;772.0;-492.0;-494.0;-421.0;-652.0
246.0;-475.0;775.0;-485.0;-483.0;?;-646.0
251.0;-464.0;774.0;-481.0;-467.0;-387.0;-640.0
257.0;-459.0;771.0;-483.0;-449.0;-369.0;-639.0
261.0;-459.0;768.0;-493.0;-432.0;-353.0;-641.0
-117.0;-516.0;857.0;-581.0;-418.0;-500.0;-725.0
-163.0;-526.0;860.0;-586.0;-392.0;-505.0;-728.0
-207.0;-532.0;861.0;-586.0;-365.0;-510.0;-730.0
-248.0;-537.0;861.0;-584.0;?;-518.0;-730.0
?;-541.0;859.0;-582.0;-306.0;?;-731.0
-323.0;-545.0;858.0;-581.0;-273.0;-538.0;-730.0
-357.0;-548.0;856.0;-581.0;-238.0;-548.0;-727.0
-389.0;-553.0;852.0;-576.0;-207.0;-550.0;-721.0
-412.0;-558.0;851.0;-563.0;-177.0;?;-717.0
-428.0;-566.0;853.0;-557.0;-148.0;-537.0;-716.0
-441.0;-569.0;854.0;-559.0;-121.0;-535.0;-715.0
-449.0;-565.0;856.0;?;-91.0;-533.0;-720.0
-449.0;-567.0;861.0;-585.0;-57.0;-527.0;-725.0
-442.0;-571.0;866.0;-603.0;-27.0;-524.0;-726.0
-434.0;-572.0;866.0;-618.0;?;-523.0;-722.0
-434.0;-571.0;858.0;-626.0;-12.0;-522.0;-720.0
-443.0;-566.0;847.0;-625.0;-24.0;-518.0;-720.0
-471.0;-560.0;831.0;-619.0;?;-516.0;-725.0
-481.0;-557.0;829.0;?;-82.0;-515.0;-731.0
?;-556.0;837.0;-622.0;-80.0;-519.0;-739.0
-484.0;-557.0;838.0;-628.0;?;-525.0;-748.0
-491.0;-557.0;832.0;-629.0;-68.0;-530.0;-754.0
-500.0;-553.0;822.0;-623.0;-67.0;-534.0;?
-531.0;-549.0;801.0;-610.0;-70.0;-535.0;-750.0
-554.0;-545.0;788.0;-594.0;?;-534.0;-745.0
-568.0;-541.0;779.0;-579.0;-71.0;-533.0;-740.0
?;-541.0;767.0;-571.0;-71.0;?;-739.0
-608.0;-541.0;?;-571.0;-71.0;-532.0;-739.0
-619.0;-542.0;739.0;-578.0;-68.0;-531.0;-740.0
-629.0;-542.0;?;-590.0;-61.0;-528.0;-740.0
-633.0;-543.0;?;-599.0;-50.0;-520.0;-739.0
-633.0;-544.0;729.0;-604.0;-43.0;-512.0;-736.0
-641.0;-547.0;721.0;-607.0;-36.0;-506.0;-735.0
-649.0;-551.0;?;-609.0;-30.0;-506.0;-737.0
-656.0;-555.0;710.0;-611.0;-25.0;?;-739.0
-665.0;-559.0;702.0;-612.0;-28.0;-521.0;-742.0
-673.0;-562.0;695.0;-612.0;-31.0;-536.0;-746.0
-677.0;-566.0;692.0;-611.0;-31.0;-553.0;-751.0
-675.0;-571.0;692.0;-609.0;-28.0;-572.0;-757.0
?;-576.0;687.0;-608.0;-25.0;-590.0;-764.0
-681.0;-580.0;686.0;-608.0;-21.0;-608.0;-771.0
?;-583.0;686.0;-608.0;-19.0;-626.0;-777.0
-688.0;-586.0;682.0;-608.0;-17.0;-645.0;-781.0
-692.0;-590.0;678.0;-608.0;-13.0;-661.0;-782.0
-693.0;-595.0;677.0;-610.0;-9.0;-680.0;-783.0
-689.0;-599.0;683.0;-612.0;-2.0;-697.0;-782.0
-684.0;-605.0;690.0;-615.0;3.0;-711.0;-779.0
-676.0;-610.0;699.0;-617.0;5.0;-724.0;-777.0
-662.0;-612.0;713.0;-620.0;7.0;-732.0;-775.0
-646.0;-613.0;728.0;-623.0;6.0;-735.0;-773.0
-628.0;-613.0;745.0;-626.0;8.0;-735.0;-773.0
-607.0;-612.0;763.0;-631.0;?;-732.0;-774.0
-586.0;-612.0;781.0;-637.0;18.0;-728.0;-774.0
-566.0;-614.0;797.0;-641.0;25.0;-722.0;-772.0
-551.0;-618.0;808.0;-642.0;33.0;-716.0;-769.0
-536.0;-621.0;818.0;-643.0;40.0;-710.0;-766.0
-524.0;-622.0;826.0;-642.0;44.0;-704.0;-765.0
-510.0;-622.0;836.0;-641.0;49.0;-699.0;-765.0
-492.0;-621.0;848.0;?;52.0;-697.0;-766.0
?;-622.0;860.0;-640.0;?;-696.0;-767.0
-455.0;-623.0;873.0;-639.0;53.0;-698.0;-768.0
-436.0;-625.0;885.0;-637.0;51.0;-702.0;-767.0
-419.0;-628.0;895.0;-635.0;47.0;-708.0;-765.0
-403.0;-630.0;905.0;-630.0;41.0;-716.0;-764.0
-387.0;-630.0;914.0;-627.0;32.0;-723.0;-764.0
-369.0;-628.0;924.0;-624.0;22.0;-729.0;-764.0
-353.0;-627.0;931.0;-622.0;14.0;-734.0;-764.0
-336.0;-626.0;938.0;-622.0;2.0;-739.0;-763.0
-318.0;-625.0;945.0;-620.0;-8.0;-746.0;-760.0
-296.0;?;953.0;-618.0;-20.0;-753.0;-757.0
-269.0;-625.0;960.0;-614.0;-31.0;-760.0;-753.0
-246.0;-626.0;966.0;-611.0;-37.0;-765.0;-747.0
-228.0;-629.0;969.0;-608.0;-39.0;-768.0;-741.0
-208.0;-630.0;973.0;-605.0;-39.0;-770.0;-737.0
-193.0;-631.0;976.0;-604.0;-40.0;-770.0;-734.0
-184.0;-632.0;979.0;-603.0;-42.0;-770.0;-731.0
-180.0;-632.0;980.0;-602.0;-45.0;-769.0;-728.0
-176.0;-634.0;982.0;-602.0;-45.0;-768.0;?
-170.0;-633.0;983.0;-602.0;-45.0;?;-723.0
-172.0;-632.0;983.0;-602.0;-45.0;-766.0;-723.0
-170.0;-630.0;983.0;-604.0;-43.0;-764.0;-723.0
-165.0;-630.0;984.0;-605.0;-43.0;-764.0;-721.0
-166.0;-631.0;984.0;-606.0;-44.0;-763.0;-718.0
?;-632.0;984.0;-607.0;-47.0;-763.0;-716.0
-167.0;-630.0;984.0;-609.0;?;-764.0;-718.0
-170.0;-628.0;983.0;-610.0;-57.0;-765.0;-720.0
-170.0;-626.0;?;-611.0;-61.0;?;-723.0
-181.0;-625.0;981.0;-611.0;-66.0;-768.0;-726.0
-183.0;-625.0;981.0;-610.0;-68.0;-769.0;-727.0
-172.0;-625.0;983.0;-610.0;-70.0;?;-729.0
-171.0;-624.0;983.0;-612.0;-67.0;-768.0;-733.0
-156.0;-621.0;?;-616.0;-64.0;-765.0;-740.0
-144.0;-618.0;987.0;-622.0;-64.0;-761.0;-746.0
-133.0;-618.0;989.0;-628.0;-65.0;-756.0;-751.0
-142.0;-619.0;986.0;-634.0;-82.0;-750.0;-756.0
-131.0;-621.0;988.0;-640.0;-81.0;-742.0;-758.0
-115.0;-624.0;991.0;-644.0;-72.0;?;-757.0
-119.0;-626.0;990.0;-645.0;-68.0;-732.0;-757.0
-122.0;-624.0;990.0;-641.0;-62.0;-732.0;-759.0
-124.0;-621.0;991.0;-635.0;-55.0;-735.0;-761.0
-116.0;-623.0;992.0;-628.0;-50.0;-741.0;-758.0
-86.0;-551.0;892.0;-517.0;11.0;-832.0;-775.0
-83.0;-552.0;895.0;-515.0;4.0;-829.0;-769.0
?;?;896.0;-513.0;-4.0;-825.0;-762.0
-701.0;-549.0;427.0;-454.0;-566.0;-741.0;-620.0
-695.0;-546.0;428.0;-451.0;-573.0;-730.0;-603.0
-697.0;-545.0;433.0;-449.0;-564.0;-717.0;-586.0
-699.0;-545.0;439.0;-447.0;-549.0;-705.0;-570.0
-696.0;-541.0;447.0;-442.0;-533.0;?;?
-686.0;-531.0;459.0;-432.0;-516.0;-680.0;-529.0
-664.0;-519.0;480.0;-416.0;?;-671.0;-506.0
-641.0;-507.0;504.0;-393.0;-475.0;-664.0;-492.0
-619.0;-491.0;523.0;-373.0;-464.0;-663.0;-484.0
-596.0;-477.0;543.0;-356.0;-470.0;-668.0;-477.0
-583.0;-466.0;554.0;-334.0;-480.0;-671.0;-468.0
-577.0;-453.0;557.0;-305.0;-490.0;-672.0;-455.0
-578.0;?;554.0;-271.0;-501.0;-668.0;-441.0
-586.0;?;545.0;-233.0;-510.0;-659.0;-428.0
-595.0;?;534.0;-198.0;?;-649.0;-419.0
-604.0;-412.0;523.0;-171.0;-521.0;-643.0;-412.0
-614.0;-411.0;508.0;-152.0;-520.0;-642.0;-408.0
-627.0;-418.0;?;-142.0;-512.0;-645.0;-412.0
-644.0;-425.0;465.0;-140.0;-498.0;-651.0;-418.0
-661.0;-424.0;440.0;-140.0;-480.0;-655.0;-419.0
?;-418.0;421.0;-144.0;-465.0;-656.0;?
?;-411.0;410.0;-149.0;-458.0;-656.0;-412.0
-678.0;-407.0;405.0;-155.0;-456.0;-651.0;-405.0
?;-403.0;403.0;-164.0;-459.0;-641.0;-399.0
-678.0;?;401.0;-178.0;-460.0;-624.0;-394.0
?;-398.0;401.0;-201.0;-463.0;-603.0;-391.0
-673.0;-392.0;405.0;-230.0;-468.0;-578.0;-386.0
?;-395.0;411.0;-263.0;-472.0;-556.0;-384.0
-670.0;-411.0;409.0;-301.0;-471.0;-544.0;-395.0
-678.0;-420.0;403.0;-337.0;-466.0;-552.0;-403.0
-682.0;-422.0;404.0;-359.0;-466.0;-569.0;-400.0
-685.0;?;406.0;-358.0;-467.0;-578.0;-389.0
-692.0;-396.0;401.0;-339.0;-464.0;-574.0;-376.0
-702.0;-385.0;392.0;-311.0;-456.0;-562.0;-363.0
-713.0;-384.0;383.0;-279.0;-450.0;-549.0;-358.0
-724.0;-388.0;369.0;-250.0;-445.0;-540.0;-355.0
-733.0;-393.0;356.0;-227.0;-446.0;-538.0;-354.0
-742.0;-396.0;343.0;-216.0;-447.0;-544.0;-354.0
-750.0;-401.0;330.0;-216.0;-448.0;-552.0;-361.0
-758.0;-411.0;318.0;-223.0;-447.0;-560.0;-370.0
-764.0;-420.0;310.0;-236.0;-442.0;-571.0;-376.0
-770.0;-428.0;304.0;-254.0;-434.0;-583.0;-380.0
-774.0;-434.0;?;-272.0;-424.0;-594.0;-381.0
-775.0;-441.0;302.0;-288.0;-415.0;-597.0;-383.0
-771.0;-449.0;308.0;-301.0;-410.0;-594.0;-382.0
-764.0;-448.0;318.0;-310.0;-404.0;-591.0;-373.0
-757.0;-439.0;329.0;-316.0;-394.0;-581.0;-361.0
-747.0;-432.0;342.0;-319.0;-384.0;-568.0;-352.0
-735.0;-427.0;354.0;-319.0;-379.0;-555.0;-346.0
-724.0;-420.0;364.0;-318.0;-374.0;-545.0;?
-721.0;-421.0;367.0;-318.0;-363.0;-543.0;-340.0
-723.0;-433.0;367.0;-327.0;-352.0;-553.0;-353.0
-724.0;-444.0;373.0;-341.0;-349.0;-569.0;-370.0
-720.0;-455.0;385.0;-352.0;-358.0;-587.0;-381.0
-715.0;-459.0;400.0;-353.0;-375.0;-601.0;-386.0
-709.0;-455.0;414.0;-344.0;-397.0;-611.0;-385.0
-704.0;-447.0;424.0;-328.0;?;?;-383.0
-702.0;-439.0;429.0;-310.0;-434.0;-622.0;-383.0
-704.0;-435.0;426.0;-293.0;-442.0;-628.0;-386.0
-707.0;-435.0;421.0;-280.0;-441.0;-636.0;-390.0
-837.0;-346.0;185.0;-224.0;-381.0;-586.0;-284.0
-842.0;-349.0;168.0;-231.0;-368.0;-587.0;-283.0
-844.0;-353.0;157.0;-238.0;-352.0;-592.0;-283.0
-841.0;-357.0;155.0;-247.0;-336.0;-600.0;-281.0
-832.0;-347.0;165.0;-245.0;-319.0;-602.0;-268.0
-818.0;-336.0;185.0;-231.0;-302.0;-594.0;-257.0
-804.0;-334.0;207.0;-218.0;-283.0;-592.0;-256.0
-797.0;-339.0;?;-215.0;-269.0;-605.0;-264.0
-795.0;-343.0;223.0;-217.0;-262.0;-621.0;-275.0
-794.0;-348.0;224.0;-219.0;-259.0;-632.0;-288.0
-795.0;-360.0;228.0;-218.0;-265.0;-639.0;-301.0
-793.0;?;238.0;-215.0;-282.0;-647.0;-311.0
-791.0;-376.0;248.0;-211.0;-306.0;?;?
-788.0;-377.0;254.0;-203.0;-327.0;?;-315.0
-785.0;-375.0;255.0;-194.0;-342.0;-666.0;-312.0
-784.0;-372.0;250.0;-183.0;-345.0;-663.0;-308.0
-784.0;-368.0;243.0;-171.0;-336.0;-658.0;-302.0
-785.0;-362.0;235.0;-162.0;-322.0;-650.0;-297.0
-784.0;-355.0;226.0;-157.0;?;-641.0;-292.0
-782.0;-347.0;219.0;-159.0;?;-633.0;-285.0
-781.0;-338.0;213.0;-164.0;-297.0;-619.0;-272.0
-783.0;-328.0;?;-170.0;-288.0;-593.0;-256.0
-785.0;-322.0;199.0;-181.0;-281.0;-558.0;-243.0
-785.0;-312.0;?;-194.0;-283.0;-520.0;-228.0
-781.0;-288.0;209.0;-204.0;-290.0;-478.0;-202.0
-778.0;-272.0;218.0;-205.0;-294.0;-438.0;-175.0
-779.0;-267.0;220.0;-196.0;-291.0;-410.0;-159.0
-784.0;-254.0;209.0;-196.0;-283.0;-409.0;?
-789.0;-240.0;188.0;-189.0;-266.0;-412.0;-119.0
-798.0;-220.0;159.0;-162.0;-243.0;-403.0;?
-808.0;?;124.0;-125.0;-222.0;-389.0;-75.0
-818.0;-188.0;92.0;-93.0;-210.0;-380.0;-58.0
-826.0;-180.0;66.0;-67.0;-212.0;-377.0;-47.0
-832.0;-173.0;43.0;?;-226.0;-375.0;-39.0
-835.0;-168.0;22.0;-43.0;-242.0;-372.0;-34.0
-837.0;-165.0;2.0;-38.0;-254.0;-372.0;-30.0
-840.0;-166.0;-19.0;-37.0;-256.0;-375.0;-27.0
-843.0;?;-41.0;?;-247.0;-374.0;-25.0
-846.0;-171.0;-66.0;-31.0;-236.0;-367.0;-23.0
-847.0;-168.0;-86.0;-19.0;-224.0;-355.0;-18.0
?;-166.0;-103.0;-4.0;-216.0;-344.0;-15.0
-845.0;-166.0;-117.0;9.0;-205.0;-336.0;-13.0
-844.0;?;?;15.0;-188.0;-334.0;-10.0
-841.0;-156.0;-131.0;20.0;-165.0;-328.0;-4.0
-838.0;-153.0;-130.0;25.0;-131.0;-321.0;0.0
-834.0;-155.0;-125.0;22.0;-97.0;-320.0;-4.0
-831.0;-167.0;-118.0;6.0;-69.0;-336.0;-15.0
-831.0;-176.0;-112.0;-13.0;-49.0;-362.0;-20.0
-833.0;-184.0;-108.0;-28.0;-36.0;-387.0;-27.0
-840.0;-188.0;-99.0;-33.0;?;-399.0;-33.0
-846.0;-190.0;-85.0;-31.0;-72.0;-402.0;-38.0
-848.0;-192.0;-67.0;-28.0;-115.0;-408.0;-39.0
-849.0;-189.0;-50.0;-25.0;-159.0;-417.0;-33.0
-847.0;-180.0;-40.0;-18.0;-191.0;-422.0;-24.0
-846.0;-171.0;-43.0;-7.0;?;-421.0;-18.0
-846.0;-168.0;-57.0;0.0;-184.0;-420.0;-15.0
-844.0;-167.0;-72.0;-8.0;-164.0;-433.0;-11.0
-840.0;-168.0;-85.0;-18.0;-146.0;-443.0;-3.0
-819.0;-117.0;-366.0;-43.0;-129.0;-321.0;210.0
-821.0;-121.0;-365.0;?;-113.0;-324.0;212.0
-823.0;-125.0;-361.0;-39.0;-106.0;-331.0;208.0
-829.0;-130.0;-349.0;-28.0;-101.0;-341.0;193.0
-832.0;-140.0;-337.0;-22.0;-106.0;-359.0;167.0
-834.0;-155.0;-339.0;-31.0;-102.0;-395.0;?
-836.0;-173.0;?;-49.0;-102.0;-436.0;90.0
-839.0;-192.0;-326.0;-63.0;-112.0;-475.0;45.0
-841.0;-202.0;-321.0;-75.0;-117.0;-511.0;-4.0
-843.0;-200.0;-319.0;-87.0;-116.0;?;-57.0
-846.0;-200.0;-314.0;-94.0;-121.0;-568.0;-99.0
-842.0;-203.0;-305.0;-93.0;-137.0;?;-133.0
-835.0;-205.0;-302.0;-93.0;-146.0;-599.0;-157.0
-829.0;-209.0;-307.0;-93.0;-152.0;-615.0;-182.0
-821.0;-216.0;-310.0;-93.0;-165.0;-626.0;-205.0
-814.0;-221.0;-313.0;-93.0;-178.0;-633.0;-228.0
-807.0;-229.0;-325.0;-97.0;-184.0;-639.0;?
-800.0;-241.0;-339.0;-102.0;-187.0;-646.0;-271.0
-791.0;-253.0;-350.0;-108.0;-191.0;-650.0;-288.0
-781.0;?;-364.0;-113.0;-190.0;-652.0;-300.0
-768.0;-272.0;-381.0;-119.0;-184.0;-653.0;-311.0
-756.0;-282.0;-397.0;-125.0;-182.0;-654.0;-320.0
-742.0;-292.0;-411.0;-131.0;-191.0;-654.0;-325.0
-725.0;-301.0;-419.0;-137.0;?;-651.0;-330.0
-707.0;-309.0;?;-146.0;-234.0;-647.0;-333.0
-687.0;-316.0;-422.0;-155.0;?;-642.0;-337.0
-665.0;-322.0;-421.0;-164.0;-288.0;-636.0;-339.0
?;-328.0;-427.0;-173.0;-302.0;-635.0;-339.0
?;-333.0;-437.0;-182.0;-311.0;-634.0;-337.0
-596.0;-338.0;-447.0;-189.0;-320.0;-630.0;?
-566.0;-341.0;-456.0;-202.0;-327.0;-627.0;-329.0
-538.0;-343.0;-460.0;-206.0;-335.0;-615.0;-319.0
-512.0;?;-461.0;-209.0;-342.0;-611.0;-306.0
-495.0;-343.0;-461.0;-211.0;-343.0;-616.0;-293.0
-485.0;-338.0;-464.0;?;?;-623.0;-278.0
-490.0;-332.0;-472.0;?;-320.0;-622.0;-267.0
-501.0;-329.0;-475.0;-212.0;-304.0;-621.0;-259.0
-518.0;-326.0;-473.0;-216.0;-293.0;?;-254.0
-539.0;-324.0;-460.0;-217.0;-284.0;-625.0;-245.0
-562.0;-321.0;-438.0;-212.0;-278.0;-631.0;-238.0
-589.0;-315.0;-412.0;-201.0;-272.0;-628.0;-231.0
-624.0;-311.0;-380.0;-196.0;-262.0;-637.0;-225.0
-660.0;-307.0;-340.0;-201.0;-255.0;-649.0;-231.0
?;-300.0;-294.0;-213.0;-250.0;-665.0;?
-720.0;-298.0;-243.0;-218.0;-248.0;-679.0;-259.0
-741.0;-301.0;-196.0;-219.0;-251.0;-685.0;-274.0
-758.0;-305.0;-154.0;-222.0;-256.0;?;-280.0
-769.0;-309.0;-116.0;-222.0;-259.0;-705.0;-284.0
-775.0;-307.0;?;-214.0;-263.0;-713.0;-290.0
-778.0;-303.0;-56.0;-210.0;-266.0;-720.0;-299.0
-780.0;-307.0;-32.0;-208.0;-268.0;-728.0;-313.0
-781.0;-311.0;-9.0;-206.0;-268.0;-736.0;-326.0
-780.0;-314.0;14.0;-200.0;-268.0;-742.0;-337.0
-777.0;-314.0;37.0;-191.0;-268.0;-745.0;-345.0
-773.0;-315.0;60.0;-181.0;-264.0;-747.0;-353.0
?;-315.0;81.0;-172.0;-260.0;-751.0;-362.0
-760.0;-316.0;100.0;-166.0;-258.0;-755.0;-371.0
-753.0;-315.0;116.0;-162.0;-257.0;-758.0;?
-746.0;-315.0;129.0;-160.0;-257.0;-759.0;-388.0
-739.0;-319.0;139.0;-160.0;-255.0;-761.0;-396.0
-731.0;-322.0;152.0;-164.0;?;-766.0;-403.0
-724.0;-322.0;169.0;-168.0;-255.0;-772.0;-409.0
-717.0;-325.0;?;-171.0;-268.0;-778.0;-416.0
-712.0;-332.0;201.0;-174.0;-289.0;-781.0;-423.0
-709.0;-336.0;208.0;-174.0;-314.0;-782.0;-427.0
-709.0;-339.0;212.0;-169.0;-336.0;-776.0;-430.0
-709.0;-340.0;217.0;-169.0;-356.0;-775.0;-436.0
-707.0;-342.0;223.0;-173.0;-373.0;-775.0;-441.0
-704.0;-347.0;228.0;-175.0;-385.0;-773.0;-444.0
-699.0;-346.0;235.0;-177.0;-394.0;-777.0;-445.0
-695.0;-346.0;240.0;-179.0;-400.0;-781.0;-447.0
-692.0;-347.0;246.0;-176.0;-403.0;-781.0;-448.0
-688.0;-344.0;252.0;-172.0;-406.0;-783.0;-452.0
-683.0;-343.0;258.0;-171.0;-411.0;-783.0;-457.0
-678.0;-342.0;264.0;-171.0;-414.0;-783.0;?
-672.0;?;270.0;-171.0;-416.0;-783.0;-468.0
-667.0;-342.0;278.0;-172.0;-416.0;-783.0;-473.0
-663.0;-343.0;285.0;-173.0;-417.0;-783.0;-478.0
-660.0;-345.0;290.0;-175.0;-417.0;?;-483.0
-658.0;-348.0;294.0;-176.0;-417.0;-782.0;-486.0
-658.0;-349.0;298.0;-176.0;-416.0;-782.0;-489.0
-658.0;-350.0;302.0;-176.0;-415.0;-781.0;-493.0
-659.0;-350.0;306.0;-176.0;-414.0;-781.0;-497.0
-660.0;-351.0;308.0;-176.0;-414.0;-780.0;-502.0
-661.0;-350.0;309.0;-178.0;-415.0;-779.0;-507.0
-662.0;-349.0;309.0;-180.0;-414.0;-778.0;-512.0
-663.0;-350.0;310.0;-180.0;-414.0;-778.0;-516.0
-662.0;-348.0;313.0;-180.0;-413.0;-778.0;-521.0
-661.0;-345.0;314.0;-179.0;-413.0;-778.0;-526.0
-659.0;-339.0;315.0;-181.0;-411.0;-779.0;-531.0
-658.0;-328.0;315.0;-181.0;-409.0;-777.0;-536.0
-658.0;-329.0;314.0;-178.0;?;-771.0;-551.0
-657.0;-325.0;314.0;-185.0;-404.0;-771.0;-567.0
-656.0;-320.0;312.0;-190.0;-405.0;-771.0;-580.0
-657.0;-310.0;304.0;-190.0;-409.0;-768.0;-588.0
-663.0;-304.0;287.0;-190.0;-411.0;-766.0;-594.0
-675.0;-302.0;267.0;-190.0;-408.0;-764.0;-598.0
-687.0;-300.0;251.0;-188.0;-404.0;-762.0;-603.0
-698.0;-295.0;240.0;-188.0;-401.0;-759.0;-606.0
-707.0;-297.0;237.0;-190.0;-401.0;-757.0;-612.0
-711.0;-298.0;240.0;-194.0;-404.0;-756.0;-617.0
-714.0;-299.0;242.0;-200.0;-405.0;-756.0;?
-718.0;-303.0;243.0;-209.0;-404.0;-758.0;-627.0
-720.0;-305.0;242.0;-218.0;?;-758.0;-629.0
-723.0;-306.0;241.0;-222.0;-402.0;-756.0;-628.0
-725.0;-305.0;?;-222.0;-399.0;-754.0;-625.0
-725.0;-304.0;241.0;-220.0;-395.0;?;-621.0
-724.0;-304.0;244.0;-221.0;-390.0;-745.0;-615.0
-722.0;-306.0;247.0;-221.0;-380.0;-742.0;-609.0
-720.0;-306.0;250.0;-219.0;-370.0;-740.0;-600.0
-717.0;-306.0;255.0;-219.0;-364.0;-739.0;-594.0
-712.0;-309.0;260.0;-220.0;-361.0;-741.0;-587.0
-709.0;-306.0;264.0;-228.0;-359.0;-746.0;-579.0
-705.0;-302.0;265.0;-242.0;-357.0;-754.0;-573.0
-703.0;-303.0;263.0;-256.0;?;-759.0;-567.0
-701.0;-304.0;258.0;-269.0;-347.0;-762.0;-559.0
-701.0;-306.0;253.0;-279.0;-343.0;-769.0;-546.0
-701.0;-312.0;248.0;-281.0;-340.0;?;-534.0
-701.0;-318.0;241.0;-280.0;-338.0;-776.0;-524.0
-703.0;-330.0;231.0;-284.0;?;-780.0;-511.0
-707.0;-350.0;219.0;-287.0;-330.0;-786.0;-499.0
-711.0;-362.0;207.0;-291.0;-330.0;-793.0;-489.0
-715.0;-371.0;198.0;-300.0;-331.0;-802.0;-482.0
-718.0;-385.0;192.0;-305.0;-332.0;-809.0;-480.0
-722.0;?;189.0;-315.0;-332.0;-819.0;-481.0
-725.0;-410.0;188.0;-323.0;-331.0;-831.0;-484.0
-728.0;-414.0;190.0;-323.0;-330.0;-840.0;-493.0
-732.0;-415.0;193.0;-322.0;-330.0;-847.0;-505.0
-734.0;-421.0;195.0;-328.0;-331.0;-852.0;-519.0
-737.0;-423.0;197.0;-341.0;-334.0;-851.0;-531.0
-738.0;-420.0;200.0;-348.0;-337.0;?;-537.0
-739.0;-423.0;207.0;-353.0;-343.0;-848.0;-540.0
-738.0;-433.0;216.0;-358.0;-350.0;?;-542.0
-736.0;-437.0;225.0;-360.0;-355.0;-849.0;?
-735.0;-442.0;233.0;-361.0;-355.0;-851.0;-541.0
-733.0;-444.0;?;?;-350.0;-856.0;-541.0
-732.0;-442.0;244.0;?;-346.0;-861.0;-544.0
-730.0;-439.0;250.0;-359.0;-342.0;-865.0;-548.0
-729.0;-445.0;259.0;-358.0;-341.0;-867.0;-559.0
-726.0;-448.0;270.0;-361.0;-343.0;-863.0;-567.0
-723.0;-448.0;284.0;-349.0;-346.0;-850.0;-565.0
-719.0;-448.0;299.0;-334.0;-350.0;?;-562.0
-715.0;-449.0;312.0;-329.0;-353.0;-831.0;?
-710.0;-454.0;324.0;-323.0;-356.0;-824.0;-572.0
-705.0;-458.0;335.0;-318.0;-358.0;-822.0;?
-701.0;-460.0;345.0;-317.0;-359.0;-821.0;-589.0
-697.0;-465.0;357.0;-315.0;-363.0;-822.0;-602.0
-692.0;-467.0;?;-319.0;-367.0;-823.0;-613.0
-686.0;-470.0;386.0;-324.0;-371.0;-825.0;-618.0
-680.0;-473.0;400.0;-323.0;-374.0;-821.0;-611.0
-674.0;-475.0;413.0;-312.0;-375.0;-804.0;-594.0
-668.0;-490.0;425.0;-325.0;-377.0;-801.0;-582.0
-661.0;?;438.0;-325.0;-381.0;-797.0;-566.0
-651.0;-495.0;451.0;-307.0;-389.0;-791.0;?
-644.0;?;459.0;-313.0;?;-792.0;?
-640.0;-509.0;461.0;-310.0;-401.0;-789.0;-545.0
-636.0;-506.0;463.0;-306.0;-406.0;-786.0;-542.0
-632.0;-506.0;465.0;-308.0;-413.0;-787.0;-544.0
-628.0;-505.0;466.0;-313.0;-420.0;-793.0;-546.0
-626.0;-508.0;465.0;?;-427.0;-796.0;-551.0
-624.0;-507.0;465.0;-320.0;-436.0;-799.0;-552.0
-622.0;-508.0;464.0;-321.0;-444.0;?;-555.0
-623.0;-506.0;462.0;-321.0;-451.0;-802.0;-560.0
-624.0;-503.0;458.0;-323.0;-455.0;-805.0;-567.0
-626.0;-502.0;455.0;-324.0;-456.0;-805.0;-575.0
-627.0;-501.0;455.0;?;-457.0;-800.0;-582.0
-628.0;-502.0;460.0;-340.0;-458.0;-794.0;-587.0
-628.0;-510.0;469.0;-349.0;-458.0;-792.0;-586.0
-627.0;-523.0;482.0;-352.0;-459.0;-787.0;-584.0
-624.0;-527.0;?;-362.0;-461.0;-790.0;-581.0
-617.0;-534.0;518.0;-385.0;-465.0;-805.0;-584.0
-608.0;-546.0;536.0;-401.0;-471.0;-817.0;-586.0
-599.0;-554.0;553.0;-420.0;-475.0;-819.0;-589.0
-591.0;-560.0;567.0;-438.0;-476.0;-819.0;-590.0
-581.0;-566.0;579.0;-459.0;?;-819.0;-588.0
-575.0;-570.0;586.0;-489.0;-481.0;-803.0;-595.0
-572.0;-574.0;590.0;-519.0;-484.0;-787.0;-598.0
?;-583.0;?;-553.0;-486.0;-773.0;-593.0
-569.0;-593.0;602.0;-586.0;-489.0;-758.0;-588.0
-562.0;-605.0;612.0;-611.0;-495.0;-749.0;?
-551.0;-615.0;623.0;-628.0;-505.0;-745.0;-571.0
-537.0;-615.0;634.0;-638.0;-516.0;-741.0;-560.0
-524.0;-612.0;641.0;-637.0;-526.0;-739.0;?
-514.0;-604.0;644.0;-628.0;-535.0;-738.0;-535.0
-508.0;-591.0;643.0;-616.0;-541.0;-737.0;-524.0
-504.0;-580.0;641.0;-607.0;-547.0;-736.0;-522.0
-502.0;-572.0;637.0;-602.0;-554.0;-738.0;-526.0
-502.0;?;632.0;-597.0;-559.0;-742.0;-530.0
-504.0;-557.0;626.0;-588.0;-566.0;?;-532.0
-507.0;-545.0;620.0;-574.0;-571.0;-757.0;-533.0
-509.0;-531.0;615.0;-555.0;-574.0;-765.0;-535.0
-511.0;-517.0;611.0;-532.0;?;-770.0;-536.0
-513.0;-502.0;610.0;-507.0;-576.0;-768.0;-537.0
-511.0;-490.0;612.0;-483.0;-577.0;-762.0;-537.0
-507.0;-482.0;617.0;-463.0;-577.0;-756.0;-539.0
-498.0;-475.0;626.0;-447.0;-579.0;-753.0;-543.0
-486.0;-467.0;636.0;-437.0;-583.0;-755.0;-547.0
-474.0;-464.0;646.0;-430.0;-587.0;?;-551.0
-465.0;-467.0;654.0;-430.0;-588.0;-760.0;-559.0
-461.0;-473.0;660.0;-437.0;-588.0;-767.0;-571.0
-461.0;-479.0;662.0;-447.0;-586.0;-775.0;-582.0
-468.0;-488.0;661.0;-460.0;-584.0;-784.0;-595.0
-479.0;-500.0;656.0;-474.0;-580.0;-792.0;?
-493.0;-508.0;650.0;-488.0;-576.0;-797.0;-622.0
?;-513.0;644.0;-499.0;?;-799.0;-627.0
-513.0;-518.0;640.0;-506.0;-570.0;-796.0;-627.0
-519.0;?;638.0;-509.0;-567.0;-793.0;-625.0
-524.0;-526.0;635.0;-509.0;-567.0;-789.0;-625.0
-528.0;-529.0;630.0;-510.0;-568.0;-787.0;-625.0
-533.0;-530.0;624.0;-511.0;-571.0;-785.0;-625.0
-541.0;-534.0;617.0;-514.0;-572.0;-784.0;-625.0
?;-540.0;611.0;-517.0;-569.0;-785.0;-625.0
-557.0;-547.0;607.0;-522.0;-566.0;-786.0;-627.0
-562.0;-552.0;?;-529.0;-563.0;-787.0;-630.0
-564.0;-556.0;604.0;-536.0;-560.0;-787.0;-631.0
-560.0;-560.0;?;-542.0;-561.0;-785.0;-631.0
-550.0;-566.0;612.0;-546.0;-564.0;-783.0;-632.0
-537.0;-576.0;620.0;-550.0;-568.0;-782.0;-632.0
-521.0;-582.0;629.0;-552.0;-571.0;-781.0;-626.0
-502.0;-584.0;641.0;-553.0;-570.0;-779.0;-617.0
-477.0;-585.0;655.0;-553.0;-571.0;-776.0;-612.0
-456.0;-589.0;665.0;-551.0;-573.0;-773.0;-611.0
-452.0;-591.0;?;-551.0;-569.0;-772.0;-613.0
-462.0;-590.0;666.0;-552.0;-559.0;-771.0;-615.0
-470.0;-593.0;666.0;-555.0;-550.0;-770.0;-621.0
-471.0;-599.0;671.0;-556.0;-548.0;-770.0;-627.0
-464.0;-607.0;?;-556.0;-553.0;-773.0;-634.0
-456.0;-612.0;684.0;-555.0;-560.0;-776.0;-641.0
-452.0;-614.0;687.0;-554.0;-564.0;-776.0;-645.0
-449.0;-614.0;689.0;-553.0;-567.0;-774.0;-648.0
-452.0;-615.0;686.0;-551.0;-568.0;?;-653.0
-462.0;-615.0;680.0;-548.0;-567.0;-771.0;-656.0
-475.0;?;671.0;-546.0;-566.0;-771.0;-657.0
-491.0;-617.0;?;-544.0;-563.0;-772.0;-657.0
-509.0;-617.0;646.0;-540.0;-559.0;-773.0;-655.0
-526.0;-616.0;631.0;-538.0;-556.0;-773.0;-652.0
-545.0;-614.0;614.0;-536.0;-551.0;-774.0;-647.0
-565.0;-611.0;595.0;-537.0;-545.0;-774.0;-641.0
-587.0;-606.0;?;-541.0;-537.0;-774.0;-636.0
-613.0;-600.0;538.0;-544.0;-521.0;-775.0;-627.0
?;-594.0;504.0;-547.0;-494.0;-776.0;-617.0
-669.0;-586.0;473.0;-549.0;-461.0;-775.0;-610.0
-692.0;-578.0;450.0;-550.0;-428.0;-772.0;-603.0
-708.0;-564.0;?;?;-405.0;-766.0;-590.0
-714.0;-553.0;443.0;?;-397.0;-759.0;-573.0
-717.0;-545.0;451.0;-554.0;-401.0;-752.0;-558.0
-722.0;-537.0;447.0;-553.0;-407.0;-744.0;-541.0
-738.0;-529.0;424.0;-550.0;-400.0;-735.0;-527.0
-758.0;-520.0;393.0;-547.0;-383.0;-726.0;-511.0
-775.0;-509.0;368.0;-540.0;-367.0;-718.0;-495.0
-786.0;-495.0;353.0;-531.0;-362.0;?;-478.0
-795.0;-477.0;339.0;-519.0;-365.0;-704.0;-457.0
-806.0;?;321.0;-507.0;-366.0;-696.0;-438.0
-816.0;-441.0;301.0;-495.0;-371.0;-689.0;-419.0
-824.0;-427.0;282.0;-485.0;-381.0;-683.0;?
-830.0;?;265.0;-475.0;-393.0;-674.0;-384.0
?;-406.0;?;-464.0;-408.0;-662.0;-366.0
-829.0;-398.0;239.0;-455.0;-424.0;-648.0;-348.0
-828.0;-393.0;225.0;-446.0;?;-634.0;-330.0
-826.0;-399.0;?;-441.0;-442.0;-622.0;-313.0
-826.0;-405.0;190.0;?;-442.0;-612.0;-297.0
-827.0;-403.0;176.0;-442.0;-439.0;-606.0;?
-826.0;-397.0;167.0;-443.0;-439.0;-601.0;-265.0
-824.0;-387.0;163.0;-443.0;-442.0;-596.0;-250.0
-827.0;-375.0;156.0;-440.0;-436.0;-588.0;-236.0
-832.0;-364.0;151.0;-434.0;-423.0;?;-224.0
-829.0;-352.0;149.0;-429.0;-423.0;-570.0;-216.0
-828.0;-344.0;145.0;-427.0;-416.0;-560.0;?
-829.0;-343.0;141.0;-430.0;-403.0;-553.0;-208.0
-832.0;?;137.0;-435.0;?;-547.0;-204.0
-832.0;-349.0;142.0;-440.0;-380.0;-542.0;-200.0
-830.0;-350.0;152.0;-446.0;-381.0;-537.0;-196.0
-834.0;-353.0;147.0;-451.0;-373.0;-533.0;-194.0
-835.0;-358.0;137.0;-456.0;-374.0;-530.0;-192.0
-836.0;-366.0;126.0;-463.0;-376.0;-530.0;?
-841.0;-377.0;119.0;-470.0;-381.0;-532.0;-193.0
-840.0;-390.0;119.0;-477.0;?;-535.0;-199.0
-840.0;-404.0;118.0;-484.0;-408.0;-544.0;-207.0
-840.0;-415.0;115.0;-492.0;-408.0;-559.0;-217.0
-840.0;-423.0;113.0;-496.0;-409.0;-573.0;-231.0
-839.0;?;114.0;-493.0;-413.0;-589.0;-250.0
-838.0;-431.0;117.0;-488.0;-420.0;-607.0;?
-835.0;-437.0;?;-484.0;?;-626.0;-285.0
-833.0;-441.0;122.0;-479.0;-431.0;-643.0;-305.0
-829.0;-444.0;124.0;-474.0;-436.0;-659.0;-325.0
-825.0;-444.0;128.0;-470.0;-439.0;-674.0;-346.0
-822.0;-443.0;131.0;-467.0;-442.0;-688.0;-373.0
-819.0;-442.0;133.0;-467.0;-443.0;-701.0;-405.0
-815.0;-453.0;135.0;-471.0;-447.0;-717.0;-437.0
-811.0;-458.0;140.0;-477.0;-450.0;-728.0;-473.0
-808.0;-472.0;144.0;-480.0;-454.0;-740.0;-500.0
-802.0;-492.0;149.0;-480.0;-459.0;-752.0;-522.0
-797.0;-509.0;157.0;-480.0;-463.0;-758.0;-539.0
-790.0;-525.0;172.0;-483.0;-471.0;-763.0;-552.0
-773.0;-544.0;197.0;-489.0;-494.0;-767.0;-563.0
-756.0;-563.0;220.0;-502.0;-521.0;-771.0;-569.0
-741.0;-584.0;245.0;-521.0;-543.0;?;?
-739.0;-606.0;268.0;-545.0;-548.0;-766.0;-579.0
-743.0;-624.0;293.0;-568.0;-540.0;-761.0;-579.0
-757.0;-638.0;308.0;-587.0;-518.0;-755.0;-578.0
-779.0;-650.0;308.0;-602.0;-486.0;-751.0;-576.0
-800.0;-660.0;302.0;-612.0;-454.0;-749.0;?
-811.0;-664.0;299.0;-620.0;-431.0;-746.0;-579.0
-808.0;-666.0;305.0;-634.0;-426.0;-737.0;-585.0
-801.0;-666.0;310.0;-640.0;-433.0;-735.0;-588.0
-786.0;-667.0;324.0;-647.0;-448.0;-732.0;-590.0
-775.0;-667.0;333.0;-651.0;?;-729.0;-591.0
-770.0;?;335.0;-657.0;-465.0;?;-594.0
-766.0;-666.0;334.0;-664.0;?;-719.0;-596.0
-766.0;-668.0;334.0;-668.0;-461.0;-716.0;-596.0
-764.0;?;335.0;-673.0;-461.0;-712.0;-594.0
-762.0;-673.0;334.0;-677.0;-461.0;-709.0;-593.0
-765.0;-675.0;332.0;-681.0;-454.0;-706.0;-591.0
-766.0;-677.0;331.0;-687.0;-452.0;-702.0;-591.0
-764.0;-680.0;330.0;-689.0;-456.0;-700.0;-591.0
-761.0;-681.0;329.0;-692.0;-458.0;-698.0;-591.0
-758.0;-680.0;330.0;-692.0;?;-698.0;-591.0
-757.0;-678.0;330.0;-696.0;-465.0;-695.0;-594.0
-755.0;-676.0;331.0;-702.0;-467.0;-689.0;-598.0
-754.0;-675.0;331.0;-706.0;-468.0;-685.0;-601.0
-755.0;-674.0;331.0;-710.0;-467.0;-683.0;-603.0
-753.0;?;334.0;-713.0;-469.0;-680.0;-604.0
-751.0;-674.0;338.0;-716.0;-471.0;-676.0;-604.0
-749.0;-675.0;341.0;-719.0;-472.0;-674.0;-603.0
-748.0;-676.0;343.0;-720.0;-474.0;-673.0;-602.0
-745.0;-676.0;344.0;-722.0;-475.0;-673.0;-601.0
-743.0;-676.0;346.0;-723.0;-477.0;-671.0;-600.0
-742.0;-677.0;346.0;-723.0;-478.0;-672.0;?
?;-678.0;345.0;-723.0;-480.0;-672.0;-598.0
-742.0;-680.0;341.0;-724.0;-480.0;-669.0;-596.0
-743.0;-684.0;340.0;-724.0;-479.0;-669.0;-594.0
-741.0;-686.0;343.0;-723.0;-481.0;-670.0;-594.0
-740.0;-685.0;346.0;-722.0;-484.0;?;-595.0
-738.0;-685.0;349.0;-724.0;-486.0;-669.0;-597.0
-736.0;-686.0;352.0;-725.0;-488.0;-667.0;-598.0
-734.0;-687.0;354.0;-726.0;-491.0;-667.0;-598.0
-734.0;-687.0;355.0;-726.0;-493.0;-667.0;-598.0
-734.0;-687.0;357.0;-726.0;-495.0;-668.0;-599.0
-733.0;?;358.0;-726.0;-497.0;-668.0;-599.0
-732.0;-688.0;360.0;-725.0;-498.0;-669.0;-600.0
-729.0;-688.0;364.0;-724.0;-504.0;?;-601.0
-723.0;-687.0;368.0;-723.0;-510.0;-671.0;-603.0
-718.0;-687.0;372.0;-724.0;-514.0;-670.0;-606.0
-714.0;-688.0;373.0;-725.0;?;-669.0;-608.0
-712.0;-689.0;372.0;-725.0;-524.0;-668.0;-609.0
-711.0;-690.0;369.0;-726.0;-526.0;-667.0;-611.0
-712.0;-690.0;365.0;-726.0;-527.0;-666.0;?
-713.0;-690.0;359.0;-726.0;-528.0;-667.0;-614.0
-714.0;-690.0;351.0;-726.0;-531.0;-667.0;?
-714.0;-689.0;345.0;?;-536.0;-668.0;-618.0
-712.0;-687.0;344.0;?;-541.0;?;-620.0
-711.0;-686.0;343.0;-723.0;-546.0;-672.0;-621.0
-711.0;-685.0;342.0;-722.0;-547.0;-672.0;-621.0
-711.0;-685.0;341.0;-720.0;-547.0;-674.0;?
-713.0;-684.0;339.0;-719.0;-546.0;-675.0;-621.0
-716.0;-683.0;336.0;-719.0;-544.0;-676.0;-622.0
-716.0;?;337.0;-718.0;-544.0;-676.0;-624.0
-709.0;?;344.0;?;-549.0;-676.0;-626.0
-695.0;-682.0;353.0;-717.0;-562.0;-676.0;-628.0
-684.0;-681.0;356.0;-717.0;-574.0;-676.0;-630.0
-673.0;-680.0;363.0;-717.0;-584.0;-674.0;-633.0
-649.0;-680.0;383.0;-719.0;-605.0;-672.0;-637.0
-622.0;?;400.0;-718.0;?;-671.0;-638.0
-603.0;-679.0;408.0;-719.0;-644.0;-669.0;-640.0
-590.0;-677.0;411.0;-723.0;-655.0;-665.0;-643.0
-585.0;-675.0;408.0;-730.0;-662.0;-655.0;-647.0
-585.0;-672.0;405.0;?;-662.0;-648.0;-649.0
-584.0;-668.0;411.0;-736.0;-657.0;-644.0;-650.0
-574.0;-664.0;423.0;-736.0;-658.0;-642.0;-649.0
-569.0;-659.0;431.0;-734.0;-658.0;-644.0;-646.0
-581.0;-652.0;427.0;-730.0;-650.0;-649.0;-643.0
-589.0;-646.0;426.0;-722.0;-645.0;-656.0;-639.0
-592.0;-642.0;427.0;-712.0;-640.0;-667.0;-636.0
-594.0;?;427.0;-701.0;-634.0;-681.0;-632.0
?;-628.0;427.0;-692.0;-636.0;-694.0;-631.0
-590.0;-619.0;427.0;-683.0;-639.0;-707.0;-630.0
-587.0;-609.0;424.0;-674.0;-643.0;-718.0;?
-592.0;-598.0;421.0;-669.0;-638.0;-728.0;-634.0
-596.0;-586.0;424.0;-665.0;-630.0;-735.0;-636.0
-593.0;-575.0;425.0;-664.0;-633.0;-740.0;-635.0
-593.0;-565.0;423.0;-663.0;-633.0;-744.0;-631.0
-595.0;-554.0;418.0;-660.0;-631.0;-746.0;-622.0
?;-543.0;414.0;?;-632.0;-749.0;-607.0
-600.0;-533.0;406.0;-648.0;-630.0;-753.0;-591.0
-612.0;-519.0;394.0;-641.0;-623.0;-755.0;-577.0
-618.0;-502.0;389.0;-633.0;-616.0;-754.0;-564.0
-618.0;-488.0;389.0;-627.0;-610.0;-748.0;-554.0
-623.0;-478.0;386.0;-626.0;-605.0;-739.0;-545.0
-635.0;-470.0;378.0;-629.0;-593.0;-731.0;?
-640.0;-464.0;376.0;-629.0;?;-725.0;-515.0
-647.0;-457.0;370.0;-625.0;-574.0;-718.0;-498.0
-657.0;-451.0;360.0;-619.0;-562.0;-710.0;-481.0
-665.0;-444.0;353.0;-615.0;-554.0;-700.0;-464.0
-671.0;-440.0;347.0;-615.0;-547.0;-688.0;-449.0
-680.0;-440.0;339.0;?;-538.0;-676.0;-435.0
-688.0;-442.0;329.0;-624.0;-532.0;-661.0;?
-696.0;-446.0;319.0;-628.0;-525.0;-649.0;-412.0
-707.0;?;309.0;-632.0;-515.0;-640.0;-401.0
-720.0;-451.0;299.0;-634.0;-502.0;?;-390.0
-729.0;-451.0;?;-632.0;-494.0;-631.0;-379.0
-733.0;-445.0;287.0;-626.0;-488.0;-629.0;-371.0
-738.0;-438.0;284.0;?;-483.0;-628.0;?
-739.0;-431.0;283.0;-614.0;-488.0;-627.0;-362.0
-736.0;-427.0;282.0;-612.0;-495.0;?;-360.0
-738.0;?;280.0;-609.0;-499.0;-627.0;-359.0
-742.0;-419.0;276.0;-606.0;-502.0;-627.0;-360.0
-746.0;-416.0;271.0;-603.0;-503.0;-628.0;-361.0
-748.0;-413.0;269.0;-601.0;-506.0;-631.0;-362.0
-756.0;-410.0;262.0;-599.0;-502.0;-633.0;-362.0
-762.0;-407.0;256.0;-596.0;-498.0;-635.0;-363.0
-765.0;-404.0;253.0;-593.0;-494.0;-635.0;-363.0
-771.0;-400.0;248.0;-590.0;-486.0;-636.0;-363.0
-777.0;-396.0;244.0;-586.0;-480.0;-637.0;-363.0
-778.0;-393.0;244.0;-583.0;-481.0;-636.0;-362.0
-779.0;-390.0;245.0;-581.0;-484.0;-634.0;-361.0
-781.0;-387.0;245.0;-579.0;-483.0;-633.0;?
-781.0;-386.0;247.0;-579.0;-486.0;-632.0;-359.0
-775.0;-384.0;255.0;-579.0;-499.0;-630.0;-358.0
-765.0;-383.0;265.0;-579.0;-518.0;-628.0;-357.0
-754.0;-384.0;274.0;-580.0;-539.0;-626.0;-356.0
-737.0;-385.0;287.0;-582.0;-564.0;-624.0;-355.0
-720.0;-386.0;297.0;-583.0;-587.0;-623.0;-354.0
-710.0;-388.0;302.0;-583.0;-602.0;-623.0;-353.0
-704.0;-390.0;306.0;-584.0;-610.0;-623.0;-353.0
-697.0;-391.0;313.0;-586.0;-617.0;-623.0;-354.0
-697.0;-393.0;315.0;-586.0;-614.0;-625.0;-353.0
-701.0;-394.0;314.0;-584.0;-608.0;-626.0;-351.0
-703.0;-394.0;315.0;-582.0;-606.0;-627.0;-351.0
-701.0;-394.0;317.0;-582.0;-610.0;-628.0;-353.0
-694.0;-396.0;320.0;-583.0;-619.0;-628.0;-357.0
-694.0;-399.0;322.0;-583.0;-617.0;-631.0;-360.0
-697.0;?;326.0;-579.0;-610.0;-636.0;-361.0
-697.0;-399.0;329.0;-570.0;-607.0;-643.0;-363.0
-704.0;-395.0;320.0;-559.0;-598.0;-650.0;-367.0
-714.0;-392.0;309.0;-550.0;-582.0;-656.0;-374.0
?;-393.0;296.0;-545.0;-564.0;-660.0;-383.0
-731.0;-399.0;277.0;-542.0;-543.0;-665.0;-392.0
-741.0;-406.0;252.0;-541.0;-516.0;-670.0;-401.0
-746.0;-416.0;230.0;-538.0;-492.0;-675.0;-410.0
-748.0;?;212.0;-534.0;-471.0;-682.0;-419.0
?;-439.0;195.0;-528.0;-450.0;-689.0;-428.0
-749.0;-450.0;181.0;-522.0;-427.0;-695.0;-438.0
-749.0;-461.0;174.0;-518.0;-403.0;-699.0;-450.0
-746.0;-473.0;181.0;-517.0;-387.0;-703.0;-462.0
-740.0;-484.0;209.0;-514.0;-379.0;-707.0;-472.0
-730.0;?;257.0;-510.0;-384.0;-714.0;-482.0
-714.0;-501.0;322.0;-505.0;-398.0;-720.0;-493.0
-691.0;-506.0;397.0;-500.0;-418.0;-726.0;-504.0
-661.0;-511.0;?;-496.0;-440.0;?;-514.0
-622.0;-517.0;544.0;?;-463.0;-736.0;-526.0
-580.0;-525.0;604.0;-489.0;-485.0;-741.0;-538.0
-536.0;-530.0;652.0;-488.0;-503.0;-747.0;-549.0
?;-536.0;686.0;-488.0;-516.0;?;-561.0
-462.0;-541.0;707.0;-491.0;-526.0;-750.0;-572.0
-439.0;-546.0;?;-498.0;-533.0;-750.0;-585.0
-423.0;-552.0;724.0;-507.0;-538.0;-753.0;-599.0
-409.0;-560.0;727.0;-518.0;?;-756.0;-612.0
-392.0;-568.0;732.0;-529.0;-547.0;-760.0;-623.0
-368.0;-575.0;739.0;-539.0;-553.0;-763.0;-635.0
-336.0;-581.0;749.0;-549.0;-563.0;-764.0;-646.0
-301.0;-587.0;759.0;?;?;-765.0;-656.0
-267.0;-593.0;767.0;-567.0;-582.0;-767.0;-666.0
-236.0;?;774.0;-574.0;-588.0;-768.0;-675.0
-211.0;-602.0;778.0;-581.0;-591.0;-769.0;-685.0
-192.0;-606.0;782.0;-587.0;-592.0;-769.0;-693.0
-178.0;-610.0;786.0;-593.0;-592.0;-769.0;-699.0
-168.0;-616.0;789.0;-598.0;-590.0;-769.0;-704.0
-161.0;-622.0;792.0;-605.0;-588.0;?;-709.0
-156.0;-628.0;794.0;-610.0;-586.0;-766.0;-716.0
-150.0;-632.0;796.0;-613.0;-582.0;-765.0;-723.0
-140.0;?;798.0;-616.0;-579.0;-763.0;-730.0
-127.0;-635.0;799.0;-619.0;-577.0;?;-737.0
-114.0;-636.0;800.0;-622.0;-574.0;-754.0;-744.0
?;-638.0;?;-623.0;-570.0;-750.0;-750.0
-87.0;-639.0;801.0;?;-568.0;-745.0;-754.0
-73.0;-642.0;800.0;-621.0;-567.0;-741.0;-756.0
-60.0;-644.0;799.0;-620.0;-566.0;-738.0;-757.0
-47.0;-645.0;799.0;-620.0;-564.0;-733.0;-759.0
-33.0;-645.0;799.0;-621.0;-562.0;?;-761.0
-16.0;-645.0;798.0;?;-559.0;-720.0;-762.0
3.0;-646.0;797.0;-622.0;-558.0;-712.0;-763.0
20.0;-646.0;796.0;-624.0;-555.0;-701.0;-763.0
37.0;-646.0;797.0;-628.0;-551.0;-688.0;-763.0
52.0;-645.0;798.0;-633.0;-545.0;-673.0;-762.0
67.0;-645.0;798.0;-636.0;-539.0;-657.0;-761.0
81.0;-644.0;798.0;-638.0;-532.0;-640.0;-759.0
93.0;-641.0;798.0;-639.0;-526.0;-624.0;-756.0
102.0;-635.0;?;-640.0;-521.0;-607.0;-754.0
108.0;-628.0;798.0;-641.0;-518.0;-590.0;-753.0
117.0;-622.0;801.0;-642.0;-514.0;-574.0;-751.0
140.0;-616.0;800.0;-639.0;-509.0;-559.0;-747.0
174.0;-609.0;793.0;-633.0;-503.0;-544.0;-742.0
215.0;-600.0;782.0;-625.0;-495.0;-525.0;-737.0
253.0;-592.0;770.0;-619.0;-487.0;-499.0;-732.0
286.0;-583.0;757.0;-616.0;-480.0;-477.0;-727.0
312.0;?;746.0;-614.0;-477.0;-461.0;-721.0
333.0;-571.0;734.0;-613.0;-478.0;-444.0;-718.0
350.0;-566.0;723.0;?;-481.0;?;-716.0
361.0;-559.0;713.0;-608.0;-486.0;-408.0;-712.0
370.0;-550.0;705.0;-597.0;-489.0;-392.0;-707.0
377.0;-542.0;699.0;-584.0;-487.0;-380.0;-702.0
384.0;-533.0;693.0;-573.0;-483.0;-373.0;-698.0
389.0;-523.0;687.0;-561.0;-476.0;-370.0;-695.0
390.0;-515.0;685.0;-546.0;-471.0;-370.0;-694.0
383.0;-503.0;688.0;-531.0;-468.0;-374.0;-694.0
366.0;-494.0;697.0;-514.0;-469.0;-379.0;-695.0
345.0;-489.0;710.0;-488.0;-468.0;-389.0;-689.0
324.0;-488.0;726.0;-445.0;-459.0;-406.0;-675.0
303.0;-475.0;742.0;-406.0;-443.0;-426.0;-659.0
282.0;-463.0;756.0;-383.0;-425.0;-446.0;-656.0
262.0;-465.0;769.0;?;-408.0;-463.0;-668.0
246.0;-466.0;781.0;-378.0;-391.0;-479.0;-682.0
231.0;-469.0;792.0;-391.0;-374.0;-486.0;-697.0
215.0;-478.0;800.0;-405.0;-358.0;?;-707.0
200.0;-484.0;?;-421.0;-344.0;-492.0;-713.0
186.0;-492.0;?;-438.0;-333.0;-486.0;-718.0
170.0;-503.0;814.0;-452.0;-328.0;-481.0;-721.0
154.0;-509.0;819.0;-464.0;-328.0;-474.0;-721.0
137.0;-513.0;824.0;-472.0;-333.0;-466.0;-718.0
122.0;-514.0;827.0;-473.0;-339.0;-454.0;-715.0
108.0;-513.0;829.0;-471.0;-344.0;-440.0;-711.0
97.0;-513.0;830.0;-466.0;-350.0;-427.0;-708.0
87.0;-514.0;830.0;-463.0;?;-416.0;-705.0
80.0;-512.0;830.0;-464.0;-367.0;-411.0;-702.0
77.0;-510.0;830.0;-465.0;-379.0;-408.0;-700.0
79.0;-507.0;827.0;-467.0;-394.0;?;-700.0
87.0;-508.0;822.0;-471.0;-412.0;-404.0;-701.0
101.0;-513.0;815.0;-477.0;-431.0;-408.0;-703.0
121.0;-518.0;806.0;-486.0;-454.0;-417.0;-702.0
145.0;-522.0;795.0;-490.0;-476.0;-422.0;-698.0
170.0;-525.0;783.0;-490.0;-496.0;-419.0;?
194.0;-524.0;776.0;-488.0;-510.0;-406.0;-688.0
212.0;-521.0;773.0;-484.0;-514.0;-382.0;-688.0
227.0;-512.0;773.0;-483.0;?;?;-685.0
246.0;-501.0;769.0;-483.0;-496.0;-318.0;-676.0
264.0;-490.0;764.0;-481.0;-479.0;-287.0;-667.0
279.0;-484.0;759.0;-486.0;-464.0;-263.0;-660.0
211.0;-473.0;790.0;-429.0;-428.0;-378.0;-682.0
197.0;-485.0;797.0;-456.0;-418.0;-392.0;-686.0
181.0;-495.0;803.0;-472.0;?;-398.0;-688.0
167.0;-500.0;808.0;-477.0;-409.0;-397.0;-687.0
154.0;-503.0;812.0;-476.0;-413.0;-393.0;-686.0
144.0;-503.0;816.0;-472.0;-418.0;-388.0;-687.0
137.0;-503.0;819.0;-470.0;-424.0;-385.0;-688.0
137.0;-502.0;819.0;-470.0;-430.0;-385.0;-687.0
145.0;-503.0;815.0;-470.0;-438.0;-387.0;-684.0
163.0;-508.0;807.0;-470.0;-449.0;-392.0;-682.0
188.0;-513.0;?;-474.0;-464.0;-400.0;-682.0
212.0;-517.0;782.0;-479.0;-479.0;-405.0;-680.0
227.0;-516.0;774.0;-481.0;-487.0;-402.0;-678.0
227.0;-508.0;776.0;-480.0;-489.0;-386.0;-677.0
221.0;-497.0;783.0;-475.0;-488.0;-362.0;-674.0
222.0;-485.0;788.0;-469.0;-481.0;-337.0;-665.0
232.0;-472.0;787.0;-464.0;-469.0;-311.0;-656.0
248.0;-463.0;783.0;-465.0;-452.0;-288.0;-650.0
263.0;-457.0;779.0;-472.0;-432.0;-267.0;-647.0
?;-466.0;813.0;-487.0;-424.0;-402.0;-700.0
172.0;-474.0;824.0;-496.0;-409.0;-399.0;-701.0
144.0;-479.0;834.0;-499.0;-395.0;-393.0;-701.0
117.0;-482.0;843.0;-499.0;-382.0;-385.0;-699.0
91.0;-484.0;848.0;?;-374.0;-378.0;-699.0
66.0;-488.0;853.0;-504.0;-369.0;-371.0;-697.0
45.0;?;857.0;-506.0;-369.0;-365.0;-691.0
29.0;-494.0;860.0;-507.0;-373.0;-359.0;-684.0
20.0;-506.0;860.0;-513.0;-384.0;-358.0;?
20.0;-512.0;858.0;-523.0;-401.0;-364.0;-681.0
15.0;-508.0;856.0;-531.0;-414.0;-365.0;-679.0
?;-503.0;856.0;-534.0;-420.0;-354.0;-679.0
-28.0;-503.0;857.0;-534.0;-426.0;-341.0;-684.0
-40.0;-500.0;861.0;-530.0;-424.0;-333.0;-686.0
-39.0;?;864.0;-528.0;-420.0;?;-686.0
-28.0;-493.0;862.0;-527.0;-415.0;-337.0;-690.0
-17.0;-496.0;858.0;-530.0;-408.0;-348.0;-698.0
-19.0;-504.0;855.0;-538.0;-404.0;-365.0;-708.0
-37.0;-513.0;855.0;-549.0;-404.0;-385.0;-716.0
-55.0;-521.0;860.0;-554.0;-403.0;-407.0;-724.0
-61.0;-527.0;865.0;-559.0;-401.0;-431.0;-731.0
-63.0;-532.0;869.0;-560.0;-402.0;-458.0;-737.0
-70.0;-537.0;872.0;?;-404.0;-486.0;-743.0
-90.0;-541.0;872.0;-563.0;-410.0;-512.0;-752.0
-116.0;-546.0;872.0;-564.0;-417.0;-540.0;-761.0
-144.0;-551.0;870.0;-563.0;-424.0;-567.0;-772.0
?;-556.0;868.0;-562.0;-429.0;-591.0;-783.0
-196.0;-559.0;?;-560.0;-434.0;-616.0;-788.0
-217.0;-567.0;855.0;-554.0;-439.0;-638.0;-789.0
-245.0;-570.0;845.0;-555.0;-439.0;?;-791.0
-281.0;?;837.0;-572.0;-435.0;-659.0;-793.0
-318.0;-579.0;832.0;-592.0;?;-658.0;-790.0
-351.0;-586.0;832.0;-610.0;-408.0;-651.0;-786.0
-377.0;-593.0;832.0;-628.0;?;-639.0;-783.0
-398.0;-596.0;831.0;-641.0;-368.0;-625.0;-782.0
-416.0;-598.0;830.0;-647.0;-345.0;-612.0;-783.0
-434.0;-599.0;829.0;-645.0;-319.0;-604.0;-784.0
-448.0;-602.0;829.0;-646.0;-293.0;-604.0;-784.0
-460.0;-605.0;826.0;-647.0;-271.0;?;-784.0
-469.0;-607.0;824.0;-648.0;-249.0;-625.0;-784.0
-477.0;-609.0;821.0;-646.0;-230.0;-636.0;-784.0
-482.0;-610.0;820.0;-645.0;-210.0;-649.0;-783.0
-483.0;-611.0;819.0;-644.0;-193.0;-661.0;-783.0
-484.0;-613.0;819.0;-645.0;?;?;-781.0
-481.0;-615.0;821.0;-645.0;-161.0;-684.0;?
-475.0;-618.0;823.0;-644.0;-151.0;-693.0;-777.0
-463.0;-621.0;829.0;-644.0;-143.0;-698.0;-775.0
-303.0;-546.0;930.0;-611.0;29.0;-538.0;-784.0
-279.0;-546.0;929.0;-608.0;31.0;-528.0;-777.0
-290.0;-543.0;918.0;-604.0;31.0;-522.0;-773.0
-288.0;-536.0;921.0;-601.0;35.0;-521.0;?
-280.0;-527.0;923.0;-598.0;50.0;-529.0;-783.0
-290.0;-522.0;915.0;-596.0;53.0;-543.0;-791.0
-299.0;-525.0;912.0;-593.0;56.0;-562.0;-799.0
-310.0;-527.0;908.0;-588.0;55.0;-579.0;-804.0
-318.0;-529.0;908.0;-582.0;55.0;-591.0;-805.0
-326.0;-530.0;907.0;-576.0;58.0;-595.0;-804.0
-337.0;-528.0;904.0;-573.0;59.0;-593.0;-801.0
-346.0;-528.0;903.0;-572.0;59.0;-582.0;-797.0
-352.0;-528.0;903.0;-572.0;?;?;-791.0
-354.0;-529.0;902.0;-576.0;62.0;-546.0;-785.0
-357.0;-531.0;901.0;-586.0;63.0;-529.0;-780.0
-355.0;-534.0;902.0;?;64.0;-512.0;-776.0
?;-536.0;902.0;-609.0;65.0;-495.0;-773.0
-357.0;-538.0;901.0;-616.0;?;-478.0;-771.0
-357.0;-541.0;901.0;-617.0;65.0;-466.0;-770.0
-358.0;-544.0;900.0;-616.0;65.0;-459.0;-771.0
-359.0;-545.0;?;-616.0;66.0;-458.0;-773.0
-359.0;-548.0;900.0;-618.0;66.0;-465.0;-774.0
-361.0;-551.0;901.0;-620.0;?;-478.0;-776.0
-363.0;-553.0;901.0;-621.0;66.0;-493.0;-778.0
-366.0;-554.0;901.0;-620.0;?;-508.0;-782.0
-369.0;-554.0;900.0;-618.0;66.0;-522.0;-787.0
-372.0;?;898.0;-617.0;67.0;-536.0;-792.0
-374.0;-555.0;896.0;-618.0;67.0;-550.0;-797.0
-374.0;-557.0;896.0;-618.0;68.0;-565.0;-800.0
-371.0;-559.0;896.0;-617.0;71.0;-579.0;-803.0
-366.0;-562.0;898.0;-616.0;74.0;-594.0;-804.0
-363.0;-563.0;897.0;-614.0;75.0;-607.0;-803.0
-362.0;-564.0;898.0;-612.0;76.0;-616.0;-802.0
-361.0;-564.0;898.0;-612.0;77.0;-622.0;-801.0
-362.0;?;898.0;-613.0;76.0;-624.0;-802.0
-367.0;-562.0;896.0;-615.0;74.0;-624.0;-802.0
-358.0;-561.0;901.0;-617.0;81.0;-623.0;-802.0
-349.0;-559.0;904.0;-619.0;88.0;-620.0;-802.0
-340.0;-558.0;906.0;-621.0;93.0;-615.0;-801.0
-323.0;-557.0;911.0;-624.0;98.0;-610.0;-801.0
-304.0;-556.0;918.0;-629.0;102.0;-604.0;-800.0
-287.0;-557.0;923.0;-633.0;106.0;-600.0;-800.0
-270.0;-556.0;928.0;-636.0;109.0;?;-799.0
-253.0;-552.0;934.0;-640.0;111.0;?;-802.0
-237.0;?;940.0;-645.0;113.0;-597.0;-806.0
-218.0;-550.0;947.0;-651.0;115.0;-603.0;-809.0
-201.0;-555.0;953.0;-651.0;114.0;-614.0;-810.0
-181.0;-559.0;958.0;-649.0;114.0;-630.0;-809.0
-146.0;-562.0;965.0;-647.0;114.0;-643.0;-809.0
-139.0;-563.0;966.0;-646.0;103.0;-654.0;-808.0
-129.0;-564.0;969.0;-645.0;92.0;-661.0;-807.0
-110.0;-565.0;972.0;-644.0;84.0;-667.0;-806.0
-101.0;-566.0;973.0;-643.0;77.0;-671.0;-804.0
-88.0;-569.0;975.0;?;?;-675.0;-801.0
-77.0;-573.0;975.0;-645.0;73.0;-677.0;-799.0
-69.0;?;974.0;?;71.0;-678.0;-795.0
-55.0;-579.0;975.0;-651.0;71.0;-676.0;-794.0
-46.0;-578.0;975.0;-655.0;71.0;-672.0;-794.0
-37.0;-576.0;973.0;-658.0;72.0;-665.0;-794.0
?;-576.0;973.0;-660.0;76.0;-658.0;-793.0
-15.0;-576.0;972.0;-659.0;79.0;?;-790.0
-2.0;-575.0;971.0;-657.0;80.0;-649.0;-788.0
8.0;-573.0;971.0;-655.0;82.0;-648.0;-786.0
14.0;-571.0;970.0;-654.0;84.0;-646.0;-786.0
24.0;-568.0;?;-652.0;88.0;-643.0;-787.0
27.0;-565.0;972.0;-650.0;91.0;-641.0;-787.0
35.0;-561.0;973.0;-648.0;88.0;-638.0;-788.0
38.0;-558.0;974.0;-646.0;84.0;-635.0;-789.0
35.0;-554.0;974.0;-644.0;82.0;-633.0;-790.0
36.0;-551.0;974.0;-641.0;81.0;-632.0;-791.0
33.0;-548.0;974.0;-639.0;84.0;-631.0;-792.0
34.0;-546.0;973.0;-638.0;87.0;-630.0;-795.0
39.0;-543.0;972.0;-637.0;89.0;-630.0;?
38.0;-541.0;973.0;-637.0;87.0;-630.0;-801.0
33.0;?;974.0;-636.0;?;?;-802.0
27.0;-536.0;976.0;-634.0;80.0;-629.0;-801.0
21.0;-535.0;976.0;-633.0;79.0;-628.0;-800.0
18.0;-535.0;977.0;-633.0;81.0;-628.0;-798.0
16.0;-535.0;976.0;-633.0;85.0;-626.0;-797.0
19.0;-534.0;975.0;-633.0;89.0;-623.0;-796.0
22.0;-533.0;975.0;?;93.0;-620.0;-796.0
26.0;-533.0;975.0;-636.0;93.0;-617.0;-796.0
26.0;-532.0;975.0;-639.0;91.0;-616.0;-796.0
22.0;-533.0;976.0;-641.0;86.0;-616.0;-797.0
20.0;-533.0;977.0;-644.0;82.0;-616.0;-797.0
16.0;-534.0;978.0;-644.0;78.0;-617.0;-797.0
16.0;?;978.0;-644.0;76.0;-619.0;-796.0
13.0;-536.0;978.0;-644.0;74.0;-621.0;-796.0
12.0;-536.0;978.0;-644.0;72.0;-623.0;-795.0
9.0;-537.0;979.0;-644.0;70.0;-625.0;-795.0
3.0;-538.0;979.0;-644.0;67.0;-626.0;-795.0
-392.0;-552.0;709.0;-563.0;-584.0;-796.0;-774.0
-417.0;?;695.0;-556.0;-583.0;-801.0;-764.0
-447.0;-535.0;681.0;-550.0;-578.0;-803.0;-753.0
-477.0;-529.0;672.0;?;?;-805.0;-741.0
-497.0;-524.0;666.0;-544.0;-555.0;-804.0;-730.0
-506.0;-519.0;665.0;-543.0;-547.0;-801.0;-716.0
-505.0;-518.0;666.0;-542.0;-544.0;-796.0;-701.0
-495.0;-520.0;669.0;-539.0;-550.0;?;-687.0
-480.0;-521.0;670.0;-535.0;-563.0;-781.0;-672.0
-468.0;-518.0;667.0;-531.0;?;-770.0;-656.0
-464.0;-512.0;660.0;-527.0;-587.0;-758.0;-640.0
?;-507.0;651.0;-521.0;-591.0;-746.0;-623.0
-478.0;-502.0;640.0;-515.0;-592.0;-736.0;-607.0
-484.0;-500.0;631.0;-510.0;-592.0;-728.0;-594.0
-490.0;-501.0;622.0;-508.0;-590.0;-722.0;-585.0
-497.0;-505.0;614.0;-510.0;-586.0;-720.0;-580.0
-503.0;-507.0;608.0;-511.0;-581.0;-719.0;-577.0
-507.0;-507.0;605.0;-512.0;-577.0;-720.0;-574.0
-507.0;-509.0;606.0;-509.0;-573.0;-721.0;-571.0
-507.0;-512.0;608.0;-503.0;-569.0;-722.0;-570.0
-508.0;-509.0;611.0;-492.0;-565.0;-723.0;-565.0
-510.0;-502.0;612.0;-476.0;-563.0;-723.0;-558.0
-514.0;-495.0;610.0;-456.0;-563.0;-723.0;?
-522.0;-490.0;606.0;-432.0;-562.0;-723.0;-543.0
-533.0;-487.0;600.0;-408.0;-559.0;-726.0;-540.0
?;-481.0;593.0;-385.0;-557.0;-729.0;-536.0
-556.0;-472.0;587.0;-359.0;-556.0;-725.0;-533.0
-572.0;-462.0;577.0;-336.0;-552.0;-718.0;-531.0
-591.0;-456.0;565.0;-315.0;-544.0;-709.0;-526.0
-611.0;-455.0;552.0;-298.0;-533.0;-700.0;?
-616.0;-458.0;553.0;-286.0;-528.0;-692.0;?
-618.0;-464.0;555.0;-280.0;-525.0;-684.0;-512.0
-617.0;-474.0;558.0;-278.0;-524.0;?;-508.0
-612.0;-483.0;562.0;?;-525.0;-675.0;-505.0
-611.0;-490.0;561.0;-288.0;?;-673.0;-501.0
-605.0;-494.0;564.0;-301.0;?;-671.0;-497.0
-594.0;-494.0;572.0;-318.0;-525.0;-669.0;-494.0
?;-490.0;578.0;-337.0;-523.0;-664.0;-490.0
-574.0;-483.0;582.0;-358.0;-521.0;-658.0;-488.0
-566.0;-482.0;585.0;-381.0;-519.0;-661.0;-481.0
-560.0;-482.0;586.0;-401.0;-516.0;-668.0;-468.0
-555.0;-476.0;?;-411.0;-514.0;-668.0;-456.0
-548.0;-459.0;596.0;-413.0;-516.0;-658.0;-445.0
-539.0;-441.0;?;-411.0;-524.0;-645.0;-435.0
-532.0;-435.0;611.0;-408.0;-534.0;-632.0;-434.0
-533.0;-439.0;611.0;-413.0;-541.0;-624.0;-442.0
?;-454.0;604.0;-427.0;-545.0;-633.0;-464.0
-554.0;-467.0;595.0;-444.0;-547.0;-658.0;-478.0
-565.0;-472.0;586.0;-453.0;-551.0;-683.0;-501.0
-579.0;-469.0;573.0;-444.0;-555.0;-702.0;-513.0
-593.0;-463.0;558.0;-417.0;-556.0;-707.0;-516.0
-610.0;-458.0;543.0;-380.0;-550.0;-698.0;-510.0
-629.0;-454.0;529.0;-334.0;-536.0;-678.0;-498.0
-640.0;-457.0;525.0;-288.0;?;-657.0;?
-642.0;-470.0;527.0;-261.0;-514.0;-649.0;-466.0
-643.0;-480.0;525.0;-257.0;-512.0;-652.0;-466.0
-645.0;-486.0;521.0;-265.0;-515.0;-663.0;-467.0
-645.0;-490.0;517.0;-284.0;-519.0;-675.0;-467.0
-644.0;-493.0;516.0;-304.0;-521.0;-683.0;-465.0
-641.0;-492.0;516.0;-324.0;-521.0;-684.0;-460.0
-636.0;-490.0;?;?;-520.0;-680.0;-455.0
-629.0;-487.0;521.0;-359.0;-519.0;-673.0;-451.0
?;-483.0;525.0;-375.0;-519.0;-665.0;-443.0
-612.0;-479.0;529.0;-389.0;-518.0;-656.0;-433.0
-605.0;-478.0;534.0;-400.0;-514.0;-646.0;-424.0
-600.0;-477.0;?;-410.0;-509.0;-634.0;-415.0
-596.0;-471.0;543.0;-416.0;-503.0;-623.0;-402.0
-594.0;-461.0;546.0;-420.0;-499.0;-611.0;-391.0
-593.0;-452.0;550.0;-421.0;-497.0;-601.0;-383.0
-593.0;-447.0;553.0;-420.0;-497.0;-592.0;-377.0
?;-446.0;552.0;-414.0;-496.0;-587.0;-373.0
?;-447.0;543.0;-409.0;-493.0;-586.0;-373.0
-629.0;-451.0;529.0;-405.0;-487.0;-591.0;-380.0
-647.0;-457.0;517.0;-403.0;-481.0;?;-390.0
-660.0;?;509.0;-400.0;-480.0;?;-405.0
-665.0;-476.0;507.0;?;-487.0;-626.0;-418.0
-664.0;-481.0;508.0;-388.0;-497.0;-639.0;-429.0
-664.0;-479.0;?;-382.0;-507.0;-650.0;-437.0
-666.0;-475.0;502.0;-373.0;-511.0;-657.0;-444.0
-669.0;-474.0;499.0;-370.0;-511.0;-667.0;-452.0
?;-477.0;495.0;-366.0;-508.0;-676.0;-463.0
-671.0;-483.0;495.0;-365.0;-507.0;-684.0;-473.0
-665.0;-487.0;498.0;-367.0;-511.0;-689.0;-483.0
-655.0;-492.0;506.0;-372.0;-517.0;-694.0;-492.0
-644.0;-496.0;?;-379.0;-525.0;-701.0;-500.0
-637.0;-500.0;518.0;-388.0;-530.0;-706.0;-507.0
-633.0;-502.0;521.0;-398.0;-531.0;-708.0;-513.0
?;-508.0;526.0;?;-530.0;-709.0;?
-624.0;-508.0;534.0;-430.0;-536.0;-711.0;-528.0
-610.0;?;545.0;-449.0;-550.0;?;-533.0
-601.0;-506.0;552.0;-466.0;-561.0;-720.0;-538.0
-602.0;-508.0;559.0;-481.0;?;-725.0;-546.0
-595.0;-508.0;569.0;-492.0;-566.0;-733.0;-557.0
-566.0;-506.0;567.0;-498.0;-595.0;-742.0;-571.0
-525.0;-504.0;542.0;-499.0;-625.0;?;-581.0
-506.0;-505.0;510.0;-496.0;-629.0;-755.0;-588.0
-521.0;-508.0;496.0;-490.0;-603.0;-758.0;-592.0
-551.0;-513.0;507.0;-482.0;-560.0;-759.0;-592.0
-580.0;-519.0;533.0;-473.0;-518.0;-757.0;-592.0
?;-525.0;563.0;-467.0;-484.0;-754.0;-593.0
-611.0;-530.0;591.0;-466.0;-463.0;-750.0;-595.0
-608.0;-536.0;617.0;?;-456.0;-746.0;-597.0
-591.0;-543.0;640.0;-478.0;-464.0;-742.0;-599.0
-558.0;-552.0;662.0;-490.0;-485.0;-738.0;-601.0
-510.0;-561.0;685.0;-506.0;-515.0;-736.0;-604.0
-450.0;-568.0;706.0;-525.0;-546.0;-733.0;?
-385.0;-573.0;723.0;-544.0;-573.0;-730.0;-610.0
-328.0;-580.0;732.0;?;-591.0;-729.0;-614.0
-283.0;-594.0;729.0;-575.0;?;-731.0;?
-241.0;-600.0;727.0;-584.0;-612.0;-735.0;-619.0
-199.0;-596.0;729.0;-589.0;-620.0;-736.0;-615.0
-154.0;-591.0;743.0;-590.0;-622.0;-735.0;-614.0
-114.0;-591.0;764.0;?;-613.0;-734.0;-619.0
-89.0;-594.0;?;-590.0;-600.0;-738.0;-630.0
-86.0;-602.0;?;-593.0;-588.0;-747.0;-647.0
?;-614.0;810.0;-597.0;-577.0;-761.0;-666.0
-116.0;-622.0;813.0;-599.0;?;-775.0;-684.0
-139.0;-623.0;813.0;-595.0;-564.0;-787.0;-699.0
-220.0;-619.0;?;-656.0;-570.0;-737.0;?
-235.0;-624.0;792.0;-655.0;-558.0;-738.0;-745.0
-249.0;-627.0;792.0;-654.0;-548.0;-739.0;-740.0
-264.0;-630.0;790.0;-653.0;-539.0;-741.0;-737.0
-281.0;-632.0;787.0;-652.0;-531.0;-742.0;-736.0
-299.0;-632.0;784.0;-652.0;-524.0;?;-735.0
-313.0;?;782.0;-653.0;-519.0;-741.0;-735.0
-325.0;?;781.0;-654.0;-514.0;-740.0;-735.0
-332.0;-633.0;781.0;-653.0;-511.0;-740.0;-734.0
-331.0;-636.0;783.0;-654.0;-509.0;-740.0;-731.0
-323.0;-640.0;786.0;-655.0;-511.0;-739.0;-728.0
-309.0;-646.0;789.0;-656.0;-517.0;-738.0;-724.0
-291.0;-650.0;790.0;-658.0;-529.0;-736.0;-719.0
-274.0;-654.0;791.0;-661.0;-540.0;-733.0;-715.0
-262.0;-659.0;792.0;?;-548.0;-731.0;-714.0
?;-657.0;788.0;-662.0;-548.0;-727.0;-720.0
-300.0;-650.0;785.0;-662.0;-541.0;?;-726.0
-321.0;-644.0;785.0;-661.0;-529.0;-715.0;-731.0
-328.0;-643.0;?;-660.0;-513.0;-712.0;-735.0
-322.0;-644.0;802.0;-656.0;-500.0;?;-739.0
-309.0;-645.0;808.0;-650.0;-492.0;-715.0;-740.0
-303.0;-643.0;808.0;-642.0;-486.0;-720.0;-741.0
?;-640.0;803.0;-633.0;-480.0;-725.0;-740.0
-335.0;-636.0;797.0;-627.0;-470.0;-730.0;?
-367.0;-633.0;792.0;-625.0;-456.0;-733.0;-733.0
-401.0;-629.0;787.0;-621.0;-441.0;-737.0;-727.0
-434.0;-626.0;780.0;-614.0;-425.0;-743.0;-721.0
-466.0;-622.0;771.0;-606.0;-410.0;-752.0;-714.0
-497.0;-615.0;760.0;-596.0;-396.0;-763.0;-706.0
-527.0;-606.0;746.0;-586.0;-383.0;-772.0;-695.0
-557.0;-593.0;732.0;-574.0;-367.0;-779.0;-681.0
-586.0;-576.0;716.0;-561.0;-351.0;-781.0;-664.0
-614.0;?;698.0;-545.0;-333.0;-780.0;-646.0
-640.0;-543.0;679.0;-527.0;-317.0;-777.0;-625.0
-661.0;-533.0;664.0;-507.0;-297.0;-770.0;-601.0
-678.0;-521.0;652.0;-490.0;-274.0;-758.0;-582.0
-684.0;-509.0;652.0;-478.0;-247.0;-750.0;?
-679.0;?;659.0;-469.0;-221.0;-746.0;-543.0
-673.0;-485.0;655.0;-463.0;-216.0;-741.0;-523.0
-665.0;?;648.0;-455.0;-223.0;-734.0;-500.0
-654.0;-444.0;647.0;-442.0;-236.0;-725.0;-477.0
-645.0;-425.0;648.0;-426.0;-248.0;-714.0;-457.0
-643.0;-407.0;653.0;-411.0;?;-704.0;-440.0
-643.0;-397.0;?;-401.0;-259.0;-699.0;-429.0
-644.0;-386.0;662.0;?;-262.0;-698.0;-419.0
-639.0;-374.0;669.0;-386.0;-263.0;-699.0;-410.0
-632.0;-363.0;667.0;-377.0;-273.0;-698.0;-402.0
-629.0;-356.0;665.0;-366.0;-278.0;-693.0;-393.0
-626.0;-353.0;668.0;-357.0;-279.0;-686.0;-385.0
-621.0;-353.0;672.0;-350.0;-283.0;-679.0;-380.0
-613.0;-354.0;680.0;-348.0;-286.0;-676.0;-377.0
-607.0;-351.0;687.0;-349.0;-288.0;-677.0;-376.0
-606.0;-347.0;694.0;-351.0;-281.0;-679.0;-374.0
-609.0;-347.0;700.0;-350.0;-271.0;-680.0;-373.0
-615.0;-348.0;706.0;-348.0;-260.0;-681.0;-372.0
-619.0;-347.0;716.0;-346.0;-246.0;-684.0;-372.0
-620.0;-347.0;722.0;-344.0;-235.0;-686.0;-375.0
-612.0;-347.0;745.0;-345.0;-202.0;-689.0;-380.0
-633.0;-350.0;742.0;-348.0;-173.0;-694.0;-387.0
-652.0;-353.0;733.0;-352.0;-151.0;-698.0;-394.0
-647.0;-357.0;741.0;-356.0;-129.0;-704.0;-403.0
-659.0;-364.0;738.0;-361.0;-100.0;-710.0;-415.0
-680.0;-370.0;726.0;-366.0;?;-718.0;-424.0
-691.0;-373.0;?;-368.0;-31.0;-723.0;-431.0
-704.0;-377.0;706.0;-367.0;17.0;-728.0;-440.0
-728.0;-384.0;677.0;-366.0;65.0;-733.0;-448.0
-748.0;-388.0;649.0;-366.0;84.0;-739.0;-454.0
-738.0;-393.0;662.0;-365.0;55.0;-742.0;-458.0
-732.0;-397.0;668.0;-364.0;34.0;-743.0;-460.0
-732.0;-401.0;671.0;-360.0;32.0;-743.0;-459.0
-731.0;-402.0;672.0;-358.0;?;-741.0;-455.0
-733.0;-401.0;668.0;-356.0;14.0;-738.0;-451.0
-732.0;-400.0;?;-356.0;5.0;-736.0;-448.0
-728.0;-399.0;676.0;-359.0;5.0;-735.0;-446.0
-720.0;-398.0;685.0;-361.0;-6.0;-734.0;-443.0
-710.0;-395.0;697.0;-363.0;-16.0;-732.0;-437.0
?;-392.0;709.0;-362.0;-28.0;-727.0;-429.0
-687.0;-387.0;721.0;-361.0;-39.0;-721.0;-421.0
-677.0;-382.0;732.0;-362.0;-40.0;-715.0;-414.0
-671.0;-379.0;739.0;-365.0;-36.0;-709.0;-409.0
-669.0;-377.0;741.0;-370.0;-36.0;-705.0;-405.0
-664.0;?;745.0;-375.0;-47.0;-702.0;-401.0
-657.0;-375.0;750.0;-378.0;-59.0;-697.0;-395.0
-650.0;-374.0;756.0;-378.0;-65.0;-692.0;-388.0
-643.0;-373.0;761.0;-377.0;-69.0;?;-383.0
-638.0;-373.0;766.0;-376.0;?;-682.0;-378.0
-634.0;-373.0;769.0;-373.0;-78.0;-679.0;-372.0
-631.0;-373.0;770.0;-369.0;-83.0;-676.0;-366.0
-630.0;-373.0;771.0;?;-89.0;-673.0;-360.0
-633.0;-374.0;768.0;?;-90.0;?;-354.0
-639.0;-377.0;765.0;-353.0;-83.0;-667.0;-350.0
-645.0;-384.0;761.0;-349.0;-76.0;-665.0;-347.0
-650.0;-390.0;756.0;-348.0;-71.0;-663.0;?
-657.0;-394.0;751.0;-347.0;-65.0;-663.0;-343.0
?;-396.0;746.0;-348.0;-57.0;-662.0;-341.0
-666.0;-400.0;743.0;-350.0;-53.0;-664.0;-340.0
-668.0;-403.0;741.0;-351.0;-48.0;-666.0;-338.0
-670.0;-408.0;739.0;-353.0;-40.0;-669.0;-337.0
-670.0;-414.0;739.0;-354.0;-36.0;-673.0;-338.0
-669.0;-419.0;740.0;-356.0;-35.0;-678.0;-340.0
-666.0;-424.0;741.0;-356.0;-34.0;-682.0;?
-662.0;?;745.0;-356.0;-32.0;-684.0;-344.0
-653.0;-429.0;753.0;-356.0;-30.0;-686.0;-348.0
-641.0;-430.0;764.0;-356.0;-25.0;-689.0;-351.0
-630.0;-431.0;774.0;-358.0;-20.0;-690.0;-355.0
-624.0;-430.0;779.0;?;-13.0;-692.0;-359.0
-618.0;-431.0;785.0;-368.0;-8.0;-692.0;-367.0
-610.0;?;791.0;-381.0;-6.0;?;-379.0
-604.0;-447.0;795.0;?;-2.0;-697.0;-396.0
-599.0;-451.0;800.0;-414.0;-1.0;-706.0;-413.0
-596.0;-457.0;802.0;-428.0;0.0;-716.0;-430.0
-593.0;-462.0;804.0;?;2.0;?;?
-590.0;-468.0;806.0;-441.0;2.0;-728.0;-453.0
-588.0;-477.0;807.0;-445.0;3.0;-733.0;-466.0
?;-490.0;808.0;-452.0;2.0;-737.0;-482.0
-583.0;-502.0;809.0;-462.0;0.0;-744.0;-500.0
-579.0;-513.0;812.0;-474.0;-1.0;-751.0;-521.0
-574.0;-523.0;815.0;-488.0;-2.0;-758.0;-541.0
-569.0;-533.0;?;-501.0;-3.0;-763.0;-560.0
-562.0;-544.0;823.0;-511.0;-5.0;-768.0;-578.0
-553.0;-553.0;829.0;-520.0;-7.0;-773.0;-596.0
-544.0;-562.0;834.0;-527.0;-12.0;-777.0;-613.0
-536.0;-571.0;839.0;-532.0;-14.0;-781.0;-627.0
-527.0;-577.0;846.0;-535.0;-12.0;-785.0;-639.0
-518.0;?;851.0;-536.0;-15.0;-788.0;-651.0
-511.0;-580.0;854.0;-536.0;-14.0;-789.0;-663.0
-504.0;-578.0;858.0;-534.0;-11.0;-793.0;-672.0
-497.0;-574.0;863.0;-530.0;-6.0;-798.0;-678.0
-490.0;-571.0;866.0;-529.0;-4.0;-800.0;-682.0
-484.0;-569.0;869.0;-530.0;-3.0;-797.0;-684.0
-479.0;-571.0;872.0;-535.0;3.0;-792.0;-688.0
-471.0;-575.0;875.0;-541.0;7.0;-787.0;-694.0
-462.0;-580.0;879.0;-551.0;2.0;-784.0;-700.0
-449.0;-587.0;885.0;-562.0;-5.0;-778.0;-706.0
-433.0;-596.0;890.0;-575.0;-19.0;-771.0;-711.0
-422.0;-605.0;893.0;-586.0;-32.0;-764.0;?
-411.0;-613.0;?;-595.0;-33.0;-758.0;-723.0
-396.0;?;905.0;-603.0;-32.0;-750.0;-727.0
-386.0;-624.0;907.0;-611.0;-31.0;-742.0;-732.0
-377.0;-628.0;908.0;-618.0;?;-734.0;-737.0
-373.0;-630.0;907.0;-623.0;-29.0;-727.0;-741.0
-359.0;-633.0;909.0;-625.0;-28.0;-722.0;?
?;-635.0;?;-626.0;-27.0;?;-749.0
-344.0;-635.0;906.0;-626.0;-27.0;-716.0;-753.0
-332.0;-634.0;908.0;-626.0;-29.0;-712.0;-757.0
-315.0;-632.0;914.0;-624.0;-22.0;-709.0;-761.0
-300.0;-628.0;921.0;-623.0;-11.0;-705.0;-765.0
-288.0;-622.0;925.0;-624.0;-6.0;-700.0;-770.0
-274.0;-617.0;929.0;-626.0;-1.0;-694.0;-774.0
-258.0;-613.0;930.0;-628.0;4.0;-689.0;-778.0
-242.0;-611.0;930.0;-628.0;10.0;-686.0;-780.0
-225.0;-609.0;930.0;?;20.0;-683.0;-781.0
-210.0;-607.0;930.0;-627.0;27.0;-680.0;-782.0
-194.0;-606.0;930.0;-628.0;32.0;-677.0;-782.0
-179.0;-604.0;929.0;-629.0;36.0;-675.0;-783.0
-165.0;-602.0;929.0;-629.0;38.0;-674.0;-783.0
-148.0;-599.0;933.0;-627.0;43.0;-675.0;-785.0
-132.0;-595.0;937.0;-624.0;47.0;-676.0;-788.0
-118.0;-590.0;940.0;-620.0;49.0;-678.0;-791.0
-103.0;-584.0;943.0;-615.0;51.0;-680.0;-795.0
-89.0;-578.0;945.0;-610.0;53.0;-682.0;-799.0
-79.0;-573.0;947.0;-604.0;53.0;-684.0;-802.0
-68.0;-567.0;950.0;-600.0;53.0;-687.0;-805.0
-57.0;-563.0;953.0;-596.0;52.0;-688.0;-808.0
-48.0;-558.0;954.0;-593.0;49.0;-688.0;-810.0
-41.0;-554.0;951.0;-591.0;48.0;-687.0;-812.0
-29.0;-550.0;948.0;?;53.0;-686.0;-813.0
-16.0;-547.0;945.0;?;63.0;-685.0;-815.0
1.0;-544.0;942.0;?;71.0;-684.0;-816.0
17.0;-543.0;939.0;-589.0;75.0;-683.0;-817.0
29.0;-542.0;934.0;-590.0;73.0;-683.0;-817.0
38.0;-541.0;927.0;-589.0;67.0;-681.0;-817.0
40.0;-543.0;912.0;-590.0;60.0;-679.0;-817.0
35.0;-547.0;888.0;-591.0;52.0;-677.0;-813.0
26.0;-549.0;872.0;-589.0;38.0;-675.0;-810.0
14.0;-552.0;869.0;-587.0;22.0;-670.0;-806.0
12.0;-555.0;888.0;-586.0;8.0;-662.0;-803.0
24.0;-553.0;911.0;-587.0;4.0;-650.0;-801.0
47.0;-550.0;913.0;-590.0;16.0;-634.0;-802.0
65.0;-549.0;907.0;-593.0;31.0;-616.0;-800.0
75.0;-552.0;904.0;-593.0;32.0;-601.0;-795.0
89.0;-556.0;905.0;-592.0;38.0;-591.0;-789.0
103.0;-561.0;904.0;-594.0;45.0;?;-783.0
119.0;-563.0;903.0;-598.0;51.0;-570.0;-778.0
134.0;-563.0;903.0;-602.0;54.0;-556.0;-774.0
149.0;-560.0;902.0;-603.0;57.0;-539.0;-769.0
163.0;-557.0;900.0;-602.0;61.0;-521.0;-764.0
176.0;-553.0;899.0;-602.0;66.0;?;-757.0
189.0;-550.0;897.0;-605.0;71.0;-490.0;-752.0
205.0;-548.0;896.0;-612.0;78.0;-477.0;-748.0
223.0;-546.0;895.0;-620.0;86.0;-467.0;-744.0
242.0;-542.0;893.0;-625.0;93.0;-456.0;-741.0
259.0;-536.0;891.0;-624.0;97.0;-445.0;-737.0
279.0;-528.0;889.0;-619.0;97.0;-436.0;-734.0
305.0;-520.0;887.0;-611.0;96.0;-430.0;-732.0
?;-514.0;881.0;-603.0;93.0;-428.0;?
377.0;-506.0;871.0;-597.0;89.0;-431.0;-735.0
414.0;?;?;-589.0;81.0;-439.0;-736.0
?;?;838.0;-578.0;78.0;-446.0;-733.0
?;-482.0;811.0;-563.0;82.0;-450.0;-727.0
530.0;-469.0;778.0;-545.0;98.0;-445.0;-724.0
560.0;-465.0;746.0;-537.0;110.0;-438.0;-724.0
588.0;-465.0;711.0;-541.0;112.0;-435.0;-723.0
609.0;-468.0;661.0;-552.0;119.0;-433.0;-722.0
630.0;-473.0;596.0;-563.0;132.0;-429.0;?
?;-480.0;539.0;-572.0;126.0;-421.0;-717.0
686.0;-487.0;513.0;-580.0;56.0;?;-716.0
697.0;-496.0;523.0;-592.0;?;-408.0;-717.0
664.0;-506.0;566.0;-604.0;-204.0;-405.0;-716.0
595.0;-514.0;624.0;-614.0;?;-404.0;-715.0
509.0;-521.0;676.0;-620.0;-391.0;-404.0;-715.0
421.0;-528.0;715.0;-622.0;-431.0;-405.0;-716.0
347.0;-534.0;?;-623.0;-455.0;-408.0;-718.0
285.0;-542.0;?;-625.0;-469.0;-415.0;-718.0
228.0;-550.0;781.0;-630.0;-474.0;-425.0;-715.0
172.0;?;803.0;-635.0;-475.0;-437.0;-711.0
112.0;?;818.0;-637.0;-476.0;-450.0;?
46.0;-580.0;827.0;-638.0;-480.0;-464.0;-702.0
-19.0;-590.0;833.0;-637.0;?;-478.0;-697.0
-68.0;-596.0;838.0;-633.0;-487.0;-493.0;-695.0
-95.0;-599.0;842.0;-621.0;-484.0;-507.0;-698.0
-102.0;-610.0;844.0;-612.0;-482.0;-524.0;-706.0
-85.0;?;?;-607.0;-489.0;-549.0;-712.0
-74.0;-599.0;829.0;-604.0;?;-572.0;-718.0
-75.0;-611.0;821.0;-604.0;-508.0;-594.0;-734.0
-86.0;?;822.0;-608.0;-508.0;-615.0;-748.0
-92.0;-605.0;829.0;?;-500.0;-632.0;-757.0
-85.0;-602.0;835.0;-610.0;-492.0;-644.0;-760.0
-69.0;-601.0;833.0;-604.0;-488.0;-651.0;-762.0
?;-601.0;829.0;-600.0;-487.0;-653.0;-766.0
-43.0;-603.0;825.0;-603.0;-486.0;?;-769.0
-38.0;-607.0;822.0;-614.0;-489.0;-646.0;-770.0
-35.0;-611.0;820.0;-625.0;-494.0;-638.0;-770.0
-20.0;-603.0;800.0;-626.0;-569.0;-690.0;-783.0
-29.0;-608.0;803.0;-640.0;-564.0;-684.0;-779.0
-34.0;-615.0;804.0;-649.0;-559.0;-676.0;-775.0
-38.0;-623.0;805.0;-655.0;-556.0;-667.0;-769.0
-42.0;-628.0;805.0;-661.0;-554.0;-658.0;-764.0
-45.0;-632.0;804.0;-666.0;-556.0;-649.0;-760.0
-48.0;-631.0;803.0;-671.0;?;-639.0;-759.0
-49.0;-628.0;802.0;-672.0;-565.0;-630.0;-761.0
?;-627.0;800.0;-671.0;-569.0;-625.0;-762.0
?;?;798.0;-673.0;-573.0;-625.0;-762.0
-29.0;-632.0;797.0;-674.0;-573.0;-630.0;-759.0
-12.0;-638.0;799.0;-672.0;-572.0;-641.0;-755.0
1.0;-643.0;?;-669.0;-569.0;-655.0;-751.0
11.0;-647.0;806.0;-668.0;-567.0;-671.0;-749.0
18.0;-648.0;809.0;-664.0;-564.0;-686.0;-749.0
20.0;-646.0;817.0;-663.0;-554.0;-694.0;-752.0
19.0;-639.0;824.0;-660.0;?;?;-758.0
17.0;-634.0;830.0;-654.0;-531.0;-690.0;-761.0
?;-628.0;835.0;-645.0;-518.0;-684.0;-762.0
18.0;-622.0;836.0;-632.0;-504.0;-675.0;-761.0
19.0;-616.0;834.0;-619.0;-494.0;-664.0;-762.0
18.0;-613.0;830.0;-613.0;-489.0;?;-763.0
17.0;-612.0;?;-614.0;-487.0;?;-765.0
14.0;-611.0;822.0;-621.0;-487.0;-632.0;-766.0
10.0;-610.0;822.0;-628.0;-491.0;-621.0;-767.0
9.0;-609.0;822.0;-632.0;-497.0;-611.0;-767.0
15.0;-608.0;820.0;-631.0;-507.0;-602.0;-767.0
26.0;-608.0;815.0;-630.0;-518.0;-596.0;-767.0
42.0;-608.0;809.0;-630.0;-531.0;-594.0;-767.0
62.0;-609.0;801.0;?;-545.0;-596.0;?
80.0;-610.0;794.0;-635.0;-559.0;?;-767.0
96.0;-609.0;788.0;-635.0;-569.0;-613.0;-767.0
117.0;-610.0;781.0;-632.0;?;-625.0;-766.0
140.0;-613.0;774.0;-622.0;?;-641.0;-764.0
156.0;-612.0;770.0;-613.0;-578.0;-655.0;-765.0
158.0;-607.0;771.0;-607.0;-576.0;-663.0;-767.0
146.0;-601.0;774.0;-602.0;-575.0;-665.0;-770.0
120.0;-599.0;778.0;-600.0;-578.0;-664.0;-773.0
85.0;-602.0;785.0;-605.0;-581.0;-667.0;-774.0
48.0;-609.0;792.0;-616.0;?;?;-773.0
?;-615.0;800.0;-631.0;-575.0;-677.0;-772.0
-14.0;-621.0;805.0;-644.0;-566.0;-679.0;-770.0
-36.0;-627.0;809.0;-652.0;-557.0;-679.0;-767.0
-57.0;-632.0;812.0;-656.0;-548.0;-678.0;-764.0
-77.0;?;813.0;-659.0;-541.0;-677.0;-761.0
-95.0;-640.0;815.0;-662.0;-537.0;-675.0;-759.0
-109.0;-641.0;816.0;-664.0;-535.0;-673.0;-757.0
-119.0;-641.0;818.0;-666.0;-533.0;-672.0;-757.0
-122.0;-642.0;821.0;-670.0;-532.0;-671.0;-757.0
-116.0;-645.0;822.0;-671.0;-533.0;-673.0;-754.0
-106.0;-649.0;?;-668.0;-536.0;-677.0;-750.0
-90.0;-654.0;820.0;-663.0;-543.0;-683.0;-746.0
-71.0;-656.0;816.0;-658.0;?;-689.0;-745.0
-51.0;-658.0;812.0;-655.0;-565.0;-697.0;-745.0
-33.0;-659.0;808.0;?;-575.0;-705.0;-744.0
-24.0;-659.0;808.0;-648.0;-578.0;-712.0;-744.0
?;-654.0;809.0;-645.0;-577.0;?;-749.0
-30.0;-650.0;812.0;-641.0;-573.0;-713.0;-752.0
-32.0;-645.0;814.0;-634.0;-567.0;-711.0;-755.0
-32.0;-641.0;816.0;-627.0;-561.0;-708.0;?
-33.0;-638.0;816.0;-625.0;-556.0;-702.0;-759.0
-83.0;-617.0;803.0;-626.0;-577.0;-717.0;-779.0
-100.0;-622.0;806.0;-636.0;-569.0;-714.0;-776.0
-114.0;-629.0;808.0;-643.0;-561.0;-711.0;-771.0
-127.0;-634.0;808.0;-647.0;-553.0;-706.0;-767.0
-139.0;-638.0;808.0;-650.0;-548.0;-701.0;-764.0
-148.0;?;808.0;-653.0;-544.0;-698.0;-760.0
-153.0;-643.0;810.0;-656.0;-542.0;-695.0;-759.0
-153.0;-644.0;811.0;-658.0;-542.0;-693.0;-757.0
-145.0;-646.0;813.0;-658.0;-543.0;-693.0;-756.0
-129.0;-650.0;814.0;-657.0;-545.0;-694.0;-752.0
-109.0;-655.0;813.0;-653.0;-552.0;-699.0;-748.0
-85.0;-658.0;810.0;-646.0;-564.0;-704.0;-745.0
-63.0;-659.0;804.0;-641.0;-578.0;-710.0;-745.0
?;-661.0;801.0;-636.0;-587.0;-718.0;-744.0
-49.0;-658.0;802.0;-631.0;-588.0;-723.0;-746.0
-55.0;-651.0;802.0;-629.0;-587.0;-721.0;-753.0
-58.0;-645.0;804.0;?;-584.0;-715.0;-757.0
-58.0;-639.0;808.0;-620.0;-575.0;-710.0;-759.0
-51.0;-633.0;811.0;-615.0;-565.0;-703.0;-761.0
20.0;-615.0;813.0;-638.0;-543.0;-639.0;-764.0
?;-620.0;816.0;-648.0;-534.0;-639.0;-761.0
-9.0;-623.0;819.0;-652.0;-526.0;-636.0;-759.0
-26.0;-625.0;820.0;-654.0;-521.0;-632.0;-757.0
-38.0;-625.0;823.0;-653.0;-519.0;-629.0;-756.0
-45.0;-624.0;825.0;-650.0;-518.0;-628.0;-755.0
-47.0;-623.0;825.0;-646.0;-521.0;-628.0;-754.0
-41.0;-625.0;825.0;-641.0;-523.0;-630.0;-752.0
-25.0;-627.0;824.0;-635.0;-525.0;-633.0;-747.0
-1.0;-632.0;819.0;-628.0;-531.0;-637.0;-741.0
36.0;?;814.0;-619.0;-536.0;-644.0;-738.0
88.0;-646.0;808.0;?;-532.0;-658.0;-736.0
121.0;-655.0;?;-619.0;-530.0;-675.0;-733.0
123.0;-658.0;806.0;-622.0;-531.0;-688.0;-731.0
?;-652.0;816.0;-624.0;-529.0;-689.0;-735.0
98.0;-641.0;823.0;-622.0;-524.0;-679.0;-740.0
97.0;-632.0;827.0;-615.0;-511.0;-667.0;-741.0
104.0;-628.0;?;-609.0;-495.0;-656.0;-738.0
113.0;-624.0;824.0;-607.0;-478.0;-646.0;-736.0
45.0;-619.0;829.0;-632.0;-479.0;-632.0;-757.0
34.0;-621.0;831.0;-631.0;-475.0;-629.0;-753.0
32.0;-620.0;832.0;-628.0;-473.0;-624.0;-751.0
36.0;-620.0;832.0;-624.0;-470.0;-620.0;-750.0
?;-621.0;831.0;-619.0;-469.0;-617.0;-747.0
64.0;-622.0;828.0;-614.0;-472.0;-615.0;-742.0
88.0;-624.0;821.0;-607.0;-479.0;-615.0;-736.0
117.0;-628.0;810.0;-603.0;-494.0;-616.0;-735.0
145.0;-631.0;798.0;-604.0;-515.0;-619.0;-735.0
164.0;-632.0;791.0;-608.0;-531.0;-624.0;-736.0
174.0;-631.0;790.0;-612.0;-537.0;-626.0;?
178.0;-624.0;792.0;-615.0;-535.0;-623.0;-740.0
182.0;-616.0;793.0;-610.0;?;-615.0;-739.0
?;-609.0;794.0;-599.0;-513.0;-606.0;-735.0
199.0;-602.0;793.0;-589.0;-496.0;-596.0;-732.0
69.0;?;829.0;-622.0;-452.0;-590.0;-751.0
71.0;-595.0;830.0;-618.0;-448.0;-586.0;-750.0
80.0;-593.0;830.0;-613.0;-448.0;-584.0;-749.0
96.0;-592.0;826.0;-608.0;-451.0;-583.0;-747.0
115.0;-593.0;821.0;-603.0;-456.0;-582.0;-745.0
137.0;-595.0;814.0;-597.0;-464.0;-581.0;-739.0
?;-598.0;803.0;-591.0;?;-580.0;-733.0
192.0;-603.0;790.0;-588.0;-494.0;-582.0;-733.0
223.0;-608.0;776.0;-593.0;-509.0;-586.0;-734.0
253.0;-611.0;765.0;-599.0;-515.0;-591.0;-732.0
272.0;-609.0;761.0;?;-511.0;-591.0;-731.0
278.0;-601.0;763.0;-600.0;-504.0;-580.0;-732.0
280.0;-588.0;766.0;-590.0;-493.0;-561.0;-729.0
284.0;-579.0;769.0;-577.0;-476.0;?;-722.0
290.0;-570.0;771.0;-565.0;-454.0;-524.0;-715.0
294.0;-562.0;770.0;-560.0;?;-507.0;-711.0
295.0;-555.0;770.0;-561.0;-416.0;?;-710.0
294.0;-545.0;770.0;-566.0;-405.0;-468.0;-708.0
292.0;-536.0;770.0;-569.0;-400.0;-446.0;-704.0
293.0;-530.0;768.0;-570.0;-401.0;-425.0;-699.0
264.0;-528.0;774.0;-517.0;-397.0;-372.0;?
260.0;-526.0;778.0;-514.0;-396.0;-354.0;-689.0
260.0;-523.0;780.0;-507.0;-396.0;-338.0;-686.0
?;-517.0;?;-495.0;-396.0;-324.0;-681.0
273.0;-510.0;?;-482.0;-392.0;-313.0;-675.0
284.0;-505.0;773.0;-469.0;-387.0;-310.0;-668.0
298.0;-500.0;768.0;-461.0;-382.0;-311.0;-663.0
314.0;-496.0;763.0;-452.0;-380.0;-310.0;-660.0
329.0;-495.0;755.0;-442.0;-383.0;-310.0;-659.0
348.0;-496.0;745.0;-435.0;-391.0;-312.0;-659.0
374.0;-498.0;731.0;-428.0;-400.0;-318.0;-655.0
?;-500.0;?;-421.0;-400.0;-326.0;-648.0
435.0;-501.0;699.0;-412.0;-394.0;-330.0;-640.0
453.0;?;693.0;-400.0;-386.0;-318.0;-634.0
456.0;-479.0;698.0;-380.0;-380.0;-284.0;-626.0
456.0;-459.0;705.0;-358.0;-373.0;-238.0;-617.0
461.0;-439.0;708.0;-341.0;-357.0;?;-602.0
?;-422.0;705.0;-333.0;-336.0;-153.0;-587.0
474.0;-411.0;699.0;-340.0;-317.0;-122.0;-576.0
475.0;-405.0;694.0;-358.0;-303.0;-95.0;-573.0
470.0;-405.0;691.0;-374.0;-298.0;-68.0;-576.0
461.0;-399.0;692.0;-383.0;-304.0;-42.0;-568.0
453.0;-383.0;693.0;-394.0;-319.0;-18.0;-556.0
449.0;?;690.0;-403.0;-335.0;-8.0;-550.0
450.0;-376.0;683.0;-411.0;-350.0;-6.0;?
456.0;-371.0;671.0;-416.0;-360.0;-10.0;-542.0
466.0;-366.0;657.0;-415.0;-367.0;-19.0;-540.0
475.0;-362.0;644.0;-410.0;-371.0;-35.0;-541.0
?;-357.0;638.0;-402.0;-377.0;-61.0;-541.0
483.0;-350.0;635.0;?;-379.0;-89.0;-540.0
495.0;-346.0;627.0;-367.0;-368.0;?;-536.0
511.0;-355.0;611.0;-333.0;-353.0;-141.0;-535.0
531.0;-364.0;589.0;-290.0;-337.0;-167.0;-534.0
542.0;-368.0;576.0;-245.0;-325.0;-188.0;-543.0
539.0;-364.0;?;-203.0;-321.0;-191.0;-547.0
516.0;-364.0;600.0;-166.0;?;-181.0;-558.0
489.0;-372.0;?;-149.0;-327.0;-178.0;-572.0
460.0;-376.0;653.0;-156.0;-330.0;-187.0;-579.0
434.0;-382.0;674.0;?;-328.0;-185.0;-585.0
412.0;-388.0;690.0;-182.0;-325.0;-175.0;-586.0
393.0;-391.0;704.0;-194.0;-324.0;-162.0;-583.0
380.0;-392.0;714.0;-212.0;-320.0;-147.0;-580.0
373.0;-393.0;720.0;-233.0;?;-126.0;-579.0
365.0;-393.0;724.0;-255.0;-317.0;-104.0;-577.0
360.0;-391.0;728.0;-274.0;-322.0;-80.0;-572.0
361.0;-388.0;728.0;-290.0;-331.0;-57.0;-565.0
367.0;-380.0;725.0;-296.0;-341.0;-33.0;-553.0
376.0;-370.0;720.0;-292.0;-352.0;-7.0;-538.0
385.0;-360.0;713.0;-280.0;-364.0;8.0;?
396.0;-350.0;705.0;-267.0;-372.0;7.0;-505.0
411.0;-337.0;695.0;-253.0;-377.0;1.0;-490.0
426.0;-328.0;684.0;-234.0;-382.0;-2.0;-483.0
445.0;-327.0;671.0;-215.0;-385.0;-6.0;-485.0
464.0;-333.0;655.0;-205.0;-390.0;-18.0;-490.0
492.0;-338.0;634.0;-201.0;-388.0;-39.0;-490.0
517.0;-341.0;616.0;-200.0;-379.0;-64.0;-484.0
532.0;-343.0;607.0;-194.0;-365.0;-75.0;-484.0
540.0;-333.0;608.0;-173.0;-348.0;-56.0;-483.0
532.0;-323.0;623.0;-141.0;-336.0;-17.0;-475.0
529.0;-302.0;636.0;-105.0;-315.0;31.0;-453.0
527.0;-283.0;644.0;-84.0;-286.0;73.0;-430.0
524.0;-276.0;646.0;-81.0;-255.0;105.0;-416.0
560.0;-173.0;557.0;16.0;-265.0;217.0;-322.0
547.0;-172.0;576.0;-1.0;-263.0;225.0;-318.0
539.0;-169.0;?;-13.0;-256.0;239.0;-308.0
533.0;-163.0;604.0;-20.0;-247.0;256.0;-294.0
530.0;-155.0;612.0;-26.0;-238.0;267.0;-277.0
529.0;-146.0;617.0;-32.0;-234.0;274.0;-262.0
528.0;-139.0;620.0;-36.0;-236.0;278.0;-254.0
528.0;-134.0;621.0;-36.0;-244.0;284.0;-250.0
530.0;-128.0;619.0;-35.0;?;286.0;-245.0
532.0;-118.0;616.0;-32.0;?;288.0;-239.0
533.0;-105.0;612.0;-25.0;-283.0;289.0;-230.0
533.0;-103.0;607.0;-19.0;-302.0;285.0;-232.0
535.0;-105.0;602.0;-16.0;-324.0;277.0;-236.0
544.0;?;591.0;-11.0;-337.0;265.0;-230.0
560.0;?;576.0;-1.0;-339.0;256.0;-220.0
578.0;-81.0;562.0;20.0;-327.0;264.0;-212.0
572.0;-74.0;573.0;45.0;-324.0;286.0;-208.0
566.0;-60.0;588.0;67.0;-316.0;?;-195.0
563.0;-43.0;600.0;89.0;-297.0;347.0;-176.0
562.0;-39.0;605.0;93.0;-267.0;371.0;-161.0
560.0;-35.0;607.0;86.0;-236.0;385.0;-147.0
557.0;-32.0;608.0;75.0;-207.0;401.0;-138.0
555.0;-25.0;608.0;63.0;-185.0;420.0;-127.0
554.0;-18.0;611.0;51.0;-178.0;438.0;-114.0
556.0;-8.0;612.0;38.0;-181.0;449.0;-98.0
684.0;240.0;457.0;243.0;-91.0;532.0;91.0
682.0;246.0;471.0;237.0;-102.0;?;?
685.0;253.0;?;234.0;-106.0;524.0;?
695.0;257.0;458.0;233.0;-101.0;521.0;89.0
707.0;259.0;436.0;235.0;-98.0;520.0;83.0
720.0;264.0;409.0;237.0;-99.0;516.0;79.0
732.0;271.0;382.0;238.0;-108.0;512.0;74.0
741.0;263.0;360.0;235.0;-128.0;503.0;56.0
746.0;?;?;225.0;-152.0;482.0;37.0
745.0;244.0;345.0;216.0;-169.0;462.0;29.0
743.0;255.0;355.0;223.0;?;459.0;37.0
738.0;268.0;372.0;236.0;-161.0;463.0;57.0
730.0;275.0;389.0;256.0;-139.0;478.0;75.0
726.0;287.0;401.0;274.0;-111.0;502.0;93.0
726.0;292.0;411.0;287.0;-98.0;527.0;106.0
730.0;297.0;424.0;290.0;-114.0;551.0;117.0
739.0;301.0;?;283.0;-123.0;569.0;126.0
751.0;300.0;412.0;268.0;-114.0;582.0;134.0
764.0;294.0;389.0;?;-97.0;593.0;140.0
775.0;290.0;363.0;?;-79.0;?;?
783.0;286.0;336.0;201.0;-66.0;603.0;147.0
789.0;?;311.0;182.0;-59.0;603.0;151.0
801.0;283.0;268.0;165.0;-43.0;601.0;153.0
809.0;285.0;230.0;156.0;-35.0;602.0;156.0
815.0;290.0;200.0;158.0;-28.0;605.0;166.0
819.0;299.0;178.0;169.0;-17.0;612.0;176.0
?;302.0;153.0;185.0;6.0;621.0;184.0
825.0;302.0;117.0;205.0;39.0;624.0;195.0
826.0;310.0;?;235.0;68.0;633.0;206.0
824.0;326.0;54.0;268.0;87.0;648.0;208.0
821.0;337.0;50.0;285.0;96.0;656.0;213.0
817.0;330.0;60.0;282.0;100.0;653.0;204.0
811.0;311.0;92.0;268.0;89.0;640.0;187.0
805.0;307.0;131.0;251.0;72.0;622.0;188.0
800.0;308.0;169.0;245.0;62.0;614.0;189.0
794.0;312.0;203.0;245.0;58.0;612.0;192.0
788.0;318.0;232.0;252.0;58.0;616.0;199.0
783.0;322.0;258.0;257.0;57.0;616.0;204.0
779.0;324.0;?;262.0;52.0;612.0;209.0
776.0;328.0;300.0;269.0;43.0;608.0;213.0
774.0;335.0;312.0;278.0;32.0;603.0;216.0
?;344.0;319.0;287.0;22.0;599.0;219.0
772.0;355.0;320.0;296.0;11.0;597.0;225.0
771.0;364.0;317.0;302.0;-3.0;595.0;230.0
772.0;371.0;311.0;304.0;-20.0;594.0;232.0
773.0;375.0;?;307.0;-36.0;594.0;233.0
776.0;377.0;297.0;314.0;-51.0;593.0;236.0
779.0;380.0;287.0;327.0;?;597.0;244.0
783.0;382.0;274.0;?;-61.0;608.0;251.0
790.0;388.0;254.0;351.0;-42.0;620.0;258.0
794.0;388.0;241.0;353.0;-22.0;630.0;261.0
794.0;383.0;235.0;346.0;-7.0;637.0;260.0
794.0;378.0;235.0;330.0;1.0;645.0;255.0
793.0;373.0;235.0;306.0;4.0;651.0;252.0
793.0;371.0;236.0;278.0;3.0;649.0;259.0
794.0;371.0;241.0;252.0;1.0;643.0;270.0
796.0;369.0;245.0;?;-1.0;651.0;275.0
799.0;370.0;248.0;228.0;-2.0;665.0;275.0
804.0;370.0;239.0;210.0;?;667.0;?
812.0;367.0;218.0;193.0;14.0;657.0;277.0
818.0;366.0;196.0;181.0;23.0;649.0;277.0
822.0;370.0;176.0;177.0;28.0;643.0;?
826.0;377.0;161.0;?;35.0;638.0;284.0
829.0;384.0;150.0;?;46.0;639.0;292.0
832.0;383.0;?;247.0;69.0;643.0;298.0
832.0;380.0;116.0;287.0;100.0;644.0;303.0
831.0;?;93.0;327.0;127.0;643.0;312.0
?;401.0;78.0;?;146.0;644.0;329.0
828.0;405.0;78.0;387.0;155.0;647.0;331.0
824.0;399.0;93.0;397.0;155.0;646.0;?
819.0;397.0;116.0;391.0;147.0;644.0;316.0
814.0;?;141.0;377.0;136.0;641.0;319.0
809.0;398.0;166.0;364.0;127.0;640.0;325.0
805.0;403.0;184.0;356.0;122.0;644.0;334.0
802.0;411.0;196.0;355.0;119.0;652.0;345.0
802.0;?;200.0;356.0;120.0;663.0;358.0
805.0;434.0;196.0;361.0;126.0;674.0;373.0
809.0;448.0;184.0;369.0;134.0;687.0;386.0
813.0;467.0;165.0;378.0;142.0;701.0;399.0
819.0;486.0;149.0;389.0;141.0;708.0;412.0
826.0;499.0;141.0;406.0;135.0;717.0;428.0
832.0;512.0;132.0;429.0;140.0;731.0;445.0
834.0;524.0;112.0;456.0;?;744.0;462.0
835.0;535.0;84.0;476.0;183.0;755.0;478.0
836.0;?;54.0;487.0;202.0;759.0;493.0
837.0;547.0;27.0;?;212.0;758.0;502.0
?;551.0;-1.0;501.0;220.0;758.0;513.0
830.0;560.0;-31.0;504.0;234.0;758.0;526.0
825.0;558.0;-62.0;500.0;250.0;758.0;516.0
820.0;552.0;-84.0;491.0;262.0;755.0;510.0
815.0;545.0;-103.0;476.0;272.0;752.0;501.0
807.0;536.0;-120.0;455.0;281.0;750.0;486.0
799.0;522.0;-139.0;?;289.0;740.0;?
793.0;509.0;-155.0;394.0;288.0;?;457.0
793.0;502.0;-163.0;364.0;275.0;717.0;440.0
796.0;500.0;-167.0;341.0;261.0;708.0;430.0
?;499.0;-169.0;326.0;253.0;704.0;423.0
806.0;500.0;-169.0;320.0;247.0;706.0;415.0
814.0;261.0;185.0;171.0;160.0;385.0;124.0
812.0;266.0;196.0;181.0;143.0;376.0;120.0
809.0;272.0;199.0;197.0;128.0;379.0;117.0
805.0;277.0;194.0;214.0;114.0;388.0;117.0
803.0;284.0;174.0;226.0;107.0;395.0;122.0
802.0;287.0;137.0;233.0;103.0;402.0;119.0
802.0;?;110.0;228.0;84.0;403.0;106.0
801.0;255.0;89.0;210.0;58.0;390.0;91.0
800.0;251.0;73.0;193.0;40.0;?;90.0
803.0;258.0;57.0;190.0;42.0;388.0;102.0
806.0;267.0;47.0;200.0;60.0;413.0;120.0
810.0;276.0;54.0;209.0;78.0;445.0;134.0
812.0;280.0;75.0;207.0;99.0;479.0;143.0
812.0;?;89.0;194.0;125.0;513.0;146.0
813.0;276.0;99.0;170.0;148.0;545.0;141.0
816.0;279.0;110.0;137.0;163.0;570.0;154.0
815.0;277.0;136.0;98.0;155.0;593.0;158.0
813.0;273.0;156.0;61.0;138.0;620.0;154.0
810.0;267.0;169.0;25.0;120.0;629.0;155.0
807.0;256.0;?;-8.0;100.0;618.0;159.0
806.0;?;172.0;?;76.0;593.0;162.0
806.0;245.0;158.0;-56.0;55.0;557.0;163.0
806.0;246.0;127.0;-56.0;40.0;528.0;163.0
807.0;250.0;93.0;-37.0;23.0;500.0;160.0
807.0;256.0;?;-3.0;1.0;468.0;162.0
803.0;248.0;42.0;36.0;?;424.0;161.0
800.0;247.0;10.0;86.0;-2.0;?;155.0
800.0;250.0;-16.0;152.0;8.0;370.0;137.0
801.0;259.0;-20.0;210.0;11.0;381.0;116.0
799.0;240.0;1.0;246.0;7.0;386.0;78.0
798.0;214.0;39.0;239.0;3.0;370.0;45.0
798.0;186.0;83.0;196.0;4.0;342.0;13.0
802.0;166.0;?;147.0;10.0;310.0;-8.0
806.0;154.0;174.0;?;32.0;284.0;-18.0
804.0;146.0;216.0;85.0;64.0;275.0;-23.0
795.0;148.0;258.0;85.0;91.0;278.0;-20.0
784.0;157.0;296.0;93.0;?;284.0;-13.0
775.0;168.0;329.0;105.0;124.0;?;-7.0
767.0;180.0;358.0;118.0;126.0;299.0;0.0
?;195.0;379.0;130.0;114.0;309.0;8.0
759.0;210.0;393.0;143.0;95.0;319.0;20.0
755.0;227.0;395.0;?;?;331.0;36.0
760.0;225.0;370.0;176.0;52.0;348.0;33.0
767.0;218.0;327.0;176.0;24.0;355.0;29.0
774.0;215.0;279.0;171.0;-9.0;361.0;35.0
777.0;221.0;?;173.0;-45.0;377.0;55.0
774.0;231.0;212.0;185.0;-73.0;405.0;80.0
769.0;236.0;200.0;194.0;-85.0;?;100.0
764.0;242.0;192.0;193.0;-83.0;463.0;117.0
762.0;246.0;182.0;175.0;-63.0;480.0;125.0
789.0;185.0;?;101.0;87.0;359.0;19.0
791.0;183.0;167.0;93.0;88.0;368.0;25.0
793.0;185.0;176.0;91.0;89.0;375.0;34.0
795.0;189.0;180.0;95.0;92.0;377.0;41.0
798.0;194.0;179.0;101.0;89.0;375.0;46.0
801.0;200.0;175.0;108.0;84.0;370.0;49.0
803.0;207.0;167.0;117.0;79.0;363.0;53.0
803.0;215.0;153.0;129.0;74.0;357.0;58.0
800.0;209.0;136.0;136.0;67.0;351.0;44.0
799.0;195.0;121.0;128.0;50.0;334.0;24.0
796.0;181.0;109.0;108.0;33.0;315.0;13.0
792.0;170.0;100.0;91.0;21.0;306.0;9.0
792.0;173.0;104.0;92.0;17.0;318.0;21.0
?;187.0;122.0;115.0;?;347.0;47.0
791.0;?;137.0;146.0;26.0;383.0;71.0
797.0;217.0;144.0;167.0;55.0;416.0;84.0
825.0;263.0;125.0;187.0;194.0;458.0;118.0
828.0;275.0;?;206.0;200.0;468.0;129.0
831.0;282.0;140.0;226.0;198.0;476.0;136.0
833.0;289.0;138.0;239.0;190.0;475.0;142.0
832.0;297.0;?;244.0;181.0;467.0;147.0
828.0;304.0;84.0;244.0;177.0;454.0;143.0
822.0;300.0;38.0;236.0;163.0;439.0;133.0
814.0;291.0;-10.0;227.0;141.0;432.0;128.0
805.0;286.0;-44.0;220.0;111.0;436.0;127.0
800.0;286.0;?;217.0;87.0;450.0;133.0
798.0;286.0;-41.0;224.0;78.0;467.0;149.0
796.0;296.0;-33.0;235.0;87.0;487.0;172.0
825.0;368.0;-130.0;?;264.0;579.0;228.0
829.0;369.0;-125.0;315.0;286.0;581.0;234.0
?;374.0;-120.0;319.0;304.0;584.0;238.0
836.0;379.0;-117.0;326.0;311.0;587.0;242.0
838.0;383.0;-118.0;333.0;315.0;587.0;245.0
838.0;387.0;-122.0;339.0;?;584.0;249.0
837.0;?;-131.0;346.0;313.0;585.0;253.0
830.0;403.0;-151.0;?;310.0;591.0;?
817.0;395.0;-178.0;343.0;305.0;598.0;234.0
802.0;384.0;?;331.0;294.0;598.0;223.0
786.0;377.0;-224.0;319.0;276.0;596.0;222.0
775.0;377.0;-230.0;312.0;255.0;601.0;228.0
772.0;377.0;-220.0;307.0;240.0;610.0;237.0
771.0;382.0;-205.0;299.0;233.0;?;249.0
772.0;391.0;-193.0;276.0;237.0;601.0;258.0
788.0;449.0;-220.0;323.0;302.0;603.0;333.0
802.0;?;-198.0;324.0;301.0;608.0;345.0
814.0;457.0;-179.0;333.0;307.0;621.0;360.0
824.0;465.0;-163.0;342.0;318.0;631.0;372.0
?;474.0;-150.0;350.0;?;639.0;?
838.0;481.0;-143.0;352.0;340.0;639.0;390.0
842.0;491.0;-142.0;352.0;346.0;637.0;401.0
841.0;503.0;-149.0;352.0;348.0;639.0;403.0
836.0;514.0;-164.0;354.0;346.0;648.0;400.0
827.0;522.0;-188.0;350.0;337.0;?;394.0
?;521.0;-221.0;344.0;323.0;639.0;387.0
797.0;519.0;-263.0;336.0;311.0;633.0;380.0
774.0;518.0;-309.0;?;307.0;638.0;380.0
756.0;?;-340.0;335.0;310.0;649.0;383.0
746.0;507.0;-353.0;334.0;310.0;?;384.0
743.0;500.0;-354.0;329.0;311.0;658.0;379.0
739.0;496.0;-357.0;321.0;319.0;665.0;374.0
738.0;495.0;-362.0;?;330.0;673.0;367.0
882.0;344.0;13.0;317.0;315.0;430.0;205.0
882.0;342.0;34.0;332.0;331.0;434.0;204.0
883.0;342.0;47.0;338.0;340.0;?;207.0
884.0;353.0;49.0;340.0;342.0;439.0;212.0
884.0;367.0;40.0;339.0;?;451.0;217.0
881.0;386.0;19.0;338.0;330.0;471.0;223.0
875.0;401.0;-14.0;332.0;317.0;491.0;234.0
862.0;408.0;-58.0;317.0;297.0;513.0;247.0
844.0;409.0;-103.0;300.0;262.0;535.0;260.0
823.0;408.0;-148.0;282.0;215.0;552.0;272.0
797.0;408.0;-197.0;265.0;177.0;575.0;284.0
773.0;403.0;-229.0;248.0;159.0;603.0;292.0
755.0;402.0;-260.0;?;159.0;625.0;293.0
863.0;331.0;14.0;278.0;246.0;398.0;152.0
872.0;325.0;64.0;246.0;250.0;381.0;146.0
874.0;322.0;96.0;237.0;271.0;384.0;150.0
871.0;332.0;116.0;254.0;?;405.0;166.0
868.0;347.0;129.0;280.0;320.0;431.0;184.0
869.0;360.0;?;303.0;326.0;?;202.0
874.0;376.0;130.0;319.0;318.0;467.0;221.0
878.0;388.0;108.0;324.0;305.0;479.0;223.0
?;392.0;72.0;315.0;287.0;483.0;215.0
874.0;386.0;22.0;293.0;261.0;475.0;205.0
861.0;376.0;-42.0;273.0;228.0;475.0;194.0
840.0;366.0;-115.0;252.0;187.0;480.0;182.0
811.0;359.0;-191.0;222.0;150.0;486.0;174.0
788.0;343.0;-231.0;188.0;114.0;498.0;163.0
773.0;320.0;-239.0;140.0;96.0;503.0;149.0
875.0;14.0;351.0;-345.0;234.0;144.0;-13.0
873.0;5.0;336.0;-266.0;243.0;173.0;0.0
876.0;2.0;299.0;-166.0;223.0;209.0;11.0
879.0;50.0;271.0;-55.0;168.0;268.0;36.0
880.0;64.0;256.0;19.0;99.0;327.0;26.0
875.0;63.0;251.0;?;22.0;365.0;11.0
870.0;73.0;227.0;37.0;-29.0;375.0;13.0
868.0;86.0;181.0;15.0;-33.0;371.0;20.0
870.0;91.0;98.0;-3.0;?;376.0;22.0
868.0;97.0;10.0;-12.0;62.0;387.0;34.0
863.0;109.0;-69.0;-13.0;105.0;402.0;51.0
855.0;122.0;-127.0;-11.0;130.0;419.0;70.0
846.0;136.0;-162.0;-8.0;145.0;431.0;87.0
840.0;150.0;-179.0;-2.0;157.0;444.0;99.0
825.0;192.0;13.0;87.0;143.0;472.0;103.0
838.0;199.0;33.0;18.0;244.0;516.0;96.0
833.0;198.0;42.0;-2.0;229.0;508.0;?
827.0;195.0;44.0;-9.0;215.0;501.0;100.0
820.0;189.0;36.0;-10.0;203.0;491.0;99.0
813.0;181.0;20.0;-5.0;194.0;473.0;98.0
805.0;174.0;-2.0;3.0;184.0;438.0;100.0
799.0;180.0;-28.0;23.0;177.0;395.0;111.0
793.0;185.0;-57.0;61.0;180.0;354.0;?
786.0;?;-95.0;118.0;192.0;333.0;119.0
780.0;193.0;-127.0;182.0;207.0;335.0;109.0
778.0;197.0;-144.0;232.0;217.0;353.0;99.0
779.0;189.0;-153.0;256.0;231.0;374.0;82.0
779.0;171.0;-151.0;241.0;242.0;377.0;66.0
782.0;151.0;-137.0;207.0;244.0;379.0;54.0
788.0;140.0;-112.0;170.0;238.0;386.0;51.0
796.0;137.0;-78.0;138.0;227.0;?;56.0
804.0;139.0;?;105.0;214.0;410.0;59.0
810.0;143.0;0.0;72.0;209.0;417.0;65.0
813.0;145.0;33.0;45.0;210.0;425.0;72.0
815.0;151.0;62.0;30.0;212.0;434.0;83.0
?;162.0;88.0;29.0;213.0;444.0;96.0
815.0;174.0;112.0;38.0;209.0;453.0;105.0
816.0;184.0;146.0;51.0;192.0;452.0;112.0
816.0;?;188.0;62.0;163.0;439.0;114.0
819.0;189.0;218.0;72.0;135.0;422.0;109.0
825.0;190.0;228.0;78.0;?;397.0;106.0
829.0;190.0;226.0;81.0;112.0;372.0;100.0
831.0;176.0;207.0;73.0;104.0;334.0;83.0
830.0;?;181.0;53.0;94.0;293.0;58.0
826.0;136.0;149.0;52.0;85.0;279.0;45.0
826.0;137.0;118.0;68.0;88.0;288.0;50.0
831.0;149.0;109.0;86.0;88.0;304.0;66.0
836.0;160.0;115.0;103.0;85.0;323.0;82.0
841.0;176.0;117.0;118.0;96.0;346.0;100.0
844.0;191.0;108.0;130.0;123.0;371.0;116.0
825.0;64.0;30.0;74.0;232.0;384.0;15.0
827.0;42.0;64.0;2.0;224.0;351.0;-6.0
826.0;28.0;92.0;-66.0;221.0;317.0;-17.0
824.0;20.0;123.0;-118.0;213.0;289.0;-21.0
822.0;18.0;152.0;-146.0;201.0;270.0;-15.0
819.0;24.0;177.0;-144.0;188.0;263.0;-4.0
815.0;37.0;196.0;-122.0;171.0;260.0;6.0
809.0;50.0;212.0;-87.0;156.0;?;12.0
802.0;55.0;229.0;-49.0;139.0;263.0;7.0
797.0;58.0;243.0;-17.0;119.0;259.0;-1.0
795.0;58.0;247.0;3.0;100.0;248.0;-10.0
794.0;55.0;237.0;16.0;84.0;231.0;-18.0
792.0;41.0;?;18.0;73.0;211.0;-38.0
790.0;23.0;175.0;2.0;60.0;188.0;-59.0
791.0;11.0;?;-16.0;42.0;175.0;-68.0
795.0;?;120.0;-18.0;29.0;188.0;-55.0
799.0;35.0;120.0;-13.0;20.0;218.0;-40.0
801.0;48.0;136.0;1.0;8.0;254.0;-20.0
804.0;69.0;152.0;17.0;4.0;291.0;2.0
808.0;83.0;157.0;23.0;18.0;321.0;19.0
813.0;85.0;142.0;15.0;54.0;342.0;24.0
816.0;78.0;118.0;-7.0;95.0;358.0;20.0
?;71.0;97.0;-37.0;128.0;370.0;15.0
817.0;69.0;83.0;-74.0;147.0;381.0;12.0
815.0;67.0;77.0;-114.0;148.0;385.0;9.0
812.0;63.0;82.0;-150.0;136.0;388.0;9.0
807.0;63.0;91.0;-176.0;119.0;393.0;11.0
803.0;65.0;99.0;-191.0;?;?;12.0
799.0;64.0;102.0;?;97.0;405.0;12.0
795.0;62.0;99.0;?;94.0;402.0;11.0
793.0;68.0;95.0;-195.0;94.0;383.0;11.0
792.0;80.0;97.0;-175.0;93.0;360.0;16.0
790.0;83.0;100.0;-140.0;96.0;335.0;15.0
790.0;74.0;92.0;-95.0;106.0;302.0;10.0
790.0;72.0;77.0;-40.0;118.0;264.0;6.0
792.0;75.0;62.0;14.0;128.0;231.0;-1.0
795.0;76.0;58.0;62.0;128.0;224.0;-16.0
796.0;66.0;70.0;102.0;122.0;240.0;-48.0
796.0;43.0;?;113.0;110.0;241.0;-80.0
794.0;24.0;123.0;?;90.0;223.0;-107.0
791.0;5.0;157.0;46.0;70.0;193.0;-130.0
787.0;-7.0;188.0;-7.0;56.0;157.0;-145.0
783.0;-12.0;215.0;-62.0;51.0;125.0;-157.0
778.0;-16.0;238.0;-103.0;54.0;106.0;-164.0
773.0;-15.0;259.0;-123.0;57.0;105.0;-161.0
766.0;-4.0;?;-117.0;55.0;122.0;-151.0
?;11.0;300.0;-88.0;45.0;146.0;-134.0
755.0;30.0;315.0;-53.0;29.0;170.0;-113.0
752.0;49.0;324.0;-20.0;13.0;194.0;-98.0
752.0;61.0;327.0;2.0;-2.0;213.0;-93.0
754.0;73.0;320.0;15.0;-12.0;225.0;-82.0
758.0;79.0;304.0;?;?;228.0;-73.0
763.0;77.0;278.0;24.0;-23.0;236.0;-79.0
769.0;67.0;250.0;19.0;-37.0;248.0;-88.0
774.0;59.0;226.0;10.0;-54.0;258.0;-90.0
779.0;54.0;212.0;-5.0;-68.0;262.0;-89.0
785.0;59.0;206.0;?;-73.0;269.0;-85.0
787.0;70.0;215.0;-21.0;-72.0;278.0;-79.0
788.0;78.0;225.0;-23.0;-61.0;285.0;-70.0
791.0;82.0;232.0;-26.0;-38.0;288.0;?
792.0;80.0;238.0;-32.0;-11.0;289.0;-65.0
792.0;75.0;246.0;-42.0;13.0;289.0;-74.0
788.0;72.0;263.0;-54.0;27.0;291.0;-83.0
781.0;71.0;287.0;-62.0;27.0;295.0;-85.0
773.0;75.0;313.0;-67.0;18.0;297.0;-81.0
766.0;81.0;336.0;-69.0;6.0;297.0;-79.0
733.0;58.0;351.0;-13.0;4.0;315.0;-87.0
727.0;64.0;376.0;-3.0;4.0;323.0;-78.0
726.0;71.0;381.0;11.0;1.0;332.0;-63.0
?;80.0;373.0;20.0;3.0;338.0;-46.0
731.0;90.0;363.0;34.0;9.0;349.0;-28.0
734.0;?;356.0;51.0;6.0;366.0;-13.0
736.0;105.0;353.0;63.0;-3.0;386.0;-7.0
739.0;105.0;349.0;71.0;-11.0;407.0;?
743.0;103.0;341.0;69.0;-17.0;424.0;-9.0
?;99.0;326.0;57.0;-17.0;431.0;-10.0
760.0;94.0;301.0;39.0;-14.0;430.0;-7.0
771.0;88.0;265.0;19.0;?;423.0;-2.0
774.0;76.0;237.0;1.0;-16.0;406.0;2.0
780.0;75.0;198.0;-6.0;-19.0;382.0;12.0
779.0;87.0;179.0;4.0;-23.0;368.0;17.0
769.0;91.0;199.0;29.0;-40.0;370.0;2.0
760.0;84.0;223.0;52.0;-51.0;368.0;-21.0
756.0;81.0;235.0;65.0;-48.0;348.0;-36.0
755.0;88.0;238.0;71.0;-38.0;321.0;?
758.0;101.0;239.0;75.0;-30.0;301.0;-37.0
761.0;112.0;249.0;87.0;-34.0;?;-31.0
765.0;121.0;?;101.0;-49.0;318.0;-27.0
770.0;127.0;264.0;115.0;-51.0;338.0;-23.0
777.0;113.0;287.0;13.0;-35.0;334.0;10.0
780.0;108.0;287.0;2.0;-15.0;334.0;3.0
779.0;97.0;292.0;-7.0;?;335.0;-8.0
775.0;86.0;304.0;-18.0;17.0;334.0;-18.0
766.0;76.0;325.0;-33.0;24.0;328.0;-29.0
756.0;64.0;348.0;-50.0;23.0;?;-34.0
744.0;?;366.0;-62.0;11.0;289.0;-38.0
729.0;61.0;387.0;-65.0;-21.0;260.0;-42.0
712.0;?;416.0;-45.0;-67.0;255.0;-49.0
697.0;60.0;440.0;-19.0;-111.0;256.0;-65.0
691.0;52.0;440.0;10.0;-138.0;269.0;-77.0
696.0;49.0;413.0;33.0;-144.0;285.0;-81.0
?;54.0;373.0;61.0;-130.0;315.0;-74.0
730.0;66.0;332.0;90.0;-106.0;352.0;-56.0
746.0;81.0;300.0;115.0;-85.0;387.0;-34.0
758.0;86.0;278.0;120.0;-69.0;403.0;-27.0
767.0;88.0;263.0;108.0;-53.0;400.0;-29.0
776.0;83.0;252.0;81.0;-39.0;386.0;-38.0
784.0;74.0;242.0;41.0;-23.0;364.0;?
791.0;58.0;231.0;-6.0;-7.0;?;-66.0
798.0;42.0;220.0;-54.0;11.0;316.0;-78.0
795.0;29.0;231.0;-90.0;13.0;304.0;-85.0
790.0;23.0;245.0;-101.0;13.0;306.0;-85.0
782.0;32.0;264.0;-93.0;13.0;317.0;-76.0
771.0;41.0;284.0;-78.0;8.0;?;-68.0
759.0;54.0;305.0;-64.0;-1.0;297.0;-54.0
742.0;53.0;332.0;-49.0;-22.0;269.0;-55.0
723.0;56.0;?;-31.0;-52.0;246.0;-57.0
704.0;41.0;398.0;-24.0;-83.0;224.0;-74.0
688.0;19.0;421.0;?;?;195.0;-102.0
678.0;-5.0;435.0;-56.0;-127.0;171.0;-132.0
666.0;-31.0;453.0;-70.0;-150.0;164.0;-161.0
652.0;-39.0;475.0;-78.0;-180.0;166.0;-166.0
640.0;?;497.0;-87.0;-205.0;168.0;-165.0
634.0;-42.0;?;-96.0;-221.0;169.0;-159.0
632.0;-37.0;528.0;-103.0;-224.0;172.0;-150.0
636.0;-28.0;537.0;-106.0;-214.0;178.0;-139.0
640.0;-18.0;541.0;-106.0;-194.0;?;-124.0
643.0;-4.0;542.0;-103.0;-168.0;194.0;-104.0
642.0;-3.0;542.0;-102.0;?;195.0;-103.0
636.0;-2.0;546.0;-101.0;-122.0;199.0;-105.0
?;-14.0;555.0;-108.0;-113.0;200.0;-117.0
617.0;-29.0;567.0;-121.0;-114.0;194.0;-129.0
609.0;-36.0;580.0;-144.0;-130.0;170.0;-130.0
601.0;-28.0;590.0;-163.0;-158.0;?;-116.0
592.0;-23.0;594.0;-166.0;-192.0;114.0;-111.0
584.0;-19.0;597.0;-149.0;-215.0;118.0;-114.0
580.0;-38.0;594.0;-141.0;-229.0;114.0;-132.0
577.0;-45.0;589.0;-140.0;-242.0;100.0;-137.0
574.0;-47.0;584.0;-126.0;-251.0;96.0;-137.0
568.0;-37.0;584.0;?;-259.0;89.0;-130.0
566.0;-39.0;588.0;-105.0;-261.0;94.0;-137.0
567.0;-37.0;593.0;-94.0;-257.0;109.0;-138.0
573.0;-42.0;595.0;-83.0;-244.0;131.0;-145.0
?;-47.0;595.0;-76.0;-223.0;156.0;-149.0
597.0;-53.0;589.0;-75.0;-191.0;180.0;-155.0
606.0;-63.0;584.0;?;-161.0;195.0;-163.0
594.0;-71.0;?;-110.0;-158.0;198.0;-164.0
579.0;-73.0;618.0;-142.0;-164.0;190.0;-160.0
?;-74.0;?;-177.0;-176.0;?;-162.0
549.0;-73.0;649.0;-207.0;-187.0;162.0;-163.0
541.0;-70.0;657.0;-220.0;-192.0;152.0;-159.0
541.0;-59.0;654.0;-208.0;-180.0;151.0;-147.0
546.0;-47.0;?;-165.0;-150.0;170.0;-134.0
550.0;-34.0;625.0;-104.0;-121.0;216.0;-127.0
549.0;-36.0;623.0;-67.0;-110.0;243.0;-130.0
540.0;-37.0;636.0;-67.0;-121.0;230.0;-138.0
526.0;-58.0;653.0;-96.0;-144.0;197.0;-166.0
506.0;-73.0;672.0;?;-171.0;177.0;-180.0
485.0;-78.0;692.0;-116.0;-198.0;170.0;?
464.0;-78.0;710.0;-106.0;-222.0;178.0;-177.0
444.0;-72.0;724.0;?;-242.0;194.0;-171.0
426.0;-64.0;734.0;?;-255.0;209.0;-164.0
410.0;-56.0;743.0;-63.0;-262.0;224.0;-158.0
396.0;-47.0;750.0;?;-268.0;234.0;-146.0
384.0;-59.0;757.0;-49.0;-276.0;244.0;?
374.0;-66.0;764.0;-43.0;-284.0;256.0;-151.0
367.0;-77.0;768.0;-42.0;-293.0;270.0;-156.0
361.0;-87.0;768.0;-47.0;-309.0;276.0;-154.0
359.0;?;765.0;-49.0;-336.0;277.0;-142.0
352.0;-77.0;761.0;-49.0;-375.0;274.0;-134.0
330.0;-75.0;765.0;-38.0;-415.0;279.0;-135.0
298.0;-74.0;774.0;-25.0;-449.0;286.0;-137.0
274.0;-77.0;778.0;-19.0;-472.0;284.0;?
262.0;-80.0;776.0;-33.0;-485.0;262.0;-153.0
256.0;-77.0;773.0;-59.0;-490.0;230.0;-154.0
253.0;-67.0;773.0;-81.0;-489.0;209.0;-151.0
246.0;-55.0;775.0;-89.0;-485.0;215.0;-144.0
235.0;-41.0;781.0;-90.0;-481.0;236.0;-132.0
?;-28.0;787.0;-89.0;-475.0;263.0;-119.0
209.0;-29.0;794.0;-92.0;-467.0;289.0;-118.0
193.0;-25.0;799.0;-98.0;-462.0;312.0;-107.0
177.0;-21.0;804.0;-104.0;-461.0;333.0;-92.0
160.0;-30.0;807.0;-109.0;-465.0;357.0;-90.0
145.0;?;810.0;-109.0;-469.0;381.0;?
130.0;-16.0;813.0;-102.0;-474.0;402.0;-77.0
114.0;-6.0;814.0;-88.0;-478.0;415.0;-72.0
99.0;2.0;813.0;-66.0;-484.0;416.0;-66.0
84.0;14.0;811.0;-32.0;?;412.0;-53.0
71.0;25.0;807.0;17.0;-508.0;410.0;-36.0
58.0;36.0;803.0;74.0;-529.0;416.0;-21.0
38.0;32.0;800.0;123.0;-548.0;429.0;-30.0
21.0;21.0;797.0;155.0;-562.0;439.0;-42.0
14.0;?;794.0;?;-572.0;432.0;-52.0
8.0;5.0;792.0;145.0;-578.0;414.0;?
-1.0;-1.0;793.0;130.0;-581.0;?;-71.0
-16.0;-4.0;795.0;121.0;-581.0;412.0;-70.0
-36.0;-3.0;799.0;119.0;-579.0;424.0;-64.0
-56.0;5.0;803.0;122.0;-576.0;438.0;-50.0
-74.0;18.0;805.0;127.0;-572.0;452.0;-33.0
-90.0;32.0;806.0;133.0;-569.0;465.0;-15.0
-104.0;49.0;805.0;141.0;-566.0;480.0;4.0
?;64.0;804.0;150.0;-565.0;496.0;21.0
-130.0;76.0;801.0;158.0;-565.0;?;37.0
-144.0;85.0;796.0;166.0;-567.0;526.0;47.0
-159.0;91.0;792.0;173.0;-570.0;534.0;?
-170.0;96.0;784.0;184.0;-580.0;535.0;63.0
-179.0;117.0;773.0;?;-595.0;536.0;84.0
-202.0;151.0;757.0;220.0;-610.0;547.0;112.0
-232.0;164.0;741.0;245.0;?;568.0;122.0
-242.0;?;738.0;266.0;-623.0;583.0;124.0
-221.0;173.0;747.0;276.0;-619.0;585.0;124.0
-202.0;185.0;755.0;278.0;-615.0;576.0;132.0
?;199.0;764.0;282.0;-608.0;575.0;147.0
?;216.0;772.0;291.0;-600.0;586.0;165.0
-193.0;233.0;779.0;299.0;-592.0;604.0;184.0
-190.0;249.0;783.0;304.0;-587.0;623.0;202.0
-189.0;245.0;785.0;301.0;-583.0;637.0;197.0
-193.0;240.0;785.0;288.0;?;641.0;188.0
-201.0;232.0;?;268.0;-581.0;634.0;177.0
-210.0;233.0;781.0;248.0;-580.0;623.0;166.0
-220.0;241.0;780.0;227.0;-579.0;603.0;160.0
-228.0;256.0;780.0;216.0;-576.0;?;161.0
-230.0;257.0;778.0;220.0;-578.0;563.0;159.0
-227.0;279.0;774.0;246.0;-584.0;552.0;176.0
-224.0;317.0;770.0;301.0;-591.0;564.0;212.0
-227.0;358.0;766.0;?;-597.0;607.0;255.0
?;370.0;764.0;438.0;-600.0;655.0;260.0
-230.0;?;764.0;463.0;-601.0;666.0;267.0
-215.0;386.0;767.0;459.0;-604.0;654.0;271.0
-201.0;389.0;?;448.0;-606.0;651.0;278.0
-194.0;?;770.0;440.0;-606.0;?;289.0
-195.0;394.0;772.0;434.0;-603.0;672.0;299.0
-207.0;?;772.0;428.0;-599.0;681.0;311.0
-223.0;403.0;772.0;421.0;?;687.0;323.0
-239.0;408.0;772.0;414.0;-589.0;689.0;334.0
-254.0;416.0;771.0;410.0;-583.0;688.0;345.0
-267.0;421.0;769.0;401.0;-580.0;684.0;351.0
-276.0;427.0;766.0;398.0;-579.0;679.0;357.0
-287.0;439.0;?;398.0;-578.0;675.0;366.0
-298.0;449.0;757.0;401.0;-579.0;674.0;377.0
-312.0;?;751.0;408.0;-580.0;?;383.0
-322.0;448.0;746.0;416.0;-581.0;674.0;377.0
-327.0;444.0;742.0;424.0;-585.0;?;376.0
-330.0;451.0;737.0;434.0;-590.0;662.0;383.0
-344.0;466.0;729.0;451.0;-591.0;667.0;397.0
-365.0;477.0;722.0;476.0;?;678.0;?
-375.0;475.0;719.0;495.0;-583.0;685.0;407.0
-369.0;472.0;722.0;501.0;-582.0;683.0;407.0
-354.0;474.0;728.0;495.0;-586.0;677.0;410.0
?;480.0;733.0;486.0;-588.0;678.0;416.0
-335.0;485.0;737.0;482.0;-587.0;687.0;426.0
?;493.0;739.0;480.0;-584.0;700.0;441.0
-339.0;502.0;?;476.0;-581.0;712.0;454.0
-506.0;474.0;650.0;430.0;-541.0;?;426.0
?;478.0;649.0;423.0;-535.0;668.0;433.0
-519.0;486.0;?;421.0;-533.0;668.0;440.0
-520.0;495.0;?;?;-535.0;670.0;446.0
-521.0;503.0;650.0;416.0;?;672.0;452.0
-521.0;505.0;648.0;410.0;-542.0;671.0;450.0
-521.0;498.0;644.0;402.0;-546.0;665.0;440.0
-518.0;491.0;641.0;395.0;-553.0;654.0;430.0
-512.0;493.0;636.0;388.0;-560.0;645.0;425.0
-512.0;501.0;625.0;387.0;-563.0;643.0;427.0
-533.0;502.0;603.0;393.0;-554.0;650.0;427.0
-563.0;486.0;?;400.0;-537.0;654.0;410.0
-591.0;466.0;546.0;402.0;-520.0;645.0;391.0
-606.0;452.0;531.0;395.0;-512.0;624.0;376.0
-621.0;446.0;518.0;390.0;-503.0;607.0;369.0
?;443.0;508.0;389.0;-492.0;600.0;367.0
-648.0;440.0;501.0;393.0;-486.0;?;368.0
-659.0;439.0;495.0;398.0;-482.0;610.0;369.0
-668.0;437.0;490.0;400.0;-482.0;616.0;363.0
-674.0;431.0;485.0;395.0;-486.0;618.0;353.0
-678.0;422.0;482.0;384.0;-491.0;617.0;342.0
-677.0;412.0;483.0;367.0;?;614.0;331.0
-673.0;404.0;485.0;346.0;-505.0;609.0;322.0
-665.0;402.0;490.0;323.0;-513.0;599.0;315.0
-662.0;405.0;488.0;303.0;-515.0;?;311.0
-669.0;408.0;478.0;287.0;-506.0;589.0;?
-665.0;408.0;475.0;?;-504.0;589.0;?
-651.0;421.0;479.0;283.0;-509.0;592.0;314.0
-637.0;438.0;491.0;296.0;-508.0;600.0;332.0
?;463.0;498.0;321.0;-492.0;618.0;?
-656.0;466.0;480.0;346.0;-456.0;644.0;353.0
-668.0;459.0;466.0;367.0;-428.0;668.0;341.0
-666.0;454.0;471.0;372.0;-427.0;673.0;334.0
-659.0;449.0;483.0;367.0;-442.0;667.0;329.0
-654.0;438.0;492.0;351.0;-458.0;?;320.0
-652.0;426.0;495.0;331.0;-468.0;639.0;313.0
-658.0;416.0;491.0;315.0;-470.0;628.0;311.0
-666.0;412.0;485.0;305.0;-468.0;623.0;313.0
-673.0;413.0;479.0;301.0;-466.0;621.0;317.0
-676.0;417.0;478.0;300.0;-469.0;619.0;322.0
-674.0;424.0;480.0;305.0;-475.0;618.0;329.0
-671.0;427.0;482.0;311.0;-482.0;618.0;328.0
-666.0;425.0;485.0;315.0;-489.0;617.0;321.0
-661.0;422.0;484.0;317.0;-497.0;614.0;313.0
-665.0;411.0;474.0;313.0;-497.0;609.0;297.0
-668.0;396.0;465.0;303.0;-493.0;596.0;285.0
-664.0;383.0;?;293.0;-494.0;576.0;279.0
-657.0;383.0;462.0;293.0;-495.0;562.0;282.0
-654.0;386.0;455.0;303.0;-495.0;567.0;287.0
-663.0;374.0;437.0;312.0;-486.0;575.0;?
-675.0;356.0;418.0;315.0;-473.0;578.0;267.0
-680.0;347.0;408.0;307.0;-472.0;570.0;265.0
-682.0;339.0;402.0;295.0;-475.0;559.0;261.0
-688.0;335.0;394.0;285.0;?;555.0;258.0
-696.0;329.0;386.0;280.0;-465.0;557.0;260.0
-704.0;327.0;380.0;274.0;-461.0;564.0;263.0
-711.0;325.0;375.0;266.0;-459.0;572.0;265.0
?;321.0;372.0;253.0;-459.0;577.0;261.0
-718.0;313.0;371.0;236.0;-464.0;580.0;258.0
-718.0;305.0;373.0;218.0;-469.0;579.0;261.0
-715.0;299.0;?;202.0;-473.0;573.0;265.0
-713.0;299.0;383.0;190.0;-474.0;567.0;267.0
-716.0;310.0;379.0;186.0;-472.0;565.0;271.0
-725.0;318.0;368.0;191.0;-467.0;568.0;270.0
-740.0;320.0;348.0;201.0;?;578.0;264.0
-764.0;308.0;325.0;210.0;-445.0;592.0;249.0
-790.0;289.0;296.0;210.0;-430.0;593.0;239.0
-813.0;293.0;269.0;207.0;-412.0;573.0;246.0
-833.0;322.0;238.0;?;-395.0;565.0;269.0
-853.0;346.0;200.0;243.0;-382.0;582.0;278.0
-874.0;329.0;158.0;250.0;-371.0;595.0;253.0
-894.0;315.0;113.0;245.0;-365.0;593.0;238.0
?;307.0;?;?;-370.0;586.0;226.0
?;299.0;3.0;201.0;-387.0;556.0;213.0
-905.0;?;-68.0;172.0;-411.0;529.0;?
-887.0;288.0;-145.0;159.0;-438.0;512.0;202.0
?;297.0;-230.0;164.0;-460.0;509.0;210.0
-833.0;311.0;-301.0;185.0;-461.0;517.0;220.0
-815.0;321.0;-353.0;215.0;?;527.0;223.0
-793.0;323.0;-395.0;244.0;-447.0;?;217.0
-769.0;323.0;-423.0;264.0;-455.0;537.0;207.0
-742.0;?;-450.0;273.0;-466.0;528.0;191.0
-722.0;302.0;-463.0;272.0;-479.0;511.0;173.0
-698.0;299.0;-481.0;271.0;-497.0;502.0;164.0
-681.0;304.0;-497.0;274.0;-510.0;509.0;164.0
-674.0;299.0;-504.0;281.0;-513.0;526.0;159.0
-666.0;302.0;-509.0;282.0;-519.0;?;?
-473.0;122.0;-671.0;20.0;-543.0;340.0;-31.0
-478.0;117.0;-678.0;10.0;-539.0;328.0;-31.0
-489.0;114.0;-679.0;2.0;?;312.0;-32.0
-511.0;113.0;-676.0;-1.0;-523.0;294.0;-31.0
-547.0;111.0;-664.0;1.0;-504.0;279.0;-32.0
-598.0;113.0;-639.0;10.0;-480.0;266.0;-26.0
-659.0;116.0;?;24.0;?;254.0;-22.0
-717.0;114.0;-556.0;42.0;-418.0;252.0;-29.0
-766.0;93.0;-503.0;49.0;-380.0;246.0;-52.0
-809.0;76.0;-449.0;43.0;-331.0;239.0;-64.0
-846.0;57.0;-399.0;24.0;-259.0;233.0;-74.0
-868.0;43.0;-363.0;1.0;-162.0;235.0;-79.0
-868.0;45.0;-328.0;-11.0;-66.0;248.0;-72.0
-850.0;50.0;-278.0;-23.0;9.0;261.0;-63.0
-829.0;59.0;-210.0;-33.0;61.0;277.0;-50.0
-861.0;74.0;-100.0;-21.0;-169.0;232.0;-65.0
-862.0;86.0;-108.0;-18.0;-182.0;245.0;-46.0
-863.0;102.0;-118.0;9.0;-189.0;271.0;-19.0
-864.0;118.0;-135.0;48.0;-183.0;302.0;8.0
-865.0;138.0;-149.0;84.0;-173.0;336.0;27.0
-865.0;151.0;-152.0;108.0;-168.0;364.0;37.0
-864.0;160.0;-141.0;116.0;-173.0;381.0;41.0
-862.0;165.0;-123.0;?;?;386.0;42.0
-859.0;161.0;-102.0;94.0;-172.0;380.0;35.0
-854.0;152.0;-77.0;76.0;-156.0;373.0;27.0
-848.0;148.0;-50.0;68.0;-139.0;369.0;33.0
-840.0;156.0;-23.0;74.0;-127.0;376.0;49.0
?;180.0;-8.0;95.0;-126.0;397.0;72.0
-838.0;206.0;-7.0;127.0;-131.0;427.0;100.0
-836.0;233.0;-8.0;157.0;?;459.0;123.0
-803.0;322.0;185.0;299.0;-335.0;564.0;231.0
-816.0;333.0;165.0;287.0;-329.0;570.0;247.0
-826.0;340.0;146.0;287.0;-329.0;582.0;261.0
-832.0;347.0;133.0;295.0;-335.0;596.0;277.0
-834.0;361.0;129.0;308.0;-344.0;605.0;292.0
-832.0;375.0;136.0;322.0;-355.0;610.0;304.0
-831.0;388.0;148.0;335.0;-357.0;611.0;312.0
-827.0;396.0;162.0;346.0;-355.0;611.0;315.0
-821.0;402.0;178.0;357.0;-353.0;614.0;318.0
?;408.0;199.0;368.0;-358.0;617.0;325.0
-794.0;415.0;227.0;376.0;-366.0;616.0;331.0
-776.0;417.0;260.0;381.0;-372.0;617.0;329.0
-756.0;409.0;297.0;382.0;?;618.0;323.0
-738.0;405.0;332.0;373.0;-376.0;611.0;329.0
-730.0;413.0;350.0;366.0;-366.0;607.0;345.0
-739.0;428.0;352.0;375.0;-355.0;614.0;367.0
-748.0;453.0;359.0;396.0;-362.0;635.0;?
-752.0;480.0;372.0;423.0;-384.0;659.0;429.0
-739.0;502.0;?;450.0;-423.0;685.0;455.0
-715.0;516.0;440.0;469.0;-469.0;708.0;477.0
-685.0;525.0;477.0;480.0;-507.0;726.0;?
-656.0;531.0;508.0;484.0;-533.0;739.0;517.0
-633.0;536.0;534.0;483.0;-543.0;747.0;530.0
-612.0;538.0;557.0;?;-545.0;752.0;539.0
-589.0;541.0;581.0;470.0;-543.0;755.0;?
?;545.0;609.0;460.0;-545.0;756.0;551.0
-511.0;549.0;641.0;448.0;-553.0;757.0;553.0
-461.0;555.0;670.0;436.0;-565.0;756.0;561.0
-418.0;559.0;691.0;428.0;-575.0;751.0;570.0
-388.0;563.0;706.0;425.0;-578.0;742.0;575.0
-362.0;567.0;718.0;436.0;?;736.0;574.0
-332.0;569.0;730.0;450.0;-586.0;730.0;572.0
-306.0;578.0;740.0;471.0;-589.0;729.0;580.0
-295.0;595.0;746.0;492.0;?;737.0;599.0
-292.0;608.0;747.0;515.0;-590.0;749.0;617.0
-302.0;619.0;744.0;539.0;-591.0;758.0;?
-320.0;624.0;740.0;559.0;-586.0;760.0;637.0
-337.0;630.0;739.0;576.0;-579.0;754.0;638.0
-352.0;637.0;738.0;587.0;-573.0;746.0;639.0
-365.0;643.0;738.0;594.0;-566.0;739.0;641.0
-366.0;?;741.0;598.0;-563.0;735.0;644.0
-372.0;650.0;740.0;604.0;?;735.0;649.0
-384.0;653.0;738.0;611.0;-554.0;736.0;655.0
-385.0;658.0;741.0;617.0;-548.0;739.0;661.0
-378.0;661.0;?;622.0;-543.0;741.0;668.0
-369.0;663.0;753.0;626.0;-540.0;743.0;?
-355.0;664.0;758.0;630.0;-541.0;744.0;676.0
-334.0;667.0;766.0;633.0;-543.0;?;678.0
-304.0;671.0;774.0;636.0;-548.0;744.0;679.0
-264.0;677.0;782.0;639.0;-559.0;744.0;681.0
?;680.0;788.0;641.0;-573.0;743.0;681.0
-156.0;681.0;793.0;641.0;-584.0;742.0;680.0
-141.0;682.0;795.0;641.0;-588.0;742.0;681.0
-159.0;681.0;797.0;638.0;-583.0;742.0;682.0
-183.0;679.0;795.0;640.0;-578.0;741.0;687.0
-203.0;?;793.0;641.0;-574.0;741.0;693.0
-10.0;656.0;816.0;695.0;-561.0;671.0;742.0
-32.0;657.0;822.0;691.0;-551.0;669.0;742.0
-49.0;659.0;827.0;689.0;-538.0;666.0;741.0
-61.0;662.0;832.0;?;-526.0;665.0;737.0
-73.0;666.0;834.0;688.0;-516.0;665.0;734.0
-84.0;669.0;834.0;?;-508.0;668.0;731.0
-94.0;670.0;835.0;686.0;-502.0;672.0;730.0
-102.0;668.0;837.0;686.0;-497.0;676.0;732.0
-101.0;664.0;838.0;685.0;-493.0;679.0;736.0
-95.0;662.0;839.0;683.0;-491.0;682.0;738.0
-84.0;661.0;838.0;?;-493.0;686.0;738.0
-69.0;661.0;836.0;676.0;-500.0;691.0;738.0
-44.0;?;834.0;672.0;-510.0;?;736.0
4.0;661.0;833.0;670.0;-512.0;706.0;736.0
30.0;664.0;827.0;671.0;-523.0;709.0;732.0
28.0;?;827.0;672.0;-536.0;707.0;734.0
5.0;651.0;829.0;677.0;-546.0;696.0;739.0
-13.0;646.0;831.0;682.0;-549.0;685.0;740.0
-11.0;642.0;835.0;686.0;-544.0;677.0;740.0
-61.0;685.0;864.0;683.0;-485.0;668.0;?
-79.0;687.0;865.0;682.0;-483.0;676.0;?
-96.0;688.0;865.0;681.0;-482.0;681.0;698.0
-108.0;688.0;865.0;681.0;-482.0;684.0;697.0
-114.0;690.0;864.0;680.0;-483.0;686.0;695.0
-116.0;691.0;863.0;679.0;?;687.0;693.0
-118.0;691.0;862.0;?;-486.0;686.0;693.0
-118.0;692.0;860.0;681.0;-491.0;684.0;691.0
-111.0;695.0;856.0;682.0;-500.0;?;686.0
-103.0;699.0;852.0;682.0;-510.0;686.0;680.0
-99.0;?;846.0;687.0;-523.0;687.0;676.0
-104.0;?;840.0;690.0;-532.0;685.0;675.0
-109.0;699.0;838.0;692.0;-535.0;?;675.0
-105.0;?;836.0;695.0;?;675.0;673.0
-96.0;699.0;836.0;696.0;-539.0;673.0;671.0
-85.0;698.0;838.0;697.0;-538.0;671.0;670.0
-75.0;696.0;840.0;698.0;-537.0;671.0;669.0
-68.0;693.0;841.0;699.0;-537.0;672.0;670.0
-63.0;690.0;?;699.0;-537.0;673.0;671.0
-60.0;686.0;841.0;699.0;-538.0;676.0;674.0
-53.0;683.0;841.0;697.0;-538.0;?;677.0
75.0;628.0;822.0;649.0;-519.0;645.0;752.0
76.0;627.0;824.0;?;-507.0;646.0;752.0
291.0;474.0;757.0;508.0;-415.0;438.0;712.0
286.0;470.0;758.0;505.0;-414.0;?;?
?;466.0;758.0;503.0;?;421.0;705.0
287.0;461.0;756.0;499.0;-418.0;414.0;703.0
?;454.0;750.0;493.0;-420.0;407.0;701.0
308.0;447.0;742.0;485.0;-424.0;401.0;699.0
324.0;441.0;731.0;481.0;-430.0;397.0;696.0
342.0;437.0;719.0;477.0;-438.0;394.0;694.0
363.0;436.0;705.0;475.0;-447.0;393.0;692.0
386.0;436.0;690.0;474.0;-458.0;?;689.0
407.0;432.0;674.0;473.0;-470.0;391.0;679.0
425.0;417.0;?;465.0;-479.0;380.0;670.0
433.0;406.0;662.0;455.0;?;355.0;668.0
438.0;395.0;663.0;447.0;-472.0;334.0;661.0
442.0;392.0;666.0;445.0;-462.0;322.0;654.0
448.0;390.0;667.0;445.0;-447.0;315.0;646.0
455.0;386.0;668.0;443.0;-429.0;304.0;640.0
460.0;379.0;?;438.0;-413.0;289.0;636.0
443.0;?;683.0;?;-332.0;122.0;555.0
440.0;286.0;683.0;328.0;-335.0;121.0;553.0
439.0;283.0;680.0;327.0;-341.0;122.0;553.0
441.0;281.0;675.0;322.0;-348.0;125.0;553.0
446.0;279.0;666.0;313.0;?;131.0;554.0
453.0;279.0;655.0;?;-369.0;143.0;554.0
464.0;280.0;642.0;311.0;-383.0;162.0;556.0
478.0;282.0;627.0;321.0;-397.0;180.0;559.0
495.0;284.0;?;329.0;-409.0;189.0;562.0
512.0;280.0;597.0;333.0;-417.0;192.0;559.0
529.0;272.0;586.0;327.0;-419.0;182.0;554.0
538.0;262.0;583.0;315.0;-415.0;160.0;548.0
539.0;250.0;590.0;300.0;-409.0;134.0;540.0
536.0;245.0;601.0;291.0;-401.0;?;531.0
532.0;242.0;613.0;?;-388.0;107.0;521.0
532.0;239.0;620.0;284.0;-370.0;99.0;513.0
535.0;232.0;624.0;278.0;-350.0;84.0;504.0
539.0;224.0;625.0;269.0;-329.0;67.0;498.0
542.0;217.0;625.0;261.0;-310.0;50.0;493.0
544.0;211.0;626.0;256.0;-296.0;35.0;487.0
544.0;207.0;628.0;256.0;-287.0;26.0;482.0
545.0;205.0;629.0;259.0;-283.0;24.0;478.0
546.0;205.0;626.0;263.0;-283.0;29.0;475.0
550.0;204.0;620.0;?;-286.0;37.0;472.0
554.0;199.0;610.0;255.0;-296.0;44.0;468.0
558.0;194.0;595.0;240.0;-309.0;50.0;467.0
564.0;192.0;577.0;222.0;-321.0;?;468.0
573.0;193.0;556.0;206.0;-328.0;67.0;473.0
581.0;198.0;538.0;194.0;-332.0;77.0;478.0
583.0;200.0;534.0;185.0;-339.0;78.0;482.0
579.0;199.0;540.0;?;-343.0;63.0;486.0
569.0;199.0;552.0;177.0;-345.0;43.0;488.0
561.0;200.0;566.0;184.0;-342.0;26.0;488.0
556.0;?;580.0;199.0;-332.0;14.0;488.0
551.0;215.0;592.0;216.0;-320.0;5.0;485.0
545.0;219.0;604.0;?;-305.0;-4.0;482.0
536.0;221.0;617.0;240.0;-291.0;-14.0;?
525.0;221.0;630.0;249.0;-282.0;-20.0;479.0
513.0;220.0;643.0;258.0;-278.0;-22.0;478.0
499.0;221.0;656.0;267.0;-279.0;-19.0;478.0
487.0;223.0;666.0;273.0;-285.0;-11.0;479.0
479.0;223.0;672.0;276.0;-293.0;2.0;482.0
476.0;225.0;?;275.0;-303.0;16.0;488.0
479.0;227.0;670.0;269.0;-313.0;29.0;491.0
487.0;230.0;662.0;266.0;-325.0;47.0;493.0
498.0;235.0;?;266.0;-337.0;65.0;496.0
509.0;237.0;637.0;265.0;-354.0;81.0;?
520.0;229.0;623.0;254.0;-372.0;83.0;488.0
527.0;221.0;613.0;239.0;-385.0;70.0;488.0
530.0;214.0;610.0;226.0;-389.0;53.0;488.0
530.0;217.0;610.0;225.0;-389.0;50.0;487.0
528.0;?;610.0;234.0;-385.0;?;486.0
528.0;225.0;611.0;?;-378.0;59.0;484.0
529.0;228.0;615.0;250.0;-367.0;54.0;482.0
529.0;229.0;620.0;254.0;-354.0;46.0;480.0
529.0;229.0;626.0;258.0;-340.0;34.0;478.0
529.0;228.0;631.0;264.0;-327.0;22.0;475.0
531.0;?;633.0;?;-315.0;8.0;471.0
532.0;224.0;634.0;273.0;-305.0;-8.0;?
532.0;223.0;634.0;275.0;-302.0;-21.0;461.0
531.0;223.0;632.0;274.0;-307.0;-30.0;457.0
530.0;220.0;?;273.0;-317.0;-31.0;454.0
530.0;218.0;621.0;268.0;-330.0;-29.0;456.0
528.0;218.0;613.0;260.0;-345.0;-22.0;462.0
527.0;220.0;605.0;250.0;-356.0;?;471.0
526.0;229.0;597.0;239.0;-366.0;8.0;481.0
524.0;234.0;591.0;228.0;-374.0;30.0;485.0
519.0;237.0;592.0;217.0;-375.0;43.0;492.0
504.0;247.0;603.0;208.0;-377.0;46.0;503.0
485.0;259.0;618.0;212.0;-379.0;52.0;513.0
?;274.0;636.0;227.0;-376.0;?;523.0
456.0;292.0;652.0;249.0;-369.0;80.0;533.0
449.0;310.0;665.0;271.0;-358.0;92.0;541.0
446.0;322.0;675.0;287.0;-340.0;100.0;545.0
436.0;332.0;685.0;297.0;-325.0;101.0;?
421.0;340.0;696.0;301.0;-316.0;99.0;550.0
403.0;344.0;710.0;304.0;-317.0;96.0;551.0
387.0;347.0;725.0;306.0;-324.0;94.0;552.0
377.0;350.0;735.0;309.0;-334.0;93.0;553.0
374.0;350.0;739.0;310.0;-343.0;94.0;555.0
380.0;347.0;738.0;308.0;-351.0;94.0;558.0
391.0;344.0;731.0;301.0;-360.0;93.0;559.0
404.0;?;721.0;295.0;?;90.0;559.0
421.0;341.0;707.0;287.0;-393.0;84.0;556.0
?;332.0;690.0;282.0;-415.0;74.0;544.0
448.0;329.0;674.0;292.0;-434.0;62.0;535.0
451.0;328.0;669.0;321.0;-441.0;50.0;528.0
446.0;334.0;671.0;357.0;-442.0;41.0;516.0
440.0;338.0;675.0;388.0;-437.0;32.0;499.0
439.0;336.0;677.0;409.0;-425.0;15.0;483.0
?;331.0;677.0;?;-408.0;-13.0;470.0
450.0;328.0;676.0;416.0;-387.0;-44.0;457.0
455.0;327.0;675.0;416.0;-366.0;-73.0;445.0
454.0;327.0;?;417.0;-348.0;-95.0;432.0
449.0;326.0;680.0;416.0;-338.0;-112.0;419.0
444.0;325.0;683.0;409.0;-333.0;-121.0;410.0
443.0;320.0;681.0;?;-334.0;-121.0;406.0
?;313.0;673.0;377.0;-338.0;-112.0;408.0
458.0;306.0;658.0;350.0;-344.0;-94.0;413.0
466.0;300.0;642.0;316.0;-351.0;-69.0;423.0
472.0;299.0;631.0;276.0;-364.0;-39.0;437.0
471.0;307.0;628.0;235.0;-382.0;-1.0;456.0
?;317.0;627.0;192.0;-399.0;41.0;472.0
466.0;321.0;631.0;155.0;-404.0;73.0;493.0
458.0;329.0;636.0;132.0;-401.0;86.0;517.0
450.0;334.0;644.0;116.0;-394.0;85.0;539.0
442.0;335.0;654.0;113.0;-384.0;82.0;558.0
436.0;339.0;?;127.0;-373.0;84.0;574.0
432.0;?;672.0;152.0;-361.0;87.0;580.0
430.0;345.0;679.0;175.0;-348.0;85.0;579.0
425.0;351.0;685.0;190.0;-337.0;72.0;581.0
418.0;356.0;692.0;191.0;-331.0;48.0;?
411.0;360.0;698.0;183.0;?;20.0;584.0
406.0;361.0;702.0;172.0;-336.0;-5.0;587.0
403.0;353.0;702.0;165.0;-343.0;-27.0;581.0
404.0;345.0;700.0;162.0;-351.0;-41.0;578.0
409.0;343.0;694.0;166.0;?;-49.0;581.0
418.0;350.0;684.0;172.0;-365.0;-53.0;?
431.0;349.0;671.0;180.0;-373.0;-54.0;591.0
448.0;?;657.0;180.0;-381.0;-58.0;588.0
467.0;350.0;641.0;173.0;-389.0;-62.0;582.0
489.0;350.0;622.0;161.0;-399.0;-63.0;571.0
514.0;336.0;600.0;139.0;-402.0;-75.0;548.0
533.0;334.0;590.0;?;-394.0;-103.0;538.0
542.0;329.0;592.0;87.0;-379.0;-141.0;528.0
537.0;319.0;604.0;75.0;-370.0;?;511.0
532.0;311.0;616.0;83.0;-356.0;-193.0;495.0
541.0;306.0;616.0;108.0;-328.0;-200.0;485.0
670.0;250.0;433.0;-108.0;-142.0;?;521.0
673.0;259.0;438.0;-102.0;-119.0;-320.0;519.0
672.0;265.0;446.0;-98.0;-98.0;-331.0;516.0
670.0;270.0;456.0;-98.0;-83.0;-344.0;513.0
669.0;270.0;466.0;-103.0;-75.0;-357.0;509.0
670.0;267.0;470.0;-109.0;-71.0;-369.0;503.0
674.0;263.0;469.0;-114.0;?;-377.0;499.0
679.0;258.0;461.0;-117.0;-74.0;-381.0;498.0
687.0;255.0;447.0;-120.0;-80.0;-382.0;500.0
696.0;252.0;427.0;-126.0;-89.0;-382.0;502.0
706.0;250.0;402.0;-132.0;-102.0;-378.0;503.0
717.0;250.0;375.0;?;-121.0;-369.0;503.0
726.0;247.0;345.0;-145.0;-142.0;-357.0;498.0
732.0;237.0;320.0;-160.0;-163.0;-354.0;487.0
735.0;220.0;305.0;-182.0;-173.0;-372.0;475.0
739.0;201.0;298.0;-203.0;-168.0;-400.0;463.0
744.0;189.0;292.0;-217.0;-152.0;-427.0;451.0
752.0;176.0;281.0;-220.0;-126.0;-449.0;436.0
761.0;157.0;?;-209.0;-95.0;-462.0;?
771.0;141.0;?;-188.0;-62.0;-474.0;398.0
?;130.0;229.0;-167.0;-30.0;-491.0;382.0
?;118.0;211.0;?;-1.0;-511.0;365.0
793.0;103.0;194.0;?;20.0;-532.0;345.0
797.0;87.0;178.0;-114.0;34.0;-550.0;321.0
801.0;71.0;159.0;-101.0;44.0;-564.0;296.0
803.0;59.0;136.0;-91.0;54.0;-572.0;272.0
?;40.0;106.0;-86.0;64.0;-575.0;249.0
801.0;17.0;73.0;-88.0;74.0;-573.0;229.0
796.0;-8.0;42.0;-98.0;81.0;-568.0;214.0
791.0;-28.0;19.0;-113.0;79.0;-558.0;203.0
783.0;-42.0;-2.0;-134.0;74.0;-541.0;197.0
779.0;-52.0;-17.0;?;70.0;-520.0;192.0
779.0;-50.0;-26.0;-192.0;75.0;-506.0;205.0
779.0;-46.0;-27.0;?;88.0;-499.0;219.0
781.0;-40.0;-25.0;-248.0;104.0;-494.0;232.0
787.0;-39.0;-23.0;?;123.0;-492.0;242.0
794.0;-49.0;-25.0;-279.0;145.0;?;242.0
800.0;-53.0;-33.0;-268.0;172.0;-465.0;245.0
804.0;-41.0;-43.0;-274.0;201.0;-462.0;248.0
807.0;-45.0;-52.0;-273.0;228.0;-464.0;241.0
809.0;-45.0;-55.0;-268.0;246.0;-472.0;237.0
811.0;-41.0;-50.0;-259.0;252.0;-479.0;229.0
814.0;-38.0;-45.0;-255.0;?;-485.0;215.0
817.0;-48.0;-36.0;-251.0;?;-491.0;196.0
820.0;-62.0;-25.0;-246.0;232.0;-496.0;180.0
821.0;-71.0;-22.0;-243.0;225.0;-505.0;166.0
820.0;-80.0;-27.0;-243.0;224.0;-514.0;153.0
819.0;-89.0;-40.0;-245.0;225.0;-524.0;138.0
816.0;-100.0;-62.0;-245.0;226.0;-531.0;123.0
811.0;-117.0;-92.0;-249.0;224.0;-540.0;104.0
805.0;-138.0;-119.0;-257.0;215.0;-554.0;80.0
803.0;-149.0;-128.0;-263.0;?;-574.0;68.0
804.0;-157.0;-124.0;-262.0;189.0;-591.0;?
805.0;-158.0;-116.0;-253.0;179.0;-600.0;33.0
804.0;-161.0;-125.0;-238.0;183.0;-604.0;17.0
?;-187.0;?;-260.0;379.0;-465.0;-5.0
?;?;-273.0;-246.0;397.0;-464.0;-14.0
776.0;-193.0;-273.0;-238.0;411.0;-470.0;-25.0
776.0;-200.0;-272.0;-236.0;418.0;-479.0;-41.0
778.0;-212.0;-269.0;-240.0;416.0;-492.0;-61.0
780.0;-228.0;-265.0;-250.0;407.0;-507.0;-85.0
783.0;-246.0;-259.0;-261.0;394.0;-524.0;-105.0
787.0;-256.0;-251.0;-271.0;377.0;-540.0;-114.0
788.0;-260.0;-245.0;-275.0;364.0;-554.0;-111.0
785.0;-268.0;-244.0;-270.0;359.0;-557.0;-110.0
773.0;-274.0;-267.0;-260.0;368.0;-550.0;-106.0
760.0;-282.0;-283.0;?;372.0;-550.0;-103.0
751.0;-290.0;-293.0;-265.0;365.0;-551.0;-101.0
745.0;-299.0;-297.0;-271.0;?;-552.0;-102.0
742.0;-301.0;-297.0;-270.0;328.0;-543.0;-102.0
740.0;-306.0;-300.0;-269.0;310.0;-532.0;-108.0
738.0;-321.0;-310.0;-277.0;301.0;-531.0;-121.0
730.0;-345.0;-334.0;-292.0;307.0;-537.0;-144.0
709.0;-370.0;-375.0;-308.0;332.0;-541.0;?
695.0;-389.0;-401.0;-321.0;345.0;-547.0;-171.0
692.0;-415.0;-407.0;-328.0;347.0;-557.0;-182.0
692.0;-432.0;-402.0;?;340.0;-567.0;-194.0
692.0;?;-400.0;-333.0;335.0;-570.0;?
692.0;-434.0;-407.0;-338.0;330.0;-572.0;?
690.0;-434.0;-417.0;-352.0;328.0;-583.0;-248.0
689.0;?;-426.0;-371.0;329.0;-596.0;-275.0
686.0;-422.0;-434.0;-394.0;329.0;-608.0;-304.0
681.0;-407.0;-441.0;?;331.0;-618.0;-322.0
675.0;-401.0;-448.0;-438.0;330.0;-624.0;-337.0
671.0;-401.0;-453.0;-452.0;325.0;-623.0;-345.0
667.0;-400.0;-457.0;-462.0;320.0;-620.0;-345.0
661.0;-395.0;-464.0;-466.0;320.0;-612.0;-337.0
655.0;-392.0;-473.0;-466.0;324.0;-603.0;-331.0
649.0;-390.0;-480.0;?;328.0;-593.0;-325.0
642.0;-387.0;-486.0;-457.0;?;-585.0;-319.0
635.0;-391.0;-494.0;-454.0;338.0;-581.0;-319.0
628.0;-398.0;-501.0;-456.0;344.0;-579.0;-322.0
?;-402.0;-507.0;-459.0;352.0;-576.0;-321.0
618.0;-402.0;-513.0;-464.0;362.0;-574.0;-316.0
611.0;-401.0;-519.0;-469.0;372.0;-571.0;-310.0
604.0;-402.0;-525.0;-470.0;381.0;-565.0;-304.0
600.0;-404.0;-526.0;-473.0;384.0;-562.0;-298.0
601.0;-408.0;-521.0;-477.0;383.0;-560.0;-296.0
605.0;-418.0;?;-476.0;376.0;-557.0;-299.0
610.0;-427.0;-505.0;-475.0;368.0;-555.0;-305.0
615.0;-429.0;-499.0;-475.0;?;-557.0;-306.0
621.0;-433.0;-495.0;-473.0;354.0;-557.0;-308.0
613.0;-425.0;-510.0;-471.0;362.0;-559.0;-302.0
605.0;-416.0;-523.0;-467.0;370.0;-558.0;-295.0
596.0;-406.0;-535.0;-461.0;?;-556.0;-286.0
587.0;-397.0;-547.0;?;?;-556.0;-279.0
577.0;-385.0;-559.0;-456.0;394.0;-556.0;-269.0
567.0;-375.0;-569.0;-452.0;401.0;-554.0;-260.0
558.0;-368.0;-578.0;-450.0;407.0;-554.0;-257.0
549.0;-372.0;-587.0;-446.0;413.0;-556.0;-265.0
539.0;-369.0;-597.0;-440.0;418.0;-558.0;-266.0
529.0;-365.0;-607.0;-427.0;424.0;-555.0;-266.0
519.0;-350.0;-617.0;-414.0;429.0;-550.0;-257.0
508.0;-337.0;-629.0;-399.0;435.0;-543.0;-248.0
496.0;-323.0;?;-385.0;439.0;-535.0;-240.0
483.0;-312.0;-653.0;-370.0;444.0;-525.0;-232.0
472.0;-301.0;-663.0;-355.0;449.0;-514.0;-223.0
463.0;-293.0;-670.0;-342.0;?;-503.0;-218.0
454.0;-286.0;-678.0;-333.0;460.0;-495.0;-212.0
443.0;-279.0;-686.0;-328.0;466.0;-492.0;-206.0
433.0;-269.0;-694.0;-324.0;472.0;-489.0;-200.0
422.0;-261.0;-703.0;-322.0;478.0;-486.0;-194.0
411.0;-253.0;-710.0;?;484.0;?;-187.0
399.0;-242.0;-717.0;?;490.0;-483.0;-177.0
387.0;-236.0;-723.0;-315.0;495.0;-482.0;-171.0
374.0;-231.0;-731.0;-315.0;500.0;-483.0;-167.0
361.0;-228.0;-738.0;-313.0;504.0;-482.0;-163.0
348.0;-221.0;-746.0;-312.0;?;-481.0;-157.0
334.0;-213.0;-753.0;-309.0;511.0;-477.0;-149.0
?;-207.0;-760.0;-308.0;514.0;-476.0;-142.0
?;-201.0;-767.0;?;517.0;-471.0;-135.0
293.0;-196.0;-773.0;-303.0;519.0;-466.0;-128.0
284.0;-192.0;-777.0;-300.0;521.0;-459.0;-120.0
276.0;-185.0;-779.0;-297.0;524.0;-448.0;-109.0
268.0;-178.0;-782.0;-309.0;526.0;-454.0;-97.0
259.0;-174.0;-785.0;-323.0;529.0;?;-87.0
252.0;-173.0;-786.0;-318.0;532.0;-450.0;-81.0
246.0;-161.0;-787.0;-324.0;536.0;-448.0;-64.0
239.0;-156.0;-788.0;-327.0;539.0;-448.0;-50.0
232.0;?;-790.0;-322.0;542.0;-439.0;-37.0
224.0;-139.0;?;-312.0;545.0;-428.0;-17.0
216.0;-126.0;-794.0;-300.0;548.0;-416.0;5.0
207.0;-117.0;-795.0;-289.0;551.0;-406.0;22.0
197.0;-111.0;-798.0;-283.0;554.0;-403.0;37.0
187.0;-104.0;-800.0;-279.0;556.0;-401.0;47.0
179.0;-114.0;-801.0;-277.0;558.0;?;42.0
172.0;-127.0;-803.0;-280.0;559.0;-402.0;32.0
167.0;-133.0;-803.0;-286.0;562.0;-407.0;28.0
160.0;-125.0;-804.0;-293.0;563.0;-412.0;38.0
152.0;-116.0;-806.0;-298.0;565.0;-415.0;49.0
141.0;-105.0;-808.0;-304.0;566.0;-420.0;59.0
?;-96.0;-810.0;-310.0;566.0;-425.0;70.0
117.0;-88.0;-813.0;-317.0;567.0;-431.0;80.0
104.0;-80.0;-816.0;-326.0;567.0;-438.0;?
92.0;-71.0;-818.0;-343.0;566.0;-450.0;99.0
84.0;-63.0;-819.0;-349.0;566.0;-452.0;111.0
84.0;-51.0;-820.0;-349.0;564.0;-447.0;128.0
86.0;-35.0;-821.0;-354.0;563.0;-449.0;150.0
88.0;-17.0;-821.0;-350.0;562.0;-443.0;175.0
91.0;0.0;-822.0;-343.0;561.0;-435.0;200.0
95.0;16.0;-822.0;-335.0;560.0;-425.0;222.0
98.0;30.0;-822.0;-326.0;560.0;-416.0;242.0
99.0;44.0;-821.0;-319.0;560.0;-407.0;263.0
96.0;56.0;-821.0;-315.0;561.0;-400.0;280.0
91.0;64.0;-821.0;-310.0;562.0;-393.0;295.0
?;74.0;-821.0;-306.0;563.0;-385.0;312.0
80.0;85.0;-821.0;-299.0;?;-373.0;329.0
74.0;?;-822.0;-295.0;565.0;-364.0;346.0
69.0;103.0;-822.0;-294.0;565.0;-359.0;360.0
65.0;110.0;-822.0;-296.0;566.0;-355.0;373.0
63.0;118.0;-822.0;-298.0;566.0;-352.0;385.0
62.0;129.0;-822.0;-298.0;566.0;-349.0;401.0
57.0;137.0;-822.0;-299.0;566.0;-347.0;413.0
54.0;138.0;-822.0;-298.0;566.0;-345.0;?
51.0;?;-822.0;-297.0;567.0;-343.0;434.0
48.0;162.0;-822.0;-298.0;567.0;-343.0;447.0
?;176.0;-822.0;-297.0;568.0;-344.0;461.0
39.0;189.0;-822.0;-299.0;569.0;-345.0;472.0
32.0;202.0;-822.0;-303.0;569.0;-350.0;482.0
25.0;214.0;-822.0;-307.0;569.0;-356.0;491.0
19.0;226.0;?;-309.0;569.0;-360.0;501.0
16.0;237.0;-823.0;-310.0;568.0;-363.0;510.0
14.0;248.0;-823.0;-310.0;568.0;-364.0;518.0
11.0;258.0;-824.0;-310.0;567.0;-365.0;526.0
7.0;270.0;-824.0;-311.0;?;-366.0;535.0
2.0;280.0;-825.0;-314.0;565.0;-369.0;542.0
-1.0;289.0;-825.0;-318.0;564.0;-371.0;549.0
-5.0;297.0;-826.0;-322.0;563.0;-374.0;554.0
-10.0;303.0;-826.0;-326.0;563.0;-378.0;558.0
-11.0;311.0;-825.0;-330.0;563.0;?;563.0
-12.0;319.0;-825.0;-335.0;563.0;-388.0;568.0
-17.0;326.0;-825.0;-340.0;563.0;-393.0;574.0
-22.0;333.0;-824.0;-344.0;564.0;-397.0;580.0
-26.0;339.0;?;-348.0;565.0;-401.0;?
-33.0;344.0;-822.0;-350.0;565.0;-404.0;588.0
-42.0;350.0;-821.0;-351.0;565.0;-406.0;594.0
-49.0;356.0;-821.0;-351.0;?;-407.0;600.0
-53.0;361.0;-820.0;?;565.0;-408.0;?
-56.0;364.0;-820.0;-353.0;?;-407.0;607.0
-59.0;366.0;-820.0;-352.0;565.0;-406.0;610.0
-61.0;368.0;-820.0;-351.0;565.0;-403.0;613.0
-62.0;370.0;-820.0;-351.0;564.0;-402.0;616.0
-62.0;374.0;-820.0;-352.0;564.0;-402.0;619.0
-60.0;378.0;-821.0;-353.0;564.0;-401.0;622.0
-59.0;381.0;-821.0;-354.0;564.0;-400.0;624.0
-59.0;384.0;-822.0;-353.0;563.0;-400.0;626.0
-56.0;388.0;-823.0;-353.0;563.0;-400.0;629.0
-51.0;392.0;-823.0;-352.0;563.0;-399.0;631.0
-49.0;395.0;-824.0;-352.0;561.0;-398.0;634.0
-50.0;399.0;-825.0;-350.0;560.0;-398.0;637.0
-51.0;404.0;-825.0;-349.0;559.0;-397.0;639.0
-50.0;409.0;-826.0;-349.0;559.0;?;643.0
-50.0;413.0;-826.0;-347.0;559.0;-395.0;647.0
-52.0;416.0;-825.0;-344.0;559.0;-393.0;649.0
-55.0;419.0;-825.0;-343.0;559.0;-391.0;652.0
-59.0;422.0;-825.0;-342.0;558.0;-390.0;655.0
-67.0;424.0;?;-341.0;558.0;-390.0;657.0
-71.0;426.0;-824.0;-339.0;558.0;?;660.0
-75.0;430.0;-823.0;-339.0;558.0;?;663.0
-78.0;434.0;-823.0;?;?;-386.0;666.0
-80.0;437.0;-822.0;-340.0;558.0;-386.0;669.0
-79.0;439.0;-822.0;-340.0;559.0;-387.0;671.0
-79.0;442.0;-822.0;?;559.0;-387.0;673.0
-80.0;444.0;-822.0;-341.0;559.0;-388.0;675.0
-82.0;446.0;-821.0;-341.0;559.0;-388.0;677.0
-83.0;448.0;-821.0;?;559.0;-389.0;679.0
-82.0;?;-822.0;-343.0;559.0;-390.0;681.0
-81.0;450.0;-821.0;-344.0;?;-391.0;682.0
-82.0;452.0;-820.0;-345.0;561.0;-391.0;684.0
-85.0;453.0;-820.0;-345.0;561.0;-392.0;685.0
-88.0;454.0;-819.0;-345.0;561.0;-392.0;687.0
-89.0;455.0;-819.0;-346.0;561.0;-393.0;688.0
-92.0;456.0;-818.0;-347.0;562.0;-393.0;690.0
-95.0;457.0;-817.0;-349.0;562.0;-393.0;692.0
-99.0;456.0;-816.0;-350.0;562.0;-394.0;694.0
-101.0;457.0;-816.0;-349.0;563.0;-394.0;696.0
-102.0;460.0;-815.0;-348.0;564.0;-394.0;698.0
-98.0;464.0;-815.0;-349.0;565.0;-395.0;702.0
-99.0;468.0;-815.0;-349.0;564.0;-395.0;704.0
-100.0;469.0;-816.0;-350.0;562.0;-396.0;706.0
-102.0;470.0;-817.0;-351.0;561.0;-396.0;706.0
-107.0;470.0;-817.0;-350.0;559.0;-397.0;705.0
-111.0;471.0;?;-351.0;557.0;-398.0;704.0
-115.0;472.0;?;-352.0;556.0;?;703.0
-121.0;472.0;-817.0;-354.0;555.0;-401.0;702.0
-125.0;471.0;-816.0;-355.0;554.0;-403.0;700.0
-125.0;472.0;-817.0;-355.0;554.0;-405.0;699.0
-123.0;473.0;-817.0;-356.0;554.0;-407.0;697.0
-119.0;475.0;-819.0;-356.0;553.0;-409.0;696.0
-120.0;475.0;-819.0;-357.0;552.0;-410.0;696.0
-121.0;476.0;-820.0;-358.0;550.0;-413.0;695.0
-120.0;477.0;-822.0;-359.0;548.0;-415.0;694.0
-117.0;?;-823.0;-360.0;?;-417.0;692.0
-116.0;479.0;?;-361.0;546.0;-419.0;693.0
-116.0;479.0;-824.0;-361.0;545.0;-421.0;692.0
-118.0;478.0;-824.0;-361.0;544.0;-423.0;?
-120.0;476.0;-824.0;-360.0;543.0;-423.0;688.0
-121.0;472.0;-824.0;-356.0;544.0;-420.0;687.0
-121.0;470.0;-823.0;-350.0;545.0;-414.0;687.0
-120.0;468.0;-823.0;-347.0;546.0;-410.0;687.0
-118.0;467.0;-822.0;?;547.0;-409.0;688.0
-116.0;468.0;-822.0;-349.0;548.0;-409.0;690.0
-115.0;469.0;?;-352.0;549.0;-410.0;693.0
-117.0;467.0;-821.0;-355.0;548.0;-411.0;695.0
?;465.0;-820.0;-356.0;548.0;-412.0;696.0
-123.0;464.0;-820.0;-355.0;548.0;-413.0;697.0
-125.0;462.0;-819.0;-354.0;548.0;-414.0;697.0
-127.0;461.0;-819.0;-354.0;549.0;-414.0;697.0
-127.0;459.0;-819.0;-354.0;549.0;-415.0;696.0
-124.0;455.0;-818.0;-353.0;550.0;-414.0;695.0
-124.0;451.0;-818.0;-349.0;551.0;-409.0;694.0
-125.0;449.0;-817.0;-345.0;551.0;-405.0;693.0
?;447.0;?;-345.0;552.0;-403.0;694.0
-119.0;446.0;-817.0;-347.0;553.0;-404.0;695.0
-113.0;445.0;-817.0;-352.0;556.0;-407.0;697.0
-106.0;444.0;-816.0;-356.0;559.0;-411.0;699.0
?;443.0;-815.0;-360.0;?;-416.0;703.0
-84.0;443.0;-813.0;-363.0;568.0;-421.0;708.0
-71.0;?;-812.0;-364.0;573.0;-426.0;715.0
-55.0;450.0;-810.0;-365.0;578.0;-428.0;724.0
-40.0;457.0;-809.0;-364.0;582.0;-429.0;733.0
-27.0;?;-808.0;-364.0;585.0;-431.0;740.0
-14.0;467.0;-807.0;-366.0;586.0;-434.0;745.0
-4.0;471.0;-806.0;-369.0;588.0;-438.0;749.0
2.0;476.0;-805.0;-372.0;589.0;-445.0;752.0
7.0;481.0;-805.0;-375.0;588.0;-455.0;754.0
12.0;485.0;-805.0;-379.0;587.0;-464.0;755.0
17.0;?;-806.0;-384.0;585.0;-475.0;756.0
24.0;489.0;-806.0;-390.0;584.0;-486.0;756.0
36.0;490.0;-806.0;-389.0;584.0;-487.0;756.0
51.0;491.0;-806.0;-395.0;584.0;-495.0;757.0
67.0;491.0;-805.0;-394.0;584.0;-492.0;758.0
85.0;489.0;-804.0;-385.0;584.0;-480.0;759.0
103.0;491.0;-801.0;-377.0;?;-467.0;761.0
125.0;494.0;-797.0;-378.0;588.0;-462.0;763.0
148.0;494.0;?;-375.0;590.0;-450.0;766.0
170.0;497.0;-787.0;-377.0;592.0;-449.0;771.0
192.0;504.0;-781.0;-378.0;594.0;-447.0;775.0
213.0;514.0;-775.0;-377.0;595.0;-445.0;779.0
230.0;526.0;?;-373.0;595.0;-440.0;784.0
239.0;538.0;-768.0;-366.0;594.0;-434.0;787.0
247.0;545.0;?;?;592.0;-430.0;787.0
263.0;552.0;-762.0;-341.0;590.0;-426.0;786.0
281.0;558.0;-756.0;-313.0;587.0;-419.0;787.0
292.0;566.0;-754.0;-273.0;585.0;-412.0;788.0
302.0;575.0;-750.0;-228.0;583.0;-409.0;787.0
313.0;585.0;-749.0;-183.0;579.0;-410.0;?
319.0;597.0;-752.0;-143.0;571.0;-419.0;782.0
316.0;606.0;-759.0;-110.0;565.0;-437.0;779.0
308.0;614.0;-767.0;-86.0;560.0;-463.0;776.0
295.0;618.0;-776.0;-63.0;557.0;-492.0;773.0
280.0;621.0;-785.0;-36.0;552.0;-517.0;766.0
264.0;624.0;?;-4.0;548.0;-540.0;758.0
245.0;626.0;-803.0;28.0;544.0;-557.0;751.0
224.0;632.0;-810.0;60.0;543.0;-571.0;747.0
424.0;613.0;-781.0;-44.0;423.0;-211.0;769.0
449.0;?;-771.0;-47.0;411.0;-230.0;764.0
469.0;630.0;-764.0;-61.0;398.0;-256.0;760.0
482.0;634.0;?;-79.0;387.0;-282.0;758.0
486.0;635.0;-759.0;-98.0;382.0;-308.0;?
485.0;636.0;-761.0;-116.0;381.0;-329.0;757.0
476.0;637.0;-767.0;-125.0;386.0;?;756.0
460.0;639.0;-777.0;-124.0;397.0;-332.0;751.0
432.0;639.0;-789.0;-117.0;415.0;-323.0;748.0
395.0;637.0;-801.0;-107.0;439.0;-317.0;748.0
355.0;635.0;-809.0;-91.0;464.0;?;?
314.0;629.0;-814.0;-68.0;488.0;-313.0;?
272.0;621.0;-815.0;-44.0;511.0;-315.0;758.0
223.0;614.0;-816.0;-34.0;533.0;-335.0;759.0
299.0;578.0;-802.0;162.0;516.0;-22.0;?
322.0;584.0;?;174.0;501.0;-4.0;791.0
336.0;592.0;-799.0;?;488.0;8.0;790.0
346.0;599.0;-797.0;179.0;477.0;15.0;787.0
355.0;605.0;-795.0;174.0;468.0;19.0;783.0
362.0;608.0;-795.0;168.0;458.0;23.0;781.0
365.0;609.0;-799.0;162.0;450.0;23.0;781.0
361.0;609.0;?;157.0;445.0;18.0;781.0
346.0;610.0;-812.0;?;448.0;11.0;781.0
319.0;612.0;-819.0;157.0;458.0;12.0;780.0
282.0;614.0;-824.0;175.0;476.0;23.0;779.0
238.0;616.0;-828.0;197.0;498.0;32.0;778.0
197.0;616.0;-828.0;215.0;519.0;32.0;778.0
?;?;-825.0;233.0;538.0;25.0;780.0
143.0;?;-822.0;252.0;551.0;18.0;781.0
120.0;609.0;-821.0;257.0;558.0;1.0;781.0
90.0;601.0;?;262.0;561.0;-17.0;783.0
74.0;571.0;-846.0;397.0;500.0;284.0;?
94.0;581.0;-851.0;408.0;484.0;309.0;789.0
113.0;589.0;-855.0;411.0;467.0;332.0;787.0
129.0;595.0;-858.0;412.0;452.0;354.0;785.0
141.0;?;-863.0;414.0;437.0;376.0;?
149.0;601.0;-866.0;413.0;426.0;394.0;784.0
149.0;603.0;-868.0;409.0;422.0;407.0;782.0
138.0;604.0;-870.0;403.0;425.0;412.0;778.0
120.0;?;-869.0;408.0;437.0;415.0;777.0
92.0;607.0;-865.0;426.0;455.0;425.0;776.0
61.0;609.0;-860.0;448.0;474.0;435.0;774.0
37.0;607.0;-853.0;465.0;493.0;435.0;?
22.0;606.0;-846.0;477.0;512.0;427.0;773.0
90.0;598.0;-858.0;518.0;447.0;567.0;779.0
101.0;604.0;-861.0;522.0;431.0;578.0;?
106.0;602.0;-866.0;526.0;416.0;592.0;?
107.0;595.0;-870.0;538.0;?;598.0;788.0
100.0;588.0;-872.0;551.0;408.0;?;790.0
83.0;588.0;-873.0;562.0;413.0;633.0;789.0
58.0;589.0;-871.0;573.0;426.0;?;791.0
27.0;592.0;?;577.0;?;662.0;794.0
1.0;592.0;-857.0;579.0;468.0;664.0;795.0
-10.0;590.0;-850.0;580.0;488.0;661.0;?
-14.0;591.0;-845.0;578.0;505.0;659.0;796.0
-20.0;590.0;-843.0;583.0;513.0;658.0;795.0
-34.0;588.0;-839.0;589.0;516.0;652.0;794.0
-54.0;590.0;-833.0;591.0;516.0;642.0;790.0
-67.0;591.0;-828.0;?;515.0;630.0;787.0
-65.0;592.0;-826.0;596.0;517.0;616.0;785.0
-60.0;596.0;-825.0;601.0;522.0;610.0;782.0
-69.0;601.0;-823.0;?;527.0;603.0;780.0
-87.0;606.0;-821.0;606.0;530.0;597.0;779.0
-107.0;605.0;-819.0;601.0;532.0;590.0;781.0
-112.0;?;-818.0;595.0;538.0;579.0;782.0
-110.0;600.0;-817.0;591.0;545.0;568.0;783.0
?;598.0;-816.0;589.0;550.0;562.0;785.0
-105.0;595.0;-817.0;585.0;552.0;555.0;785.0
-105.0;592.0;-817.0;583.0;552.0;548.0;786.0
-99.0;588.0;-819.0;584.0;550.0;543.0;788.0
-84.0;586.0;-824.0;580.0;547.0;541.0;788.0
?;590.0;-827.0;576.0;545.0;535.0;783.0
-49.0;594.0;-832.0;577.0;541.0;525.0;779.0
-32.0;598.0;-837.0;576.0;535.0;521.0;775.0
-17.0;603.0;-841.0;575.0;528.0;519.0;771.0
-6.0;610.0;-846.0;572.0;519.0;519.0;766.0
-2.0;615.0;-849.0;564.0;509.0;519.0;763.0
2.0;617.0;-852.0;?;501.0;518.0;762.0
11.0;618.0;-855.0;553.0;494.0;516.0;762.0
?;617.0;-857.0;560.0;489.0;513.0;764.0
38.0;?;-859.0;569.0;485.0;510.0;768.0
45.0;611.0;-861.0;573.0;483.0;509.0;771.0
44.0;608.0;-861.0;577.0;483.0;?;774.0
34.0;609.0;-859.0;581.0;486.0;503.0;775.0
19.0;611.0;?;584.0;494.0;502.0;775.0
2.0;613.0;-850.0;584.0;507.0;500.0;776.0
-14.0;615.0;?;573.0;518.0;497.0;776.0
-27.0;619.0;-841.0;569.0;528.0;494.0;773.0
-35.0;625.0;-838.0;576.0;533.0;493.0;768.0
-41.0;632.0;-835.0;?;536.0;496.0;759.0
-52.0;637.0;-833.0;587.0;535.0;494.0;751.0
-73.0;638.0;-830.0;590.0;530.0;486.0;747.0
-6.0;572.0;-844.0;507.0;398.0;655.0;794.0
19.0;570.0;-848.0;513.0;379.0;670.0;798.0
40.0;?;?;520.0;363.0;680.0;802.0
52.0;?;-862.0;526.0;353.0;687.0;805.0
?;566.0;-868.0;535.0;350.0;693.0;808.0
45.0;566.0;-870.0;544.0;357.0;696.0;808.0
24.0;571.0;-867.0;554.0;375.0;692.0;805.0
-7.0;575.0;-860.0;563.0;401.0;683.0;804.0
?;579.0;-849.0;570.0;?;673.0;802.0
-67.0;583.0;-836.0;574.0;476.0;662.0;796.0
-72.0;?;-825.0;580.0;513.0;649.0;792.0
139.0;616.0;-817.0;585.0;551.0;743.0;783.0
165.0;619.0;-819.0;594.0;540.0;760.0;775.0
189.0;622.0;-821.0;600.0;527.0;?;766.0
208.0;623.0;-822.0;601.0;?;783.0;759.0
223.0;622.0;?;600.0;507.0;790.0;752.0
233.0;618.0;-823.0;598.0;500.0;795.0;?
238.0;613.0;-825.0;598.0;?;798.0;?
236.0;610.0;-827.0;600.0;491.0;798.0;743.0
223.0;614.0;-828.0;604.0;497.0;794.0;741.0
204.0;616.0;-826.0;609.0;510.0;791.0;738.0
182.0;614.0;-823.0;613.0;528.0;786.0;734.0
160.0;615.0;-816.0;616.0;549.0;781.0;733.0
151.0;622.0;-808.0;619.0;567.0;775.0;731.0
155.0;629.0;-802.0;621.0;576.0;769.0;732.0
161.0;635.0;-798.0;624.0;581.0;761.0;739.0
159.0;635.0;-796.0;623.0;583.0;754.0;753.0
144.0;633.0;-798.0;615.0;584.0;746.0;762.0
125.0;632.0;-803.0;604.0;579.0;734.0;767.0
189.0;622.0;-812.0;614.0;548.0;772.0;737.0
205.0;619.0;-813.0;614.0;537.0;777.0;730.0
217.0;618.0;-813.0;614.0;529.0;781.0;722.0
225.0;617.0;-813.0;613.0;524.0;785.0;715.0
230.0;615.0;-813.0;615.0;523.0;785.0;710.0
231.0;616.0;-812.0;619.0;525.0;783.0;705.0
228.0;620.0;?;620.0;528.0;781.0;?
218.0;620.0;-814.0;623.0;?;778.0;691.0
?;621.0;-812.0;623.0;548.0;776.0;688.0
?;627.0;-808.0;622.0;560.0;774.0;690.0
184.0;632.0;-804.0;623.0;566.0;771.0;697.0
321.0;650.0;-752.0;658.0;575.0;742.0;691.0
336.0;?;-750.0;658.0;569.0;740.0;686.0
346.0;?;-749.0;658.0;565.0;740.0;683.0
351.0;654.0;?;656.0;561.0;743.0;682.0
348.0;653.0;-753.0;655.0;558.0;746.0;684.0
338.0;655.0;-759.0;657.0;555.0;745.0;687.0
322.0;660.0;-766.0;659.0;555.0;742.0;687.0
299.0;666.0;-773.0;659.0;560.0;740.0;?
273.0;664.0;-776.0;659.0;568.0;736.0;680.0
251.0;660.0;-775.0;656.0;579.0;?;680.0
247.0;659.0;-773.0;652.0;583.0;733.0;684.0
260.0;639.0;-794.0;637.0;547.0;754.0;717.0
267.0;640.0;-794.0;639.0;540.0;753.0;713.0
272.0;643.0;-795.0;641.0;534.0;752.0;709.0
275.0;645.0;-797.0;642.0;528.0;753.0;706.0
274.0;647.0;-802.0;643.0;522.0;753.0;706.0
267.0;651.0;-807.0;645.0;519.0;753.0;707.0
250.0;660.0;?;644.0;522.0;755.0;707.0
225.0;661.0;-814.0;643.0;531.0;755.0;706.0
194.0;658.0;-813.0;641.0;?;755.0;707.0
162.0;658.0;-811.0;638.0;561.0;756.0;?
142.0;659.0;-808.0;633.0;?;757.0;709.0
141.0;660.0;-806.0;629.0;576.0;757.0;715.0
143.0;660.0;-804.0;624.0;577.0;757.0;724.0
141.0;657.0;-803.0;617.0;578.0;757.0;736.0
138.0;654.0;-802.0;609.0;580.0;754.0;744.0
141.0;?;-801.0;604.0;579.0;748.0;752.0
147.0;644.0;-801.0;601.0;575.0;739.0;758.0
?;642.0;-800.0;596.0;573.0;730.0;760.0
161.0;644.0;-797.0;?;573.0;721.0;758.0
170.0;645.0;-793.0;584.0;577.0;712.0;757.0
180.0;645.0;-789.0;575.0;583.0;706.0;756.0
191.0;645.0;-784.0;?;588.0;704.0;?
?;642.0;-778.0;559.0;594.0;703.0;759.0
208.0;638.0;-773.0;558.0;599.0;705.0;761.0
214.0;?;-771.0;563.0;600.0;708.0;763.0
209.0;634.0;-772.0;572.0;600.0;716.0;762.0
191.0;632.0;-775.0;585.0;603.0;727.0;760.0
177.0;629.0;-778.0;598.0;?;739.0;760.0
177.0;629.0;-780.0;608.0;600.0;751.0;761.0
193.0;630.0;-778.0;613.0;597.0;758.0;761.0
220.0;636.0;-774.0;614.0;594.0;762.0;758.0
252.0;641.0;-769.0;616.0;586.0;762.0;752.0
281.0;?;-766.0;621.0;577.0;764.0;?
306.0;640.0;-764.0;626.0;566.0;767.0;737.0
324.0;638.0;-765.0;629.0;557.0;?;728.0
337.0;635.0;-765.0;630.0;549.0;770.0;719.0
347.0;632.0;-763.0;627.0;544.0;770.0;709.0
355.0;630.0;?;621.0;?;772.0;699.0
365.0;629.0;-756.0;614.0;541.0;775.0;694.0
385.0;627.0;-752.0;610.0;535.0;778.0;694.0
407.0;624.0;-749.0;609.0;523.0;779.0;697.0
421.0;625.0;-747.0;609.0;513.0;780.0;700.0
414.0;632.0;-751.0;610.0;511.0;780.0;703.0
395.0;633.0;-755.0;608.0;520.0;780.0;?
372.0;630.0;-758.0;607.0;533.0;778.0;702.0
355.0;631.0;-757.0;?;546.0;775.0;699.0
350.0;635.0;-754.0;601.0;553.0;770.0;697.0
264.0;653.0;-767.0;643.0;584.0;744.0;730.0
277.0;653.0;-770.0;648.0;574.0;745.0;723.0
288.0;651.0;-773.0;651.0;565.0;745.0;717.0
298.0;651.0;?;652.0;557.0;745.0;710.0
306.0;652.0;-776.0;?;551.0;746.0;?
312.0;653.0;?;650.0;545.0;747.0;700.0
313.0;650.0;-781.0;650.0;538.0;748.0;702.0
308.0;649.0;-787.0;652.0;532.0;746.0;705.0
295.0;653.0;-794.0;653.0;529.0;?;709.0
276.0;659.0;-799.0;651.0;531.0;748.0;710.0
250.0;658.0;-803.0;649.0;539.0;748.0;706.0
221.0;656.0;?;645.0;549.0;750.0;703.0
197.0;656.0;-805.0;638.0;559.0;753.0;705.0
188.0;658.0;-802.0;630.0;567.0;757.0;710.0
190.0;657.0;-800.0;624.0;569.0;760.0;718.0
191.0;?;-800.0;621.0;568.0;760.0;731.0
186.0;650.0;-801.0;617.0;568.0;757.0;744.0
175.0;645.0;-804.0;613.0;566.0;750.0;754.0
162.0;640.0;-807.0;611.0;561.0;738.0;761.0
163.0;637.0;-808.0;609.0;555.0;725.0;766.0
157.0;635.0;-809.0;609.0;551.0;710.0;768.0
148.0;637.0;-808.0;608.0;552.0;693.0;767.0
136.0;641.0;-808.0;606.0;555.0;675.0;764.0
125.0;642.0;?;603.0;561.0;659.0;765.0
112.0;642.0;-807.0;598.0;566.0;646.0;766.0
98.0;640.0;-806.0;?;572.0;636.0;?
84.0;638.0;-805.0;594.0;577.0;629.0;770.0
?;635.0;-805.0;597.0;580.0;629.0;771.0
34.0;634.0;-804.0;600.0;582.0;635.0;771.0
3.0;630.0;-801.0;601.0;585.0;648.0;?
-17.0;624.0;-800.0;602.0;584.0;?;777.0
-16.0;617.0;-801.0;600.0;582.0;670.0;781.0
2.0;617.0;-801.0;596.0;585.0;675.0;780.0
32.0;618.0;-801.0;590.0;586.0;679.0;777.0
63.0;622.0;-803.0;589.0;585.0;685.0;775.0
91.0;625.0;-805.0;595.0;579.0;694.0;774.0
112.0;628.0;-809.0;604.0;569.0;707.0;773.0
-19.0;609.0;-814.0;538.0;553.0;660.0;749.0
-10.0;614.0;-820.0;558.0;544.0;677.0;754.0
-3.0;620.0;-825.0;582.0;533.0;693.0;759.0
6.0;624.0;-829.0;604.0;522.0;706.0;763.0
16.0;630.0;-832.0;620.0;513.0;714.0;763.0
23.0;636.0;-835.0;627.0;507.0;720.0;761.0
25.0;638.0;-837.0;628.0;505.0;723.0;761.0
22.0;636.0;-838.0;629.0;504.0;723.0;764.0
12.0;634.0;-837.0;631.0;506.0;717.0;765.0
-2.0;634.0;-833.0;629.0;512.0;707.0;?
-19.0;638.0;-827.0;623.0;522.0;695.0;756.0
-38.0;641.0;-819.0;620.0;535.0;686.0;753.0
-54.0;647.0;-810.0;623.0;552.0;679.0;748.0
-60.0;651.0;-805.0;631.0;563.0;673.0;743.0
-51.0;654.0;-805.0;638.0;567.0;662.0;737.0
-115.0;602.0;-802.0;569.0;544.0;626.0;750.0
-98.0;606.0;?;594.0;533.0;636.0;755.0
-80.0;611.0;-818.0;613.0;521.0;644.0;757.0
-62.0;619.0;-825.0;624.0;509.0;649.0;757.0
-47.0;626.0;-830.0;627.0;499.0;653.0;756.0
?;629.0;-833.0;624.0;492.0;658.0;?
-34.0;628.0;-835.0;620.0;488.0;659.0;756.0
-37.0;624.0;-836.0;615.0;486.0;655.0;757.0
-44.0;617.0;-836.0;606.0;486.0;645.0;755.0
-52.0;607.0;-834.0;596.0;487.0;631.0;756.0
?;604.0;-829.0;593.0;493.0;?;761.0
-72.0;602.0;-823.0;599.0;502.0;622.0;763.0
-79.0;605.0;-818.0;606.0;511.0;625.0;761.0
-76.0;609.0;-817.0;611.0;516.0;625.0;756.0
-154.0;584.0;-784.0;573.0;553.0;587.0;751.0
-127.0;593.0;-796.0;?;545.0;602.0;755.0
-106.0;598.0;-808.0;617.0;530.0;612.0;758.0
-87.0;604.0;-817.0;629.0;512.0;617.0;760.0
-72.0;608.0;-824.0;632.0;494.0;621.0;?
-59.0;610.0;-829.0;628.0;477.0;623.0;761.0
-50.0;608.0;-833.0;621.0;464.0;623.0;762.0
-44.0;607.0;-836.0;614.0;455.0;621.0;763.0
-45.0;?;-836.0;608.0;454.0;?;?
-49.0;613.0;-835.0;601.0;462.0;621.0;752.0
-58.0;620.0;-831.0;597.0;476.0;622.0;751.0
-72.0;624.0;-823.0;598.0;497.0;626.0;750.0
-88.0;630.0;-812.0;600.0;519.0;627.0;748.0
-97.0;632.0;-803.0;599.0;538.0;622.0;745.0
-93.0;631.0;-801.0;598.0;547.0;610.0;742.0
341.0;650.0;-760.0;621.0;553.0;770.0;744.0
357.0;650.0;-755.0;622.0;549.0;768.0;?
371.0;652.0;-750.0;621.0;545.0;767.0;?
379.0;652.0;-749.0;620.0;540.0;767.0;731.0
?;650.0;?;620.0;534.0;768.0;733.0
366.0;649.0;-764.0;622.0;529.0;768.0;737.0
339.0;?;-775.0;624.0;531.0;768.0;742.0
295.0;659.0;-783.0;622.0;543.0;769.0;742.0
237.0;659.0;-789.0;620.0;562.0;767.0;?
185.0;664.0;-789.0;617.0;582.0;764.0;742.0
160.0;673.0;-785.0;614.0;596.0;760.0;735.0
169.0;678.0;-784.0;613.0;598.0;754.0;732.0
184.0;674.0;-785.0;615.0;?;?;736.0
185.0;667.0;?;615.0;586.0;735.0;?
152.0;?;-802.0;632.0;571.0;695.0;769.0
160.0;624.0;-805.0;649.0;560.0;699.0;766.0
169.0;633.0;-808.0;660.0;?;700.0;761.0
179.0;643.0;-809.0;665.0;542.0;704.0;753.0
182.0;651.0;-811.0;664.0;536.0;?;747.0
178.0;653.0;-815.0;662.0;531.0;712.0;746.0
166.0;651.0;-820.0;659.0;528.0;714.0;747.0
146.0;655.0;-822.0;657.0;530.0;714.0;744.0
117.0;658.0;-820.0;651.0;?;716.0;739.0
85.0;660.0;-815.0;649.0;556.0;718.0;737.0
59.0;667.0;-808.0;650.0;574.0;723.0;735.0
55.0;680.0;-803.0;649.0;586.0;729.0;726.0
76.0;685.0;-803.0;647.0;587.0;731.0;721.0
200.0;663.0;-819.0;629.0;527.0;742.0;741.0
212.0;664.0;-820.0;637.0;514.0;750.0;735.0
223.0;664.0;?;637.0;503.0;757.0;729.0
231.0;665.0;-819.0;634.0;495.0;764.0;723.0
233.0;665.0;-820.0;629.0;488.0;769.0;722.0
229.0;664.0;-823.0;626.0;484.0;771.0;724.0
220.0;664.0;-825.0;626.0;485.0;770.0;728.0
203.0;667.0;-827.0;627.0;493.0;766.0;730.0
?;673.0;-826.0;628.0;506.0;760.0;?
141.0;676.0;-822.0;630.0;528.0;?;729.0
96.0;679.0;-813.0;634.0;556.0;745.0;729.0
56.0;686.0;-804.0;638.0;580.0;736.0;725.0
41.0;688.0;-799.0;641.0;591.0;723.0;724.0
25.0;630.0;-794.0;556.0;588.0;744.0;758.0
57.0;631.0;?;572.0;?;753.0;763.0
80.0;631.0;-807.0;587.0;568.0;756.0;766.0
96.0;634.0;-813.0;600.0;554.0;756.0;765.0
109.0;638.0;-817.0;609.0;539.0;?;763.0
121.0;643.0;-819.0;615.0;526.0;755.0;759.0
130.0;648.0;-821.0;619.0;515.0;755.0;756.0
133.0;651.0;-823.0;622.0;508.0;755.0;753.0
130.0;653.0;-827.0;624.0;503.0;754.0;752.0
119.0;655.0;-829.0;627.0;504.0;751.0;750.0
99.0;659.0;-829.0;630.0;512.0;747.0;746.0
?;661.0;-825.0;631.0;525.0;741.0;744.0
46.0;664.0;-818.0;634.0;545.0;735.0;742.0
17.0;667.0;-809.0;637.0;566.0;732.0;740.0
-2.0;672.0;-801.0;638.0;581.0;730.0;736.0
-4.0;671.0;-799.0;639.0;587.0;725.0;735.0
4.0;665.0;-799.0;?;587.0;712.0;739.0
10.0;655.0;-800.0;642.0;585.0;698.0;744.0
12.0;646.0;-801.0;640.0;579.0;686.0;744.0
?;637.0;-804.0;640.0;570.0;674.0;745.0
12.0;629.0;-807.0;638.0;559.0;663.0;746.0
17.0;624.0;-809.0;635.0;548.0;654.0;745.0
22.0;624.0;-809.0;634.0;541.0;645.0;741.0
27.0;?;-806.0;633.0;544.0;639.0;734.0
31.0;631.0;-803.0;631.0;553.0;636.0;728.0
?;633.0;-800.0;629.0;?;637.0;726.0
?;632.0;-796.0;626.0;579.0;639.0;728.0
36.0;628.0;-792.0;623.0;592.0;642.0;732.0
42.0;624.0;-788.0;620.0;600.0;648.0;740.0
41.0;621.0;-787.0;617.0;603.0;658.0;745.0
29.0;618.0;?;612.0;604.0;673.0;753.0
21.0;615.0;-786.0;607.0;603.0;693.0;?
25.0;614.0;-791.0;601.0;597.0;711.0;761.0
40.0;613.0;-793.0;596.0;594.0;718.0;761.0
63.0;613.0;-794.0;?;594.0;715.0;758.0
93.0;?;-794.0;597.0;592.0;709.0;759.0
123.0;625.0;-794.0;611.0;590.0;711.0;759.0
148.0;629.0;-795.0;629.0;585.0;715.0;760.0
167.0;?;-796.0;643.0;577.0;716.0;759.0
185.0;639.0;?;654.0;571.0;714.0;757.0
201.0;646.0;-795.0;657.0;565.0;714.0;753.0
214.0;652.0;-794.0;657.0;561.0;716.0;749.0
221.0;655.0;-794.0;655.0;557.0;719.0;746.0
224.0;656.0;-795.0;654.0;553.0;723.0;745.0
219.0;658.0;-798.0;655.0;550.0;725.0;744.0
?;663.0;-801.0;653.0;551.0;727.0;739.0
182.0;669.0;-802.0;648.0;557.0;731.0;733.0
155.0;672.0;-800.0;643.0;567.0;733.0;730.0
128.0;676.0;-796.0;641.0;?;736.0;729.0
126.0;678.0;-792.0;640.0;?;739.0;728.0
143.0;676.0;-790.0;640.0;591.0;737.0;729.0
9.0;627.0;-812.0;597.0;560.0;659.0;726.0
30.0;635.0;-818.0;612.0;553.0;664.0;727.0
48.0;644.0;-823.0;631.0;544.0;673.0;730.0
63.0;650.0;-826.0;648.0;536.0;676.0;733.0
79.0;657.0;-828.0;658.0;528.0;678.0;733.0
93.0;663.0;-829.0;663.0;521.0;679.0;730.0
102.0;668.0;-831.0;662.0;515.0;680.0;728.0
105.0;669.0;-833.0;660.0;510.0;681.0;728.0
101.0;669.0;?;659.0;507.0;680.0;727.0
89.0;671.0;?;658.0;508.0;676.0;723.0
71.0;672.0;-831.0;652.0;515.0;673.0;717.0
50.0;672.0;-826.0;648.0;525.0;671.0;716.0
28.0;674.0;-819.0;647.0;539.0;671.0;717.0
7.0;678.0;-812.0;646.0;554.0;673.0;714.0
?;678.0;-809.0;642.0;561.0;673.0;711.0
6.0;674.0;-810.0;637.0;563.0;666.0;710.0
-103.0;599.0;-792.0;567.0;559.0;597.0;718.0
-63.0;611.0;-802.0;593.0;556.0;609.0;725.0
-30.0;619.0;-813.0;620.0;549.0;620.0;730.0
-8.0;628.0;-821.0;640.0;539.0;628.0;?
5.0;637.0;-826.0;650.0;529.0;632.0;734.0
14.0;645.0;-828.0;654.0;520.0;634.0;733.0
22.0;651.0;-832.0;654.0;508.0;638.0;730.0
27.0;654.0;-838.0;652.0;495.0;641.0;729.0
28.0;656.0;-844.0;650.0;482.0;644.0;730.0
25.0;656.0;-852.0;648.0;468.0;646.0;731.0
13.0;656.0;?;644.0;457.0;649.0;731.0
-6.0;658.0;-856.0;637.0;458.0;650.0;?
-27.0;656.0;-850.0;628.0;472.0;649.0;?
-49.0;654.0;-841.0;627.0;492.0;650.0;728.0
-70.0;652.0;-833.0;632.0;510.0;655.0;?
-90.0;649.0;?;640.0;521.0;659.0;734.0
-112.0;647.0;?;639.0;?;657.0;734.0
-142.0;643.0;-817.0;?;518.0;654.0;729.0
-175.0;629.0;-808.0;611.0;508.0;644.0;724.0
-209.0;613.0;-799.0;596.0;495.0;631.0;719.0
-236.0;598.0;-791.0;588.0;483.0;602.0;714.0
-262.0;582.0;-785.0;588.0;472.0;575.0;707.0
-292.0;573.0;-778.0;597.0;462.0;562.0;705.0
-321.0;563.0;-770.0;605.0;452.0;550.0;699.0
-348.0;554.0;-760.0;612.0;?;536.0;696.0
?;?;-753.0;610.0;426.0;520.0;690.0
?;532.0;-749.0;597.0;411.0;503.0;683.0
-382.0;?;-746.0;574.0;397.0;480.0;671.0
?;499.0;-742.0;547.0;385.0;449.0;661.0
-388.0;483.0;-738.0;527.0;375.0;425.0;652.0
-388.0;471.0;-732.0;?;373.0;409.0;645.0
-386.0;464.0;-726.0;523.0;380.0;407.0;640.0
?;453.0;-728.0;528.0;?;411.0;637.0
-352.0;451.0;-736.0;531.0;405.0;412.0;638.0
-324.0;456.0;-747.0;534.0;420.0;?;645.0
-292.0;460.0;-763.0;538.0;431.0;431.0;659.0
-258.0;467.0;-779.0;543.0;438.0;457.0;674.0
-225.0;475.0;-795.0;543.0;438.0;488.0;688.0
-196.0;484.0;-810.0;534.0;432.0;?;698.0
?;?;-821.0;524.0;419.0;548.0;705.0
-176.0;498.0;-825.0;512.0;406.0;576.0;712.0
-188.0;505.0;-824.0;502.0;395.0;600.0;718.0
-201.0;506.0;-820.0;502.0;387.0;618.0;724.0
-213.0;506.0;-816.0;508.0;387.0;629.0;730.0
-221.0;506.0;-814.0;516.0;395.0;631.0;732.0
-224.0;503.0;-813.0;526.0;?;?;732.0
-224.0;500.0;-813.0;537.0;411.0;617.0;?
-227.0;505.0;-810.0;548.0;419.0;604.0;725.0
-231.0;508.0;-805.0;560.0;426.0;591.0;722.0
-232.0;511.0;-801.0;571.0;435.0;579.0;716.0
-225.0;517.0;-797.0;576.0;448.0;569.0;708.0
-209.0;524.0;-793.0;582.0;465.0;559.0;699.0
-185.0;533.0;-790.0;587.0;487.0;552.0;688.0
-154.0;543.0;-789.0;?;509.0;550.0;679.0
-116.0;555.0;-789.0;605.0;528.0;546.0;678.0
-79.0;566.0;-793.0;622.0;540.0;537.0;684.0
-77.0;574.0;-796.0;635.0;537.0;528.0;691.0
-84.0;583.0;-797.0;642.0;531.0;515.0;696.0
-68.0;588.0;?;641.0;533.0;501.0;696.0
-53.0;594.0;-804.0;636.0;?;490.0;690.0
-38.0;601.0;-806.0;630.0;544.0;484.0;684.0
-24.0;607.0;-807.0;626.0;552.0;482.0;683.0
-11.0;612.0;-808.0;621.0;558.0;485.0;685.0
?;616.0;-807.0;619.0;564.0;494.0;691.0
16.0;621.0;-806.0;620.0;570.0;506.0;701.0
30.0;625.0;-805.0;623.0;576.0;525.0;714.0
43.0;629.0;-802.0;620.0;581.0;552.0;724.0
54.0;637.0;-798.0;614.0;589.0;587.0;734.0
70.0;643.0;-793.0;610.0;597.0;625.0;740.0
97.0;645.0;-788.0;607.0;602.0;663.0;746.0
139.0;649.0;-782.0;599.0;604.0;699.0;747.0
193.0;657.0;-773.0;590.0;603.0;733.0;745.0
259.0;662.0;-759.0;589.0;597.0;760.0;743.0
324.0;661.0;-744.0;591.0;583.0;781.0;741.0
375.0;654.0;-733.0;587.0;564.0;796.0;735.0
410.0;642.0;-729.0;?;545.0;804.0;727.0
430.0;628.0;-730.0;562.0;530.0;811.0;720.0
437.0;618.0;-732.0;552.0;523.0;815.0;711.0
437.0;611.0;-732.0;548.0;521.0;815.0;701.0
437.0;608.0;-731.0;?;520.0;811.0;689.0
437.0;606.0;?;551.0;516.0;805.0;677.0
437.0;606.0;-734.0;553.0;511.0;797.0;668.0
434.0;608.0;-740.0;556.0;508.0;787.0;660.0
426.0;615.0;-744.0;559.0;511.0;779.0;652.0
412.0;617.0;-748.0;563.0;519.0;771.0;645.0
392.0;615.0;-752.0;568.0;530.0;766.0;642.0
368.0;619.0;-755.0;572.0;541.0;763.0;645.0
346.0;627.0;-755.0;580.0;552.0;762.0;655.0
327.0;635.0;-755.0;592.0;563.0;761.0;672.0
175.0;652.0;-789.0;624.0;585.0;698.0;751.0
201.0;?;-791.0;?;575.0;701.0;751.0
220.0;651.0;-794.0;644.0;564.0;709.0;751.0
229.0;652.0;-796.0;653.0;555.0;719.0;749.0
235.0;?;-797.0;658.0;547.0;728.0;745.0
240.0;653.0;-797.0;656.0;540.0;736.0;741.0
242.0;653.0;-798.0;?;534.0;744.0;738.0
240.0;652.0;-801.0;647.0;528.0;749.0;739.0
233.0;650.0;-807.0;643.0;522.0;752.0;742.0
221.0;?;-812.0;641.0;520.0;751.0;744.0
199.0;652.0;-816.0;641.0;523.0;748.0;746.0
171.0;658.0;-817.0;640.0;531.0;743.0;744.0
139.0;661.0;-816.0;641.0;544.0;738.0;742.0
108.0;664.0;-814.0;643.0;558.0;733.0;?
82.0;?;-812.0;644.0;570.0;729.0;737.0
67.0;670.0;-813.0;648.0;572.0;720.0;738.0
-247.0;493.0;-788.0;487.0;447.0;470.0;664.0
-247.0;472.0;-792.0;480.0;432.0;457.0;665.0
-248.0;445.0;-798.0;469.0;417.0;434.0;655.0
-248.0;412.0;-803.0;456.0;402.0;403.0;640.0
-250.0;383.0;-810.0;443.0;388.0;370.0;625.0
-255.0;358.0;-815.0;430.0;374.0;335.0;609.0
-271.0;342.0;-813.0;421.0;362.0;307.0;591.0
-297.0;327.0;-803.0;?;353.0;284.0;573.0
-332.0;312.0;-787.0;403.0;346.0;258.0;554.0
-373.0;292.0;-769.0;384.0;340.0;233.0;535.0
-407.0;275.0;-751.0;368.0;340.0;211.0;520.0
-434.0;263.0;-737.0;357.0;350.0;199.0;511.0
-460.0;257.0;-721.0;348.0;366.0;197.0;506.0
-486.0;248.0;?;340.0;386.0;202.0;501.0
-516.0;238.0;-673.0;331.0;399.0;210.0;497.0
-547.0;232.0;-640.0;307.0;397.0;209.0;498.0
-578.0;226.0;-604.0;264.0;385.0;188.0;496.0
-607.0;224.0;-572.0;213.0;366.0;168.0;493.0
-633.0;220.0;-544.0;177.0;343.0;161.0;489.0
-654.0;213.0;-519.0;155.0;320.0;163.0;488.0
-672.0;206.0;-499.0;147.0;297.0;171.0;491.0
-687.0;203.0;-483.0;152.0;274.0;179.0;495.0
-699.0;202.0;-472.0;157.0;251.0;182.0;495.0
-708.0;202.0;-466.0;163.0;230.0;179.0;495.0
-712.0;203.0;-466.0;171.0;218.0;173.0;495.0
-713.0;201.0;-470.0;184.0;213.0;162.0;494.0
-712.0;201.0;-477.0;204.0;213.0;146.0;496.0
-710.0;202.0;?;230.0;?;133.0;497.0
-707.0;?;-491.0;268.0;216.0;127.0;499.0
-701.0;208.0;-499.0;305.0;218.0;125.0;499.0
-695.0;219.0;-505.0;325.0;217.0;127.0;497.0
-687.0;229.0;-511.0;330.0;217.0;?;495.0
-678.0;230.0;-520.0;326.0;215.0;149.0;500.0
-663.0;230.0;-540.0;328.0;210.0;161.0;513.0
-633.0;240.0;-574.0;331.0;211.0;178.0;525.0
-593.0;254.0;-621.0;336.0;218.0;203.0;539.0
?;270.0;-664.0;344.0;226.0;234.0;553.0
-535.0;281.0;-694.0;347.0;223.0;260.0;564.0
-523.0;?;-716.0;343.0;206.0;275.0;571.0
-526.0;293.0;-726.0;334.0;187.0;281.0;572.0
-564.0;295.0;-719.0;325.0;162.0;282.0;?
-618.0;299.0;-696.0;323.0;118.0;285.0;576.0
-670.0;306.0;-662.0;329.0;40.0;288.0;578.0
-705.0;311.0;-629.0;339.0;-54.0;285.0;581.0
-725.0;307.0;-601.0;343.0;-140.0;274.0;577.0
-734.0;296.0;-577.0;337.0;-215.0;255.0;564.0
-732.0;280.0;-563.0;326.0;-279.0;234.0;548.0
-729.0;277.0;-558.0;324.0;-316.0;218.0;539.0
-728.0;269.0;-559.0;329.0;-329.0;204.0;532.0
-729.0;261.0;-551.0;335.0;-350.0;?;526.0
-726.0;257.0;-546.0;343.0;-368.0;?;518.0
-727.0;254.0;-542.0;349.0;?;177.0;512.0
-734.0;256.0;-532.0;?;-363.0;176.0;510.0
-745.0;260.0;-517.0;372.0;-348.0;178.0;513.0
-759.0;263.0;-507.0;385.0;-311.0;180.0;516.0
-777.0;263.0;-498.0;397.0;?;178.0;519.0
-789.0;260.0;-493.0;405.0;-186.0;170.0;518.0
-792.0;257.0;-498.0;404.0;-96.0;154.0;515.0
-789.0;255.0;-500.0;406.0;-10.0;144.0;511.0
-779.0;257.0;-498.0;408.0;57.0;135.0;510.0
-776.0;260.0;-484.0;412.0;94.0;130.0;509.0
-777.0;?;-460.0;414.0;102.0;128.0;510.0
-779.0;264.0;-433.0;416.0;97.0;128.0;512.0
-781.0;?;-414.0;414.0;98.0;?;513.0
-780.0;263.0;-406.0;409.0;109.0;138.0;516.0
-777.0;272.0;-402.0;406.0;121.0;154.0;521.0
-774.0;280.0;-400.0;403.0;130.0;175.0;530.0
-771.0;279.0;-403.0;401.0;129.0;195.0;545.0
-764.0;283.0;-416.0;400.0;122.0;215.0;556.0
-748.0;299.0;-444.0;406.0;120.0;242.0;568.0
-721.0;319.0;-490.0;416.0;132.0;275.0;584.0
-685.0;336.0;-543.0;434.0;?;312.0;601.0
-641.0;355.0;-595.0;450.0;171.0;339.0;620.0
-596.0;370.0;-643.0;459.0;187.0;356.0;634.0
-556.0;382.0;-683.0;458.0;195.0;366.0;641.0
-523.0;391.0;-712.0;455.0;195.0;377.0;645.0
-494.0;402.0;-733.0;455.0;192.0;393.0;649.0
-466.0;416.0;-750.0;455.0;189.0;411.0;654.0
-440.0;428.0;-764.0;461.0;192.0;428.0;661.0
-415.0;440.0;-779.0;470.0;201.0;440.0;666.0
-393.0;447.0;-790.0;?;219.0;445.0;666.0
-377.0;450.0;-796.0;484.0;244.0;438.0;662.0
-370.0;463.0;-796.0;498.0;278.0;433.0;664.0
-369.0;476.0;-791.0;519.0;315.0;430.0;669.0
-372.0;491.0;-780.0;540.0;352.0;430.0;670.0
-376.0;499.0;-766.0;555.0;386.0;430.0;668.0
-373.0;502.0;-756.0;562.0;415.0;427.0;669.0
94.0;616.0;-820.0;624.0;549.0;685.0;776.0
140.0;621.0;-817.0;626.0;547.0;701.0;776.0
180.0;624.0;-813.0;620.0;542.0;715.0;776.0
214.0;625.0;-807.0;614.0;539.0;728.0;774.0
243.0;627.0;-800.0;609.0;537.0;741.0;771.0
?;629.0;-793.0;606.0;?;752.0;765.0
292.0;632.0;?;604.0;534.0;761.0;759.0
316.0;632.0;-779.0;604.0;532.0;767.0;754.0
339.0;634.0;-772.0;606.0;530.0;770.0;749.0
357.0;637.0;-766.0;608.0;528.0;773.0;744.0
368.0;641.0;-763.0;609.0;527.0;773.0;739.0
370.0;645.0;?;614.0;530.0;771.0;731.0
367.0;650.0;-760.0;621.0;535.0;768.0;723.0
362.0;656.0;-762.0;626.0;536.0;766.0;717.0
?;660.0;-764.0;631.0;537.0;761.0;715.0
?;666.0;-764.0;634.0;542.0;757.0;713.0
330.0;673.0;-768.0;635.0;548.0;753.0;711.0
304.0;677.0;-777.0;635.0;551.0;747.0;712.0
275.0;677.0;-785.0;636.0;554.0;737.0;715.0
243.0;676.0;-794.0;641.0;558.0;722.0;719.0
214.0;674.0;-800.0;?;560.0;704.0;724.0
190.0;672.0;-804.0;643.0;564.0;687.0;727.0
170.0;?;-805.0;639.0;569.0;671.0;729.0
154.0;672.0;-803.0;634.0;575.0;657.0;731.0
146.0;673.0;-800.0;628.0;582.0;646.0;733.0
141.0;670.0;-795.0;621.0;590.0;638.0;737.0
140.0;666.0;-787.0;612.0;600.0;637.0;741.0
147.0;661.0;-777.0;602.0;611.0;643.0;746.0
?;657.0;-765.0;596.0;619.0;655.0;749.0
?;651.0;-754.0;593.0;621.0;671.0;752.0
211.0;645.0;-745.0;593.0;623.0;692.0;751.0
228.0;640.0;-741.0;593.0;622.0;719.0;?
247.0;636.0;-740.0;589.0;618.0;747.0;748.0
271.0;634.0;-740.0;?;610.0;772.0;745.0
296.0;633.0;-741.0;582.0;598.0;788.0;740.0
315.0;626.0;-747.0;580.0;583.0;800.0;734.0
328.0;621.0;-753.0;579.0;569.0;?;725.0
338.0;611.0;-757.0;?;559.0;813.0;718.0
352.0;599.0;-754.0;571.0;552.0;817.0;?
370.0;586.0;-745.0;564.0;547.0;820.0;702.0
394.0;576.0;-733.0;558.0;541.0;820.0;694.0
422.0;?;?;553.0;532.0;819.0;685.0
?;563.0;?;548.0;520.0;818.0;675.0
477.0;557.0;?;542.0;506.0;817.0;670.0
496.0;553.0;-702.0;537.0;493.0;817.0;669.0
506.0;553.0;-703.0;537.0;486.0;817.0;672.0
505.0;557.0;-705.0;540.0;486.0;817.0;676.0
495.0;562.0;-710.0;542.0;493.0;816.0;678.0
481.0;563.0;-715.0;546.0;503.0;811.0;676.0
467.0;573.0;-718.0;552.0;515.0;803.0;673.0
456.0;588.0;-721.0;558.0;521.0;796.0;677.0
445.0;607.0;-725.0;569.0;523.0;787.0;687.0
?;?;-736.0;?;523.0;776.0;707.0
374.0;626.0;-756.0;596.0;532.0;763.0;726.0
299.0;633.0;-776.0;593.0;552.0;747.0;739.0
290.0;603.0;-804.0;567.0;488.0;?;680.0
300.0;?;-800.0;557.0;476.0;822.0;681.0
308.0;580.0;-798.0;550.0;466.0;826.0;687.0
312.0;577.0;-798.0;544.0;457.0;829.0;694.0
311.0;575.0;-801.0;539.0;452.0;831.0;700.0
306.0;575.0;-804.0;534.0;449.0;832.0;705.0
295.0;576.0;-807.0;529.0;454.0;830.0;708.0
275.0;577.0;-810.0;525.0;466.0;828.0;708.0
247.0;?;-812.0;525.0;486.0;820.0;697.0
210.0;576.0;-813.0;528.0;511.0;808.0;685.0
179.0;581.0;-812.0;532.0;532.0;796.0;680.0
162.0;589.0;-809.0;533.0;546.0;788.0;678.0
149.0;596.0;-809.0;532.0;553.0;785.0;682.0
131.0;604.0;-811.0;530.0;555.0;782.0;690.0
430.0;436.0;-701.0;?;569.0;?;440.0
459.0;422.0;-685.0;418.0;566.0;689.0;435.0
483.0;417.0;-672.0;405.0;561.0;684.0;433.0
498.0;419.0;-663.0;?;?;682.0;433.0
506.0;426.0;-657.0;405.0;554.0;684.0;436.0
?;434.0;-651.0;416.0;560.0;691.0;441.0
?;436.0;-646.0;423.0;569.0;698.0;434.0
486.0;436.0;?;417.0;573.0;699.0;426.0
488.0;438.0;-631.0;399.0;570.0;696.0;421.0
502.0;439.0;-617.0;375.0;?;690.0;418.0
526.0;441.0;-602.0;357.0;537.0;687.0;421.0
714.0;185.0;-377.0;-162.0;?;582.0;285.0
728.0;174.0;-359.0;-172.0;409.0;584.0;276.0
739.0;167.0;-342.0;-179.0;411.0;577.0;265.0
748.0;165.0;-326.0;-179.0;419.0;567.0;254.0
756.0;169.0;-309.0;-173.0;428.0;555.0;243.0
763.0;177.0;-293.0;-159.0;433.0;539.0;?
?;189.0;-279.0;?;434.0;523.0;222.0
773.0;203.0;?;-94.0;429.0;?;213.0
776.0;215.0;-260.0;-39.0;420.0;509.0;208.0
778.0;224.0;-255.0;35.0;408.0;505.0;212.0
777.0;228.0;-251.0;125.0;396.0;497.0;222.0
772.0;241.0;-251.0;216.0;381.0;488.0;221.0
766.0;253.0;-254.0;282.0;362.0;473.0;206.0
761.0;260.0;-257.0;322.0;341.0;456.0;185.0
761.0;265.0;-257.0;337.0;324.0;443.0;165.0
764.0;258.0;?;332.0;312.0;435.0;150.0
784.0;219.0;-154.0;195.0;287.0;481.0;147.0
796.0;212.0;-123.0;193.0;272.0;464.0;130.0
805.0;206.0;-96.0;179.0;266.0;448.0;111.0
811.0;196.0;-74.0;163.0;269.0;434.0;96.0
817.0;188.0;-53.0;148.0;276.0;424.0;85.0
820.0;182.0;-34.0;137.0;282.0;416.0;77.0
823.0;178.0;-17.0;127.0;284.0;408.0;71.0
825.0;176.0;-4.0;123.0;280.0;403.0;?
827.0;?;4.0;126.0;269.0;406.0;70.0
827.0;178.0;9.0;130.0;256.0;409.0;72.0
827.0;179.0;10.0;133.0;245.0;414.0;75.0
823.0;181.0;9.0;134.0;237.0;417.0;76.0
817.0;171.0;?;124.0;226.0;413.0;68.0
811.0;163.0;-7.0;107.0;211.0;405.0;62.0
?;160.0;-18.0;94.0;194.0;402.0;65.0
803.0;168.0;-23.0;91.0;182.0;409.0;79.0
?;160.0;?;132.0;188.0;380.0;36.0
811.0;148.0;-14.0;110.0;180.0;362.0;14.0
815.0;134.0;8.0;85.0;179.0;346.0;-5.0
818.0;120.0;30.0;65.0;184.0;336.0;-18.0
820.0;112.0;53.0;51.0;189.0;329.0;-28.0
821.0;105.0;74.0;40.0;193.0;320.0;-35.0
822.0;102.0;94.0;37.0;192.0;316.0;-36.0
823.0;104.0;110.0;45.0;188.0;316.0;-33.0
821.0;106.0;122.0;55.0;?;317.0;-32.0
819.0;107.0;129.0;63.0;175.0;315.0;-33.0
816.0;106.0;134.0;63.0;164.0;312.0;-36.0
812.0;108.0;139.0;58.0;149.0;311.0;-39.0
807.0;102.0;140.0;50.0;129.0;311.0;-48.0
803.0;92.0;139.0;33.0;106.0;302.0;-59.0
800.0;83.0;135.0;13.0;80.0;290.0;-65.0
797.0;80.0;127.0;-2.0;59.0;282.0;-62.0
797.0;84.0;118.0;-4.0;49.0;293.0;-53.0
799.0;93.0;113.0;6.0;46.0;315.0;-41.0
802.0;107.0;112.0;21.0;47.0;343.0;-21.0
805.0;122.0;111.0;34.0;55.0;369.0;?
808.0;129.0;106.0;40.0;69.0;396.0;8.0
811.0;134.0;97.0;31.0;88.0;414.0;13.0
814.0;132.0;90.0;3.0;106.0;418.0;11.0
?;125.0;84.0;-38.0;121.0;412.0;8.0
815.0;120.0;80.0;-79.0;130.0;405.0;11.0
813.0;118.0;82.0;-112.0;129.0;403.0;20.0
811.0;?;87.0;-134.0;122.0;404.0;29.0
?;119.0;94.0;-149.0;113.0;408.0;37.0
805.0;113.0;99.0;-154.0;105.0;414.0;39.0
802.0;109.0;101.0;-154.0;99.0;416.0;42.0
799.0;110.0;104.0;-146.0;92.0;411.0;40.0
798.0;118.0;107.0;-125.0;84.0;403.0;39.0
796.0;118.0;104.0;-94.0;86.0;397.0;34.0
793.0;107.0;86.0;-58.0;96.0;384.0;26.0
791.0;102.0;64.0;-26.0;105.0;361.0;14.0
790.0;104.0;56.0;8.0;106.0;346.0;6.0
789.0;106.0;66.0;45.0;99.0;348.0;-3.0
786.0;?;87.0;76.0;86.0;356.0;-16.0
783.0;99.0;116.0;89.0;69.0;357.0;-35.0
781.0;88.0;147.0;77.0;54.0;339.0;-58.0
781.0;76.0;175.0;52.0;45.0;311.0;-79.0
780.0;65.0;198.0;23.0;46.0;287.0;-96.0
779.0;56.0;215.0;2.0;56.0;270.0;-108.0
779.0;52.0;229.0;-5.0;69.0;264.0;-114.0
778.0;52.0;242.0;-4.0;78.0;262.0;-115.0
776.0;55.0;254.0;4.0;81.0;261.0;-113.0
776.0;?;262.0;?;78.0;263.0;-111.0
777.0;67.0;265.0;27.0;74.0;269.0;-111.0
778.0;72.0;265.0;37.0;68.0;272.0;-108.0
780.0;80.0;260.0;44.0;?;275.0;-102.0
782.0;91.0;248.0;54.0;55.0;282.0;-93.0
784.0;94.0;228.0;58.0;47.0;291.0;-93.0
785.0;90.0;206.0;51.0;33.0;294.0;-95.0
787.0;?;190.0;39.0;?;298.0;-89.0
788.0;109.0;181.0;35.0;4.0;309.0;-76.0
789.0;119.0;179.0;40.0;-1.0;329.0;-59.0
791.0;129.0;173.0;48.0;4.0;349.0;-42.0
794.0;140.0;?;57.0;20.0;371.0;-28.0
798.0;152.0;144.0;63.0;40.0;391.0;-17.0
802.0;158.0;131.0;63.0;57.0;403.0;-10.0
806.0;165.0;124.0;59.0;68.0;411.0;-2.0
809.0;173.0;119.0;55.0;73.0;418.0;6.0
813.0;183.0;112.0;55.0;78.0;428.0;17.0
815.0;192.0;103.0;59.0;83.0;438.0;26.0
816.0;203.0;93.0;62.0;88.0;445.0;35.0
816.0;209.0;82.0;64.0;92.0;450.0;42.0
815.0;211.0;71.0;68.0;94.0;452.0;48.0
813.0;215.0;58.0;75.0;96.0;455.0;55.0
811.0;221.0;44.0;85.0;99.0;460.0;62.0
808.0;222.0;30.0;95.0;108.0;471.0;67.0
804.0;215.0;10.0;105.0;122.0;481.0;71.0
799.0;210.0;-12.0;110.0;137.0;483.0;75.0
796.0;220.0;-22.0;112.0;148.0;488.0;86.0
795.0;220.0;-15.0;114.0;153.0;501.0;96.0
794.0;216.0;2.0;114.0;153.0;513.0;106.0
?;217.0;21.0;113.0;155.0;519.0;?
799.0;223.0;40.0;110.0;162.0;522.0;128.0
803.0;234.0;55.0;113.0;175.0;528.0;142.0
804.0;?;65.0;118.0;194.0;537.0;155.0
804.0;244.0;?;125.0;215.0;544.0;168.0
803.0;?;75.0;132.0;235.0;548.0;185.0
802.0;261.0;78.0;147.0;251.0;557.0;203.0
803.0;274.0;82.0;?;261.0;568.0;221.0
806.0;286.0;92.0;183.0;258.0;580.0;234.0
812.0;295.0;110.0;197.0;240.0;588.0;242.0
815.0;301.0;126.0;209.0;222.0;594.0;248.0
816.0;?;128.0;219.0;218.0;596.0;251.0
816.0;313.0;117.0;227.0;224.0;593.0;251.0
817.0;318.0;93.0;235.0;237.0;587.0;250.0
819.0;322.0;58.0;243.0;251.0;576.0;248.0
816.0;324.0;13.0;254.0;264.0;566.0;245.0
808.0;328.0;-40.0;?;275.0;559.0;252.0
801.0;350.0;-89.0;299.0;278.0;563.0;271.0
797.0;367.0;?;320.0;268.0;577.0;276.0
801.0;365.0;-113.0;324.0;247.0;587.0;267.0
808.0;355.0;-100.0;309.0;230.0;584.0;257.0
?;341.0;-89.0;284.0;226.0;575.0;245.0
814.0;328.0;-84.0;258.0;234.0;?;238.0
?;318.0;-86.0;237.0;249.0;568.0;235.0
817.0;308.0;-90.0;224.0;?;573.0;236.0
817.0;301.0;-95.0;210.0;276.0;574.0;236.0
816.0;291.0;-98.0;196.0;282.0;576.0;234.0
816.0;282.0;-95.0;185.0;281.0;580.0;234.0
816.0;277.0;-86.0;178.0;273.0;585.0;235.0
817.0;273.0;-72.0;174.0;260.0;587.0;235.0
819.0;270.0;-59.0;173.0;248.0;586.0;232.0
820.0;?;-51.0;173.0;238.0;?;228.0
821.0;268.0;-49.0;176.0;232.0;568.0;222.0
820.0;267.0;-52.0;182.0;228.0;558.0;212.0
820.0;265.0;-56.0;?;223.0;547.0;201.0
818.0;260.0;-62.0;201.0;216.0;532.0;188.0
816.0;255.0;-68.0;209.0;208.0;516.0;174.0
?;248.0;-75.0;215.0;203.0;500.0;157.0
808.0;238.0;-82.0;218.0;199.0;482.0;139.0
803.0;229.0;-86.0;?;193.0;462.0;122.0
800.0;223.0;-85.0;217.0;186.0;447.0;103.0
799.0;211.0;-73.0;209.0;?;436.0;82.0
798.0;200.0;-55.0;197.0;165.0;428.0;62.0
799.0;188.0;-36.0;183.0;159.0;416.0;45.0
800.0;179.0;-20.0;?;157.0;402.0;31.0
800.0;173.0;-6.0;164.0;161.0;389.0;22.0
800.0;169.0;7.0;162.0;167.0;380.0;17.0
800.0;169.0;?;166.0;170.0;376.0;14.0
799.0;169.0;36.0;172.0;168.0;380.0;10.0
799.0;166.0;54.0;174.0;160.0;383.0;3.0
798.0;164.0;70.0;171.0;148.0;384.0;-3.0
797.0;162.0;82.0;164.0;?;383.0;-8.0
797.0;159.0;89.0;157.0;128.0;381.0;-12.0
798.0;157.0;91.0;153.0;121.0;379.0;-14.0
798.0;157.0;91.0;150.0;115.0;377.0;-16.0
799.0;156.0;89.0;147.0;108.0;374.0;-17.0
799.0;157.0;85.0;147.0;100.0;371.0;-17.0
799.0;156.0;79.0;144.0;91.0;368.0;-19.0
?;156.0;77.0;138.0;78.0;369.0;-22.0
800.0;156.0;82.0;124.0;64.0;371.0;-30.0
803.0;149.0;93.0;104.0;53.0;373.0;-41.0
804.0;135.0;106.0;78.0;46.0;369.0;-49.0
805.0;125.0;119.0;51.0;43.0;?;-51.0
806.0;117.0;132.0;31.0;46.0;359.0;-50.0
?;108.0;147.0;21.0;52.0;362.0;-51.0
802.0;?;166.0;?;56.0;365.0;-55.0
798.0;87.0;189.0;2.0;56.0;362.0;?
793.0;73.0;213.0;-14.0;52.0;354.0;-77.0
788.0;58.0;235.0;-30.0;47.0;343.0;-89.0
781.0;46.0;256.0;-43.0;40.0;331.0;-99.0
775.0;36.0;274.0;-57.0;32.0;318.0;-110.0
768.0;27.0;289.0;-72.0;25.0;304.0;-121.0
763.0;18.0;301.0;-89.0;16.0;292.0;-132.0
757.0;10.0;312.0;-103.0;5.0;283.0;-141.0
752.0;4.0;319.0;-110.0;-6.0;278.0;-144.0
747.0;1.0;322.0;-110.0;-17.0;276.0;-144.0
744.0;2.0;321.0;-103.0;-25.0;275.0;-141.0
743.0;5.0;318.0;-91.0;-32.0;276.0;-136.0
744.0;8.0;312.0;-75.0;?;276.0;-132.0
746.0;12.0;301.0;-56.0;-31.0;278.0;?
750.0;14.0;284.0;-39.0;-26.0;277.0;-133.0
753.0;?;263.0;-25.0;?;269.0;-137.0
757.0;19.0;242.0;-15.0;-34.0;255.0;-139.0
758.0;29.0;232.0;-6.0;-48.0;242.0;-145.0
757.0;35.0;236.0;3.0;?;236.0;-152.0
753.0;25.0;245.0;4.0;-73.0;231.0;-169.0
748.0;6.0;257.0;-12.0;-82.0;215.0;?
746.0;-6.0;270.0;-38.0;-89.0;197.0;-212.0
742.0;-25.0;285.0;-62.0;-91.0;184.0;-233.0
734.0;-46.0;307.0;-81.0;-92.0;174.0;-250.0
722.0;-66.0;335.0;-99.0;-97.0;162.0;-264.0
707.0;-88.0;368.0;-118.0;-104.0;147.0;-279.0
691.0;-110.0;401.0;-136.0;-114.0;131.0;?
674.0;-130.0;?;-151.0;-123.0;114.0;-306.0
657.0;-149.0;460.0;-166.0;-130.0;96.0;-319.0
639.0;-166.0;?;-179.0;-136.0;79.0;-331.0
622.0;-182.0;509.0;-190.0;-142.0;63.0;-343.0
603.0;-194.0;530.0;-200.0;-149.0;50.0;?
582.0;-209.0;549.0;-213.0;-158.0;36.0;-371.0
559.0;-223.0;570.0;-233.0;-172.0;16.0;-387.0
536.0;-239.0;?;-256.0;-191.0;-5.0;-402.0
516.0;-253.0;615.0;-273.0;-215.0;-25.0;-415.0
501.0;-263.0;629.0;-281.0;-239.0;?;-426.0
491.0;-273.0;636.0;-286.0;-261.0;-46.0;-438.0
484.0;-284.0;641.0;-295.0;-280.0;?;-448.0
477.0;-292.0;645.0;-303.0;-296.0;?;-457.0
468.0;-299.0;651.0;-309.0;-311.0;-79.0;-465.0
456.0;-308.0;658.0;-315.0;-325.0;?;-474.0
442.0;-316.0;665.0;-319.0;-340.0;-110.0;-482.0
428.0;-323.0;673.0;-325.0;-355.0;-126.0;-494.0
413.0;-332.0;682.0;-333.0;-368.0;-144.0;-508.0
397.0;-343.0;692.0;-344.0;-379.0;-163.0;-521.0
380.0;?;701.0;-357.0;-388.0;-180.0;-533.0
?;-367.0;710.0;-368.0;-396.0;-197.0;-545.0
341.0;-380.0;719.0;-380.0;-407.0;-213.0;-556.0
316.0;-391.0;729.0;-396.0;-419.0;-230.0;-569.0
283.0;-405.0;742.0;-416.0;-431.0;-243.0;-587.0
244.0;-424.0;755.0;-441.0;-445.0;-257.0;-601.0
199.0;-441.0;769.0;-463.0;-460.0;-275.0;-610.0
145.0;-461.0;783.0;?;?;-292.0;-614.0
89.0;-484.0;794.0;-506.0;-482.0;-313.0;-616.0
29.0;-499.0;804.0;-526.0;-487.0;-334.0;?
-33.0;-514.0;813.0;?;-487.0;-347.0;-621.0
-95.0;-528.0;819.0;-562.0;-482.0;-354.0;-626.0
-155.0;-542.0;820.0;-565.0;-474.0;-364.0;-630.0
-213.0;-557.0;815.0;-565.0;-466.0;-380.0;-637.0
-276.0;-573.0;805.0;-575.0;-459.0;-401.0;-648.0
-341.0;-589.0;793.0;-598.0;-450.0;-428.0;-659.0
-408.0;-604.0;781.0;-624.0;-432.0;-453.0;-669.0
-467.0;-618.0;769.0;-641.0;-406.0;-473.0;-677.0
-512.0;-630.0;757.0;-649.0;-378.0;-492.0;-683.0
-548.0;-641.0;745.0;-654.0;-353.0;-511.0;-688.0
-577.0;-651.0;733.0;-659.0;-329.0;-532.0;-694.0
-599.0;-662.0;724.0;-665.0;-306.0;-555.0;-700.0
?;-670.0;721.0;-667.0;-281.0;-580.0;-704.0
-626.0;-678.0;717.0;-668.0;-261.0;-603.0;-708.0
-635.0;-685.0;714.0;-669.0;-247.0;-628.0;-710.0
-646.0;-689.0;708.0;-668.0;-235.0;-650.0;-711.0
-659.0;-691.0;?;-667.0;-216.0;-669.0;-713.0
-672.0;-689.0;700.0;-668.0;-190.0;-683.0;-715.0
-683.0;-687.0;694.0;-668.0;-167.0;-691.0;-718.0
-687.0;-686.0;690.0;?;-144.0;-696.0;-718.0
-687.0;-686.0;687.0;-666.0;-125.0;-698.0;?
-687.0;-685.0;683.0;-667.0;-109.0;-700.0;-718.0
-689.0;-685.0;677.0;-670.0;-96.0;-700.0;-716.0
-696.0;-685.0;672.0;-675.0;-81.0;-699.0;-713.0
-707.0;-687.0;663.0;-678.0;-73.0;-701.0;-708.0
-711.0;-689.0;664.0;-677.0;-79.0;-704.0;-703.0
-716.0;-691.0;662.0;-675.0;-91.0;-708.0;-698.0
-723.0;-692.0;655.0;-673.0;?;-713.0;-693.0
-727.0;-692.0;649.0;-672.0;-115.0;-718.0;-689.0
-727.0;-690.0;646.0;-671.0;-110.0;-721.0;-685.0
-733.0;-686.0;641.0;-670.0;-97.0;-722.0;-682.0
-746.0;-684.0;633.0;-669.0;-89.0;-724.0;-678.0
-759.0;-682.0;622.0;-667.0;-91.0;-726.0;?
-771.0;-681.0;611.0;-667.0;-83.0;-726.0;-668.0
-776.0;-683.0;606.0;-669.0;-83.0;-727.0;-664.0
-780.0;-688.0;602.0;-671.0;-83.0;-727.0;-661.0
-787.0;-693.0;596.0;-674.0;-81.0;?;-659.0
-796.0;-696.0;584.0;-676.0;-86.0;-726.0;-658.0
-806.0;-695.0;572.0;-676.0;-84.0;-725.0;-656.0
-816.0;-693.0;562.0;-674.0;-72.0;-725.0;-655.0
-823.0;-691.0;553.0;-671.0;-64.0;-725.0;-656.0
-830.0;-689.0;543.0;?;-59.0;-727.0;-658.0
-838.0;?;531.0;-664.0;-59.0;-729.0;?
-847.0;-688.0;?;-661.0;-60.0;-730.0;-660.0
-855.0;-686.0;500.0;?;-58.0;-731.0;-660.0
-863.0;-684.0;488.0;-654.0;-52.0;-731.0;-660.0
-868.0;?;478.0;-651.0;-47.0;?;-659.0
-873.0;-681.0;469.0;-649.0;-45.0;-733.0;-657.0
-879.0;-680.0;459.0;-648.0;-47.0;-734.0;-653.0
-884.0;-680.0;448.0;-646.0;-47.0;-735.0;-648.0
-888.0;-677.0;441.0;-643.0;-48.0;-736.0;-644.0
-890.0;-675.0;435.0;-640.0;-47.0;-739.0;-639.0
-892.0;?;430.0;-637.0;?;?;-634.0
-893.0;-671.0;427.0;-636.0;-44.0;-742.0;-629.0
-894.0;-670.0;425.0;-634.0;-39.0;-743.0;-624.0
-894.0;-668.0;426.0;-630.0;-31.0;-745.0;-618.0
-893.0;-666.0;429.0;-624.0;-23.0;-746.0;-613.0
-893.0;-662.0;431.0;-617.0;-16.0;-747.0;-608.0
-894.0;-661.0;431.0;-610.0;-11.0;-746.0;-603.0
?;-660.0;433.0;-604.0;-7.0;-743.0;-600.0
-892.0;-659.0;436.0;-598.0;-3.0;-741.0;-601.0
-891.0;-657.0;440.0;-594.0;0.0;-739.0;-602.0
-889.0;-655.0;443.0;-588.0;1.0;-736.0;-600.0
-886.0;-651.0;447.0;-581.0;-1.0;-734.0;-595.0
-884.0;-646.0;451.0;-572.0;-5.0;-732.0;-590.0
-880.0;-642.0;456.0;-562.0;-8.0;-731.0;-585.0
-876.0;-637.0;461.0;-554.0;-8.0;-732.0;-581.0
-873.0;-632.0;467.0;-546.0;-5.0;-734.0;-576.0
-868.0;-628.0;475.0;-538.0;1.0;-736.0;-568.0
-864.0;-623.0;482.0;-529.0;10.0;?;-558.0
-861.0;-617.0;487.0;-519.0;22.0;-737.0;-546.0
-859.0;-611.0;491.0;-508.0;33.0;-734.0;-533.0
-856.0;-603.0;497.0;-497.0;41.0;-729.0;-520.0
-852.0;-593.0;502.0;-487.0;47.0;-723.0;-508.0
-850.0;-582.0;506.0;-478.0;51.0;-717.0;-498.0
-845.0;-570.0;512.0;-471.0;50.0;-711.0;-488.0
-839.0;-568.0;521.0;-466.0;?;-704.0;-478.0
-834.0;-567.0;531.0;-467.0;47.0;-696.0;-469.0
-826.0;-567.0;544.0;-473.0;39.0;-689.0;-465.0
-820.0;-573.0;556.0;?;34.0;-685.0;-462.0
-812.0;-581.0;567.0;-500.0;29.0;-686.0;-463.0
-801.0;-588.0;584.0;-512.0;16.0;-690.0;-463.0
-791.0;-590.0;598.0;-518.0;-2.0;-692.0;-460.0
-784.0;-588.0;606.0;?;-14.0;-690.0;-459.0
-772.0;-586.0;621.0;-517.0;-17.0;-686.0;-458.0
-761.0;-585.0;635.0;-516.0;-22.0;-686.0;?
-755.0;-587.0;644.0;-517.0;-20.0;-688.0;-463.0
-750.0;-590.0;653.0;-520.0;?;-691.0;-467.0
-744.0;?;662.0;-523.0;-11.0;-693.0;-471.0
-741.0;-601.0;668.0;-525.0;-12.0;-696.0;-475.0
-740.0;-608.0;671.0;-525.0;-10.0;-701.0;-479.0
-738.0;-611.0;675.0;-520.0;-9.0;-708.0;-479.0
-733.0;-609.0;680.0;-510.0;-10.0;-713.0;-477.0
-729.0;-606.0;685.0;-499.0;-7.0;-716.0;-476.0
-723.0;-602.0;690.0;-489.0;-4.0;-716.0;-476.0
-715.0;-599.0;697.0;-482.0;-3.0;-716.0;-476.0
-708.0;-598.0;704.0;-479.0;-3.0;-717.0;-476.0
-702.0;-597.0;711.0;-478.0;-6.0;-717.0;-475.0
-698.0;-598.0;714.0;-480.0;-8.0;-717.0;-474.0
-695.0;-599.0;717.0;-481.0;-7.0;-716.0;-472.0
-694.0;-599.0;718.0;-482.0;-10.0;-717.0;-468.0
-695.0;-599.0;716.0;-481.0;-10.0;-720.0;-464.0
-697.0;-597.0;713.0;-480.0;4.0;-722.0;-461.0
-692.0;-597.0;718.0;-479.0;8.0;-722.0;-460.0
-685.0;-596.0;725.0;-481.0;13.0;-722.0;-462.0
-687.0;-600.0;723.0;-488.0;6.0;-721.0;-466.0
-694.0;-606.0;716.0;-498.0;15.0;-720.0;-469.0
-697.0;-613.0;713.0;-507.0;14.0;-720.0;-473.0
-698.0;-617.0;712.0;-513.0;12.0;-723.0;-477.0
-701.0;-617.0;710.0;-512.0;11.0;-727.0;-479.0
-698.0;-614.0;712.0;-504.0;17.0;-733.0;-479.0
-697.0;-605.0;714.0;-490.0;17.0;-737.0;-479.0
-699.0;-594.0;714.0;-475.0;4.0;-739.0;-479.0
?;-583.0;709.0;-462.0;-37.0;-740.0;-481.0
-706.0;-574.0;700.0;-454.0;-98.0;-742.0;-485.0
-699.0;-567.0;692.0;-449.0;-146.0;-746.0;-489.0
-684.0;-560.0;675.0;-444.0;-203.0;-751.0;?
-660.0;-549.0;648.0;-436.0;-258.0;-755.0;-495.0
-630.0;-536.0;?;-425.0;-300.0;-756.0;-496.0
-612.0;-523.0;606.0;-412.0;-308.0;-758.0;-496.0
-619.0;-510.0;601.0;-398.0;-299.0;-759.0;-495.0
-635.0;-497.0;582.0;-386.0;?;-759.0;-493.0
-650.0;-487.0;570.0;-378.0;-314.0;-758.0;-494.0
-660.0;-480.0;561.0;-378.0;?;-757.0;-500.0
-668.0;-475.0;551.0;-384.0;-322.0;-758.0;-507.0
-672.0;-474.0;545.0;-392.0;-321.0;-760.0;-513.0
-670.0;-474.0;539.0;-398.0;-323.0;-761.0;-517.0
-674.0;-473.0;543.0;?;-312.0;-761.0;-520.0
-675.0;-472.0;540.0;-408.0;-312.0;-760.0;-524.0
-676.0;-476.0;539.0;-414.0;-318.0;-761.0;-528.0
-675.0;?;542.0;-418.0;?;-764.0;-530.0
-674.0;-485.0;547.0;-415.0;-327.0;-765.0;-528.0
-672.0;-481.0;546.0;?;-331.0;-764.0;-521.0
-671.0;-473.0;535.0;?;-339.0;-759.0;?
-667.0;-465.0;519.0;-375.0;-351.0;?;-495.0
-660.0;-455.0;505.0;-359.0;?;-750.0;-482.0
?;-445.0;503.0;-346.0;-361.0;-746.0;-469.0
-653.0;-434.0;510.0;-334.0;-358.0;-742.0;-457.0
-654.0;-422.0;508.0;-323.0;-360.0;-737.0;-443.0
-656.0;-409.0;506.0;-310.0;-361.0;-729.0;-429.0
-653.0;-394.0;507.0;-297.0;-365.0;-720.0;-414.0
-644.0;-379.0;520.0;?;-365.0;-709.0;-402.0
-637.0;-365.0;537.0;-276.0;-360.0;-700.0;-391.0
-632.0;-356.0;544.0;-272.0;-359.0;-690.0;-381.0
-628.0;-352.0;556.0;-272.0;-358.0;-680.0;-371.0
-621.0;?;570.0;-274.0;?;-669.0;-362.0
-611.0;-351.0;583.0;-279.0;-365.0;-658.0;-353.0
-604.0;-353.0;598.0;-284.0;-366.0;-646.0;-344.0
-599.0;-355.0;613.0;-287.0;-366.0;-634.0;-333.0
-583.0;-355.0;623.0;-288.0;-382.0;-622.0;-321.0
-566.0;-354.0;622.0;-287.0;-411.0;-611.0;-308.0
-560.0;-353.0;627.0;-284.0;-434.0;-600.0;-294.0
-561.0;-353.0;633.0;-280.0;-456.0;-592.0;-280.0
-558.0;-352.0;641.0;-275.0;-478.0;-584.0;-268.0
-562.0;-346.0;642.0;-269.0;-498.0;-579.0;-256.0
-587.0;-341.0;636.0;-259.0;-497.0;-580.0;-242.0
-624.0;?;611.0;-242.0;-486.0;-580.0;?
-674.0;-308.0;560.0;-213.0;-464.0;-575.0;-205.0
-728.0;-288.0;483.0;-173.0;-438.0;-569.0;-185.0
-782.0;-270.0;?;-128.0;-404.0;-558.0;-169.0
-834.0;-258.0;?;-85.0;-348.0;-552.0;-154.0
-870.0;-256.0;131.0;-49.0;-280.0;-557.0;-142.0
-891.0;-270.0;29.0;-37.0;-225.0;-579.0;-147.0
-900.0;-267.0;-38.0;-23.0;-201.0;-597.0;-146.0
-902.0;?;-76.0;-2.0;-209.0;-601.0;-140.0
-898.0;-242.0;-96.0;18.0;-232.0;-593.0;-136.0
-893.0;-225.0;-106.0;41.0;-254.0;-577.0;-133.0
-891.0;-209.0;-110.0;61.0;-257.0;-562.0;-127.0
-890.0;-195.0;-109.0;68.0;-240.0;-551.0;-124.0
-891.0;-189.0;-103.0;63.0;-203.0;-543.0;-122.0
-895.0;-188.0;-92.0;50.0;-161.0;-537.0;-115.0
-896.0;-186.0;-69.0;29.0;-137.0;-525.0;-106.0
-893.0;-180.0;-35.0;0.0;-144.0;-508.0;-92.0
-889.0;-173.0;-4.0;-33.0;-159.0;-486.0;-75.0
-886.0;-163.0;13.0;-68.0;-168.0;-456.0;-62.0
-883.0;-160.0;7.0;-102.0;-165.0;-422.0;-49.0
-878.0;-162.0;-27.0;-128.0;?;-391.0;-37.0
-871.0;?;-84.0;-142.0;-117.0;-375.0;-23.0
-858.0;-147.0;-151.0;-146.0;-90.0;-374.0;-6.0
-842.0;-135.0;-220.0;-133.0;-65.0;-376.0;?
-825.0;?;-290.0;-110.0;-42.0;-379.0;21.0
-808.0;?;-357.0;-87.0;-33.0;-388.0;29.0
?;-85.0;-411.0;?;-45.0;-401.0;?
-784.0;-69.0;-445.0;-41.0;-88.0;-414.0;42.0
-770.0;-57.0;-465.0;-14.0;-154.0;-425.0;48.0
-750.0;-49.0;-478.0;17.0;-224.0;-430.0;49.0
-728.0;-49.0;-496.0;46.0;-275.0;-433.0;45.0
-713.0;-52.0;-520.0;67.0;-295.0;-437.0;39.0
-706.0;-60.0;-546.0;77.0;-288.0;-446.0;30.0
-704.0;-69.0;-570.0;79.0;-264.0;-460.0;23.0
-704.0;-74.0;-587.0;79.0;-236.0;-470.0;18.0
-703.0;-78.0;-591.0;79.0;-210.0;-474.0;15.0
-704.0;-78.0;-584.0;81.0;-186.0;-468.0;18.0
-709.0;?;-573.0;89.0;-150.0;?;29.0
-720.0;-62.0;-558.0;96.0;-93.0;-425.0;40.0
-729.0;-51.0;-545.0;100.0;-27.0;-405.0;?
-733.0;-45.0;-529.0;97.0;30.0;-394.0;52.0
-736.0;-48.0;-507.0;88.0;47.0;-398.0;54.0
-652.0;167.0;-595.0;257.0;25.0;?;310.0
-630.0;175.0;-617.0;264.0;30.0;-121.0;315.0
-610.0;182.0;-639.0;272.0;41.0;-125.0;?
-591.0;187.0;-658.0;280.0;57.0;-128.0;320.0
-575.0;190.0;-675.0;285.0;72.0;-133.0;?
-561.0;191.0;-687.0;290.0;86.0;-137.0;322.0
-553.0;188.0;-694.0;296.0;103.0;-139.0;324.0
-549.0;186.0;-695.0;301.0;122.0;-138.0;324.0
-550.0;193.0;-688.0;305.0;146.0;-131.0;325.0
-551.0;203.0;-678.0;314.0;177.0;-115.0;331.0
?;215.0;-667.0;324.0;211.0;-100.0;338.0
-550.0;220.0;-662.0;332.0;236.0;-95.0;341.0
-541.0;225.0;-669.0;340.0;248.0;-98.0;346.0
-527.0;228.0;-684.0;347.0;252.0;?;347.0
-519.0;227.0;-697.0;348.0;248.0;-107.0;341.0
-518.0;225.0;-701.0;342.0;236.0;-112.0;332.0
-516.0;223.0;-701.0;337.0;220.0;-118.0;327.0
-513.0;229.0;-702.0;342.0;204.0;-120.0;332.0
-505.0;239.0;-706.0;359.0;192.0;-117.0;341.0
-495.0;251.0;-716.0;382.0;190.0;-112.0;351.0
-485.0;260.0;-726.0;405.0;192.0;-108.0;357.0
-473.0;?;-735.0;422.0;197.0;?;359.0
-462.0;270.0;?;434.0;203.0;-99.0;362.0
-449.0;275.0;-754.0;440.0;208.0;-90.0;366.0
-433.0;?;-764.0;447.0;212.0;-74.0;376.0
-414.0;292.0;-775.0;452.0;?;?;389.0
-392.0;298.0;-786.0;454.0;230.0;-21.0;406.0
-368.0;303.0;-800.0;?;241.0;15.0;426.0
-344.0;312.0;-811.0;441.0;251.0;58.0;446.0
-322.0;325.0;-818.0;423.0;257.0;?;465.0
-295.0;333.0;-824.0;403.0;261.0;168.0;488.0
-255.0;340.0;-833.0;386.0;267.0;216.0;512.0
-202.0;352.0;-849.0;377.0;276.0;254.0;?
-144.0;367.0;-866.0;379.0;286.0;285.0;569.0
?;384.0;-883.0;393.0;294.0;316.0;?
-23.0;401.0;-897.0;412.0;295.0;345.0;623.0
32.0;417.0;?;429.0;288.0;366.0;644.0
84.0;435.0;-912.0;444.0;275.0;382.0;663.0
132.0;453.0;-915.0;462.0;257.0;395.0;681.0
177.0;470.0;-916.0;478.0;237.0;404.0;694.0
217.0;?;-916.0;491.0;212.0;415.0;704.0
?;508.0;-915.0;502.0;185.0;428.0;715.0
285.0;?;-914.0;515.0;157.0;452.0;724.0
313.0;543.0;-911.0;529.0;126.0;479.0;729.0
340.0;554.0;-907.0;542.0;95.0;501.0;733.0
364.0;563.0;-900.0;?;63.0;516.0;734.0
390.0;572.0;-890.0;561.0;37.0;528.0;730.0
414.0;583.0;-879.0;570.0;17.0;537.0;728.0
432.0;596.0;?;588.0;-3.0;551.0;?
440.0;607.0;-870.0;609.0;-26.0;563.0;724.0
439.0;613.0;-873.0;630.0;-48.0;565.0;730.0
431.0;624.0;-878.0;647.0;-62.0;563.0;736.0
423.0;634.0;-880.0;656.0;-69.0;?;734.0
421.0;642.0;-877.0;660.0;-66.0;573.0;?
429.0;647.0;-872.0;658.0;-67.0;582.0;734.0
?;651.0;-873.0;655.0;-63.0;594.0;739.0
453.0;655.0;-860.0;653.0;-57.0;608.0;745.0
477.0;?;-840.0;650.0;-47.0;624.0;749.0
492.0;656.0;-818.0;648.0;?;641.0;752.0
524.0;648.0;-796.0;643.0;-39.0;663.0;758.0
552.0;638.0;-781.0;635.0;-46.0;680.0;765.0
594.0;632.0;-745.0;626.0;-42.0;693.0;769.0
640.0;630.0;-697.0;616.0;-34.0;699.0;771.0
?;631.0;-662.0;610.0;-26.0;703.0;770.0
697.0;630.0;-626.0;612.0;-12.0;707.0;769.0
720.0;630.0;-594.0;617.0;1.0;708.0;767.0
739.0;632.0;-565.0;620.0;12.0;709.0;?
751.0;634.0;-540.0;621.0;20.0;709.0;?
759.0;637.0;-517.0;621.0;24.0;712.0;757.0
760.0;638.0;-507.0;621.0;20.0;715.0;753.0
755.0;637.0;?;620.0;15.0;?;748.0
748.0;636.0;-502.0;615.0;9.0;726.0;744.0
739.0;634.0;-509.0;608.0;2.0;?;740.0
730.0;632.0;-522.0;600.0;-7.0;740.0;736.0
721.0;629.0;-537.0;593.0;-20.0;746.0;732.0
710.0;626.0;-559.0;586.0;-39.0;751.0;726.0
697.0;624.0;-587.0;579.0;-61.0;755.0;719.0
698.0;622.0;-598.0;572.0;-69.0;758.0;711.0
703.0;619.0;-610.0;565.0;-62.0;760.0;702.0
707.0;?;-628.0;560.0;-41.0;761.0;695.0
698.0;618.0;-664.0;558.0;?;760.0;687.0
684.0;623.0;-703.0;559.0;-39.0;761.0;683.0
673.0;?;-726.0;560.0;-61.0;763.0;685.0
638.0;639.0;-760.0;562.0;-70.0;764.0;688.0
619.0;641.0;-775.0;564.0;-73.0;761.0;691.0
604.0;645.0;-786.0;565.0;-67.0;758.0;694.0
593.0;647.0;-795.0;565.0;-62.0;758.0;697.0
576.0;647.0;-807.0;564.0;-64.0;758.0;701.0
557.0;644.0;-818.0;561.0;-63.0;?;705.0
540.0;640.0;-828.0;558.0;-61.0;758.0;707.0
524.0;638.0;-838.0;554.0;-62.0;759.0;708.0
510.0;635.0;-846.0;548.0;-65.0;762.0;707.0
496.0;632.0;-856.0;542.0;-69.0;764.0;705.0
476.0;628.0;-869.0;538.0;-72.0;767.0;702.0
459.0;625.0;-880.0;534.0;-73.0;770.0;699.0
444.0;622.0;-889.0;529.0;-75.0;772.0;696.0
433.0;619.0;-895.0;521.0;-75.0;775.0;?
420.0;615.0;-902.0;514.0;-70.0;776.0;687.0
408.0;614.0;?;509.0;-62.0;775.0;682.0
401.0;615.0;-911.0;506.0;-49.0;773.0;680.0
387.0;617.0;-917.0;507.0;-38.0;770.0;679.0
369.0;620.0;-925.0;511.0;-29.0;766.0;679.0
353.0;625.0;-932.0;517.0;-15.0;762.0;678.0
342.0;633.0;-937.0;525.0;-1.0;759.0;677.0
334.0;642.0;-941.0;533.0;12.0;757.0;677.0
322.0;?;-945.0;542.0;26.0;754.0;679.0
314.0;651.0;-948.0;551.0;37.0;750.0;682.0
299.0;650.0;-953.0;561.0;46.0;746.0;686.0
287.0;647.0;-956.0;572.0;60.0;742.0;692.0
274.0;644.0;-959.0;583.0;67.0;740.0;699.0
261.0;641.0;-962.0;593.0;72.0;740.0;705.0
249.0;641.0;-964.0;601.0;77.0;741.0;712.0
239.0;639.0;-966.0;606.0;79.0;744.0;718.0
228.0;637.0;-968.0;606.0;79.0;747.0;722.0
223.0;?;-970.0;?;78.0;751.0;725.0
218.0;630.0;-971.0;602.0;77.0;755.0;728.0
212.0;625.0;-972.0;601.0;75.0;757.0;732.0
205.0;619.0;-974.0;600.0;76.0;759.0;737.0
198.0;616.0;-975.0;600.0;76.0;760.0;742.0
189.0;614.0;-976.0;602.0;78.0;760.0;745.0
185.0;612.0;-976.0;604.0;78.0;758.0;747.0
180.0;612.0;-978.0;608.0;75.0;756.0;749.0
176.0;612.0;-979.0;612.0;73.0;753.0;750.0
170.0;612.0;-980.0;617.0;72.0;749.0;751.0
164.0;612.0;-981.0;624.0;?;?;751.0
161.0;612.0;-982.0;630.0;71.0;740.0;752.0
175.0;612.0;-979.0;636.0;75.0;736.0;754.0
178.0;612.0;-979.0;642.0;77.0;?;755.0
188.0;611.0;-977.0;?;80.0;728.0;?
197.0;610.0;-976.0;652.0;82.0;724.0;758.0
100.0;580.0;-875.0;603.0;5.0;?;786.0
102.0;579.0;-869.0;597.0;-7.0;748.0;784.0
103.0;579.0;-865.0;594.0;-1.0;755.0;782.0
102.0;580.0;-865.0;595.0;2.0;758.0;780.0
99.0;583.0;-863.0;597.0;3.0;760.0;778.0
93.0;586.0;-862.0;596.0;6.0;?;778.0
85.0;590.0;-858.0;595.0;8.0;?;776.0
77.0;593.0;-855.0;593.0;9.0;763.0;773.0
66.0;596.0;-852.0;590.0;11.0;767.0;?
57.0;600.0;-851.0;586.0;14.0;771.0;762.0
642.0;555.0;-560.0;510.0;465.0;765.0;601.0
687.0;553.0;-513.0;?;448.0;760.0;593.0
712.0;550.0;-485.0;490.0;452.0;753.0;583.0
718.0;547.0;-473.0;479.0;471.0;747.0;574.0
709.0;543.0;-473.0;470.0;499.0;740.0;563.0
697.0;542.0;-477.0;463.0;520.0;735.0;554.0
692.0;545.0;-480.0;456.0;526.0;733.0;546.0
695.0;541.0;-480.0;448.0;?;731.0;532.0
700.0;532.0;-481.0;437.0;504.0;727.0;514.0
698.0;518.0;-489.0;423.0;487.0;723.0;493.0
687.0;506.0;-506.0;406.0;471.0;716.0;475.0
669.0;492.0;-527.0;385.0;?;706.0;460.0
647.0;476.0;-551.0;361.0;449.0;696.0;445.0
623.0;456.0;-571.0;337.0;452.0;689.0;431.0
602.0;440.0;-587.0;313.0;460.0;682.0;?
?;424.0;-594.0;285.0;467.0;674.0;398.0
587.0;407.0;-593.0;250.0;475.0;660.0;381.0
590.0;392.0;-586.0;211.0;478.0;642.0;365.0
600.0;380.0;?;169.0;477.0;?;350.0
612.0;374.0;-560.0;134.0;473.0;607.0;339.0
626.0;?;-543.0;108.0;469.0;?;331.0
641.0;369.0;-524.0;90.0;464.0;591.0;326.0
657.0;367.0;-504.0;82.0;?;585.0;327.0
671.0;366.0;-485.0;80.0;451.0;582.0;329.0
684.0;365.0;-467.0;86.0;442.0;583.0;?
694.0;362.0;-452.0;98.0;435.0;586.0;325.0
701.0;357.0;-441.0;114.0;431.0;589.0;320.0
705.0;349.0;-433.0;132.0;430.0;584.0;316.0
708.0;341.0;-425.0;151.0;430.0;570.0;313.0
711.0;336.0;?;174.0;432.0;551.0;310.0
714.0;335.0;-406.0;202.0;435.0;530.0;310.0
721.0;338.0;-391.0;238.0;435.0;513.0;311.0
724.0;338.0;-382.0;275.0;445.0;505.0;303.0
716.0;334.0;-383.0;303.0;465.0;495.0;291.0
708.0;331.0;-386.0;318.0;?;486.0;283.0
706.0;334.0;-383.0;322.0;488.0;481.0;285.0
714.0;340.0;-371.0;327.0;485.0;492.0;291.0
726.0;341.0;-350.0;325.0;479.0;512.0;291.0
736.0;345.0;?;312.0;474.0;535.0;302.0
743.0;353.0;-316.0;286.0;469.0;552.0;?
?;356.0;-311.0;250.0;462.0;561.0;323.0
748.0;356.0;-311.0;?;452.0;564.0;322.0
747.0;360.0;-320.0;170.0;446.0;564.0;?
741.0;?;-331.0;137.0;?;563.0;326.0
742.0;?;-327.0;114.0;443.0;565.0;330.0
740.0;381.0;-327.0;96.0;444.0;566.0;331.0
740.0;386.0;-326.0;92.0;443.0;?;332.0
740.0;391.0;-326.0;94.0;439.0;571.0;332.0
741.0;399.0;-326.0;101.0;433.0;562.0;?
741.0;406.0;-328.0;131.0;426.0;565.0;330.0
740.0;?;-332.0;167.0;421.0;566.0;328.0
736.0;413.0;-339.0;204.0;420.0;562.0;323.0
730.0;412.0;-351.0;236.0;422.0;547.0;317.0
723.0;413.0;-365.0;251.0;423.0;523.0;309.0
716.0;410.0;-377.0;285.0;?;522.0;298.0
710.0;400.0;-386.0;321.0;415.0;520.0;287.0
?;387.0;-394.0;338.0;407.0;502.0;271.0
704.0;371.0;-402.0;335.0;401.0;475.0;253.0
702.0;361.0;-412.0;320.0;401.0;450.0;240.0
?;353.0;-419.0;?;405.0;433.0;232.0
709.0;352.0;-416.0;292.0;405.0;430.0;233.0
720.0;361.0;-410.0;291.0;407.0;442.0;?
731.0;380.0;-400.0;302.0;410.0;469.0;269.0
742.0;400.0;-391.0;312.0;415.0;502.0;293.0
746.0;411.0;-388.0;313.0;424.0;533.0;310.0
?;414.0;-388.0;299.0;435.0;553.0;323.0
747.0;416.0;-387.0;277.0;439.0;565.0;335.0
747.0;419.0;-385.0;255.0;?;576.0;348.0
746.0;422.0;-385.0;239.0;434.0;591.0;360.0
741.0;425.0;-387.0;226.0;432.0;607.0;372.0
733.0;429.0;-393.0;216.0;433.0;622.0;381.0
722.0;432.0;-400.0;209.0;434.0;633.0;388.0
709.0;?;-411.0;204.0;?;638.0;392.0
694.0;431.0;-425.0;203.0;433.0;640.0;395.0
680.0;432.0;-441.0;210.0;431.0;639.0;398.0
669.0;439.0;-454.0;?;429.0;638.0;403.0
656.0;438.0;-471.0;250.0;435.0;636.0;403.0
636.0;429.0;-494.0;281.0;448.0;633.0;399.0
617.0;428.0;-517.0;313.0;459.0;626.0;393.0
608.0;434.0;-529.0;339.0;467.0;614.0;394.0
615.0;?;-524.0;361.0;469.0;604.0;395.0
629.0;435.0;?;375.0;467.0;604.0;386.0
?;429.0;-487.0;377.0;461.0;604.0;375.0
674.0;419.0;-461.0;365.0;452.0;597.0;362.0
698.0;410.0;-437.0;339.0;442.0;583.0;349.0
719.0;406.0;-415.0;313.0;436.0;569.0;342.0
737.0;404.0;-394.0;294.0;435.0;560.0;338.0
751.0;406.0;-375.0;284.0;437.0;560.0;336.0
762.0;412.0;-358.0;283.0;441.0;?;339.0
769.0;419.0;-348.0;285.0;445.0;566.0;?
772.0;427.0;?;292.0;446.0;569.0;348.0
772.0;435.0;-343.0;303.0;445.0;?;352.0
770.0;442.0;-346.0;317.0;441.0;584.0;356.0
765.0;445.0;-352.0;331.0;438.0;591.0;358.0
757.0;449.0;-360.0;?;434.0;595.0;357.0
747.0;456.0;-372.0;346.0;431.0;595.0;359.0
734.0;461.0;-386.0;351.0;426.0;593.0;359.0
720.0;457.0;-400.0;352.0;417.0;590.0;350.0
706.0;448.0;-417.0;348.0;403.0;581.0;339.0
692.0;439.0;-437.0;342.0;388.0;569.0;331.0
680.0;434.0;-458.0;339.0;382.0;557.0;326.0
669.0;433.0;?;341.0;380.0;554.0;326.0
669.0;439.0;-484.0;347.0;374.0;558.0;331.0
679.0;?;-481.0;356.0;366.0;569.0;340.0
690.0;448.0;-475.0;361.0;368.0;579.0;349.0
699.0;451.0;-470.0;359.0;377.0;587.0;355.0
707.0;453.0;-464.0;353.0;387.0;594.0;361.0
713.0;454.0;-459.0;346.0;398.0;602.0;368.0
717.0;454.0;-454.0;338.0;411.0;613.0;373.0
720.0;450.0;-447.0;326.0;423.0;622.0;375.0
723.0;444.0;-435.0;310.0;434.0;629.0;374.0
728.0;438.0;-420.0;295.0;440.0;632.0;374.0
734.0;435.0;-404.0;281.0;?;634.0;374.0
739.0;433.0;-390.0;272.0;436.0;637.0;374.0
739.0;433.0;-380.0;265.0;432.0;641.0;372.0
737.0;430.0;-373.0;261.0;430.0;642.0;368.0
732.0;424.0;-371.0;259.0;427.0;638.0;363.0
727.0;418.0;-373.0;?;421.0;631.0;358.0
720.0;414.0;-377.0;267.0;414.0;622.0;354.0
713.0;412.0;-383.0;281.0;407.0;614.0;353.0
705.0;411.0;-394.0;300.0;404.0;606.0;351.0
694.0;408.0;-408.0;321.0;406.0;600.0;344.0
679.0;400.0;-426.0;?;411.0;592.0;335.0
661.0;390.0;-446.0;351.0;416.0;578.0;322.0
648.0;384.0;-460.0;354.0;414.0;562.0;?
647.0;384.0;-462.0;356.0;407.0;?;308.0
653.0;383.0;-453.0;357.0;404.0;553.0;305.0
664.0;374.0;-437.0;351.0;401.0;562.0;295.0
678.0;359.0;-414.0;332.0;395.0;568.0;283.0
?;344.0;-388.0;301.0;386.0;568.0;270.0
714.0;332.0;-362.0;264.0;378.0;?;256.0
732.0;326.0;-337.0;?;374.0;549.0;246.0
749.0;324.0;-312.0;205.0;?;544.0;241.0
764.0;323.0;-287.0;194.0;378.0;547.0;238.0
779.0;324.0;-264.0;191.0;381.0;552.0;236.0
?;325.0;-241.0;195.0;382.0;556.0;234.0
803.0;328.0;-220.0;205.0;379.0;556.0;232.0
812.0;331.0;-204.0;217.0;373.0;549.0;228.0
818.0;333.0;-194.0;231.0;366.0;540.0;224.0
821.0;334.0;-190.0;245.0;360.0;528.0;219.0
821.0;?;-191.0;258.0;353.0;515.0;214.0
818.0;338.0;-198.0;?;346.0;504.0;209.0
810.0;?;-210.0;284.0;339.0;492.0;201.0
799.0;325.0;-227.0;282.0;325.0;475.0;182.0
788.0;310.0;-244.0;264.0;303.0;?;164.0
782.0;302.0;-252.0;241.0;280.0;440.0;156.0
781.0;294.0;-253.0;222.0;262.0;437.0;151.0
782.0;291.0;-253.0;209.0;256.0;441.0;153.0
781.0;291.0;-256.0;202.0;259.0;448.0;159.0
780.0;293.0;-263.0;196.0;271.0;457.0;166.0
780.0;294.0;-268.0;187.0;285.0;?;170.0
782.0;295.0;-267.0;174.0;296.0;477.0;173.0
787.0;294.0;-260.0;159.0;304.0;487.0;174.0
792.0;291.0;-251.0;143.0;309.0;498.0;174.0
795.0;290.0;-239.0;130.0;314.0;509.0;176.0
798.0;?;-226.0;122.0;317.0;520.0;181.0
801.0;295.0;-211.0;117.0;316.0;530.0;?
804.0;297.0;-196.0;114.0;312.0;535.0;188.0
805.0;297.0;-183.0;113.0;307.0;537.0;188.0
805.0;295.0;-173.0;114.0;301.0;534.0;185.0
805.0;292.0;-166.0;119.0;295.0;526.0;180.0
804.0;292.0;-161.0;130.0;288.0;514.0;178.0
802.0;?;-160.0;149.0;284.0;502.0;?
797.0;287.0;-168.0;174.0;288.0;490.0;175.0
789.0;274.0;-183.0;198.0;295.0;476.0;166.0
778.0;255.0;-204.0;216.0;300.0;455.0;151.0
768.0;242.0;-224.0;225.0;299.0;430.0;138.0
765.0;244.0;-233.0;224.0;293.0;410.0;138.0
?;240.0;-228.0;228.0;288.0;414.0;127.0
771.0;230.0;-215.0;222.0;284.0;425.0;118.0
777.0;215.0;-193.0;202.0;277.0;?;107.0
785.0;204.0;-169.0;170.0;268.0;435.0;?
796.0;198.0;-144.0;130.0;261.0;431.0;89.0
806.0;191.0;-121.0;90.0;260.0;428.0;82.0
814.0;186.0;-101.0;55.0;264.0;425.0;77.0
821.0;185.0;-82.0;32.0;271.0;426.0;76.0
828.0;186.0;-62.0;24.0;274.0;428.0;80.0
?;194.0;-41.0;27.0;271.0;431.0;86.0
843.0;208.0;-21.0;42.0;265.0;436.0;91.0
849.0;220.0;-5.0;65.0;258.0;443.0;96.0
854.0;227.0;9.0;89.0;253.0;446.0;95.0
?;229.0;?;109.0;250.0;442.0;92.0
860.0;230.0;24.0;126.0;250.0;429.0;92.0
860.0;232.0;22.0;142.0;250.0;415.0;92.0
858.0;236.0;?;158.0;246.0;406.0;91.0
854.0;228.0;6.0;170.0;235.0;397.0;?
849.0;217.0;2.0;173.0;218.0;391.0;70.0
846.0;208.0;11.0;166.0;199.0;386.0;58.0
846.0;195.0;32.0;152.0;182.0;380.0;50.0
847.0;182.0;56.0;132.0;168.0;371.0;46.0
828.0;227.0;396.0;-29.0;340.0;688.0;191.0
?;?;429.0;-43.0;318.0;690.0;191.0
827.0;220.0;?;-53.0;298.0;696.0;191.0
827.0;219.0;479.0;-60.0;277.0;703.0;191.0
828.0;217.0;494.0;-64.0;256.0;711.0;195.0
829.0;221.0;505.0;?;238.0;715.0;199.0
830.0;226.0;511.0;-65.0;224.0;720.0;204.0
832.0;231.0;512.0;-60.0;213.0;722.0;209.0
837.0;238.0;509.0;-51.0;200.0;720.0;215.0
845.0;250.0;499.0;-37.0;188.0;713.0;219.0
852.0;264.0;489.0;-21.0;179.0;710.0;215.0
856.0;274.0;482.0;-11.0;175.0;704.0;208.0
857.0;281.0;479.0;-5.0;173.0;696.0;200.0
859.0;287.0;475.0;-3.0;163.0;688.0;189.0
862.0;292.0;468.0;-5.0;152.0;679.0;176.0
864.0;293.0;460.0;-10.0;149.0;672.0;160.0
862.0;293.0;456.0;-17.0;156.0;660.0;143.0
?;292.0;459.0;-24.0;168.0;649.0;128.0
849.0;290.0;462.0;-33.0;179.0;639.0;?
842.0;285.0;468.0;-42.0;188.0;633.0;97.0
835.0;279.0;476.0;-51.0;193.0;628.0;85.0
827.0;274.0;488.0;-58.0;196.0;623.0;74.0
819.0;268.0;501.0;-64.0;194.0;618.0;64.0
811.0;264.0;513.0;-66.0;193.0;613.0;56.0
806.0;261.0;521.0;-65.0;192.0;608.0;48.0
804.0;259.0;525.0;?;189.0;603.0;39.0
803.0;256.0;525.0;-62.0;189.0;599.0;30.0
802.0;252.0;?;-62.0;197.0;595.0;21.0
803.0;246.0;525.0;-62.0;199.0;591.0;12.0
805.0;239.0;523.0;-64.0;195.0;589.0;2.0
805.0;233.0;524.0;-67.0;196.0;587.0;-5.0
802.0;226.0;524.0;-71.0;205.0;585.0;-13.0
800.0;219.0;525.0;-78.0;?;581.0;-18.0
797.0;213.0;526.0;-85.0;218.0;577.0;-22.0
793.0;209.0;529.0;-93.0;222.0;574.0;-23.0
789.0;207.0;531.0;-97.0;228.0;573.0;-22.0
786.0;207.0;534.0;-97.0;231.0;574.0;-22.0
783.0;208.0;539.0;-96.0;234.0;575.0;-21.0
777.0;212.0;552.0;-94.0;226.0;575.0;-19.0
769.0;218.0;567.0;-90.0;214.0;577.0;-13.0
761.0;228.0;581.0;-80.0;200.0;585.0;-4.0
753.0;245.0;596.0;-64.0;184.0;595.0;11.0
752.0;266.0;604.0;-41.0;163.0;607.0;32.0
?;289.0;607.0;-12.0;139.0;620.0;57.0
765.0;308.0;600.0;17.0;115.0;639.0;?
?;320.0;583.0;?;111.0;659.0;?
800.0;326.0;560.0;52.0;124.0;674.0;119.0
826.0;329.0;524.0;57.0;138.0;682.0;136.0
861.0;331.0;468.0;59.0;?;689.0;?
896.0;335.0;399.0;61.0;146.0;695.0;178.0
925.0;342.0;329.0;68.0;144.0;703.0;202.0
948.0;351.0;258.0;80.0;147.0;712.0;227.0
963.0;362.0;191.0;92.0;158.0;720.0;249.0
971.0;373.0;131.0;104.0;177.0;727.0;271.0
975.0;384.0;76.0;115.0;193.0;?;?
977.0;398.0;27.0;?;200.0;736.0;310.0
976.0;412.0;-13.0;138.0;205.0;?;328.0
973.0;427.0;-48.0;150.0;214.0;739.0;344.0
?;441.0;-74.0;162.0;224.0;739.0;358.0
964.0;454.0;-90.0;176.0;239.0;740.0;370.0
958.0;465.0;-99.0;?;257.0;742.0;381.0
954.0;478.0;-107.0;203.0;268.0;740.0;393.0
953.0;490.0;-115.0;220.0;267.0;741.0;405.0
952.0;500.0;-119.0;236.0;268.0;740.0;?
949.0;511.0;-125.0;248.0;274.0;741.0;431.0
946.0;522.0;-131.0;263.0;284.0;743.0;444.0
942.0;533.0;-137.0;277.0;293.0;745.0;458.0
939.0;541.0;-143.0;290.0;299.0;748.0;470.0
938.0;548.0;-149.0;304.0;300.0;751.0;479.0
935.0;554.0;-156.0;316.0;?;752.0;489.0
933.0;557.0;-164.0;328.0;306.0;750.0;498.0
723.0;528.0;-274.0;356.0;335.0;806.0;443.0
715.0;520.0;-299.0;347.0;403.0;812.0;438.0
720.0;514.0;?;338.0;434.0;818.0;437.0
739.0;509.0;?;330.0;430.0;820.0;435.0
761.0;504.0;-243.0;321.0;406.0;818.0;434.0
782.0;499.0;-207.0;313.0;375.0;816.0;432.0
798.0;496.0;-178.0;305.0;346.0;815.0;432.0
809.0;494.0;-164.0;299.0;?;816.0;429.0
?;493.0;-161.0;297.0;315.0;815.0;425.0
828.0;490.0;-167.0;293.0;317.0;816.0;416.0
831.0;482.0;-185.0;286.0;336.0;817.0;408.0
829.0;471.0;-207.0;274.0;360.0;818.0;400.0
829.0;461.0;-227.0;260.0;376.0;819.0;389.0
831.0;448.0;-241.0;243.0;386.0;819.0;381.0
837.0;435.0;-242.0;226.0;392.0;817.0;375.0
848.0;422.0;-233.0;?;393.0;816.0;368.0
860.0;411.0;-216.0;194.0;391.0;815.0;360.0
873.0;400.0;-195.0;180.0;389.0;814.0;?
884.0;390.0;-167.0;166.0;392.0;809.0;?
895.0;380.0;-130.0;154.0;396.0;805.0;330.0
907.0;373.0;-81.0;145.0;394.0;801.0;319.0
921.0;367.0;-27.0;138.0;379.0;794.0;308.0
934.0;364.0;28.0;132.0;351.0;784.0;297.0
946.0;361.0;81.0;126.0;312.0;779.0;286.0
954.0;351.0;133.0;117.0;267.0;779.0;264.0
955.0;334.0;197.0;98.0;221.0;774.0;242.0
947.0;314.0;260.0;74.0;182.0;766.0;216.0
935.0;293.0;312.0;46.0;157.0;755.0;188.0
922.0;269.0;350.0;16.0;139.0;740.0;160.0
912.0;246.0;372.0;-11.0;128.0;722.0;130.0
904.0;227.0;384.0;-33.0;123.0;703.0;101.0
897.0;207.0;?;-52.0;122.0;684.0;73.0
889.0;186.0;401.0;-72.0;130.0;668.0;45.0
878.0;164.0;414.0;-92.0;142.0;656.0;20.0
866.0;140.0;430.0;-114.0;152.0;643.0;-5.0
854.0;116.0;449.0;-140.0;161.0;626.0;-28.0
840.0;94.0;472.0;-165.0;176.0;607.0;-48.0
824.0;79.0;494.0;-185.0;192.0;587.0;-66.0
814.0;68.0;508.0;-196.0;200.0;569.0;-83.0
809.0;60.0;516.0;-202.0;196.0;?;-99.0
805.0;56.0;524.0;-203.0;192.0;539.0;-114.0
803.0;?;527.0;-203.0;190.0;529.0;-130.0
804.0;51.0;526.0;-203.0;?;518.0;-144.0
804.0;48.0;524.0;-206.0;192.0;505.0;?
803.0;45.0;524.0;-210.0;203.0;493.0;-172.0
799.0;41.0;523.0;-216.0;221.0;482.0;-182.0
?;39.0;521.0;-220.0;236.0;475.0;-187.0
797.0;37.0;519.0;-224.0;239.0;471.0;-190.0
795.0;38.0;520.0;-226.0;241.0;471.0;-188.0
790.0;39.0;528.0;-227.0;243.0;475.0;-184.0
785.0;40.0;534.0;-226.0;238.0;?;-177.0
779.0;42.0;541.0;-224.0;?;489.0;-171.0
774.0;45.0;546.0;-222.0;239.0;496.0;-164.0
769.0;48.0;548.0;-218.0;240.0;504.0;-158.0
765.0;53.0;552.0;-212.0;237.0;511.0;-153.0
760.0;59.0;556.0;-205.0;241.0;519.0;-148.0
756.0;65.0;?;-195.0;249.0;527.0;-143.0
758.0;73.0;556.0;-184.0;251.0;536.0;-136.0
759.0;82.0;557.0;-172.0;244.0;545.0;-130.0
756.0;?;562.0;-159.0;245.0;555.0;-123.0
748.0;99.0;569.0;-147.0;256.0;566.0;-116.0
743.0;105.0;572.0;-137.0;264.0;578.0;-109.0
739.0;109.0;576.0;-130.0;263.0;588.0;-103.0
736.0;112.0;579.0;-127.0;263.0;595.0;-99.0
732.0;113.0;583.0;-125.0;265.0;?;-96.0
729.0;114.0;?;-124.0;264.0;608.0;-92.0
725.0;115.0;590.0;-124.0;267.0;614.0;-89.0
723.0;115.0;590.0;-127.0;270.0;621.0;-84.0
726.0;114.0;583.0;-131.0;273.0;627.0;-75.0
726.0;116.0;585.0;-134.0;273.0;634.0;-58.0
723.0;118.0;589.0;-135.0;275.0;644.0;-40.0
722.0;?;587.0;-136.0;277.0;659.0;-22.0
?;115.0;592.0;-140.0;279.0;676.0;-2.0
710.0;109.0;601.0;-150.0;281.0;692.0;?
?;101.0;609.0;-164.0;288.0;705.0;47.0
692.0;92.0;615.0;-181.0;295.0;719.0;79.0
682.0;85.0;628.0;?;300.0;731.0;110.0
673.0;81.0;640.0;-216.0;304.0;741.0;143.0
670.0;81.0;645.0;-233.0;311.0;747.0;175.0
659.0;87.0;663.0;-246.0;?;749.0;208.0
652.0;96.0;671.0;-256.0;319.0;744.0;244.0
649.0;111.0;676.0;-260.0;328.0;730.0;283.0
643.0;129.0;680.0;-255.0;339.0;715.0;320.0
641.0;149.0;?;-244.0;349.0;707.0;356.0
638.0;169.0;680.0;?;360.0;707.0;?
636.0;188.0;678.0;-211.0;368.0;711.0;426.0
635.0;202.0;675.0;-184.0;373.0;714.0;454.0
633.0;214.0;673.0;-152.0;376.0;714.0;477.0
629.0;222.0;673.0;-120.0;376.0;708.0;495.0
?;227.0;674.0;-92.0;374.0;698.0;509.0
619.0;235.0;676.0;-77.0;372.0;?;519.0
615.0;244.0;677.0;-54.0;371.0;682.0;523.0
610.0;253.0;679.0;-40.0;370.0;667.0;?
607.0;261.0;679.0;-22.0;372.0;634.0;529.0
603.0;268.0;?;-2.0;373.0;594.0;530.0
602.0;273.0;682.0;15.0;372.0;562.0;533.0
602.0;276.0;682.0;34.0;372.0;541.0;538.0
602.0;275.0;681.0;47.0;371.0;518.0;544.0
602.0;?;680.0;58.0;374.0;505.0;548.0
602.0;268.0;?;61.0;377.0;507.0;554.0
601.0;263.0;677.0;60.0;378.0;509.0;559.0
601.0;257.0;675.0;55.0;383.0;511.0;563.0
601.0;252.0;674.0;50.0;385.0;518.0;566.0
601.0;250.0;671.0;?;389.0;522.0;567.0
600.0;249.0;669.0;44.0;392.0;532.0;565.0
599.0;250.0;668.0;29.0;395.0;548.0;564.0
?;251.0;665.0;19.0;399.0;559.0;561.0
601.0;253.0;661.0;13.0;404.0;?;558.0
?;255.0;659.0;9.0;408.0;?;555.0
600.0;256.0;657.0;7.0;410.0;582.0;551.0
598.0;255.0;654.0;3.0;414.0;585.0;549.0
595.0;254.0;653.0;-2.0;419.0;585.0;549.0
594.0;253.0;653.0;-5.0;423.0;585.0;550.0
?;253.0;653.0;-8.0;425.0;586.0;549.0
593.0;253.0;652.0;?;426.0;588.0;548.0
592.0;253.0;652.0;-12.0;427.0;588.0;547.0
592.0;252.0;652.0;-15.0;427.0;588.0;545.0
592.0;252.0;652.0;-21.0;428.0;588.0;544.0
592.0;252.0;652.0;-25.0;428.0;589.0;543.0
591.0;253.0;652.0;-27.0;428.0;?;?
591.0;253.0;652.0;-26.0;427.0;589.0;541.0
592.0;253.0;650.0;-28.0;428.0;588.0;540.0
593.0;252.0;648.0;-30.0;429.0;588.0;539.0
595.0;253.0;646.0;-31.0;430.0;588.0;538.0
597.0;253.0;645.0;-31.0;428.0;586.0;537.0
601.0;254.0;642.0;-30.0;427.0;585.0;535.0
605.0;256.0;638.0;-31.0;426.0;583.0;?
608.0;257.0;634.0;-30.0;426.0;579.0;535.0
612.0;258.0;631.0;-30.0;425.0;579.0;535.0
614.0;260.0;628.0;-31.0;425.0;577.0;534.0
615.0;260.0;626.0;?;424.0;576.0;533.0
616.0;261.0;626.0;?;420.0;576.0;532.0
618.0;261.0;625.0;-27.0;418.0;572.0;530.0
620.0;260.0;622.0;-28.0;417.0;566.0;527.0
621.0;260.0;619.0;-29.0;418.0;556.0;525.0
621.0;261.0;618.0;-30.0;418.0;549.0;522.0
621.0;264.0;618.0;-34.0;?;543.0;517.0
622.0;269.0;?;-38.0;412.0;539.0;509.0
623.0;271.0;619.0;-47.0;407.0;540.0;500.0
624.0;272.0;621.0;-55.0;402.0;540.0;493.0
625.0;272.0;622.0;-61.0;399.0;540.0;488.0
624.0;271.0;623.0;-65.0;398.0;539.0;485.0
623.0;269.0;624.0;-66.0;397.0;538.0;481.0
623.0;264.0;625.0;?;395.0;538.0;479.0
624.0;259.0;628.0;-76.0;?;537.0;477.0
624.0;253.0;631.0;-82.0;386.0;540.0;474.0
626.0;249.0;634.0;-88.0;381.0;544.0;469.0
630.0;244.0;639.0;-93.0;372.0;549.0;461.0
635.0;240.0;643.0;-100.0;363.0;548.0;452.0
644.0;235.0;645.0;-109.0;355.0;545.0;440.0
655.0;230.0;647.0;-119.0;346.0;541.0;426.0
666.0;225.0;647.0;-130.0;338.0;541.0;?
678.0;218.0;?;-143.0;331.0;541.0;396.0
688.0;210.0;?;-157.0;324.0;?;?
696.0;203.0;642.0;-172.0;317.0;541.0;366.0
704.0;195.0;638.0;-187.0;313.0;540.0;351.0
710.0;186.0;630.0;-203.0;314.0;?;337.0
715.0;178.0;622.0;-218.0;314.0;532.0;325.0
720.0;171.0;615.0;-232.0;310.0;531.0;314.0
725.0;165.0;607.0;-245.0;305.0;533.0;?
730.0;160.0;598.0;-256.0;301.0;535.0;295.0
733.0;155.0;591.0;-265.0;305.0;539.0;287.0
727.0;152.0;593.0;-273.0;316.0;540.0;279.0
718.0;147.0;597.0;-281.0;331.0;541.0;270.0
712.0;143.0;598.0;-289.0;341.0;541.0;261.0
?;140.0;595.0;-297.0;341.0;537.0;250.0
719.0;137.0;586.0;-305.0;336.0;532.0;238.0
718.0;135.0;588.0;-312.0;335.0;526.0;223.0
714.0;131.0;592.0;-321.0;332.0;518.0;?
710.0;127.0;598.0;-331.0;327.0;510.0;190.0
706.0;122.0;601.0;-341.0;329.0;503.0;172.0
702.0;117.0;603.0;-351.0;332.0;497.0;?
702.0;112.0;604.0;-360.0;330.0;492.0;139.0
701.0;108.0;603.0;-368.0;335.0;487.0;124.0
697.0;104.0;600.0;-374.0;349.0;482.0;111.0
694.0;100.0;596.0;-379.0;367.0;477.0;99.0
698.0;94.0;595.0;-385.0;?;474.0;87.0
700.0;88.0;595.0;-391.0;?;472.0;76.0
697.0;82.0;597.0;-396.0;?;470.0;64.0
691.0;77.0;599.0;-400.0;373.0;469.0;54.0
684.0;73.0;601.0;-402.0;382.0;468.0;44.0
681.0;70.0;603.0;-405.0;383.0;466.0;36.0
676.0;67.0;608.0;-406.0;386.0;?;30.0
676.0;65.0;608.0;-406.0;384.0;465.0;26.0
672.0;64.0;612.0;-405.0;384.0;465.0;25.0
668.0;64.0;618.0;-403.0;382.0;467.0;24.0
664.0;65.0;621.0;-400.0;383.0;468.0;25.0
662.0;65.0;621.0;-398.0;387.0;469.0;27.0
657.0;66.0;624.0;-394.0;391.0;472.0;31.0
654.0;?;626.0;-392.0;395.0;475.0;36.0
649.0;68.0;630.0;-390.0;397.0;477.0;41.0
?;69.0;633.0;-388.0;395.0;479.0;?
646.0;71.0;634.0;-387.0;399.0;480.0;52.0
638.0;73.0;642.0;-385.0;404.0;481.0;57.0
625.0;73.0;655.0;-384.0;406.0;483.0;62.0
610.0;73.0;671.0;-383.0;404.0;485.0;66.0
593.0;73.0;686.0;-383.0;403.0;486.0;71.0
569.0;74.0;704.0;-383.0;408.0;487.0;76.0
543.0;75.0;717.0;-382.0;?;488.0;81.0
?;75.0;?;-383.0;437.0;?;84.0
500.0;77.0;738.0;-384.0;446.0;487.0;87.0
483.0;77.0;747.0;-386.0;453.0;486.0;88.0
459.0;78.0;762.0;-388.0;456.0;483.0;88.0
434.0;77.0;775.0;-389.0;458.0;480.0;87.0
407.0;75.0;786.0;-388.0;456.0;478.0;87.0
383.0;74.0;796.0;-386.0;450.0;479.0;87.0
368.0;72.0;800.0;-385.0;440.0;480.0;83.0
354.0;69.0;804.0;-386.0;425.0;481.0;75.0
340.0;63.0;807.0;-390.0;409.0;477.0;64.0
322.0;58.0;808.0;-395.0;393.0;469.0;51.0
303.0;52.0;807.0;-402.0;379.0;459.0;35.0
283.0;?;806.0;-410.0;361.0;447.0;16.0
264.0;40.0;807.0;-419.0;339.0;433.0;-6.0
250.0;32.0;806.0;-429.0;321.0;418.0;-32.0
237.0;21.0;801.0;-442.0;306.0;402.0;?
226.0;8.0;793.0;-455.0;294.0;386.0;-92.0
214.0;-6.0;780.0;-469.0;282.0;366.0;-125.0
204.0;-21.0;780.0;-481.0;258.0;346.0;-156.0
?;-34.0;782.0;-491.0;236.0;327.0;-186.0
180.0;-45.0;780.0;-500.0;219.0;305.0;-213.0
167.0;-53.0;782.0;-509.0;202.0;281.0;-237.0
155.0;-63.0;789.0;-519.0;186.0;258.0;-263.0
144.0;-76.0;797.0;-532.0;171.0;238.0;-291.0
132.0;-96.0;803.0;-550.0;156.0;221.0;-319.0
118.0;-121.0;808.0;-571.0;139.0;204.0;-346.0
102.0;-149.0;814.0;-596.0;122.0;185.0;-372.0
83.0;-178.0;819.0;-621.0;103.0;167.0;-395.0
61.0;-204.0;822.0;-645.0;78.0;148.0;-417.0
40.0;-228.0;824.0;-669.0;48.0;129.0;-438.0
22.0;-250.0;?;-690.0;18.0;110.0;-457.0
4.0;?;827.0;-709.0;-13.0;91.0;-476.0
-12.0;-293.0;824.0;-726.0;-44.0;72.0;?
-26.0;-314.0;820.0;-739.0;-75.0;54.0;-513.0
?;-333.0;814.0;-751.0;-106.0;37.0;-528.0
-50.0;-351.0;809.0;-761.0;?;21.0;-541.0
-67.0;?;803.0;-770.0;-155.0;?;-552.0
?;-390.0;798.0;-777.0;-174.0;-15.0;-566.0
-107.0;-409.0;795.0;-783.0;-192.0;-38.0;-582.0
-127.0;-429.0;791.0;-789.0;-209.0;-65.0;-600.0
-149.0;-447.0;788.0;-794.0;-224.0;-91.0;?
-170.0;-464.0;786.0;-797.0;-235.0;-113.0;-640.0
-194.0;-479.0;786.0;-798.0;-243.0;-132.0;-659.0
-218.0;-495.0;790.0;-799.0;-246.0;-149.0;-678.0
-241.0;-511.0;794.0;-801.0;-247.0;-163.0;-694.0
-261.0;?;?;-801.0;-248.0;-175.0;-704.0
?;-540.0;802.0;-801.0;-253.0;?;-711.0
-280.0;-552.0;803.0;-801.0;-260.0;-195.0;-716.0
-281.0;?;805.0;-801.0;-268.0;-201.0;-719.0
-279.0;-574.0;806.0;-801.0;-276.0;-205.0;-722.0
-277.0;-583.0;809.0;-804.0;-285.0;-209.0;-724.0
-274.0;-590.0;811.0;-805.0;-294.0;-215.0;-726.0
-266.0;-593.0;811.0;-807.0;-302.0;-222.0;-730.0
-256.0;-593.0;812.0;?;-310.0;-231.0;-735.0
-240.0;-590.0;813.0;-815.0;-316.0;-243.0;-740.0
-224.0;?;813.0;-820.0;-322.0;-256.0;-744.0
-211.0;-580.0;815.0;-826.0;-326.0;-258.0;-745.0
-205.0;-574.0;816.0;?;-325.0;-252.0;-740.0
-203.0;-574.0;816.0;-827.0;-327.0;-241.0;?
-206.0;-579.0;816.0;-826.0;-332.0;-230.0;-719.0
-211.0;-590.0;816.0;-828.0;-338.0;-220.0;-708.0
-216.0;-598.0;816.0;-835.0;-341.0;-212.0;-699.0
-218.0;-603.0;813.0;-840.0;-345.0;-205.0;-693.0
-218.0;-607.0;809.0;-841.0;-349.0;-199.0;-688.0
-219.0;-609.0;804.0;-841.0;-353.0;-194.0;-686.0
-220.0;-610.0;797.0;-839.0;-358.0;-191.0;-684.0
-217.0;-609.0;789.0;-837.0;-364.0;-189.0;-683.0
-209.0;-606.0;780.0;-835.0;-370.0;-190.0;-684.0
-198.0;-602.0;773.0;-834.0;-373.0;-192.0;-685.0
-187.0;-597.0;764.0;-835.0;-375.0;-194.0;-687.0
-173.0;-592.0;759.0;-835.0;-375.0;-194.0;-688.0
-159.0;-588.0;755.0;-834.0;?;-192.0;-686.0
-143.0;-585.0;753.0;-831.0;-374.0;-193.0;-680.0
-121.0;-585.0;749.0;-829.0;-375.0;-197.0;-675.0
-104.0;-586.0;745.0;-828.0;?;-204.0;-672.0
-97.0;-585.0;746.0;-825.0;-385.0;-211.0;-670.0
-99.0;-582.0;751.0;-821.0;?;-216.0;-672.0
-103.0;-576.0;754.0;-817.0;-389.0;-219.0;-674.0
-103.0;-569.0;753.0;?;-389.0;-221.0;-676.0
-103.0;?;751.0;-811.0;-388.0;-222.0;-675.0
-99.0;-548.0;748.0;-807.0;-388.0;-225.0;-668.0
-92.0;-539.0;740.0;-803.0;-390.0;-229.0;-664.0
-84.0;-531.0;729.0;-800.0;-393.0;-233.0;-662.0
-80.0;-523.0;725.0;-794.0;-397.0;-235.0;-658.0
?;-519.0;?;-787.0;-404.0;-237.0;-650.0
-83.0;-516.0;727.0;?;-412.0;-240.0;-645.0
-88.0;?;731.0;-780.0;-423.0;-246.0;-643.0
-89.0;-521.0;736.0;-774.0;?;-253.0;-640.0
-86.0;-525.0;735.0;-771.0;-436.0;-262.0;-638.0
-77.0;-532.0;730.0;-768.0;-443.0;-274.0;-638.0
-72.0;-538.0;725.0;-767.0;-451.0;-285.0;-638.0
?;-544.0;723.0;-765.0;-461.0;-298.0;-638.0
-81.0;-549.0;721.0;-764.0;-471.0;-311.0;-639.0
-87.0;-552.0;720.0;-764.0;-482.0;-323.0;-638.0
-91.0;-555.0;720.0;-762.0;-492.0;?;-637.0
-96.0;-555.0;720.0;-757.0;-500.0;-345.0;-636.0
-100.0;-555.0;720.0;?;-508.0;-354.0;-636.0
-103.0;-554.0;719.0;-751.0;-514.0;-362.0;-636.0
-106.0;-554.0;719.0;-748.0;-520.0;-370.0;-637.0
-110.0;-554.0;718.0;-746.0;-525.0;-376.0;-639.0
-113.0;-555.0;717.0;-746.0;-532.0;-384.0;-639.0
-114.0;-557.0;716.0;-747.0;-538.0;-393.0;-640.0
-114.0;-559.0;714.0;-749.0;-543.0;?;-640.0
-115.0;-561.0;710.0;-750.0;-549.0;-409.0;-641.0
-119.0;-561.0;707.0;-749.0;-554.0;-414.0;-642.0
-125.0;-563.0;705.0;-748.0;-559.0;-419.0;-643.0
-129.0;-564.0;704.0;-749.0;-565.0;-423.0;-643.0
-134.0;-563.0;704.0;-748.0;-568.0;-426.0;-643.0
-137.0;-563.0;702.0;-746.0;-569.0;-429.0;-641.0
?;-563.0;701.0;-746.0;-569.0;-431.0;-640.0
-144.0;-563.0;702.0;-747.0;-566.0;-433.0;-639.0
-145.0;-561.0;705.0;-748.0;-563.0;?;-638.0
-143.0;-559.0;709.0;-749.0;-559.0;-428.0;-636.0
-138.0;-558.0;714.0;-750.0;-555.0;-425.0;-631.0
-129.0;-558.0;720.0;-751.0;-552.0;-422.0;-626.0
-118.0;-557.0;725.0;-752.0;-548.0;-420.0;-621.0
-107.0;-558.0;729.0;-752.0;-543.0;-417.0;-616.0
?;-559.0;735.0;-754.0;-538.0;-412.0;-612.0
-83.0;-559.0;744.0;-757.0;-533.0;-410.0;-606.0
-69.0;-560.0;753.0;-761.0;-526.0;-407.0;-599.0
-52.0;-559.0;?;-762.0;-518.0;-403.0;-592.0
-30.0;-557.0;?;-765.0;-510.0;-399.0;-585.0
-8.0;-556.0;772.0;-768.0;?;-396.0;-578.0
14.0;-555.0;776.0;-771.0;-488.0;-395.0;-572.0
36.0;-554.0;779.0;-774.0;-479.0;-395.0;-569.0
53.0;-553.0;780.0;-773.0;-471.0;-395.0;-567.0
69.0;-551.0;782.0;-772.0;-464.0;-393.0;-565.0
84.0;-549.0;783.0;-772.0;-458.0;-392.0;-564.0
97.0;-546.0;783.0;-771.0;-453.0;-390.0;-562.0
109.0;-543.0;782.0;-769.0;-448.0;-389.0;-559.0
118.0;-542.0;781.0;-768.0;-444.0;-389.0;-557.0
126.0;-541.0;779.0;-767.0;-441.0;-390.0;?
131.0;-540.0;778.0;-767.0;-441.0;?;-552.0
137.0;-538.0;777.0;-768.0;-441.0;-395.0;-549.0
142.0;-533.0;776.0;-766.0;-442.0;-395.0;-548.0
148.0;-527.0;776.0;-764.0;-443.0;?;-547.0
154.0;-521.0;?;-766.0;-445.0;-383.0;-546.0
162.0;-517.0;773.0;-767.0;-446.0;-380.0;-545.0
173.0;-513.0;769.0;-767.0;-445.0;-377.0;-542.0
184.0;-507.0;765.0;-767.0;-443.0;-377.0;-541.0
195.0;-502.0;762.0;-766.0;-440.0;-377.0;-541.0
206.0;-496.0;758.0;-764.0;-434.0;-376.0;-540.0
215.0;-488.0;756.0;-762.0;-428.0;-374.0;-539.0
221.0;-477.0;756.0;-760.0;-424.0;-373.0;-541.0
226.0;-463.0;758.0;-756.0;-419.0;-370.0;-548.0
232.0;-448.0;759.0;-751.0;-414.0;-368.0;-559.0
240.0;-428.0;760.0;-741.0;-405.0;-363.0;-573.0
251.0;-403.0;759.0;-724.0;-393.0;-358.0;-587.0
265.0;-374.0;758.0;-698.0;-381.0;-351.0;-600.0
282.0;-342.0;754.0;?;-368.0;-347.0;-605.0
299.0;-311.0;747.0;-628.0;-359.0;-357.0;-605.0
317.0;-284.0;739.0;-607.0;-353.0;-373.0;-614.0
?;-269.0;729.0;-593.0;-344.0;-393.0;-626.0
365.0;-258.0;716.0;-574.0;-333.0;-412.0;-633.0
390.0;-242.0;701.0;-549.0;-321.0;?;-627.0
416.0;-226.0;685.0;-517.0;-307.0;-430.0;-617.0
?;-211.0;667.0;-477.0;-292.0;-420.0;-603.0
465.0;-198.0;649.0;-432.0;-276.0;-400.0;-585.0
488.0;-182.0;630.0;-387.0;-259.0;-368.0;-562.0
510.0;-164.0;610.0;-345.0;-243.0;-326.0;-537.0
531.0;-149.0;?;-307.0;-228.0;-277.0;-509.0
552.0;-130.0;?;-278.0;-215.0;-227.0;-478.0
574.0;-116.0;547.0;-256.0;-198.0;-177.0;-447.0
599.0;-107.0;524.0;-242.0;-175.0;-126.0;-412.0
?;-98.0;496.0;-235.0;-142.0;-81.0;-373.0
655.0;-94.0;464.0;-233.0;-95.0;-40.0;-333.0
679.0;-93.0;433.0;-231.0;-43.0;-3.0;-291.0
697.0;-84.0;409.0;-223.0;8.0;37.0;-244.0
710.0;-63.0;390.0;-206.0;53.0;85.0;-196.0
720.0;-40.0;374.0;-187.0;95.0;140.0;-151.0
727.0;-16.0;359.0;-173.0;132.0;191.0;-112.0
732.0;4.0;346.0;-170.0;166.0;235.0;-81.0
737.0;?;334.0;-174.0;194.0;269.0;-55.0
?;33.0;322.0;-181.0;215.0;295.0;-34.0
749.0;47.0;309.0;?;230.0;313.0;-12.0
756.0;65.0;295.0;?;242.0;329.0;10.0
762.0;85.0;278.0;-161.0;254.0;346.0;33.0
?;?;261.0;-132.0;265.0;363.0;55.0
776.0;132.0;243.0;-98.0;273.0;381.0;75.0
783.0;156.0;226.0;-61.0;279.0;397.0;91.0
790.0;176.0;209.0;-27.0;285.0;411.0;102.0
797.0;195.0;192.0;3.0;289.0;419.0;109.0
802.0;212.0;174.0;26.0;291.0;420.0;111.0
808.0;219.0;?;42.0;291.0;418.0;108.0
813.0;218.0;143.0;57.0;286.0;413.0;101.0
816.0;215.0;127.0;70.0;278.0;406.0;92.0
817.0;214.0;118.0;79.0;264.0;396.0;84.0
822.0;205.0;126.0;81.0;236.0;388.0;68.0
830.0;192.0;150.0;75.0;196.0;381.0;52.0
838.0;181.0;179.0;70.0;153.0;375.0;47.0
845.0;175.0;200.0;69.0;123.0;370.0;48.0
852.0;170.0;211.0;71.0;116.0;?;47.0
858.0;165.0;214.0;69.0;128.0;368.0;40.0
864.0;156.0;218.0;58.0;?;366.0;30.0
870.0;145.0;226.0;42.0;151.0;362.0;?
874.0;135.0;238.0;27.0;156.0;358.0;14.0
877.0;125.0;254.0;14.0;155.0;356.0;7.0
880.0;114.0;270.0;3.0;151.0;354.0;-3.0
881.0;102.0;283.0;?;145.0;346.0;-17.0
881.0;86.0;292.0;-32.0;143.0;333.0;-35.0
?;72.0;301.0;-54.0;141.0;315.0;-54.0
879.0;60.0;309.0;-71.0;140.0;296.0;-73.0
874.0;53.0;316.0;?;144.0;277.0;-92.0
?;50.0;324.0;-82.0;151.0;259.0;-109.0
861.0;49.0;334.0;-74.0;155.0;242.0;-126.0
854.0;?;344.0;-59.0;160.0;233.0;-137.0
846.0;58.0;350.0;-35.0;167.0;233.0;-139.0
839.0;69.0;352.0;4.0;173.0;246.0;-141.0
832.0;79.0;349.0;47.0;177.0;268.0;-145.0
826.0;80.0;345.0;81.0;177.0;292.0;-152.0
821.0;78.0;341.0;97.0;172.0;?;-158.0
819.0;78.0;335.0;95.0;169.0;314.0;-161.0
816.0;78.0;335.0;85.0;165.0;322.0;-162.0
815.0;80.0;?;74.0;167.0;332.0;-158.0
810.0;86.0;351.0;66.0;152.0;344.0;-148.0
811.0;92.0;360.0;62.0;133.0;359.0;-136.0
811.0;101.0;355.0;60.0;134.0;377.0;-126.0
813.0;?;348.0;58.0;148.0;395.0;-115.0
814.0;123.0;350.0;55.0;156.0;414.0;-99.0
815.0;136.0;353.0;54.0;157.0;434.0;-80.0
815.0;150.0;349.0;55.0;163.0;456.0;-58.0
814.0;165.0;349.0;57.0;162.0;480.0;-31.0
815.0;?;349.0;60.0;159.0;504.0;-3.0
812.0;187.0;346.0;63.0;163.0;528.0;25.0
798.0;199.0;349.0;65.0;172.0;548.0;52.0
789.0;208.0;356.0;65.0;169.0;565.0;76.0
779.0;?;366.0;62.0;170.0;574.0;101.0
767.0;219.0;371.0;61.0;182.0;583.0;126.0
755.0;221.0;381.0;64.0;194.0;?;153.0
741.0;223.0;395.0;71.0;200.0;?;182.0
724.0;228.0;411.0;80.0;203.0;629.0;211.0
?;234.0;433.0;86.0;198.0;637.0;233.0
687.0;242.0;457.0;90.0;185.0;?;247.0
673.0;252.0;473.0;94.0;175.0;638.0;259.0
669.0;262.0;479.0;99.0;171.0;634.0;268.0
664.0;273.0;477.0;108.0;172.0;631.0;277.0
648.0;286.0;458.0;118.0;175.0;627.0;285.0
644.0;299.0;434.0;132.0;188.0;624.0;292.0
657.0;309.0;417.0;150.0;183.0;621.0;?
680.0;319.0;406.0;170.0;167.0;622.0;308.0
703.0;330.0;380.0;187.0;157.0;622.0;?
723.0;342.0;341.0;205.0;165.0;622.0;317.0
737.0;353.0;304.0;221.0;178.0;619.0;321.0
748.0;366.0;275.0;234.0;188.0;621.0;315.0
756.0;?;252.0;241.0;?;625.0;298.0
763.0;384.0;232.0;240.0;203.0;625.0;277.0
769.0;385.0;213.0;233.0;210.0;628.0;260.0
773.0;381.0;193.0;228.0;218.0;630.0;248.0
775.0;379.0;174.0;221.0;230.0;630.0;242.0
774.0;377.0;157.0;215.0;240.0;635.0;237.0
772.0;?;145.0;208.0;246.0;644.0;232.0
769.0;368.0;139.0;200.0;247.0;648.0;228.0
765.0;359.0;139.0;190.0;?;651.0;224.0
760.0;350.0;141.0;181.0;241.0;654.0;221.0
754.0;343.0;143.0;172.0;238.0;655.0;219.0
748.0;335.0;146.0;161.0;235.0;652.0;215.0
743.0;327.0;150.0;148.0;226.0;?;212.0
742.0;318.0;153.0;137.0;210.0;650.0;212.0
745.0;308.0;153.0;128.0;193.0;648.0;216.0
750.0;298.0;143.0;121.0;188.0;646.0;222.0
756.0;290.0;129.0;119.0;198.0;648.0;230.0
763.0;284.0;122.0;117.0;210.0;652.0;238.0
770.0;279.0;124.0;116.0;219.0;656.0;244.0
776.0;275.0;127.0;118.0;228.0;662.0;249.0
781.0;275.0;134.0;124.0;238.0;668.0;256.0
787.0;272.0;143.0;133.0;246.0;675.0;258.0
791.0;270.0;152.0;142.0;251.0;678.0;262.0
793.0;270.0;162.0;145.0;256.0;682.0;?
796.0;271.0;172.0;142.0;260.0;682.0;265.0
797.0;267.0;182.0;132.0;262.0;679.0;261.0
797.0;261.0;191.0;120.0;?;676.0;259.0
797.0;258.0;200.0;108.0;266.0;674.0;259.0
797.0;255.0;206.0;99.0;264.0;672.0;259.0
798.0;252.0;212.0;88.0;261.0;671.0;256.0
800.0;249.0;217.0;76.0;255.0;667.0;252.0
802.0;247.0;221.0;66.0;247.0;665.0;249.0
806.0;245.0;222.0;60.0;239.0;665.0;247.0
?;245.0;222.0;55.0;231.0;663.0;242.0
812.0;244.0;221.0;49.0;223.0;663.0;234.0
817.0;243.0;220.0;42.0;211.0;663.0;226.0
822.0;242.0;218.0;38.0;200.0;666.0;218.0
826.0;239.0;215.0;38.0;195.0;671.0;212.0
830.0;235.0;214.0;41.0;188.0;677.0;208.0
?;227.0;?;43.0;179.0;687.0;202.0
837.0;220.0;216.0;40.0;170.0;692.0;194.0
839.0;210.0;217.0;32.0;167.0;693.0;183.0
840.0;201.0;220.0;?;166.0;694.0;173.0
840.0;192.0;224.0;12.0;162.0;692.0;165.0
840.0;184.0;231.0;0.0;156.0;?;156.0
839.0;176.0;238.0;-6.0;147.0;683.0;148.0
838.0;169.0;243.0;-9.0;137.0;678.0;139.0
837.0;161.0;247.0;-15.0;130.0;671.0;126.0
836.0;155.0;249.0;-25.0;126.0;662.0;111.0
834.0;151.0;251.0;-38.0;124.0;653.0;93.0
832.0;147.0;254.0;-51.0;126.0;644.0;73.0
831.0;146.0;260.0;-64.0;127.0;638.0;54.0
831.0;146.0;268.0;-72.0;134.0;638.0;31.0
828.0;152.0;269.0;-81.0;146.0;?;?
825.0;157.0;269.0;-97.0;157.0;635.0;-27.0
822.0;149.0;266.0;-117.0;163.0;631.0;-60.0
819.0;143.0;263.0;-135.0;167.0;628.0;-91.0
817.0;134.0;260.0;-149.0;?;630.0;-111.0
816.0;122.0;258.0;-164.0;173.0;629.0;-130.0
816.0;113.0;254.0;-176.0;175.0;626.0;-144.0
817.0;109.0;250.0;-174.0;180.0;631.0;-150.0
816.0;106.0;243.0;-166.0;194.0;637.0;-155.0
815.0;107.0;234.0;-160.0;208.0;640.0;-160.0
816.0;107.0;?;-158.0;212.0;641.0;-167.0
817.0;102.0;242.0;-160.0;208.0;640.0;-174.0
815.0;96.0;251.0;-164.0;203.0;639.0;-179.0
813.0;89.0;261.0;-166.0;197.0;639.0;-185.0
811.0;82.0;271.0;-170.0;188.0;638.0;-191.0
809.0;73.0;?;-173.0;?;638.0;-196.0
808.0;65.0;294.0;-176.0;163.0;637.0;-198.0
808.0;58.0;306.0;-178.0;150.0;637.0;-198.0
806.0;54.0;317.0;-177.0;138.0;638.0;-196.0
805.0;51.0;329.0;-174.0;123.0;640.0;-194.0
803.0;50.0;343.0;-171.0;105.0;641.0;-191.0
800.0;50.0;355.0;-170.0;87.0;641.0;-189.0
796.0;?;372.0;-169.0;64.0;642.0;-186.0
790.0;47.0;391.0;-169.0;35.0;643.0;-183.0
783.0;46.0;408.0;-170.0;12.0;644.0;-180.0
777.0;45.0;418.0;-171.0;-5.0;645.0;-178.0
773.0;44.0;426.0;-172.0;-19.0;645.0;-175.0
772.0;44.0;432.0;-172.0;-28.0;645.0;-172.0
768.0;44.0;442.0;-172.0;-39.0;645.0;-170.0
762.0;44.0;451.0;-171.0;-45.0;645.0;-168.0
758.0;43.0;453.0;-171.0;-41.0;644.0;-167.0
756.0;44.0;449.0;-170.0;-26.0;643.0;-165.0
747.0;46.0;447.0;-168.0;-11.0;642.0;-162.0
747.0;51.0;454.0;-164.0;-5.0;639.0;-159.0
747.0;57.0;454.0;-157.0;12.0;637.0;-153.0
741.0;64.0;446.0;-151.0;31.0;633.0;?
727.0;72.0;455.0;-143.0;16.0;629.0;-139.0
704.0;82.0;472.0;-135.0;-21.0;624.0;-132.0
676.0;93.0;493.0;-127.0;-57.0;619.0;-125.0
642.0;105.0;521.0;-123.0;-96.0;610.0;-120.0
616.0;115.0;543.0;-120.0;-120.0;600.0;-113.0
?;125.0;559.0;-116.0;-129.0;?;-105.0
574.0;135.0;572.0;-110.0;-124.0;581.0;-93.0
561.0;146.0;581.0;-103.0;-113.0;572.0;-81.0
549.0;155.0;585.0;-93.0;-96.0;566.0;-68.0
534.0;164.0;592.0;-83.0;-79.0;560.0;-51.0
518.0;174.0;604.0;-68.0;-66.0;557.0;-34.0
502.0;184.0;616.0;-54.0;-55.0;557.0;-19.0
489.0;194.0;625.0;-48.0;-43.0;?;-8.0
480.0;200.0;630.0;-47.0;-32.0;552.0;2.0
475.0;202.0;635.0;-45.0;-22.0;554.0;16.0
475.0;204.0;637.0;-37.0;-14.0;561.0;?
480.0;204.0;636.0;-24.0;-5.0;573.0;49.0
491.0;202.0;632.0;-16.0;7.0;585.0;72.0
506.0;201.0;628.0;-8.0;20.0;595.0;94.0
525.0;197.0;622.0;-4.0;34.0;604.0;117.0
547.0;191.0;612.0;3.0;54.0;616.0;142.0
572.0;184.0;598.0;13.0;82.0;629.0;169.0
599.0;176.0;588.0;21.0;109.0;639.0;197.0
623.0;169.0;581.0;28.0;131.0;647.0;223.0
645.0;163.0;573.0;35.0;154.0;656.0;246.0
667.0;155.0;562.0;34.0;177.0;660.0;264.0
686.0;147.0;551.0;26.0;199.0;662.0;278.0
702.0;142.0;538.0;10.0;218.0;657.0;286.0
717.0;141.0;523.0;-3.0;239.0;641.0;302.0
731.0;142.0;509.0;4.0;256.0;630.0;319.0
744.0;151.0;496.0;15.0;270.0;623.0;328.0
756.0;162.0;482.0;17.0;283.0;611.0;?
768.0;167.0;465.0;18.0;298.0;595.0;328.0
781.0;173.0;444.0;21.0;308.0;583.0;323.0
796.0;186.0;418.0;33.0;312.0;580.0;323.0
813.0;205.0;384.0;58.0;315.0;581.0;334.0
829.0;?;342.0;73.0;318.0;580.0;337.0
843.0;248.0;295.0;82.0;318.0;571.0;340.0
853.0;261.0;245.0;92.0;320.0;567.0;348.0
858.0;277.0;195.0;101.0;323.0;565.0;356.0
?;292.0;147.0;110.0;324.0;558.0;368.0
858.0;304.0;99.0;121.0;325.0;555.0;379.0
?;317.0;52.0;126.0;323.0;553.0;387.0
853.0;326.0;7.0;129.0;316.0;545.0;394.0
847.0;332.0;-44.0;133.0;316.0;532.0;401.0
838.0;342.0;-96.0;141.0;323.0;531.0;410.0
829.0;356.0;-145.0;153.0;332.0;535.0;422.0
820.0;370.0;-189.0;163.0;340.0;532.0;430.0
810.0;379.0;-226.0;164.0;347.0;522.0;432.0
800.0;387.0;-259.0;158.0;351.0;510.0;431.0
790.0;394.0;-289.0;151.0;351.0;504.0;428.0
781.0;397.0;-315.0;149.0;350.0;501.0;429.0
772.0;399.0;-338.0;?;353.0;500.0;437.0
762.0;406.0;-361.0;154.0;360.0;502.0;447.0
751.0;413.0;-385.0;159.0;369.0;501.0;455.0
738.0;419.0;-410.0;164.0;?;497.0;462.0
725.0;429.0;-436.0;166.0;393.0;492.0;468.0
711.0;442.0;-459.0;172.0;406.0;486.0;475.0
699.0;456.0;-481.0;181.0;417.0;485.0;482.0
688.0;472.0;-500.0;187.0;425.0;484.0;489.0
676.0;484.0;-520.0;191.0;432.0;483.0;498.0
662.0;497.0;-541.0;197.0;438.0;488.0;509.0
646.0;509.0;-562.0;209.0;444.0;497.0;521.0
627.0;522.0;-584.0;222.0;452.0;514.0;530.0
606.0;533.0;-606.0;238.0;462.0;539.0;542.0
583.0;541.0;-627.0;247.0;472.0;555.0;548.0
558.0;537.0;-648.0;255.0;478.0;569.0;557.0
533.0;538.0;-667.0;267.0;483.0;587.0;567.0
509.0;544.0;-685.0;278.0;487.0;598.0;576.0
?;546.0;-702.0;?;492.0;584.0;580.0
462.0;554.0;-719.0;294.0;495.0;589.0;568.0
440.0;566.0;-735.0;300.0;495.0;610.0;566.0
418.0;570.0;-750.0;316.0;494.0;642.0;572.0
?;578.0;-767.0;?;493.0;688.0;580.0
369.0;590.0;-782.0;377.0;491.0;729.0;595.0
342.0;596.0;-797.0;418.0;?;748.0;623.0
315.0;604.0;-809.0;459.0;491.0;755.0;643.0
289.0;615.0;-820.0;498.0;492.0;757.0;661.0
268.0;623.0;-829.0;535.0;490.0;755.0;681.0
246.0;626.0;-838.0;?;488.0;749.0;698.0
227.0;630.0;-843.0;603.0;488.0;739.0;712.0
213.0;639.0;-847.0;626.0;486.0;726.0;722.0
203.0;649.0;-851.0;641.0;482.0;708.0;730.0
194.0;655.0;-855.0;652.0;477.0;686.0;737.0
193.0;656.0;-859.0;662.0;468.0;662.0;744.0
199.0;?;-863.0;666.0;457.0;642.0;749.0
206.0;654.0;-868.0;666.0;442.0;628.0;754.0
?;647.0;-871.0;665.0;430.0;616.0;760.0
220.0;639.0;-872.0;666.0;421.0;606.0;767.0
221.0;631.0;-873.0;664.0;417.0;603.0;773.0
221.0;?;-871.0;659.0;415.0;607.0;777.0
223.0;616.0;-869.0;652.0;414.0;613.0;783.0
228.0;609.0;-865.0;646.0;416.0;621.0;787.0
236.0;606.0;-860.0;641.0;418.0;631.0;788.0
249.0;603.0;-855.0;?;?;640.0;789.0
265.0;600.0;-848.0;635.0;420.0;643.0;790.0
281.0;?;-843.0;635.0;421.0;643.0;789.0
294.0;602.0;-841.0;634.0;417.0;643.0;786.0
304.0;603.0;-839.0;634.0;409.0;643.0;783.0
311.0;604.0;-836.0;637.0;401.0;643.0;783.0
316.0;606.0;-835.0;640.0;391.0;643.0;782.0
322.0;609.0;-835.0;?;378.0;642.0;781.0
330.0;612.0;-836.0;650.0;364.0;640.0;780.0
336.0;?;-838.0;651.0;351.0;640.0;778.0
339.0;616.0;-840.0;?;340.0;638.0;777.0
339.0;616.0;-843.0;649.0;?;637.0;775.0
338.0;616.0;-845.0;647.0;320.0;636.0;775.0
334.0;614.0;-849.0;645.0;308.0;?;774.0
327.0;612.0;-854.0;647.0;295.0;632.0;774.0
322.0;610.0;-857.0;652.0;283.0;627.0;774.0
312.0;610.0;-861.0;655.0;275.0;622.0;773.0
299.0;613.0;-864.0;655.0;271.0;619.0;767.0
284.0;622.0;-867.0;655.0;274.0;620.0;760.0
269.0;630.0;-869.0;658.0;279.0;625.0;753.0
259.0;638.0;-870.0;662.0;284.0;628.0;746.0
260.0;641.0;-871.0;?;283.0;627.0;744.0
267.0;636.0;-874.0;670.0;277.0;619.0;748.0
274.0;629.0;-877.0;?;268.0;607.0;754.0
275.0;624.0;-879.0;675.0;259.0;598.0;757.0
275.0;622.0;-880.0;675.0;248.0;593.0;757.0
273.0;621.0;-880.0;?;239.0;591.0;755.0
274.0;620.0;-880.0;671.0;229.0;589.0;756.0
276.0;618.0;-882.0;671.0;217.0;586.0;759.0
279.0;616.0;-883.0;674.0;206.0;581.0;762.0
281.0;614.0;-885.0;678.0;196.0;578.0;765.0
282.0;612.0;-887.0;680.0;188.0;575.0;767.0
281.0;?;-890.0;679.0;181.0;574.0;768.0
278.0;612.0;-893.0;678.0;177.0;576.0;768.0
273.0;613.0;-894.0;678.0;172.0;580.0;769.0
269.0;614.0;-896.0;677.0;169.0;586.0;770.0
?;615.0;-897.0;674.0;169.0;595.0;773.0
257.0;613.0;-898.0;670.0;169.0;604.0;777.0
251.0;609.0;-899.0;665.0;171.0;614.0;782.0
245.0;607.0;-902.0;659.0;172.0;624.0;786.0
237.0;605.0;-904.0;653.0;172.0;635.0;790.0
228.0;604.0;-905.0;647.0;177.0;649.0;793.0
218.0;600.0;-905.0;642.0;188.0;662.0;796.0
211.0;593.0;-904.0;637.0;204.0;671.0;800.0
206.0;587.0;-902.0;630.0;225.0;677.0;?
203.0;?;-898.0;623.0;249.0;680.0;806.0
198.0;576.0;-893.0;616.0;275.0;681.0;808.0
206.0;571.0;-893.0;615.0;283.0;679.0;810.0
214.0;568.0;-896.0;618.0;289.0;676.0;811.0
214.0;565.0;-896.0;624.0;295.0;669.0;811.0
209.0;564.0;-893.0;628.0;301.0;662.0;810.0
204.0;563.0;-891.0;631.0;304.0;655.0;807.0
?;562.0;?;632.0;308.0;648.0;804.0
202.0;560.0;-888.0;631.0;312.0;?;801.0
199.0;558.0;-883.0;?;320.0;636.0;798.0
200.0;555.0;-877.0;624.0;331.0;631.0;797.0
207.0;552.0;-879.0;619.0;335.0;629.0;796.0
224.0;547.0;-883.0;615.0;336.0;629.0;797.0
241.0;541.0;-879.0;611.0;340.0;629.0;799.0
255.0;533.0;-868.0;606.0;352.0;630.0;800.0
264.0;526.0;-853.0;600.0;368.0;629.0;802.0
263.0;520.0;-842.0;593.0;384.0;628.0;802.0
250.0;515.0;-831.0;587.0;401.0;626.0;802.0
223.0;512.0;-822.0;583.0;421.0;624.0;801.0
177.0;509.0;-809.0;580.0;445.0;620.0;801.0
?;505.0;?;576.0;460.0;616.0;800.0
121.0;502.0;-785.0;574.0;468.0;611.0;801.0
108.0;498.0;-784.0;572.0;470.0;607.0;801.0
98.0;493.0;-784.0;570.0;468.0;601.0;801.0
88.0;489.0;-784.0;568.0;465.0;595.0;801.0
79.0;485.0;-785.0;565.0;460.0;589.0;799.0
69.0;481.0;-786.0;562.0;456.0;584.0;798.0
55.0;478.0;-787.0;?;452.0;?;797.0
45.0;475.0;-786.0;557.0;449.0;576.0;797.0
42.0;473.0;-786.0;557.0;450.0;573.0;797.0
45.0;473.0;-785.0;558.0;452.0;571.0;797.0
54.0;474.0;-789.0;559.0;450.0;571.0;796.0
61.0;474.0;-792.0;560.0;?;569.0;795.0
78.0;473.0;-797.0;561.0;439.0;567.0;795.0
106.0;471.0;-806.0;563.0;432.0;563.0;794.0
136.0;469.0;-813.0;564.0;421.0;559.0;793.0
166.0;467.0;-817.0;563.0;405.0;555.0;792.0
194.0;465.0;-821.0;563.0;386.0;552.0;790.0
220.0;463.0;-819.0;563.0;369.0;549.0;788.0
245.0;461.0;-818.0;565.0;353.0;545.0;?
268.0;460.0;?;566.0;334.0;541.0;786.0
285.0;460.0;-825.0;568.0;316.0;538.0;785.0
295.0;460.0;-826.0;569.0;305.0;535.0;784.0
299.0;461.0;-827.0;572.0;302.0;535.0;784.0
301.0;462.0;-828.0;575.0;301.0;534.0;785.0
302.0;?;-829.0;577.0;300.0;533.0;785.0
303.0;464.0;-830.0;579.0;297.0;533.0;786.0
302.0;465.0;-831.0;581.0;293.0;533.0;788.0
302.0;465.0;-831.0;584.0;?;533.0;?
301.0;466.0;?;587.0;289.0;?;791.0
304.0;468.0;-828.0;590.0;287.0;536.0;793.0
307.0;469.0;-828.0;592.0;?;538.0;794.0
309.0;471.0;?;593.0;285.0;540.0;795.0
310.0;473.0;-827.0;595.0;285.0;543.0;796.0
308.0;475.0;-826.0;596.0;286.0;545.0;796.0
304.0;?;-825.0;597.0;288.0;547.0;797.0
301.0;478.0;-822.0;598.0;293.0;549.0;798.0
296.0;480.0;-820.0;599.0;299.0;551.0;798.0
289.0;481.0;-820.0;600.0;307.0;553.0;799.0
?;482.0;-818.0;601.0;316.0;554.0;?
267.0;483.0;-813.0;602.0;332.0;556.0;800.0
253.0;484.0;-810.0;602.0;349.0;556.0;800.0
235.0;484.0;-809.0;602.0;365.0;557.0;801.0
223.0;484.0;-805.0;602.0;?;559.0;802.0
218.0;483.0;?;601.0;390.0;560.0;804.0
209.0;481.0;-802.0;600.0;397.0;561.0;806.0
197.0;479.0;-796.0;598.0;?;561.0;808.0
189.0;477.0;-793.0;594.0;409.0;563.0;810.0
187.0;475.0;-796.0;592.0;410.0;564.0;812.0
182.0;472.0;-800.0;590.0;408.0;565.0;815.0
177.0;470.0;-801.0;589.0;406.0;565.0;817.0
173.0;468.0;-803.0;587.0;403.0;565.0;819.0
?;467.0;-810.0;586.0;397.0;565.0;820.0
170.0;465.0;-818.0;584.0;388.0;564.0;821.0
161.0;?;-827.0;583.0;372.0;562.0;821.0
159.0;462.0;-831.0;582.0;361.0;559.0;820.0
159.0;461.0;-839.0;582.0;349.0;556.0;819.0
157.0;460.0;-844.0;582.0;343.0;552.0;818.0
157.0;460.0;-847.0;582.0;338.0;547.0;815.0
158.0;460.0;-851.0;582.0;334.0;542.0;813.0
157.0;460.0;-854.0;583.0;331.0;537.0;810.0
157.0;460.0;-856.0;584.0;328.0;532.0;808.0
158.0;460.0;-857.0;583.0;325.0;527.0;806.0
161.0;460.0;-858.0;582.0;322.0;523.0;?
163.0;461.0;-858.0;582.0;319.0;520.0;801.0
167.0;463.0;-858.0;582.0;317.0;518.0;798.0
?;465.0;-856.0;581.0;316.0;516.0;795.0
171.0;468.0;-855.0;580.0;317.0;?;791.0
?;471.0;-855.0;577.0;317.0;517.0;788.0
185.0;473.0;-856.0;575.0;318.0;519.0;784.0
191.0;476.0;-855.0;573.0;322.0;522.0;781.0
196.0;479.0;-854.0;570.0;327.0;526.0;778.0
200.0;483.0;-854.0;569.0;332.0;530.0;775.0
205.0;487.0;-854.0;568.0;?;534.0;771.0
216.0;490.0;-855.0;567.0;340.0;536.0;768.0
228.0;491.0;-857.0;564.0;338.0;535.0;766.0
234.0;492.0;-857.0;563.0;330.0;?;766.0
241.0;494.0;-854.0;569.0;320.0;525.0;?
249.0;496.0;-851.0;576.0;309.0;520.0;765.0
254.0;498.0;?;582.0;299.0;514.0;764.0
257.0;500.0;-842.0;585.0;295.0;509.0;762.0
257.0;501.0;-836.0;585.0;297.0;504.0;760.0
259.0;502.0;-833.0;584.0;303.0;499.0;760.0
259.0;503.0;?;584.0;310.0;497.0;760.0
251.0;504.0;-832.0;584.0;322.0;499.0;762.0
237.0;505.0;-825.0;584.0;337.0;502.0;766.0
221.0;505.0;-820.0;584.0;347.0;507.0;770.0
209.0;506.0;-819.0;583.0;352.0;513.0;774.0
201.0;507.0;-817.0;582.0;355.0;520.0;778.0
198.0;507.0;-818.0;582.0;?;527.0;782.0
196.0;507.0;-822.0;582.0;355.0;534.0;786.0
191.0;508.0;-820.0;582.0;359.0;541.0;789.0
177.0;509.0;-822.0;582.0;357.0;546.0;791.0
169.0;510.0;-819.0;583.0;357.0;552.0;793.0
?;510.0;-819.0;585.0;356.0;555.0;796.0
164.0;510.0;-819.0;587.0;355.0;558.0;798.0
164.0;510.0;-820.0;588.0;356.0;559.0;799.0
165.0;510.0;-819.0;589.0;357.0;559.0;799.0
168.0;512.0;-818.0;591.0;?;559.0;798.0
?;513.0;-815.0;592.0;353.0;559.0;797.0
177.0;514.0;-809.0;594.0;358.0;559.0;797.0
184.0;514.0;-800.0;597.0;369.0;558.0;798.0
183.0;?;-792.0;597.0;376.0;558.0;797.0
181.0;513.0;-783.0;597.0;384.0;557.0;797.0
184.0;513.0;-779.0;596.0;392.0;556.0;796.0
191.0;513.0;-777.0;597.0;401.0;555.0;796.0
199.0;513.0;-775.0;596.0;411.0;556.0;?
203.0;513.0;-771.0;594.0;418.0;555.0;795.0
200.0;512.0;-762.0;594.0;425.0;555.0;795.0
199.0;511.0;-759.0;593.0;425.0;554.0;796.0
194.0;510.0;-757.0;593.0;423.0;554.0;797.0
190.0;509.0;-753.0;592.0;?;554.0;798.0
191.0;508.0;-753.0;592.0;419.0;554.0;800.0
194.0;507.0;-751.0;592.0;420.0;554.0;801.0
196.0;507.0;-748.0;591.0;423.0;555.0;801.0
200.0;507.0;-746.0;590.0;425.0;557.0;801.0
207.0;506.0;-743.0;589.0;426.0;558.0;801.0
208.0;506.0;-738.0;588.0;428.0;559.0;801.0
207.0;506.0;-733.0;587.0;429.0;560.0;802.0
206.0;505.0;-730.0;587.0;428.0;561.0;802.0
205.0;504.0;-729.0;586.0;426.0;562.0;802.0
208.0;504.0;-732.0;586.0;425.0;562.0;802.0
209.0;503.0;-734.0;586.0;424.0;561.0;803.0
214.0;502.0;-734.0;585.0;424.0;561.0;?
219.0;501.0;-733.0;585.0;424.0;561.0;803.0
222.0;500.0;-731.0;585.0;423.0;560.0;803.0
224.0;498.0;-727.0;584.0;422.0;560.0;802.0
225.0;497.0;-721.0;583.0;419.0;560.0;802.0
225.0;496.0;-714.0;583.0;416.0;559.0;802.0
?;495.0;-703.0;583.0;414.0;559.0;802.0
212.0;495.0;-687.0;583.0;414.0;558.0;802.0
201.0;494.0;-671.0;582.0;414.0;558.0;803.0
189.0;493.0;-659.0;582.0;413.0;558.0;803.0
177.0;493.0;-651.0;581.0;414.0;558.0;803.0
180.0;493.0;-657.0;581.0;415.0;559.0;803.0
182.0;492.0;-663.0;581.0;416.0;559.0;804.0
176.0;?;-659.0;581.0;417.0;560.0;805.0
173.0;492.0;-657.0;581.0;415.0;561.0;805.0
173.0;492.0;-659.0;581.0;412.0;561.0;806.0
172.0;492.0;-660.0;581.0;411.0;561.0;806.0
173.0;491.0;-660.0;580.0;411.0;562.0;806.0
173.0;?;-660.0;580.0;410.0;562.0;806.0
171.0;491.0;-659.0;?;409.0;563.0;806.0
170.0;491.0;-658.0;580.0;?;563.0;806.0
169.0;?;-659.0;580.0;407.0;562.0;806.0
?;489.0;-660.0;580.0;405.0;562.0;807.0
163.0;489.0;-662.0;580.0;403.0;562.0;807.0
158.0;489.0;-663.0;579.0;403.0;562.0;807.0
157.0;489.0;-664.0;579.0;403.0;562.0;807.0
156.0;488.0;-666.0;578.0;402.0;562.0;807.0
150.0;488.0;?;578.0;403.0;562.0;807.0
149.0;488.0;-660.0;579.0;?;563.0;807.0
149.0;488.0;-660.0;579.0;399.0;563.0;807.0
152.0;488.0;-660.0;579.0;395.0;562.0;807.0
159.0;488.0;-662.0;579.0;389.0;562.0;807.0
167.0;487.0;-671.0;?;380.0;562.0;806.0
172.0;487.0;-690.0;578.0;362.0;561.0;805.0
181.0;487.0;-716.0;578.0;336.0;560.0;804.0
189.0;487.0;-745.0;578.0;309.0;558.0;803.0
190.0;?;-765.0;579.0;285.0;557.0;802.0
183.0;487.0;-777.0;579.0;262.0;555.0;800.0
175.0;487.0;-786.0;579.0;240.0;554.0;799.0
165.0;489.0;-796.0;579.0;219.0;554.0;797.0
?;489.0;-806.0;579.0;200.0;554.0;797.0
143.0;490.0;-815.0;580.0;185.0;555.0;796.0
130.0;491.0;-821.0;578.0;176.0;?;795.0
117.0;492.0;-824.0;577.0;171.0;560.0;794.0
106.0;493.0;-827.0;575.0;167.0;563.0;794.0
97.0;494.0;-829.0;573.0;167.0;567.0;794.0
90.0;?;-832.0;571.0;171.0;571.0;793.0
85.0;496.0;-834.0;570.0;179.0;575.0;793.0
82.0;?;-837.0;568.0;189.0;579.0;794.0
82.0;497.0;-840.0;565.0;203.0;582.0;794.0
85.0;498.0;-845.0;564.0;218.0;585.0;794.0
92.0;500.0;-851.0;564.0;235.0;587.0;794.0
103.0;501.0;-859.0;565.0;251.0;588.0;793.0
117.0;502.0;-870.0;564.0;263.0;589.0;?
130.0;504.0;-878.0;566.0;270.0;588.0;791.0
142.0;505.0;-884.0;568.0;274.0;586.0;790.0
151.0;506.0;-884.0;569.0;?;583.0;789.0
158.0;507.0;-882.0;572.0;283.0;579.0;788.0
164.0;509.0;-880.0;574.0;?;575.0;786.0
170.0;510.0;-879.0;576.0;293.0;572.0;784.0
178.0;?;-875.0;578.0;293.0;568.0;783.0
185.0;512.0;-872.0;579.0;286.0;565.0;782.0
192.0;512.0;-872.0;581.0;274.0;562.0;781.0
201.0;512.0;-871.0;582.0;259.0;559.0;781.0
212.0;511.0;-874.0;583.0;241.0;557.0;780.0
222.0;511.0;-877.0;583.0;224.0;556.0;780.0
232.0;512.0;-880.0;583.0;208.0;557.0;?
?;512.0;-884.0;583.0;191.0;559.0;780.0
247.0;513.0;-886.0;583.0;176.0;562.0;781.0
254.0;?;-889.0;583.0;161.0;565.0;782.0
260.0;515.0;-892.0;582.0;143.0;569.0;783.0
263.0;516.0;-895.0;581.0;126.0;573.0;?
264.0;518.0;-898.0;581.0;109.0;579.0;784.0
261.0;520.0;-902.0;?;90.0;583.0;785.0
255.0;521.0;-906.0;580.0;?;588.0;786.0
247.0;523.0;-910.0;580.0;59.0;592.0;787.0
?;525.0;-913.0;582.0;48.0;596.0;789.0
227.0;527.0;-915.0;584.0;43.0;600.0;791.0
218.0;528.0;-916.0;585.0;41.0;604.0;792.0
208.0;530.0;-917.0;587.0;42.0;608.0;793.0
200.0;532.0;?;588.0;47.0;611.0;794.0
194.0;533.0;?;589.0;56.0;614.0;794.0
190.0;?;?;591.0;?;617.0;794.0
185.0;536.0;-920.0;591.0;75.0;619.0;794.0
183.0;?;-920.0;?;88.0;621.0;795.0
182.0;?;-921.0;591.0;99.0;623.0;794.0
180.0;539.0;-922.0;592.0;110.0;625.0;794.0
174.0;540.0;-924.0;592.0;120.0;625.0;793.0
165.0;540.0;-926.0;?;130.0;625.0;793.0
155.0;540.0;-928.0;593.0;?;625.0;793.0
144.0;541.0;-929.0;595.0;154.0;623.0;792.0
135.0;542.0;-929.0;?;170.0;622.0;791.0
127.0;543.0;-931.0;594.0;180.0;621.0;788.0
117.0;546.0;-934.0;593.0;185.0;619.0;?
111.0;548.0;-937.0;592.0;188.0;616.0;782.0
105.0;?;-936.0;593.0;?;612.0;779.0
?;551.0;-935.0;595.0;201.0;607.0;775.0
?;553.0;?;598.0;?;601.0;772.0
72.0;555.0;-930.0;602.0;225.0;594.0;768.0
58.0;558.0;-927.0;605.0;244.0;587.0;763.0
40.0;560.0;-922.0;?;270.0;581.0;759.0
24.0;562.0;-916.0;615.0;297.0;574.0;755.0
9.0;565.0;-909.0;617.0;325.0;569.0;751.0
-10.0;568.0;-900.0;619.0;356.0;564.0;747.0
-31.0;569.0;-887.0;620.0;393.0;561.0;745.0
-53.0;571.0;-869.0;623.0;433.0;558.0;743.0
-80.0;574.0;-848.0;625.0;471.0;?;742.0
-110.0;575.0;-828.0;626.0;505.0;557.0;741.0
-134.0;578.0;-812.0;625.0;526.0;558.0;740.0
-151.0;580.0;-803.0;621.0;539.0;561.0;739.0
-161.0;581.0;-797.0;616.0;543.0;566.0;740.0
-165.0;583.0;-795.0;608.0;542.0;575.0;742.0
-163.0;584.0;-797.0;600.0;539.0;585.0;743.0
-156.0;584.0;-801.0;599.0;534.0;598.0;746.0
?;584.0;-807.0;598.0;528.0;611.0;749.0
-132.0;584.0;-814.0;?;521.0;622.0;751.0
-120.0;583.0;-821.0;594.0;513.0;632.0;754.0
-107.0;582.0;-828.0;592.0;?;639.0;757.0
-96.0;581.0;-835.0;?;492.0;643.0;760.0
-86.0;581.0;-840.0;588.0;481.0;645.0;?
-79.0;581.0;-844.0;589.0;472.0;647.0;762.0
-73.0;583.0;-846.0;591.0;?;648.0;762.0
-66.0;585.0;-847.0;593.0;460.0;648.0;761.0
-59.0;587.0;-847.0;598.0;459.0;645.0;761.0
-51.0;589.0;-847.0;600.0;?;642.0;760.0
-41.0;590.0;-848.0;600.0;463.0;639.0;758.0
-32.0;592.0;-848.0;603.0;465.0;635.0;757.0
-25.0;593.0;-848.0;610.0;468.0;634.0;757.0
-21.0;594.0;-847.0;614.0;471.0;633.0;757.0
-19.0;?;-846.0;618.0;474.0;633.0;757.0
?;595.0;-844.0;621.0;478.0;633.0;758.0
-15.0;595.0;?;622.0;483.0;634.0;760.0
-14.0;595.0;-840.0;621.0;490.0;635.0;761.0
-15.0;596.0;-839.0;618.0;494.0;636.0;761.0
-15.0;597.0;-839.0;613.0;497.0;640.0;762.0
-17.0;597.0;-839.0;609.0;498.0;645.0;763.0
-20.0;597.0;-839.0;606.0;497.0;651.0;?
-23.0;596.0;-839.0;?;496.0;656.0;767.0
-24.0;595.0;?;601.0;495.0;660.0;769.0
-25.0;593.0;-841.0;597.0;493.0;663.0;770.0
-25.0;592.0;-841.0;597.0;491.0;665.0;?
-24.0;590.0;-841.0;599.0;491.0;665.0;773.0
-21.0;589.0;-840.0;601.0;492.0;665.0;774.0
-20.0;588.0;-840.0;604.0;493.0;663.0;774.0
-18.0;588.0;-839.0;608.0;?;659.0;775.0
-14.0;588.0;-838.0;611.0;497.0;656.0;776.0
-9.0;?;-837.0;?;499.0;653.0;776.0
-3.0;589.0;-838.0;615.0;499.0;?;776.0
3.0;589.0;-838.0;617.0;498.0;650.0;776.0
11.0;590.0;-839.0;617.0;497.0;651.0;776.0
21.0;590.0;-840.0;616.0;495.0;653.0;776.0
30.0;589.0;-841.0;615.0;492.0;656.0;776.0
37.0;588.0;-842.0;614.0;489.0;657.0;778.0
42.0;586.0;-844.0;611.0;485.0;660.0;779.0
48.0;584.0;-846.0;608.0;481.0;662.0;780.0
53.0;583.0;-847.0;607.0;476.0;664.0;781.0
58.0;582.0;-848.0;606.0;473.0;666.0;781.0
62.0;581.0;-850.0;604.0;469.0;667.0;781.0
63.0;581.0;-851.0;603.0;465.0;667.0;779.0
62.0;581.0;-853.0;602.0;461.0;666.0;778.0
58.0;581.0;-854.0;603.0;459.0;664.0;775.0
52.0;581.0;-855.0;604.0;456.0;659.0;773.0
44.0;580.0;-856.0;607.0;455.0;654.0;771.0
33.0;580.0;-857.0;610.0;454.0;647.0;769.0
21.0;578.0;-857.0;614.0;455.0;638.0;767.0
10.0;576.0;-856.0;617.0;457.0;629.0;765.0
0.0;575.0;-855.0;620.0;459.0;620.0;764.0
-7.0;574.0;-854.0;622.0;461.0;613.0;763.0
-13.0;575.0;-853.0;623.0;462.0;609.0;762.0
-17.0;574.0;-853.0;622.0;462.0;607.0;760.0
-20.0;574.0;-852.0;621.0;461.0;607.0;760.0
-21.0;573.0;-852.0;?;460.0;609.0;760.0
-20.0;?;-851.0;617.0;459.0;612.0;760.0
-20.0;572.0;-852.0;?;459.0;615.0;760.0
-20.0;572.0;-852.0;612.0;458.0;618.0;760.0
-20.0;572.0;-852.0;611.0;456.0;622.0;761.0
-19.0;572.0;-853.0;611.0;455.0;624.0;761.0
-19.0;572.0;-853.0;611.0;454.0;626.0;762.0
-18.0;572.0;-854.0;610.0;452.0;627.0;763.0
-18.0;573.0;-855.0;610.0;450.0;628.0;763.0
-19.0;574.0;-855.0;611.0;448.0;?;762.0
-19.0;575.0;-855.0;611.0;447.0;628.0;762.0
-18.0;575.0;-856.0;611.0;447.0;627.0;762.0
-17.0;575.0;-856.0;612.0;446.0;626.0;761.0
-16.0;576.0;-856.0;613.0;446.0;625.0;761.0
-15.0;577.0;-856.0;615.0;446.0;623.0;760.0
-14.0;577.0;-855.0;615.0;446.0;622.0;760.0
-12.0;576.0;-855.0;616.0;447.0;620.0;?
-10.0;577.0;-854.0;615.0;448.0;618.0;758.0
-7.0;578.0;-853.0;613.0;450.0;618.0;757.0
-3.0;581.0;-852.0;611.0;453.0;620.0;756.0
1.0;583.0;-851.0;611.0;?;623.0;756.0
6.0;585.0;-850.0;611.0;457.0;629.0;757.0
11.0;586.0;-850.0;610.0;458.0;634.0;760.0
15.0;584.0;-850.0;607.0;459.0;638.0;763.0
19.0;583.0;-850.0;603.0;461.0;642.0;766.0
22.0;582.0;?;601.0;462.0;647.0;768.0
25.0;582.0;?;600.0;464.0;651.0;770.0
27.0;582.0;-849.0;599.0;465.0;655.0;771.0
29.0;582.0;-848.0;599.0;466.0;658.0;772.0
30.0;582.0;-848.0;598.0;467.0;661.0;773.0
31.0;582.0;-848.0;599.0;467.0;662.0;773.0
32.0;582.0;-847.0;599.0;468.0;662.0;773.0
31.0;583.0;-847.0;600.0;469.0;662.0;773.0
30.0;583.0;-846.0;602.0;471.0;660.0;772.0
30.0;583.0;-846.0;604.0;472.0;659.0;772.0
31.0;584.0;-846.0;606.0;473.0;656.0;772.0
32.0;584.0;-845.0;608.0;474.0;654.0;771.0
32.0;583.0;-845.0;608.0;475.0;652.0;771.0
32.0;583.0;-845.0;609.0;474.0;650.0;?
32.0;583.0;-845.0;610.0;475.0;648.0;771.0
33.0;582.0;-845.0;611.0;475.0;646.0;?
34.0;582.0;-845.0;611.0;476.0;645.0;771.0
34.0;581.0;-845.0;611.0;476.0;644.0;771.0
34.0;581.0;-845.0;610.0;476.0;644.0;771.0
34.0;580.0;-845.0;610.0;477.0;643.0;772.0
35.0;580.0;-845.0;610.0;477.0;644.0;772.0
35.0;580.0;-845.0;610.0;477.0;644.0;772.0
35.0;?;-844.0;609.0;477.0;645.0;772.0
35.0;580.0;-844.0;?;476.0;645.0;772.0
36.0;580.0;-845.0;609.0;476.0;645.0;771.0
39.0;582.0;-845.0;?;474.0;645.0;771.0
44.0;583.0;-846.0;610.0;470.0;645.0;?
53.0;584.0;-848.0;611.0;?;644.0;769.0
65.0;584.0;-851.0;612.0;453.0;642.0;768.0
84.0;583.0;-854.0;?;440.0;640.0;?
105.0;579.0;-858.0;610.0;425.0;638.0;769.0
128.0;574.0;-861.0;609.0;407.0;636.0;770.0
149.0;571.0;?;606.0;388.0;636.0;771.0
172.0;567.0;-864.0;603.0;367.0;637.0;771.0
199.0;564.0;-865.0;601.0;345.0;637.0;772.0
228.0;561.0;-866.0;599.0;319.0;?;773.0
258.0;556.0;-866.0;598.0;293.0;635.0;774.0
285.0;552.0;-865.0;597.0;264.0;?;775.0
?;549.0;-863.0;596.0;234.0;630.0;775.0
331.0;546.0;-860.0;597.0;205.0;627.0;775.0
347.0;544.0;-860.0;598.0;180.0;624.0;?
356.0;543.0;-861.0;601.0;162.0;?;776.0
360.0;543.0;-863.0;603.0;154.0;620.0;778.0
362.0;544.0;-868.0;?;150.0;618.0;779.0
360.0;546.0;-874.0;607.0;147.0;618.0;780.0
357.0;548.0;-878.0;608.0;146.0;620.0;781.0
353.0;550.0;-880.0;608.0;?;623.0;783.0
?;550.0;-882.0;608.0;153.0;627.0;785.0
?;551.0;-883.0;606.0;157.0;632.0;786.0
345.0;552.0;-883.0;605.0;161.0;638.0;788.0
343.0;552.0;-884.0;603.0;162.0;643.0;790.0
338.0;?;-885.0;602.0;161.0;?;791.0
333.0;552.0;-886.0;601.0;159.0;653.0;?
329.0;552.0;-886.0;600.0;158.0;657.0;794.0
327.0;553.0;-886.0;600.0;157.0;660.0;794.0
324.0;553.0;-887.0;599.0;156.0;663.0;795.0
323.0;553.0;-888.0;599.0;156.0;665.0;796.0
322.0;554.0;-888.0;599.0;158.0;667.0;795.0
321.0;554.0;-887.0;600.0;?;667.0;795.0
322.0;554.0;-887.0;600.0;159.0;666.0;?
324.0;554.0;-886.0;601.0;158.0;664.0;794.0
325.0;554.0;-885.0;603.0;159.0;661.0;793.0
326.0;553.0;-885.0;?;159.0;658.0;793.0
325.0;554.0;-885.0;606.0;160.0;655.0;792.0
324.0;554.0;-885.0;608.0;160.0;653.0;792.0
322.0;553.0;-885.0;609.0;161.0;651.0;792.0
322.0;554.0;-885.0;610.0;160.0;648.0;791.0
321.0;554.0;-885.0;610.0;160.0;647.0;791.0
322.0;554.0;-885.0;610.0;160.0;646.0;791.0
322.0;553.0;-884.0;611.0;161.0;646.0;791.0
322.0;553.0;-885.0;610.0;161.0;646.0;791.0
321.0;553.0;-884.0;?;161.0;647.0;791.0
320.0;553.0;-883.0;609.0;162.0;648.0;791.0
319.0;553.0;-882.0;608.0;?;650.0;791.0
320.0;554.0;?;607.0;163.0;652.0;792.0
321.0;553.0;-880.0;606.0;164.0;653.0;792.0
321.0;553.0;-880.0;606.0;162.0;655.0;792.0
320.0;553.0;-880.0;605.0;161.0;656.0;793.0
321.0;553.0;-880.0;605.0;160.0;657.0;793.0
322.0;553.0;-881.0;605.0;159.0;657.0;793.0
326.0;553.0;-882.0;605.0;159.0;657.0;793.0
331.0;554.0;-884.0;606.0;158.0;657.0;?
333.0;554.0;-886.0;605.0;153.0;656.0;792.0
325.0;555.0;?;605.0;?;655.0;791.0
318.0;556.0;-889.0;606.0;144.0;654.0;790.0
312.0;557.0;-889.0;607.0;149.0;652.0;789.0
301.0;558.0;-890.0;609.0;159.0;650.0;789.0
286.0;558.0;-891.0;609.0;176.0;648.0;?
266.0;558.0;-892.0;609.0;201.0;645.0;786.0
?;?;-894.0;609.0;234.0;643.0;785.0
200.0;557.0;-894.0;610.0;278.0;640.0;784.0
156.0;555.0;-891.0;611.0;329.0;635.0;782.0
105.0;549.0;-882.0;614.0;380.0;626.0;782.0
50.0;539.0;-867.0;617.0;432.0;612.0;782.0
-12.0;528.0;-846.0;?;482.0;592.0;778.0
-80.0;521.0;-822.0;607.0;524.0;572.0;769.0
-147.0;520.0;-797.0;595.0;550.0;559.0;760.0
-209.0;526.0;-775.0;588.0;559.0;556.0;749.0
-271.0;533.0;-755.0;586.0;553.0;558.0;741.0
?;?;-739.0;587.0;533.0;559.0;734.0
-386.0;533.0;-722.0;589.0;504.0;556.0;729.0
?;525.0;-708.0;587.0;?;547.0;725.0
?;514.0;-700.0;583.0;441.0;533.0;721.0
-467.0;502.0;-700.0;577.0;425.0;?;715.0
-460.0;492.0;-706.0;571.0;420.0;500.0;710.0
-445.0;486.0;-716.0;567.0;419.0;486.0;703.0
-423.0;482.0;-726.0;564.0;423.0;475.0;696.0
-398.0;481.0;-738.0;562.0;427.0;466.0;688.0
-372.0;482.0;-750.0;561.0;428.0;460.0;682.0
-348.0;?;-762.0;?;426.0;455.0;676.0
-328.0;487.0;-770.0;569.0;423.0;451.0;672.0
-313.0;489.0;-775.0;575.0;?;445.0;668.0
-299.0;490.0;-779.0;581.0;415.0;437.0;667.0
-285.0;491.0;-784.0;586.0;413.0;429.0;667.0
-272.0;494.0;-788.0;590.0;414.0;424.0;?
-260.0;499.0;-792.0;591.0;416.0;425.0;670.0
-252.0;507.0;-795.0;592.0;418.0;432.0;?
-245.0;517.0;-796.0;592.0;420.0;446.0;675.0
-242.0;529.0;-796.0;589.0;423.0;464.0;678.0
-239.0;541.0;-795.0;587.0;425.0;485.0;?
-237.0;553.0;-795.0;584.0;427.0;509.0;685.0
-234.0;558.0;-797.0;581.0;427.0;533.0;692.0
-232.0;562.0;?;579.0;425.0;550.0;702.0
-231.0;565.0;-800.0;579.0;424.0;561.0;711.0
-230.0;569.0;-799.0;577.0;423.0;571.0;717.0
-228.0;573.0;-800.0;576.0;423.0;579.0;722.0
-221.0;579.0;-802.0;576.0;425.0;585.0;?
-212.0;?;-805.0;580.0;432.0;592.0;731.0
-201.0;597.0;-808.0;?;443.0;599.0;734.0
-191.0;604.0;-810.0;592.0;456.0;605.0;733.0
-182.0;608.0;-812.0;594.0;465.0;609.0;731.0
-175.0;610.0;-814.0;595.0;469.0;609.0;730.0
-164.0;610.0;-815.0;596.0;471.0;609.0;731.0
-151.0;611.0;-816.0;602.0;472.0;608.0;733.0
-136.0;612.0;-816.0;610.0;475.0;607.0;735.0
-121.0;615.0;-815.0;617.0;481.0;607.0;738.0
-106.0;619.0;-813.0;623.0;491.0;610.0;739.0
-90.0;623.0;-813.0;626.0;502.0;615.0;739.0
?;625.0;-812.0;626.0;513.0;621.0;740.0
-56.0;629.0;-810.0;625.0;523.0;629.0;742.0
-40.0;636.0;-807.0;624.0;531.0;640.0;740.0
-25.0;645.0;-805.0;622.0;537.0;654.0;736.0
-10.0;649.0;-803.0;617.0;543.0;666.0;730.0
6.0;650.0;-801.0;610.0;547.0;673.0;728.0
22.0;647.0;-800.0;604.0;549.0;676.0;730.0
34.0;645.0;-800.0;603.0;550.0;677.0;733.0
41.0;644.0;-801.0;607.0;550.0;680.0;737.0
43.0;645.0;-800.0;610.0;550.0;684.0;740.0
40.0;646.0;-801.0;611.0;550.0;687.0;742.0
35.0;647.0;-801.0;611.0;551.0;690.0;744.0
27.0;647.0;-802.0;610.0;554.0;693.0;745.0
?;646.0;-802.0;607.0;555.0;695.0;746.0
15.0;643.0;-803.0;605.0;555.0;?;748.0
10.0;641.0;-804.0;605.0;555.0;695.0;750.0
3.0;639.0;-805.0;605.0;553.0;694.0;750.0
-4.0;638.0;-807.0;607.0;549.0;693.0;751.0
-11.0;636.0;-809.0;609.0;546.0;690.0;750.0
-18.0;634.0;-809.0;?;544.0;685.0;750.0
-26.0;632.0;-808.0;613.0;545.0;679.0;749.0
-36.0;631.0;-806.0;616.0;546.0;673.0;747.0
-51.0;631.0;-805.0;617.0;545.0;668.0;743.0
-65.0;630.0;-804.0;618.0;543.0;663.0;740.0
-77.0;630.0;-803.0;?;542.0;657.0;737.0
-84.0;630.0;-803.0;624.0;541.0;651.0;736.0
-87.0;630.0;-804.0;?;540.0;645.0;735.0
-91.0;629.0;-805.0;634.0;538.0;640.0;735.0
-95.0;629.0;-806.0;?;534.0;635.0;733.0
-100.0;629.0;?;637.0;527.0;632.0;732.0
-102.0;629.0;-808.0;634.0;523.0;631.0;730.0
-99.0;629.0;-807.0;632.0;524.0;632.0;728.0
-96.0;630.0;-807.0;630.0;526.0;633.0;726.0
-96.0;630.0;-807.0;628.0;525.0;635.0;725.0
-100.0;629.0;-807.0;625.0;523.0;?;?
-104.0;629.0;-807.0;624.0;?;638.0;725.0
-106.0;628.0;-808.0;622.0;517.0;640.0;726.0
-107.0;627.0;-809.0;621.0;515.0;642.0;728.0
-109.0;626.0;-810.0;620.0;513.0;643.0;730.0
?;?;-812.0;620.0;509.0;643.0;732.0
-114.0;622.0;-814.0;619.0;505.0;643.0;734.0
?;619.0;-815.0;618.0;?;643.0;736.0
-119.0;617.0;-815.0;618.0;500.0;643.0;?
-122.0;616.0;-815.0;617.0;499.0;644.0;?
-126.0;616.0;-814.0;616.0;499.0;646.0;741.0
-129.0;616.0;?;615.0;501.0;648.0;742.0
-130.0;617.0;-811.0;615.0;504.0;650.0;742.0
-128.0;618.0;-809.0;615.0;507.0;651.0;742.0
-126.0;619.0;-808.0;?;?;653.0;742.0
-123.0;619.0;-807.0;616.0;512.0;654.0;743.0
-117.0;618.0;-807.0;617.0;514.0;653.0;744.0
-112.0;?;-807.0;618.0;?;652.0;745.0
-107.0;616.0;-807.0;619.0;518.0;652.0;745.0
-104.0;615.0;-808.0;619.0;516.0;651.0;745.0
-104.0;614.0;-810.0;619.0;514.0;652.0;746.0
-105.0;613.0;-811.0;619.0;511.0;650.0;746.0
-106.0;612.0;-811.0;618.0;510.0;649.0;745.0
-108.0;611.0;-811.0;618.0;510.0;?;745.0
-112.0;610.0;-810.0;618.0;510.0;647.0;744.0
-118.0;609.0;-809.0;619.0;511.0;645.0;744.0
-124.0;609.0;-807.0;619.0;512.0;643.0;744.0
-128.0;608.0;-805.0;620.0;513.0;640.0;744.0
-133.0;?;-803.0;621.0;515.0;638.0;744.0
-137.0;607.0;-801.0;622.0;516.0;?;743.0
-141.0;607.0;-800.0;622.0;517.0;635.0;743.0
-143.0;607.0;-799.0;623.0;517.0;634.0;743.0
-144.0;607.0;?;624.0;517.0;633.0;743.0
-144.0;607.0;-798.0;624.0;516.0;633.0;742.0
-142.0;607.0;-799.0;624.0;515.0;?;742.0
-141.0;608.0;-799.0;623.0;513.0;633.0;742.0
?;608.0;?;623.0;511.0;634.0;742.0
-136.0;608.0;-801.0;623.0;510.0;635.0;742.0
-134.0;608.0;-802.0;622.0;?;635.0;742.0
-131.0;609.0;-803.0;622.0;509.0;636.0;742.0
-130.0;609.0;-804.0;622.0;508.0;637.0;743.0
-129.0;609.0;-804.0;622.0;?;637.0;743.0
-128.0;609.0;-805.0;622.0;508.0;637.0;743.0
-127.0;610.0;-805.0;622.0;508.0;638.0;743.0
-127.0;610.0;-805.0;623.0;509.0;638.0;743.0
-128.0;610.0;-804.0;623.0;510.0;639.0;743.0
-128.0;610.0;-804.0;623.0;511.0;639.0;744.0
-128.0;611.0;?;623.0;511.0;?;743.0
-128.0;611.0;-804.0;624.0;512.0;640.0;744.0
-127.0;611.0;-804.0;625.0;512.0;640.0;744.0
-127.0;611.0;-804.0;625.0;513.0;641.0;744.0
-127.0;?;-804.0;626.0;?;641.0;744.0
-126.0;611.0;-804.0;626.0;514.0;642.0;745.0
-125.0;611.0;-804.0;626.0;515.0;642.0;745.0
-125.0;611.0;-804.0;627.0;515.0;643.0;745.0
?;611.0;-804.0;627.0;515.0;644.0;746.0
-126.0;611.0;-805.0;627.0;515.0;644.0;746.0
-125.0;611.0;-805.0;627.0;516.0;645.0;747.0
-125.0;?;-805.0;627.0;516.0;646.0;747.0
-125.0;611.0;-805.0;627.0;?;648.0;747.0
-124.0;611.0;-805.0;627.0;517.0;648.0;748.0
-124.0;611.0;-805.0;628.0;517.0;649.0;748.0
-124.0;?;?;628.0;517.0;649.0;748.0
-124.0;611.0;-805.0;629.0;517.0;649.0;748.0
-124.0;611.0;-805.0;630.0;517.0;?;748.0
-124.0;612.0;-806.0;630.0;516.0;650.0;?
-124.0;612.0;-806.0;630.0;515.0;649.0;748.0
-125.0;613.0;-807.0;631.0;514.0;650.0;747.0
-125.0;613.0;-807.0;632.0;514.0;650.0;747.0
-124.0;614.0;-807.0;633.0;515.0;649.0;746.0
-124.0;615.0;-808.0;633.0;514.0;649.0;746.0
-124.0;615.0;-808.0;634.0;513.0;?;745.0
-124.0;615.0;-808.0;634.0;513.0;648.0;?
-124.0;615.0;-808.0;635.0;513.0;648.0;745.0
-124.0;615.0;-808.0;635.0;513.0;648.0;745.0
-124.0;616.0;-808.0;?;513.0;648.0;745.0
-124.0;616.0;-808.0;636.0;513.0;648.0;745.0
-123.0;616.0;-808.0;635.0;513.0;649.0;745.0
-123.0;616.0;-808.0;635.0;513.0;650.0;745.0
-123.0;616.0;-808.0;635.0;513.0;650.0;745.0
-123.0;616.0;-808.0;634.0;513.0;651.0;745.0
-124.0;616.0;?;634.0;513.0;651.0;745.0
-124.0;616.0;-808.0;634.0;512.0;651.0;746.0
-125.0;616.0;-808.0;635.0;513.0;651.0;746.0
-125.0;616.0;-808.0;635.0;513.0;?;746.0
-126.0;616.0;-808.0;635.0;513.0;650.0;745.0
-127.0;616.0;-808.0;635.0;512.0;650.0;?
-127.0;616.0;?;635.0;512.0;650.0;745.0
-126.0;615.0;-809.0;635.0;512.0;650.0;746.0
-126.0;615.0;-809.0;635.0;512.0;650.0;746.0
-126.0;615.0;-808.0;635.0;512.0;650.0;746.0
-126.0;615.0;-808.0;634.0;512.0;650.0;746.0
-127.0;615.0;-808.0;633.0;513.0;651.0;746.0
-128.0;615.0;-807.0;633.0;513.0;651.0;746.0
-129.0;?;-807.0;632.0;513.0;651.0;746.0
-130.0;614.0;-807.0;632.0;512.0;652.0;746.0
-132.0;614.0;-806.0;?;513.0;652.0;747.0
-133.0;614.0;-805.0;632.0;515.0;652.0;747.0
-135.0;613.0;-804.0;632.0;?;653.0;747.0
-137.0;614.0;-805.0;632.0;515.0;653.0;747.0
-139.0;614.0;-804.0;631.0;515.0;654.0;746.0
-140.0;615.0;-805.0;631.0;515.0;655.0;746.0
-141.0;616.0;-805.0;631.0;516.0;655.0;?
-142.0;617.0;-804.0;631.0;?;655.0;744.0
-142.0;618.0;-804.0;631.0;515.0;655.0;742.0
-141.0;619.0;-804.0;630.0;515.0;655.0;741.0
-140.0;620.0;-804.0;630.0;516.0;653.0;740.0
-138.0;622.0;-805.0;632.0;515.0;651.0;738.0
-138.0;624.0;-806.0;634.0;514.0;647.0;737.0
-138.0;625.0;-808.0;636.0;509.0;643.0;734.0
-140.0;624.0;-810.0;635.0;503.0;638.0;733.0
-142.0;620.0;-811.0;631.0;496.0;631.0;731.0
-145.0;616.0;-811.0;625.0;489.0;625.0;728.0
-148.0;615.0;-811.0;622.0;486.0;619.0;723.0
-152.0;616.0;-809.0;622.0;484.0;615.0;719.0
-158.0;619.0;-806.0;626.0;484.0;612.0;?
-164.0;?;-803.0;631.0;485.0;607.0;715.0
-168.0;621.0;-800.0;636.0;487.0;602.0;714.0
-173.0;621.0;-798.0;639.0;488.0;596.0;713.0
-178.0;620.0;-795.0;638.0;490.0;591.0;712.0
-182.0;620.0;-792.0;636.0;491.0;589.0;?
-183.0;622.0;-790.0;634.0;494.0;590.0;709.0
-182.0;625.0;-789.0;634.0;498.0;595.0;710.0
-177.0;628.0;-789.0;636.0;503.0;600.0;713.0
-172.0;629.0;-790.0;638.0;506.0;?;718.0
-167.0;630.0;-791.0;639.0;507.0;612.0;724.0
-159.0;631.0;-793.0;637.0;509.0;622.0;728.0
-149.0;632.0;-796.0;633.0;511.0;633.0;731.0
-138.0;632.0;-799.0;626.0;513.0;645.0;733.0
-127.0;632.0;-803.0;618.0;515.0;?;735.0
-119.0;632.0;-805.0;612.0;516.0;666.0;737.0
-112.0;632.0;-807.0;608.0;517.0;?;739.0
-105.0;631.0;-808.0;607.0;519.0;682.0;743.0
-99.0;629.0;-809.0;608.0;522.0;685.0;746.0
-94.0;628.0;-809.0;610.0;524.0;?;748.0
-91.0;629.0;-809.0;613.0;527.0;688.0;750.0
-90.0;629.0;-808.0;616.0;530.0;687.0;751.0
-90.0;630.0;-807.0;619.0;532.0;686.0;751.0
-92.0;629.0;-807.0;621.0;533.0;683.0;751.0
-92.0;629.0;-807.0;623.0;533.0;679.0;751.0
-92.0;630.0;?;624.0;533.0;675.0;749.0
-93.0;632.0;-807.0;625.0;532.0;672.0;748.0
-95.0;633.0;-807.0;625.0;532.0;670.0;746.0
-97.0;636.0;-806.0;626.0;530.0;668.0;743.0
?;639.0;-807.0;628.0;528.0;666.0;740.0
-102.0;640.0;-809.0;631.0;524.0;663.0;738.0
-104.0;641.0;-811.0;633.0;520.0;659.0;737.0
-106.0;640.0;-812.0;635.0;516.0;655.0;736.0
-107.0;640.0;-813.0;636.0;512.0;650.0;?
-108.0;639.0;-813.0;637.0;511.0;644.0;733.0
-110.0;638.0;-813.0;636.0;511.0;641.0;730.0
-114.0;638.0;-812.0;635.0;511.0;640.0;728.0
-117.0;638.0;-811.0;634.0;512.0;640.0;726.0
-122.0;638.0;-809.0;635.0;514.0;641.0;726.0
-128.0;637.0;-807.0;635.0;515.0;641.0;727.0
-134.0;635.0;-805.0;635.0;515.0;641.0;728.0
-139.0;633.0;-804.0;635.0;514.0;641.0;729.0
-141.0;632.0;-804.0;634.0;513.0;641.0;729.0
-144.0;630.0;-804.0;634.0;512.0;640.0;?
?;629.0;-804.0;632.0;510.0;640.0;729.0
-145.0;628.0;-805.0;630.0;?;640.0;728.0
-145.0;628.0;-805.0;629.0;508.0;641.0;727.0
-145.0;628.0;-805.0;630.0;507.0;641.0;726.0
-144.0;629.0;-805.0;630.0;508.0;640.0;725.0
-141.0;630.0;-805.0;632.0;510.0;639.0;?
-138.0;631.0;-805.0;634.0;513.0;?;724.0
-135.0;634.0;-805.0;636.0;516.0;635.0;721.0
-132.0;634.0;-805.0;?;518.0;633.0;717.0
-130.0;633.0;-806.0;634.0;519.0;629.0;715.0
-128.0;629.0;-807.0;635.0;519.0;624.0;717.0
?;625.0;-808.0;638.0;517.0;619.0;720.0
?;623.0;-808.0;640.0;516.0;615.0;721.0
-130.0;622.0;-808.0;641.0;515.0;615.0;722.0
-131.0;622.0;-806.0;641.0;516.0;616.0;722.0
-134.0;622.0;-804.0;640.0;518.0;619.0;723.0
-137.0;623.0;-803.0;638.0;518.0;622.0;724.0
-139.0;621.0;-802.0;636.0;518.0;626.0;726.0
-140.0;620.0;-801.0;633.0;519.0;630.0;728.0
-140.0;618.0;-801.0;?;519.0;634.0;730.0
-140.0;617.0;-800.0;?;520.0;638.0;731.0
?;617.0;?;624.0;522.0;641.0;732.0
-139.0;617.0;-798.0;623.0;524.0;644.0;733.0
-137.0;617.0;-798.0;624.0;526.0;645.0;734.0
-135.0;618.0;-798.0;625.0;527.0;646.0;735.0
-132.0;619.0;-798.0;626.0;?;646.0;734.0
-129.0;620.0;-800.0;628.0;528.0;646.0;734.0
?;621.0;-801.0;630.0;528.0;644.0;734.0
-123.0;622.0;-802.0;632.0;529.0;643.0;734.0
-120.0;623.0;-802.0;?;530.0;?;733.0
-118.0;623.0;-802.0;635.0;530.0;640.0;733.0
-118.0;624.0;-803.0;637.0;531.0;640.0;733.0
-118.0;625.0;-803.0;638.0;532.0;640.0;733.0
-117.0;626.0;-802.0;638.0;533.0;640.0;733.0
-116.0;?;-803.0;637.0;534.0;640.0;733.0
-114.0;627.0;-803.0;637.0;534.0;641.0;734.0
-112.0;628.0;-804.0;637.0;533.0;642.0;734.0
-110.0;628.0;-805.0;636.0;533.0;643.0;734.0
-106.0;628.0;-806.0;636.0;533.0;644.0;734.0
-104.0;629.0;-807.0;635.0;533.0;646.0;734.0
-102.0;631.0;-808.0;635.0;533.0;647.0;734.0
-102.0;632.0;-808.0;634.0;531.0;648.0;733.0
?;634.0;-809.0;634.0;530.0;649.0;733.0
-104.0;?;-809.0;634.0;528.0;648.0;731.0
-106.0;637.0;-810.0;635.0;526.0;647.0;730.0
-106.0;638.0;-811.0;636.0;524.0;645.0;729.0
-106.0;638.0;-812.0;636.0;521.0;643.0;728.0
-110.0;639.0;-815.0;637.0;515.0;639.0;726.0
-115.0;638.0;-814.0;636.0;509.0;636.0;725.0
?;637.0;-813.0;635.0;505.0;633.0;723.0
-117.0;636.0;-813.0;633.0;504.0;630.0;721.0
-120.0;636.0;-812.0;632.0;503.0;?;719.0
-126.0;635.0;-811.0;633.0;502.0;623.0;718.0
-131.0;636.0;-809.0;635.0;501.0;619.0;717.0
-136.0;635.0;-808.0;637.0;501.0;616.0;716.0
-140.0;634.0;-806.0;638.0;501.0;612.0;715.0
-145.0;634.0;-805.0;?;499.0;610.0;714.0
-149.0;634.0;-804.0;636.0;498.0;609.0;712.0
-151.0;633.0;-803.0;636.0;498.0;608.0;711.0
-152.0;632.0;-803.0;636.0;498.0;608.0;711.0
-152.0;632.0;-803.0;636.0;498.0;608.0;712.0
-153.0;631.0;-803.0;636.0;498.0;608.0;712.0
-152.0;630.0;-803.0;636.0;499.0;610.0;713.0
-150.0;630.0;-804.0;635.0;500.0;611.0;714.0
-149.0;629.0;-804.0;634.0;502.0;613.0;715.0
-149.0;?;-804.0;633.0;504.0;615.0;716.0
-150.0;627.0;-803.0;632.0;506.0;617.0;?
-153.0;626.0;-802.0;630.0;507.0;618.0;717.0
-156.0;625.0;-801.0;?;507.0;619.0;718.0
-157.0;624.0;-800.0;629.0;508.0;?;718.0
-159.0;?;-800.0;629.0;508.0;619.0;718.0
-158.0;624.0;?;630.0;508.0;619.0;718.0
-157.0;?;-801.0;631.0;508.0;619.0;718.0
-154.0;626.0;-802.0;631.0;508.0;?;718.0
-152.0;626.0;-803.0;632.0;?;618.0;717.0
-151.0;626.0;-803.0;632.0;?;618.0;?
-152.0;626.0;-802.0;632.0;508.0;617.0;717.0
-154.0;626.0;-802.0;632.0;507.0;616.0;716.0
-155.0;?;-803.0;?;?;615.0;716.0
-156.0;627.0;-802.0;633.0;505.0;613.0;715.0
-157.0;627.0;-802.0;633.0;504.0;611.0;714.0
-158.0;627.0;-802.0;633.0;504.0;609.0;713.0
-158.0;627.0;-802.0;634.0;503.0;606.0;712.0
-158.0;627.0;-803.0;634.0;502.0;603.0;712.0
-158.0;625.0;-803.0;633.0;503.0;598.0;712.0
-157.0;624.0;?;634.0;502.0;591.0;714.0
-158.0;623.0;-802.0;635.0;502.0;582.0;715.0
-158.0;622.0;-802.0;?;502.0;574.0;715.0
-158.0;622.0;-802.0;642.0;502.0;567.0;714.0
-157.0;622.0;-801.0;?;502.0;561.0;714.0
-155.0;623.0;-802.0;646.0;502.0;557.0;712.0
-153.0;624.0;-802.0;647.0;503.0;554.0;711.0
-151.0;624.0;-803.0;646.0;503.0;554.0;711.0
-149.0;?;-803.0;645.0;504.0;555.0;711.0
?;624.0;-803.0;644.0;504.0;559.0;711.0
-148.0;624.0;-803.0;642.0;504.0;565.0;711.0
?;625.0;-802.0;639.0;504.0;573.0;711.0
-152.0;625.0;-802.0;635.0;504.0;581.0;712.0
-153.0;625.0;-801.0;631.0;504.0;?;713.0
-154.0;624.0;-801.0;626.0;503.0;598.0;714.0
-154.0;624.0;-801.0;622.0;503.0;606.0;716.0
-154.0;624.0;-801.0;619.0;503.0;614.0;718.0
-153.0;?;-801.0;617.0;503.0;621.0;719.0
-152.0;625.0;-801.0;615.0;503.0;627.0;720.0
?;625.0;-801.0;613.0;503.0;631.0;721.0
-148.0;626.0;?;612.0;503.0;634.0;?
-146.0;626.0;?;613.0;502.0;633.0;723.0
-144.0;625.0;-804.0;616.0;501.0;630.0;725.0
?;626.0;-804.0;622.0;501.0;623.0;726.0
-139.0;627.0;-805.0;629.0;501.0;615.0;725.0
-137.0;630.0;-806.0;636.0;501.0;607.0;723.0
-135.0;632.0;-807.0;642.0;502.0;599.0;721.0
-132.0;634.0;-807.0;647.0;503.0;591.0;?
-130.0;635.0;-807.0;651.0;504.0;584.0;717.0
-128.0;635.0;-808.0;655.0;506.0;578.0;717.0
-126.0;635.0;-808.0;658.0;507.0;575.0;716.0
-126.0;636.0;-808.0;659.0;508.0;574.0;716.0
-125.0;636.0;-809.0;658.0;510.0;577.0;716.0
-125.0;636.0;-809.0;656.0;511.0;582.0;716.0
-124.0;635.0;-809.0;?;512.0;590.0;717.0
-125.0;635.0;-808.0;649.0;513.0;598.0;719.0
-127.0;634.0;-808.0;643.0;?;608.0;720.0
-129.0;633.0;-807.0;636.0;?;619.0;722.0
-131.0;631.0;-806.0;628.0;514.0;628.0;725.0
?;629.0;-806.0;622.0;514.0;635.0;728.0
-136.0;627.0;-805.0;619.0;514.0;641.0;732.0
-137.0;625.0;-805.0;618.0;513.0;646.0;735.0
-137.0;625.0;-805.0;617.0;513.0;649.0;737.0
-135.0;624.0;-805.0;617.0;513.0;650.0;738.0
-134.0;624.0;-804.0;618.0;515.0;649.0;738.0
-132.0;624.0;-804.0;620.0;516.0;647.0;738.0
?;624.0;-804.0;623.0;517.0;643.0;737.0
-130.0;625.0;-805.0;626.0;518.0;639.0;736.0
-129.0;625.0;-804.0;629.0;519.0;634.0;735.0
-127.0;626.0;-804.0;633.0;519.0;629.0;733.0
-126.0;626.0;-805.0;636.0;520.0;624.0;732.0
-126.0;626.0;?;639.0;519.0;620.0;731.0
-127.0;626.0;-805.0;641.0;519.0;616.0;730.0
-128.0;626.0;-805.0;642.0;519.0;614.0;729.0
-128.0;626.0;?;642.0;519.0;612.0;?
-129.0;?;-805.0;642.0;519.0;612.0;727.0
-130.0;626.0;-805.0;?;518.0;613.0;727.0
-131.0;626.0;-806.0;639.0;517.0;615.0;727.0
-132.0;626.0;-806.0;637.0;516.0;617.0;727.0
-133.0;?;-806.0;635.0;516.0;620.0;727.0
-135.0;625.0;-805.0;633.0;515.0;623.0;728.0
?;624.0;-805.0;630.0;?;625.0;728.0
-138.0;624.0;-805.0;628.0;513.0;628.0;729.0
-138.0;623.0;-805.0;627.0;?;630.0;730.0
?;623.0;-805.0;626.0;513.0;632.0;730.0
-138.0;624.0;-805.0;625.0;513.0;633.0;?
-138.0;624.0;-805.0;625.0;513.0;633.0;729.0
-138.0;624.0;-805.0;626.0;512.0;632.0;729.0
-137.0;624.0;-806.0;628.0;?;631.0;729.0
-135.0;625.0;-806.0;631.0;512.0;?;728.0
-134.0;626.0;-806.0;633.0;?;629.0;728.0
-135.0;626.0;-806.0;635.0;512.0;628.0;729.0
-136.0;626.0;-806.0;636.0;512.0;627.0;728.0
-136.0;627.0;-806.0;637.0;512.0;626.0;728.0
-135.0;627.0;-806.0;637.0;512.0;626.0;728.0
-135.0;627.0;-806.0;636.0;513.0;626.0;727.0
-136.0;627.0;-806.0;?;513.0;?;727.0
-136.0;627.0;-805.0;635.0;513.0;?;728.0
-137.0;?;-805.0;635.0;512.0;628.0;728.0
-136.0;626.0;-804.0;634.0;513.0;629.0;728.0
-131.0;?;-804.0;634.0;515.0;631.0;729.0
-126.0;627.0;?;634.0;518.0;633.0;729.0
-121.0;628.0;-803.0;635.0;519.0;635.0;731.0
-114.0;629.0;-802.0;635.0;522.0;637.0;732.0
-105.0;629.0;-801.0;635.0;526.0;640.0;734.0
-94.0;629.0;-801.0;635.0;531.0;644.0;737.0
-85.0;629.0;-800.0;634.0;534.0;648.0;740.0
-74.0;628.0;-799.0;631.0;538.0;653.0;743.0
-65.0;626.0;-798.0;629.0;542.0;658.0;747.0
-55.0;623.0;-797.0;626.0;546.0;663.0;751.0
-47.0;620.0;-796.0;623.0;548.0;669.0;?
-42.0;616.0;-794.0;619.0;551.0;674.0;760.0
-39.0;612.0;-793.0;615.0;?;679.0;764.0
?;608.0;-791.0;612.0;559.0;684.0;768.0
-34.0;?;-789.0;609.0;564.0;689.0;772.0
-38.0;600.0;-787.0;606.0;568.0;693.0;775.0
-46.0;597.0;-784.0;602.0;570.0;696.0;778.0
-56.0;596.0;-782.0;600.0;571.0;698.0;778.0
-65.0;596.0;-781.0;597.0;572.0;700.0;777.0
-71.0;597.0;-781.0;598.0;571.0;699.0;777.0
-75.0;598.0;-782.0;600.0;569.0;698.0;776.0
-83.0;599.0;-783.0;602.0;565.0;695.0;775.0
-92.0;599.0;-784.0;603.0;559.0;690.0;772.0
-99.0;601.0;-785.0;605.0;554.0;684.0;769.0
-104.0;603.0;-787.0;607.0;549.0;?;?
-109.0;606.0;-788.0;612.0;544.0;668.0;759.0
-112.0;609.0;-790.0;616.0;540.0;658.0;754.0
-113.0;613.0;-792.0;622.0;536.0;648.0;748.0
-111.0;616.0;-795.0;627.0;534.0;638.0;743.0
-107.0;620.0;-797.0;633.0;532.0;628.0;738.0
-102.0;625.0;-798.0;637.0;532.0;621.0;732.0
-93.0;630.0;-800.0;640.0;534.0;617.0;728.0
-77.0;632.0;-802.0;642.0;537.0;616.0;727.0
-60.0;637.0;-804.0;645.0;540.0;618.0;728.0
-47.0;645.0;-807.0;651.0;540.0;624.0;728.0
-39.0;652.0;-810.0;654.0;539.0;636.0;?
-36.0;655.0;-811.0;653.0;539.0;652.0;730.0
-33.0;658.0;-811.0;647.0;542.0;670.0;732.0
-27.0;658.0;-811.0;639.0;546.0;689.0;735.0
-23.0;658.0;-810.0;630.0;552.0;708.0;737.0
-19.0;658.0;-808.0;618.0;559.0;728.0;740.0
-13.0;658.0;-806.0;606.0;565.0;745.0;744.0
-5.0;658.0;-805.0;596.0;569.0;761.0;747.0
?;657.0;-805.0;591.0;571.0;774.0;751.0
17.0;656.0;-806.0;588.0;571.0;785.0;753.0
30.0;655.0;-808.0;587.0;569.0;794.0;753.0
44.0;654.0;-811.0;586.0;566.0;798.0;751.0
58.0;654.0;-814.0;586.0;560.0;799.0;749.0
72.0;655.0;-817.0;588.0;554.0;798.0;747.0
84.0;658.0;-819.0;592.0;547.0;794.0;744.0
93.0;661.0;-822.0;598.0;541.0;789.0;741.0
101.0;666.0;-823.0;604.0;535.0;782.0;738.0
?;671.0;-824.0;612.0;531.0;773.0;734.0
110.0;676.0;-825.0;620.0;529.0;763.0;731.0
109.0;680.0;-825.0;628.0;?;753.0;728.0
104.0;684.0;?;635.0;529.0;742.0;726.0
98.0;686.0;-823.0;641.0;532.0;732.0;725.0
91.0;687.0;?;645.0;536.0;722.0;725.0
84.0;688.0;?;648.0;541.0;713.0;724.0
76.0;689.0;-820.0;650.0;544.0;706.0;724.0
67.0;689.0;-820.0;651.0;547.0;701.0;724.0
58.0;689.0;-820.0;651.0;548.0;698.0;?
49.0;686.0;-820.0;648.0;547.0;698.0;726.0
41.0;684.0;-821.0;644.0;546.0;700.0;729.0
?;681.0;-821.0;638.0;545.0;704.0;731.0
27.0;678.0;-822.0;632.0;543.0;710.0;733.0
19.0;674.0;-823.0;?;542.0;716.0;736.0
12.0;670.0;-823.0;620.0;540.0;721.0;738.0
6.0;667.0;-823.0;616.0;539.0;726.0;740.0
1.0;?;-822.0;615.0;?;?;742.0
-4.0;663.0;-821.0;614.0;?;730.0;744.0
-8.0;661.0;-819.0;615.0;543.0;731.0;746.0
-11.0;660.0;-817.0;?;545.0;730.0;746.0
-13.0;658.0;-814.0;618.0;?;729.0;747.0
-15.0;658.0;-812.0;620.0;551.0;727.0;747.0
-14.0;657.0;-810.0;622.0;554.0;725.0;746.0
-14.0;?;-808.0;624.0;557.0;722.0;746.0
?;?;-807.0;625.0;559.0;719.0;745.0
-10.0;656.0;-806.0;627.0;560.0;716.0;745.0
-7.0;?;-806.0;628.0;560.0;713.0;746.0
-4.0;654.0;-806.0;628.0;559.0;711.0;746.0
-2.0;653.0;-807.0;628.0;558.0;709.0;747.0
1.0;652.0;-807.0;627.0;558.0;709.0;748.0
4.0;652.0;-808.0;625.0;557.0;711.0;748.0
8.0;651.0;-809.0;624.0;556.0;712.0;749.0
10.0;650.0;-809.0;623.0;555.0;714.0;750.0
12.0;650.0;-810.0;622.0;553.0;716.0;751.0
14.0;650.0;-810.0;621.0;552.0;718.0;751.0
16.0;650.0;-811.0;621.0;551.0;720.0;751.0
16.0;651.0;-811.0;621.0;550.0;721.0;749.0
14.0;652.0;-811.0;622.0;549.0;721.0;748.0
10.0;652.0;-811.0;622.0;549.0;721.0;747.0
7.0;652.0;-811.0;622.0;550.0;721.0;746.0
3.0;653.0;-810.0;623.0;551.0;720.0;746.0
-1.0;657.0;-810.0;619.0;552.0;723.0;742.0
-3.0;664.0;-811.0;610.0;552.0;732.0;736.0
-6.0;668.0;-811.0;605.0;553.0;741.0;734.0
-9.0;666.0;-810.0;602.0;553.0;747.0;738.0
-11.0;664.0;-810.0;598.0;554.0;752.0;741.0
-13.0;661.0;-810.0;594.0;553.0;756.0;744.0
-14.0;656.0;-809.0;?;553.0;758.0;749.0
?;651.0;-810.0;590.0;552.0;758.0;753.0
-15.0;648.0;-810.0;590.0;551.0;758.0;755.0
-16.0;646.0;-810.0;592.0;549.0;756.0;757.0
-17.0;?;-811.0;595.0;547.0;754.0;757.0
-17.0;646.0;-811.0;599.0;546.0;750.0;756.0
-18.0;646.0;-811.0;605.0;545.0;746.0;754.0
-19.0;647.0;-811.0;610.0;545.0;741.0;753.0
-21.0;648.0;-811.0;615.0;544.0;735.0;751.0
-24.0;648.0;-811.0;619.0;543.0;730.0;750.0
-29.0;?;-810.0;622.0;543.0;726.0;747.0
-36.0;648.0;-809.0;622.0;543.0;721.0;?
-44.0;646.0;-808.0;620.0;544.0;717.0;745.0
-51.0;645.0;-806.0;619.0;545.0;?;744.0
-58.0;645.0;-804.0;619.0;547.0;711.0;743.0
-65.0;644.0;-802.0;621.0;549.0;708.0;744.0
-71.0;?;-801.0;622.0;550.0;706.0;745.0
-74.0;639.0;?;?;550.0;702.0;748.0
-75.0;635.0;-802.0;624.0;549.0;699.0;751.0
-74.0;631.0;-803.0;625.0;547.0;695.0;753.0
-73.0;629.0;-803.0;625.0;545.0;692.0;754.0
-73.0;630.0;-804.0;625.0;544.0;690.0;753.0
-70.0;631.0;-804.0;624.0;542.0;690.0;751.0
-65.0;631.0;-806.0;623.0;541.0;691.0;?
-61.0;631.0;-807.0;623.0;540.0;692.0;750.0
-57.0;632.0;-807.0;622.0;541.0;694.0;750.0
-53.0;633.0;-807.0;622.0;542.0;695.0;750.0
-50.0;635.0;-807.0;623.0;?;694.0;749.0
-46.0;638.0;-807.0;621.0;544.0;694.0;746.0
-43.0;642.0;-808.0;618.0;?;700.0;743.0
-40.0;645.0;-810.0;620.0;542.0;706.0;743.0
-36.0;?;-811.0;624.0;540.0;709.0;745.0
-32.0;646.0;-813.0;624.0;538.0;712.0;?
-29.0;647.0;-815.0;623.0;537.0;715.0;747.0
-27.0;647.0;-816.0;624.0;536.0;715.0;748.0
-26.0;648.0;-816.0;624.0;535.0;716.0;747.0
-26.0;650.0;-816.0;624.0;535.0;716.0;746.0
-27.0;653.0;-816.0;624.0;535.0;717.0;743.0
-26.0;655.0;-816.0;626.0;536.0;?;742.0
-26.0;657.0;-816.0;630.0;536.0;714.0;741.0
-25.0;659.0;-816.0;632.0;537.0;713.0;739.0
-25.0;661.0;-815.0;634.0;538.0;712.0;737.0
?;663.0;-815.0;636.0;538.0;711.0;736.0
-22.0;?;-815.0;636.0;539.0;710.0;735.0
-20.0;665.0;-815.0;636.0;539.0;710.0;735.0
-18.0;667.0;-815.0;636.0;539.0;710.0;734.0
-16.0;668.0;-815.0;636.0;539.0;711.0;734.0
-15.0;669.0;-816.0;636.0;538.0;?;734.0
?;669.0;?;636.0;?;711.0;734.0
-8.0;668.0;-816.0;637.0;539.0;712.0;735.0
?;667.0;-816.0;636.0;541.0;712.0;736.0
0.0;667.0;-816.0;635.0;541.0;713.0;737.0
3.0;666.0;-815.0;634.0;542.0;715.0;737.0
6.0;666.0;-815.0;633.0;?;717.0;?
9.0;665.0;-814.0;632.0;544.0;718.0;739.0
13.0;?;-813.0;632.0;547.0;?;740.0
15.0;664.0;-812.0;632.0;549.0;720.0;740.0
16.0;664.0;-810.0;631.0;?;721.0;740.0
17.0;664.0;-809.0;631.0;552.0;723.0;740.0
16.0;663.0;-808.0;630.0;554.0;724.0;741.0
16.0;661.0;?;629.0;556.0;725.0;743.0
15.0;660.0;-808.0;629.0;556.0;726.0;743.0
14.0;659.0;-808.0;629.0;557.0;726.0;745.0
13.0;658.0;-808.0;?;557.0;726.0;?
?;657.0;-808.0;628.0;557.0;727.0;746.0
10.0;657.0;-808.0;627.0;557.0;727.0;746.0
8.0;657.0;-808.0;?;557.0;727.0;747.0
5.0;656.0;?;626.0;556.0;727.0;?
4.0;656.0;-808.0;626.0;556.0;727.0;746.0
2.0;656.0;-808.0;627.0;556.0;725.0;746.0
1.0;657.0;-808.0;628.0;556.0;723.0;746.0
-1.0;657.0;-808.0;629.0;555.0;721.0;745.0
-2.0;657.0;?;630.0;555.0;719.0;745.0
?;657.0;-808.0;631.0;554.0;718.0;744.0
-4.0;657.0;-808.0;631.0;554.0;?;744.0
-4.0;657.0;?;630.0;554.0;715.0;744.0
-5.0;656.0;-808.0;630.0;553.0;713.0;744.0
-7.0;652.0;-808.0;631.0;553.0;709.0;747.0
-8.0;643.0;-807.0;638.0;553.0;697.0;754.0
-9.0;637.0;-807.0;647.0;553.0;677.0;759.0
-7.0;633.0;-807.0;658.0;553.0;651.0;762.0
-5.0;629.0;?;667.0;?;616.0;764.0
-3.0;626.0;-807.0;674.0;556.0;569.0;765.0
-1.0;624.0;-807.0;679.0;556.0;510.0;763.0
?;622.0;-807.0;685.0;556.0;437.0;759.0
8.0;621.0;-807.0;687.0;556.0;356.0;750.0
14.0;626.0;-807.0;688.0;555.0;265.0;733.0
19.0;632.0;-807.0;696.0;555.0;163.0;710.0
25.0;638.0;-807.0;694.0;556.0;66.0;684.0
28.0;640.0;-807.0;682.0;556.0;-18.0;660.0
?;640.0;-808.0;670.0;555.0;-88.0;637.0
27.0;642.0;-809.0;664.0;552.0;-147.0;617.0
22.0;641.0;-811.0;659.0;?;-191.0;602.0
18.0;641.0;-811.0;649.0;545.0;-221.0;592.0
10.0;640.0;-812.0;645.0;542.0;-245.0;589.0
2.0;641.0;-811.0;646.0;542.0;?;587.0
-7.0;643.0;-811.0;649.0;543.0;-279.0;586.0
?;646.0;-810.0;653.0;545.0;-293.0;587.0
?;650.0;-809.0;657.0;548.0;-305.0;588.0
-30.0;651.0;-808.0;659.0;550.0;-312.0;590.0
-37.0;651.0;-808.0;664.0;552.0;-317.0;593.0
-44.0;652.0;-807.0;670.0;552.0;-322.0;594.0
-48.0;653.0;-807.0;671.0;552.0;-322.0;595.0
-48.0;653.0;-807.0;671.0;552.0;-325.0;596.0
-47.0;654.0;-807.0;674.0;551.0;-332.0;596.0
-44.0;656.0;-808.0;675.0;550.0;-337.0;596.0
-40.0;659.0;-809.0;673.0;548.0;-341.0;595.0
-35.0;661.0;-810.0;669.0;547.0;-345.0;595.0
-30.0;660.0;-811.0;666.0;545.0;-347.0;595.0
-24.0;658.0;-812.0;665.0;543.0;-351.0;595.0
-19.0;657.0;-812.0;663.0;541.0;-355.0;593.0
-15.0;656.0;-813.0;658.0;540.0;-355.0;592.0
-10.0;654.0;-813.0;661.0;540.0;-356.0;592.0
-6.0;652.0;-813.0;663.0;539.0;-358.0;593.0
-3.0;654.0;-813.0;662.0;539.0;-359.0;592.0
-1.0;656.0;-813.0;661.0;539.0;-356.0;594.0
0.0;655.0;-813.0;662.0;540.0;-356.0;596.0
-1.0;655.0;-812.0;?;541.0;-355.0;598.0
-1.0;654.0;-812.0;661.0;542.0;-355.0;600.0
-2.0;653.0;-812.0;662.0;?;-354.0;602.0
-4.0;?;-812.0;661.0;544.0;-352.0;603.0
?;654.0;-812.0;659.0;545.0;-353.0;603.0
-8.0;655.0;-812.0;654.0;546.0;-355.0;603.0
-9.0;655.0;-812.0;651.0;546.0;-357.0;603.0
-9.0;653.0;-811.0;652.0;547.0;?;604.0
-10.0;650.0;-811.0;653.0;548.0;-358.0;605.0
-10.0;646.0;-811.0;656.0;547.0;-358.0;606.0
-9.0;644.0;-811.0;?;547.0;-360.0;607.0
-8.0;646.0;-811.0;659.0;547.0;-360.0;605.0
-7.0;648.0;-811.0;658.0;546.0;-358.0;606.0
-7.0;650.0;-812.0;659.0;?;?;606.0
-7.0;653.0;-812.0;658.0;544.0;?;606.0
-8.0;654.0;-812.0;?;544.0;-363.0;606.0
-8.0;654.0;?;648.0;544.0;-365.0;606.0
-9.0;653.0;-812.0;640.0;544.0;-367.0;607.0
-11.0;652.0;-812.0;633.0;544.0;-368.0;608.0
-12.0;651.0;-812.0;626.0;544.0;-371.0;608.0
?;650.0;?;618.0;545.0;-373.0;608.0
-14.0;649.0;-811.0;610.0;546.0;-375.0;609.0
-14.0;648.0;-810.0;605.0;547.0;-376.0;610.0
-14.0;648.0;-810.0;601.0;547.0;-378.0;610.0
-15.0;648.0;-810.0;595.0;547.0;-381.0;610.0
-15.0;649.0;-810.0;586.0;547.0;-384.0;609.0
-15.0;650.0;-809.0;580.0;?;-386.0;609.0
-15.0;651.0;-809.0;574.0;547.0;-388.0;608.0
-15.0;652.0;-809.0;569.0;547.0;-387.0;609.0
-16.0;652.0;-810.0;565.0;546.0;-383.0;611.0
-18.0;651.0;-810.0;567.0;546.0;-375.0;616.0
-19.0;650.0;-809.0;570.0;546.0;-363.0;622.0
-20.0;648.0;-809.0;572.0;547.0;-342.0;633.0
-21.0;646.0;-809.0;571.0;548.0;-306.0;648.0
-24.0;643.0;-810.0;575.0;?;-252.0;?
-29.0;638.0;-812.0;588.0;546.0;-176.0;693.0
-35.0;629.0;-813.0;613.0;541.0;-83.0;720.0
-42.0;619.0;-815.0;634.0;534.0;28.0;744.0
-47.0;609.0;-815.0;?;525.0;149.0;762.0
-49.0;595.0;-815.0;666.0;518.0;266.0;781.0
-47.0;?;-815.0;652.0;513.0;387.0;790.0
-44.0;597.0;-814.0;633.0;511.0;500.0;787.0
-42.0;601.0;-813.0;609.0;510.0;597.0;786.0
-42.0;607.0;-812.0;565.0;509.0;674.0;783.0
-44.0;611.0;-811.0;517.0;507.0;715.0;782.0
-48.0;615.0;-809.0;478.0;507.0;722.0;780.0
-54.0;621.0;-807.0;464.0;509.0;706.0;775.0
-64.0;622.0;-805.0;468.0;512.0;687.0;775.0
-75.0;630.0;-800.0;492.0;518.0;685.0;772.0
-84.0;639.0;-796.0;526.0;523.0;695.0;767.0
-89.0;644.0;-794.0;558.0;530.0;702.0;764.0
-93.0;646.0;-793.0;576.0;537.0;697.0;763.0
-95.0;644.0;-792.0;575.0;542.0;684.0;764.0
-69.0;669.0;-805.0;606.0;518.0;662.0;726.0
-60.0;666.0;-808.0;607.0;517.0;665.0;728.0
-54.0;663.0;-810.0;607.0;516.0;663.0;729.0
-52.0;660.0;-812.0;606.0;514.0;654.0;728.0
-54.0;657.0;-813.0;604.0;512.0;639.0;726.0
-58.0;655.0;-814.0;604.0;509.0;621.0;722.0
-64.0;654.0;-815.0;608.0;507.0;603.0;717.0
-68.0;655.0;-815.0;615.0;508.0;588.0;712.0
-71.0;657.0;-815.0;627.0;511.0;572.0;?
-72.0;659.0;-814.0;639.0;514.0;557.0;704.0
-75.0;662.0;-813.0;651.0;?;542.0;700.0
-79.0;665.0;-812.0;660.0;?;529.0;696.0
-82.0;670.0;-811.0;664.0;523.0;521.0;693.0
-81.0;674.0;-812.0;665.0;524.0;517.0;689.0
?;679.0;-813.0;660.0;524.0;521.0;684.0
-78.0;685.0;-814.0;654.0;?;537.0;678.0
-77.0;692.0;-817.0;651.0;517.0;559.0;673.0
-77.0;694.0;-818.0;649.0;513.0;580.0;672.0
-77.0;693.0;-820.0;642.0;510.0;600.0;?
-78.0;690.0;-821.0;631.0;507.0;615.0;677.0
-80.0;685.0;-821.0;622.0;504.0;627.0;683.0
-85.0;680.0;-820.0;616.0;502.0;635.0;689.0
-91.0;675.0;-819.0;614.0;500.0;641.0;695.0
-99.0;670.0;-817.0;613.0;499.0;642.0;699.0
-111.0;666.0;-813.0;611.0;499.0;640.0;701.0
-128.0;663.0;-808.0;610.0;498.0;636.0;702.0
-143.0;660.0;-804.0;610.0;500.0;629.0;702.0
-154.0;658.0;-799.0;612.0;505.0;622.0;702.0
-160.0;656.0;-796.0;617.0;510.0;614.0;701.0
-167.0;?;-794.0;622.0;512.0;607.0;698.0
-177.0;655.0;-793.0;627.0;511.0;599.0;697.0
-185.0;653.0;-791.0;630.0;507.0;591.0;697.0
-187.0;649.0;-791.0;633.0;505.0;583.0;698.0
-180.0;643.0;-793.0;636.0;504.0;575.0;701.0
-169.0;635.0;-796.0;636.0;505.0;567.0;703.0
?;629.0;?;634.0;505.0;561.0;704.0
-150.0;?;-801.0;631.0;505.0;557.0;704.0
-150.0;622.0;-805.0;628.0;499.0;558.0;704.0
-162.0;621.0;-810.0;624.0;486.0;563.0;703.0
-182.0;?;-809.0;619.0;475.0;569.0;702.0
?;627.0;-806.0;613.0;464.0;578.0;702.0
-227.0;632.0;-803.0;?;452.0;589.0;702.0
-245.0;?;-800.0;603.0;443.0;600.0;703.0
-255.0;642.0;-797.0;601.0;440.0;610.0;703.0
-258.0;647.0;-796.0;?;?;617.0;702.0
-254.0;651.0;-796.0;602.0;443.0;621.0;700.0
-247.0;656.0;?;603.0;446.0;624.0;696.0
-238.0;659.0;-798.0;605.0;448.0;622.0;691.0
-230.0;663.0;-799.0;610.0;450.0;617.0;687.0
-228.0;?;-802.0;617.0;447.0;610.0;?
-238.0;673.0;-803.0;626.0;437.0;600.0;677.0
-243.0;671.0;-800.0;634.0;428.0;587.0;676.0
-241.0;668.0;-801.0;641.0;425.0;571.0;676.0
-235.0;666.0;-805.0;645.0;427.0;555.0;677.0
-228.0;665.0;-808.0;647.0;433.0;543.0;677.0
-215.0;665.0;-811.0;649.0;440.0;536.0;676.0
-203.0;665.0;-816.0;651.0;446.0;534.0;675.0
-196.0;666.0;-818.0;650.0;448.0;536.0;672.0
-191.0;667.0;-818.0;647.0;449.0;542.0;671.0
-191.0;669.0;-819.0;646.0;447.0;?;671.0
-190.0;671.0;-820.0;645.0;447.0;559.0;672.0
-186.0;672.0;-822.0;642.0;448.0;567.0;672.0
-182.0;673.0;-825.0;?;449.0;574.0;673.0
-178.0;673.0;-828.0;636.0;449.0;581.0;674.0
-174.0;675.0;-829.0;634.0;448.0;588.0;676.0
-168.0;676.0;-829.0;634.0;449.0;593.0;677.0
-160.0;675.0;-830.0;632.0;451.0;596.0;679.0
-155.0;674.0;-830.0;631.0;453.0;597.0;679.0
?;673.0;-829.0;629.0;455.0;596.0;679.0
-154.0;672.0;-825.0;628.0;458.0;594.0;?
-154.0;670.0;-822.0;626.0;462.0;591.0;678.0
-154.0;668.0;-819.0;625.0;467.0;587.0;678.0
-151.0;667.0;-815.0;624.0;474.0;584.0;678.0
-149.0;667.0;-811.0;624.0;481.0;580.0;677.0
-147.0;?;-808.0;624.0;487.0;577.0;676.0
-145.0;666.0;-805.0;623.0;491.0;574.0;675.0
-146.0;664.0;-802.0;621.0;494.0;571.0;675.0
-145.0;662.0;-799.0;?;496.0;566.0;674.0
-145.0;?;-798.0;618.0;498.0;561.0;674.0
-145.0;656.0;-797.0;615.0;499.0;557.0;673.0
-146.0;651.0;?;611.0;499.0;553.0;673.0
-147.0;648.0;-796.0;608.0;500.0;550.0;672.0
-147.0;647.0;-796.0;606.0;501.0;547.0;674.0
?;646.0;-797.0;607.0;502.0;548.0;676.0
?;645.0;-798.0;608.0;502.0;549.0;677.0
-141.0;642.0;-799.0;607.0;502.0;551.0;679.0
-142.0;639.0;-800.0;603.0;499.0;552.0;679.0
-144.0;637.0;-800.0;600.0;?;553.0;678.0
-147.0;636.0;-800.0;597.0;491.0;554.0;678.0
-148.0;636.0;-800.0;596.0;490.0;554.0;677.0
-147.0;?;-800.0;?;?;553.0;?
-147.0;634.0;-800.0;597.0;492.0;551.0;677.0
-146.0;633.0;-799.0;597.0;494.0;547.0;677.0
-146.0;632.0;-798.0;598.0;496.0;544.0;676.0
-146.0;630.0;-798.0;598.0;498.0;541.0;675.0
-145.0;629.0;-797.0;597.0;500.0;538.0;675.0
-145.0;628.0;-796.0;598.0;502.0;537.0;?
-145.0;629.0;-796.0;599.0;503.0;537.0;675.0
-144.0;630.0;-797.0;600.0;504.0;538.0;676.0
-141.0;630.0;-798.0;601.0;505.0;540.0;676.0
?;631.0;-799.0;601.0;505.0;542.0;?
-136.0;631.0;-800.0;602.0;503.0;542.0;677.0
-134.0;631.0;-802.0;601.0;502.0;544.0;677.0
-130.0;631.0;-803.0;602.0;501.0;546.0;677.0
-126.0;632.0;-805.0;603.0;501.0;548.0;678.0
-123.0;633.0;-805.0;604.0;502.0;549.0;679.0
-121.0;634.0;-805.0;604.0;503.0;550.0;679.0
-118.0;634.0;-805.0;?;505.0;551.0;680.0
-115.0;635.0;-805.0;603.0;506.0;552.0;681.0
-113.0;635.0;-805.0;604.0;508.0;553.0;?
-111.0;635.0;-805.0;605.0;509.0;555.0;683.0
-109.0;636.0;-805.0;606.0;510.0;556.0;684.0
-108.0;636.0;-805.0;606.0;511.0;557.0;684.0
-106.0;637.0;-805.0;607.0;512.0;559.0;685.0
-105.0;637.0;-805.0;608.0;512.0;559.0;685.0
?;637.0;-805.0;608.0;513.0;560.0;686.0
-105.0;637.0;-805.0;609.0;513.0;560.0;686.0
-106.0;636.0;-805.0;608.0;513.0;560.0;686.0
-106.0;636.0;-805.0;608.0;513.0;559.0;685.0
-106.0;636.0;-805.0;608.0;513.0;559.0;685.0
-107.0;636.0;-805.0;?;514.0;559.0;685.0
-108.0;636.0;-805.0;608.0;514.0;?;685.0
-109.0;636.0;-805.0;608.0;514.0;558.0;685.0
-109.0;636.0;-805.0;609.0;514.0;558.0;685.0
-108.0;636.0;-804.0;609.0;515.0;558.0;?
-107.0;636.0;-804.0;609.0;515.0;558.0;685.0
-107.0;636.0;?;609.0;515.0;559.0;685.0
-107.0;636.0;-805.0;609.0;515.0;559.0;686.0
-106.0;636.0;-805.0;609.0;515.0;559.0;686.0
-105.0;637.0;-805.0;609.0;515.0;?;686.0
-105.0;637.0;-805.0;609.0;515.0;561.0;686.0
-104.0;636.0;-805.0;609.0;515.0;561.0;686.0
-104.0;636.0;-805.0;609.0;?;561.0;687.0
-102.0;636.0;-805.0;609.0;517.0;562.0;687.0
?;636.0;-805.0;610.0;517.0;562.0;688.0
-101.0;636.0;-805.0;610.0;517.0;563.0;688.0
-101.0;637.0;-805.0;610.0;517.0;563.0;688.0
-102.0;637.0;-805.0;609.0;517.0;?;688.0
-102.0;637.0;-804.0;610.0;518.0;563.0;688.0
-101.0;637.0;-804.0;610.0;518.0;?;688.0
-101.0;638.0;-804.0;610.0;518.0;563.0;687.0
-101.0;638.0;-805.0;610.0;517.0;562.0;687.0
-102.0;638.0;-805.0;610.0;517.0;562.0;687.0
-102.0;638.0;-805.0;610.0;516.0;561.0;687.0
-101.0;638.0;-805.0;611.0;516.0;561.0;687.0
-101.0;638.0;-805.0;611.0;516.0;562.0;686.0
-101.0;638.0;?;611.0;516.0;562.0;686.0
-101.0;638.0;-805.0;611.0;?;562.0;686.0
-100.0;638.0;-805.0;611.0;516.0;561.0;687.0
-100.0;637.0;-805.0;611.0;516.0;560.0;687.0
-101.0;637.0;-805.0;611.0;517.0;560.0;687.0
-100.0;?;-804.0;611.0;517.0;560.0;687.0
-101.0;637.0;-804.0;611.0;518.0;561.0;687.0
-101.0;636.0;-804.0;611.0;518.0;561.0;687.0
-101.0;?;-804.0;610.0;518.0;561.0;688.0
-101.0;635.0;-803.0;610.0;518.0;561.0;688.0
-102.0;634.0;-803.0;609.0;?;561.0;688.0
-103.0;634.0;-803.0;609.0;518.0;561.0;688.0
-104.0;633.0;-803.0;608.0;519.0;561.0;688.0
-105.0;633.0;-802.0;607.0;519.0;561.0;689.0
-105.0;633.0;-802.0;607.0;520.0;561.0;689.0
-105.0;632.0;-801.0;607.0;521.0;561.0;689.0
-105.0;632.0;-801.0;?;521.0;562.0;690.0
-105.0;632.0;-801.0;607.0;521.0;561.0;690.0
-105.0;632.0;-801.0;608.0;520.0;561.0;690.0
-105.0;631.0;-802.0;608.0;520.0;560.0;689.0
-106.0;631.0;-802.0;608.0;519.0;559.0;689.0
-106.0;631.0;-802.0;607.0;519.0;558.0;689.0
-106.0;631.0;?;607.0;519.0;557.0;689.0
-106.0;631.0;-803.0;607.0;519.0;557.0;688.0
-107.0;?;-803.0;607.0;518.0;?;?
-108.0;631.0;-803.0;606.0;517.0;556.0;687.0
-109.0;631.0;?;605.0;517.0;556.0;687.0
-108.0;630.0;-803.0;605.0;517.0;555.0;687.0
-108.0;630.0;-803.0;605.0;?;555.0;687.0
-108.0;629.0;-803.0;604.0;518.0;554.0;686.0
-108.0;629.0;-802.0;603.0;518.0;554.0;686.0
-109.0;629.0;-802.0;603.0;518.0;554.0;686.0
-110.0;628.0;-802.0;603.0;518.0;554.0;686.0
?;629.0;-801.0;603.0;518.0;553.0;686.0
-111.0;629.0;-801.0;603.0;?;553.0;686.0
-112.0;629.0;-801.0;603.0;519.0;553.0;686.0
-112.0;628.0;-801.0;602.0;519.0;553.0;687.0
-112.0;628.0;-801.0;602.0;519.0;553.0;?
-112.0;628.0;?;?;518.0;553.0;687.0
-111.0;628.0;-801.0;602.0;518.0;553.0;687.0
-111.0;627.0;-801.0;602.0;518.0;552.0;687.0
-111.0;627.0;-801.0;602.0;518.0;552.0;687.0
-111.0;627.0;-801.0;602.0;518.0;552.0;687.0
-110.0;627.0;-801.0;?;518.0;553.0;687.0
-109.0;628.0;-801.0;603.0;518.0;553.0;687.0
-109.0;628.0;-801.0;603.0;518.0;553.0;687.0
-109.0;628.0;-801.0;603.0;519.0;553.0;687.0
-108.0;628.0;-801.0;603.0;519.0;554.0;687.0
-108.0;628.0;-801.0;603.0;519.0;554.0;687.0
-108.0;628.0;-801.0;603.0;520.0;554.0;687.0
?;628.0;?;603.0;519.0;554.0;687.0
-108.0;628.0;-801.0;603.0;519.0;555.0;687.0
-108.0;628.0;-801.0;603.0;519.0;555.0;688.0
-108.0;?;-801.0;603.0;519.0;555.0;687.0
-108.0;628.0;?;603.0;520.0;556.0;687.0
-109.0;?;-801.0;603.0;519.0;555.0;687.0
-110.0;628.0;-800.0;602.0;519.0;555.0;?
-110.0;627.0;-800.0;601.0;520.0;555.0;687.0
-110.0;627.0;-800.0;601.0;521.0;555.0;687.0
-110.0;626.0;?;601.0;521.0;555.0;688.0
-111.0;626.0;-799.0;601.0;521.0;556.0;688.0
-112.0;?;-798.0;600.0;522.0;557.0;688.0
-112.0;625.0;-798.0;600.0;522.0;557.0;689.0
-111.0;625.0;-798.0;600.0;522.0;558.0;689.0
-111.0;625.0;-798.0;601.0;523.0;558.0;689.0
-111.0;625.0;-798.0;601.0;523.0;557.0;689.0
-111.0;624.0;-798.0;601.0;523.0;557.0;689.0
-111.0;?;-798.0;?;522.0;557.0;689.0
-111.0;625.0;-798.0;601.0;522.0;556.0;689.0
-111.0;624.0;-799.0;601.0;521.0;557.0;689.0
-111.0;625.0;-799.0;601.0;521.0;?;689.0
-111.0;625.0;-799.0;602.0;521.0;557.0;689.0
-111.0;?;-800.0;603.0;520.0;558.0;689.0
-111.0;626.0;-800.0;603.0;519.0;557.0;689.0
-111.0;626.0;-800.0;603.0;519.0;557.0;689.0
-111.0;625.0;-800.0;603.0;519.0;556.0;689.0
-111.0;625.0;-800.0;603.0;520.0;557.0;690.0
-111.0;625.0;?;604.0;520.0;557.0;690.0
-111.0;626.0;-800.0;604.0;521.0;558.0;690.0
-110.0;626.0;-799.0;603.0;522.0;560.0;690.0
-110.0;626.0;-799.0;603.0;522.0;559.0;690.0
-110.0;625.0;-799.0;601.0;523.0;560.0;?
-108.0;625.0;-799.0;602.0;523.0;560.0;691.0
-107.0;625.0;-799.0;602.0;523.0;560.0;691.0
-107.0;625.0;-799.0;602.0;523.0;560.0;691.0
-107.0;626.0;-799.0;602.0;523.0;560.0;691.0
-107.0;626.0;-799.0;602.0;523.0;560.0;?
-106.0;626.0;-799.0;602.0;524.0;561.0;691.0
-106.0;626.0;-799.0;602.0;524.0;561.0;?
-106.0;626.0;-799.0;603.0;524.0;561.0;692.0
-106.0;625.0;-799.0;602.0;524.0;?;692.0
-106.0;625.0;-799.0;602.0;524.0;561.0;692.0
-106.0;626.0;?;603.0;524.0;561.0;692.0
-105.0;626.0;-799.0;603.0;524.0;561.0;692.0
-106.0;626.0;-799.0;603.0;525.0;561.0;?
-106.0;626.0;-799.0;603.0;525.0;560.0;691.0
-106.0;626.0;-799.0;603.0;525.0;560.0;691.0
-106.0;626.0;-799.0;603.0;525.0;561.0;691.0
-106.0;627.0;-799.0;603.0;525.0;561.0;691.0
-105.0;627.0;-799.0;603.0;526.0;561.0;691.0
-105.0;627.0;-798.0;603.0;526.0;561.0;691.0
?;627.0;?;603.0;526.0;561.0;692.0
-104.0;627.0;-799.0;603.0;525.0;560.0;692.0
-104.0;627.0;-799.0;603.0;525.0;560.0;692.0
-104.0;627.0;-799.0;603.0;525.0;560.0;692.0
-105.0;627.0;-799.0;603.0;525.0;560.0;691.0
-105.0;627.0;-799.0;603.0;525.0;560.0;691.0
-105.0;628.0;-799.0;603.0;526.0;561.0;691.0
-105.0;628.0;-799.0;602.0;525.0;561.0;691.0
?;628.0;-798.0;602.0;524.0;561.0;691.0
-108.0;628.0;?;602.0;?;560.0;691.0
?;628.0;-798.0;602.0;523.0;560.0;691.0
-110.0;628.0;-798.0;602.0;524.0;559.0;690.0
-111.0;628.0;-798.0;601.0;524.0;559.0;690.0
-112.0;628.0;-798.0;601.0;?;557.0;690.0
-113.0;627.0;-797.0;600.0;522.0;556.0;689.0
-115.0;?;-797.0;599.0;521.0;555.0;689.0
-116.0;626.0;-797.0;598.0;?;554.0;689.0
-117.0;625.0;-798.0;598.0;520.0;553.0;689.0
-117.0;625.0;?;598.0;519.0;?;688.0
-119.0;624.0;-798.0;598.0;518.0;550.0;688.0
-120.0;623.0;-798.0;597.0;517.0;548.0;687.0
-122.0;622.0;?;597.0;518.0;547.0;686.0
-124.0;621.0;-797.0;597.0;518.0;546.0;685.0
-126.0;621.0;-796.0;?;518.0;545.0;685.0
-130.0;620.0;-796.0;595.0;518.0;544.0;685.0
-133.0;620.0;-795.0;594.0;518.0;545.0;686.0
-133.0;619.0;?;594.0;519.0;546.0;687.0
-134.0;619.0;-794.0;594.0;520.0;547.0;688.0
-134.0;618.0;-794.0;594.0;521.0;548.0;688.0
-133.0;617.0;-793.0;593.0;521.0;549.0;688.0
-133.0;617.0;-793.0;593.0;520.0;548.0;688.0
-133.0;616.0;-794.0;593.0;520.0;548.0;688.0
-133.0;616.0;-793.0;593.0;?;547.0;688.0
-133.0;616.0;-793.0;594.0;519.0;546.0;687.0
-134.0;?;-793.0;?;519.0;545.0;687.0
-134.0;615.0;-793.0;593.0;519.0;545.0;686.0
-134.0;616.0;-793.0;593.0;520.0;545.0;687.0
-134.0;615.0;-794.0;593.0;519.0;546.0;688.0
-133.0;616.0;?;593.0;520.0;547.0;687.0
-133.0;616.0;?;593.0;519.0;548.0;687.0
-132.0;617.0;?;593.0;518.0;549.0;687.0
-132.0;618.0;-794.0;592.0;517.0;549.0;687.0
-131.0;618.0;-794.0;592.0;517.0;548.0;687.0
-129.0;619.0;-794.0;592.0;517.0;548.0;687.0
-127.0;620.0;-794.0;593.0;518.0;549.0;686.0
-125.0;621.0;-794.0;594.0;519.0;550.0;686.0
-122.0;622.0;-794.0;595.0;519.0;551.0;687.0
-119.0;624.0;-795.0;596.0;518.0;552.0;687.0
-117.0;624.0;-795.0;597.0;518.0;552.0;687.0
-117.0;625.0;-796.0;598.0;517.0;552.0;687.0
-117.0;625.0;-797.0;598.0;515.0;?;686.0
-117.0;625.0;-797.0;598.0;514.0;548.0;?
-118.0;?;-798.0;598.0;513.0;544.0;683.0
-122.0;624.0;-798.0;598.0;511.0;541.0;681.0
-127.0;623.0;-798.0;597.0;510.0;539.0;680.0
-132.0;622.0;-797.0;596.0;510.0;536.0;679.0
-137.0;621.0;?;596.0;511.0;535.0;678.0
-142.0;620.0;-795.0;595.0;512.0;535.0;678.0
?;619.0;-794.0;594.0;512.0;535.0;678.0
-150.0;619.0;-792.0;594.0;513.0;?;678.0
-153.0;619.0;-791.0;593.0;514.0;537.0;678.0
-154.0;619.0;-791.0;594.0;515.0;537.0;679.0
-152.0;618.0;-791.0;594.0;516.0;537.0;679.0
-153.0;618.0;-791.0;594.0;514.0;537.0;679.0
-153.0;617.0;-792.0;593.0;512.0;537.0;680.0
-151.0;?;-792.0;593.0;512.0;537.0;680.0
-149.0;617.0;-793.0;592.0;512.0;538.0;680.0
-147.0;616.0;-793.0;592.0;512.0;538.0;681.0
-144.0;617.0;-793.0;592.0;?;540.0;681.0
-141.0;618.0;-793.0;592.0;514.0;541.0;682.0
-138.0;618.0;-793.0;592.0;516.0;542.0;682.0
-134.0;619.0;-794.0;593.0;516.0;542.0;682.0
-132.0;620.0;-794.0;?;516.0;542.0;?
-130.0;621.0;-793.0;595.0;516.0;541.0;681.0
-126.0;622.0;?;596.0;515.0;540.0;681.0
-123.0;623.0;-796.0;598.0;514.0;539.0;681.0
-121.0;625.0;-798.0;599.0;512.0;?;680.0
-117.0;627.0;-799.0;?;512.0;?;680.0
-112.0;628.0;-801.0;600.0;513.0;541.0;680.0
-109.0;630.0;-801.0;600.0;514.0;544.0;681.0
-107.0;632.0;-801.0;601.0;516.0;548.0;?
-104.0;634.0;-800.0;602.0;518.0;551.0;683.0
-101.0;636.0;-801.0;603.0;519.0;553.0;?
-97.0;638.0;-801.0;604.0;520.0;557.0;685.0
-91.0;640.0;-802.0;?;521.0;559.0;686.0
-84.0;642.0;-804.0;607.0;521.0;561.0;687.0
-79.0;643.0;-805.0;608.0;522.0;561.0;687.0
-73.0;645.0;-805.0;609.0;522.0;561.0;687.0
-67.0;647.0;-806.0;610.0;522.0;562.0;687.0
-64.0;649.0;-806.0;611.0;522.0;562.0;686.0
-60.0;651.0;-806.0;612.0;522.0;563.0;?
-56.0;652.0;-806.0;613.0;523.0;563.0;685.0
-52.0;653.0;-806.0;614.0;525.0;563.0;?
-49.0;654.0;-806.0;613.0;525.0;563.0;685.0
-48.0;656.0;-806.0;613.0;525.0;564.0;685.0
-47.0;?;-806.0;613.0;525.0;565.0;685.0
-47.0;657.0;-806.0;613.0;525.0;565.0;685.0
-47.0;657.0;-806.0;612.0;526.0;564.0;?
-47.0;657.0;-805.0;?;527.0;564.0;684.0
-48.0;657.0;-805.0;611.0;528.0;565.0;685.0
-49.0;656.0;-805.0;610.0;529.0;565.0;685.0
-50.0;654.0;-804.0;610.0;530.0;564.0;686.0
-50.0;653.0;-804.0;609.0;530.0;563.0;686.0
?;652.0;-803.0;608.0;530.0;563.0;686.0
-54.0;651.0;-803.0;607.0;531.0;563.0;686.0
-55.0;?;-802.0;607.0;532.0;563.0;?
-57.0;649.0;-801.0;607.0;534.0;563.0;687.0
-59.0;648.0;-800.0;606.0;535.0;564.0;687.0
-60.0;648.0;-800.0;606.0;536.0;565.0;?
-61.0;647.0;-799.0;605.0;538.0;?;689.0
-62.0;646.0;-799.0;604.0;538.0;?;689.0
-62.0;645.0;-799.0;603.0;538.0;566.0;690.0
-63.0;645.0;-799.0;603.0;538.0;566.0;691.0
-63.0;645.0;-799.0;604.0;538.0;567.0;691.0
-64.0;645.0;-799.0;605.0;537.0;566.0;691.0
-66.0;646.0;-799.0;606.0;536.0;565.0;690.0
-67.0;645.0;-800.0;606.0;535.0;564.0;689.0
?;645.0;-800.0;606.0;?;562.0;688.0
-69.0;645.0;-800.0;605.0;535.0;561.0;688.0
-70.0;645.0;-799.0;605.0;535.0;560.0;687.0
-70.0;645.0;-799.0;605.0;536.0;559.0;687.0
-71.0;644.0;-799.0;605.0;536.0;559.0;?
-71.0;644.0;-799.0;606.0;537.0;?;687.0
-71.0;644.0;-799.0;607.0;537.0;561.0;688.0
-72.0;644.0;-800.0;608.0;536.0;561.0;688.0
-75.0;643.0;-801.0;609.0;534.0;561.0;689.0
?;642.0;-802.0;?;530.0;559.0;688.0
-83.0;641.0;-803.0;610.0;526.0;557.0;687.0
-88.0;642.0;-805.0;611.0;523.0;?;684.0
-93.0;645.0;-806.0;612.0;?;552.0;681.0
-97.0;648.0;-807.0;614.0;517.0;?;677.0
-98.0;649.0;-808.0;618.0;515.0;547.0;676.0
-99.0;649.0;-809.0;622.0;512.0;544.0;676.0
-100.0;648.0;-809.0;622.0;510.0;540.0;675.0
-105.0;645.0;-808.0;621.0;509.0;538.0;675.0
-110.0;643.0;-806.0;618.0;508.0;538.0;675.0
-116.0;641.0;-803.0;615.0;508.0;540.0;676.0
-124.0;639.0;-801.0;611.0;507.0;543.0;677.0
-131.0;636.0;-798.0;606.0;506.0;544.0;677.0
-138.0;634.0;-795.0;601.0;505.0;545.0;678.0
-144.0;631.0;-792.0;597.0;505.0;544.0;?
-149.0;628.0;-790.0;594.0;504.0;542.0;678.0
-155.0;626.0;-788.0;591.0;502.0;538.0;677.0
-162.0;623.0;-786.0;589.0;500.0;533.0;676.0
-169.0;621.0;-783.0;586.0;497.0;526.0;673.0
-176.0;619.0;-781.0;583.0;495.0;519.0;669.0
-181.0;617.0;-779.0;581.0;493.0;511.0;667.0
-185.0;615.0;?;579.0;491.0;504.0;?
-185.0;615.0;-778.0;578.0;490.0;?;661.0
-184.0;617.0;-778.0;578.0;490.0;493.0;658.0
-181.0;620.0;-781.0;580.0;490.0;491.0;656.0
-179.0;623.0;-783.0;582.0;490.0;490.0;654.0
-180.0;623.0;-785.0;580.0;490.0;488.0;651.0
-183.0;619.0;-787.0;576.0;488.0;484.0;648.0
-185.0;613.0;-788.0;?;484.0;479.0;647.0
-184.0;609.0;-790.0;567.0;481.0;478.0;646.0
-182.0;608.0;-792.0;566.0;482.0;?;647.0
-182.0;611.0;-793.0;569.0;?;485.0;648.0
-186.0;615.0;-792.0;570.0;483.0;492.0;650.0
-191.0;619.0;-790.0;572.0;485.0;499.0;653.0
-193.0;621.0;-788.0;575.0;488.0;505.0;655.0
-189.0;622.0;-787.0;577.0;494.0;508.0;658.0
-178.0;622.0;-788.0;579.0;501.0;510.0;662.0
-164.0;622.0;-790.0;582.0;509.0;513.0;666.0
-149.0;624.0;-791.0;587.0;516.0;517.0;670.0
-133.0;?;-793.0;591.0;522.0;523.0;673.0
-116.0;629.0;-795.0;595.0;527.0;530.0;676.0
-99.0;631.0;-798.0;597.0;531.0;536.0;678.0
-86.0;633.0;?;598.0;533.0;541.0;680.0
-77.0;634.0;?;598.0;534.0;546.0;682.0
-81.0;635.0;-807.0;598.0;532.0;550.0;683.0
-91.0;635.0;-805.0;598.0;529.0;553.0;685.0
-101.0;635.0;-802.0;?;?;554.0;686.0
-107.0;633.0;-799.0;595.0;523.0;?;687.0
-109.0;632.0;-798.0;593.0;525.0;553.0;?
-107.0;632.0;-796.0;592.0;529.0;?;690.0
-104.0;633.0;-794.0;593.0;534.0;557.0;691.0
-102.0;634.0;-792.0;593.0;538.0;559.0;692.0
-100.0;634.0;-790.0;593.0;?;?;693.0
-98.0;634.0;-789.0;592.0;542.0;561.0;693.0
-96.0;633.0;-788.0;592.0;542.0;561.0;694.0
-95.0;633.0;-788.0;592.0;542.0;560.0;694.0
-94.0;632.0;?;591.0;540.0;559.0;693.0
-95.0;632.0;-789.0;590.0;540.0;558.0;692.0
-98.0;632.0;-789.0;589.0;538.0;556.0;692.0
-103.0;631.0;-789.0;588.0;537.0;554.0;691.0
-107.0;?;-788.0;588.0;536.0;552.0;690.0
-111.0;629.0;-788.0;587.0;535.0;550.0;689.0
-114.0;629.0;-787.0;?;533.0;548.0;688.0
-118.0;628.0;-787.0;585.0;533.0;547.0;687.0
-121.0;627.0;-786.0;585.0;532.0;546.0;687.0
-124.0;627.0;-786.0;585.0;531.0;544.0;686.0
-127.0;627.0;-785.0;585.0;531.0;544.0;686.0
-129.0;626.0;-785.0;584.0;?;543.0;686.0
-131.0;625.0;-784.0;584.0;530.0;542.0;?
-131.0;625.0;-784.0;584.0;529.0;541.0;685.0
-132.0;624.0;-784.0;584.0;529.0;541.0;685.0
-131.0;624.0;-785.0;585.0;529.0;541.0;685.0
-130.0;624.0;-786.0;585.0;528.0;540.0;685.0
-130.0;623.0;-786.0;585.0;528.0;540.0;685.0
-130.0;622.0;-786.0;585.0;527.0;540.0;685.0
-129.0;620.0;-787.0;584.0;526.0;541.0;686.0
-129.0;617.0;-787.0;583.0;525.0;541.0;688.0
-128.0;612.0;-787.0;581.0;?;541.0;691.0
?;?;-786.0;578.0;?;543.0;696.0
?;595.0;?;?;522.0;545.0;701.0
-131.0;584.0;-783.0;572.0;523.0;547.0;708.0
-134.0;573.0;-780.0;568.0;527.0;551.0;715.0
-138.0;562.0;?;564.0;534.0;555.0;721.0
-144.0;552.0;-770.0;560.0;544.0;560.0;727.0
-153.0;544.0;-763.0;557.0;556.0;566.0;733.0
-163.0;536.0;-756.0;555.0;568.0;573.0;739.0
-173.0;529.0;-748.0;553.0;579.0;579.0;746.0
-180.0;522.0;-741.0;553.0;590.0;585.0;752.0
-186.0;515.0;-735.0;554.0;600.0;590.0;758.0
-189.0;?;-730.0;554.0;608.0;594.0;763.0
-192.0;503.0;-726.0;?;614.0;598.0;767.0
-196.0;498.0;-722.0;553.0;618.0;600.0;770.0
-197.0;492.0;-719.0;551.0;621.0;601.0;773.0
-199.0;487.0;-717.0;548.0;623.0;600.0;775.0
-198.0;482.0;-715.0;545.0;626.0;599.0;776.0
-197.0;478.0;-713.0;542.0;628.0;599.0;778.0
-195.0;474.0;-712.0;539.0;630.0;599.0;780.0
-194.0;471.0;?;536.0;632.0;600.0;782.0
-194.0;467.0;-711.0;535.0;632.0;601.0;783.0
-193.0;464.0;-710.0;?;632.0;600.0;784.0
-193.0;460.0;-710.0;532.0;632.0;599.0;784.0
-195.0;457.0;-709.0;530.0;631.0;597.0;784.0
-197.0;454.0;-708.0;528.0;631.0;?;784.0
-199.0;452.0;-707.0;526.0;631.0;593.0;784.0
-202.0;451.0;-706.0;524.0;631.0;591.0;783.0
-205.0;449.0;-705.0;522.0;631.0;589.0;783.0
-208.0;448.0;-704.0;521.0;632.0;588.0;782.0
-209.0;448.0;-703.0;521.0;633.0;587.0;782.0
-211.0;448.0;?;521.0;633.0;586.0;?
-213.0;448.0;-703.0;521.0;633.0;586.0;783.0
-215.0;448.0;?;521.0;633.0;586.0;783.0
-215.0;448.0;-702.0;521.0;632.0;586.0;782.0
-216.0;449.0;-703.0;521.0;630.0;586.0;782.0
-217.0;449.0;-703.0;521.0;629.0;586.0;782.0
-217.0;449.0;-704.0;?;628.0;586.0;781.0
-217.0;448.0;-703.0;519.0;627.0;?;781.0
?;447.0;-703.0;517.0;627.0;586.0;781.0
-219.0;?;-701.0;515.0;626.0;?;781.0
-222.0;444.0;-699.0;512.0;626.0;585.0;780.0
-226.0;441.0;-696.0;508.0;625.0;584.0;780.0
-230.0;438.0;-692.0;504.0;626.0;583.0;780.0
-235.0;435.0;-688.0;499.0;626.0;581.0;781.0
-238.0;432.0;-684.0;494.0;627.0;580.0;781.0
-241.0;428.0;-680.0;489.0;629.0;579.0;781.0
-245.0;425.0;-675.0;482.0;630.0;?;781.0
-249.0;421.0;-670.0;476.0;631.0;578.0;782.0
-252.0;419.0;?;470.0;631.0;580.0;783.0
-254.0;416.0;-662.0;467.0;632.0;582.0;785.0
-254.0;413.0;-660.0;466.0;631.0;581.0;786.0
-254.0;409.0;-658.0;463.0;629.0;576.0;785.0
-256.0;405.0;-657.0;459.0;626.0;568.0;783.0
-260.0;400.0;-654.0;454.0;621.0;558.0;778.0
-266.0;393.0;-653.0;447.0;617.0;546.0;773.0
-272.0;385.0;-651.0;439.0;613.0;533.0;767.0
-280.0;376.0;-649.0;430.0;610.0;522.0;762.0
-291.0;368.0;-645.0;?;607.0;513.0;758.0
-303.0;360.0;-642.0;415.0;604.0;506.0;755.0
-316.0;353.0;-637.0;410.0;601.0;500.0;752.0
-328.0;346.0;-633.0;405.0;599.0;494.0;749.0
-338.0;340.0;-628.0;401.0;598.0;487.0;746.0
-347.0;333.0;-624.0;397.0;598.0;481.0;743.0
-353.0;327.0;-621.0;393.0;597.0;473.0;741.0
?;321.0;-618.0;390.0;598.0;467.0;?
-363.0;315.0;-616.0;388.0;599.0;460.0;737.0
-366.0;310.0;?;384.0;599.0;455.0;734.0
-370.0;307.0;-612.0;379.0;599.0;451.0;731.0
-370.0;304.0;-611.0;377.0;600.0;451.0;732.0
-367.0;302.0;-612.0;378.0;?;455.0;735.0
-363.0;301.0;-614.0;381.0;606.0;?;739.0
-360.0;301.0;-615.0;385.0;608.0;465.0;742.0
-358.0;302.0;-616.0;388.0;610.0;469.0;744.0
-354.0;303.0;-618.0;389.0;611.0;471.0;745.0
-351.0;303.0;-619.0;390.0;613.0;472.0;747.0
-347.0;304.0;-621.0;392.0;615.0;474.0;748.0
-344.0;305.0;-622.0;395.0;617.0;477.0;750.0
-339.0;307.0;-624.0;398.0;620.0;?;752.0
-335.0;310.0;-625.0;402.0;623.0;484.0;754.0
-330.0;313.0;-628.0;406.0;625.0;487.0;757.0
-325.0;316.0;?;411.0;626.0;492.0;759.0
-319.0;320.0;-634.0;416.0;629.0;496.0;?
-313.0;324.0;-637.0;421.0;631.0;500.0;764.0
?;328.0;-640.0;425.0;634.0;504.0;766.0
-299.0;331.0;-642.0;428.0;637.0;507.0;?
-293.0;333.0;-644.0;431.0;640.0;511.0;769.0
-287.0;336.0;-645.0;?;643.0;516.0;772.0
-282.0;338.0;-646.0;434.0;646.0;522.0;774.0
-277.0;339.0;-646.0;436.0;648.0;529.0;778.0
-272.0;341.0;-646.0;437.0;651.0;538.0;781.0
-265.0;345.0;-647.0;440.0;654.0;548.0;786.0
-259.0;348.0;-648.0;446.0;?;556.0;790.0
-253.0;350.0;-650.0;450.0;655.0;559.0;792.0
-249.0;352.0;-651.0;452.0;654.0;558.0;792.0
-246.0;352.0;-651.0;453.0;?;557.0;791.0
-245.0;353.0;-651.0;451.0;652.0;553.0;790.0
-244.0;352.0;-650.0;448.0;651.0;549.0;789.0
-245.0;351.0;-648.0;445.0;652.0;547.0;?
-248.0;350.0;-645.0;?;652.0;549.0;790.0
-251.0;?;-642.0;447.0;653.0;554.0;793.0
-254.0;352.0;?;450.0;654.0;558.0;795.0
-257.0;353.0;?;453.0;654.0;562.0;797.0
-262.0;354.0;-637.0;456.0;653.0;566.0;798.0
-269.0;355.0;-634.0;458.0;650.0;566.0;797.0
-279.0;354.0;?;455.0;647.0;561.0;793.0
-288.0;349.0;-628.0;447.0;643.0;556.0;789.0
-296.0;345.0;-625.0;439.0;639.0;552.0;787.0
-300.0;341.0;-621.0;433.0;?;550.0;788.0
-303.0;338.0;-618.0;428.0;638.0;548.0;788.0
-306.0;335.0;-614.0;423.0;637.0;545.0;787.0
-310.0;331.0;-609.0;418.0;636.0;539.0;784.0
?;327.0;-606.0;416.0;635.0;534.0;782.0
-311.0;324.0;-604.0;413.0;635.0;528.0;779.0
-312.0;321.0;-602.0;407.0;634.0;523.0;776.0
-313.0;318.0;-600.0;402.0;633.0;519.0;774.0
-316.0;315.0;-598.0;397.0;630.0;516.0;772.0
-319.0;312.0;-597.0;393.0;627.0;512.0;771.0
-322.0;310.0;-597.0;390.0;?;507.0;769.0
-325.0;309.0;-597.0;387.0;618.0;503.0;766.0
-327.0;306.0;-598.0;383.0;613.0;496.0;763.0
-330.0;304.0;-599.0;379.0;608.0;488.0;759.0
?;301.0;-599.0;374.0;605.0;480.0;755.0
-332.0;299.0;-600.0;372.0;602.0;473.0;751.0
-332.0;298.0;-601.0;369.0;601.0;467.0;748.0
-333.0;297.0;-601.0;368.0;599.0;462.0;745.0
-335.0;296.0;-602.0;368.0;598.0;458.0;742.0
-339.0;?;-603.0;368.0;596.0;453.0;739.0
-342.0;296.0;-604.0;368.0;595.0;450.0;736.0
-345.0;296.0;-606.0;369.0;592.0;447.0;734.0
-348.0;297.0;-608.0;371.0;590.0;443.0;731.0
-351.0;298.0;-612.0;?;587.0;439.0;727.0
-353.0;301.0;-616.0;378.0;584.0;435.0;724.0
-354.0;306.0;-620.0;382.0;581.0;432.0;?
-355.0;311.0;-625.0;388.0;578.0;430.0;720.0
-353.0;318.0;-630.0;394.0;576.0;429.0;717.0
-350.0;326.0;-636.0;401.0;574.0;429.0;715.0
-346.0;336.0;-643.0;409.0;571.0;429.0;?
-339.0;345.0;-651.0;418.0;568.0;?;712.0
-330.0;356.0;-660.0;428.0;564.0;433.0;711.0
-319.0;367.0;-670.0;439.0;559.0;435.0;710.0
?;378.0;-679.0;448.0;?;437.0;709.0
-300.0;390.0;-687.0;458.0;?;439.0;708.0
-291.0;?;-695.0;?;546.0;442.0;?
-280.0;414.0;-703.0;?;543.0;446.0;705.0
-269.0;427.0;-711.0;488.0;540.0;?;705.0
-259.0;439.0;-717.0;?;537.0;455.0;706.0
-248.0;452.0;-724.0;507.0;534.0;461.0;707.0
-236.0;466.0;-731.0;517.0;530.0;467.0;707.0
-224.0;479.0;-738.0;526.0;526.0;473.0;707.0
-211.0;492.0;-745.0;535.0;521.0;477.0;708.0
?;506.0;-753.0;543.0;516.0;479.0;707.0
-183.0;520.0;-761.0;553.0;511.0;480.0;706.0
-169.0;535.0;-770.0;566.0;505.0;480.0;704.0
-158.0;551.0;-777.0;577.0;500.0;479.0;699.0
-152.0;564.0;-784.0;587.0;?;479.0;690.0
-150.0;573.0;-790.0;593.0;485.0;480.0;681.0
-148.0;582.0;-794.0;600.0;480.0;480.0;674.0
-151.0;590.0;-796.0;605.0;477.0;481.0;669.0
-158.0;599.0;-797.0;611.0;475.0;486.0;667.0
-169.0;?;-796.0;616.0;474.0;498.0;668.0
-184.0;617.0;-792.0;619.0;473.0;507.0;672.0
-196.0;623.0;-788.0;619.0;474.0;514.0;675.0
-204.0;626.0;-784.0;616.0;477.0;518.0;677.0
-206.0;629.0;-783.0;613.0;482.0;524.0;679.0
-204.0;631.0;-783.0;612.0;487.0;530.0;682.0
-202.0;633.0;-784.0;611.0;490.0;537.0;683.0
?;633.0;-786.0;608.0;490.0;542.0;685.0
-190.0;?;-790.0;607.0;490.0;547.0;688.0
-180.0;632.0;-794.0;609.0;490.0;551.0;692.0
-171.0;634.0;-797.0;613.0;490.0;558.0;695.0
-166.0;637.0;-800.0;617.0;487.0;564.0;698.0
-161.0;640.0;-802.0;618.0;485.0;570.0;700.0
-153.0;641.0;-804.0;619.0;485.0;573.0;700.0
-144.0;641.0;-806.0;618.0;486.0;576.0;?
-136.0;641.0;-807.0;618.0;488.0;576.0;701.0
-131.0;641.0;-807.0;617.0;490.0;576.0;701.0
-129.0;642.0;-807.0;617.0;491.0;?;700.0
-129.0;643.0;-806.0;617.0;492.0;573.0;699.0
-127.0;643.0;?;615.0;494.0;572.0;697.0
-122.0;?;-804.0;616.0;499.0;569.0;699.0
-117.0;640.0;-804.0;618.0;504.0;567.0;700.0
-115.0;641.0;-803.0;621.0;508.0;567.0;701.0
-118.0;642.0;-802.0;625.0;510.0;568.0;702.0
-122.0;643.0;-802.0;626.0;510.0;570.0;702.0
-127.0;641.0;-801.0;624.0;508.0;570.0;701.0
-131.0;639.0;-800.0;619.0;507.0;570.0;701.0
-135.0;636.0;-799.0;615.0;508.0;569.0;701.0
-138.0;634.0;-797.0;611.0;511.0;570.0;701.0
-141.0;633.0;-794.0;609.0;517.0;570.0;701.0
-143.0;634.0;-790.0;609.0;525.0;572.0;702.0
-142.0;636.0;-787.0;610.0;534.0;574.0;701.0
-137.0;638.0;-785.0;611.0;542.0;576.0;701.0
-131.0;640.0;-785.0;?;547.0;578.0;702.0
-123.0;641.0;-785.0;620.0;550.0;579.0;704.0
?;642.0;-787.0;623.0;552.0;579.0;706.0
-102.0;643.0;-790.0;625.0;553.0;580.0;707.0
-94.0;?;-794.0;624.0;552.0;?;707.0
-92.0;644.0;-797.0;624.0;548.0;585.0;707.0
-93.0;?;-798.0;623.0;543.0;588.0;708.0
-94.0;645.0;-799.0;621.0;537.0;592.0;709.0
-92.0;646.0;-800.0;620.0;533.0;596.0;710.0
-88.0;646.0;-801.0;619.0;531.0;600.0;712.0
-84.0;647.0;-801.0;618.0;532.0;603.0;713.0
-79.0;647.0;?;617.0;534.0;605.0;715.0
-76.0;647.0;-800.0;616.0;538.0;607.0;715.0
?;646.0;-799.0;615.0;540.0;608.0;?
-71.0;647.0;-799.0;615.0;542.0;608.0;717.0
-71.0;647.0;-799.0;616.0;544.0;609.0;717.0
-71.0;648.0;-799.0;618.0;544.0;609.0;717.0
-70.0;649.0;-800.0;620.0;543.0;608.0;717.0
-71.0;649.0;-801.0;621.0;542.0;608.0;?
-73.0;650.0;-801.0;623.0;?;608.0;717.0
-74.0;651.0;-802.0;623.0;539.0;607.0;?
-77.0;651.0;-802.0;622.0;537.0;606.0;716.0
-80.0;651.0;?;623.0;535.0;605.0;715.0
-85.0;652.0;-804.0;623.0;533.0;602.0;713.0
-90.0;652.0;-805.0;624.0;530.0;600.0;711.0
-95.0;652.0;-806.0;624.0;526.0;598.0;709.0
-100.0;652.0;-807.0;?;522.0;596.0;707.0
-107.0;651.0;-807.0;624.0;516.0;593.0;706.0
-116.0;650.0;-807.0;623.0;512.0;?;703.0
-124.0;648.0;-807.0;620.0;508.0;586.0;701.0
-131.0;647.0;-806.0;619.0;505.0;583.0;699.0
-138.0;645.0;-805.0;618.0;502.0;579.0;697.0
?;643.0;-803.0;617.0;499.0;574.0;696.0
-155.0;642.0;-801.0;616.0;?;570.0;693.0
-163.0;641.0;-799.0;615.0;497.0;566.0;691.0
?;639.0;-797.0;615.0;497.0;562.0;689.0
-177.0;638.0;-794.0;614.0;498.0;558.0;687.0
-183.0;636.0;-791.0;613.0;499.0;555.0;685.0
-189.0;634.0;-789.0;612.0;499.0;551.0;684.0
-195.0;632.0;-787.0;611.0;499.0;548.0;683.0
-198.0;?;-786.0;610.0;498.0;545.0;682.0
-199.0;629.0;-785.0;609.0;497.0;544.0;681.0
-199.0;628.0;-786.0;607.0;496.0;543.0;681.0
-198.0;626.0;-787.0;?;496.0;543.0;?
-197.0;625.0;-788.0;605.0;495.0;543.0;682.0
-195.0;623.0;-789.0;603.0;495.0;543.0;682.0
-195.0;622.0;?;603.0;496.0;543.0;682.0
-195.0;621.0;-789.0;?;496.0;543.0;?
-197.0;620.0;-789.0;602.0;495.0;542.0;682.0
-199.0;620.0;-788.0;603.0;495.0;542.0;682.0
-200.0;620.0;-788.0;603.0;495.0;542.0;682.0
-200.0;620.0;-788.0;604.0;495.0;543.0;682.0
-199.0;621.0;-788.0;605.0;495.0;543.0;682.0
-197.0;621.0;-789.0;605.0;496.0;544.0;683.0
-195.0;621.0;-790.0;606.0;496.0;544.0;683.0
-192.0;622.0;?;606.0;497.0;545.0;683.0
-189.0;622.0;-792.0;607.0;?;546.0;683.0
-187.0;622.0;-793.0;607.0;498.0;547.0;684.0
-186.0;622.0;-794.0;608.0;499.0;547.0;684.0
-185.0;622.0;-794.0;608.0;498.0;548.0;685.0
-184.0;623.0;?;608.0;498.0;550.0;685.0
-183.0;624.0;-793.0;609.0;499.0;551.0;686.0
-182.0;625.0;-793.0;609.0;499.0;553.0;687.0
?;626.0;-794.0;611.0;499.0;556.0;688.0
-176.0;628.0;-795.0;612.0;500.0;558.0;689.0
-171.0;630.0;-797.0;613.0;502.0;560.0;690.0
-167.0;630.0;-798.0;613.0;503.0;562.0;691.0
-165.0;631.0;-798.0;612.0;505.0;564.0;691.0
-164.0;631.0;-798.0;611.0;505.0;565.0;691.0
-164.0;630.0;-797.0;610.0;505.0;564.0;691.0
-165.0;630.0;-797.0;611.0;505.0;?;691.0
-165.0;630.0;-797.0;612.0;505.0;564.0;692.0
-166.0;631.0;-797.0;613.0;505.0;564.0;691.0
-168.0;632.0;-798.0;613.0;504.0;564.0;691.0
-168.0;632.0;-798.0;614.0;503.0;564.0;691.0
-169.0;632.0;-797.0;614.0;503.0;564.0;691.0
-168.0;632.0;-798.0;614.0;503.0;563.0;690.0
-168.0;632.0;-798.0;614.0;503.0;?;690.0
-169.0;632.0;-797.0;614.0;503.0;562.0;690.0
-170.0;632.0;-797.0;?;502.0;561.0;690.0
-170.0;632.0;-797.0;614.0;501.0;560.0;690.0
-170.0;633.0;-797.0;614.0;501.0;560.0;689.0
-171.0;633.0;-797.0;614.0;501.0;560.0;689.0
-172.0;633.0;-797.0;613.0;502.0;559.0;689.0
-173.0;633.0;-797.0;613.0;502.0;559.0;689.0
-174.0;633.0;?;613.0;501.0;558.0;688.0
-176.0;?;-797.0;613.0;500.0;557.0;687.0
-179.0;632.0;-796.0;612.0;499.0;556.0;686.0
-182.0;631.0;-796.0;612.0;497.0;554.0;685.0
-184.0;631.0;-795.0;611.0;495.0;552.0;684.0
-186.0;631.0;-795.0;610.0;494.0;551.0;683.0
-186.0;630.0;-795.0;?;494.0;550.0;683.0
-186.0;630.0;-795.0;611.0;494.0;550.0;683.0
-186.0;630.0;-795.0;611.0;495.0;549.0;682.0
-186.0;629.0;-795.0;610.0;495.0;549.0;682.0
-187.0;629.0;?;610.0;494.0;548.0;682.0
-187.0;628.0;-794.0;610.0;494.0;549.0;682.0
-188.0;628.0;-794.0;609.0;?;549.0;682.0
-189.0;627.0;-794.0;609.0;494.0;549.0;682.0
-190.0;627.0;-794.0;?;494.0;549.0;683.0
-190.0;627.0;-793.0;608.0;495.0;550.0;683.0
-189.0;626.0;-793.0;608.0;495.0;?;683.0
-188.0;?;-793.0;608.0;496.0;550.0;?
-188.0;626.0;-793.0;607.0;496.0;550.0;684.0
-187.0;626.0;-794.0;607.0;?;551.0;684.0
-186.0;626.0;-794.0;607.0;498.0;551.0;684.0
-185.0;626.0;-794.0;607.0;498.0;551.0;684.0
-184.0;?;-794.0;608.0;499.0;550.0;684.0
-183.0;626.0;-794.0;608.0;499.0;550.0;?
-184.0;626.0;-794.0;607.0;500.0;550.0;684.0
-183.0;626.0;-794.0;608.0;500.0;550.0;684.0
-184.0;627.0;-795.0;608.0;499.0;550.0;684.0
-184.0;627.0;-795.0;?;499.0;550.0;684.0
-183.0;627.0;-795.0;608.0;499.0;550.0;684.0
-182.0;628.0;-795.0;608.0;499.0;550.0;683.0
-181.0;628.0;-795.0;607.0;500.0;550.0;684.0
-180.0;628.0;-796.0;608.0;500.0;550.0;683.0
-180.0;628.0;-795.0;608.0;500.0;550.0;683.0
-180.0;628.0;?;608.0;501.0;550.0;683.0
-180.0;628.0;-795.0;608.0;501.0;549.0;683.0
-180.0;628.0;-795.0;608.0;501.0;550.0;683.0
-181.0;628.0;-795.0;609.0;501.0;550.0;683.0
-180.0;628.0;-795.0;609.0;501.0;550.0;683.0
?;628.0;-795.0;609.0;501.0;549.0;683.0
-181.0;628.0;-795.0;609.0;501.0;549.0;683.0
-181.0;628.0;-795.0;609.0;500.0;549.0;683.0
-181.0;628.0;-795.0;609.0;501.0;549.0;683.0
-181.0;628.0;-795.0;609.0;500.0;549.0;683.0
-182.0;627.0;-795.0;609.0;500.0;550.0;683.0
-184.0;627.0;-794.0;608.0;500.0;550.0;683.0
-184.0;627.0;-794.0;608.0;500.0;550.0;683.0
-185.0;627.0;-794.0;609.0;499.0;550.0;683.0
-185.0;627.0;?;609.0;499.0;550.0;683.0
-186.0;627.0;-794.0;609.0;498.0;549.0;?
-186.0;626.0;-794.0;609.0;498.0;548.0;683.0
-187.0;626.0;-794.0;?;498.0;548.0;683.0
-187.0;626.0;-794.0;609.0;498.0;548.0;683.0
-187.0;?;-794.0;609.0;498.0;549.0;683.0
-187.0;625.0;-794.0;609.0;498.0;549.0;684.0
-187.0;626.0;-794.0;609.0;499.0;550.0;684.0
-187.0;626.0;-794.0;609.0;499.0;551.0;685.0
-187.0;626.0;-794.0;609.0;?;552.0;685.0
-186.0;626.0;-794.0;609.0;498.0;553.0;685.0
-185.0;626.0;-794.0;609.0;498.0;554.0;685.0
-185.0;626.0;-795.0;609.0;498.0;554.0;686.0
-184.0;627.0;-795.0;610.0;498.0;555.0;686.0
-183.0;627.0;-796.0;610.0;498.0;555.0;686.0
-183.0;628.0;-796.0;610.0;498.0;556.0;686.0
-183.0;628.0;-796.0;610.0;498.0;555.0;686.0
-183.0;628.0;-796.0;611.0;498.0;556.0;686.0
-184.0;628.0;-796.0;611.0;498.0;556.0;686.0
?;629.0;-796.0;611.0;498.0;?;686.0
-183.0;629.0;-796.0;611.0;498.0;556.0;685.0
-184.0;?;-796.0;611.0;498.0;555.0;685.0
-184.0;630.0;-796.0;611.0;498.0;555.0;685.0
-184.0;630.0;-796.0;611.0;498.0;555.0;685.0
-184.0;629.0;-796.0;611.0;498.0;555.0;685.0
-184.0;629.0;-796.0;611.0;498.0;?;685.0
-185.0;629.0;-796.0;611.0;498.0;555.0;685.0
-185.0;628.0;-796.0;611.0;498.0;555.0;685.0
-185.0;628.0;-796.0;611.0;497.0;555.0;685.0
-185.0;628.0;-796.0;610.0;?;555.0;685.0
-185.0;627.0;-795.0;610.0;498.0;555.0;686.0
-186.0;627.0;-795.0;610.0;?;555.0;686.0
-186.0;627.0;-795.0;610.0;499.0;555.0;686.0
-186.0;627.0;-794.0;610.0;500.0;556.0;687.0
-186.0;627.0;-794.0;610.0;500.0;556.0;687.0
-185.0;627.0;-794.0;610.0;500.0;556.0;687.0
-185.0;627.0;-794.0;610.0;500.0;556.0;687.0
-185.0;626.0;-795.0;611.0;500.0;556.0;687.0
-184.0;626.0;-795.0;?;500.0;556.0;688.0
-184.0;627.0;-795.0;612.0;501.0;556.0;688.0
-184.0;627.0;-795.0;612.0;501.0;556.0;?
-185.0;627.0;-795.0;613.0;501.0;557.0;688.0
-185.0;628.0;-795.0;613.0;500.0;557.0;688.0
-185.0;628.0;-795.0;614.0;501.0;557.0;689.0
-185.0;628.0;-795.0;614.0;502.0;558.0;689.0
-184.0;629.0;-795.0;614.0;502.0;559.0;689.0
-184.0;629.0;?;613.0;502.0;559.0;689.0
-184.0;629.0;-795.0;613.0;501.0;559.0;689.0
-183.0;628.0;-796.0;613.0;501.0;559.0;689.0
?;629.0;-795.0;614.0;502.0;559.0;688.0
-182.0;629.0;-796.0;614.0;502.0;559.0;688.0
-182.0;630.0;-796.0;614.0;502.0;559.0;688.0
-182.0;630.0;-796.0;614.0;502.0;559.0;688.0
-182.0;630.0;-796.0;614.0;502.0;560.0;688.0
?;629.0;-796.0;614.0;502.0;560.0;689.0
-181.0;629.0;-797.0;614.0;502.0;560.0;689.0
-182.0;629.0;-796.0;614.0;502.0;560.0;689.0
-182.0;629.0;?;614.0;502.0;559.0;689.0
-182.0;629.0;-796.0;613.0;502.0;559.0;688.0
-182.0;629.0;-796.0;613.0;501.0;559.0;688.0
-182.0;629.0;-796.0;614.0;501.0;558.0;688.0
-183.0;628.0;-796.0;613.0;501.0;558.0;688.0
-184.0;628.0;-796.0;613.0;501.0;557.0;688.0
-184.0;629.0;-796.0;612.0;?;557.0;687.0
-184.0;628.0;-796.0;612.0;501.0;556.0;687.0
-184.0;628.0;-795.0;612.0;501.0;555.0;686.0
-185.0;628.0;-795.0;611.0;501.0;555.0;?
-186.0;628.0;-795.0;611.0;501.0;554.0;686.0
-187.0;628.0;-795.0;611.0;501.0;554.0;?
-187.0;?;-794.0;?;?;554.0;686.0
-186.0;627.0;-795.0;610.0;501.0;554.0;686.0
-186.0;627.0;-795.0;610.0;501.0;553.0;685.0
-186.0;627.0;-795.0;610.0;?;553.0;685.0
-185.0;627.0;-795.0;610.0;501.0;553.0;?
-185.0;628.0;-795.0;610.0;502.0;553.0;685.0
-184.0;628.0;-795.0;610.0;502.0;554.0;685.0
?;628.0;-796.0;610.0;502.0;553.0;686.0
-183.0;628.0;-796.0;610.0;502.0;553.0;686.0
-183.0;628.0;?;610.0;?;553.0;686.0
-182.0;628.0;-796.0;610.0;503.0;553.0;685.0
-182.0;628.0;-796.0;610.0;503.0;554.0;686.0
-182.0;628.0;-796.0;610.0;503.0;553.0;686.0
-181.0;629.0;-796.0;610.0;503.0;554.0;685.0
-180.0;629.0;-797.0;610.0;503.0;554.0;685.0
-179.0;629.0;-797.0;610.0;?;555.0;?
-179.0;629.0;-797.0;610.0;503.0;555.0;685.0
-178.0;629.0;-797.0;?;504.0;555.0;685.0
-178.0;629.0;-797.0;609.0;504.0;555.0;685.0
-179.0;629.0;-797.0;610.0;503.0;554.0;685.0
-179.0;629.0;-797.0;609.0;503.0;554.0;685.0
-180.0;629.0;-797.0;610.0;503.0;554.0;685.0
-180.0;629.0;-797.0;609.0;503.0;554.0;685.0
-180.0;629.0;-797.0;609.0;503.0;554.0;684.0
-180.0;629.0;-797.0;609.0;503.0;554.0;684.0
-180.0;629.0;-798.0;609.0;502.0;554.0;684.0
-180.0;629.0;-797.0;609.0;502.0;554.0;684.0
-181.0;629.0;-797.0;609.0;502.0;555.0;684.0
-182.0;629.0;-797.0;609.0;502.0;555.0;684.0
-183.0;629.0;-797.0;610.0;502.0;555.0;685.0
-183.0;629.0;-797.0;610.0;502.0;555.0;684.0
-183.0;629.0;-797.0;610.0;501.0;555.0;684.0
-182.0;629.0;-797.0;610.0;501.0;555.0;685.0
-182.0;629.0;-797.0;611.0;501.0;555.0;684.0
-182.0;629.0;-797.0;611.0;501.0;554.0;685.0
?;628.0;-797.0;612.0;502.0;554.0;685.0
-181.0;628.0;-797.0;612.0;502.0;555.0;685.0
-181.0;?;-797.0;612.0;502.0;555.0;685.0
-182.0;628.0;-797.0;612.0;501.0;556.0;685.0
-181.0;628.0;-798.0;613.0;501.0;556.0;?
-181.0;628.0;-798.0;613.0;502.0;?;686.0
-181.0;628.0;-798.0;613.0;502.0;557.0;?
-180.0;628.0;-798.0;614.0;502.0;557.0;686.0
-181.0;629.0;-798.0;614.0;501.0;557.0;686.0
-181.0;629.0;-798.0;614.0;501.0;557.0;686.0
-181.0;629.0;-798.0;615.0;501.0;557.0;686.0
-180.0;629.0;-798.0;615.0;501.0;557.0;686.0
?;629.0;-798.0;615.0;501.0;557.0;686.0
-180.0;630.0;-798.0;615.0;501.0;557.0;686.0
?;630.0;-798.0;615.0;502.0;?;686.0
-179.0;630.0;-798.0;615.0;?;557.0;686.0
-180.0;630.0;-798.0;615.0;502.0;557.0;686.0
-181.0;629.0;?;615.0;502.0;556.0;686.0
-181.0;629.0;-798.0;615.0;502.0;557.0;686.0
-181.0;629.0;-798.0;615.0;502.0;557.0;686.0
-181.0;629.0;-798.0;615.0;501.0;557.0;686.0
-181.0;629.0;-798.0;615.0;?;557.0;686.0
-181.0;629.0;-798.0;614.0;501.0;557.0;?
-182.0;629.0;-798.0;614.0;500.0;557.0;686.0
?;629.0;-798.0;615.0;500.0;557.0;687.0
-182.0;629.0;-798.0;614.0;500.0;?;687.0
-182.0;629.0;-798.0;614.0;500.0;557.0;687.0
-183.0;629.0;-798.0;615.0;500.0;557.0;687.0
-183.0;629.0;-798.0;614.0;500.0;557.0;?
-182.0;629.0;-799.0;614.0;499.0;557.0;686.0
-182.0;629.0;-799.0;614.0;?;557.0;686.0
?;629.0;-799.0;615.0;499.0;557.0;687.0
-182.0;629.0;-799.0;615.0;499.0;557.0;686.0
-182.0;630.0;-799.0;615.0;499.0;557.0;687.0
-182.0;630.0;-799.0;615.0;499.0;558.0;687.0
-182.0;630.0;-799.0;616.0;499.0;558.0;687.0
-181.0;630.0;-799.0;616.0;500.0;558.0;687.0
-181.0;631.0;-799.0;616.0;500.0;558.0;687.0
-180.0;631.0;?;616.0;500.0;559.0;687.0
-180.0;630.0;-799.0;616.0;500.0;559.0;687.0
-180.0;631.0;-799.0;616.0;500.0;559.0;687.0
-180.0;631.0;-799.0;616.0;500.0;559.0;687.0
-181.0;631.0;-799.0;616.0;500.0;559.0;687.0
-181.0;631.0;-799.0;616.0;500.0;560.0;687.0
-180.0;631.0;-799.0;616.0;500.0;560.0;687.0
-180.0;631.0;-799.0;616.0;500.0;560.0;687.0
-180.0;631.0;-799.0;615.0;500.0;560.0;687.0
-179.0;631.0;-799.0;615.0;500.0;560.0;687.0
-180.0;631.0;-799.0;615.0;499.0;560.0;687.0
-180.0;630.0;-799.0;615.0;500.0;560.0;687.0
-180.0;631.0;-799.0;615.0;499.0;560.0;686.0
-180.0;631.0;-799.0;615.0;499.0;560.0;686.0
-180.0;631.0;-799.0;615.0;499.0;560.0;686.0
-180.0;631.0;-799.0;615.0;499.0;560.0;686.0
-180.0;631.0;-799.0;615.0;499.0;560.0;686.0
-180.0;631.0;-799.0;614.0;500.0;560.0;686.0
-180.0;631.0;-798.0;614.0;500.0;560.0;686.0
-181.0;630.0;-798.0;613.0;500.0;560.0;687.0
-182.0;630.0;-797.0;613.0;500.0;559.0;687.0
?;629.0;-797.0;612.0;500.0;559.0;687.0
?;629.0;-797.0;612.0;?;560.0;687.0
-182.0;629.0;?;612.0;500.0;560.0;687.0
-182.0;629.0;-797.0;612.0;500.0;560.0;?
-182.0;628.0;-797.0;611.0;500.0;560.0;688.0
-182.0;628.0;-796.0;611.0;501.0;560.0;688.0
-182.0;628.0;-796.0;?;501.0;560.0;688.0
-182.0;627.0;-796.0;611.0;501.0;?;688.0
-183.0;627.0;-796.0;611.0;501.0;559.0;688.0
-183.0;?;-796.0;611.0;501.0;559.0;688.0
-183.0;627.0;?;611.0;?;559.0;688.0
-183.0;627.0;-795.0;610.0;501.0;559.0;688.0
-183.0;627.0;-795.0;611.0;502.0;559.0;688.0
-184.0;627.0;-795.0;611.0;502.0;558.0;688.0
-185.0;?;-795.0;611.0;501.0;558.0;688.0
-185.0;626.0;-795.0;611.0;501.0;557.0;688.0
-186.0;627.0;-795.0;611.0;500.0;556.0;687.0
-185.0;627.0;-795.0;611.0;500.0;556.0;687.0
-186.0;627.0;-795.0;?;?;555.0;686.0
-187.0;627.0;-796.0;610.0;499.0;555.0;686.0
-186.0;627.0;-796.0;610.0;499.0;555.0;686.0
-186.0;627.0;-796.0;610.0;499.0;555.0;686.0
-186.0;627.0;-796.0;611.0;499.0;555.0;686.0
-185.0;627.0;-796.0;610.0;498.0;555.0;686.0
-185.0;627.0;-796.0;610.0;498.0;556.0;686.0
-185.0;627.0;-796.0;610.0;498.0;556.0;687.0
-184.0;627.0;-796.0;611.0;498.0;556.0;687.0
?;627.0;-796.0;611.0;498.0;557.0;687.0
-183.0;628.0;-797.0;611.0;498.0;?;687.0
-182.0;628.0;-797.0;611.0;498.0;557.0;687.0
-181.0;628.0;?;611.0;499.0;557.0;687.0
-181.0;628.0;?;611.0;499.0;557.0;687.0
-181.0;628.0;-797.0;611.0;500.0;557.0;687.0
-181.0;629.0;-797.0;611.0;500.0;557.0;687.0
-181.0;629.0;-797.0;611.0;?;556.0;687.0
?;629.0;-797.0;611.0;500.0;556.0;687.0
-181.0;?;?;611.0;500.0;556.0;686.0
-180.0;629.0;-797.0;611.0;500.0;556.0;686.0
-181.0;629.0;-798.0;611.0;?;556.0;686.0
-181.0;629.0;-798.0;611.0;500.0;556.0;686.0
-181.0;629.0;-798.0;611.0;?;?;686.0
-181.0;629.0;-798.0;611.0;500.0;555.0;686.0
-181.0;629.0;-797.0;611.0;500.0;555.0;686.0
-182.0;629.0;?;610.0;499.0;555.0;686.0
-182.0;629.0;-798.0;610.0;499.0;555.0;685.0
-182.0;629.0;-798.0;610.0;499.0;555.0;685.0
-182.0;629.0;-798.0;610.0;499.0;554.0;?
-182.0;629.0;-797.0;611.0;499.0;554.0;685.0
-183.0;629.0;-797.0;611.0;499.0;553.0;684.0
-184.0;630.0;-797.0;610.0;498.0;553.0;684.0
-184.0;?;-797.0;610.0;498.0;553.0;684.0
-183.0;630.0;-797.0;610.0;499.0;553.0;684.0
-183.0;629.0;-797.0;611.0;499.0;552.0;684.0
-182.0;629.0;-797.0;610.0;499.0;552.0;684.0
-182.0;629.0;-797.0;610.0;499.0;552.0;684.0
-182.0;629.0;-797.0;610.0;499.0;552.0;684.0
-182.0;629.0;-797.0;610.0;500.0;552.0;684.0
-182.0;628.0;?;610.0;500.0;552.0;684.0
-183.0;628.0;-797.0;610.0;499.0;552.0;684.0
-185.0;628.0;-796.0;?;499.0;552.0;684.0
-186.0;629.0;-796.0;610.0;499.0;553.0;684.0
-186.0;628.0;-795.0;610.0;499.0;?;684.0
-186.0;628.0;-795.0;611.0;499.0;554.0;685.0
-186.0;628.0;-795.0;611.0;499.0;554.0;685.0
-186.0;627.0;-795.0;611.0;498.0;554.0;685.0
-186.0;627.0;-795.0;611.0;499.0;554.0;685.0
-186.0;627.0;-795.0;611.0;499.0;554.0;685.0
?;627.0;-795.0;611.0;499.0;555.0;685.0
-187.0;627.0;-795.0;611.0;499.0;555.0;685.0
-187.0;627.0;-795.0;612.0;500.0;555.0;686.0
-186.0;627.0;-795.0;?;500.0;?;686.0
-186.0;627.0;-795.0;612.0;500.0;556.0;686.0
-185.0;627.0;-795.0;612.0;500.0;?;686.0
-185.0;628.0;-795.0;612.0;500.0;557.0;686.0
-185.0;628.0;-795.0;613.0;500.0;557.0;687.0
-184.0;629.0;-796.0;613.0;500.0;558.0;687.0
-183.0;629.0;-796.0;614.0;499.0;558.0;687.0
-182.0;630.0;-796.0;614.0;499.0;558.0;687.0
-181.0;630.0;-797.0;614.0;499.0;558.0;?
-181.0;630.0;-797.0;614.0;499.0;558.0;687.0
-181.0;631.0;-797.0;615.0;499.0;558.0;687.0
-181.0;631.0;-797.0;614.0;500.0;558.0;687.0
-181.0;631.0;-797.0;614.0;500.0;557.0;687.0
-181.0;631.0;-797.0;614.0;500.0;557.0;687.0
-181.0;631.0;-797.0;614.0;500.0;558.0;687.0
-181.0;631.0;-797.0;614.0;501.0;558.0;687.0
-181.0;631.0;-797.0;614.0;501.0;558.0;687.0
-181.0;630.0;-797.0;615.0;501.0;558.0;?
-182.0;630.0;-797.0;614.0;501.0;558.0;688.0
-183.0;629.0;-796.0;614.0;502.0;559.0;?
-183.0;629.0;-796.0;614.0;502.0;559.0;689.0
-183.0;629.0;-796.0;614.0;502.0;560.0;690.0
-182.0;628.0;?;614.0;503.0;561.0;690.0
-182.0;628.0;-796.0;613.0;504.0;561.0;691.0
-181.0;627.0;-796.0;613.0;504.0;562.0;692.0
-180.0;627.0;-796.0;613.0;505.0;563.0;692.0
-178.0;626.0;-795.0;612.0;507.0;564.0;?
-176.0;625.0;-795.0;612.0;508.0;565.0;694.0
-175.0;625.0;-795.0;611.0;510.0;566.0;695.0
-173.0;624.0;-795.0;611.0;511.0;568.0;697.0
-170.0;623.0;-794.0;610.0;513.0;570.0;698.0
?;623.0;-794.0;610.0;514.0;572.0;699.0
-165.0;623.0;?;610.0;?;574.0;700.0
-164.0;623.0;-794.0;?;518.0;575.0;701.0
-163.0;622.0;-794.0;?;518.0;576.0;702.0
-162.0;622.0;-794.0;609.0;519.0;578.0;703.0
-159.0;621.0;-794.0;609.0;520.0;579.0;705.0
-156.0;621.0;-794.0;610.0;522.0;580.0;706.0
-153.0;620.0;-795.0;610.0;523.0;581.0;707.0
-148.0;620.0;-797.0;610.0;522.0;582.0;708.0
-140.0;619.0;-801.0;610.0;519.0;584.0;709.0
-131.0;617.0;-805.0;610.0;513.0;586.0;711.0
-120.0;616.0;-809.0;611.0;506.0;588.0;?
-107.0;614.0;-815.0;611.0;497.0;590.0;716.0
-93.0;612.0;-821.0;611.0;489.0;593.0;719.0
-77.0;611.0;-827.0;?;480.0;596.0;722.0
-63.0;610.0;-832.0;610.0;473.0;600.0;725.0
-48.0;609.0;-835.0;610.0;467.0;604.0;728.0
-32.0;608.0;?;610.0;462.0;608.0;731.0
-16.0;607.0;-840.0;610.0;458.0;613.0;734.0
0.0;606.0;-842.0;609.0;455.0;617.0;736.0
16.0;?;-843.0;609.0;452.0;621.0;739.0
31.0;604.0;-842.0;608.0;451.0;623.0;741.0
44.0;604.0;-839.0;608.0;452.0;624.0;742.0
58.0;604.0;-836.0;608.0;455.0;625.0;742.0
71.0;604.0;-833.0;608.0;460.0;626.0;743.0
84.0;604.0;-830.0;610.0;?;626.0;743.0
95.0;605.0;-827.0;611.0;472.0;626.0;744.0
102.0;606.0;-823.0;613.0;479.0;625.0;744.0
106.0;607.0;-820.0;?;487.0;623.0;743.0
110.0;607.0;-817.0;616.0;494.0;622.0;742.0
116.0;607.0;-815.0;617.0;499.0;619.0;741.0
120.0;608.0;-813.0;618.0;503.0;617.0;740.0
120.0;608.0;-812.0;618.0;506.0;?;?
?;607.0;-812.0;618.0;508.0;611.0;737.0
122.0;606.0;-810.0;617.0;511.0;608.0;737.0
121.0;604.0;-809.0;617.0;?;605.0;737.0
119.0;602.0;-806.0;616.0;515.0;602.0;737.0
118.0;599.0;-804.0;615.0;515.0;599.0;737.0
119.0;596.0;-803.0;614.0;515.0;597.0;738.0
121.0;593.0;-804.0;612.0;513.0;595.0;737.0
122.0;590.0;-805.0;609.0;510.0;593.0;736.0
123.0;586.0;-806.0;605.0;506.0;592.0;735.0
126.0;583.0;-807.0;602.0;502.0;591.0;735.0
131.0;581.0;-808.0;600.0;?;590.0;736.0
138.0;579.0;-808.0;600.0;493.0;590.0;736.0
145.0;577.0;-806.0;600.0;488.0;589.0;738.0
153.0;574.0;-800.0;599.0;484.0;589.0;739.0
163.0;571.0;?;596.0;480.0;589.0;740.0
175.0;568.0;-780.0;594.0;477.0;590.0;741.0
189.0;566.0;-767.0;591.0;474.0;591.0;743.0
203.0;563.0;-752.0;588.0;472.0;592.0;745.0
212.0;560.0;-734.0;585.0;472.0;593.0;748.0
211.0;557.0;-710.0;583.0;474.0;595.0;752.0
204.0;553.0;-681.0;582.0;478.0;595.0;756.0
194.0;548.0;-655.0;580.0;481.0;595.0;761.0
188.0;544.0;-634.0;579.0;482.0;594.0;765.0
186.0;541.0;-620.0;579.0;481.0;595.0;769.0
181.0;539.0;-610.0;578.0;479.0;600.0;773.0
171.0;538.0;-597.0;577.0;478.0;606.0;776.0
160.0;536.0;-584.0;576.0;477.0;612.0;780.0
149.0;534.0;-573.0;574.0;476.0;619.0;783.0
140.0;?;-564.0;572.0;474.0;623.0;787.0
133.0;531.0;-557.0;570.0;474.0;627.0;790.0
129.0;529.0;-552.0;569.0;473.0;?;792.0
127.0;528.0;-551.0;568.0;471.0;633.0;795.0
125.0;527.0;-548.0;567.0;469.0;635.0;797.0
125.0;526.0;-548.0;568.0;467.0;635.0;799.0
125.0;525.0;-550.0;568.0;464.0;635.0;799.0
126.0;524.0;-550.0;568.0;463.0;634.0;800.0
128.0;523.0;-552.0;569.0;462.0;633.0;?
133.0;522.0;-555.0;569.0;460.0;632.0;800.0
141.0;521.0;-560.0;?;?;629.0;800.0
148.0;516.0;-565.0;571.0;455.0;624.0;?
156.0;512.0;-573.0;572.0;452.0;617.0;801.0
166.0;509.0;-583.0;574.0;?;613.0;800.0
173.0;508.0;-593.0;577.0;448.0;612.0;799.0
179.0;509.0;-605.0;579.0;445.0;614.0;799.0
181.0;510.0;-616.0;579.0;441.0;617.0;799.0
180.0;509.0;-624.0;578.0;438.0;617.0;799.0
179.0;509.0;-632.0;577.0;434.0;616.0;799.0
179.0;508.0;-641.0;577.0;431.0;614.0;798.0
182.0;507.0;-650.0;576.0;427.0;612.0;796.0
184.0;507.0;-662.0;575.0;422.0;609.0;795.0
184.0;507.0;-672.0;575.0;416.0;606.0;793.0
183.0;507.0;-681.0;575.0;409.0;604.0;792.0
180.0;506.0;-691.0;574.0;401.0;602.0;791.0
177.0;505.0;-699.0;574.0;396.0;601.0;790.0
175.0;504.0;-709.0;573.0;392.0;599.0;790.0
174.0;505.0;-721.0;573.0;387.0;599.0;789.0
173.0;505.0;-733.0;574.0;381.0;597.0;788.0
170.0;506.0;-740.0;574.0;376.0;596.0;788.0
?;507.0;-743.0;?;373.0;594.0;787.0
168.0;507.0;-747.0;576.0;369.0;594.0;?
?;508.0;-750.0;576.0;365.0;592.0;785.0
171.0;508.0;-750.0;576.0;365.0;591.0;784.0
177.0;509.0;?;576.0;363.0;590.0;783.0
184.0;509.0;?;576.0;363.0;589.0;782.0
191.0;510.0;-747.0;?;?;588.0;781.0
196.0;510.0;-744.0;575.0;361.0;586.0;780.0
201.0;510.0;-742.0;575.0;362.0;585.0;780.0
205.0;510.0;-741.0;575.0;361.0;584.0;?
207.0;510.0;-741.0;574.0;360.0;583.0;778.0
210.0;510.0;-739.0;574.0;?;582.0;778.0
215.0;510.0;-739.0;?;361.0;580.0;777.0
214.0;?;-738.0;573.0;361.0;579.0;776.0
212.0;?;-735.0;572.0;363.0;578.0;775.0
211.0;509.0;-735.0;571.0;365.0;577.0;775.0
208.0;?;-734.0;571.0;366.0;577.0;775.0
205.0;509.0;-732.0;?;368.0;576.0;775.0
203.0;508.0;-728.0;569.0;370.0;574.0;774.0
201.0;508.0;-725.0;567.0;372.0;573.0;774.0
196.0;508.0;-723.0;566.0;374.0;571.0;773.0
191.0;507.0;-720.0;564.0;376.0;568.0;773.0
188.0;507.0;-720.0;563.0;377.0;564.0;773.0
185.0;506.0;-723.0;563.0;?;556.0;773.0
184.0;504.0;-727.0;564.0;373.0;543.0;772.0
182.0;503.0;-732.0;569.0;369.0;526.0;?
178.0;505.0;-734.0;578.0;364.0;506.0;764.0
172.0;506.0;-737.0;586.0;358.0;478.0;756.0
168.0;506.0;-741.0;590.0;352.0;?;746.0
160.0;507.0;-744.0;592.0;347.0;395.0;732.0
151.0;506.0;-748.0;596.0;343.0;344.0;713.0
139.0;507.0;-751.0;595.0;339.0;290.0;689.0
125.0;508.0;-754.0;595.0;337.0;244.0;660.0
111.0;512.0;-757.0;598.0;334.0;202.0;630.0
?;515.0;-760.0;602.0;331.0;170.0;599.0
81.0;518.0;-760.0;610.0;328.0;154.0;569.0
63.0;522.0;-762.0;620.0;324.0;151.0;540.0
44.0;522.0;-762.0;626.0;320.0;159.0;512.0
26.0;517.0;-762.0;636.0;312.0;173.0;?
9.0;514.0;-763.0;643.0;303.0;185.0;485.0
-5.0;512.0;-766.0;641.0;294.0;194.0;478.0
-20.0;507.0;-770.0;639.0;284.0;206.0;472.0
-36.0;503.0;-772.0;643.0;273.0;224.0;?
-54.0;502.0;-772.0;639.0;262.0;237.0;472.0
-69.0;500.0;-773.0;633.0;252.0;252.0;474.0
-83.0;496.0;-773.0;629.0;241.0;269.0;479.0
-97.0;494.0;-772.0;622.0;231.0;281.0;487.0
-107.0;491.0;-771.0;610.0;224.0;295.0;494.0
-115.0;487.0;-770.0;607.0;218.0;311.0;503.0
-123.0;485.0;-771.0;606.0;213.0;?;?
-129.0;483.0;-776.0;601.0;208.0;329.0;531.0
-137.0;480.0;-781.0;598.0;?;339.0;543.0
-147.0;475.0;-785.0;589.0;192.0;345.0;554.0
?;471.0;-789.0;584.0;183.0;354.0;560.0
-165.0;469.0;-792.0;583.0;174.0;?;569.0
-175.0;466.0;-794.0;580.0;166.0;?;576.0
-185.0;463.0;-795.0;585.0;157.0;368.0;583.0
-194.0;457.0;-797.0;584.0;148.0;361.0;589.0
-202.0;446.0;-797.0;580.0;140.0;351.0;592.0
-207.0;432.0;-797.0;576.0;129.0;336.0;598.0
-209.0;418.0;-799.0;571.0;118.0;318.0;603.0
-210.0;407.0;-800.0;561.0;108.0;298.0;608.0
-210.0;393.0;-802.0;550.0;98.0;279.0;615.0
?;372.0;-804.0;539.0;88.0;263.0;621.0
-208.0;346.0;-807.0;533.0;81.0;?;629.0
-208.0;331.0;-809.0;526.0;74.0;224.0;641.0
-208.0;320.0;-807.0;518.0;68.0;204.0;651.0
-207.0;310.0;-806.0;512.0;60.0;192.0;662.0
?;302.0;-807.0;514.0;55.0;184.0;675.0
-197.0;297.0;-813.0;515.0;50.0;180.0;688.0
-188.0;292.0;-817.0;514.0;48.0;180.0;?
-178.0;289.0;-820.0;512.0;47.0;182.0;717.0
-170.0;288.0;?;507.0;47.0;185.0;733.0
-163.0;290.0;-825.0;505.0;49.0;191.0;748.0
-157.0;290.0;-824.0;504.0;52.0;199.0;762.0
-156.0;291.0;-822.0;507.0;58.0;207.0;776.0
-156.0;292.0;-824.0;507.0;63.0;212.0;790.0
-157.0;291.0;-829.0;504.0;69.0;214.0;802.0
-155.0;291.0;-834.0;501.0;75.0;216.0;810.0
-154.0;294.0;-838.0;?;79.0;218.0;816.0
-157.0;299.0;-838.0;501.0;83.0;224.0;821.0
-162.0;303.0;-837.0;507.0;86.0;232.0;827.0
-168.0;306.0;-834.0;509.0;89.0;240.0;833.0
-173.0;307.0;-833.0;508.0;90.0;247.0;840.0
-177.0;308.0;-832.0;?;93.0;253.0;847.0
-182.0;309.0;-830.0;499.0;96.0;259.0;852.0
-185.0;308.0;-829.0;495.0;99.0;265.0;857.0
-188.0;308.0;-830.0;495.0;104.0;273.0;863.0
-192.0;?;-830.0;495.0;110.0;278.0;867.0
-195.0;308.0;-829.0;?;116.0;285.0;870.0
-197.0;309.0;-826.0;503.0;121.0;292.0;872.0
-199.0;311.0;?;?;126.0;300.0;874.0
-198.0;312.0;-816.0;511.0;132.0;308.0;876.0
-194.0;310.0;-813.0;521.0;139.0;316.0;879.0
-191.0;307.0;-810.0;531.0;148.0;320.0;880.0
-188.0;304.0;-807.0;537.0;158.0;321.0;879.0
-183.0;300.0;-804.0;541.0;167.0;319.0;877.0
-180.0;296.0;-802.0;547.0;176.0;316.0;873.0
-178.0;293.0;-799.0;552.0;184.0;312.0;869.0
-182.0;291.0;-796.0;553.0;191.0;306.0;864.0
-180.0;292.0;-792.0;555.0;196.0;298.0;858.0
-173.0;292.0;-791.0;553.0;205.0;286.0;850.0
-166.0;293.0;-799.0;553.0;219.0;270.0;842.0
-159.0;298.0;-806.0;558.0;228.0;252.0;830.0
?;303.0;-805.0;563.0;231.0;231.0;?
-156.0;309.0;-803.0;561.0;230.0;205.0;795.0
-153.0;318.0;-803.0;558.0;230.0;180.0;774.0
-150.0;325.0;-804.0;556.0;231.0;153.0;755.0
-148.0;332.0;-804.0;558.0;231.0;?;738.0
?;343.0;-801.0;559.0;231.0;109.0;725.0
-159.0;353.0;-795.0;559.0;228.0;?;711.0
-170.0;369.0;-786.0;560.0;224.0;79.0;695.0
-177.0;385.0;-780.0;556.0;221.0;67.0;678.0
-182.0;?;-778.0;?;221.0;59.0;662.0
-184.0;417.0;-777.0;547.0;222.0;54.0;644.0
?;433.0;-780.0;541.0;226.0;50.0;628.0
-180.0;447.0;-785.0;536.0;234.0;49.0;612.0
-177.0;458.0;-791.0;535.0;242.0;49.0;598.0
-174.0;466.0;-796.0;535.0;251.0;52.0;586.0
-176.0;474.0;-798.0;?;260.0;55.0;574.0
-180.0;480.0;-795.0;539.0;267.0;62.0;563.0
-186.0;483.0;-791.0;541.0;271.0;67.0;554.0
-193.0;486.0;-786.0;540.0;276.0;73.0;545.0
-203.0;?;-778.0;535.0;279.0;75.0;538.0
-214.0;492.0;-767.0;529.0;279.0;79.0;532.0
?;495.0;-759.0;527.0;280.0;84.0;528.0
-231.0;497.0;-755.0;526.0;283.0;90.0;523.0
-237.0;498.0;-752.0;526.0;287.0;96.0;521.0
-242.0;500.0;-748.0;526.0;291.0;100.0;519.0
?;500.0;-744.0;522.0;295.0;102.0;518.0
-250.0;500.0;-740.0;?;?;102.0;519.0
?;502.0;-738.0;530.0;300.0;102.0;520.0
-256.0;502.0;-735.0;532.0;303.0;98.0;?
-259.0;498.0;-732.0;527.0;303.0;91.0;518.0
-259.0;502.0;-730.0;525.0;303.0;87.0;515.0
-256.0;507.0;-731.0;527.0;?;86.0;514.0
-250.0;511.0;-734.0;?;310.0;83.0;517.0
-243.0;509.0;-738.0;526.0;315.0;84.0;526.0
-234.0;502.0;-743.0;543.0;320.0;96.0;544.0
-228.0;496.0;-747.0;568.0;323.0;112.0;570.0
-224.0;490.0;-749.0;574.0;324.0;126.0;598.0
-223.0;486.0;-749.0;564.0;324.0;142.0;621.0
-222.0;491.0;-748.0;541.0;326.0;165.0;646.0
-218.0;508.0;-749.0;518.0;329.0;199.0;?
-213.0;519.0;-751.0;499.0;?;237.0;720.0
-209.0;531.0;-751.0;488.0;337.0;272.0;741.0
-205.0;540.0;-751.0;490.0;342.0;299.0;752.0
-201.0;545.0;-751.0;511.0;346.0;318.0;755.0
-197.0;547.0;-752.0;529.0;350.0;331.0;753.0
-193.0;551.0;-754.0;537.0;354.0;341.0;744.0
-189.0;555.0;-756.0;556.0;358.0;345.0;733.0
-186.0;560.0;-758.0;572.0;360.0;348.0;722.0
-181.0;568.0;-760.0;582.0;360.0;350.0;710.0
-177.0;572.0;-763.0;597.0;360.0;347.0;701.0
-174.0;579.0;-768.0;604.0;359.0;341.0;693.0
-174.0;586.0;-772.0;609.0;359.0;?;686.0
-176.0;586.0;-775.0;607.0;?;332.0;685.0
-175.0;579.0;-779.0;606.0;354.0;314.0;687.0
-172.0;567.0;-784.0;?;349.0;289.0;686.0
-169.0;552.0;?;602.0;343.0;259.0;683.0
-162.0;537.0;-797.0;597.0;336.0;219.0;679.0
-152.0;522.0;?;595.0;326.0;176.0;669.0
-140.0;512.0;-810.0;592.0;318.0;135.0;652.0
-125.0;503.0;-820.0;594.0;310.0;95.0;636.0
-109.0;494.0;-832.0;598.0;302.0;51.0;619.0
-93.0;486.0;-844.0;605.0;292.0;11.0;597.0
-83.0;?;-856.0;?;279.0;-28.0;575.0
-81.0;469.0;-864.0;604.0;?;-70.0;552.0
-88.0;459.0;-867.0;596.0;247.0;-114.0;527.0
-102.0;450.0;-867.0;592.0;226.0;-154.0;501.0
-118.0;442.0;-863.0;?;204.0;-190.0;475.0
-133.0;433.0;-858.0;584.0;185.0;-223.0;450.0
-146.0;427.0;-857.0;581.0;170.0;-253.0;426.0
-156.0;424.0;-857.0;579.0;159.0;-278.0;405.0
-166.0;421.0;-857.0;574.0;156.0;-300.0;386.0
-182.0;418.0;-858.0;565.0;153.0;-318.0;369.0
-200.0;416.0;-856.0;?;?;-334.0;356.0
-215.0;414.0;-857.0;549.0;148.0;-342.0;347.0
-230.0;412.0;-856.0;549.0;143.0;-343.0;341.0
-249.0;409.0;-850.0;550.0;133.0;-339.0;338.0
-268.0;408.0;-844.0;554.0;122.0;-330.0;341.0
-284.0;409.0;-839.0;554.0;113.0;-317.0;349.0
-301.0;410.0;-832.0;547.0;?;-301.0;360.0
-314.0;411.0;-825.0;540.0;88.0;-278.0;375.0
-323.0;414.0;-820.0;536.0;73.0;-246.0;395.0
-328.0;419.0;-820.0;536.0;59.0;-207.0;416.0
-333.0;428.0;-821.0;532.0;46.0;-159.0;436.0
-336.0;441.0;-821.0;528.0;35.0;-101.0;459.0
-340.0;455.0;-821.0;525.0;26.0;-43.0;486.0
-341.0;469.0;-822.0;520.0;21.0;7.0;515.0
-341.0;474.0;-826.0;508.0;24.0;50.0;544.0
-342.0;473.0;-830.0;501.0;32.0;89.0;576.0
-339.0;466.0;-832.0;499.0;38.0;122.0;606.0
-332.0;454.0;-834.0;492.0;43.0;152.0;632.0
-326.0;439.0;-834.0;?;46.0;182.0;656.0
-318.0;423.0;-831.0;454.0;47.0;207.0;674.0
-304.0;402.0;-832.0;435.0;?;240.0;689.0
-288.0;390.0;-835.0;432.0;67.0;279.0;701.0
-270.0;383.0;-836.0;429.0;82.0;317.0;?
-252.0;375.0;-839.0;424.0;98.0;337.0;711.0
-232.0;359.0;-843.0;395.0;120.0;339.0;706.0
-212.0;356.0;-847.0;368.0;148.0;352.0;708.0
-193.0;349.0;-850.0;350.0;169.0;362.0;715.0
-180.0;345.0;-851.0;341.0;180.0;365.0;729.0
-167.0;338.0;-854.0;336.0;187.0;365.0;736.0
-155.0;323.0;?;332.0;195.0;?;738.0
-146.0;310.0;-856.0;327.0;205.0;359.0;741.0
-141.0;300.0;-856.0;327.0;217.0;363.0;744.0
-147.0;293.0;-859.0;334.0;232.0;371.0;749.0
-160.0;288.0;-862.0;336.0;243.0;371.0;?
-182.0;286.0;-864.0;327.0;253.0;365.0;761.0
-215.0;280.0;-856.0;314.0;265.0;357.0;?
-252.0;276.0;-831.0;303.0;278.0;357.0;766.0
-288.0;279.0;-800.0;298.0;285.0;362.0;769.0
-334.0;286.0;-761.0;296.0;294.0;372.0;772.0
-382.0;297.0;-706.0;294.0;?;381.0;773.0
-423.0;308.0;-658.0;293.0;311.0;394.0;769.0
-454.0;319.0;-632.0;301.0;339.0;412.0;?
-455.0;328.0;-631.0;316.0;393.0;433.0;?
-413.0;340.0;-643.0;328.0;474.0;444.0;756.0
-346.0;345.0;-654.0;334.0;556.0;450.0;747.0
-272.0;344.0;-661.0;340.0;622.0;449.0;736.0
-211.0;342.0;-659.0;340.0;665.0;438.0;726.0
-181.0;338.0;-653.0;335.0;687.0;419.0;717.0
-184.0;335.0;-647.0;332.0;691.0;?;709.0
-209.0;334.0;-642.0;334.0;684.0;394.0;?
-234.0;333.0;-638.0;341.0;673.0;388.0;698.0
-245.0;332.0;-635.0;348.0;665.0;380.0;692.0
-247.0;330.0;?;350.0;663.0;363.0;684.0
-240.0;328.0;-640.0;347.0;663.0;341.0;675.0
-254.0;326.0;-643.0;346.0;?;?;664.0
-274.0;324.0;-642.0;360.0;645.0;325.0;659.0
-285.0;319.0;-645.0;400.0;626.0;357.0;658.0
-284.0;318.0;-651.0;439.0;613.0;405.0;660.0
-276.0;315.0;-657.0;451.0;612.0;422.0;662.0
-268.0;316.0;-660.0;449.0;611.0;402.0;662.0
-259.0;320.0;-665.0;451.0;?;399.0;656.0
-253.0;318.0;-669.0;450.0;600.0;404.0;651.0
-253.0;318.0;-675.0;445.0;593.0;398.0;652.0
-253.0;321.0;-682.0;446.0;584.0;388.0;653.0
-251.0;324.0;-689.0;449.0;574.0;371.0;652.0
-250.0;325.0;-698.0;448.0;564.0;349.0;648.0
-245.0;327.0;-701.0;446.0;558.0;333.0;642.0
-239.0;335.0;-706.0;447.0;555.0;327.0;635.0
-226.0;341.0;-715.0;444.0;552.0;326.0;629.0
-219.0;345.0;-719.0;442.0;553.0;323.0;624.0
-217.0;345.0;-719.0;433.0;555.0;321.0;618.0
-217.0;344.0;-718.0;428.0;558.0;320.0;616.0
-216.0;345.0;-719.0;432.0;560.0;317.0;616.0
-210.0;351.0;-720.0;433.0;559.0;311.0;613.0
-207.0;353.0;-728.0;429.0;555.0;301.0;610.0
-208.0;?;-736.0;415.0;551.0;282.0;609.0
-217.0;346.0;-741.0;395.0;548.0;253.0;608.0
-231.0;341.0;-744.0;384.0;541.0;232.0;607.0
-252.0;336.0;-750.0;381.0;523.0;?;609.0
-280.0;329.0;-758.0;382.0;495.0;?;615.0
-309.0;322.0;-762.0;380.0;?;174.0;623.0
?;315.0;-766.0;383.0;?;158.0;635.0
-375.0;310.0;-772.0;398.0;352.0;153.0;648.0
-407.0;307.0;-774.0;420.0;300.0;150.0;664.0
-438.0;292.0;-771.0;433.0;245.0;140.0;675.0
-464.0;273.0;-770.0;435.0;179.0;113.0;685.0
-478.0;258.0;-768.0;?;105.0;76.0;700.0
-477.0;251.0;-769.0;438.0;22.0;39.0;717.0
-459.0;249.0;-775.0;450.0;-60.0;2.0;732.0
-428.0;251.0;-791.0;465.0;-129.0;-36.0;746.0
-390.0;258.0;-814.0;479.0;-178.0;-75.0;754.0
-350.0;271.0;-838.0;495.0;?;-109.0;755.0
-312.0;287.0;-858.0;510.0;-235.0;-140.0;753.0
?;300.0;-875.0;528.0;-251.0;-166.0;748.0
-238.0;307.0;-885.0;554.0;-268.0;-195.0;743.0
-200.0;316.0;-892.0;?;-267.0;-229.0;734.0
-171.0;328.0;-904.0;563.0;-255.0;-262.0;?
-150.0;341.0;-914.0;558.0;-240.0;-284.0;708.0
?;357.0;-913.0;548.0;-230.0;-303.0;696.0
-107.0;372.0;-907.0;534.0;-219.0;-323.0;680.0
?;386.0;-903.0;516.0;-210.0;-344.0;662.0
-69.0;400.0;-900.0;496.0;-198.0;-366.0;642.0
-47.0;413.0;-899.0;477.0;-186.0;-389.0;618.0
-33.0;429.0;-898.0;460.0;-178.0;-414.0;592.0
-20.0;446.0;-894.0;442.0;-173.0;-437.0;564.0
-7.0;465.0;-890.0;423.0;-165.0;-459.0;536.0
2.0;483.0;-887.0;410.0;-156.0;-480.0;506.0
10.0;499.0;-886.0;400.0;-151.0;-500.0;480.0
20.0;514.0;-890.0;392.0;-145.0;-521.0;452.0
25.0;525.0;-894.0;390.0;-141.0;-538.0;427.0
28.0;530.0;-897.0;388.0;-141.0;-551.0;408.0
35.0;534.0;-901.0;387.0;-144.0;-559.0;391.0
45.0;536.0;-904.0;400.0;-154.0;-560.0;378.0
58.0;536.0;-905.0;412.0;-171.0;-560.0;366.0
79.0;535.0;-902.0;417.0;-187.0;-565.0;353.0
105.0;534.0;-898.0;423.0;-196.0;-572.0;341.0
133.0;535.0;-893.0;434.0;-198.0;-583.0;331.0
?;538.0;-891.0;445.0;-195.0;-593.0;321.0
189.0;541.0;?;451.0;-189.0;-602.0;315.0
214.0;541.0;-883.0;453.0;-180.0;-610.0;311.0
238.0;539.0;-878.0;450.0;-172.0;-617.0;311.0
260.0;?;-873.0;444.0;-163.0;?;315.0
281.0;531.0;-869.0;434.0;-150.0;-629.0;319.0
300.0;526.0;-867.0;423.0;-135.0;-633.0;323.0
?;523.0;-866.0;414.0;-118.0;-638.0;330.0
319.0;525.0;-863.0;414.0;-100.0;-641.0;336.0
327.0;528.0;-859.0;410.0;-88.0;-642.0;343.0
334.0;528.0;-856.0;399.0;?;-643.0;349.0
340.0;526.0;-853.0;387.0;-74.0;-647.0;353.0
343.0;525.0;-851.0;?;-70.0;-650.0;355.0
344.0;?;-849.0;370.0;-68.0;-651.0;355.0
345.0;529.0;-847.0;369.0;-66.0;-649.0;356.0
344.0;534.0;-847.0;368.0;-64.0;?;357.0
345.0;536.0;-846.0;369.0;-60.0;-639.0;357.0
?;536.0;-844.0;367.0;-58.0;-634.0;358.0
346.0;536.0;-844.0;362.0;?;-628.0;358.0
346.0;536.0;-845.0;346.0;-59.0;-627.0;356.0
346.0;536.0;-846.0;341.0;-62.0;-626.0;354.0
344.0;536.0;-847.0;334.0;-66.0;-624.0;353.0
343.0;537.0;-848.0;329.0;-68.0;-622.0;?
342.0;536.0;-849.0;328.0;-69.0;-622.0;350.0
341.0;535.0;-850.0;331.0;-69.0;-621.0;347.0
342.0;533.0;-851.0;332.0;-71.0;-619.0;?
342.0;532.0;-852.0;?;-73.0;-615.0;346.0
341.0;534.0;-853.0;337.0;-74.0;-610.0;?
341.0;536.0;-854.0;339.0;-75.0;-606.0;344.0
342.0;538.0;-855.0;341.0;-76.0;-601.0;343.0
345.0;535.0;-854.0;341.0;-79.0;-596.0;344.0
348.0;534.0;-854.0;351.0;-83.0;-593.0;346.0
?;536.0;-854.0;362.0;-86.0;-590.0;?
350.0;539.0;-855.0;367.0;-87.0;-584.0;348.0
351.0;540.0;-856.0;370.0;?;-580.0;350.0
351.0;539.0;-856.0;373.0;-80.0;-576.0;352.0
351.0;538.0;-856.0;374.0;-75.0;-574.0;354.0
351.0;539.0;-856.0;372.0;-75.0;-571.0;357.0
349.0;538.0;-855.0;373.0;-75.0;-568.0;361.0
348.0;540.0;?;374.0;-76.0;?;365.0
350.0;544.0;-855.0;379.0;-76.0;-559.0;370.0
?;548.0;-855.0;403.0;-76.0;-555.0;376.0
352.0;550.0;-856.0;433.0;-75.0;-553.0;?
352.0;553.0;-857.0;453.0;?;-553.0;381.0
352.0;557.0;-857.0;467.0;-75.0;-552.0;382.0
350.0;560.0;-857.0;472.0;-75.0;-550.0;384.0
350.0;562.0;-858.0;472.0;?;-548.0;384.0
349.0;564.0;-858.0;472.0;-75.0;-546.0;383.0
349.0;565.0;-858.0;473.0;-73.0;-545.0;383.0
349.0;566.0;-858.0;471.0;-72.0;-546.0;383.0
350.0;566.0;-858.0;469.0;-71.0;-548.0;382.0
351.0;567.0;-858.0;470.0;-71.0;-549.0;382.0
352.0;568.0;-858.0;469.0;-72.0;-550.0;381.0
352.0;?;-858.0;466.0;-75.0;-551.0;381.0
353.0;566.0;-858.0;468.0;-76.0;-550.0;380.0
353.0;564.0;-859.0;468.0;-77.0;-548.0;380.0
351.0;563.0;-861.0;470.0;-77.0;-545.0;379.0
350.0;562.0;-862.0;473.0;?;-543.0;379.0
351.0;560.0;-862.0;471.0;-76.0;-542.0;379.0
353.0;558.0;-863.0;468.0;-76.0;-542.0;379.0
354.0;?;-863.0;468.0;-76.0;-541.0;382.0
354.0;559.0;-864.0;471.0;-78.0;-538.0;389.0
352.0;562.0;-867.0;477.0;-82.0;-529.0;399.0
350.0;564.0;-870.0;489.0;-87.0;-518.0;412.0
349.0;564.0;-874.0;501.0;?;-502.0;429.0
350.0;562.0;-878.0;511.0;-102.0;-485.0;448.0
349.0;557.0;-883.0;517.0;-113.0;-468.0;468.0
347.0;552.0;-888.0;517.0;-122.0;-452.0;488.0
343.0;546.0;-893.0;509.0;?;-439.0;507.0
337.0;540.0;-899.0;?;-136.0;-430.0;524.0
332.0;536.0;-905.0;471.0;?;-422.0;541.0
326.0;534.0;-911.0;465.0;-144.0;-411.0;556.0
321.0;533.0;-917.0;467.0;-144.0;-398.0;569.0
315.0;533.0;-923.0;468.0;-142.0;-383.0;581.0
308.0;532.0;-929.0;467.0;-137.0;-368.0;591.0
302.0;532.0;-934.0;?;-131.0;-354.0;601.0
298.0;532.0;-937.0;467.0;-123.0;-343.0;609.0
295.0;534.0;-940.0;469.0;-115.0;-334.0;617.0
293.0;?;-942.0;471.0;-109.0;-328.0;623.0
290.0;538.0;-943.0;473.0;-104.0;-322.0;629.0
291.0;539.0;-943.0;?;-98.0;-318.0;635.0
292.0;540.0;-944.0;?;-95.0;?;639.0
295.0;540.0;-944.0;484.0;-93.0;?;644.0
297.0;539.0;-943.0;485.0;-95.0;-312.0;647.0
299.0;538.0;?;488.0;-100.0;-310.0;651.0
301.0;537.0;-942.0;489.0;-106.0;-309.0;654.0
303.0;536.0;-941.0;490.0;-112.0;-309.0;656.0
305.0;534.0;-940.0;490.0;-118.0;-308.0;657.0
306.0;534.0;-939.0;491.0;-125.0;-309.0;657.0
307.0;533.0;-939.0;492.0;-129.0;-310.0;656.0
306.0;533.0;-939.0;493.0;-132.0;-311.0;655.0
305.0;533.0;-939.0;495.0;?;-312.0;654.0
?;533.0;-939.0;497.0;-137.0;-313.0;653.0
302.0;532.0;-940.0;498.0;-138.0;-315.0;652.0
301.0;531.0;-940.0;500.0;-138.0;-315.0;652.0
301.0;529.0;-940.0;500.0;-139.0;-316.0;651.0
302.0;528.0;-940.0;500.0;-140.0;?;651.0
304.0;527.0;-940.0;499.0;-141.0;-317.0;652.0
304.0;526.0;-940.0;499.0;-142.0;-317.0;653.0
304.0;525.0;-940.0;498.0;-144.0;-315.0;654.0
305.0;524.0;?;498.0;-146.0;-313.0;655.0
305.0;524.0;-939.0;498.0;-147.0;-311.0;656.0
304.0;524.0;-939.0;498.0;-147.0;-309.0;657.0
304.0;525.0;-940.0;499.0;-147.0;-307.0;658.0
304.0;525.0;-940.0;500.0;-148.0;-306.0;659.0
304.0;524.0;-939.0;?;-149.0;-306.0;659.0
304.0;524.0;-939.0;500.0;-149.0;-306.0;659.0
304.0;525.0;-940.0;500.0;-149.0;-306.0;659.0
303.0;525.0;-940.0;499.0;-149.0;-306.0;659.0
303.0;525.0;-940.0;499.0;-150.0;-305.0;659.0
304.0;526.0;-939.0;498.0;-150.0;-304.0;659.0
304.0;526.0;-939.0;498.0;-151.0;-304.0;659.0
305.0;527.0;-939.0;499.0;-151.0;-303.0;660.0
305.0;528.0;-939.0;500.0;-152.0;-303.0;660.0
304.0;528.0;-939.0;?;-152.0;-302.0;660.0
304.0;528.0;-939.0;499.0;-152.0;-302.0;660.0
305.0;528.0;-939.0;499.0;-153.0;-301.0;661.0
305.0;528.0;-939.0;499.0;-154.0;-301.0;661.0
306.0;?;-938.0;499.0;-154.0;-300.0;?
307.0;530.0;-938.0;500.0;?;-299.0;662.0
307.0;?;-938.0;501.0;-154.0;-297.0;662.0
307.0;532.0;-938.0;503.0;-154.0;-296.0;663.0
308.0;533.0;-938.0;505.0;-154.0;-294.0;663.0
308.0;533.0;?;506.0;-154.0;-293.0;663.0
308.0;533.0;-938.0;507.0;-154.0;-292.0;663.0
308.0;533.0;?;507.0;-154.0;-292.0;664.0
308.0;533.0;-938.0;507.0;-154.0;-292.0;664.0
309.0;533.0;-938.0;507.0;-155.0;-291.0;664.0
308.0;533.0;-938.0;507.0;-155.0;-291.0;664.0
308.0;534.0;-938.0;507.0;-155.0;-290.0;664.0
308.0;534.0;-938.0;507.0;-155.0;-290.0;664.0
308.0;535.0;-938.0;508.0;-154.0;-289.0;664.0
308.0;535.0;-938.0;509.0;-154.0;-289.0;664.0
308.0;536.0;-938.0;509.0;-154.0;-288.0;663.0
307.0;537.0;-939.0;510.0;-155.0;-288.0;663.0
307.0;537.0;-938.0;510.0;-155.0;-287.0;663.0
308.0;537.0;-938.0;510.0;-155.0;-287.0;?
308.0;535.0;-938.0;510.0;-155.0;-286.0;664.0
308.0;534.0;-938.0;510.0;-153.0;-285.0;665.0
307.0;533.0;-939.0;510.0;-150.0;-284.0;666.0
306.0;533.0;-939.0;509.0;-146.0;-282.0;666.0
305.0;534.0;-940.0;508.0;-141.0;-281.0;665.0
305.0;535.0;-940.0;508.0;-135.0;-281.0;664.0
305.0;536.0;-940.0;506.0;?;-282.0;663.0
306.0;?;-939.0;?;-129.0;-283.0;663.0
308.0;535.0;?;502.0;-127.0;-283.0;663.0
310.0;534.0;-937.0;?;-125.0;-284.0;663.0
312.0;532.0;-936.0;?;-123.0;-283.0;664.0
313.0;531.0;-934.0;496.0;-119.0;-281.0;666.0
315.0;530.0;-933.0;?;-116.0;-278.0;668.0
315.0;530.0;-932.0;494.0;-113.0;-275.0;670.0
316.0;?;-931.0;493.0;-108.0;-271.0;671.0
316.0;?;-929.0;492.0;?;-270.0;670.0
316.0;532.0;-925.0;490.0;-100.0;-269.0;668.0
317.0;532.0;-920.0;488.0;-94.0;-272.0;665.0
320.0;531.0;-912.0;482.0;-88.0;-276.0;660.0
321.0;532.0;?;474.0;-83.0;-283.0;653.0
322.0;534.0;-895.0;465.0;-79.0;-292.0;644.0
323.0;537.0;-885.0;455.0;-76.0;-305.0;630.0
327.0;542.0;-874.0;448.0;-72.0;-319.0;614.0
335.0;549.0;-863.0;445.0;-67.0;-334.0;594.0
344.0;556.0;-852.0;448.0;-64.0;-350.0;571.0
356.0;561.0;-842.0;460.0;?;-368.0;549.0
367.0;568.0;-836.0;470.0;-61.0;-386.0;527.0
374.0;574.0;-833.0;473.0;-61.0;-406.0;503.0
379.0;578.0;-830.0;473.0;-60.0;-426.0;480.0
381.0;580.0;-828.0;470.0;-59.0;-447.0;461.0
381.0;578.0;?;464.0;-59.0;-466.0;445.0
379.0;574.0;-827.0;457.0;-61.0;-483.0;432.0
373.0;569.0;-829.0;449.0;-63.0;-498.0;421.0
365.0;563.0;?;443.0;-66.0;-511.0;412.0
355.0;558.0;-834.0;438.0;-69.0;-523.0;403.0
344.0;554.0;-837.0;433.0;-74.0;-534.0;393.0
332.0;551.0;-840.0;431.0;-80.0;-543.0;384.0
321.0;548.0;-843.0;431.0;-87.0;-552.0;374.0
313.0;543.0;-846.0;431.0;-95.0;-562.0;363.0
305.0;537.0;-848.0;426.0;-105.0;-572.0;351.0
300.0;531.0;-849.0;415.0;-115.0;-584.0;338.0
?;526.0;-852.0;406.0;-124.0;-596.0;326.0
285.0;523.0;-854.0;400.0;-134.0;-605.0;313.0
?;520.0;-855.0;396.0;-144.0;-613.0;301.0
268.0;518.0;-855.0;393.0;-154.0;-620.0;290.0
261.0;517.0;-856.0;389.0;-158.0;-627.0;279.0
258.0;514.0;-857.0;384.0;-161.0;-634.0;270.0
256.0;510.0;-857.0;381.0;-165.0;-639.0;?
254.0;508.0;-856.0;379.0;-168.0;-642.0;256.0
251.0;507.0;-856.0;381.0;-173.0;-644.0;252.0
246.0;505.0;?;380.0;-178.0;-645.0;249.0
238.0;504.0;-854.0;379.0;-184.0;-646.0;248.0
232.0;502.0;-852.0;385.0;-188.0;-646.0;247.0
228.0;502.0;-849.0;394.0;-192.0;-645.0;246.0
225.0;503.0;-844.0;403.0;-196.0;-644.0;245.0
226.0;504.0;-839.0;414.0;-195.0;-641.0;243.0
226.0;507.0;-836.0;435.0;-193.0;-636.0;243.0
227.0;510.0;-834.0;454.0;-188.0;-629.0;244.0
228.0;512.0;-833.0;458.0;-185.0;?;246.0
231.0;513.0;-831.0;456.0;-184.0;-624.0;248.0
233.0;514.0;-831.0;447.0;-185.0;-625.0;248.0
?;513.0;-830.0;429.0;-188.0;-629.0;248.0
234.0;512.0;-829.0;410.0;-190.0;-636.0;247.0
236.0;?;-830.0;398.0;-193.0;-640.0;245.0
234.0;512.0;-831.0;404.0;-194.0;-641.0;244.0
231.0;514.0;-833.0;414.0;-192.0;-640.0;244.0
229.0;514.0;-834.0;422.0;-190.0;-638.0;244.0
229.0;513.0;-833.0;423.0;-189.0;-638.0;244.0
228.0;512.0;-833.0;426.0;-189.0;-637.0;245.0
228.0;514.0;-833.0;430.0;-190.0;-637.0;246.0
227.0;515.0;-833.0;437.0;-189.0;?;246.0
224.0;516.0;-834.0;444.0;-189.0;-637.0;245.0
222.0;516.0;-834.0;448.0;-188.0;-638.0;245.0
222.0;513.0;-834.0;453.0;-185.0;-637.0;244.0
222.0;512.0;-834.0;?;-184.0;-634.0;245.0
223.0;510.0;-834.0;464.0;-182.0;-631.0;245.0
224.0;509.0;-833.0;469.0;-180.0;-629.0;245.0
224.0;509.0;?;474.0;-179.0;-627.0;245.0
224.0;511.0;-831.0;480.0;-178.0;-626.0;245.0
224.0;513.0;-829.0;483.0;-179.0;-626.0;244.0
224.0;515.0;-827.0;483.0;-177.0;-627.0;243.0
224.0;516.0;-826.0;484.0;-175.0;-627.0;242.0
223.0;514.0;-826.0;480.0;-171.0;-627.0;242.0
221.0;510.0;-826.0;471.0;-168.0;-628.0;244.0
218.0;506.0;?;458.0;-166.0;-630.0;247.0
214.0;?;-824.0;455.0;-165.0;-630.0;?
209.0;509.0;-825.0;445.0;-167.0;-630.0;258.0
198.0;512.0;-830.0;432.0;-174.0;-627.0;271.0
180.0;515.0;-833.0;429.0;-183.0;-618.0;289.0
158.0;515.0;-836.0;433.0;-193.0;-604.0;312.0
136.0;508.0;-842.0;437.0;?;-585.0;337.0
115.0;501.0;-847.0;440.0;-215.0;-564.0;363.0
?;495.0;-849.0;441.0;-225.0;-538.0;391.0
77.0;489.0;-853.0;445.0;-234.0;-510.0;418.0
57.0;484.0;-862.0;450.0;-242.0;-482.0;?
37.0;481.0;-869.0;453.0;-248.0;-455.0;470.0
16.0;479.0;?;457.0;-249.0;-429.0;494.0
-8.0;?;-883.0;464.0;?;-405.0;515.0
-29.0;476.0;-890.0;470.0;-239.0;-383.0;534.0
-48.0;479.0;-895.0;479.0;-229.0;-362.0;552.0
-66.0;485.0;-899.0;489.0;-218.0;-343.0;566.0
-80.0;491.0;-901.0;501.0;-209.0;-325.0;580.0
-93.0;496.0;-901.0;514.0;-202.0;-309.0;591.0
?;502.0;-897.0;524.0;-195.0;-296.0;601.0
-105.0;508.0;-896.0;531.0;-184.0;-285.0;608.0
-111.0;513.0;-898.0;538.0;-173.0;-274.0;615.0
-115.0;518.0;-900.0;543.0;-164.0;-263.0;621.0
-117.0;522.0;-906.0;548.0;-156.0;-253.0;?
-120.0;524.0;-910.0;553.0;-151.0;-244.0;634.0
?;527.0;-909.0;555.0;-147.0;-236.0;640.0
-128.0;528.0;-905.0;557.0;-143.0;?;644.0
-132.0;530.0;-903.0;558.0;-140.0;-226.0;647.0
-137.0;533.0;-904.0;559.0;-137.0;-223.0;649.0
-142.0;535.0;?;558.0;-131.0;-220.0;650.0
-149.0;538.0;-909.0;558.0;-132.0;-217.0;652.0
-149.0;541.0;-907.0;556.0;-151.0;?;654.0
-133.0;543.0;-910.0;554.0;?;-207.0;657.0
?;545.0;-917.0;551.0;-193.0;-200.0;662.0
-51.0;546.0;?;550.0;-198.0;-193.0;667.0
16.0;547.0;-927.0;550.0;-191.0;-190.0;668.0
97.0;549.0;-924.0;547.0;-179.0;-189.0;665.0
180.0;551.0;-914.0;544.0;-164.0;?;661.0
262.0;553.0;-897.0;547.0;-147.0;-193.0;654.0
341.0;560.0;-879.0;553.0;-127.0;-195.0;644.0
411.0;570.0;?;563.0;-106.0;-196.0;633.0
468.0;581.0;-844.0;569.0;-81.0;-197.0;620.0
506.0;593.0;-829.0;574.0;-58.0;-198.0;607.0
531.0;604.0;-814.0;579.0;-44.0;-197.0;593.0
548.0;613.0;-801.0;582.0;-32.0;-194.0;578.0
557.0;620.0;-793.0;590.0;-25.0;?;565.0
558.0;622.0;-788.0;600.0;-21.0;-182.0;560.0
551.0;624.0;-787.0;604.0;-6.0;-175.0;560.0
542.0;625.0;-790.0;605.0;11.0;-168.0;561.0
532.0;626.0;-796.0;?;28.0;-163.0;561.0
520.0;626.0;-800.0;605.0;52.0;-159.0;561.0
507.0;626.0;-801.0;606.0;82.0;-157.0;560.0
495.0;629.0;-804.0;604.0;103.0;-155.0;559.0
485.0;630.0;-806.0;603.0;119.0;-155.0;558.0
479.0;632.0;-806.0;605.0;134.0;-155.0;556.0
476.0;634.0;-805.0;611.0;145.0;-155.0;554.0
474.0;636.0;-808.0;618.0;151.0;-157.0;550.0
472.0;638.0;-813.0;624.0;153.0;-158.0;546.0
475.0;640.0;-820.0;?;151.0;-158.0;541.0
473.0;642.0;-826.0;629.0;153.0;-157.0;536.0
469.0;642.0;-824.0;634.0;156.0;-155.0;531.0
468.0;639.0;-824.0;635.0;156.0;-154.0;527.0
465.0;636.0;-826.0;631.0;?;-154.0;523.0
466.0;631.0;-827.0;628.0;152.0;-153.0;521.0
467.0;625.0;-827.0;629.0;153.0;-153.0;521.0
466.0;621.0;-827.0;631.0;154.0;-154.0;522.0
468.0;?;-823.0;635.0;157.0;-157.0;523.0
472.0;611.0;-824.0;632.0;152.0;-162.0;526.0
473.0;605.0;-825.0;629.0;145.0;-170.0;530.0
476.0;602.0;-824.0;630.0;138.0;-180.0;532.0
481.0;600.0;-822.0;?;129.0;-191.0;533.0
486.0;597.0;?;630.0;120.0;-203.0;532.0
490.0;595.0;-815.0;631.0;114.0;-215.0;531.0
496.0;594.0;-808.0;635.0;110.0;-226.0;529.0
499.0;593.0;-807.0;634.0;103.0;-239.0;527.0
501.0;591.0;-808.0;634.0;95.0;-252.0;524.0
500.0;590.0;-809.0;636.0;86.0;-265.0;522.0
499.0;588.0;-810.0;640.0;76.0;-276.0;520.0
497.0;586.0;-810.0;645.0;64.0;-285.0;518.0
495.0;584.0;-811.0;651.0;50.0;-292.0;517.0
493.0;?;-813.0;655.0;31.0;-299.0;515.0
484.0;?;-819.0;658.0;7.0;-306.0;513.0
469.0;578.0;-829.0;661.0;-21.0;-314.0;509.0
452.0;578.0;-838.0;661.0;-46.0;-322.0;504.0
439.0;578.0;-841.0;658.0;-65.0;-329.0;499.0
431.0;578.0;-840.0;655.0;-76.0;-335.0;495.0
430.0;578.0;-832.0;651.0;?;-339.0;493.0
430.0;578.0;-827.0;648.0;-80.0;-341.0;490.0
429.0;580.0;-828.0;648.0;-80.0;?;487.0
427.0;582.0;-829.0;645.0;-81.0;-345.0;484.0
424.0;586.0;-829.0;646.0;-80.0;-345.0;480.0
421.0;590.0;-829.0;650.0;-80.0;-344.0;477.0
418.0;593.0;-829.0;654.0;-79.0;-343.0;475.0
417.0;594.0;-829.0;658.0;-78.0;-340.0;475.0
415.0;?;-831.0;660.0;-79.0;-338.0;475.0
413.0;592.0;-832.0;663.0;-81.0;-335.0;475.0
411.0;590.0;-832.0;667.0;-82.0;-332.0;475.0
410.0;588.0;-834.0;668.0;-83.0;-330.0;475.0
412.0;587.0;-833.0;667.0;-80.0;-329.0;474.0
418.0;588.0;-834.0;667.0;-75.0;-329.0;472.0
422.0;588.0;-835.0;666.0;-73.0;-331.0;471.0
424.0;588.0;?;666.0;-74.0;-333.0;469.0
426.0;588.0;-831.0;668.0;-74.0;-336.0;467.0
429.0;588.0;-829.0;668.0;-71.0;-340.0;465.0
433.0;588.0;-829.0;664.0;-67.0;-348.0;464.0
436.0;587.0;-829.0;656.0;-66.0;-355.0;464.0
437.0;586.0;-827.0;651.0;-66.0;-361.0;463.0
438.0;584.0;-826.0;648.0;-66.0;-366.0;464.0
?;583.0;-825.0;646.0;-63.0;-369.0;464.0
436.0;583.0;-825.0;643.0;?;-373.0;464.0
435.0;582.0;-823.0;639.0;-54.0;-377.0;464.0
433.0;581.0;-822.0;637.0;-53.0;-380.0;464.0
431.0;579.0;-820.0;635.0;-50.0;-382.0;463.0
432.0;578.0;-820.0;633.0;-49.0;-385.0;463.0
432.0;?;-820.0;631.0;-48.0;-387.0;463.0
432.0;577.0;-819.0;630.0;-46.0;-389.0;462.0
431.0;577.0;-819.0;628.0;-45.0;-392.0;461.0
429.0;576.0;-818.0;626.0;-45.0;-395.0;460.0
426.0;576.0;-817.0;624.0;-43.0;-398.0;459.0
423.0;576.0;-815.0;622.0;-40.0;?;457.0
421.0;576.0;-811.0;619.0;-36.0;-406.0;455.0
419.0;576.0;-809.0;614.0;-33.0;-410.0;454.0
417.0;576.0;-810.0;609.0;-32.0;-415.0;452.0
414.0;575.0;-812.0;605.0;-31.0;-419.0;451.0
414.0;574.0;-812.0;604.0;-28.0;-422.0;?
414.0;574.0;?;?;-26.0;-423.0;450.0
414.0;574.0;-814.0;604.0;-26.0;-425.0;449.0
414.0;574.0;-815.0;604.0;-25.0;-426.0;449.0
414.0;574.0;-816.0;603.0;-26.0;-427.0;449.0
415.0;574.0;-816.0;602.0;-27.0;-429.0;449.0
415.0;574.0;-815.0;602.0;-27.0;-430.0;448.0
416.0;574.0;-815.0;602.0;-28.0;-430.0;?
416.0;574.0;-815.0;601.0;-29.0;-431.0;447.0
416.0;575.0;-814.0;600.0;-29.0;-433.0;447.0
417.0;575.0;-814.0;601.0;-28.0;?;447.0
416.0;575.0;-814.0;600.0;-27.0;-435.0;446.0
416.0;575.0;-815.0;599.0;-26.0;-436.0;445.0
416.0;575.0;-815.0;599.0;-26.0;-437.0;445.0
415.0;576.0;-814.0;600.0;-25.0;-437.0;445.0
416.0;575.0;-813.0;600.0;-24.0;-438.0;445.0
417.0;575.0;-813.0;599.0;-24.0;-439.0;445.0
417.0;575.0;-812.0;598.0;-24.0;-440.0;445.0
416.0;575.0;-811.0;598.0;-23.0;-441.0;445.0
415.0;574.0;-811.0;597.0;-22.0;-442.0;444.0
414.0;?;-813.0;595.0;?;-443.0;444.0
414.0;575.0;-813.0;595.0;-19.0;-444.0;443.0
413.0;575.0;-813.0;596.0;-18.0;-444.0;443.0
413.0;575.0;-813.0;597.0;-18.0;-445.0;?
413.0;575.0;-813.0;596.0;-19.0;-446.0;443.0
?;576.0;-813.0;596.0;-20.0;-447.0;442.0
413.0;575.0;-811.0;595.0;-22.0;-447.0;442.0
413.0;574.0;-810.0;?;-23.0;-448.0;442.0
413.0;574.0;-807.0;592.0;-24.0;-449.0;442.0
413.0;573.0;-805.0;591.0;-27.0;-451.0;441.0
?;573.0;-799.0;589.0;-27.0;-452.0;442.0
409.0;572.0;-796.0;589.0;-30.0;-454.0;442.0
405.0;572.0;-795.0;589.0;-35.0;-454.0;443.0
?;573.0;-794.0;589.0;-41.0;-454.0;443.0
392.0;?;-795.0;590.0;-48.0;-454.0;443.0
380.0;572.0;-800.0;?;-54.0;-455.0;443.0
368.0;?;-803.0;590.0;-58.0;-456.0;443.0
357.0;572.0;-804.0;589.0;?;-457.0;444.0
346.0;572.0;-808.0;589.0;-56.0;?;444.0
339.0;572.0;-813.0;589.0;-54.0;-460.0;445.0
337.0;571.0;-816.0;589.0;-50.0;-461.0;446.0
337.0;571.0;-819.0;589.0;-47.0;?;446.0
339.0;571.0;-822.0;590.0;-45.0;-463.0;446.0
342.0;571.0;-827.0;590.0;-44.0;-464.0;446.0
346.0;571.0;-834.0;591.0;-44.0;-465.0;446.0
349.0;572.0;-843.0;590.0;-45.0;-465.0;446.0
351.0;572.0;-851.0;590.0;-48.0;-465.0;446.0
353.0;573.0;-857.0;590.0;-50.0;-466.0;446.0
353.0;?;-860.0;591.0;-51.0;-466.0;446.0
355.0;573.0;-861.0;591.0;-52.0;-466.0;446.0
357.0;573.0;-862.0;590.0;-52.0;-467.0;446.0
359.0;573.0;-864.0;590.0;-52.0;-467.0;?
359.0;573.0;?;590.0;-53.0;-467.0;446.0
360.0;574.0;-872.0;590.0;-54.0;-468.0;445.0
360.0;575.0;-876.0;590.0;-56.0;-468.0;445.0
360.0;575.0;-878.0;591.0;-57.0;-468.0;445.0
361.0;575.0;-879.0;591.0;-59.0;-469.0;445.0
361.0;?;-880.0;591.0;-61.0;-469.0;444.0
362.0;575.0;-883.0;591.0;-62.0;-469.0;444.0
362.0;575.0;-887.0;590.0;-66.0;-470.0;?
363.0;575.0;-890.0;589.0;-72.0;-471.0;444.0
364.0;574.0;-890.0;590.0;-74.0;-471.0;444.0
363.0;575.0;-891.0;590.0;-74.0;-471.0;444.0
?;575.0;-893.0;590.0;-77.0;?;443.0
360.0;575.0;-892.0;?;-78.0;-471.0;443.0
?;575.0;-893.0;589.0;-79.0;-471.0;443.0
359.0;575.0;-894.0;589.0;-81.0;-472.0;442.0
357.0;575.0;-894.0;589.0;-83.0;-472.0;?
353.0;574.0;-893.0;588.0;-82.0;-473.0;442.0
353.0;574.0;-895.0;588.0;-81.0;-473.0;442.0
353.0;575.0;-896.0;587.0;-83.0;-474.0;442.0
353.0;574.0;-893.0;587.0;-88.0;-474.0;442.0
355.0;575.0;-890.0;587.0;-86.0;?;441.0
356.0;575.0;-892.0;587.0;-86.0;-474.0;441.0
357.0;574.0;-891.0;587.0;-88.0;-474.0;441.0
357.0;574.0;-889.0;586.0;-91.0;-475.0;441.0
358.0;575.0;-888.0;586.0;-91.0;-475.0;441.0
359.0;574.0;-888.0;585.0;-91.0;-475.0;441.0
360.0;573.0;-885.0;584.0;-91.0;-475.0;442.0
361.0;570.0;-882.0;583.0;-91.0;-474.0;443.0
?;565.0;-882.0;582.0;-91.0;-473.0;446.0
365.0;560.0;-881.0;583.0;-93.0;-469.0;452.0
368.0;554.0;-881.0;587.0;-93.0;-461.0;?
369.0;548.0;?;?;-93.0;-452.0;467.0
369.0;541.0;-880.0;?;-96.0;-444.0;476.0
370.0;?;-878.0;590.0;-98.0;-434.0;486.0
371.0;530.0;-877.0;593.0;-102.0;-422.0;496.0
372.0;528.0;-876.0;600.0;-104.0;-407.0;?
372.0;527.0;-876.0;606.0;-105.0;-390.0;516.0
371.0;527.0;-877.0;612.0;-106.0;-376.0;525.0
?;527.0;?;615.0;-108.0;?;532.0
371.0;529.0;-879.0;620.0;-109.0;-353.0;538.0
371.0;532.0;-881.0;625.0;-111.0;-342.0;542.0
370.0;533.0;-882.0;629.0;-115.0;-331.0;544.0
368.0;535.0;-883.0;629.0;-119.0;-323.0;545.0
366.0;535.0;-884.0;629.0;-121.0;-313.0;544.0
364.0;536.0;-885.0;631.0;-122.0;-302.0;542.0
363.0;537.0;-886.0;637.0;-122.0;-289.0;541.0
360.0;539.0;-887.0;644.0;-122.0;-277.0;539.0
359.0;541.0;-889.0;648.0;-120.0;-267.0;537.0
359.0;543.0;-890.0;649.0;-119.0;?;535.0
359.0;544.0;-892.0;652.0;-117.0;-250.0;534.0
360.0;546.0;-894.0;658.0;-115.0;-242.0;533.0
361.0;547.0;-895.0;660.0;-113.0;-234.0;532.0
362.0;548.0;-897.0;662.0;-112.0;-228.0;532.0
362.0;?;-898.0;660.0;-113.0;-224.0;532.0
362.0;547.0;-898.0;657.0;?;-223.0;532.0
362.0;548.0;-898.0;655.0;-118.0;-222.0;532.0
361.0;548.0;-897.0;654.0;-121.0;-220.0;532.0
361.0;550.0;-896.0;653.0;-124.0;-216.0;532.0
361.0;551.0;-896.0;654.0;-124.0;-213.0;533.0
361.0;554.0;-897.0;656.0;-124.0;-208.0;533.0
?;556.0;-897.0;657.0;-123.0;-203.0;534.0
361.0;559.0;-896.0;659.0;-123.0;-198.0;535.0
361.0;561.0;-896.0;657.0;-123.0;-195.0;536.0
363.0;562.0;-896.0;649.0;-124.0;-195.0;537.0
365.0;564.0;-897.0;641.0;-124.0;-196.0;540.0
367.0;565.0;-897.0;632.0;-123.0;-198.0;544.0
368.0;567.0;-897.0;618.0;-123.0;-204.0;550.0
368.0;568.0;-897.0;588.0;-123.0;-216.0;556.0
369.0;567.0;-896.0;547.0;-124.0;-230.0;562.0
370.0;563.0;?;?;?;-248.0;570.0
372.0;555.0;-895.0;482.0;-130.0;-268.0;579.0
373.0;549.0;-894.0;470.0;-134.0;-288.0;586.0
376.0;544.0;-892.0;476.0;-137.0;?;594.0
377.0;540.0;-892.0;500.0;-140.0;-317.0;601.0
377.0;538.0;-891.0;534.0;-142.0;-322.0;608.0
377.0;539.0;-890.0;551.0;-143.0;-322.0;612.0
373.0;541.0;-890.0;552.0;-146.0;-325.0;617.0
371.0;540.0;-891.0;559.0;-150.0;-326.0;619.0
370.0;540.0;-891.0;576.0;-152.0;-324.0;618.0
371.0;539.0;-890.0;591.0;-151.0;-322.0;614.0
374.0;538.0;-888.0;?;-150.0;-319.0;610.0
376.0;538.0;-885.0;600.0;-148.0;-317.0;608.0
378.0;536.0;-884.0;?;-145.0;-316.0;607.0
380.0;534.0;-883.0;601.0;-140.0;-315.0;607.0
381.0;533.0;-883.0;599.0;-134.0;-316.0;607.0
381.0;531.0;-884.0;599.0;?;-318.0;607.0
380.0;530.0;-886.0;602.0;-122.0;-318.0;608.0
378.0;529.0;-888.0;606.0;-119.0;?;610.0
376.0;529.0;-890.0;610.0;-119.0;-314.0;611.0
374.0;530.0;-892.0;614.0;-122.0;-313.0;612.0
372.0;531.0;-893.0;617.0;-127.0;-313.0;612.0
371.0;531.0;?;619.0;-132.0;-313.0;613.0
371.0;530.0;-894.0;621.0;-135.0;-314.0;613.0
372.0;529.0;-893.0;623.0;-137.0;-315.0;613.0
373.0;528.0;-891.0;625.0;-136.0;-316.0;612.0
375.0;526.0;-890.0;628.0;-133.0;-317.0;?
375.0;526.0;-889.0;629.0;-129.0;-317.0;612.0
375.0;?;-888.0;631.0;-123.0;-317.0;612.0
374.0;?;-888.0;631.0;-116.0;-316.0;612.0
374.0;527.0;-889.0;632.0;-110.0;-316.0;612.0
373.0;528.0;-890.0;633.0;-109.0;-315.0;613.0
372.0;530.0;-892.0;635.0;-111.0;-314.0;613.0
372.0;531.0;-894.0;636.0;-115.0;-314.0;614.0
373.0;532.0;-895.0;637.0;-120.0;-314.0;614.0
374.0;532.0;-894.0;638.0;-126.0;-314.0;615.0
374.0;532.0;-892.0;639.0;-133.0;-315.0;615.0
374.0;531.0;-889.0;639.0;-140.0;-317.0;614.0
374.0;531.0;-887.0;640.0;-143.0;-319.0;613.0
375.0;531.0;-886.0;641.0;-142.0;-320.0;613.0
374.0;530.0;-887.0;642.0;-136.0;-321.0;612.0
375.0;530.0;-887.0;643.0;-129.0;-321.0;612.0
375.0;531.0;-887.0;644.0;-123.0;-320.0;612.0
374.0;532.0;?;644.0;-118.0;-320.0;612.0
372.0;533.0;-891.0;645.0;-116.0;?;612.0
371.0;533.0;-892.0;645.0;-119.0;-322.0;613.0
372.0;532.0;-893.0;646.0;-126.0;-323.0;613.0
372.0;530.0;-892.0;646.0;?;-324.0;613.0
373.0;?;?;646.0;-142.0;-327.0;612.0
374.0;527.0;-890.0;646.0;-148.0;-328.0;612.0
376.0;?;-887.0;646.0;-151.0;-329.0;612.0
378.0;525.0;-885.0;646.0;-152.0;-330.0;612.0
379.0;525.0;-884.0;648.0;-149.0;-329.0;?
381.0;526.0;-883.0;649.0;-141.0;-329.0;613.0
383.0;528.0;-884.0;650.0;-131.0;-328.0;613.0
385.0;529.0;-885.0;651.0;?;-328.0;614.0
383.0;531.0;-888.0;652.0;-116.0;-326.0;615.0
380.0;533.0;-891.0;653.0;-117.0;-325.0;616.0
378.0;535.0;-892.0;654.0;?;-325.0;616.0
376.0;536.0;-892.0;655.0;-131.0;-325.0;617.0
375.0;537.0;-892.0;655.0;-141.0;-325.0;617.0
374.0;537.0;-890.0;655.0;-150.0;-325.0;617.0
374.0;537.0;-888.0;655.0;?;-325.0;617.0
376.0;537.0;-884.0;655.0;?;-326.0;616.0
378.0;537.0;-882.0;655.0;-156.0;-326.0;616.0
380.0;537.0;-882.0;655.0;-150.0;-326.0;616.0
380.0;538.0;-883.0;655.0;-143.0;-325.0;615.0
379.0;538.0;-884.0;655.0;-135.0;-325.0;615.0
377.0;538.0;-887.0;655.0;-129.0;-325.0;615.0
375.0;539.0;-890.0;654.0;-127.0;-324.0;615.0
372.0;540.0;-893.0;654.0;-130.0;-324.0;615.0
370.0;540.0;-894.0;653.0;-134.0;-325.0;614.0
369.0;540.0;-894.0;653.0;-138.0;-325.0;613.0
369.0;540.0;-892.0;653.0;-142.0;-326.0;613.0
370.0;539.0;-890.0;652.0;-148.0;-326.0;613.0
372.0;538.0;-887.0;652.0;-152.0;-325.0;613.0
375.0;538.0;-884.0;651.0;-154.0;-326.0;613.0
378.0;538.0;-883.0;651.0;-150.0;-326.0;613.0
380.0;539.0;-883.0;650.0;-142.0;-326.0;613.0
381.0;539.0;-885.0;650.0;?;-325.0;614.0
381.0;540.0;-887.0;650.0;-131.0;-324.0;614.0
380.0;541.0;-889.0;651.0;-128.0;-324.0;614.0
379.0;542.0;-892.0;651.0;-130.0;-324.0;614.0
379.0;540.0;-893.0;650.0;?;-325.0;615.0
381.0;538.0;-891.0;?;?;-326.0;615.0
383.0;536.0;-888.0;651.0;-152.0;-327.0;614.0
385.0;534.0;-885.0;650.0;-158.0;-328.0;614.0
387.0;533.0;-882.0;650.0;?;-328.0;614.0
387.0;533.0;-881.0;649.0;-157.0;-328.0;614.0
388.0;534.0;-880.0;649.0;-148.0;?;614.0
390.0;535.0;-882.0;650.0;-139.0;-327.0;614.0
388.0;536.0;-885.0;650.0;-130.0;-327.0;615.0
386.0;536.0;-888.0;650.0;-124.0;-327.0;615.0
382.0;537.0;-892.0;650.0;-123.0;-327.0;615.0
379.0;537.0;-894.0;650.0;-128.0;-327.0;615.0
378.0;537.0;-893.0;650.0;-137.0;-327.0;615.0
376.0;537.0;?;651.0;-148.0;?;615.0
375.0;536.0;?;651.0;-157.0;-328.0;614.0
376.0;536.0;-886.0;651.0;-161.0;-327.0;614.0
377.0;537.0;-883.0;652.0;?;-328.0;614.0
380.0;539.0;-881.0;652.0;-158.0;-327.0;614.0
383.0;539.0;-880.0;?;-151.0;-327.0;614.0
385.0;540.0;-881.0;652.0;-143.0;-327.0;614.0
384.0;541.0;-883.0;653.0;-135.0;-327.0;614.0
381.0;542.0;-887.0;653.0;-132.0;-327.0;614.0
376.0;543.0;-891.0;653.0;-132.0;-328.0;613.0
373.0;544.0;-894.0;?;-136.0;-329.0;?
370.0;545.0;-895.0;654.0;-141.0;-329.0;613.0
368.0;545.0;-894.0;654.0;-148.0;?;612.0
368.0;545.0;-892.0;654.0;-156.0;-330.0;613.0
?;544.0;-888.0;654.0;-162.0;?;613.0
372.0;543.0;-884.0;654.0;-166.0;-330.0;613.0
376.0;543.0;-881.0;654.0;-164.0;-330.0;613.0
379.0;544.0;-879.0;654.0;-158.0;-330.0;613.0
381.0;544.0;-880.0;654.0;-149.0;-329.0;614.0
381.0;?;-882.0;654.0;-142.0;-328.0;614.0
379.0;545.0;-886.0;654.0;-136.0;-327.0;614.0
375.0;545.0;-890.0;653.0;?;-327.0;614.0
370.0;545.0;-894.0;?;-130.0;-327.0;614.0
366.0;545.0;-897.0;653.0;-132.0;-327.0;613.0
365.0;545.0;-897.0;652.0;-137.0;-328.0;613.0
364.0;545.0;-895.0;?;-141.0;-327.0;613.0
364.0;544.0;-892.0;651.0;-146.0;-327.0;613.0
367.0;544.0;-890.0;650.0;-148.0;-327.0;614.0
370.0;544.0;-888.0;650.0;-143.0;-327.0;614.0
373.0;544.0;-888.0;650.0;-138.0;-326.0;614.0
376.0;545.0;-889.0;650.0;-137.0;-326.0;614.0
378.0;546.0;-889.0;649.0;-141.0;-326.0;613.0
379.0;546.0;-888.0;649.0;?;-325.0;613.0
381.0;547.0;-887.0;649.0;-144.0;-325.0;613.0
384.0;548.0;-886.0;649.0;-143.0;-324.0;612.0
386.0;548.0;-887.0;648.0;-141.0;-325.0;612.0
388.0;548.0;-888.0;648.0;-140.0;-325.0;612.0
389.0;548.0;-889.0;648.0;-137.0;-325.0;611.0
388.0;548.0;-891.0;647.0;-132.0;-325.0;610.0
385.0;549.0;-893.0;647.0;-126.0;-325.0;609.0
380.0;549.0;?;647.0;-118.0;-325.0;609.0
373.0;550.0;?;646.0;-110.0;-325.0;608.0
363.0;550.0;-903.0;646.0;-101.0;-325.0;608.0
356.0;551.0;-905.0;645.0;-95.0;-324.0;607.0
353.0;551.0;-907.0;645.0;-89.0;-324.0;606.0
351.0;551.0;-907.0;644.0;-83.0;-323.0;606.0
348.0;552.0;-907.0;644.0;-77.0;-322.0;605.0
344.0;553.0;-909.0;643.0;-72.0;-321.0;605.0
341.0;554.0;-910.0;643.0;-65.0;-320.0;605.0
339.0;555.0;-910.0;644.0;-61.0;-318.0;606.0
338.0;555.0;-909.0;644.0;-61.0;-317.0;606.0
338.0;555.0;-907.0;644.0;-62.0;-316.0;607.0
338.0;555.0;-906.0;644.0;-62.0;-315.0;607.0
338.0;555.0;?;644.0;-61.0;?;608.0
336.0;554.0;-907.0;644.0;-59.0;-314.0;608.0
333.0;554.0;-908.0;?;-53.0;-314.0;608.0
332.0;554.0;-908.0;644.0;-51.0;?;608.0
331.0;554.0;-906.0;643.0;-49.0;-313.0;609.0
?;554.0;?;643.0;-48.0;-313.0;608.0
330.0;555.0;-905.0;643.0;-48.0;-311.0;609.0
328.0;555.0;?;643.0;-47.0;-311.0;609.0
325.0;556.0;-904.0;644.0;-41.0;-310.0;610.0
322.0;556.0;-903.0;644.0;-37.0;-310.0;610.0
321.0;556.0;-902.0;645.0;-37.0;-309.0;610.0
321.0;557.0;-901.0;645.0;-37.0;-309.0;609.0
320.0;557.0;-901.0;645.0;-35.0;-309.0;610.0
318.0;557.0;-900.0;644.0;-31.0;-309.0;609.0
318.0;558.0;-897.0;645.0;-30.0;-309.0;609.0
319.0;558.0;-894.0;645.0;-30.0;-309.0;608.0
322.0;558.0;-889.0;645.0;-31.0;-308.0;608.0
322.0;559.0;?;645.0;-32.0;-308.0;607.0
322.0;561.0;-882.0;645.0;-33.0;-307.0;606.0
321.0;563.0;-882.0;646.0;-34.0;-306.0;605.0
319.0;565.0;-884.0;647.0;-36.0;-306.0;603.0
317.0;566.0;-883.0;646.0;-36.0;-305.0;602.0
316.0;567.0;-881.0;646.0;-36.0;-305.0;602.0
314.0;568.0;-879.0;648.0;-37.0;-305.0;600.0
310.0;570.0;-877.0;649.0;-38.0;-304.0;598.0
307.0;572.0;-875.0;649.0;-37.0;-305.0;597.0
305.0;573.0;-870.0;650.0;-37.0;-305.0;596.0
302.0;575.0;-858.0;651.0;-33.0;-306.0;594.0
300.0;577.0;-839.0;651.0;-29.0;-307.0;591.0
301.0;580.0;-817.0;652.0;-24.0;-309.0;587.0
304.0;582.0;-799.0;652.0;-17.0;-310.0;585.0
310.0;586.0;-791.0;653.0;-11.0;-310.0;582.0
320.0;?;-787.0;655.0;-3.0;-312.0;579.0
334.0;592.0;-783.0;656.0;9.0;-313.0;575.0
349.0;?;-776.0;656.0;21.0;-316.0;572.0
366.0;597.0;-768.0;?;33.0;-319.0;568.0
385.0;599.0;-757.0;656.0;45.0;-323.0;563.0
403.0;601.0;-748.0;655.0;57.0;-326.0;558.0
421.0;602.0;-743.0;654.0;68.0;-330.0;552.0
438.0;603.0;-735.0;651.0;80.0;-333.0;544.0
452.0;605.0;?;649.0;94.0;-335.0;539.0
461.0;608.0;-726.0;647.0;102.0;-337.0;533.0
460.0;613.0;-727.0;647.0;110.0;-336.0;529.0
454.0;619.0;-727.0;648.0;115.0;-333.0;526.0
448.0;625.0;-737.0;649.0;113.0;-328.0;525.0
438.0;631.0;-746.0;653.0;112.0;-322.0;525.0
429.0;637.0;-753.0;659.0;112.0;-318.0;528.0
421.0;641.0;-760.0;665.0;111.0;-316.0;531.0
413.0;643.0;-763.0;670.0;115.0;-317.0;534.0
403.0;645.0;-771.0;673.0;?;-319.0;535.0
393.0;646.0;-780.0;?;115.0;?;535.0
381.0;?;-787.0;676.0;118.0;-326.0;534.0
368.0;647.0;-792.0;677.0;122.0;?;534.0
357.0;648.0;-797.0;678.0;124.0;-330.0;534.0
349.0;650.0;-802.0;680.0;127.0;-331.0;534.0
343.0;653.0;-803.0;683.0;132.0;-331.0;533.0
340.0;654.0;?;685.0;136.0;?;533.0
337.0;655.0;-812.0;686.0;139.0;-333.0;532.0
336.0;655.0;-821.0;687.0;137.0;-335.0;532.0
335.0;656.0;-831.0;686.0;132.0;-335.0;532.0
333.0;656.0;-842.0;687.0;127.0;-336.0;531.0
330.0;656.0;-852.0;687.0;119.0;?;531.0
329.0;?;-864.0;687.0;110.0;-335.0;531.0
327.0;656.0;-875.0;687.0;101.0;-334.0;531.0
325.0;656.0;-881.0;687.0;97.0;-332.0;531.0
329.0;655.0;-882.0;686.0;93.0;-331.0;?
342.0;655.0;-882.0;685.0;81.0;-329.0;530.0
366.0;654.0;-887.0;684.0;55.0;-328.0;530.0
?;653.0;-895.0;682.0;18.0;-326.0;530.0
402.0;653.0;-897.0;681.0;-20.0;-325.0;529.0
407.0;652.0;-898.0;679.0;-52.0;-324.0;529.0
399.0;652.0;-901.0;679.0;?;-324.0;529.0
380.0;652.0;-907.0;678.0;-84.0;-323.0;528.0
352.0;651.0;-914.0;677.0;-85.0;-324.0;527.0
?;651.0;?;675.0;-74.0;-324.0;527.0
?;650.0;?;673.0;-67.0;-323.0;527.0
278.0;648.0;-919.0;671.0;-60.0;-322.0;528.0
274.0;647.0;-906.0;670.0;-49.0;-321.0;531.0
278.0;646.0;-886.0;671.0;-35.0;-318.0;533.0
286.0;645.0;-865.0;671.0;-25.0;-314.0;536.0
?;644.0;-846.0;671.0;-16.0;-311.0;539.0
302.0;643.0;-829.0;669.0;-5.0;-307.0;541.0
308.0;642.0;-813.0;666.0;7.0;-304.0;543.0
311.0;641.0;-794.0;664.0;21.0;-300.0;545.0
312.0;641.0;-781.0;663.0;30.0;-297.0;?
313.0;640.0;-778.0;?;?;-294.0;548.0
314.0;641.0;-779.0;663.0;33.0;-292.0;550.0
312.0;641.0;?;664.0;32.0;-290.0;551.0
311.0;640.0;-778.0;665.0;30.0;-289.0;553.0
309.0;639.0;-777.0;?;31.0;-289.0;554.0
310.0;638.0;-780.0;665.0;31.0;-290.0;555.0
312.0;638.0;-787.0;665.0;?;-290.0;555.0
312.0;639.0;-796.0;665.0;31.0;-291.0;554.0
311.0;640.0;-801.0;666.0;31.0;-291.0;554.0
308.0;641.0;-804.0;666.0;30.0;-291.0;554.0
305.0;642.0;-808.0;667.0;28.0;-290.0;555.0
299.0;642.0;-813.0;668.0;26.0;-290.0;555.0
295.0;642.0;-816.0;668.0;26.0;-290.0;555.0
288.0;641.0;-820.0;669.0;27.0;-289.0;556.0
281.0;641.0;-824.0;668.0;28.0;-290.0;557.0
275.0;641.0;-827.0;668.0;30.0;-290.0;557.0
267.0;641.0;?;668.0;30.0;-290.0;557.0
259.0;641.0;-829.0;668.0;32.0;-289.0;558.0
253.0;641.0;-824.0;668.0;35.0;-288.0;559.0
246.0;641.0;-821.0;668.0;34.0;-286.0;561.0
?;639.0;-816.0;668.0;35.0;-284.0;564.0
?;637.0;-818.0;668.0;35.0;-280.0;567.0
250.0;633.0;-823.0;667.0;32.0;?;571.0
?;630.0;-823.0;?;29.0;-274.0;575.0
265.0;627.0;-824.0;665.0;26.0;-270.0;580.0
274.0;624.0;-824.0;?;25.0;-267.0;584.0
283.0;621.0;-823.0;663.0;22.0;-264.0;589.0
292.0;619.0;-816.0;663.0;21.0;-260.0;592.0
300.0;616.0;?;661.0;20.0;-257.0;596.0
306.0;?;-808.0;660.0;19.0;-253.0;599.0
312.0;612.0;-806.0;657.0;19.0;-250.0;601.0
317.0;609.0;-804.0;654.0;18.0;-247.0;604.0
320.0;606.0;-801.0;?;15.0;-243.0;607.0
324.0;603.0;-799.0;648.0;12.0;-239.0;609.0
327.0;600.0;-795.0;645.0;8.0;-234.0;611.0
?;597.0;-791.0;641.0;4.0;-229.0;613.0
332.0;595.0;-789.0;638.0;-2.0;-225.0;615.0
334.0;592.0;-785.0;635.0;-8.0;-220.0;616.0
340.0;590.0;-780.0;632.0;-16.0;-215.0;617.0
348.0;588.0;-776.0;629.0;-25.0;-211.0;618.0
358.0;587.0;-772.0;627.0;-36.0;-206.0;618.0
371.0;586.0;-769.0;625.0;-49.0;-201.0;617.0
385.0;585.0;-764.0;624.0;-62.0;-196.0;617.0
399.0;585.0;-761.0;623.0;-76.0;-191.0;616.0
?;585.0;-756.0;622.0;-88.0;-187.0;614.0
427.0;585.0;-752.0;622.0;-103.0;-183.0;611.0
441.0;585.0;-748.0;622.0;-117.0;-179.0;609.0
455.0;585.0;-744.0;621.0;-131.0;-177.0;607.0
468.0;584.0;-740.0;620.0;-146.0;-176.0;604.0
479.0;583.0;-734.0;619.0;-159.0;-175.0;601.0
489.0;583.0;-729.0;621.0;-171.0;-174.0;599.0
498.0;584.0;-725.0;621.0;-182.0;-174.0;596.0
505.0;583.0;-720.0;622.0;-192.0;-174.0;593.0
512.0;584.0;-716.0;622.0;-200.0;-174.0;591.0
518.0;584.0;-712.0;622.0;-208.0;-175.0;589.0
523.0;585.0;-708.0;623.0;-215.0;-175.0;588.0
528.0;585.0;-705.0;624.0;-221.0;-176.0;586.0
533.0;584.0;-702.0;623.0;-225.0;-177.0;585.0
?;584.0;-699.0;623.0;-229.0;-178.0;584.0
539.0;?;?;624.0;-232.0;-180.0;583.0
542.0;583.0;-695.0;624.0;-236.0;-181.0;582.0
545.0;583.0;-694.0;625.0;-240.0;-182.0;581.0
547.0;584.0;-693.0;626.0;-243.0;-183.0;581.0
548.0;?;-692.0;627.0;-248.0;-183.0;581.0
549.0;584.0;-691.0;628.0;-252.0;-184.0;580.0
550.0;585.0;-691.0;628.0;-255.0;-185.0;?
551.0;585.0;-690.0;629.0;-259.0;-186.0;579.0
551.0;583.0;-690.0;628.0;-264.0;-187.0;580.0
552.0;582.0;-690.0;627.0;-268.0;-188.0;581.0
553.0;581.0;-690.0;627.0;-272.0;-190.0;581.0
553.0;580.0;-690.0;627.0;-275.0;-190.0;581.0
554.0;580.0;-690.0;627.0;-278.0;-191.0;580.0
555.0;580.0;-690.0;628.0;-282.0;?;580.0
555.0;581.0;-691.0;628.0;-286.0;-192.0;580.0
556.0;582.0;-691.0;629.0;-288.0;-191.0;580.0
557.0;583.0;-691.0;630.0;-290.0;-191.0;580.0
558.0;584.0;-692.0;631.0;-293.0;-191.0;580.0
558.0;584.0;-692.0;631.0;-296.0;-191.0;580.0
559.0;584.0;-691.0;631.0;-298.0;-192.0;579.0
559.0;584.0;-691.0;632.0;-300.0;-193.0;?
560.0;585.0;-691.0;632.0;-302.0;-193.0;579.0
561.0;586.0;-690.0;633.0;-304.0;-194.0;578.0
562.0;586.0;-689.0;634.0;-306.0;-194.0;578.0
563.0;587.0;-688.0;634.0;-308.0;-194.0;578.0
563.0;588.0;-687.0;634.0;?;-194.0;577.0
564.0;589.0;-687.0;635.0;-311.0;-194.0;576.0
565.0;589.0;-687.0;635.0;-311.0;-195.0;576.0
?;590.0;-686.0;636.0;-311.0;-195.0;576.0
566.0;590.0;-685.0;637.0;-311.0;-196.0;575.0
566.0;590.0;-685.0;637.0;-311.0;-196.0;575.0
567.0;590.0;-685.0;638.0;-310.0;-196.0;575.0
567.0;591.0;-685.0;638.0;-309.0;-197.0;575.0
568.0;591.0;?;638.0;-309.0;-197.0;574.0
568.0;591.0;?;639.0;-308.0;-197.0;574.0
568.0;591.0;-684.0;639.0;-307.0;-197.0;575.0
569.0;592.0;-684.0;639.0;-306.0;-197.0;575.0
569.0;?;-683.0;640.0;-305.0;-197.0;575.0
?;593.0;-684.0;640.0;-302.0;-197.0;575.0
568.0;593.0;-684.0;640.0;-298.0;-197.0;575.0
568.0;594.0;-685.0;641.0;-293.0;-196.0;?
567.0;594.0;-685.0;641.0;-288.0;-196.0;575.0
567.0;594.0;-685.0;641.0;-282.0;-195.0;575.0
566.0;594.0;-687.0;641.0;-276.0;-196.0;575.0
565.0;594.0;-688.0;641.0;-270.0;-195.0;575.0
564.0;594.0;-688.0;641.0;-263.0;-195.0;575.0
562.0;594.0;-689.0;641.0;-254.0;-195.0;575.0
561.0;594.0;-691.0;641.0;-245.0;?;575.0
559.0;594.0;-692.0;641.0;-235.0;-196.0;574.0
556.0;594.0;-694.0;641.0;-224.0;-196.0;574.0
552.0;595.0;-695.0;641.0;-215.0;-196.0;574.0
?;?;-697.0;641.0;-203.0;-195.0;574.0
543.0;595.0;-701.0;641.0;-190.0;-195.0;575.0
536.0;595.0;?;642.0;-178.0;-196.0;?
530.0;595.0;-707.0;641.0;-165.0;-196.0;575.0
523.0;595.0;-710.0;640.0;-152.0;-196.0;576.0
517.0;594.0;-713.0;640.0;-139.0;?;577.0
509.0;?;-717.0;641.0;-127.0;-196.0;578.0
501.0;595.0;-722.0;641.0;-113.0;-196.0;578.0
493.0;595.0;-726.0;642.0;-101.0;-197.0;578.0
483.0;595.0;-730.0;642.0;-91.0;-198.0;578.0
474.0;596.0;-734.0;642.0;-79.0;-199.0;?
465.0;597.0;-738.0;643.0;-68.0;-199.0;?
457.0;597.0;-743.0;643.0;-60.0;-200.0;578.0
450.0;599.0;-748.0;644.0;-52.0;-201.0;577.0
443.0;600.0;-753.0;645.0;-46.0;-203.0;577.0
438.0;601.0;-757.0;646.0;-41.0;-203.0;576.0
434.0;602.0;-762.0;646.0;-35.0;-204.0;575.0
431.0;603.0;-767.0;647.0;-30.0;-205.0;574.0
428.0;604.0;-771.0;648.0;-25.0;-207.0;572.0
426.0;606.0;-775.0;648.0;-22.0;-208.0;571.0
425.0;607.0;-780.0;650.0;-19.0;-208.0;569.0
422.0;609.0;-785.0;650.0;-16.0;-209.0;566.0
419.0;610.0;-789.0;651.0;-12.0;-210.0;563.0
414.0;612.0;-791.0;651.0;-7.0;-210.0;560.0
?;614.0;-794.0;652.0;0.0;-211.0;558.0
401.0;615.0;-798.0;653.0;7.0;-212.0;556.0
393.0;617.0;-800.0;654.0;14.0;-213.0;554.0
384.0;618.0;-802.0;654.0;24.0;-214.0;552.0
375.0;619.0;-804.0;655.0;34.0;-214.0;551.0
367.0;620.0;-805.0;656.0;45.0;-216.0;549.0
360.0;622.0;-807.0;657.0;53.0;-217.0;548.0
356.0;623.0;-809.0;658.0;61.0;-219.0;548.0
353.0;624.0;-810.0;658.0;67.0;-220.0;547.0
348.0;625.0;-813.0;659.0;?;-221.0;547.0
339.0;626.0;-816.0;659.0;78.0;-223.0;546.0
331.0;627.0;-818.0;660.0;85.0;-224.0;546.0
323.0;629.0;-820.0;661.0;89.0;-225.0;546.0
315.0;630.0;-823.0;661.0;91.0;-226.0;546.0
?;630.0;-822.0;661.0;95.0;-227.0;545.0
301.0;630.0;-822.0;661.0;100.0;-228.0;545.0
296.0;630.0;-822.0;661.0;102.0;-229.0;545.0
291.0;631.0;-820.0;662.0;106.0;-229.0;544.0
287.0;632.0;-818.0;662.0;109.0;-231.0;544.0
281.0;632.0;-817.0;662.0;112.0;-232.0;544.0
276.0;633.0;-815.0;663.0;114.0;-233.0;544.0
273.0;634.0;-815.0;664.0;116.0;-234.0;544.0
271.0;635.0;-816.0;665.0;116.0;-234.0;543.0
267.0;636.0;?;666.0;118.0;-234.0;543.0
263.0;636.0;-815.0;665.0;117.0;?;543.0
260.0;637.0;-813.0;666.0;?;-235.0;543.0
262.0;637.0;-815.0;666.0;112.0;-235.0;543.0
?;637.0;-820.0;666.0;?;-235.0;544.0
265.0;637.0;-822.0;666.0;106.0;-234.0;543.0
?;637.0;-821.0;666.0;106.0;-233.0;543.0
265.0;?;-820.0;666.0;106.0;?;543.0
268.0;637.0;-820.0;665.0;104.0;-231.0;543.0
?;636.0;-818.0;665.0;102.0;-230.0;543.0
277.0;635.0;-812.0;664.0;101.0;-228.0;543.0
287.0;634.0;-805.0;663.0;99.0;-227.0;544.0
298.0;633.0;-808.0;662.0;93.0;-225.0;545.0
311.0;632.0;-821.0;661.0;79.0;-223.0;546.0
322.0;?;-839.0;660.0;60.0;-221.0;548.0
?;629.0;-859.0;659.0;37.0;-220.0;550.0
320.0;627.0;-876.0;658.0;12.0;-219.0;553.0
?;625.0;-888.0;657.0;-9.0;-218.0;556.0
291.0;622.0;-898.0;656.0;-26.0;-217.0;?
266.0;618.0;-907.0;654.0;-37.0;-216.0;564.0
234.0;?;?;650.0;-46.0;-215.0;569.0
194.0;607.0;-930.0;642.0;-54.0;-215.0;573.0
153.0;600.0;?;630.0;-60.0;-217.0;576.0
118.0;594.0;-940.0;618.0;-77.0;-220.0;578.0
86.0;590.0;-930.0;607.0;-87.0;-222.0;579.0
63.0;589.0;-926.0;597.0;?;-223.0;578.0
49.0;590.0;-926.0;?;-99.0;-221.0;576.0
50.0;593.0;-929.0;586.0;-110.0;-215.0;574.0
53.0;597.0;-924.0;584.0;-123.0;-207.0;574.0
59.0;600.0;-920.0;583.0;-130.0;-199.0;576.0
65.0;603.0;-921.0;583.0;-128.0;-192.0;579.0
69.0;604.0;-922.0;583.0;-131.0;-188.0;580.0
69.0;603.0;-922.0;583.0;-134.0;-187.0;581.0
70.0;601.0;-919.0;584.0;-139.0;-186.0;581.0
75.0;598.0;-917.0;584.0;-140.0;-185.0;582.0
81.0;594.0;-916.0;583.0;-140.0;?;582.0
86.0;591.0;-915.0;580.0;-137.0;-183.0;583.0
93.0;588.0;-916.0;576.0;-131.0;-182.0;583.0
100.0;584.0;-919.0;572.0;-123.0;-182.0;583.0
105.0;580.0;-921.0;568.0;?;-183.0;584.0
109.0;574.0;-922.0;563.0;-114.0;-185.0;586.0
110.0;569.0;-922.0;557.0;-113.0;-187.0;590.0
109.0;566.0;-923.0;551.0;-111.0;?;592.0
107.0;564.0;-923.0;543.0;-111.0;-193.0;595.0
106.0;567.0;-922.0;540.0;-114.0;-194.0;596.0
104.0;572.0;-920.0;544.0;-118.0;?;596.0
100.0;578.0;-917.0;548.0;-123.0;-191.0;593.0
96.0;582.0;-914.0;553.0;-130.0;-190.0;592.0
91.0;585.0;-913.0;557.0;-134.0;-188.0;590.0
89.0;588.0;-913.0;561.0;-137.0;-186.0;588.0
87.0;588.0;-913.0;?;-140.0;-185.0;588.0
84.0;588.0;-914.0;563.0;-141.0;-186.0;587.0
83.0;588.0;-914.0;563.0;-141.0;-187.0;586.0
83.0;588.0;-914.0;564.0;-141.0;-189.0;585.0
83.0;588.0;-914.0;566.0;-140.0;-189.0;585.0
?;589.0;-914.0;568.0;-140.0;-189.0;584.0
83.0;591.0;?;569.0;-140.0;-189.0;584.0
82.0;592.0;-913.0;571.0;?;-189.0;583.0
81.0;593.0;-914.0;571.0;-140.0;-189.0;583.0
82.0;592.0;-914.0;571.0;-140.0;-190.0;?
82.0;591.0;-914.0;571.0;-139.0;-191.0;585.0
82.0;590.0;-914.0;571.0;-138.0;-192.0;585.0
82.0;590.0;-914.0;572.0;-137.0;-192.0;585.0
82.0;590.0;-914.0;572.0;-136.0;-192.0;585.0
82.0;591.0;-914.0;573.0;-136.0;-192.0;585.0
82.0;592.0;-914.0;574.0;-135.0;-192.0;585.0
82.0;?;-915.0;575.0;-135.0;-191.0;585.0
82.0;592.0;-914.0;575.0;-136.0;-191.0;586.0
82.0;592.0;-915.0;575.0;-135.0;-192.0;586.0
83.0;591.0;-915.0;575.0;-135.0;-192.0;586.0
83.0;591.0;-915.0;575.0;-134.0;-192.0;586.0
83.0;592.0;-915.0;576.0;-134.0;-192.0;586.0
83.0;592.0;?;576.0;-134.0;-192.0;586.0
83.0;592.0;-915.0;576.0;-134.0;-191.0;586.0
84.0;592.0;-915.0;576.0;-133.0;-191.0;586.0
85.0;591.0;-915.0;575.0;-133.0;-191.0;587.0
84.0;?;-915.0;575.0;?;-191.0;588.0
85.0;591.0;-915.0;575.0;-132.0;-191.0;587.0
85.0;592.0;-915.0;576.0;-132.0;-191.0;587.0
86.0;591.0;?;576.0;-132.0;-191.0;588.0
86.0;592.0;-915.0;577.0;-131.0;-191.0;?
86.0;591.0;-916.0;577.0;-131.0;-190.0;588.0
86.0;591.0;?;576.0;-131.0;-190.0;588.0
86.0;?;-916.0;577.0;-131.0;-190.0;588.0
86.0;591.0;-916.0;577.0;-130.0;-190.0;588.0
87.0;592.0;-916.0;577.0;-130.0;-190.0;587.0
?;592.0;-916.0;577.0;-130.0;-190.0;587.0
87.0;592.0;-916.0;577.0;-129.0;-190.0;587.0
88.0;592.0;-916.0;577.0;-129.0;-190.0;587.0
88.0;592.0;-916.0;577.0;-129.0;-191.0;587.0
89.0;592.0;-916.0;577.0;-129.0;-191.0;587.0
88.0;592.0;-916.0;578.0;-129.0;-190.0;587.0
89.0;592.0;-916.0;?;?;-190.0;587.0
88.0;592.0;-916.0;578.0;-129.0;-190.0;587.0
87.0;591.0;?;578.0;-128.0;-190.0;587.0
87.0;591.0;-917.0;577.0;-128.0;-191.0;587.0
86.0;591.0;-917.0;577.0;-128.0;-191.0;588.0
85.0;591.0;-916.0;578.0;-127.0;-192.0;587.0
85.0;591.0;-917.0;578.0;-127.0;-192.0;587.0
85.0;?;-917.0;579.0;-126.0;-193.0;587.0
85.0;593.0;-918.0;579.0;-124.0;-193.0;587.0
86.0;593.0;-919.0;?;?;-194.0;587.0
87.0;593.0;-920.0;?;-118.0;-195.0;586.0
89.0;594.0;-921.0;582.0;-113.0;?;586.0
93.0;593.0;-923.0;581.0;-106.0;-198.0;585.0
98.0;593.0;-925.0;580.0;-97.0;-201.0;584.0
102.0;594.0;-928.0;579.0;-87.0;-203.0;583.0
104.0;595.0;-932.0;580.0;-80.0;-206.0;582.0
102.0;597.0;-935.0;581.0;-79.0;-208.0;581.0
97.0;598.0;-937.0;582.0;-86.0;-210.0;580.0
94.0;599.0;-936.0;583.0;-97.0;-213.0;580.0
94.0;601.0;-934.0;583.0;-107.0;-216.0;580.0
98.0;601.0;-934.0;584.0;-114.0;-220.0;580.0
113.0;601.0;-933.0;585.0;-117.0;-224.0;580.0
138.0;601.0;-930.0;587.0;-119.0;-229.0;581.0
174.0;603.0;-924.0;588.0;-121.0;-233.0;580.0
217.0;605.0;-917.0;590.0;-122.0;-236.0;577.0
263.0;609.0;-908.0;593.0;-125.0;-237.0;574.0
310.0;613.0;-899.0;596.0;-129.0;-241.0;568.0
352.0;617.0;?;598.0;-131.0;-244.0;562.0
384.0;?;-883.0;600.0;-129.0;-248.0;555.0
405.0;623.0;-879.0;599.0;-119.0;-254.0;548.0
414.0;626.0;-880.0;599.0;-103.0;-262.0;540.0
?;630.0;-882.0;599.0;-85.0;-269.0;531.0
414.0;633.0;-882.0;599.0;-66.0;-276.0;524.0
409.0;637.0;-883.0;601.0;-49.0;-280.0;517.0
398.0;640.0;-885.0;605.0;-32.0;-282.0;512.0
387.0;643.0;-885.0;608.0;-13.0;-283.0;508.0
376.0;645.0;-886.0;611.0;?;-285.0;506.0
364.0;646.0;-885.0;613.0;20.0;?;506.0
354.0;648.0;-881.0;615.0;39.0;-291.0;507.0
342.0;649.0;-876.0;619.0;55.0;-294.0;507.0
332.0;649.0;-869.0;621.0;67.0;-297.0;506.0
324.0;649.0;-860.0;623.0;80.0;?;507.0
?;650.0;-855.0;625.0;87.0;-300.0;507.0
312.0;651.0;-851.0;627.0;91.0;-300.0;?
309.0;652.0;-850.0;629.0;95.0;-301.0;508.0
306.0;653.0;-849.0;631.0;100.0;-301.0;508.0
308.0;?;-852.0;632.0;104.0;-301.0;508.0
?;655.0;-857.0;633.0;?;-300.0;508.0
312.0;656.0;-861.0;633.0;108.0;-300.0;509.0
312.0;656.0;-864.0;633.0;109.0;-300.0;509.0
310.0;656.0;-866.0;632.0;109.0;-299.0;509.0
307.0;656.0;-865.0;631.0;110.0;-299.0;509.0
304.0;656.0;-865.0;632.0;111.0;-298.0;509.0
298.0;658.0;-865.0;633.0;114.0;-295.0;509.0
294.0;659.0;-867.0;634.0;113.0;-292.0;509.0
293.0;659.0;-869.0;?;110.0;-289.0;510.0
294.0;659.0;-872.0;632.0;104.0;-286.0;511.0
296.0;658.0;-875.0;629.0;95.0;-284.0;512.0
301.0;656.0;-876.0;625.0;?;?;512.0
307.0;655.0;-876.0;621.0;67.0;-280.0;514.0
316.0;653.0;-873.0;619.0;?;?;516.0
328.0;652.0;-868.0;617.0;38.0;-274.0;518.0
341.0;650.0;-864.0;?;21.0;-271.0;522.0
354.0;648.0;-859.0;614.0;3.0;-269.0;526.0
367.0;646.0;-852.0;612.0;-15.0;-266.0;529.0
381.0;?;?;?;-32.0;-263.0;533.0
396.0;641.0;-835.0;607.0;-48.0;-261.0;538.0
412.0;639.0;-827.0;606.0;-64.0;-259.0;542.0
?;638.0;-822.0;606.0;-79.0;-254.0;547.0
436.0;638.0;-817.0;607.0;-92.0;-248.0;552.0
446.0;637.0;-811.0;606.0;?;-242.0;557.0
456.0;634.0;-806.0;604.0;-112.0;-239.0;562.0
465.0;633.0;-801.0;604.0;-123.0;-235.0;568.0
473.0;631.0;-798.0;603.0;-133.0;-233.0;573.0
481.0;628.0;-794.0;600.0;-145.0;-232.0;577.0
489.0;625.0;-789.0;598.0;-158.0;-231.0;580.0
497.0;621.0;-785.0;595.0;-172.0;-229.0;582.0
504.0;617.0;-780.0;593.0;-188.0;-228.0;584.0
510.0;614.0;-776.0;591.0;-203.0;-227.0;585.0
516.0;611.0;-770.0;588.0;-217.0;-226.0;585.0
521.0;608.0;-765.0;586.0;-231.0;-225.0;585.0
526.0;607.0;?;586.0;-245.0;-224.0;584.0
530.0;606.0;-754.0;585.0;-256.0;-223.0;582.0
533.0;605.0;-750.0;585.0;-264.0;?;581.0
537.0;605.0;-745.0;583.0;-272.0;?;580.0
540.0;605.0;-741.0;583.0;-279.0;-221.0;580.0
543.0;604.0;-738.0;?;?;-220.0;579.0
544.0;604.0;-736.0;581.0;-288.0;-219.0;578.0
545.0;604.0;?;581.0;-292.0;-219.0;577.0
546.0;604.0;-733.0;581.0;-293.0;-218.0;576.0
547.0;603.0;-732.0;581.0;-295.0;-218.0;575.0
549.0;603.0;-730.0;581.0;-296.0;-217.0;575.0
552.0;603.0;-727.0;580.0;-296.0;-216.0;574.0
554.0;603.0;-725.0;580.0;-295.0;-216.0;574.0
557.0;603.0;-723.0;580.0;-294.0;-215.0;573.0
559.0;603.0;-721.0;579.0;-295.0;-216.0;572.0
561.0;?;-719.0;579.0;-296.0;-216.0;572.0
562.0;604.0;-718.0;580.0;-295.0;?;570.0
564.0;604.0;-717.0;580.0;-295.0;-217.0;570.0
?;604.0;-716.0;581.0;-296.0;-217.0;570.0
565.0;604.0;-716.0;581.0;-296.0;-217.0;569.0
566.0;605.0;-715.0;582.0;-296.0;-217.0;568.0
568.0;605.0;-714.0;582.0;-296.0;-218.0;568.0
569.0;605.0;-713.0;582.0;-297.0;-218.0;568.0
570.0;606.0;-712.0;583.0;-298.0;-219.0;567.0
571.0;607.0;-711.0;583.0;-299.0;-219.0;566.0
572.0;607.0;-710.0;583.0;-300.0;-219.0;566.0
573.0;608.0;?;584.0;-299.0;?;565.0
574.0;608.0;-709.0;584.0;-299.0;-219.0;565.0
575.0;608.0;-708.0;584.0;-299.0;-220.0;564.0
575.0;609.0;-707.0;?;-299.0;?;563.0
575.0;609.0;-707.0;585.0;-299.0;-221.0;563.0
576.0;609.0;-706.0;585.0;-299.0;-221.0;563.0
577.0;609.0;-706.0;586.0;-299.0;-220.0;?
577.0;610.0;-706.0;586.0;-299.0;-221.0;562.0
577.0;?;-706.0;587.0;-298.0;-221.0;562.0
578.0;610.0;-705.0;587.0;-298.0;-221.0;562.0
579.0;610.0;-705.0;587.0;-298.0;-221.0;562.0
579.0;610.0;-705.0;588.0;-297.0;-221.0;562.0
579.0;611.0;-705.0;587.0;-297.0;-221.0;562.0
580.0;611.0;-704.0;588.0;-297.0;-222.0;562.0
579.0;611.0;-705.0;?;-296.0;-221.0;561.0
580.0;611.0;-704.0;?;-296.0;-221.0;561.0
581.0;611.0;-704.0;588.0;-294.0;-222.0;561.0
581.0;611.0;?;588.0;-293.0;-223.0;561.0
581.0;611.0;-704.0;588.0;-292.0;-223.0;561.0
581.0;611.0;-704.0;588.0;-291.0;-223.0;561.0
581.0;611.0;-704.0;588.0;-289.0;-224.0;561.0
581.0;611.0;-705.0;588.0;-287.0;-224.0;561.0
580.0;611.0;-705.0;588.0;-285.0;-224.0;561.0
580.0;611.0;-706.0;587.0;-283.0;-224.0;561.0
580.0;612.0;-705.0;?;?;-223.0;561.0
580.0;612.0;-706.0;588.0;-280.0;-223.0;561.0
580.0;612.0;-707.0;588.0;-278.0;-223.0;561.0
579.0;612.0;-708.0;?;-274.0;-223.0;561.0
578.0;612.0;-709.0;587.0;-268.0;-224.0;561.0
577.0;611.0;-711.0;?;-259.0;-224.0;561.0
576.0;610.0;-712.0;585.0;-247.0;-224.0;561.0
573.0;609.0;-715.0;?;-233.0;-226.0;560.0
571.0;609.0;-716.0;?;-217.0;-227.0;559.0
567.0;608.0;-718.0;583.0;-199.0;-227.0;558.0
560.0;608.0;-722.0;583.0;-179.0;-229.0;557.0
551.0;608.0;-726.0;582.0;-156.0;-229.0;555.0
541.0;609.0;-732.0;581.0;-133.0;-232.0;554.0
530.0;609.0;-741.0;579.0;-111.0;-234.0;?
521.0;610.0;-750.0;579.0;-92.0;-236.0;553.0
510.0;611.0;-759.0;580.0;-73.0;-238.0;553.0
499.0;613.0;-767.0;582.0;-55.0;-241.0;553.0
489.0;616.0;-775.0;585.0;-37.0;-243.0;552.0
480.0;618.0;-782.0;589.0;-20.0;-245.0;551.0
471.0;621.0;-789.0;592.0;-6.0;-247.0;?
462.0;624.0;-796.0;595.0;?;-248.0;548.0
456.0;625.0;-801.0;597.0;12.0;-249.0;547.0
450.0;627.0;-805.0;599.0;17.0;-251.0;545.0
445.0;628.0;-808.0;601.0;22.0;-253.0;544.0
441.0;628.0;-811.0;602.0;25.0;-255.0;543.0
437.0;629.0;-813.0;?;28.0;-256.0;541.0
433.0;629.0;-817.0;603.0;27.0;-257.0;540.0
427.0;629.0;-821.0;605.0;28.0;-258.0;539.0
418.0;631.0;-823.0;?;33.0;-259.0;538.0
408.0;632.0;-826.0;606.0;38.0;-259.0;537.0
398.0;634.0;-827.0;608.0;47.0;-259.0;536.0
388.0;635.0;-829.0;609.0;54.0;-259.0;535.0
377.0;636.0;-831.0;610.0;62.0;-259.0;535.0
368.0;637.0;-832.0;611.0;72.0;-259.0;535.0
357.0;638.0;-834.0;611.0;79.0;-259.0;535.0
348.0;?;-834.0;612.0;88.0;-259.0;536.0
341.0;639.0;-836.0;613.0;94.0;-259.0;536.0
334.0;640.0;-837.0;613.0;100.0;-259.0;535.0
328.0;640.0;-839.0;614.0;106.0;-260.0;535.0
321.0;642.0;-841.0;616.0;113.0;-261.0;534.0
314.0;643.0;-841.0;617.0;121.0;-262.0;?
309.0;643.0;-842.0;618.0;126.0;-262.0;533.0
303.0;644.0;-841.0;619.0;132.0;-262.0;532.0
296.0;644.0;-839.0;619.0;136.0;-263.0;531.0
288.0;644.0;-839.0;618.0;138.0;-263.0;530.0
282.0;644.0;-841.0;619.0;139.0;-263.0;530.0
278.0;645.0;-840.0;619.0;141.0;-264.0;529.0
275.0;646.0;-840.0;619.0;141.0;-263.0;529.0
272.0;646.0;-839.0;619.0;143.0;-263.0;528.0
269.0;647.0;-840.0;619.0;144.0;?;528.0
268.0;647.0;-843.0;619.0;144.0;-262.0;527.0
267.0;648.0;-846.0;619.0;141.0;-262.0;?
269.0;648.0;-849.0;619.0;138.0;-262.0;526.0
269.0;648.0;-853.0;618.0;136.0;-262.0;526.0
270.0;648.0;-855.0;618.0;134.0;-262.0;524.0
271.0;648.0;-856.0;618.0;133.0;-261.0;524.0
271.0;649.0;-857.0;617.0;132.0;-260.0;522.0
270.0;?;-858.0;616.0;131.0;-259.0;?
272.0;649.0;-858.0;615.0;128.0;-257.0;521.0
279.0;648.0;-855.0;614.0;125.0;-256.0;520.0
293.0;648.0;?;612.0;122.0;-254.0;520.0
313.0;648.0;-844.0;610.0;117.0;-253.0;520.0
339.0;647.0;-849.0;608.0;100.0;-252.0;521.0
359.0;645.0;-861.0;604.0;76.0;-251.0;525.0
373.0;642.0;-875.0;601.0;49.0;-251.0;529.0
377.0;638.0;-889.0;600.0;23.0;-250.0;535.0
364.0;634.0;-902.0;599.0;7.0;?;541.0
338.0;628.0;-912.0;597.0;2.0;?;548.0
300.0;?;-923.0;594.0;2.0;-251.0;553.0
253.0;616.0;-934.0;589.0;1.0;-251.0;557.0
205.0;610.0;-945.0;585.0;-5.0;-250.0;562.0
158.0;605.0;-954.0;580.0;-15.0;-249.0;566.0
119.0;601.0;-959.0;576.0;-29.0;-247.0;570.0
88.0;596.0;?;572.0;-45.0;-245.0;573.0
65.0;593.0;?;568.0;-62.0;-243.0;577.0
48.0;591.0;-951.0;565.0;-78.0;-239.0;580.0
33.0;589.0;-945.0;562.0;-90.0;-234.0;583.0
27.0;590.0;-936.0;560.0;-96.0;-228.0;584.0
30.0;?;-933.0;560.0;-120.0;-222.0;585.0
?;600.0;-922.0;563.0;-140.0;-212.0;584.0
?;604.0;-917.0;566.0;-153.0;-201.0;584.0
41.0;605.0;-919.0;565.0;-158.0;-193.0;585.0
43.0;603.0;-924.0;560.0;-161.0;-189.0;586.0
45.0;601.0;-922.0;554.0;-165.0;-188.0;587.0
48.0;597.0;-918.0;551.0;-167.0;-188.0;586.0
51.0;595.0;-914.0;550.0;-170.0;-188.0;585.0
56.0;?;-911.0;548.0;-172.0;-186.0;581.0
61.0;594.0;-909.0;547.0;-173.0;?;578.0
64.0;595.0;-908.0;546.0;-173.0;-181.0;575.0
66.0;595.0;-907.0;545.0;-174.0;-179.0;574.0
68.0;595.0;?;545.0;-174.0;-178.0;574.0
69.0;595.0;-906.0;544.0;-176.0;-178.0;573.0
70.0;594.0;-905.0;543.0;-176.0;-178.0;573.0
72.0;594.0;-905.0;543.0;-176.0;-178.0;573.0
73.0;594.0;-905.0;544.0;-174.0;-178.0;573.0
74.0;594.0;-906.0;544.0;-173.0;-178.0;573.0
76.0;594.0;-906.0;544.0;-173.0;-177.0;573.0
76.0;595.0;-906.0;545.0;-172.0;-178.0;573.0
76.0;595.0;-905.0;545.0;-172.0;?;573.0
77.0;595.0;-905.0;545.0;-171.0;-178.0;573.0
77.0;595.0;-905.0;545.0;-170.0;-178.0;572.0
78.0;595.0;-906.0;545.0;-169.0;-179.0;571.0
80.0;595.0;-906.0;544.0;-168.0;-179.0;571.0
80.0;595.0;-906.0;542.0;-167.0;-179.0;570.0
81.0;594.0;-905.0;?;-166.0;-179.0;570.0
81.0;594.0;-905.0;539.0;-165.0;-179.0;569.0
82.0;594.0;-905.0;540.0;-164.0;-179.0;570.0
83.0;594.0;-905.0;541.0;-163.0;-179.0;570.0
83.0;594.0;-905.0;542.0;?;-179.0;570.0
83.0;?;-905.0;543.0;-162.0;-180.0;570.0
84.0;594.0;-905.0;545.0;-162.0;-179.0;571.0
84.0;594.0;-905.0;546.0;-161.0;?;570.0
84.0;594.0;-905.0;546.0;-160.0;-178.0;570.0
84.0;594.0;-905.0;546.0;-158.0;-178.0;570.0
?;595.0;-905.0;547.0;-157.0;-178.0;569.0
85.0;?;-905.0;547.0;-156.0;-178.0;569.0
85.0;595.0;-905.0;547.0;-155.0;-178.0;569.0
86.0;595.0;-905.0;?;-155.0;-178.0;569.0
?;595.0;-905.0;547.0;-156.0;-179.0;569.0
85.0;595.0;-905.0;548.0;-156.0;-179.0;569.0
85.0;595.0;-905.0;548.0;-157.0;-180.0;?
85.0;595.0;-905.0;549.0;-158.0;-180.0;569.0
85.0;596.0;-905.0;549.0;-160.0;-181.0;568.0
?;596.0;-905.0;549.0;-162.0;-181.0;568.0
85.0;596.0;-905.0;548.0;-163.0;-182.0;569.0
85.0;595.0;-905.0;548.0;?;-183.0;569.0
86.0;596.0;-905.0;549.0;-163.0;-183.0;569.0
87.0;596.0;-905.0;549.0;-163.0;-183.0;569.0
88.0;595.0;-906.0;548.0;-162.0;-183.0;569.0
88.0;595.0;-906.0;548.0;-162.0;-183.0;569.0
88.0;596.0;-906.0;548.0;-161.0;-182.0;570.0
88.0;596.0;-907.0;548.0;?;-182.0;570.0
89.0;595.0;-908.0;548.0;-159.0;-183.0;571.0
92.0;595.0;-909.0;547.0;-157.0;-184.0;571.0
97.0;594.0;-911.0;547.0;-150.0;-186.0;571.0
107.0;594.0;-918.0;?;-142.0;-191.0;570.0
124.0;?;-924.0;548.0;-135.0;?;569.0
147.0;597.0;-926.0;550.0;-131.0;-200.0;568.0
177.0;600.0;-927.0;553.0;-129.0;-204.0;568.0
209.0;604.0;-926.0;555.0;-128.0;-208.0;566.0
241.0;607.0;-923.0;559.0;-128.0;-210.0;564.0
?;?;-919.0;563.0;-127.0;-213.0;562.0
306.0;613.0;-914.0;565.0;-127.0;-218.0;559.0
335.0;616.0;-908.0;567.0;-127.0;-223.0;555.0
363.0;618.0;-901.0;570.0;-126.0;-228.0;550.0
386.0;621.0;-895.0;572.0;-125.0;-232.0;545.0
402.0;624.0;-891.0;575.0;?;-238.0;539.0
409.0;628.0;-890.0;578.0;-102.0;-243.0;534.0
410.0;631.0;-891.0;580.0;-86.0;-248.0;529.0
406.0;633.0;-893.0;?;-68.0;-254.0;525.0
401.0;634.0;-894.0;584.0;-51.0;-259.0;?
393.0;634.0;-895.0;584.0;?;-264.0;517.0
382.0;634.0;-895.0;583.0;-14.0;-269.0;514.0
371.0;635.0;-893.0;585.0;4.0;-273.0;513.0
362.0;636.0;-887.0;589.0;20.0;-277.0;512.0
355.0;639.0;-875.0;591.0;40.0;-280.0;510.0
351.0;642.0;-859.0;594.0;60.0;-282.0;509.0
349.0;645.0;-851.0;597.0;72.0;-283.0;?
346.0;647.0;-849.0;599.0;79.0;-285.0;509.0
345.0;648.0;-846.0;601.0;86.0;-287.0;509.0
343.0;648.0;-847.0;?;91.0;-289.0;509.0
342.0;649.0;-847.0;605.0;97.0;-290.0;509.0
340.0;650.0;-846.0;606.0;102.0;-291.0;508.0
340.0;650.0;-848.0;606.0;104.0;-292.0;508.0
339.0;651.0;-852.0;606.0;105.0;-292.0;507.0
338.0;652.0;-853.0;607.0;108.0;-292.0;507.0
335.0;652.0;-851.0;606.0;111.0;-291.0;507.0
332.0;652.0;-848.0;606.0;114.0;-291.0;507.0
332.0;?;?;605.0;?;-290.0;507.0
332.0;651.0;-847.0;603.0;114.0;-289.0;508.0
330.0;651.0;?;602.0;114.0;-287.0;508.0
331.0;650.0;-844.0;601.0;110.0;-284.0;508.0
336.0;650.0;-844.0;600.0;103.0;-281.0;509.0
?;649.0;-846.0;598.0;90.0;-278.0;509.0
351.0;649.0;-849.0;598.0;73.0;-275.0;510.0
360.0;649.0;-849.0;598.0;54.0;-271.0;511.0
371.0;648.0;-846.0;598.0;35.0;-268.0;513.0
381.0;648.0;-842.0;598.0;16.0;-266.0;?
391.0;647.0;-836.0;598.0;-2.0;-263.0;516.0
402.0;646.0;-830.0;598.0;-22.0;-260.0;518.0
412.0;644.0;-824.0;598.0;-42.0;-257.0;522.0
420.0;642.0;-820.0;597.0;-65.0;-255.0;525.0
426.0;639.0;-815.0;595.0;-88.0;?;529.0
432.0;635.0;-809.0;595.0;-110.0;-252.0;534.0
437.0;631.0;-802.0;594.0;-132.0;-250.0;539.0
441.0;628.0;-796.0;593.0;-153.0;-249.0;?
447.0;624.0;-790.0;591.0;-173.0;-247.0;?
451.0;620.0;-785.0;590.0;-194.0;-245.0;554.0
?;616.0;-783.0;589.0;-216.0;-243.0;559.0
454.0;614.0;-782.0;588.0;-238.0;-241.0;563.0
454.0;?;-781.0;?;-258.0;-238.0;566.0
455.0;611.0;-777.0;590.0;-276.0;-235.0;?
457.0;610.0;-773.0;?;-292.0;-231.0;570.0
460.0;608.0;-769.0;592.0;-306.0;-228.0;?
462.0;607.0;?;590.0;-319.0;-226.0;574.0
465.0;606.0;-760.0;588.0;-332.0;-224.0;575.0
468.0;604.0;-755.0;585.0;-344.0;-223.0;576.0
470.0;602.0;-749.0;583.0;-355.0;-222.0;577.0
474.0;600.0;-743.0;580.0;?;-222.0;578.0
477.0;598.0;-738.0;578.0;-369.0;-222.0;579.0
483.0;596.0;-733.0;?;-371.0;-221.0;579.0
487.0;595.0;-729.0;577.0;-372.0;-220.0;579.0
492.0;594.0;-726.0;576.0;-372.0;-219.0;579.0
497.0;593.0;-723.0;576.0;-371.0;-219.0;579.0
501.0;593.0;-720.0;575.0;-371.0;-218.0;579.0
506.0;593.0;-717.0;575.0;-369.0;-217.0;579.0
511.0;593.0;-715.0;575.0;-366.0;-216.0;578.0
515.0;593.0;-713.0;574.0;-364.0;-216.0;578.0
518.0;593.0;-712.0;574.0;-362.0;-216.0;?
521.0;595.0;-709.0;?;-359.0;-216.0;574.0
526.0;595.0;?;573.0;?;?;572.0
530.0;595.0;-704.0;572.0;-354.0;-215.0;570.0
534.0;596.0;-701.0;572.0;-353.0;-215.0;569.0
538.0;596.0;-697.0;573.0;-352.0;-215.0;568.0
541.0;597.0;-694.0;573.0;-350.0;-215.0;566.0
544.0;597.0;-692.0;573.0;-349.0;-215.0;565.0
547.0;597.0;-690.0;572.0;-348.0;-216.0;565.0
550.0;597.0;-689.0;573.0;-347.0;-216.0;564.0
552.0;597.0;-688.0;573.0;-345.0;-217.0;564.0
553.0;597.0;-687.0;573.0;-344.0;-217.0;564.0
554.0;598.0;-687.0;573.0;-343.0;-218.0;?
555.0;598.0;-687.0;573.0;-342.0;-219.0;564.0
556.0;598.0;-687.0;574.0;-342.0;-219.0;564.0
557.0;598.0;-687.0;574.0;-342.0;?;563.0
557.0;597.0;-687.0;574.0;-341.0;-220.0;563.0
558.0;598.0;-687.0;574.0;-340.0;-220.0;563.0
558.0;598.0;-688.0;574.0;-339.0;-220.0;563.0
559.0;598.0;-688.0;574.0;-338.0;-220.0;563.0
559.0;598.0;-688.0;575.0;?;-221.0;563.0
560.0;598.0;-688.0;575.0;-337.0;-221.0;563.0
561.0;598.0;-688.0;574.0;-337.0;-221.0;562.0
561.0;599.0;-688.0;575.0;-337.0;-221.0;562.0
562.0;599.0;-687.0;575.0;-337.0;-221.0;562.0
562.0;599.0;-687.0;575.0;-337.0;-222.0;562.0
562.0;599.0;-687.0;575.0;-337.0;-222.0;561.0
562.0;599.0;-687.0;575.0;-337.0;-223.0;?
562.0;599.0;-687.0;575.0;-337.0;-223.0;562.0
563.0;599.0;-687.0;575.0;-336.0;-223.0;562.0
563.0;599.0;-687.0;575.0;-336.0;-224.0;561.0
563.0;600.0;-687.0;575.0;-336.0;-224.0;561.0
564.0;600.0;-687.0;?;?;-224.0;561.0
564.0;?;-687.0;576.0;-336.0;-224.0;561.0
564.0;600.0;-687.0;576.0;-336.0;-224.0;561.0
564.0;600.0;-687.0;576.0;-337.0;?;561.0
564.0;?;-687.0;576.0;-337.0;-224.0;560.0
564.0;600.0;-687.0;576.0;-337.0;-225.0;560.0
564.0;600.0;-688.0;?;-337.0;-225.0;560.0
564.0;601.0;-688.0;576.0;-337.0;-225.0;559.0
564.0;601.0;-687.0;576.0;-337.0;-225.0;559.0
565.0;601.0;-687.0;576.0;-338.0;-225.0;559.0
565.0;601.0;-687.0;576.0;-338.0;-225.0;559.0
565.0;601.0;-687.0;576.0;-338.0;?;559.0
565.0;602.0;-686.0;576.0;-338.0;-226.0;?
566.0;602.0;-686.0;577.0;-338.0;-227.0;559.0
566.0;602.0;-686.0;577.0;-338.0;-227.0;559.0
566.0;602.0;-685.0;577.0;-338.0;-227.0;558.0
566.0;603.0;-686.0;578.0;-338.0;-227.0;558.0
567.0;603.0;-685.0;578.0;-337.0;-227.0;558.0
567.0;603.0;-685.0;578.0;-337.0;-227.0;558.0
567.0;603.0;-685.0;578.0;-336.0;-226.0;558.0
568.0;603.0;-685.0;578.0;-336.0;-226.0;557.0
568.0;604.0;-685.0;578.0;-336.0;?;558.0
567.0;604.0;-685.0;579.0;-335.0;-227.0;557.0
567.0;604.0;-685.0;579.0;-334.0;-227.0;557.0
567.0;604.0;-685.0;579.0;-334.0;-228.0;557.0
567.0;604.0;?;579.0;-334.0;-228.0;557.0
567.0;605.0;-686.0;579.0;-333.0;-228.0;?
567.0;605.0;-685.0;579.0;-333.0;-228.0;557.0
567.0;605.0;-686.0;579.0;?;-228.0;557.0
566.0;605.0;-686.0;579.0;-329.0;-228.0;558.0
566.0;605.0;-687.0;579.0;-329.0;-229.0;558.0
566.0;605.0;-687.0;579.0;-329.0;-228.0;557.0
566.0;605.0;-687.0;579.0;-328.0;-229.0;558.0
565.0;605.0;-688.0;579.0;-327.0;-229.0;558.0
564.0;605.0;-688.0;579.0;-327.0;-229.0;558.0
564.0;605.0;-688.0;580.0;-325.0;-229.0;558.0
564.0;605.0;-689.0;580.0;-324.0;-229.0;559.0
564.0;605.0;-689.0;580.0;?;-229.0;559.0
564.0;605.0;-689.0;580.0;-322.0;-229.0;559.0
564.0;605.0;-689.0;580.0;-322.0;-229.0;559.0
564.0;605.0;-689.0;?;-321.0;-229.0;559.0
563.0;605.0;-689.0;580.0;-320.0;-229.0;559.0
563.0;605.0;-690.0;580.0;-318.0;-229.0;558.0
562.0;606.0;-691.0;581.0;-317.0;-229.0;558.0
562.0;606.0;-691.0;581.0;-313.0;-229.0;558.0
562.0;607.0;-692.0;581.0;-309.0;-228.0;558.0
561.0;607.0;-694.0;581.0;-304.0;-228.0;557.0
561.0;607.0;-695.0;?;-297.0;-228.0;557.0
561.0;608.0;?;?;-288.0;-229.0;556.0
559.0;608.0;-699.0;581.0;-275.0;-229.0;554.0
555.0;609.0;-705.0;?;-258.0;-231.0;553.0
550.0;609.0;-713.0;580.0;-238.0;-232.0;550.0
544.0;611.0;-722.0;580.0;-215.0;-234.0;547.0
535.0;613.0;-732.0;582.0;-190.0;-236.0;543.0
526.0;615.0;-741.0;584.0;-163.0;-239.0;540.0
517.0;619.0;-750.0;586.0;-137.0;-241.0;537.0
507.0;622.0;-759.0;588.0;-110.0;-245.0;534.0
498.0;625.0;-769.0;591.0;-87.0;-248.0;531.0
491.0;628.0;-777.0;594.0;-66.0;-251.0;528.0
483.0;?;-784.0;?;-46.0;-255.0;?
477.0;632.0;-792.0;?;-31.0;?;522.0
472.0;634.0;?;601.0;-17.0;?;520.0
467.0;636.0;-802.0;602.0;-5.0;-265.0;517.0
461.0;638.0;-806.0;604.0;6.0;-268.0;513.0
456.0;640.0;-808.0;605.0;?;-271.0;511.0
451.0;641.0;-811.0;607.0;26.0;-273.0;510.0
?;641.0;-813.0;607.0;38.0;-277.0;509.0
437.0;641.0;-816.0;607.0;50.0;-280.0;508.0
426.0;641.0;-819.0;607.0;64.0;-283.0;508.0
414.0;642.0;-822.0;609.0;77.0;-285.0;509.0
400.0;644.0;-824.0;611.0;87.0;-287.0;509.0
387.0;646.0;-825.0;613.0;98.0;-288.0;510.0
?;647.0;-828.0;617.0;107.0;?;511.0
361.0;649.0;-830.0;619.0;117.0;-289.0;?
349.0;650.0;-831.0;622.0;127.0;-290.0;514.0
340.0;651.0;-832.0;624.0;135.0;-290.0;515.0
332.0;652.0;-834.0;625.0;141.0;-291.0;516.0
324.0;652.0;-836.0;626.0;146.0;-292.0;516.0
317.0;653.0;-836.0;626.0;151.0;-292.0;517.0
311.0;653.0;-838.0;626.0;154.0;-292.0;517.0
305.0;653.0;-838.0;627.0;156.0;-292.0;518.0
299.0;653.0;-838.0;627.0;160.0;-292.0;518.0
298.0;653.0;?;627.0;159.0;-292.0;518.0
295.0;653.0;-839.0;627.0;158.0;-292.0;?
293.0;653.0;-842.0;626.0;156.0;-291.0;518.0
292.0;654.0;-844.0;626.0;154.0;-291.0;518.0
290.0;654.0;-846.0;626.0;153.0;-290.0;517.0
289.0;654.0;-849.0;626.0;151.0;-289.0;517.0
289.0;655.0;-851.0;625.0;148.0;-287.0;516.0
288.0;655.0;-852.0;625.0;146.0;-286.0;516.0
?;655.0;-853.0;623.0;143.0;-284.0;515.0
289.0;654.0;-852.0;621.0;141.0;-282.0;514.0
293.0;654.0;-849.0;619.0;139.0;-279.0;513.0
300.0;653.0;-844.0;617.0;133.0;-275.0;512.0
310.0;652.0;-837.0;614.0;124.0;-272.0;511.0
321.0;652.0;?;613.0;116.0;-269.0;510.0
333.0;652.0;-834.0;612.0;97.0;-266.0;510.0
341.0;651.0;-845.0;609.0;75.0;-263.0;510.0
342.0;649.0;-861.0;607.0;55.0;-262.0;?
337.0;646.0;-879.0;604.0;39.0;-261.0;515.0
329.0;643.0;-897.0;600.0;28.0;-260.0;517.0
316.0;638.0;?;596.0;19.0;?;520.0
289.0;633.0;-930.0;591.0;16.0;-259.0;524.0
256.0;?;-940.0;586.0;16.0;-258.0;?
220.0;623.0;-946.0;581.0;15.0;-255.0;533.0
187.0;619.0;-948.0;578.0;12.0;-251.0;538.0
158.0;616.0;-950.0;576.0;5.0;-245.0;?
135.0;614.0;-952.0;573.0;-5.0;-239.0;547.0
115.0;612.0;-954.0;570.0;-14.0;-233.0;551.0
103.0;609.0;-951.0;566.0;-18.0;-227.0;555.0
105.0;606.0;-946.0;562.0;-36.0;-222.0;558.0
104.0;603.0;-941.0;558.0;-59.0;-216.0;560.0
108.0;601.0;-933.0;555.0;-78.0;-210.0;562.0
?;600.0;-929.0;553.0;-90.0;?;563.0
113.0;599.0;-930.0;552.0;-97.0;-198.0;563.0
112.0;598.0;-929.0;552.0;-103.0;-194.0;564.0
112.0;597.0;-926.0;551.0;-107.0;-191.0;564.0
113.0;596.0;?;550.0;-109.0;-189.0;565.0
115.0;595.0;-922.0;549.0;-111.0;-188.0;?
117.0;594.0;-922.0;550.0;-112.0;-188.0;566.0
118.0;593.0;-922.0;549.0;?;-188.0;567.0
119.0;593.0;-922.0;549.0;?;-187.0;567.0
120.0;593.0;?;550.0;-113.0;-186.0;567.0
120.0;594.0;-921.0;550.0;-114.0;-186.0;567.0
120.0;?;-921.0;550.0;-114.0;-186.0;567.0
120.0;594.0;-921.0;550.0;-114.0;-186.0;566.0
121.0;594.0;-921.0;550.0;-113.0;-186.0;566.0
122.0;594.0;-921.0;?;-111.0;-186.0;566.0
123.0;594.0;-922.0;?;-110.0;-186.0;566.0
124.0;594.0;-922.0;551.0;-110.0;-186.0;566.0
123.0;594.0;-922.0;551.0;-109.0;-186.0;566.0
123.0;594.0;-922.0;551.0;-108.0;-187.0;566.0
123.0;594.0;-922.0;551.0;-107.0;-188.0;566.0
122.0;594.0;-922.0;551.0;-107.0;?;566.0
122.0;?;-923.0;551.0;-106.0;-189.0;566.0
122.0;594.0;-923.0;551.0;-105.0;-190.0;566.0
123.0;594.0;-923.0;551.0;-104.0;-190.0;566.0
124.0;594.0;-923.0;551.0;-104.0;?;566.0
123.0;594.0;-923.0;551.0;-104.0;-191.0;566.0
124.0;594.0;-923.0;551.0;?;-191.0;566.0
?;594.0;-923.0;551.0;-105.0;-192.0;565.0
124.0;594.0;-923.0;551.0;-104.0;?;565.0
124.0;594.0;-923.0;551.0;-103.0;-192.0;565.0
125.0;595.0;-923.0;551.0;-102.0;-192.0;565.0
125.0;595.0;-924.0;?;-101.0;-192.0;565.0
126.0;596.0;-924.0;552.0;-99.0;?;565.0
126.0;596.0;-925.0;553.0;-98.0;-193.0;565.0
126.0;596.0;-925.0;553.0;-97.0;-193.0;565.0
126.0;596.0;-925.0;553.0;-97.0;-193.0;565.0
125.0;596.0;-925.0;554.0;-96.0;-194.0;565.0
125.0;595.0;-926.0;554.0;-95.0;-195.0;?
124.0;595.0;-926.0;554.0;-94.0;-196.0;565.0
124.0;595.0;-925.0;553.0;-92.0;-199.0;564.0
126.0;594.0;-925.0;552.0;-89.0;-202.0;564.0
134.0;594.0;-927.0;552.0;-84.0;-206.0;563.0
149.0;594.0;?;?;-82.0;-210.0;562.0
170.0;595.0;-919.0;?;-79.0;-214.0;561.0
?;597.0;-909.0;560.0;-78.0;-216.0;561.0
253.0;600.0;-899.0;565.0;-78.0;?;561.0
302.0;603.0;-889.0;569.0;-82.0;-221.0;560.0
349.0;606.0;-881.0;572.0;-86.0;-224.0;558.0
387.0;610.0;-875.0;576.0;-88.0;-228.0;?
414.0;615.0;-870.0;580.0;-85.0;?;549.0
430.0;619.0;-868.0;582.0;-78.0;-238.0;542.0
437.0;623.0;-869.0;584.0;-66.0;-244.0;534.0
438.0;627.0;-872.0;587.0;-55.0;-249.0;528.0
436.0;631.0;-874.0;?;-46.0;-253.0;524.0
430.0;634.0;-877.0;594.0;-37.0;-257.0;521.0
420.0;637.0;-880.0;596.0;-28.0;-260.0;520.0
407.0;638.0;-883.0;598.0;-17.0;-264.0;518.0
391.0;640.0;-885.0;601.0;-3.0;-268.0;517.0
377.0;642.0;-880.0;605.0;17.0;-271.0;516.0
364.0;644.0;-873.0;608.0;37.0;-274.0;516.0
350.0;?;-862.0;613.0;56.0;-277.0;516.0
339.0;648.0;-847.0;616.0;74.0;-279.0;516.0
331.0;650.0;-837.0;619.0;87.0;-280.0;516.0
330.0;652.0;-835.0;622.0;97.0;?;516.0
330.0;653.0;-838.0;624.0;104.0;-281.0;516.0
328.0;654.0;-841.0;625.0;111.0;-282.0;516.0
326.0;655.0;-844.0;626.0;112.0;-282.0;516.0
324.0;655.0;-844.0;626.0;115.0;-283.0;517.0
322.0;656.0;-842.0;626.0;117.0;-283.0;516.0
321.0;656.0;-840.0;626.0;122.0;-282.0;516.0
320.0;656.0;-844.0;625.0;122.0;?;517.0
316.0;655.0;-844.0;624.0;123.0;-280.0;517.0
311.0;655.0;-845.0;623.0;124.0;-279.0;517.0
311.0;655.0;-843.0;622.0;125.0;-277.0;518.0
?;654.0;?;620.0;122.0;-274.0;519.0
320.0;654.0;-845.0;619.0;117.0;-271.0;519.0
327.0;653.0;-845.0;617.0;109.0;-268.0;520.0
338.0;651.0;-842.0;615.0;100.0;-266.0;522.0
352.0;650.0;-840.0;613.0;87.0;-263.0;523.0
366.0;648.0;-837.0;611.0;71.0;-260.0;525.0
379.0;646.0;-832.0;610.0;55.0;-258.0;528.0
393.0;645.0;-825.0;609.0;39.0;-255.0;530.0
408.0;644.0;-818.0;607.0;20.0;-252.0;533.0
423.0;642.0;-811.0;605.0;1.0;-250.0;535.0
436.0;640.0;-805.0;604.0;-20.0;?;538.0
448.0;638.0;-797.0;601.0;-42.0;-246.0;541.0
?;636.0;-787.0;599.0;-64.0;-243.0;543.0
475.0;634.0;-775.0;597.0;-84.0;-241.0;546.0
488.0;631.0;-764.0;596.0;-101.0;-239.0;548.0
501.0;629.0;-753.0;594.0;-116.0;-238.0;550.0
514.0;627.0;-742.0;592.0;-128.0;-237.0;550.0
526.0;625.0;-732.0;592.0;-137.0;-236.0;549.0
537.0;625.0;-724.0;591.0;-148.0;-235.0;548.0
548.0;625.0;-717.0;591.0;-158.0;-233.0;547.0
558.0;626.0;-710.0;?;-168.0;-232.0;545.0
566.0;626.0;-704.0;590.0;-176.0;-230.0;544.0
573.0;626.0;-699.0;590.0;-185.0;-230.0;543.0
580.0;625.0;-693.0;589.0;-193.0;-229.0;543.0
585.0;625.0;-688.0;589.0;-199.0;-230.0;542.0
589.0;625.0;-683.0;588.0;-206.0;-230.0;542.0
594.0;625.0;-677.0;588.0;-213.0;-230.0;541.0
598.0;625.0;-673.0;588.0;?;-230.0;540.0
602.0;625.0;-669.0;587.0;-227.0;-230.0;539.0
605.0;625.0;-665.0;588.0;-235.0;-229.0;538.0
607.0;625.0;-662.0;588.0;-242.0;-230.0;537.0
609.0;626.0;-658.0;588.0;-248.0;-230.0;537.0
611.0;626.0;-655.0;588.0;-253.0;-231.0;536.0
614.0;626.0;-653.0;588.0;-259.0;-231.0;536.0
615.0;626.0;-653.0;588.0;-265.0;-231.0;535.0
?;626.0;-652.0;588.0;-270.0;-232.0;535.0
616.0;626.0;-651.0;588.0;-272.0;-232.0;534.0
617.0;626.0;-650.0;587.0;-275.0;-233.0;534.0
618.0;626.0;-649.0;587.0;-278.0;-233.0;534.0
620.0;626.0;-646.0;587.0;-280.0;-233.0;534.0
?;626.0;-644.0;587.0;-280.0;-233.0;534.0
625.0;626.0;-642.0;586.0;-281.0;-233.0;533.0
627.0;627.0;-641.0;585.0;-282.0;-233.0;?
628.0;627.0;-639.0;585.0;-283.0;-233.0;533.0
630.0;?;-638.0;?;-283.0;-233.0;533.0
631.0;628.0;-637.0;?;-285.0;?;533.0
633.0;628.0;-635.0;586.0;-285.0;-233.0;532.0
?;628.0;-633.0;585.0;-285.0;-233.0;533.0
636.0;628.0;-632.0;586.0;-285.0;-233.0;532.0
?;627.0;-631.0;586.0;-286.0;-234.0;533.0
640.0;627.0;-630.0;585.0;-287.0;-234.0;532.0
640.0;627.0;-629.0;586.0;-288.0;-234.0;532.0
641.0;628.0;-628.0;586.0;-289.0;-234.0;532.0
642.0;628.0;-626.0;586.0;-290.0;-234.0;532.0
644.0;628.0;-626.0;586.0;-290.0;-234.0;532.0
644.0;628.0;-625.0;586.0;-291.0;-234.0;532.0
645.0;628.0;-624.0;586.0;-293.0;?;532.0
645.0;628.0;-624.0;587.0;-293.0;-235.0;532.0
646.0;628.0;-623.0;586.0;-293.0;-235.0;531.0
647.0;?;-622.0;587.0;-294.0;-235.0;531.0
648.0;628.0;-621.0;586.0;-296.0;-235.0;531.0
648.0;628.0;-620.0;586.0;-298.0;-235.0;532.0
649.0;628.0;-620.0;586.0;-299.0;-236.0;532.0
649.0;628.0;-619.0;586.0;-301.0;-236.0;?
649.0;628.0;-619.0;586.0;-303.0;-236.0;533.0
650.0;627.0;-618.0;586.0;-303.0;-237.0;534.0
651.0;627.0;-617.0;586.0;-305.0;?;534.0
651.0;627.0;-616.0;586.0;-307.0;-236.0;535.0
652.0;626.0;-615.0;586.0;-308.0;-236.0;536.0
653.0;626.0;-615.0;586.0;-309.0;-236.0;?
653.0;626.0;-614.0;586.0;-311.0;-236.0;537.0
654.0;?;-614.0;586.0;-312.0;?;537.0
654.0;626.0;-615.0;586.0;-312.0;-236.0;536.0
655.0;626.0;-616.0;587.0;-312.0;-236.0;537.0
655.0;626.0;-617.0;587.0;-313.0;-236.0;537.0
655.0;626.0;-618.0;587.0;-313.0;-236.0;538.0
655.0;626.0;-618.0;587.0;-315.0;-236.0;538.0
654.0;625.0;-618.0;587.0;-317.0;-236.0;539.0
654.0;625.0;-618.0;587.0;-318.0;-237.0;539.0
654.0;625.0;-618.0;587.0;-321.0;-237.0;540.0
654.0;624.0;?;?;-323.0;-237.0;541.0
654.0;624.0;-617.0;587.0;-325.0;-237.0;541.0
654.0;624.0;-617.0;587.0;-325.0;-237.0;541.0
?;624.0;-617.0;587.0;-326.0;-237.0;542.0
654.0;624.0;-616.0;587.0;-326.0;-237.0;542.0
655.0;624.0;-616.0;587.0;-327.0;-236.0;542.0
655.0;625.0;?;587.0;-327.0;-236.0;542.0
655.0;624.0;-615.0;586.0;-327.0;-237.0;542.0
655.0;625.0;-615.0;586.0;-327.0;-236.0;542.0
656.0;?;-614.0;586.0;-327.0;-236.0;542.0
656.0;625.0;-615.0;?;-325.0;-236.0;542.0
655.0;625.0;-615.0;587.0;-323.0;-236.0;541.0
655.0;625.0;-616.0;587.0;-320.0;-236.0;?
655.0;626.0;-617.0;587.0;-316.0;-236.0;540.0
655.0;626.0;-619.0;587.0;-309.0;-236.0;540.0
655.0;627.0;-621.0;588.0;-302.0;-236.0;539.0
655.0;627.0;-622.0;588.0;-293.0;-237.0;539.0
655.0;627.0;-624.0;588.0;-284.0;-236.0;539.0
?;628.0;-626.0;588.0;-274.0;-236.0;539.0
655.0;628.0;-627.0;588.0;-263.0;-237.0;538.0
655.0;628.0;-628.0;589.0;-251.0;-237.0;538.0
654.0;628.0;?;589.0;-239.0;?;538.0
653.0;628.0;-631.0;589.0;-228.0;-238.0;538.0
651.0;628.0;-634.0;589.0;-215.0;-238.0;538.0
647.0;628.0;-639.0;589.0;-203.0;-239.0;538.0
642.0;628.0;-643.0;589.0;-192.0;-239.0;539.0
635.0;628.0;-651.0;590.0;-181.0;-240.0;?
626.0;627.0;-660.0;591.0;-172.0;-241.0;541.0
615.0;628.0;-669.0;592.0;-162.0;-243.0;542.0
603.0;628.0;-680.0;594.0;-150.0;-244.0;542.0
590.0;629.0;-690.0;595.0;-140.0;-245.0;543.0
575.0;629.0;-700.0;597.0;-130.0;-246.0;543.0
561.0;630.0;-710.0;598.0;-118.0;-248.0;?
546.0;630.0;-721.0;599.0;-106.0;?;542.0
531.0;631.0;-730.0;601.0;-95.0;-251.0;541.0
514.0;633.0;-740.0;603.0;-84.0;-252.0;539.0
497.0;635.0;?;605.0;-71.0;-253.0;538.0
481.0;637.0;-753.0;607.0;-53.0;-254.0;536.0
465.0;?;-761.0;608.0;-35.0;-255.0;534.0
451.0;640.0;-768.0;609.0;-17.0;-258.0;533.0
437.0;640.0;-773.0;610.0;?;-260.0;531.0
424.0;640.0;?;611.0;19.0;-262.0;530.0
411.0;640.0;-776.0;611.0;41.0;-264.0;529.0
401.0;640.0;-777.0;612.0;58.0;-267.0;529.0
392.0;641.0;-778.0;613.0;72.0;-269.0;529.0
383.0;642.0;-781.0;615.0;83.0;-270.0;528.0
372.0;643.0;-784.0;617.0;94.0;?;528.0
361.0;644.0;-786.0;619.0;104.0;-272.0;527.0
352.0;645.0;-791.0;620.0;?;-274.0;527.0
342.0;646.0;-795.0;622.0;115.0;-276.0;526.0
331.0;647.0;-800.0;624.0;119.0;-277.0;525.0
322.0;648.0;-805.0;625.0;122.0;-278.0;524.0
313.0;649.0;-808.0;626.0;?;-279.0;523.0
305.0;650.0;-812.0;626.0;126.0;-280.0;522.0
298.0;651.0;-814.0;627.0;128.0;-280.0;?
292.0;652.0;-815.0;627.0;128.0;-280.0;521.0
287.0;652.0;-818.0;627.0;128.0;-279.0;?
282.0;652.0;-819.0;627.0;129.0;-279.0;520.0
279.0;652.0;-819.0;627.0;129.0;-277.0;520.0
278.0;652.0;?;626.0;127.0;-276.0;520.0
277.0;652.0;-822.0;625.0;126.0;-275.0;519.0
276.0;652.0;-826.0;625.0;125.0;-274.0;519.0
277.0;653.0;-829.0;624.0;123.0;-272.0;519.0
277.0;653.0;-831.0;623.0;122.0;?;518.0
276.0;653.0;-833.0;622.0;120.0;-267.0;518.0
276.0;653.0;-834.0;621.0;117.0;-264.0;517.0
277.0;653.0;-834.0;619.0;113.0;?;517.0
278.0;652.0;-833.0;?;108.0;-258.0;?
283.0;650.0;-830.0;615.0;102.0;-256.0;517.0
293.0;650.0;-829.0;613.0;95.0;?;516.0
307.0;649.0;-829.0;612.0;85.0;-249.0;516.0
323.0;648.0;-836.0;610.0;66.0;-246.0;516.0
336.0;646.0;-852.0;607.0;41.0;-244.0;518.0
341.0;644.0;-871.0;605.0;13.0;-242.0;520.0
339.0;640.0;-888.0;603.0;-11.0;-242.0;523.0
330.0;636.0;-901.0;600.0;-26.0;-241.0;527.0
307.0;631.0;-914.0;598.0;-33.0;-240.0;532.0
273.0;?;?;596.0;-30.0;-239.0;537.0
237.0;623.0;-934.0;593.0;-25.0;-238.0;541.0
196.0;618.0;-944.0;590.0;-22.0;-236.0;546.0
159.0;614.0;-951.0;586.0;-24.0;-233.0;550.0
124.0;610.0;-957.0;583.0;-28.0;-230.0;555.0
93.0;607.0;-961.0;577.0;-34.0;-227.0;559.0
69.0;603.0;-959.0;572.0;-41.0;-224.0;563.0
49.0;600.0;?;568.0;-47.0;-220.0;566.0
35.0;598.0;-944.0;565.0;?;-215.0;568.0
45.0;598.0;-943.0;563.0;?;-209.0;570.0
47.0;597.0;-943.0;561.0;?;-203.0;571.0
52.0;598.0;?;560.0;-94.0;-197.0;572.0
54.0;600.0;-939.0;560.0;-104.0;-191.0;572.0
53.0;601.0;-939.0;559.0;-110.0;?;570.0
53.0;600.0;-937.0;558.0;-114.0;-183.0;570.0
54.0;599.0;?;556.0;-117.0;-181.0;571.0
56.0;?;-933.0;555.0;-118.0;-181.0;572.0
?;595.0;-932.0;?;-120.0;-182.0;573.0
61.0;594.0;-932.0;555.0;-121.0;-181.0;573.0
62.0;594.0;-931.0;555.0;-122.0;-180.0;573.0
63.0;594.0;-930.0;554.0;?;-179.0;573.0
64.0;594.0;-930.0;555.0;-124.0;-178.0;573.0
64.0;594.0;-929.0;555.0;-124.0;-177.0;573.0
65.0;593.0;-929.0;554.0;-124.0;?;573.0
65.0;593.0;-929.0;554.0;-125.0;-177.0;573.0
65.0;592.0;-929.0;555.0;-125.0;?;573.0
67.0;592.0;-929.0;555.0;-124.0;-177.0;573.0
67.0;592.0;-929.0;555.0;-122.0;-177.0;573.0
67.0;592.0;-929.0;?;-121.0;-177.0;574.0
67.0;592.0;-929.0;555.0;-121.0;-177.0;?
67.0;592.0;-929.0;555.0;-120.0;?;574.0
68.0;593.0;-929.0;556.0;-119.0;-178.0;573.0
68.0;593.0;-930.0;556.0;-119.0;-179.0;573.0
68.0;593.0;-930.0;557.0;-118.0;-179.0;572.0
68.0;594.0;-930.0;557.0;-117.0;-180.0;572.0
67.0;595.0;-930.0;558.0;-117.0;-179.0;571.0
67.0;596.0;-931.0;559.0;-116.0;-179.0;570.0
67.0;596.0;-931.0;559.0;-115.0;-179.0;?
68.0;596.0;-931.0;559.0;-114.0;-180.0;570.0
68.0;597.0;-931.0;560.0;-113.0;-181.0;569.0
68.0;597.0;-931.0;561.0;-112.0;?;569.0
68.0;597.0;-932.0;561.0;-112.0;?;569.0
69.0;598.0;-932.0;561.0;-111.0;-182.0;569.0
69.0;598.0;-932.0;561.0;-109.0;-182.0;568.0
69.0;598.0;-932.0;561.0;-109.0;?;568.0
69.0;598.0;-932.0;562.0;-108.0;-183.0;568.0
70.0;598.0;-932.0;562.0;-107.0;-183.0;568.0
70.0;598.0;?;562.0;-107.0;-183.0;568.0
71.0;598.0;-933.0;563.0;-106.0;-184.0;568.0
71.0;598.0;-933.0;563.0;-105.0;-184.0;568.0
70.0;598.0;-933.0;563.0;-105.0;-184.0;567.0
71.0;598.0;-933.0;563.0;-104.0;-184.0;567.0
71.0;599.0;-933.0;564.0;-103.0;-185.0;567.0
72.0;599.0;-933.0;564.0;-102.0;-185.0;566.0
72.0;599.0;-933.0;564.0;-101.0;-185.0;566.0
72.0;599.0;-934.0;564.0;-100.0;-185.0;566.0
72.0;600.0;-934.0;564.0;-99.0;-186.0;565.0
73.0;600.0;?;565.0;-98.0;-186.0;565.0
73.0;601.0;-935.0;565.0;-96.0;-186.0;565.0
73.0;601.0;-935.0;565.0;-96.0;-186.0;564.0
73.0;601.0;-935.0;566.0;-95.0;-187.0;564.0
73.0;602.0;-935.0;566.0;?;-187.0;564.0
73.0;602.0;-936.0;566.0;-93.0;-187.0;564.0
73.0;602.0;-936.0;567.0;-92.0;-188.0;563.0
72.0;603.0;-936.0;567.0;-91.0;-188.0;563.0
73.0;603.0;-937.0;568.0;-90.0;-189.0;563.0
75.0;603.0;-938.0;568.0;-87.0;-190.0;562.0
79.0;603.0;-939.0;568.0;-82.0;-192.0;562.0
84.0;603.0;-942.0;568.0;-74.0;-194.0;561.0
89.0;604.0;-945.0;568.0;?;-198.0;560.0
100.0;605.0;-947.0;569.0;-60.0;-202.0;558.0
113.0;607.0;-948.0;571.0;-55.0;-204.0;556.0
134.0;610.0;-945.0;573.0;-51.0;-206.0;553.0
160.0;613.0;-939.0;574.0;-48.0;-208.0;551.0
189.0;615.0;-933.0;576.0;-47.0;-212.0;549.0
222.0;618.0;-926.0;?;?;-215.0;547.0
?;620.0;-917.0;581.0;-62.0;-220.0;544.0
291.0;622.0;-908.0;584.0;-70.0;-225.0;540.0
325.0;625.0;-899.0;586.0;-76.0;?;535.0
356.0;629.0;-890.0;588.0;-76.0;-237.0;529.0
383.0;633.0;-881.0;591.0;-72.0;-242.0;522.0
403.0;638.0;-873.0;595.0;-61.0;-246.0;514.0
416.0;?;-867.0;598.0;-46.0;-249.0;507.0
424.0;649.0;-862.0;602.0;-29.0;-251.0;501.0
419.0;653.0;-860.0;604.0;-6.0;-252.0;497.0
408.0;658.0;-852.0;605.0;23.0;-255.0;495.0
396.0;661.0;-844.0;605.0;46.0;-258.0;495.0
381.0;664.0;-840.0;607.0;60.0;-262.0;495.0
366.0;666.0;-836.0;609.0;72.0;-266.0;494.0
352.0;668.0;-834.0;612.0;80.0;-270.0;493.0
338.0;670.0;-834.0;616.0;86.0;-274.0;492.0
331.0;672.0;-833.0;618.0;87.0;-277.0;492.0
324.0;673.0;-833.0;620.0;?;-279.0;491.0
320.0;674.0;-831.0;623.0;93.0;-281.0;491.0
?;675.0;-829.0;624.0;98.0;-283.0;?
317.0;?;-832.0;625.0;102.0;-285.0;490.0
314.0;676.0;-835.0;626.0;106.0;-285.0;489.0
312.0;677.0;-838.0;626.0;109.0;-285.0;489.0
308.0;677.0;-840.0;626.0;111.0;-285.0;489.0
306.0;677.0;-841.0;626.0;112.0;-283.0;490.0
305.0;677.0;-841.0;626.0;115.0;-282.0;491.0
307.0;677.0;-845.0;626.0;114.0;-280.0;492.0
311.0;677.0;-848.0;626.0;112.0;-278.0;493.0
318.0;677.0;-850.0;626.0;107.0;-275.0;493.0
328.0;676.0;-850.0;625.0;?;-272.0;495.0
340.0;674.0;-849.0;624.0;88.0;-270.0;497.0
354.0;672.0;?;623.0;74.0;-268.0;500.0
369.0;670.0;-847.0;622.0;57.0;-265.0;502.0
384.0;667.0;-843.0;620.0;39.0;-263.0;504.0
401.0;665.0;-838.0;?;20.0;-260.0;507.0
417.0;663.0;-830.0;618.0;-1.0;-257.0;510.0
432.0;661.0;-821.0;619.0;-24.0;-255.0;514.0
446.0;660.0;-810.0;620.0;-44.0;-251.0;517.0
462.0;658.0;-799.0;620.0;-64.0;-248.0;521.0
478.0;655.0;-787.0;619.0;-81.0;-245.0;525.0
493.0;652.0;-774.0;618.0;-95.0;-242.0;530.0
509.0;650.0;-762.0;?;-107.0;-240.0;533.0
524.0;647.0;-750.0;615.0;-120.0;-238.0;535.0
538.0;645.0;-740.0;613.0;-133.0;-237.0;538.0
551.0;644.0;-730.0;611.0;-146.0;-235.0;539.0
562.0;643.0;-721.0;609.0;-158.0;-233.0;540.0
572.0;641.0;-713.0;608.0;-170.0;-232.0;540.0
581.0;640.0;-705.0;606.0;-183.0;-230.0;540.0
588.0;638.0;-699.0;604.0;-195.0;-229.0;541.0
593.0;637.0;-693.0;602.0;-207.0;-228.0;540.0
597.0;636.0;-689.0;601.0;-217.0;?;540.0
600.0;?;-686.0;600.0;-227.0;-227.0;540.0
602.0;635.0;-683.0;599.0;-235.0;-227.0;540.0
604.0;634.0;-680.0;599.0;?;?;540.0
605.0;634.0;-680.0;599.0;-251.0;-226.0;540.0
605.0;634.0;-678.0;599.0;-259.0;-226.0;540.0
605.0;634.0;?;599.0;-266.0;?;540.0
605.0;634.0;-677.0;599.0;-270.0;-227.0;540.0
606.0;633.0;-676.0;598.0;-274.0;-228.0;540.0
605.0;632.0;-676.0;598.0;-280.0;-228.0;540.0
605.0;632.0;-676.0;598.0;-285.0;-229.0;540.0
605.0;632.0;?;598.0;-289.0;-230.0;?
605.0;632.0;-675.0;599.0;-293.0;-230.0;540.0
605.0;631.0;-674.0;599.0;-295.0;-230.0;540.0
606.0;631.0;-673.0;598.0;-297.0;-231.0;540.0
607.0;631.0;-673.0;598.0;-299.0;-231.0;?
608.0;630.0;-671.0;598.0;-300.0;?;539.0
609.0;631.0;-671.0;598.0;-301.0;?;?
610.0;631.0;-670.0;598.0;-302.0;-232.0;538.0
611.0;631.0;-670.0;598.0;-302.0;-232.0;537.0
612.0;632.0;-669.0;598.0;-302.0;?;537.0
613.0;632.0;-668.0;598.0;-302.0;-232.0;?
614.0;632.0;-667.0;598.0;-302.0;-232.0;537.0
615.0;632.0;-667.0;598.0;-302.0;-233.0;537.0
616.0;631.0;-666.0;?;-301.0;-233.0;537.0
616.0;631.0;-665.0;597.0;-301.0;-234.0;537.0
617.0;631.0;-665.0;597.0;-300.0;-234.0;537.0
?;632.0;-665.0;598.0;-300.0;-234.0;536.0
618.0;632.0;-665.0;598.0;-299.0;-234.0;537.0
619.0;632.0;-664.0;598.0;-299.0;-234.0;536.0
619.0;632.0;-664.0;598.0;-298.0;-235.0;536.0
620.0;632.0;?;598.0;-298.0;-235.0;536.0
620.0;632.0;-663.0;598.0;-298.0;-236.0;536.0
?;633.0;-663.0;599.0;-297.0;-236.0;536.0
?;633.0;?;599.0;-296.0;-236.0;536.0
622.0;633.0;-662.0;599.0;-296.0;-236.0;536.0
622.0;633.0;-662.0;599.0;-296.0;-236.0;536.0
623.0;633.0;-661.0;599.0;-296.0;-236.0;536.0
623.0;633.0;-661.0;599.0;-295.0;-236.0;536.0
623.0;632.0;-661.0;599.0;-294.0;-236.0;536.0
624.0;632.0;-661.0;599.0;?;-236.0;536.0
624.0;632.0;-660.0;599.0;-293.0;-236.0;536.0
624.0;632.0;-660.0;599.0;-292.0;-236.0;536.0
624.0;632.0;-660.0;599.0;-291.0;-235.0;536.0
624.0;632.0;-661.0;599.0;-289.0;-235.0;536.0
624.0;632.0;?;599.0;-288.0;-235.0;537.0
624.0;632.0;-661.0;599.0;-287.0;-235.0;537.0
623.0;632.0;-661.0;599.0;?;-235.0;537.0
623.0;632.0;-662.0;599.0;-284.0;-235.0;537.0
623.0;?;-663.0;598.0;-280.0;-235.0;537.0
622.0;632.0;-665.0;597.0;-277.0;-234.0;537.0
621.0;632.0;-666.0;597.0;?;-234.0;537.0
620.0;632.0;-668.0;597.0;-267.0;-234.0;537.0
619.0;632.0;-671.0;597.0;-260.0;-234.0;537.0
617.0;631.0;-673.0;597.0;-251.0;-235.0;539.0
616.0;631.0;-675.0;596.0;-243.0;-235.0;540.0
615.0;630.0;-677.0;596.0;?;-235.0;?
614.0;630.0;-678.0;595.0;-227.0;-235.0;541.0
612.0;630.0;?;595.0;-221.0;-235.0;541.0
610.0;630.0;-680.0;595.0;-216.0;-235.0;542.0
606.0;629.0;-681.0;595.0;-212.0;-234.0;542.0
603.0;629.0;-682.0;594.0;-210.0;-234.0;543.0
600.0;629.0;-683.0;594.0;-207.0;-234.0;543.0
597.0;629.0;-684.0;594.0;-206.0;-234.0;544.0
593.0;628.0;-686.0;594.0;-205.0;-233.0;545.0
590.0;628.0;-687.0;594.0;-205.0;-232.0;545.0
586.0;628.0;-690.0;594.0;-206.0;-232.0;546.0
582.0;628.0;-693.0;594.0;-204.0;-232.0;546.0
577.0;?;-698.0;594.0;-201.0;-232.0;546.0
570.0;627.0;-704.0;594.0;-196.0;-232.0;546.0
562.0;628.0;-711.0;594.0;-189.0;-234.0;?
553.0;628.0;-719.0;594.0;-179.0;-235.0;544.0
542.0;628.0;-727.0;594.0;-167.0;-237.0;544.0
?;628.0;-736.0;?;-151.0;-239.0;542.0
519.0;628.0;-746.0;595.0;-133.0;-241.0;541.0
507.0;628.0;-756.0;595.0;-114.0;-243.0;539.0
497.0;628.0;-765.0;595.0;-95.0;-246.0;538.0
486.0;629.0;-775.0;596.0;-78.0;-248.0;535.0
475.0;630.0;-784.0;596.0;-62.0;-249.0;532.0
463.0;631.0;-791.0;597.0;-44.0;-251.0;530.0
453.0;632.0;-797.0;597.0;-28.0;-252.0;527.0
443.0;635.0;-800.0;598.0;-10.0;-254.0;525.0
433.0;636.0;-804.0;599.0;6.0;-255.0;523.0
421.0;638.0;-809.0;600.0;19.0;-256.0;521.0
409.0;640.0;-816.0;602.0;32.0;-258.0;519.0
397.0;642.0;-825.0;603.0;41.0;-259.0;517.0
385.0;644.0;-831.0;605.0;50.0;-260.0;517.0
376.0;645.0;-833.0;606.0;61.0;-262.0;516.0
367.0;646.0;-836.0;608.0;68.0;-264.0;515.0
357.0;648.0;-838.0;610.0;73.0;-265.0;514.0
347.0;649.0;-838.0;612.0;79.0;-267.0;514.0
338.0;651.0;-838.0;613.0;85.0;-269.0;513.0
332.0;653.0;?;615.0;90.0;-270.0;512.0
326.0;654.0;-843.0;616.0;93.0;-272.0;511.0
318.0;655.0;-845.0;618.0;99.0;-273.0;511.0
?;?;-845.0;619.0;104.0;-274.0;510.0
308.0;657.0;-848.0;620.0;108.0;-275.0;510.0
302.0;657.0;?;621.0;?;-276.0;509.0
298.0;659.0;-851.0;622.0;114.0;-277.0;508.0
293.0;659.0;?;622.0;116.0;-278.0;508.0
288.0;659.0;-854.0;622.0;119.0;-278.0;508.0
284.0;659.0;-856.0;622.0;122.0;-278.0;508.0
282.0;659.0;-859.0;622.0;121.0;-278.0;508.0
280.0;660.0;-859.0;622.0;123.0;-278.0;508.0
279.0;660.0;-862.0;622.0;122.0;-277.0;508.0
279.0;?;-866.0;622.0;122.0;-277.0;508.0
278.0;659.0;-870.0;622.0;121.0;?;508.0
277.0;659.0;-871.0;621.0;117.0;-275.0;508.0
279.0;659.0;-871.0;621.0;114.0;-274.0;509.0
280.0;659.0;-872.0;620.0;112.0;-272.0;509.0
281.0;658.0;-872.0;619.0;107.0;-269.0;509.0
287.0;657.0;-870.0;618.0;?;-266.0;509.0
294.0;656.0;-868.0;615.0;95.0;-263.0;509.0
?;655.0;?;613.0;86.0;-259.0;510.0
313.0;654.0;-865.0;611.0;75.0;-256.0;511.0
324.0;653.0;-867.0;609.0;58.0;-253.0;512.0
334.0;650.0;-875.0;606.0;35.0;-250.0;514.0
337.0;648.0;-888.0;605.0;11.0;-248.0;518.0
332.0;645.0;-900.0;603.0;-6.0;-246.0;521.0
318.0;643.0;-912.0;600.0;-21.0;-244.0;525.0
294.0;638.0;-924.0;598.0;-30.0;-243.0;529.0
262.0;635.0;-935.0;594.0;-38.0;-241.0;534.0
221.0;631.0;-943.0;591.0;-40.0;-239.0;?
179.0;628.0;-947.0;?;?;-235.0;543.0
?;624.0;-951.0;586.0;-43.0;-231.0;548.0
108.0;621.0;-954.0;583.0;-45.0;-226.0;553.0
80.0;617.0;-955.0;579.0;-44.0;?;558.0
59.0;614.0;-950.0;575.0;-40.0;-216.0;563.0
68.0;611.0;-946.0;570.0;?;-211.0;567.0
71.0;610.0;?;?;-89.0;-205.0;570.0
79.0;609.0;-927.0;564.0;-108.0;-198.0;572.0
88.0;608.0;-925.0;562.0;-120.0;-192.0;?
90.0;607.0;-927.0;561.0;?;-186.0;575.0
92.0;605.0;-928.0;559.0;-131.0;?;577.0
94.0;604.0;-926.0;558.0;-137.0;-176.0;577.0
98.0;601.0;-922.0;557.0;-142.0;-173.0;577.0
103.0;599.0;-919.0;555.0;-146.0;-171.0;576.0
?;597.0;-917.0;?;-149.0;-169.0;576.0
110.0;595.0;-915.0;551.0;-152.0;-168.0;576.0
111.0;593.0;-914.0;?;-155.0;-166.0;576.0
111.0;592.0;-913.0;551.0;-158.0;-165.0;576.0
111.0;?;-912.0;551.0;-160.0;-165.0;576.0
112.0;591.0;?;550.0;-161.0;-164.0;575.0
114.0;591.0;-911.0;550.0;-162.0;-164.0;575.0
116.0;591.0;-911.0;550.0;-160.0;-164.0;574.0
118.0;591.0;-910.0;550.0;-159.0;-164.0;574.0
119.0;590.0;-910.0;549.0;-158.0;?;574.0
120.0;591.0;-910.0;550.0;-158.0;-164.0;574.0
121.0;591.0;-910.0;550.0;-157.0;-164.0;574.0
121.0;591.0;-910.0;550.0;-157.0;-163.0;574.0
121.0;591.0;-910.0;551.0;-157.0;?;574.0
121.0;591.0;-909.0;551.0;-157.0;-163.0;574.0
120.0;592.0;-909.0;551.0;-158.0;-163.0;?
120.0;592.0;-909.0;552.0;-158.0;-163.0;573.0
119.0;592.0;-909.0;552.0;-158.0;-163.0;573.0
119.0;592.0;-908.0;552.0;-159.0;-164.0;573.0
120.0;592.0;-908.0;552.0;-158.0;-164.0;573.0
121.0;?;-908.0;552.0;-158.0;-163.0;573.0
122.0;592.0;-909.0;552.0;-157.0;-164.0;573.0
123.0;592.0;-908.0;552.0;-157.0;-164.0;573.0
123.0;592.0;-908.0;553.0;-156.0;-164.0;573.0
?;592.0;-908.0;?;-156.0;-164.0;573.0
124.0;592.0;-908.0;553.0;-156.0;-164.0;572.0
125.0;592.0;-908.0;553.0;-156.0;-164.0;?
125.0;592.0;-908.0;553.0;-156.0;?;572.0
125.0;592.0;-908.0;553.0;-156.0;-164.0;?
126.0;592.0;-908.0;554.0;-156.0;-164.0;572.0
127.0;591.0;-908.0;554.0;?;-164.0;?
127.0;592.0;-908.0;554.0;-156.0;-164.0;572.0
127.0;592.0;-908.0;553.0;-156.0;-164.0;572.0
127.0;591.0;-908.0;553.0;-156.0;-164.0;573.0
127.0;591.0;-908.0;553.0;-156.0;-164.0;573.0
129.0;591.0;-908.0;553.0;-156.0;-164.0;?
129.0;591.0;-907.0;552.0;-157.0;-163.0;574.0
129.0;590.0;-907.0;551.0;-156.0;-163.0;574.0
130.0;?;-907.0;551.0;-156.0;-164.0;575.0
130.0;590.0;-907.0;551.0;-157.0;-163.0;575.0
131.0;589.0;-907.0;550.0;-157.0;?;576.0
131.0;589.0;-907.0;550.0;-157.0;-163.0;576.0
131.0;589.0;-907.0;?;-157.0;-163.0;?
132.0;?;-907.0;550.0;?;-163.0;576.0
132.0;588.0;-907.0;550.0;-156.0;-164.0;576.0
132.0;588.0;-908.0;550.0;-153.0;-166.0;576.0
134.0;587.0;-910.0;549.0;-146.0;-169.0;576.0
140.0;587.0;-913.0;546.0;-135.0;-174.0;575.0
153.0;588.0;-917.0;546.0;-120.0;-180.0;573.0
?;590.0;-916.0;548.0;-105.0;-184.0;571.0
202.0;592.0;?;551.0;-94.0;-188.0;569.0
239.0;596.0;-908.0;555.0;-84.0;-193.0;568.0
281.0;600.0;-899.0;558.0;-74.0;-199.0;566.0
?;605.0;-891.0;562.0;-64.0;-204.0;562.0
364.0;610.0;-887.0;567.0;-56.0;-209.0;558.0
398.0;?;?;572.0;-48.0;-214.0;553.0
424.0;621.0;?;575.0;-37.0;-221.0;547.0
438.0;627.0;-870.0;577.0;-22.0;-227.0;539.0
440.0;631.0;-869.0;578.0;-5.0;-232.0;532.0
435.0;635.0;?;581.0;15.0;-237.0;525.0
424.0;?;-860.0;583.0;39.0;-241.0;520.0
405.0;644.0;-850.0;586.0;64.0;-244.0;515.0
389.0;646.0;-832.0;586.0;92.0;-248.0;513.0
375.0;646.0;-821.0;585.0;111.0;-254.0;513.0
364.0;646.0;-822.0;?;122.0;-261.0;513.0
355.0;644.0;-823.0;582.0;127.0;-269.0;511.0
349.0;643.0;-819.0;583.0;132.0;-274.0;509.0
346.0;644.0;-814.0;585.0;138.0;-278.0;507.0
340.0;646.0;-812.0;588.0;141.0;-280.0;506.0
334.0;649.0;-811.0;591.0;145.0;-280.0;504.0
331.0;653.0;-811.0;594.0;147.0;-279.0;504.0
330.0;655.0;-815.0;596.0;?;-280.0;504.0
?;656.0;-818.0;596.0;149.0;-281.0;504.0
321.0;655.0;-820.0;595.0;151.0;-282.0;504.0
319.0;654.0;-825.0;595.0;148.0;-283.0;504.0
320.0;654.0;-828.0;594.0;144.0;-282.0;505.0
322.0;653.0;-829.0;594.0;143.0;-281.0;505.0
326.0;653.0;-829.0;595.0;138.0;-279.0;505.0
333.0;653.0;-832.0;594.0;129.0;-276.0;507.0
344.0;652.0;?;593.0;119.0;-274.0;508.0
358.0;651.0;-827.0;592.0;108.0;-273.0;510.0
374.0;649.0;-820.0;591.0;?;-271.0;513.0
390.0;646.0;-814.0;590.0;78.0;-269.0;516.0
?;644.0;-808.0;588.0;58.0;-267.0;520.0
425.0;642.0;-803.0;587.0;34.0;-264.0;523.0
443.0;640.0;-795.0;585.0;10.0;-262.0;526.0
460.0;638.0;-785.0;585.0;-13.0;-259.0;529.0
477.0;637.0;-776.0;584.0;-40.0;-256.0;532.0
496.0;635.0;-765.0;583.0;-67.0;-254.0;534.0
515.0;634.0;-751.0;582.0;-90.0;-252.0;537.0
534.0;632.0;-740.0;582.0;-112.0;-250.0;539.0
549.0;631.0;-730.0;580.0;-132.0;?;542.0
563.0;629.0;-720.0;579.0;-151.0;-247.0;544.0
574.0;628.0;-712.0;579.0;-170.0;-245.0;546.0
582.0;627.0;-706.0;578.0;-186.0;-243.0;547.0
589.0;627.0;-699.0;576.0;-203.0;-242.0;547.0
595.0;626.0;-694.0;575.0;-219.0;-241.0;548.0
598.0;624.0;-689.0;574.0;-234.0;-239.0;?
601.0;624.0;-685.0;573.0;-248.0;-239.0;547.0
604.0;623.0;?;572.0;-259.0;-237.0;546.0
607.0;622.0;-675.0;571.0;-269.0;-237.0;545.0
?;?;-672.0;570.0;-278.0;-237.0;545.0
609.0;621.0;-670.0;569.0;-286.0;-237.0;544.0
609.0;620.0;-668.0;568.0;-293.0;-237.0;543.0
609.0;620.0;-666.0;568.0;-299.0;-237.0;542.0
608.0;620.0;-666.0;567.0;-304.0;-236.0;541.0
607.0;620.0;-665.0;567.0;-308.0;-236.0;540.0
608.0;619.0;-664.0;566.0;-312.0;-237.0;540.0
608.0;619.0;-663.0;565.0;-316.0;-237.0;540.0
609.0;619.0;-661.0;565.0;-320.0;-237.0;539.0
609.0;619.0;-661.0;?;-324.0;-237.0;539.0
610.0;619.0;-660.0;565.0;-327.0;-236.0;539.0
610.0;619.0;-659.0;565.0;-331.0;-236.0;539.0
610.0;?;-658.0;565.0;-333.0;-237.0;538.0
611.0;619.0;-657.0;564.0;-336.0;-237.0;538.0
612.0;618.0;-655.0;564.0;-338.0;-237.0;537.0
613.0;618.0;-653.0;564.0;-339.0;-237.0;537.0
613.0;618.0;-652.0;564.0;-341.0;-237.0;536.0
?;618.0;-651.0;565.0;-342.0;-237.0;535.0
614.0;618.0;-650.0;565.0;-343.0;-237.0;535.0
615.0;619.0;-649.0;566.0;-342.0;-236.0;534.0
616.0;620.0;-648.0;566.0;-342.0;-236.0;534.0
617.0;620.0;-647.0;566.0;-341.0;-237.0;533.0
618.0;620.0;-646.0;566.0;-340.0;-237.0;533.0
618.0;621.0;-645.0;566.0;-340.0;-237.0;533.0
619.0;?;-645.0;566.0;-339.0;-237.0;532.0
620.0;621.0;-645.0;566.0;-339.0;-237.0;532.0
620.0;622.0;-644.0;566.0;-339.0;-237.0;532.0
621.0;622.0;-643.0;566.0;-338.0;-237.0;531.0
622.0;622.0;-643.0;567.0;-338.0;-238.0;531.0
623.0;622.0;-642.0;567.0;-337.0;-238.0;531.0
623.0;?;-642.0;567.0;-337.0;-238.0;531.0
624.0;622.0;-641.0;567.0;-336.0;-238.0;531.0
624.0;622.0;-641.0;567.0;-336.0;-238.0;531.0
624.0;622.0;-641.0;567.0;-335.0;-239.0;531.0
625.0;622.0;-642.0;567.0;-334.0;-239.0;531.0
625.0;622.0;-642.0;566.0;-333.0;-238.0;531.0
624.0;622.0;-641.0;566.0;-333.0;-239.0;531.0
624.0;622.0;-641.0;566.0;-333.0;-239.0;531.0
625.0;622.0;-641.0;?;?;-239.0;531.0
625.0;622.0;-640.0;566.0;-332.0;-239.0;531.0
626.0;622.0;-640.0;567.0;-332.0;-239.0;531.0
626.0;622.0;?;567.0;-331.0;-239.0;531.0
626.0;622.0;-640.0;567.0;-330.0;-239.0;531.0
626.0;623.0;-639.0;567.0;-330.0;-239.0;531.0
?;623.0;-639.0;567.0;-329.0;-240.0;531.0
627.0;623.0;-639.0;567.0;-328.0;-240.0;531.0
627.0;623.0;-639.0;567.0;-326.0;-240.0;531.0
627.0;623.0;-640.0;568.0;-323.0;-240.0;531.0
627.0;623.0;-641.0;568.0;?;-240.0;531.0
626.0;623.0;-643.0;568.0;?;-240.0;531.0
625.0;624.0;-645.0;568.0;-308.0;-240.0;531.0
625.0;624.0;-646.0;569.0;-301.0;?;530.0
624.0;624.0;-648.0;569.0;-291.0;-241.0;530.0
624.0;625.0;-651.0;569.0;-279.0;-241.0;529.0
622.0;626.0;-655.0;569.0;-265.0;-242.0;529.0
620.0;626.0;-659.0;569.0;?;-243.0;528.0
617.0;?;-665.0;569.0;-231.0;-244.0;527.0
613.0;628.0;-670.0;570.0;-212.0;-245.0;526.0
608.0;629.0;-677.0;571.0;-192.0;-246.0;526.0
601.0;630.0;-685.0;571.0;-173.0;-248.0;525.0
592.0;631.0;-694.0;572.0;-155.0;-249.0;526.0
583.0;632.0;-703.0;574.0;-136.0;-251.0;527.0
572.0;632.0;-712.0;576.0;-117.0;?;528.0
561.0;633.0;-720.0;577.0;-99.0;-255.0;529.0
549.0;634.0;-727.0;579.0;-81.0;-257.0;530.0
536.0;634.0;-736.0;580.0;-66.0;-259.0;530.0
523.0;635.0;-744.0;581.0;-52.0;-261.0;530.0
509.0;636.0;-753.0;582.0;-38.0;-262.0;529.0
496.0;637.0;-761.0;583.0;-26.0;-263.0;?
484.0;637.0;-764.0;584.0;-12.0;-264.0;525.0
472.0;637.0;-768.0;584.0;1.0;-266.0;523.0
459.0;639.0;-775.0;585.0;?;-266.0;522.0
447.0;640.0;-781.0;586.0;24.0;-267.0;521.0
433.0;642.0;-787.0;587.0;35.0;-267.0;521.0
417.0;644.0;-795.0;589.0;44.0;-267.0;520.0
399.0;645.0;-803.0;591.0;50.0;-267.0;520.0
382.0;647.0;-808.0;592.0;55.0;?;521.0
365.0;648.0;-808.0;594.0;62.0;-267.0;521.0
350.0;648.0;-809.0;595.0;71.0;-268.0;522.0
337.0;648.0;-813.0;596.0;76.0;-269.0;523.0
327.0;648.0;-817.0;597.0;81.0;-270.0;523.0
318.0;648.0;-818.0;598.0;87.0;-270.0;524.0
311.0;648.0;?;598.0;90.0;-271.0;525.0
306.0;648.0;-821.0;599.0;92.0;-271.0;525.0
304.0;648.0;-821.0;600.0;96.0;-271.0;526.0
303.0;648.0;-822.0;600.0;99.0;-271.0;526.0
300.0;648.0;-823.0;601.0;103.0;-272.0;527.0
?;648.0;-823.0;600.0;107.0;-272.0;527.0
298.0;648.0;-825.0;600.0;112.0;-271.0;527.0
294.0;?;-829.0;601.0;117.0;-271.0;527.0
293.0;648.0;-832.0;601.0;119.0;-271.0;527.0
290.0;648.0;-836.0;600.0;119.0;-271.0;527.0
288.0;648.0;-837.0;599.0;119.0;-271.0;527.0
287.0;?;-840.0;598.0;119.0;-271.0;526.0
286.0;646.0;-843.0;597.0;119.0;-270.0;526.0
285.0;646.0;-846.0;597.0;118.0;-269.0;526.0
285.0;646.0;-850.0;596.0;114.0;-267.0;525.0
283.0;646.0;-850.0;596.0;111.0;-265.0;525.0
284.0;646.0;-849.0;595.0;108.0;-263.0;524.0
286.0;645.0;-849.0;593.0;105.0;-261.0;524.0
286.0;645.0;-849.0;592.0;103.0;-259.0;523.0
290.0;644.0;-848.0;?;100.0;-257.0;523.0
295.0;644.0;-847.0;589.0;91.0;-254.0;522.0
303.0;643.0;-844.0;588.0;81.0;-251.0;?
311.0;643.0;-840.0;587.0;72.0;-248.0;521.0
322.0;642.0;-839.0;586.0;58.0;-247.0;521.0
331.0;641.0;-844.0;585.0;39.0;-245.0;521.0
336.0;639.0;-854.0;583.0;17.0;-243.0;522.0
336.0;636.0;-864.0;582.0;-5.0;-242.0;524.0
326.0;633.0;-879.0;580.0;-25.0;-241.0;?
306.0;631.0;-892.0;579.0;-40.0;-240.0;529.0
?;627.0;-905.0;578.0;-54.0;-239.0;533.0
236.0;624.0;-918.0;576.0;-64.0;-237.0;537.0
192.0;620.0;-927.0;574.0;-70.0;-235.0;541.0
150.0;615.0;-933.0;571.0;-71.0;?;546.0
114.0;611.0;-937.0;569.0;-65.0;-231.0;550.0
83.0;607.0;-940.0;566.0;-55.0;-229.0;554.0
61.0;605.0;-937.0;563.0;-38.0;-226.0;557.0
64.0;603.0;-936.0;561.0;-57.0;-223.0;559.0
67.0;602.0;-928.0;558.0;-83.0;-218.0;560.0
69.0;602.0;-918.0;556.0;-99.0;-213.0;560.0
73.0;603.0;-917.0;555.0;-114.0;-208.0;561.0
77.0;602.0;-920.0;552.0;?;-203.0;560.0
81.0;601.0;-923.0;549.0;-122.0;-201.0;560.0
83.0;599.0;-925.0;545.0;-123.0;-199.0;561.0
83.0;597.0;-924.0;544.0;-125.0;-198.0;561.0
84.0;596.0;-920.0;543.0;-128.0;-197.0;561.0
85.0;595.0;-917.0;541.0;-131.0;-196.0;561.0
86.0;595.0;-915.0;540.0;-134.0;-194.0;561.0
86.0;596.0;-914.0;541.0;-136.0;-193.0;561.0
86.0;597.0;-913.0;542.0;-138.0;-191.0;561.0
?;598.0;?;541.0;-140.0;-190.0;561.0
86.0;597.0;-911.0;540.0;?;-189.0;561.0
87.0;597.0;-911.0;?;-142.0;-188.0;561.0
88.0;596.0;-911.0;540.0;-142.0;-188.0;562.0
90.0;596.0;-910.0;540.0;-141.0;-188.0;562.0
90.0;596.0;-910.0;541.0;-140.0;-188.0;562.0
91.0;596.0;-910.0;541.0;-140.0;-188.0;562.0
91.0;596.0;-911.0;541.0;-140.0;-188.0;562.0
92.0;597.0;-911.0;?;-139.0;-189.0;562.0
92.0;?;-911.0;542.0;-137.0;-189.0;562.0
93.0;597.0;-912.0;543.0;-136.0;-190.0;562.0
94.0;596.0;-913.0;543.0;-134.0;?;562.0
101.0;596.0;-915.0;544.0;-130.0;-193.0;562.0
117.0;595.0;-914.0;544.0;-120.0;-196.0;562.0
?;595.0;-911.0;545.0;-111.0;-201.0;563.0
170.0;594.0;-908.0;546.0;-110.0;-209.0;563.0
?;596.0;-903.0;550.0;-108.0;?;561.0
252.0;600.0;-896.0;555.0;-104.0;-222.0;558.0
296.0;605.0;-890.0;561.0;-105.0;-224.0;555.0
338.0;612.0;-884.0;567.0;-107.0;-226.0;551.0
375.0;620.0;-874.0;572.0;-106.0;-228.0;546.0
403.0;626.0;-864.0;576.0;-99.0;-230.0;542.0
421.0;629.0;-858.0;578.0;-86.0;-233.0;538.0
429.0;632.0;-855.0;580.0;-65.0;-237.0;533.0
430.0;634.0;-853.0;?;-44.0;-241.0;529.0
423.0;637.0;-851.0;582.0;-25.0;-246.0;525.0
?;640.0;-846.0;584.0;-4.0;-249.0;522.0
400.0;642.0;-839.0;?;19.0;-252.0;519.0
385.0;645.0;-834.0;589.0;38.0;-254.0;518.0
372.0;648.0;-828.0;?;55.0;-255.0;517.0
363.0;651.0;-818.0;596.0;73.0;-258.0;516.0
354.0;652.0;-812.0;599.0;87.0;-262.0;516.0
350.0;653.0;-811.0;602.0;98.0;-266.0;515.0
348.0;654.0;-814.0;604.0;105.0;-269.0;514.0
345.0;655.0;-818.0;605.0;108.0;-271.0;513.0
339.0;656.0;-818.0;606.0;112.0;-275.0;513.0
?;657.0;-818.0;607.0;114.0;-277.0;512.0
326.0;?;-821.0;608.0;115.0;-278.0;511.0
320.0;658.0;-822.0;?;117.0;-279.0;511.0
317.0;659.0;-822.0;609.0;119.0;-280.0;510.0
318.0;660.0;-820.0;609.0;123.0;-279.0;510.0
315.0;661.0;-821.0;610.0;124.0;-278.0;509.0
?;661.0;-821.0;610.0;?;-277.0;509.0
316.0;661.0;-820.0;610.0;124.0;?;509.0
323.0;660.0;-819.0;609.0;120.0;-275.0;509.0
334.0;659.0;-822.0;608.0;111.0;-273.0;510.0
347.0;658.0;-828.0;607.0;96.0;-271.0;511.0
362.0;656.0;-831.0;606.0;77.0;-269.0;512.0
378.0;?;-828.0;605.0;?;-267.0;514.0
394.0;654.0;-820.0;604.0;37.0;-265.0;?
411.0;653.0;-808.0;603.0;19.0;-263.0;519.0
431.0;651.0;-799.0;602.0;-5.0;-261.0;521.0
450.0;649.0;-793.0;601.0;-32.0;-259.0;524.0
?;647.0;-786.0;599.0;-57.0;-256.0;527.0
480.0;645.0;-780.0;598.0;?;-254.0;530.0
491.0;643.0;-773.0;597.0;-105.0;-252.0;532.0
506.0;640.0;-763.0;595.0;-128.0;-249.0;536.0
522.0;638.0;-750.0;593.0;-149.0;-248.0;539.0
535.0;635.0;-738.0;591.0;-167.0;-246.0;541.0
545.0;634.0;-727.0;589.0;-182.0;-244.0;544.0
554.0;632.0;-718.0;587.0;-195.0;-242.0;545.0
562.0;630.0;-710.0;585.0;-209.0;-240.0;?
568.0;629.0;-703.0;583.0;-224.0;-239.0;545.0
574.0;627.0;-697.0;581.0;-239.0;-238.0;545.0
579.0;626.0;-692.0;580.0;-253.0;-236.0;545.0
582.0;625.0;-689.0;578.0;?;-235.0;545.0
583.0;624.0;-686.0;577.0;-276.0;-235.0;545.0
583.0;623.0;-684.0;576.0;-286.0;-234.0;544.0
583.0;623.0;-683.0;575.0;-294.0;-234.0;544.0
583.0;622.0;-682.0;574.0;-303.0;-234.0;545.0
583.0;621.0;?;574.0;-313.0;-233.0;545.0
582.0;620.0;-678.0;574.0;?;-233.0;546.0
582.0;619.0;-676.0;573.0;-331.0;-232.0;547.0
582.0;618.0;-674.0;573.0;-337.0;-233.0;547.0
582.0;618.0;-673.0;573.0;-342.0;-232.0;548.0
?;617.0;-672.0;573.0;-347.0;-232.0;548.0
582.0;617.0;-671.0;573.0;-350.0;-233.0;548.0
582.0;616.0;-670.0;572.0;-352.0;-233.0;549.0
583.0;616.0;-669.0;572.0;-354.0;-233.0;549.0
584.0;616.0;-668.0;572.0;-356.0;-233.0;549.0
585.0;616.0;?;572.0;-358.0;-233.0;549.0
586.0;616.0;-666.0;571.0;?;-233.0;549.0
?;616.0;-665.0;571.0;-360.0;-233.0;549.0
588.0;616.0;-664.0;571.0;-360.0;-233.0;549.0
589.0;616.0;-663.0;571.0;-360.0;-233.0;548.0
589.0;616.0;-663.0;571.0;-359.0;-233.0;548.0
589.0;616.0;-663.0;571.0;-358.0;-234.0;548.0
591.0;616.0;-663.0;572.0;-355.0;-234.0;548.0
591.0;617.0;-663.0;572.0;-350.0;-234.0;547.0
591.0;617.0;-664.0;572.0;-346.0;?;547.0
591.0;617.0;-665.0;573.0;-340.0;-235.0;547.0
591.0;?;-666.0;573.0;-334.0;-236.0;?
591.0;618.0;-668.0;573.0;-326.0;-236.0;545.0
591.0;618.0;-670.0;574.0;-317.0;-237.0;544.0
591.0;619.0;-673.0;574.0;-304.0;-238.0;544.0
591.0;?;-676.0;574.0;-290.0;-238.0;544.0
590.0;621.0;-680.0;575.0;-273.0;-239.0;?
589.0;622.0;-684.0;576.0;-256.0;-239.0;543.0
586.0;623.0;-688.0;576.0;-242.0;-240.0;543.0
583.0;623.0;-691.0;577.0;-226.0;-241.0;543.0
576.0;624.0;-695.0;579.0;-211.0;-242.0;544.0
570.0;?;?;580.0;-198.0;-243.0;543.0
562.0;626.0;-708.0;581.0;-182.0;-244.0;543.0
551.0;628.0;-718.0;582.0;-164.0;-245.0;541.0
541.0;630.0;-728.0;584.0;-144.0;-246.0;538.0
530.0;633.0;?;586.0;-124.0;-246.0;534.0
516.0;636.0;-750.0;588.0;-104.0;-247.0;530.0
501.0;640.0;-761.0;591.0;-84.0;-247.0;526.0
486.0;643.0;-773.0;594.0;-64.0;-248.0;523.0
469.0;?;-783.0;595.0;-43.0;-249.0;520.0
450.0;648.0;-795.0;597.0;-23.0;-252.0;517.0
435.0;650.0;-805.0;598.0;-7.0;-255.0;515.0
420.0;651.0;-812.0;600.0;10.0;-259.0;514.0
405.0;652.0;-817.0;601.0;26.0;-262.0;512.0
391.0;653.0;-822.0;603.0;42.0;-265.0;511.0
375.0;655.0;-829.0;605.0;57.0;-267.0;509.0
358.0;658.0;-837.0;607.0;70.0;-269.0;508.0
343.0;660.0;-840.0;610.0;?;-270.0;506.0
327.0;663.0;-842.0;612.0;92.0;-271.0;506.0
315.0;665.0;-846.0;615.0;97.0;-272.0;505.0
303.0;667.0;-848.0;616.0;102.0;-274.0;504.0
293.0;668.0;-849.0;617.0;108.0;-276.0;504.0
284.0;668.0;-850.0;619.0;114.0;-279.0;502.0
276.0;669.0;-850.0;620.0;120.0;-281.0;501.0
271.0;670.0;-852.0;621.0;123.0;-284.0;500.0
265.0;671.0;-855.0;622.0;126.0;-286.0;499.0
260.0;672.0;-859.0;623.0;128.0;-287.0;?
255.0;673.0;-862.0;624.0;132.0;-288.0;496.0
254.0;673.0;-865.0;625.0;132.0;-290.0;495.0
251.0;674.0;?;625.0;?;-291.0;494.0
247.0;675.0;-875.0;625.0;130.0;-291.0;493.0
242.0;675.0;-880.0;626.0;128.0;-290.0;492.0
240.0;676.0;-884.0;626.0;128.0;-290.0;491.0
239.0;676.0;-887.0;626.0;127.0;-289.0;490.0
240.0;676.0;-887.0;626.0;126.0;-288.0;489.0
242.0;676.0;-887.0;625.0;124.0;-287.0;489.0
244.0;675.0;-886.0;623.0;122.0;-285.0;489.0
251.0;674.0;-883.0;621.0;119.0;-283.0;489.0
262.0;673.0;-881.0;619.0;113.0;-280.0;489.0
273.0;671.0;-879.0;616.0;107.0;-277.0;489.0
284.0;670.0;-872.0;614.0;98.0;-274.0;489.0
299.0;668.0;-865.0;611.0;87.0;?;490.0
313.0;667.0;-864.0;608.0;70.0;-269.0;491.0
320.0;664.0;-873.0;606.0;49.0;-267.0;493.0
316.0;661.0;-887.0;603.0;27.0;-266.0;495.0
302.0;657.0;-903.0;599.0;6.0;-267.0;497.0
272.0;652.0;-920.0;596.0;-9.0;-268.0;500.0
229.0;647.0;-936.0;592.0;-20.0;-270.0;502.0
176.0;641.0;-947.0;588.0;?;?;506.0
119.0;633.0;-955.0;583.0;-35.0;?;512.0
62.0;624.0;-962.0;577.0;-38.0;-276.0;517.0
9.0;615.0;-970.0;569.0;-37.0;-279.0;521.0
-39.0;606.0;-974.0;561.0;-29.0;-282.0;524.0
-79.0;594.0;?;552.0;?;-287.0;529.0
-102.0;581.0;-973.0;541.0;-4.0;-293.0;535.0
-109.0;567.0;-971.0;530.0;-5.0;-302.0;541.0
?;552.0;-969.0;516.0;-13.0;-314.0;545.0
?;541.0;-968.0;509.0;-14.0;-323.0;547.0
-97.0;533.0;-968.0;502.0;-14.0;-327.0;548.0
-92.0;530.0;-968.0;495.0;-19.0;-329.0;550.0
-88.0;532.0;-967.0;493.0;-26.0;-326.0;551.0
-85.0;538.0;-967.0;492.0;-29.0;-323.0;551.0
-82.0;544.0;-967.0;495.0;-29.0;-318.0;?
-79.0;548.0;-967.0;498.0;-30.0;-316.0;552.0
-75.0;549.0;-967.0;498.0;-30.0;-314.0;554.0
?;550.0;-967.0;498.0;-29.0;-313.0;556.0
-70.0;549.0;-968.0;500.0;-27.0;-313.0;558.0
-68.0;547.0;-968.0;500.0;-26.0;-314.0;?
-65.0;542.0;-969.0;500.0;-25.0;-316.0;563.0
-65.0;535.0;-970.0;501.0;-25.0;-318.0;567.0
-64.0;526.0;-969.0;499.0;-27.0;-321.0;572.0
-61.0;516.0;-969.0;496.0;-28.0;-323.0;577.0
-62.0;508.0;?;493.0;-28.0;-324.0;581.0
-62.0;502.0;-969.0;491.0;-28.0;-324.0;584.0
-59.0;497.0;-968.0;489.0;-25.0;-321.0;588.0
?;495.0;-968.0;491.0;-19.0;-316.0;593.0
-53.0;495.0;-968.0;495.0;-14.0;-308.0;600.0
-49.0;493.0;-968.0;496.0;-10.0;?;608.0
-41.0;489.0;-969.0;494.0;-4.0;-289.0;617.0
-31.0;481.0;-969.0;491.0;4.0;-274.0;630.0
-20.0;472.0;-969.0;485.0;14.0;-258.0;644.0
-7.0;461.0;-969.0;477.0;23.0;?;662.0
6.0;444.0;-968.0;467.0;32.0;-218.0;681.0
17.0;423.0;-966.0;451.0;35.0;-193.0;703.0
28.0;401.0;-964.0;439.0;35.0;?;728.0
37.0;380.0;-963.0;435.0;36.0;-135.0;755.0
40.0;359.0;-963.0;427.0;44.0;-105.0;779.0
47.0;342.0;-961.0;410.0;57.0;-77.0;800.0
59.0;324.0;-959.0;390.0;71.0;-48.0;816.0
71.0;303.0;-953.0;377.0;85.0;-25.0;830.0
82.0;281.0;-947.0;362.0;101.0;-3.0;838.0
88.0;259.0;-940.0;351.0;115.0;17.0;843.0
87.0;240.0;-931.0;336.0;128.0;40.0;845.0
81.0;230.0;-925.0;335.0;136.0;?;844.0
71.0;218.0;-914.0;324.0;139.0;76.0;?
64.0;214.0;-903.0;313.0;138.0;89.0;837.0
55.0;212.0;-897.0;305.0;136.0;101.0;832.0
44.0;210.0;-893.0;297.0;131.0;110.0;826.0
30.0;211.0;-894.0;290.0;118.0;118.0;816.0
15.0;213.0;-902.0;286.0;90.0;?;806.0
4.0;218.0;-912.0;280.0;57.0;131.0;794.0
-6.0;222.0;-921.0;277.0;22.0;135.0;780.0
-14.0;226.0;-923.0;278.0;-9.0;138.0;765.0
-23.0;235.0;-917.0;282.0;-36.0;141.0;751.0
?;245.0;-908.0;290.0;-50.0;144.0;735.0
-31.0;252.0;-902.0;301.0;-47.0;148.0;719.0
-38.0;260.0;-896.0;317.0;-30.0;152.0;709.0
?;267.0;-888.0;337.0;-7.0;155.0;701.0
?;268.0;-880.0;355.0;13.0;152.0;695.0
-59.0;266.0;-877.0;367.0;25.0;145.0;690.0
-58.0;257.0;?;371.0;25.0;133.0;681.0
-63.0;245.0;-885.0;358.0;24.0;108.0;673.0
-68.0;227.0;-887.0;335.0;25.0;70.0;664.0
-79.0;208.0;-889.0;319.0;26.0;36.0;656.0
-93.0;192.0;-890.0;319.0;24.0;12.0;646.0
-104.0;180.0;-889.0;320.0;23.0;-10.0;639.0
-119.0;?;-889.0;310.0;23.0;-41.0;633.0
-132.0;163.0;-890.0;297.0;23.0;-71.0;627.0
-146.0;151.0;-892.0;287.0;21.0;-94.0;616.0
-163.0;136.0;-892.0;279.0;18.0;-114.0;604.0
-179.0;121.0;-886.0;?;12.0;-141.0;593.0
-194.0;108.0;-879.0;240.0;4.0;-176.0;581.0
?;92.0;-875.0;223.0;-4.0;-201.0;570.0
?;82.0;-871.0;216.0;-11.0;-214.0;560.0
-244.0;73.0;-867.0;208.0;-17.0;-225.0;555.0
-262.0;65.0;-860.0;201.0;-23.0;-231.0;548.0
-281.0;58.0;-852.0;198.0;-28.0;-229.0;544.0
-301.0;52.0;-844.0;200.0;-32.0;-220.0;540.0
-323.0;45.0;-834.0;193.0;-35.0;-215.0;533.0
-346.0;34.0;-820.0;183.0;-42.0;?;523.0
-369.0;25.0;-805.0;180.0;-52.0;-186.0;513.0
-393.0;19.0;-790.0;178.0;-63.0;?;502.0
-415.0;14.0;-776.0;159.0;-77.0;-142.0;491.0
-436.0;7.0;?;139.0;-91.0;-118.0;478.0
-456.0;1.0;-745.0;122.0;-106.0;-101.0;462.0
-475.0;-3.0;-729.0;78.0;-123.0;-109.0;446.0
-492.0;-9.0;-713.0;21.0;-139.0;-127.0;427.0
-510.0;-13.0;-698.0;-33.0;-154.0;-140.0;405.0
-526.0;-17.0;-682.0;-72.0;-170.0;-140.0;377.0
-542.0;-23.0;-665.0;-100.0;-189.0;-145.0;351.0
-560.0;-31.0;-647.0;-116.0;-209.0;-152.0;326.0
-580.0;-32.0;-628.0;-116.0;?;-159.0;305.0
-598.0;-30.0;?;-104.0;-252.0;-167.0;283.0
-616.0;-27.0;-593.0;-90.0;-273.0;-185.0;259.0
-633.0;?;-575.0;-82.0;-295.0;-216.0;228.0
-650.0;-38.0;-555.0;-85.0;-316.0;-258.0;192.0
-666.0;-50.0;-533.0;-95.0;-336.0;-306.0;?
-679.0;-63.0;-511.0;-110.0;-356.0;-353.0;112.0
-692.0;?;-488.0;-125.0;-376.0;-397.0;72.0
-704.0;-98.0;-466.0;-133.0;-394.0;-433.0;34.0
-717.0;-116.0;-443.0;-135.0;-410.0;-462.0;1.0
-730.0;?;-420.0;-133.0;-425.0;-485.0;-29.0
-743.0;-149.0;-396.0;-132.0;-437.0;-507.0;-55.0
-848.0;-412.0;80.0;-335.0;-524.0;?;-525.0
-845.0;-419.0;92.0;-337.0;-526.0;-811.0;-543.0
-842.0;-426.0;104.0;-341.0;-529.0;-816.0;-560.0
-838.0;-435.0;115.0;-348.0;-532.0;-820.0;-575.0
-836.0;-444.0;125.0;-359.0;-533.0;-824.0;-587.0
-833.0;-454.0;137.0;-369.0;-534.0;-829.0;-594.0
-827.0;-465.0;152.0;-378.0;-540.0;-834.0;-596.0
-819.0;-474.0;168.0;-387.0;-549.0;-838.0;-597.0
-813.0;-481.0;182.0;-394.0;-553.0;-838.0;-605.0
-811.0;-483.0;?;-397.0;-553.0;-838.0;?
-812.0;-486.0;193.0;-395.0;-551.0;-844.0;-643.0
-814.0;-487.0;191.0;-393.0;-548.0;-851.0;-662.0
-819.0;-485.0;189.0;-386.0;-541.0;-862.0;-675.0
-824.0;-482.0;190.0;-374.0;-533.0;-869.0;-682.0
-828.0;-476.0;192.0;-363.0;-527.0;-869.0;-688.0
-831.0;-471.0;192.0;-350.0;-522.0;-866.0;-692.0
-835.0;-465.0;192.0;-334.0;-516.0;-866.0;-694.0
-838.0;-459.0;190.0;-318.0;?;-867.0;-698.0
-840.0;-452.0;189.0;-305.0;-508.0;-865.0;-702.0
-841.0;-443.0;185.0;-296.0;-508.0;-862.0;-702.0
-841.0;-437.0;182.0;-288.0;-507.0;-860.0;-704.0
-845.0;-431.0;180.0;-283.0;-501.0;-857.0;-706.0
-849.0;-425.0;181.0;?;-494.0;-851.0;?
-847.0;-420.0;183.0;-286.0;?;-847.0;-709.0
-847.0;-419.0;187.0;-289.0;?;-846.0;-707.0
-847.0;-420.0;194.0;-295.0;-494.0;-847.0;-702.0
-846.0;-427.0;206.0;-303.0;-492.0;-847.0;-694.0
-839.0;?;219.0;-312.0;-499.0;-842.0;-679.0
-832.0;-440.0;232.0;-322.0;-503.0;-835.0;-664.0
-832.0;-446.0;239.0;-334.0;-499.0;-832.0;-656.0
-841.0;-455.0;235.0;-344.0;-484.0;-830.0;-655.0
-848.0;?;228.0;-357.0;-472.0;-829.0;-653.0
-850.0;-464.0;229.0;-368.0;-466.0;-831.0;-649.0
-852.0;-465.0;?;-380.0;-460.0;-832.0;-644.0
-850.0;-469.0;242.0;-389.0;-459.0;-831.0;-641.0
-849.0;-473.0;244.0;-395.0;-462.0;-824.0;-640.0
-851.0;-470.0;240.0;-399.0;-460.0;-819.0;-632.0
-855.0;-469.0;233.0;-399.0;-455.0;?;-616.0
-861.0;-469.0;221.0;-395.0;-449.0;-819.0;-599.0
-865.0;-463.0;207.0;-386.0;-447.0;?;-578.0
-868.0;-448.0;190.0;-378.0;-447.0;-791.0;-563.0
-868.0;-432.0;?;-372.0;-450.0;-774.0;-548.0
-868.0;-419.0;147.0;-359.0;-453.0;-781.0;-530.0
-870.0;-403.0;120.0;-350.0;-453.0;?;-515.0
-873.0;-381.0;92.0;-323.0;-445.0;-790.0;-493.0
-876.0;-352.0;63.0;-290.0;-435.0;-775.0;?
-879.0;-341.0;36.0;-276.0;-424.0;-782.0;-450.0
-881.0;-340.0;10.0;-272.0;-414.0;-790.0;-457.0
-882.0;-325.0;-12.0;-261.0;-404.0;-796.0;-449.0
-882.0;-303.0;-31.0;-249.0;-398.0;-796.0;-445.0
-880.0;-296.0;-45.0;-248.0;-394.0;-794.0;-448.0
-878.0;-294.0;-57.0;-249.0;-391.0;-790.0;-439.0
-875.0;-291.0;-67.0;-250.0;-389.0;-779.0;-426.0
-870.0;-290.0;-74.0;-253.0;-390.0;-768.0;-411.0
-864.0;-289.0;-82.0;-258.0;-396.0;-755.0;-398.0
-855.0;-286.0;-90.0;-254.0;-403.0;-749.0;-375.0
-844.0;-275.0;-99.0;-246.0;-412.0;-747.0;-354.0
-833.0;-264.0;-111.0;-239.0;?;-738.0;-340.0
-824.0;-258.0;-127.0;-229.0;-417.0;-728.0;-324.0
-818.0;-250.0;-148.0;-218.0;-407.0;-719.0;?
-813.0;-243.0;-170.0;-205.0;-394.0;-703.0;-290.0
-807.0;?;-193.0;-172.0;-379.0;-661.0;-264.0
-801.0;?;-215.0;-135.0;-365.0;-632.0;-235.0
-794.0;-219.0;-235.0;-114.0;-352.0;-631.0;-208.0
-787.0;-220.0;-250.0;-84.0;-342.0;-623.0;-188.0
-779.0;-209.0;-261.0;-61.0;-338.0;-616.0;-173.0
-771.0;-205.0;-269.0;-59.0;-334.0;-619.0;-166.0
-763.0;-213.0;-277.0;?;-330.0;-610.0;-156.0
-755.0;-206.0;-284.0;-32.0;-325.0;-594.0;-138.0
-746.0;-199.0;-290.0;-13.0;-320.0;-586.0;-125.0
-737.0;-201.0;-296.0;-15.0;-314.0;?;-117.0
-728.0;-208.0;-299.0;-22.0;-306.0;-601.0;-106.0
-720.0;-211.0;-303.0;-25.0;-298.0;-605.0;-96.0
-712.0;-209.0;-309.0;-17.0;-288.0;-598.0;-86.0
-704.0;-201.0;-314.0;-8.0;-278.0;-588.0;-86.0
-694.0;-189.0;-319.0;-8.0;-272.0;-588.0;-92.0
-682.0;-178.0;-321.0;-4.0;-270.0;-591.0;-96.0
-673.0;-170.0;-319.0;2.0;-271.0;-587.0;-100.0
-668.0;-165.0;-313.0;-5.0;-269.0;-592.0;-106.0
-661.0;-167.0;-303.0;-11.0;-274.0;-596.0;-114.0
-652.0;-168.0;-290.0;-13.0;-288.0;-597.0;-111.0
-644.0;-166.0;-280.0;-14.0;-300.0;-599.0;-106.0
-637.0;-165.0;-270.0;-18.0;-308.0;-604.0;-104.0
-630.0;-169.0;-266.0;-27.0;-317.0;-611.0;-104.0
-623.0;-175.0;-262.0;-37.0;-329.0;-623.0;-103.0
-617.0;-179.0;-258.0;-45.0;-340.0;-631.0;-101.0
-613.0;-184.0;-255.0;?;-352.0;-637.0;-100.0
-611.0;-190.0;-253.0;-54.0;-365.0;-646.0;-99.0
-613.0;-198.0;-255.0;-60.0;-376.0;-654.0;-100.0
-618.0;-204.0;?;-65.0;-381.0;-661.0;-98.0
-626.0;-208.0;-261.0;-67.0;-384.0;-667.0;?
-635.0;?;-260.0;-65.0;-388.0;-670.0;-90.0
-646.0;-209.0;-258.0;-58.0;-392.0;-670.0;-86.0
?;-208.0;-254.0;-56.0;-397.0;-672.0;-85.0
-660.0;-208.0;-251.0;-58.0;-404.0;-675.0;-85.0
-669.0;-208.0;-249.0;-60.0;-407.0;-677.0;-82.0
-675.0;?;-244.0;-62.0;-413.0;-678.0;-78.0
-681.0;-210.0;-240.0;-64.0;-419.0;-679.0;-72.0
-690.0;-212.0;-239.0;-66.0;-417.0;-680.0;-66.0
-698.0;-213.0;-237.0;-67.0;-415.0;-681.0;-57.0
-704.0;-214.0;-235.0;-64.0;-414.0;-679.0;?
-713.0;-215.0;-236.0;-60.0;-409.0;-678.0;-29.0
-721.0;-219.0;-239.0;-55.0;-402.0;-678.0;-15.0
-730.0;-221.0;-243.0;-53.0;-391.0;-680.0;?
-736.0;-217.0;-245.0;-46.0;?;-679.0;14.0
-741.0;-211.0;?;-39.0;-376.0;-675.0;27.0
-748.0;-206.0;-248.0;-33.0;-363.0;-671.0;41.0
-754.0;-201.0;-253.0;-28.0;-349.0;?;55.0
-758.0;-196.0;-255.0;-24.0;-338.0;-662.0;70.0
-762.0;-189.0;-260.0;-20.0;-324.0;-657.0;85.0
-768.0;-183.0;-262.0;-16.0;-309.0;-652.0;97.0
-771.0;-176.0;-262.0;-13.0;-300.0;-649.0;107.0
-774.0;-168.0;-261.0;-8.0;-294.0;-646.0;118.0
-773.0;-161.0;-262.0;-1.0;-290.0;-642.0;128.0
-772.0;-156.0;-269.0;4.0;-282.0;-639.0;135.0
-769.0;-152.0;-278.0;6.0;-274.0;-637.0;140.0
-764.0;-149.0;-288.0;8.0;-270.0;-634.0;146.0
-757.0;?;-298.0;11.0;-270.0;-630.0;149.0
-748.0;-144.0;-309.0;14.0;-274.0;-625.0;150.0
-741.0;-144.0;-320.0;13.0;-279.0;-620.0;148.0
-736.0;-149.0;-332.0;5.0;-284.0;-618.0;145.0
-733.0;-153.0;-337.0;?;-293.0;-616.0;?
-730.0;-158.0;-337.0;-15.0;-301.0;-616.0;138.0
-731.0;-163.0;-343.0;-23.0;-294.0;-617.0;137.0
-734.0;-168.0;-357.0;-29.0;-277.0;-617.0;?
-737.0;-171.0;-367.0;-32.0;-258.0;-617.0;137.0
-740.0;-172.0;-372.0;-32.0;?;-618.0;138.0
-742.0;-171.0;-373.0;-30.0;-234.0;?;139.0
-745.0;-169.0;-373.0;-27.0;-220.0;-620.0;140.0
-748.0;-166.0;-370.0;-24.0;-209.0;-622.0;142.0
-750.0;-161.0;-364.0;-19.0;-204.0;-623.0;144.0
-753.0;-158.0;-361.0;-15.0;-196.0;-625.0;145.0
-757.0;-155.0;-358.0;?;-185.0;-627.0;147.0
-760.0;-151.0;-352.0;-9.0;-179.0;-628.0;149.0
-762.0;?;-349.0;?;-173.0;-630.0;152.0
-763.0;-147.0;-348.0;-1.0;-168.0;-631.0;156.0
-767.0;-145.0;-347.0;2.0;-170.0;-632.0;158.0
-769.0;-143.0;-344.0;5.0;-180.0;-633.0;160.0
-770.0;-140.0;?;7.0;-188.0;-634.0;161.0
-768.0;-139.0;?;10.0;-192.0;-635.0;162.0
-768.0;-136.0;-349.0;11.0;-193.0;-636.0;162.0
-765.0;-134.0;-357.0;12.0;-191.0;-637.0;163.0
-761.0;-130.0;-365.0;14.0;-188.0;-638.0;164.0
-757.0;-126.0;-375.0;16.0;-182.0;-638.0;164.0
-752.0;-120.0;-385.0;18.0;-178.0;-638.0;165.0
-745.0;-116.0;-394.0;20.0;-174.0;-638.0;166.0
-737.0;-113.0;-408.0;?;-165.0;-638.0;167.0
-730.0;-111.0;-422.0;23.0;-155.0;-638.0;167.0
-722.0;-108.0;-433.0;25.0;-147.0;-638.0;168.0
-714.0;-105.0;-445.0;27.0;-140.0;-638.0;169.0
?;-102.0;-457.0;30.0;-132.0;-638.0;170.0
-698.0;?;-468.0;32.0;-125.0;-638.0;171.0
-692.0;-98.0;-475.0;34.0;-119.0;-638.0;171.0
-687.0;-97.0;-483.0;36.0;-113.0;-638.0;171.0
-683.0;-97.0;-490.0;37.0;-106.0;-638.0;171.0
-679.0;-97.0;-498.0;37.0;-100.0;-638.0;170.0
-675.0;-98.0;-504.0;38.0;-95.0;-639.0;170.0
-671.0;-98.0;-510.0;39.0;-88.0;-639.0;169.0
-668.0;-98.0;-516.0;40.0;-81.0;-640.0;168.0
-665.0;-100.0;-521.0;41.0;-78.0;-641.0;166.0
-660.0;-101.0;-526.0;40.0;-73.0;-641.0;164.0
-656.0;?;-529.0;39.0;-69.0;-642.0;161.0
-651.0;-106.0;-529.0;37.0;-68.0;-643.0;157.0
-644.0;-110.0;-528.0;36.0;-67.0;-643.0;154.0
-636.0;-114.0;-528.0;34.0;-66.0;-642.0;150.0
-627.0;-119.0;?;32.0;-65.0;-641.0;147.0
-617.0;-126.0;-519.0;29.0;-65.0;-641.0;142.0
-606.0;-133.0;-510.0;24.0;-66.0;-640.0;134.0
?;-142.0;-501.0;18.0;-65.0;-639.0;124.0
-595.0;-152.0;-493.0;9.0;-64.0;-638.0;111.0
-592.0;-165.0;-483.0;-2.0;-70.0;-639.0;?
-590.0;-178.0;-474.0;-13.0;-79.0;-640.0;83.0
-587.0;-189.0;-466.0;-23.0;-88.0;-640.0;?
-585.0;-199.0;-458.0;-31.0;-96.0;-640.0;52.0
-585.0;-208.0;-451.0;-37.0;-106.0;-641.0;36.0
-586.0;-218.0;-447.0;-44.0;-115.0;-643.0;19.0
-592.0;-226.0;-447.0;-50.0;-122.0;-647.0;1.0
-603.0;-232.0;?;-55.0;-129.0;-652.0;-19.0
-616.0;-237.0;-446.0;-61.0;-139.0;-660.0;-41.0
-630.0;-241.0;-435.0;-67.0;-152.0;-667.0;-67.0
-644.0;-245.0;-415.0;-73.0;-169.0;-675.0;-93.0
?;-247.0;-391.0;-75.0;?;-679.0;-119.0
-671.0;-248.0;-367.0;-73.0;-203.0;-679.0;-145.0
-683.0;-244.0;-346.0;?;-213.0;-675.0;?
-693.0;-239.0;?;-70.0;-218.0;-671.0;-193.0
-701.0;-241.0;-315.0;?;-218.0;-670.0;-218.0
-709.0;-244.0;-303.0;-82.0;-215.0;-671.0;-241.0
-720.0;-248.0;-292.0;-89.0;-210.0;-668.0;-262.0
-733.0;-249.0;-279.0;-96.0;?;-663.0;-280.0
-748.0;-251.0;-260.0;-104.0;-208.0;-660.0;-296.0
-763.0;-256.0;?;-115.0;-220.0;-659.0;-311.0
-776.0;-262.0;-197.0;-126.0;-239.0;?;-326.0
-787.0;?;-157.0;-135.0;-263.0;-656.0;-338.0
-794.0;-269.0;-118.0;-143.0;-288.0;-654.0;-349.0
-800.0;-273.0;-81.0;-152.0;?;?;?
-803.0;-277.0;-48.0;-158.0;-328.0;-649.0;-366.0
?;-281.0;-18.0;-164.0;-341.0;-647.0;-371.0
-804.0;-284.0;9.0;-167.0;-352.0;-645.0;-374.0
-801.0;-287.0;32.0;-171.0;-362.0;-643.0;-379.0
-796.0;-288.0;51.0;-174.0;-370.0;-641.0;-384.0
-792.0;-292.0;65.0;-177.0;-377.0;-635.0;-390.0
-787.0;?;76.0;-176.0;-382.0;-628.0;-396.0
-784.0;-304.0;86.0;-174.0;-386.0;-623.0;-400.0
-782.0;-309.0;94.0;?;-390.0;-615.0;-405.0
-780.0;-312.0;101.0;-166.0;-395.0;-607.0;-409.0
-779.0;-315.0;109.0;-159.0;-402.0;-599.0;-415.0
-778.0;-318.0;117.0;-152.0;?;-592.0;-421.0
-778.0;-323.0;125.0;-147.0;-417.0;-586.0;-429.0
-781.0;-328.0;134.0;-138.0;-422.0;-576.0;-434.0
-786.0;-330.0;143.0;-123.0;-426.0;-559.0;-432.0
-791.0;-331.0;156.0;-109.0;-430.0;-542.0;-426.0
-795.0;?;174.0;-97.0;-436.0;-529.0;-421.0
-795.0;-339.0;196.0;?;-445.0;-522.0;-420.0
-793.0;-342.0;217.0;-87.0;-455.0;-518.0;-423.0
-790.0;-345.0;234.0;-83.0;-465.0;-505.0;-425.0
-788.0;-345.0;247.0;-83.0;-470.0;-502.0;-426.0
-787.0;-350.0;257.0;-88.0;-472.0;-500.0;-431.0
?;-354.0;?;-92.0;-472.0;-496.0;-434.0
?;?;276.0;-98.0;-471.0;-495.0;-438.0
-783.0;-364.0;284.0;?;-472.0;-496.0;-444.0
-782.0;-367.0;293.0;-108.0;-474.0;-490.0;-450.0
-780.0;-370.0;302.0;-119.0;-475.0;-488.0;-456.0
-778.0;-377.0;312.0;-132.0;-477.0;-484.0;-462.0
?;-388.0;322.0;-138.0;-478.0;-462.0;-463.0
-772.0;-399.0;331.0;?;-479.0;-445.0;-461.0
-772.0;-402.0;337.0;-134.0;-476.0;-427.0;-460.0
-773.0;-411.0;343.0;-139.0;-470.0;-425.0;-466.0
-776.0;-427.0;348.0;-149.0;-463.0;-426.0;-472.0
-777.0;-438.0;354.0;-158.0;-456.0;-425.0;-469.0
-777.0;-442.0;362.0;-162.0;-452.0;-427.0;-468.0
-774.0;-445.0;372.0;-173.0;-450.0;-432.0;-471.0
-771.0;?;?;-183.0;-448.0;-436.0;-469.0
-769.0;-453.0;392.0;-190.0;-444.0;-436.0;-466.0
-767.0;-455.0;?;-196.0;-439.0;-437.0;-465.0
-766.0;-456.0;411.0;-201.0;-434.0;-441.0;-464.0
-765.0;-459.0;420.0;-205.0;-430.0;?;-464.0
-764.0;-461.0;429.0;-210.0;-426.0;-442.0;-466.0
-761.0;-462.0;439.0;-213.0;-423.0;-446.0;-469.0
-758.0;-464.0;448.0;-217.0;-422.0;-448.0;-473.0
-754.0;-467.0;455.0;-227.0;-423.0;-443.0;-476.0
-751.0;-473.0;461.0;-238.0;-423.0;-451.0;-470.0
-748.0;-474.0;?;-235.0;?;-453.0;-467.0
-744.0;-469.0;470.0;-241.0;-428.0;-459.0;-468.0
-742.0;-469.0;471.0;-245.0;-431.0;-466.0;-470.0
?;-469.0;471.0;-248.0;-434.0;-467.0;-472.0
-739.0;-469.0;468.0;-254.0;-438.0;-479.0;-474.0
-738.0;-473.0;465.0;-270.0;-441.0;-505.0;-482.0
-737.0;-481.0;463.0;-295.0;-444.0;-542.0;-496.0
-736.0;-484.0;463.0;-337.0;-443.0;-599.0;-519.0
-736.0;-491.0;466.0;-396.0;-438.0;-665.0;-549.0
-735.0;-507.0;474.0;-460.0;-431.0;-720.0;-577.0
-728.0;-526.0;489.0;-516.0;-430.0;-739.0;-594.0
-714.0;-543.0;508.0;-559.0;-436.0;-740.0;-598.0
-695.0;-555.0;529.0;-585.0;-446.0;-735.0;-588.0
-674.0;-556.0;550.0;-604.0;-456.0;-731.0;-574.0
-652.0;-560.0;573.0;-617.0;-463.0;-729.0;-566.0
-626.0;-570.0;597.0;-623.0;-471.0;-730.0;-558.0
-595.0;-579.0;?;-624.0;-479.0;-731.0;-553.0
-558.0;-579.0;?;-620.0;-491.0;-730.0;-551.0
-518.0;-574.0;674.0;-614.0;-504.0;-731.0;-555.0
-480.0;-567.0;694.0;-608.0;-517.0;-735.0;-565.0
-448.0;-563.0;708.0;-603.0;-527.0;-742.0;-578.0
-423.0;-559.0;717.0;-597.0;-535.0;-752.0;-593.0
-403.0;-558.0;723.0;-591.0;-541.0;-762.0;-609.0
-386.0;-558.0;726.0;-584.0;-548.0;-770.0;-623.0
-372.0;-559.0;730.0;-575.0;-553.0;-777.0;-632.0
-360.0;-561.0;733.0;-564.0;-559.0;-781.0;-639.0
-349.0;-562.0;736.0;-554.0;-565.0;-782.0;-645.0
-343.0;-563.0;736.0;-546.0;-569.0;-781.0;-651.0
-345.0;-565.0;734.0;-537.0;-571.0;-779.0;-657.0
-351.0;?;731.0;-530.0;?;-778.0;-664.0
-361.0;-560.0;725.0;-528.0;-572.0;-776.0;-673.0
-374.0;-556.0;716.0;-531.0;-575.0;-772.0;-681.0
-395.0;-558.0;698.0;-535.0;-580.0;-765.0;-686.0
-425.0;-562.0;677.0;-540.0;-580.0;-757.0;-688.0
?;-565.0;658.0;-545.0;-575.0;-749.0;-690.0
-475.0;-567.0;647.0;-550.0;-569.0;-745.0;-692.0
-483.0;-569.0;648.0;-554.0;-562.0;-743.0;-694.0
-475.0;-570.0;660.0;-559.0;-559.0;-744.0;-694.0
-457.0;?;674.0;-565.0;-565.0;-746.0;-694.0
-438.0;-569.0;687.0;-570.0;-572.0;-752.0;-693.0
-421.0;-569.0;697.0;-574.0;-577.0;-764.0;-692.0
-410.0;-573.0;703.0;-577.0;-579.0;-776.0;-695.0
-407.0;-578.0;707.0;-582.0;-576.0;-784.0;-701.0
-408.0;-586.0;?;-588.0;-568.0;-790.0;-708.0
-408.0;-595.0;719.0;-591.0;-560.0;-793.0;-714.0
-404.0;-600.0;729.0;-594.0;-551.0;?;-717.0
-397.0;-602.0;741.0;-599.0;-540.0;-788.0;-718.0
-385.0;-604.0;754.0;-604.0;-532.0;-782.0;-715.0
-372.0;-606.0;765.0;-607.0;-526.0;-777.0;-712.0
-360.0;?;770.0;-608.0;-522.0;-774.0;-712.0
-351.0;?;772.0;-608.0;-519.0;-771.0;-714.0
-349.0;-615.0;772.0;-607.0;-515.0;-770.0;-716.0
-355.0;-617.0;772.0;-607.0;-508.0;-770.0;-720.0
-365.0;-618.0;772.0;-607.0;-499.0;-770.0;-726.0
-373.0;-618.0;775.0;-608.0;-490.0;-769.0;-733.0
-376.0;-615.0;778.0;-611.0;-484.0;-767.0;-742.0
-373.0;-610.0;781.0;-617.0;-480.0;-761.0;-752.0
-363.0;-599.0;785.0;-626.0;-478.0;-752.0;-767.0
-347.0;-595.0;791.0;-631.0;-479.0;-742.0;-777.0
-323.0;-600.0;799.0;-629.0;-484.0;-734.0;-780.0
-292.0;-606.0;806.0;-628.0;-492.0;-730.0;-778.0
-258.0;-610.0;813.0;-633.0;-502.0;-727.0;?
-228.0;-613.0;816.0;-638.0;-513.0;-726.0;-775.0
-210.0;-614.0;815.0;-641.0;-523.0;-722.0;-777.0
-203.0;-616.0;?;-642.0;-527.0;-715.0;-779.0
-200.0;-618.0;817.0;-639.0;-526.0;-706.0;-780.0
?;-617.0;822.0;-637.0;-523.0;-697.0;-784.0
-170.0;-614.0;826.0;-634.0;-519.0;-686.0;-788.0
-150.0;-610.0;827.0;-632.0;-515.0;-675.0;-791.0
-138.0;-608.0;827.0;-631.0;-509.0;-662.0;-792.0
-137.0;-607.0;828.0;-628.0;-503.0;-650.0;?
-142.0;-604.0;831.0;-624.0;-496.0;-638.0;-792.0
-147.0;-601.0;833.0;-619.0;-490.0;-628.0;-793.0
-151.0;-597.0;833.0;-613.0;-487.0;-618.0;-793.0
-155.0;?;832.0;-606.0;-485.0;-609.0;-791.0
-159.0;-593.0;831.0;-598.0;-484.0;-602.0;-790.0
-159.0;-591.0;?;-592.0;-484.0;-599.0;-788.0
-154.0;-588.0;831.0;-590.0;-484.0;-601.0;-789.0
-143.0;-588.0;830.0;-591.0;-485.0;?;-789.0
-126.0;-591.0;827.0;?;-490.0;-615.0;-788.0
-112.0;-588.0;824.0;-593.0;-495.0;-624.0;?
-112.0;-587.0;824.0;-594.0;-498.0;-630.0;-790.0
-126.0;-588.0;826.0;-595.0;-497.0;?;-789.0
-141.0;-590.0;828.0;-597.0;-496.0;-628.0;-789.0
-153.0;-594.0;831.0;-601.0;-492.0;-629.0;-790.0
?;-598.0;833.0;-609.0;-487.0;-635.0;-790.0
-175.0;-600.0;?;-616.0;-480.0;-643.0;-790.0
-186.0;-603.0;835.0;-619.0;-472.0;-650.0;-790.0
-201.0;-605.0;835.0;?;-463.0;-658.0;-789.0
-217.0;-606.0;835.0;-617.0;-455.0;?;-789.0
-236.0;-606.0;835.0;-616.0;-446.0;-671.0;-790.0
-252.0;-605.0;835.0;-615.0;-438.0;-675.0;-790.0
-267.0;-604.0;835.0;-614.0;-431.0;-678.0;?
-279.0;-604.0;834.0;-614.0;-426.0;-680.0;-790.0
-286.0;-606.0;833.0;-615.0;-424.0;-682.0;-788.0
-290.0;-612.0;832.0;-618.0;?;-683.0;-783.0
-288.0;-617.0;?;-625.0;-433.0;-687.0;-779.0
?;-615.0;831.0;-635.0;-439.0;-690.0;-780.0
-292.0;-612.0;828.0;-648.0;-441.0;-685.0;-781.0
-300.0;-611.0;825.0;-657.0;-443.0;-676.0;-782.0
-301.0;-610.0;823.0;-657.0;-447.0;-666.0;-784.0
-293.0;-608.0;824.0;-653.0;-452.0;-656.0;-785.0
-278.0;-606.0;823.0;-651.0;-457.0;-646.0;-787.0
-259.0;-605.0;822.0;-650.0;-463.0;-639.0;-789.0
-241.0;-608.0;819.0;-650.0;-470.0;-636.0;-787.0
-226.0;-613.0;816.0;-651.0;-477.0;-634.0;-784.0
-217.0;-616.0;814.0;-651.0;-485.0;-632.0;-783.0
-216.0;-618.0;814.0;-649.0;-492.0;-631.0;-782.0
-221.0;-620.0;815.0;-644.0;-497.0;-632.0;-781.0
-226.0;-619.0;815.0;-637.0;-502.0;-637.0;-783.0
-226.0;-615.0;815.0;-630.0;-506.0;-645.0;-785.0
-224.0;-612.0;814.0;-625.0;-509.0;-657.0;-788.0
-225.0;-609.0;814.0;-623.0;-510.0;-673.0;-790.0
-227.0;-607.0;814.0;-619.0;-509.0;-693.0;-790.0
-223.0;-607.0;812.0;?;-512.0;-715.0;-789.0
-222.0;-600.0;812.0;-617.0;?;-735.0;?
-235.0;-593.0;810.0;-622.0;-515.0;-744.0;-795.0
?;-591.0;806.0;-627.0;-517.0;-747.0;-796.0
-274.0;-595.0;801.0;-624.0;-518.0;-751.0;-791.0
-300.0;-598.0;795.0;-620.0;?;-756.0;-784.0
-327.0;-600.0;788.0;-620.0;-512.0;-760.0;-779.0
-353.0;-600.0;779.0;-620.0;?;-763.0;-774.0
-377.0;-598.0;769.0;-618.0;-504.0;-766.0;?
-402.0;-598.0;759.0;-613.0;-499.0;-769.0;-765.0
-426.0;-597.0;749.0;-609.0;-491.0;-771.0;-761.0
-449.0;-595.0;740.0;-605.0;-482.0;-773.0;-760.0
-466.0;?;733.0;-602.0;-473.0;-774.0;-761.0
-482.0;-593.0;726.0;-602.0;-463.0;?;-763.0
-495.0;-593.0;721.0;-603.0;-454.0;-774.0;-764.0
-505.0;-594.0;719.0;-605.0;-444.0;-772.0;-766.0
-508.0;-599.0;721.0;-608.0;-439.0;-769.0;-764.0
-502.0;-605.0;725.0;-610.0;-443.0;-767.0;-759.0
-494.0;-608.0;727.0;-612.0;?;-765.0;-755.0
-493.0;-610.0;726.0;-611.0;-461.0;?;-754.0
-506.0;-609.0;723.0;-609.0;-458.0;-759.0;-754.0
-523.0;-606.0;723.0;-607.0;-445.0;-754.0;-756.0
-528.0;-604.0;727.0;-604.0;-433.0;-753.0;-758.0
-518.0;-603.0;734.0;-599.0;-432.0;-753.0;-763.0
-502.0;-599.0;737.0;-594.0;-438.0;?;-770.0
-493.0;-593.0;735.0;-589.0;-444.0;-751.0;-777.0
-493.0;-591.0;732.0;-584.0;-443.0;-749.0;-782.0
-500.0;-590.0;731.0;-579.0;-435.0;-746.0;-785.0
-510.0;-589.0;731.0;-576.0;-424.0;-744.0;-787.0
-521.0;-586.0;732.0;-573.0;-409.0;-743.0;-791.0
-532.0;-584.0;732.0;-570.0;-397.0;-745.0;-793.0
-542.0;-582.0;?;-568.0;-387.0;-747.0;-793.0
-549.0;-583.0;727.0;-569.0;-379.0;-751.0;-792.0
-556.0;-585.0;724.0;-569.0;-373.0;-758.0;-788.0
-560.0;-586.0;722.0;-570.0;-368.0;-767.0;-783.0
-562.0;-584.0;721.0;-571.0;-366.0;-776.0;-781.0
-564.0;-584.0;718.0;-573.0;-368.0;-785.0;-778.0
-569.0;-580.0;713.0;-575.0;-369.0;-792.0;-777.0
?;-576.0;706.0;?;-363.0;-794.0;-778.0
-597.0;-578.0;700.0;-586.0;-353.0;-790.0;-775.0
-614.0;-584.0;692.0;-592.0;-341.0;-786.0;-769.0
-631.0;-588.0;681.0;-596.0;-328.0;-783.0;-761.0
-694.0;-626.0;717.0;-643.0;-55.0;-726.0;-737.0
-724.0;-627.0;690.0;-645.0;-14.0;-725.0;-742.0
-735.0;-629.0;677.0;-646.0;-21.0;-723.0;-747.0
-706.0;-634.0;699.0;-648.0;-74.0;-721.0;-748.0
-690.0;-638.0;706.0;-651.0;-107.0;-719.0;-748.0
-681.0;-637.0;719.0;-657.0;-91.0;-714.0;-751.0
-665.0;-634.0;739.0;-662.0;-60.0;-708.0;-756.0
-645.0;-632.0;757.0;-667.0;-37.0;-701.0;-762.0
-622.0;-630.0;768.0;-670.0;-43.0;-694.0;-767.0
-601.0;-629.0;772.0;-668.0;?;-688.0;-769.0
?;?;772.0;-664.0;-33.0;-684.0;-770.0
-595.0;-626.0;776.0;-660.0;-30.0;-683.0;-772.0
-592.0;-621.0;781.0;-659.0;-27.0;-684.0;-774.0
?;-616.0;780.0;-662.0;-31.0;-687.0;-778.0
-592.0;-613.0;780.0;-666.0;?;-689.0;-780.0
-594.0;-613.0;779.0;-668.0;-25.0;-691.0;-780.0
?;-613.0;777.0;-667.0;-24.0;-692.0;-779.0
-598.0;-615.0;776.0;-664.0;-23.0;-690.0;-777.0
-599.0;-617.0;776.0;-661.0;-21.0;-684.0;-774.0
-598.0;-618.0;776.0;-657.0;-19.0;-677.0;-770.0
-596.0;-617.0;777.0;-655.0;-18.0;-666.0;-766.0
-592.0;-615.0;779.0;-653.0;-16.0;-654.0;-764.0
-584.0;-611.0;784.0;-654.0;-12.0;-640.0;-763.0
-572.0;-605.0;790.0;-655.0;-8.0;-624.0;-762.0
-559.0;-597.0;798.0;-654.0;-5.0;-606.0;-761.0
-545.0;-586.0;806.0;-649.0;-1.0;-587.0;-762.0
-530.0;-578.0;816.0;-641.0;2.0;-566.0;-761.0
-514.0;-571.0;826.0;-632.0;0.0;-550.0;-757.0
-497.0;-567.0;838.0;-623.0;-2.0;-537.0;-751.0
-475.0;-562.0;852.0;-616.0;4.0;-527.0;-744.0
-452.0;-556.0;867.0;-611.0;9.0;-516.0;-738.0
-425.0;-553.0;882.0;-605.0;13.0;-503.0;?
-396.0;-550.0;897.0;-598.0;14.0;-488.0;-719.0
-368.0;-545.0;?;-591.0;14.0;-471.0;-709.0
-337.0;-542.0;922.0;-588.0;17.0;-454.0;-702.0
-314.0;-539.0;928.0;-590.0;12.0;-438.0;-695.0
-291.0;-537.0;935.0;-592.0;4.0;-423.0;-689.0
-260.0;-535.0;944.0;-593.0;6.0;-407.0;-683.0
-227.0;-532.0;951.0;?;18.0;-394.0;-677.0
-189.0;-527.0;957.0;-589.0;34.0;-382.0;-671.0
-156.0;-523.0;958.0;-584.0;49.0;-369.0;?
-134.0;-517.0;954.0;-576.0;64.0;-357.0;-654.0
-120.0;-511.0;947.0;-566.0;82.0;-347.0;-646.0
-113.0;-503.0;938.0;-557.0;100.0;-337.0;-638.0
-113.0;-495.0;931.0;-552.0;116.0;-327.0;-633.0
-115.0;-488.0;930.0;-548.0;130.0;-317.0;-628.0
-111.0;-482.0;?;-543.0;147.0;-306.0;-622.0
-105.0;-476.0;920.0;-538.0;166.0;-295.0;-616.0
-92.0;-470.0;920.0;-533.0;183.0;-287.0;-613.0
-67.0;-465.0;922.0;-530.0;202.0;-281.0;-610.0
-35.0;-460.0;923.0;-525.0;223.0;-275.0;-607.0
2.0;-455.0;924.0;-519.0;237.0;-270.0;-605.0
50.0;-451.0;927.0;-514.0;248.0;-266.0;-602.0
103.0;-447.0;926.0;-510.0;259.0;-263.0;-601.0
139.0;-443.0;923.0;-507.0;266.0;-261.0;-601.0
164.0;-439.0;918.0;-504.0;278.0;-260.0;-602.0
185.0;-435.0;909.0;-500.0;288.0;-259.0;-601.0
203.0;-431.0;903.0;-494.0;?;-259.0;-599.0
221.0;-428.0;900.0;-489.0;292.0;-260.0;-597.0
236.0;-423.0;898.0;-485.0;287.0;?;-598.0
246.0;-419.0;893.0;-482.0;282.0;-260.0;-596.0
253.0;?;891.0;-478.0;?;-256.0;?
262.0;-409.0;892.0;-474.0;269.0;?;-591.0
273.0;-403.0;887.0;-470.0;271.0;-244.0;-588.0
279.0;-399.0;879.0;-469.0;277.0;-237.0;-587.0
284.0;-396.0;872.0;-470.0;282.0;-232.0;-587.0
287.0;-393.0;868.0;-471.0;284.0;-228.0;-587.0
292.0;-391.0;866.0;-472.0;282.0;-226.0;-587.0
298.0;-390.0;866.0;-473.0;274.0;-227.0;-586.0
303.0;-387.0;866.0;-471.0;266.0;-229.0;-583.0
307.0;-385.0;866.0;-469.0;260.0;?;-584.0
313.0;-382.0;867.0;-467.0;253.0;-233.0;-586.0
319.0;-380.0;869.0;-466.0;249.0;-236.0;-589.0
321.0;-379.0;868.0;-465.0;252.0;-239.0;-593.0
323.0;-376.0;867.0;-464.0;255.0;-243.0;-598.0
325.0;-375.0;868.0;?;255.0;-247.0;-603.0
325.0;-374.0;868.0;-464.0;257.0;-253.0;-609.0
324.0;-374.0;868.0;-465.0;258.0;-260.0;-615.0
322.0;-377.0;868.0;?;257.0;-267.0;-617.0
322.0;-378.0;868.0;-468.0;257.0;-274.0;-617.0
323.0;-376.0;867.0;-471.0;257.0;-279.0;-617.0
324.0;-374.0;865.0;-475.0;260.0;-278.0;-617.0
324.0;?;865.0;-476.0;261.0;-271.0;-615.0
325.0;-369.0;865.0;-475.0;260.0;-261.0;-610.0
325.0;-367.0;866.0;-473.0;?;-251.0;-606.0
325.0;-365.0;866.0;-472.0;259.0;-242.0;-602.0
325.0;-363.0;866.0;-472.0;259.0;-233.0;-599.0
323.0;?;867.0;?;258.0;-227.0;-596.0
320.0;-358.0;869.0;-484.0;253.0;-224.0;?
318.0;-351.0;873.0;-499.0;245.0;-218.0;-585.0
313.0;-346.0;?;-508.0;236.0;-202.0;-579.0
301.0;-340.0;881.0;-511.0;228.0;-179.0;-571.0
287.0;-335.0;885.0;-510.0;211.0;-156.0;-560.0
284.0;-329.0;889.0;-509.0;187.0;-134.0;-547.0
287.0;-321.0;893.0;?;152.0;-115.0;-536.0
284.0;-314.0;894.0;-500.0;109.0;-97.0;-526.0
277.0;-306.0;890.0;-492.0;59.0;-83.0;-516.0
273.0;-298.0;?;-485.0;-2.0;-73.0;-504.0
273.0;-287.0;884.0;-478.0;-67.0;-64.0;-489.0
286.0;-273.0;881.0;-470.0;-127.0;-53.0;-472.0
317.0;-255.0;867.0;-456.0;-172.0;-35.0;-451.0
368.0;-235.0;832.0;-438.0;-206.0;-9.0;-429.0
435.0;-214.0;772.0;-418.0;-235.0;19.0;-406.0
501.0;-191.0;701.0;-396.0;-263.0;49.0;?
563.0;-165.0;614.0;-367.0;-285.0;82.0;-354.0
629.0;?;512.0;-332.0;-275.0;114.0;-326.0
693.0;-114.0;413.0;-293.0;-242.0;142.0;-298.0
736.0;-91.0;342.0;-253.0;-215.0;163.0;-271.0
?;-68.0;299.0;-214.0;-202.0;176.0;-245.0
770.0;-46.0;271.0;-179.0;-189.0;182.0;-221.0
?;-28.0;248.0;-146.0;?;185.0;-201.0
791.0;-13.0;229.0;-114.0;-128.0;188.0;-183.0
800.0;2.0;212.0;?;-90.0;193.0;-165.0
808.0;17.0;195.0;-57.0;-49.0;201.0;-147.0
812.0;34.0;182.0;-32.0;-7.0;217.0;-131.0
812.0;46.0;176.0;-12.0;26.0;236.0;-116.0
810.0;55.0;179.0;0.0;49.0;255.0;-102.0
805.0;59.0;187.0;2.0;66.0;273.0;-90.0
800.0;61.0;202.0;0.0;76.0;291.0;-80.0
796.0;58.0;215.0;-3.0;82.0;314.0;-73.0
791.0;52.0;224.0;-5.0;92.0;335.0;-64.0
788.0;51.0;232.0;-4.0;100.0;352.0;-49.0
784.0;59.0;242.0;-2.0;?;366.0;-35.0
779.0;68.0;257.0;1.0;106.0;376.0;-24.0
774.0;77.0;273.0;8.0;?;383.0;-16.0
772.0;85.0;?;17.0;96.0;387.0;-12.0
772.0;94.0;296.0;28.0;94.0;391.0;-12.0
773.0;102.0;297.0;39.0;90.0;388.0;-14.0
775.0;108.0;291.0;48.0;86.0;377.0;-18.0
778.0;111.0;277.0;56.0;80.0;365.0;-25.0
781.0;107.0;256.0;64.0;73.0;352.0;-38.0
784.0;103.0;226.0;69.0;67.0;341.0;-53.0
788.0;93.0;?;73.0;67.0;342.0;-73.0
789.0;83.0;175.0;77.0;67.0;351.0;-88.0
791.0;74.0;174.0;77.0;60.0;360.0;-95.0
791.0;71.0;187.0;71.0;51.0;364.0;-94.0
792.0;74.0;201.0;65.0;47.0;366.0;-86.0
793.0;80.0;211.0;57.0;54.0;369.0;-77.0
795.0;83.0;219.0;48.0;70.0;377.0;-73.0
796.0;84.0;226.0;36.0;93.0;385.0;-68.0
797.0;85.0;233.0;22.0;116.0;393.0;-62.0
797.0;88.0;239.0;7.0;135.0;401.0;-54.0
796.0;91.0;246.0;-5.0;142.0;411.0;-44.0
795.0;94.0;?;-13.0;140.0;424.0;-36.0
793.0;98.0;254.0;-21.0;134.0;436.0;-28.0
790.0;100.0;?;-31.0;126.0;446.0;-21.0
787.0;100.0;251.0;-40.0;114.0;451.0;-14.0
?;100.0;249.0;-42.0;111.0;455.0;-6.0
783.0;101.0;234.0;-33.0;120.0;461.0;2.0
786.0;107.0;214.0;-11.0;141.0;474.0;4.0
789.0;109.0;194.0;18.0;164.0;482.0;4.0
791.0;99.0;172.0;45.0;184.0;471.0;3.0
791.0;88.0;151.0;67.0;198.0;442.0;1.0
790.0;85.0;148.0;81.0;196.0;403.0;3.0
792.0;?;163.0;89.0;181.0;376.0;6.0
791.0;84.0;183.0;97.0;169.0;366.0;1.0
786.0;78.0;204.0;98.0;160.0;367.0;-7.0
782.0;64.0;226.0;83.0;148.0;360.0;-20.0
779.0;50.0;248.0;58.0;132.0;347.0;-30.0
?;41.0;267.0;32.0;119.0;333.0;-35.0
775.0;?;280.0;11.0;113.0;324.0;-36.0
774.0;32.0;286.0;3.0;116.0;323.0;-31.0
773.0;33.0;291.0;7.0;122.0;325.0;-21.0
771.0;38.0;295.0;18.0;127.0;331.0;-11.0
771.0;47.0;298.0;31.0;132.0;338.0;?
772.0;59.0;299.0;43.0;134.0;347.0;10.0
775.0;72.0;296.0;54.0;135.0;357.0;15.0
779.0;84.0;289.0;?;140.0;366.0;19.0
784.0;97.0;275.0;70.0;145.0;372.0;28.0
?;112.0;250.0;85.0;153.0;378.0;38.0
794.0;122.0;209.0;100.0;166.0;384.0;44.0
799.0;128.0;167.0;113.0;173.0;388.0;49.0
808.0;141.0;133.0;125.0;168.0;394.0;60.0
817.0;160.0;122.0;139.0;153.0;406.0;76.0
826.0;181.0;122.0;161.0;142.0;426.0;101.0
832.0;210.0;116.0;186.0;148.0;?;130.0
836.0;238.0;98.0;208.0;169.0;478.0;157.0
838.0;253.0;67.0;222.0;203.0;?;173.0
839.0;260.0;34.0;224.0;240.0;523.0;187.0
841.0;263.0;6.0;218.0;265.0;535.0;202.0
847.0;266.0;-15.0;208.0;268.0;545.0;219.0
851.0;269.0;-35.0;200.0;262.0;559.0;236.0
850.0;270.0;-62.0;196.0;263.0;574.0;250.0
842.0;272.0;-96.0;193.0;272.0;586.0;259.0
831.0;272.0;-133.0;189.0;285.0;591.0;267.0
818.0;?;-167.0;?;295.0;592.0;272.0
806.0;268.0;-194.0;179.0;299.0;591.0;277.0
796.0;269.0;-215.0;182.0;297.0;589.0;281.0
788.0;274.0;-230.0;195.0;294.0;587.0;287.0
782.0;282.0;-244.0;218.0;293.0;584.0;295.0
772.0;291.0;-263.0;248.0;299.0;583.0;303.0
763.0;310.0;-285.0;281.0;307.0;587.0;313.0
760.0;328.0;-300.0;310.0;314.0;598.0;320.0
760.0;339.0;-307.0;333.0;322.0;608.0;324.0
762.0;345.0;-307.0;348.0;328.0;612.0;324.0
767.0;353.0;-306.0;352.0;?;607.0;321.0
774.0;359.0;-299.0;350.0;339.0;600.0;313.0
784.0;362.0;-288.0;345.0;345.0;596.0;309.0
794.0;369.0;-274.0;?;353.0;595.0;313.0
802.0;381.0;-260.0;348.0;367.0;604.0;325.0
809.0;391.0;-247.0;354.0;382.0;615.0;336.0
815.0;397.0;-236.0;360.0;395.0;625.0;345.0
820.0;404.0;-225.0;363.0;404.0;633.0;352.0
827.0;409.0;-210.0;363.0;407.0;640.0;357.0
837.0;411.0;-195.0;363.0;?;645.0;360.0
846.0;414.0;-182.0;366.0;382.0;653.0;363.0
852.0;421.0;-176.0;364.0;367.0;660.0;363.0
874.0;422.0;-136.0;349.0;418.0;696.0;361.0
880.0;420.0;-120.0;347.0;395.0;675.0;351.0
883.0;425.0;-107.0;351.0;379.0;661.0;?
881.0;427.0;-97.0;361.0;379.0;652.0;330.0
877.0;428.0;-87.0;370.0;385.0;646.0;320.0
875.0;424.0;?;375.0;385.0;642.0;307.0
872.0;416.0;-69.0;375.0;382.0;638.0;294.0
869.0;407.0;-65.0;372.0;374.0;633.0;283.0
866.0;401.0;-64.0;366.0;364.0;627.0;275.0
864.0;395.0;-68.0;360.0;353.0;621.0;268.0
862.0;388.0;-69.0;352.0;340.0;613.0;263.0
863.0;380.0;-65.0;345.0;323.0;607.0;255.0
863.0;375.0;-59.0;337.0;312.0;600.0;247.0
861.0;376.0;-52.0;330.0;310.0;590.0;239.0
859.0;374.0;-49.0;325.0;307.0;579.0;228.0
854.0;375.0;-52.0;324.0;310.0;570.0;216.0
850.0;384.0;-54.0;330.0;307.0;563.0;208.0
847.0;399.0;-55.0;?;?;559.0;204.0
842.0;401.0;-59.0;352.0;?;558.0;?
838.0;403.0;-64.0;361.0;307.0;557.0;189.0
834.0;407.0;-68.0;369.0;311.0;553.0;182.0
827.0;408.0;-73.0;370.0;323.0;551.0;170.0
822.0;402.0;-76.0;367.0;332.0;551.0;159.0
819.0;395.0;-73.0;363.0;333.0;549.0;151.0
815.0;389.0;-75.0;360.0;330.0;549.0;145.0
815.0;382.0;?;357.0;328.0;?;139.0
816.0;376.0;-70.0;354.0;321.0;549.0;132.0
816.0;371.0;-67.0;350.0;316.0;547.0;127.0
816.0;369.0;-62.0;347.0;309.0;545.0;122.0
813.0;367.0;-60.0;347.0;304.0;543.0;118.0
814.0;369.0;-53.0;350.0;293.0;542.0;116.0
819.0;372.0;-43.0;356.0;278.0;540.0;115.0
822.0;377.0;-37.0;363.0;268.0;540.0;113.0
825.0;381.0;-35.0;370.0;267.0;540.0;111.0
822.0;386.0;-41.0;375.0;275.0;539.0;107.0
751.0;494.0;59.0;346.0;84.0;521.0;107.0
755.0;493.0;81.0;344.0;69.0;522.0;100.0
759.0;495.0;88.0;343.0;70.0;519.0;94.0
759.0;494.0;95.0;342.0;68.0;512.0;88.0
753.0;494.0;102.0;340.0;68.0;504.0;?
751.0;494.0;100.0;338.0;71.0;493.0;77.0
748.0;495.0;98.0;337.0;77.0;482.0;72.0
747.0;497.0;?;338.0;?;476.0;68.0
747.0;499.0;99.0;341.0;86.0;473.0;63.0
748.0;500.0;100.0;344.0;92.0;473.0;58.0
752.0;502.0;104.0;346.0;100.0;472.0;52.0
761.0;502.0;105.0;346.0;109.0;470.0;46.0
773.0;501.0;104.0;343.0;127.0;468.0;40.0
787.0;499.0;98.0;341.0;150.0;468.0;?
798.0;497.0;82.0;339.0;176.0;469.0;37.0
809.0;495.0;65.0;338.0;191.0;472.0;36.0
816.0;493.0;35.0;336.0;218.0;476.0;34.0
811.0;489.0;-13.0;331.0;281.0;480.0;32.0
799.0;?;-34.0;324.0;?;?;29.0
795.0;478.0;-21.0;317.0;323.0;490.0;28.0
801.0;470.0;8.0;309.0;281.0;498.0;27.0
797.0;462.0;31.0;299.0;260.0;507.0;?
788.0;452.0;39.0;289.0;254.0;518.0;32.0
780.0;442.0;44.0;278.0;255.0;528.0;35.0
775.0;434.0;60.0;267.0;241.0;534.0;39.0
770.0;428.0;72.0;256.0;233.0;537.0;42.0
?;425.0;68.0;249.0;239.0;537.0;43.0
755.0;423.0;65.0;246.0;253.0;536.0;?
756.0;426.0;83.0;245.0;239.0;532.0;39.0
755.0;429.0;112.0;243.0;213.0;524.0;33.0
752.0;435.0;138.0;240.0;193.0;516.0;26.0
749.0;439.0;158.0;237.0;169.0;507.0;20.0
746.0;445.0;175.0;237.0;150.0;500.0;15.0
745.0;451.0;189.0;237.0;135.0;493.0;10.0
746.0;455.0;204.0;236.0;117.0;488.0;3.0
746.0;460.0;219.0;237.0;97.0;484.0;-4.0
?;462.0;238.0;238.0;73.0;479.0;-12.0
739.0;?;249.0;235.0;?;473.0;-20.0
736.0;463.0;254.0;233.0;48.0;466.0;-30.0
?;462.0;272.0;231.0;?;459.0;-40.0
723.0;460.0;291.0;228.0;6.0;452.0;-50.0
716.0;457.0;302.0;224.0;-12.0;445.0;-61.0
708.0;454.0;305.0;220.0;-29.0;?;-73.0
705.0;449.0;306.0;215.0;-41.0;433.0;-84.0
701.0;445.0;312.0;209.0;-57.0;428.0;-96.0
?;441.0;320.0;203.0;-71.0;423.0;-105.0
692.0;437.0;324.0;197.0;-83.0;?;-114.0
695.0;434.0;323.0;192.0;-85.0;415.0;-123.0
700.0;431.0;313.0;186.0;-79.0;411.0;-132.0
703.0;429.0;299.0;180.0;-68.0;408.0;-139.0
704.0;426.0;289.0;174.0;-61.0;405.0;-146.0
711.0;425.0;277.0;170.0;-55.0;404.0;-153.0
?;424.0;261.0;168.0;-41.0;409.0;-159.0
735.0;422.0;240.0;169.0;-22.0;418.0;-165.0
746.0;419.0;215.0;166.0;1.0;422.0;-168.0
753.0;414.0;197.0;160.0;17.0;422.0;-169.0
752.0;410.0;202.0;157.0;5.0;422.0;-169.0
750.0;408.0;199.0;158.0;-6.0;424.0;-168.0
747.0;407.0;203.0;159.0;-23.0;426.0;-167.0
748.0;?;209.0;160.0;-28.0;428.0;?
750.0;406.0;202.0;162.0;-20.0;429.0;-164.0
754.0;405.0;193.0;163.0;-10.0;431.0;-160.0
757.0;406.0;183.0;163.0;-5.0;433.0;-153.0
759.0;410.0;176.0;164.0;-15.0;437.0;-142.0
764.0;415.0;165.0;167.0;-22.0;444.0;-125.0
765.0;420.0;148.0;172.0;-10.0;453.0;-103.0
767.0;425.0;132.0;176.0;?;463.0;-74.0
767.0;426.0;?;182.0;23.0;477.0;-42.0
767.0;426.0;110.0;188.0;39.0;492.0;-6.0
775.0;429.0;112.0;194.0;51.0;507.0;32.0
781.0;434.0;110.0;204.0;68.0;522.0;66.0
786.0;443.0;101.0;213.0;?;533.0;97.0
793.0;456.0;102.0;219.0;126.0;533.0;121.0
800.0;470.0;107.0;221.0;152.0;523.0;136.0
802.0;484.0;115.0;222.0;185.0;508.0;149.0
805.0;496.0;140.0;223.0;207.0;488.0;161.0
807.0;504.0;173.0;224.0;219.0;459.0;173.0
803.0;511.0;207.0;226.0;231.0;427.0;187.0
?;520.0;241.0;225.0;245.0;382.0;202.0
780.0;527.0;277.0;220.0;256.0;321.0;215.0
762.0;540.0;318.0;216.0;257.0;263.0;225.0
?;553.0;357.0;208.0;?;211.0;223.0
736.0;564.0;391.0;194.0;230.0;153.0;216.0
730.0;569.0;417.0;194.0;212.0;146.0;208.0
729.0;569.0;429.0;187.0;207.0;132.0;205.0
?;567.0;444.0;183.0;209.0;125.0;?
706.0;569.0;468.0;186.0;?;?;218.0
693.0;569.0;486.0;195.0;?;127.0;228.0
686.0;571.0;499.0;?;183.0;126.0;235.0
682.0;?;503.0;212.0;183.0;?;237.0
?;?;501.0;212.0;189.0;129.0;236.0
686.0;572.0;493.0;?;199.0;135.0;244.0
689.0;575.0;489.0;231.0;205.0;149.0;248.0
692.0;574.0;485.0;237.0;212.0;158.0;250.0
693.0;?;483.0;242.0;220.0;179.0;253.0
692.0;569.0;481.0;243.0;227.0;207.0;?
693.0;562.0;476.0;242.0;235.0;230.0;?
698.0;557.0;465.0;241.0;243.0;255.0;?
705.0;552.0;452.0;239.0;253.0;281.0;262.0
709.0;545.0;429.0;236.0;269.0;301.0;265.0
708.0;539.0;398.0;237.0;292.0;320.0;270.0
709.0;536.0;372.0;239.0;313.0;331.0;?
710.0;534.0;341.0;240.0;327.0;335.0;279.0
706.0;535.0;294.0;242.0;349.0;338.0;283.0
709.0;536.0;235.0;244.0;369.0;337.0;286.0
716.0;537.0;159.0;246.0;389.0;?;289.0
721.0;539.0;73.0;248.0;420.0;328.0;292.0
728.0;539.0;-19.0;250.0;446.0;323.0;296.0
690.0;538.0;-151.0;253.0;509.0;323.0;301.0
625.0;534.0;-280.0;?;591.0;329.0;308.0
616.0;527.0;-317.0;267.0;605.0;340.0;315.0
631.0;519.0;-307.0;276.0;598.0;353.0;321.0
609.0;515.0;-306.0;283.0;628.0;365.0;326.0
585.0;513.0;-310.0;288.0;660.0;372.0;328.0
585.0;514.0;-309.0;289.0;658.0;372.0;328.0
574.0;513.0;-317.0;286.0;667.0;368.0;326.0
579.0;514.0;-316.0;282.0;666.0;362.0;322.0
587.0;514.0;-305.0;277.0;664.0;355.0;317.0
585.0;515.0;-305.0;273.0;663.0;350.0;314.0
590.0;516.0;-302.0;269.0;654.0;346.0;312.0
602.0;516.0;-296.0;267.0;643.0;344.0;?
602.0;516.0;-294.0;264.0;645.0;?;305.0
606.0;513.0;-288.0;262.0;643.0;351.0;300.0
?;510.0;-282.0;257.0;643.0;354.0;294.0
611.0;506.0;-274.0;250.0;?;353.0;290.0
612.0;503.0;-269.0;243.0;641.0;348.0;285.0
618.0;500.0;-262.0;237.0;?;342.0;279.0
621.0;497.0;-258.0;229.0;634.0;338.0;271.0
623.0;?;-254.0;221.0;632.0;336.0;263.0
630.0;489.0;-247.0;212.0;625.0;334.0;255.0
637.0;485.0;-238.0;?;?;331.0;248.0
646.0;481.0;-232.0;193.0;601.0;327.0;240.0
656.0;477.0;-221.0;184.0;589.0;322.0;232.0
666.0;473.0;-210.0;175.0;576.0;319.0;222.0
682.0;468.0;-194.0;165.0;551.0;317.0;211.0
702.0;464.0;-172.0;154.0;517.0;314.0;200.0
721.0;458.0;-149.0;143.0;485.0;310.0;192.0
734.0;452.0;-133.0;132.0;?;304.0;184.0
744.0;447.0;-124.0;121.0;451.0;297.0;177.0
754.0;442.0;-113.0;110.0;437.0;288.0;170.0
766.0;436.0;-100.0;98.0;417.0;281.0;162.0
777.0;431.0;-89.0;85.0;399.0;275.0;?
786.0;426.0;-79.0;73.0;384.0;270.0;146.0
795.0;420.0;-69.0;61.0;369.0;266.0;139.0
804.0;415.0;-59.0;53.0;355.0;?;134.0
810.0;412.0;-50.0;45.0;?;257.0;128.0
817.0;409.0;-42.0;39.0;333.0;253.0;122.0
828.0;406.0;-32.0;32.0;317.0;249.0;115.0
834.0;403.0;-25.0;25.0;306.0;245.0;108.0
836.0;399.0;-19.0;18.0;302.0;243.0;101.0
839.0;397.0;?;11.0;291.0;239.0;94.0
842.0;393.0;-3.0;5.0;279.0;235.0;89.0
844.0;391.0;-2.0;0.0;268.0;232.0;84.0
843.0;388.0;-4.0;-4.0;265.0;231.0;80.0
843.0;386.0;2.0;-7.0;256.0;231.0;77.0
845.0;382.0;5.0;-9.0;243.0;232.0;75.0
846.0;379.0;?;-9.0;228.0;235.0;75.0
848.0;375.0;7.0;-9.0;206.0;239.0;73.0
849.0;372.0;?;-13.0;190.0;242.0;70.0
849.0;368.0;8.0;-17.0;185.0;242.0;67.0
848.0;366.0;11.0;-22.0;183.0;242.0;63.0
846.0;365.0;12.0;-27.0;187.0;239.0;59.0
844.0;364.0;8.0;-33.0;204.0;234.0;56.0
843.0;365.0;7.0;-36.0;223.0;230.0;55.0
841.0;366.0;14.0;-38.0;231.0;227.0;55.0
838.0;368.0;22.0;-36.0;234.0;226.0;57.0
832.0;371.0;33.0;-32.0;240.0;?;62.0
826.0;375.0;49.0;?;247.0;227.0;68.0
814.0;380.0;71.0;-19.0;259.0;229.0;76.0
795.0;385.0;94.0;-10.0;279.0;232.0;86.0
769.0;389.0;109.0;?;317.0;235.0;97.0
735.0;393.0;118.0;7.0;367.0;238.0;110.0
697.0;396.0;122.0;?;420.0;242.0;124.0
656.0;399.0;122.0;21.0;467.0;248.0;138.0
618.0;401.0;122.0;28.0;510.0;254.0;154.0
584.0;402.0;?;35.0;546.0;261.0;172.0
561.0;404.0;?;42.0;566.0;268.0;189.0
555.0;?;157.0;48.0;567.0;274.0;205.0
568.0;406.0;171.0;51.0;558.0;?;218.0
590.0;405.0;176.0;53.0;558.0;283.0;230.0
615.0;404.0;165.0;56.0;565.0;289.0;245.0
635.0;403.0;146.0;60.0;584.0;296.0;259.0
652.0;400.0;130.0;63.0;606.0;303.0;273.0
670.0;397.0;123.0;63.0;620.0;310.0;285.0
687.0;393.0;110.0;63.0;631.0;316.0;296.0
688.0;388.0;81.0;62.0;655.0;320.0;309.0
671.0;380.0;40.0;62.0;689.0;321.0;321.0
659.0;371.0;0.0;60.0;?;322.0;332.0
647.0;360.0;-35.0;60.0;730.0;327.0;340.0
628.0;349.0;-60.0;57.0;750.0;338.0;346.0
613.0;339.0;-72.0;53.0;761.0;350.0;350.0
627.0;329.0;-73.0;49.0;744.0;361.0;356.0
?;321.0;-80.0;45.0;737.0;369.0;361.0
623.0;314.0;-88.0;40.0;744.0;374.0;364.0
618.0;310.0;-92.0;35.0;747.0;378.0;366.0
620.0;308.0;-92.0;31.0;741.0;379.0;365.0
624.0;308.0;-91.0;28.0;733.0;380.0;365.0
624.0;310.0;-88.0;26.0;728.0;380.0;364.0
624.0;312.0;-83.0;25.0;723.0;380.0;365.0
624.0;316.0;-76.0;26.0;717.0;380.0;367.0
620.0;322.0;-70.0;30.0;715.0;380.0;368.0
615.0;331.0;-65.0;37.0;713.0;377.0;370.0
609.0;339.0;-62.0;46.0;713.0;373.0;374.0
599.0;349.0;-59.0;58.0;716.0;370.0;380.0
590.0;358.0;-52.0;72.0;722.0;369.0;387.0
584.0;367.0;-41.0;87.0;723.0;371.0;393.0
583.0;377.0;-31.0;101.0;719.0;373.0;399.0
587.0;?;-24.0;114.0;711.0;376.0;403.0
585.0;394.0;-29.0;125.0;709.0;377.0;408.0
583.0;?;-38.0;135.0;710.0;380.0;412.0
585.0;407.0;-46.0;145.0;708.0;381.0;415.0
586.0;412.0;-54.0;153.0;706.0;384.0;418.0
586.0;416.0;-61.0;160.0;707.0;385.0;420.0
586.0;420.0;-70.0;165.0;708.0;383.0;422.0
?;423.0;-82.0;171.0;712.0;382.0;424.0
584.0;426.0;-91.0;176.0;710.0;382.0;425.0
?;428.0;-99.0;181.0;709.0;383.0;428.0
587.0;429.0;-109.0;185.0;710.0;385.0;432.0
585.0;431.0;-120.0;?;715.0;387.0;?
583.0;432.0;-127.0;192.0;?;388.0;436.0
585.0;434.0;-128.0;194.0;717.0;389.0;436.0
590.0;435.0;-129.0;196.0;713.0;388.0;436.0
592.0;436.0;-134.0;197.0;712.0;386.0;436.0
591.0;437.0;-140.0;198.0;713.0;386.0;435.0
594.0;437.0;-143.0;199.0;713.0;387.0;434.0
594.0;439.0;-146.0;200.0;715.0;387.0;433.0
593.0;440.0;-147.0;202.0;718.0;388.0;432.0
596.0;441.0;-144.0;204.0;717.0;388.0;432.0
601.0;442.0;-141.0;206.0;714.0;388.0;432.0
607.0;?;-138.0;208.0;710.0;388.0;432.0
620.0;444.0;-130.0;210.0;702.0;388.0;431.0
645.0;445.0;-115.0;212.0;683.0;389.0;431.0
674.0;?;-93.0;?;661.0;392.0;429.0
708.0;446.0;-67.0;212.0;633.0;394.0;427.0
750.0;446.0;-41.0;212.0;597.0;394.0;426.0
784.0;447.0;-24.0;212.0;566.0;392.0;424.0
803.0;448.0;-10.0;210.0;555.0;390.0;421.0
816.0;449.0;1.0;209.0;550.0;388.0;418.0
833.0;449.0;12.0;207.0;533.0;387.0;417.0
860.0;449.0;19.0;204.0;495.0;386.0;414.0
893.0;448.0;23.0;201.0;434.0;385.0;413.0
924.0;447.0;30.0;199.0;358.0;385.0;412.0
945.0;445.0;47.0;197.0;275.0;386.0;411.0
949.0;441.0;49.0;194.0;237.0;388.0;410.0
946.0;436.0;48.0;190.0;223.0;390.0;408.0
941.0;431.0;52.0;185.0;212.0;393.0;405.0
933.0;425.0;52.0;178.0;?;395.0;401.0
928.0;422.0;38.0;172.0;256.0;395.0;398.0
931.0;418.0;38.0;167.0;246.0;394.0;?
937.0;415.0;51.0;161.0;?;392.0;392.0
941.0;413.0;68.0;155.0;207.0;391.0;389.0
943.0;411.0;79.0;151.0;215.0;390.0;385.0
946.0;410.0;90.0;146.0;216.0;388.0;381.0
948.0;409.0;95.0;141.0;223.0;385.0;378.0
945.0;409.0;91.0;138.0;250.0;381.0;376.0
939.0;409.0;83.0;135.0;286.0;378.0;373.0
932.0;408.0;70.0;133.0;324.0;376.0;371.0
919.0;408.0;51.0;131.0;368.0;376.0;370.0
896.0;408.0;22.0;?;430.0;375.0;369.0
854.0;408.0;-12.0;130.0;513.0;374.0;369.0
798.0;407.0;-41.0;130.0;598.0;373.0;369.0
745.0;?;-59.0;131.0;?;374.0;369.0
717.0;406.0;-66.0;131.0;692.0;375.0;369.0
713.0;404.0;-68.0;130.0;697.0;?;370.0
712.0;?;-68.0;129.0;698.0;377.0;370.0
715.0;402.0;-66.0;128.0;695.0;377.0;371.0
724.0;?;-61.0;127.0;686.0;377.0;371.0
730.0;399.0;-57.0;124.0;679.0;377.0;370.0
?;397.0;-55.0;122.0;675.0;377.0;370.0
738.0;396.0;-54.0;120.0;671.0;376.0;370.0
744.0;395.0;-51.0;118.0;664.0;375.0;370.0
748.0;394.0;-49.0;117.0;659.0;374.0;369.0
746.0;394.0;-50.0;116.0;662.0;373.0;369.0
745.0;393.0;-51.0;115.0;662.0;372.0;369.0
745.0;394.0;-51.0;115.0;662.0;372.0;369.0
745.0;394.0;-52.0;114.0;661.0;372.0;369.0
746.0;395.0;-51.0;114.0;660.0;370.0;368.0
748.0;396.0;-50.0;113.0;658.0;368.0;367.0
749.0;397.0;-50.0;113.0;657.0;?;367.0
752.0;398.0;-50.0;113.0;?;367.0;366.0
755.0;398.0;-50.0;114.0;650.0;366.0;366.0
759.0;398.0;-51.0;115.0;646.0;366.0;?
761.0;398.0;-54.0;115.0;644.0;365.0;366.0
763.0;397.0;-60.0;116.0;642.0;364.0;365.0
764.0;?;-68.0;114.0;640.0;364.0;362.0
768.0;394.0;-76.0;112.0;635.0;364.0;359.0
771.0;392.0;-82.0;107.0;630.0;364.0;356.0
774.0;389.0;-85.0;102.0;627.0;363.0;352.0
778.0;385.0;-82.0;96.0;621.0;362.0;349.0
785.0;382.0;-74.0;90.0;612.0;360.0;347.0
794.0;?;-61.0;85.0;601.0;360.0;344.0
807.0;375.0;-41.0;79.0;582.0;?;342.0
?;371.0;-18.0;75.0;560.0;359.0;341.0
834.0;368.0;7.0;70.0;540.0;358.0;341.0
845.0;365.0;34.0;66.0;518.0;356.0;340.0
856.0;362.0;62.0;62.0;495.0;355.0;339.0
867.0;359.0;89.0;59.0;468.0;355.0;338.0
879.0;356.0;121.0;55.0;433.0;356.0;335.0
888.0;353.0;152.0;53.0;399.0;358.0;334.0
889.0;348.0;176.0;51.0;?;362.0;332.0
888.0;343.0;194.0;48.0;368.0;366.0;331.0
890.0;338.0;205.0;44.0;352.0;367.0;329.0
894.0;334.0;?;40.0;336.0;368.0;326.0
899.0;331.0;208.0;34.0;317.0;366.0;320.0
907.0;327.0;?;28.0;295.0;362.0;313.0
915.0;324.0;190.0;21.0;274.0;356.0;306.0
921.0;322.0;175.0;15.0;258.0;350.0;300.0
927.0;320.0;162.0;9.0;241.0;345.0;295.0
932.0;320.0;147.0;5.0;226.0;342.0;292.0
937.0;322.0;137.0;4.0;212.0;339.0;292.0
940.0;325.0;128.0;6.0;198.0;338.0;295.0
941.0;330.0;119.0;12.0;191.0;336.0;300.0
940.0;336.0;113.0;21.0;189.0;336.0;306.0
938.0;342.0;110.0;31.0;191.0;338.0;313.0
936.0;349.0;?;43.0;197.0;342.0;318.0
934.0;357.0;110.0;55.0;206.0;344.0;325.0
931.0;365.0;111.0;68.0;214.0;344.0;332.0
?;373.0;?;82.0;222.0;?;340.0
925.0;381.0;122.0;95.0;225.0;347.0;349.0
924.0;389.0;134.0;108.0;220.0;352.0;357.0
923.0;395.0;147.0;120.0;217.0;356.0;364.0
921.0;401.0;156.0;131.0;218.0;360.0;372.0
919.0;?;156.0;140.0;217.0;361.0;377.0
922.0;412.0;153.0;148.0;210.0;362.0;383.0
924.0;416.0;147.0;155.0;211.0;362.0;388.0
925.0;420.0;141.0;163.0;214.0;364.0;392.0
927.0;423.0;137.0;168.0;215.0;367.0;?
928.0;426.0;133.0;172.0;215.0;369.0;?
929.0;428.0;132.0;176.0;214.0;370.0;401.0
929.0;431.0;131.0;179.0;213.0;370.0;402.0
928.0;432.0;131.0;181.0;214.0;370.0;402.0
927.0;434.0;?;182.0;214.0;370.0;?
927.0;435.0;129.0;184.0;214.0;369.0;401.0
927.0;435.0;126.0;184.0;214.0;369.0;399.0
927.0;435.0;123.0;182.0;216.0;369.0;396.0
?;?;120.0;181.0;216.0;?;393.0
927.0;433.0;?;178.0;217.0;369.0;390.0
927.0;432.0;116.0;176.0;217.0;368.0;387.0
927.0;430.0;115.0;171.0;215.0;367.0;382.0
928.0;429.0;113.0;167.0;213.0;?;379.0
928.0;427.0;111.0;?;?;363.0;376.0
929.0;426.0;110.0;159.0;213.0;362.0;373.0
930.0;425.0;110.0;156.0;211.0;361.0;372.0
930.0;424.0;112.0;153.0;211.0;361.0;370.0
930.0;422.0;113.0;151.0;209.0;361.0;369.0
931.0;421.0;111.0;150.0;209.0;360.0;368.0
933.0;420.0;107.0;148.0;210.0;360.0;366.0
934.0;418.0;102.0;146.0;213.0;360.0;365.0
934.0;417.0;97.0;144.0;220.0;360.0;365.0
933.0;416.0;95.0;143.0;226.0;360.0;364.0
931.0;414.0;96.0;140.0;231.0;361.0;362.0
?;412.0;104.0;137.0;230.0;361.0;360.0
925.0;409.0;114.0;133.0;222.0;360.0;358.0
922.0;407.0;119.0;?;210.0;359.0;357.0
920.0;406.0;118.0;?;201.0;357.0;356.0
919.0;405.0;111.0;127.0;193.0;357.0;356.0
917.0;404.0;98.0;126.0;188.0;358.0;355.0
916.0;403.0;82.0;125.0;187.0;360.0;354.0
917.0;401.0;69.0;123.0;191.0;363.0;352.0
917.0;399.0;63.0;121.0;195.0;?;350.0
918.0;396.0;62.0;?;196.0;366.0;347.0
920.0;393.0;63.0;114.0;190.0;366.0;?
921.0;391.0;64.0;110.0;189.0;365.0;340.0
922.0;387.0;64.0;105.0;189.0;365.0;334.0
924.0;383.0;65.0;99.0;187.0;365.0;328.0
925.0;378.0;70.0;92.0;184.0;?;322.0
925.0;374.0;?;84.0;179.0;361.0;316.0
925.0;370.0;83.0;76.0;173.0;358.0;310.0
925.0;365.0;88.0;68.0;167.0;355.0;303.0
925.0;360.0;93.0;60.0;160.0;353.0;296.0
924.0;355.0;97.0;52.0;154.0;351.0;290.0
924.0;350.0;?;44.0;146.0;349.0;283.0
923.0;344.0;108.0;36.0;140.0;?;276.0
923.0;338.0;113.0;27.0;135.0;347.0;268.0
922.0;333.0;118.0;18.0;129.0;345.0;261.0
920.0;?;124.0;9.0;123.0;342.0;254.0
917.0;324.0;130.0;?;120.0;338.0;249.0
915.0;321.0;134.0;-2.0;117.0;335.0;244.0
913.0;320.0;136.0;-7.0;119.0;334.0;241.0
911.0;318.0;135.0;-9.0;122.0;333.0;238.0
910.0;317.0;133.0;-11.0;128.0;333.0;235.0
909.0;316.0;131.0;-12.0;136.0;331.0;233.0
908.0;315.0;131.0;-12.0;142.0;329.0;231.0
908.0;315.0;133.0;-13.0;145.0;327.0;229.0
908.0;315.0;136.0;-13.0;148.0;327.0;228.0
906.0;314.0;143.0;-13.0;149.0;327.0;225.0
904.0;314.0;152.0;-14.0;147.0;327.0;224.0
900.0;314.0;163.0;-15.0;139.0;327.0;222.0
898.0;314.0;168.0;-16.0;135.0;325.0;220.0
897.0;315.0;172.0;-17.0;133.0;323.0;220.0
895.0;315.0;177.0;-18.0;130.0;321.0;220.0
895.0;316.0;183.0;-18.0;125.0;319.0;?
894.0;316.0;190.0;-19.0;121.0;319.0;220.0
893.0;316.0;198.0;-20.0;119.0;319.0;220.0
891.0;315.0;205.0;-22.0;122.0;319.0;220.0
887.0;314.0;217.0;-25.0;127.0;318.0;220.0
881.0;310.0;234.0;-29.0;130.0;317.0;221.0
872.0;305.0;254.0;-34.0;138.0;317.0;221.0
860.0;299.0;278.0;-42.0;146.0;317.0;220.0
852.0;292.0;302.0;-50.0;148.0;319.0;220.0
?;?;320.0;-58.0;147.0;322.0;221.0
844.0;277.0;326.0;-67.0;155.0;325.0;224.0
846.0;270.0;317.0;-74.0;174.0;?;228.0
?;266.0;293.0;-81.0;203.0;329.0;233.0
850.0;264.0;261.0;-87.0;232.0;328.0;238.0
854.0;263.0;232.0;?;248.0;324.0;243.0
861.0;264.0;218.0;-94.0;249.0;321.0;246.0
868.0;?;209.0;-96.0;251.0;318.0;249.0
?;265.0;199.0;-96.0;269.0;316.0;252.0
871.0;267.0;191.0;-95.0;303.0;315.0;255.0
864.0;269.0;192.0;-93.0;342.0;315.0;257.0
854.0;270.0;203.0;-90.0;372.0;316.0;258.0
843.0;271.0;225.0;-88.0;392.0;316.0;258.0
829.0;271.0;255.0;-87.0;411.0;317.0;255.0
812.0;270.0;286.0;?;428.0;317.0;251.0
792.0;269.0;?;-89.0;448.0;315.0;246.0
768.0;267.0;344.0;-91.0;468.0;312.0;239.0
744.0;264.0;377.0;-95.0;478.0;310.0;232.0
723.0;?;411.0;-101.0;479.0;?;222.0
701.0;?;440.0;?;479.0;305.0;210.0
677.0;242.0;465.0;-123.0;480.0;?;194.0
657.0;232.0;485.0;-139.0;480.0;300.0;177.0
637.0;222.0;502.0;-157.0;478.0;296.0;159.0
618.0;210.0;514.0;-178.0;479.0;290.0;138.0
598.0;197.0;522.0;-200.0;481.0;283.0;116.0
581.0;183.0;528.0;-223.0;480.0;273.0;92.0
566.0;167.0;534.0;-247.0;477.0;261.0;67.0
553.0;148.0;539.0;-272.0;472.0;249.0;40.0
540.0;127.0;?;-299.0;463.0;239.0;13.0
525.0;103.0;557.0;-327.0;451.0;229.0;-14.0
506.0;78.0;567.0;-356.0;439.0;219.0;-40.0
485.0;53.0;577.0;-386.0;427.0;?;-67.0
462.0;24.0;592.0;-418.0;414.0;205.0;-92.0
438.0;-6.0;610.0;-453.0;398.0;?;-118.0
412.0;-39.0;628.0;-488.0;381.0;191.0;-143.0
386.0;-73.0;647.0;-525.0;359.0;?;-167.0
361.0;?;664.0;-559.0;?;168.0;-189.0
338.0;-128.0;680.0;-590.0;313.0;155.0;-209.0
319.0;-149.0;?;-616.0;291.0;143.0;-226.0
303.0;?;706.0;-638.0;?;130.0;-241.0
291.0;-180.0;718.0;-655.0;256.0;117.0;-256.0
283.0;-189.0;727.0;-669.0;242.0;104.0;-270.0
276.0;-196.0;734.0;-679.0;230.0;90.0;-282.0
272.0;-199.0;740.0;-686.0;219.0;?;-293.0
269.0;?;744.0;-689.0;209.0;65.0;-301.0
267.0;-200.0;746.0;-691.0;200.0;55.0;?
266.0;-200.0;746.0;-691.0;?;48.0;-311.0
265.0;-199.0;745.0;-690.0;187.0;43.0;-315.0
264.0;-198.0;743.0;-689.0;183.0;40.0;-317.0
266.0;-196.0;739.0;-686.0;181.0;?;-318.0
267.0;-194.0;?;-683.0;180.0;35.0;-319.0
266.0;-193.0;728.0;-680.0;178.0;31.0;-322.0
264.0;-193.0;720.0;-677.0;175.0;25.0;-328.0
?;-193.0;714.0;-674.0;171.0;23.0;-335.0
256.0;-193.0;711.0;-671.0;166.0;25.0;-340.0
?;-196.0;713.0;-672.0;163.0;32.0;-341.0
242.0;-205.0;717.0;-677.0;162.0;41.0;-342.0
237.0;-215.0;720.0;-687.0;160.0;47.0;-345.0
233.0;-226.0;723.0;-697.0;156.0;48.0;-350.0
?;-236.0;728.0;-707.0;154.0;45.0;-356.0
224.0;-243.0;731.0;-716.0;155.0;44.0;-363.0
219.0;-252.0;734.0;-723.0;158.0;46.0;-368.0
212.0;-260.0;739.0;-730.0;160.0;51.0;-373.0
207.0;-266.0;744.0;-734.0;163.0;55.0;-376.0
204.0;-270.0;747.0;-738.0;165.0;54.0;-379.0
203.0;-269.0;750.0;-739.0;166.0;51.0;-381.0
206.0;-268.0;751.0;-738.0;166.0;47.0;-383.0
211.0;-264.0;751.0;-735.0;165.0;41.0;-384.0
221.0;-259.0;747.0;-732.0;162.0;35.0;-385.0
236.0;-253.0;738.0;-730.0;158.0;26.0;-384.0
251.0;-249.0;?;-729.0;150.0;14.0;?
268.0;-249.0;721.0;-729.0;140.0;3.0;-391.0
282.0;-249.0;712.0;-728.0;134.0;-3.0;-395.0
287.0;-248.0;705.0;-727.0;135.0;-3.0;-395.0
285.0;-243.0;703.0;-722.0;140.0;9.0;-390.0
282.0;-240.0;708.0;-718.0;146.0;20.0;-381.0
282.0;-237.0;713.0;-713.0;152.0;32.0;?
282.0;-234.0;713.0;-707.0;158.0;43.0;-361.0
284.0;?;712.0;-703.0;163.0;54.0;-355.0
287.0;-231.0;714.0;-700.0;169.0;63.0;-349.0
293.0;-230.0;715.0;-697.0;176.0;72.0;-343.0
300.0;-227.0;716.0;-694.0;185.0;82.0;-335.0
308.0;?;714.0;-691.0;192.0;92.0;-325.0
317.0;-221.0;710.0;-688.0;196.0;100.0;-316.0
327.0;-218.0;704.0;-687.0;199.0;104.0;-308.0
334.0;-216.0;696.0;-687.0;200.0;103.0;?
340.0;-212.0;?;?;201.0;96.0;-300.0
346.0;-207.0;?;-683.0;203.0;84.0;-302.0
351.0;-197.0;676.0;-678.0;206.0;70.0;-305.0
356.0;-189.0;668.0;-669.0;211.0;?;-308.0
363.0;-184.0;656.0;-660.0;217.0;48.0;-312.0
366.0;?;642.0;-651.0;224.0;42.0;-319.0
364.0;-175.0;636.0;-644.0;228.0;44.0;-325.0
361.0;-177.0;638.0;-644.0;237.0;51.0;-324.0
354.0;-182.0;646.0;-650.0;?;57.0;-322.0
347.0;-189.0;660.0;-659.0;261.0;62.0;-327.0
339.0;-198.0;673.0;-671.0;276.0;60.0;-334.0
325.0;-207.0;698.0;-683.0;286.0;54.0;-340.0
310.0;-216.0;?;-694.0;?;47.0;-346.0
294.0;-225.0;756.0;-705.0;282.0;44.0;-353.0
275.0;-234.0;779.0;-714.0;273.0;41.0;-360.0
258.0;-242.0;796.0;?;261.0;39.0;-365.0
250.0;-248.0;806.0;-726.0;247.0;35.0;-369.0
247.0;-249.0;808.0;-728.0;234.0;32.0;-371.0
246.0;-249.0;803.0;-729.0;225.0;30.0;-371.0
249.0;-246.0;796.0;-728.0;217.0;28.0;-369.0
259.0;-243.0;788.0;-727.0;?;26.0;-369.0
270.0;-243.0;779.0;-728.0;196.0;22.0;-373.0
285.0;?;766.0;-730.0;180.0;12.0;-378.0
290.0;-236.0;755.0;?;160.0;0.0;-386.0
289.0;-228.0;757.0;-730.0;135.0;-11.0;-392.0
287.0;-221.0;767.0;-728.0;108.0;-22.0;-396.0
285.0;-216.0;774.0;?;84.0;-31.0;-401.0
?;-212.0;780.0;-722.0;60.0;-37.0;-411.0
285.0;-210.0;789.0;-719.0;36.0;-41.0;-420.0
289.0;-209.0;794.0;-718.0;11.0;-45.0;?
292.0;-205.0;797.0;-719.0;-11.0;-49.0;-433.0
293.0;-205.0;803.0;-721.0;-26.0;-49.0;-437.0
295.0;-208.0;810.0;-725.0;-34.0;-49.0;-442.0
295.0;-215.0;812.0;-729.0;-32.0;-50.0;-448.0
292.0;-223.0;812.0;-734.0;-22.0;-54.0;-459.0
290.0;-231.0;811.0;-741.0;?;-64.0;-475.0
283.0;-238.0;813.0;-748.0;-2.0;-77.0;-495.0
274.0;-246.0;820.0;-755.0;6.0;-93.0;?
266.0;-254.0;828.0;-764.0;6.0;-114.0;-544.0
266.0;-258.0;835.0;-772.0;-2.0;-139.0;-572.0
267.0;-262.0;843.0;-779.0;-12.0;-165.0;?
268.0;-262.0;849.0;-783.0;-15.0;-187.0;-618.0
270.0;-261.0;853.0;-784.0;-15.0;-204.0;-636.0
272.0;-258.0;853.0;-784.0;-17.0;-218.0;-652.0
271.0;-256.0;857.0;-783.0;-24.0;-229.0;-666.0
272.0;-255.0;864.0;-782.0;-36.0;-238.0;-678.0
269.0;?;869.0;-782.0;-47.0;-246.0;-689.0
263.0;-254.0;869.0;-783.0;-55.0;-255.0;-700.0
257.0;-255.0;869.0;-784.0;-61.0;-263.0;-711.0
253.0;-257.0;873.0;-787.0;?;-270.0;-718.0
250.0;-257.0;877.0;?;-74.0;-275.0;-723.0
254.0;-258.0;879.0;-789.0;-83.0;-277.0;?
264.0;-258.0;877.0;-788.0;-88.0;-276.0;-729.0
271.0;?;873.0;-787.0;-90.0;-272.0;-730.0
278.0;-260.0;870.0;-785.0;-92.0;-269.0;-731.0
280.0;-260.0;873.0;-784.0;-95.0;-267.0;-733.0
280.0;-260.0;877.0;-784.0;-98.0;-267.0;-735.0
282.0;-261.0;879.0;-785.0;-99.0;-267.0;-736.0
282.0;-261.0;881.0;-784.0;-103.0;-268.0;-737.0
280.0;?;883.0;-783.0;-107.0;-269.0;-738.0
280.0;-257.0;884.0;-781.0;-112.0;-270.0;-740.0
280.0;-254.0;883.0;-778.0;-115.0;-271.0;-741.0
278.0;-251.0;883.0;-776.0;-116.0;-272.0;-742.0
278.0;-248.0;882.0;-774.0;-114.0;-272.0;-743.0
281.0;-246.0;880.0;-773.0;-113.0;-272.0;-744.0
283.0;-245.0;879.0;-772.0;-111.0;-270.0;-744.0
284.0;-245.0;879.0;?;-111.0;-268.0;-744.0
286.0;-247.0;879.0;-771.0;-111.0;-266.0;-746.0
286.0;-249.0;?;-771.0;-113.0;-265.0;-748.0
288.0;-250.0;881.0;?;-114.0;?;-751.0
294.0;-252.0;880.0;-772.0;-115.0;-272.0;-754.0
299.0;-251.0;878.0;-773.0;-116.0;-277.0;-757.0
304.0;-249.0;877.0;-771.0;-117.0;-282.0;-762.0
311.0;-246.0;876.0;-768.0;-119.0;-285.0;-766.0
320.0;-242.0;876.0;-765.0;?;-288.0;?
328.0;-240.0;875.0;?;-114.0;-292.0;-775.0
334.0;-238.0;873.0;-759.0;-110.0;-295.0;-780.0
?;-237.0;871.0;-758.0;-109.0;?;-786.0
341.0;-237.0;871.0;-759.0;-117.0;-306.0;-791.0
345.0;-237.0;871.0;-761.0;-130.0;-310.0;-794.0
350.0;?;868.0;-764.0;?;?;-795.0
?;-241.0;865.0;-766.0;-146.0;-312.0;-793.0
340.0;-245.0;864.0;-769.0;-143.0;-310.0;-790.0
311.0;-250.0;872.0;-773.0;-138.0;-307.0;-784.0
263.0;-259.0;885.0;-776.0;-138.0;-306.0;-775.0
197.0;-268.0;895.0;-772.0;-148.0;-306.0;-765.0
128.0;-278.0;892.0;-760.0;-163.0;-307.0;-752.0
65.0;-288.0;870.0;-756.0;-176.0;-310.0;-738.0
20.0;-300.0;833.0;-752.0;-192.0;-314.0;-722.0
8.0;-311.0;?;-751.0;-212.0;-316.0;-704.0
9.0;-321.0;731.0;-754.0;-236.0;-316.0;-684.0
9.0;?;685.0;-757.0;-253.0;-311.0;?
23.0;?;650.0;-763.0;?;-302.0;-645.0
31.0;-359.0;623.0;-770.0;-266.0;-294.0;-630.0
33.0;-374.0;610.0;?;-267.0;-290.0;-615.0
51.0;-386.0;609.0;-781.0;-256.0;-296.0;-600.0
62.0;-394.0;614.0;-779.0;-237.0;-301.0;-590.0
62.0;-396.0;634.0;-772.0;-226.0;-303.0;-580.0
65.0;-396.0;656.0;-764.0;-227.0;-305.0;-572.0
64.0;-396.0;675.0;-752.0;-236.0;-305.0;-567.0
62.0;?;692.0;-731.0;-244.0;-293.0;-567.0
63.0;-392.0;701.0;-709.0;-249.0;-280.0;-568.0
59.0;-390.0;709.0;-698.0;-251.0;-272.0;-572.0
50.0;-389.0;721.0;-701.0;-249.0;-267.0;-577.0
44.0;-391.0;730.0;-704.0;-249.0;-258.0;-583.0
?;-404.0;739.0;-680.0;-254.0;-247.0;-589.0
45.0;-411.0;757.0;-635.0;-266.0;-231.0;-584.0
48.0;-410.0;?;-583.0;-283.0;-217.0;-576.0
39.0;-401.0;?;-565.0;-300.0;-208.0;-569.0
34.0;-403.0;802.0;-563.0;-307.0;-201.0;-574.0
43.0;?;801.0;-568.0;-304.0;-202.0;-572.0
52.0;-411.0;799.0;-572.0;-300.0;-205.0;-571.0
59.0;-412.0;800.0;-570.0;-299.0;?;?
60.0;-413.0;803.0;?;-298.0;-200.0;-570.0
63.0;-415.0;804.0;-576.0;-296.0;-198.0;-568.0
67.0;-419.0;804.0;-583.0;-292.0;-197.0;-566.0
70.0;-423.0;804.0;-589.0;-286.0;-198.0;-564.0
76.0;-428.0;803.0;-593.0;-278.0;-194.0;?
81.0;-430.0;797.0;-595.0;-270.0;-191.0;-561.0
82.0;-430.0;793.0;-598.0;-264.0;-188.0;-560.0
84.0;-429.0;793.0;-599.0;-257.0;-181.0;-561.0
86.0;-428.0;793.0;-596.0;-250.0;-171.0;-563.0
86.0;-429.0;792.0;-593.0;-246.0;-162.0;-563.0
84.0;-431.0;791.0;-590.0;?;-152.0;-561.0
79.0;-434.0;794.0;-590.0;-258.0;-148.0;-553.0
?;-435.0;799.0;-594.0;-270.0;-152.0;-544.0
69.0;-436.0;801.0;-597.0;-281.0;-159.0;-537.0
72.0;-438.0;803.0;-597.0;-285.0;-165.0;-532.0
80.0;-440.0;?;-597.0;-284.0;-169.0;-527.0
90.0;-441.0;798.0;-593.0;-282.0;-171.0;-522.0
99.0;-442.0;?;-588.0;-281.0;-173.0;?
106.0;-439.0;799.0;-583.0;-280.0;-175.0;-509.0
114.0;-434.0;800.0;-577.0;-278.0;-173.0;-507.0
121.0;-429.0;803.0;-567.0;-273.0;-167.0;-506.0
128.0;-425.0;807.0;?;?;-163.0;-507.0
136.0;-423.0;812.0;?;-251.0;-162.0;-509.0
149.0;-420.0;816.0;-545.0;-237.0;-161.0;-512.0
169.0;-414.0;816.0;-535.0;-223.0;-156.0;-516.0
192.0;-406.0;815.0;-521.0;-210.0;-147.0;-520.0
219.0;-396.0;813.0;-511.0;-200.0;-137.0;-525.0
248.0;-388.0;810.0;-507.0;-192.0;-131.0;-529.0
279.0;-385.0;804.0;-507.0;-187.0;-125.0;-533.0
313.0;-383.0;796.0;-504.0;-184.0;-118.0;-536.0
351.0;-380.0;?;?;-183.0;-109.0;-537.0
390.0;-378.0;770.0;-511.0;-180.0;-98.0;?
431.0;-375.0;750.0;-519.0;-173.0;-85.0;-529.0
472.0;-377.0;726.0;-529.0;-161.0;-69.0;-518.0
512.0;-379.0;696.0;-538.0;-149.0;-54.0;-501.0
550.0;-371.0;662.0;-541.0;-136.0;-39.0;-481.0
581.0;-351.0;629.0;-542.0;-127.0;-22.0;-459.0
605.0;-335.0;599.0;-539.0;-123.0;-3.0;-439.0
626.0;-322.0;570.0;-528.0;-128.0;12.0;-422.0
646.0;-305.0;542.0;-514.0;-140.0;23.0;-405.0
663.0;-287.0;518.0;-505.0;-153.0;32.0;-392.0
678.0;-269.0;496.0;-499.0;-159.0;?;-376.0
693.0;-248.0;476.0;-490.0;-150.0;53.0;-354.0
?;-226.0;453.0;-474.0;-131.0;72.0;-331.0
723.0;-203.0;427.0;-453.0;-106.0;?;-307.0
738.0;-180.0;400.0;-430.0;-82.0;118.0;-283.0
750.0;-157.0;374.0;-405.0;-60.0;137.0;-259.0
760.0;-131.0;351.0;-376.0;-40.0;155.0;-234.0
765.0;-103.0;333.0;-344.0;-22.0;174.0;-210.0
769.0;-75.0;319.0;-307.0;-5.0;192.0;?
772.0;-44.0;307.0;-267.0;10.0;206.0;-166.0
777.0;?;294.0;-225.0;25.0;219.0;-142.0
783.0;26.0;278.0;-180.0;40.0;231.0;-117.0
791.0;?;257.0;-138.0;?;240.0;-89.0
801.0;103.0;229.0;-99.0;77.0;249.0;-60.0
812.0;137.0;196.0;-63.0;99.0;260.0;-30.0
823.0;167.0;161.0;-26.0;125.0;276.0;1.0
833.0;194.0;122.0;16.0;154.0;303.0;35.0
840.0;219.0;77.0;60.0;189.0;337.0;71.0
845.0;241.0;31.0;106.0;232.0;376.0;109.0
847.0;259.0;-11.0;150.0;276.0;419.0;142.0
848.0;266.0;-41.0;?;312.0;457.0;174.0
848.0;286.0;-60.0;227.0;341.0;485.0;?
846.0;303.0;-70.0;263.0;371.0;510.0;247.0
842.0;316.0;-75.0;297.0;403.0;540.0;276.0
842.0;331.0;-65.0;325.0;424.0;568.0;306.0
845.0;345.0;-52.0;347.0;437.0;591.0;335.0
847.0;355.0;-41.0;360.0;449.0;610.0;361.0
848.0;361.0;-34.0;?;463.0;629.0;385.0
845.0;365.0;-32.0;377.0;480.0;646.0;408.0
841.0;370.0;-38.0;379.0;497.0;659.0;430.0
837.0;377.0;-49.0;381.0;509.0;671.0;453.0
833.0;385.0;-64.0;387.0;519.0;684.0;?
827.0;397.0;-84.0;397.0;531.0;696.0;498.0
818.0;409.0;-109.0;408.0;542.0;708.0;518.0
810.0;421.0;-137.0;420.0;550.0;716.0;534.0
803.0;435.0;-167.0;430.0;554.0;720.0;546.0
793.0;450.0;-202.0;437.0;556.0;721.0;553.0
778.0;463.0;-244.0;442.0;563.0;720.0;554.0
752.0;471.0;-292.0;444.0;577.0;716.0;548.0
717.0;480.0;?;446.0;597.0;709.0;543.0
683.0;493.0;?;450.0;615.0;707.0;548.0
667.0;?;-409.0;453.0;?;707.0;550.0
666.0;503.0;-428.0;454.0;607.0;708.0;551.0
671.0;506.0;-447.0;453.0;587.0;709.0;551.0
672.0;505.0;-463.0;449.0;573.0;708.0;551.0
667.0;500.0;-474.0;441.0;569.0;705.0;550.0
663.0;494.0;-481.0;431.0;569.0;704.0;547.0
662.0;489.0;-482.0;419.0;569.0;704.0;543.0
666.0;484.0;-479.0;404.0;568.0;704.0;538.0
670.0;479.0;-470.0;387.0;569.0;702.0;534.0
?;476.0;-459.0;369.0;?;699.0;526.0
688.0;472.0;?;351.0;564.0;694.0;515.0
703.0;469.0;-429.0;335.0;555.0;690.0;504.0
714.0;?;-415.0;324.0;548.0;687.0;492.0
722.0;458.0;-401.0;317.0;545.0;684.0;?
728.0;451.0;-388.0;314.0;544.0;679.0;467.0
731.0;440.0;-375.0;314.0;546.0;675.0;452.0
733.0;426.0;-362.0;314.0;549.0;668.0;432.0
738.0;420.0;-345.0;310.0;550.0;657.0;414.0
749.0;411.0;-320.0;?;544.0;644.0;398.0
764.0;393.0;-288.0;287.0;532.0;631.0;374.0
780.0;379.0;-252.0;271.0;519.0;619.0;349.0
793.0;363.0;-216.0;253.0;507.0;?;324.0
?;346.0;-181.0;231.0;502.0;589.0;300.0
803.0;328.0;-148.0;209.0;504.0;576.0;277.0
?;309.0;-115.0;186.0;505.0;562.0;253.0
809.0;290.0;-79.0;160.0;500.0;?;230.0
814.0;272.0;-42.0;135.0;?;537.0;208.0
815.0;256.0;-4.0;113.0;483.0;524.0;191.0
816.0;245.0;31.0;96.0;471.0;512.0;176.0
817.0;236.0;63.0;84.0;459.0;501.0;163.0
823.0;?;98.0;76.0;437.0;492.0;153.0
836.0;222.0;139.0;71.0;398.0;484.0;145.0
854.0;218.0;184.0;67.0;?;477.0;140.0
864.0;214.0;216.0;66.0;296.0;471.0;133.0
865.0;208.0;233.0;69.0;277.0;467.0;125.0
863.0;210.0;242.0;69.0;267.0;465.0;119.0
861.0;209.0;254.0;65.0;253.0;466.0;112.0
861.0;200.0;268.0;52.0;222.0;467.0;100.0
860.0;190.0;273.0;36.0;190.0;465.0;89.0
857.0;182.0;268.0;19.0;177.0;460.0;80.0
853.0;180.0;256.0;6.0;178.0;455.0;75.0
848.0;178.0;239.0;-4.0;190.0;453.0;73.0
849.0;177.0;225.0;?;194.0;456.0;77.0
851.0;178.0;213.0;-10.0;195.0;?;90.0
847.0;184.0;203.0;-4.0;194.0;478.0;108.0
844.0;195.0;202.0;4.0;189.0;495.0;131.0
845.0;204.0;202.0;13.0;184.0;509.0;157.0
848.0;214.0;198.0;23.0;188.0;522.0;186.0
847.0;225.0;193.0;36.0;207.0;535.0;218.0
843.0;232.0;197.0;53.0;219.0;552.0;251.0
839.0;234.0;198.0;75.0;219.0;573.0;281.0
834.0;244.0;194.0;94.0;227.0;590.0;309.0
826.0;260.0;200.0;105.0;221.0;593.0;329.0
817.0;270.0;207.0;111.0;214.0;585.0;340.0
805.0;282.0;?;115.0;214.0;570.0;350.0
796.0;294.0;213.0;120.0;213.0;543.0;353.0
786.0;308.0;215.0;125.0;211.0;508.0;354.0
778.0;323.0;218.0;137.0;212.0;478.0;355.0
772.0;342.0;218.0;158.0;213.0;461.0;356.0
764.0;360.0;219.0;174.0;215.0;440.0;350.0
759.0;377.0;226.0;179.0;210.0;406.0;341.0
753.0;388.0;235.0;175.0;207.0;?;327.0
747.0;396.0;244.0;161.0;207.0;335.0;311.0
741.0;399.0;254.0;138.0;212.0;306.0;293.0
734.0;399.0;266.0;115.0;219.0;281.0;278.0
727.0;402.0;278.0;97.0;227.0;262.0;270.0
?;400.0;291.0;87.0;233.0;262.0;259.0
710.0;398.0;304.0;74.0;238.0;261.0;?
701.0;395.0;317.0;60.0;241.0;258.0;236.0
692.0;391.0;327.0;49.0;247.0;253.0;226.0
688.0;?;326.0;37.0;256.0;244.0;218.0
690.0;387.0;319.0;22.0;263.0;226.0;208.0
697.0;385.0;300.0;12.0;271.0;220.0;202.0
703.0;382.0;284.0;6.0;282.0;219.0;196.0
?;380.0;285.0;-3.0;278.0;206.0;191.0
734.0;378.0;282.0;-12.0;267.0;191.0;183.0
751.0;377.0;267.0;-19.0;268.0;178.0;176.0
765.0;376.0;247.0;-26.0;272.0;158.0;167.0
781.0;375.0;227.0;-35.0;269.0;133.0;159.0
798.0;376.0;208.0;-39.0;258.0;118.0;151.0
812.0;376.0;193.0;-40.0;245.0;105.0;142.0
824.0;376.0;181.0;-42.0;228.0;85.0;137.0
833.0;376.0;171.0;-40.0;213.0;75.0;133.0
838.0;375.0;162.0;-37.0;203.0;66.0;128.0
842.0;375.0;155.0;-33.0;194.0;59.0;125.0
846.0;376.0;155.0;-26.0;181.0;?;125.0
850.0;377.0;160.0;-20.0;165.0;54.0;123.0
854.0;?;166.0;-13.0;153.0;58.0;121.0
781.0;155.0;388.0;-185.0;45.0;81.0;-126.0
771.0;151.0;400.0;-196.0;49.0;89.0;-133.0
764.0;152.0;412.0;-206.0;?;96.0;-138.0
758.0;149.0;418.0;-207.0;38.0;105.0;-145.0
752.0;149.0;429.0;-206.0;25.0;113.0;-151.0
748.0;148.0;437.0;-205.0;12.0;121.0;-159.0
745.0;146.0;441.0;-205.0;-1.0;124.0;-168.0
743.0;143.0;444.0;-208.0;-17.0;123.0;-176.0
741.0;139.0;446.0;-213.0;-35.0;119.0;-182.0
739.0;136.0;444.0;-218.0;-52.0;116.0;-185.0
740.0;134.0;440.0;-218.0;-64.0;118.0;-184.0
?;134.0;434.0;-216.0;-71.0;118.0;?
740.0;134.0;425.0;-213.0;-71.0;116.0;-177.0
738.0;136.0;425.0;-209.0;-68.0;113.0;-175.0
740.0;141.0;426.0;-203.0;-61.0;111.0;-173.0
742.0;145.0;423.0;-198.0;-42.0;104.0;-169.0
734.0;151.0;431.0;-197.0;-32.0;95.0;-166.0
724.0;157.0;440.0;-193.0;-38.0;89.0;?
714.0;157.0;450.0;-189.0;?;82.0;-162.0
704.0;156.0;457.0;-184.0;-61.0;71.0;-159.0
?;154.0;466.0;-178.0;-68.0;63.0;-158.0
688.0;152.0;472.0;-172.0;-73.0;56.0;-158.0
683.0;152.0;474.0;-168.0;-77.0;44.0;?
678.0;152.0;475.0;-165.0;-77.0;32.0;-154.0
673.0;155.0;479.0;-161.0;-77.0;27.0;-156.0
672.0;159.0;490.0;-156.0;-83.0;22.0;-157.0
668.0;162.0;507.0;-152.0;-87.0;18.0;-157.0
659.0;?;534.0;-150.0;-93.0;16.0;-159.0
647.0;164.0;?;?;-95.0;20.0;-158.0
638.0;165.0;?;-143.0;-84.0;22.0;-155.0
636.0;166.0;616.0;-137.0;-59.0;23.0;-154.0
645.0;164.0;?;-129.0;-23.0;27.0;-155.0
658.0;161.0;615.0;-122.0;18.0;33.0;-156.0
667.0;156.0;598.0;-120.0;61.0;32.0;-159.0
673.0;150.0;589.0;-125.0;76.0;25.0;-164.0
683.0;144.0;591.0;-130.0;60.0;20.0;-169.0
688.0;138.0;583.0;-134.0;?;19.0;-173.0
687.0;132.0;?;-137.0;42.0;20.0;-176.0
688.0;127.0;557.0;-139.0;38.0;21.0;-178.0
690.0;122.0;550.0;-141.0;38.0;24.0;-179.0
696.0;117.0;544.0;-145.0;37.0;24.0;-179.0
695.0;114.0;538.0;-149.0;39.0;20.0;-180.0
694.0;111.0;538.0;-151.0;30.0;15.0;?
690.0;111.0;548.0;-153.0;?;11.0;-182.0
688.0;113.0;562.0;-150.0;-1.0;12.0;-181.0
682.0;116.0;580.0;-145.0;-20.0;14.0;-178.0
671.0;120.0;601.0;-141.0;-36.0;16.0;-175.0
658.0;124.0;621.0;-138.0;-49.0;16.0;?
645.0;129.0;642.0;-136.0;-62.0;14.0;-168.0
633.0;?;662.0;-137.0;-71.0;10.0;-164.0
623.0;140.0;673.0;-135.0;?;10.0;-158.0
616.0;147.0;676.0;-132.0;-46.0;11.0;-152.0
606.0;155.0;673.0;-129.0;-21.0;13.0;-145.0
598.0;164.0;664.0;-125.0;8.0;15.0;-139.0
?;171.0;651.0;-127.0;40.0;15.0;-138.0
585.0;175.0;643.0;-130.0;64.0;15.0;-140.0
577.0;179.0;637.0;-132.0;85.0;20.0;-140.0
571.0;185.0;629.0;-132.0;109.0;26.0;-139.0
563.0;191.0;619.0;-130.0;135.0;34.0;-136.0
557.0;199.0;610.0;-126.0;161.0;44.0;-131.0
552.0;208.0;604.0;?;186.0;53.0;-127.0
?;216.0;599.0;-127.0;212.0;55.0;-124.0
542.0;223.0;594.0;-130.0;238.0;62.0;-123.0
539.0;227.0;593.0;-132.0;265.0;?;?
538.0;230.0;?;-135.0;289.0;81.0;-113.0
539.0;233.0;600.0;-135.0;301.0;93.0;?
544.0;239.0;600.0;-134.0;306.0;102.0;-88.0
546.0;243.0;594.0;-131.0;309.0;114.0;-73.0
542.0;244.0;580.0;-125.0;310.0;128.0;-60.0
536.0;245.0;560.0;-121.0;317.0;136.0;?
529.0;246.0;537.0;-121.0;325.0;146.0;-30.0
524.0;244.0;506.0;-124.0;337.0;158.0;-24.0
517.0;237.0;486.0;-133.0;?;156.0;-16.0
511.0;231.0;470.0;-139.0;345.0;163.0;-6.0
511.0;230.0;?;-136.0;356.0;180.0;9.0
508.0;229.0;428.0;-130.0;367.0;199.0;23.0
?;229.0;411.0;-121.0;376.0;219.0;41.0
506.0;231.0;403.0;-111.0;382.0;233.0;62.0
506.0;235.0;402.0;-105.0;385.0;241.0;?
506.0;239.0;405.0;-100.0;386.0;249.0;98.0
505.0;242.0;407.0;-93.0;385.0;261.0;111.0
504.0;244.0;405.0;-86.0;385.0;272.0;120.0
502.0;244.0;403.0;-83.0;386.0;280.0;126.0
500.0;243.0;403.0;-81.0;388.0;288.0;133.0
494.0;242.0;405.0;-79.0;387.0;297.0;143.0
490.0;240.0;402.0;-77.0;387.0;305.0;153.0
492.0;240.0;401.0;-74.0;389.0;314.0;163.0
497.0;241.0;403.0;-72.0;393.0;320.0;170.0
505.0;240.0;405.0;-71.0;397.0;328.0;175.0
?;239.0;404.0;-72.0;401.0;336.0;?
513.0;236.0;401.0;-74.0;405.0;344.0;188.0
520.0;234.0;401.0;-75.0;409.0;349.0;195.0
528.0;231.0;402.0;-77.0;418.0;355.0;202.0
539.0;228.0;406.0;-80.0;429.0;363.0;209.0
553.0;224.0;417.0;-83.0;439.0;372.0;216.0
572.0;220.0;430.0;-85.0;445.0;378.0;?
592.0;219.0;441.0;-87.0;451.0;381.0;237.0
?;218.0;452.0;-87.0;453.0;389.0;248.0
636.0;219.0;462.0;-87.0;449.0;390.0;258.0
656.0;217.0;469.0;-89.0;440.0;393.0;263.0
672.0;212.0;471.0;-93.0;434.0;395.0;?
684.0;209.0;466.0;-98.0;430.0;?;274.0
698.0;208.0;457.0;-103.0;426.0;394.0;282.0
711.0;209.0;447.0;-109.0;424.0;391.0;286.0
721.0;208.0;433.0;-115.0;426.0;?;290.0
729.0;207.0;422.0;-120.0;429.0;385.0;292.0
736.0;208.0;413.0;-125.0;429.0;376.0;293.0
741.0;209.0;407.0;-125.0;429.0;379.0;293.0
746.0;208.0;404.0;-124.0;427.0;379.0;295.0
749.0;209.0;403.0;-121.0;426.0;380.0;296.0
749.0;209.0;402.0;-120.0;?;381.0;294.0
749.0;?;402.0;-122.0;428.0;381.0;293.0
747.0;206.0;401.0;-125.0;430.0;381.0;294.0
746.0;205.0;402.0;-126.0;431.0;380.0;296.0
743.0;206.0;403.0;-129.0;432.0;378.0;297.0
740.0;205.0;405.0;-131.0;432.0;374.0;299.0
739.0;?;406.0;-133.0;432.0;369.0;302.0
739.0;204.0;408.0;-133.0;430.0;365.0;304.0
738.0;202.0;410.0;-137.0;428.0;356.0;302.0
738.0;199.0;411.0;-142.0;426.0;344.0;?
738.0;?;410.0;-149.0;426.0;330.0;293.0
739.0;197.0;410.0;-159.0;?;313.0;276.0
739.0;193.0;410.0;-163.0;425.0;?;?
739.0;189.0;410.0;-166.0;426.0;304.0;267.0
738.0;186.0;410.0;-170.0;425.0;297.0;264.0
738.0;183.0;411.0;-172.0;423.0;?;?
736.0;178.0;413.0;-172.0;422.0;?;263.0
734.0;173.0;416.0;-170.0;420.0;295.0;263.0
732.0;170.0;423.0;-168.0;414.0;?;259.0
729.0;164.0;432.0;-166.0;409.0;312.0;259.0
724.0;159.0;440.0;-157.0;407.0;334.0;264.0
719.0;156.0;449.0;-146.0;403.0;352.0;264.0
715.0;151.0;459.0;-144.0;399.0;357.0;251.0
?;147.0;467.0;-142.0;398.0;362.0;234.0
706.0;142.0;473.0;-137.0;397.0;370.0;216.0
700.0;135.0;482.0;-134.0;395.0;372.0;187.0
693.0;126.0;494.0;-136.0;391.0;365.0;153.0
683.0;114.0;507.0;-141.0;386.0;351.0;116.0
668.0;?;525.0;-149.0;?;335.0;87.0
650.0;103.0;544.0;-159.0;374.0;317.0;45.0
628.0;79.0;564.0;-175.0;368.0;288.0;-3.0
603.0;?;585.0;-201.0;360.0;248.0;-53.0
579.0;7.0;604.0;-233.0;?;202.0;-104.0
557.0;-34.0;626.0;-268.0;341.0;?;-154.0
535.0;?;648.0;-306.0;329.0;112.0;-201.0
512.0;-125.0;670.0;-346.0;318.0;66.0;-242.0
487.0;-169.0;691.0;-383.0;310.0;20.0;-282.0
461.0;-208.0;?;-416.0;303.0;?;-318.0
435.0;-241.0;727.0;-448.0;294.0;-61.0;-352.0
410.0;-272.0;742.0;-480.0;285.0;-95.0;-383.0
385.0;-300.0;755.0;-508.0;275.0;?;-411.0
361.0;-325.0;767.0;-532.0;264.0;-148.0;-436.0
338.0;-348.0;779.0;-555.0;251.0;-169.0;-459.0
318.0;-365.0;790.0;?;?;?;-478.0
301.0;-377.0;799.0;-592.0;226.0;-204.0;-494.0
286.0;-384.0;807.0;-605.0;210.0;-220.0;?
274.0;-388.0;815.0;-616.0;193.0;-235.0;-525.0
263.0;-389.0;821.0;-625.0;174.0;?;-540.0
254.0;-389.0;826.0;-632.0;154.0;?;-555.0
248.0;-392.0;831.0;-636.0;136.0;-274.0;-568.0
244.0;-395.0;835.0;-637.0;118.0;-286.0;-581.0
241.0;-399.0;839.0;-637.0;100.0;-298.0;-593.0
237.0;?;843.0;-634.0;?;-311.0;-603.0
234.0;-411.0;847.0;-628.0;73.0;-327.0;-612.0
229.0;-417.0;849.0;-618.0;63.0;-345.0;-620.0
223.0;-421.0;852.0;-601.0;54.0;-367.0;-627.0
218.0;-428.0;854.0;-578.0;44.0;-394.0;-632.0
214.0;-432.0;854.0;-551.0;37.0;-422.0;-636.0
207.0;-428.0;855.0;-526.0;29.0;?;-639.0
195.0;-420.0;857.0;-509.0;22.0;-447.0;-640.0
180.0;-419.0;861.0;-503.0;18.0;-438.0;-646.0
?;-425.0;864.0;-512.0;12.0;-426.0;-653.0
157.0;?;868.0;-538.0;3.0;-414.0;?
148.0;-452.0;874.0;-570.0;?;-406.0;-665.0
139.0;-462.0;879.0;-598.0;-12.0;-400.0;-665.0
?;-468.0;883.0;-618.0;-16.0;-390.0;?
127.0;-470.0;886.0;-631.0;-17.0;-377.0;-662.0
125.0;-471.0;888.0;-648.0;-16.0;?;-661.0
126.0;-471.0;888.0;-674.0;-15.0;?;-661.0
132.0;-473.0;886.0;-701.0;-16.0;-353.0;-661.0
141.0;-474.0;884.0;-717.0;?;-342.0;-658.0
150.0;-473.0;883.0;-717.0;-15.0;-326.0;-651.0
?;-470.0;?;-709.0;-10.0;-311.0;-638.0
178.0;-460.0;875.0;-698.0;-6.0;-297.0;-621.0
191.0;-442.0;870.0;-685.0;-2.0;-280.0;-603.0
204.0;-419.0;864.0;-671.0;1.0;-260.0;-583.0
219.0;-400.0;856.0;-656.0;5.0;-236.0;-568.0
?;-389.0;846.0;-643.0;11.0;-213.0;-556.0
256.0;-380.0;837.0;-636.0;18.0;-192.0;-547.0
275.0;-369.0;830.0;-632.0;26.0;?;-536.0
293.0;-357.0;824.0;-628.0;36.0;-150.0;-524.0
312.0;-344.0;819.0;-622.0;46.0;-126.0;-510.0
331.0;-331.0;814.0;-618.0;57.0;-103.0;-495.0
349.0;-315.0;810.0;-628.0;64.0;-90.0;-482.0
367.0;-299.0;805.0;-657.0;69.0;-88.0;-472.0
384.0;-289.0;799.0;-685.0;75.0;-86.0;-466.0
399.0;-282.0;793.0;-692.0;81.0;-67.0;-460.0
412.0;-268.0;788.0;-677.0;87.0;-34.0;-454.0
423.0;-256.0;783.0;-657.0;91.0;-4.0;-450.0
434.0;-249.0;778.0;-645.0;94.0;?;-449.0
443.0;-250.0;772.0;-631.0;100.0;24.0;-453.0
451.0;-252.0;767.0;-597.0;102.0;25.0;-459.0
453.0;-241.0;766.0;-553.0;98.0;11.0;-465.0
450.0;-224.0;771.0;-512.0;88.0;-20.0;-475.0
441.0;-216.0;777.0;?;80.0;-63.0;-487.0
428.0;-214.0;786.0;?;73.0;-107.0;-503.0
411.0;-214.0;797.0;-462.0;64.0;?;-523.0
393.0;-219.0;809.0;-476.0;55.0;-199.0;-545.0
374.0;-230.0;820.0;-507.0;48.0;-240.0;-567.0
355.0;-248.0;828.0;-536.0;46.0;?;-589.0
336.0;-266.0;835.0;-552.0;45.0;-270.0;-607.0
313.0;-282.0;842.0;-558.0;40.0;-263.0;-619.0
291.0;-296.0;851.0;-561.0;32.0;?;-627.0
270.0;-311.0;?;-572.0;?;-241.0;-633.0
250.0;-323.0;867.0;-587.0;8.0;-229.0;-637.0
232.0;-335.0;873.0;-602.0;-3.0;-215.0;-637.0
217.0;-345.0;878.0;-615.0;-14.0;-201.0;-637.0
203.0;-352.0;883.0;-628.0;-24.0;-187.0;-637.0
190.0;-357.0;886.0;-641.0;-36.0;-174.0;-636.0
180.0;-364.0;889.0;-652.0;-52.0;-164.0;-635.0
170.0;-372.0;890.0;-659.0;-73.0;-160.0;-634.0
154.0;-377.0;890.0;-663.0;-100.0;-164.0;-631.0
127.0;-385.0;890.0;-672.0;-131.0;-172.0;-632.0
87.0;-392.0;893.0;-680.0;-162.0;-178.0;-637.0
43.0;-392.0;896.0;-680.0;-191.0;-180.0;-644.0
2.0;?;900.0;-671.0;-215.0;-184.0;-649.0
-34.0;-393.0;900.0;-664.0;-230.0;-189.0;-658.0
-69.0;-397.0;897.0;-660.0;-239.0;-196.0;-666.0
-106.0;-404.0;891.0;-660.0;-248.0;-207.0;-674.0
-143.0;-414.0;885.0;-665.0;-257.0;-223.0;-683.0
-179.0;-428.0;878.0;-674.0;-263.0;-243.0;-695.0
-212.0;-445.0;873.0;-684.0;-266.0;-266.0;-709.0
-239.0;-463.0;868.0;-694.0;?;-291.0;-722.0
-259.0;?;862.0;-700.0;-271.0;-319.0;-738.0
-274.0;-492.0;857.0;-702.0;-275.0;-350.0;-754.0
-287.0;-503.0;852.0;-701.0;-280.0;-384.0;-771.0
-297.0;-512.0;850.0;-697.0;-283.0;-421.0;-786.0
-302.0;-518.0;849.0;-692.0;-288.0;-458.0;-800.0
-304.0;-522.0;847.0;-686.0;-297.0;-494.0;-813.0
-300.0;-523.0;848.0;-680.0;-307.0;-527.0;-824.0
-290.0;-524.0;849.0;-673.0;?;-558.0;-834.0
-274.0;-526.0;849.0;-663.0;-337.0;-588.0;-839.0
-257.0;-525.0;849.0;-655.0;-354.0;-613.0;-842.0
?;-521.0;846.0;-649.0;-369.0;-633.0;-844.0
-239.0;-518.0;843.0;-643.0;-382.0;-649.0;-845.0
-233.0;-513.0;?;?;-392.0;?;-846.0
-227.0;-508.0;842.0;-629.0;-403.0;-675.0;-847.0
-219.0;-503.0;840.0;-623.0;-412.0;-686.0;-847.0
-212.0;-499.0;838.0;-619.0;-419.0;-693.0;-848.0
-206.0;-496.0;837.0;-615.0;-424.0;?;-849.0
-199.0;-495.0;836.0;-612.0;-429.0;?;-849.0
-192.0;-495.0;835.0;-609.0;-433.0;-709.0;-848.0
-183.0;-495.0;832.0;-609.0;-439.0;-712.0;-848.0
-176.0;-495.0;829.0;-608.0;-445.0;-714.0;?
-177.0;-494.0;?;-608.0;-447.0;-717.0;-849.0
-178.0;-493.0;832.0;-607.0;-446.0;-719.0;-849.0
-172.0;-491.0;832.0;-606.0;-449.0;-722.0;-849.0
-167.0;-489.0;831.0;-605.0;-453.0;-725.0;-849.0
?;-488.0;833.0;-604.0;-455.0;-728.0;-849.0
-167.0;-488.0;834.0;-602.0;-454.0;-732.0;-849.0
-163.0;-488.0;836.0;-601.0;-452.0;-736.0;-848.0
-161.0;-489.0;837.0;-600.0;-449.0;-740.0;-848.0
-163.0;-490.0;839.0;-599.0;-444.0;-745.0;-848.0
-163.0;-492.0;842.0;-597.0;-437.0;-751.0;-847.0
-161.0;-492.0;844.0;-594.0;-430.0;-758.0;-848.0
-160.0;-492.0;844.0;-592.0;-422.0;-762.0;?
-167.0;-491.0;?;-590.0;-415.0;-766.0;?
-187.0;-491.0;848.0;-589.0;-409.0;-770.0;-848.0
-217.0;-490.0;849.0;-587.0;-404.0;-773.0;-848.0
-248.0;-491.0;844.0;-586.0;?;-777.0;-848.0
-279.0;-491.0;836.0;-584.0;-401.0;-780.0;-847.0
-298.0;-491.0;825.0;-582.0;-404.0;-782.0;-847.0
-302.0;-490.0;812.0;-581.0;-413.0;-783.0;-848.0
-298.0;-489.0;800.0;-581.0;-424.0;-783.0;-848.0
-288.0;-489.0;796.0;-578.0;-433.0;-784.0;-849.0
-277.0;-489.0;799.0;-575.0;-441.0;-785.0;-848.0
-263.0;-488.0;804.0;-571.0;-447.0;-787.0;-848.0
-256.0;-486.0;805.0;-567.0;-443.0;-788.0;-848.0
-239.0;-483.0;809.0;-564.0;-438.0;-789.0;-847.0
-222.0;-480.0;811.0;-561.0;-433.0;-791.0;-846.0
-205.0;-479.0;818.0;-559.0;-426.0;-792.0;-845.0
-192.0;-479.0;?;-558.0;-420.0;-792.0;-843.0
-179.0;-481.0;832.0;-558.0;-415.0;?;-841.0
-172.0;-484.0;835.0;-559.0;-413.0;-792.0;-837.0
-172.0;-488.0;838.0;-562.0;-413.0;-791.0;-833.0
-173.0;-492.0;?;-564.0;-413.0;-790.0;-829.0
-172.0;-496.0;846.0;-567.0;-410.0;-789.0;-825.0
-169.0;-500.0;852.0;-568.0;-405.0;-790.0;-821.0
-167.0;-504.0;860.0;-567.0;-394.0;-790.0;-816.0
-171.0;-508.0;870.0;-566.0;-375.0;-791.0;-811.0
?;-510.0;880.0;-565.0;-354.0;-791.0;-807.0
-205.0;-511.0;891.0;-564.0;-327.0;-792.0;-802.0
-231.0;-511.0;902.0;-563.0;-297.0;-792.0;-797.0
-257.0;-511.0;907.0;-561.0;-271.0;-792.0;-792.0
-281.0;-512.0;908.0;-558.0;-249.0;-793.0;-785.0
-307.0;-514.0;904.0;-555.0;?;-793.0;-778.0
-340.0;-516.0;893.0;-553.0;-229.0;-793.0;-770.0
-379.0;-519.0;877.0;-551.0;-231.0;-792.0;-762.0
-424.0;-523.0;855.0;-551.0;-238.0;-790.0;-755.0
-471.0;-526.0;828.0;-550.0;-249.0;-788.0;-748.0
-517.0;-531.0;796.0;-551.0;-265.0;-786.0;-741.0
-560.0;-536.0;760.0;-550.0;-286.0;-783.0;-733.0
-599.0;-540.0;721.0;-549.0;-308.0;-780.0;-725.0
-633.0;-542.0;681.0;-547.0;-332.0;-778.0;-718.0
-663.0;-544.0;?;-545.0;-357.0;-775.0;-711.0
-689.0;-543.0;599.0;-540.0;-379.0;-771.0;-703.0
?;-541.0;558.0;-535.0;-402.0;-767.0;-695.0
-733.0;-537.0;519.0;-528.0;-418.0;-763.0;-686.0
-753.0;-533.0;484.0;-517.0;-429.0;-758.0;?
-769.0;-528.0;455.0;-504.0;-436.0;-755.0;-659.0
-787.0;-521.0;430.0;-490.0;-434.0;-752.0;-645.0
-808.0;?;405.0;-478.0;-424.0;-748.0;-631.0
-828.0;-504.0;380.0;-464.0;-410.0;-742.0;-615.0
-842.0;-495.0;357.0;-448.0;-403.0;-732.0;-597.0
-850.0;?;339.0;-431.0;-402.0;-718.0;-577.0
-852.0;-483.0;329.0;-415.0;-406.0;-702.0;-559.0
-852.0;-483.0;325.0;?;-410.0;-688.0;-543.0
-853.0;-486.0;325.0;-395.0;-408.0;-676.0;-528.0
-857.0;-491.0;326.0;-394.0;-398.0;-667.0;-517.0
-862.0;-495.0;327.0;-397.0;-384.0;-659.0;?
-865.0;-497.0;328.0;-397.0;-372.0;-649.0;-497.0
-866.0;-500.0;329.0;-382.0;-366.0;-615.0;-485.0
-865.0;-502.0;330.0;-345.0;-366.0;-545.0;-468.0
-864.0;-493.0;330.0;-308.0;-369.0;-482.0;-449.0
-861.0;-484.0;330.0;-291.0;-375.0;-467.0;-445.0
-858.0;-478.0;329.0;-288.0;-382.0;-486.0;?
?;-472.0;328.0;-291.0;-389.0;-515.0;-460.0
-855.0;-467.0;324.0;-302.0;-394.0;-549.0;-475.0
-854.0;-461.0;321.0;-317.0;-398.0;?;-486.0
-852.0;-455.0;320.0;-336.0;-402.0;-619.0;-495.0
-849.0;-452.0;322.0;-357.0;-406.0;-645.0;-506.0
-848.0;-459.0;324.0;-382.0;-407.0;-664.0;-523.0
-847.0;-471.0;322.0;-405.0;?;-680.0;-540.0
-846.0;-480.0;319.0;-418.0;-417.0;-697.0;?
?;-481.0;316.0;?;-427.0;-707.0;-554.0
-840.0;-475.0;313.0;-419.0;-435.0;-704.0;-548.0
-842.0;-463.0;311.0;-407.0;-433.0;-692.0;-536.0
-847.0;-454.0;311.0;-392.0;-423.0;-675.0;-524.0
-852.0;-450.0;311.0;-377.0;-410.0;-661.0;-516.0
-856.0;-448.0;312.0;-369.0;-402.0;-653.0;-509.0
-857.0;-449.0;310.0;-367.0;-400.0;-650.0;-504.0
-859.0;-452.0;305.0;-369.0;-401.0;-646.0;-499.0
-860.0;-456.0;299.0;-372.0;-404.0;-642.0;-495.0
-862.0;-461.0;292.0;-376.0;-406.0;-638.0;-492.0
?;-465.0;286.0;-380.0;-406.0;-637.0;-492.0
?;-468.0;282.0;-385.0;-405.0;-639.0;?
-866.0;-468.0;278.0;-388.0;-405.0;-641.0;-487.0
-866.0;-469.0;276.0;-387.0;-405.0;-641.0;-484.0
-866.0;-471.0;275.0;-384.0;-405.0;-640.0;-481.0
-865.0;-470.0;274.0;-380.0;-406.0;-637.0;-476.0
-864.0;-468.0;274.0;-374.0;-404.0;-631.0;?
-863.0;-463.0;271.0;-368.0;-402.0;-622.0;-454.0
-855.0;-459.0;275.0;-363.0;-410.0;-615.0;-446.0
-846.0;-468.0;280.0;-365.0;-421.0;?;-449.0
-848.0;-476.0;272.0;?;-419.0;-627.0;-456.0
-860.0;-475.0;256.0;?;-403.0;-637.0;-458.0
-871.0;-467.0;?;-373.0;-383.0;-642.0;?
-869.0;-464.0;256.0;-368.0;-386.0;-641.0;-453.0
-857.0;-464.0;?;?;-409.0;-641.0;-456.0
-846.0;-464.0;293.0;?;-426.0;-647.0;-458.0
-843.0;-465.0;308.0;-364.0;-426.0;-656.0;-460.0
-845.0;-465.0;?;-364.0;-415.0;-661.0;-460.0
-851.0;-463.0;318.0;-360.0;-399.0;-661.0;-458.0
-853.0;-460.0;316.0;-353.0;-393.0;-658.0;-455.0
-848.0;-456.0;321.0;-347.0;-400.0;-654.0;-452.0
-842.0;-454.0;327.0;-342.0;-408.0;?;-451.0
-841.0;-453.0;331.0;-338.0;?;-648.0;-451.0
-843.0;-451.0;336.0;-335.0;?;-646.0;-451.0
?;-448.0;339.0;-334.0;-384.0;-646.0;-451.0
-850.0;-447.0;343.0;-333.0;-374.0;-648.0;-451.0
-851.0;-447.0;348.0;-334.0;-371.0;-649.0;-451.0
-853.0;-449.0;350.0;-337.0;-368.0;-651.0;-449.0
-855.0;-450.0;348.0;-341.0;-367.0;-651.0;-447.0
-861.0;-442.0;341.0;-345.0;-365.0;-649.0;-443.0
-867.0;-429.0;330.0;-350.0;-363.0;-647.0;-438.0
-874.0;-425.0;316.0;-356.0;-361.0;-644.0;-433.0
-884.0;-429.0;296.0;-367.0;-356.0;-642.0;-432.0
-897.0;-427.0;270.0;-375.0;-346.0;-640.0;-428.0
-911.0;-417.0;236.0;-377.0;-335.0;-639.0;-412.0
-924.0;-410.0;201.0;-370.0;-324.0;-629.0;-395.0
-934.0;-404.0;169.0;-358.0;-315.0;-615.0;-381.0
-943.0;-398.0;135.0;-346.0;-304.0;-602.0;-369.0
-950.0;-388.0;101.0;?;-290.0;-594.0;?
-953.0;-372.0;68.0;-324.0;-279.0;-589.0;-337.0
-952.0;-352.0;40.0;-305.0;-276.0;-581.0;-316.0
-950.0;-331.0;16.0;-279.0;-274.0;-570.0;-292.0
-948.0;-309.0;-2.0;-250.0;-270.0;-559.0;-266.0
-946.0;-288.0;-19.0;-221.0;-268.0;-545.0;-242.0
-942.0;-270.0;-61.0;-193.0;-268.0;-528.0;-222.0
-938.0;-254.0;-97.0;-169.0;-269.0;-511.0;-203.0
-936.0;-242.0;-128.0;-147.0;-263.0;-494.0;-184.0
-933.0;-231.0;-156.0;-130.0;-259.0;-479.0;-166.0
-931.0;-219.0;-176.0;-115.0;-258.0;?;-144.0
-929.0;-215.0;-184.0;-100.0;-260.0;-440.0;-120.0
?;?;-189.0;-87.0;-267.0;-421.0;-98.0
-919.0;-207.0;-197.0;-80.0;-283.0;-407.0;-79.0
-913.0;-202.0;-211.0;-78.0;-294.0;-398.0;-59.0
-910.0;-196.0;?;-76.0;-294.0;-387.0;-35.0
-912.0;-188.0;-233.0;-69.0;-284.0;-374.0;-8.0
?;-178.0;?;-56.0;-278.0;-358.0;19.0
-908.0;-165.0;-260.0;-39.0;-280.0;-338.0;45.0
-904.0;-153.0;-280.0;-23.0;-276.0;-316.0;71.0
-899.0;-141.0;-299.0;-7.0;-270.0;-295.0;95.0
-893.0;-133.0;-316.0;5.0;-267.0;-274.0;116.0
-886.0;-128.0;-331.0;15.0;-264.0;-256.0;?
-881.0;-124.0;-341.0;22.0;-263.0;-240.0;151.0
-875.0;-120.0;?;27.0;-266.0;?;168.0
-869.0;-118.0;-360.0;28.0;-272.0;-215.0;181.0
-869.0;-118.0;-361.0;25.0;-271.0;-209.0;191.0
-867.0;-119.0;-365.0;?;-271.0;-207.0;198.0
-863.0;-119.0;-372.0;?;-278.0;-205.0;201.0
-859.0;-116.0;-377.0;4.0;-287.0;-204.0;204.0
-858.0;-116.0;-380.0;-5.0;-286.0;-205.0;203.0
-857.0;-116.0;-382.0;-15.0;-284.0;-209.0;201.0
?;-117.0;-386.0;-24.0;-290.0;-217.0;198.0
-851.0;-118.0;-382.0;-30.0;-298.0;-226.0;195.0
-850.0;?;-381.0;-32.0;-300.0;-233.0;194.0
-847.0;-120.0;-383.0;-31.0;-306.0;-241.0;194.0
-846.0;-122.0;-382.0;-29.0;-312.0;-247.0;192.0
-839.0;-128.0;-391.0;-28.0;-320.0;-252.0;189.0
-831.0;-133.0;-397.0;-31.0;?;-260.0;188.0
-825.0;-136.0;-403.0;-35.0;-342.0;-269.0;187.0
-818.0;-139.0;-412.0;-39.0;-349.0;-276.0;186.0
-811.0;-142.0;-421.0;-43.0;-356.0;-282.0;184.0
-801.0;-145.0;?;-46.0;-371.0;-289.0;183.0
-794.0;-147.0;-435.0;-49.0;-380.0;-295.0;182.0
-791.0;-147.0;-436.0;-52.0;-386.0;?;182.0
-789.0;-145.0;-442.0;-51.0;-387.0;-305.0;180.0
-788.0;-144.0;-446.0;-49.0;-386.0;-306.0;178.0
-784.0;-141.0;-453.0;-46.0;-389.0;-308.0;176.0
-778.0;-138.0;-460.0;-43.0;-396.0;-312.0;176.0
-770.0;-133.0;-467.0;-40.0;?;-318.0;177.0
-760.0;-125.0;-476.0;-33.0;-414.0;-333.0;184.0
-747.0;-113.0;-485.0;-16.0;-426.0;-351.0;197.0
-733.0;-98.0;-497.0;16.0;-429.0;-365.0;203.0
-715.0;-82.0;-512.0;58.0;-434.0;-375.0;205.0
-695.0;-69.0;-527.0;100.0;-445.0;-387.0;200.0
?;-57.0;-537.0;136.0;-451.0;-402.0;192.0
-675.0;-43.0;-544.0;167.0;-450.0;-419.0;184.0
-673.0;-30.0;-549.0;193.0;-451.0;-439.0;170.0
-677.0;-21.0;?;216.0;-450.0;-460.0;154.0
-687.0;-16.0;-543.0;234.0;-446.0;-481.0;131.0
-692.0;-16.0;-544.0;247.0;-446.0;-504.0;102.0
-692.0;-17.0;-548.0;250.0;-451.0;-531.0;71.0
-690.0;-24.0;-544.0;245.0;-469.0;-560.0;38.0
-687.0;-39.0;-537.0;232.0;-488.0;-588.0;-2.0
-681.0;-61.0;-525.0;214.0;-510.0;-608.0;-48.0
-677.0;-88.0;-506.0;195.0;-528.0;-620.0;-97.0
-673.0;-119.0;-481.0;178.0;-541.0;-614.0;-141.0
-666.0;?;-448.0;157.0;-551.0;-598.0;-185.0
-661.0;-190.0;-416.0;128.0;-551.0;-592.0;-228.0
-662.0;-229.0;-386.0;98.0;-544.0;?;-267.0
-664.0;-267.0;?;66.0;-537.0;-586.0;-305.0
-666.0;-306.0;-341.0;30.0;-530.0;-577.0;-340.0
-668.0;-346.0;-325.0;-7.0;-528.0;-568.0;-368.0
-670.0;-383.0;?;-46.0;-532.0;-565.0;-391.0
-671.0;-417.0;-298.0;-89.0;-537.0;-563.0;-410.0
-675.0;-446.0;-290.0;-137.0;-540.0;-555.0;-427.0
-680.0;?;-281.0;-183.0;-545.0;-542.0;-441.0
-685.0;-497.0;-272.0;-223.0;-551.0;-522.0;-454.0
-695.0;-518.0;-262.0;-262.0;-553.0;-503.0;-466.0
-708.0;-538.0;?;-299.0;-557.0;-483.0;-478.0
-718.0;?;-228.0;-333.0;-565.0;-465.0;-488.0
-729.0;-567.0;-210.0;-362.0;-569.0;?;-501.0
-738.0;-579.0;-186.0;-390.0;-578.0;-433.0;-511.0
-743.0;-588.0;-155.0;-414.0;-593.0;-426.0;-526.0
-747.0;-596.0;-126.0;-439.0;-606.0;-422.0;-542.0
-748.0;-606.0;-94.0;-466.0;-620.0;-416.0;-559.0
-753.0;-618.0;-66.0;-495.0;-628.0;-399.0;-574.0
-758.0;-630.0;-37.0;-525.0;-632.0;-381.0;-586.0
-766.0;-638.0;-8.0;-552.0;?;-367.0;-599.0
-774.0;-646.0;21.0;-578.0;-627.0;-354.0;-611.0
-781.0;-655.0;51.0;-604.0;-621.0;-348.0;-624.0
-787.0;-664.0;79.0;-630.0;-612.0;-345.0;-639.0
-789.0;-671.0;107.0;-657.0;-605.0;?;-655.0
-783.0;-675.0;132.0;?;-606.0;-340.0;-668.0
-777.0;-676.0;153.0;-698.0;-606.0;-340.0;-681.0
-767.0;-676.0;168.0;-712.0;-610.0;-341.0;-690.0
-754.0;-674.0;181.0;-721.0;-619.0;?;-696.0
-738.0;-671.0;193.0;-725.0;-630.0;-350.0;-701.0
-721.0;-667.0;202.0;-730.0;-644.0;-351.0;?
-706.0;-664.0;207.0;-738.0;-657.0;-352.0;-713.0
-687.0;-664.0;214.0;-744.0;-675.0;-354.0;-716.0
-668.0;-663.0;218.0;-747.0;-694.0;-355.0;-717.0
-655.0;-663.0;223.0;-746.0;-706.0;-359.0;-716.0
-647.0;-663.0;226.0;-742.0;-714.0;-365.0;-714.0
-646.0;-662.0;227.0;-739.0;-715.0;-366.0;-713.0
-652.0;-664.0;228.0;-736.0;-710.0;-368.0;-710.0
-664.0;-668.0;228.0;-730.0;-700.0;-372.0;-704.0
-675.0;-673.0;229.0;-721.0;-690.0;-376.0;-697.0
-686.0;-676.0;227.0;-709.0;?;-385.0;-690.0
-693.0;-680.0;228.0;-699.0;-676.0;-401.0;-682.0
-699.0;-685.0;230.0;-696.0;-670.0;-404.0;-677.0
-714.0;-696.0;224.0;-689.0;-658.0;-412.0;-671.0
-732.0;-699.0;212.0;-675.0;-644.0;-431.0;-666.0
-873.0;-449.0;-73.0;-224.0;-247.0;-570.0;-327.0
-870.0;-437.0;-47.0;-197.0;-226.0;-559.0;-295.0
-861.0;?;-9.0;-177.0;-252.0;-554.0;?
-850.0;-420.0;29.0;?;-292.0;-552.0;?
-843.0;?;50.0;-156.0;-327.0;-556.0;-249.0
-842.0;-409.0;56.0;-153.0;-349.0;?;-240.0
-840.0;-401.0;61.0;-147.0;-368.0;-562.0;-220.0
-837.0;-388.0;61.0;-136.0;-382.0;-557.0;-200.0
-839.0;-375.0;54.0;-126.0;-378.0;-552.0;-182.0
-842.0;-364.0;45.0;-114.0;-365.0;-548.0;-168.0
-846.0;-353.0;32.0;-103.0;-347.0;-547.0;?
-849.0;-347.0;18.0;-93.0;-329.0;-547.0;-148.0
-852.0;-344.0;4.0;-80.0;-310.0;-540.0;-134.0
-854.0;-341.0;-9.0;-65.0;-294.0;-528.0;?
-855.0;-337.0;-20.0;-51.0;-280.0;-518.0;-107.0
-854.0;-334.0;-26.0;-42.0;-273.0;-513.0;-97.0
-856.0;-332.0;-35.0;-36.0;-258.0;-510.0;-89.0
-856.0;-331.0;-43.0;-32.0;-244.0;-507.0;-82.0
-854.0;-332.0;-50.0;-26.0;-239.0;-501.0;-74.0
-854.0;-333.0;-62.0;-22.0;-226.0;-494.0;-66.0
-855.0;-334.0;-73.0;-18.0;-209.0;?;-58.0
-853.0;-336.0;-78.0;-15.0;-206.0;?;-50.0
-852.0;-336.0;-79.0;?;-212.0;-473.0;-44.0
-853.0;-335.0;-84.0;-12.0;-209.0;-471.0;-40.0
-854.0;-337.0;-84.0;-13.0;-204.0;-469.0;?
-852.0;-339.0;-79.0;-15.0;-207.0;-469.0;-38.0
-852.0;-343.0;?;-16.0;-210.0;-468.0;-38.0
-853.0;-346.0;-90.0;-18.0;-203.0;?;-37.0
-854.0;-351.0;-91.0;-19.0;-205.0;-463.0;-37.0
-853.0;-356.0;-90.0;?;-210.0;-463.0;-36.0
-852.0;-359.0;-90.0;-22.0;-216.0;-465.0;-35.0
-849.0;-362.0;-89.0;-21.0;-226.0;-466.0;-32.0
-844.0;-363.0;-84.0;-18.0;-253.0;-463.0;-31.0
-836.0;-365.0;-92.0;-15.0;-280.0;-459.0;?
-832.0;-367.0;-119.0;-15.0;-287.0;-457.0;-33.0
-833.0;-371.0;?;-16.0;-271.0;-456.0;-35.0
-838.0;-377.0;?;-21.0;-232.0;-456.0;-40.0
-850.0;-383.0;-255.0;-26.0;-176.0;-456.0;-43.0
-858.0;-389.0;-289.0;-29.0;-122.0;-457.0;-46.0
-869.0;-395.0;-294.0;-35.0;-103.0;-464.0;-49.0
?;-400.0;-280.0;-38.0;-106.0;-466.0;-51.0
-884.0;-403.0;-255.0;-38.0;-123.0;-462.0;-55.0
-885.0;-407.0;-224.0;-37.0;-157.0;-456.0;-59.0
-885.0;-409.0;-200.0;-37.0;-183.0;-456.0;-63.0
-887.0;?;-204.0;-37.0;-178.0;?;-66.0
-887.0;-409.0;-203.0;-37.0;-201.0;-464.0;-71.0
-876.0;-409.0;-189.0;-36.0;-243.0;-468.0;-76.0
-873.0;-410.0;-172.0;-36.0;-267.0;-470.0;-83.0
-874.0;-411.0;-170.0;-37.0;-259.0;-474.0;-92.0
-872.0;-412.0;-179.0;?;-241.0;-485.0;-101.0
-869.0;?;-177.0;-46.0;-239.0;-496.0;-109.0
-864.0;-411.0;-172.0;-47.0;-245.0;-500.0;-117.0
-860.0;-411.0;-174.0;-46.0;-242.0;-501.0;-127.0
?;-412.0;-175.0;?;?;-505.0;?
-848.0;-412.0;-175.0;-49.0;-242.0;-511.0;-148.0
-843.0;-413.0;?;-51.0;-242.0;-516.0;-160.0
-838.0;-415.0;?;-55.0;-242.0;?;-173.0
-832.0;-417.0;-174.0;-59.0;-240.0;-523.0;-185.0
-832.0;-419.0;-182.0;-65.0;-223.0;-530.0;-197.0
-837.0;-419.0;-198.0;-70.0;-189.0;-539.0;-206.0
-840.0;-418.0;-211.0;-75.0;-159.0;-551.0;-216.0
-842.0;-416.0;-206.0;-79.0;-148.0;-561.0;-224.0
-849.0;-413.0;-186.0;-82.0;-145.0;-566.0;-232.0
-857.0;-409.0;-161.0;?;-144.0;-567.0;?
-857.0;-403.0;-133.0;-80.0;-152.0;-570.0;-244.0
-850.0;-399.0;-131.0;-78.0;-156.0;-575.0;-249.0
-844.0;-393.0;-144.0;-76.0;-134.0;-581.0;-254.0
-842.0;-387.0;-142.0;-73.0;-139.0;-584.0;-260.0
-840.0;-380.0;?;-69.0;-155.0;-586.0;?
-839.0;-373.0;?;-65.0;-167.0;-587.0;-270.0
-839.0;-367.0;-120.0;-62.0;-175.0;-589.0;-274.0
-839.0;-361.0;-117.0;-59.0;-181.0;?;-278.0
-839.0;-356.0;-117.0;-57.0;-183.0;-596.0;-282.0
-840.0;-352.0;?;-55.0;-186.0;-599.0;-286.0
-840.0;-349.0;-111.0;?;-195.0;-601.0;-288.0
-840.0;-349.0;-109.0;-54.0;?;-600.0;-291.0
-840.0;-349.0;-109.0;-53.0;-202.0;-597.0;-292.0
-840.0;-350.0;-109.0;-53.0;-201.0;-595.0;-292.0
-840.0;-352.0;-111.0;-55.0;-201.0;-592.0;?
?;-356.0;-113.0;-57.0;-205.0;-590.0;-295.0
-843.0;-360.0;-118.0;-62.0;-209.0;-590.0;-296.0
-847.0;-364.0;-128.0;-66.0;-212.0;-590.0;-299.0
-851.0;-369.0;-144.0;-71.0;-214.0;-589.0;-300.0
-854.0;-374.0;-167.0;-74.0;-215.0;-586.0;-298.0
-858.0;-378.0;-193.0;?;-219.0;-584.0;-295.0
-861.0;-381.0;-214.0;-74.0;-231.0;-581.0;-291.0
-864.0;-383.0;-217.0;-72.0;-258.0;-578.0;-285.0
-866.0;-384.0;-203.0;-69.0;?;-574.0;-279.0
-859.0;-384.0;-171.0;-66.0;-369.0;-570.0;-272.0
-845.0;-384.0;-130.0;-64.0;-436.0;?;-265.0
-834.0;-382.0;-94.0;-62.0;-478.0;-566.0;-256.0
-835.0;-379.0;-71.0;-58.0;-490.0;-565.0;-248.0
-845.0;-374.0;-51.0;-53.0;-479.0;-563.0;-238.0
-857.0;-368.0;-23.0;-47.0;-451.0;-562.0;-229.0
-866.0;-360.0;16.0;-39.0;-413.0;-560.0;-219.0
-868.0;-350.0;44.0;-32.0;-364.0;-560.0;-211.0
-859.0;-339.0;85.0;-24.0;-336.0;-559.0;-203.0
-851.0;-329.0;108.0;-15.0;-319.0;-556.0;-195.0
-842.0;-320.0;116.0;-8.0;-317.0;-555.0;-187.0
-830.0;-310.0;124.0;-1.0;-325.0;-555.0;-176.0
-820.0;-302.0;133.0;5.0;-331.0;-554.0;-169.0
-811.0;-296.0;141.0;8.0;-337.0;-553.0;-166.0
?;-293.0;140.0;10.0;-339.0;-554.0;-162.0
-799.0;-292.0;140.0;13.0;-344.0;-552.0;-156.0
-792.0;-293.0;134.0;15.0;-353.0;-547.0;-152.0
-793.0;-296.0;119.0;16.0;-350.0;-543.0;-150.0
-793.0;-301.0;108.0;15.0;-345.0;-538.0;-148.0
-794.0;-306.0;99.0;13.0;-338.0;-535.0;-147.0
-795.0;-310.0;99.0;11.0;-333.0;-532.0;-145.0
-794.0;?;106.0;10.0;-337.0;-531.0;-144.0
-795.0;-316.0;113.0;10.0;-335.0;-531.0;-142.0
-796.0;-317.0;127.0;11.0;-336.0;-529.0;-141.0
-795.0;-316.0;140.0;12.0;-349.0;-528.0;-140.0
-803.0;-315.0;144.0;?;-340.0;-526.0;-142.0
-799.0;-317.0;164.0;10.0;-353.0;-526.0;-146.0
-792.0;-319.0;174.0;8.0;-376.0;-528.0;-150.0
-793.0;-321.0;169.0;5.0;-379.0;-529.0;-156.0
-796.0;-325.0;153.0;2.0;-376.0;-531.0;-162.0
-796.0;?;139.0;-1.0;-379.0;-533.0;-171.0
-787.0;-334.0;136.0;-6.0;-402.0;-536.0;-182.0
-780.0;-340.0;129.0;-12.0;-424.0;-541.0;-196.0
-780.0;-346.0;107.0;-22.0;-440.0;-545.0;?
-777.0;-354.0;?;?;?;-552.0;-238.0
-771.0;-365.0;51.0;-50.0;-487.0;-557.0;-263.0
-763.0;-379.0;21.0;-65.0;-513.0;-561.0;-287.0
-756.0;-392.0;-10.0;-77.0;-533.0;-565.0;?
-747.0;-400.0;-39.0;-86.0;-548.0;-566.0;-325.0
-739.0;-402.0;-64.0;-93.0;-562.0;-562.0;-342.0
-730.0;-407.0;-82.0;-100.0;-576.0;-563.0;-356.0
?;-412.0;-97.0;-105.0;-587.0;-562.0;-368.0
-722.0;-415.0;-111.0;-108.0;?;-557.0;-376.0
-721.0;-415.0;-125.0;-109.0;-601.0;-552.0;-383.0
-717.0;-415.0;-137.0;-109.0;-609.0;-551.0;-389.0
-714.0;-415.0;-148.0;?;-614.0;-549.0;-395.0
-711.0;-414.0;-157.0;-108.0;-618.0;-550.0;-402.0
-707.0;-416.0;-164.0;-110.0;-623.0;-552.0;-407.0
-705.0;-417.0;-170.0;-111.0;-625.0;-551.0;-409.0
-702.0;?;-172.0;-110.0;-629.0;-548.0;-411.0
-701.0;-419.0;-174.0;-111.0;-632.0;-546.0;-413.0
-698.0;-421.0;-173.0;-111.0;-636.0;-541.0;-415.0
-695.0;-424.0;-172.0;-112.0;-638.0;-539.0;-415.0
-693.0;-427.0;-170.0;-115.0;-639.0;-543.0;-415.0
-691.0;-428.0;-167.0;?;-639.0;-550.0;-411.0
-686.0;-427.0;-159.0;-114.0;-643.0;-554.0;-410.0
-685.0;-426.0;-155.0;-115.0;-643.0;-555.0;-411.0
-683.0;-429.0;-150.0;-118.0;-644.0;-556.0;-410.0
-682.0;-433.0;-147.0;-122.0;-644.0;-553.0;-407.0
-683.0;-435.0;-146.0;-122.0;-641.0;-547.0;?
-682.0;-437.0;-145.0;-123.0;-641.0;-539.0;-397.0
-682.0;-442.0;-145.0;-123.0;-637.0;-530.0;-391.0
-685.0;-444.0;?;-119.0;-630.0;-519.0;-382.0
-689.0;-444.0;?;-116.0;-625.0;-511.0;-375.0
-690.0;-444.0;-143.0;-116.0;-624.0;-506.0;-373.0
-692.0;-447.0;-143.0;-114.0;-624.0;-502.0;-366.0
-694.0;-445.0;-146.0;-108.0;-623.0;-500.0;-361.0
-697.0;-442.0;-149.0;-102.0;-619.0;-498.0;-359.0
-700.0;-439.0;-154.0;-98.0;-617.0;-502.0;-360.0
-704.0;-435.0;-160.0;-93.0;-614.0;-502.0;?
-708.0;-431.0;-165.0;-89.0;-611.0;-500.0;-365.0
-711.0;-429.0;-169.0;-85.0;-609.0;-504.0;-367.0
-712.0;-427.0;-169.0;?;-610.0;-502.0;-366.0
-713.0;-426.0;-169.0;-76.0;-611.0;-492.0;-366.0
-712.0;-426.0;-167.0;-73.0;-612.0;-482.0;-362.0
-710.0;-424.0;-161.0;-71.0;-614.0;-480.0;-357.0
-703.0;-421.0;-150.0;-66.0;-622.0;-479.0;-354.0
-701.0;-417.0;-136.0;-61.0;-626.0;-477.0;-349.0
-703.0;-414.0;-111.0;-55.0;-617.0;-476.0;-347.0
-704.0;?;-68.0;-52.0;-613.0;-471.0;-345.0
-726.0;-413.0;-43.0;-54.0;-577.0;?;-343.0
-761.0;-415.0;-47.0;-55.0;?;-462.0;-339.0
-795.0;-414.0;-63.0;-57.0;-424.0;-464.0;-336.0
-813.0;-411.0;-93.0;-57.0;-337.0;-469.0;-333.0
-813.0;-407.0;-118.0;-56.0;-266.0;?;-330.0
-811.0;-403.0;?;-55.0;-224.0;-479.0;-328.0
-806.0;-399.0;-129.0;-55.0;-193.0;-480.0;-327.0
-804.0;-396.0;-125.0;-55.0;-168.0;-479.0;-327.0
-802.0;-392.0;-111.0;-56.0;-155.0;-478.0;-327.0
-801.0;-388.0;-92.0;?;-159.0;-479.0;-324.0
-798.0;-382.0;-84.0;-50.0;-156.0;-482.0;-320.0
-794.0;-376.0;-95.0;-44.0;-149.0;-486.0;-316.0
-796.0;-371.0;-107.0;-38.0;-136.0;-489.0;-312.0
-800.0;?;-108.0;-34.0;-137.0;-490.0;-310.0
-803.0;-364.0;-105.0;-30.0;?;-490.0;-309.0
-807.0;-362.0;-107.0;-27.0;-163.0;-489.0;-307.0
-809.0;-360.0;-105.0;?;-173.0;-488.0;-304.0
-811.0;-358.0;-104.0;-19.0;-176.0;-485.0;-301.0
-813.0;-357.0;-108.0;-16.0;-173.0;-483.0;-297.0
-816.0;-356.0;-109.0;-14.0;-173.0;-483.0;-293.0
-820.0;-355.0;-108.0;-12.0;-175.0;-483.0;-290.0
-823.0;-354.0;-106.0;-11.0;-180.0;-484.0;-286.0
-825.0;-353.0;-104.0;-9.0;-188.0;-484.0;?
-827.0;-351.0;-102.0;-6.0;?;-482.0;-277.0
-828.0;-347.0;-100.0;-1.0;-201.0;-481.0;-270.0
-830.0;-343.0;-94.0;6.0;-213.0;-479.0;-264.0
-831.0;-339.0;-88.0;12.0;-225.0;-478.0;-259.0
-832.0;-336.0;-83.0;17.0;-232.0;?;-256.0
-833.0;-334.0;-78.0;21.0;-238.0;-476.0;-253.0
-834.0;-331.0;-73.0;25.0;-236.0;-476.0;-248.0
-837.0;?;-73.0;31.0;-231.0;-475.0;-241.0
-839.0;-325.0;-78.0;37.0;-218.0;-474.0;-234.0
-844.0;-322.0;-79.0;44.0;-209.0;-471.0;-227.0
-848.0;-319.0;-78.0;50.0;-207.0;-468.0;-220.0
-850.0;-317.0;-75.0;56.0;-209.0;-464.0;-214.0
-852.0;-314.0;?;?;-208.0;-462.0;-208.0
?;-311.0;-68.0;65.0;-210.0;-461.0;-200.0
-855.0;-307.0;-63.0;72.0;-214.0;-460.0;-191.0
-857.0;-303.0;-62.0;80.0;-216.0;-459.0;-182.0
-860.0;-298.0;-60.0;88.0;-218.0;-458.0;-174.0
-860.0;-293.0;-58.0;95.0;-217.0;-455.0;-167.0
-861.0;-290.0;-58.0;102.0;-213.0;-453.0;-160.0
-862.0;-287.0;-60.0;109.0;-206.0;-450.0;-153.0
-862.0;-284.0;-60.0;116.0;-202.0;-447.0;-148.0
-862.0;-280.0;?;122.0;-201.0;-443.0;-142.0
-864.0;-277.0;-54.0;127.0;-202.0;-441.0;-135.0
-865.0;-274.0;-48.0;133.0;-206.0;-440.0;?
-860.0;-271.0;-34.0;140.0;-201.0;-437.0;-121.0
-857.0;-269.0;?;147.0;-205.0;-433.0;-114.0
-858.0;-268.0;-50.0;150.0;-184.0;-426.0;-110.0
-859.0;-268.0;-52.0;149.0;?;-423.0;-110.0
-858.0;-267.0;-52.0;148.0;-178.0;-425.0;-108.0
-859.0;-267.0;-60.0;149.0;-174.0;-426.0;-106.0
-859.0;-267.0;-64.0;151.0;-172.0;-424.0;-106.0
-859.0;-267.0;-65.0;152.0;-172.0;-421.0;-106.0
-858.0;-267.0;-65.0;?;-173.0;-419.0;-106.0
-857.0;?;?;?;-168.0;-417.0;-106.0
?;-265.0;-64.0;160.0;-172.0;-416.0;-107.0
-858.0;-263.0;-58.0;164.0;-190.0;-414.0;-108.0
-857.0;-258.0;-44.0;168.0;-215.0;-413.0;-111.0
-847.0;-252.0;-29.0;173.0;-258.0;-414.0;-113.0
-836.0;-244.0;-42.0;182.0;-285.0;-415.0;?
-829.0;-234.0;-80.0;192.0;-295.0;-417.0;?
-812.0;-224.0;-130.0;205.0;-317.0;-416.0;-105.0
-779.0;-215.0;-186.0;219.0;-356.0;-414.0;-98.0
-731.0;-206.0;-226.0;232.0;?;-409.0;-92.0
-677.0;-197.0;-256.0;246.0;-470.0;-404.0;-86.0
-631.0;-188.0;-302.0;?;-491.0;-399.0;-79.0
?;-178.0;-357.0;273.0;-494.0;-395.0;-72.0
-559.0;-168.0;-405.0;287.0;-495.0;-390.0;-64.0
-529.0;-156.0;-447.0;303.0;-489.0;-385.0;-53.0
-510.0;?;-488.0;320.0;-470.0;-380.0;-40.0
-497.0;-130.0;-517.0;338.0;-449.0;?;-27.0
-479.0;-115.0;-535.0;?;-434.0;-364.0;-15.0
-466.0;-99.0;-551.0;373.0;-415.0;-349.0;-2.0
-460.0;-83.0;-569.0;?;-396.0;-342.0;10.0
-454.0;-68.0;-579.0;403.0;-386.0;-340.0;22.0
-445.0;-53.0;-590.0;418.0;-378.0;-337.0;31.0
-439.0;-40.0;-604.0;?;-367.0;-338.0;39.0
-435.0;-28.0;-619.0;442.0;-357.0;-341.0;46.0
-427.0;?;?;454.0;-351.0;-343.0;54.0
-417.0;-5.0;-627.0;467.0;-347.0;-341.0;62.0
-409.0;5.0;-625.0;479.0;-342.0;-336.0;71.0
-401.0;15.0;-618.0;490.0;-338.0;-328.0;81.0
-396.0;22.0;-612.0;500.0;-332.0;-321.0;92.0
-391.0;28.0;-608.0;508.0;-326.0;-313.0;104.0
-388.0;33.0;-606.0;517.0;-320.0;-305.0;116.0
-385.0;37.0;-608.0;523.0;-315.0;-299.0;125.0
-384.0;?;-611.0;528.0;-310.0;-295.0;133.0
-382.0;44.0;-614.0;532.0;-305.0;-292.0;137.0
-380.0;47.0;-616.0;535.0;-301.0;-291.0;141.0
-377.0;?;-616.0;538.0;-297.0;?;144.0
-374.0;?;-616.0;539.0;-293.0;-289.0;146.0
?;50.0;-617.0;540.0;-289.0;-288.0;148.0
-369.0;50.0;-616.0;539.0;-287.0;-289.0;151.0
-367.0;52.0;-615.0;540.0;-287.0;-289.0;157.0
?;55.0;-613.0;541.0;-288.0;-287.0;166.0
-358.0;60.0;-610.0;?;-286.0;-281.0;178.0
?;65.0;-612.0;545.0;-278.0;-274.0;192.0
-336.0;69.0;-621.0;548.0;-267.0;-268.0;206.0
-322.0;77.0;-631.0;553.0;-259.0;-265.0;217.0
-306.0;90.0;-638.0;563.0;-251.0;-263.0;226.0
-293.0;104.0;-644.0;575.0;-241.0;-262.0;235.0
-282.0;119.0;-651.0;589.0;-227.0;-258.0;247.0
-272.0;133.0;-658.0;602.0;-213.0;-253.0;257.0
-262.0;143.0;-664.0;612.0;-202.0;-250.0;263.0
-252.0;151.0;-670.0;620.0;-193.0;-251.0;267.0
-241.0;157.0;-675.0;624.0;-181.0;-254.0;268.0
-234.0;162.0;-681.0;627.0;-171.0;-255.0;269.0
-229.0;163.0;-688.0;629.0;-163.0;-254.0;268.0
-226.0;163.0;-696.0;630.0;-158.0;-252.0;268.0
-226.0;162.0;-702.0;632.0;-155.0;-248.0;269.0
-226.0;163.0;-705.0;634.0;-154.0;-250.0;269.0
-226.0;165.0;-708.0;634.0;-151.0;-255.0;?
-228.0;166.0;-708.0;632.0;-145.0;-259.0;258.0
-234.0;166.0;-706.0;631.0;-140.0;-261.0;253.0
-253.0;199.0;-706.0;597.0;?;-277.0;216.0
-245.0;196.0;-711.0;598.0;-140.0;-269.0;230.0
-235.0;203.0;-715.0;606.0;-122.0;-257.0;245.0
-221.0;216.0;-718.0;616.0;-103.0;-245.0;265.0
-206.0;233.0;-720.0;630.0;-82.0;-231.0;287.0
-189.0;248.0;-720.0;644.0;-62.0;-216.0;308.0
-173.0;264.0;-720.0;657.0;-44.0;-204.0;327.0
-157.0;280.0;-715.0;669.0;-28.0;-195.0;344.0
-138.0;?;-709.0;681.0;-12.0;-186.0;361.0
-123.0;316.0;-708.0;691.0;4.0;-180.0;377.0
-109.0;331.0;-708.0;699.0;17.0;-175.0;391.0
-96.0;341.0;-706.0;?;27.0;-170.0;400.0
-87.0;350.0;-705.0;714.0;?;-168.0;408.0
-84.0;357.0;-702.0;718.0;41.0;-168.0;414.0
-84.0;361.0;-696.0;721.0;47.0;-169.0;417.0
-90.0;363.0;-693.0;724.0;?;-170.0;416.0
-99.0;365.0;-689.0;725.0;53.0;-168.0;413.0
?;365.0;-685.0;723.0;55.0;-165.0;?
-120.0;360.0;-685.0;719.0;55.0;-165.0;413.0
-126.0;355.0;-687.0;714.0;50.0;-171.0;413.0
-135.0;351.0;-689.0;711.0;44.0;-174.0;412.0
-143.0;346.0;-691.0;708.0;38.0;-172.0;413.0
?;341.0;?;705.0;31.0;-166.0;420.0
-160.0;337.0;-700.0;704.0;23.0;-163.0;?
-167.0;333.0;-706.0;701.0;13.0;-161.0;438.0
-176.0;329.0;-711.0;698.0;2.0;-158.0;?
-190.0;325.0;-719.0;699.0;-10.0;-150.0;458.0
-205.0;320.0;-727.0;700.0;-17.0;-142.0;470.0
?;318.0;-732.0;701.0;-17.0;-128.0;482.0
-247.0;316.0;-732.0;702.0;-9.0;-113.0;497.0
-267.0;316.0;-729.0;701.0;?;-95.0;515.0
-280.0;320.0;-725.0;703.0;10.0;-77.0;537.0
?;325.0;-718.0;706.0;14.0;?;562.0
-288.0;?;-710.0;709.0;14.0;-34.0;586.0
?;331.0;-702.0;710.0;14.0;-11.0;608.0
-295.0;332.0;-694.0;707.0;13.0;12.0;628.0
-299.0;334.0;-688.0;706.0;12.0;36.0;651.0
-305.0;333.0;-682.0;707.0;8.0;56.0;?
-310.0;331.0;?;710.0;2.0;72.0;684.0
-314.0;328.0;-673.0;711.0;3.0;84.0;695.0
-319.0;328.0;-675.0;?;6.0;93.0;?
-325.0;328.0;-672.0;707.0;8.0;100.0;715.0
-331.0;328.0;-670.0;?;12.0;106.0;722.0
-336.0;329.0;?;711.0;17.0;112.0;727.0
-339.0;329.0;-668.0;713.0;22.0;115.0;730.0
-342.0;328.0;-667.0;713.0;28.0;116.0;732.0
-345.0;328.0;-665.0;713.0;32.0;116.0;732.0
-345.0;327.0;-666.0;?;37.0;116.0;732.0
-345.0;?;-669.0;713.0;43.0;115.0;730.0
-347.0;325.0;-670.0;713.0;44.0;114.0;729.0
-347.0;324.0;-660.0;?;39.0;114.0;727.0
-341.0;323.0;-664.0;713.0;36.0;113.0;726.0
-333.0;322.0;-670.0;?;35.0;113.0;?
-329.0;?;-672.0;711.0;32.0;111.0;726.0
-329.0;321.0;-669.0;710.0;32.0;111.0;726.0
-329.0;320.0;-671.0;710.0;37.0;110.0;?
-328.0;321.0;-674.0;711.0;42.0;110.0;725.0
-323.0;322.0;-683.0;711.0;49.0;108.0;724.0
?;323.0;-699.0;710.0;61.0;106.0;723.0
-318.0;323.0;-720.0;710.0;79.0;103.0;721.0
-315.0;324.0;-741.0;710.0;93.0;99.0;719.0
-314.0;325.0;-752.0;709.0;96.0;93.0;717.0
-315.0;326.0;-750.0;707.0;90.0;85.0;712.0
-315.0;327.0;-748.0;705.0;81.0;74.0;706.0
-309.0;327.0;-753.0;702.0;73.0;59.0;697.0
?;326.0;-770.0;695.0;75.0;42.0;682.0
-238.0;325.0;-801.0;688.0;88.0;26.0;666.0
-173.0;323.0;-829.0;685.0;107.0;14.0;649.0
-107.0;319.0;-841.0;683.0;122.0;2.0;631.0
-51.0;316.0;-839.0;677.0;125.0;-12.0;610.0
-15.0;312.0;-828.0;?;114.0;-23.0;585.0
?;306.0;-793.0;663.0;115.0;-36.0;558.0
31.0;302.0;-771.0;653.0;121.0;-51.0;532.0
33.0;301.0;-757.0;643.0;125.0;-65.0;510.0
24.0;?;-755.0;631.0;127.0;-80.0;489.0
?;296.0;-754.0;624.0;121.0;-92.0;471.0
-10.0;297.0;-755.0;617.0;111.0;-107.0;457.0
?;298.0;-756.0;?;102.0;-124.0;?
-33.0;294.0;-758.0;?;91.0;-134.0;424.0
-46.0;291.0;-761.0;581.0;76.0;-149.0;413.0
-58.0;288.0;-767.0;572.0;61.0;-156.0;406.0
-70.0;283.0;-771.0;573.0;?;-155.0;406.0
-83.0;277.0;-774.0;570.0;31.0;-157.0;412.0
-95.0;271.0;-780.0;566.0;16.0;-159.0;424.0
-107.0;265.0;-789.0;562.0;2.0;-158.0;441.0
-121.0;259.0;-798.0;563.0;-11.0;?;463.0
-136.0;255.0;-805.0;569.0;-23.0;-135.0;489.0
-149.0;252.0;-814.0;577.0;-33.0;-115.0;517.0
-162.0;254.0;-820.0;587.0;-37.0;-91.0;549.0
-177.0;255.0;-826.0;596.0;-38.0;-64.0;581.0
-194.0;256.0;-830.0;602.0;-41.0;-38.0;?
-214.0;257.0;-828.0;601.0;-47.0;?;646.0
-231.0;255.0;-823.0;598.0;-53.0;16.0;676.0
-245.0;254.0;-813.0;594.0;-61.0;48.0;703.0
?;253.0;-801.0;591.0;-71.0;80.0;729.0
-269.0;253.0;-790.0;588.0;-78.0;113.0;752.0
-278.0;251.0;-787.0;585.0;?;144.0;773.0
-285.0;251.0;-788.0;580.0;-80.0;?;792.0
-290.0;249.0;-786.0;575.0;-79.0;198.0;808.0
-293.0;248.0;-788.0;577.0;?;222.0;822.0
-299.0;247.0;-791.0;581.0;-68.0;244.0;?
-301.0;247.0;-793.0;583.0;-61.0;262.0;842.0
-303.0;246.0;-794.0;585.0;-52.0;276.0;850.0
-306.0;242.0;-795.0;587.0;-44.0;288.0;855.0
-309.0;239.0;-796.0;590.0;-35.0;297.0;860.0
-313.0;236.0;-797.0;591.0;-25.0;305.0;863.0
-318.0;234.0;-797.0;594.0;-17.0;314.0;865.0
-325.0;231.0;-797.0;596.0;-10.0;322.0;868.0
-332.0;228.0;-796.0;598.0;-6.0;330.0;871.0
-339.0;224.0;-795.0;599.0;-1.0;337.0;?
-346.0;219.0;-797.0;599.0;6.0;344.0;877.0
-352.0;213.0;-797.0;598.0;12.0;349.0;880.0
-357.0;208.0;-797.0;598.0;17.0;353.0;883.0
-360.0;203.0;-799.0;597.0;18.0;358.0;885.0
-362.0;198.0;-799.0;599.0;23.0;361.0;?
-365.0;195.0;-801.0;600.0;35.0;361.0;886.0
-366.0;194.0;-804.0;601.0;42.0;361.0;885.0
-366.0;194.0;-804.0;?;46.0;360.0;883.0
-367.0;195.0;-804.0;606.0;48.0;358.0;880.0
-376.0;198.0;-797.0;608.0;34.0;356.0;877.0
-372.0;201.0;-788.0;609.0;13.0;354.0;874.0
-370.0;204.0;-783.0;609.0;-3.0;353.0;872.0
-371.0;206.0;-780.0;607.0;-9.0;354.0;871.0
-377.0;209.0;-777.0;605.0;-1.0;354.0;869.0
-387.0;213.0;-770.0;603.0;19.0;354.0;866.0
?;216.0;-761.0;603.0;46.0;352.0;862.0
-418.0;220.0;-755.0;605.0;83.0;349.0;856.0
-431.0;224.0;-748.0;605.0;?;343.0;851.0
-440.0;227.0;-732.0;603.0;183.0;338.0;844.0
-443.0;230.0;-708.0;603.0;241.0;?;837.0
-439.0;232.0;-684.0;604.0;300.0;327.0;?
-429.0;236.0;-671.0;603.0;361.0;323.0;819.0
-415.0;240.0;-652.0;598.0;426.0;319.0;810.0
-396.0;245.0;-639.0;589.0;473.0;315.0;800.0
-387.0;250.0;?;570.0;512.0;312.0;790.0
-383.0;255.0;-613.0;551.0;527.0;315.0;781.0
-393.0;258.0;-605.0;543.0;522.0;320.0;776.0
-409.0;260.0;-599.0;537.0;500.0;325.0;772.0
-426.0;261.0;-595.0;530.0;?;330.0;769.0
-440.0;?;-597.0;522.0;443.0;332.0;763.0
-445.0;263.0;-600.0;508.0;423.0;332.0;755.0
-446.0;265.0;-607.0;489.0;409.0;331.0;743.0
-454.0;266.0;-611.0;468.0;?;332.0;?
?;265.0;-612.0;444.0;373.0;333.0;705.0
-489.0;263.0;-609.0;419.0;341.0;331.0;682.0
-508.0;261.0;-603.0;400.0;311.0;328.0;664.0
-528.0;261.0;-599.0;389.0;284.0;322.0;648.0
-549.0;263.0;-593.0;387.0;258.0;312.0;635.0
-569.0;264.0;-582.0;390.0;231.0;?;621.0
-587.0;267.0;-569.0;397.0;203.0;279.0;606.0
-604.0;270.0;-559.0;404.0;179.0;?;?
-616.0;269.0;-549.0;409.0;161.0;226.0;568.0
-610.0;267.0;-571.0;414.0;139.0;196.0;547.0
-577.0;263.0;-614.0;422.0;160.0;165.0;527.0
-552.0;260.0;-648.0;430.0;?;?;507.0
-545.0;255.0;-666.0;436.0;167.0;99.0;?
-544.0;244.0;-674.0;441.0;153.0;65.0;472.0
-548.0;232.0;-675.0;447.0;144.0;33.0;457.0
-559.0;220.0;-665.0;445.0;140.0;9.0;?
?;205.0;-648.0;435.0;?;-10.0;426.0
-598.0;190.0;-629.0;?;136.0;-23.0;409.0
-622.0;?;-609.0;407.0;130.0;-37.0;391.0
-647.0;148.0;-589.0;388.0;115.0;-53.0;371.0
-671.0;127.0;-567.0;370.0;91.0;-73.0;350.0
-693.0;110.0;-546.0;350.0;66.0;-95.0;328.0
?;97.0;-525.0;335.0;43.0;-117.0;308.0
-727.0;88.0;-505.0;327.0;24.0;-134.0;?
-738.0;83.0;-487.0;321.0;9.0;-149.0;271.0
-746.0;75.0;-468.0;314.0;-6.0;-163.0;253.0
-751.0;66.0;-447.0;?;-23.0;-180.0;236.0
-753.0;56.0;-428.0;286.0;-39.0;-200.0;218.0
-754.0;45.0;-415.0;266.0;-47.0;-220.0;201.0
-756.0;34.0;-402.0;240.0;?;-240.0;182.0
-760.0;22.0;-387.0;210.0;-58.0;-257.0;162.0
-765.0;7.0;-367.0;181.0;-72.0;-270.0;143.0
-771.0;-7.0;-344.0;155.0;-88.0;-278.0;127.0
?;-21.0;-323.0;128.0;-103.0;-282.0;110.0
-784.0;-39.0;-302.0;106.0;-114.0;-283.0;92.0
-791.0;-51.0;-276.0;84.0;-127.0;-287.0;77.0
-799.0;?;-245.0;63.0;-142.0;-289.0;57.0
-806.0;-85.0;-210.0;38.0;?;-301.0;36.0
-814.0;-104.0;-173.0;?;-174.0;-321.0;9.0
-821.0;-131.0;-136.0;-17.0;-188.0;-356.0;-25.0
-825.0;-158.0;-113.0;-44.0;-204.0;-403.0;-61.0
-831.0;-177.0;-100.0;-64.0;-212.0;-451.0;?
-839.0;-189.0;-84.0;-77.0;-217.0;-494.0;-134.0
-845.0;-204.0;-62.0;-87.0;-231.0;-537.0;-174.0
-849.0;-221.0;-40.0;-96.0;-251.0;-579.0;-217.0
-851.0;-236.0;-19.0;-100.0;-271.0;-608.0;-259.0
-853.0;-243.0;-1.0;-101.0;-289.0;-635.0;-299.0
-854.0;-254.0;17.0;-103.0;-304.0;-664.0;-338.0
-854.0;-270.0;34.0;-107.0;-315.0;-695.0;-380.0
-853.0;-284.0;50.0;-113.0;-326.0;-724.0;-420.0
-851.0;-296.0;69.0;?;-336.0;-751.0;-454.0
-846.0;-302.0;89.0;-128.0;-347.0;-777.0;-472.0
-840.0;-306.0;113.0;-135.0;-357.0;-801.0;-496.0
-832.0;?;138.0;-141.0;-369.0;-820.0;-526.0
-822.0;-320.0;165.0;-149.0;?;-833.0;-556.0
-811.0;-323.0;195.0;-160.0;-387.0;-842.0;-579.0
-799.0;-329.0;230.0;-171.0;-392.0;-850.0;-601.0
-783.0;-326.0;275.0;-185.0;-399.0;?;-617.0
-763.0;-329.0;324.0;-200.0;-405.0;-861.0;-628.0
-742.0;-340.0;367.0;-212.0;-408.0;-862.0;-633.0
-726.0;?;395.0;-221.0;-408.0;-858.0;-633.0
-720.0;-358.0;408.0;-230.0;-402.0;-849.0;-627.0
-720.0;-371.0;?;-243.0;-390.0;-836.0;-625.0
-726.0;-384.0;409.0;-257.0;-377.0;-832.0;-621.0
?;-396.0;406.0;-277.0;-365.0;-830.0;-615.0
-736.0;-407.0;407.0;-295.0;-359.0;-823.0;-604.0
-737.0;-420.0;409.0;-311.0;-357.0;-816.0;-593.0
?;-433.0;410.0;-324.0;?;-811.0;-583.0
-742.0;-443.0;409.0;-332.0;-355.0;-806.0;?
-745.0;-451.0;406.0;?;?;-800.0;-570.0
-747.0;-457.0;400.0;-347.0;-353.0;-802.0;-569.0
-749.0;-461.0;394.0;-356.0;-354.0;-801.0;-570.0
-752.0;?;387.0;-367.0;-354.0;-799.0;-566.0
-756.0;-471.0;377.0;-363.0;-351.0;-799.0;-552.0
-759.0;-472.0;366.0;-350.0;-348.0;-788.0;-540.0
-763.0;-464.0;353.0;-340.0;-345.0;-776.0;-533.0
-768.0;-462.0;338.0;-343.0;-341.0;-781.0;-538.0
-773.0;-463.0;324.0;-344.0;-338.0;-786.0;-540.0
-778.0;-455.0;310.0;-339.0;-335.0;-784.0;-533.0
-783.0;-450.0;295.0;-333.0;-331.0;-782.0;-529.0
-788.0;-447.0;280.0;-335.0;-328.0;-775.0;-525.0
-794.0;-449.0;262.0;-350.0;-324.0;-770.0;-509.0
-799.0;?;241.0;-358.0;-321.0;-760.0;-483.0
-805.0;-454.0;?;-359.0;-318.0;-751.0;-456.0
-809.0;-455.0;186.0;-358.0;-319.0;-749.0;-434.0
-811.0;-451.0;154.0;-350.0;-322.0;-750.0;-413.0
-812.0;-436.0;115.0;-333.0;-324.0;-749.0;-395.0
-813.0;-416.0;70.0;-318.0;-319.0;-740.0;-384.0
-812.0;-400.0;22.0;-307.0;-312.0;-735.0;-377.0
-810.0;-390.0;-26.0;-304.0;-305.0;-733.0;-372.0
-807.0;-381.0;-71.0;-298.0;-301.0;-730.0;-362.0
-803.0;-373.0;-108.0;-287.0;-300.0;-726.0;-349.0
-799.0;-363.0;-139.0;-275.0;-302.0;-727.0;-336.0
-794.0;-353.0;-161.0;-268.0;-304.0;-730.0;-327.0
-789.0;-349.0;-175.0;-261.0;-309.0;-725.0;-318.0
-782.0;-346.0;-181.0;-253.0;-316.0;-717.0;-306.0
-775.0;?;-183.0;-247.0;-327.0;-712.0;-292.0
-765.0;-341.0;-183.0;-236.0;-339.0;-703.0;-275.0
-757.0;-337.0;-184.0;-221.0;-347.0;-690.0;-253.0
-749.0;-324.0;-186.0;-210.0;-350.0;-680.0;-236.0
-742.0;-315.0;-190.0;-214.0;-347.0;-685.0;-226.0
-736.0;-307.0;-196.0;-206.0;-340.0;-681.0;?
-731.0;-296.0;-199.0;-198.0;-333.0;?;-209.0
-727.0;-294.0;-200.0;-199.0;-329.0;-682.0;-205.0
-724.0;?;-200.0;-196.0;-325.0;?;-197.0
-722.0;-287.0;-199.0;-191.0;-322.0;-681.0;-189.0
-722.0;-283.0;-197.0;-188.0;-319.0;-684.0;-184.0
-722.0;-283.0;-194.0;-187.0;-319.0;?;-179.0
-723.0;-286.0;-192.0;-188.0;-317.0;-684.0;-175.0
?;-291.0;-191.0;-191.0;-315.0;-675.0;-168.0
-729.0;-298.0;-189.0;-193.0;-314.0;-676.0;-158.0
-735.0;-302.0;-187.0;-185.0;-313.0;-688.0;-140.0
-742.0;-298.0;-189.0;-181.0;-310.0;-694.0;-135.0
-751.0;-290.0;-195.0;-174.0;-304.0;-696.0;-132.0
-761.0;-284.0;-201.0;-166.0;-298.0;-698.0;-129.0
-769.0;?;-206.0;-161.0;-295.0;-704.0;-126.0
-778.0;?;-209.0;-156.0;-292.0;-709.0;-123.0
-787.0;-257.0;-212.0;-145.0;-286.0;-711.0;-116.0
-794.0;-250.0;-216.0;-132.0;?;-712.0;-110.0
-798.0;-242.0;-221.0;-116.0;-281.0;-707.0;-103.0
-799.0;-232.0;-230.0;-98.0;-280.0;-701.0;-94.0
-798.0;-223.0;-243.0;-84.0;?;-698.0;-87.0
-795.0;?;-257.0;-74.0;-271.0;-695.0;-81.0
-790.0;-211.0;-272.0;-70.0;-266.0;-694.0;-76.0
-784.0;-205.0;-287.0;-71.0;-259.0;-695.0;-71.0
-780.0;-200.0;-299.0;-81.0;-254.0;-700.0;-69.0
-773.0;-197.0;-308.0;-90.0;-252.0;-700.0;-65.0
-765.0;-193.0;-317.0;-92.0;-250.0;-695.0;-58.0
-757.0;-188.0;-327.0;-88.0;-244.0;-689.0;-47.0
-749.0;-183.0;-338.0;-85.0;-238.0;-684.0;-34.0
-740.0;-180.0;-345.0;-85.0;-234.0;-677.0;-21.0
-728.0;-178.0;-349.0;-82.0;-233.0;-669.0;-10.0
-716.0;-180.0;-353.0;-85.0;-227.0;-666.0;4.0
-703.0;-180.0;-360.0;-88.0;-218.0;-662.0;19.0
-690.0;-176.0;-367.0;?;-212.0;-653.0;34.0
-680.0;-170.0;-370.0;-86.0;-207.0;-645.0;45.0
-672.0;-163.0;-371.0;-87.0;-204.0;-639.0;55.0
-663.0;-155.0;-369.0;-87.0;-207.0;-630.0;63.0
-654.0;-147.0;-367.0;-84.0;-213.0;-621.0;72.0
-646.0;-140.0;-368.0;-83.0;-218.0;-616.0;82.0
-639.0;-132.0;-367.0;-81.0;-223.0;-612.0;92.0
-631.0;-123.0;-362.0;-74.0;-229.0;-608.0;?
?;-114.0;-360.0;-66.0;-231.0;-607.0;108.0
-621.0;-106.0;-361.0;-59.0;-225.0;-605.0;113.0
-615.0;-98.0;-371.0;-51.0;-212.0;-605.0;118.0
-610.0;-89.0;-386.0;-43.0;-193.0;-608.0;121.0
-604.0;-83.0;-394.0;-39.0;?;-611.0;124.0
-601.0;-79.0;-400.0;-35.0;-173.0;-612.0;126.0
-600.0;-75.0;-408.0;-31.0;-162.0;-613.0;130.0
-599.0;-73.0;-421.0;-28.0;-148.0;-614.0;133.0
-600.0;-70.0;-430.0;-24.0;-132.0;-615.0;137.0
-602.0;-69.0;-434.0;-19.0;-119.0;-616.0;139.0
-603.0;-70.0;-430.0;-17.0;-112.0;-617.0;139.0
-603.0;-75.0;-425.0;-21.0;-112.0;-619.0;138.0
-603.0;-76.0;-420.0;-22.0;-116.0;?;138.0
-606.0;-78.0;-416.0;-24.0;-123.0;-621.0;138.0
-607.0;-81.0;-426.0;-27.0;-113.0;?;136.0
-605.0;-85.0;-445.0;-28.0;-95.0;-620.0;136.0
-603.0;-88.0;-455.0;-29.0;-83.0;-618.0;?
-600.0;-90.0;-460.0;-29.0;-78.0;-615.0;139.0
-599.0;-92.0;?;-27.0;-77.0;-613.0;141.0
-598.0;-93.0;-459.0;-25.0;-83.0;-612.0;?
-598.0;-94.0;?;-24.0;-86.0;-610.0;145.0
-597.0;-94.0;-458.0;-21.0;-87.0;-609.0;146.0
-595.0;-96.0;-458.0;?;-89.0;-609.0;146.0
-590.0;-102.0;-466.0;-13.0;-90.0;-609.0;148.0
-586.0;-108.0;-482.0;?;-88.0;-613.0;156.0
-581.0;-110.0;-499.0;-1.0;-88.0;-620.0;164.0
-574.0;-111.0;-519.0;8.0;-89.0;-631.0;170.0
-568.0;-112.0;-547.0;22.0;-89.0;-643.0;179.0
-564.0;-118.0;-576.0;39.0;-86.0;-662.0;178.0
-560.0;-132.0;-600.0;54.0;-85.0;-688.0;165.0
-560.0;-156.0;-623.0;68.0;-86.0;-708.0;141.0
-560.0;-192.0;-641.0;65.0;?;-719.0;108.0
-563.0;-230.0;-652.0;57.0;-105.0;?;82.0
-560.0;-262.0;-661.0;50.0;-119.0;-678.0;62.0
-550.0;-280.0;-670.0;33.0;-127.0;-642.0;49.0
-541.0;-286.0;-679.0;12.0;-134.0;-614.0;35.0
-530.0;-287.0;-686.0;-11.0;-148.0;-595.0;29.0
-517.0;-284.0;-689.0;?;?;-577.0;28.0
-505.0;-276.0;-695.0;-38.0;-177.0;-570.0;30.0
-492.0;-268.0;-698.0;-39.0;?;-567.0;32.0
-475.0;-260.0;-701.0;-30.0;-217.0;-559.0;32.0
-456.0;-255.0;-709.0;-19.0;-234.0;-561.0;30.0
-439.0;-247.0;-718.0;-7.0;-248.0;-565.0;28.0
-422.0;-239.0;-728.0;1.0;-261.0;-574.0;24.0
-408.0;-232.0;-737.0;13.0;-271.0;-574.0;23.0
-395.0;-219.0;-745.0;35.0;-279.0;-564.0;31.0
-381.0;-202.0;-753.0;54.0;-285.0;-570.0;39.0
-367.0;-185.0;-761.0;70.0;-286.0;-580.0;43.0
-353.0;-166.0;-771.0;89.0;-284.0;-578.0;45.0
-345.0;-150.0;?;108.0;-281.0;-571.0;45.0
-339.0;-137.0;-787.0;131.0;-275.0;-561.0;48.0
-338.0;-124.0;-790.0;152.0;-264.0;?;52.0
-343.0;-113.0;-789.0;170.0;-250.0;-549.0;57.0
-357.0;-105.0;-785.0;?;-234.0;-544.0;61.0
-382.0;-100.0;-778.0;189.0;-216.0;-543.0;64.0
-419.0;-100.0;-764.0;191.0;-200.0;-541.0;66.0
-468.0;-100.0;-745.0;188.0;-182.0;-538.0;?
-519.0;-102.0;-718.0;181.0;-161.0;-533.0;69.0
-570.0;-105.0;?;171.0;-134.0;-525.0;71.0
-617.0;-106.0;-636.0;158.0;?;-514.0;75.0
-656.0;-106.0;-588.0;?;-106.0;-504.0;80.0
-693.0;-109.0;-536.0;129.0;-95.0;?;87.0
-719.0;-113.0;-489.0;119.0;-78.0;-470.0;97.0
-733.0;-123.0;-448.0;110.0;-69.0;-453.0;107.0
-740.0;-135.0;-415.0;?;-72.0;-438.0;120.0
-742.0;-152.0;-398.0;88.0;-72.0;-425.0;136.0
-744.0;?;-392.0;77.0;-71.0;-413.0;160.0
-742.0;-191.0;-390.0;74.0;-83.0;-393.0;?
-737.0;-211.0;-394.0;92.0;-101.0;?;233.0
-734.0;-225.0;-401.0;117.0;-122.0;-324.0;274.0
-732.0;-227.0;-414.0;139.0;-142.0;-297.0;302.0
-733.0;-222.0;-430.0;152.0;?;-279.0;328.0
-733.0;-217.0;-446.0;153.0;-150.0;-275.0;?
-732.0;-211.0;-462.0;148.0;-151.0;-275.0;377.0
-731.0;-203.0;-478.0;148.0;-146.0;-269.0;395.0
-729.0;-196.0;-499.0;150.0;-133.0;-261.0;410.0
-726.0;-190.0;-521.0;149.0;-114.0;-259.0;425.0
-722.0;-181.0;?;148.0;-99.0;-256.0;439.0
-720.0;?;-558.0;148.0;-87.0;-253.0;454.0
-717.0;-156.0;-569.0;150.0;-76.0;-249.0;465.0
-715.0;-143.0;-579.0;153.0;-67.0;-244.0;476.0
-713.0;-131.0;-588.0;?;-57.0;-237.0;484.0
-710.0;-118.0;-602.0;165.0;-38.0;-228.0;?
-707.0;-107.0;-614.0;174.0;-22.0;-219.0;497.0
-705.0;-99.0;-622.0;183.0;-10.0;-212.0;500.0
?;-92.0;-628.0;189.0;3.0;-210.0;501.0
-700.0;-88.0;-632.0;192.0;17.0;-208.0;498.0
-691.0;-86.0;-640.0;193.0;30.0;-206.0;494.0
-677.0;?;-654.0;192.0;45.0;-204.0;490.0
-667.0;?;-664.0;194.0;55.0;-200.0;?
-656.0;-95.0;-670.0;198.0;55.0;-195.0;487.0
-643.0;-99.0;-675.0;199.0;58.0;-193.0;?
-634.0;?;?;200.0;64.0;-192.0;488.0
-620.0;-104.0;-699.0;199.0;67.0;-191.0;488.0
-609.0;-107.0;-712.0;197.0;62.0;-190.0;490.0
-616.0;-109.0;-710.0;194.0;46.0;-189.0;493.0
-628.0;-113.0;-701.0;190.0;24.0;-188.0;494.0
-637.0;-116.0;-686.0;184.0;1.0;-188.0;496.0
-643.0;-117.0;-661.0;179.0;-34.0;-188.0;499.0
-642.0;-117.0;-645.0;176.0;-47.0;-190.0;503.0
-633.0;-115.0;-651.0;172.0;-25.0;-193.0;505.0
-628.0;-112.0;-661.0;169.0;3.0;-196.0;508.0
-622.0;-111.0;-657.0;169.0;8.0;-198.0;507.0
-618.0;-111.0;-650.0;171.0;8.0;-201.0;504.0
-610.0;?;-647.0;170.0;-2.0;-206.0;498.0
-601.0;-116.0;?;166.0;-21.0;-212.0;490.0
-595.0;-122.0;-636.0;160.0;-36.0;-220.0;480.0
-587.0;-129.0;-636.0;151.0;-45.0;-233.0;467.0
-578.0;-137.0;-640.0;138.0;?;-252.0;451.0
?;-146.0;-643.0;125.0;-51.0;-273.0;430.0
-557.0;-155.0;-649.0;114.0;-50.0;-297.0;402.0
-549.0;?;-659.0;106.0;-46.0;-324.0;368.0
-539.0;-173.0;-664.0;101.0;-49.0;?;332.0
-521.0;-179.0;-665.0;98.0;-57.0;-379.0;290.0
-502.0;-183.0;-672.0;96.0;-59.0;-408.0;248.0
-486.0;-184.0;-683.0;101.0;-60.0;-435.0;204.0
-470.0;-184.0;-693.0;113.0;-62.0;-453.0;161.0
-452.0;-179.0;-705.0;123.0;-68.0;-469.0;121.0
-434.0;-173.0;-719.0;132.0;-77.0;-486.0;84.0
-416.0;-169.0;-733.0;141.0;-91.0;-495.0;50.0
-399.0;-162.0;-746.0;150.0;-106.0;-497.0;26.0
-380.0;-159.0;-759.0;158.0;-122.0;-498.0;5.0
-366.0;-159.0;-773.0;165.0;?;-492.0;-10.0
-358.0;-158.0;-786.0;173.0;-152.0;-486.0;-22.0
-355.0;-158.0;-804.0;180.0;-161.0;-487.0;-32.0
-350.0;-157.0;-815.0;191.0;-168.0;-490.0;-38.0
-348.0;-152.0;-820.0;207.0;-179.0;-480.0;-40.0
-346.0;?;-822.0;223.0;-192.0;-476.0;-39.0
-341.0;-125.0;-825.0;247.0;-195.0;-467.0;-34.0
-334.0;-106.0;-825.0;270.0;-202.0;-463.0;-33.0
-321.0;-87.0;-825.0;293.0;-203.0;-456.0;-32.0
-313.0;-71.0;-827.0;316.0;-202.0;-442.0;-27.0
-302.0;-56.0;-831.0;336.0;-197.0;-429.0;-21.0
-295.0;-43.0;-832.0;353.0;-193.0;-423.0;-14.0
-291.0;-32.0;-830.0;368.0;-191.0;?;?
?;-23.0;-827.0;379.0;-188.0;-412.0;-3.0
-285.0;-14.0;-822.0;390.0;-185.0;-413.0;4.0
-285.0;-3.0;-817.0;402.0;-184.0;-409.0;13.0
-286.0;6.0;-815.0;411.0;-185.0;-406.0;20.0
?;?;-814.0;418.0;-185.0;-404.0;26.0
-291.0;16.0;-812.0;425.0;-183.0;-398.0;34.0
-293.0;20.0;-813.0;432.0;-180.0;-391.0;44.0
-294.0;24.0;-815.0;444.0;-175.0;-379.0;?
-299.0;28.0;-815.0;454.0;-171.0;-369.0;68.0
-310.0;?;-808.0;?;-167.0;-361.0;82.0
-337.0;37.0;-792.0;475.0;-163.0;-357.0;92.0
-378.0;?;-763.0;480.0;-164.0;-357.0;102.0
?;39.0;-727.0;485.0;-168.0;-354.0;111.0
-488.0;40.0;-689.0;490.0;-169.0;-351.0;122.0
-539.0;44.0;-659.0;493.0;-168.0;-351.0;133.0
-586.0;?;?;495.0;-151.0;-353.0;145.0
-632.0;53.0;-628.0;496.0;-118.0;-358.0;158.0
-667.0;62.0;-611.0;495.0;-88.0;-368.0;171.0
-693.0;72.0;-583.0;493.0;-82.0;-373.0;185.0
-706.0;80.0;-549.0;494.0;-100.0;-373.0;205.0
-712.0;89.0;-522.0;497.0;-121.0;-368.0;227.0
-712.0;93.0;-518.0;502.0;-125.0;-359.0;247.0
?;95.0;-528.0;507.0;-111.0;-348.0;267.0
-702.0;95.0;-536.0;514.0;?;-334.0;284.0
-698.0;95.0;-541.0;?;-83.0;-320.0;299.0
-693.0;95.0;-544.0;527.0;-68.0;-307.0;312.0
-692.0;96.0;-545.0;531.0;-57.0;-299.0;324.0
-690.0;97.0;-550.0;532.0;-49.0;-293.0;?
-688.0;96.0;-555.0;530.0;-41.0;-288.0;338.0
?;94.0;-554.0;526.0;-43.0;-285.0;344.0
?;90.0;-548.0;523.0;-51.0;-282.0;348.0
-690.0;85.0;-542.0;521.0;-54.0;?;351.0
-690.0;80.0;-539.0;?;-55.0;-274.0;352.0
-687.0;76.0;-538.0;518.0;?;-272.0;353.0
-685.0;74.0;-536.0;517.0;?;-272.0;354.0
-686.0;74.0;-531.0;517.0;-54.0;-272.0;356.0
-687.0;74.0;-526.0;517.0;-56.0;-273.0;356.0
-687.0;74.0;-522.0;516.0;-62.0;?;356.0
-690.0;73.0;-514.0;515.0;-71.0;-272.0;356.0
-694.0;73.0;-505.0;515.0;-84.0;-272.0;357.0
-696.0;74.0;-494.0;515.0;-104.0;-272.0;359.0
-699.0;75.0;-482.0;515.0;-120.0;-272.0;?
-701.0;76.0;-469.0;?;-136.0;-273.0;361.0
-702.0;77.0;-461.0;516.0;-150.0;-274.0;362.0
-704.0;78.0;-453.0;516.0;-164.0;-275.0;361.0
-705.0;79.0;-447.0;515.0;-178.0;-276.0;360.0
-705.0;78.0;-444.0;514.0;-187.0;-279.0;359.0
-707.0;79.0;-440.0;513.0;-195.0;-282.0;358.0
-710.0;80.0;-435.0;513.0;?;-283.0;357.0
-713.0;81.0;-430.0;512.0;-204.0;?;355.0
-716.0;81.0;-425.0;511.0;-210.0;?;354.0
-720.0;82.0;-420.0;511.0;-215.0;-289.0;353.0
?;84.0;-416.0;511.0;-222.0;-292.0;352.0
-723.0;85.0;-416.0;511.0;-223.0;-295.0;350.0
-725.0;86.0;-419.0;511.0;-217.0;-296.0;348.0
-726.0;86.0;-419.0;513.0;-214.0;-298.0;346.0
-728.0;87.0;-420.0;514.0;-210.0;-300.0;343.0
-732.0;87.0;-419.0;515.0;-206.0;-301.0;340.0
-735.0;87.0;-417.0;516.0;-204.0;-303.0;336.0
-736.0;87.0;-414.0;516.0;-202.0;-305.0;331.0
-734.0;?;?;516.0;?;-308.0;326.0
-729.0;84.0;?;516.0;-189.0;-311.0;321.0
?;83.0;-427.0;516.0;-184.0;-313.0;317.0
-708.0;84.0;-441.0;517.0;-179.0;-314.0;313.0
-691.0;85.0;-458.0;519.0;-173.0;-314.0;311.0
-672.0;88.0;-478.0;523.0;-172.0;-315.0;310.0
-649.0;?;-499.0;528.0;-180.0;-314.0;309.0
-623.0;?;-520.0;534.0;-198.0;-312.0;309.0
-592.0;102.0;-543.0;540.0;-221.0;-309.0;312.0
-556.0;109.0;-569.0;547.0;?;-304.0;316.0
-517.0;116.0;-600.0;556.0;-266.0;-299.0;323.0
-477.0;126.0;-634.0;566.0;-283.0;-290.0;331.0
-439.0;136.0;-669.0;576.0;-292.0;-280.0;340.0
-406.0;147.0;-704.0;586.0;-295.0;-270.0;351.0
-385.0;159.0;-736.0;595.0;-281.0;?;363.0
-379.0;?;-762.0;605.0;-258.0;-252.0;377.0
-384.0;186.0;-776.0;615.0;-228.0;-242.0;393.0
-399.0;202.0;-778.0;624.0;?;-232.0;410.0
-416.0;220.0;-774.0;635.0;-163.0;-220.0;428.0
-430.0;237.0;-762.0;646.0;-142.0;-207.0;446.0
-442.0;?;-753.0;657.0;-132.0;-194.0;465.0
-452.0;269.0;-747.0;669.0;-125.0;-180.0;484.0
-462.0;284.0;-744.0;679.0;-113.0;-168.0;501.0
-471.0;296.0;-750.0;687.0;-94.0;-160.0;517.0
?;307.0;-757.0;692.0;?;-155.0;529.0
-489.0;317.0;-760.0;?;-58.0;-152.0;537.0
-494.0;326.0;-758.0;702.0;-53.0;-149.0;544.0
-498.0;333.0;-755.0;708.0;-54.0;-145.0;549.0
-502.0;339.0;-753.0;715.0;-56.0;-141.0;552.0
-505.0;?;-750.0;719.0;-53.0;-141.0;552.0
-506.0;344.0;-749.0;720.0;-46.0;-145.0;549.0
-503.0;344.0;-751.0;717.0;-33.0;-154.0;543.0
-498.0;343.0;-753.0;713.0;-22.0;-166.0;?
-495.0;340.0;-753.0;709.0;-21.0;-177.0;523.0
-493.0;335.0;-747.0;707.0;-32.0;-186.0;511.0
-491.0;328.0;-741.0;704.0;-47.0;-196.0;498.0
-488.0;321.0;-725.0;700.0;-71.0;-205.0;482.0
-477.0;313.0;-700.0;695.0;-99.0;-217.0;467.0
-465.0;306.0;-677.0;690.0;-119.0;-229.0;452.0
-457.0;299.0;-672.0;685.0;-120.0;-241.0;437.0
-443.0;293.0;-676.0;681.0;-114.0;-250.0;422.0
-426.0;284.0;-676.0;675.0;?;-258.0;408.0
-418.0;274.0;-679.0;668.0;-126.0;?;396.0
-421.0;264.0;-671.0;660.0;-140.0;-273.0;384.0
-427.0;252.0;-636.0;?;-171.0;-280.0;373.0
-442.0;239.0;-608.0;640.0;-193.0;-287.0;362.0
-466.0;226.0;-597.0;628.0;-196.0;-293.0;352.0
-499.0;212.0;-586.0;615.0;-191.0;-301.0;342.0
?;199.0;-576.0;602.0;-192.0;-307.0;333.0
-536.0;184.0;-559.0;589.0;-210.0;-313.0;325.0
-543.0;169.0;-543.0;576.0;-233.0;-316.0;316.0
-554.0;152.0;-534.0;563.0;-243.0;-321.0;306.0
-563.0;138.0;-526.0;550.0;-252.0;-327.0;297.0
-570.0;124.0;?;537.0;-268.0;-333.0;287.0
-577.0;112.0;-499.0;524.0;-288.0;-340.0;278.0
-582.0;100.0;-496.0;?;-298.0;-346.0;268.0
-587.0;90.0;-501.0;503.0;-290.0;-352.0;259.0
-598.0;80.0;-510.0;494.0;?;-357.0;249.0
-614.0;72.0;-513.0;487.0;-255.0;-361.0;240.0
-627.0;66.0;-506.0;482.0;-253.0;?;234.0
-638.0;61.0;-494.0;479.0;-260.0;-367.0;228.0
-652.0;56.0;-486.0;476.0;-256.0;-369.0;221.0
-668.0;52.0;-481.0;472.0;-247.0;?;215.0
-682.0;48.0;-473.0;469.0;-243.0;-375.0;210.0
-693.0;45.0;-461.0;467.0;-246.0;-377.0;207.0
-705.0;43.0;-445.0;464.0;-249.0;-376.0;202.0
-722.0;39.0;?;461.0;-243.0;-374.0;?
-739.0;34.0;-424.0;459.0;-229.0;-372.0;200.0
-757.0;33.0;-411.0;459.0;-215.0;-369.0;202.0
-776.0;32.0;-397.0;459.0;?;-366.0;?
-791.0;32.0;-379.0;460.0;-189.0;-365.0;205.0
-804.0;32.0;-363.0;?;-179.0;-364.0;?
-816.0;34.0;-351.0;462.0;-162.0;?;210.0
-826.0;35.0;-337.0;463.0;-147.0;-363.0;212.0
-833.0;36.0;-321.0;464.0;-142.0;-362.0;215.0
-823.0;39.0;-314.0;?;-154.0;-360.0;219.0
-817.0;43.0;-319.0;470.0;-148.0;-357.0;224.0
-823.0;47.0;?;475.0;-137.0;-353.0;228.0
-830.0;51.0;-299.0;480.0;-127.0;-350.0;232.0
-833.0;56.0;-289.0;?;-133.0;-347.0;236.0
-834.0;65.0;-277.0;492.0;-149.0;-345.0;243.0
-828.0;76.0;-274.0;502.0;-164.0;-342.0;251.0
-829.0;88.0;-275.0;514.0;?;?;260.0
-828.0;103.0;-274.0;527.0;-154.0;-337.0;269.0
?;119.0;-267.0;541.0;-154.0;-333.0;276.0
-829.0;135.0;-256.0;556.0;-163.0;-331.0;284.0
-825.0;151.0;-245.0;570.0;-170.0;-327.0;294.0
-816.0;167.0;-236.0;583.0;-175.0;-321.0;304.0
-805.0;181.0;-239.0;595.0;-172.0;-314.0;317.0
-795.0;195.0;-255.0;608.0;-159.0;-302.0;?
-781.0;207.0;-272.0;620.0;-151.0;-287.0;348.0
-765.0;217.0;-290.0;631.0;-149.0;-270.0;?
-746.0;227.0;-306.0;639.0;-157.0;-256.0;383.0
-724.0;?;-323.0;644.0;-165.0;-244.0;400.0
?;248.0;?;649.0;-164.0;-234.0;418.0
-672.0;258.0;-390.0;654.0;-148.0;-224.0;435.0
-645.0;268.0;-439.0;661.0;-124.0;-214.0;449.0
?;280.0;-489.0;670.0;-99.0;-202.0;462.0
-582.0;295.0;-533.0;680.0;?;-190.0;475.0
-550.0;310.0;-568.0;690.0;-67.0;-179.0;?
-519.0;325.0;-595.0;698.0;-59.0;-172.0;495.0
-487.0;338.0;-620.0;703.0;-54.0;-168.0;500.0
-454.0;352.0;-639.0;706.0;-54.0;-163.0;504.0
-419.0;?;-652.0;710.0;-54.0;-155.0;511.0
-384.0;373.0;-664.0;715.0;?;-146.0;520.0
-352.0;383.0;-677.0;721.0;-46.0;-138.0;529.0
-319.0;394.0;-690.0;729.0;-39.0;-131.0;?
-291.0;406.0;-699.0;736.0;-31.0;-124.0;544.0
-267.0;418.0;-703.0;742.0;-24.0;-117.0;550.0
-247.0;429.0;-702.0;749.0;-20.0;-110.0;557.0
?;438.0;-701.0;756.0;-18.0;-104.0;562.0
-225.0;447.0;-699.0;762.0;-15.0;-98.0;565.0
-217.0;455.0;-698.0;768.0;-12.0;-92.0;569.0
-213.0;462.0;-695.0;774.0;-8.0;-87.0;573.0
-211.0;468.0;-691.0;778.0;-4.0;-83.0;?
-209.0;?;?;782.0;1.0;-81.0;578.0
-207.0;480.0;-683.0;786.0;7.0;-79.0;581.0
-202.0;485.0;-683.0;789.0;14.0;-78.0;583.0
-196.0;489.0;-681.0;?;18.0;?;?
-186.0;491.0;-677.0;796.0;20.0;-71.0;589.0
-174.0;492.0;-671.0;797.0;22.0;-66.0;594.0
-160.0;492.0;-667.0;799.0;26.0;-57.0;601.0
-144.0;488.0;-662.0;800.0;33.0;-47.0;611.0
-121.0;487.0;?;801.0;45.0;-41.0;616.0
-92.0;489.0;-661.0;802.0;57.0;-38.0;621.0
-62.0;496.0;-665.0;806.0;66.0;-36.0;625.0
-33.0;505.0;-669.0;?;74.0;-34.0;629.0
-6.0;514.0;-675.0;815.0;79.0;-29.0;631.0
16.0;520.0;-682.0;818.0;?;-25.0;633.0
?;526.0;-690.0;820.0;77.0;-21.0;635.0
55.0;531.0;-698.0;821.0;73.0;-18.0;636.0
73.0;536.0;-703.0;822.0;69.0;-16.0;639.0
89.0;541.0;-706.0;822.0;65.0;-15.0;642.0
96.0;545.0;-709.0;824.0;61.0;-15.0;645.0
99.0;547.0;-709.0;826.0;57.0;-14.0;648.0
99.0;548.0;-707.0;826.0;54.0;-13.0;650.0
93.0;547.0;-709.0;826.0;53.0;-14.0;652.0
80.0;547.0;-712.0;823.0;53.0;-17.0;651.0
58.0;547.0;-704.0;821.0;61.0;-21.0;649.0
40.0;546.0;-691.0;821.0;69.0;-24.0;644.0
20.0;545.0;-690.0;820.0;?;-26.0;641.0
-2.0;544.0;-693.0;818.0;93.0;-28.0;638.0
-24.0;542.0;-691.0;817.0;110.0;-31.0;636.0
-43.0;538.0;-686.0;?;123.0;-35.0;634.0
-58.0;533.0;-687.0;811.0;130.0;-40.0;633.0
-75.0;527.0;-694.0;807.0;134.0;-47.0;630.0
-94.0;520.0;-701.0;802.0;137.0;-51.0;627.0
-111.0;514.0;-701.0;797.0;139.0;-52.0;626.0
-127.0;507.0;-697.0;793.0;137.0;-50.0;626.0
-141.0;501.0;-694.0;791.0;?;-48.0;628.0
-154.0;496.0;-697.0;792.0;127.0;-46.0;630.0
-163.0;491.0;-704.0;795.0;125.0;-45.0;632.0
-170.0;486.0;-710.0;797.0;124.0;-45.0;633.0
-178.0;482.0;-713.0;797.0;123.0;-45.0;632.0
-187.0;480.0;-711.0;795.0;121.0;-46.0;632.0
-197.0;479.0;-709.0;?;?;-47.0;631.0
-209.0;480.0;-706.0;791.0;118.0;-46.0;632.0
-226.0;480.0;-695.0;792.0;116.0;-44.0;634.0
-245.0;481.0;-678.0;?;116.0;-41.0;637.0
-259.0;481.0;-660.0;796.0;117.0;-38.0;639.0
-270.0;481.0;-648.0;797.0;121.0;-35.0;641.0
-282.0;480.0;-637.0;797.0;125.0;-31.0;?
-284.0;478.0;-626.0;795.0;128.0;-27.0;647.0
?;471.0;-621.0;793.0;135.0;-25.0;650.0
-271.0;463.0;-617.0;790.0;141.0;-25.0;651.0
-263.0;454.0;-611.0;788.0;145.0;-26.0;650.0
?;446.0;-611.0;787.0;146.0;?;649.0
-248.0;440.0;-610.0;787.0;146.0;-24.0;647.0
-240.0;435.0;-613.0;787.0;152.0;-21.0;645.0
-242.0;429.0;-615.0;786.0;161.0;-20.0;642.0
?;424.0;-607.0;783.0;163.0;-17.0;638.0
?;?;-588.0;782.0;160.0;-16.0;636.0
-226.0;416.0;-577.0;779.0;153.0;-15.0;633.0
-197.0;412.0;-588.0;776.0;?;-15.0;630.0
-159.0;406.0;-624.0;774.0;151.0;-17.0;626.0
-125.0;401.0;-665.0;773.0;152.0;-20.0;620.0
-102.0;396.0;-691.0;772.0;?;?;610.0
-80.0;391.0;-693.0;?;126.0;-30.0;598.0
-56.0;388.0;-681.0;772.0;117.0;-35.0;584.0
-31.0;385.0;-681.0;769.0;120.0;-40.0;569.0
-17.0;?;-694.0;765.0;120.0;-45.0;556.0
-14.0;378.0;-704.0;761.0;115.0;-53.0;547.0
-24.0;377.0;-715.0;758.0;111.0;-59.0;540.0
-38.0;376.0;?;756.0;103.0;-63.0;536.0
-43.0;376.0;-708.0;754.0;95.0;-67.0;534.0
-49.0;374.0;-705.0;753.0;89.0;-68.0;534.0
-54.0;374.0;-687.0;751.0;89.0;-71.0;536.0
-54.0;377.0;-663.0;749.0;99.0;-78.0;538.0
-54.0;379.0;-642.0;750.0;108.0;-83.0;541.0
-56.0;381.0;-629.0;752.0;105.0;-88.0;543.0
-54.0;381.0;-628.0;752.0;95.0;-92.0;545.0
?;381.0;-631.0;752.0;83.0;-94.0;549.0
-43.0;384.0;-639.0;753.0;70.0;-93.0;556.0
-40.0;391.0;-652.0;757.0;56.0;-87.0;566.0
-33.0;397.0;-662.0;763.0;42.0;-79.0;577.0
-25.0;403.0;-679.0;769.0;29.0;-68.0;587.0
-21.0;409.0;-695.0;774.0;16.0;-58.0;598.0
-17.0;416.0;-712.0;777.0;2.0;-47.0;?
-17.0;420.0;-740.0;778.0;-13.0;-35.0;622.0
-20.0;421.0;?;779.0;-24.0;-22.0;634.0
-24.0;423.0;-805.0;780.0;-25.0;-8.0;646.0
-32.0;424.0;-836.0;781.0;-19.0;7.0;659.0
-45.0;425.0;-861.0;781.0;-6.0;21.0;672.0
-61.0;426.0;-872.0;780.0;16.0;32.0;685.0
-73.0;427.0;-873.0;778.0;36.0;44.0;696.0
-85.0;428.0;-869.0;778.0;52.0;58.0;708.0
-98.0;430.0;-859.0;779.0;67.0;73.0;719.0
-105.0;432.0;-849.0;779.0;79.0;87.0;730.0
-113.0;434.0;-849.0;778.0;93.0;100.0;740.0
-124.0;436.0;-849.0;778.0;110.0;112.0;749.0
-131.0;438.0;-847.0;776.0;125.0;?;757.0
-137.0;439.0;-850.0;774.0;138.0;131.0;764.0
-145.0;440.0;-850.0;773.0;146.0;139.0;771.0
-148.0;441.0;-847.0;773.0;151.0;147.0;776.0
-151.0;442.0;-848.0;774.0;154.0;153.0;781.0
-158.0;443.0;-846.0;773.0;155.0;159.0;784.0
-163.0;444.0;-841.0;773.0;155.0;164.0;786.0
-164.0;445.0;-840.0;774.0;161.0;168.0;788.0
-164.0;445.0;-845.0;775.0;166.0;172.0;789.0
-163.0;446.0;-849.0;776.0;167.0;176.0;791.0
-161.0;446.0;-853.0;?;165.0;179.0;791.0
-158.0;446.0;-861.0;779.0;164.0;180.0;791.0
-158.0;447.0;-867.0;779.0;165.0;?;791.0
-161.0;448.0;-866.0;780.0;165.0;180.0;790.0
-160.0;448.0;-868.0;781.0;166.0;180.0;789.0
-159.0;448.0;-874.0;781.0;168.0;180.0;788.0
-160.0;448.0;-877.0;781.0;170.0;180.0;788.0
-159.0;448.0;-879.0;781.0;170.0;179.0;787.0
-157.0;448.0;-881.0;781.0;171.0;178.0;?
-156.0;447.0;-880.0;?;173.0;176.0;785.0
-165.0;446.0;-877.0;780.0;173.0;174.0;783.0
-170.0;445.0;-875.0;?;167.0;171.0;781.0
-171.0;444.0;-869.0;779.0;162.0;169.0;779.0
-170.0;444.0;-864.0;778.0;161.0;166.0;778.0
-164.0;443.0;-866.0;777.0;162.0;162.0;776.0
?;442.0;-872.0;776.0;164.0;156.0;773.0
-159.0;442.0;-875.0;772.0;163.0;147.0;769.0
-159.0;441.0;-875.0;765.0;157.0;137.0;764.0
-155.0;442.0;-879.0;757.0;154.0;123.0;?
-146.0;443.0;-885.0;744.0;152.0;105.0;748.0
-136.0;444.0;-892.0;733.0;149.0;86.0;736.0
-127.0;448.0;-900.0;728.0;145.0;69.0;723.0
-120.0;453.0;-906.0;722.0;139.0;56.0;707.0
-116.0;458.0;?;716.0;132.0;43.0;689.0
-113.0;463.0;-911.0;712.0;125.0;31.0;670.0
-114.0;468.0;-912.0;708.0;117.0;20.0;?
-117.0;472.0;-909.0;704.0;108.0;9.0;622.0
-119.0;474.0;-904.0;701.0;99.0;2.0;594.0
-123.0;475.0;-897.0;697.0;95.0;2.0;563.0
-128.0;472.0;-891.0;?;96.0;7.0;531.0
-140.0;468.0;-885.0;684.0;105.0;17.0;500.0
-158.0;?;-877.0;?;119.0;33.0;474.0
-182.0;459.0;-868.0;680.0;136.0;47.0;452.0
-212.0;453.0;-856.0;669.0;156.0;58.0;434.0
-247.0;448.0;-840.0;660.0;177.0;71.0;420.0
-282.0;442.0;-824.0;652.0;194.0;81.0;409.0
-314.0;435.0;?;640.0;206.0;88.0;399.0
-343.0;430.0;-790.0;627.0;211.0;94.0;393.0
-367.0;424.0;-775.0;614.0;?;96.0;386.0
-388.0;415.0;-762.0;606.0;202.0;100.0;383.0
-404.0;407.0;-750.0;?;194.0;104.0;?
-413.0;398.0;?;599.0;186.0;?;377.0
-416.0;391.0;-739.0;594.0;179.0;114.0;375.0
-413.0;385.0;-738.0;590.0;174.0;121.0;375.0
-406.0;374.0;-738.0;599.0;171.0;131.0;374.0
-397.0;371.0;-740.0;602.0;171.0;128.0;377.0
-387.0;371.0;-741.0;592.0;172.0;120.0;375.0
-374.0;369.0;-743.0;587.0;174.0;120.0;372.0
-359.0;368.0;?;583.0;176.0;118.0;370.0
?;370.0;-748.0;576.0;?;115.0;369.0
-329.0;372.0;-751.0;573.0;185.0;113.0;368.0
-314.0;374.0;-754.0;569.0;189.0;107.0;367.0
-299.0;374.0;-758.0;562.0;194.0;?;365.0
-285.0;376.0;-762.0;557.0;200.0;84.0;365.0
-273.0;379.0;-766.0;557.0;207.0;74.0;368.0
-261.0;380.0;-771.0;565.0;213.0;69.0;373.0
-252.0;375.0;-777.0;580.0;217.0;61.0;386.0
-243.0;374.0;-784.0;?;220.0;55.0;409.0
-236.0;?;-792.0;635.0;?;53.0;443.0
-227.0;385.0;-799.0;656.0;222.0;55.0;480.0
-214.0;384.0;-805.0;674.0;225.0;62.0;516.0
-198.0;376.0;-811.0;682.0;230.0;75.0;549.0
-179.0;360.0;-818.0;679.0;238.0;95.0;575.0
-161.0;339.0;-824.0;670.0;246.0;122.0;597.0
-144.0;315.0;-828.0;654.0;251.0;155.0;619.0
-130.0;296.0;-830.0;637.0;254.0;195.0;643.0
-117.0;288.0;-831.0;619.0;254.0;240.0;666.0
-102.0;291.0;-832.0;596.0;255.0;289.0;691.0
-86.0;304.0;-833.0;569.0;257.0;342.0;715.0
-70.0;320.0;-832.0;543.0;259.0;402.0;736.0
-54.0;332.0;-828.0;523.0;261.0;463.0;754.0
-38.0;340.0;-822.0;509.0;266.0;520.0;770.0
-21.0;344.0;-816.0;493.0;272.0;566.0;786.0
-7.0;349.0;-810.0;476.0;281.0;601.0;799.0
?;353.0;-801.0;462.0;293.0;625.0;811.0
3.0;359.0;-798.0;457.0;301.0;?;824.0
4.0;368.0;-803.0;465.0;305.0;657.0;835.0
1.0;381.0;-807.0;?;?;667.0;841.0
-5.0;?;-819.0;501.0;311.0;673.0;843.0
-16.0;414.0;?;518.0;304.0;676.0;842.0
-35.0;432.0;-858.0;536.0;291.0;674.0;839.0
-58.0;450.0;-875.0;554.0;?;668.0;833.0
-82.0;465.0;-886.0;570.0;268.0;656.0;824.0
?;479.0;-893.0;586.0;262.0;?;818.0
?;492.0;-897.0;605.0;254.0;625.0;815.0
-153.0;506.0;-893.0;621.0;248.0;611.0;811.0
-184.0;518.0;?;632.0;242.0;?;805.0
-215.0;528.0;-857.0;641.0;228.0;597.0;801.0
-238.0;535.0;-837.0;649.0;208.0;595.0;797.0
-254.0;540.0;-821.0;655.0;199.0;597.0;795.0
-265.0;543.0;-810.0;660.0;201.0;?;795.0
-269.0;544.0;-809.0;662.0;208.0;601.0;796.0
-275.0;543.0;-809.0;661.0;217.0;605.0;799.0
-282.0;541.0;-801.0;661.0;218.0;608.0;802.0
-292.0;539.0;-792.0;661.0;211.0;610.0;806.0
-298.0;537.0;-785.0;661.0;201.0;614.0;810.0
-295.0;535.0;-781.0;662.0;199.0;617.0;814.0
-287.0;535.0;-780.0;662.0;?;621.0;815.0
-273.0;536.0;-785.0;663.0;218.0;626.0;815.0
-262.0;537.0;-788.0;663.0;228.0;630.0;813.0
-256.0;538.0;-790.0;663.0;235.0;633.0;811.0
-254.0;538.0;-785.0;661.0;242.0;636.0;810.0
-251.0;536.0;-771.0;?;256.0;639.0;811.0
-244.0;536.0;-752.0;646.0;277.0;646.0;812.0
-243.0;536.0;-737.0;639.0;304.0;657.0;814.0
-253.0;530.0;-718.0;637.0;330.0;668.0;?
-262.0;525.0;-697.0;636.0;355.0;679.0;827.0
-267.0;522.0;-681.0;633.0;?;691.0;?
-258.0;520.0;-672.0;626.0;430.0;?;835.0
-222.0;519.0;-680.0;622.0;479.0;717.0;837.0
-163.0;?;-700.0;621.0;522.0;728.0;838.0
?;523.0;-713.0;621.0;550.0;738.0;838.0
-50.0;527.0;-717.0;619.0;569.0;746.0;835.0
21.0;532.0;-726.0;616.0;577.0;755.0;833.0
98.0;537.0;-740.0;614.0;578.0;763.0;829.0
158.0;541.0;-748.0;613.0;573.0;770.0;825.0
201.0;545.0;-747.0;614.0;566.0;776.0;820.0
233.0;550.0;-742.0;615.0;561.0;779.0;814.0
262.0;?;-735.0;?;559.0;780.0;808.0
286.0;558.0;-728.0;621.0;558.0;780.0;801.0
305.0;562.0;-721.0;625.0;559.0;?;?
318.0;566.0;-716.0;629.0;561.0;776.0;784.0
327.0;569.0;-711.0;631.0;563.0;773.0;774.0
329.0;572.0;-702.0;633.0;572.0;771.0;764.0
324.0;577.0;-692.0;634.0;587.0;?;757.0
322.0;581.0;-678.0;633.0;603.0;769.0;752.0
333.0;580.0;-663.0;629.0;619.0;772.0;748.0
360.0;574.0;-652.0;622.0;627.0;?;746.0
396.0;570.0;?;615.0;?;777.0;747.0
430.0;569.0;-629.0;606.0;622.0;779.0;749.0
452.0;570.0;-618.0;592.0;619.0;782.0;749.0
467.0;?;-611.0;578.0;614.0;782.0;747.0
480.0;574.0;-605.0;566.0;608.0;774.0;744.0
?;576.0;-600.0;557.0;599.0;761.0;741.0
512.0;581.0;-600.0;550.0;585.0;744.0;739.0
520.0;590.0;-603.0;548.0;573.0;726.0;736.0
519.0;601.0;-608.0;547.0;565.0;710.0;733.0
513.0;611.0;-613.0;549.0;558.0;697.0;730.0
503.0;618.0;?;558.0;554.0;686.0;730.0
?;622.0;?;575.0;554.0;679.0;739.0
450.0;619.0;?;591.0;554.0;681.0;751.0
422.0;614.0;-649.0;601.0;550.0;689.0;761.0
402.0;606.0;-657.0;610.0;544.0;698.0;774.0
379.0;602.0;-672.0;611.0;536.0;715.0;782.0
363.0;599.0;-679.0;610.0;535.0;728.0;789.0
357.0;596.0;-681.0;614.0;537.0;732.0;795.0
352.0;593.0;-692.0;621.0;528.0;733.0;800.0
340.0;593.0;-703.0;624.0;514.0;734.0;801.0
320.0;595.0;-709.0;623.0;504.0;736.0;800.0
307.0;593.0;-715.0;622.0;488.0;736.0;800.0
299.0;592.0;-725.0;622.0;469.0;733.0;800.0
291.0;590.0;-737.0;620.0;448.0;731.0;799.0
278.0;588.0;-748.0;617.0;428.0;728.0;797.0
259.0;?;?;611.0;412.0;724.0;796.0
236.0;578.0;-770.0;606.0;396.0;718.0;795.0
202.0;572.0;?;601.0;383.0;710.0;796.0
157.0;?;-798.0;598.0;374.0;700.0;796.0
110.0;558.0;-809.0;597.0;375.0;688.0;793.0
62.0;?;-818.0;600.0;386.0;672.0;791.0
12.0;563.0;-823.0;611.0;?;655.0;790.0
-27.0;566.0;-827.0;628.0;425.0;636.0;787.0
?;567.0;?;649.0;442.0;612.0;782.0
-73.0;572.0;?;661.0;461.0;591.0;768.0
-106.0;574.0;-826.0;662.0;477.0;573.0;?
-149.0;570.0;-813.0;661.0;484.0;552.0;736.0
-190.0;561.0;-800.0;658.0;477.0;526.0;725.0
-222.0;554.0;-792.0;652.0;461.0;498.0;715.0
-245.0;550.0;-788.0;650.0;?;469.0;707.0
-263.0;545.0;-786.0;653.0;428.0;441.0;701.0
-277.0;543.0;-783.0;662.0;418.0;417.0;694.0
-288.0;542.0;-779.0;?;414.0;397.0;686.0
-296.0;540.0;-776.0;739.0;416.0;?;681.0
-298.0;536.0;-774.0;801.0;424.0;364.0;676.0
-296.0;539.0;-773.0;836.0;436.0;354.0;675.0
-291.0;531.0;-773.0;831.0;447.0;360.0;674.0
?;513.0;-773.0;804.0;455.0;380.0;676.0
-283.0;502.0;-771.0;773.0;460.0;411.0;687.0
-280.0;493.0;?;737.0;459.0;446.0;?
-272.0;480.0;-776.0;699.0;452.0;476.0;704.0
-254.0;473.0;-787.0;663.0;443.0;493.0;707.0
-232.0;473.0;-799.0;621.0;434.0;498.0;708.0
-211.0;476.0;-811.0;?;426.0;498.0;706.0
-192.0;480.0;-823.0;552.0;?;505.0;?
-174.0;482.0;-835.0;548.0;397.0;516.0;708.0
-160.0;484.0;-844.0;553.0;380.0;524.0;712.0
-148.0;487.0;?;559.0;362.0;526.0;714.0
-139.0;491.0;-855.0;?;345.0;525.0;714.0
-118.0;465.0;-832.0;?;490.0;496.0;751.0
-73.0;469.0;-840.0;636.0;498.0;547.0;771.0
-23.0;476.0;-845.0;646.0;509.0;590.0;782.0
33.0;482.0;-848.0;636.0;513.0;614.0;?
96.0;491.0;-850.0;629.0;509.0;626.0;800.0
?;502.0;-850.0;628.0;499.0;641.0;810.0
208.0;514.0;-848.0;632.0;482.0;656.0;817.0
256.0;527.0;-845.0;?;463.0;671.0;821.0
?;537.0;-841.0;651.0;441.0;680.0;823.0
337.0;545.0;-836.0;658.0;419.0;687.0;822.0
372.0;551.0;-830.0;662.0;395.0;692.0;821.0
405.0;?;-826.0;667.0;366.0;695.0;819.0
431.0;559.0;-823.0;673.0;336.0;694.0;816.0
451.0;562.0;-823.0;679.0;304.0;690.0;?
464.0;570.0;-823.0;684.0;274.0;684.0;807.0
474.0;576.0;-822.0;686.0;250.0;679.0;799.0
486.0;583.0;-817.0;691.0;230.0;672.0;791.0
493.0;?;-815.0;697.0;218.0;664.0;783.0
499.0;597.0;-813.0;?;209.0;658.0;778.0
497.0;600.0;-814.0;702.0;200.0;656.0;?
493.0;603.0;-815.0;698.0;192.0;659.0;778.0
485.0;607.0;-821.0;689.0;182.0;668.0;776.0
476.0;609.0;-826.0;680.0;173.0;679.0;772.0
471.0;611.0;-827.0;668.0;167.0;693.0;768.0
467.0;613.0;-830.0;654.0;162.0;707.0;764.0
459.0;614.0;-839.0;638.0;155.0;?;760.0
448.0;613.0;-850.0;618.0;?;736.0;755.0
?;?;-858.0;602.0;?;746.0;751.0
423.0;597.0;-862.0;585.0;142.0;752.0;747.0
412.0;584.0;-860.0;566.0;147.0;759.0;741.0
404.0;573.0;-856.0;548.0;158.0;766.0;735.0
395.0;566.0;?;535.0;169.0;771.0;732.0
378.0;562.0;-849.0;526.0;180.0;774.0;731.0
?;560.0;-843.0;520.0;189.0;776.0;730.0
353.0;558.0;-844.0;517.0;193.0;778.0;730.0
339.0;556.0;-846.0;516.0;197.0;779.0;731.0
333.0;556.0;-849.0;518.0;200.0;781.0;735.0
331.0;556.0;-856.0;521.0;199.0;782.0;739.0
333.0;555.0;-866.0;526.0;?;784.0;745.0
?;?;-874.0;532.0;182.0;787.0;751.0
351.0;555.0;-877.0;538.0;176.0;788.0;759.0
361.0;554.0;-880.0;545.0;169.0;788.0;768.0
363.0;551.0;-886.0;550.0;?;787.0;776.0
375.0;549.0;-895.0;553.0;141.0;786.0;782.0
395.0;548.0;-901.0;556.0;109.0;784.0;786.0
396.0;546.0;-911.0;560.0;60.0;782.0;790.0
431.0;544.0;-899.0;566.0;18.0;779.0;793.0
455.0;542.0;-887.0;571.0;-25.0;774.0;797.0
486.0;542.0;-870.0;578.0;-61.0;769.0;800.0
494.0;546.0;-864.0;585.0;-75.0;764.0;?
462.0;551.0;-880.0;590.0;-40.0;760.0;801.0
455.0;558.0;-874.0;596.0;-7.0;754.0;799.0
446.0;561.0;-884.0;601.0;-3.0;749.0;798.0
426.0;561.0;-900.0;605.0;-35.0;745.0;799.0
411.0;557.0;-902.0;604.0;-41.0;?;804.0
401.0;554.0;-899.0;598.0;-25.0;750.0;806.0
407.0;551.0;-900.0;591.0;-30.0;757.0;804.0
402.0;546.0;-906.0;587.0;-37.0;765.0;804.0
394.0;540.0;-908.0;583.0;-40.0;772.0;?
393.0;536.0;-907.0;578.0;-46.0;780.0;808.0
396.0;532.0;-906.0;572.0;-54.0;789.0;?
296.0;595.0;-939.0;680.0;-65.0;648.0;781.0
293.0;595.0;-938.0;686.0;-48.0;633.0;777.0
285.0;591.0;-944.0;689.0;-67.0;619.0;773.0
274.0;584.0;-949.0;688.0;-68.0;605.0;771.0
282.0;579.0;-948.0;687.0;-57.0;591.0;770.0
297.0;577.0;-946.0;690.0;-48.0;579.0;769.0
311.0;?;-945.0;695.0;-38.0;570.0;768.0
329.0;?;-941.0;698.0;-33.0;561.0;766.0
354.0;576.0;-934.0;699.0;-30.0;551.0;763.0
368.0;576.0;?;700.0;-26.0;538.0;757.0
359.0;576.0;-933.0;702.0;-14.0;524.0;751.0
361.0;576.0;?;705.0;-5.0;?;744.0
360.0;575.0;-933.0;705.0;-12.0;?;738.0
352.0;571.0;-935.0;702.0;-19.0;477.0;732.0
?;566.0;-937.0;700.0;-22.0;459.0;728.0
334.0;560.0;-941.0;696.0;-22.0;444.0;722.0
317.0;555.0;-947.0;688.0;-23.0;429.0;716.0
313.0;548.0;-949.0;679.0;-20.0;410.0;710.0
314.0;541.0;-949.0;671.0;?;397.0;704.0
300.0;533.0;-954.0;667.0;-10.0;386.0;698.0
299.0;526.0;?;662.0;-5.0;376.0;692.0
289.0;518.0;-957.0;655.0;-4.0;365.0;686.0
?;511.0;-960.0;649.0;-2.0;353.0;680.0
272.0;503.0;-962.0;644.0;-9.0;342.0;675.0
261.0;495.0;-965.0;641.0;-14.0;332.0;671.0
249.0;489.0;-967.0;637.0;-18.0;323.0;667.0
229.0;482.0;-972.0;632.0;-26.0;314.0;?
217.0;476.0;-974.0;627.0;-23.0;308.0;658.0
194.0;472.0;-978.0;?;-18.0;300.0;656.0
173.0;?;-980.0;?;-15.0;292.0;654.0
160.0;464.0;-980.0;617.0;-6.0;?;650.0
135.0;460.0;-982.0;614.0;-8.0;278.0;645.0
101.0;458.0;-984.0;612.0;-17.0;271.0;640.0
?;458.0;-982.0;611.0;-14.0;265.0;635.0
68.0;460.0;-981.0;610.0;-13.0;259.0;632.0
37.0;463.0;-979.0;611.0;-22.0;255.0;629.0
10.0;464.0;-973.0;610.0;-32.0;249.0;627.0
-22.0;?;-968.0;606.0;-50.0;244.0;625.0
-61.0;460.0;-964.0;601.0;-77.0;236.0;620.0
-105.0;451.0;-957.0;592.0;-107.0;228.0;613.0
-130.0;441.0;-951.0;581.0;-122.0;220.0;603.0
?;429.0;-949.0;566.0;-128.0;215.0;592.0
-152.0;418.0;-948.0;549.0;-128.0;210.0;583.0
-158.0;410.0;-949.0;533.0;-126.0;208.0;576.0
-161.0;405.0;-950.0;520.0;-127.0;207.0;568.0
-172.0;401.0;-948.0;506.0;-131.0;208.0;561.0
-180.0;399.0;-947.0;495.0;-138.0;210.0;556.0
-197.0;394.0;-945.0;484.0;-147.0;210.0;553.0
-202.0;389.0;-944.0;474.0;-153.0;208.0;551.0
-210.0;383.0;-941.0;462.0;-159.0;207.0;548.0
-216.0;377.0;-938.0;450.0;?;206.0;546.0
-218.0;372.0;-938.0;440.0;-163.0;207.0;546.0
-221.0;368.0;-939.0;432.0;-161.0;209.0;545.0
-225.0;364.0;?;427.0;-159.0;210.0;546.0
-227.0;363.0;-939.0;?;-158.0;210.0;549.0
-229.0;363.0;-939.0;423.0;-156.0;210.0;551.0
-230.0;363.0;-940.0;422.0;-155.0;209.0;551.0
-231.0;362.0;-939.0;421.0;-156.0;206.0;550.0
-233.0;363.0;-939.0;419.0;-158.0;203.0;547.0
-234.0;365.0;-938.0;414.0;?;198.0;542.0
-235.0;366.0;-937.0;406.0;-166.0;186.0;537.0
-230.0;370.0;-935.0;400.0;-173.0;165.0;530.0
-226.0;380.0;-934.0;401.0;-177.0;143.0;522.0
-222.0;388.0;?;408.0;-180.0;122.0;507.0
-221.0;388.0;-931.0;414.0;-185.0;97.0;492.0
-218.0;?;-930.0;415.0;-191.0;67.0;472.0
-215.0;362.0;-928.0;405.0;-196.0;32.0;442.0
-214.0;336.0;-925.0;384.0;-201.0;-6.0;406.0
-214.0;301.0;-922.0;350.0;-203.0;-48.0;365.0
-207.0;259.0;?;311.0;-201.0;-90.0;326.0
-203.0;221.0;-920.0;275.0;-191.0;-126.0;293.0
-208.0;186.0;-921.0;243.0;-173.0;-156.0;264.0
-217.0;153.0;?;218.0;-151.0;-181.0;240.0
-234.0;122.0;-924.0;199.0;-125.0;-201.0;221.0
-260.0;95.0;-919.0;185.0;-97.0;-216.0;205.0
-293.0;75.0;-907.0;175.0;-67.0;-227.0;192.0
-332.0;56.0;-888.0;166.0;-35.0;-236.0;181.0
-378.0;40.0;-859.0;156.0;-3.0;-243.0;170.0
-426.0;27.0;-822.0;144.0;33.0;-248.0;162.0
-475.0;13.0;-778.0;130.0;72.0;-255.0;155.0
-527.0;0.0;-725.0;117.0;109.0;-262.0;151.0
-582.0;?;-656.0;103.0;137.0;-269.0;147.0
-642.0;-22.0;-572.0;88.0;157.0;-277.0;140.0
-696.0;-35.0;-473.0;70.0;164.0;-287.0;130.0
-739.0;-49.0;-378.0;46.0;154.0;-300.0;118.0
-772.0;-61.0;-291.0;23.0;128.0;-312.0;?
-788.0;-71.0;-232.0;4.0;105.0;-320.0;96.0
-795.0;-79.0;-198.0;-12.0;?;-327.0;85.0
-799.0;?;?;-25.0;63.0;-330.0;73.0
-804.0;-98.0;-143.0;-37.0;31.0;-331.0;58.0
-810.0;-110.0;-114.0;-54.0;-14.0;-337.0;40.0
-815.0;-119.0;-83.0;-74.0;-63.0;-351.0;20.0
-818.0;-128.0;-54.0;-99.0;-110.0;-370.0;1.0
?;-141.0;-30.0;-125.0;-146.0;-391.0;-25.0
-823.0;-157.0;-18.0;-147.0;-172.0;-411.0;-50.0
-824.0;-171.0;-21.0;-164.0;-187.0;-432.0;-65.0
-827.0;-175.0;-31.0;-168.0;-200.0;?;-70.0
-831.0;-175.0;-45.0;-160.0;-214.0;-454.0;-76.0
-834.0;-176.0;-58.0;-149.0;-235.0;-456.0;-88.0
-836.0;-179.0;-68.0;-149.0;-260.0;-468.0;-99.0
-837.0;-186.0;-81.0;-154.0;-281.0;-480.0;-113.0
-839.0;-195.0;-101.0;-159.0;-292.0;?;-127.0
-841.0;-203.0;-130.0;-164.0;-294.0;-482.0;-138.0
-842.0;-212.0;-160.0;-172.0;?;-481.0;-146.0
-842.0;-219.0;-189.0;-183.0;-287.0;-482.0;-151.0
-842.0;-227.0;-215.0;-195.0;-278.0;-483.0;-155.0
-843.0;-235.0;-238.0;-205.0;-267.0;-481.0;-157.0
-842.0;-243.0;-254.0;-213.0;-256.0;-480.0;-158.0
-841.0;-252.0;-262.0;-221.0;-246.0;-477.0;-159.0
-840.0;-260.0;-258.0;-226.0;-237.0;?;-158.0
-838.0;-262.0;-243.0;-230.0;-224.0;-465.0;-154.0
-837.0;-259.0;-218.0;-232.0;-204.0;-456.0;-146.0
-836.0;-259.0;-192.0;-236.0;-172.0;-448.0;-142.0
-830.0;-269.0;-170.0;-241.0;-140.0;-447.0;-141.0
-823.0;-285.0;-152.0;?;-122.0;-460.0;-140.0
-765.0;-101.0;-339.0;176.0;-63.0;-415.0;-6.0
-761.0;-110.0;-353.0;141.0;-59.0;-371.0;-15.0
-755.0;-111.0;-374.0;96.0;-48.0;-327.0;-19.0
-747.0;-115.0;-401.0;?;-36.0;-298.0;-8.0
-738.0;-117.0;-424.0;8.0;?;-279.0;16.0
-726.0;-99.0;-444.0;-10.0;-43.0;-250.0;57.0
-714.0;-75.0;-466.0;0.0;-48.0;-204.0;96.0
-702.0;-51.0;-489.0;21.0;-50.0;-159.0;130.0
-690.0;-31.0;-513.0;40.0;-49.0;-125.0;156.0
-678.0;?;-536.0;48.0;-50.0;-106.0;172.0
-665.0;?;-559.0;?;-53.0;-96.0;183.0
-652.0;2.0;-581.0;50.0;-56.0;-83.0;192.0
-640.0;9.0;-601.0;56.0;-61.0;-68.0;199.0
-628.0;14.0;-619.0;65.0;-67.0;-56.0;206.0
-617.0;18.0;-633.0;77.0;-75.0;-50.0;213.0
-606.0;23.0;-645.0;83.0;-83.0;-53.0;215.0
-597.0;22.0;-656.0;84.0;?;-63.0;?
-590.0;20.0;-664.0;81.0;-83.0;-78.0;206.0
-785.0;-153.0;-407.0;-122.0;-202.0;-403.0;-65.0
-799.0;-181.0;-385.0;-131.0;-213.0;-443.0;-97.0
-810.0;-203.0;-359.0;-137.0;-225.0;-477.0;-129.0
-819.0;-222.0;-329.0;-137.0;-245.0;?;-156.0
-827.0;-226.0;?;-129.0;-268.0;-521.0;-171.0
-834.0;-230.0;-271.0;-119.0;-286.0;-534.0;-185.0
-844.0;-241.0;-248.0;-109.0;-298.0;-545.0;-204.0
-854.0;-251.0;-225.0;-101.0;-311.0;-557.0;-224.0
-861.0;-263.0;-200.0;-100.0;-326.0;-569.0;-246.0
-867.0;?;-175.0;-102.0;-343.0;-581.0;-268.0
-871.0;-287.0;-151.0;-108.0;-358.0;-594.0;-286.0
-875.0;-306.0;-130.0;-116.0;-370.0;-606.0;-306.0
-878.0;-326.0;-110.0;-127.0;-382.0;-618.0;-325.0
-879.0;-346.0;-90.0;-144.0;-393.0;-630.0;-344.0
-881.0;?;-69.0;-167.0;-402.0;-642.0;-362.0
-882.0;-393.0;-48.0;-197.0;-408.0;-656.0;-378.0
-883.0;-411.0;-24.0;-233.0;-414.0;-676.0;-391.0
-881.0;-428.0;5.0;-273.0;-423.0;-693.0;-402.0
-878.0;-442.0;36.0;-311.0;-429.0;-700.0;-415.0
-879.0;-461.0;61.0;-346.0;-427.0;-708.0;-432.0
-885.0;-475.0;73.0;-373.0;-417.0;-718.0;-444.0
-888.0;-486.0;78.0;-388.0;-412.0;-730.0;-449.0
-890.0;-491.0;83.0;-392.0;-410.0;-740.0;-448.0
-893.0;-493.0;88.0;-388.0;-406.0;-740.0;-448.0
-897.0;-495.0;94.0;?;-400.0;-733.0;-452.0
-898.0;-497.0;103.0;-378.0;-400.0;-726.0;-458.0
-895.0;-500.0;114.0;-377.0;-409.0;-724.0;-467.0
-893.0;-505.0;123.0;-378.0;-416.0;-726.0;-477.0
-892.0;-510.0;132.0;-382.0;-416.0;-731.0;?
-890.0;-517.0;144.0;-385.0;-418.0;-735.0;-499.0
-885.0;-524.0;160.0;-389.0;-425.0;-740.0;-510.0
-881.0;-534.0;175.0;-392.0;-429.0;-742.0;-518.0
-876.0;-539.0;191.0;-394.0;-432.0;-745.0;-523.0
-871.0;?;206.0;-399.0;-436.0;-750.0;-528.0
-864.0;-551.0;224.0;-403.0;-441.0;-750.0;-532.0
-856.0;?;241.0;-410.0;-447.0;-751.0;-536.0
-849.0;-568.0;255.0;-419.0;-449.0;-751.0;-535.0
-845.0;-574.0;270.0;-428.0;-445.0;-751.0;-535.0
-842.0;-578.0;280.0;-435.0;-439.0;-754.0;-536.0
-840.0;-578.0;285.0;-438.0;?;-758.0;-535.0
-840.0;-576.0;285.0;-440.0;-430.0;-759.0;-539.0
-839.0;-573.0;286.0;?;-428.0;-760.0;?
-835.0;-575.0;294.0;-447.0;-432.0;-761.0;-560.0
-829.0;-577.0;305.0;-450.0;-439.0;-766.0;-567.0
-822.0;-577.0;322.0;-453.0;-444.0;?;-574.0
-816.0;-577.0;340.0;-456.0;-447.0;-767.0;-583.0
-810.0;-579.0;358.0;-460.0;?;-765.0;-592.0
-803.0;-583.0;378.0;-463.0;-448.0;-764.0;-601.0
-794.0;-587.0;401.0;-467.0;-450.0;-762.0;-611.0
-782.0;-592.0;424.0;-472.0;-452.0;-761.0;-621.0
-771.0;-598.0;447.0;-479.0;-451.0;-761.0;-630.0
-761.0;-603.0;467.0;-485.0;-449.0;-761.0;-638.0
-751.0;-608.0;484.0;-492.0;-449.0;-762.0;-644.0
-743.0;-612.0;496.0;-497.0;-449.0;-765.0;-649.0
-739.0;?;504.0;-500.0;-447.0;-767.0;-654.0
?;-614.0;508.0;-505.0;-441.0;-763.0;-662.0
-744.0;-611.0;511.0;?;-431.0;-762.0;-669.0
-749.0;-612.0;515.0;-517.0;-416.0;-759.0;-680.0
?;-609.0;519.0;-522.0;-400.0;-756.0;-693.0
-758.0;-606.0;525.0;-525.0;-386.0;-752.0;-706.0
-757.0;-606.0;537.0;-530.0;-373.0;-748.0;-717.0
-752.0;-606.0;552.0;-537.0;-359.0;-740.0;-727.0
-744.0;-607.0;569.0;-543.0;-349.0;-732.0;?
-733.0;-608.0;586.0;-548.0;-343.0;-725.0;-742.0
-722.0;-608.0;600.0;-551.0;-340.0;-717.0;-748.0
-710.0;-609.0;614.0;-553.0;-337.0;-709.0;-754.0
-696.0;-609.0;630.0;-555.0;-335.0;-702.0;-758.0
-681.0;?;643.0;?;-335.0;-696.0;-764.0
-666.0;-609.0;657.0;-562.0;-333.0;-689.0;-769.0
-648.0;-609.0;672.0;-567.0;-331.0;-680.0;-772.0
-628.0;-612.0;687.0;-574.0;-330.0;-670.0;-773.0
-609.0;-617.0;700.0;-579.0;-329.0;-656.0;-772.0
-591.0;-621.0;710.0;-589.0;-331.0;-641.0;-770.0
-584.0;-622.0;714.0;?;-330.0;-619.0;-772.0
-582.0;-624.0;718.0;-632.0;-323.0;-592.0;-774.0
-578.0;-627.0;723.0;-652.0;-321.0;?;-775.0
-571.0;-625.0;726.0;-664.0;-325.0;-545.0;-779.0
-560.0;-617.0;729.0;-671.0;-334.0;-523.0;-786.0
-547.0;-607.0;732.0;-675.0;?;-497.0;-793.0
-539.0;-600.0;736.0;-683.0;-350.0;-468.0;-797.0
-535.0;-600.0;739.0;-689.0;-352.0;-439.0;-794.0
-532.0;-605.0;743.0;-684.0;-352.0;-418.0;-785.0
-526.0;-616.0;746.0;-678.0;-353.0;-401.0;-770.0
-520.0;-630.0;750.0;-677.0;-355.0;-387.0;-753.0
-514.0;-644.0;752.0;-677.0;-356.0;-378.0;-736.0
-511.0;-655.0;751.0;-675.0;-358.0;-372.0;-722.0
-515.0;-663.0;748.0;-676.0;?;-369.0;-712.0
-523.0;-667.0;745.0;-681.0;-351.0;-367.0;-706.0
-530.0;-668.0;741.0;-684.0;-350.0;-368.0;-704.0
-535.0;-667.0;737.0;-682.0;-352.0;-374.0;-705.0
-535.0;-663.0;734.0;-681.0;-358.0;-380.0;-708.0
-534.0;-660.0;728.0;-685.0;-369.0;-383.0;-710.0
-534.0;-660.0;726.0;-694.0;-376.0;-388.0;-709.0
-533.0;?;722.0;-709.0;-382.0;-394.0;-706.0
-532.0;-661.0;716.0;-716.0;-392.0;-400.0;?
-531.0;-661.0;709.0;-718.0;-404.0;-407.0;-701.0
-542.0;-658.0;705.0;-723.0;-402.0;-411.0;-699.0
-561.0;-658.0;703.0;-732.0;-386.0;-412.0;-698.0
-568.0;-656.0;699.0;-748.0;-379.0;-409.0;-698.0
-566.0;-655.0;692.0;-765.0;-384.0;-404.0;-697.0
-566.0;-652.0;680.0;-782.0;-393.0;-401.0;-698.0
-575.0;-650.0;669.0;-799.0;-395.0;-402.0;-698.0
-579.0;-647.0;662.0;-803.0;-394.0;?;-699.0
-572.0;-644.0;661.0;-798.0;?;-420.0;-704.0
-555.0;-638.0;662.0;-791.0;-395.0;-434.0;-713.0
-530.0;-629.0;661.0;-782.0;-403.0;-447.0;-722.0
-495.0;-622.0;?;-777.0;-424.0;-458.0;?
-471.0;-619.0;652.0;?;-437.0;-470.0;-731.0
-468.0;-621.0;647.0;-767.0;-442.0;-482.0;?
-479.0;-622.0;647.0;-772.0;-441.0;-487.0;-736.0
-487.0;?;?;-773.0;-445.0;-492.0;-737.0
-486.0;-623.0;641.0;-778.0;-454.0;-495.0;-740.0
-483.0;-625.0;638.0;-781.0;-461.0;-494.0;-742.0
-481.0;-627.0;631.0;-784.0;?;-492.0;-745.0
-486.0;-628.0;620.0;-785.0;-480.0;-488.0;-749.0
-497.0;-629.0;608.0;-789.0;-486.0;-480.0;-753.0
-513.0;-630.0;595.0;-793.0;-489.0;-470.0;-756.0
-529.0;-631.0;585.0;-798.0;-486.0;-455.0;-759.0
-545.0;-632.0;581.0;-800.0;-475.0;-438.0;-761.0
-556.0;?;584.0;-798.0;?;-418.0;-763.0
-558.0;?;592.0;?;-446.0;-396.0;-763.0
-552.0;-637.0;?;-798.0;-435.0;-369.0;-762.0
-541.0;-641.0;613.0;-803.0;-426.0;?;-760.0
-526.0;-648.0;624.0;-810.0;-422.0;-300.0;-753.0
-509.0;-658.0;638.0;-816.0;-416.0;-265.0;-743.0
?;-669.0;646.0;-820.0;?;-231.0;-731.0
-449.0;-679.0;638.0;-823.0;-432.0;-199.0;-720.0
-420.0;-688.0;628.0;-828.0;-445.0;-172.0;-710.0
-398.0;-694.0;627.0;-832.0;-452.0;-153.0;-701.0
-381.0;-697.0;630.0;-832.0;-458.0;-141.0;-694.0
?;-699.0;634.0;-830.0;-461.0;-132.0;-687.0
-357.0;-699.0;644.0;-829.0;-462.0;-123.0;-681.0
-333.0;-699.0;654.0;-829.0;-464.0;-114.0;-675.0
-303.0;-699.0;655.0;-832.0;-469.0;-100.0;-669.0
-271.0;-698.0;651.0;-831.0;-473.0;-81.0;-664.0
-243.0;-696.0;647.0;-828.0;-473.0;-57.0;-656.0
-221.0;-693.0;644.0;-828.0;-467.0;-31.0;-646.0
-205.0;-690.0;641.0;-828.0;-456.0;-7.0;-636.0
-192.0;-687.0;640.0;-828.0;-441.0;15.0;-626.0
-179.0;-682.0;636.0;-835.0;-424.0;34.0;-618.0
-164.0;-678.0;?;?;-407.0;50.0;-609.0
-152.0;-673.0;620.0;-872.0;-389.0;60.0;-602.0
-140.0;-669.0;609.0;-890.0;-370.0;61.0;-596.0
-125.0;-662.0;598.0;-903.0;-351.0;50.0;?
-112.0;-654.0;591.0;-915.0;-328.0;?;-590.0
-103.0;-642.0;595.0;-925.0;-302.0;6.0;-593.0
-96.0;-627.0;599.0;-935.0;?;-13.0;-596.0
-90.0;-613.0;605.0;-940.0;-249.0;-21.0;-594.0
-85.0;-599.0;615.0;-941.0;-227.0;-15.0;-581.0
-83.0;-588.0;625.0;-938.0;-209.0;-3.0;-561.0
-81.0;-574.0;633.0;-932.0;-199.0;10.0;-543.0
-82.0;-560.0;636.0;-927.0;-191.0;9.0;-526.0
-83.0;-544.0;635.0;-923.0;-182.0;-6.0;-515.0
-83.0;-528.0;637.0;?;-173.0;-36.0;-510.0
-82.0;-513.0;646.0;-921.0;-162.0;-63.0;-512.0
-84.0;-500.0;654.0;-914.0;?;-74.0;-519.0
-85.0;-487.0;665.0;-907.0;-139.0;-89.0;-523.0
-81.0;-472.0;678.0;-897.0;-129.0;-105.0;-526.0
-77.0;-458.0;687.0;-887.0;-118.0;-122.0;-525.0
-71.0;-445.0;691.0;-877.0;-107.0;-130.0;-523.0
-64.0;-433.0;692.0;-869.0;-96.0;-134.0;-523.0
-56.0;-426.0;694.0;-864.0;-84.0;-134.0;-524.0
-49.0;-421.0;699.0;-860.0;-68.0;-135.0;-526.0
-35.0;-417.0;714.0;-859.0;-50.0;-134.0;-530.0
-17.0;-418.0;730.0;-856.0;-28.0;-134.0;-534.0
7.0;?;740.0;-856.0;1.0;-134.0;-538.0
35.0;-421.0;746.0;-858.0;28.0;-133.0;-542.0
68.0;-426.0;746.0;-860.0;52.0;-132.0;-546.0
89.0;-431.0;726.0;-862.0;75.0;-127.0;-549.0
88.0;-435.0;688.0;-863.0;96.0;-119.0;-551.0
71.0;-440.0;658.0;-864.0;109.0;-109.0;-553.0
45.0;-444.0;654.0;-865.0;113.0;?;-556.0
10.0;-449.0;662.0;-864.0;110.0;-87.0;-559.0
-33.0;-454.0;685.0;-862.0;97.0;-75.0;-561.0
-76.0;-460.0;712.0;-859.0;78.0;-63.0;-562.0
-118.0;-466.0;735.0;-859.0;54.0;-55.0;-562.0
-155.0;-473.0;752.0;-859.0;25.0;-46.0;-562.0
-185.0;-481.0;767.0;-859.0;-4.0;-39.0;-562.0
-204.0;?;777.0;-861.0;-26.0;-36.0;-562.0
-208.0;-496.0;773.0;-862.0;-41.0;-36.0;-562.0
?;-506.0;757.0;-865.0;-56.0;-42.0;-566.0
-194.0;-515.0;739.0;-872.0;-72.0;-54.0;-571.0
-189.0;-523.0;724.0;-878.0;-91.0;-69.0;-576.0
-184.0;-528.0;713.0;-882.0;-111.0;-83.0;-582.0
-189.0;?;710.0;-884.0;-126.0;-95.0;-590.0
-205.0;-536.0;713.0;?;?;-106.0;-599.0
-220.0;-540.0;711.0;-889.0;-148.0;-117.0;-607.0
-233.0;-542.0;712.0;-892.0;-149.0;-127.0;-615.0
-244.0;-548.0;716.0;-897.0;-150.0;-140.0;-620.0
?;-555.0;712.0;-901.0;-153.0;-154.0;?
-257.0;-562.0;694.0;-904.0;-160.0;-164.0;-637.0
-267.0;?;689.0;-907.0;-167.0;-175.0;-646.0
-272.0;-578.0;681.0;-911.0;?;-185.0;-654.0
-278.0;-585.0;659.0;?;-197.0;-191.0;-660.0
-289.0;-592.0;650.0;-921.0;-218.0;-196.0;-663.0
-301.0;-600.0;647.0;-925.0;-237.0;-199.0;-664.0
-312.0;-608.0;642.0;-929.0;-254.0;-207.0;-665.0
-319.0;-617.0;636.0;-932.0;?;-215.0;-669.0
-322.0;-625.0;?;-934.0;-276.0;-224.0;-674.0
-323.0;-631.0;617.0;-934.0;-291.0;-233.0;-681.0
-333.0;-635.0;612.0;-932.0;-306.0;-241.0;-689.0
-351.0;-638.0;610.0;-931.0;-322.0;-246.0;-696.0
-367.0;-640.0;610.0;-929.0;-340.0;-248.0;-702.0
-379.0;-641.0;604.0;-927.0;-359.0;-250.0;-707.0
-387.0;-642.0;591.0;-925.0;-380.0;-250.0;-712.0
-396.0;-643.0;582.0;-923.0;-396.0;-249.0;-715.0
-405.0;-644.0;578.0;-920.0;-407.0;-249.0;-718.0
?;-645.0;577.0;-917.0;?;-250.0;-720.0
?;?;578.0;-913.0;-420.0;-254.0;-722.0
-403.0;-646.0;577.0;-907.0;-430.0;?;-725.0
-393.0;-644.0;?;-901.0;-434.0;-259.0;-728.0
-373.0;-642.0;584.0;-897.0;-446.0;?;-731.0
-336.0;-639.0;572.0;-892.0;-469.0;-254.0;-731.0
-303.0;-638.0;556.0;-884.0;-489.0;-249.0;-730.0
-282.0;-638.0;552.0;-877.0;-502.0;-243.0;-727.0
-266.0;-637.0;548.0;-865.0;-511.0;-239.0;-725.0
-256.0;-638.0;544.0;-845.0;-516.0;-240.0;-723.0
-254.0;-639.0;546.0;-826.0;?;-244.0;-722.0
-260.0;-640.0;553.0;-815.0;-503.0;-252.0;-722.0
-272.0;-641.0;562.0;-811.0;-490.0;-262.0;-724.0
-285.0;-640.0;572.0;-808.0;-476.0;-272.0;-728.0
-299.0;?;578.0;-806.0;-464.0;-282.0;-734.0
-314.0;-637.0;583.0;-804.0;-453.0;-292.0;-738.0
-333.0;-636.0;588.0;-802.0;-442.0;-300.0;-743.0
-349.0;-636.0;591.0;-798.0;-433.0;-308.0;-746.0
-361.0;-636.0;592.0;-793.0;-427.0;-316.0;-750.0
-368.0;-636.0;590.0;-793.0;-423.0;-323.0;-753.0
-375.0;-636.0;591.0;-794.0;-421.0;-330.0;?
-381.0;-636.0;594.0;-792.0;-417.0;-338.0;-759.0
-383.0;?;597.0;-792.0;-414.0;-346.0;?
-383.0;-637.0;599.0;-796.0;-412.0;-353.0;-761.0
-384.0;-638.0;600.0;-797.0;-412.0;-361.0;-761.0
-385.0;-641.0;604.0;-798.0;-412.0;-371.0;-760.0
-384.0;-644.0;609.0;-800.0;-414.0;-381.0;-759.0
?;-645.0;612.0;-797.0;-418.0;-394.0;-758.0
-382.0;-647.0;617.0;-796.0;-420.0;-406.0;-757.0
-382.0;-650.0;623.0;-797.0;-421.0;-417.0;-755.0
-380.0;-654.0;633.0;-797.0;-421.0;-426.0;-753.0
-376.0;-659.0;645.0;-800.0;-421.0;-434.0;-749.0
-370.0;-666.0;?;-802.0;-424.0;-439.0;-743.0
-368.0;-673.0;660.0;-801.0;-430.0;-448.0;-737.0
-355.0;-680.0;661.0;-799.0;-446.0;-456.0;-731.0
-347.0;-686.0;669.0;-794.0;?;-470.0;-726.0
-339.0;-690.0;683.0;-789.0;-460.0;-487.0;-723.0
-325.0;-692.0;695.0;-782.0;-465.0;-505.0;-721.0
-306.0;-694.0;708.0;-772.0;?;-525.0;-720.0
-280.0;-696.0;718.0;-762.0;-476.0;-546.0;-718.0
-251.0;-697.0;722.0;-751.0;-482.0;-567.0;?
-224.0;-697.0;722.0;-744.0;?;-582.0;-716.0
?;-697.0;723.0;-738.0;-500.0;-592.0;-717.0
-197.0;-696.0;725.0;-733.0;?;-600.0;-717.0
-187.0;-695.0;726.0;-731.0;-508.0;-602.0;-718.0
-188.0;?;726.0;-728.0;-508.0;-604.0;-719.0
-195.0;-690.0;726.0;-724.0;-509.0;-608.0;-721.0
-204.0;-687.0;727.0;-717.0;-510.0;?;-723.0
-216.0;-683.0;729.0;-711.0;?;-624.0;-727.0
-231.0;-678.0;732.0;-704.0;-508.0;-632.0;-731.0
-246.0;-673.0;737.0;-697.0;-504.0;-640.0;-735.0
-258.0;-668.0;740.0;?;-501.0;-646.0;-739.0
-264.0;-664.0;745.0;-689.0;-496.0;-650.0;-743.0
-268.0;-660.0;746.0;-685.0;-494.0;-652.0;-746.0
-274.0;-657.0;745.0;-682.0;-494.0;-653.0;-748.0
-282.0;-655.0;745.0;-678.0;-494.0;-655.0;-750.0
-291.0;-653.0;746.0;-675.0;-495.0;-655.0;-751.0
-293.0;-653.0;744.0;-668.0;-501.0;-657.0;-749.0
-298.0;-654.0;739.0;-659.0;-507.0;-659.0;-746.0
-307.0;-653.0;735.0;-651.0;-510.0;-659.0;-744.0
-322.0;-649.0;733.0;-640.0;-507.0;-656.0;-745.0
-344.0;-640.0;735.0;-633.0;-499.0;-646.0;-749.0
-371.0;?;735.0;-634.0;-492.0;-627.0;-755.0
-394.0;-626.0;735.0;-643.0;-488.0;?;-756.0
-413.0;-627.0;730.0;-661.0;-489.0;-563.0;-755.0
-428.0;-631.0;724.0;-688.0;-494.0;-519.0;-753.0
-439.0;-640.0;716.0;-716.0;-500.0;-471.0;-749.0
-443.0;-654.0;709.0;-742.0;-508.0;-423.0;-739.0
-446.0;-664.0;?;-768.0;?;-377.0;-729.0
-445.0;-671.0;700.0;-794.0;-517.0;-338.0;-721.0
-443.0;-674.0;693.0;-817.0;-524.0;-306.0;-716.0
-443.0;-681.0;686.0;-837.0;?;-286.0;-706.0
-439.0;-689.0;685.0;-860.0;-533.0;-278.0;-693.0
-431.0;-698.0;685.0;-870.0;-537.0;-281.0;-679.0
-429.0;-705.0;686.0;-869.0;-536.0;-289.0;-669.0
-426.0;-708.0;?;-867.0;-534.0;-299.0;-662.0
-419.0;-710.0;685.0;?;-534.0;-308.0;-658.0
-417.0;-709.0;682.0;-868.0;-535.0;-314.0;-659.0
-422.0;-703.0;678.0;?;-535.0;-316.0;-663.0
-427.0;-695.0;673.0;-867.0;-538.0;-314.0;-670.0
-429.0;-688.0;666.0;-867.0;-543.0;-313.0;-674.0
-430.0;-680.0;660.0;-860.0;-550.0;-312.0;-679.0
-433.0;-676.0;653.0;-860.0;-556.0;-316.0;-682.0
-439.0;-672.0;646.0;-860.0;-559.0;-323.0;-687.0
-448.0;-670.0;641.0;?;-562.0;-335.0;-691.0
-458.0;?;636.0;-853.0;-563.0;-346.0;-695.0
-465.0;-668.0;636.0;-851.0;-562.0;-358.0;-700.0
-464.0;-668.0;640.0;-851.0;-560.0;-370.0;-706.0
-464.0;?;645.0;-850.0;-557.0;-381.0;-715.0
-460.0;-658.0;650.0;-846.0;-555.0;-393.0;-720.0
-451.0;-657.0;654.0;-843.0;-558.0;-406.0;-723.0
?;-651.0;656.0;-838.0;-559.0;-416.0;-730.0
-434.0;-643.0;663.0;-833.0;-557.0;-427.0;-736.0
-414.0;-637.0;673.0;-828.0;-554.0;?;-741.0
-387.0;-631.0;684.0;-825.0;-550.0;-450.0;?
-362.0;-627.0;693.0;?;-545.0;-460.0;-751.0
-345.0;?;701.0;-818.0;-539.0;-471.0;-755.0
-335.0;-617.0;710.0;-816.0;-530.0;-480.0;-760.0
-328.0;-610.0;718.0;-813.0;-521.0;-486.0;-765.0
-320.0;-602.0;722.0;-811.0;-516.0;-491.0;-770.0
-313.0;-596.0;722.0;-805.0;-515.0;-498.0;-774.0
-312.0;-590.0;?;-797.0;-521.0;-509.0;-777.0
-320.0;-584.0;699.0;-789.0;-532.0;?;-782.0
-334.0;-576.0;680.0;-782.0;-546.0;-530.0;-789.0
-351.0;-570.0;653.0;-776.0;-566.0;?;-795.0
-370.0;-564.0;621.0;-768.0;-588.0;-542.0;-799.0
-388.0;-559.0;586.0;-758.0;-612.0;-548.0;-802.0
-400.0;?;?;-748.0;-635.0;-556.0;-807.0
-413.0;-549.0;526.0;-740.0;-650.0;-561.0;-812.0
-428.0;-546.0;500.0;-735.0;-666.0;-566.0;-816.0
-450.0;-541.0;481.0;-731.0;-675.0;-567.0;-820.0
?;-537.0;475.0;?;-667.0;-566.0;-824.0
-515.0;-533.0;470.0;-727.0;-657.0;-565.0;?
-530.0;-530.0;464.0;-724.0;-653.0;?;-828.0
-532.0;-525.0;456.0;-721.0;-656.0;-559.0;-830.0
?;-520.0;448.0;-714.0;-659.0;-557.0;-833.0
-540.0;-514.0;450.0;-701.0;-656.0;-557.0;-835.0
-541.0;-511.0;462.0;-673.0;-650.0;-565.0;-835.0
-533.0;-514.0;482.0;-626.0;-643.0;-576.0;-835.0
-521.0;-511.0;499.0;-577.0;-637.0;-576.0;-844.0
-508.0;-497.0;514.0;-547.0;-632.0;-564.0;?
-500.0;-485.0;526.0;-540.0;-625.0;-531.0;-871.0
-496.0;-483.0;538.0;-552.0;?;-485.0;-874.0
-487.0;-491.0;553.0;-570.0;-607.0;-433.0;-868.0
-472.0;-505.0;569.0;-594.0;-599.0;-378.0;-854.0
-456.0;-520.0;584.0;-624.0;-593.0;-323.0;-832.0
-442.0;-531.0;?;-649.0;-587.0;-275.0;-805.0
-433.0;-542.0;612.0;-654.0;-579.0;-238.0;-772.0
-430.0;-554.0;624.0;-657.0;-573.0;-210.0;-737.0
-434.0;-566.0;630.0;-668.0;-568.0;-191.0;-701.0
-444.0;-576.0;638.0;-676.0;-560.0;-183.0;-667.0
-458.0;-587.0;649.0;-670.0;-547.0;-181.0;-639.0
-464.0;-596.0;660.0;-674.0;-536.0;-180.0;-618.0
-456.0;-603.0;676.0;-685.0;-528.0;-181.0;-604.0
-443.0;-603.0;695.0;-691.0;-516.0;-181.0;-595.0
-432.0;-599.0;710.0;-699.0;-504.0;-182.0;?
-432.0;-591.0;?;-708.0;-495.0;-182.0;-592.0
-430.0;-580.0;725.0;?;-490.0;?;-594.0
-422.0;-570.0;732.0;-701.0;-485.0;-182.0;-595.0
-413.0;-560.0;741.0;-699.0;-475.0;-181.0;-594.0
-406.0;-553.0;747.0;-698.0;-466.0;-180.0;-592.0
-399.0;-548.0;753.0;-696.0;-456.0;-178.0;-589.0
-389.0;-545.0;759.0;-698.0;-447.0;-173.0;-585.0
-378.0;?;766.0;-700.0;-440.0;-167.0;-581.0
-369.0;-539.0;770.0;-701.0;-434.0;-158.0;-577.0
-361.0;-539.0;773.0;-701.0;-430.0;-151.0;-572.0
-356.0;-541.0;776.0;-702.0;-426.0;-151.0;-570.0
-350.0;-545.0;779.0;-704.0;-423.0;-153.0;-570.0
-346.0;-543.0;780.0;-701.0;-423.0;-151.0;-571.0
?;-540.0;781.0;-694.0;-423.0;?;-570.0
-345.0;-539.0;781.0;-688.0;-424.0;-145.0;-570.0
-345.0;-540.0;781.0;-687.0;-426.0;-146.0;-569.0
-337.0;-546.0;781.0;-694.0;-428.0;-151.0;-570.0
-336.0;-552.0;781.0;-694.0;-428.0;-149.0;-571.0
-337.0;?;782.0;-689.0;-425.0;-145.0;-570.0
-335.0;-555.0;783.0;-683.0;-424.0;-143.0;-568.0
-333.0;?;784.0;-683.0;-423.0;-145.0;-567.0
-332.0;-561.0;784.0;-688.0;-423.0;-148.0;-567.0
-331.0;-563.0;784.0;-694.0;-425.0;-150.0;?
-332.0;-565.0;780.0;-690.0;-431.0;-140.0;-567.0
-334.0;-563.0;778.0;-687.0;-435.0;-143.0;-566.0
-333.0;-559.0;776.0;?;-439.0;-150.0;-566.0
-334.0;-555.0;774.0;-688.0;-443.0;-145.0;-572.0
-333.0;-547.0;772.0;-697.0;-448.0;-149.0;-579.0
?;-543.0;772.0;-706.0;-449.0;-155.0;-588.0
-338.0;-540.0;773.0;-705.0;-449.0;-153.0;-602.0
-340.0;-536.0;772.0;-707.0;-451.0;?;-618.0
-343.0;-533.0;771.0;-706.0;-454.0;-175.0;-638.0
-344.0;-533.0;770.0;-708.0;-457.0;-185.0;?
-348.0;-529.0;768.0;-713.0;-460.0;-197.0;-677.0
-349.0;-524.0;767.0;-716.0;-463.0;-209.0;-690.0
-345.0;-522.0;765.0;-723.0;-468.0;-224.0;-697.0
-343.0;-519.0;763.0;-733.0;-473.0;-233.0;-702.0
-343.0;-517.0;763.0;-739.0;-476.0;-237.0;-704.0
-341.0;-520.0;764.0;-749.0;-478.0;-239.0;-703.0
-338.0;-523.0;765.0;-753.0;-480.0;-239.0;-698.0
-334.0;-529.0;766.0;-753.0;-481.0;-244.0;-691.0
-333.0;-535.0;767.0;?;-481.0;-250.0;-689.0
-328.0;-542.0;769.0;-736.0;-482.0;-250.0;-686.0
-324.0;-543.0;771.0;-736.0;-480.0;-253.0;-683.0
-320.0;-547.0;774.0;-739.0;-478.0;-256.0;-683.0
-320.0;-550.0;776.0;-735.0;-475.0;-254.0;-680.0
-316.0;-552.0;776.0;-730.0;-475.0;-251.0;-678.0
-312.0;-554.0;777.0;-729.0;-475.0;-252.0;-677.0
-310.0;-554.0;779.0;-727.0;-474.0;-248.0;?
-308.0;-553.0;781.0;-726.0;-473.0;-246.0;-676.0
-306.0;-554.0;782.0;-728.0;-473.0;-247.0;-676.0
-303.0;-554.0;783.0;-729.0;-472.0;-245.0;-676.0
-302.0;-553.0;?;-728.0;-471.0;-243.0;-675.0
-300.0;-553.0;785.0;-729.0;-472.0;-243.0;-675.0
-300.0;-553.0;787.0;-730.0;-468.0;-242.0;-674.0
-297.0;-552.0;789.0;-729.0;-467.0;-240.0;-674.0
-297.0;-552.0;791.0;-730.0;-464.0;-241.0;-675.0
-296.0;-552.0;?;?;-462.0;-239.0;-676.0
-294.0;-551.0;795.0;-730.0;-459.0;-237.0;-676.0
-295.0;-551.0;795.0;-731.0;-457.0;-238.0;-676.0
-291.0;-550.0;796.0;-729.0;-457.0;-237.0;-676.0
-288.0;-548.0;798.0;-727.0;-454.0;-235.0;-676.0
-286.0;-548.0;799.0;-727.0;-453.0;-236.0;-677.0
-285.0;-547.0;801.0;-726.0;-450.0;-234.0;-677.0
-283.0;-545.0;803.0;-726.0;-448.0;-234.0;?
-283.0;-545.0;805.0;-729.0;-443.0;-236.0;-678.0
-282.0;-544.0;807.0;-730.0;-440.0;-235.0;-679.0
-281.0;-542.0;809.0;?;-437.0;-234.0;-679.0
-280.0;-542.0;811.0;-730.0;-433.0;-235.0;-680.0
-278.0;-541.0;813.0;-729.0;-430.0;-234.0;-680.0
-276.0;?;815.0;-727.0;-426.0;-233.0;-681.0
-275.0;-540.0;817.0;-727.0;-422.0;-237.0;-682.0
-273.0;-538.0;819.0;-726.0;-417.0;-237.0;-683.0
-271.0;-537.0;823.0;-726.0;-410.0;-236.0;-683.0
-271.0;-537.0;823.0;-727.0;-410.0;?;-684.0
-272.0;-536.0;824.0;-726.0;-411.0;-238.0;-684.0
?;-534.0;824.0;-725.0;-410.0;-237.0;-685.0
-272.0;-533.0;824.0;-725.0;-409.0;-239.0;-686.0
-271.0;-532.0;826.0;-724.0;-406.0;-239.0;-687.0
-270.0;-531.0;826.0;-724.0;-405.0;-240.0;-688.0
-270.0;-530.0;827.0;-724.0;-404.0;-243.0;-688.0
-269.0;-529.0;829.0;-723.0;-401.0;-242.0;-688.0
-268.0;-529.0;830.0;-722.0;-400.0;-242.0;-689.0
-267.0;?;831.0;-722.0;-398.0;-244.0;-689.0
-266.0;-527.0;?;-721.0;-395.0;-243.0;-690.0
-264.0;-527.0;834.0;-720.0;-392.0;-243.0;-690.0
-262.0;-527.0;837.0;?;-387.0;-246.0;-691.0
-263.0;-526.0;838.0;-719.0;-385.0;-246.0;-692.0
-263.0;-524.0;840.0;-719.0;-381.0;-245.0;-692.0
-262.0;-524.0;842.0;?;-378.0;-247.0;-693.0
-261.0;-523.0;842.0;-721.0;-377.0;-247.0;-693.0
-260.0;-523.0;845.0;-721.0;-374.0;-246.0;-694.0
-258.0;-524.0;846.0;-721.0;-373.0;-248.0;-694.0
-258.0;?;847.0;-721.0;-371.0;-247.0;-695.0
-257.0;-522.0;849.0;-721.0;-368.0;-247.0;-695.0
-259.0;-523.0;850.0;-721.0;-367.0;-250.0;-696.0
-261.0;?;851.0;-721.0;-365.0;-250.0;-695.0
-263.0;-522.0;853.0;-722.0;-363.0;-249.0;-696.0
-261.0;-523.0;854.0;?;-362.0;-250.0;-695.0
-264.0;-523.0;855.0;-722.0;-360.0;-249.0;-695.0
-265.0;-523.0;855.0;-722.0;-359.0;-248.0;-696.0
-261.0;-525.0;858.0;-722.0;-355.0;-251.0;-695.0
-259.0;-525.0;860.0;-721.0;?;-249.0;-695.0
-259.0;?;862.0;-720.0;-350.0;-247.0;-695.0
-254.0;-526.0;865.0;-720.0;-347.0;-249.0;-696.0
?;-525.0;865.0;-719.0;-347.0;-248.0;-696.0
-259.0;-525.0;865.0;-719.0;-348.0;-248.0;-696.0
-255.0;-526.0;866.0;-720.0;-347.0;-251.0;-696.0
-254.0;-526.0;868.0;-720.0;-345.0;-251.0;-696.0
-254.0;-526.0;867.0;-720.0;-345.0;-251.0;-696.0
-249.0;-527.0;867.0;-720.0;-346.0;-253.0;-696.0
-257.0;-527.0;865.0;-720.0;-347.0;-252.0;-696.0
-263.0;-527.0;862.0;-719.0;-348.0;-251.0;-696.0
-259.0;-527.0;864.0;-720.0;-345.0;-253.0;-696.0
-267.0;-527.0;862.0;-720.0;-346.0;-251.0;-695.0
-275.0;-527.0;861.0;?;-347.0;-250.0;-694.0
-269.0;-528.0;863.0;-719.0;-344.0;-252.0;-695.0
-267.0;-528.0;866.0;-719.0;-338.0;-251.0;-694.0
-267.0;-528.0;869.0;-717.0;-331.0;-250.0;?
-254.0;-529.0;877.0;-717.0;-318.0;-252.0;-693.0
-251.0;-529.0;879.0;-717.0;-311.0;-252.0;-692.0
-244.0;-530.0;879.0;-716.0;-313.0;-252.0;-692.0
-230.0;-532.0;878.0;-716.0;-320.0;-253.0;-691.0
-233.0;-532.0;875.0;-716.0;-332.0;-254.0;-690.0
-235.0;-534.0;874.0;-719.0;-338.0;-258.0;-689.0
-226.0;?;873.0;-724.0;?;-261.0;-689.0
-236.0;-539.0;868.0;-724.0;-349.0;-261.0;-687.0
-241.0;-540.0;864.0;-727.0;-357.0;-262.0;-686.0
-237.0;-541.0;858.0;-732.0;-368.0;-265.0;-686.0
-247.0;-541.0;849.0;-732.0;-387.0;-262.0;-685.0
-259.0;-542.0;837.0;-733.0;-407.0;-262.0;-684.0
-263.0;-544.0;827.0;-735.0;-424.0;-264.0;-683.0
-273.0;-544.0;813.0;-735.0;-443.0;-264.0;-682.0
-289.0;?;797.0;?;-462.0;-264.0;-681.0
-301.0;-548.0;783.0;-737.0;-476.0;-266.0;-680.0
-310.0;-550.0;772.0;?;-486.0;-267.0;-679.0
-320.0;-551.0;763.0;-739.0;-492.0;-268.0;-679.0
-333.0;-553.0;755.0;-739.0;-497.0;-269.0;-679.0
-344.0;-553.0;747.0;-740.0;-501.0;-270.0;-679.0
-349.0;-554.0;740.0;-740.0;-504.0;-270.0;-679.0
-356.0;-555.0;734.0;-741.0;-507.0;-271.0;-680.0
-360.0;?;730.0;-741.0;-509.0;-269.0;-681.0
-361.0;-555.0;724.0;?;-516.0;-268.0;-681.0
-356.0;-556.0;727.0;-743.0;-513.0;-268.0;-682.0
-352.0;?;730.0;-744.0;-510.0;-266.0;-681.0
-357.0;-556.0;?;-745.0;-506.0;-264.0;-681.0
-358.0;-557.0;731.0;?;?;-265.0;?
-352.0;-559.0;733.0;-750.0;-500.0;-264.0;-679.0
-350.0;-560.0;736.0;-751.0;-498.0;-263.0;-678.0
-354.0;-561.0;739.0;-752.0;-495.0;-263.0;-677.0
-352.0;-563.0;740.0;-752.0;-493.0;-262.0;-675.0
-351.0;?;742.0;-752.0;-491.0;-262.0;-675.0
-351.0;?;745.0;-752.0;-488.0;-262.0;-674.0
-348.0;-566.0;749.0;-752.0;-484.0;-260.0;?
-347.0;-566.0;752.0;-752.0;-481.0;-258.0;-674.0
-347.0;-566.0;754.0;-753.0;-479.0;-259.0;-673.0
-345.0;-566.0;757.0;-752.0;-476.0;-257.0;-672.0
-343.0;-566.0;762.0;-751.0;-471.0;-256.0;-672.0
-340.0;-567.0;766.0;-749.0;-465.0;-256.0;-671.0
-336.0;-567.0;771.0;-747.0;-459.0;?;-671.0
-333.0;-565.0;774.0;-745.0;-456.0;-251.0;-671.0
-332.0;-563.0;777.0;-744.0;-453.0;-250.0;-671.0
-330.0;-563.0;779.0;-745.0;-449.0;-249.0;-671.0
-329.0;-563.0;781.0;-745.0;-447.0;-249.0;-670.0
?;-564.0;783.0;-746.0;-444.0;-250.0;-670.0
-326.0;-565.0;787.0;-746.0;-439.0;-249.0;-670.0
-323.0;-565.0;790.0;-746.0;-435.0;?;-669.0
-322.0;-565.0;790.0;-747.0;?;-248.0;-670.0
-325.0;-565.0;790.0;-746.0;-434.0;-247.0;-670.0
-324.0;-565.0;791.0;-747.0;-432.0;-246.0;-670.0
-321.0;-566.0;793.0;-748.0;-430.0;-248.0;-670.0
-320.0;-566.0;796.0;-748.0;-426.0;-248.0;-669.0
-316.0;-565.0;797.0;-747.0;-426.0;-247.0;-670.0
-316.0;-565.0;797.0;-747.0;-425.0;-246.0;-671.0
-314.0;-563.0;800.0;-746.0;-422.0;-244.0;-671.0
-311.0;-562.0;801.0;-745.0;-421.0;-243.0;-672.0
-311.0;-561.0;801.0;-745.0;-420.0;-243.0;-673.0
-309.0;-559.0;?;-745.0;-419.0;-242.0;-673.0
-307.0;-558.0;804.0;-744.0;?;-241.0;-674.0
-307.0;-557.0;805.0;?;-415.0;-243.0;-674.0
-306.0;-557.0;806.0;-744.0;-413.0;-242.0;?
-304.0;-556.0;808.0;-743.0;-410.0;-242.0;-675.0
-304.0;-555.0;809.0;-743.0;-408.0;-243.0;-676.0
-304.0;-553.0;811.0;-743.0;-406.0;-243.0;-677.0
-303.0;-552.0;812.0;-743.0;-405.0;-242.0;-677.0
?;-552.0;814.0;-743.0;-402.0;-244.0;-678.0
-300.0;-552.0;816.0;-743.0;-400.0;-244.0;-678.0
-299.0;-552.0;816.0;-743.0;-400.0;-243.0;-678.0
?;-552.0;816.0;-743.0;-401.0;-245.0;-678.0
-301.0;?;816.0;-742.0;-400.0;-244.0;-679.0
-301.0;-551.0;817.0;-741.0;-399.0;-243.0;-679.0
-301.0;-552.0;818.0;-742.0;-399.0;-246.0;-679.0
-299.0;-551.0;818.0;-742.0;-398.0;-246.0;-680.0
-298.0;-550.0;820.0;-742.0;-395.0;-245.0;-680.0
-297.0;-549.0;822.0;-742.0;-392.0;-246.0;-682.0
-296.0;-547.0;824.0;-741.0;-390.0;-245.0;-682.0
-295.0;-546.0;825.0;-740.0;-388.0;-244.0;-681.0
-293.0;-546.0;828.0;-740.0;-384.0;-245.0;-681.0
-292.0;-546.0;829.0;-740.0;-382.0;-245.0;-681.0
-293.0;-546.0;831.0;-739.0;-379.0;-245.0;-681.0
-292.0;-546.0;834.0;-740.0;-377.0;-247.0;-681.0
?;-546.0;835.0;-739.0;-373.0;-246.0;-681.0
-288.0;-545.0;839.0;-738.0;-368.0;-246.0;-681.0
-285.0;-545.0;842.0;-738.0;-366.0;-247.0;?
-287.0;-545.0;844.0;-738.0;-363.0;-245.0;-681.0
-288.0;?;846.0;-738.0;-361.0;-244.0;-681.0
-286.0;-545.0;849.0;-739.0;-356.0;-247.0;-681.0
-284.0;-546.0;850.0;-739.0;-355.0;-246.0;-681.0
-285.0;-546.0;852.0;-739.0;-352.0;-246.0;-681.0
-283.0;-547.0;855.0;-740.0;?;-247.0;-681.0
-286.0;-547.0;856.0;-740.0;-349.0;-245.0;-681.0
-285.0;-547.0;858.0;-740.0;-346.0;-245.0;-682.0
?;-547.0;860.0;-740.0;?;-247.0;-682.0
-279.0;-547.0;861.0;-740.0;-342.0;-246.0;-682.0
-276.0;?;864.0;-740.0;?;-247.0;-682.0
-272.0;-548.0;867.0;-741.0;-336.0;-248.0;-683.0
-281.0;-548.0;864.0;-740.0;-339.0;-248.0;-683.0
-283.0;?;864.0;-740.0;-338.0;-247.0;-683.0
-280.0;-548.0;867.0;-741.0;-336.0;-248.0;-683.0
-291.0;-549.0;864.0;-741.0;-338.0;-247.0;-683.0
-295.0;-549.0;?;-741.0;-338.0;-247.0;-683.0
-289.0;-550.0;865.0;-742.0;-337.0;-249.0;-683.0
-292.0;-550.0;?;-743.0;-338.0;-248.0;-683.0
-294.0;-550.0;864.0;-743.0;-339.0;-248.0;-683.0
-289.0;-551.0;866.0;-745.0;-339.0;-249.0;-684.0
-297.0;-551.0;863.0;-744.0;-341.0;?;-683.0
-295.0;-551.0;864.0;-743.0;-339.0;-248.0;-683.0
-288.0;-552.0;867.0;-744.0;-337.0;-250.0;-684.0
-291.0;-553.0;866.0;-744.0;-337.0;-249.0;-683.0
-290.0;-553.0;867.0;-744.0;-336.0;-249.0;-683.0
-284.0;-554.0;871.0;-745.0;-332.0;-251.0;-683.0
-295.0;-555.0;868.0;-745.0;-334.0;-250.0;-682.0
-300.0;-555.0;868.0;-744.0;-333.0;-249.0;-682.0
-292.0;-555.0;?;-744.0;-325.0;-251.0;-683.0
-301.0;-555.0;875.0;-743.0;-317.0;-249.0;-682.0
-301.0;-555.0;877.0;-742.0;-312.0;?;-682.0
-283.0;-557.0;?;-742.0;-310.0;-251.0;-683.0
-282.0;-558.0;880.0;-743.0;-316.0;-252.0;-684.0
-286.0;-558.0;876.0;-744.0;-324.0;-253.0;-686.0
-282.0;?;876.0;-746.0;-326.0;-255.0;-689.0
-292.0;?;871.0;-748.0;-336.0;-254.0;-692.0
-298.0;-557.0;863.0;-748.0;-349.0;?;-695.0
-300.0;-558.0;858.0;-747.0;-361.0;-252.0;-698.0
-310.0;-561.0;849.0;-742.0;-376.0;-248.0;-699.0
-314.0;-564.0;838.0;-735.0;-395.0;-245.0;-699.0
-315.0;?;828.0;-730.0;-412.0;-242.0;-699.0
-327.0;-579.0;815.0;-725.0;-427.0;-236.0;-698.0
-333.0;-587.0;806.0;-725.0;-439.0;-228.0;-696.0
-330.0;-596.0;803.0;-724.0;-444.0;-217.0;-694.0
-332.0;-604.0;801.0;?;-448.0;-199.0;-687.0
-333.0;-611.0;800.0;-714.0;-449.0;-178.0;-676.0
-329.0;-616.0;801.0;-710.0;-452.0;-157.0;-661.0
-331.0;-621.0;800.0;-700.0;-456.0;-141.0;-639.0
-334.0;-627.0;798.0;-693.0;-460.0;-133.0;-617.0
-331.0;-634.0;797.0;-691.0;-465.0;-126.0;-598.0
-331.0;-641.0;795.0;-698.0;-470.0;-131.0;-581.0
-329.0;-649.0;795.0;-709.0;-473.0;?;-567.0
-325.0;-653.0;796.0;-707.0;-475.0;-136.0;-560.0
-323.0;-655.0;796.0;-713.0;?;-139.0;-557.0
-321.0;?;796.0;-722.0;-477.0;-138.0;-554.0
-318.0;-651.0;796.0;-719.0;-478.0;-123.0;-554.0
?;-648.0;795.0;-715.0;-480.0;-122.0;-554.0
-319.0;-646.0;794.0;-715.0;-480.0;-123.0;-555.0
-316.0;-643.0;794.0;-706.0;-481.0;-110.0;-557.0
-318.0;-639.0;794.0;-701.0;-481.0;-110.0;-559.0
-318.0;-636.0;793.0;-704.0;?;-112.0;?
-316.0;-634.0;794.0;-697.0;-480.0;-98.0;-561.0
-313.0;-633.0;795.0;-691.0;-479.0;-90.0;-560.0
-311.0;-634.0;796.0;-682.0;-478.0;-84.0;-559.0
-310.0;?;797.0;-669.0;-477.0;-81.0;-556.0
-308.0;-636.0;798.0;-662.0;-476.0;-84.0;-555.0
-307.0;-636.0;799.0;-661.0;-475.0;-89.0;-556.0
-305.0;-633.0;801.0;-662.0;-472.0;-95.0;-559.0
-303.0;-627.0;803.0;-657.0;-470.0;-96.0;-565.0
-302.0;-618.0;804.0;-648.0;-468.0;-97.0;-572.0
-302.0;-611.0;805.0;-640.0;-466.0;-102.0;-581.0
-301.0;-608.0;806.0;-631.0;-463.0;-111.0;-591.0
-301.0;-607.0;807.0;-625.0;-459.0;-124.0;-602.0
-300.0;?;808.0;-627.0;-455.0;?;-615.0
-300.0;-606.0;809.0;-630.0;-452.0;-155.0;-627.0
-301.0;-607.0;809.0;-637.0;-448.0;-164.0;-635.0
-301.0;-606.0;810.0;-655.0;-445.0;-170.0;-639.0
-301.0;-605.0;812.0;-676.0;-442.0;-176.0;-637.0
-301.0;-609.0;813.0;?;-439.0;-183.0;-628.0
-301.0;-614.0;814.0;?;-435.0;-188.0;-617.0
-301.0;-619.0;817.0;-712.0;-431.0;?;-609.0
-301.0;?;819.0;-727.0;-428.0;-197.0;-599.0
-300.0;-636.0;821.0;-737.0;-423.0;-205.0;-587.0
-294.0;-637.0;825.0;-729.0;-418.0;-208.0;-577.0
-290.0;-637.0;828.0;-726.0;-411.0;-211.0;-571.0
-289.0;-638.0;829.0;-731.0;-408.0;-216.0;-565.0
-288.0;?;829.0;-731.0;-407.0;-220.0;-560.0
?;-640.0;831.0;-732.0;?;-225.0;-556.0
-287.0;-642.0;833.0;-731.0;-401.0;-233.0;-553.0
-288.0;-642.0;835.0;-735.0;-396.0;-241.0;-552.0
-290.0;-641.0;835.0;-740.0;-393.0;-247.0;-551.0
-292.0;-641.0;835.0;-751.0;-391.0;-254.0;-551.0
?;-642.0;?;-764.0;-390.0;-259.0;-551.0
-290.0;-641.0;835.0;-777.0;-390.0;?;-553.0
-289.0;-640.0;836.0;-780.0;-390.0;-262.0;-555.0
-290.0;-639.0;836.0;-780.0;-388.0;-259.0;-554.0
-289.0;-641.0;837.0;-781.0;-386.0;-253.0;-553.0
-288.0;-642.0;837.0;-778.0;-386.0;-248.0;-551.0
-288.0;-642.0;837.0;-778.0;-387.0;-244.0;-548.0
-287.0;-644.0;836.0;-778.0;-388.0;-242.0;-544.0
-288.0;-646.0;836.0;-778.0;-389.0;-242.0;-540.0
-286.0;?;836.0;-780.0;-391.0;-245.0;-537.0
-285.0;-648.0;837.0;-785.0;-392.0;-251.0;-536.0
-285.0;-649.0;837.0;-791.0;?;-256.0;-535.0
-285.0;-651.0;837.0;-797.0;-393.0;-259.0;-536.0
-286.0;-652.0;836.0;-803.0;-393.0;-264.0;-536.0
-285.0;-652.0;837.0;-811.0;-393.0;-271.0;-536.0
-284.0;-653.0;837.0;?;-394.0;-278.0;-537.0
-284.0;-654.0;837.0;-828.0;-394.0;-281.0;-537.0
-284.0;-656.0;837.0;-836.0;-395.0;-281.0;-539.0
-284.0;-657.0;836.0;?;-396.0;-279.0;-540.0
-283.0;-659.0;836.0;-851.0;-397.0;-274.0;-541.0
-283.0;-660.0;836.0;-853.0;-398.0;-270.0;-542.0
-284.0;-661.0;836.0;-856.0;-399.0;-265.0;?
-283.0;-662.0;836.0;-856.0;-399.0;-263.0;-543.0
-283.0;-662.0;836.0;-853.0;-400.0;-261.0;-545.0
-283.0;-663.0;836.0;-849.0;-400.0;-258.0;-547.0
-284.0;-664.0;836.0;?;-400.0;-256.0;-550.0
-286.0;-665.0;835.0;-839.0;-401.0;-251.0;-555.0
-289.0;-665.0;835.0;-830.0;-401.0;-241.0;-562.0
?;-666.0;835.0;?;-401.0;-232.0;-572.0
-295.0;-666.0;835.0;-810.0;-401.0;-224.0;-586.0
-301.0;-665.0;834.0;-800.0;-403.0;-219.0;-602.0
-307.0;-666.0;833.0;-792.0;-404.0;-219.0;-618.0
-312.0;-665.0;832.0;-786.0;-406.0;-222.0;?
-314.0;-666.0;833.0;-780.0;-408.0;-232.0;?
-319.0;-672.0;833.0;-777.0;-409.0;-245.0;-661.0
-326.0;-677.0;832.0;-773.0;?;-263.0;-678.0
-333.0;-680.0;830.0;-765.0;-414.0;-287.0;-694.0
-338.0;?;828.0;-755.0;?;-311.0;-710.0
-344.0;-673.0;826.0;-744.0;-421.0;-335.0;-725.0
-349.0;-665.0;823.0;?;-424.0;-365.0;-738.0
-352.0;-653.0;822.0;-718.0;-426.0;-395.0;-751.0
-354.0;-643.0;821.0;-708.0;-428.0;-426.0;-759.0
-356.0;-636.0;820.0;-700.0;-430.0;?;-763.0
-358.0;-632.0;818.0;-696.0;-432.0;-478.0;?
-360.0;?;817.0;-696.0;-434.0;-493.0;-763.0
-362.0;-635.0;816.0;-694.0;-436.0;-506.0;-760.0
-364.0;-638.0;814.0;-685.0;-438.0;-524.0;-755.0
-365.0;-640.0;812.0;-675.0;-441.0;-543.0;-752.0
-370.0;-638.0;811.0;-671.0;-440.0;-557.0;-750.0
-373.0;-635.0;811.0;-667.0;-438.0;-572.0;-750.0
-374.0;-633.0;813.0;-661.0;-434.0;-587.0;-747.0
-376.0;-629.0;815.0;-660.0;-428.0;-595.0;-748.0
-378.0;-625.0;819.0;-661.0;-418.0;-594.0;-750.0
-377.0;-626.0;825.0;-655.0;-407.0;-590.0;-750.0
-371.0;-629.0;830.0;-647.0;-399.0;-582.0;-750.0
-364.0;-635.0;835.0;-634.0;-392.0;-572.0;-749.0
-358.0;-639.0;838.0;-618.0;-387.0;-557.0;-751.0
-357.0;-637.0;840.0;-602.0;-380.0;-537.0;-756.0
-354.0;-639.0;843.0;-593.0;-373.0;-516.0;-756.0
-349.0;-640.0;845.0;-600.0;?;-489.0;?
-344.0;-639.0;843.0;-619.0;-369.0;-461.0;-753.0
-342.0;-638.0;839.0;-642.0;-373.0;-434.0;-752.0
-348.0;-637.0;834.0;-668.0;-376.0;-410.0;-749.0
?;-642.0;829.0;-685.0;-381.0;-392.0;-740.0
-372.0;-652.0;824.0;-688.0;-384.0;-381.0;-725.0
-380.0;-668.0;817.0;-679.0;-392.0;?;-706.0
-380.0;-683.0;?;-671.0;-406.0;-380.0;-688.0
-376.0;-697.0;802.0;-660.0;-419.0;-382.0;-673.0
-364.0;-707.0;799.0;-640.0;-431.0;-386.0;-659.0
-348.0;-712.0;796.0;-628.0;-442.0;-391.0;-651.0
-327.0;-716.0;793.0;-616.0;-451.0;-398.0;-646.0
-310.0;-716.0;?;-601.0;-461.0;-409.0;-644.0
?;?;784.0;-594.0;-463.0;-425.0;-645.0
-296.0;-712.0;783.0;-605.0;-457.0;-442.0;-654.0
-297.0;-707.0;784.0;-628.0;-450.0;-453.0;-665.0
-299.0;-703.0;?;?;-443.0;-457.0;-676.0
-303.0;-700.0;781.0;-632.0;-440.0;-459.0;-685.0
-301.0;-694.0;779.0;-625.0;?;-465.0;-696.0
-299.0;-689.0;776.0;-624.0;-441.0;-476.0;-706.0
-295.0;-682.0;773.0;-630.0;-441.0;-483.0;-718.0
-292.0;-674.0;766.0;-627.0;-443.0;-491.0;-729.0
-295.0;-667.0;760.0;-624.0;-445.0;-501.0;-738.0
-305.0;-660.0;754.0;-631.0;-449.0;-506.0;-747.0
-314.0;-653.0;749.0;-640.0;-452.0;-508.0;-755.0
-319.0;-648.0;745.0;-635.0;-456.0;-514.0;-761.0
-320.0;-644.0;740.0;-623.0;-461.0;-521.0;-764.0
-316.0;-640.0;735.0;-618.0;-468.0;-524.0;-768.0
-308.0;-637.0;730.0;-617.0;-476.0;-525.0;-771.0
-300.0;-635.0;722.0;-614.0;-483.0;-526.0;-772.0
?;-633.0;715.0;-610.0;-488.0;-526.0;-774.0
-287.0;-630.0;708.0;-606.0;-494.0;-526.0;-777.0
-290.0;-627.0;703.0;?;-498.0;-525.0;-779.0
-289.0;-623.0;693.0;-602.0;-507.0;-525.0;-782.0
-280.0;-619.0;?;-599.0;-521.0;-523.0;-785.0
-266.0;-615.0;643.0;-593.0;-542.0;-523.0;-789.0
-256.0;-612.0;605.0;-590.0;-562.0;-523.0;-791.0
-263.0;-609.0;569.0;-591.0;-581.0;-522.0;-793.0
-278.0;-607.0;537.0;-594.0;-596.0;-520.0;-795.0
-289.0;-605.0;503.0;-596.0;-613.0;-518.0;-796.0
-302.0;-603.0;470.0;-597.0;-628.0;-516.0;-797.0
-315.0;?;440.0;-601.0;-641.0;-513.0;?
-329.0;-599.0;418.0;-605.0;-646.0;-508.0;-799.0
-343.0;-598.0;?;-603.0;-648.0;-505.0;-800.0
-358.0;-597.0;402.0;-592.0;-647.0;-504.0;-800.0
-367.0;-596.0;396.0;-584.0;-649.0;-500.0;-801.0
-376.0;-594.0;389.0;-582.0;-649.0;-495.0;-802.0
-391.0;-593.0;385.0;-586.0;-647.0;-488.0;-802.0
?;-594.0;384.0;-596.0;-646.0;-478.0;-801.0
-429.0;-596.0;387.0;-602.0;-643.0;-468.0;-799.0
-443.0;-599.0;388.0;-607.0;-643.0;-456.0;-796.0
-452.0;-602.0;387.0;-615.0;-647.0;-444.0;-793.0
-457.0;-607.0;388.0;-623.0;-651.0;-433.0;-789.0
-459.0;-613.0;394.0;-628.0;-651.0;-423.0;-783.0
-462.0;-618.0;400.0;?;-647.0;-414.0;-778.0
-462.0;-621.0;407.0;-634.0;?;-404.0;-775.0
-461.0;-625.0;414.0;-635.0;-648.0;-394.0;-771.0
-459.0;-627.0;422.0;-636.0;-649.0;-384.0;-768.0
-455.0;-630.0;429.0;-639.0;-651.0;-373.0;-765.0
-443.0;-633.0;438.0;-640.0;-656.0;-364.0;-761.0
-424.0;-637.0;445.0;-635.0;-661.0;-363.0;-757.0
-407.0;-641.0;451.0;-631.0;-666.0;-361.0;-754.0
-392.0;-644.0;456.0;-622.0;-671.0;?;-751.0
-386.0;-646.0;?;-620.0;-672.0;-353.0;-750.0
-373.0;-648.0;473.0;-616.0;?;-347.0;-748.0
-356.0;-649.0;476.0;-609.0;-681.0;-342.0;-747.0
-343.0;-649.0;477.0;-607.0;-686.0;-335.0;-746.0
-333.0;-649.0;475.0;-604.0;-692.0;-329.0;-745.0
-330.0;?;476.0;-602.0;-697.0;?;-745.0
-330.0;-648.0;477.0;-606.0;-702.0;-314.0;-744.0
-336.0;-648.0;478.0;-613.0;-704.0;-309.0;-743.0
-348.0;-648.0;481.0;-614.0;-705.0;-306.0;-742.0
?;-648.0;480.0;-614.0;-709.0;-304.0;-742.0
-367.0;-647.0;486.0;-614.0;-704.0;-303.0;-742.0
-381.0;-646.0;496.0;?;-695.0;-302.0;-743.0
-398.0;-644.0;501.0;-617.0;-686.0;-300.0;-744.0
-417.0;-642.0;510.0;-619.0;-676.0;-295.0;-745.0
-430.0;-639.0;512.0;-620.0;-668.0;-288.0;-747.0
-442.0;-636.0;508.0;-625.0;-663.0;-282.0;-749.0
-453.0;-633.0;504.0;-628.0;?;-276.0;-750.0
-465.0;-632.0;502.0;-630.0;-656.0;-270.0;-751.0
-472.0;-631.0;502.0;-635.0;-654.0;-263.0;-752.0
-459.0;-630.0;497.0;-635.0;-664.0;-256.0;-753.0
-437.0;-629.0;490.0;-636.0;-681.0;-246.0;-753.0
-419.0;-628.0;487.0;-638.0;-688.0;-238.0;-753.0
-408.0;-627.0;490.0;-636.0;-687.0;-230.0;-752.0
-391.0;?;488.0;-629.0;-692.0;-228.0;-751.0
-384.0;-627.0;485.0;-628.0;-695.0;-229.0;-751.0
-380.0;-627.0;481.0;-633.0;-700.0;-232.0;-752.0
-376.0;-626.0;480.0;-639.0;-705.0;-236.0;-754.0
?;?;485.0;-644.0;-704.0;-238.0;-756.0
-375.0;-623.0;488.0;-653.0;-704.0;-238.0;-759.0
-380.0;-620.0;489.0;-671.0;-701.0;-238.0;-762.0
-390.0;-617.0;494.0;-701.0;-692.0;-235.0;-765.0
-397.0;-614.0;499.0;-727.0;-682.0;-230.0;-768.0
-400.0;-612.0;504.0;-742.0;-674.0;-225.0;-769.0
-402.0;-613.0;507.0;-739.0;-667.0;-227.0;-768.0
-406.0;?;509.0;-737.0;-660.0;-228.0;-768.0
-409.0;-615.0;509.0;-739.0;-658.0;-227.0;-769.0
-417.0;-614.0;509.0;-741.0;-655.0;-223.0;-770.0
-426.0;-613.0;513.0;-742.0;-650.0;-220.0;-770.0
-430.0;-612.0;?;-739.0;-648.0;-219.0;-770.0
-437.0;-613.0;518.0;-730.0;-643.0;-223.0;-770.0
-446.0;-612.0;522.0;-713.0;-636.0;-229.0;-772.0
-449.0;-611.0;522.0;-696.0;-632.0;-236.0;-776.0
-444.0;-610.0;517.0;-683.0;-634.0;-241.0;-781.0
?;-609.0;507.0;-675.0;-637.0;-255.0;-786.0
-440.0;-603.0;499.0;?;-634.0;-269.0;-794.0
-444.0;-595.0;495.0;-675.0;-631.0;-287.0;-802.0
-449.0;-590.0;493.0;-663.0;-625.0;-309.0;-807.0
-455.0;-587.0;491.0;-642.0;-619.0;-338.0;-808.0
-462.0;-583.0;491.0;-626.0;-612.0;-369.0;-808.0
-469.0;-582.0;491.0;-607.0;-605.0;-399.0;-806.0
-475.0;-587.0;492.0;-568.0;-598.0;-450.0;-803.0
-480.0;-593.0;492.0;-569.0;-595.0;-474.0;-801.0
-485.0;-583.0;?;-621.0;-595.0;?;-807.0
-492.0;-579.0;?;-691.0;-594.0;-434.0;-810.0
-501.0;-586.0;489.0;-738.0;-595.0;-412.0;-808.0
-508.0;-597.0;487.0;-758.0;-597.0;-405.0;-801.0
?;-607.0;485.0;-768.0;-600.0;-405.0;-795.0
-515.0;-618.0;486.0;-777.0;-603.0;-410.0;-786.0
-511.0;-627.0;486.0;-787.0;-608.0;-413.0;-778.0
?;-629.0;484.0;-795.0;-611.0;-417.0;-776.0
-514.0;-629.0;485.0;-801.0;-612.0;-423.0;-776.0
-518.0;-630.0;486.0;-807.0;-612.0;-428.0;-774.0
-523.0;-632.0;485.0;-813.0;-613.0;-428.0;-772.0
-527.0;-633.0;484.0;-817.0;-616.0;-429.0;-770.0
-519.0;-635.0;493.0;?;-619.0;-432.0;-767.0
-487.0;-636.0;510.0;-812.0;-629.0;-438.0;-763.0
-443.0;-636.0;527.0;-804.0;-637.0;-444.0;-761.0
-404.0;-632.0;551.0;-795.0;-634.0;-450.0;-762.0
-379.0;-628.0;579.0;-785.0;-622.0;-456.0;-763.0
?;-625.0;606.0;-773.0;-607.0;-462.0;-763.0
-352.0;-621.0;626.0;-760.0;?;-470.0;-765.0
-351.0;-618.0;?;-749.0;-584.0;-476.0;-767.0
-356.0;-617.0;646.0;-740.0;-571.0;-478.0;-768.0
-368.0;-616.0;641.0;-733.0;-562.0;-482.0;-770.0
-391.0;-616.0;623.0;-731.0;-556.0;-487.0;?
-422.0;-616.0;597.0;-733.0;-554.0;-484.0;-774.0
-456.0;-616.0;568.0;?;-554.0;-475.0;-776.0
-489.0;-617.0;?;-750.0;-554.0;-463.0;-776.0
-525.0;-621.0;523.0;-762.0;-548.0;-449.0;-775.0
-549.0;-624.0;515.0;-776.0;-546.0;-430.0;-774.0
-552.0;-628.0;510.0;-790.0;-556.0;-409.0;-772.0
?;-634.0;?;-805.0;-581.0;-385.0;-768.0
-494.0;-641.0;492.0;?;-609.0;-358.0;-764.0
-452.0;-649.0;479.0;-837.0;-634.0;-335.0;-758.0
-413.0;-656.0;462.0;?;-655.0;-314.0;-752.0
-394.0;-662.0;450.0;-865.0;-666.0;-294.0;-748.0
-391.0;-666.0;444.0;-878.0;-670.0;-279.0;?
-384.0;-668.0;?;-891.0;-678.0;-268.0;-743.0
-374.0;-670.0;428.0;-900.0;?;?;-740.0
-363.0;-673.0;436.0;-902.0;?;-264.0;-736.0
-354.0;-674.0;440.0;-904.0;-684.0;?;-735.0
-353.0;-675.0;444.0;-906.0;-681.0;?;-734.0
-352.0;-678.0;451.0;-908.0;-678.0;-261.0;-731.0
-346.0;-680.0;458.0;-908.0;-676.0;-260.0;-728.0
-339.0;-683.0;?;-904.0;-674.0;-269.0;-725.0
-334.0;-683.0;468.0;-899.0;-670.0;-280.0;-725.0
-332.0;-681.0;474.0;-902.0;-667.0;-281.0;-726.0
?;-682.0;477.0;-905.0;-667.0;-281.0;-726.0
-323.0;-682.0;482.0;-909.0;-668.0;-281.0;-725.0
-322.0;-682.0;489.0;-911.0;-668.0;-284.0;-724.0
-330.0;-683.0;503.0;-912.0;-661.0;-286.0;-722.0
-335.0;-685.0;523.0;-908.0;-650.0;-298.0;-719.0
-342.0;-686.0;545.0;-905.0;-636.0;-307.0;-719.0
-356.0;-688.0;573.0;-901.0;-619.0;-317.0;-717.0
-368.0;-690.0;595.0;-898.0;-610.0;-329.0;-715.0
-372.0;-690.0;610.0;-895.0;-610.0;-345.0;-716.0
-368.0;-691.0;618.0;-889.0;-615.0;-364.0;-715.0
-352.0;-692.0;615.0;-884.0;-628.0;-384.0;-712.0
-340.0;-694.0;615.0;-878.0;?;-402.0;-709.0
-330.0;-698.0;618.0;?;-643.0;-418.0;-705.0
-314.0;-703.0;621.0;-869.0;?;-429.0;?
-304.0;-707.0;622.0;-868.0;-647.0;-433.0;-694.0
-306.0;-711.0;622.0;-866.0;-647.0;-435.0;-689.0
-318.0;-715.0;?;-865.0;-645.0;-435.0;-685.0
-344.0;-717.0;618.0;-863.0;-642.0;-437.0;-682.0
-376.0;-717.0;614.0;-860.0;-636.0;-440.0;-680.0
-404.0;-716.0;613.0;-858.0;-631.0;-444.0;-678.0
-425.0;-715.0;614.0;-856.0;-625.0;?;-677.0
-435.0;-714.0;619.0;-853.0;-619.0;-456.0;-676.0
-439.0;-714.0;628.0;-850.0;-613.0;-462.0;-675.0
-439.0;-714.0;638.0;-847.0;-607.0;-468.0;-675.0
?;-713.0;649.0;-845.0;-602.0;-475.0;-676.0
-436.0;-710.0;660.0;-844.0;-597.0;-481.0;-676.0
-426.0;-707.0;668.0;-841.0;-599.0;?;-674.0
-418.0;-706.0;673.0;-842.0;-600.0;-487.0;-672.0
-422.0;-710.0;675.0;-852.0;-595.0;-474.0;-671.0
-424.0;-717.0;675.0;-859.0;-595.0;-458.0;-666.0
-425.0;-724.0;677.0;-867.0;-591.0;-441.0;-662.0
-418.0;-727.0;686.0;-872.0;-586.0;-427.0;?
-409.0;-729.0;694.0;-874.0;-581.0;-419.0;-651.0
?;-729.0;703.0;-871.0;-577.0;-411.0;-648.0
-393.0;-729.0;711.0;-863.0;-572.0;?;-647.0
-387.0;-727.0;719.0;-858.0;-566.0;-393.0;-651.0
-382.0;-724.0;727.0;-850.0;-560.0;-381.0;-660.0
-378.0;-717.0;734.0;-838.0;-554.0;-373.0;?
-373.0;-707.0;742.0;-830.0;-547.0;-365.0;-688.0
-355.0;-695.0;?;-822.0;-540.0;-363.0;-705.0
-326.0;-684.0;769.0;-816.0;-536.0;?;-720.0
-296.0;-674.0;782.0;-817.0;-530.0;-376.0;-733.0
-266.0;-667.0;792.0;-810.0;-527.0;-391.0;-743.0
-234.0;-661.0;800.0;-798.0;-524.0;-416.0;-750.0
?;-654.0;805.0;?;-523.0;-447.0;-756.0
-191.0;-647.0;807.0;-769.0;-522.0;-488.0;-760.0
-180.0;-641.0;807.0;-742.0;-528.0;-538.0;-761.0
-183.0;-628.0;801.0;?;-542.0;-595.0;-763.0
-204.0;-600.0;792.0;-671.0;-558.0;-645.0;-775.0
-243.0;-566.0;780.0;-648.0;-569.0;-684.0;-791.0
-291.0;?;769.0;-629.0;-568.0;-715.0;-796.0
?;-542.0;756.0;?;-560.0;-739.0;-794.0
-382.0;-540.0;745.0;-599.0;-547.0;-758.0;-789.0
-412.0;-541.0;741.0;-585.0;-531.0;-774.0;-780.0
-424.0;-545.0;740.0;-572.0;-522.0;-788.0;?
-428.0;-552.0;738.0;-560.0;-521.0;-800.0;-764.0
-433.0;-557.0;738.0;-554.0;-517.0;-806.0;-756.0
-419.0;-562.0;746.0;-557.0;?;-805.0;-754.0
-409.0;-567.0;751.0;-569.0;-514.0;-801.0;-757.0
-400.0;-571.0;756.0;-591.0;-511.0;-792.0;-762.0
-383.0;-575.0;?;-612.0;-508.0;-779.0;-765.0
-373.0;-581.0;772.0;?;-505.0;-766.0;-765.0
-360.0;-588.0;778.0;-636.0;-501.0;-756.0;-765.0
-350.0;-595.0;784.0;-638.0;-495.0;-749.0;-764.0
-340.0;-600.0;791.0;-639.0;-489.0;-745.0;-765.0
-329.0;-603.0;797.0;-638.0;-482.0;-741.0;-768.0
-316.0;-603.0;803.0;-637.0;-476.0;-737.0;-772.0
-304.0;-599.0;805.0;-635.0;-471.0;-734.0;-780.0
-289.0;-594.0;812.0;-630.0;-465.0;-733.0;-787.0
-264.0;-590.0;818.0;-625.0;-462.0;-734.0;-794.0
-229.0;-584.0;823.0;-621.0;-461.0;-733.0;-801.0
?;-579.0;826.0;-617.0;-460.0;-732.0;-808.0
-167.0;-573.0;827.0;-615.0;-462.0;-728.0;-814.0
-148.0;?;828.0;-617.0;-465.0;-719.0;-817.0
-137.0;-567.0;832.0;-622.0;-467.0;-708.0;-820.0
?;-567.0;839.0;-625.0;-467.0;-698.0;-821.0
-122.0;-569.0;847.0;-627.0;-463.0;-689.0;-821.0
-111.0;-569.0;852.0;-628.0;-456.0;-679.0;-821.0
-94.0;-569.0;?;-631.0;-444.0;-666.0;-819.0
-76.0;-570.0;858.0;-634.0;-432.0;-651.0;-817.0
-59.0;?;862.0;-637.0;-417.0;-634.0;-813.0
-43.0;-570.0;866.0;-642.0;-403.0;-616.0;?
-28.0;-567.0;868.0;-646.0;-391.0;-596.0;-808.0
-13.0;-563.0;868.0;-651.0;-382.0;-574.0;-806.0
-2.0;-559.0;869.0;-653.0;-371.0;-552.0;?
5.0;-554.0;869.0;-654.0;-361.0;-529.0;-800.0
9.0;-550.0;868.0;-653.0;-351.0;-507.0;-797.0
11.0;-546.0;868.0;-652.0;-342.0;-486.0;-794.0
13.0;-542.0;870.0;-653.0;-330.0;-467.0;-792.0
11.0;-539.0;?;-652.0;-317.0;-449.0;-789.0
?;-538.0;863.0;-644.0;-303.0;-437.0;-786.0
9.0;-534.0;860.0;-638.0;-286.0;-427.0;-785.0
6.0;-531.0;855.0;-634.0;-266.0;-419.0;-784.0
-1.0;-528.0;851.0;-625.0;-246.0;?;-784.0
-14.0;-523.0;848.0;-615.0;-228.0;-416.0;-786.0
-29.0;-516.0;847.0;-609.0;-212.0;-417.0;-790.0
-46.0;-509.0;846.0;-602.0;-200.0;-416.0;-792.0
-65.0;-502.0;848.0;-592.0;-192.0;-413.0;-796.0
-79.0;-495.0;851.0;-584.0;-189.0;-407.0;-800.0
-85.0;-490.0;854.0;-580.0;-189.0;-398.0;-802.0
-81.0;-485.0;853.0;-580.0;-191.0;?;-803.0
-73.0;-479.0;847.0;-582.0;-197.0;-368.0;-804.0
-64.0;-473.0;835.0;-582.0;-211.0;-338.0;-804.0
-54.0;-472.0;818.0;-580.0;-228.0;-298.0;-798.0
-47.0;-476.0;804.0;-577.0;-244.0;?;-788.0
?;-476.0;802.0;-575.0;-260.0;-205.0;-777.0
-36.0;-475.0;807.0;-570.0;-275.0;-154.0;-765.0
-28.0;-473.0;808.0;-566.0;-288.0;-107.0;-751.0
-17.0;-469.0;808.0;-562.0;-297.0;-65.0;-736.0
-3.0;-462.0;806.0;?;-301.0;-28.0;-722.0
?;-457.0;807.0;-542.0;?;7.0;-707.0
23.0;-453.0;808.0;-530.0;-299.0;37.0;-689.0
33.0;-450.0;811.0;-520.0;-297.0;59.0;-672.0
41.0;-446.0;812.0;-514.0;-297.0;76.0;-657.0
43.0;-443.0;813.0;-506.0;-296.0;89.0;-641.0
40.0;-439.0;?;-494.0;-289.0;97.0;-625.0
41.0;-434.0;829.0;-488.0;-278.0;102.0;-613.0
42.0;-426.0;832.0;-483.0;-266.0;107.0;-601.0
39.0;-418.0;836.0;-471.0;?;113.0;-592.0
?;-412.0;844.0;-456.0;-233.0;118.0;-582.0
30.0;-405.0;850.0;-451.0;-212.0;122.0;-573.0
27.0;-396.0;852.0;?;-190.0;123.0;-565.0
21.0;-387.0;853.0;-467.0;-168.0;122.0;?
13.0;-379.0;856.0;-461.0;?;121.0;-547.0
5.0;-371.0;858.0;-464.0;-125.0;120.0;-541.0
1.0;-362.0;859.0;-461.0;-106.0;119.0;-539.0
-1.0;-357.0;860.0;-459.0;-87.0;121.0;-537.0
-3.0;-354.0;861.0;-451.0;-72.0;?;-535.0
-9.0;-352.0;860.0;-449.0;?;123.0;-532.0
-15.0;-352.0;861.0;-454.0;-49.0;121.0;-527.0
-23.0;-353.0;860.0;-460.0;-41.0;116.0;-520.0
-30.0;-356.0;860.0;-466.0;-33.0;111.0;-512.0
-36.0;-358.0;860.0;-474.0;-24.0;107.0;-504.0
-41.0;-361.0;861.0;-481.0;?;106.0;-497.0
?;-364.0;861.0;-482.0;-8.0;108.0;-490.0
-52.0;-369.0;862.0;-472.0;-1.0;112.0;-485.0
-57.0;-376.0;862.0;-470.0;4.0;?;-477.0
-63.0;?;863.0;-471.0;10.0;116.0;-469.0
-68.0;-385.0;864.0;-466.0;16.0;118.0;-459.0
-72.0;-390.0;865.0;-460.0;24.0;120.0;-448.0
-75.0;-397.0;?;-455.0;33.0;122.0;-437.0
-79.0;-406.0;?;-455.0;45.0;124.0;-425.0
-82.0;?;867.0;-457.0;56.0;125.0;-414.0
-84.0;-430.0;867.0;-459.0;68.0;126.0;-403.0
-85.0;-446.0;866.0;-463.0;80.0;127.0;-392.0
-84.0;-459.0;864.0;-466.0;97.0;127.0;-380.0
-80.0;-475.0;860.0;-469.0;?;126.0;-372.0
-74.0;?;858.0;-471.0;125.0;123.0;-364.0
?;-498.0;856.0;-474.0;134.0;120.0;-355.0
-64.0;-510.0;852.0;-473.0;143.0;116.0;?
-62.0;-522.0;848.0;-475.0;152.0;113.0;-334.0
-63.0;-532.0;847.0;-474.0;158.0;111.0;-323.0
-65.0;-539.0;848.0;-472.0;164.0;107.0;-312.0
-67.0;-548.0;849.0;-473.0;166.0;101.0;?
-69.0;-557.0;850.0;-476.0;164.0;93.0;-295.0
-71.0;-561.0;851.0;-475.0;161.0;87.0;-287.0
-73.0;-563.0;852.0;-474.0;156.0;83.0;-279.0
-76.0;-565.0;855.0;-474.0;152.0;79.0;-272.0
-79.0;-569.0;858.0;-473.0;149.0;77.0;-266.0
-80.0;-574.0;860.0;-478.0;146.0;?;-260.0
-80.0;-576.0;860.0;-479.0;142.0;76.0;-259.0
-80.0;-574.0;859.0;-478.0;139.0;83.0;?
-80.0;-577.0;858.0;-479.0;136.0;96.0;-266.0
-81.0;?;857.0;-473.0;132.0;116.0;-271.0
-84.0;-577.0;855.0;?;131.0;140.0;-276.0
-89.0;-574.0;855.0;-463.0;130.0;166.0;-282.0
-96.0;-570.0;856.0;-458.0;132.0;195.0;-288.0
-105.0;-569.0;856.0;-449.0;140.0;229.0;-294.0
-120.0;-565.0;851.0;-444.0;152.0;264.0;?
-140.0;-562.0;843.0;-444.0;169.0;301.0;-299.0
-163.0;-563.0;835.0;-453.0;185.0;339.0;-296.0
-190.0;-569.0;830.0;-469.0;199.0;379.0;-290.0
-220.0;-577.0;825.0;?;207.0;421.0;-280.0
-250.0;-582.0;821.0;-489.0;211.0;463.0;-268.0
-279.0;-580.0;?;-503.0;?;504.0;-259.0
-304.0;-579.0;811.0;-522.0;204.0;541.0;-252.0
-323.0;-577.0;808.0;-519.0;190.0;578.0;-246.0
-331.0;-576.0;804.0;-511.0;177.0;614.0;-237.0
-329.0;-573.0;799.0;-503.0;?;644.0;-229.0
-319.0;-565.0;791.0;-495.0;153.0;668.0;-223.0
-301.0;-553.0;785.0;-489.0;134.0;684.0;-219.0
-286.0;-540.0;773.0;-488.0;?;694.0;-217.0
-272.0;-524.0;772.0;-487.0;92.0;699.0;-215.0
?;?;773.0;-484.0;78.0;701.0;?
-239.0;-483.0;777.0;-483.0;71.0;698.0;?
-219.0;-462.0;785.0;-481.0;66.0;692.0;-210.0
-200.0;-448.0;788.0;-479.0;62.0;687.0;-209.0
-185.0;-440.0;792.0;-475.0;63.0;685.0;-207.0
-173.0;-433.0;796.0;-466.0;68.0;685.0;-204.0
-163.0;-426.0;797.0;-450.0;75.0;691.0;-201.0
-153.0;-424.0;?;-437.0;84.0;697.0;-198.0
-145.0;-422.0;798.0;-423.0;96.0;703.0;?
-139.0;-417.0;795.0;?;109.0;716.0;-189.0
-138.0;-408.0;790.0;?;119.0;733.0;-184.0
-141.0;-402.0;787.0;-308.0;125.0;746.0;-181.0
-143.0;-398.0;781.0;-286.0;129.0;752.0;?
-146.0;-393.0;775.0;-268.0;129.0;753.0;-177.0
-150.0;-389.0;776.0;-246.0;?;757.0;-175.0
-156.0;-384.0;?;-225.0;124.0;760.0;?
-163.0;?;782.0;-215.0;116.0;761.0;-173.0
-171.0;-373.0;783.0;-221.0;106.0;759.0;-172.0
-176.0;-371.0;785.0;-237.0;100.0;753.0;-173.0
-176.0;-369.0;788.0;-253.0;102.0;744.0;-176.0
-176.0;-367.0;791.0;-273.0;108.0;732.0;-180.0
-177.0;-370.0;790.0;-304.0;114.0;718.0;-185.0
-178.0;-377.0;789.0;-324.0;119.0;708.0;-189.0
-179.0;-388.0;790.0;-338.0;122.0;702.0;-194.0
-181.0;-401.0;790.0;-347.0;121.0;698.0;-198.0
-184.0;-415.0;790.0;-355.0;117.0;694.0;-202.0
-188.0;-428.0;791.0;-362.0;114.0;693.0;-203.0
-192.0;-438.0;790.0;-367.0;112.0;694.0;-201.0
-195.0;-443.0;787.0;-364.0;109.0;695.0;-197.0
-198.0;-446.0;788.0;-363.0;110.0;697.0;-194.0
-199.0;-449.0;787.0;-364.0;114.0;699.0;-192.0
-199.0;-454.0;785.0;-371.0;116.0;700.0;-193.0
-198.0;-463.0;785.0;-379.0;120.0;698.0;?
-196.0;-470.0;785.0;-399.0;124.0;691.0;-199.0
-194.0;-481.0;?;-423.0;127.0;?;-204.0
-191.0;-490.0;787.0;-436.0;130.0;679.0;-207.0
-187.0;-498.0;788.0;-447.0;133.0;676.0;?
-183.0;?;788.0;-457.0;137.0;671.0;-213.0
-182.0;-510.0;790.0;-462.0;141.0;667.0;-214.0
-182.0;-515.0;790.0;-465.0;143.0;664.0;?
-183.0;-519.0;788.0;-467.0;143.0;661.0;-214.0
-185.0;-521.0;786.0;-469.0;144.0;660.0;?
-187.0;-521.0;785.0;-470.0;146.0;660.0;?
-189.0;-520.0;785.0;-466.0;148.0;662.0;-210.0
-191.0;-520.0;785.0;-461.0;148.0;665.0;-208.0
-193.0;-523.0;785.0;-460.0;146.0;666.0;-207.0
-195.0;-526.0;784.0;-457.0;144.0;668.0;-206.0
-197.0;-526.0;784.0;-452.0;142.0;669.0;-205.0
-201.0;-524.0;784.0;-448.0;141.0;670.0;-203.0
-203.0;?;?;-444.0;142.0;670.0;?
-206.0;-516.0;783.0;-440.0;143.0;672.0;-202.0
-207.0;-514.0;783.0;-436.0;144.0;673.0;-201.0
-209.0;-512.0;783.0;-431.0;145.0;675.0;-199.0
-210.0;-510.0;783.0;-427.0;145.0;675.0;-198.0
-212.0;-509.0;782.0;-424.0;144.0;675.0;-197.0
-213.0;-509.0;782.0;?;143.0;674.0;-197.0
-213.0;-510.0;782.0;-418.0;143.0;674.0;-197.0
-212.0;-511.0;782.0;-417.0;144.0;673.0;-197.0
-211.0;-516.0;781.0;-422.0;144.0;671.0;-198.0
-211.0;-523.0;781.0;-433.0;143.0;668.0;-200.0
-210.0;-528.0;780.0;-448.0;143.0;665.0;-203.0
-210.0;-533.0;780.0;-461.0;?;662.0;-205.0
-209.0;-536.0;781.0;-472.0;145.0;660.0;-206.0
-209.0;-537.0;781.0;-477.0;145.0;?;-207.0
-209.0;-535.0;781.0;-478.0;146.0;657.0;-207.0
-209.0;-535.0;781.0;-479.0;145.0;656.0;-207.0
-209.0;-535.0;781.0;-481.0;144.0;654.0;-208.0
-210.0;-534.0;780.0;-481.0;143.0;654.0;-207.0
-209.0;-533.0;781.0;-480.0;141.0;654.0;-207.0
-211.0;-532.0;782.0;-473.0;142.0;655.0;-206.0
-214.0;-529.0;785.0;-465.0;141.0;658.0;-206.0
-217.0;-528.0;787.0;-465.0;140.0;658.0;-206.0
-220.0;-527.0;789.0;-469.0;136.0;655.0;-211.0
-222.0;-526.0;790.0;-479.0;133.0;?;-220.0
-223.0;-527.0;790.0;-489.0;130.0;635.0;-237.0
-223.0;-526.0;791.0;-501.0;129.0;619.0;?
-222.0;-522.0;795.0;-513.0;132.0;598.0;-286.0
-222.0;-515.0;801.0;-524.0;140.0;574.0;-317.0
-223.0;-506.0;810.0;-533.0;?;549.0;-350.0
-222.0;-498.0;823.0;-542.0;156.0;522.0;-383.0
-220.0;-492.0;837.0;-549.0;162.0;497.0;-414.0
-217.0;-490.0;852.0;-557.0;168.0;472.0;-444.0
-208.0;-495.0;869.0;-568.0;172.0;447.0;-473.0
-196.0;-505.0;886.0;-580.0;175.0;?;-502.0
-180.0;-517.0;903.0;-594.0;?;399.0;-529.0
-163.0;-528.0;920.0;-610.0;166.0;374.0;-552.0
-144.0;-537.0;934.0;-621.0;159.0;351.0;-572.0
-126.0;-543.0;945.0;-629.0;146.0;329.0;-589.0
-111.0;-547.0;955.0;-639.0;132.0;307.0;-604.0
-99.0;-546.0;963.0;-648.0;117.0;288.0;-617.0
-87.0;-542.0;970.0;-654.0;101.0;273.0;-629.0
?;-537.0;?;-656.0;84.0;261.0;?
-67.0;-533.0;981.0;-657.0;?;251.0;-649.0
-58.0;-527.0;984.0;-659.0;53.0;243.0;-658.0
-53.0;-523.0;986.0;-663.0;?;237.0;-666.0
?;-520.0;987.0;-665.0;33.0;233.0;-674.0
-47.0;-516.0;988.0;-668.0;?;229.0;-683.0
-47.0;-513.0;990.0;-671.0;20.0;224.0;-691.0
-48.0;-509.0;991.0;-671.0;13.0;220.0;-698.0
-50.0;-509.0;993.0;-671.0;4.0;217.0;-703.0
-53.0;-511.0;995.0;-672.0;-4.0;214.0;-706.0
-53.0;-515.0;996.0;-675.0;-11.0;209.0;-708.0
-52.0;-518.0;997.0;-679.0;-16.0;205.0;-710.0
-51.0;-520.0;997.0;-680.0;-15.0;202.0;-711.0
-50.0;-521.0;998.0;-679.0;-12.0;200.0;-714.0
-49.0;-520.0;998.0;-678.0;-7.0;?;-716.0
-48.0;-520.0;998.0;-676.0;-3.0;197.0;-719.0
-48.0;-519.0;999.0;-674.0;3.0;195.0;?
-48.0;-518.0;999.0;-674.0;8.0;193.0;-722.0
-49.0;-518.0;999.0;-674.0;?;190.0;-723.0
-48.0;-518.0;999.0;-674.0;16.0;189.0;-724.0
-48.0;-518.0;?;-676.0;20.0;187.0;-724.0
-47.0;-518.0;999.0;-677.0;23.0;188.0;-724.0
-45.0;-517.0;999.0;-678.0;25.0;188.0;-725.0
-43.0;-516.0;999.0;-679.0;30.0;186.0;-726.0
-40.0;-516.0;999.0;-681.0;34.0;184.0;-726.0
-37.0;-515.0;999.0;-683.0;38.0;182.0;-727.0
-34.0;-514.0;999.0;-685.0;41.0;180.0;-729.0
-32.0;-513.0;998.0;-686.0;44.0;179.0;-730.0
-30.0;-512.0;998.0;-686.0;44.0;178.0;-730.0
-29.0;-512.0;998.0;-686.0;45.0;178.0;-731.0
-29.0;-512.0;998.0;-687.0;48.0;177.0;?
-29.0;-513.0;998.0;-687.0;49.0;176.0;-731.0
?;-514.0;998.0;-688.0;51.0;176.0;-731.0
-27.0;-514.0;998.0;-687.0;51.0;176.0;-731.0
-28.0;-515.0;998.0;-687.0;50.0;176.0;-731.0
-28.0;-514.0;998.0;-687.0;50.0;176.0;-732.0
-26.0;-514.0;998.0;-686.0;51.0;177.0;-732.0
-25.0;-514.0;998.0;?;53.0;177.0;-732.0
-23.0;-515.0;998.0;-685.0;56.0;176.0;-732.0
-21.0;-515.0;998.0;-682.0;59.0;175.0;-733.0
-20.0;-516.0;?;-681.0;60.0;174.0;?
-19.0;-516.0;998.0;-682.0;62.0;174.0;-734.0
-18.0;-517.0;998.0;-681.0;63.0;173.0;-734.0
-18.0;-518.0;998.0;-680.0;64.0;173.0;-735.0
-18.0;-518.0;?;-679.0;65.0;?;-735.0
-17.0;-518.0;997.0;-678.0;66.0;173.0;-735.0
-17.0;-519.0;997.0;-677.0;67.0;172.0;-735.0
-16.0;-519.0;997.0;?;67.0;172.0;?
-16.0;-519.0;997.0;-676.0;66.0;172.0;-736.0
-14.0;-519.0;998.0;-674.0;66.0;172.0;-736.0
-14.0;-520.0;998.0;-670.0;65.0;171.0;-736.0
?;-519.0;998.0;-668.0;65.0;171.0;-737.0
-13.0;-519.0;998.0;-670.0;65.0;171.0;-737.0
-14.0;-519.0;997.0;-670.0;66.0;171.0;-737.0
-14.0;-519.0;997.0;-671.0;66.0;170.0;-737.0
-14.0;-519.0;997.0;-671.0;66.0;169.0;-737.0
-14.0;-519.0;997.0;-672.0;66.0;169.0;-737.0
-14.0;-520.0;997.0;-672.0;67.0;170.0;-737.0
-14.0;-520.0;997.0;-671.0;67.0;171.0;-737.0
-15.0;-521.0;997.0;-671.0;68.0;172.0;-736.0
-15.0;-521.0;997.0;-671.0;68.0;171.0;-736.0
?;-522.0;997.0;-671.0;67.0;171.0;-736.0
-15.0;-522.0;998.0;-671.0;67.0;171.0;-736.0
-17.0;-523.0;998.0;-671.0;66.0;171.0;-736.0
-17.0;-523.0;998.0;-671.0;66.0;171.0;-736.0
-17.0;-523.0;998.0;-671.0;64.0;172.0;-736.0
-16.0;-523.0;998.0;-670.0;65.0;172.0;-735.0
-16.0;-523.0;998.0;-670.0;66.0;172.0;-735.0
-16.0;-524.0;997.0;-669.0;67.0;172.0;-735.0
-17.0;-525.0;997.0;-670.0;70.0;172.0;-734.0
-17.0;-525.0;997.0;-670.0;73.0;172.0;-734.0
-17.0;-526.0;997.0;-671.0;76.0;172.0;-733.0
-17.0;-526.0;997.0;-671.0;78.0;173.0;-732.0
-15.0;-527.0;997.0;-671.0;80.0;174.0;-732.0
-14.0;-527.0;996.0;-670.0;83.0;174.0;-731.0
-13.0;-527.0;996.0;-667.0;83.0;175.0;-731.0
-12.0;-527.0;996.0;-664.0;85.0;174.0;-732.0
-12.0;-527.0;996.0;-662.0;86.0;174.0;-732.0
-12.0;-527.0;996.0;-663.0;86.0;173.0;-733.0
-12.0;-528.0;996.0;-663.0;86.0;171.0;-733.0
-11.0;-528.0;996.0;-663.0;86.0;170.0;-734.0
-10.0;-528.0;996.0;-663.0;85.0;170.0;-734.0
-10.0;-528.0;996.0;-663.0;?;169.0;-733.0
-10.0;-529.0;996.0;-663.0;85.0;169.0;-733.0
?;-529.0;996.0;-662.0;84.0;168.0;-733.0
?;?;996.0;-663.0;83.0;169.0;-733.0
-13.0;?;997.0;-663.0;?;169.0;-733.0
-15.0;-530.0;?;-664.0;80.0;?;-732.0
-19.0;-531.0;997.0;-664.0;77.0;170.0;?
-22.0;-532.0;997.0;-665.0;74.0;171.0;-730.0
-24.0;-534.0;997.0;-665.0;71.0;173.0;-728.0
-25.0;-535.0;996.0;-665.0;69.0;175.0;-726.0
-27.0;-536.0;996.0;-664.0;70.0;179.0;-724.0
-28.0;-538.0;994.0;-661.0;71.0;183.0;-721.0
-28.0;-539.0;992.0;-658.0;74.0;188.0;-717.0
-28.0;-541.0;989.0;-656.0;77.0;194.0;-714.0
-26.0;-541.0;985.0;-651.0;83.0;201.0;-711.0
-24.0;-542.0;978.0;-644.0;90.0;209.0;-707.0
-26.0;-542.0;968.0;-638.0;98.0;219.0;-701.0
-32.0;-543.0;956.0;-630.0;105.0;231.0;-693.0
-41.0;-544.0;?;?;113.0;246.0;-683.0
-52.0;?;934.0;-611.0;122.0;264.0;-671.0
-64.0;-548.0;921.0;-600.0;?;286.0;-655.0
-83.0;-551.0;906.0;-591.0;136.0;312.0;-634.0
-107.0;?;889.0;-583.0;138.0;340.0;-609.0
-132.0;-561.0;874.0;-574.0;139.0;370.0;-580.0
-158.0;?;857.0;-564.0;138.0;?;-547.0
-188.0;-574.0;842.0;-554.0;132.0;437.0;-511.0
-217.0;-582.0;826.0;-546.0;124.0;466.0;-474.0
-240.0;-587.0;812.0;-540.0;114.0;492.0;-440.0
-260.0;-589.0;799.0;-540.0;?;514.0;-410.0
-277.0;?;787.0;-541.0;91.0;532.0;-386.0
-290.0;-582.0;777.0;-534.0;82.0;546.0;-367.0
-300.0;-573.0;769.0;-521.0;75.0;558.0;-354.0
-309.0;-566.0;765.0;-518.0;70.0;564.0;-346.0
-313.0;-565.0;764.0;-515.0;69.0;566.0;-343.0
-313.0;-565.0;763.0;-511.0;69.0;567.0;-343.0
-315.0;-566.0;762.0;-511.0;72.0;566.0;-342.0
-319.0;-567.0;761.0;-505.0;78.0;565.0;-341.0
-323.0;-566.0;763.0;-506.0;85.0;565.0;-341.0
-325.0;-566.0;766.0;-504.0;92.0;565.0;-340.0
-326.0;-568.0;770.0;-499.0;99.0;566.0;-339.0
-328.0;-571.0;774.0;-497.0;108.0;566.0;-338.0
-330.0;-575.0;778.0;-490.0;119.0;567.0;-335.0
-332.0;-578.0;785.0;-484.0;131.0;567.0;-334.0
-335.0;-580.0;791.0;-482.0;143.0;567.0;-331.0
-339.0;-580.0;795.0;-480.0;153.0;567.0;-329.0
-343.0;-579.0;798.0;-479.0;162.0;567.0;-327.0
-346.0;-579.0;802.0;-483.0;171.0;?;-326.0
-350.0;-582.0;806.0;?;178.0;566.0;-324.0
-353.0;?;808.0;-490.0;183.0;566.0;-323.0
-355.0;-584.0;809.0;-490.0;185.0;568.0;-322.0
-356.0;-585.0;810.0;-491.0;184.0;570.0;-321.0
-359.0;-586.0;813.0;-492.0;182.0;?;-320.0
-360.0;-586.0;814.0;-493.0;180.0;572.0;-321.0
-358.0;-588.0;814.0;-495.0;?;571.0;-322.0
-353.0;-589.0;811.0;-496.0;171.0;570.0;?
?;-590.0;807.0;-496.0;168.0;570.0;-326.0
-342.0;-591.0;803.0;?;164.0;570.0;-328.0
-337.0;-593.0;795.0;-497.0;158.0;571.0;-329.0
-336.0;-594.0;787.0;-498.0;148.0;572.0;-330.0
-336.0;-594.0;779.0;-498.0;139.0;?;-331.0
-334.0;-597.0;774.0;-511.0;132.0;571.0;-333.0
-331.0;-601.0;771.0;-532.0;126.0;567.0;-337.0
-330.0;-603.0;771.0;-550.0;124.0;561.0;-342.0
-330.0;-600.0;774.0;-557.0;123.0;557.0;-346.0
-327.0;-593.0;775.0;-551.0;119.0;555.0;?
-328.0;-587.0;778.0;-527.0;116.0;555.0;-349.0
-330.0;-581.0;782.0;-490.0;117.0;558.0;-352.0
-333.0;-574.0;786.0;-477.0;116.0;561.0;-356.0
-333.0;-567.0;790.0;-483.0;116.0;558.0;-358.0
-332.0;-560.0;792.0;-482.0;115.0;553.0;?
-329.0;-557.0;791.0;-486.0;112.0;?;-367.0
-324.0;?;789.0;-502.0;107.0;536.0;-373.0
-323.0;?;782.0;-513.0;100.0;528.0;-377.0
-321.0;-545.0;777.0;-504.0;92.0;527.0;-378.0
-318.0;-540.0;771.0;?;83.0;?;-378.0
-315.0;-540.0;759.0;-491.0;68.0;527.0;-377.0
-315.0;-541.0;749.0;-492.0;53.0;526.0;-375.0
-315.0;-543.0;740.0;-495.0;44.0;526.0;-372.0
-317.0;-547.0;733.0;-491.0;38.0;529.0;-368.0
-319.0;?;725.0;-481.0;33.0;536.0;-362.0
-321.0;-554.0;715.0;?;27.0;542.0;-356.0
-325.0;-558.0;706.0;-479.0;20.0;548.0;-350.0
-330.0;-561.0;700.0;-473.0;13.0;554.0;-344.0
-334.0;-563.0;689.0;-470.0;3.0;560.0;-339.0
-336.0;-566.0;672.0;-475.0;-14.0;565.0;-334.0
-338.0;-568.0;659.0;-477.0;-28.0;570.0;-329.0
-341.0;-571.0;?;-475.0;-40.0;576.0;-325.0
-342.0;-576.0;630.0;-479.0;-57.0;579.0;-322.0
-344.0;-580.0;618.0;-481.0;-74.0;582.0;-318.0
-345.0;-586.0;?;-489.0;-87.0;584.0;-316.0
-346.0;-590.0;595.0;-498.0;-100.0;585.0;?
-349.0;-592.0;588.0;-501.0;-110.0;585.0;-311.0
-351.0;-596.0;588.0;-504.0;-115.0;584.0;-309.0
-354.0;-600.0;?;-512.0;-117.0;580.0;-309.0
-355.0;-602.0;593.0;-517.0;-114.0;575.0;-310.0
-355.0;-605.0;601.0;-522.0;-106.0;569.0;-312.0
-356.0;-605.0;612.0;-521.0;-95.0;567.0;-315.0
-357.0;-604.0;626.0;-520.0;-81.0;565.0;-319.0
-358.0;-604.0;641.0;-521.0;-68.0;564.0;-322.0
-360.0;-603.0;657.0;-517.0;-53.0;563.0;-326.0
-364.0;-602.0;670.0;-505.0;-42.0;565.0;-329.0
-369.0;-602.0;678.0;-497.0;-34.0;566.0;-332.0
-374.0;-605.0;683.0;-499.0;-25.0;566.0;-337.0
?;-605.0;686.0;-496.0;-18.0;566.0;-343.0
-394.0;-608.0;690.0;-500.0;-15.0;566.0;?
-403.0;-612.0;692.0;-503.0;-15.0;563.0;-354.0
-414.0;-614.0;694.0;-501.0;-18.0;561.0;-363.0
-426.0;?;698.0;-498.0;-19.0;559.0;-372.0
?;-616.0;710.0;-496.0;-18.0;555.0;?
-438.0;-619.0;729.0;-491.0;-9.0;550.0;-393.0
-434.0;-624.0;752.0;-487.0;3.0;542.0;-405.0
-420.0;-632.0;775.0;-483.0;16.0;530.0;-418.0
-398.0;?;793.0;-478.0;27.0;513.0;?
-371.0;-645.0;810.0;-473.0;43.0;493.0;?
-342.0;-648.0;828.0;-466.0;65.0;470.0;-463.0
-309.0;-649.0;846.0;-460.0;91.0;446.0;-478.0
-274.0;-649.0;861.0;-456.0;115.0;422.0;-493.0
-240.0;-650.0;873.0;-453.0;137.0;398.0;-505.0
-204.0;-652.0;885.0;-451.0;151.0;375.0;-515.0
-170.0;-655.0;?;-450.0;155.0;354.0;-524.0
-142.0;-659.0;895.0;?;146.0;333.0;-532.0
-115.0;-662.0;895.0;-450.0;128.0;315.0;-539.0
-89.0;?;898.0;-444.0;109.0;298.0;-546.0
-68.0;-659.0;898.0;-434.0;91.0;283.0;-552.0
-54.0;-657.0;893.0;-429.0;79.0;269.0;?
-43.0;-654.0;889.0;-423.0;68.0;254.0;-565.0
-41.0;-652.0;886.0;-416.0;57.0;239.0;-571.0
-41.0;-649.0;?;-414.0;48.0;226.0;-577.0
-43.0;-645.0;891.0;-414.0;39.0;215.0;-583.0
-47.0;-642.0;889.0;-415.0;35.0;207.0;-588.0
-51.0;-641.0;883.0;-418.0;30.0;201.0;-591.0
-54.0;-641.0;879.0;-423.0;25.0;?;-594.0
-57.0;-641.0;879.0;-425.0;20.0;?;?
-58.0;-642.0;879.0;-432.0;?;197.0;-596.0
-57.0;-644.0;879.0;-436.0;9.0;197.0;-595.0
-54.0;-646.0;879.0;-438.0;4.0;199.0;-595.0
-53.0;-646.0;881.0;-439.0;1.0;200.0;-595.0
-51.0;-644.0;882.0;-443.0;-3.0;202.0;-595.0
-50.0;-642.0;883.0;-448.0;-6.0;?;-595.0
-50.0;-642.0;884.0;-448.0;-9.0;206.0;-595.0
-50.0;-642.0;884.0;-447.0;-10.0;207.0;-595.0
-48.0;-640.0;?;-446.0;-8.0;204.0;-597.0
-47.0;-637.0;881.0;-437.0;-8.0;199.0;-601.0
-47.0;-631.0;882.0;-426.0;-8.0;194.0;-608.0
-48.0;-624.0;884.0;-424.0;-9.0;192.0;-617.0
-53.0;-617.0;885.0;-417.0;-7.0;191.0;-627.0
-61.0;?;886.0;-414.0;-2.0;192.0;-637.0
-72.0;-599.0;887.0;-433.0;8.0;197.0;-651.0
-86.0;-585.0;889.0;-468.0;22.0;207.0;-663.0
-105.0;?;889.0;-502.0;36.0;214.0;-672.0
-125.0;-548.0;891.0;-526.0;52.0;219.0;-680.0
-146.0;-527.0;892.0;-547.0;69.0;223.0;-682.0
-170.0;-507.0;889.0;-564.0;?;?;-679.0
-193.0;-492.0;885.0;-573.0;99.0;228.0;-673.0
-217.0;-482.0;876.0;-587.0;112.0;228.0;-666.0
-243.0;-476.0;867.0;-599.0;122.0;228.0;-660.0
-269.0;?;858.0;-609.0;132.0;226.0;-655.0
-294.0;-478.0;848.0;-615.0;141.0;227.0;-650.0
-320.0;-480.0;840.0;?;147.0;228.0;-646.0
-342.0;-481.0;833.0;-619.0;?;?;-643.0
?;-480.0;827.0;?;156.0;235.0;-640.0
-379.0;-476.0;820.0;-613.0;157.0;239.0;-637.0
-397.0;-471.0;812.0;-611.0;156.0;241.0;-635.0
-411.0;-467.0;805.0;?;158.0;242.0;-633.0
-427.0;-465.0;798.0;-601.0;161.0;243.0;-632.0
-442.0;-464.0;792.0;-598.0;166.0;244.0;-631.0
-456.0;-467.0;786.0;-600.0;173.0;245.0;-629.0
?;-469.0;?;?;182.0;244.0;-628.0
-479.0;-470.0;774.0;-604.0;192.0;243.0;-626.0
-489.0;-472.0;768.0;-604.0;204.0;243.0;-624.0
-499.0;-472.0;762.0;-604.0;217.0;243.0;-623.0
-509.0;-472.0;?;-604.0;229.0;244.0;-622.0
-518.0;-472.0;750.0;-603.0;241.0;245.0;-620.0
-526.0;-473.0;745.0;-603.0;253.0;246.0;-619.0
-533.0;-474.0;741.0;-604.0;263.0;247.0;-618.0
-538.0;-474.0;737.0;-606.0;271.0;247.0;-617.0
-541.0;-475.0;734.0;-606.0;279.0;249.0;-616.0
-544.0;-476.0;731.0;?;287.0;250.0;-615.0
-546.0;-476.0;728.0;-606.0;296.0;252.0;-615.0
-548.0;-475.0;725.0;-605.0;304.0;254.0;-614.0
-550.0;-474.0;723.0;-605.0;311.0;256.0;-613.0
-550.0;-473.0;721.0;-605.0;318.0;258.0;-613.0
-552.0;-472.0;718.0;-604.0;324.0;259.0;-613.0
-554.0;-472.0;?;-603.0;330.0;259.0;-614.0
-555.0;-471.0;714.0;-603.0;335.0;260.0;-614.0
-556.0;-470.0;712.0;-605.0;339.0;259.0;-615.0
-558.0;-469.0;710.0;-605.0;342.0;260.0;-616.0
-559.0;-468.0;708.0;-604.0;347.0;261.0;-617.0
-559.0;-466.0;706.0;-603.0;352.0;262.0;-617.0
?;-465.0;704.0;-602.0;356.0;262.0;-619.0
-559.0;-465.0;703.0;-603.0;358.0;262.0;-619.0
?;-465.0;702.0;-603.0;360.0;263.0;-620.0
-561.0;-465.0;700.0;-604.0;362.0;263.0;-620.0
?;-466.0;698.0;-604.0;363.0;264.0;-621.0
-565.0;-467.0;696.0;-604.0;365.0;263.0;-622.0
-566.0;-467.0;694.0;-605.0;366.0;263.0;-622.0
-567.0;-468.0;?;-606.0;366.0;263.0;-622.0
-567.0;-468.0;693.0;-605.0;367.0;265.0;-622.0
-568.0;-468.0;692.0;-605.0;368.0;265.0;-622.0
?;-467.0;691.0;-604.0;370.0;267.0;-622.0
-567.0;-466.0;691.0;-602.0;372.0;268.0;-621.0
-567.0;-465.0;691.0;-602.0;373.0;268.0;-621.0
-566.0;-465.0;691.0;-602.0;376.0;269.0;-620.0
?;-465.0;691.0;-601.0;377.0;270.0;?
-565.0;-465.0;691.0;-601.0;377.0;271.0;-619.0
-565.0;-466.0;690.0;-601.0;378.0;271.0;-619.0
-564.0;-467.0;691.0;-602.0;?;271.0;-618.0
-564.0;-467.0;691.0;-602.0;379.0;272.0;?
-563.0;-468.0;691.0;-602.0;378.0;272.0;-618.0
-563.0;-468.0;692.0;-602.0;378.0;272.0;-618.0
-563.0;-468.0;691.0;-602.0;379.0;273.0;-618.0
-563.0;-468.0;691.0;-602.0;379.0;273.0;-618.0
-563.0;-468.0;691.0;-602.0;379.0;274.0;-617.0
-563.0;-468.0;692.0;-602.0;379.0;275.0;-617.0
-562.0;-468.0;692.0;-602.0;378.0;275.0;-617.0
-561.0;-468.0;693.0;-602.0;378.0;275.0;-617.0
-560.0;-468.0;695.0;-602.0;375.0;276.0;-617.0
-559.0;-468.0;697.0;-602.0;372.0;277.0;-617.0
-557.0;-468.0;700.0;-602.0;369.0;277.0;-617.0
-554.0;-468.0;703.0;-602.0;365.0;278.0;?
-553.0;-468.0;704.0;-602.0;360.0;278.0;-617.0
-551.0;-468.0;707.0;-602.0;355.0;279.0;-618.0
-548.0;-468.0;710.0;-602.0;349.0;279.0;-618.0
-546.0;-468.0;713.0;-602.0;342.0;280.0;-618.0
-542.0;-467.0;718.0;-602.0;334.0;280.0;-619.0
?;-467.0;724.0;-603.0;329.0;281.0;-619.0
-524.0;-467.0;732.0;-603.0;324.0;282.0;-620.0
-509.0;-467.0;741.0;-604.0;320.0;283.0;-620.0
-494.0;-467.0;752.0;-604.0;316.0;284.0;-620.0
-476.0;-468.0;764.0;-606.0;?;284.0;-621.0
?;-468.0;778.0;-608.0;306.0;284.0;-623.0
-436.0;-470.0;792.0;-611.0;?;284.0;-625.0
-412.0;-470.0;806.0;-614.0;295.0;285.0;-627.0
-387.0;-470.0;819.0;-615.0;288.0;285.0;-629.0
-361.0;-469.0;830.0;-617.0;281.0;286.0;-631.0
-336.0;-468.0;838.0;-619.0;273.0;286.0;-634.0
?;?;846.0;-621.0;266.0;287.0;-635.0
-289.0;-467.0;853.0;-622.0;256.0;287.0;?
-267.0;-466.0;858.0;-624.0;246.0;286.0;-639.0
-247.0;-465.0;863.0;-627.0;234.0;285.0;-642.0
-227.0;-464.0;867.0;-628.0;220.0;284.0;-644.0
-210.0;-463.0;872.0;-629.0;205.0;283.0;-646.0
-191.0;-462.0;876.0;-631.0;190.0;282.0;-648.0
-173.0;-462.0;?;-631.0;172.0;282.0;-650.0
-155.0;-461.0;880.0;?;151.0;281.0;-651.0
-140.0;?;882.0;-632.0;132.0;279.0;-652.0
-126.0;-461.0;882.0;-633.0;115.0;277.0;-654.0
-116.0;-461.0;883.0;-634.0;101.0;275.0;-656.0
-107.0;-461.0;886.0;-636.0;89.0;273.0;-657.0
-98.0;-462.0;888.0;-637.0;80.0;270.0;-659.0
-93.0;-462.0;888.0;-638.0;71.0;267.0;-661.0
-88.0;-462.0;889.0;-640.0;64.0;266.0;-663.0
?;-461.0;892.0;-640.0;58.0;266.0;-664.0
-81.0;-460.0;892.0;-640.0;53.0;266.0;-664.0
-78.0;-460.0;892.0;-639.0;48.0;267.0;-665.0
-75.0;-459.0;893.0;?;43.0;268.0;-665.0
-72.0;-458.0;894.0;-638.0;37.0;268.0;-666.0
-69.0;-458.0;895.0;-638.0;32.0;?;-666.0
-66.0;-458.0;895.0;?;29.0;269.0;-666.0
-62.0;-457.0;895.0;-638.0;25.0;269.0;-667.0
-60.0;-457.0;896.0;-637.0;22.0;269.0;-667.0
-59.0;-456.0;895.0;-637.0;19.0;269.0;-668.0
-60.0;-456.0;895.0;-637.0;16.0;268.0;-668.0
-61.0;-456.0;895.0;-637.0;15.0;268.0;-669.0
-62.0;-456.0;895.0;-636.0;15.0;267.0;-669.0
-62.0;-456.0;895.0;-636.0;15.0;267.0;-669.0
-64.0;-456.0;897.0;-636.0;12.0;267.0;-670.0
-66.0;-457.0;902.0;-636.0;6.0;267.0;-670.0
-67.0;-457.0;906.0;-636.0;0.0;267.0;-670.0
-134.0;-458.0;921.0;-632.0;28.0;268.0;-667.0
-141.0;-458.0;923.0;-629.0;48.0;271.0;-664.0
-135.0;-456.0;925.0;-625.0;66.0;273.0;-662.0
-131.0;-455.0;918.0;-619.0;81.0;274.0;?
-130.0;-454.0;?;-614.0;?;274.0;-659.0
-128.0;-456.0;922.0;-611.0;88.0;272.0;-657.0
-127.0;-460.0;922.0;-609.0;88.0;269.0;-655.0
-130.0;-464.0;921.0;-609.0;?;?;-654.0
-132.0;-468.0;920.0;-609.0;?;263.0;?
-135.0;-470.0;919.0;-609.0;88.0;262.0;-650.0
-137.0;-471.0;917.0;-608.0;?;261.0;-649.0
-137.0;-471.0;917.0;-605.0;92.0;261.0;-647.0
-137.0;-471.0;916.0;?;94.0;?;-646.0
-136.0;-469.0;915.0;-599.0;96.0;260.0;-644.0
-135.0;-469.0;916.0;-598.0;98.0;260.0;-643.0
-133.0;-470.0;916.0;-598.0;102.0;259.0;-642.0
-132.0;-471.0;915.0;-598.0;104.0;258.0;-641.0
-132.0;-472.0;915.0;-598.0;104.0;?;-641.0
-131.0;-472.0;916.0;-597.0;?;259.0;-640.0
-131.0;-472.0;915.0;-596.0;105.0;?;-639.0
-129.0;-472.0;915.0;-594.0;106.0;259.0;-639.0
-128.0;-472.0;915.0;-593.0;107.0;259.0;-639.0
-127.0;-473.0;915.0;-593.0;108.0;260.0;-638.0
-126.0;-474.0;?;-594.0;109.0;260.0;-637.0
?;-474.0;916.0;-594.0;110.0;260.0;-637.0
-123.0;-473.0;916.0;?;110.0;261.0;-637.0
-122.0;-472.0;916.0;-591.0;110.0;262.0;-637.0
?;-471.0;916.0;-590.0;110.0;262.0;-637.0
-121.0;-470.0;916.0;-589.0;112.0;262.0;-637.0
-120.0;-469.0;916.0;-588.0;112.0;263.0;-637.0
-120.0;-468.0;916.0;-587.0;?;262.0;-638.0
-119.0;-468.0;915.0;-588.0;114.0;262.0;-638.0
-118.0;-468.0;915.0;-587.0;113.0;261.0;-638.0
-118.0;-467.0;915.0;-587.0;114.0;260.0;-639.0
-118.0;-467.0;915.0;-587.0;?;260.0;-639.0
-118.0;-467.0;914.0;-586.0;113.0;260.0;-639.0
-118.0;-466.0;914.0;-585.0;?;259.0;-640.0
-119.0;?;914.0;-585.0;112.0;259.0;-640.0
-119.0;-466.0;914.0;-585.0;111.0;259.0;-640.0
-119.0;-466.0;914.0;-585.0;111.0;258.0;-641.0
-118.0;-466.0;913.0;-584.0;111.0;258.0;-641.0
-117.0;?;912.0;-584.0;111.0;259.0;-641.0
-116.0;-465.0;912.0;-584.0;112.0;258.0;-642.0
-115.0;?;?;-583.0;112.0;258.0;-642.0
-113.0;-463.0;911.0;-584.0;112.0;257.0;-643.0
-109.0;-463.0;912.0;?;111.0;257.0;-643.0
-106.0;-462.0;912.0;-584.0;111.0;257.0;-644.0
-105.0;-462.0;912.0;?;110.0;256.0;-644.0
?;-461.0;911.0;-584.0;108.0;256.0;-645.0
-105.0;-460.0;912.0;-585.0;105.0;255.0;-646.0
-104.0;-459.0;911.0;-585.0;105.0;255.0;-647.0
-104.0;?;910.0;-585.0;104.0;255.0;-648.0
-103.0;-457.0;908.0;-584.0;102.0;254.0;-649.0
-102.0;-455.0;907.0;-585.0;100.0;254.0;-650.0
-100.0;-454.0;906.0;-585.0;99.0;252.0;-651.0
-99.0;-453.0;?;-585.0;96.0;251.0;-652.0
-99.0;-452.0;904.0;-585.0;94.0;250.0;-654.0
-96.0;-450.0;903.0;-584.0;93.0;249.0;-655.0
-93.0;-449.0;902.0;-584.0;93.0;247.0;-658.0
-90.0;-447.0;902.0;-584.0;94.0;246.0;-660.0
-88.0;-445.0;902.0;-583.0;92.0;245.0;-662.0
-87.0;-442.0;901.0;-582.0;89.0;244.0;-665.0
-87.0;-440.0;901.0;-581.0;86.0;?;-666.0
-88.0;-438.0;901.0;-579.0;82.0;244.0;-668.0
-88.0;-436.0;901.0;-578.0;79.0;244.0;-669.0
-87.0;-435.0;901.0;-578.0;78.0;243.0;-670.0
-87.0;-435.0;900.0;-578.0;?;243.0;-672.0
-88.0;-434.0;900.0;-577.0;76.0;242.0;-673.0
-90.0;-434.0;899.0;-577.0;76.0;242.0;-674.0
-93.0;-434.0;899.0;-578.0;76.0;241.0;-674.0
-96.0;-434.0;900.0;-578.0;76.0;241.0;-674.0
?;?;901.0;-578.0;77.0;242.0;-674.0
-105.0;-435.0;901.0;-577.0;79.0;241.0;-674.0
-112.0;-435.0;899.0;-577.0;80.0;242.0;-673.0
-120.0;-436.0;898.0;-576.0;82.0;244.0;-672.0
-127.0;-438.0;897.0;-576.0;83.0;244.0;-671.0
-128.0;-441.0;898.0;-577.0;84.0;243.0;-668.0
-127.0;-445.0;901.0;-580.0;85.0;242.0;-666.0
-122.0;-449.0;903.0;?;87.0;?;-664.0
?;-451.0;904.0;-589.0;91.0;241.0;-662.0
-108.0;-450.0;907.0;-599.0;95.0;244.0;-661.0
-100.0;-454.0;910.0;-601.0;100.0;251.0;-658.0
-94.0;-458.0;911.0;-590.0;106.0;260.0;-655.0
-96.0;-463.0;909.0;-583.0;112.0;265.0;-652.0
-117.0;-468.0;903.0;-581.0;114.0;265.0;-650.0
-156.0;-472.0;894.0;-580.0;116.0;266.0;-648.0
-211.0;-477.0;883.0;-577.0;119.0;270.0;-642.0
-279.0;-484.0;866.0;-585.0;118.0;277.0;?
-347.0;-491.0;850.0;-590.0;?;286.0;?
-409.0;-499.0;835.0;-591.0;109.0;300.0;-604.0
-458.0;-512.0;826.0;-595.0;97.0;313.0;-584.0
?;-523.0;821.0;-596.0;82.0;322.0;-566.0
-521.0;-531.0;818.0;-586.0;?;?;-547.0
-533.0;-536.0;817.0;-578.0;56.0;339.0;-527.0
-534.0;-541.0;819.0;-572.0;36.0;341.0;-508.0
-530.0;?;823.0;-563.0;23.0;342.0;-496.0
-525.0;-546.0;826.0;-566.0;13.0;342.0;-491.0
-521.0;-549.0;827.0;-570.0;-1.0;342.0;-487.0
-519.0;-549.0;829.0;-573.0;-11.0;343.0;-485.0
-517.0;-548.0;?;-570.0;-26.0;345.0;-485.0
-516.0;-549.0;826.0;-572.0;-28.0;344.0;-486.0
-515.0;-553.0;827.0;-579.0;-23.0;342.0;-487.0
-514.0;-557.0;825.0;-587.0;-27.0;342.0;-489.0
-517.0;-561.0;823.0;-596.0;-31.0;344.0;-491.0
-523.0;-563.0;819.0;-600.0;-38.0;347.0;-492.0
-530.0;-564.0;813.0;-601.0;-46.0;347.0;-495.0
-537.0;?;808.0;-601.0;-49.0;346.0;-500.0
-544.0;-558.0;803.0;-598.0;-51.0;345.0;-506.0
-550.0;-553.0;800.0;-600.0;-52.0;342.0;-512.0
-555.0;-550.0;797.0;-600.0;-54.0;339.0;-518.0
-558.0;-548.0;794.0;-600.0;-56.0;337.0;-523.0
-560.0;-550.0;?;-601.0;-55.0;337.0;-526.0
-563.0;-550.0;789.0;-600.0;-53.0;340.0;-527.0
-565.0;-552.0;788.0;-598.0;-50.0;344.0;-525.0
-565.0;-553.0;787.0;-598.0;-48.0;346.0;-522.0
-562.0;-555.0;791.0;-599.0;-46.0;349.0;-520.0
-555.0;-558.0;795.0;?;-46.0;350.0;-517.0
-548.0;-561.0;799.0;-608.0;-48.0;352.0;-514.0
-542.0;-562.0;802.0;-621.0;-48.0;349.0;-511.0
-537.0;-564.0;805.0;-637.0;-45.0;345.0;-511.0
-533.0;-566.0;808.0;-641.0;-42.0;?;-509.0
-529.0;-566.0;811.0;-640.0;-45.0;352.0;-504.0
-526.0;-569.0;815.0;-647.0;-43.0;357.0;-497.0
-521.0;-571.0;820.0;-654.0;-44.0;361.0;-491.0
-512.0;-571.0;827.0;-651.0;?;367.0;-487.0
-505.0;-569.0;834.0;-648.0;-47.0;373.0;-483.0
-502.0;-568.0;841.0;-648.0;-48.0;379.0;-479.0
-499.0;-565.0;846.0;-646.0;-45.0;386.0;-475.0
-497.0;-561.0;?;?;-45.0;?;-472.0
-496.0;-556.0;849.0;-634.0;-41.0;398.0;?
-496.0;-553.0;850.0;-630.0;-39.0;402.0;-468.0
-496.0;-550.0;851.0;-626.0;-38.0;404.0;-467.0
-496.0;-548.0;850.0;?;-40.0;406.0;-467.0
-494.0;-546.0;?;-618.0;-42.0;406.0;-468.0
-492.0;-543.0;850.0;?;-42.0;405.0;-470.0
-486.0;-539.0;?;-607.0;-34.0;403.0;-474.0
-482.0;-533.0;855.0;-609.0;-19.0;400.0;-478.0
-480.0;-532.0;853.0;-616.0;-11.0;392.0;-481.0
-479.0;-531.0;851.0;-615.0;-6.0;388.0;-486.0
-477.0;-532.0;850.0;-615.0;4.0;381.0;?
-477.0;-533.0;852.0;-615.0;24.0;373.0;-505.0
-477.0;-534.0;852.0;-622.0;44.0;361.0;-517.0
?;-534.0;849.0;-638.0;61.0;344.0;-531.0
-474.0;-536.0;848.0;-648.0;71.0;328.0;-545.0
?;?;851.0;-650.0;79.0;317.0;-557.0
-464.0;-540.0;853.0;-657.0;?;307.0;-567.0
-458.0;-542.0;854.0;-667.0;59.0;297.0;-574.0
-455.0;-546.0;853.0;?;49.0;287.0;-582.0
-454.0;-549.0;849.0;-677.0;40.0;279.0;-589.0
-453.0;-553.0;841.0;-678.0;35.0;269.0;-597.0
-454.0;-556.0;829.0;-682.0;29.0;260.0;-606.0
-453.0;-559.0;818.0;-686.0;19.0;255.0;-612.0
-448.0;?;809.0;-692.0;5.0;252.0;-615.0
-438.0;-560.0;800.0;-697.0;-15.0;251.0;-616.0
-424.0;-561.0;790.0;-702.0;-46.0;252.0;-616.0
-409.0;-563.0;785.0;-706.0;-68.0;253.0;-615.0
-397.0;-564.0;783.0;-707.0;-80.0;253.0;-613.0
-388.0;-563.0;782.0;-709.0;-85.0;252.0;-611.0
-378.0;-561.0;779.0;-710.0;-90.0;250.0;-611.0
-370.0;-559.0;773.0;-713.0;-99.0;248.0;-610.0
-362.0;-558.0;770.0;-713.0;-107.0;247.0;-608.0
-357.0;-557.0;770.0;-713.0;-114.0;?;-606.0
?;-558.0;776.0;-714.0;-117.0;247.0;-603.0
-359.0;-558.0;782.0;-714.0;-116.0;249.0;-598.0
-362.0;-557.0;789.0;-712.0;-109.0;253.0;-594.0
-371.0;-557.0;801.0;-711.0;-94.0;257.0;-591.0
-380.0;-554.0;816.0;-710.0;-69.0;261.0;-587.0
-386.0;-550.0;828.0;?;-40.0;268.0;-584.0
-387.0;-545.0;835.0;-707.0;-6.0;275.0;-581.0
-377.0;-537.0;841.0;-704.0;32.0;?;-576.0
-352.0;-529.0;852.0;-701.0;73.0;293.0;-570.0
-310.0;-520.0;870.0;-696.0;?;?;-564.0
-251.0;-512.0;896.0;-691.0;154.0;310.0;-559.0
-177.0;-503.0;922.0;-686.0;187.0;317.0;-555.0
-98.0;-495.0;944.0;-683.0;206.0;321.0;-552.0
-23.0;-489.0;959.0;-685.0;206.0;322.0;-549.0
31.0;-480.0;967.0;-686.0;197.0;?;-548.0
61.0;-474.0;973.0;-687.0;178.0;322.0;-547.0
75.0;-469.0;975.0;-688.0;155.0;321.0;-548.0
73.0;-467.0;977.0;-688.0;132.0;319.0;-548.0
67.0;-465.0;980.0;-689.0;?;317.0;-549.0
59.0;-464.0;982.0;-689.0;110.0;314.0;-551.0
52.0;-463.0;980.0;-686.0;114.0;314.0;-554.0
46.0;-462.0;979.0;-682.0;118.0;314.0;-557.0
42.0;-461.0;979.0;-678.0;121.0;?;-559.0
42.0;-459.0;978.0;-675.0;124.0;316.0;-560.0
?;-457.0;977.0;-671.0;125.0;319.0;?
44.0;-454.0;978.0;-666.0;125.0;322.0;-560.0
47.0;-452.0;977.0;-662.0;130.0;325.0;-560.0
52.0;-451.0;974.0;-659.0;138.0;328.0;-558.0
62.0;-449.0;971.0;-658.0;149.0;331.0;-556.0
76.0;-449.0;966.0;-657.0;160.0;333.0;-553.0
91.0;-449.0;960.0;-658.0;166.0;337.0;-549.0
102.0;-450.0;955.0;-657.0;172.0;342.0;?
101.0;-450.0;953.0;-656.0;183.0;347.0;-537.0
84.0;-451.0;950.0;-658.0;203.0;351.0;-533.0
54.0;-454.0;948.0;-656.0;224.0;357.0;-528.0
10.0;-456.0;945.0;-650.0;247.0;366.0;?
-45.0;-460.0;940.0;-644.0;263.0;376.0;-519.0
-101.0;?;937.0;-640.0;270.0;386.0;-513.0
-155.0;-467.0;933.0;-634.0;273.0;397.0;-507.0
-202.0;-470.0;928.0;-625.0;268.0;407.0;-500.0
-244.0;-473.0;922.0;-611.0;259.0;417.0;-495.0
?;-475.0;917.0;-594.0;252.0;428.0;-490.0
-305.0;-477.0;912.0;-580.0;246.0;?;-486.0
-324.0;?;907.0;?;245.0;442.0;-483.0
-336.0;-478.0;904.0;-573.0;247.0;445.0;-481.0
-343.0;-480.0;902.0;-574.0;?;448.0;-479.0
-348.0;-481.0;901.0;-573.0;249.0;453.0;-477.0
-352.0;-483.0;899.0;-571.0;252.0;458.0;-474.0
-357.0;?;897.0;-571.0;255.0;462.0;-471.0
-363.0;-487.0;895.0;-571.0;254.0;467.0;-468.0
-370.0;-489.0;894.0;-571.0;?;472.0;-464.0
-378.0;-490.0;891.0;-571.0;246.0;477.0;-460.0
-384.0;-489.0;?;-571.0;242.0;482.0;-456.0
-387.0;-487.0;889.0;-567.0;238.0;487.0;-453.0
-387.0;-486.0;890.0;-564.0;235.0;489.0;-454.0
-385.0;-486.0;892.0;-561.0;231.0;489.0;-455.0
-386.0;-485.0;?;-559.0;226.0;489.0;-455.0
-389.0;-483.0;892.0;-556.0;220.0;490.0;-454.0
-393.0;-480.0;891.0;-554.0;215.0;490.0;-454.0
-396.0;-478.0;891.0;-554.0;212.0;489.0;-454.0
-396.0;-478.0;890.0;-558.0;210.0;487.0;-454.0
?;-478.0;891.0;-560.0;208.0;486.0;-454.0
-395.0;?;891.0;-559.0;207.0;487.0;-454.0
-395.0;-477.0;891.0;-558.0;202.0;488.0;-453.0
-396.0;-475.0;892.0;-556.0;194.0;?;-453.0
-399.0;-474.0;892.0;-556.0;182.0;491.0;-451.0
-395.0;-473.0;894.0;-555.0;177.0;491.0;-451.0
-386.0;-475.0;898.0;-556.0;175.0;488.0;-453.0
-376.0;-475.0;900.0;-558.0;178.0;486.0;-454.0
-371.0;-475.0;901.0;-559.0;183.0;484.0;-456.0
-371.0;?;?;-559.0;188.0;485.0;-455.0
-377.0;-472.0;898.0;-560.0;188.0;486.0;-454.0
-385.0;-470.0;895.0;-559.0;183.0;489.0;-452.0
-390.0;-469.0;893.0;-559.0;177.0;490.0;-450.0
-391.0;-470.0;892.0;-563.0;174.0;490.0;-449.0
-382.0;-471.0;895.0;-564.0;175.0;489.0;-449.0
-367.0;-467.0;900.0;-566.0;178.0;485.0;-451.0
-347.0;-461.0;906.0;-569.0;177.0;477.0;-457.0
-323.0;-454.0;913.0;?;176.0;465.0;-466.0
-296.0;-448.0;919.0;-574.0;173.0;450.0;-476.0
-269.0;-441.0;923.0;-571.0;169.0;435.0;-491.0
?;-434.0;925.0;-568.0;164.0;421.0;-506.0
-213.0;-431.0;925.0;-562.0;158.0;410.0;-519.0
-186.0;-427.0;924.0;-553.0;153.0;401.0;-529.0
-162.0;-421.0;921.0;-544.0;148.0;393.0;?
-144.0;-413.0;919.0;-530.0;143.0;389.0;-548.0
-129.0;-404.0;918.0;-519.0;139.0;385.0;-556.0
-118.0;-397.0;917.0;-508.0;136.0;?;-561.0
-113.0;-392.0;916.0;-502.0;135.0;382.0;-564.0
-112.0;-390.0;916.0;-496.0;134.0;378.0;-568.0
-114.0;?;916.0;-488.0;?;?;-572.0
-118.0;-397.0;915.0;-481.0;138.0;376.0;-572.0
-124.0;-402.0;914.0;-476.0;143.0;374.0;-571.0
-130.0;-409.0;912.0;-468.0;?;375.0;-570.0
-136.0;-418.0;910.0;-464.0;154.0;376.0;-568.0
-143.0;-426.0;908.0;-461.0;159.0;376.0;-565.0
-151.0;-430.0;905.0;-456.0;162.0;378.0;-563.0
-157.0;-429.0;902.0;-445.0;165.0;389.0;-562.0
-162.0;-427.0;899.0;-441.0;168.0;410.0;-556.0
-165.0;-424.0;897.0;-440.0;170.0;442.0;-539.0
-168.0;-424.0;894.0;-441.0;?;480.0;-508.0
-172.0;-431.0;891.0;-438.0;176.0;523.0;?
-174.0;-444.0;889.0;-442.0;181.0;559.0;-414.0
-174.0;-454.0;886.0;-451.0;185.0;582.0;-358.0
-174.0;-454.0;883.0;-454.0;192.0;591.0;-309.0
?;-450.0;881.0;-440.0;199.0;590.0;-261.0
-170.0;-450.0;879.0;-416.0;207.0;579.0;-217.0
-169.0;-442.0;877.0;-401.0;213.0;561.0;-185.0
-168.0;-436.0;877.0;-369.0;218.0;553.0;-164.0
-166.0;-423.0;878.0;-344.0;222.0;541.0;-144.0
-163.0;-416.0;879.0;-346.0;225.0;524.0;-135.0
-159.0;-418.0;880.0;-360.0;228.0;506.0;-136.0
-152.0;-420.0;881.0;-376.0;231.0;490.0;-137.0
-144.0;-420.0;882.0;-387.0;233.0;476.0;-138.0
-136.0;-420.0;883.0;-393.0;236.0;466.0;-142.0
-129.0;-422.0;884.0;-400.0;236.0;459.0;-144.0
-123.0;-422.0;885.0;-402.0;236.0;453.0;-143.0
-118.0;-422.0;885.0;-408.0;235.0;446.0;?
-114.0;-423.0;886.0;-422.0;233.0;439.0;-141.0
-112.0;-428.0;886.0;-430.0;232.0;?;-144.0
-113.0;-431.0;885.0;-435.0;230.0;435.0;-148.0
-115.0;-435.0;885.0;-441.0;229.0;438.0;-148.0
-118.0;-435.0;885.0;-451.0;?;446.0;-149.0
-122.0;-436.0;886.0;-457.0;226.0;460.0;-148.0
-129.0;-435.0;888.0;-471.0;227.0;473.0;-150.0
?;-439.0;889.0;-504.0;230.0;481.0;-158.0
-145.0;-445.0;889.0;-552.0;236.0;?;-173.0
-155.0;-455.0;889.0;-619.0;243.0;475.0;-191.0
-166.0;-465.0;889.0;?;250.0;450.0;-211.0
-177.0;-474.0;888.0;-730.0;257.0;427.0;?
-188.0;-478.0;889.0;-747.0;259.0;410.0;-247.0
-194.0;-473.0;894.0;-757.0;257.0;396.0;-261.0
-195.0;-469.0;899.0;-770.0;254.0;374.0;-270.0
-194.0;-468.0;904.0;-777.0;247.0;356.0;-278.0
-197.0;-459.0;910.0;-772.0;238.0;358.0;-281.0
-200.0;-456.0;913.0;-765.0;221.0;366.0;-286.0
?;-454.0;916.0;-761.0;210.0;373.0;-288.0
-197.0;?;920.0;-756.0;204.0;380.0;-289.0
-193.0;?;922.0;-752.0;202.0;387.0;-289.0
-190.0;-446.0;924.0;-750.0;201.0;390.0;-289.0
-188.0;-444.0;925.0;-748.0;198.0;394.0;-287.0
-188.0;-443.0;926.0;-745.0;196.0;398.0;-284.0
-190.0;-443.0;928.0;-743.0;193.0;403.0;-281.0
-194.0;-442.0;928.0;-742.0;189.0;406.0;-279.0
-199.0;-444.0;929.0;-743.0;185.0;406.0;-278.0
-200.0;-447.0;931.0;-746.0;179.0;408.0;-277.0
-198.0;-451.0;?;?;172.0;411.0;-277.0
-192.0;-455.0;938.0;-748.0;168.0;415.0;-276.0
-182.0;-457.0;942.0;-745.0;168.0;419.0;-276.0
-173.0;-455.0;944.0;-743.0;170.0;421.0;-277.0
-164.0;-453.0;946.0;-743.0;174.0;419.0;?
-157.0;-452.0;946.0;-746.0;178.0;415.0;-279.0
-154.0;-452.0;944.0;-748.0;?;413.0;-279.0
-158.0;-451.0;?;-749.0;181.0;411.0;-279.0
-167.0;-451.0;936.0;-752.0;179.0;407.0;-278.0
-179.0;-452.0;?;-754.0;169.0;405.0;-277.0
-191.0;-453.0;933.0;-756.0;157.0;404.0;?
-197.0;-454.0;935.0;?;146.0;403.0;-277.0
-198.0;-453.0;938.0;-757.0;133.0;403.0;-277.0
?;-454.0;939.0;-757.0;127.0;404.0;-277.0
-194.0;-453.0;942.0;-756.0;126.0;?;-279.0
-188.0;-453.0;945.0;-756.0;128.0;405.0;-281.0
-181.0;-453.0;946.0;-756.0;128.0;405.0;-281.0
-177.0;-454.0;946.0;-757.0;126.0;404.0;-282.0
-174.0;-454.0;947.0;-757.0;126.0;403.0;-283.0
-171.0;-454.0;?;-758.0;123.0;399.0;-285.0
-173.0;-453.0;941.0;-760.0;122.0;395.0;-287.0
-181.0;-453.0;936.0;-761.0;123.0;393.0;-289.0
-192.0;-454.0;932.0;-764.0;120.0;389.0;-290.0
-201.0;-457.0;?;-768.0;112.0;386.0;-290.0
-200.0;-460.0;936.0;-769.0;100.0;387.0;-290.0
-190.0;?;940.0;-772.0;?;385.0;-291.0
-178.0;-463.0;945.0;-774.0;91.0;381.0;-292.0
-166.0;-460.0;947.0;-773.0;94.0;?;-292.0
-160.0;-458.0;947.0;-772.0;99.0;377.0;-293.0
-158.0;-458.0;945.0;-773.0;106.0;374.0;-294.0
-164.0;-457.0;940.0;-772.0;113.0;374.0;-295.0
-176.0;-457.0;934.0;-773.0;116.0;373.0;-295.0
-191.0;-458.0;930.0;-775.0;115.0;370.0;-295.0
-203.0;-459.0;931.0;-776.0;107.0;372.0;-295.0
-211.0;-459.0;933.0;-776.0;94.0;374.0;-295.0
-211.0;-460.0;937.0;-778.0;85.0;372.0;-296.0
-205.0;-461.0;940.0;-779.0;83.0;369.0;-297.0
-197.0;-458.0;942.0;-776.0;87.0;370.0;-298.0
-188.0;-456.0;941.0;-773.0;93.0;371.0;-298.0
-183.0;-455.0;938.0;-772.0;101.0;372.0;-298.0
-181.0;?;933.0;-770.0;110.0;373.0;-298.0
-183.0;-454.0;922.0;-770.0;119.0;373.0;-299.0
-193.0;-454.0;909.0;-772.0;122.0;371.0;-299.0
-200.0;-454.0;901.0;-771.0;124.0;371.0;-300.0
-207.0;-454.0;891.0;-770.0;115.0;?;-300.0
-213.0;-456.0;880.0;-769.0;103.0;369.0;-302.0
-215.0;-456.0;868.0;-770.0;90.0;368.0;-302.0
-216.0;-456.0;855.0;-770.0;75.0;368.0;-303.0
-214.0;-457.0;847.0;-770.0;62.0;369.0;-303.0
-204.0;-458.0;?;-769.0;54.0;372.0;-303.0
-192.0;-460.0;838.0;-771.0;49.0;371.0;-303.0
-181.0;-461.0;831.0;-770.0;49.0;373.0;-301.0
-171.0;-460.0;838.0;-769.0;53.0;375.0;-299.0
-160.0;-460.0;846.0;-769.0;58.0;376.0;-299.0
-152.0;-461.0;851.0;-770.0;66.0;376.0;-299.0
-150.0;-461.0;860.0;-770.0;75.0;376.0;-298.0
-156.0;-460.0;866.0;-771.0;85.0;375.0;-299.0
-171.0;?;868.0;-773.0;97.0;371.0;-300.0
-191.0;-456.0;?;-775.0;107.0;367.0;-300.0
-217.0;-456.0;864.0;-776.0;115.0;365.0;-298.0
?;-455.0;865.0;-776.0;120.0;363.0;-296.0
-263.0;-454.0;867.0;-775.0;122.0;362.0;-294.0
?;-453.0;871.0;?;117.0;360.0;-292.0
-292.0;-453.0;879.0;-774.0;108.0;360.0;-291.0
-298.0;-453.0;889.0;?;99.0;360.0;-290.0
-296.0;?;896.0;-774.0;88.0;361.0;-289.0
-294.0;-458.0;898.0;-776.0;78.0;360.0;-289.0
-292.0;-459.0;901.0;-776.0;72.0;364.0;-287.0
-288.0;-459.0;903.0;-776.0;67.0;367.0;?
-281.0;-459.0;906.0;-777.0;65.0;369.0;-281.0
-274.0;-457.0;909.0;-776.0;?;370.0;-279.0
?;-456.0;911.0;-775.0;67.0;371.0;-277.0
-257.0;-454.0;913.0;-773.0;68.0;372.0;-275.0
-249.0;-453.0;916.0;-772.0;68.0;374.0;-275.0
-239.0;-453.0;917.0;-771.0;68.0;374.0;-276.0
-232.0;-453.0;917.0;-772.0;70.0;371.0;-278.0
-230.0;-452.0;916.0;-772.0;76.0;371.0;-278.0
-233.0;-452.0;?;-773.0;85.0;369.0;-279.0
-238.0;-453.0;907.0;-774.0;95.0;368.0;-278.0
-247.0;-453.0;902.0;-774.0;100.0;369.0;-277.0
-258.0;-453.0;900.0;-774.0;100.0;369.0;-276.0
-268.0;-455.0;898.0;-773.0;94.0;371.0;-275.0
-271.0;-456.0;900.0;-771.0;83.0;376.0;-274.0
-268.0;-460.0;903.0;-774.0;?;377.0;-278.0
-260.0;-464.0;906.0;?;80.0;374.0;-282.0
-248.0;-467.0;909.0;-781.0;83.0;372.0;-285.0
-234.0;-470.0;912.0;-784.0;87.0;370.0;-288.0
-217.0;-472.0;916.0;-786.0;94.0;369.0;-290.0
-198.0;-472.0;918.0;-785.0;103.0;371.0;-291.0
-178.0;-470.0;920.0;-784.0;118.0;373.0;-291.0
-162.0;-468.0;920.0;-782.0;135.0;375.0;-291.0
-149.0;-465.0;919.0;-778.0;?;377.0;-293.0
-136.0;-461.0;916.0;-772.0;173.0;?;-298.0
-128.0;-456.0;909.0;-766.0;193.0;381.0;-307.0
-124.0;-451.0;899.0;-762.0;210.0;380.0;-318.0
-124.0;?;888.0;-759.0;220.0;378.0;-325.0
-126.0;-442.0;878.0;-758.0;225.0;375.0;-331.0
-129.0;-444.0;871.0;-762.0;229.0;369.0;-335.0
-127.0;-450.0;872.0;?;233.0;363.0;-335.0
-125.0;-457.0;876.0;-772.0;242.0;361.0;-335.0
-120.0;-462.0;883.0;-773.0;257.0;364.0;-333.0
-108.0;-466.0;?;-771.0;273.0;371.0;-327.0
-88.0;?;901.0;-770.0;287.0;379.0;-319.0
-62.0;-474.0;911.0;-770.0;294.0;387.0;-311.0
?;-479.0;924.0;-771.0;288.0;392.0;-302.0
?;-482.0;935.0;-771.0;271.0;394.0;-293.0
22.0;-485.0;944.0;-770.0;244.0;396.0;-284.0
39.0;-486.0;949.0;-771.0;214.0;393.0;-279.0
54.0;-488.0;952.0;-773.0;191.0;389.0;-276.0
66.0;-489.0;951.0;-773.0;177.0;384.0;-273.0
72.0;-488.0;?;-775.0;169.0;379.0;-271.0
75.0;-487.0;952.0;-775.0;165.0;373.0;-271.0
75.0;-484.0;951.0;-772.0;166.0;371.0;-270.0
72.0;-481.0;950.0;-770.0;169.0;367.0;-271.0
66.0;-480.0;949.0;?;172.0;362.0;-274.0
?;-478.0;949.0;-768.0;177.0;359.0;-275.0
57.0;-477.0;?;-765.0;180.0;359.0;-276.0
50.0;-475.0;949.0;-763.0;?;358.0;-274.0
42.0;-473.0;949.0;-755.0;184.0;359.0;-272.0
36.0;-470.0;951.0;-746.0;186.0;363.0;-270.0
30.0;-466.0;951.0;-737.0;187.0;365.0;-270.0
24.0;?;951.0;-729.0;185.0;366.0;-269.0
22.0;-461.0;952.0;-721.0;184.0;?;-268.0
21.0;-459.0;952.0;-715.0;185.0;368.0;-267.0
19.0;-457.0;952.0;-713.0;185.0;367.0;?
19.0;?;952.0;-714.0;186.0;365.0;-268.0
19.0;-453.0;952.0;-713.0;186.0;368.0;-269.0
19.0;-455.0;952.0;-713.0;185.0;373.0;-269.0
21.0;-460.0;953.0;-722.0;185.0;374.0;-269.0
20.0;-464.0;954.0;-729.0;188.0;375.0;-268.0
16.0;-469.0;954.0;-733.0;194.0;379.0;-269.0
6.0;-475.0;953.0;-737.0;203.0;384.0;-270.0
-11.0;-482.0;951.0;-735.0;217.0;394.0;-272.0
-35.0;-489.0;946.0;-738.0;233.0;?;-278.0
-68.0;-498.0;938.0;-737.0;250.0;409.0;-285.0
-108.0;-505.0;928.0;?;264.0;420.0;-297.0
-154.0;-515.0;915.0;-727.0;276.0;432.0;-316.0
-203.0;-526.0;898.0;-726.0;282.0;439.0;-340.0
-251.0;-536.0;881.0;-723.0;281.0;440.0;-367.0
-301.0;-541.0;862.0;-699.0;275.0;439.0;-396.0
-350.0;-548.0;843.0;-667.0;262.0;?;-431.0
-394.0;-557.0;825.0;?;246.0;386.0;-468.0
-433.0;-563.0;807.0;-629.0;227.0;338.0;-501.0
-467.0;-570.0;793.0;-626.0;209.0;293.0;-524.0
-496.0;-577.0;783.0;-633.0;194.0;260.0;-537.0
-519.0;-583.0;779.0;-662.0;190.0;234.0;-539.0
-532.0;-596.0;782.0;-707.0;187.0;218.0;-534.0
-535.0;-609.0;?;-750.0;176.0;209.0;-525.0
-529.0;-619.0;804.0;-782.0;144.0;207.0;-514.0
-522.0;-628.0;818.0;-801.0;113.0;212.0;-502.0
-508.0;-634.0;834.0;-811.0;90.0;220.0;-490.0
-495.0;-637.0;850.0;-818.0;64.0;228.0;-480.0
-484.0;-639.0;860.0;-823.0;43.0;234.0;-471.0
-472.0;-638.0;?;-822.0;29.0;239.0;-463.0
-462.0;?;873.0;-821.0;11.0;?;-458.0
-455.0;-635.0;874.0;-819.0;?;247.0;-452.0
-450.0;-634.0;876.0;-815.0;-14.0;250.0;?
-446.0;-634.0;880.0;-805.0;-16.0;253.0;-442.0
-442.0;-634.0;881.0;-804.0;-21.0;255.0;-440.0
?;-635.0;882.0;-804.0;-24.0;256.0;-440.0
-436.0;-634.0;882.0;-798.0;-24.0;260.0;-439.0
-437.0;-632.0;879.0;-793.0;-22.0;265.0;-441.0
-439.0;-631.0;877.0;-789.0;-15.0;272.0;-444.0
-439.0;-630.0;876.0;-766.0;-3.0;284.0;-444.0
-440.0;-626.0;872.0;-742.0;8.0;299.0;-445.0
-439.0;-625.0;868.0;-715.0;19.0;316.0;-446.0
-436.0;-621.0;861.0;-683.0;29.0;332.0;?
-429.0;-613.0;852.0;-642.0;36.0;352.0;-447.0
-421.0;-605.0;842.0;-603.0;37.0;373.0;-446.0
-412.0;-593.0;832.0;-571.0;34.0;392.0;?
-401.0;-578.0;825.0;-540.0;31.0;408.0;-439.0
-389.0;-564.0;824.0;-506.0;?;424.0;-435.0
-378.0;-551.0;824.0;-474.0;19.0;436.0;-430.0
-368.0;-538.0;825.0;-452.0;13.0;444.0;-428.0
-359.0;-530.0;831.0;-440.0;10.0;450.0;-428.0
-351.0;-526.0;834.0;-434.0;9.0;452.0;-427.0
-345.0;-523.0;831.0;-431.0;7.0;453.0;-428.0
-344.0;-523.0;829.0;-431.0;6.0;452.0;?
-345.0;-523.0;828.0;?;7.0;451.0;-431.0
-350.0;-522.0;829.0;-429.0;8.0;450.0;-434.0
-356.0;-522.0;830.0;-429.0;11.0;?;-437.0
-361.0;?;831.0;-429.0;12.0;447.0;-441.0
-365.0;-520.0;832.0;-432.0;13.0;443.0;-445.0
?;-519.0;831.0;-429.0;15.0;441.0;-447.0
-368.0;?;829.0;-430.0;16.0;438.0;-450.0
-368.0;-521.0;828.0;-432.0;17.0;434.0;-452.0
-365.0;-521.0;828.0;?;19.0;431.0;-455.0
-362.0;-521.0;827.0;-438.0;?;429.0;-456.0
-361.0;-520.0;827.0;-439.0;15.0;429.0;-456.0
-364.0;-520.0;826.0;-440.0;15.0;429.0;-457.0
-366.0;-521.0;825.0;-440.0;14.0;430.0;-458.0
-367.0;-520.0;826.0;-443.0;16.0;428.0;-460.0
-368.0;?;825.0;-444.0;20.0;428.0;-461.0
-368.0;-515.0;822.0;-446.0;21.0;429.0;-461.0
-370.0;-511.0;818.0;-447.0;19.0;430.0;-461.0
-373.0;-510.0;811.0;-450.0;12.0;431.0;-461.0
-377.0;-508.0;804.0;-453.0;3.0;430.0;-463.0
-384.0;?;799.0;-454.0;-7.0;428.0;-467.0
-393.0;-502.0;795.0;-452.0;-16.0;427.0;-472.0
-399.0;-501.0;790.0;-453.0;-26.0;421.0;-480.0
-404.0;-500.0;784.0;-455.0;-36.0;414.0;-490.0
-406.0;-501.0;774.0;-453.0;-47.0;403.0;-500.0
-407.0;-505.0;757.0;-455.0;-60.0;391.0;-511.0
-409.0;-510.0;739.0;-456.0;-76.0;376.0;-524.0
-417.0;-517.0;733.0;-456.0;-85.0;360.0;-536.0
-426.0;-527.0;732.0;-459.0;-91.0;346.0;-547.0
-434.0;-533.0;732.0;-460.0;-96.0;340.0;-553.0
-442.0;-535.0;730.0;-457.0;-100.0;339.0;-554.0
-450.0;-538.0;732.0;-455.0;-99.0;338.0;-553.0
-458.0;-542.0;737.0;-456.0;?;335.0;-552.0
-461.0;-545.0;745.0;-459.0;-94.0;331.0;-552.0
-461.0;-546.0;748.0;-460.0;-91.0;328.0;-552.0
-456.0;-548.0;?;-462.0;-92.0;?;-551.0
-451.0;-551.0;746.0;-465.0;-96.0;323.0;-549.0
-447.0;-556.0;?;-468.0;-99.0;?;-546.0
?;-559.0;749.0;-467.0;-103.0;322.0;-541.0
?;-561.0;752.0;-463.0;-108.0;322.0;-536.0
-445.0;-562.0;756.0;-458.0;-108.0;321.0;-531.0
-445.0;-564.0;764.0;-449.0;-107.0;322.0;-526.0
-444.0;-568.0;773.0;-446.0;-107.0;321.0;-521.0
-443.0;-570.0;781.0;-449.0;-107.0;319.0;-517.0
-440.0;-574.0;789.0;-452.0;-102.0;315.0;-514.0
-438.0;?;791.0;-455.0;-97.0;311.0;-509.0
-438.0;-579.0;790.0;-460.0;-95.0;307.0;-505.0
-442.0;-582.0;791.0;-466.0;-89.0;302.0;-502.0
-445.0;-584.0;794.0;-470.0;?;298.0;-501.0
-448.0;-586.0;796.0;-474.0;-66.0;296.0;-502.0
-446.0;-586.0;798.0;-478.0;-54.0;297.0;-503.0
-438.0;-584.0;?;-484.0;-41.0;302.0;?
-421.0;-583.0;808.0;-490.0;-26.0;316.0;-504.0
-398.0;-577.0;818.0;-487.0;-14.0;339.0;-497.0
-371.0;?;827.0;-492.0;-2.0;367.0;?
-339.0;-567.0;840.0;-497.0;14.0;397.0;-463.0
-307.0;-565.0;848.0;-491.0;27.0;422.0;-437.0
-277.0;?;850.0;-482.0;40.0;443.0;?
-250.0;-557.0;851.0;-474.0;58.0;460.0;-379.0
-228.0;?;849.0;-456.0;77.0;471.0;-345.0
-211.0;-555.0;843.0;-436.0;97.0;471.0;-313.0
-201.0;-562.0;835.0;-431.0;115.0;456.0;-284.0
-198.0;-564.0;826.0;-414.0;128.0;430.0;-257.0
-201.0;-564.0;818.0;-398.0;134.0;396.0;-230.0
-207.0;-564.0;812.0;-403.0;138.0;359.0;-219.0
-212.0;-560.0;806.0;-409.0;?;322.0;-211.0
-216.0;-549.0;?;-409.0;144.0;291.0;-212.0
-218.0;-540.0;797.0;?;148.0;267.0;-222.0
-218.0;-537.0;794.0;-419.0;153.0;248.0;-229.0
-217.0;-533.0;791.0;?;157.0;225.0;-235.0
-214.0;-533.0;789.0;-458.0;159.0;?;-241.0
-212.0;-530.0;786.0;-467.0;159.0;184.0;-247.0
-209.0;-521.0;781.0;-456.0;158.0;178.0;-253.0
-208.0;-510.0;776.0;-433.0;158.0;175.0;-254.0
?;-501.0;771.0;-440.0;156.0;172.0;?
-209.0;-503.0;767.0;-462.0;156.0;170.0;-265.0
-212.0;-502.0;764.0;-467.0;157.0;?;-273.0
-216.0;-500.0;764.0;-459.0;158.0;196.0;-279.0
-218.0;?;764.0;-447.0;157.0;217.0;-287.0
-221.0;-501.0;765.0;-433.0;157.0;243.0;-296.0
-223.0;-499.0;767.0;?;157.0;278.0;-307.0
?;-492.0;769.0;-356.0;158.0;322.0;-320.0
?;-485.0;771.0;-333.0;160.0;362.0;-334.0
-237.0;-480.0;773.0;-329.0;161.0;395.0;-346.0
-249.0;-475.0;?;-322.0;163.0;423.0;-357.0
-265.0;-471.0;773.0;-320.0;171.0;446.0;-362.0
-287.0;-467.0;768.0;-322.0;184.0;462.0;-365.0
-311.0;-461.0;760.0;-311.0;200.0;478.0;-366.0
-340.0;?;750.0;-297.0;219.0;489.0;-365.0
-368.0;-453.0;?;-299.0;238.0;496.0;-361.0
-394.0;-454.0;730.0;-298.0;256.0;503.0;-357.0
-417.0;-456.0;724.0;-281.0;275.0;511.0;-354.0
-438.0;-457.0;718.0;-265.0;289.0;?;-349.0
-455.0;-458.0;713.0;-257.0;299.0;527.0;-343.0
-470.0;-461.0;708.0;-248.0;294.0;533.0;?
-487.0;?;706.0;-243.0;280.0;539.0;-336.0
-503.0;-464.0;706.0;-241.0;271.0;543.0;-330.0
-520.0;-472.0;706.0;-240.0;265.0;548.0;-324.0
-531.0;?;705.0;-247.0;256.0;?;-314.0
-536.0;-499.0;707.0;-258.0;?;554.0;-303.0
-534.0;-516.0;710.0;-275.0;239.0;552.0;-292.0
-529.0;-532.0;709.0;-304.0;218.0;547.0;-280.0
-516.0;-545.0;705.0;-338.0;181.0;539.0;-271.0
-504.0;-555.0;691.0;-381.0;138.0;530.0;-264.0
-493.0;-564.0;683.0;-414.0;111.0;519.0;-262.0
-479.0;-573.0;686.0;-441.0;102.0;508.0;-266.0
-466.0;-582.0;690.0;-480.0;95.0;496.0;-269.0
-454.0;-589.0;692.0;-523.0;86.0;483.0;-274.0
-446.0;-592.0;697.0;-558.0;81.0;467.0;-278.0
-440.0;-594.0;700.0;-582.0;?;457.0;-282.0
-436.0;-599.0;699.0;-606.0;75.0;448.0;-284.0
-436.0;-604.0;696.0;-634.0;73.0;437.0;-289.0
-432.0;-609.0;693.0;-665.0;72.0;424.0;-297.0
-430.0;-618.0;687.0;-689.0;70.0;410.0;-308.0
-427.0;-624.0;680.0;?;68.0;396.0;?
-423.0;-628.0;671.0;-733.0;69.0;381.0;-333.0
-421.0;-628.0;663.0;-753.0;73.0;365.0;-347.0
-422.0;-626.0;659.0;-764.0;82.0;351.0;-362.0
-426.0;-626.0;652.0;-777.0;89.0;334.0;-376.0
-429.0;?;650.0;-797.0;96.0;316.0;-384.0
-432.0;-631.0;651.0;-812.0;?;304.0;-383.0
?;-634.0;648.0;-814.0;113.0;307.0;-379.0
?;-637.0;643.0;-813.0;106.0;314.0;-373.0
-437.0;-639.0;648.0;-811.0;99.0;?;-367.0
-432.0;-639.0;656.0;-816.0;94.0;320.0;-364.0
-428.0;-639.0;661.0;-814.0;92.0;325.0;-364.0
-423.0;-643.0;659.0;-814.0;91.0;330.0;-363.0
-418.0;-647.0;651.0;-816.0;88.0;335.0;-359.0
-415.0;-649.0;649.0;-815.0;88.0;339.0;-357.0
-411.0;?;652.0;-813.0;89.0;341.0;-354.0
-409.0;-647.0;656.0;-809.0;89.0;344.0;-350.0
?;-646.0;658.0;-807.0;87.0;346.0;-347.0
-402.0;-647.0;?;-808.0;84.0;345.0;-346.0
-399.0;-650.0;658.0;-809.0;83.0;344.0;-344.0
-395.0;-651.0;659.0;-810.0;81.0;343.0;-341.0
-390.0;-651.0;657.0;-813.0;77.0;339.0;-340.0
-388.0;-654.0;655.0;?;75.0;335.0;-339.0
-385.0;-655.0;655.0;-819.0;71.0;331.0;-337.0
-380.0;-655.0;659.0;-819.0;66.0;328.0;-336.0
-375.0;-656.0;?;-821.0;63.0;323.0;-333.0
-369.0;-656.0;667.0;-824.0;62.0;319.0;?
-364.0;-657.0;670.0;-826.0;61.0;317.0;-331.0
-359.0;?;670.0;-827.0;59.0;316.0;-330.0
-355.0;-657.0;670.0;-829.0;57.0;311.0;-329.0
-351.0;-656.0;674.0;-831.0;56.0;306.0;-330.0
-347.0;?;675.0;-831.0;54.0;303.0;-330.0
-342.0;-652.0;676.0;-833.0;?;298.0;-331.0
-337.0;-649.0;677.0;-833.0;47.0;293.0;-335.0
-332.0;-648.0;678.0;-834.0;44.0;290.0;-338.0
-328.0;-646.0;679.0;-834.0;40.0;288.0;-340.0
-323.0;-646.0;681.0;-835.0;36.0;286.0;-343.0
-317.0;-646.0;685.0;-839.0;33.0;279.0;-346.0
-312.0;-645.0;686.0;-839.0;30.0;279.0;-348.0
-310.0;-644.0;686.0;-839.0;30.0;278.0;-349.0
-309.0;-644.0;689.0;-840.0;31.0;274.0;-349.0
-307.0;-641.0;692.0;-840.0;32.0;272.0;-349.0
-303.0;?;692.0;-840.0;33.0;271.0;-349.0
-301.0;-641.0;693.0;-843.0;33.0;268.0;-349.0
-302.0;-643.0;?;-846.0;34.0;268.0;-349.0
-308.0;-644.0;703.0;-848.0;38.0;273.0;-346.0
-316.0;-645.0;715.0;-849.0;48.0;278.0;?
-327.0;-646.0;725.0;?;59.0;?;-342.0
-340.0;-647.0;734.0;-848.0;73.0;297.0;-337.0
-353.0;-648.0;745.0;-847.0;92.0;?;-331.0
-363.0;-651.0;747.0;-846.0;109.0;320.0;-326.0
-374.0;-653.0;740.0;-844.0;112.0;334.0;-318.0
-383.0;-655.0;731.0;-842.0;105.0;347.0;-309.0
-389.0;-658.0;727.0;-840.0;95.0;360.0;-302.0
-391.0;-661.0;730.0;-837.0;84.0;372.0;-295.0
-391.0;-664.0;729.0;-834.0;74.0;382.0;-289.0
-392.0;-665.0;723.0;-828.0;67.0;388.0;-285.0
-396.0;-659.0;716.0;?;65.0;388.0;-285.0
-402.0;-658.0;718.0;-819.0;69.0;389.0;-286.0
-404.0;-660.0;717.0;-819.0;70.0;389.0;-285.0
-402.0;-662.0;710.0;-823.0;67.0;385.0;-284.0
-401.0;-664.0;707.0;-827.0;62.0;380.0;-282.0
-400.0;-664.0;709.0;-830.0;60.0;374.0;-281.0
-399.0;?;708.0;-832.0;54.0;369.0;-280.0
-401.0;-661.0;702.0;-828.0;47.0;370.0;-277.0
-403.0;-661.0;701.0;-828.0;42.0;?;-273.0
-401.0;-661.0;703.0;-831.0;40.0;364.0;-271.0
-395.0;-660.0;?;-832.0;38.0;359.0;-268.0
-393.0;-659.0;701.0;-832.0;32.0;353.0;-266.0
-394.0;-660.0;703.0;?;27.0;344.0;-265.0
-393.0;-659.0;706.0;-840.0;25.0;337.0;-266.0
-390.0;-657.0;709.0;-840.0;24.0;333.0;-266.0
-385.0;-657.0;711.0;-841.0;25.0;331.0;?
-382.0;-657.0;708.0;-841.0;26.0;333.0;-267.0
-382.0;-657.0;708.0;-838.0;26.0;338.0;-266.0
-384.0;-658.0;707.0;-837.0;25.0;343.0;-264.0
-385.0;?;707.0;-837.0;25.0;346.0;-262.0
-386.0;-658.0;707.0;?;27.0;347.0;-260.0
-387.0;-656.0;706.0;-835.0;26.0;346.0;-260.0
-389.0;-656.0;704.0;-838.0;22.0;343.0;-262.0
-391.0;-655.0;708.0;-838.0;25.0;341.0;-264.0
-389.0;-653.0;708.0;-837.0;27.0;341.0;-268.0
?;-651.0;707.0;-833.0;28.0;?;-275.0
-388.0;-646.0;707.0;-826.0;32.0;347.0;-287.0
-391.0;-639.0;709.0;-816.0;38.0;352.0;-304.0
-395.0;-630.0;709.0;-807.0;49.0;355.0;-323.0
-399.0;-623.0;708.0;-797.0;62.0;358.0;-345.0
-403.0;-613.0;711.0;-785.0;76.0;358.0;-367.0
-408.0;-605.0;714.0;-781.0;88.0;356.0;-386.0
-415.0;-603.0;715.0;-787.0;96.0;?;-403.0
-423.0;-597.0;720.0;?;101.0;347.0;-412.0
-432.0;-589.0;727.0;-775.0;107.0;353.0;-413.0
-442.0;-587.0;731.0;-775.0;112.0;355.0;-410.0
-450.0;-589.0;731.0;-780.0;111.0;351.0;-408.0
?;-588.0;733.0;-778.0;109.0;353.0;-405.0
-464.0;-585.0;736.0;-775.0;111.0;356.0;-401.0
-468.0;-579.0;737.0;-771.0;115.0;358.0;-398.0
-472.0;-573.0;738.0;-764.0;115.0;360.0;-395.0
-473.0;-567.0;741.0;-759.0;116.0;362.0;-392.0
-473.0;-564.0;744.0;-758.0;116.0;362.0;-389.0
-471.0;-562.0;750.0;-759.0;116.0;357.0;-391.0
-465.0;-560.0;757.0;-759.0;117.0;353.0;-390.0
-459.0;-558.0;762.0;-760.0;116.0;350.0;-391.0
-456.0;-556.0;764.0;-762.0;113.0;345.0;-391.0
-455.0;-556.0;765.0;-764.0;113.0;342.0;-392.0
?;-556.0;764.0;-763.0;111.0;341.0;-393.0
-459.0;?;?;-764.0;?;338.0;-396.0
-461.0;-555.0;762.0;-765.0;112.0;332.0;-398.0
-461.0;-557.0;765.0;-767.0;113.0;330.0;-400.0
-459.0;-558.0;768.0;-767.0;114.0;331.0;-400.0
-455.0;-557.0;767.0;-764.0;114.0;333.0;-400.0
-451.0;-558.0;765.0;-764.0;116.0;335.0;-401.0
-448.0;-561.0;763.0;?;120.0;335.0;-403.0
-442.0;-565.0;?;?;128.0;333.0;-405.0
-429.0;-568.0;772.0;-778.0;138.0;330.0;-406.0
-410.0;-570.0;772.0;-786.0;142.0;326.0;-408.0
-388.0;?;766.0;-794.0;137.0;321.0;-410.0
-371.0;?;757.0;-800.0;119.0;?;-411.0
-359.0;-565.0;747.0;-805.0;93.0;313.0;-411.0
-343.0;-558.0;737.0;-806.0;65.0;309.0;-409.0
-324.0;-548.0;722.0;-802.0;40.0;309.0;-406.0
-310.0;-536.0;704.0;-792.0;21.0;311.0;-401.0
-299.0;-529.0;708.0;-783.0;19.0;316.0;-398.0
-285.0;-522.0;713.0;-775.0;23.0;319.0;-395.0
-277.0;-519.0;709.0;-770.0;26.0;321.0;-393.0
-276.0;-516.0;703.0;-765.0;23.0;324.0;-392.0
-275.0;-512.0;700.0;-759.0;18.0;330.0;?
-275.0;-510.0;696.0;?;12.0;?;-393.0
-274.0;-508.0;692.0;-736.0;8.0;351.0;-399.0
-276.0;-506.0;688.0;-715.0;9.0;367.0;-408.0
-279.0;-506.0;687.0;-689.0;13.0;386.0;-420.0
-280.0;-506.0;686.0;-656.0;19.0;419.0;-434.0
-280.0;?;688.0;-616.0;25.0;462.0;-442.0
-280.0;-512.0;689.0;-575.0;29.0;509.0;-438.0
-283.0;-525.0;691.0;-546.0;?;548.0;-426.0
-287.0;-543.0;692.0;-507.0;30.0;580.0;-410.0
?;?;691.0;-464.0;29.0;607.0;-394.0
-304.0;-543.0;689.0;-433.0;29.0;626.0;-374.0
-315.0;-517.0;?;-402.0;30.0;633.0;-356.0
-325.0;-488.0;686.0;-369.0;32.0;631.0;-347.0
-333.0;-464.0;684.0;-340.0;32.0;625.0;-345.0
-339.0;-455.0;686.0;-336.0;34.0;614.0;-353.0
-335.0;-461.0;695.0;-346.0;37.0;604.0;-365.0
-329.0;-468.0;699.0;-355.0;43.0;596.0;-373.0
-325.0;-471.0;700.0;-363.0;46.0;586.0;-384.0
-320.0;-473.0;706.0;-375.0;52.0;577.0;-396.0
-313.0;-475.0;713.0;-383.0;59.0;568.0;-408.0
-303.0;-478.0;726.0;-391.0;68.0;559.0;-419.0
-286.0;-483.0;745.0;-399.0;80.0;547.0;-432.0
-265.0;-487.0;759.0;?;94.0;531.0;-448.0
?;-489.0;773.0;-422.0;112.0;515.0;-464.0
-213.0;-492.0;786.0;-431.0;133.0;498.0;-479.0
-191.0;-494.0;796.0;-439.0;149.0;482.0;-493.0
-183.0;-496.0;806.0;-444.0;156.0;468.0;-505.0
-185.0;-498.0;818.0;-447.0;156.0;?;-514.0
-197.0;-501.0;828.0;-450.0;?;449.0;-519.0
-218.0;-503.0;834.0;-454.0;143.0;444.0;-521.0
-244.0;-505.0;837.0;-455.0;133.0;442.0;-522.0
-270.0;-508.0;840.0;-458.0;124.0;442.0;-520.0
-295.0;-510.0;843.0;-462.0;114.0;443.0;-518.0
-315.0;-512.0;846.0;-464.0;105.0;445.0;-515.0
-333.0;-513.0;848.0;-467.0;97.0;446.0;-513.0
-348.0;-514.0;850.0;-469.0;89.0;447.0;-511.0
-359.0;-516.0;855.0;-472.0;75.0;448.0;-509.0
-369.0;-517.0;?;?;63.0;448.0;-506.0
-377.0;-518.0;866.0;-475.0;56.0;449.0;-504.0
?;-519.0;871.0;-477.0;51.0;450.0;-502.0
-375.0;-520.0;873.0;-478.0;47.0;451.0;-499.0
-370.0;?;872.0;-479.0;47.0;453.0;-497.0
-363.0;-522.0;872.0;-481.0;50.0;455.0;-494.0
-353.0;-522.0;873.0;-482.0;53.0;458.0;-490.0
-341.0;-521.0;875.0;-481.0;58.0;462.0;-485.0
?;-521.0;876.0;-479.0;66.0;466.0;-479.0
-324.0;-519.0;877.0;-476.0;?;470.0;-473.0
-316.0;-518.0;880.0;-472.0;81.0;475.0;-467.0
-307.0;-517.0;883.0;-466.0;85.0;480.0;-459.0
-299.0;-516.0;887.0;-461.0;85.0;484.0;-451.0
-294.0;-514.0;889.0;-455.0;83.0;487.0;-443.0
-289.0;-513.0;891.0;-449.0;82.0;490.0;-436.0
-279.0;-511.0;894.0;-444.0;88.0;493.0;-429.0
-263.0;-509.0;897.0;-438.0;103.0;496.0;-423.0
-237.0;-507.0;901.0;-433.0;126.0;500.0;-418.0
-200.0;-505.0;907.0;-430.0;152.0;505.0;?
-154.0;-505.0;918.0;-429.0;179.0;508.0;-409.0
-108.0;-503.0;929.0;-428.0;199.0;511.0;-407.0
-71.0;-502.0;936.0;-429.0;211.0;512.0;-405.0
?;-503.0;942.0;-431.0;208.0;513.0;-402.0
-27.0;-504.0;946.0;-436.0;195.0;513.0;-400.0
-23.0;-505.0;946.0;?;181.0;513.0;-398.0
-27.0;-505.0;947.0;-439.0;174.0;513.0;-396.0
-29.0;-506.0;948.0;-440.0;176.0;511.0;-394.0
-33.0;-506.0;944.0;-441.0;181.0;509.0;-391.0
-36.0;-507.0;?;-443.0;183.0;507.0;-390.0
-40.0;-507.0;?;-443.0;184.0;505.0;-389.0
-42.0;-506.0;943.0;-442.0;183.0;505.0;-387.0
-43.0;-505.0;939.0;-440.0;183.0;?;-387.0
-46.0;-505.0;932.0;-439.0;185.0;506.0;-387.0
-49.0;-505.0;922.0;-438.0;190.0;507.0;-387.0
-57.0;-505.0;908.0;?;193.0;507.0;-386.0
-70.0;-505.0;896.0;-439.0;193.0;510.0;-385.0
-84.0;-504.0;891.0;-437.0;188.0;513.0;-384.0
-98.0;-504.0;891.0;-436.0;180.0;517.0;-382.0
-117.0;-502.0;886.0;-436.0;170.0;521.0;-380.0
-144.0;-501.0;878.0;-432.0;?;527.0;-379.0
-174.0;-500.0;866.0;-431.0;?;530.0;-379.0
-205.0;-499.0;856.0;-430.0;?;532.0;?
-236.0;-499.0;848.0;-431.0;114.0;533.0;-382.0
-266.0;-499.0;840.0;-433.0;102.0;533.0;?
?;-499.0;831.0;-433.0;85.0;532.0;-383.0
-316.0;-498.0;821.0;-435.0;72.0;531.0;-383.0
-336.0;-497.0;817.0;-436.0;?;531.0;-381.0
-353.0;-497.0;817.0;-437.0;56.0;531.0;-380.0
-361.0;-496.0;?;-438.0;53.0;533.0;-379.0
-366.0;-496.0;821.0;-438.0;54.0;?;?
-371.0;-497.0;821.0;-440.0;?;537.0;-376.0
-376.0;-498.0;823.0;-442.0;?;540.0;-373.0
-376.0;-497.0;827.0;?;?;546.0;-369.0
-375.0;-498.0;831.0;-443.0;61.0;550.0;-365.0
-372.0;-497.0;835.0;-444.0;64.0;554.0;-363.0
-369.0;-498.0;837.0;-448.0;66.0;557.0;-361.0
-366.0;-498.0;840.0;-452.0;68.0;559.0;-360.0
-361.0;-498.0;?;-456.0;71.0;559.0;-360.0
-356.0;-498.0;845.0;-459.0;72.0;560.0;-360.0
-352.0;-498.0;847.0;-461.0;70.0;559.0;-361.0
-348.0;-499.0;848.0;-464.0;67.0;556.0;-363.0
-347.0;-499.0;847.0;-466.0;?;554.0;-364.0
-347.0;-499.0;847.0;-468.0;67.0;554.0;-364.0
-347.0;-499.0;846.0;-472.0;67.0;554.0;-364.0
-349.0;-497.0;844.0;-472.0;65.0;555.0;-364.0
-350.0;-497.0;843.0;-473.0;64.0;555.0;-363.0
-351.0;-499.0;842.0;?;64.0;551.0;-363.0
-351.0;-502.0;840.0;-486.0;64.0;545.0;-363.0
-351.0;-506.0;838.0;-503.0;66.0;533.0;-364.0
-351.0;-509.0;836.0;-525.0;69.0;522.0;?
-351.0;-508.0;833.0;-532.0;71.0;519.0;-367.0
-350.0;-503.0;831.0;-529.0;74.0;518.0;-366.0
-350.0;-496.0;828.0;-532.0;78.0;513.0;-367.0
-349.0;-492.0;825.0;-534.0;80.0;508.0;-369.0
-350.0;-490.0;822.0;-538.0;82.0;502.0;-372.0
-353.0;-488.0;819.0;-542.0;85.0;493.0;-377.0
-357.0;-487.0;816.0;-546.0;89.0;487.0;-381.0
-361.0;-486.0;814.0;-546.0;92.0;483.0;-385.0
-365.0;-485.0;811.0;-546.0;93.0;480.0;-389.0
-370.0;-485.0;809.0;?;92.0;479.0;-393.0
-374.0;-484.0;809.0;-541.0;91.0;480.0;-396.0
-377.0;-484.0;809.0;-538.0;90.0;481.0;-399.0
-379.0;-483.0;809.0;-537.0;90.0;481.0;-402.0
-380.0;-483.0;809.0;-537.0;90.0;480.0;-405.0
-380.0;-484.0;811.0;-539.0;90.0;478.0;-408.0
-379.0;-484.0;811.0;-540.0;89.0;478.0;?
-378.0;-484.0;812.0;-540.0;88.0;478.0;-411.0
-378.0;-484.0;813.0;-540.0;89.0;479.0;-412.0
-377.0;-484.0;814.0;-539.0;88.0;480.0;-413.0
-379.0;-483.0;812.0;-538.0;86.0;480.0;-413.0
-382.0;-484.0;813.0;-539.0;85.0;481.0;-413.0
-383.0;-484.0;813.0;-540.0;85.0;481.0;-414.0
?;-485.0;?;?;87.0;482.0;-414.0
-386.0;-485.0;813.0;-541.0;89.0;484.0;-414.0
-388.0;-486.0;814.0;-541.0;88.0;484.0;-414.0
-386.0;-487.0;816.0;-544.0;84.0;484.0;-413.0
-382.0;-489.0;818.0;-546.0;81.0;484.0;-413.0
-379.0;-490.0;819.0;-548.0;82.0;484.0;-412.0
-377.0;-491.0;819.0;-549.0;84.0;485.0;-412.0
-377.0;?;820.0;-549.0;?;485.0;-411.0
-375.0;-491.0;820.0;-550.0;82.0;485.0;-411.0
-374.0;-492.0;821.0;-551.0;82.0;484.0;-411.0
-372.0;-493.0;?;-553.0;83.0;483.0;-411.0
-370.0;-494.0;822.0;-554.0;84.0;482.0;-410.0
-369.0;-496.0;822.0;-556.0;86.0;480.0;-408.0
-367.0;-496.0;822.0;-558.0;88.0;480.0;-406.0
-367.0;-495.0;821.0;?;91.0;480.0;-404.0
-369.0;-494.0;821.0;-558.0;94.0;482.0;-402.0
-372.0;-493.0;820.0;?;93.0;484.0;-398.0
-375.0;-492.0;819.0;-554.0;91.0;484.0;-396.0
-378.0;-491.0;819.0;-556.0;89.0;481.0;-395.0
-380.0;-492.0;819.0;-557.0;84.0;480.0;-396.0
-380.0;-492.0;821.0;-556.0;77.0;480.0;-396.0
-375.0;-492.0;824.0;-555.0;67.0;480.0;-397.0
?;-493.0;826.0;-553.0;61.0;479.0;-398.0
-373.0;-493.0;828.0;-546.0;54.0;483.0;-399.0
-372.0;-496.0;828.0;-537.0;51.0;491.0;-398.0
-368.0;-496.0;829.0;-531.0;54.0;496.0;-398.0
-365.0;?;830.0;-524.0;61.0;497.0;-398.0
-365.0;-503.0;829.0;-532.0;68.0;493.0;-401.0
-363.0;-505.0;831.0;-540.0;75.0;491.0;-402.0
-361.0;-505.0;831.0;-539.0;85.0;493.0;-402.0
-359.0;-504.0;832.0;-539.0;97.0;492.0;-404.0
-357.0;-502.0;831.0;-542.0;?;?;-406.0
-356.0;-501.0;829.0;-546.0;117.0;488.0;-408.0
-355.0;-498.0;832.0;-544.0;114.0;489.0;-406.0
-354.0;-497.0;833.0;-548.0;110.0;485.0;-407.0
-357.0;-493.0;831.0;-552.0;110.0;480.0;-408.0
?;-490.0;828.0;-550.0;107.0;480.0;-408.0
-368.0;-486.0;825.0;-545.0;108.0;483.0;-407.0
-372.0;-484.0;822.0;-542.0;109.0;483.0;-407.0
-373.0;-485.0;821.0;-550.0;104.0;480.0;-407.0
-371.0;-487.0;822.0;-554.0;99.0;480.0;-405.0
-367.0;-486.0;823.0;?;96.0;484.0;?
-368.0;-485.0;822.0;-552.0;96.0;483.0;-402.0
-373.0;-481.0;821.0;-550.0;92.0;483.0;-400.0
-376.0;-479.0;821.0;-546.0;96.0;485.0;-398.0
-376.0;?;819.0;-547.0;108.0;484.0;-397.0
-375.0;-477.0;819.0;-547.0;109.0;484.0;-396.0
-378.0;-475.0;818.0;-546.0;105.0;482.0;-397.0
-379.0;-477.0;817.0;-550.0;101.0;477.0;-397.0
-383.0;-481.0;818.0;-544.0;90.0;482.0;?
-385.0;-482.0;823.0;-541.0;74.0;484.0;-389.0
-388.0;-483.0;823.0;-540.0;78.0;479.0;?
-384.0;-485.0;822.0;-537.0;87.0;477.0;-392.0
-375.0;-488.0;826.0;-533.0;84.0;479.0;-392.0
-372.0;-492.0;827.0;-534.0;84.0;480.0;-392.0
-375.0;-493.0;826.0;-526.0;93.0;489.0;-390.0
-377.0;-491.0;823.0;-525.0;112.0;489.0;-390.0
-385.0;-491.0;814.0;-534.0;125.0;484.0;-389.0
-395.0;-485.0;810.0;-533.0;119.0;485.0;?
-399.0;-479.0;809.0;-540.0;?;480.0;-386.0
-399.0;-475.0;?;-544.0;103.0;477.0;-385.0
-398.0;-473.0;814.0;-543.0;95.0;480.0;-382.0
-389.0;-470.0;816.0;-541.0;99.0;?;-382.0
-395.0;-467.0;809.0;-548.0;99.0;482.0;-383.0
-406.0;-466.0;811.0;-541.0;88.0;489.0;-379.0
?;-466.0;810.0;-529.0;96.0;491.0;-378.0
-420.0;-470.0;809.0;-533.0;105.0;483.0;-382.0
-414.0;-472.0;811.0;-529.0;101.0;484.0;-383.0
-414.0;-477.0;813.0;-528.0;107.0;488.0;?
-415.0;-479.0;810.0;-520.0;121.0;495.0;-377.0
-414.0;-476.0;809.0;-511.0;134.0;500.0;-376.0
-414.0;-475.0;808.0;-512.0;145.0;497.0;?
?;-474.0;809.0;-511.0;151.0;501.0;-376.0
-405.0;-475.0;810.0;-506.0;154.0;508.0;-374.0
-398.0;-476.0;811.0;-501.0;159.0;512.0;-373.0
-393.0;-476.0;811.0;-501.0;164.0;513.0;-374.0
-389.0;-475.0;812.0;-499.0;167.0;515.0;-374.0
-385.0;-475.0;?;-496.0;166.0;?;-372.0
-382.0;-473.0;?;-490.0;162.0;527.0;-370.0
-379.0;-470.0;819.0;-483.0;163.0;533.0;-369.0
-377.0;-469.0;819.0;-482.0;163.0;535.0;-368.0
-379.0;-466.0;819.0;-478.0;164.0;539.0;?
-383.0;-464.0;816.0;-471.0;167.0;546.0;-363.0
-383.0;-462.0;817.0;-469.0;166.0;549.0;-362.0
-380.0;-460.0;818.0;-470.0;165.0;550.0;-361.0
-374.0;-457.0;818.0;-469.0;165.0;554.0;-358.0
-370.0;-455.0;817.0;-467.0;168.0;557.0;-355.0
-371.0;-455.0;814.0;-468.0;167.0;558.0;-354.0
-375.0;-453.0;813.0;-467.0;170.0;559.0;-353.0
-379.0;-452.0;810.0;-465.0;173.0;560.0;-351.0
-385.0;-452.0;809.0;-459.0;175.0;567.0;-347.0
-385.0;-445.0;813.0;-443.0;167.0;577.0;-343.0
-389.0;-448.0;809.0;-440.0;164.0;572.0;-344.0
-392.0;-456.0;807.0;-452.0;158.0;?;-347.0
-394.0;-463.0;811.0;-463.0;144.0;548.0;?
-396.0;-471.0;816.0;-473.0;141.0;540.0;-353.0
-394.0;-474.0;818.0;-474.0;140.0;539.0;-353.0
-392.0;-477.0;819.0;?;141.0;539.0;-352.0
-394.0;-478.0;819.0;-482.0;140.0;533.0;-354.0
-398.0;-479.0;820.0;-491.0;142.0;524.0;-356.0
-398.0;-481.0;819.0;-502.0;150.0;516.0;-359.0
-396.0;-480.0;819.0;?;155.0;510.0;-361.0
-398.0;-480.0;820.0;-514.0;151.0;509.0;-362.0
-397.0;?;825.0;-519.0;133.0;507.0;-362.0
-391.0;-480.0;829.0;-524.0;117.0;504.0;-362.0
-386.0;-479.0;831.0;-527.0;105.0;503.0;-362.0
-382.0;-479.0;833.0;-531.0;91.0;500.0;-363.0
-381.0;-480.0;833.0;?;76.0;496.0;-364.0
-382.0;-479.0;834.0;-541.0;58.0;492.0;-364.0
-381.0;-478.0;837.0;-545.0;42.0;488.0;-366.0
-379.0;-477.0;836.0;-544.0;34.0;489.0;-365.0
-377.0;-475.0;837.0;-543.0;36.0;?;?
-378.0;-475.0;837.0;-544.0;?;491.0;-364.0
-378.0;-473.0;834.0;-545.0;58.0;491.0;-364.0
-382.0;-471.0;830.0;-545.0;60.0;492.0;-363.0
-384.0;-471.0;832.0;-544.0;52.0;492.0;-363.0
-385.0;-471.0;835.0;-540.0;48.0;494.0;-362.0
-384.0;-470.0;837.0;-539.0;46.0;492.0;-364.0
-383.0;-473.0;839.0;-536.0;43.0;492.0;-366.0
-386.0;-478.0;839.0;-533.0;49.0;494.0;-366.0
-387.0;-481.0;840.0;-530.0;60.0;497.0;-364.0
-389.0;-482.0;837.0;-534.0;67.0;494.0;-366.0
-390.0;-481.0;837.0;-534.0;71.0;495.0;-367.0
?;-481.0;837.0;-532.0;74.0;498.0;-367.0
?;-479.0;837.0;-538.0;73.0;?;?
-392.0;-475.0;835.0;-545.0;71.0;489.0;-366.0
-397.0;-470.0;830.0;-546.0;?;486.0;-366.0
?;-467.0;834.0;-545.0;61.0;485.0;-364.0
-398.0;-466.0;838.0;-542.0;62.0;484.0;-365.0
-395.0;-467.0;838.0;-540.0;64.0;482.0;-367.0
-398.0;-470.0;839.0;?;61.0;482.0;-369.0
-403.0;-474.0;840.0;-533.0;57.0;483.0;-371.0
-404.0;-477.0;841.0;-528.0;59.0;485.0;-372.0
-406.0;-479.0;840.0;-527.0;65.0;486.0;-374.0
-410.0;-479.0;839.0;-528.0;70.0;487.0;-374.0
-409.0;-479.0;841.0;-531.0;71.0;488.0;-372.0
-407.0;?;841.0;-538.0;71.0;485.0;-371.0
-405.0;-472.0;837.0;-544.0;73.0;481.0;-369.0
-405.0;-467.0;831.0;-545.0;68.0;478.0;?
-404.0;-466.0;832.0;-547.0;58.0;474.0;-372.0
-398.0;-467.0;834.0;-548.0;58.0;470.0;-374.0
-388.0;-470.0;835.0;-548.0;58.0;468.0;-374.0
-382.0;-471.0;837.0;-546.0;54.0;469.0;-373.0
-384.0;-473.0;839.0;-543.0;48.0;470.0;-372.0
?;-473.0;841.0;?;45.0;469.0;-374.0
-388.0;-475.0;843.0;-543.0;46.0;469.0;-377.0
-384.0;-479.0;842.0;-546.0;48.0;468.0;-379.0
-380.0;-481.0;839.0;-544.0;47.0;469.0;-379.0
-376.0;-479.0;835.0;-544.0;47.0;471.0;-377.0
-371.0;-479.0;833.0;-546.0;50.0;473.0;-375.0
-372.0;?;832.0;-548.0;53.0;473.0;-371.0
-377.0;-470.0;829.0;?;?;469.0;-372.0
-381.0;-467.0;828.0;-558.0;55.0;464.0;-374.0
-384.0;-467.0;833.0;-560.0;56.0;461.0;-375.0
-384.0;-468.0;836.0;-559.0;63.0;459.0;-376.0
-383.0;-469.0;836.0;-557.0;63.0;459.0;-377.0
-385.0;-469.0;840.0;-550.0;56.0;461.0;-377.0
-387.0;-470.0;845.0;-540.0;52.0;467.0;-375.0
-383.0;-471.0;847.0;-534.0;55.0;470.0;-373.0
-383.0;-470.0;844.0;-529.0;64.0;473.0;-372.0
-388.0;-470.0;841.0;-529.0;72.0;474.0;-370.0
-392.0;-472.0;840.0;-534.0;80.0;475.0;-369.0
?;-472.0;?;-540.0;87.0;475.0;-367.0
-396.0;-466.0;831.0;-547.0;89.0;470.0;-365.0
-393.0;-462.0;831.0;-552.0;78.0;463.0;-368.0
-387.0;-460.0;838.0;-558.0;71.0;458.0;-369.0
-376.0;-457.0;842.0;-552.0;72.0;460.0;-367.0
-368.0;-455.0;?;-545.0;72.0;462.0;-366.0
-373.0;-455.0;841.0;-538.0;68.0;463.0;-367.0
-381.0;-456.0;844.0;-533.0;69.0;464.0;-368.0
-380.0;-457.0;847.0;-524.0;75.0;468.0;-368.0
-379.0;-459.0;844.0;-522.0;86.0;468.0;-369.0
-380.0;-464.0;840.0;-525.0;102.0;469.0;-370.0
-380.0;-464.0;836.0;-524.0;117.0;475.0;-367.0
-383.0;-462.0;829.0;-523.0;122.0;?;-364.0
-380.0;-457.0;827.0;-534.0;120.0;473.0;-364.0
-381.0;-454.0;826.0;-540.0;115.0;466.0;-365.0
-386.0;-453.0;825.0;?;101.0;464.0;-364.0
-384.0;-456.0;833.0;-541.0;95.0;463.0;-362.0
-374.0;-458.0;839.0;-541.0;99.0;460.0;-362.0
-371.0;-461.0;833.0;-535.0;93.0;458.0;-364.0
-377.0;-464.0;836.0;?;81.0;461.0;-366.0
-379.0;-471.0;842.0;-522.0;82.0;464.0;-366.0
-377.0;-475.0;839.0;-524.0;?;464.0;-367.0
?;-477.0;837.0;-525.0;93.0;467.0;-365.0
-370.0;-479.0;838.0;-522.0;94.0;473.0;-365.0
-363.0;-478.0;834.0;-523.0;94.0;474.0;-364.0
-359.0;-478.0;828.0;-526.0;94.0;472.0;-364.0
-357.0;?;824.0;-533.0;91.0;473.0;?
-360.0;-474.0;?;-546.0;95.0;?;-356.0
-367.0;-470.0;819.0;-541.0;97.0;470.0;-354.0
-367.0;-467.0;824.0;?;91.0;468.0;-353.0
-367.0;-466.0;829.0;-542.0;92.0;463.0;?
-364.0;-465.0;831.0;-534.0;90.0;464.0;-353.0
-363.0;-467.0;834.0;-524.0;83.0;466.0;-353.0
-369.0;-471.0;836.0;-521.0;73.0;466.0;?
-370.0;-477.0;839.0;-517.0;79.0;468.0;-352.0
-372.0;-479.0;837.0;-521.0;84.0;469.0;-349.0
-378.0;-482.0;838.0;-524.0;88.0;473.0;-343.0
-377.0;-480.0;837.0;-518.0;88.0;480.0;-339.0
-373.0;-476.0;?;-520.0;88.0;479.0;-339.0
-381.0;-473.0;820.0;-524.0;90.0;477.0;-339.0
-380.0;-469.0;820.0;-510.0;85.0;480.0;-337.0
-371.0;-472.0;825.0;-501.0;78.0;476.0;-339.0
-364.0;?;827.0;-501.0;73.0;474.0;-338.0
-362.0;-471.0;827.0;-495.0;66.0;474.0;-338.0
-366.0;-475.0;828.0;-498.0;68.0;471.0;-336.0
-372.0;-475.0;827.0;-503.0;76.0;469.0;-336.0
-377.0;-475.0;824.0;-498.0;89.0;473.0;-336.0
-377.0;-476.0;819.0;-509.0;96.0;470.0;?
-376.0;-475.0;815.0;-521.0;100.0;466.0;-333.0
-383.0;-468.0;809.0;-518.0;97.0;466.0;-330.0
-383.0;-463.0;816.0;-513.0;85.0;465.0;-331.0
-380.0;-463.0;821.0;-517.0;84.0;?;-333.0
-380.0;-466.0;823.0;-521.0;81.0;455.0;-334.0
-377.0;-465.0;825.0;-519.0;75.0;457.0;-334.0
-375.0;-464.0;828.0;-516.0;74.0;455.0;-337.0
-372.0;-462.0;829.0;-506.0;74.0;460.0;-339.0
-366.0;-462.0;833.0;-497.0;66.0;465.0;-339.0
-364.0;-467.0;837.0;-497.0;60.0;465.0;-337.0
-366.0;-469.0;838.0;-495.0;65.0;467.0;?
-368.0;-468.0;840.0;-492.0;68.0;467.0;?
-371.0;-472.0;?;-498.0;77.0;465.0;-334.0
-378.0;?;836.0;-497.0;92.0;467.0;-334.0
-383.0;-470.0;823.0;-495.0;110.0;467.0;-333.0
-389.0;-471.0;811.0;-505.0;113.0;463.0;-332.0
-387.0;-469.0;814.0;-513.0;104.0;459.0;-328.0
-386.0;?;817.0;-516.0;102.0;453.0;-328.0
-385.0;-466.0;820.0;-514.0;96.0;449.0;-329.0
-383.0;-466.0;823.0;-518.0;93.0;445.0;-333.0
-381.0;-468.0;823.0;-517.0;92.0;446.0;-333.0
-381.0;-470.0;826.0;-520.0;92.0;?;-333.0
-383.0;-470.0;827.0;-519.0;91.0;442.0;-333.0
-383.0;-469.0;828.0;?;94.0;440.0;-334.0
-378.0;-467.0;831.0;-516.0;98.0;438.0;-337.0
-372.0;-469.0;830.0;-513.0;111.0;438.0;-340.0
-368.0;-472.0;824.0;?;125.0;439.0;-343.0
-368.0;-475.0;819.0;-516.0;134.0;?;-344.0
-370.0;-478.0;819.0;-520.0;142.0;443.0;-344.0
-372.0;-479.0;821.0;-524.0;149.0;446.0;-342.0
-370.0;-478.0;821.0;-523.0;152.0;451.0;-339.0
-367.0;-477.0;822.0;-523.0;156.0;453.0;-338.0
-364.0;-475.0;821.0;-530.0;161.0;450.0;-339.0
-363.0;-471.0;820.0;-529.0;162.0;450.0;-342.0
-363.0;-469.0;820.0;-529.0;156.0;451.0;-344.0
-364.0;-469.0;820.0;-534.0;149.0;448.0;-347.0
-366.0;-470.0;820.0;-539.0;138.0;448.0;-350.0
-371.0;-472.0;821.0;-540.0;126.0;449.0;-351.0
-377.0;-474.0;822.0;-543.0;118.0;449.0;-353.0
-382.0;-474.0;823.0;-546.0;115.0;449.0;-354.0
-386.0;-473.0;824.0;-546.0;115.0;449.0;-355.0
-387.0;-471.0;823.0;-545.0;111.0;449.0;-356.0
-390.0;-469.0;824.0;-542.0;104.0;450.0;-356.0
-392.0;?;825.0;-542.0;97.0;450.0;-358.0
-392.0;-469.0;829.0;-541.0;88.0;453.0;-356.0
-383.0;-468.0;837.0;-536.0;89.0;457.0;-356.0
-375.0;-470.0;835.0;-523.0;86.0;465.0;-355.0
-374.0;-467.0;834.0;-510.0;82.0;?;-355.0
-371.0;-465.0;840.0;-504.0;85.0;475.0;-357.0
-369.0;-465.0;839.0;-499.0;92.0;479.0;-356.0
-374.0;-462.0;838.0;-496.0;97.0;482.0;-353.0
-379.0;-462.0;839.0;-498.0;100.0;481.0;-350.0
-381.0;-461.0;840.0;-502.0;104.0;477.0;?
-380.0;-459.0;840.0;?;115.0;477.0;-349.0
-384.0;-461.0;836.0;-503.0;121.0;474.0;-350.0
-385.0;-465.0;838.0;-518.0;?;467.0;-348.0
-393.0;-465.0;833.0;-526.0;122.0;464.0;-345.0
-393.0;-461.0;831.0;-529.0;124.0;460.0;-344.0
-388.0;-458.0;?;?;110.0;455.0;-345.0
-381.0;-461.0;?;-528.0;103.0;455.0;-345.0
-377.0;-465.0;837.0;?;103.0;454.0;-344.0
-371.0;-466.0;839.0;-534.0;100.0;452.0;-343.0
-364.0;-464.0;843.0;-532.0;101.0;452.0;-341.0
-358.0;-461.0;843.0;-526.0;103.0;455.0;-340.0
-356.0;-463.0;844.0;-524.0;105.0;455.0;-340.0
-355.0;-466.0;845.0;-528.0;109.0;452.0;-343.0
-352.0;-469.0;846.0;-528.0;119.0;453.0;-344.0
-345.0;-472.0;845.0;-529.0;133.0;454.0;-346.0
-336.0;-475.0;844.0;-537.0;148.0;450.0;-350.0
-324.0;-478.0;844.0;-546.0;163.0;447.0;-353.0
-307.0;-483.0;846.0;-556.0;180.0;446.0;-357.0
-288.0;?;846.0;-570.0;199.0;443.0;-364.0
-267.0;-497.0;845.0;-581.0;216.0;442.0;-371.0
-247.0;-501.0;843.0;-586.0;225.0;443.0;-377.0
-232.0;?;838.0;-590.0;225.0;445.0;-381.0
-223.0;-502.0;830.0;-594.0;211.0;447.0;-385.0
-220.0;-500.0;820.0;-594.0;190.0;448.0;-387.0
-219.0;-500.0;806.0;-595.0;169.0;447.0;-391.0
-220.0;-502.0;791.0;-601.0;154.0;443.0;-395.0
-230.0;-504.0;777.0;-607.0;140.0;439.0;-399.0
-246.0;-505.0;766.0;-608.0;123.0;436.0;-402.0
-263.0;-507.0;754.0;-611.0;108.0;434.0;-404.0
-277.0;-509.0;748.0;-614.0;99.0;434.0;-405.0
-289.0;-510.0;754.0;-614.0;99.0;?;-406.0
-297.0;-509.0;759.0;-614.0;101.0;435.0;-407.0
-303.0;-511.0;757.0;-621.0;100.0;432.0;-408.0
-306.0;-513.0;757.0;-628.0;?;430.0;-409.0
-305.0;-515.0;763.0;-633.0;90.0;430.0;-410.0
-304.0;-518.0;766.0;-639.0;87.0;429.0;-411.0
-303.0;-519.0;765.0;-645.0;78.0;426.0;-413.0
-303.0;-518.0;760.0;-648.0;70.0;424.0;-416.0
-300.0;-518.0;755.0;-653.0;67.0;420.0;-419.0
-300.0;?;753.0;-661.0;63.0;415.0;-422.0
-301.0;-518.0;757.0;-667.0;61.0;412.0;-424.0
-302.0;?;761.0;-667.0;59.0;413.0;-424.0
-301.0;-515.0;763.0;-665.0;60.0;413.0;-424.0
-302.0;-514.0;764.0;?;62.0;410.0;-425.0
-301.0;-514.0;?;-664.0;64.0;408.0;-428.0
-299.0;?;765.0;-669.0;62.0;405.0;-430.0
-296.0;-519.0;764.0;-672.0;60.0;?;-430.0
-295.0;-521.0;762.0;-673.0;56.0;?;-430.0
-296.0;-520.0;?;-673.0;54.0;405.0;-430.0
-294.0;-519.0;762.0;-674.0;51.0;404.0;-431.0
-292.0;-518.0;758.0;-674.0;47.0;403.0;-433.0
-290.0;-518.0;751.0;-674.0;42.0;403.0;-434.0
-286.0;-520.0;742.0;-675.0;36.0;402.0;-436.0
-282.0;-522.0;731.0;-675.0;30.0;402.0;-437.0
-279.0;-524.0;718.0;?;25.0;400.0;-438.0
-279.0;-524.0;709.0;-682.0;19.0;?;-438.0
-277.0;-524.0;705.0;-683.0;15.0;391.0;-439.0
-275.0;-525.0;703.0;-683.0;12.0;390.0;-439.0
-274.0;-525.0;701.0;-685.0;9.0;388.0;-438.0
-273.0;-525.0;699.0;-688.0;6.0;386.0;-439.0
-271.0;-527.0;696.0;?;6.0;386.0;-439.0
-265.0;-529.0;690.0;-691.0;6.0;383.0;-441.0
-257.0;-531.0;?;-693.0;8.0;380.0;-443.0
-248.0;-533.0;691.0;-696.0;12.0;374.0;-447.0
-243.0;-534.0;688.0;-703.0;18.0;364.0;-450.0
-241.0;-534.0;682.0;-702.0;24.0;361.0;-451.0
-241.0;-532.0;684.0;-694.0;30.0;366.0;-452.0
-239.0;-533.0;688.0;-692.0;33.0;370.0;-453.0
-238.0;-535.0;690.0;-698.0;34.0;367.0;-456.0
-241.0;-539.0;690.0;-703.0;34.0;367.0;-460.0
-245.0;-543.0;690.0;-703.0;35.0;369.0;-463.0
-247.0;-546.0;688.0;-703.0;34.0;369.0;-467.0
-249.0;-548.0;687.0;-706.0;33.0;367.0;-471.0
-250.0;-547.0;685.0;-708.0;31.0;364.0;-474.0
-253.0;-547.0;685.0;-708.0;28.0;363.0;-474.0
-258.0;-548.0;689.0;-707.0;26.0;363.0;-474.0
-264.0;-549.0;694.0;-709.0;26.0;364.0;-475.0
-269.0;?;701.0;-712.0;?;?;-474.0
-275.0;-555.0;709.0;-716.0;30.0;366.0;-473.0
-280.0;?;720.0;-719.0;32.0;369.0;?
-282.0;-559.0;727.0;-718.0;32.0;375.0;-471.0
-283.0;-561.0;729.0;-717.0;32.0;381.0;-468.0
-284.0;-562.0;730.0;-718.0;32.0;385.0;-466.0
-284.0;-563.0;730.0;-718.0;34.0;?;-464.0
-284.0;-565.0;731.0;-718.0;36.0;394.0;-462.0
-285.0;-566.0;732.0;-718.0;37.0;398.0;-459.0
-288.0;-565.0;733.0;-716.0;36.0;402.0;-456.0
-291.0;-563.0;731.0;-713.0;30.0;407.0;-452.0
-298.0;-561.0;728.0;-711.0;26.0;412.0;-447.0
?;-559.0;726.0;-709.0;21.0;416.0;-442.0
?;-558.0;727.0;-707.0;15.0;421.0;-437.0
-317.0;-557.0;726.0;-705.0;10.0;424.0;-431.0
-321.0;-556.0;727.0;-703.0;5.0;428.0;-427.0
-325.0;-555.0;731.0;?;5.0;428.0;-424.0
-329.0;-555.0;733.0;-704.0;6.0;428.0;-422.0
-333.0;-555.0;733.0;-705.0;8.0;429.0;-421.0
-337.0;-555.0;735.0;-704.0;11.0;?;-420.0
-339.0;-554.0;739.0;-702.0;15.0;430.0;-420.0
-338.0;-552.0;740.0;-702.0;17.0;430.0;-420.0
-343.0;-551.0;738.0;-703.0;16.0;428.0;-420.0
-348.0;?;740.0;-703.0;16.0;427.0;-420.0
-352.0;-551.0;741.0;-704.0;?;426.0;-421.0
-355.0;-551.0;739.0;?;15.0;425.0;-421.0
-357.0;-550.0;738.0;-704.0;16.0;424.0;-421.0
-358.0;-548.0;740.0;-703.0;18.0;423.0;-422.0
-356.0;-549.0;741.0;-703.0;23.0;420.0;-424.0
-350.0;-550.0;739.0;-705.0;28.0;415.0;-427.0
-343.0;-552.0;737.0;?;33.0;407.0;-432.0
-333.0;-556.0;737.0;-712.0;38.0;399.0;-438.0
-324.0;-559.0;738.0;-716.0;?;390.0;-445.0
-315.0;-562.0;738.0;-718.0;53.0;382.0;-451.0
-307.0;-565.0;737.0;-719.0;58.0;375.0;-458.0
-297.0;-568.0;736.0;-723.0;62.0;367.0;-464.0
-288.0;?;733.0;-727.0;65.0;358.0;-470.0
-281.0;-574.0;730.0;-729.0;68.0;352.0;-476.0
-276.0;-576.0;732.0;?;73.0;350.0;-479.0
-272.0;-578.0;736.0;-720.0;78.0;350.0;-482.0
-269.0;-578.0;738.0;-720.0;83.0;348.0;-485.0
-269.0;-578.0;744.0;-722.0;85.0;346.0;-487.0
-269.0;-577.0;748.0;-719.0;85.0;349.0;-488.0
-267.0;-578.0;752.0;-714.0;85.0;351.0;-487.0
-263.0;-578.0;753.0;-715.0;84.0;351.0;-487.0
-257.0;-580.0;754.0;-716.0;85.0;350.0;-487.0
-251.0;-581.0;757.0;-717.0;88.0;347.0;-489.0
-248.0;-582.0;757.0;-717.0;92.0;345.0;-490.0
-246.0;-583.0;755.0;-717.0;93.0;344.0;-491.0
-243.0;-583.0;756.0;-716.0;94.0;344.0;-491.0
-237.0;?;755.0;-717.0;96.0;342.0;?
-232.0;-583.0;?;-718.0;95.0;341.0;-491.0
-226.0;?;739.0;-717.0;?;340.0;?
-215.0;-586.0;745.0;?;98.0;338.0;-493.0
-203.0;-589.0;742.0;-716.0;?;332.0;-496.0
-191.0;?;737.0;-714.0;104.0;329.0;?
-184.0;-589.0;741.0;-708.0;113.0;330.0;-503.0
-182.0;-585.0;740.0;-697.0;123.0;335.0;-503.0
-183.0;?;738.0;-684.0;129.0;341.0;-504.0
-187.0;-575.0;739.0;-668.0;132.0;348.0;-504.0
-192.0;-570.0;740.0;-653.0;131.0;355.0;-504.0
-199.0;-564.0;?;?;130.0;362.0;?
?;-559.0;744.0;-610.0;129.0;372.0;?
?;-553.0;745.0;-583.0;?;383.0;-498.0
-222.0;-550.0;747.0;-559.0;130.0;392.0;-492.0
-231.0;-549.0;?;-548.0;?;398.0;-485.0
-239.0;-548.0;?;-534.0;137.0;408.0;-478.0
-246.0;-545.0;749.0;-512.0;141.0;420.0;-467.0
-253.0;-542.0;747.0;-494.0;143.0;428.0;-456.0
-260.0;-537.0;745.0;-481.0;145.0;426.0;-449.0
-266.0;-531.0;743.0;-473.0;146.0;421.0;-444.0
-270.0;-529.0;741.0;-471.0;145.0;414.0;-440.0
-274.0;-529.0;740.0;-470.0;143.0;407.0;-436.0
?;-533.0;739.0;-467.0;140.0;404.0;-431.0
-280.0;-533.0;736.0;-461.0;134.0;401.0;-426.0
-283.0;-532.0;733.0;-456.0;128.0;402.0;-426.0
-284.0;-530.0;?;-454.0;123.0;411.0;-430.0
-285.0;-522.0;733.0;-428.0;119.0;435.0;-435.0
-286.0;-517.0;733.0;-412.0;116.0;468.0;-439.0
-287.0;-516.0;733.0;-420.0;113.0;500.0;-438.0
-288.0;?;732.0;-431.0;110.0;528.0;-428.0
-290.0;-523.0;732.0;-437.0;108.0;554.0;-412.0
-291.0;-527.0;731.0;-445.0;105.0;572.0;-396.0
-292.0;-532.0;726.0;-474.0;101.0;572.0;-381.0
-292.0;-531.0;718.0;-521.0;96.0;554.0;-377.0
?;-527.0;712.0;-550.0;95.0;537.0;-378.0
-286.0;-518.0;709.0;-549.0;95.0;529.0;-376.0
?;-511.0;707.0;-547.0;?;526.0;-376.0
-279.0;-511.0;706.0;-555.0;93.0;522.0;-377.0
-276.0;-512.0;704.0;-557.0;90.0;519.0;-377.0
-271.0;-512.0;702.0;-561.0;88.0;516.0;-378.0
-267.0;-513.0;700.0;-567.0;86.0;514.0;-377.0
?;-512.0;701.0;-570.0;86.0;511.0;-377.0
-263.0;-512.0;700.0;-573.0;86.0;509.0;-376.0
?;-510.0;699.0;-574.0;86.0;508.0;-376.0
-261.0;-509.0;698.0;-574.0;85.0;508.0;-375.0
-262.0;-509.0;698.0;-577.0;85.0;507.0;-374.0
?;-508.0;699.0;-576.0;85.0;507.0;-373.0
-264.0;-507.0;700.0;-573.0;84.0;509.0;-372.0
-266.0;-506.0;702.0;-570.0;82.0;511.0;-371.0
-267.0;-506.0;702.0;-570.0;80.0;513.0;-369.0
-269.0;-505.0;701.0;-569.0;75.0;516.0;-367.0
-274.0;-505.0;701.0;-569.0;69.0;519.0;-365.0
-277.0;-506.0;?;-572.0;66.0;520.0;-364.0
-276.0;-508.0;698.0;-572.0;63.0;519.0;-365.0
-276.0;-509.0;694.0;-573.0;60.0;517.0;-368.0
-277.0;-511.0;690.0;?;60.0;513.0;-373.0
-277.0;-514.0;685.0;-578.0;62.0;?;-379.0
-276.0;-516.0;683.0;-581.0;64.0;504.0;-387.0
-272.0;-521.0;683.0;-589.0;68.0;496.0;-395.0
-264.0;-528.0;682.0;-599.0;70.0;486.0;-405.0
-254.0;-536.0;681.0;-609.0;74.0;476.0;-416.0
-247.0;-542.0;681.0;-614.0;80.0;467.0;-428.0
?;-544.0;686.0;-616.0;?;459.0;-437.0
-247.0;-544.0;?;-614.0;88.0;454.0;-443.0
-254.0;-541.0;689.0;-609.0;85.0;451.0;-447.0
-261.0;-539.0;696.0;-606.0;82.0;449.0;-449.0
-271.0;-537.0;707.0;-607.0;79.0;448.0;-450.0
?;-535.0;718.0;-605.0;76.0;448.0;-451.0
-295.0;-533.0;?;-599.0;72.0;450.0;-452.0
-309.0;-531.0;730.0;-586.0;64.0;452.0;-454.0
-322.0;-530.0;740.0;-578.0;60.0;451.0;-458.0
-332.0;-531.0;753.0;-580.0;58.0;447.0;-462.0
-342.0;-531.0;759.0;-586.0;58.0;442.0;-468.0
-350.0;-530.0;757.0;-591.0;57.0;440.0;-472.0
?;-530.0;757.0;-595.0;54.0;440.0;-473.0
-357.0;-529.0;760.0;-597.0;54.0;441.0;-474.0
-357.0;-529.0;767.0;-598.0;55.0;442.0;-474.0
?;?;774.0;-600.0;53.0;441.0;-475.0
-354.0;-531.0;780.0;-602.0;49.0;?;-473.0
-355.0;-531.0;789.0;-602.0;50.0;441.0;-471.0
?;-532.0;802.0;-600.0;?;?;-467.0
-352.0;-537.0;?;-597.0;59.0;446.0;-459.0
-350.0;-543.0;817.0;-596.0;59.0;451.0;-446.0
-348.0;-551.0;820.0;?;60.0;458.0;?
-345.0;-557.0;825.0;-584.0;62.0;469.0;-413.0
-342.0;-559.0;830.0;?;64.0;479.0;-396.0
-338.0;-558.0;834.0;-566.0;64.0;488.0;-378.0
-335.0;-556.0;837.0;-556.0;64.0;?;-363.0
-333.0;-552.0;838.0;-546.0;65.0;499.0;-351.0
-330.0;-547.0;836.0;-541.0;68.0;500.0;-342.0
-326.0;-543.0;834.0;-534.0;?;500.0;-335.0
-321.0;-540.0;830.0;-529.0;83.0;499.0;-330.0
-314.0;?;?;-529.0;90.0;499.0;-326.0
-305.0;-533.0;813.0;-524.0;98.0;500.0;-321.0
-295.0;-528.0;802.0;-514.0;108.0;503.0;-316.0
-285.0;-524.0;791.0;-507.0;117.0;506.0;?
-275.0;-521.0;785.0;-503.0;126.0;510.0;-306.0
-264.0;-518.0;785.0;-493.0;137.0;514.0;-302.0
-250.0;-513.0;787.0;?;149.0;517.0;-299.0
-235.0;-507.0;788.0;-468.0;159.0;517.0;-300.0
-218.0;-500.0;795.0;-458.0;172.0;514.0;-303.0
-199.0;-496.0;810.0;-451.0;185.0;509.0;-308.0
-181.0;-492.0;827.0;-454.0;198.0;502.0;-314.0
-160.0;-490.0;841.0;-454.0;211.0;499.0;-318.0
-140.0;-490.0;?;-452.0;222.0;?;-318.0
-122.0;-488.0;856.0;-451.0;232.0;497.0;-317.0
-107.0;-487.0;859.0;-448.0;239.0;497.0;-316.0
-94.0;-487.0;864.0;-443.0;241.0;499.0;-313.0
-85.0;-487.0;869.0;-442.0;243.0;500.0;-309.0
-76.0;-487.0;871.0;-444.0;246.0;500.0;-307.0
?;-488.0;871.0;-449.0;250.0;?;-306.0
-60.0;-489.0;873.0;-451.0;254.0;500.0;-306.0
-53.0;?;871.0;-452.0;256.0;501.0;-307.0
-50.0;-493.0;869.0;?;254.0;501.0;-309.0
-49.0;-494.0;872.0;-456.0;251.0;501.0;-313.0
-48.0;-496.0;879.0;-454.0;247.0;503.0;-317.0
-51.0;-498.0;885.0;-454.0;243.0;505.0;-321.0
-54.0;-498.0;889.0;-455.0;?;507.0;-326.0
-55.0;-498.0;895.0;-453.0;?;510.0;-331.0
-54.0;?;902.0;-452.0;229.0;514.0;-336.0
-54.0;-493.0;908.0;-452.0;224.0;518.0;-343.0
-53.0;-488.0;915.0;-453.0;220.0;522.0;-351.0
-51.0;-481.0;921.0;-456.0;?;526.0;-360.0
-49.0;-473.0;925.0;-462.0;215.0;529.0;-368.0
-48.0;-465.0;930.0;-467.0;211.0;534.0;-374.0
-47.0;-458.0;?;-473.0;207.0;539.0;-376.0
-47.0;-453.0;937.0;?;201.0;541.0;-379.0
-47.0;-450.0;942.0;-493.0;192.0;535.0;-381.0
-50.0;-448.0;947.0;-501.0;183.0;524.0;-385.0
-50.0;-444.0;951.0;-499.0;171.0;516.0;-390.0
-49.0;-441.0;955.0;-497.0;161.0;508.0;-396.0
-48.0;-439.0;958.0;-500.0;153.0;500.0;-402.0
-45.0;-440.0;960.0;-501.0;149.0;493.0;-407.0
-41.0;-441.0;961.0;?;148.0;489.0;-412.0
?;-443.0;?;-502.0;148.0;?;-416.0
-32.0;-444.0;962.0;-505.0;?;482.0;-418.0
-29.0;-445.0;963.0;-504.0;152.0;480.0;-419.0
-28.0;-447.0;965.0;-506.0;148.0;480.0;-420.0
-30.0;-448.0;965.0;-507.0;147.0;479.0;-420.0
-31.0;-449.0;967.0;-508.0;147.0;478.0;-421.0
-32.0;-451.0;968.0;-506.0;147.0;477.0;-421.0
-32.0;?;?;-501.0;147.0;476.0;-423.0
-33.0;-457.0;971.0;-499.0;147.0;473.0;-425.0
-34.0;-459.0;971.0;-501.0;147.0;470.0;-428.0
-35.0;-462.0;971.0;-504.0;146.0;467.0;-430.0
-37.0;-465.0;971.0;-508.0;147.0;465.0;-431.0
-42.0;-467.0;970.0;-510.0;153.0;463.0;-432.0
-53.0;-467.0;967.0;-510.0;166.0;461.0;-435.0
-73.0;-468.0;959.0;-511.0;185.0;460.0;-438.0
-105.0;-470.0;945.0;-510.0;201.0;457.0;-440.0
-150.0;?;926.0;-507.0;207.0;454.0;-444.0
-200.0;-473.0;?;-505.0;205.0;?;-448.0
-249.0;-475.0;882.0;-505.0;200.0;445.0;-450.0
-290.0;-477.0;866.0;-505.0;?;440.0;-452.0
-318.0;-480.0;860.0;-504.0;161.0;436.0;-453.0
-336.0;-485.0;862.0;-501.0;138.0;431.0;-452.0
-350.0;-490.0;865.0;-501.0;117.0;425.0;-452.0
-359.0;-496.0;868.0;-506.0;96.0;419.0;-452.0
-367.0;-498.0;871.0;-509.0;81.0;416.0;?
-370.0;-499.0;873.0;-509.0;75.0;417.0;-450.0
-371.0;-497.0;873.0;-505.0;76.0;421.0;-449.0
-370.0;-493.0;870.0;-500.0;76.0;426.0;-448.0
-368.0;-490.0;868.0;-496.0;77.0;431.0;-447.0
?;-488.0;869.0;-496.0;76.0;434.0;-445.0
-356.0;-488.0;871.0;-498.0;73.0;436.0;-445.0
-349.0;-488.0;872.0;-500.0;75.0;437.0;-445.0
-341.0;-488.0;872.0;-500.0;83.0;439.0;-445.0
-331.0;-489.0;873.0;-500.0;96.0;439.0;-446.0
-319.0;-490.0;878.0;-500.0;110.0;441.0;?
-305.0;-489.0;885.0;-500.0;123.0;442.0;-446.0
-288.0;-487.0;895.0;-501.0;131.0;444.0;-446.0
-272.0;-485.0;902.0;-501.0;131.0;446.0;-446.0
-259.0;-484.0;907.0;-501.0;126.0;448.0;-445.0
-253.0;-482.0;910.0;-500.0;118.0;?;-444.0
-252.0;-479.0;911.0;-503.0;110.0;455.0;-443.0
-254.0;-477.0;909.0;-514.0;100.0;461.0;-440.0
-260.0;-475.0;906.0;-521.0;91.0;468.0;-433.0
-265.0;-475.0;902.0;-524.0;83.0;477.0;-428.0
-271.0;-477.0;900.0;-523.0;78.0;485.0;-423.0
-273.0;?;?;-523.0;75.0;490.0;-419.0
-274.0;-478.0;901.0;-522.0;76.0;491.0;-418.0
-275.0;-477.0;899.0;-522.0;78.0;490.0;-418.0
-274.0;-475.0;898.0;-522.0;82.0;488.0;-420.0
-274.0;-473.0;895.0;-522.0;88.0;486.0;-422.0
?;-471.0;892.0;-523.0;94.0;486.0;-422.0
-270.0;-470.0;887.0;-522.0;100.0;?;-422.0
-269.0;-470.0;882.0;-521.0;105.0;488.0;-420.0
-266.0;-471.0;879.0;?;107.0;492.0;-416.0
-265.0;-474.0;876.0;-519.0;107.0;497.0;-409.0
-265.0;-477.0;874.0;-518.0;103.0;503.0;-401.0
-268.0;-480.0;872.0;-514.0;100.0;509.0;-392.0
-270.0;-480.0;868.0;-509.0;97.0;514.0;-382.0
-271.0;-480.0;867.0;-505.0;94.0;515.0;-375.0
-268.0;-482.0;871.0;-506.0;92.0;514.0;-371.0
-262.0;-483.0;873.0;-507.0;90.0;513.0;-367.0
-256.0;-484.0;874.0;-509.0;89.0;513.0;-364.0
-250.0;-485.0;875.0;-512.0;88.0;513.0;-363.0
-246.0;-485.0;876.0;-513.0;88.0;514.0;-362.0
-245.0;-485.0;877.0;-514.0;?;515.0;-361.0
-242.0;-486.0;879.0;-516.0;88.0;514.0;-360.0
-237.0;-486.0;881.0;-517.0;90.0;513.0;-359.0
-230.0;-487.0;881.0;-518.0;90.0;511.0;-358.0
-223.0;-488.0;881.0;-520.0;88.0;510.0;-357.0
-218.0;-490.0;880.0;-522.0;87.0;509.0;-356.0
-216.0;-492.0;877.0;-524.0;86.0;509.0;-356.0
-216.0;-495.0;875.0;-526.0;86.0;508.0;-356.0
-217.0;-497.0;874.0;-527.0;86.0;507.0;-356.0
-219.0;-498.0;873.0;-529.0;89.0;506.0;-357.0
-219.0;-498.0;873.0;-529.0;90.0;505.0;-357.0
-218.0;-499.0;?;-530.0;90.0;504.0;-357.0
-215.0;-499.0;870.0;-532.0;91.0;504.0;-357.0
-212.0;-500.0;866.0;-532.0;94.0;504.0;-356.0
-209.0;-500.0;862.0;-533.0;?;505.0;-355.0
-207.0;-500.0;858.0;-533.0;97.0;505.0;-355.0
-204.0;-500.0;854.0;?;99.0;505.0;-355.0
-201.0;-500.0;849.0;-534.0;102.0;505.0;-355.0
-196.0;?;843.0;-534.0;103.0;505.0;-355.0
-194.0;-498.0;833.0;-534.0;104.0;504.0;-355.0
-192.0;-497.0;827.0;?;106.0;503.0;-355.0
-191.0;-497.0;826.0;-536.0;110.0;502.0;-355.0
-189.0;-497.0;826.0;-536.0;110.0;501.0;-354.0
-188.0;-496.0;?;-535.0;106.0;502.0;-353.0
-185.0;-493.0;827.0;-533.0;104.0;505.0;-352.0
-186.0;-491.0;830.0;-531.0;102.0;508.0;-350.0
-193.0;-489.0;839.0;-529.0;101.0;510.0;-349.0
-204.0;-487.0;850.0;-527.0;104.0;510.0;-348.0
-215.0;?;860.0;-525.0;107.0;510.0;-348.0
-226.0;-481.0;866.0;-523.0;111.0;509.0;-348.0
-232.0;-479.0;868.0;-521.0;116.0;509.0;-347.0
-235.0;-478.0;868.0;?;122.0;510.0;-347.0
-234.0;-479.0;865.0;-524.0;128.0;511.0;-345.0
-232.0;-480.0;858.0;-525.0;?;512.0;-342.0
-229.0;-480.0;845.0;-523.0;128.0;514.0;-338.0
-225.0;-480.0;828.0;-518.0;123.0;518.0;-333.0
-220.0;-478.0;807.0;-512.0;114.0;520.0;-327.0
-215.0;-477.0;787.0;-503.0;104.0;524.0;?
-214.0;-476.0;767.0;-494.0;99.0;526.0;-310.0
-219.0;-474.0;747.0;-485.0;97.0;529.0;?
-225.0;-472.0;726.0;-478.0;96.0;531.0;-295.0
-231.0;-470.0;714.0;-467.0;96.0;?;-290.0
-237.0;-467.0;711.0;-462.0;96.0;533.0;-287.0
-243.0;-467.0;704.0;-463.0;93.0;535.0;-285.0
-247.0;-466.0;694.0;-460.0;86.0;538.0;-283.0
-251.0;-463.0;686.0;-452.0;78.0;539.0;-280.0
-255.0;-461.0;679.0;?;74.0;536.0;-281.0
-258.0;-461.0;676.0;-447.0;74.0;535.0;-283.0
-262.0;-462.0;677.0;-444.0;76.0;534.0;-283.0
-263.0;-461.0;681.0;-440.0;80.0;534.0;-283.0
-263.0;-460.0;685.0;-436.0;83.0;?;-283.0
-260.0;-462.0;?;-437.0;88.0;532.0;?
-252.0;-464.0;705.0;-439.0;91.0;530.0;-283.0
-245.0;-469.0;715.0;-444.0;91.0;527.0;-283.0
-236.0;-474.0;719.0;-455.0;89.0;522.0;-284.0
-227.0;-478.0;723.0;-472.0;87.0;517.0;-284.0
-219.0;-481.0;732.0;-488.0;86.0;511.0;-285.0
-218.0;?;745.0;-501.0;88.0;509.0;-285.0
-225.0;-487.0;754.0;-511.0;88.0;510.0;-285.0
-236.0;-492.0;762.0;-519.0;85.0;511.0;-285.0
-253.0;-495.0;774.0;-526.0;86.0;515.0;-284.0
-268.0;-499.0;791.0;-531.0;89.0;519.0;-285.0
-285.0;-502.0;799.0;-533.0;99.0;525.0;-287.0
-303.0;-506.0;802.0;-536.0;108.0;531.0;-288.0
-319.0;-511.0;807.0;-540.0;119.0;537.0;-290.0
-332.0;-516.0;810.0;-545.0;133.0;543.0;-292.0
-345.0;-523.0;810.0;-553.0;145.0;549.0;-294.0
-358.0;-531.0;808.0;-563.0;158.0;557.0;?
-374.0;-540.0;804.0;-567.0;173.0;568.0;-295.0
-393.0;-547.0;798.0;-569.0;190.0;580.0;-295.0
-413.0;-557.0;790.0;-574.0;210.0;593.0;-293.0
-432.0;-567.0;782.0;-575.0;232.0;?;-290.0
-448.0;-577.0;?;-574.0;?;617.0;-285.0
-462.0;-588.0;767.0;-571.0;269.0;629.0;-280.0
-474.0;-596.0;759.0;-564.0;284.0;641.0;-274.0
-484.0;-603.0;751.0;-557.0;296.0;651.0;-269.0
-491.0;-607.0;744.0;-553.0;305.0;658.0;-265.0
-495.0;-610.0;738.0;-552.0;?;662.0;-264.0
-501.0;-611.0;732.0;-552.0;315.0;665.0;-262.0
-505.0;-611.0;726.0;-551.0;319.0;667.0;-262.0
-509.0;-611.0;721.0;-553.0;320.0;668.0;-260.0
-513.0;-612.0;717.0;-554.0;321.0;670.0;-258.0
-516.0;-612.0;713.0;-553.0;323.0;673.0;-255.0
-517.0;-612.0;711.0;-551.0;325.0;676.0;-253.0
-519.0;-613.0;708.0;-550.0;328.0;677.0;-251.0
-521.0;?;706.0;-552.0;331.0;678.0;-250.0
-521.0;-614.0;705.0;-552.0;?;678.0;-249.0
-519.0;-614.0;707.0;-553.0;335.0;677.0;-248.0
-516.0;-614.0;709.0;-554.0;338.0;677.0;-246.0
-514.0;-615.0;710.0;-555.0;340.0;678.0;-245.0
-511.0;-615.0;712.0;-556.0;341.0;?;-243.0
-507.0;-614.0;714.0;-557.0;341.0;675.0;-244.0
-507.0;-614.0;714.0;-558.0;340.0;673.0;-244.0
-508.0;-614.0;713.0;-558.0;338.0;673.0;-243.0
-509.0;-614.0;713.0;-558.0;338.0;672.0;-242.0
-509.0;-613.0;712.0;-558.0;338.0;672.0;-242.0
-509.0;?;712.0;-557.0;?;671.0;-242.0
-509.0;-613.0;712.0;-556.0;339.0;?;-241.0
-509.0;-613.0;712.0;-554.0;339.0;671.0;-240.0
-510.0;-613.0;712.0;-553.0;?;671.0;-239.0
-510.0;-614.0;712.0;-552.0;341.0;671.0;-238.0
-510.0;-615.0;712.0;-551.0;341.0;671.0;-236.0
-510.0;-617.0;712.0;-550.0;343.0;670.0;-234.0
-510.0;-617.0;712.0;-550.0;344.0;670.0;-234.0
-511.0;-617.0;712.0;-550.0;?;670.0;-234.0
-511.0;-617.0;711.0;-550.0;342.0;670.0;-234.0
-513.0;-617.0;710.0;-551.0;341.0;669.0;-234.0
-513.0;-617.0;709.0;-551.0;?;668.0;-234.0
-513.0;-617.0;709.0;-552.0;340.0;667.0;-234.0
-513.0;-616.0;710.0;-552.0;339.0;666.0;-235.0
-514.0;-615.0;710.0;-552.0;340.0;665.0;-235.0
-513.0;-615.0;710.0;-551.0;340.0;664.0;-235.0
-512.0;-615.0;711.0;-550.0;340.0;663.0;-235.0
-510.0;-613.0;712.0;-549.0;341.0;662.0;-235.0
-509.0;-612.0;?;-549.0;341.0;660.0;?
-507.0;-612.0;714.0;-550.0;341.0;658.0;-235.0
-506.0;-612.0;714.0;-551.0;341.0;?;-235.0
-505.0;-612.0;714.0;-551.0;342.0;657.0;-234.0
-505.0;-611.0;714.0;-552.0;342.0;656.0;-234.0
-504.0;-610.0;714.0;-552.0;343.0;655.0;-234.0
-502.0;-609.0;715.0;-552.0;343.0;654.0;-235.0
-501.0;-609.0;716.0;?;342.0;653.0;-236.0
-500.0;-608.0;?;-555.0;341.0;?;-236.0
-501.0;-607.0;715.0;-557.0;340.0;?;-237.0
-501.0;-606.0;716.0;-558.0;340.0;647.0;-239.0
?;-606.0;715.0;-560.0;340.0;646.0;-240.0
-502.0;-605.0;714.0;-562.0;341.0;645.0;-241.0
-504.0;-604.0;712.0;?;341.0;644.0;-243.0
-508.0;-603.0;709.0;-566.0;342.0;644.0;-245.0
-513.0;-603.0;705.0;-566.0;342.0;644.0;-246.0
-520.0;-603.0;701.0;-566.0;344.0;644.0;-247.0
-524.0;?;698.0;-569.0;347.0;643.0;-248.0
-527.0;-603.0;695.0;-574.0;349.0;643.0;-248.0
-531.0;-604.0;693.0;-575.0;351.0;643.0;-248.0
-534.0;-606.0;691.0;-577.0;352.0;644.0;-247.0
-534.0;-606.0;691.0;-578.0;353.0;646.0;-246.0
-534.0;-606.0;691.0;-577.0;353.0;646.0;-244.0
-533.0;-605.0;691.0;-578.0;353.0;645.0;-245.0
-533.0;-605.0;690.0;-580.0;352.0;643.0;-245.0
-532.0;?;?;-579.0;351.0;643.0;-245.0
-531.0;-605.0;691.0;-579.0;350.0;643.0;-245.0
-531.0;?;691.0;-578.0;350.0;644.0;-245.0
?;?;692.0;-577.0;349.0;643.0;-246.0
-528.0;-604.0;692.0;-577.0;350.0;642.0;-246.0
-526.0;-604.0;693.0;-578.0;350.0;641.0;-246.0
-522.0;-603.0;695.0;-577.0;350.0;641.0;-246.0
-519.0;-602.0;697.0;-579.0;348.0;639.0;-247.0
?;-601.0;699.0;-579.0;346.0;637.0;-248.0
-511.0;-601.0;704.0;-578.0;345.0;635.0;-249.0
-502.0;-601.0;712.0;-577.0;342.0;630.0;-250.0
-486.0;-598.0;727.0;-578.0;335.0;620.0;-251.0
-467.0;-591.0;743.0;-584.0;325.0;606.0;-253.0
-447.0;-587.0;757.0;-589.0;312.0;592.0;-257.0
-429.0;-584.0;769.0;-591.0;300.0;580.0;-258.0
-412.0;-579.0;780.0;-591.0;289.0;570.0;-261.0
-399.0;-577.0;789.0;-595.0;279.0;563.0;-265.0
?;-574.0;795.0;-595.0;272.0;560.0;-268.0
-384.0;-569.0;801.0;-590.0;265.0;560.0;-273.0
-382.0;-562.0;804.0;?;256.0;563.0;-280.0
-379.0;-552.0;807.0;?;246.0;567.0;?
?;-540.0;813.0;-563.0;236.0;569.0;-298.0
-364.0;-526.0;?;-552.0;223.0;569.0;-308.0
-353.0;-513.0;830.0;-544.0;205.0;566.0;-315.0
-340.0;-501.0;839.0;-536.0;186.0;562.0;-322.0
-327.0;-490.0;847.0;-532.0;167.0;558.0;-327.0
-315.0;-479.0;853.0;-526.0;150.0;556.0;-330.0
-303.0;-467.0;858.0;-517.0;135.0;559.0;-329.0
-291.0;?;863.0;-510.0;124.0;563.0;-327.0
-281.0;-451.0;866.0;-506.0;117.0;567.0;-325.0
-271.0;-446.0;?;-504.0;112.0;570.0;-322.0
-263.0;-443.0;871.0;-500.0;109.0;573.0;-320.0
-257.0;-442.0;872.0;-498.0;110.0;575.0;-318.0
-253.0;-442.0;873.0;-499.0;111.0;575.0;-317.0
-251.0;-442.0;873.0;-498.0;112.0;574.0;-318.0
-251.0;-442.0;873.0;-496.0;115.0;573.0;-320.0
-251.0;-443.0;875.0;-493.0;117.0;570.0;-323.0
-254.0;-445.0;876.0;-487.0;122.0;565.0;-326.0
-259.0;-448.0;878.0;-483.0;129.0;558.0;?
-266.0;-454.0;879.0;-481.0;140.0;551.0;-335.0
-275.0;-459.0;880.0;-478.0;?;543.0;-338.0
-284.0;-465.0;880.0;-469.0;159.0;537.0;-341.0
-291.0;-472.0;881.0;-465.0;167.0;?;-343.0
-299.0;-479.0;880.0;-465.0;172.0;523.0;-341.0
-304.0;-484.0;880.0;-459.0;172.0;?;-337.0
-306.0;-491.0;884.0;-453.0;169.0;512.0;-330.0
-305.0;-494.0;891.0;-446.0;162.0;506.0;-321.0
-301.0;-496.0;899.0;-435.0;152.0;502.0;-312.0
-297.0;-494.0;906.0;-425.0;141.0;500.0;?
-293.0;-492.0;912.0;-416.0;129.0;497.0;-297.0
-287.0;-490.0;913.0;-406.0;110.0;498.0;-294.0
-283.0;-486.0;909.0;-398.0;99.0;499.0;-291.0
-278.0;-482.0;905.0;-392.0;89.0;501.0;-288.0
-276.0;-479.0;901.0;-388.0;84.0;503.0;-288.0
-276.0;-475.0;900.0;-384.0;85.0;506.0;-288.0
-278.0;?;900.0;-385.0;89.0;507.0;-288.0
-282.0;-472.0;900.0;-385.0;92.0;509.0;-288.0
-287.0;-470.0;900.0;-385.0;94.0;511.0;-288.0
-290.0;-470.0;901.0;-388.0;95.0;512.0;-289.0
-292.0;?;901.0;-394.0;96.0;513.0;-290.0
-293.0;-475.0;?;-401.0;98.0;515.0;-290.0
-293.0;-477.0;902.0;-403.0;99.0;518.0;-290.0
-292.0;-478.0;901.0;-404.0;100.0;520.0;-290.0
-291.0;-478.0;901.0;-406.0;101.0;522.0;-290.0
-291.0;-478.0;901.0;-408.0;103.0;522.0;?
-292.0;-479.0;901.0;-411.0;104.0;522.0;-291.0
-292.0;?;901.0;-414.0;105.0;523.0;-292.0
-292.0;-480.0;901.0;-414.0;?;524.0;-293.0
-291.0;?;901.0;-418.0;107.0;524.0;-295.0
-290.0;-479.0;901.0;-419.0;108.0;525.0;?
-287.0;-476.0;?;-419.0;108.0;528.0;-300.0
-283.0;-474.0;901.0;-424.0;109.0;530.0;-306.0
-279.0;?;900.0;-432.0;113.0;534.0;-316.0
-275.0;-469.0;898.0;-438.0;119.0;538.0;-328.0
-271.0;?;896.0;-441.0;?;540.0;-343.0
-266.0;-449.0;894.0;-442.0;131.0;540.0;-360.0
-257.0;-438.0;892.0;-441.0;135.0;535.0;-382.0
-248.0;-430.0;891.0;-446.0;137.0;?;-404.0
?;-419.0;892.0;-444.0;138.0;507.0;-421.0
-222.0;-410.0;896.0;-451.0;140.0;485.0;-438.0
-208.0;-409.0;901.0;-457.0;142.0;467.0;-452.0
-195.0;-413.0;905.0;-455.0;143.0;?;-463.0
-187.0;-418.0;905.0;-457.0;148.0;451.0;?
-183.0;-425.0;902.0;?;153.0;447.0;-473.0
-184.0;-431.0;898.0;-477.0;155.0;445.0;-472.0
-185.0;-436.0;898.0;-483.0;156.0;447.0;-469.0
-185.0;-441.0;900.0;-489.0;155.0;449.0;-464.0
-184.0;-445.0;901.0;-495.0;154.0;451.0;-461.0
-179.0;?;903.0;-498.0;148.0;453.0;-456.0
-167.0;-453.0;?;-497.0;135.0;457.0;?
-148.0;-459.0;913.0;-494.0;117.0;463.0;-442.0
-132.0;-465.0;914.0;-492.0;96.0;469.0;-434.0
-114.0;-468.0;912.0;-489.0;80.0;474.0;-428.0
-96.0;-472.0;905.0;-487.0;66.0;477.0;-423.0
-84.0;-475.0;892.0;-486.0;52.0;480.0;?
-74.0;-478.0;882.0;-486.0;42.0;481.0;-417.0
-65.0;-482.0;881.0;-488.0;32.0;484.0;-414.0
-53.0;-484.0;882.0;-490.0;19.0;?;-412.0
-42.0;-485.0;886.0;-490.0;6.0;491.0;-409.0
-34.0;-487.0;889.0;-490.0;-4.0;494.0;-407.0
-26.0;-488.0;888.0;-491.0;-8.0;496.0;-406.0
-19.0;-491.0;884.0;-493.0;-11.0;497.0;-406.0
-14.0;-493.0;881.0;-495.0;-15.0;497.0;-407.0
-12.0;-494.0;884.0;-496.0;-18.0;497.0;-408.0
-13.0;-495.0;887.0;-497.0;-23.0;?;-409.0
-13.0;-495.0;885.0;-497.0;-22.0;498.0;-411.0
-13.0;?;882.0;-496.0;-18.0;498.0;-413.0
-13.0;-493.0;880.0;-495.0;-17.0;500.0;-415.0
-13.0;-492.0;880.0;-493.0;-15.0;501.0;-416.0
-15.0;-490.0;879.0;-493.0;-15.0;502.0;-418.0
-16.0;-489.0;879.0;-492.0;-15.0;502.0;-419.0
-17.0;-487.0;879.0;-491.0;-14.0;503.0;-419.0
-18.0;-486.0;878.0;-490.0;-13.0;504.0;-420.0
-19.0;-485.0;877.0;-489.0;-12.0;505.0;-421.0
-20.0;-485.0;878.0;-489.0;-12.0;506.0;-422.0
-20.0;-485.0;879.0;?;-11.0;?;-423.0
-20.0;-486.0;880.0;-489.0;-11.0;506.0;-424.0
-20.0;-486.0;879.0;-489.0;-10.0;506.0;-425.0
-20.0;-488.0;879.0;-489.0;-10.0;506.0;-426.0
-21.0;-488.0;?;-489.0;-11.0;506.0;-427.0
-22.0;-488.0;880.0;-489.0;-11.0;506.0;-429.0
-21.0;-488.0;879.0;-489.0;-9.0;505.0;-429.0
-25.0;-488.0;881.0;-488.0;-6.0;504.0;?
-32.0;-488.0;888.0;-487.0;1.0;503.0;-432.0
-43.0;-487.0;894.0;-485.0;11.0;503.0;-433.0
-57.0;-486.0;900.0;-484.0;24.0;502.0;-434.0
-79.0;-486.0;904.0;-482.0;39.0;501.0;?
-101.0;-485.0;908.0;-481.0;57.0;500.0;-438.0
-124.0;-484.0;907.0;-480.0;79.0;498.0;-440.0
-153.0;-483.0;902.0;-478.0;99.0;497.0;-443.0
-182.0;-482.0;898.0;-477.0;119.0;495.0;-445.0
-209.0;-481.0;892.0;-476.0;142.0;492.0;-448.0
-237.0;-481.0;881.0;-475.0;160.0;490.0;-452.0
-268.0;-480.0;868.0;?;174.0;487.0;-455.0
-298.0;-479.0;855.0;-474.0;188.0;484.0;-458.0
-327.0;-478.0;842.0;-472.0;200.0;482.0;-461.0
-357.0;-477.0;828.0;-470.0;209.0;480.0;-464.0
-385.0;-475.0;814.0;-469.0;215.0;478.0;-466.0
-410.0;-475.0;802.0;-468.0;220.0;476.0;-468.0
-433.0;-474.0;788.0;-466.0;224.0;?;-469.0
?;-474.0;774.0;-465.0;225.0;473.0;-470.0
-474.0;-473.0;762.0;-463.0;226.0;472.0;-471.0
-491.0;-473.0;752.0;-462.0;229.0;470.0;-470.0
-506.0;-474.0;743.0;-462.0;231.0;469.0;-470.0
-519.0;-474.0;735.0;-460.0;235.0;468.0;-470.0
-531.0;-475.0;728.0;-459.0;?;467.0;-469.0
-541.0;-475.0;721.0;-459.0;246.0;466.0;-469.0
-549.0;-476.0;715.0;-458.0;254.0;466.0;-468.0
-556.0;-477.0;710.0;-458.0;?;466.0;-467.0
-562.0;-478.0;706.0;-459.0;268.0;465.0;-466.0
-566.0;-480.0;703.0;-460.0;276.0;465.0;-465.0
-569.0;?;701.0;-459.0;283.0;465.0;-464.0
-571.0;-481.0;699.0;-460.0;289.0;466.0;-464.0
-572.0;-483.0;698.0;-461.0;292.0;466.0;-463.0
-572.0;-484.0;697.0;-462.0;296.0;466.0;-462.0
-573.0;-484.0;696.0;-462.0;298.0;466.0;-462.0
-573.0;-484.0;696.0;-462.0;298.0;466.0;-462.0
-573.0;-484.0;695.0;-462.0;298.0;466.0;-461.0
-573.0;-485.0;695.0;-463.0;300.0;466.0;-460.0
-573.0;-485.0;694.0;-462.0;300.0;467.0;-460.0
-573.0;-485.0;695.0;-462.0;301.0;?;-460.0
-572.0;-485.0;696.0;-462.0;302.0;466.0;-460.0
-571.0;-486.0;696.0;-462.0;304.0;466.0;-460.0
-570.0;-486.0;697.0;-463.0;306.0;466.0;-459.0
-569.0;-487.0;697.0;-463.0;309.0;466.0;-459.0
-569.0;-487.0;697.0;-463.0;309.0;466.0;-459.0
-568.0;-487.0;698.0;-464.0;309.0;466.0;-459.0
-567.0;-486.0;699.0;-464.0;310.0;?;-459.0
-567.0;-485.0;698.0;-462.0;312.0;468.0;-458.0
-567.0;-485.0;697.0;-461.0;313.0;469.0;-458.0
-566.0;-485.0;696.0;-461.0;315.0;469.0;-457.0
-565.0;-485.0;?;-462.0;318.0;469.0;-457.0
-564.0;-485.0;694.0;-462.0;321.0;470.0;-457.0
-563.0;-485.0;695.0;-462.0;322.0;470.0;-457.0
-562.0;-486.0;694.0;-462.0;324.0;469.0;-457.0
-562.0;-486.0;694.0;-463.0;326.0;469.0;-457.0
-562.0;-485.0;694.0;-463.0;327.0;469.0;-457.0
-561.0;-485.0;694.0;-464.0;327.0;469.0;-457.0
-560.0;-485.0;695.0;-464.0;328.0;469.0;-458.0
-560.0;-485.0;695.0;?;329.0;469.0;-458.0
-559.0;-485.0;695.0;-465.0;330.0;469.0;?
-558.0;-485.0;696.0;-464.0;331.0;469.0;-458.0
-557.0;-485.0;695.0;-465.0;333.0;469.0;-458.0
-557.0;-485.0;695.0;-465.0;333.0;469.0;-459.0
-557.0;-486.0;695.0;-464.0;334.0;469.0;-458.0
-556.0;-486.0;695.0;-465.0;336.0;468.0;-458.0
-555.0;-487.0;695.0;-465.0;336.0;468.0;-458.0
-555.0;-487.0;695.0;-465.0;336.0;468.0;-458.0
-555.0;-488.0;?;-465.0;337.0;469.0;-458.0
-555.0;-488.0;695.0;-465.0;338.0;468.0;-458.0
-554.0;-488.0;695.0;?;338.0;468.0;-457.0
-554.0;-488.0;695.0;-464.0;338.0;469.0;?
-554.0;-488.0;696.0;?;338.0;?;-457.0
-553.0;-489.0;696.0;-464.0;338.0;469.0;-457.0
-553.0;-489.0;696.0;-464.0;338.0;469.0;-456.0
-552.0;-489.0;696.0;-465.0;339.0;469.0;-456.0
-552.0;-489.0;696.0;-465.0;339.0;468.0;-456.0
-552.0;-490.0;697.0;-465.0;339.0;468.0;?
-551.0;-490.0;697.0;-464.0;338.0;469.0;-456.0
-551.0;-490.0;697.0;-464.0;339.0;469.0;-455.0
-551.0;-490.0;698.0;-464.0;339.0;470.0;-455.0
-551.0;-491.0;698.0;-465.0;340.0;470.0;-455.0
-551.0;-491.0;698.0;-465.0;339.0;470.0;-455.0
-551.0;-492.0;698.0;-465.0;339.0;?;-455.0
-551.0;-492.0;699.0;-465.0;339.0;470.0;-455.0
-550.0;-492.0;699.0;-466.0;340.0;470.0;-455.0
-550.0;-492.0;?;-465.0;340.0;470.0;-455.0
-549.0;-492.0;699.0;-465.0;341.0;470.0;-455.0
-549.0;?;699.0;?;342.0;470.0;-454.0
-549.0;-493.0;699.0;-465.0;344.0;470.0;-454.0
-548.0;-494.0;699.0;-466.0;346.0;470.0;-454.0
-548.0;-494.0;699.0;-466.0;348.0;?;-454.0
-547.0;-495.0;699.0;-467.0;350.0;?;-454.0
-547.0;-495.0;699.0;-466.0;352.0;470.0;-454.0
-546.0;-495.0;699.0;-466.0;353.0;470.0;-454.0
-545.0;-495.0;699.0;-466.0;354.0;470.0;?
-545.0;-494.0;699.0;-467.0;356.0;470.0;-454.0
-544.0;-494.0;699.0;-467.0;357.0;470.0;-453.0
-544.0;-495.0;699.0;-467.0;358.0;470.0;-453.0
-544.0;-494.0;?;-467.0;358.0;470.0;-453.0
-544.0;-495.0;699.0;-467.0;359.0;470.0;-453.0
-544.0;-495.0;699.0;-467.0;360.0;470.0;-453.0
-543.0;-494.0;699.0;-467.0;360.0;470.0;-453.0
-543.0;-494.0;699.0;-467.0;361.0;470.0;-453.0
-543.0;-494.0;699.0;-467.0;362.0;470.0;-453.0
-543.0;-494.0;699.0;-467.0;362.0;470.0;-453.0
-543.0;-494.0;699.0;-467.0;362.0;470.0;-453.0
-543.0;-494.0;699.0;-467.0;363.0;470.0;-453.0
-542.0;-494.0;699.0;-467.0;363.0;470.0;-454.0
-542.0;-495.0;699.0;-467.0;?;470.0;-454.0
-543.0;-495.0;698.0;-467.0;363.0;470.0;-454.0
-543.0;-495.0;?;-467.0;363.0;470.0;-454.0
-542.0;-495.0;699.0;-467.0;363.0;470.0;-454.0
-542.0;-495.0;700.0;-467.0;362.0;471.0;-454.0
-541.0;-495.0;700.0;-467.0;361.0;471.0;-454.0
-541.0;-495.0;701.0;?;359.0;471.0;-454.0
-540.0;-495.0;703.0;-467.0;357.0;?;-454.0
-539.0;-495.0;704.0;-467.0;353.0;470.0;-454.0
-539.0;-495.0;706.0;-467.0;348.0;470.0;-455.0
-538.0;-495.0;708.0;-467.0;343.0;470.0;-455.0
-536.0;-495.0;709.0;-467.0;336.0;469.0;?
-535.0;-495.0;712.0;-468.0;327.0;468.0;-456.0
-533.0;-495.0;716.0;-468.0;317.0;468.0;-457.0
-530.0;-495.0;718.0;-468.0;307.0;467.0;-458.0
-527.0;-494.0;720.0;-467.0;297.0;468.0;-459.0
-523.0;-493.0;723.0;-466.0;285.0;468.0;-459.0
-516.0;-492.0;728.0;-465.0;273.0;468.0;-459.0
-508.0;-491.0;733.0;-465.0;259.0;469.0;-460.0
-497.0;-491.0;741.0;-464.0;244.0;470.0;-460.0
-482.0;-490.0;752.0;-465.0;228.0;471.0;-461.0
-466.0;-489.0;763.0;-465.0;211.0;472.0;-462.0
-445.0;-488.0;775.0;-466.0;193.0;472.0;-462.0
-421.0;-487.0;787.0;-466.0;175.0;473.0;-462.0
-398.0;?;797.0;-467.0;160.0;473.0;-463.0
-372.0;-487.0;806.0;-468.0;150.0;474.0;-464.0
-348.0;?;815.0;-470.0;143.0;475.0;-464.0
-325.0;-488.0;823.0;-471.0;138.0;475.0;-464.0
-302.0;-489.0;831.0;-472.0;139.0;476.0;-463.0
-280.0;-489.0;837.0;-473.0;140.0;476.0;-462.0
-260.0;-490.0;843.0;-474.0;138.0;478.0;-460.0
-240.0;-491.0;848.0;-475.0;139.0;479.0;-458.0
-219.0;-493.0;852.0;-476.0;136.0;480.0;-455.0
-197.0;-496.0;855.0;-477.0;126.0;481.0;-451.0
-176.0;?;856.0;-478.0;115.0;482.0;-448.0
-153.0;-502.0;?;-479.0;103.0;483.0;-444.0
-130.0;-505.0;865.0;-480.0;90.0;483.0;-441.0
-110.0;-507.0;868.0;-481.0;75.0;483.0;-439.0
?;-509.0;873.0;-483.0;61.0;483.0;-437.0
-74.0;-510.0;880.0;-484.0;49.0;484.0;-436.0
-61.0;-510.0;886.0;-485.0;35.0;485.0;-435.0
-51.0;-510.0;888.0;-486.0;25.0;487.0;-435.0
-42.0;-509.0;888.0;-485.0;17.0;490.0;-434.0
-35.0;-508.0;887.0;-485.0;11.0;491.0;-434.0
-30.0;-508.0;886.0;-486.0;5.0;492.0;-434.0
?;-507.0;888.0;-486.0;-2.0;493.0;-434.0
-20.0;?;891.0;-486.0;-8.0;494.0;-434.0
-15.0;-507.0;892.0;-486.0;-12.0;495.0;-434.0
-11.0;-506.0;891.0;-486.0;-16.0;496.0;-434.0
-7.0;-506.0;891.0;-486.0;-19.0;496.0;-435.0
-2.0;-505.0;891.0;-486.0;-21.0;495.0;-436.0
-2.0;-504.0;890.0;-486.0;-24.0;495.0;-437.0
-6.0;-503.0;890.0;-485.0;-24.0;495.0;-438.0
-7.0;-502.0;890.0;-484.0;-24.0;?;-439.0
-8.0;-501.0;892.0;-483.0;-26.0;493.0;-440.0
-11.0;-501.0;895.0;?;-28.0;?;-441.0
-17.0;-501.0;897.0;-481.0;-27.0;?;?
-25.0;?;895.0;-480.0;-22.0;487.0;-445.0
-41.0;-501.0;886.0;-479.0;-14.0;485.0;-446.0
-72.0;-501.0;?;-477.0;-2.0;482.0;-448.0
-106.0;-500.0;868.0;-474.0;12.0;480.0;-450.0
-144.0;-498.0;865.0;?;25.0;478.0;-452.0
-177.0;-496.0;870.0;-471.0;39.0;474.0;-456.0
-201.0;-493.0;877.0;-471.0;55.0;471.0;-460.0
-218.0;?;878.0;-469.0;68.0;469.0;-464.0
-230.0;-486.0;878.0;-469.0;73.0;468.0;-467.0
-230.0;-482.0;881.0;-468.0;75.0;468.0;-470.0
-223.0;-478.0;883.0;-462.0;80.0;468.0;-471.0
-215.0;-475.0;886.0;-458.0;84.0;468.0;-471.0
-203.0;-472.0;886.0;?;88.0;467.0;-469.0
-193.0;-467.0;882.0;-449.0;90.0;467.0;-467.0
-186.0;-464.0;878.0;-443.0;88.0;464.0;-466.0
-186.0;-462.0;879.0;-437.0;91.0;460.0;-466.0
-185.0;-463.0;879.0;-430.0;103.0;456.0;-469.0
-184.0;?;874.0;-430.0;112.0;450.0;-471.0
-184.0;-476.0;872.0;-434.0;117.0;443.0;-470.0
-184.0;-483.0;873.0;-439.0;?;438.0;-466.0
-184.0;-489.0;874.0;-442.0;122.0;439.0;-459.0
?;-490.0;874.0;-442.0;123.0;442.0;-450.0
-179.0;-492.0;874.0;-442.0;125.0;443.0;-443.0
-176.0;-493.0;873.0;-443.0;127.0;443.0;-442.0
-171.0;-495.0;872.0;-447.0;130.0;443.0;-443.0
-166.0;-497.0;872.0;-450.0;134.0;?;-442.0
-160.0;-500.0;872.0;-456.0;136.0;443.0;-441.0
-155.0;-503.0;873.0;-461.0;137.0;444.0;-439.0
-150.0;-505.0;876.0;?;137.0;445.0;-436.0
?;-507.0;878.0;-465.0;136.0;447.0;-433.0
-147.0;-509.0;880.0;-466.0;135.0;450.0;-429.0
-145.0;-510.0;882.0;-469.0;?;451.0;-426.0
-143.0;-512.0;883.0;-471.0;131.0;452.0;-424.0
-142.0;-515.0;884.0;-473.0;129.0;452.0;?
-141.0;-518.0;886.0;-475.0;128.0;452.0;-422.0
-140.0;-520.0;886.0;-478.0;128.0;452.0;-421.0
-138.0;-520.0;887.0;-478.0;128.0;453.0;-420.0
-137.0;-519.0;887.0;-477.0;128.0;455.0;-419.0
-137.0;-517.0;888.0;-475.0;128.0;457.0;-418.0
-137.0;-514.0;890.0;-474.0;128.0;459.0;-417.0
-137.0;-510.0;891.0;-472.0;126.0;460.0;-416.0
-136.0;-507.0;892.0;-471.0;125.0;462.0;-415.0
-134.0;-506.0;892.0;-472.0;125.0;462.0;-415.0
-132.0;-505.0;891.0;-474.0;125.0;461.0;-415.0
-131.0;-505.0;891.0;?;123.0;460.0;-416.0
-128.0;-504.0;891.0;-475.0;121.0;460.0;-416.0
-125.0;-503.0;892.0;-474.0;?;462.0;-417.0
-124.0;-503.0;893.0;-474.0;117.0;462.0;-417.0
-123.0;-503.0;893.0;-475.0;116.0;461.0;-417.0
-123.0;-503.0;892.0;-476.0;115.0;?;-417.0
-122.0;-504.0;892.0;-477.0;114.0;458.0;-417.0
-122.0;-506.0;891.0;-477.0;115.0;456.0;-418.0
?;?;890.0;-478.0;115.0;454.0;-418.0
-121.0;-508.0;889.0;-479.0;117.0;452.0;-418.0
-120.0;-508.0;887.0;-478.0;120.0;451.0;-419.0
-119.0;?;886.0;-481.0;121.0;449.0;?
-118.0;-510.0;885.0;-482.0;?;448.0;-421.0
-118.0;-510.0;883.0;-482.0;124.0;447.0;-421.0
-118.0;-510.0;883.0;-482.0;124.0;447.0;-422.0
-117.0;-509.0;882.0;-483.0;124.0;448.0;-422.0
-117.0;-509.0;882.0;-484.0;123.0;448.0;-422.0
-116.0;-508.0;882.0;-485.0;123.0;448.0;-421.0
-116.0;?;?;-486.0;?;448.0;-421.0
-116.0;-506.0;882.0;-486.0;123.0;448.0;-422.0
-116.0;-506.0;881.0;-487.0;123.0;447.0;-422.0
-117.0;-507.0;881.0;-487.0;123.0;446.0;-422.0
-117.0;-508.0;880.0;-487.0;124.0;445.0;-421.0
-116.0;-508.0;880.0;-487.0;125.0;445.0;-422.0
-116.0;?;879.0;-487.0;127.0;445.0;-423.0
-116.0;-510.0;879.0;-488.0;128.0;443.0;-424.0
-115.0;-511.0;878.0;-490.0;129.0;442.0;-425.0
-114.0;-513.0;877.0;-491.0;130.0;440.0;-427.0
-113.0;-515.0;?;-494.0;131.0;?;-429.0
-113.0;-517.0;876.0;-496.0;131.0;435.0;-430.0
?;-518.0;876.0;-497.0;131.0;434.0;?
-114.0;-519.0;876.0;-498.0;131.0;433.0;-431.0
-113.0;-519.0;875.0;-498.0;132.0;433.0;-431.0
-114.0;-518.0;875.0;-498.0;132.0;434.0;-431.0
-114.0;-518.0;875.0;-497.0;132.0;435.0;-430.0
-114.0;-518.0;875.0;-497.0;132.0;435.0;-430.0
?;-519.0;874.0;-497.0;132.0;435.0;-429.0
-113.0;-518.0;874.0;-497.0;132.0;435.0;-428.0
-113.0;-518.0;?;-498.0;132.0;?;?
-113.0;-519.0;875.0;-498.0;131.0;435.0;-428.0
-113.0;-520.0;875.0;?;131.0;?;-428.0
-114.0;-520.0;874.0;-498.0;132.0;435.0;-428.0
-114.0;-520.0;?;-498.0;133.0;436.0;-428.0
-114.0;-522.0;874.0;-498.0;134.0;436.0;-428.0
-115.0;-523.0;874.0;-499.0;135.0;?;-427.0
-115.0;-523.0;874.0;-499.0;136.0;437.0;-427.0
-115.0;-524.0;874.0;-499.0;136.0;438.0;-426.0
-114.0;-524.0;874.0;-499.0;137.0;439.0;-426.0
-113.0;-524.0;874.0;-499.0;138.0;439.0;-425.0
-114.0;-524.0;874.0;-498.0;138.0;439.0;-424.0
-115.0;-525.0;875.0;-498.0;139.0;439.0;-423.0
-117.0;-527.0;876.0;-498.0;139.0;440.0;-422.0
-117.0;-528.0;875.0;-499.0;141.0;440.0;-421.0
-117.0;?;875.0;-500.0;142.0;439.0;-421.0
-117.0;-530.0;875.0;?;143.0;438.0;-421.0
-117.0;-531.0;875.0;-501.0;144.0;438.0;-420.0
-117.0;-532.0;875.0;-501.0;145.0;438.0;-419.0
-116.0;?;875.0;-500.0;145.0;437.0;-418.0
-116.0;-531.0;875.0;-500.0;145.0;438.0;-418.0
-116.0;-531.0;875.0;?;145.0;437.0;-418.0
-117.0;-532.0;875.0;-499.0;145.0;437.0;-417.0
-117.0;-532.0;875.0;-498.0;145.0;437.0;-416.0
-117.0;-534.0;875.0;-498.0;145.0;436.0;-416.0
-116.0;-534.0;875.0;-498.0;146.0;436.0;-416.0
-117.0;-534.0;876.0;-497.0;145.0;436.0;-416.0
-117.0;-534.0;876.0;-497.0;145.0;436.0;-416.0
-117.0;-533.0;876.0;-497.0;145.0;436.0;-417.0
-116.0;-533.0;876.0;-497.0;146.0;436.0;-417.0
-115.0;-534.0;876.0;-498.0;146.0;436.0;-417.0
-115.0;?;876.0;-498.0;146.0;436.0;-418.0
-115.0;-533.0;876.0;-497.0;147.0;?;-417.0
-116.0;-533.0;877.0;-497.0;147.0;437.0;-417.0
-115.0;-532.0;877.0;-497.0;147.0;437.0;-418.0
-115.0;-532.0;877.0;-497.0;148.0;436.0;?
-115.0;-532.0;877.0;-497.0;148.0;436.0;-418.0
?;-532.0;877.0;-497.0;149.0;436.0;-418.0
-115.0;-531.0;876.0;-497.0;149.0;436.0;?
-115.0;-531.0;876.0;-497.0;149.0;436.0;-419.0
-114.0;-531.0;876.0;-497.0;150.0;436.0;-419.0
-114.0;?;877.0;-497.0;149.0;435.0;-418.0
-114.0;-530.0;877.0;-498.0;149.0;436.0;-419.0
-115.0;-530.0;877.0;-498.0;150.0;436.0;-418.0
-115.0;-530.0;877.0;-498.0;150.0;436.0;-418.0
-114.0;-531.0;877.0;-498.0;?;437.0;-417.0
-113.0;-531.0;877.0;-499.0;150.0;436.0;-417.0
-113.0;-531.0;878.0;-500.0;150.0;437.0;-417.0
-113.0;-532.0;878.0;-500.0;149.0;436.0;-417.0
-112.0;-532.0;879.0;-500.0;149.0;437.0;-417.0
-112.0;-531.0;879.0;-501.0;149.0;437.0;-416.0
-111.0;-531.0;879.0;-500.0;149.0;438.0;-416.0
?;-532.0;879.0;-500.0;149.0;437.0;?
-111.0;-532.0;879.0;-500.0;149.0;437.0;-416.0
-111.0;?;879.0;-501.0;150.0;437.0;-416.0
-110.0;-533.0;879.0;-500.0;150.0;437.0;-416.0
-110.0;-532.0;879.0;-500.0;151.0;?;-416.0
-110.0;-532.0;?;-500.0;151.0;437.0;-416.0
-110.0;-532.0;879.0;-500.0;151.0;437.0;-416.0
-110.0;-531.0;878.0;-500.0;152.0;437.0;-416.0
-110.0;-531.0;878.0;?;152.0;436.0;-417.0
-110.0;-531.0;878.0;-501.0;152.0;436.0;-416.0
-110.0;-531.0;879.0;-501.0;152.0;436.0;-417.0
-111.0;-531.0;879.0;-502.0;151.0;437.0;-416.0
-111.0;-531.0;880.0;-502.0;150.0;437.0;-416.0
-111.0;-531.0;881.0;-502.0;146.0;438.0;-416.0
-114.0;-531.0;883.0;-502.0;143.0;438.0;-415.0
-116.0;-531.0;886.0;-504.0;139.0;439.0;?
-118.0;-532.0;889.0;-505.0;135.0;440.0;-413.0
-119.0;-532.0;891.0;-505.0;130.0;441.0;-413.0
-119.0;?;893.0;-506.0;127.0;442.0;-412.0
-120.0;-533.0;895.0;-507.0;124.0;443.0;-411.0
-121.0;-534.0;898.0;-507.0;121.0;444.0;-410.0
-122.0;-534.0;901.0;-508.0;117.0;445.0;-408.0
-123.0;-534.0;904.0;-508.0;111.0;447.0;-406.0
?;-535.0;908.0;-508.0;103.0;449.0;-404.0
-122.0;-538.0;912.0;-510.0;96.0;453.0;-402.0
-127.0;-540.0;914.0;-513.0;92.0;?;-400.0
-131.0;-542.0;916.0;-516.0;94.0;463.0;-397.0
-137.0;-543.0;921.0;-519.0;99.0;468.0;-394.0
-139.0;-543.0;927.0;-524.0;103.0;?;-389.0
-134.0;-544.0;931.0;-528.0;107.0;477.0;-384.0
-125.0;-545.0;932.0;-530.0;103.0;481.0;-378.0
-113.0;-546.0;?;-532.0;93.0;485.0;-372.0
-96.0;-548.0;927.0;?;80.0;489.0;-369.0
-77.0;-552.0;920.0;-533.0;65.0;492.0;-367.0
-59.0;-557.0;914.0;-535.0;50.0;493.0;-365.0
-47.0;-565.0;916.0;-537.0;37.0;494.0;-367.0
-36.0;-573.0;925.0;-537.0;23.0;495.0;-369.0
-30.0;-578.0;928.0;-537.0;9.0;497.0;-370.0
-27.0;-579.0;928.0;-535.0;0.0;500.0;-372.0
-23.0;-575.0;927.0;-533.0;-8.0;504.0;-373.0
-19.0;-571.0;922.0;-532.0;-16.0;507.0;-373.0
-17.0;-567.0;919.0;-531.0;-21.0;?;-374.0
-17.0;-563.0;917.0;-531.0;-27.0;510.0;-377.0
-15.0;-560.0;916.0;-533.0;-35.0;511.0;-380.0
-16.0;?;916.0;-533.0;-40.0;512.0;-384.0
-19.0;-555.0;915.0;-534.0;-44.0;511.0;?
-23.0;-553.0;914.0;?;-45.0;511.0;-390.0
-25.0;-551.0;913.0;-535.0;-43.0;?;-392.0
-27.0;-548.0;910.0;-534.0;?;509.0;-394.0
-31.0;-547.0;908.0;-534.0;-41.0;508.0;-396.0
-36.0;-546.0;905.0;-535.0;-42.0;506.0;-398.0
-41.0;-546.0;905.0;-535.0;-42.0;504.0;-399.0
-48.0;-545.0;905.0;-535.0;-40.0;502.0;-401.0
-60.0;-545.0;904.0;-534.0;-32.0;500.0;-401.0
-75.0;?;902.0;-533.0;-22.0;499.0;?
-94.0;-543.0;900.0;?;-8.0;497.0;-402.0
-116.0;-542.0;898.0;?;8.0;494.0;-401.0
-141.0;-542.0;?;?;24.0;492.0;-401.0
-169.0;-542.0;896.0;?;44.0;491.0;-401.0
-196.0;-542.0;895.0;-528.0;68.0;489.0;-401.0
-226.0;-542.0;890.0;-527.0;91.0;?;-400.0
-256.0;-542.0;885.0;-526.0;115.0;485.0;-401.0
-284.0;-542.0;878.0;-524.0;140.0;483.0;-401.0
-315.0;-542.0;867.0;-523.0;162.0;481.0;-401.0
-345.0;-542.0;853.0;-523.0;178.0;478.0;-402.0
-375.0;-542.0;?;-522.0;192.0;476.0;-402.0
-404.0;-541.0;822.0;-520.0;204.0;474.0;-401.0
-430.0;-541.0;807.0;-519.0;213.0;472.0;-401.0
-455.0;-540.0;793.0;?;220.0;471.0;-400.0
-479.0;?;780.0;-517.0;225.0;?;-400.0
-500.0;?;768.0;-516.0;229.0;467.0;-399.0
-518.0;-538.0;756.0;-514.0;234.0;466.0;-398.0
-534.0;-538.0;?;-512.0;239.0;465.0;-397.0
-547.0;-538.0;734.0;-511.0;245.0;463.0;-397.0
-558.0;-538.0;724.0;-510.0;254.0;462.0;-397.0
-568.0;-538.0;715.0;-509.0;262.0;461.0;-396.0
-575.0;-538.0;709.0;-508.0;270.0;460.0;-395.0
-580.0;-539.0;704.0;-508.0;277.0;460.0;-394.0
-583.0;-539.0;701.0;-508.0;283.0;459.0;-393.0
-584.0;-541.0;700.0;-508.0;?;459.0;-391.0
-584.0;-543.0;699.0;-509.0;294.0;459.0;-390.0
-583.0;?;699.0;-510.0;298.0;458.0;-390.0
-582.0;-545.0;700.0;-510.0;?;457.0;?
-580.0;-546.0;701.0;-510.0;302.0;457.0;-389.0
-579.0;-546.0;701.0;-511.0;304.0;457.0;-389.0
-579.0;-546.0;701.0;-510.0;307.0;457.0;-389.0
-577.0;-547.0;702.0;?;309.0;457.0;-389.0
-576.0;-547.0;702.0;-511.0;312.0;457.0;-389.0
-575.0;-547.0;701.0;-512.0;316.0;457.0;-390.0
-573.0;-548.0;702.0;-513.0;320.0;456.0;-391.0
-572.0;-548.0;701.0;-514.0;324.0;457.0;-391.0
-571.0;-549.0;701.0;-514.0;327.0;457.0;-392.0
-569.0;-549.0;702.0;-514.0;330.0;457.0;-392.0
-568.0;-549.0;702.0;-515.0;333.0;458.0;-392.0
-567.0;-549.0;702.0;-516.0;335.0;458.0;-392.0
-565.0;-549.0;702.0;-516.0;337.0;459.0;-392.0
-564.0;-549.0;702.0;-517.0;339.0;459.0;-393.0
-562.0;-549.0;702.0;-517.0;341.0;459.0;-393.0
-561.0;-548.0;703.0;-517.0;342.0;460.0;-393.0
-561.0;-548.0;703.0;-517.0;344.0;460.0;-393.0
-560.0;-547.0;703.0;?;346.0;460.0;-393.0
-560.0;-547.0;703.0;-517.0;348.0;460.0;-393.0
-560.0;-546.0;702.0;-517.0;349.0;460.0;-393.0
-559.0;-546.0;702.0;-518.0;352.0;460.0;-394.0
-560.0;-547.0;701.0;-518.0;355.0;461.0;-393.0
-560.0;-547.0;700.0;-518.0;355.0;461.0;-393.0
-561.0;-547.0;700.0;-518.0;356.0;461.0;?
-561.0;-547.0;700.0;-518.0;357.0;461.0;-393.0
-561.0;-548.0;701.0;-518.0;356.0;462.0;-392.0
-560.0;-548.0;702.0;-517.0;355.0;462.0;-391.0
-559.0;-548.0;702.0;-517.0;355.0;462.0;-391.0
-559.0;?;702.0;-517.0;354.0;462.0;-391.0
-559.0;-549.0;703.0;-518.0;354.0;462.0;-390.0
-559.0;-549.0;703.0;-517.0;354.0;462.0;-390.0
-558.0;-549.0;704.0;-518.0;354.0;461.0;-390.0
?;-549.0;703.0;-518.0;353.0;461.0;-390.0
-559.0;-549.0;703.0;-518.0;?;461.0;-390.0
-558.0;-549.0;703.0;-518.0;354.0;462.0;-390.0
-557.0;-549.0;703.0;-518.0;?;462.0;-391.0
-557.0;-549.0;704.0;-518.0;354.0;462.0;-391.0
-557.0;-549.0;704.0;-519.0;353.0;462.0;-391.0
-556.0;-549.0;705.0;-519.0;352.0;462.0;-391.0
-555.0;-549.0;706.0;-519.0;350.0;462.0;-391.0
-555.0;-549.0;708.0;-518.0;347.0;462.0;-392.0
-553.0;-549.0;710.0;-518.0;344.0;462.0;?
-551.0;-549.0;712.0;-518.0;339.0;461.0;-392.0
-549.0;?;714.0;-518.0;333.0;461.0;-392.0
-547.0;-548.0;717.0;-518.0;325.0;461.0;-392.0
-545.0;-547.0;720.0;-518.0;316.0;462.0;-393.0
-543.0;-547.0;723.0;?;305.0;462.0;-393.0
-541.0;-546.0;725.0;-517.0;293.0;462.0;-394.0
-538.0;-545.0;729.0;-517.0;279.0;462.0;-394.0
-535.0;-544.0;733.0;-517.0;265.0;463.0;-396.0
-529.0;-543.0;737.0;-517.0;252.0;?;-397.0
-521.0;-542.0;742.0;-518.0;241.0;463.0;-399.0
?;-542.0;749.0;-519.0;232.0;463.0;-401.0
?;?;758.0;-519.0;224.0;464.0;-403.0
-481.0;-539.0;770.0;-520.0;?;465.0;-405.0
-462.0;-537.0;781.0;-521.0;208.0;466.0;-407.0
-441.0;-536.0;792.0;-523.0;202.0;467.0;-409.0
-418.0;-536.0;803.0;-524.0;198.0;467.0;-411.0
-392.0;-534.0;814.0;-525.0;196.0;467.0;-413.0
-364.0;-534.0;825.0;-526.0;198.0;?;-414.0
-335.0;?;835.0;-527.0;199.0;467.0;-415.0
-308.0;-534.0;845.0;-527.0;199.0;468.0;-416.0
-282.0;-535.0;852.0;-527.0;196.0;468.0;-416.0
-258.0;-535.0;854.0;-528.0;193.0;468.0;-418.0
-238.0;-536.0;851.0;-528.0;183.0;468.0;-419.0
-219.0;-536.0;845.0;-529.0;171.0;468.0;-421.0
-200.0;-536.0;844.0;-530.0;155.0;469.0;-422.0
-177.0;-537.0;856.0;-531.0;145.0;469.0;-424.0
-152.0;-537.0;871.0;?;132.0;468.0;-425.0
-131.0;?;878.0;-533.0;114.0;468.0;-428.0
-112.0;-537.0;882.0;-534.0;101.0;468.0;-429.0
-95.0;-536.0;882.0;-535.0;87.0;468.0;?
-81.0;-535.0;879.0;-536.0;74.0;468.0;-434.0
-72.0;-533.0;880.0;-537.0;61.0;?;-436.0
-65.0;-532.0;885.0;-538.0;47.0;467.0;-438.0
-60.0;-531.0;894.0;-538.0;35.0;467.0;-440.0
?;?;898.0;-539.0;23.0;467.0;-442.0
-55.0;?;896.0;-539.0;15.0;467.0;?
-54.0;-526.0;896.0;-539.0;9.0;467.0;-444.0
-53.0;-525.0;894.0;-538.0;3.0;467.0;-445.0
-52.0;-525.0;895.0;?;-3.0;467.0;-446.0
-53.0;-524.0;901.0;-538.0;-8.0;467.0;-447.0
-55.0;-523.0;903.0;-537.0;-8.0;466.0;-448.0
-56.0;-523.0;902.0;-537.0;-7.0;466.0;-448.0
-56.0;-523.0;?;-536.0;-7.0;466.0;-448.0
-58.0;-524.0;902.0;-536.0;-8.0;465.0;-449.0
-59.0;-524.0;904.0;-535.0;-11.0;464.0;-449.0
-59.0;-525.0;907.0;-534.0;-12.0;464.0;-449.0
-58.0;?;907.0;?;-12.0;?;-449.0
-57.0;?;906.0;-534.0;-10.0;463.0;-448.0
-58.0;?;905.0;?;-8.0;462.0;-446.0
-60.0;-529.0;905.0;-533.0;-2.0;461.0;-445.0
-67.0;-530.0;?;-533.0;12.0;460.0;-443.0
-84.0;-533.0;895.0;-534.0;31.0;458.0;-442.0
-105.0;-535.0;888.0;-535.0;50.0;456.0;-441.0
-132.0;-536.0;887.0;-534.0;64.0;454.0;-440.0
-162.0;?;895.0;-534.0;74.0;453.0;-440.0
-188.0;-537.0;900.0;-533.0;79.0;451.0;-440.0
-208.0;?;901.0;-532.0;79.0;451.0;-440.0
-222.0;-534.0;899.0;-530.0;79.0;451.0;-441.0
-230.0;-531.0;895.0;-529.0;77.0;451.0;-441.0
-223.0;-528.0;895.0;-528.0;72.0;451.0;-443.0
-204.0;-524.0;895.0;-526.0;71.0;452.0;-443.0
-185.0;-521.0;894.0;-524.0;68.0;453.0;-443.0
-170.0;-517.0;888.0;?;53.0;454.0;-444.0
-163.0;-515.0;885.0;-519.0;41.0;454.0;-443.0
-161.0;-513.0;885.0;-516.0;45.0;454.0;-443.0
-161.0;-513.0;887.0;-515.0;57.0;452.0;-441.0
-159.0;-515.0;891.0;-515.0;69.0;450.0;-439.0
-157.0;?;897.0;-515.0;76.0;446.0;?
-152.0;-520.0;901.0;-515.0;82.0;?;-436.0
-149.0;-523.0;900.0;-514.0;85.0;439.0;-434.0
-146.0;-525.0;898.0;-512.0;86.0;437.0;-432.0
-147.0;-526.0;898.0;-510.0;87.0;?;-430.0
?;-526.0;897.0;-508.0;87.0;435.0;?
-152.0;-526.0;896.0;-507.0;88.0;435.0;-426.0
-153.0;-526.0;896.0;-506.0;?;434.0;-424.0
-152.0;-526.0;896.0;-505.0;91.0;433.0;-423.0
-150.0;-527.0;895.0;?;93.0;431.0;?
-149.0;-528.0;895.0;-505.0;95.0;430.0;-422.0
-147.0;?;894.0;-505.0;97.0;429.0;-422.0
-147.0;-530.0;894.0;-505.0;?;428.0;-422.0
-147.0;?;894.0;-505.0;?;427.0;-422.0
-146.0;-530.0;894.0;-505.0;?;427.0;-421.0
-145.0;-531.0;895.0;-505.0;97.0;427.0;-421.0
-143.0;-532.0;895.0;-507.0;98.0;?;?
-143.0;-533.0;895.0;-508.0;98.0;426.0;-420.0
-142.0;-534.0;895.0;?;98.0;425.0;-420.0
-141.0;-534.0;896.0;-509.0;?;426.0;-420.0
-141.0;-535.0;896.0;-509.0;97.0;426.0;-419.0
-140.0;-534.0;896.0;-510.0;96.0;427.0;-419.0
-140.0;-534.0;896.0;-510.0;96.0;427.0;-419.0
-140.0;-534.0;897.0;-511.0;95.0;427.0;-419.0
-139.0;-535.0;897.0;-512.0;95.0;427.0;-419.0
-138.0;-536.0;897.0;-512.0;94.0;427.0;-419.0
-137.0;-537.0;897.0;-513.0;94.0;427.0;-420.0
-137.0;-537.0;897.0;-514.0;93.0;427.0;-420.0
-136.0;-538.0;897.0;-515.0;93.0;427.0;-420.0
-136.0;-538.0;897.0;-515.0;93.0;427.0;-419.0
-135.0;-539.0;898.0;-516.0;93.0;?;-419.0
-135.0;-538.0;898.0;-516.0;92.0;428.0;-419.0
-135.0;-538.0;898.0;-517.0;92.0;428.0;-419.0
-135.0;-539.0;899.0;-518.0;91.0;428.0;?
-135.0;-540.0;899.0;-518.0;90.0;428.0;-419.0
-134.0;?;900.0;-519.0;88.0;428.0;-419.0
-134.0;-540.0;899.0;-520.0;88.0;428.0;-418.0
-134.0;-541.0;?;-520.0;87.0;428.0;-418.0
-133.0;-542.0;900.0;-520.0;86.0;428.0;-418.0
?;-542.0;901.0;-521.0;85.0;428.0;-417.0
-133.0;-543.0;901.0;-521.0;85.0;428.0;?
-132.0;-543.0;900.0;-521.0;85.0;428.0;-417.0
-131.0;-543.0;900.0;-522.0;?;428.0;-417.0
-131.0;-543.0;900.0;-522.0;85.0;428.0;-416.0
-131.0;-543.0;900.0;-523.0;85.0;428.0;-416.0
-130.0;-543.0;900.0;-523.0;?;429.0;-416.0
-129.0;-543.0;901.0;-523.0;85.0;429.0;-416.0
-129.0;-543.0;901.0;-524.0;85.0;429.0;-416.0
-129.0;-542.0;901.0;-524.0;85.0;429.0;-416.0
-129.0;-542.0;901.0;-524.0;85.0;429.0;-417.0
-129.0;-542.0;902.0;-523.0;85.0;430.0;-417.0
-131.0;-539.0;901.0;-521.0;85.0;430.0;-412.0
-136.0;-533.0;901.0;-519.0;84.0;434.0;-406.0
-148.0;-522.0;899.0;-517.0;82.0;438.0;-398.0
-167.0;-517.0;893.0;-516.0;82.0;449.0;-394.0
-188.0;-517.0;883.0;-511.0;86.0;?;-384.0
-211.0;-518.0;872.0;-505.0;94.0;489.0;-371.0
-235.0;-521.0;868.0;-501.0;101.0;507.0;-357.0
-259.0;-528.0;872.0;-500.0;112.0;521.0;-341.0
-282.0;-530.0;876.0;-495.0;124.0;531.0;-324.0
?;-530.0;881.0;-488.0;134.0;537.0;-309.0
-304.0;-530.0;889.0;-479.0;136.0;541.0;-296.0
-306.0;-526.0;897.0;-464.0;128.0;543.0;-284.0
-309.0;-518.0;902.0;-449.0;113.0;544.0;-276.0
-310.0;-515.0;907.0;-439.0;99.0;540.0;-273.0
-312.0;-512.0;910.0;-432.0;90.0;536.0;-272.0
-311.0;-510.0;909.0;-430.0;83.0;532.0;-275.0
-313.0;-509.0;904.0;-431.0;76.0;528.0;-277.0
-315.0;-507.0;899.0;-433.0;70.0;524.0;-278.0
-316.0;-504.0;896.0;-431.0;63.0;522.0;?
-316.0;-502.0;895.0;-436.0;58.0;519.0;-279.0
-315.0;-500.0;893.0;-446.0;53.0;515.0;-281.0
-314.0;-497.0;887.0;-446.0;48.0;513.0;-282.0
-313.0;-494.0;882.0;-449.0;47.0;511.0;-285.0
-313.0;-495.0;879.0;?;49.0;507.0;-289.0
-313.0;-496.0;875.0;-472.0;52.0;501.0;?
-313.0;-497.0;871.0;-483.0;55.0;496.0;-298.0
-314.0;-499.0;867.0;-497.0;58.0;491.0;-302.0
-314.0;-501.0;863.0;-510.0;60.0;485.0;-305.0
-314.0;-500.0;859.0;-518.0;63.0;481.0;-308.0
-315.0;-500.0;856.0;-519.0;66.0;481.0;-310.0
-316.0;-497.0;855.0;-517.0;67.0;483.0;-311.0
-319.0;-494.0;852.0;-517.0;65.0;484.0;-312.0
-323.0;-492.0;849.0;-514.0;62.0;487.0;-313.0
-324.0;-492.0;?;-510.0;60.0;490.0;-312.0
-325.0;?;848.0;-506.0;58.0;491.0;-311.0
?;-490.0;848.0;-506.0;58.0;491.0;?
?;-490.0;848.0;-505.0;59.0;490.0;-311.0
?;-490.0;848.0;-501.0;61.0;491.0;-310.0
-319.0;-489.0;848.0;-494.0;61.0;493.0;-310.0
-319.0;-489.0;849.0;-489.0;62.0;494.0;-309.0
-318.0;-489.0;850.0;-487.0;63.0;494.0;-308.0
-317.0;-489.0;853.0;-482.0;64.0;495.0;-308.0
-313.0;-489.0;857.0;-474.0;66.0;498.0;-307.0
-307.0;-488.0;864.0;-470.0;70.0;499.0;-306.0
-302.0;-488.0;865.0;-465.0;70.0;500.0;-305.0
-297.0;-487.0;864.0;-461.0;69.0;502.0;-303.0
-295.0;-487.0;863.0;-458.0;72.0;503.0;-301.0
-296.0;-487.0;864.0;-455.0;74.0;504.0;-299.0
-297.0;-487.0;865.0;-453.0;74.0;504.0;-298.0
?;-489.0;864.0;-455.0;74.0;504.0;-297.0
-300.0;-491.0;863.0;-459.0;72.0;504.0;-295.0
-304.0;-492.0;863.0;-463.0;70.0;504.0;-294.0
-309.0;-494.0;865.0;-469.0;68.0;504.0;-293.0
-310.0;-495.0;865.0;-475.0;67.0;504.0;-292.0
-311.0;-497.0;866.0;-482.0;68.0;503.0;-292.0
-311.0;-501.0;867.0;-494.0;68.0;499.0;-291.0
-310.0;-504.0;868.0;?;69.0;?;-290.0
-309.0;-506.0;868.0;-508.0;70.0;491.0;-289.0
-307.0;-507.0;867.0;-512.0;68.0;488.0;-287.0
-307.0;-508.0;?;-512.0;68.0;487.0;-285.0
-306.0;?;?;-510.0;67.0;489.0;-281.0
-309.0;-507.0;862.0;-504.0;69.0;492.0;-277.0
-311.0;-506.0;857.0;-501.0;72.0;?;-273.0
-313.0;-507.0;855.0;-499.0;75.0;494.0;-270.0
-311.0;-507.0;857.0;-503.0;80.0;492.0;-269.0
-304.0;-509.0;861.0;-507.0;83.0;489.0;-271.0
-297.0;-510.0;864.0;-508.0;85.0;488.0;?
-294.0;-510.0;864.0;-510.0;87.0;486.0;-273.0
-294.0;-511.0;864.0;-511.0;88.0;485.0;-274.0
-293.0;-512.0;?;-512.0;89.0;486.0;-274.0
-294.0;-513.0;?;-516.0;89.0;485.0;-275.0
-295.0;-515.0;865.0;-517.0;88.0;?;-275.0
-295.0;-514.0;866.0;?;88.0;492.0;-274.0
-296.0;-515.0;866.0;-511.0;89.0;496.0;-274.0
-298.0;?;865.0;-514.0;90.0;500.0;-274.0
-301.0;-516.0;864.0;-518.0;94.0;505.0;-275.0
-307.0;-518.0;862.0;-522.0;100.0;512.0;?
-314.0;-521.0;860.0;-528.0;109.0;519.0;-276.0
-324.0;-525.0;857.0;-530.0;123.0;?;-275.0
-336.0;-527.0;853.0;-534.0;140.0;541.0;-274.0
-350.0;?;847.0;-540.0;160.0;555.0;-273.0
-367.0;-537.0;838.0;-543.0;184.0;571.0;-272.0
-385.0;-542.0;827.0;-543.0;208.0;588.0;-270.0
-403.0;-549.0;815.0;-543.0;231.0;606.0;-269.0
-419.0;-554.0;804.0;-545.0;253.0;620.0;-267.0
-434.0;-559.0;794.0;-544.0;271.0;634.0;-265.0
-448.0;-562.0;784.0;-543.0;287.0;647.0;-262.0
-464.0;-567.0;773.0;-543.0;300.0;659.0;-257.0
-477.0;-572.0;763.0;-542.0;311.0;671.0;-253.0
-487.0;-577.0;?;-538.0;322.0;682.0;-247.0
-495.0;-581.0;746.0;-533.0;331.0;693.0;-242.0
-501.0;?;739.0;-528.0;340.0;702.0;-236.0
-506.0;-586.0;732.0;-523.0;349.0;709.0;-231.0
-511.0;-588.0;725.0;-518.0;356.0;?;-225.0
-516.0;-591.0;719.0;-514.0;362.0;722.0;?
-521.0;-595.0;713.0;-508.0;370.0;729.0;-213.0
-524.0;-599.0;708.0;-499.0;378.0;735.0;-206.0
-526.0;-601.0;?;-491.0;386.0;737.0;-201.0
-525.0;-604.0;703.0;-488.0;393.0;738.0;-196.0
?;-608.0;701.0;-486.0;398.0;740.0;-190.0
-526.0;-612.0;699.0;-481.0;?;742.0;-184.0
-527.0;-615.0;697.0;-477.0;408.0;743.0;-178.0
-528.0;-617.0;695.0;-473.0;414.0;745.0;?
-529.0;-620.0;692.0;-466.0;419.0;747.0;-166.0
-530.0;-622.0;690.0;-463.0;422.0;749.0;-161.0
-530.0;-623.0;689.0;-461.0;425.0;750.0;-157.0
-531.0;-624.0;687.0;-459.0;428.0;751.0;-152.0
-533.0;-625.0;684.0;-457.0;430.0;752.0;-149.0
-535.0;-627.0;683.0;-457.0;431.0;752.0;-147.0
-535.0;-629.0;683.0;-457.0;431.0;750.0;-146.0
-536.0;-631.0;683.0;?;431.0;749.0;-146.0
-538.0;-632.0;682.0;-456.0;431.0;747.0;-145.0
-538.0;-633.0;683.0;-456.0;430.0;?;-146.0
-538.0;-634.0;683.0;-455.0;429.0;744.0;-146.0
?;-635.0;683.0;-454.0;428.0;742.0;-146.0
-538.0;?;684.0;-450.0;428.0;739.0;-147.0
-537.0;-634.0;685.0;-454.0;?;737.0;-147.0
-538.0;-634.0;685.0;-457.0;426.0;736.0;?
-538.0;-634.0;686.0;-457.0;424.0;734.0;-149.0
-536.0;-634.0;687.0;-461.0;424.0;731.0;-151.0
-533.0;-633.0;690.0;-464.0;422.0;725.0;-153.0
-526.0;-632.0;696.0;-467.0;421.0;716.0;-156.0
?;-629.0;706.0;-470.0;416.0;705.0;-161.0
-507.0;-623.0;718.0;-482.0;404.0;692.0;-170.0
-497.0;-614.0;732.0;?;385.0;678.0;-182.0
-486.0;-602.0;747.0;-494.0;360.0;665.0;?
-473.0;-590.0;762.0;?;336.0;651.0;-220.0
-458.0;-576.0;777.0;-495.0;313.0;638.0;-243.0
-440.0;-560.0;791.0;-499.0;289.0;623.0;-264.0
-421.0;-544.0;804.0;-505.0;262.0;605.0;-284.0
-400.0;-530.0;818.0;-508.0;?;586.0;-301.0
-377.0;-522.0;831.0;-507.0;204.0;568.0;-313.0
-356.0;-517.0;?;-505.0;173.0;552.0;-320.0
-337.0;-513.0;851.0;-502.0;146.0;536.0;-323.0
-321.0;-510.0;859.0;-497.0;124.0;523.0;-322.0
-307.0;-509.0;869.0;-489.0;112.0;514.0;-318.0
-297.0;-506.0;879.0;-482.0;108.0;507.0;-311.0
-288.0;-504.0;885.0;-470.0;106.0;502.0;-300.0
-282.0;?;889.0;-457.0;105.0;498.0;-287.0
-275.0;-499.0;893.0;-452.0;104.0;493.0;-276.0
-269.0;-500.0;896.0;-443.0;102.0;487.0;-267.0
-264.0;-498.0;900.0;-432.0;97.0;481.0;-260.0
-259.0;-497.0;906.0;-428.0;94.0;474.0;-257.0
-254.0;-500.0;911.0;-427.0;89.0;466.0;-256.0
-251.0;-498.0;915.0;-424.0;84.0;459.0;-256.0
-249.0;-494.0;918.0;-418.0;79.0;455.0;-258.0
-250.0;-492.0;918.0;-415.0;74.0;453.0;-261.0
-251.0;-490.0;917.0;?;70.0;452.0;?
-252.0;-487.0;913.0;-411.0;68.0;451.0;-267.0
-252.0;-485.0;911.0;-409.0;68.0;451.0;-271.0
-253.0;-485.0;910.0;-406.0;71.0;452.0;?
-254.0;-485.0;911.0;-407.0;73.0;451.0;-274.0
-255.0;-484.0;?;-408.0;74.0;?;-275.0
-255.0;-486.0;?;-412.0;75.0;451.0;-277.0
-256.0;-488.0;911.0;-421.0;75.0;451.0;-280.0
-258.0;-490.0;911.0;-427.0;76.0;451.0;-282.0
-258.0;-491.0;912.0;?;78.0;453.0;?
-260.0;-492.0;912.0;-428.0;80.0;455.0;-285.0
-261.0;-492.0;912.0;-428.0;83.0;456.0;-285.0
-261.0;-493.0;911.0;-430.0;84.0;?;-286.0
-260.0;-495.0;910.0;-433.0;?;458.0;-287.0
-260.0;-496.0;909.0;-437.0;83.0;458.0;-286.0
?;-497.0;908.0;-438.0;82.0;458.0;?
-261.0;-496.0;909.0;-440.0;80.0;458.0;-284.0
-263.0;-497.0;910.0;-442.0;81.0;458.0;-283.0
-264.0;-497.0;910.0;-442.0;81.0;459.0;-283.0
-266.0;-498.0;911.0;-444.0;81.0;460.0;?
-267.0;-497.0;910.0;-444.0;80.0;461.0;-282.0
-268.0;-497.0;910.0;-442.0;78.0;463.0;-282.0
-269.0;-497.0;910.0;-441.0;77.0;464.0;-283.0
-270.0;-496.0;909.0;-439.0;75.0;466.0;-282.0
-273.0;-496.0;908.0;-436.0;75.0;468.0;-281.0
-272.0;-495.0;908.0;-435.0;78.0;469.0;-281.0
-270.0;-495.0;?;-435.0;84.0;471.0;-283.0
-269.0;-493.0;905.0;-433.0;89.0;475.0;-287.0
-267.0;-489.0;901.0;-433.0;97.0;482.0;-295.0
?;-486.0;898.0;-432.0;108.0;493.0;-306.0
?;-482.0;895.0;-436.0;?;505.0;?
?;-477.0;891.0;-442.0;124.0;516.0;-337.0
-244.0;-468.0;886.0;-444.0;125.0;525.0;-355.0
-235.0;-458.0;884.0;-441.0;123.0;?;-373.0
-223.0;-452.0;886.0;-442.0;118.0;516.0;?
-209.0;-451.0;888.0;-444.0;110.0;498.0;-408.0
-194.0;-453.0;?;-450.0;100.0;478.0;-422.0
-181.0;-457.0;887.0;-457.0;88.0;462.0;-430.0
-170.0;-464.0;879.0;-470.0;74.0;450.0;-431.0
-165.0;-469.0;872.0;-480.0;67.0;441.0;?
-160.0;-478.0;868.0;-491.0;75.0;436.0;-426.0
-151.0;-489.0;866.0;-500.0;86.0;433.0;-424.0
-140.0;-495.0;867.0;-511.0;94.0;428.0;-427.0
-131.0;-501.0;871.0;-515.0;98.0;424.0;-430.0
-127.0;-507.0;874.0;-519.0;99.0;421.0;-433.0
-127.0;-511.0;878.0;-523.0;96.0;420.0;-435.0
-129.0;-515.0;884.0;-526.0;95.0;421.0;-435.0
-129.0;-517.0;?;-527.0;94.0;422.0;-434.0
-129.0;-521.0;888.0;-529.0;93.0;422.0;-432.0
-129.0;-523.0;887.0;-530.0;94.0;422.0;-430.0
-127.0;-526.0;887.0;-532.0;?;422.0;-429.0
-124.0;-527.0;887.0;-534.0;96.0;421.0;?
-122.0;-528.0;888.0;-535.0;98.0;421.0;-428.0
-120.0;-528.0;888.0;-535.0;101.0;422.0;-428.0
-118.0;-528.0;888.0;-534.0;102.0;424.0;-428.0
-117.0;-528.0;888.0;-535.0;103.0;424.0;-428.0
-117.0;-529.0;888.0;-536.0;104.0;424.0;-427.0
-116.0;-529.0;888.0;-537.0;105.0;424.0;-427.0
-115.0;-529.0;888.0;-536.0;107.0;424.0;-427.0
-114.0;-530.0;887.0;-536.0;108.0;424.0;-427.0
-114.0;-530.0;887.0;-536.0;109.0;424.0;-427.0
-114.0;-531.0;887.0;-536.0;109.0;425.0;-426.0
-114.0;-532.0;887.0;-536.0;108.0;425.0;-426.0
-114.0;-532.0;887.0;-537.0;109.0;425.0;-427.0
-114.0;-531.0;887.0;-537.0;109.0;425.0;-427.0
-113.0;-532.0;887.0;-537.0;109.0;425.0;-428.0
?;-532.0;887.0;-537.0;110.0;425.0;-428.0
-113.0;-532.0;887.0;-538.0;111.0;425.0;-428.0
-113.0;-531.0;887.0;-538.0;111.0;425.0;-429.0
-112.0;-530.0;888.0;-538.0;111.0;425.0;-430.0
-112.0;-530.0;888.0;?;111.0;425.0;-430.0
-112.0;-529.0;888.0;-538.0;110.0;425.0;-430.0
-112.0;-530.0;888.0;-538.0;?;426.0;-430.0
-112.0;-529.0;888.0;-538.0;111.0;426.0;-431.0
-112.0;-529.0;888.0;-539.0;111.0;426.0;-431.0
-112.0;-529.0;888.0;-539.0;110.0;426.0;-431.0
-112.0;-530.0;888.0;-540.0;110.0;426.0;-431.0
-112.0;-530.0;888.0;-540.0;109.0;427.0;-432.0
-112.0;?;888.0;-541.0;109.0;427.0;-432.0
-111.0;-530.0;888.0;-541.0;109.0;427.0;-433.0
-111.0;-530.0;888.0;-541.0;110.0;427.0;?
-111.0;-530.0;889.0;-542.0;110.0;428.0;-432.0
-111.0;-530.0;889.0;-541.0;?;428.0;-433.0
?;-530.0;888.0;-542.0;111.0;427.0;-433.0
-110.0;-530.0;888.0;?;112.0;427.0;-433.0
-110.0;-529.0;888.0;-541.0;111.0;428.0;-433.0
?;-530.0;888.0;-541.0;111.0;427.0;-433.0
-110.0;-530.0;888.0;-541.0;111.0;428.0;-433.0
-110.0;-530.0;888.0;-541.0;111.0;428.0;-433.0
-110.0;-530.0;889.0;-540.0;110.0;428.0;-434.0
-111.0;-530.0;889.0;-540.0;109.0;428.0;-433.0
-118.0;-529.0;889.0;-540.0;?;429.0;-433.0
-131.0;-529.0;888.0;-540.0;110.0;430.0;-433.0
-144.0;-529.0;889.0;-540.0;119.0;431.0;-433.0
-158.0;-528.0;888.0;-539.0;132.0;433.0;-432.0
-171.0;-528.0;889.0;-539.0;141.0;435.0;-430.0
-179.0;-528.0;895.0;-539.0;151.0;437.0;-428.0
-176.0;-529.0;905.0;-540.0;157.0;439.0;-427.0
-169.0;-531.0;913.0;-542.0;152.0;440.0;-425.0
-165.0;-534.0;921.0;-543.0;135.0;440.0;-424.0
-154.0;-537.0;932.0;-545.0;109.0;440.0;-423.0
?;-540.0;939.0;-548.0;85.0;440.0;-423.0
-112.0;-543.0;936.0;-549.0;69.0;441.0;-424.0
-90.0;-544.0;920.0;-552.0;56.0;441.0;-425.0
-73.0;-546.0;899.0;?;?;442.0;-427.0
-61.0;-548.0;889.0;-556.0;40.0;443.0;-430.0
-54.0;-549.0;?;-558.0;33.0;444.0;-433.0
-46.0;-547.0;896.0;-559.0;25.0;446.0;-435.0
-40.0;-546.0;894.0;-560.0;20.0;449.0;-435.0
-36.0;-542.0;884.0;-560.0;17.0;451.0;-436.0
-35.0;-539.0;881.0;-558.0;14.0;454.0;-437.0
-33.0;-535.0;?;-555.0;9.0;457.0;-439.0
-33.0;?;888.0;-552.0;2.0;461.0;-441.0
-31.0;-531.0;887.0;-550.0;-5.0;464.0;-442.0
-32.0;-531.0;888.0;-550.0;-12.0;464.0;-443.0
-35.0;-532.0;894.0;-550.0;?;463.0;?
-38.0;-531.0;896.0;-551.0;-17.0;461.0;-446.0
-40.0;-531.0;894.0;-551.0;-17.0;462.0;-447.0
-43.0;-530.0;894.0;-550.0;-17.0;462.0;-447.0
-50.0;-531.0;895.0;-549.0;-15.0;462.0;-446.0
-59.0;-531.0;895.0;-549.0;-9.0;460.0;-447.0
-70.0;-532.0;894.0;-549.0;1.0;459.0;-447.0
-87.0;?;895.0;-549.0;16.0;458.0;-447.0
-106.0;-534.0;?;-548.0;33.0;456.0;-447.0
-129.0;?;903.0;-548.0;53.0;454.0;-446.0
-156.0;-537.0;905.0;-549.0;73.0;452.0;-445.0
-182.0;-538.0;906.0;-549.0;96.0;450.0;?
-210.0;-538.0;900.0;-548.0;121.0;448.0;-443.0
-240.0;-539.0;892.0;-548.0;142.0;447.0;-441.0
-270.0;-540.0;881.0;-547.0;161.0;445.0;-439.0
-300.0;-540.0;868.0;-547.0;178.0;444.0;-437.0
-330.0;-541.0;856.0;-547.0;190.0;442.0;-435.0
-359.0;-542.0;844.0;-547.0;201.0;441.0;-433.0
-387.0;-542.0;830.0;-547.0;212.0;439.0;-432.0
-412.0;-541.0;815.0;-546.0;222.0;439.0;-430.0
-437.0;-541.0;800.0;-545.0;229.0;438.0;-428.0
-459.0;-540.0;787.0;-544.0;237.0;438.0;-426.0
-478.0;-540.0;775.0;-542.0;246.0;437.0;-424.0
-494.0;-540.0;764.0;-540.0;255.0;438.0;-422.0
-509.0;?;753.0;-538.0;265.0;438.0;-420.0
-522.0;-541.0;744.0;-537.0;276.0;438.0;-418.0
-532.0;-542.0;736.0;-536.0;286.0;437.0;-415.0
-539.0;?;731.0;-535.0;294.0;437.0;-414.0
-545.0;-545.0;727.0;-535.0;302.0;436.0;-411.0
-548.0;-546.0;724.0;-535.0;309.0;436.0;-410.0
-548.0;-548.0;723.0;-536.0;314.0;?;-408.0
-548.0;-550.0;722.0;-538.0;317.0;431.0;-406.0
-548.0;-551.0;722.0;-539.0;318.0;430.0;-405.0
-548.0;-553.0;?;-539.0;320.0;430.0;-404.0
-549.0;-554.0;722.0;-538.0;322.0;430.0;-402.0
-550.0;-554.0;721.0;-538.0;325.0;432.0;-400.0
-550.0;-555.0;720.0;?;329.0;433.0;-398.0
-550.0;-555.0;720.0;-536.0;331.0;?;-396.0
-550.0;-556.0;719.0;-536.0;334.0;?;-394.0
-549.0;-557.0;719.0;?;338.0;434.0;-392.0
-549.0;-557.0;719.0;-536.0;341.0;434.0;-391.0
-548.0;-558.0;718.0;?;344.0;434.0;-389.0
-547.0;-558.0;718.0;-536.0;347.0;434.0;-387.0
-547.0;-559.0;718.0;-536.0;349.0;435.0;-386.0
-547.0;-559.0;718.0;-536.0;352.0;435.0;-385.0
-545.0;-559.0;718.0;-536.0;354.0;435.0;-384.0
?;-560.0;718.0;-536.0;356.0;436.0;?
-544.0;-560.0;718.0;-536.0;357.0;436.0;-382.0
-544.0;-560.0;718.0;-536.0;359.0;436.0;-382.0
-543.0;-560.0;718.0;-536.0;361.0;437.0;-382.0
-543.0;-561.0;718.0;-536.0;364.0;437.0;-381.0
-542.0;-560.0;718.0;-536.0;367.0;438.0;-381.0
-541.0;-560.0;717.0;-536.0;?;438.0;-381.0
-541.0;-560.0;717.0;-536.0;371.0;437.0;-381.0
-541.0;-560.0;716.0;-536.0;374.0;?;-381.0
-540.0;-560.0;715.0;-536.0;377.0;438.0;-381.0
-540.0;?;715.0;-536.0;380.0;438.0;-382.0
-539.0;-560.0;714.0;-536.0;381.0;438.0;-382.0
-538.0;-560.0;714.0;-536.0;383.0;438.0;-383.0
-538.0;-560.0;714.0;-536.0;385.0;438.0;-383.0
?;-559.0;715.0;-536.0;388.0;438.0;-383.0
-536.0;?;714.0;-536.0;391.0;438.0;-384.0
-536.0;-559.0;714.0;-536.0;392.0;439.0;-384.0
-536.0;-558.0;713.0;-536.0;395.0;439.0;-385.0
-535.0;-558.0;711.0;-536.0;399.0;439.0;-385.0
-536.0;-558.0;709.0;-535.0;402.0;439.0;-386.0
-536.0;-558.0;708.0;-535.0;404.0;439.0;-386.0
-536.0;-558.0;707.0;?;406.0;439.0;-387.0
-536.0;-558.0;706.0;-535.0;407.0;439.0;-387.0
-536.0;-558.0;707.0;-536.0;406.0;439.0;-387.0
-536.0;-558.0;708.0;-536.0;404.0;438.0;-387.0
-536.0;-558.0;709.0;-536.0;402.0;438.0;-387.0
-536.0;-558.0;710.0;-536.0;398.0;439.0;-387.0
?;-558.0;712.0;-536.0;393.0;439.0;-387.0
-535.0;?;715.0;-536.0;387.0;439.0;-387.0
-534.0;-557.0;717.0;-536.0;381.0;439.0;-387.0
-533.0;-556.0;720.0;-536.0;374.0;438.0;?
-531.0;-556.0;723.0;-535.0;365.0;438.0;-389.0
-530.0;-554.0;727.0;-534.0;354.0;438.0;-389.0
?;-554.0;730.0;?;343.0;438.0;-390.0
-526.0;-553.0;733.0;-534.0;?;438.0;-391.0
?;-551.0;737.0;-534.0;320.0;?;-393.0
-517.0;-551.0;740.0;-534.0;309.0;438.0;-394.0
-510.0;-551.0;744.0;-535.0;298.0;439.0;-396.0
-500.0;-550.0;750.0;-535.0;286.0;439.0;-397.0
-490.0;-550.0;757.0;-535.0;273.0;439.0;-399.0
-477.0;?;766.0;-536.0;260.0;439.0;-401.0
-462.0;-549.0;776.0;?;245.0;440.0;-402.0
-445.0;-548.0;788.0;-538.0;228.0;441.0;-404.0
-425.0;-547.0;800.0;-539.0;210.0;442.0;-405.0
-403.0;-547.0;813.0;-540.0;194.0;443.0;-406.0
-379.0;-546.0;826.0;-541.0;?;444.0;-407.0
?;-545.0;839.0;-541.0;170.0;446.0;-408.0
-326.0;-544.0;848.0;-540.0;161.0;448.0;-408.0
-301.0;-542.0;856.0;-539.0;154.0;451.0;-409.0
-278.0;-541.0;863.0;-539.0;148.0;452.0;-409.0
-256.0;-540.0;867.0;-538.0;143.0;454.0;-409.0
-235.0;?;872.0;-539.0;?;454.0;-411.0
-215.0;-540.0;877.0;-539.0;129.0;455.0;-412.0
-197.0;-540.0;880.0;-540.0;116.0;456.0;-415.0
-180.0;-541.0;882.0;-542.0;101.0;455.0;-417.0
-161.0;-543.0;883.0;-544.0;86.0;455.0;-419.0
-142.0;-544.0;886.0;-545.0;72.0;455.0;-422.0
-124.0;?;891.0;-546.0;60.0;455.0;-425.0
-108.0;-544.0;895.0;-547.0;?;454.0;-428.0
-93.0;-544.0;897.0;-548.0;43.0;453.0;-432.0
-81.0;-543.0;892.0;-549.0;35.0;453.0;-435.0
-71.0;-542.0;887.0;-549.0;29.0;453.0;-438.0
-62.0;-540.0;887.0;-549.0;24.0;453.0;-441.0
-57.0;-539.0;?;-549.0;18.0;453.0;-443.0
-52.0;-537.0;886.0;-549.0;12.0;452.0;-446.0
-50.0;-535.0;885.0;-549.0;6.0;452.0;-448.0
-52.0;-533.0;886.0;-549.0;0.0;452.0;-450.0
-55.0;-531.0;887.0;-549.0;-4.0;452.0;-452.0
-57.0;-529.0;886.0;-548.0;-7.0;451.0;-453.0
-58.0;-527.0;886.0;-547.0;-11.0;450.0;-455.0
-58.0;-527.0;887.0;-547.0;-18.0;449.0;-456.0
-59.0;-526.0;890.0;-545.0;-21.0;448.0;-457.0
-60.0;-527.0;894.0;-544.0;-23.0;447.0;-458.0
-62.0;-527.0;895.0;-543.0;-24.0;?;-458.0
-63.0;-527.0;?;-542.0;-25.0;446.0;-458.0
-65.0;-527.0;899.0;-540.0;-26.0;444.0;-458.0
-66.0;-528.0;902.0;-539.0;-27.0;442.0;-457.0
-68.0;-529.0;902.0;-538.0;-27.0;441.0;-457.0
-71.0;-531.0;897.0;-537.0;-21.0;439.0;-456.0
-79.0;-532.0;887.0;-536.0;-12.0;437.0;-455.0
-97.0;-533.0;875.0;-535.0;1.0;436.0;-455.0
-124.0;-534.0;870.0;-534.0;15.0;435.0;-454.0
-159.0;?;871.0;-533.0;25.0;433.0;-455.0
-197.0;-530.0;877.0;-532.0;38.0;432.0;-454.0
-231.0;-528.0;884.0;-531.0;51.0;?;-456.0
-261.0;-527.0;885.0;?;62.0;429.0;-457.0
-283.0;?;?;-532.0;67.0;428.0;-459.0
-291.0;-523.0;871.0;-531.0;65.0;428.0;-460.0
-286.0;-519.0;868.0;-531.0;60.0;429.0;-462.0
-273.0;-516.0;868.0;-530.0;58.0;429.0;-463.0
-252.0;-514.0;?;-529.0;58.0;429.0;-465.0
-225.0;-513.0;867.0;-528.0;53.0;429.0;-465.0
?;-513.0;868.0;-528.0;63.0;?;-464.0
-201.0;-515.0;868.0;-529.0;85.0;427.0;-463.0
-191.0;-517.0;859.0;-531.0;101.0;424.0;-462.0
?;-520.0;854.0;-533.0;111.0;422.0;-461.0
-188.0;-523.0;857.0;-535.0;113.0;419.0;-460.0
-192.0;-527.0;863.0;-537.0;108.0;418.0;-458.0
-196.0;-529.0;869.0;-539.0;101.0;417.0;-456.0
?;-531.0;874.0;-539.0;96.0;417.0;-453.0
-198.0;-532.0;875.0;-539.0;94.0;417.0;-450.0
-197.0;-533.0;874.0;-539.0;93.0;417.0;-447.0
-194.0;-534.0;873.0;-539.0;94.0;417.0;-445.0
-191.0;-535.0;?;-539.0;96.0;417.0;-444.0
-188.0;-535.0;873.0;-539.0;99.0;417.0;-443.0
-186.0;-536.0;873.0;?;102.0;417.0;?
-183.0;-536.0;873.0;-540.0;104.0;417.0;-440.0
-182.0;-536.0;873.0;-539.0;104.0;417.0;-439.0
-182.0;-537.0;874.0;-539.0;104.0;417.0;-439.0
-182.0;-537.0;874.0;-539.0;103.0;417.0;-438.0
-182.0;-537.0;875.0;-539.0;102.0;417.0;-437.0
-181.0;-536.0;876.0;-539.0;102.0;418.0;?
-182.0;-533.0;876.0;-537.0;101.0;419.0;-432.0
-185.0;-532.0;876.0;-533.0;99.0;423.0;-430.0
-187.0;-530.0;?;-531.0;96.0;426.0;-427.0
-189.0;-530.0;879.0;-531.0;91.0;427.0;-426.0
-190.0;-530.0;880.0;-532.0;88.0;426.0;-425.0
-190.0;-531.0;880.0;-533.0;87.0;426.0;-424.0
-188.0;-533.0;880.0;-534.0;86.0;425.0;-424.0
-185.0;-535.0;881.0;-536.0;87.0;424.0;-424.0
-181.0;-537.0;881.0;-538.0;89.0;423.0;-425.0
-177.0;?;881.0;-539.0;92.0;423.0;-425.0
-174.0;?;881.0;-539.0;94.0;424.0;-425.0
-171.0;-539.0;881.0;-538.0;95.0;425.0;-424.0
-170.0;-539.0;?;-538.0;95.0;426.0;-424.0
-168.0;-540.0;882.0;-538.0;95.0;426.0;-424.0
-167.0;-540.0;882.0;-538.0;?;426.0;-423.0
-166.0;-541.0;882.0;-539.0;95.0;426.0;-424.0
-166.0;-541.0;882.0;-540.0;95.0;426.0;-424.0
-165.0;-542.0;882.0;-541.0;94.0;425.0;-424.0
-165.0;-543.0;882.0;-541.0;94.0;425.0;-424.0
-165.0;-543.0;882.0;-541.0;94.0;424.0;-425.0
-165.0;-543.0;?;-542.0;95.0;424.0;-425.0
-165.0;-543.0;882.0;-542.0;94.0;424.0;-425.0
-165.0;-543.0;882.0;-541.0;94.0;424.0;-426.0
?;-542.0;882.0;-541.0;94.0;424.0;-426.0
-164.0;-542.0;882.0;-542.0;94.0;424.0;-426.0
-163.0;?;882.0;-542.0;93.0;424.0;-425.0
-163.0;-536.0;883.0;-543.0;?;425.0;-421.0
-164.0;?;883.0;-541.0;93.0;428.0;-418.0
-167.0;-523.0;884.0;-535.0;94.0;433.0;-412.0
-174.0;-517.0;887.0;-532.0;98.0;443.0;-409.0
-184.0;-513.0;887.0;-528.0;106.0;455.0;-402.0
-197.0;-509.0;882.0;-515.0;114.0;475.0;-391.0
-213.0;-508.0;881.0;-501.0;122.0;496.0;?
-227.0;-509.0;884.0;-487.0;131.0;516.0;-357.0
?;-510.0;889.0;-473.0;140.0;532.0;-337.0
-248.0;-510.0;895.0;-457.0;?;545.0;-318.0
-254.0;-509.0;901.0;-441.0;145.0;?;-301.0
-260.0;-507.0;?;-427.0;140.0;559.0;-287.0
?;-505.0;915.0;-418.0;131.0;558.0;-279.0
-268.0;-502.0;920.0;-412.0;121.0;554.0;-273.0
-270.0;-497.0;923.0;-405.0;111.0;549.0;?
-271.0;-493.0;924.0;-397.0;101.0;544.0;-274.0
-272.0;-491.0;923.0;-396.0;92.0;539.0;-278.0
-274.0;-490.0;921.0;-393.0;85.0;537.0;-281.0
-273.0;-488.0;919.0;-392.0;80.0;535.0;-282.0
?;-486.0;913.0;-397.0;76.0;532.0;?
-274.0;-483.0;905.0;-394.0;70.0;531.0;-283.0
-278.0;-481.0;896.0;-395.0;66.0;529.0;-284.0
-280.0;-481.0;890.0;-406.0;63.0;524.0;-287.0
-281.0;-483.0;886.0;-416.0;62.0;519.0;-290.0
-282.0;-484.0;882.0;-424.0;60.0;515.0;-291.0
-283.0;-485.0;879.0;?;60.0;510.0;?
-286.0;-485.0;875.0;-439.0;62.0;507.0;-295.0
?;-486.0;872.0;-445.0;64.0;504.0;-297.0
-292.0;-487.0;870.0;-449.0;66.0;?;-298.0
?;-486.0;867.0;-453.0;?;501.0;-299.0
-300.0;-487.0;863.0;-458.0;69.0;?;-300.0
-302.0;-486.0;864.0;-460.0;72.0;497.0;-301.0
-302.0;-485.0;864.0;-462.0;75.0;496.0;-303.0
-301.0;-484.0;?;-460.0;75.0;495.0;-304.0
-300.0;-483.0;860.0;-460.0;76.0;495.0;-304.0
-298.0;-484.0;859.0;-461.0;77.0;496.0;-304.0
-295.0;-484.0;858.0;-461.0;77.0;?;-303.0
-294.0;-486.0;857.0;-460.0;76.0;496.0;-302.0
-295.0;-486.0;858.0;-459.0;74.0;496.0;-301.0
-295.0;-487.0;862.0;-457.0;74.0;495.0;-300.0
-294.0;-487.0;?;-453.0;?;495.0;-299.0
-295.0;-489.0;869.0;-454.0;71.0;493.0;-299.0
-294.0;-492.0;873.0;-458.0;69.0;?;-299.0
-294.0;-494.0;875.0;-462.0;66.0;490.0;-299.0
-296.0;-497.0;879.0;-465.0;64.0;489.0;-298.0
-297.0;-498.0;?;-468.0;64.0;488.0;-296.0
-299.0;-501.0;882.0;-473.0;65.0;487.0;-295.0
-299.0;-503.0;?;-480.0;66.0;484.0;-293.0
-299.0;-507.0;883.0;-491.0;67.0;480.0;-291.0
-301.0;-509.0;881.0;?;70.0;477.0;-290.0
-305.0;-512.0;878.0;-515.0;77.0;474.0;-290.0
?;-515.0;873.0;-524.0;86.0;475.0;-289.0
-317.0;?;869.0;-524.0;96.0;?;-287.0
-320.0;-516.0;867.0;-523.0;?;482.0;-284.0
-321.0;-519.0;867.0;-521.0;109.0;485.0;-281.0
-319.0;-521.0;870.0;?;109.0;486.0;-279.0
-317.0;-522.0;?;-521.0;111.0;485.0;-279.0
-319.0;-525.0;871.0;-524.0;115.0;485.0;-279.0
?;-527.0;870.0;-530.0;120.0;?;-280.0
-325.0;-528.0;869.0;-535.0;128.0;490.0;-281.0
-329.0;-530.0;?;-542.0;138.0;?;-282.0
-334.0;-534.0;866.0;-551.0;147.0;496.0;-283.0
-338.0;-537.0;863.0;-561.0;157.0;499.0;-284.0
-342.0;-540.0;861.0;-564.0;166.0;504.0;-286.0
-344.0;-542.0;859.0;-568.0;174.0;509.0;-287.0
-345.0;-544.0;856.0;-578.0;182.0;512.0;-289.0
-346.0;-547.0;854.0;-585.0;189.0;515.0;-290.0
?;-550.0;852.0;-588.0;?;520.0;-290.0
-345.0;-551.0;852.0;-590.0;193.0;524.0;-289.0
-341.0;-552.0;853.0;-589.0;192.0;527.0;-287.0
-337.0;-552.0;854.0;-587.0;187.0;529.0;-285.0
-334.0;-551.0;855.0;-584.0;182.0;529.0;-283.0
-332.0;-549.0;856.0;-586.0;178.0;526.0;-283.0
-330.0;-550.0;856.0;-590.0;174.0;522.0;-284.0
-329.0;?;857.0;-594.0;170.0;520.0;-285.0
-330.0;-551.0;857.0;-599.0;168.0;?;-286.0
-332.0;-551.0;855.0;-599.0;168.0;520.0;-287.0
-336.0;-552.0;850.0;-600.0;169.0;523.0;-288.0
-341.0;-554.0;?;-604.0;172.0;527.0;-288.0
-346.0;-557.0;839.0;-613.0;176.0;529.0;-289.0
-353.0;-559.0;833.0;-617.0;183.0;533.0;-290.0
-359.0;-560.0;827.0;-619.0;189.0;540.0;-291.0
-367.0;-563.0;822.0;-619.0;198.0;547.0;-291.0
-373.0;-565.0;818.0;-618.0;210.0;554.0;-291.0
-380.0;-567.0;816.0;-617.0;220.0;561.0;-290.0
-388.0;-569.0;813.0;-615.0;?;568.0;-288.0
-396.0;-571.0;811.0;-611.0;237.0;574.0;-286.0
-405.0;-573.0;808.0;-606.0;244.0;581.0;-285.0
-412.0;-576.0;804.0;-602.0;249.0;587.0;-283.0
-417.0;-580.0;802.0;-597.0;256.0;595.0;-281.0
-421.0;-584.0;799.0;-591.0;261.0;604.0;-278.0
-425.0;-587.0;795.0;-583.0;265.0;613.0;-274.0
-431.0;?;790.0;-576.0;270.0;623.0;-271.0
-437.0;-593.0;786.0;-569.0;276.0;633.0;-267.0
-446.0;-596.0;779.0;?;282.0;642.0;-264.0
-455.0;-600.0;772.0;-559.0;?;651.0;-261.0
-466.0;-605.0;765.0;-552.0;296.0;661.0;-258.0
-475.0;-609.0;757.0;-547.0;303.0;670.0;-255.0
-483.0;-613.0;751.0;-544.0;309.0;677.0;-252.0
-489.0;-617.0;746.0;-541.0;314.0;683.0;-249.0
-494.0;-619.0;742.0;-542.0;318.0;687.0;-246.0
-497.0;-621.0;739.0;-543.0;320.0;690.0;-244.0
-500.0;-624.0;736.0;-546.0;322.0;?;-243.0
-503.0;-627.0;732.0;-548.0;323.0;692.0;-246.0
-505.0;-629.0;729.0;-548.0;327.0;691.0;-248.0
-506.0;-631.0;727.0;-551.0;331.0;689.0;?
-508.0;-633.0;726.0;-551.0;332.0;687.0;-251.0
-511.0;-632.0;724.0;-547.0;330.0;686.0;-251.0
-513.0;-633.0;723.0;-543.0;328.0;685.0;-251.0
-515.0;-634.0;721.0;-540.0;?;684.0;-251.0
-515.0;-634.0;720.0;-535.0;330.0;685.0;-249.0
-516.0;-634.0;719.0;-530.0;330.0;688.0;-247.0
-517.0;-633.0;718.0;-526.0;331.0;691.0;-245.0
-518.0;-632.0;?;-524.0;331.0;692.0;-244.0
-516.0;-630.0;718.0;-525.0;332.0;691.0;-243.0
-515.0;-629.0;720.0;-528.0;331.0;690.0;-243.0
-514.0;-628.0;720.0;-528.0;330.0;?;-242.0
-514.0;-627.0;720.0;-529.0;329.0;688.0;-242.0
-513.0;-626.0;721.0;-531.0;?;686.0;-243.0
-512.0;-625.0;722.0;-532.0;328.0;685.0;-242.0
-511.0;-624.0;723.0;-532.0;328.0;684.0;-242.0
-511.0;-623.0;?;-533.0;327.0;683.0;?
-509.0;-621.0;724.0;-533.0;326.0;682.0;-242.0
-509.0;-621.0;725.0;-533.0;326.0;681.0;-243.0
-508.0;-620.0;725.0;-534.0;325.0;680.0;-243.0
-508.0;-619.0;725.0;-536.0;323.0;679.0;-245.0
-507.0;-618.0;726.0;-537.0;323.0;678.0;-245.0
-507.0;-618.0;726.0;-538.0;323.0;677.0;-246.0
-506.0;-617.0;?;-538.0;322.0;676.0;-246.0
-505.0;-616.0;726.0;-538.0;322.0;676.0;-246.0
-504.0;-616.0;726.0;-539.0;323.0;675.0;-246.0
-503.0;-616.0;726.0;-538.0;323.0;?;-245.0
-503.0;-615.0;726.0;-538.0;322.0;676.0;-244.0
-502.0;-615.0;726.0;-537.0;321.0;676.0;-244.0
-500.0;-614.0;727.0;-536.0;320.0;675.0;-244.0
-498.0;-614.0;729.0;-535.0;317.0;674.0;-244.0
-496.0;-614.0;730.0;-535.0;315.0;674.0;-243.0
-495.0;-614.0;731.0;-535.0;314.0;673.0;-243.0
-493.0;-614.0;732.0;?;311.0;672.0;-243.0
-492.0;-614.0;733.0;-534.0;309.0;672.0;-242.0
-491.0;-614.0;733.0;-532.0;308.0;673.0;-241.0
-490.0;-612.0;734.0;-533.0;?;673.0;-240.0
-488.0;-612.0;734.0;-533.0;?;674.0;-238.0
-487.0;-611.0;734.0;-532.0;307.0;676.0;-236.0
-487.0;-611.0;733.0;-531.0;310.0;677.0;-235.0
-487.0;-610.0;732.0;-532.0;312.0;678.0;-234.0
-488.0;-610.0;732.0;-534.0;314.0;679.0;-233.0
-488.0;-609.0;732.0;-533.0;314.0;679.0;-233.0
-488.0;-609.0;733.0;-534.0;314.0;679.0;-233.0
-487.0;-609.0;733.0;-539.0;314.0;677.0;-235.0
?;-609.0;734.0;-543.0;314.0;674.0;-237.0
-485.0;-610.0;735.0;-546.0;?;672.0;-238.0
-485.0;-610.0;736.0;-546.0;?;671.0;-238.0
-483.0;-610.0;737.0;-540.0;310.0;669.0;-239.0
-481.0;-608.0;739.0;-538.0;310.0;667.0;-239.0
-478.0;-607.0;741.0;-546.0;309.0;664.0;-240.0
-475.0;-605.0;744.0;?;309.0;658.0;-244.0
-471.0;-604.0;748.0;-552.0;308.0;650.0;-249.0
-463.0;-601.0;756.0;?;303.0;639.0;-256.0
-453.0;-595.0;?;-569.0;295.0;627.0;-266.0
-442.0;-583.0;777.0;-573.0;285.0;614.0;-282.0
-430.0;-569.0;789.0;-576.0;271.0;600.0;?
-416.0;-553.0;803.0;-577.0;254.0;582.0;-325.0
-403.0;-537.0;815.0;-577.0;230.0;?;-344.0
-387.0;-527.0;829.0;-576.0;205.0;546.0;-360.0
-370.0;-521.0;842.0;-570.0;182.0;529.0;-371.0
-354.0;-519.0;?;-566.0;164.0;514.0;-375.0
-340.0;-514.0;860.0;-564.0;149.0;501.0;?
-328.0;?;867.0;-557.0;143.0;494.0;-368.0
-319.0;-509.0;875.0;-538.0;144.0;494.0;-353.0
-309.0;-508.0;885.0;-518.0;147.0;497.0;-337.0
-299.0;-510.0;894.0;-506.0;151.0;501.0;-320.0
-290.0;-512.0;904.0;-495.0;153.0;504.0;-302.0
-279.0;-513.0;914.0;-484.0;150.0;504.0;-283.0
-271.0;-510.0;922.0;-478.0;142.0;502.0;-271.0
-264.0;-510.0;929.0;-469.0;136.0;500.0;-263.0
?;-508.0;936.0;-458.0;130.0;495.0;-254.0
-254.0;-505.0;943.0;-447.0;120.0;490.0;?
-249.0;-506.0;948.0;-442.0;111.0;485.0;-251.0
-246.0;-505.0;951.0;-447.0;100.0;479.0;-252.0
?;-504.0;953.0;-448.0;91.0;476.0;-254.0
-250.0;-501.0;950.0;-444.0;89.0;475.0;-257.0
-252.0;-498.0;949.0;?;88.0;476.0;-259.0
?;-496.0;948.0;-447.0;90.0;478.0;-261.0
-258.0;-494.0;948.0;-446.0;92.0;482.0;-261.0
-263.0;-493.0;947.0;-445.0;91.0;487.0;-261.0
-267.0;-494.0;947.0;-444.0;91.0;491.0;-261.0
-269.0;-494.0;947.0;-444.0;93.0;492.0;-262.0
-269.0;-494.0;947.0;-444.0;96.0;492.0;-264.0
-270.0;?;946.0;-446.0;98.0;491.0;-265.0
?;-495.0;945.0;-447.0;100.0;491.0;-266.0
-269.0;?;944.0;-447.0;?;493.0;-265.0
-268.0;-493.0;944.0;-447.0;107.0;495.0;-266.0
-268.0;-494.0;943.0;-449.0;111.0;497.0;-267.0
-265.0;-495.0;942.0;-451.0;112.0;499.0;-267.0
-263.0;-495.0;942.0;-452.0;112.0;500.0;-267.0
-260.0;-495.0;941.0;-453.0;110.0;501.0;-267.0
-257.0;-494.0;941.0;-453.0;107.0;502.0;-267.0
-254.0;-493.0;941.0;-453.0;103.0;502.0;?
-251.0;-491.0;941.0;-451.0;99.0;503.0;-266.0
-250.0;-491.0;941.0;-451.0;97.0;505.0;-266.0
-250.0;-490.0;939.0;-450.0;94.0;507.0;-264.0
-250.0;-489.0;936.0;?;?;509.0;-260.0
-248.0;-487.0;?;-447.0;93.0;510.0;-258.0
-247.0;-485.0;?;-444.0;95.0;512.0;-255.0
-246.0;-483.0;934.0;-443.0;95.0;512.0;-253.0
-247.0;-482.0;933.0;-443.0;95.0;514.0;-253.0
-247.0;-481.0;933.0;?;?;516.0;-252.0
-248.0;-481.0;932.0;-442.0;94.0;517.0;-252.0
-249.0;-481.0;932.0;-442.0;94.0;517.0;-251.0
-249.0;-480.0;931.0;-440.0;93.0;518.0;-250.0
-250.0;-479.0;?;-438.0;92.0;519.0;-249.0
-250.0;?;930.0;-435.0;92.0;520.0;-249.0
-249.0;-477.0;930.0;-431.0;93.0;522.0;-249.0
-247.0;-478.0;930.0;-431.0;93.0;521.0;-250.0
-247.0;-479.0;930.0;-429.0;93.0;521.0;-251.0
-246.0;-480.0;929.0;-428.0;?;519.0;-253.0
-246.0;-481.0;929.0;-429.0;95.0;516.0;-255.0
-245.0;-480.0;928.0;-429.0;96.0;?;-255.0
-244.0;-481.0;928.0;-429.0;98.0;512.0;-255.0
-244.0;-480.0;928.0;-424.0;101.0;513.0;-255.0
-243.0;-481.0;928.0;-422.0;100.0;514.0;-255.0
-242.0;-481.0;927.0;-418.0;100.0;?;-254.0
-242.0;-481.0;?;-416.0;99.0;518.0;-253.0
-244.0;-480.0;927.0;-416.0;98.0;519.0;-253.0
-245.0;?;927.0;-420.0;97.0;518.0;-253.0
-248.0;-482.0;927.0;-427.0;96.0;516.0;-253.0
-251.0;-482.0;928.0;-427.0;96.0;515.0;-253.0
-253.0;-483.0;929.0;-428.0;98.0;515.0;-253.0
-254.0;-483.0;?;-432.0;101.0;516.0;-255.0
?;-484.0;932.0;-439.0;105.0;518.0;-259.0
-253.0;-481.0;932.0;-444.0;111.0;522.0;-266.0
-251.0;-479.0;931.0;-448.0;116.0;528.0;-276.0
-247.0;-475.0;931.0;-454.0;121.0;535.0;-287.0
-242.0;-473.0;931.0;-462.0;125.0;540.0;-300.0
-234.0;-470.0;932.0;-468.0;128.0;543.0;-315.0
-226.0;-465.0;933.0;-470.0;129.0;541.0;-331.0
-219.0;-460.0;932.0;-470.0;128.0;536.0;-346.0
-210.0;-452.0;932.0;-464.0;129.0;530.0;-360.0
-200.0;-445.0;932.0;-462.0;129.0;?;-376.0
-191.0;-442.0;?;-465.0;130.0;504.0;-391.0
-179.0;-441.0;935.0;-468.0;131.0;492.0;-403.0
-169.0;-444.0;936.0;-470.0;132.0;482.0;-413.0
-159.0;?;936.0;-474.0;137.0;471.0;-422.0
-149.0;-460.0;936.0;-485.0;143.0;459.0;-429.0
-141.0;-472.0;935.0;-500.0;149.0;448.0;-434.0
-135.0;-485.0;933.0;-516.0;154.0;441.0;-434.0
-129.0;-492.0;930.0;-523.0;158.0;440.0;-432.0
-123.0;-495.0;927.0;-526.0;157.0;440.0;-431.0
-117.0;-496.0;926.0;-526.0;150.0;441.0;-432.0
-111.0;-497.0;924.0;-525.0;141.0;?;-434.0
-107.0;?;922.0;-526.0;132.0;440.0;-436.0
-104.0;-499.0;920.0;-528.0;125.0;440.0;-438.0
-101.0;-499.0;918.0;-529.0;121.0;439.0;-439.0
-98.0;-500.0;918.0;-528.0;118.0;439.0;-440.0
?;-502.0;921.0;-528.0;?;439.0;-441.0
-93.0;-505.0;923.0;-530.0;128.0;438.0;-442.0
-90.0;?;922.0;-533.0;130.0;437.0;-443.0
-86.0;-509.0;921.0;-536.0;130.0;435.0;-445.0
-85.0;-510.0;922.0;-538.0;128.0;434.0;?
-87.0;-511.0;923.0;-540.0;127.0;433.0;-449.0
-89.0;-511.0;925.0;-540.0;126.0;432.0;-451.0
-90.0;-510.0;925.0;-541.0;126.0;431.0;-453.0
-91.0;-510.0;925.0;?;128.0;431.0;-453.0
-92.0;-510.0;924.0;-540.0;130.0;430.0;-455.0
-91.0;-510.0;923.0;-540.0;?;430.0;-455.0
-90.0;-510.0;922.0;-540.0;135.0;429.0;-457.0
-89.0;-511.0;921.0;-541.0;137.0;428.0;-457.0
-88.0;-511.0;920.0;-541.0;139.0;427.0;-458.0
-88.0;-512.0;920.0;-541.0;?;427.0;-459.0
-88.0;-512.0;920.0;-541.0;141.0;427.0;-459.0
-88.0;-512.0;920.0;-541.0;142.0;427.0;-459.0
-88.0;-512.0;920.0;-541.0;141.0;427.0;-460.0
-89.0;-512.0;920.0;-540.0;141.0;427.0;-460.0
-89.0;-512.0;920.0;-541.0;140.0;428.0;-460.0
-90.0;-514.0;?;-541.0;139.0;427.0;-460.0
-91.0;-515.0;921.0;-542.0;138.0;?;-460.0
-93.0;-516.0;922.0;-543.0;138.0;426.0;-460.0
-94.0;-516.0;922.0;-544.0;136.0;427.0;-460.0
-97.0;-517.0;?;-544.0;134.0;428.0;-460.0
-100.0;-521.0;924.0;-545.0;131.0;428.0;-461.0
-104.0;-523.0;926.0;-546.0;126.0;428.0;-462.0
-106.0;-525.0;927.0;-546.0;122.0;429.0;-462.0
-108.0;-525.0;928.0;-546.0;119.0;429.0;-460.0
-108.0;-526.0;928.0;-546.0;117.0;430.0;-459.0
-107.0;-529.0;928.0;-547.0;115.0;430.0;-457.0
-106.0;-531.0;928.0;-549.0;114.0;431.0;-455.0
-103.0;-534.0;928.0;-552.0;115.0;430.0;-453.0
-100.0;?;928.0;-554.0;117.0;430.0;-451.0
-98.0;-537.0;?;-555.0;119.0;430.0;?
-96.0;-537.0;928.0;-555.0;120.0;431.0;-447.0
-95.0;-538.0;928.0;-555.0;121.0;432.0;-445.0
-95.0;-538.0;929.0;-555.0;121.0;433.0;-442.0
-95.0;-538.0;928.0;-555.0;122.0;434.0;?
-96.0;-539.0;929.0;-555.0;122.0;434.0;-439.0
-98.0;-540.0;929.0;-556.0;120.0;435.0;-437.0
-99.0;?;931.0;-557.0;118.0;436.0;-436.0
-100.0;-541.0;933.0;-557.0;116.0;436.0;-436.0
-101.0;-540.0;933.0;-557.0;115.0;436.0;-435.0
-104.0;-538.0;932.0;?;116.0;437.0;-434.0
-108.0;?;931.0;-552.0;118.0;437.0;?
?;-538.0;928.0;-551.0;124.0;437.0;-433.0
-126.0;-539.0;924.0;?;131.0;436.0;-432.0
-138.0;-540.0;921.0;-551.0;140.0;435.0;?
-147.0;-540.0;920.0;-550.0;?;436.0;-430.0
-153.0;-540.0;919.0;-549.0;160.0;436.0;-429.0
-155.0;-541.0;917.0;-550.0;?;435.0;-429.0
-155.0;-541.0;912.0;-549.0;152.0;435.0;-428.0
-149.0;-542.0;908.0;-549.0;137.0;435.0;-428.0
-135.0;-543.0;907.0;-549.0;121.0;434.0;-427.0
-115.0;-545.0;903.0;-550.0;106.0;?;-428.0
-95.0;-548.0;890.0;-551.0;95.0;433.0;-429.0
-85.0;-550.0;873.0;-551.0;88.0;433.0;-432.0
-78.0;-551.0;868.0;-551.0;85.0;433.0;-435.0
-74.0;-551.0;?;-551.0;78.0;433.0;-439.0
-70.0;-549.0;879.0;-549.0;67.0;435.0;-442.0
